  0
SECTION
  2
HEADER
  9
$ACADVER
  1
AC1032
  9
$ACADMAINTVER
 90
       55
  9
$DWGCODEPAGE
  3
ANSI_1252
  9
$LASTSAVEDBY
  1
bj-su
  9
$REQUIREDVERSIONS
160
                 0
  9
$INSBASE
 10
0.0
 20
0.0
 30
0.0
  9
$EXTMIN
 10
1825.160158348902
 20
1136.29106094422
 30
0.0
  9
$EXTMAX
 10
16071.68534642713
 20
3509.756199477804
 30
0.0
  9
$LIMMIN
 10
0.0
 20
0.0
  9
$LIMMAX
 10
12.0
 20
9.0
  9
$ORTHOMODE
 70
     0
  9
$REGENMODE
 70
     1
  9
$FILLMODE
 70
     1
  9
$QTEXTMODE
 70
     0
  9
$MIRRTEXT
 70
     0
  9
$LTSCALE
 40
1.0
  9
$ATTMODE
 70
     1
  9
$TEXTSIZE
 40
0.2
  9
$TRACEWID
 40
0.05
  9
$TEXTSTYLE
  7
Standard
  9
$CLAYER
  8
0
  9
$CELTYPE
  6
ByLayer
  9
$CECOLOR
 62
   256
  9
$CELTSCALE
 40
1.0
  9
$DISPSILH
 70
     0
  9
$DIMSCALE
 40
1.0
  9
$DIMASZ
 40
0.18
  9
$DIMEXO
 40
0.0625
  9
$DIMDLI
 40
0.38
  9
$DIMRND
 40
0.0
  9
$DIMDLE
 40
0.0
  9
$DIMEXE
 40
0.18
  9
$DIMTP
 40
0.0
  9
$DIMTM
 40
0.0
  9
$DIMTXT
 40
0.18
  9
$DIMCEN
 40
0.09
  9
$DIMTSZ
 40
0.0
  9
$DIMTOL
 70
     0
  9
$DIMLIM
 70
     0
  9
$DIMTIH
 70
     1
  9
$DIMTOH
 70
     1
  9
$DIMSE1
 70
     0
  9
$DIMSE2
 70
     0
  9
$DIMTAD
 70
     0
  9
$DIMZIN
 70
     0
  9
$DIMBLK
  1

  9
$DIMASO
 70
     1
  9
$DIMSHO
 70
     1
  9
$DIMPOST
  1

  9
$DIMAPOST
  1

  9
$DIMALT
 70
     0
  9
$DIMALTD
 70
     2
  9
$DIMALTF
 40
25.4
  9
$DIMLFAC
 40
1.0
  9
$DIMTOFL
 70
     0
  9
$DIMTVP
 40
0.0
  9
$DIMTIX
 70
     0
  9
$DIMSOXD
 70
     0
  9
$DIMSAH
 70
     0
  9
$DIMBLK1
  1

  9
$DIMBLK2
  1

  9
$DIMSTYLE
  2
Standard
  9
$DIMCLRD
 70
     0
  9
$DIMCLRE
 70
     0
  9
$DIMCLRT
 70
     0
  9
$DIMTFAC
 40
1.0
  9
$DIMGAP
 40
0.09
  9
$DIMJUST
 70
     0
  9
$DIMSD1
 70
     0
  9
$DIMSD2
 70
     0
  9
$DIMTOLJ
 70
     1
  9
$DIMTZIN
 70
     0
  9
$DIMALTZ
 70
     0
  9
$DIMALTTZ
 70
     0
  9
$DIMUPT
 70
     0
  9
$DIMDEC
 70
     4
  9
$DIMTDEC
 70
     4
  9
$DIMALTU
 70
     2
  9
$DIMALTTD
 70
     2
  9
$DIMTXSTY
  7
Standard
  9
$DIMAUNIT
 70
     0
  9
$DIMADEC
 70
     0
  9
$DIMALTRND
 40
0.0
  9
$DIMAZIN
 70
     0
  9
$DIMDSEP
 70
    46
  9
$DIMATFIT
 70
     3
  9
$DIMFRAC
 70
     0
  9
$DIMLDRBLK
  1

  9
$DIMLUNIT
 70
     2
  9
$DIMLWD
 70
    -2
  9
$DIMLWE
 70
    -2
  9
$DIMTMOVE
 70
     0
  9
$DIMFXL
 40
1.0
  9
$DIMFXLON
 70
     0
  9
$DIMJOGANG
 40
0.7853981633974483
  9
$DIMTFILL
 70
     0
  9
$DIMTFILLCLR
 70
     0
  9
$DIMARCSYM
 70
     0
  9
$DIMLTYPE
  6

  9
$DIMLTEX1
  6

  9
$DIMLTEX2
  6

  9
$DIMTXTDIRECTION
 70
     0
  9
$LUNITS
 70
     2
  9
$LUPREC
 70
     4
  9
$SKETCHINC
 40
0.1
  9
$FILLETRAD
 40
0.0
  9
$AUNITS
 70
     0
  9
$AUPREC
 70
     0
  9
$MENU
  1
.
  9
$ELEVATION
 40
0.0
  9
$PELEVATION
 40
0.0
  9
$THICKNESS
 40
0.0
  9
$LIMCHECK
 70
     0
  9
$CHAMFERA
 40
0.0
  9
$CHAMFERB
 40
0.0
  9
$CHAMFERC
 40
0.0
  9
$CHAMFERD
 40
0.0
  9
$SKPOLY
 70
     0
  9
$TDCREATE
 40
2461148.348263889
  9
$TDUCREATE
 40
2461147.931597222
  9
$TDUPDATE
 40
2461232.606650348
  9
$TDUUPDATE
 40
2461232.189983681
  9
$TDINDWG
 40
0.0
  9
$TDUSRTIMER
 40
0.0
  9
$USRTIMER
 70
     1
  9
$ANGBASE
 50
0.0
  9
$ANGDIR
 70
     0
  9
$PDMODE
 70
     0
  9
$PDSIZE
 40
0.0
  9
$PLINEWID
 40
0.0
  9
$SPLFRAME
 70
     0
  9
$SPLINETYPE
 70
     6
  9
$SPLINESEGS
 70
     8
  9
$HANDSEED
  5
6BF
  9
$SURFTAB1
 70
     6
  9
$SURFTAB2
 70
     6
  9
$SURFTYPE
 70
     6
  9
$SURFU
 70
     6
  9
$SURFV
 70
     6
  9
$UCSBASE
  2

  9
$UCSNAME
  2

  9
$UCSORG
 10
0.0
 20
0.0
 30
0.0
  9
$UCSXDIR
 10
1.0
 20
0.0
 30
0.0
  9
$UCSYDIR
 10
0.0
 20
1.0
 30
0.0
  9
$UCSORTHOREF
  2

  9
$UCSORTHOVIEW
 70
     0
  9
$UCSORGTOP
 10
0.0
 20
0.0
 30
0.0
  9
$UCSORGBOTTOM
 10
0.0
 20
0.0
 30
0.0
  9
$UCSORGLEFT
 10
0.0
 20
0.0
 30
0.0
  9
$UCSORGRIGHT
 10
0.0
 20
0.0
 30
0.0
  9
$UCSORGFRONT
 10
0.0
 20
0.0
 30
0.0
  9
$UCSORGBACK
 10
0.0
 20
0.0
 30
0.0
  9
$PUCSBASE
  2

  9
$PUCSNAME
  2

  9
$PUCSORG
 10
0.0
 20
0.0
 30
0.0
  9
$PUCSXDIR
 10
1.0
 20
0.0
 30
0.0
  9
$PUCSYDIR
 10
0.0
 20
1.0
 30
0.0
  9
$PUCSORTHOREF
  2

  9
$PUCSORTHOVIEW
 70
     0
  9
$PUCSORGTOP
 10
0.0
 20
0.0
 30
0.0
  9
$PUCSORGBOTTOM
 10
0.0
 20
0.0
 30
0.0
  9
$PUCSORGLEFT
 10
0.0
 20
0.0
 30
0.0
  9
$PUCSORGRIGHT
 10
0.0
 20
0.0
 30
0.0
  9
$PUCSORGFRONT
 10
0.0
 20
0.0
 30
0.0
  9
$PUCSORGBACK
 10
0.0
 20
0.0
 30
0.0
  9
$USERI1
 70
     0
  9
$USERI2
 70
     0
  9
$USERI3
 70
     0
  9
$USERI4
 70
     0
  9
$USERI5
 70
     0
  9
$USERR1
 40
0.0
  9
$USERR2
 40
0.0
  9
$USERR3
 40
0.0
  9
$USERR4
 40
0.0
  9
$USERR5
 40
0.0
  9
$WORLDVIEW
 70
     1
  9
$SHADEDGE
 70
     3
  9
$SHADEDIF
 70
    70
  9
$TILEMODE
 70
     0
  9
$MAXACTVP
 70
    64
  9
$PINSBASE
 10
0.0
 20
0.0
 30
0.0
  9
$PLIMCHECK
 70
     0
  9
$PEXTMIN
 10
63.99999999988461
 20
-71.28208733997137
 30
0.0
  9
$PEXTMAX
 10
352.7601570226806
 20
340.0000000000402
 30
0.0
  9
$PLIMMIN
 10
0.0
 20
0.0
  9
$PLIMMAX
 10
12.0
 20
9.0
  9
$UNITMODE
 70
     0
  9
$VISRETAIN
 70
     1
  9
$PLINEGEN
 70
     0
  9
$PSLTSCALE
 70
     1
  9
$TREEDEPTH
 70
  3020
  9
$CMLSTYLE
  2
Standard
  9
$CMLJUST
 70
     0
  9
$CMLSCALE
 40
1.0
  9
$PROXYGRAPHICS
 70
     1
  9
$MEASUREMENT
 70
     1
  9
$CELWEIGHT
370
    -1
  9
$ENDCAPS
280
     0
  9
$JOINSTYLE
280
     0
  9
$LWDISPLAY
290
     0
  9
$INSUNITS
 70
     4
  9
$HYPERLINKBASE
  1

  9
$STYLESHEET
  1

  9
$XEDIT
290
     1
  9
$CEPSNTYPE
380
     0
  9
$PSTYLEMODE
290
     1
  9
$FINGERPRINTGUID
  2
{D2EDC23B-7569-3247-82B9-1F19F8933D2D}
  9
$VERSIONGUID
  2
{BAFBF533-EC5D-054B-ACBB-0B7F9CDEDCAB}
  9
$EXTNAMES
290
     1
  9
$PSVPSCALE
 40
0.0
  9
$OLESTARTUP
290
     0
  9
$SORTENTS
280
   127
  9
$INDEXCTL
280
     0
  9
$HIDETEXT
280
     1
  9
$XCLIPFRAME
280
     2
  9
$HALOGAP
280
     0
  9
$OBSCOLOR
 70
   257
  9
$OBSLTYPE
280
     0
  9
$INTERSECTIONDISPLAY
280
     0
  9
$INTERSECTIONCOLOR
 70
   257
  9
$DIMASSOC
280
     2
  9
$PROJECTNAME
  1

  9
$CAMERADISPLAY
290
     0
  9
$LENSLENGTH
 40
50.0
  9
$CAMERAHEIGHT
 40
0.0
  9
$STEPSPERSEC
 40
2.0
  9
$STEPSIZE
 40
6.0
  9
$3DDWFPREC
 40
2.0
  9
$PSOLWIDTH
 40
0.25
  9
$PSOLHEIGHT
 40
4.0
  9
$LOFTANG1
 40
1.570796326794897
  9
$LOFTANG2
 40
1.570796326794897
  9
$LOFTMAG1
 40
0.0
  9
$LOFTMAG2
 40
0.0
  9
$LOFTPARAM
 70
     7
  9
$LOFTNORMALS
280
     1
  9
$LATITUDE
 40
0.0
  9
$LONGITUDE
 40
0.0
  9
$NORTHDIRECTION
 40
0.0
  9
$TIMEZONE
 70
     0
  9
$LIGHTGLYPHDISPLAY
280
     1
  9
$TILEMODELIGHTSYNCH
280
     1
  9
$CMATERIAL
347
11
  9
$SOLIDHIST
280
     0
  9
$SHOWHIST
280
     1
  9
$DWFFRAME
280
     2
  9
$DGNFRAME
280
     0
  9
$REALWORLDSCALE
290
     1
  9
$INTERFERECOLOR
 62
     1
  9
$CSHADOW
280
     0
  9
$SHADOWPLANELOCATION
 40
0.0
  0
ENDSEC
  0
SECTION
  2
CLASSES
  0
CLASS
  1
ACDBDICTIONARYWDFLT
  2
AcDbDictionaryWithDefault
  3
ObjectDBX Classes
 90
        0
 91
        3
280
     0
281
     0
  0
CLASS
  1
MATERIAL
  2
AcDbMaterial
  3
ObjectDBX Classes
 90
     1153
 91
        3
280
     0
281
     0
  0
CLASS
  1
VISUALSTYLE
  2
AcDbVisualStyle
  3
ObjectDBX Classes
 90
     4095
 91
        3
280
     0
281
     0
  0
CLASS
  1
SCALE
  2
AcDbScale
  3
ObjectDBX Classes
 90
     1153
 91
        3
280
     0
281
     0
  0
CLASS
  1
TABLESTYLE
  2
AcDbTableStyle
  3
ObjectDBX Classes
 90
     4095
 91
        3
280
     0
281
     0
  0
CLASS
  1
MLEADERSTYLE
  2
AcDbMLeaderStyle
  3
ACDB_MLEADERSTYLE_CLASS
 90
     4095
 91
        3
280
     0
281
     0
  0
CLASS
  1
ACDBSECTIONVIEWSTYLE
  2
AcDbSectionViewStyle
  3
ObjectDBX Classes
 90
     1025
 91
        3
280
     0
281
     0
  0
CLASS
  1
ACDBDETAILVIEWSTYLE
  2
AcDbDetailViewStyle
  3
ObjectDBX Classes
 90
     1025
 91
        3
280
     0
281
     0
  0
CLASS
  1
RASTERVARIABLES
  2
AcDbRasterVariables
  3
ISM
 90
        0
 91
        3
280
     0
281
     0
  0
CLASS
  1
DICTIONARYVAR
  2
AcDbDictionaryVar
  3
ObjectDBX Classes
 90
        0
 91
        3
280
     0
281
     0
  0
CLASS
  1
SUN
  2
AcDbSun
  3
SCENEOE
 90
     1153
 91
        3
280
     0
281
     0
  0
CLASS
  1
IMAGEDEF
  2
AcDbRasterImageDef
  3
ISM
 90
        0
 91
        3
280
     0
281
     0
  0
CLASS
  1
IMAGE
  2
AcDbRasterImage
  3
ISM
 90
      127
 91
        4
280
     0
281
     1
  0
CLASS
  1
IMAGEDEF_REACTOR
  2
AcDbRasterImageDefReactor
  3
ISM
 90
        1
 91
        3
280
     0
281
     0
  0
CLASS
  1
SORTENTSTABLE
  2
AcDbSortentsTable
  3
ObjectDBX Classes
 90
        0
 91
        3
280
     0
281
     0
  0
CLASS
  1
CELLSTYLEMAP
  2
AcDbCellStyleMap
  3
ObjectDBX Classes
 90
     1152
 91
        3
280
     0
281
     0
  0
ENDSEC
  0
SECTION
  2
TABLES
  0
TABLE
  2
VPORT
  5
8
330
0
100
AcDbSymbolTable
 70
     1
  0
VPORT
  5
57
330
8
100
AcDbSymbolTableRecord
100
AcDbViewportTableRecord
  2
*Active
 70
     0
 10
0.0
 20
0.0
 11
1.0
 21
1.0
 12
8948.422752388018
 22
2323.023630211012
 13
0.0
 23
0.0
 14
1.0
 24
1.0
 15
0.0
 25
0.0
 16
0.0
 26
0.0
 36
1.0
 17
0.0
 27
0.0
 37
0.0
 40
2373.465138533584
 41
6.002416027429108
 42
50.0
 43
0.0
 44
0.0
 50
0.0
 51
0.0
 71
     0
 72
  1000
 73
     1
 74
     1
 75
     0
 76
     0
 77
     0
 78
     0
281
     0
 65
     1
110
0.0
120
0.0
130
0.0
111
1.0
121
0.0
131
0.0
112
0.0
122
1.0
132
0.0
 79
     0
146
0.0
348
2F
 60
     3
 61
     5
292
     1
282
     1
141
0.0
142
0.0
 63
   250
421
  3355443
361
6B4
  0
ENDTAB
  0
TABLE
  2
LTYPE
  5
5
330
0
100
AcDbSymbolTable
 70
     3
  0
LTYPE
  5
5B
330
5
100
AcDbSymbolTableRecord
100
AcDbLinetypeTableRecord
  2
ByBlock
 70
     0
  3

 72
    65
 73
     0
 40
0.0
  0
LTYPE
  5
5C
330
5
100
AcDbSymbolTableRecord
100
AcDbLinetypeTableRecord
  2
ByLayer
 70
     0
  3

 72
    65
 73
     0
 40
0.0
  0
LTYPE
  5
5D
330
5
100
AcDbSymbolTableRecord
100
AcDbLinetypeTableRecord
  2
Continuous
 70
     0
  3
Solid line
 72
    65
 73
     0
 40
0.0
  0
LTYPE
  5
1CA
330
5
100
AcDbSymbolTableRecord
100
AcDbLinetypeTableRecord
  2
Dash 1_16_
 70
     0
  3

 72
    65
 73
     2
 40
3.175
 49
1.5875
 74
     0
 49
-1.5875
 74
     0
  0
LTYPE
  5
1CB
330
5
100
AcDbSymbolTableRecord
100
AcDbLinetypeTableRecord
  2
Dash - Tight
 70
     0
  3

 72
    65
 73
     2
 40
4.499999999999999
 49
3.0
 74
     0
 49
-1.5
 74
     0
  0
ENDTAB
  0
TABLE
  2
LAYER
  5
2
330
0
100
AcDbSymbolTable
 70
    14
  0
LAYER
  5
54
330
2
100
AcDbSymbolTableRecord
100
AcDbLayerTableRecord
  2
0
 70
     0
 62
     7
  6
Continuous
370
    -3
390
F
347
21
348
0
  0
LAYER
  5
86
330
2
100
AcDbSymbolTableRecord
100
AcDbLayerTableRecord
  2
A-DETL-GENF
 70
     0
 62
    92
  6
Continuous
370
    18
390
F
347
21
348
0
  0
LAYER
  5
87
330
2
100
AcDbSymbolTableRecord
100
AcDbLayerTableRecord
  2
A-DETL
 70
     0
 62
    90
  6
Continuous
370
    18
390
F
347
21
348
0
  0
LAYER
  5
32E
330
2
100
AcDbSymbolTableRecord
100
AcDbLayerTableRecord
  2
A-DETL-THIN
 70
     0
 62
   151
  6
Continuous
370
    18
390
F
347
21
348
0
  0
LAYER
  5
48F
330
2
100
AcDbSymbolTableRecord
100
AcDbLayerTableRecord
  2
A-DETL-WIDE
 70
     0
 62
   214
  6
Continuous
370
    70
390
F
347
21
348
0
  0
LAYER
  5
4BA
330
2
100
AcDbSymbolTableRecord
100
AcDbLayerTableRecord
  2
G-ANNO-TEXT
 70
     0
 62
   231
  6
Continuous
370
     9
390
F
347
21
348
0
  0
LAYER
  5
51A
330
2
100
AcDbSymbolTableRecord
100
AcDbLayerTableRecord
  2
A-ANNO-DIMS
 70
     0
 62
   211
  6
Continuous
370
     9
390
F
347
21
348
0
  0
LAYER
  5
51C
330
2
100
AcDbSymbolTableRecord
100
AcDbLayerTableRecord
  2
A-ANNO-DIMS-20
 70
     0
 62
   211
  6
Continuous
370
     9
390
F
347
21
348
0
  0
LAYER
  5
530
330
2
100
AcDbSymbolTableRecord
100
AcDbLayerTableRecord
  2
Defpoints
 70
     0
 62
     7
  6
Continuous
290
     0
370
    -3
390
F
347
21
348
0
  0
LAYER
  5
5E4
330
2
100
AcDbSymbolTableRecord
100
AcDbLayerTableRecord
  2
A-ANNO-DIMS-25
 70
     0
 62
   211
  6
Continuous
370
     9
390
F
347
21
348
0
  0
LAYER
  5
63B
330
2
100
AcDbSymbolTableRecord
100
AcDbLayerTableRecord
  2
G-ANNO-NPLT
 70
     0
 62
   191
  6
Continuous
290
     0
370
    -3
390
F
347
21
348
0
  0
LAYER
  5
649
330
2
100
AcDbSymbolTableRecord
100
AcDbLayerTableRecord
  2
G-ANNO-TTLB
 70
     0
 62
     6
  6
Continuous
370
     9
390
F
347
21
348
0
  0
LAYER
  5
665
330
2
100
AcDbSymbolTableRecord
100
AcDbLayerTableRecord
  2
G-ANNO-TTLB-THIN
 70
     0
 62
   151
  6
Continuous
370
     9
390
F
347
21
348
0
  0
LAYER
  5
697
330
2
100
AcDbSymbolTableRecord
100
AcDbLayerTableRecord
  2
G-ANNO-SCHD
 70
     0
 62
   231
  6
Continuous
370
     9
390
F
347
21
348
0
  0
ENDTAB
  0
TABLE
  2
STYLE
  5
3
330
0
100
AcDbSymbolTable
 70
    15
  0
STYLE
  5
55
330
3
100
AcDbSymbolTableRecord
100
AcDbTextStyleTableRecord
  2
Standard
 70
     0
 40
0.0
 41
1.0
 50
0.0
 71
     0
 42
0.2
  3
txt
  4

  0
STYLE
  5
5A
330
3
100
AcDbSymbolTableRecord
100
AcDbTextStyleTableRecord
  2
Annotative
 70
     0
 40
0.0
 41
1.0
 50
0.0
 71
     0
 42
0.2
  3
txt
  4

1001
AcadAnnotative
1000
AnnotativeData
1002
{
1070
     1
1070
     1
1002
}
  0
STYLE
  5
4C1
330
3
100
AcDbSymbolTableRecord
100
AcDbTextStyleTableRecord
  2
Calibri
 70
     0
 40
25.0
 41
1.0
 50
0.0
 71
     0
 42
0.2
  3
calibri.ttf
  4

1001
ACAD
1000
Calibri
1071
       34
  0
STYLE
  5
4FE
330
3
100
AcDbSymbolTableRecord
100
AcDbTextStyleTableRecord
  2
Calibri_1
 70
     0
 40
30.0
 41
1.0
 50
0.0
 71
     0
 42
0.2
  3
calibri.ttf
  4

1001
ACAD
1000
Calibri
1071
       34
  0
STYLE
  5
5EE
330
3
100
AcDbSymbolTableRecord
100
AcDbTextStyleTableRecord
  2
Calibri_2
 70
     0
 40
62.50000000000001
 41
1.0
 50
0.0
 71
     0
 42
0.2
  3
calibri.ttf
  4

1001
ACAD
1000
Calibri
1071
       34
  0
STYLE
  5
620
330
3
100
AcDbSymbolTableRecord
100
AcDbTextStyleTableRecord
  2
Calibri_3
 70
     0
 40
37.5
 41
1.0
 50
0.0
 71
     0
 42
0.2
  3
calibri.ttf
  4

1001
ACAD
1000
Calibri
1071
       34
  0
STYLE
  5
66B
330
3
100
AcDbSymbolTableRecord
100
AcDbTextStyleTableRecord
  2
Calibri_B
 70
     0
 40
2.5
 41
1.0
 50
0.0
 71
     0
 42
0.2
  3
calibrib.ttf
  4

1001
ACAD
1000
Calibri
1071
 33554466
  0
STYLE
  5
670
330
3
100
AcDbSymbolTableRecord
100
AcDbTextStyleTableRecord
  2
Calibri_4
 70
     0
 40
2.0
 41
1.0
 50
0.0
 71
     0
 42
0.2
  3
calibri.ttf
  4

1001
ACAD
1000
Calibri
1071
       34
  0
STYLE
  5
672
330
3
100
AcDbSymbolTableRecord
100
AcDbTextStyleTableRecord
  2
Calibri_B_1
 70
     0
 40
2.0
 41
1.0
 50
0.0
 71
     0
 42
0.2
  3
calibrib.ttf
  4

1001
ACAD
1000
Calibri
1071
 33554466
  0
STYLE
  5
676
330
3
100
AcDbSymbolTableRecord
100
AcDbTextStyleTableRecord
  2
Arial
 70
     0
 40
2.5
 41
1.0
 50
0.0
 71
     0
 42
0.2
  3
arial.ttf
  4

1001
ACAD
1000
Arial
1071
       34
  0
STYLE
  5
681
330
3
100
AcDbSymbolTableRecord
100
AcDbTextStyleTableRecord
  2
Calibri_5
 70
     0
 40
3.0
 41
1.0
 50
0.0
 71
     0
 42
0.2
  3
calibri.ttf
  4

1001
ACAD
1000
Calibri
1071
       34
  0
STYLE
  5
684
330
3
100
AcDbSymbolTableRecord
100
AcDbTextStyleTableRecord
  2
Calibri_6
 70
     0
 40
3.5
 41
1.0
 50
0.0
 71
     0
 42
0.2
  3
calibri.ttf
  4

1001
ACAD
1000
Calibri
1071
       34
  0
STYLE
  5
686
330
3
100
AcDbSymbolTableRecord
100
AcDbTextStyleTableRecord
  2
Calibri_7
 70
     0
 40
2.5
 41
1.0
 50
0.0
 71
     0
 42
0.2
  3
calibri.ttf
  4

1001
ACAD
1000
Calibri
1071
       34
  0
STYLE
  5
68D
330
3
100
AcDbSymbolTableRecord
100
AcDbTextStyleTableRecord
  2
Arial_1
 70
     0
 40
4.0
 41
1.0
 50
0.0
 71
     0
 42
0.2
  3
arial.ttf
  4

1001
ACAD
1000
Arial
1071
       34
  0
STYLE
  5
698
330
3
100
AcDbSymbolTableRecord
100
AcDbTextStyleTableRecord
  2
Calibri_8
 70
     0
 40
1.5
 41
1.0
 50
0.0
 71
     0
 42
0.2
  3
calibri.ttf
  4

1001
ACAD
1000
Calibri
1071
       34
  0
ENDTAB
  0
TABLE
  2
VIEW
  5
6
330
0
100
AcDbSymbolTable
 70
     0
  0
ENDTAB
  0
TABLE
  2
UCS
  5
7
330
0
100
AcDbSymbolTable
 70
     0
  0
ENDTAB
  0
TABLE
  2
APPID
  5
9
330
0
100
AcDbSymbolTable
 70
     4
  0
APPID
  5
56
330
9
100
AcDbSymbolTableRecord
100
AcDbRegAppTableRecord
  2
ACAD
 70
     0
  0
APPID
  5
5E
330
9
100
AcDbSymbolTableRecord
100
AcDbRegAppTableRecord
  2
AcadAnnotative
 70
     0
  0
APPID
  5
78
330
9
100
AcDbSymbolTableRecord
100
AcDbRegAppTableRecord
  2
REVIT
 70
     0
  0
APPID
  5
B3
330
9
100
AcDbSymbolTableRecord
100
AcDbRegAppTableRecord
  2
HATCHBACKGROUNDCOLOR
 70
     0
  0
ENDTAB
  0
TABLE
  2
DIMSTYLE
  5
A
330
0
100
AcDbSymbolTable
 70
     5
100
AcDbDimStyleTable
  0
DIMSTYLE
105
58
330
A
100
AcDbSymbolTableRecord
100
AcDbDimStyleTableRecord
  2
Standard
 70
     0
178
     0
340
55
  0
DIMSTYLE
105
59
330
A
100
AcDbSymbolTableRecord
100
AcDbDimStyleTableRecord
  2
Annotative
 70
     0
178
     0
340
55
1001
AcadAnnotative
1000
AnnotativeData
1002
{
1070
     1
1070
     1
1002
}
  0
DIMSTYLE
105
529
102
{ACAD_REACTORS
330
52E
102
}
330
A
100
AcDbSymbolTableRecord
100
AcDbDimStyleTableRecord
  2
Diagonal_-_1_5mm_Calibri
 70
     0
  3
<>
 40
304.8
 41
0.0984251968503937
 44
0.0984251968503937
 46
0.0656167979002625
 49
0.0984251968503937
 69
     1
 70
     0
 90
        2
290
     1
 73
     0
 74
     0
 77
     1
140
35.32045271514036
145
1.0
147
0.0656167979002625
172
     1
173
     1
174
     1
178
     0
179
     2
271
     0
340
4FE
343
52A
344
52A
  0
DIMSTYLE
105
5D5
102
{ACAD_REACTORS
330
5D6
102
}
330
A
100
AcDbSymbolTableRecord
100
AcDbDimStyleTableRecord
  2
1_5mm_Calibrii
 70
     0
  3
<>
 40
304.8
 41
0.0984251968503937
 44
0.0656167979002625
 46
0.0656167979002625
 49
0.1968503937007874
 90
        2
290
     1
 73
     0
 74
     0
 77
     1
140
35.32045271514036
145
1.0
147
0.0
172
     1
173
     1
174
     1
178
     0
179
     2
271
     0
340
4FE
343
52A
344
52A
  0
DIMSTYLE
105
5F2
102
{ACAD_REACTORS
330
5F3
102
}
330
A
100
AcDbSymbolTableRecord
100
AcDbDimStyleTableRecord
  2
2_5mm_CALIBRI
 70
     0
  3
<>
 40
304.8
 41
0.1230314960629921
 44
0.1230314960629921
 46
0.0820209973753281
 49
0.4101049868766404
 90
        2
290
     1
 73
     0
 74
     0
 77
     1
140
73.58427648987576
145
1.0
147
0.0
172
     1
173
     1
174
     1
178
     0
179
     2
271
     0
340
5EE
343
52A
344
52A
  0
ENDTAB
  0
TABLE
  2
BLOCK_RECORD
  5
1
330
0
100
AcDbSymbolTable
 70
    11
  0
BLOCK_RECORD
  5
70
102
{ACAD_XDICTIONARY
360
6B2
102
}
330
1
100
AcDbSymbolTableRecord
100
AcDbBlockTableRecord
  2
*Model_Space
340
73
 70
     0
280
     1
281
     0
  0
BLOCK_RECORD
  5
6C
330
1
100
AcDbSymbolTableRecord
100
AcDbBlockTableRecord
  2
*Paper_Space
340
6F
 70
     0
280
     1
281
     0
  0
BLOCK_RECORD
  5
74
330
1
100
AcDbSymbolTableRecord
100
AcDbBlockTableRecord
  2
*Paper_Space0
340
77
 70
     0
280
     1
281
     0
  0
BLOCK_RECORD
  5
52A
330
1
100
AcDbSymbolTableRecord
100
AcDbBlockTableRecord
  2
_Oblique
340
0
 70
     0
280
     1
281
     0
  0
BLOCK_RECORD
  5
531
330
1
100
AcDbSymbolTableRecord
100
AcDbBlockTableRecord
  2
DIMBLOCK1-D1 - GARAGE DOOR DETAIL
340
0
 70
     0
280
     1
281
     0
  0
BLOCK_RECORD
  5
54B
330
1
100
AcDbSymbolTableRecord
100
AcDbBlockTableRecord
  2
DIMBLOCK2-D1 - GARAGE DOOR DETAIL
340
0
 70
     0
280
     1
281
     0
  0
BLOCK_RECORD
  5
565
330
1
100
AcDbSymbolTableRecord
100
AcDbBlockTableRecord
  2
DIMBLOCK3-D1 - GARAGE DOOR DETAIL
340
0
 70
     0
280
     1
281
     0
  0
BLOCK_RECORD
  5
57F
330
1
100
AcDbSymbolTableRecord
100
AcDbBlockTableRecord
  2
DIMBLOCK4-D1 - GARAGE DOOR DETAIL
340
0
 70
     0
280
     1
281
     0
  0
BLOCK_RECORD
  5
599
330
1
100
AcDbSymbolTableRecord
100
AcDbBlockTableRecord
  2
DIMBLOCK5-D1 - GARAGE DOOR DETAIL
340
0
 70
     0
280
     1
281
     0
  0
BLOCK_RECORD
  5
5D7
330
1
100
AcDbSymbolTableRecord
100
AcDbBlockTableRecord
  2
DIMBLOCK6-D3 - BOX GUTTER 2
340
0
 70
     0
280
     1
281
     0
  0
BLOCK_RECORD
  5
5F4
330
1
100
AcDbSymbolTableRecord
100
AcDbBlockTableRecord
  2
DIMBLOCK7-D4 - TOP PLATE STRENGTHENING
340
0
 70
     0
280
     1
281
     0
  0
BLOCK_RECORD
  5
60E
330
1
100
AcDbSymbolTableRecord
100
AcDbBlockTableRecord
  2
DIMBLOCK8-D4 - TOP PLATE STRENGTHENING
340
0
 70
     0
280
     1
281
     0
  0
BLOCK_RECORD
  5
64A
330
1
100
AcDbSymbolTableRecord
100
AcDbBlockTableRecord
  2
HH Titleblock Portrait - No Nth Point - HH Titleblock Portrait-2104536-Details
340
0
102
{BLKREFS
331
67F
102
}
 70
     0
280
     1
281
     0
  0
ENDTAB
  0
ENDSEC
  0
SECTION
  2
BLOCKS
  0
BLOCK
  5
71
330
70
100
AcDbEntity
  8
0
100
AcDbBlockBegin
  2
*Model_Space
 70
     0
 10
0.0
 20
0.0
 30
0.0
  3
*Model_Space
  1

  0
ENDBLK
  5
72
330
70
100
AcDbEntity
  8
0
100
AcDbBlockEnd
  0
BLOCK
  5
6D
330
6C
100
AcDbEntity
 67
     1
  8
0
100
AcDbBlockBegin
  2
*Paper_Space
 70
     0
 10
0.0
 20
0.0
 30
0.0
  3
*Paper_Space
  1

  0
ENDBLK
  5
6E
330
6C
100
AcDbEntity
 67
     1
  8
0
100
AcDbBlockEnd
  0
BLOCK
  5
75
330
74
100
AcDbEntity
  8
0
100
AcDbBlockBegin
  2
*Paper_Space0
 70
     0
 10
0.0
 20
0.0
 30
0.0
  3
*Paper_Space0
  1

  0
ENDBLK
  5
76
330
74
100
AcDbEntity
  8
0
100
AcDbBlockEnd
  0
BLOCK
  5
52C
330
52A
100
AcDbEntity
  8
0
100
AcDbBlockBegin
  2
_Oblique
 70
     0
 10
0.0
 20
0.0
 30
0.0
  3
_Oblique
  1

  0
LINE
  5
52B
330
52A
100
AcDbEntity
  8
0
  6
ByBlock
 62
     0
370
    -2
100
AcDbLine
 10
-0.5
 20
-0.5
 30
0.0
 11
0.5
 21
0.5
 31
0.0
  0
ENDBLK
  5
52D
330
52A
100
AcDbEntity
  8
0
100
AcDbBlockEnd
  0
BLOCK
  5
527
330
531
100
AcDbEntity
  8
0
100
AcDbBlockBegin
  2
DIMBLOCK1-D1 - GARAGE DOOR DETAIL
 70
     0
 10
0.0
 20
0.0
 30
0.0
  3
DIMBLOCK1-D1 - GARAGE DOOR DETAIL
  1

  0
LINE
  5
51D
330
531
100
AcDbEntity
  8
A-ANNO-DIMS-20
100
AcDbLine
 10
7351.128142578137
 20
2105.685438572758
 30
0.0
 11
7841.128142578136
 21
2105.685438572758
 31
0.0
1001
REVIT
1002
{
1070
     1
1000
2204494
1002
}
1002
{
1070
     5
1000
2204644
1002
}
1002
{
1070
     2
1000
-2000260
1002
}
  0
LINE
  5
51E
330
531
100
AcDbEntity
  8
A-ANNO-DIMS-20
100
AcDbLine
 10
7821.128142578136
 20
2105.685438572758
 30
0.0
 11
7806.128142578136
 21
2090.685438572758
 31
0.0
1001
REVIT
1002
{
1070
     1
1000
2204494
1002
}
1002
{
1070
     5
1000
2204644
1002
}
1002
{
1070
     2
1000
-2000260
1002
}
  0
LINE
  5
51F
330
531
100
AcDbEntity
  8
A-ANNO-DIMS-20
100
AcDbLine
 10
7821.128142578136
 20
2105.685438572758
 30
0.0
 11
7836.128142578136
 21
2120.685438572758
 31
0.0
1001
REVIT
1002
{
1070
     1
1000
2204494
1002
}
1002
{
1070
     5
1000
2204644
1002
}
1002
{
1070
     2
1000
-2000260
1002
}
  0
LINE
  5
520
330
531
100
AcDbEntity
  8
A-ANNO-DIMS-20
100
AcDbLine
 10
7821.128142578136
 20
2105.685438572758
 30
0.0
 11
7821.128142578136
 21
2075.685438572758
 31
0.0
1001
REVIT
1002
{
1070
     1
1000
2204494
1002
}
1002
{
1070
     5
1000
2204644
1002
}
1002
{
1070
     2
1000
-2000260
1002
}
  0
LINE
  5
521
330
531
100
AcDbEntity
  8
A-ANNO-DIMS-20
100
AcDbLine
 10
7821.128142578136
 20
2105.685438572758
 30
0.0
 11
7821.128142578136
 21
2135.685438572758
 31
0.0
1001
REVIT
1002
{
1070
     1
1000
2204494
1002
}
1002
{
1070
     5
1000
2204644
1002
}
1002
{
1070
     2
1000
-2000260
1002
}
  0
LINE
  5
522
330
531
100
AcDbEntity
  8
A-ANNO-DIMS-20
100
AcDbLine
 10
7371.128142578137
 20
2105.685438572758
 30
0.0
 11
7356.128142578137
 21
2090.685438572758
 31
0.0
1001
REVIT
1002
{
1070
     1
1000
2204494
1002
}
1002
{
1070
     5
1000
2204644
1002
}
1002
{
1070
     2
1000
-2000260
1002
}
  0
LINE
  5
523
330
531
100
AcDbEntity
  8
A-ANNO-DIMS-20
100
AcDbLine
 10
7371.128142578137
 20
2105.685438572758
 30
0.0
 11
7386.128142578136
 21
2120.685438572758
 31
0.0
1001
REVIT
1002
{
1070
     1
1000
2204494
1002
}
1002
{
1070
     5
1000
2204644
1002
}
1002
{
1070
     2
1000
-2000260
1002
}
  0
LINE
  5
524
330
531
100
AcDbEntity
  8
A-ANNO-DIMS-20
100
AcDbLine
 10
7371.128142578137
 20
2105.685438572758
 30
0.0
 11
7371.128142578137
 21
2075.685438572758
 31
0.0
1001
REVIT
1002
{
1070
     1
1000
2204494
1002
}
1002
{
1070
     5
1000
2204644
1002
}
1002
{
1070
     2
1000
-2000260
1002
}
  0
LINE
  5
525
330
531
100
AcDbEntity
  8
A-ANNO-DIMS-20
100
AcDbLine
 10
7371.128142578137
 20
2105.685438572758
 30
0.0
 11
7371.128142578137
 21
2135.685438572758
 31
0.0
1001
REVIT
1002
{
1070
     1
1000
2204494
1002
}
1002
{
1070
     5
1000
2204644
1002
}
1002
{
1070
     2
1000
-2000260
1002
}
  0
MTEXT
  5
526
330
531
100
AcDbEntity
  8
A-ANNO-DIMS-20
 62
     0
100
AcDbMText
 10
7559.649642232991
 20
2167.265914872805
 30
0.0
 40
29.99999999999999
 41
87.5484008283479
 46
0.0
 71
     1
 72
     1
  1
450
  7
Calibri_1
 73
     2
 44
1.158047630004602
 90
        3
 63
     9
421
 13158600
 45
1.25
441
        0
1001
REVIT
1002
{
1070
     1
1000
2204494
1002
}
1002
{
1070
     5
1000
2204644
1002
}
1002
{
1070
     2
1000
-2000260
1002
}
  0
ENDBLK
  5
528
330
531
100
AcDbEntity
  8
0
100
AcDbBlockEnd
  0
BLOCK
  5
548
330
54B
100
AcDbEntity
  8
0
100
AcDbBlockBegin
  2
DIMBLOCK2-D1 - GARAGE DOOR DETAIL
 70
     0
 10
0.0
 20
0.0
 30
0.0
  3
DIMBLOCK2-D1 - GARAGE DOOR DETAIL
  1

  0
LINE
  5
53E
330
54B
100
AcDbEntity
  8
A-ANNO-DIMS-20
100
AcDbLine
 10
8710.023953960128
 20
2238.837710831415
 30
0.0
 11
8710.023953960128
 21
2878.837710831412
 31
0.0
1001
REVIT
1002
{
1070
     1
1000
2204495
1002
}
1002
{
1070
     5
1000
2204644
1002
}
1002
{
1070
     2
1000
-2000260
1002
}
  0
LINE
  5
53F
330
54B
100
AcDbEntity
  8
A-ANNO-DIMS-20
100
AcDbLine
 10
8710.023953960128
 20
2858.837710831412
 30
0.0
 11
8725.023953960128
 21
2843.837710831413
 31
0.0
1001
REVIT
1002
{
1070
     1
1000
2204495
1002
}
1002
{
1070
     5
1000
2204644
1002
}
1002
{
1070
     2
1000
-2000260
1002
}
  0
LINE
  5
540
330
54B
100
AcDbEntity
  8
A-ANNO-DIMS-20
100
AcDbLine
 10
8710.023953960128
 20
2858.837710831412
 30
0.0
 11
8695.023953960128
 21
2873.837710831412
 31
0.0
1001
REVIT
1002
{
1070
     1
1000
2204495
1002
}
1002
{
1070
     5
1000
2204644
1002
}
1002
{
1070
     2
1000
-2000260
1002
}
  0
LINE
  5
541
330
54B
100
AcDbEntity
  8
A-ANNO-DIMS-20
100
AcDbLine
 10
8710.023953960128
 20
2858.837710831412
 30
0.0
 11
8740.023953960128
 21
2858.837710831412
 31
0.0
1001
REVIT
1002
{
1070
     1
1000
2204495
1002
}
1002
{
1070
     5
1000
2204644
1002
}
1002
{
1070
     2
1000
-2000260
1002
}
  0
LINE
  5
542
330
54B
100
AcDbEntity
  8
A-ANNO-DIMS-20
100
AcDbLine
 10
8710.023953960128
 20
2858.837710831412
 30
0.0
 11
8680.023953960128
 21
2858.837710831412
 31
0.0
1001
REVIT
1002
{
1070
     1
1000
2204495
1002
}
1002
{
1070
     5
1000
2204644
1002
}
1002
{
1070
     2
1000
-2000260
1002
}
  0
LINE
  5
543
330
54B
100
AcDbEntity
  8
A-ANNO-DIMS-20
100
AcDbLine
 10
8710.023953960128
 20
2258.837710831415
 30
0.0
 11
8725.023953960128
 21
2243.837710831415
 31
0.0
1001
REVIT
1002
{
1070
     1
1000
2204495
1002
}
1002
{
1070
     5
1000
2204644
1002
}
1002
{
1070
     2
1000
-2000260
1002
}
  0
LINE
  5
544
330
54B
100
AcDbEntity
  8
A-ANNO-DIMS-20
100
AcDbLine
 10
8710.023953960128
 20
2258.837710831415
 30
0.0
 11
8695.023953960128
 21
2273.837710831415
 31
0.0
1001
REVIT
1002
{
1070
     1
1000
2204495
1002
}
1002
{
1070
     5
1000
2204644
1002
}
1002
{
1070
     2
1000
-2000260
1002
}
  0
LINE
  5
545
330
54B
100
AcDbEntity
  8
A-ANNO-DIMS-20
100
AcDbLine
 10
8710.023953960128
 20
2258.837710831415
 30
0.0
 11
8740.023953960128
 21
2258.837710831415
 31
0.0
1001
REVIT
1002
{
1070
     1
1000
2204495
1002
}
1002
{
1070
     5
1000
2204644
1002
}
1002
{
1070
     2
1000
-2000260
1002
}
  0
LINE
  5
546
330
54B
100
AcDbEntity
  8
A-ANNO-DIMS-20
100
AcDbLine
 10
8710.023953960128
 20
2258.837710831415
 30
0.0
 11
8680.023953960128
 21
2258.837710831415
 31
0.0
1001
REVIT
1002
{
1070
     1
1000
2204495
1002
}
1002
{
1070
     5
1000
2204644
1002
}
1002
{
1070
     2
1000
-2000260
1002
}
  0
MTEXT
  5
547
330
54B
100
AcDbEntity
  8
A-ANNO-DIMS-20
 62
     0
100
AcDbMText
 10
8648.443477660081
 20
2522.359210486268
 30
0.0
 40
29.99999999999999
 41
87.5484008283479
 46
0.0
 71
     1
 72
     1
  1
600
  7
Calibri_1
 11
0.0
 21
1.0
 31
0.0
 73
     2
 44
1.158047630004602
 90
        3
 63
     9
421
 13158600
 45
1.25
441
        0
1001
REVIT
1002
{
1070
     1
1000
2204495
1002
}
1002
{
1070
     5
1000
2204644
1002
}
1002
{
1070
     2
1000
-2000260
1002
}
  0
ENDBLK
  5
549
330
54B
100
AcDbEntity
  8
0
100
AcDbBlockEnd
  0
BLOCK
  5
562
330
565
100
AcDbEntity
  8
0
100
AcDbBlockBegin
  2
DIMBLOCK3-D1 - GARAGE DOOR DETAIL
 70
     0
 10
0.0
 20
0.0
 30
0.0
  3
DIMBLOCK3-D1 - GARAGE DOOR DETAIL
  1

  0
LINE
  5
558
330
565
100
AcDbEntity
  8
A-ANNO-DIMS-20
100
AcDbLine
 10
7351.528142578138
 20
3058.324826230594
 30
0.0
 11
7711.528142578138
 21
3058.324826230594
 31
0.0
1001
REVIT
1002
{
1070
     1
1000
2204496
1002
}
1002
{
1070
     5
1000
2204644
1002
}
1002
{
1070
     2
1000
-2000260
1002
}
  0
LINE
  5
559
330
565
100
AcDbEntity
  8
A-ANNO-DIMS-20
100
AcDbLine
 10
7691.528142578138
 20
3058.324826230594
 30
0.0
 11
7676.528142578138
 21
3043.324826230594
 31
0.0
1001
REVIT
1002
{
1070
     1
1000
2204496
1002
}
1002
{
1070
     5
1000
2204644
1002
}
1002
{
1070
     2
1000
-2000260
1002
}
  0
LINE
  5
55A
330
565
100
AcDbEntity
  8
A-ANNO-DIMS-20
100
AcDbLine
 10
7691.528142578138
 20
3058.324826230594
 30
0.0
 11
7706.528142578138
 21
3073.324826230594
 31
0.0
1001
REVIT
1002
{
1070
     1
1000
2204496
1002
}
1002
{
1070
     5
1000
2204644
1002
}
1002
{
1070
     2
1000
-2000260
1002
}
  0
LINE
  5
55B
330
565
100
AcDbEntity
  8
A-ANNO-DIMS-20
100
AcDbLine
 10
7691.528142578138
 20
3058.324826230594
 30
0.0
 11
7691.528142578138
 21
3088.324826230594
 31
0.0
1001
REVIT
1002
{
1070
     1
1000
2204496
1002
}
1002
{
1070
     5
1000
2204644
1002
}
1002
{
1070
     2
1000
-2000260
1002
}
  0
LINE
  5
55C
330
565
100
AcDbEntity
  8
A-ANNO-DIMS-20
100
AcDbLine
 10
7691.528142578138
 20
3058.324826230594
 30
0.0
 11
7691.528142578138
 21
3028.324826230594
 31
0.0
1001
REVIT
1002
{
1070
     1
1000
2204496
1002
}
1002
{
1070
     5
1000
2204644
1002
}
1002
{
1070
     2
1000
-2000260
1002
}
  0
LINE
  5
55D
330
565
100
AcDbEntity
  8
A-ANNO-DIMS-20
100
AcDbLine
 10
7371.528142578137
 20
3058.324826230594
 30
0.0
 11
7356.528142578138
 21
3043.324826230594
 31
0.0
1001
REVIT
1002
{
1070
     1
1000
2204496
1002
}
1002
{
1070
     5
1000
2204644
1002
}
1002
{
1070
     2
1000
-2000260
1002
}
  0
LINE
  5
55E
330
565
100
AcDbEntity
  8
A-ANNO-DIMS-20
100
AcDbLine
 10
7371.528142578137
 20
3058.324826230594
 30
0.0
 11
7386.528142578137
 21
3073.324826230594
 31
0.0
1001
REVIT
1002
{
1070
     1
1000
2204496
1002
}
1002
{
1070
     5
1000
2204644
1002
}
1002
{
1070
     2
1000
-2000260
1002
}
  0
LINE
  5
55F
330
565
100
AcDbEntity
  8
A-ANNO-DIMS-20
100
AcDbLine
 10
7371.528142578137
 20
3058.324826230594
 30
0.0
 11
7371.528142578137
 21
3088.324826230594
 31
0.0
1001
REVIT
1002
{
1070
     1
1000
2204496
1002
}
1002
{
1070
     5
1000
2204644
1002
}
1002
{
1070
     2
1000
-2000260
1002
}
  0
LINE
  5
560
330
565
100
AcDbEntity
  8
A-ANNO-DIMS-20
100
AcDbLine
 10
7371.528142578137
 20
3058.324826230594
 30
0.0
 11
7371.528142578137
 21
3028.324826230594
 31
0.0
1001
REVIT
1002
{
1070
     1
1000
2204496
1002
}
1002
{
1070
     5
1000
2204644
1002
}
1002
{
1070
     2
1000
-2000260
1002
}
  0
MTEXT
  5
561
330
565
100
AcDbEntity
  8
A-ANNO-DIMS-20
 62
     0
100
AcDbMText
 10
7495.049642232992
 20
3119.90530253064
 30
0.0
 40
29.99999999999999
 41
87.5484008283479
 46
0.0
 71
     1
 72
     1
  1
320
  7
Calibri_1
 73
     2
 44
1.158047630004602
 90
        3
 63
     9
421
 13158600
 45
1.25
441
        0
1001
REVIT
1002
{
1070
     1
1000
2204496
1002
}
1002
{
1070
     5
1000
2204644
1002
}
1002
{
1070
     2
1000
-2000260
1002
}
  0
ENDBLK
  5
563
330
565
100
AcDbEntity
  8
0
100
AcDbBlockEnd
  0
BLOCK
  5
57C
330
57F
100
AcDbEntity
  8
0
100
AcDbBlockBegin
  2
DIMBLOCK4-D1 - GARAGE DOOR DETAIL
 70
     0
 10
0.0
 20
0.0
 30
0.0
  3
DIMBLOCK4-D1 - GARAGE DOOR DETAIL
  1

  0
LINE
  5
572
330
57F
100
AcDbEntity
  8
A-ANNO-DIMS-20
100
AcDbLine
 10
7295.859160302589
 20
2666.837710831416
 30
0.0
 11
7295.85916030259
 21
2878.837710831416
 31
0.0
1001
REVIT
1002
{
1070
     1
1000
2204497
1002
}
1002
{
1070
     5
1000
2204644
1002
}
1002
{
1070
     2
1000
-2000260
1002
}
  0
LINE
  5
573
330
57F
100
AcDbEntity
  8
A-ANNO-DIMS-20
100
AcDbLine
 10
7295.85916030259
 20
2858.837710831417
 30
0.0
 11
7310.859160302589
 21
2843.837710831417
 31
0.0
1001
REVIT
1002
{
1070
     1
1000
2204497
1002
}
1002
{
1070
     5
1000
2204644
1002
}
1002
{
1070
     2
1000
-2000260
1002
}
  0
LINE
  5
574
330
57F
100
AcDbEntity
  8
A-ANNO-DIMS-20
100
AcDbLine
 10
7295.85916030259
 20
2858.837710831417
 30
0.0
 11
7280.85916030259
 21
2873.837710831417
 31
0.0
1001
REVIT
1002
{
1070
     1
1000
2204497
1002
}
1002
{
1070
     5
1000
2204644
1002
}
1002
{
1070
     2
1000
-2000260
1002
}
  0
LINE
  5
575
330
57F
100
AcDbEntity
  8
A-ANNO-DIMS-20
100
AcDbLine
 10
7295.85916030259
 20
2858.837710831416
 30
0.0
 11
7265.859160302589
 21
2858.837710831416
 31
0.0
1001
REVIT
1002
{
1070
     1
1000
2204497
1002
}
1002
{
1070
     5
1000
2204644
1002
}
1002
{
1070
     2
1000
-2000260
1002
}
  0
LINE
  5
576
330
57F
100
AcDbEntity
  8
A-ANNO-DIMS-20
100
AcDbLine
 10
7295.85916030259
 20
2858.837710831416
 30
0.0
 11
7325.85916030259
 21
2858.837710831416
 31
0.0
1001
REVIT
1002
{
1070
     1
1000
2204497
1002
}
1002
{
1070
     5
1000
2204644
1002
}
1002
{
1070
     2
1000
-2000260
1002
}
  0
LINE
  5
577
330
57F
100
AcDbEntity
  8
A-ANNO-DIMS-20
100
AcDbLine
 10
7295.859160302589
 20
2686.837710831416
 30
0.0
 11
7310.859160302589
 21
2671.837710831416
 31
0.0
1001
REVIT
1002
{
1070
     1
1000
2204497
1002
}
1002
{
1070
     5
1000
2204644
1002
}
1002
{
1070
     2
1000
-2000260
1002
}
  0
LINE
  5
578
330
57F
100
AcDbEntity
  8
A-ANNO-DIMS-20
100
AcDbLine
 10
7295.859160302589
 20
2686.837710831416
 30
0.0
 11
7280.859160302589
 21
2701.837710831416
 31
0.0
1001
REVIT
1002
{
1070
     1
1000
2204497
1002
}
1002
{
1070
     5
1000
2204644
1002
}
1002
{
1070
     2
1000
-2000260
1002
}
  0
LINE
  5
579
330
57F
100
AcDbEntity
  8
A-ANNO-DIMS-20
100
AcDbLine
 10
7295.859160302589
 20
2686.837710831416
 30
0.0
 11
7265.859160302589
 21
2686.837710831416
 31
0.0
1001
REVIT
1002
{
1070
     1
1000
2204497
1002
}
1002
{
1070
     5
1000
2204644
1002
}
1002
{
1070
     2
1000
-2000260
1002
}
  0
LINE
  5
57A
330
57F
100
AcDbEntity
  8
A-ANNO-DIMS-20
100
AcDbLine
 10
7295.859160302589
 20
2686.837710831416
 30
0.0
 11
7325.859160302589
 21
2686.837710831416
 31
0.0
1001
REVIT
1002
{
1070
     1
1000
2204497
1002
}
1002
{
1070
     5
1000
2204644
1002
}
1002
{
1070
     2
1000
-2000260
1002
}
  0
MTEXT
  5
57B
330
57F
100
AcDbEntity
  8
A-ANNO-DIMS-20
 62
     0
100
AcDbMText
 10
7234.278684002544
 20
2736.359210486271
 30
0.0
 40
29.99999999999999
 41
87.5484008283479
 46
0.0
 71
     1
 72
     1
  1
172
  7
Calibri_1
 11
0.0
 21
1.0
 31
0.0
 73
     2
 44
1.158047630004602
 90
        3
 63
     9
421
 13158600
 45
1.25
441
        0
1001
REVIT
1002
{
1070
     1
1000
2204497
1002
}
1002
{
1070
     5
1000
2204644
1002
}
1002
{
1070
     2
1000
-2000260
1002
}
  0
ENDBLK
  5
57D
330
57F
100
AcDbEntity
  8
0
100
AcDbBlockEnd
  0
BLOCK
  5
596
330
599
100
AcDbEntity
  8
0
100
AcDbBlockBegin
  2
DIMBLOCK5-D1 - GARAGE DOOR DETAIL
 70
     0
 10
0.0
 20
0.0
 30
0.0
  3
DIMBLOCK5-D1 - GARAGE DOOR DETAIL
  1

  0
LINE
  5
58C
330
599
100
AcDbEntity
  8
A-ANNO-DIMS-20
100
AcDbLine
 10
7617.323471874621
 20
2813.837710831415
 30
0.0
 11
7617.323471874621
 21
2878.837710831416
 31
0.0
1001
REVIT
1002
{
1070
     1
1000
2204500
1002
}
1002
{
1070
     5
1000
2204644
1002
}
1002
{
1070
     2
1000
-2000260
1002
}
  0
LINE
  5
58D
330
599
100
AcDbEntity
  8
A-ANNO-DIMS-20
100
AcDbLine
 10
7617.323471874621
 20
2858.837710831416
 30
0.0
 11
7632.323471874621
 21
2843.837710831416
 31
0.0
1001
REVIT
1002
{
1070
     1
1000
2204500
1002
}
1002
{
1070
     5
1000
2204644
1002
}
1002
{
1070
     2
1000
-2000260
1002
}
  0
LINE
  5
58E
330
599
100
AcDbEntity
  8
A-ANNO-DIMS-20
100
AcDbLine
 10
7617.323471874621
 20
2858.837710831416
 30
0.0
 11
7602.323471874621
 21
2873.837710831416
 31
0.0
1001
REVIT
1002
{
1070
     1
1000
2204500
1002
}
1002
{
1070
     5
1000
2204644
1002
}
1002
{
1070
     2
1000
-2000260
1002
}
  0
LINE
  5
58F
330
599
100
AcDbEntity
  8
A-ANNO-DIMS-20
100
AcDbLine
 10
7617.323471874621
 20
2858.837710831415
 30
0.0
 11
7587.323471874621
 21
2858.837710831415
 31
0.0
1001
REVIT
1002
{
1070
     1
1000
2204500
1002
}
1002
{
1070
     5
1000
2204644
1002
}
1002
{
1070
     2
1000
-2000260
1002
}
  0
LINE
  5
590
330
599
100
AcDbEntity
  8
A-ANNO-DIMS-20
100
AcDbLine
 10
7617.323471874621
 20
2858.837710831415
 30
0.0
 11
7647.323471874621
 21
2858.837710831415
 31
0.0
1001
REVIT
1002
{
1070
     1
1000
2204500
1002
}
1002
{
1070
     5
1000
2204644
1002
}
1002
{
1070
     2
1000
-2000260
1002
}
  0
LINE
  5
591
330
599
100
AcDbEntity
  8
A-ANNO-DIMS-20
100
AcDbLine
 10
7617.323471874621
 20
2833.837710831415
 30
0.0
 11
7632.323471874621
 21
2818.837710831415
 31
0.0
1001
REVIT
1002
{
1070
     1
1000
2204500
1002
}
1002
{
1070
     5
1000
2204644
1002
}
1002
{
1070
     2
1000
-2000260
1002
}
  0
LINE
  5
592
330
599
100
AcDbEntity
  8
A-ANNO-DIMS-20
100
AcDbLine
 10
7617.323471874621
 20
2833.837710831415
 30
0.0
 11
7602.323471874621
 21
2848.837710831415
 31
0.0
1001
REVIT
1002
{
1070
     1
1000
2204500
1002
}
1002
{
1070
     5
1000
2204644
1002
}
1002
{
1070
     2
1000
-2000260
1002
}
  0
LINE
  5
593
330
599
100
AcDbEntity
  8
A-ANNO-DIMS-20
100
AcDbLine
 10
7617.323471874621
 20
2833.837710831415
 30
0.0
 11
7587.323471874621
 21
2833.837710831415
 31
0.0
1001
REVIT
1002
{
1070
     1
1000
2204500
1002
}
1002
{
1070
     5
1000
2204644
1002
}
1002
{
1070
     2
1000
-2000260
1002
}
  0
LINE
  5
594
330
599
100
AcDbEntity
  8
A-ANNO-DIMS-20
100
AcDbLine
 10
7617.323471874621
 20
2833.837710831415
 30
0.0
 11
7647.323471874621
 21
2833.837710831415
 31
0.0
1001
REVIT
1002
{
1070
     1
1000
2204500
1002
}
1002
{
1070
     5
1000
2204644
1002
}
1002
{
1070
     2
1000
-2000260
1002
}
  0
MTEXT
  5
595
330
599
100
AcDbEntity
  8
A-ANNO-DIMS-20
 62
     0
100
AcDbMText
 10
7555.742995574576
 20
2822.018710601318
 30
0.0
 40
29.99999999999999
 41
58.36560055223193
 46
0.0
 71
     1
 72
     1
  1
25
  7
Calibri_1
 11
0.0
 21
1.0
 31
0.0
 73
     2
 44
1.158047630004602
 90
        3
 63
     9
421
 13158600
 45
1.25
441
        0
1001
REVIT
1002
{
1070
     1
1000
2204500
1002
}
1002
{
1070
     5
1000
2204644
1002
}
1002
{
1070
     2
1000
-2000260
1002
}
  0
ENDBLK
  5
597
330
599
100
AcDbEntity
  8
0
100
AcDbBlockEnd
  0
BLOCK
  5
5D3
330
5D7
100
AcDbEntity
  8
0
100
AcDbBlockBegin
  2
DIMBLOCK6-D3 - BOX GUTTER 2
 70
     0
 10
0.0
 20
0.0
 30
0.0
  3
DIMBLOCK6-D3 - BOX GUTTER 2
  1

  0
LINE
  5
5C9
330
5D7
100
AcDbEntity
  8
A-ANNO-DIMS-20
100
AcDbLine
 10
10595.01134895515
 20
2030.789073634206
 30
0.0
 11
10595.01134895515
 21
2870.789073634201
 31
0.0
1001
REVIT
1002
{
1070
     1
1000
2415371
1002
}
1002
{
1070
     5
1000
2159605
1002
}
1002
{
1070
     2
1000
-2000260
1002
}
  0
LINE
  5
5CA
330
5D7
100
AcDbEntity
  8
A-ANNO-DIMS-20
100
AcDbLine
 10
10595.01134895515
 20
2850.789073634202
 30
0.0
 11
10610.01134895515
 21
2835.789073634202
 31
0.0
1001
REVIT
1002
{
1070
     1
1000
2415371
1002
}
1002
{
1070
     5
1000
2159605
1002
}
1002
{
1070
     2
1000
-2000260
1002
}
  0
LINE
  5
5CB
330
5D7
100
AcDbEntity
  8
A-ANNO-DIMS-20
100
AcDbLine
 10
10595.01134895515
 20
2850.789073634202
 30
0.0
 11
10580.01134895515
 21
2865.789073634201
 31
0.0
1001
REVIT
1002
{
1070
     1
1000
2415371
1002
}
1002
{
1070
     5
1000
2159605
1002
}
1002
{
1070
     2
1000
-2000260
1002
}
  0
LINE
  5
5CC
330
5D7
100
AcDbEntity
  8
A-ANNO-DIMS-20
100
AcDbLine
 10
10595.01134895515
 20
2850.789073634202
 30
0.0
 11
10615.01134895515
 21
2850.789073634202
 31
0.0
1001
REVIT
1002
{
1070
     1
1000
2415371
1002
}
1002
{
1070
     5
1000
2159605
1002
}
1002
{
1070
     2
1000
-2000260
1002
}
  0
LINE
  5
5CD
330
5D7
100
AcDbEntity
  8
A-ANNO-DIMS-20
100
AcDbLine
 10
10595.01134895515
 20
2850.789073634202
 30
0.0
 11
10535.01134895515
 21
2850.789073634202
 31
0.0
1001
REVIT
1002
{
1070
     1
1000
2415371
1002
}
1002
{
1070
     5
1000
2159605
1002
}
1002
{
1070
     2
1000
-2000260
1002
}
  0
LINE
  5
5CE
330
5D7
100
AcDbEntity
  8
A-ANNO-DIMS-20
100
AcDbLine
 10
10595.01134895515
 20
2050.789073634206
 30
0.0
 11
10610.01134895515
 21
2035.789073634206
 31
0.0
1001
REVIT
1002
{
1070
     1
1000
2415371
1002
}
1002
{
1070
     5
1000
2159605
1002
}
1002
{
1070
     2
1000
-2000260
1002
}
  0
LINE
  5
5CF
330
5D7
100
AcDbEntity
  8
A-ANNO-DIMS-20
100
AcDbLine
 10
10595.01134895515
 20
2050.789073634206
 30
0.0
 11
10580.01134895515
 21
2065.789073634206
 31
0.0
1001
REVIT
1002
{
1070
     1
1000
2415371
1002
}
1002
{
1070
     5
1000
2159605
1002
}
1002
{
1070
     2
1000
-2000260
1002
}
  0
LINE
  5
5D0
330
5D7
100
AcDbEntity
  8
A-ANNO-DIMS-20
100
AcDbLine
 10
10595.01134895515
 20
2050.789073634206
 30
0.0
 11
10615.01134895515
 21
2050.789073634206
 31
0.0
1001
REVIT
1002
{
1070
     1
1000
2415371
1002
}
1002
{
1070
     5
1000
2159605
1002
}
1002
{
1070
     2
1000
-2000260
1002
}
  0
LINE
  5
5D1
330
5D7
100
AcDbEntity
  8
A-ANNO-DIMS-20
100
AcDbLine
 10
10595.01134895515
 20
2050.789073634206
 30
0.0
 11
10535.01134895515
 21
2050.789073634206
 31
0.0
1001
REVIT
1002
{
1070
     1
1000
2415371
1002
}
1002
{
1070
     5
1000
2159605
1002
}
1002
{
1070
     2
1000
-2000260
1002
}
  0
MTEXT
  5
5D2
330
5D7
100
AcDbEntity
  8
A-ANNO-DIMS-20
 62
     0
100
AcDbMText
 10
10553.4308726551
 20
2414.310573289059
 30
0.0
 40
29.99999999999999
 41
87.5484008283479
 46
0.0
 71
     1
 72
     1
  1
800
  7
Calibri_1
 11
0.0
 21
1.0
 31
0.0
 73
     2
 44
1.158047630004602
1001
REVIT
1002
{
1070
     1
1000
2415371
1002
}
1002
{
1070
     5
1000
2159605
1002
}
1002
{
1070
     2
1000
-2000260
1002
}
  0
ENDBLK
  5
5D4
330
5D7
100
AcDbEntity
  8
0
100
AcDbBlockEnd
  0
BLOCK
  5
5F0
330
5F4
100
AcDbEntity
  8
0
100
AcDbBlockBegin
  2
DIMBLOCK7-D4 - TOP PLATE STRENGTHENING
 70
     0
 10
0.0
 20
0.0
 30
0.0
  3
DIMBLOCK7-D4 - TOP PLATE STRENGTHENING
  1

  0
LINE
  5
5E5
330
5F4
100
AcDbEntity
  8
A-ANNO-DIMS-25
 62
    30
100
AcDbLine
 10
12527.44112055664
 20
2690.930250801918
 30
0.0
 11
13842.09864338489
 21
2690.930250801918
 31
0.0
1001
REVIT
1002
{
1070
     1
1000
2604705
1002
}
1002
{
1070
     5
1000
2205518
1002
}
1002
{
1070
     2
1000
-2000260
1002
}
  0
LINE
  5
5E6
330
5F4
100
AcDbEntity
  8
A-ANNO-DIMS-25
 62
    30
100
AcDbLine
 10
13842.09864338489
 20
2690.930250801918
 30
0.0
 11
13823.34864338489
 21
2672.180250801918
 31
0.0
1001
REVIT
1002
{
1070
     1
1000
2604705
1002
}
1002
{
1070
     5
1000
2205518
1002
}
1002
{
1070
     2
1000
-2000260
1002
}
  0
LINE
  5
5E7
330
5F4
100
AcDbEntity
  8
A-ANNO-DIMS-25
 62
    30
100
AcDbLine
 10
13842.09864338489
 20
2690.930250801918
 30
0.0
 11
13860.84864338489
 21
2709.680250801918
 31
0.0
1001
REVIT
1002
{
1070
     1
1000
2604705
1002
}
1002
{
1070
     5
1000
2205518
1002
}
1002
{
1070
     2
1000
-2000260
1002
}
  0
LINE
  5
5E8
330
5F4
100
AcDbEntity
  8
A-ANNO-DIMS-25
 62
    30
100
AcDbLine
 10
13842.09864338489
 20
2690.930250801918
 30
0.0
 11
13842.09864338489
 21
2728.430250801918
 31
0.0
1001
REVIT
1002
{
1070
     1
1000
2604705
1002
}
1002
{
1070
     5
1000
2205518
1002
}
1002
{
1070
     2
1000
-2000260
1002
}
  0
LINE
  5
5E9
330
5F4
100
AcDbEntity
  8
A-ANNO-DIMS-25
 62
    30
100
AcDbLine
 10
13842.09864338489
 20
2690.930250801918
 30
0.0
 11
13842.09864338489
 21
2565.930250801918
 31
0.0
1001
REVIT
1002
{
1070
     1
1000
2604705
1002
}
1002
{
1070
     5
1000
2205518
1002
}
1002
{
1070
     2
1000
-2000260
1002
}
  0
LINE
  5
5EA
330
5F4
100
AcDbEntity
  8
A-ANNO-DIMS-25
 62
    30
100
AcDbLine
 10
12552.44112055664
 20
2690.930250801918
 30
0.0
 11
12533.69112055664
 21
2672.180250801918
 31
0.0
1001
REVIT
1002
{
1070
     1
1000
2604705
1002
}
1002
{
1070
     5
1000
2205518
1002
}
1002
{
1070
     2
1000
-2000260
1002
}
  0
LINE
  5
5EB
330
5F4
100
AcDbEntity
  8
A-ANNO-DIMS-25
 62
    30
100
AcDbLine
 10
12552.44112055664
 20
2690.930250801918
 30
0.0
 11
12571.19112055664
 21
2709.680250801918
 31
0.0
1001
REVIT
1002
{
1070
     1
1000
2604705
1002
}
1002
{
1070
     5
1000
2205518
1002
}
1002
{
1070
     2
1000
-2000260
1002
}
  0
LINE
  5
5EC
330
5F4
100
AcDbEntity
  8
A-ANNO-DIMS-25
 62
    30
100
AcDbLine
 10
12552.44112055664
 20
2690.930250801918
 30
0.0
 11
12552.44112055664
 21
2728.430250801918
 31
0.0
1001
REVIT
1002
{
1070
     1
1000
2604705
1002
}
1002
{
1070
     5
1000
2205518
1002
}
1002
{
1070
     2
1000
-2000260
1002
}
  0
LINE
  5
5ED
330
5F4
100
AcDbEntity
  8
A-ANNO-DIMS-25
 62
    30
100
AcDbLine
 10
12552.44112055664
 20
2690.930250801918
 30
0.0
 11
12552.44112055664
 21
2565.930250801918
 31
0.0
1001
REVIT
1002
{
1070
     1
1000
2604705
1002
}
1002
{
1070
     5
1000
2205518
1002
}
1002
{
1070
     2
1000
-2000260
1002
}
  0
MTEXT
  5
5EF
330
5F4
100
AcDbEntity
  8
A-ANNO-DIMS-25
 62
     0
100
AcDbMText
 10
13095.94071434536
 20
2777.55624309368
 30
0.0
 40
62.50000000000001
 41
243.1900023009664
 46
0.0
 71
     1
 72
     1
  1
1290
  7
Calibri_2
 73
     2
 44
1.158047630004602
1001
REVIT
1002
{
1070
     1
1000
2604705
1002
}
1002
{
1070
     5
1000
2205518
1002
}
1002
{
1070
     2
1000
-2000260
1002
}
  0
ENDBLK
  5
5F1
330
5F4
100
AcDbEntity
  8
0
100
AcDbBlockEnd
  0
BLOCK
  5
60B
330
60E
100
AcDbEntity
  8
0
100
AcDbBlockBegin
  2
DIMBLOCK8-D4 - TOP PLATE STRENGTHENING
 70
     0
 10
0.0
 20
0.0
 30
0.0
  3
DIMBLOCK8-D4 - TOP PLATE STRENGTHENING
  1

  0
LINE
  5
601
330
60E
100
AcDbEntity
  8
A-ANNO-DIMS-25
 62
    30
100
AcDbLine
 10
13842.09864338489
 20
2690.930250801918
 30
0.0
 11
15156.75616621315
 21
2690.930250801918
 31
0.0
1001
REVIT
1002
{
1070
     1
1000
2604705
1002
}
1002
{
1070
     5
1000
2205518
1002
}
1002
{
1070
     2
1000
-2000260
1002
}
  0
LINE
  5
602
330
60E
100
AcDbEntity
  8
A-ANNO-DIMS-25
 62
    30
100
AcDbLine
 10
15131.75616621315
 20
2690.930250801918
 30
0.0
 11
15113.00616621315
 21
2672.180250801918
 31
0.0
1001
REVIT
1002
{
1070
     1
1000
2604705
1002
}
1002
{
1070
     5
1000
2205518
1002
}
1002
{
1070
     2
1000
-2000260
1002
}
  0
LINE
  5
603
330
60E
100
AcDbEntity
  8
A-ANNO-DIMS-25
 62
    30
100
AcDbLine
 10
15131.75616621315
 20
2690.930250801918
 30
0.0
 11
15150.50616621315
 21
2709.680250801918
 31
0.0
1001
REVIT
1002
{
1070
     1
1000
2604705
1002
}
1002
{
1070
     5
1000
2205518
1002
}
1002
{
1070
     2
1000
-2000260
1002
}
  0
LINE
  5
604
330
60E
100
AcDbEntity
  8
A-ANNO-DIMS-25
 62
    30
100
AcDbLine
 10
15131.75616621315
 20
2690.930250801918
 30
0.0
 11
15131.75616621315
 21
2728.430250801918
 31
0.0
1001
REVIT
1002
{
1070
     1
1000
2604705
1002
}
1002
{
1070
     5
1000
2205518
1002
}
1002
{
1070
     2
1000
-2000260
1002
}
  0
LINE
  5
605
330
60E
100
AcDbEntity
  8
A-ANNO-DIMS-25
 62
    30
100
AcDbLine
 10
15131.75616621315
 20
2690.930250801918
 30
0.0
 11
15131.75616621315
 21
2565.930250801918
 31
0.0
1001
REVIT
1002
{
1070
     1
1000
2604705
1002
}
1002
{
1070
     5
1000
2205518
1002
}
1002
{
1070
     2
1000
-2000260
1002
}
  0
LINE
  5
606
330
60E
100
AcDbEntity
  8
A-ANNO-DIMS-25
 62
    30
100
AcDbLine
 10
13842.09864338489
 20
2690.930250801918
 30
0.0
 11
13823.34864338489
 21
2672.180250801918
 31
0.0
1001
REVIT
1002
{
1070
     1
1000
2604705
1002
}
1002
{
1070
     5
1000
2205518
1002
}
1002
{
1070
     2
1000
-2000260
1002
}
  0
LINE
  5
607
330
60E
100
AcDbEntity
  8
A-ANNO-DIMS-25
 62
    30
100
AcDbLine
 10
13842.09864338489
 20
2690.930250801918
 30
0.0
 11
13860.84864338489
 21
2709.680250801918
 31
0.0
1001
REVIT
1002
{
1070
     1
1000
2604705
1002
}
1002
{
1070
     5
1000
2205518
1002
}
1002
{
1070
     2
1000
-2000260
1002
}
  0
LINE
  5
608
330
60E
100
AcDbEntity
  8
A-ANNO-DIMS-25
 62
    30
100
AcDbLine
 10
13842.09864338489
 20
2690.930250801918
 30
0.0
 11
13842.09864338489
 21
2728.430250801918
 31
0.0
1001
REVIT
1002
{
1070
     1
1000
2604705
1002
}
1002
{
1070
     5
1000
2205518
1002
}
1002
{
1070
     2
1000
-2000260
1002
}
  0
LINE
  5
609
330
60E
100
AcDbEntity
  8
A-ANNO-DIMS-25
 62
    30
100
AcDbLine
 10
13842.09864338489
 20
2690.930250801918
 30
0.0
 11
13842.09864338489
 21
2565.930250801918
 31
0.0
1001
REVIT
1002
{
1070
     1
1000
2604705
1002
}
1002
{
1070
     5
1000
2205518
1002
}
1002
{
1070
     2
1000
-2000260
1002
}
  0
MTEXT
  5
60A
330
60E
100
AcDbEntity
  8
A-ANNO-DIMS-25
 62
     0
100
AcDbMText
 10
14385.59823717362
 20
2777.55624309368
 30
0.0
 40
62.50000000000001
 41
243.1900023009664
 46
0.0
 71
     1
 72
     1
  1
1290
  7
Calibri_2
 73
     2
 44
1.158047630004602
1001
REVIT
1002
{
1070
     1
1000
2604705
1002
}
1002
{
1070
     5
1000
2205518
1002
}
1002
{
1070
     2
1000
-2000260
1002
}
  0
ENDBLK
  5
60C
330
60E
100
AcDbEntity
  8
0
100
AcDbBlockEnd
  0
BLOCK
  5
67D
330
64A
100
AcDbEntity
  8
0
100
AcDbBlockBegin
  2
HH Titleblock Portrait - No Nth Point - HH Titleblock Portrait-2104536-Details
 70
     0
 10
0.0
 20
0.0
 30
0.0
  3
HH Titleblock Portrait - No Nth Point - HH Titleblock Portrait-2104536-Details
  1

  0
IMAGE
  5
64D
330
64A
100
AcDbEntity
  8
G-ANNO-TTLB
160
                 8
310
0800000000000000
100
AcDbRasterImage
 90
        0
 10
87.76538828424997
 20
-62.43551428680458
 30
0.0
 11
0.005136057287782539
 21
0.0
 31
0.0
 12
0.0
 22
0.005136057287782533
 32
0.0
 13
360.0
 23
594.0
340
64C
 70
     7
280
     0
281
    50
282
    50
283
     0
360
64E
 71
     1
 91
        2
 14
-0.5
 24
-0.5
 14
359.5
 24
593.5
290
     0
1001
REVIT
1002
{
1070
     1
1000
1936023
1002
}
1002
{
1070
     5
1000
2104536
1002
}
  0
IMAGE
  5
650
330
64A
100
AcDbEntity
  8
G-ANNO-TTLB
160
                 8
310
0800000000000000
100
AcDbRasterImage
 90
        0
 10
64.64095949275764
 20
-62.48292426176329
 30
0.0
 11
0.005581155649171102
 21
0.0
 31
0.0
 12
0.0
 22
0.005581155649171084
 32
0.0
 13
422.0
 23
563.0
340
64F
 70
     7
280
     0
281
    50
282
    50
283
     0
360
651
 71
     1
 91
        2
 14
-0.5
 24
-0.5
 14
421.5
 24
562.5
290
     0
1001
REVIT
1002
{
1070
     1
1000
1936023
1002
}
1002
{
1070
     5
1000
2104536
1002
}
  0
IMAGE
  5
653
330
64A
100
AcDbEntity
  8
G-ANNO-TTLB
160
                 8
310
0800000000000000
100
AcDbRasterImage
 90
        0
 10
63.9999999998853
 20
-58.46715714773951
 30
0.0
 11
0.01978707458056258
 21
0.0
 31
0.0
 12
0.0
 22
0.01978707458056258
 32
0.0
 13
3320.0
 23
1085.0
340
652
 70
     7
280
     0
281
    50
282
    50
283
     0
360
654
 71
     1
 91
        2
 14
-0.5
 24
-0.5
 14
3319.5
 24
1084.5
290
     0
1001
REVIT
1002
{
1070
     1
1000
1936023
1002
}
1002
{
1070
     5
1000
2104536
1002
}
  0
LINE
  5
655
330
64A
100
AcDbEntity
  8
G-ANNO-TTLB
100
AcDbLine
 10
63.99999999988461
 20
340.0000000000397
 30
0.0
 11
63.99999999988538
 21
-64.99999999996025
 31
0.0
1001
REVIT
1002
{
1070
     1
1000
1936023
1002
}
1002
{
1070
     5
1000
2104536
1002
}
  0
LINE
  5
656
330
64A
100
AcDbEntity
  8
G-ANNO-TTLB
100
AcDbLine
 10
63.99999999988538
 20
-64.99999999996028
 30
0.0
 11
350.9999999998853
 21
-64.99999999995973
 31
0.0
1001
REVIT
1002
{
1070
     1
1000
1936023
1002
}
1002
{
1070
     5
1000
2104536
1002
}
  0
LINE
  5
657
330
64A
100
AcDbEntity
  8
G-ANNO-TTLB
100
AcDbLine
 10
350.9999999998853
 20
-64.99999999995973
 30
0.0
 11
350.9999999998846
 21
340.0000000000402
 31
0.0
1001
REVIT
1002
{
1070
     1
1000
1936023
1002
}
1002
{
1070
     5
1000
2104536
1002
}
  0
LINE
  5
658
330
64A
100
AcDbEntity
  8
G-ANNO-TTLB
100
AcDbLine
 10
350.9999999998846
 20
340.0000000000402
 30
0.0
 11
63.99999999988461
 21
340.0000000000397
 31
0.0
1001
REVIT
1002
{
1070
     1
1000
1936023
1002
}
1002
{
1070
     5
1000
2104536
1002
}
  0
LINE
  5
659
330
64A
100
AcDbEntity
  8
G-ANNO-TTLB
100
AcDbLine
 10
63.99999999988533
 20
-36.99999999995875
 30
0.0
 11
350.9999999998852
 21
-36.99999999995968
 31
0.0
1001
REVIT
1002
{
1070
     1
1000
1936023
1002
}
1002
{
1070
     5
1000
2104536
1002
}
  0
LINE
  5
65A
330
64A
100
AcDbEntity
  8
G-ANNO-TTLB
100
AcDbLine
 10
129.7242525899685
 20
-36.99999999995897
 30
0.0
 11
129.7242525899685
 21
-64.99999999996015
 31
0.0
1001
REVIT
1002
{
1070
     1
1000
1936023
1002
}
1002
{
1070
     5
1000
2104536
1002
}
  0
LINE
  5
65B
330
64A
100
AcDbEntity
  8
G-ANNO-TTLB
100
AcDbLine
 10
271.4617525899686
 20
-36.99999999995942
 30
0.0
 11
271.4617525899685
 21
-64.99999999995988
 31
0.0
1001
REVIT
1002
{
1070
     1
1000
1936023
1002
}
1002
{
1070
     5
1000
2104536
1002
}
  0
LINE
  5
65C
330
64A
100
AcDbEntity
  8
G-ANNO-TTLB
100
AcDbLine
 10
284.008647190076
 20
-36.99999999995946
 30
0.0
 11
284.008647190076
 21
-64.99999999995985
 31
0.0
1001
REVIT
1002
{
1070
     1
1000
1936023
1002
}
1002
{
1070
     5
1000
2104536
1002
}
  0
LINE
  5
65D
330
64A
100
AcDbEntity
  8
G-ANNO-TTLB
100
AcDbLine
 10
321.6874999998852
 20
-36.99999999995959
 30
0.0
 11
321.6874999998852
 21
-64.9999999999598
 31
0.0
1001
REVIT
1002
{
1070
     1
1000
1936023
1002
}
1002
{
1070
     5
1000
2104536
1002
}
  0
LINE
  5
65E
330
64A
100
AcDbEntity
  8
G-ANNO-TTLB
100
AcDbLine
 10
335.0624999998852
 20
-36.99999999995963
 30
0.0
 11
335.0624999998852
 21
-64.99999999995977
 31
0.0
1001
REVIT
1002
{
1070
     1
1000
1936023
1002
}
1002
{
1070
     5
1000
2104536
1002
}
  0
LINE
  5
65F
330
64A
100
AcDbEntity
  8
G-ANNO-TTLB
100
AcDbLine
 10
129.7242525899685
 20
-43.99999999995995
 30
0.0
 11
271.4617525899686
 21
-43.99999999995968
 31
0.0
1001
REVIT
1002
{
1070
     1
1000
1936023
1002
}
1002
{
1070
     5
1000
2104536
1002
}
  0
LINE
  5
660
330
64A
100
AcDbEntity
  8
G-ANNO-TTLB
100
AcDbLine
 10
63.99999999988536
 20
-57.99999999996027
 30
0.0
 11
129.7242525899685
 21
-57.99999999996049
 31
0.0
1001
REVIT
1002
{
1070
     1
1000
1936023
1002
}
1002
{
1070
     5
1000
2104536
1002
}
  0
LINE
  5
661
330
64A
100
AcDbEntity
  8
G-ANNO-TTLB
100
AcDbLine
 10
219.7242525899685
 20
-50.99999999995999
 30
0.0
 11
271.4617525899686
 21
-50.99999999995989
 31
0.0
1001
REVIT
1002
{
1070
     1
1000
1936023
1002
}
1002
{
1070
     5
1000
2104536
1002
}
  0
LINE
  5
662
330
64A
100
AcDbEntity
  8
G-ANNO-TTLB
100
AcDbLine
 10
219.7242525899685
 20
-57.99999999995999
 30
0.0
 11
271.4617525899685
 21
-57.99999999995989
 31
0.0
1001
REVIT
1002
{
1070
     1
1000
1936023
1002
}
1002
{
1070
     5
1000
2104536
1002
}
  0
LINE
  5
663
330
64A
100
AcDbEntity
  8
G-ANNO-TTLB
100
AcDbLine
 10
219.7242525899685
 20
-36.99999999995926
 30
0.0
 11
219.7242525899685
 21
-64.99999999995998
 31
0.0
1001
REVIT
1002
{
1070
     1
1000
1936023
1002
}
1002
{
1070
     5
1000
2104536
1002
}
  0
LINE
  5
664
330
64A
100
AcDbEntity
  8
G-ANNO-TTLB
100
AcDbLine
 10
271.4617525899686
 20
-43.99999999995968
 30
0.0
 11
350.9999999998852
 21
-43.99999999995953
 31
0.0
1001
REVIT
1002
{
1070
     1
1000
1936023
1002
}
1002
{
1070
     5
1000
2104536
1002
}
  0
LINE
  5
666
330
64A
100
AcDbEntity
  8
G-ANNO-TTLB-THIN
100
AcDbLine
 10
271.4617525899686
 20
-43.99999999995971
 30
0.0
 11
349.182354771681
 21
-43.99999999995971
 31
0.0
1001
REVIT
1002
{
1070
     1
1000
1936023
1002
}
1002
{
1070
     5
1000
2104536
1002
}
1002
{
1070
     3
1000
-2000281
1002
}
  0
LINE
  5
667
330
64A
100
AcDbEntity
  8
G-ANNO-TTLB-THIN
100
AcDbLine
 10
271.4617525899686
 20
-48.49999999995968
 30
0.0
 11
350.9999999998853
 21
-48.49999999995968
 31
0.0
1001
REVIT
1002
{
1070
     1
1000
1936023
1002
}
1002
{
1070
     5
1000
2104536
1002
}
1002
{
1070
     3
1000
-2000281
1002
}
  0
LINE
  5
668
330
64A
100
AcDbEntity
  8
G-ANNO-TTLB-THIN
100
AcDbLine
 10
271.4617525899685
 20
-52.99999999995968
 30
0.0
 11
350.9999999998853
 21
-52.99999999995968
 31
0.0
1001
REVIT
1002
{
1070
     1
1000
1936023
1002
}
1002
{
1070
     5
1000
2104536
1002
}
1002
{
1070
     3
1000
-2000281
1002
}
  0
LINE
  5
669
330
64A
100
AcDbEntity
  8
G-ANNO-TTLB-THIN
100
AcDbLine
 10
271.4617525899685
 20
-61.99999999995968
 30
0.0
 11
350.9999999998853
 21
-61.99999999995968
 31
0.0
1001
REVIT
1002
{
1070
     1
1000
1936023
1002
}
1002
{
1070
     5
1000
2104536
1002
}
1002
{
1070
     3
1000
-2000281
1002
}
  0
LINE
  5
66A
330
64A
100
AcDbEntity
  8
G-ANNO-TTLB-THIN
100
AcDbLine
 10
271.4617525899685
 20
-57.49999999995968
 30
0.0
 11
350.9999999998853
 21
-57.49999999995968
 31
0.0
1001
REVIT
1002
{
1070
     1
1000
1936023
1002
}
1002
{
1070
     5
1000
2104536
1002
}
1002
{
1070
     3
1000
-2000281
1002
}
  0
MTEXT
  5
66C
330
64A
100
AcDbEntity
  8
G-ANNO-TTLB
100
AcDbMText
 10
322.37581789387
 20
-39.61059221557456
 30
0.0
 40
2.5
 41
11.78480625
 46
0.0
 71
     1
 72
     1
  1
DATE:
  7
Calibri_B
 73
     2
 44
1.0
1001
REVIT
1002
{
1070
     1
1000
1936023
1002
}
1002
{
1070
     5
1000
2104536
1002
}
  0
MTEXT
  5
66D
330
64A
100
AcDbEntity
  8
G-ANNO-TTLB
100
AcDbMText
 10
336.0076935326871
 20
-39.61059221557456
 30
0.0
 40
2.5
 41
17.1561125
 46
0.0
 71
     1
 72
     1
  1
DRAWN:
  7
Calibri_B
 73
     2
 44
1.0
1001
REVIT
1002
{
1070
     1
1000
1936023
1002
}
1002
{
1070
     5
1000
2104536
1002
}
  0
MTEXT
  5
66E
330
64A
100
AcDbEntity
  8
G-ANNO-TTLB
100
AcDbMText
 10
290.1189676156054
 20
-39.61059221557456
 30
0.0
 40
2.5
 41
20.202525
 46
0.0
 71
     1
 72
     1
  1
REVISION:
  7
Calibri_B
 73
     2
 44
1.0
1001
REVIT
1002
{
1070
     1
1000
1936023
1002
}
1002
{
1070
     5
1000
2104536
1002
}
  0
MTEXT
  5
66F
330
64A
100
AcDbEntity
  8
G-ANNO-TTLB
100
AcDbMText
 10
272.3206735472587
 20
-39.61059221557456
 30
0.0
 40
2.5
 41
12.506325
 46
0.0
 71
     1
 72
     1
  1
ISSUE:
  7
Calibri_B
 73
     2
 44
1.0
1001
REVIT
1002
{
1070
     1
1000
1936023
1002
}
1002
{
1070
     5
1000
2104536
1002
}
  0
MTEXT
  5
671
330
64A
100
AcDbEntity
  8
G-ANNO-TTLB
100
AcDbMText
 10
68.1426652677417
 20
-60.61479567330471
 30
0.0
 40
2.0
 41
21.88606875
 46
0.0
 71
     1
 72
     1
  1
02 8882 9111 
  7
Calibri_4
 73
     2
 44
1.0
1001
REVIT
1002
{
1070
     1
1000
1936023
1002
}
1002
{
1070
     5
1000
2104536
1002
}
  0
MTEXT
  5
673
330
64A
100
AcDbEntity
  8
G-ANNO-TTLB
100
AcDbMText
 10
86.2004777677417
 20
-60.61479567330471
 30
0.0
 40
2.0
 41
51.70884375
 46
0.0
 71
     1
 72
     1
  1
       www.horizonhomes.com.au
  7
Calibri_B_1
 73
     2
 44
1.0
1001
REVIT
1002
{
1070
     1
1000
1936023
1002
}
1002
{
1070
     5
1000
2104536
1002
}
  0
MTEXT
  5
674
330
64A
100
AcDbEntity
  8
G-ANNO-TTLB
100
AcDbMText
 10
128.8645402677417
 20
-60.61479567330471
 30
0.0
 40
2.0
 41
6.172993750000002
 46
0.0
 71
     1
 72
     1
  1
       
  7
Calibri_4
 73
     2
 44
1.0
1001
REVIT
1002
{
1070
     1
1000
1936023
1002
}
1002
{
1070
     5
1000
2104536
1002
}
  0
MTEXT
  5
675
330
64A
100
AcDbEntity
  8
G-ANNO-TTLB
100
AcDbMText
 10
130.9889740520175
 20
-45.88446416982593
 30
0.0
 40
2.5
 41
9.4599125
 46
0.0
 71
     1
 72
     1
  1
SITE:
  7
Calibri_B
 73
     2
 44
1.0
1001
REVIT
1002
{
1070
     1
1000
1936023
1002
}
1002
{
1070
     5
1000
2104536
1002
}
  0
MTEXT
  5
677
330
64A
100
AcDbEntity
  8
G-ANNO-TTLB
100
AcDbMText
 10
151.8999819644038
 20
-45.35529750315926
 30
0.0
 40
2.5
 41
7.054850000000001
 46
0.0
 71
     1
 72
     1
  1
Lot:
  7
Arial
 73
     2
 44
1.0
1001
REVIT
1002
{
1070
     1
1000
1936023
1002
}
1002
{
1070
     5
1000
2104536
1002
}
  0
MTEXT
  5
678
330
64A
100
AcDbEntity
  8
G-ANNO-TTLB
100
AcDbMText
 10
221.5795230012161
 20
-45.98003336234772
 30
0.0
 40
2.5
 41
13.22784375
 46
0.0
 71
     1
 72
     1
  1
SCALE:
  7
Calibri_B
 73
     2
 44
1.0
1001
REVIT
1002
{
1070
     1
1000
1936023
1002
}
1002
{
1070
     5
1000
2104536
1002
}
  0
MTEXT
  5
679
330
64A
100
AcDbEntity
  8
G-ANNO-TTLB
100
AcDbMText
 10
221.5795230012161
 20
-59.62182319915986
 30
0.0
 40
2.5
 41
18.7594875
 46
0.0
 71
     1
 72
     1
  1
PAGE No:
  7
Calibri_B
 73
     2
 44
1.0
1001
REVIT
1002
{
1070
     1
1000
1936023
1002
}
1002
{
1070
     5
1000
2104536
1002
}
  0
MTEXT
  5
67A
330
64A
100
AcDbEntity
  8
G-ANNO-TTLB
100
AcDbMText
 10
221.5795230012161
 20
-52.75956284558896
 30
0.0
 40
2.5
 41
18.278475
 46
0.0
 71
     1
 72
     1
  1
DWG No:
  7
Calibri_B
 73
     2
 44
1.0
1001
REVIT
1002
{
1070
     1
1000
1936023
1002
}
1002
{
1070
     5
1000
2104536
1002
}
  0
MTEXT
  5
67B
330
64A
100
AcDbEntity
  8
G-ANNO-TTLB
100
AcDbMText
 10
221.5795230012161
 20
-38.45616140809625
 30
0.0
 40
2.5
 41
13.46835
 46
0.0
 71
     1
 72
     1
  1
SHEET:
  7
Calibri_B
 73
     2
 44
1.0
1001
REVIT
1002
{
1070
     1
1000
1936023
1002
}
1002
{
1070
     5
1000
2104536
1002
}
  0
MTEXT
  5
67C
330
64A
100
AcDbEntity
  8
G-ANNO-TTLB
100
AcDbMText
 10
178.6241183637757
 20
-45.35529750315926
 30
0.0
 40
2.5
 41
13.6286875
 46
0.0
 71
     1
 72
     1
  1
DP No:
  7
Arial
 73
     2
 44
1.0
1001
REVIT
1002
{
1070
     1
1000
1936023
1002
}
1002
{
1070
     5
1000
2104536
1002
}
  0
ENDBLK
  5
67E
330
64A
100
AcDbEntity
  8
0
100
AcDbBlockEnd
  0
ENDSEC
  0
SECTION
  2
ENTITIES
  0
HATCH
  5
8C
330
70
100
AcDbEntity
  8
A-DETL-GENF
 62
    10
100
AcDbHatch
 10
0.0
 20
0.0
 30
0.0
210
0.0
220
0.0
230
1.0
  2
SOLID
 70
     1
 71
     0
 91
        1
 92
        1
 93
        4
 72
     1
 10
2547.717750202429
 20
2986.550733252624
 11
2557.717750202428
 21
2986.550733252624
 72
     1
 10
2557.717750202428
 20
2986.550733252624
 11
2557.717750202428
 21
3086.550733252624
 72
     1
 10
2557.717750202428
 20
3086.550733252624
 11
2547.717750202429
 21
3086.550733252624
 72
     1
 10
2547.717750202429
 20
3086.550733252624
 11
2547.717750202429
 21
2986.550733252624
 97
        0
 75
     0
 76
     1
 98
        1
 10
0.0
 20
0.0
1001
REVIT
1002
{
1070
     1
1000
2205724
1002
}
1002
{
1070
     5
1000
1943470
1002
}
1002
{
1070
     2
1000
-2002000
1002
}
  0
HATCH
  5
91
330
70
100
AcDbEntity
  8
A-DETL-GENF
 62
    10
100
AcDbHatch
 10
0.0
 20
0.0
 30
0.0
210
0.0
220
0.0
230
1.0
  2
SOLID
 70
     1
 71
     0
 91
        1
 92
        1
 93
        4
 72
     1
 10
3767.717750202429
 20
2986.550733252622
 11
3777.717750202429
 21
2986.550733252622
 72
     1
 10
3777.717750202429
 20
2986.550733252622
 11
3777.717750202429
 21
3086.550733252622
 72
     1
 10
3777.717750202429
 20
3086.550733252622
 11
3767.717750202429
 21
3086.550733252622
 72
     1
 10
3767.717750202429
 20
3086.550733252622
 11
3767.717750202429
 21
2986.550733252622
 97
        0
 75
     0
 76
     1
 98
        1
 10
0.0
 20
0.0
1001
REVIT
1002
{
1070
     1
1000
2205731
1002
}
1002
{
1070
     5
1000
1943470
1002
}
1002
{
1070
     2
1000
-2002000
1002
}
  0
LINE
  5
92
330
70
100
AcDbEntity
  8
A-DETL
100
AcDbLine
 10
3767.717750202424
 20
2968.620410514933
 30
0.0
 11
3767.717750202424
 21
2986.550733252618
 31
0.0
1001
REVIT
1002
{
1070
     1
1000
2205746
1002
}
1002
{
1070
     2
1000
-2000051
1002
}
1002
{
1070
     3
1000
2107540
1002
}
  0
LINE
  5
93
330
70
100
AcDbEntity
  8
A-DETL
100
AcDbLine
 10
3657.717750202424
 20
2967.882414724165
 30
0.0
 11
3657.717750202424
 21
3053.988635870817
 31
0.0
1001
REVIT
1002
{
1070
     1
1000
2205747
1002
}
1002
{
1070
     2
1000
-2000051
1002
}
1002
{
1070
     3
1000
2107540
1002
}
  0
LINE
  5
94
330
70
100
AcDbEntity
  8
A-DETL
100
AcDbLine
 10
3644.717750202424
 20
2967.882414724165
 30
0.0
 11
3644.717750202424
 21
3053.988635870817
 31
0.0
1001
REVIT
1002
{
1070
     1
1000
2205749
1002
}
1002
{
1070
     2
1000
-2000051
1002
}
1002
{
1070
     3
1000
2107540
1002
}
  0
LINE
  5
95
330
70
100
AcDbEntity
  8
A-DETL
100
AcDbLine
 10
3534.717750202423
 20
2967.882414724165
 30
0.0
 11
3534.717750202423
 21
3053.988635870817
 31
0.0
1001
REVIT
1002
{
1070
     1
1000
2205750
1002
}
1002
{
1070
     2
1000
-2000051
1002
}
1002
{
1070
     3
1000
2107540
1002
}
  0
LINE
  5
96
330
70
100
AcDbEntity
  8
A-DETL
100
AcDbLine
 10
3522.717750202424
 20
2967.882414724165
 30
0.0
 11
3522.717750202424
 21
3053.988635870817
 31
0.0
1001
REVIT
1002
{
1070
     1
1000
2205752
1002
}
1002
{
1070
     2
1000
-2000051
1002
}
1002
{
1070
     3
1000
2107540
1002
}
  0
LINE
  5
97
330
70
100
AcDbEntity
  8
A-DETL
100
AcDbLine
 10
2683.717750202423
 20
2967.882414724164
 30
0.0
 11
2683.717750202423
 21
3053.988635870817
 31
0.0
1001
REVIT
1002
{
1070
     1
1000
2205753
1002
}
1002
{
1070
     2
1000
-2000051
1002
}
1002
{
1070
     3
1000
2107288
1002
}
  0
LINE
  5
98
330
70
100
AcDbEntity
  8
A-DETL
100
AcDbLine
 10
2683.717750202423
 20
2967.882414724164
 30
0.0
 11
2683.717750202423
 21
3053.988635870817
 31
0.0
1001
REVIT
1002
{
1070
     1
1000
2205757
1002
}
1002
{
1070
     2
1000
-2000051
1002
}
1002
{
1070
     3
1000
2107540
1002
}
  0
LINE
  5
99
330
70
100
AcDbEntity
  8
A-DETL
100
AcDbLine
 10
2670.717750202424
 20
2967.882414724164
 30
0.0
 11
2670.717750202424
 21
3053.988635870817
 31
0.0
1001
REVIT
1002
{
1070
     1
1000
2205758
1002
}
1002
{
1070
     2
1000
-2000051
1002
}
1002
{
1070
     3
1000
2107540
1002
}
  0
LINE
  5
9A
330
70
100
AcDbEntity
  8
A-DETL
100
AcDbLine
 10
2557.717750202424
 20
2969.494406708728
 30
0.0
 11
2557.717750202424
 21
2986.55073325262
 31
0.0
1001
REVIT
1002
{
1070
     1
1000
2205759
1002
}
1002
{
1070
     2
1000
-2000051
1002
}
1002
{
1070
     3
1000
2107540
1002
}
  0
LINE
  5
9B
330
70
100
AcDbEntity
  8
A-DETL
100
AcDbLine
 10
3413.776548462147
 20
2967.882414724165
 30
0.0
 11
3413.776548462147
 21
3053.988635870817
 31
0.0
1001
REVIT
1002
{
1070
     1
1000
2205764
1002
}
1002
{
1070
     2
1000
-2000051
1002
}
1002
{
1070
     3
1000
2107540
1002
}
  0
LINE
  5
9C
330
70
100
AcDbEntity
  8
A-DETL
100
AcDbLine
 10
3400.776548462148
 20
2967.882414724165
 30
0.0
 11
3400.776548462148
 21
3053.988635870817
 31
0.0
1001
REVIT
1002
{
1070
     1
1000
2205765
1002
}
1002
{
1070
     2
1000
-2000051
1002
}
1002
{
1070
     3
1000
2107540
1002
}
  0
LINE
  5
9D
330
70
100
AcDbEntity
  8
A-DETL
100
AcDbLine
 10
3290.776548462147
 20
2967.882414724165
 30
0.0
 11
3290.776548462147
 21
3053.988635870817
 31
0.0
1001
REVIT
1002
{
1070
     1
1000
2205766
1002
}
1002
{
1070
     2
1000
-2000051
1002
}
1002
{
1070
     3
1000
2107540
1002
}
  0
LINE
  5
9E
330
70
100
AcDbEntity
  8
A-DETL
100
AcDbLine
 10
3278.776548462148
 20
2967.882414724165
 30
0.0
 11
3278.776548462148
 21
3053.988635870817
 31
0.0
1001
REVIT
1002
{
1070
     1
1000
2205768
1002
}
1002
{
1070
     2
1000
-2000051
1002
}
1002
{
1070
     3
1000
2107540
1002
}
  0
LINE
  5
9F
330
70
100
AcDbEntity
  8
A-DETL
100
AcDbLine
 10
3169.835346721871
 20
2967.882414724165
 30
0.0
 11
3169.835346721871
 21
3053.988635870817
 31
0.0
1001
REVIT
1002
{
1070
     1
1000
2205771
1002
}
1002
{
1070
     2
1000
-2000051
1002
}
1002
{
1070
     3
1000
2107540
1002
}
  0
LINE
  5
A0
330
70
100
AcDbEntity
  8
A-DETL
100
AcDbLine
 10
3156.835346721871
 20
2967.882414724166
 30
0.0
 11
3156.835346721871
 21
3053.988635870817
 31
0.0
1001
REVIT
1002
{
1070
     1
1000
2205772
1002
}
1002
{
1070
     2
1000
-2000051
1002
}
1002
{
1070
     3
1000
2107540
1002
}
  0
LINE
  5
A1
330
70
100
AcDbEntity
  8
A-DETL
100
AcDbLine
 10
3046.835346721871
 20
2967.882414724166
 30
0.0
 11
3046.835346721871
 21
3053.988635870817
 31
0.0
1001
REVIT
1002
{
1070
     1
1000
2205773
1002
}
1002
{
1070
     2
1000
-2000051
1002
}
1002
{
1070
     3
1000
2107540
1002
}
  0
LINE
  5
A2
330
70
100
AcDbEntity
  8
A-DETL
100
AcDbLine
 10
3034.835346721871
 20
2967.882414724165
 30
0.0
 11
3034.835346721871
 21
3053.988635870817
 31
0.0
1001
REVIT
1002
{
1070
     1
1000
2205775
1002
}
1002
{
1070
     2
1000
-2000051
1002
}
1002
{
1070
     3
1000
2107540
1002
}
  0
LINE
  5
A3
330
70
100
AcDbEntity
  8
A-DETL
100
AcDbLine
 10
2925.894144981595
 20
2967.882414724165
 30
0.0
 11
2925.894144981595
 21
3053.988635870817
 31
0.0
1001
REVIT
1002
{
1070
     1
1000
2205778
1002
}
1002
{
1070
     2
1000
-2000051
1002
}
1002
{
1070
     3
1000
2107540
1002
}
  0
LINE
  5
A4
330
70
100
AcDbEntity
  8
A-DETL
100
AcDbLine
 10
2912.894144981595
 20
2967.882414724166
 30
0.0
 11
2912.894144981595
 21
3053.988635870817
 31
0.0
1001
REVIT
1002
{
1070
     1
1000
2205779
1002
}
1002
{
1070
     2
1000
-2000051
1002
}
1002
{
1070
     3
1000
2107540
1002
}
  0
LINE
  5
A5
330
70
100
AcDbEntity
  8
A-DETL
100
AcDbLine
 10
2802.894144981594
 20
2967.882414724166
 30
0.0
 11
2802.894144981594
 21
3053.988635870817
 31
0.0
1001
REVIT
1002
{
1070
     1
1000
2205780
1002
}
1002
{
1070
     2
1000
-2000051
1002
}
1002
{
1070
     3
1000
2107540
1002
}
  0
LINE
  5
A6
330
70
100
AcDbEntity
  8
A-DETL
100
AcDbLine
 10
2790.894144981595
 20
2967.882414724165
 30
0.0
 11
2790.894144981595
 21
3053.988635870817
 31
0.0
1001
REVIT
1002
{
1070
     1
1000
2205782
1002
}
1002
{
1070
     2
1000
-2000051
1002
}
1002
{
1070
     3
1000
2107540
1002
}
  0
LINE
  5
A7
330
70
100
AcDbEntity
  8
A-DETL
100
AcDbLine
 10
2557.717750202424
 20
2986.55073325262
 30
0.0
 11
2557.717750202424
 21
3086.55073325262
 31
0.0
1001
REVIT
1002
{
1070
     1
1000
2205724
1002
}
1002
{
1070
     5
1000
1943470
1002
}
1002
{
1070
     2
1000
-2000051
1002
}
1002
{
1070
     3
1000
2107288
1002
}
  0
LINE
  5
A8
330
70
100
AcDbEntity
  8
A-DETL
100
AcDbLine
 10
2557.717750202424
 20
3086.55073325262
 30
0.0
 11
2547.717750202424
 21
3086.55073325262
 31
0.0
1001
REVIT
1002
{
1070
     1
1000
2205724
1002
}
1002
{
1070
     5
1000
1943470
1002
}
1002
{
1070
     2
1000
-2000051
1002
}
1002
{
1070
     3
1000
2107288
1002
}
  0
LINE
  5
A9
330
70
100
AcDbEntity
  8
A-DETL
100
AcDbLine
 10
2547.717750202424
 20
3086.55073325262
 30
0.0
 11
2547.717750202424
 21
2986.55073325262
 31
0.0
1001
REVIT
1002
{
1070
     1
1000
2205724
1002
}
1002
{
1070
     5
1000
1943470
1002
}
1002
{
1070
     2
1000
-2000051
1002
}
1002
{
1070
     3
1000
2107288
1002
}
  0
LINE
  5
AA
330
70
100
AcDbEntity
  8
A-DETL
100
AcDbLine
 10
2547.717750202424
 20
2986.55073325262
 30
0.0
 11
2557.717750202424
 21
2986.55073325262
 31
0.0
1001
REVIT
1002
{
1070
     1
1000
2205724
1002
}
1002
{
1070
     5
1000
1943470
1002
}
1002
{
1070
     2
1000
-2000051
1002
}
1002
{
1070
     3
1000
2107288
1002
}
  0
LINE
  5
AB
330
70
100
AcDbEntity
  8
A-DETL
100
AcDbLine
 10
3777.717750202423
 20
2986.550733252618
 30
0.0
 11
3777.717750202423
 21
3086.550733252618
 31
0.0
1001
REVIT
1002
{
1070
     1
1000
2205731
1002
}
1002
{
1070
     5
1000
1943470
1002
}
1002
{
1070
     2
1000
-2000051
1002
}
1002
{
1070
     3
1000
2107288
1002
}
  0
LINE
  5
AC
330
70
100
AcDbEntity
  8
A-DETL
100
AcDbLine
 10
3777.717750202423
 20
3086.550733252618
 30
0.0
 11
3767.717750202424
 21
3086.550733252618
 31
0.0
1001
REVIT
1002
{
1070
     1
1000
2205731
1002
}
1002
{
1070
     5
1000
1943470
1002
}
1002
{
1070
     2
1000
-2000051
1002
}
1002
{
1070
     3
1000
2107288
1002
}
  0
LINE
  5
AD
330
70
100
AcDbEntity
  8
A-DETL
100
AcDbLine
 10
3767.717750202424
 20
3086.550733252618
 30
0.0
 11
3767.717750202424
 21
2986.550733252618
 31
0.0
1001
REVIT
1002
{
1070
     1
1000
2205731
1002
}
1002
{
1070
     5
1000
1943470
1002
}
1002
{
1070
     2
1000
-2000051
1002
}
1002
{
1070
     3
1000
2107288
1002
}
  0
LINE
  5
AE
330
70
100
AcDbEntity
  8
A-DETL
100
AcDbLine
 10
3767.717750202424
 20
2986.550733252618
 30
0.0
 11
3777.717750202423
 21
2986.550733252618
 31
0.0
1001
REVIT
1002
{
1070
     1
1000
2205731
1002
}
1002
{
1070
     5
1000
1943470
1002
}
1002
{
1070
     2
1000
-2000051
1002
}
1002
{
1070
     3
1000
2107288
1002
}
  0
HATCH
  5
B4
330
70
100
AcDbEntity
  8
A-DETL-GENF
 62
     8
100
AcDbHatch
 10
0.0
 20
0.0
 30
0.0
210
0.0
220
0.0
230
1.0
  2
FP_1
 70
     0
 71
     0
 91
        1
 92
        1
 93
        4
 72
     1
 10
3806.765281281926
 20
3217.882414724163
 11
3806.765281281926
 21
3127.107452121034
 72
     1
 10
3806.765281281926
 20
3127.107452121034
 11
4166.765281281927
 21
3127.107452121034
 72
     1
 10
4166.765281281927
 20
3127.107452121034
 11
4075.990318678799
 21
3217.882414724163
 72
     1
 10
4075.990318678799
 20
3217.882414724163
 11
3806.765281281926
 21
3217.882414724163
 97
        0
 75
     0
 76
     2
 52
0.0
 41
1.0
 77
     0
 78
     1
 53
45.0
 43
0.0
 44
0.0
 45
-21.21320343559643
 46
21.21320343559643
 79
     0
 98
        1
 10
0.0
 20
0.0
1001
HATCHBACKGROUNDCOLOR
1071
-1023410177
1000

1000

1001
REVIT
1002
{
1070
     1
1000
2205792
1002
}
1002
{
1070
     5
1000
2205817
1002
}
1002
{
1070
     2
1000
-2002000
1002
}
  0
LINE
  5
B5
330
70
100
AcDbEntity
  8
A-DETL
100
AcDbLine
 10
4075.990318678794
 20
3217.882414724159
 30
0.0
 11
3806.765281281921
 21
3217.882414724159
 31
0.0
1001
REVIT
1002
{
1070
     1
1000
2205792
1002
}
1002
{
1070
     5
1000
2205817
1002
}
1002
{
1070
     2
1000
-2000051
1002
}
1002
{
1070
     3
1000
2107288
1002
}
  0
LINE
  5
B6
330
70
100
AcDbEntity
  8
A-DETL
100
AcDbLine
 10
3806.765281281921
 20
3217.882414724159
 30
0.0
 11
3806.765281281921
 21
3127.107452121031
 31
0.0
1001
REVIT
1002
{
1070
     1
1000
2205792
1002
}
1002
{
1070
     5
1000
2205817
1002
}
1002
{
1070
     2
1000
-2000051
1002
}
1002
{
1070
     3
1000
2107288
1002
}
  0
LINE
  5
B7
330
70
100
AcDbEntity
  8
A-DETL
100
AcDbLine
 10
3806.765281281921
 20
3127.107452121031
 30
0.0
 11
4166.765281281922
 21
3127.107452121031
 31
0.0
1001
REVIT
1002
{
1070
     1
1000
2205792
1002
}
1002
{
1070
     5
1000
2205817
1002
}
1002
{
1070
     2
1000
-2000051
1002
}
1002
{
1070
     3
1000
2107288
1002
}
  0
HATCH
  5
BC
330
70
100
AcDbEntity
  8
A-DETL-GENF
 62
     8
100
AcDbHatch
 10
0.0
 20
0.0
 30
0.0
210
0.0
220
0.0
230
1.0
  2
FP_1
 70
     0
 71
     0
 91
        1
 92
        1
 93
        4
 72
     1
 10
2159.536048787871
 20
3127.882414724168
 11
2518.761086184744
 21
3127.882414724166
 72
     1
 10
2518.761086184744
 20
3127.882414724166
 11
2518.761086184744
 21
3217.882414724167
 72
     1
 10
2518.761086184744
 20
3217.882414724167
 11
2249.536048787872
 21
3217.882414724168
 72
     1
 10
2249.536048787872
 20
3217.882414724168
 11
2159.536048787871
 21
3127.882414724168
 97
        0
 75
     0
 76
     2
 52
0.0
 41
1.0
 77
     0
 78
     1
 53
45.0
 43
0.0
 44
0.0
 45
-21.21320343559643
 46
21.21320343559643
 79
     0
 98
        1
 10
0.0
 20
0.0
1001
HATCHBACKGROUNDCOLOR
1071
-1023410177
1000

1000

1001
REVIT
1002
{
1070
     1
1000
2205802
1002
}
1002
{
1070
     5
1000
2205817
1002
}
1002
{
1070
     2
1000
-2002000
1002
}
  0
LINE
  5
BD
330
70
100
AcDbEntity
  8
A-DETL
100
AcDbLine
 10
2159.536048787868
 20
3127.882414724164
 30
0.0
 11
2518.76108618474
 21
3127.882414724162
 31
0.0
1001
REVIT
1002
{
1070
     1
1000
2205802
1002
}
1002
{
1070
     5
1000
2205817
1002
}
1002
{
1070
     2
1000
-2000051
1002
}
1002
{
1070
     3
1000
2107288
1002
}
  0
LINE
  5
BE
330
70
100
AcDbEntity
  8
A-DETL
100
AcDbLine
 10
2518.76108618474
 20
3127.882414724162
 30
0.0
 11
2518.761086184741
 21
3217.882414724162
 31
0.0
1001
REVIT
1002
{
1070
     1
1000
2205802
1002
}
1002
{
1070
     5
1000
2205817
1002
}
1002
{
1070
     2
1000
-2000051
1002
}
1002
{
1070
     3
1000
2107288
1002
}
  0
LINE
  5
BF
330
70
100
AcDbEntity
  8
A-DETL
100
AcDbLine
 10
2518.761086184741
 20
3217.882414724162
 30
0.0
 11
2249.536048787868
 21
3217.882414724164
 31
0.0
1001
REVIT
1002
{
1070
     1
1000
2205802
1002
}
1002
{
1070
     5
1000
2205817
1002
}
1002
{
1070
     2
1000
-2000051
1002
}
1002
{
1070
     3
1000
2107288
1002
}
  0
LINE
  5
C0
330
70
100
AcDbEntity
  8
A-DETL
100
AcDbLine
 10
2317.717750202424
 20
3077.882414724162
 30
0.0
 11
2547.717750202424
 21
3077.882414724162
 31
0.0
1001
REVIT
1002
{
1070
     1
1000
2205629
1002
}
1002
{
1070
     2
1000
-2000051
1002
}
1002
{
1070
     3
1000
2107288
1002
}
  0
LINE
  5
C1
330
70
100
AcDbEntity
  8
A-DETL
100
AcDbLine
 10
2317.717750202424
 20
2967.882414724162
 30
0.0
 11
2317.717750202424
 21
3077.882414724162
 31
0.0
1001
REVIT
1002
{
1070
     1
1000
2205630
1002
}
1002
{
1070
     2
1000
-2000051
1002
}
1002
{
1070
     3
1000
2107288
1002
}
  0
LINE
  5
C2
330
70
100
AcDbEntity
  8
A-DETL
100
AcDbLine
 10
2547.717750202424
 20
2967.882414724162
 30
0.0
 11
2317.717750202424
 21
2967.882414724162
 31
0.0
1001
REVIT
1002
{
1070
     1
1000
2205631
1002
}
1002
{
1070
     2
1000
-2000051
1002
}
1002
{
1070
     3
1000
2107288
1002
}
  0
LINE
  5
C3
330
70
100
AcDbEntity
  8
A-DETL
100
AcDbLine
 10
2547.717750202424
 20
3077.882414724162
 30
0.0
 11
2547.717750202424
 21
2967.882414724162
 31
0.0
1001
REVIT
1002
{
1070
     1
1000
2205632
1002
}
1002
{
1070
     2
1000
-2000051
1002
}
1002
{
1070
     3
1000
2107288
1002
}
  0
LINE
  5
C4
330
70
100
AcDbEntity
  8
A-DETL
100
AcDbLine
 10
2077.717750202424
 20
3077.882414724163
 30
0.0
 11
2307.717750202424
 21
3077.882414724163
 31
0.0
1001
REVIT
1002
{
1070
     1
1000
2205633
1002
}
1002
{
1070
     2
1000
-2000051
1002
}
1002
{
1070
     3
1000
2107288
1002
}
  0
LINE
  5
C5
330
70
100
AcDbEntity
  8
A-DETL
100
AcDbLine
 10
2077.717750202424
 20
2967.882414724163
 30
0.0
 11
2077.717750202424
 21
3077.882414724163
 31
0.0
1001
REVIT
1002
{
1070
     1
1000
2205634
1002
}
1002
{
1070
     2
1000
-2000051
1002
}
1002
{
1070
     3
1000
2107288
1002
}
  0
LINE
  5
C6
330
70
100
AcDbEntity
  8
A-DETL
100
AcDbLine
 10
2307.717750202424
 20
2967.882414724163
 30
0.0
 11
2077.717750202424
 21
2967.882414724163
 31
0.0
1001
REVIT
1002
{
1070
     1
1000
2205635
1002
}
1002
{
1070
     2
1000
-2000051
1002
}
1002
{
1070
     3
1000
2107288
1002
}
  0
LINE
  5
C7
330
70
100
AcDbEntity
  8
A-DETL
100
AcDbLine
 10
2307.717750202424
 20
3077.882414724163
 30
0.0
 11
2307.717750202424
 21
2967.882414724163
 31
0.0
1001
REVIT
1002
{
1070
     1
1000
2205636
1002
}
1002
{
1070
     2
1000
-2000051
1002
}
1002
{
1070
     3
1000
2107288
1002
}
  0
LINE
  5
C8
330
70
100
AcDbEntity
  8
A-DETL
100
AcDbLine
 10
3777.717750202423
 20
3077.88241472416
 30
0.0
 11
4007.717750202423
 21
3077.88241472416
 31
0.0
1001
REVIT
1002
{
1070
     1
1000
2205637
1002
}
1002
{
1070
     2
1000
-2000051
1002
}
1002
{
1070
     3
1000
2107288
1002
}
  0
LINE
  5
C9
330
70
100
AcDbEntity
  8
A-DETL
100
AcDbLine
 10
3777.717750202423
 20
2967.88241472416
 30
0.0
 11
3777.717750202423
 21
3077.88241472416
 31
0.0
1001
REVIT
1002
{
1070
     1
1000
2205638
1002
}
1002
{
1070
     2
1000
-2000051
1002
}
1002
{
1070
     3
1000
2107288
1002
}
  0
LINE
  5
CA
330
70
100
AcDbEntity
  8
A-DETL
100
AcDbLine
 10
4007.717750202423
 20
2967.88241472416
 30
0.0
 11
3777.717750202423
 21
2967.88241472416
 31
0.0
1001
REVIT
1002
{
1070
     1
1000
2205639
1002
}
1002
{
1070
     2
1000
-2000051
1002
}
1002
{
1070
     3
1000
2107288
1002
}
  0
LINE
  5
CB
330
70
100
AcDbEntity
  8
A-DETL
100
AcDbLine
 10
4007.717750202423
 20
3077.88241472416
 30
0.0
 11
4007.717750202423
 21
2967.88241472416
 31
0.0
1001
REVIT
1002
{
1070
     1
1000
2205640
1002
}
1002
{
1070
     2
1000
-2000051
1002
}
1002
{
1070
     3
1000
2107288
1002
}
  0
LINE
  5
CC
330
70
100
AcDbEntity
  8
A-DETL
100
AcDbLine
 10
4017.717750202423
 20
3077.882414724159
 30
0.0
 11
4247.717750202423
 21
3077.882414724159
 31
0.0
1001
REVIT
1002
{
1070
     1
1000
2205641
1002
}
1002
{
1070
     2
1000
-2000051
1002
}
1002
{
1070
     3
1000
2107288
1002
}
  0
LINE
  5
CD
330
70
100
AcDbEntity
  8
A-DETL
100
AcDbLine
 10
4017.717750202423
 20
2967.882414724159
 30
0.0
 11
4017.717750202423
 21
3077.882414724159
 31
0.0
1001
REVIT
1002
{
1070
     1
1000
2205642
1002
}
1002
{
1070
     2
1000
-2000051
1002
}
1002
{
1070
     3
1000
2107288
1002
}
  0
LINE
  5
CE
330
70
100
AcDbEntity
  8
A-DETL
100
AcDbLine
 10
4247.717750202423
 20
2967.882414724159
 30
0.0
 11
4017.717750202423
 21
2967.882414724159
 31
0.0
1001
REVIT
1002
{
1070
     1
1000
2205643
1002
}
1002
{
1070
     2
1000
-2000051
1002
}
1002
{
1070
     3
1000
2107288
1002
}
  0
LINE
  5
CF
330
70
100
AcDbEntity
  8
A-DETL
100
AcDbLine
 10
4247.717750202423
 20
3077.882414724159
 30
0.0
 11
4247.717750202423
 21
2967.882414724159
 31
0.0
1001
REVIT
1002
{
1070
     1
1000
2205644
1002
}
1002
{
1070
     2
1000
-2000051
1002
}
1002
{
1070
     3
1000
2107288
1002
}
  0
CIRCLE
  5
D0
330
70
100
AcDbEntity
  8
A-DETL
100
AcDbCircle
 10
3823.750310960749
 20
3023.271605503211
 30
0.0
 40
19.99999999999955
1001
REVIT
1002
{
1070
     1
1000
2205645
1002
}
1002
{
1070
     2
1000
-2000051
1002
}
1002
{
1070
     3
1000
2107288
1002
}
  0
CIRCLE
  5
D1
330
70
100
AcDbEntity
  8
A-DETL
100
AcDbCircle
 10
3889.583266213119
 20
3023.445317406442
 30
0.0
 40
20.0
1001
REVIT
1002
{
1070
     1
1000
2205646
1002
}
1002
{
1070
     2
1000
-2000051
1002
}
1002
{
1070
     3
1000
2107288
1002
}
  0
CIRCLE
  5
D2
330
70
100
AcDbEntity
  8
A-DETL
100
AcDbCircle
 10
3955.421890911721
 20
3023.537842804288
 30
0.0
 40
20.0
1001
REVIT
1002
{
1070
     1
1000
2205647
1002
}
1002
{
1070
     2
1000
-2000051
1002
}
1002
{
1070
     3
1000
2107288
1002
}
  0
CIRCLE
  5
D3
330
70
100
AcDbEntity
  8
A-DETL
100
AcDbCircle
 10
4063.750310960749
 20
3023.271605503209
 30
0.0
 40
19.99999999999955
1001
REVIT
1002
{
1070
     1
1000
2205648
1002
}
1002
{
1070
     2
1000
-2000051
1002
}
1002
{
1070
     3
1000
2107288
1002
}
  0
CIRCLE
  5
D4
330
70
100
AcDbEntity
  8
A-DETL
100
AcDbCircle
 10
4129.583266213118
 20
3023.445317406441
 30
0.0
 40
20.0
1001
REVIT
1002
{
1070
     1
1000
2205649
1002
}
1002
{
1070
     2
1000
-2000051
1002
}
1002
{
1070
     3
1000
2107288
1002
}
  0
CIRCLE
  5
D5
330
70
100
AcDbEntity
  8
A-DETL
100
AcDbCircle
 10
4195.42189091172
 20
3023.537842804287
 30
0.0
 40
20.0
1001
REVIT
1002
{
1070
     1
1000
2205650
1002
}
1002
{
1070
     2
1000
-2000051
1002
}
1002
{
1070
     3
1000
2107288
1002
}
  0
CIRCLE
  5
D6
330
70
100
AcDbEntity
  8
A-DETL
100
AcDbCircle
 10
2370.000310960749
 20
3023.271605503213
 30
0.0
 40
20.0
1001
REVIT
1002
{
1070
     1
1000
2205651
1002
}
1002
{
1070
     2
1000
-2000051
1002
}
1002
{
1070
     3
1000
2107288
1002
}
  0
CIRCLE
  5
D7
330
70
100
AcDbEntity
  8
A-DETL
100
AcDbCircle
 10
2435.833266213118
 20
3023.445317406444
 30
0.0
 40
20.0
1001
REVIT
1002
{
1070
     1
1000
2205652
1002
}
1002
{
1070
     2
1000
-2000051
1002
}
1002
{
1070
     3
1000
2107288
1002
}
  0
CIRCLE
  5
D8
330
70
100
AcDbEntity
  8
A-DETL
100
AcDbCircle
 10
2501.67189091172
 20
3023.53784280429
 30
0.0
 40
20.0
1001
REVIT
1002
{
1070
     1
1000
2205653
1002
}
1002
{
1070
     2
1000
-2000051
1002
}
1002
{
1070
     3
1000
2107288
1002
}
  0
CIRCLE
  5
D9
330
70
100
AcDbEntity
  8
A-DETL
100
AcDbCircle
 10
2132.500310960751
 20
3023.271605503214
 30
0.0
 40
20.0
1001
REVIT
1002
{
1070
     1
1000
2205654
1002
}
1002
{
1070
     2
1000
-2000051
1002
}
1002
{
1070
     3
1000
2107288
1002
}
  0
CIRCLE
  5
DA
330
70
100
AcDbEntity
  8
A-DETL
100
AcDbCircle
 10
2198.33326621312
 20
3023.445317406445
 30
0.0
 40
20.0
1001
REVIT
1002
{
1070
     1
1000
2205655
1002
}
1002
{
1070
     2
1000
-2000051
1002
}
1002
{
1070
     3
1000
2107288
1002
}
  0
CIRCLE
  5
DB
330
70
100
AcDbEntity
  8
A-DETL
100
AcDbCircle
 10
2264.171890911722
 20
3023.537842804292
 30
0.0
 40
20.0
1001
REVIT
1002
{
1070
     1
1000
2205656
1002
}
1002
{
1070
     2
1000
-2000051
1002
}
1002
{
1070
     3
1000
2107288
1002
}
  0
LINE
  5
DC
330
70
100
AcDbEntity
  8
A-DETL
100
AcDbLine
 10
2519.001634801209
 20
3217.882414724163
 30
0.0
 11
2245.336230714965
 21
3217.882414724163
 31
0.0
1001
REVIT
1002
{
1070
     1
1000
2205657
1002
}
1002
{
1070
     2
1000
-2000051
1002
}
1002
{
1070
     3
1000
2107288
1002
}
  0
LINE
  5
DD
330
70
100
AcDbEntity
  8
A-DETL
100
AcDbLine
 10
2519.001634801209
 20
3127.882414724163
 30
0.0
 11
2519.001634801209
 21
3217.882414724163
 31
0.0
1001
REVIT
1002
{
1070
     1
1000
2205658
1002
}
1002
{
1070
     2
1000
-2000051
1002
}
1002
{
1070
     3
1000
2107288
1002
}
  0
LINE
  5
DE
330
70
100
AcDbEntity
  8
A-DETL
100
AcDbLine
 10
2199.001634801209
 20
3127.882414724163
 30
0.0
 11
2519.001634801209
 21
3127.882414724163
 31
0.0
1001
REVIT
1002
{
1070
     1
1000
2205659
1002
}
1002
{
1070
     2
1000
-2000051
1002
}
1002
{
1070
     3
1000
2107288
1002
}
  0
LINE
  5
DF
330
70
100
AcDbEntity
  8
A-DETL
100
AcDbLine
 10
2555.02640263613
 20
3086.55073325262
 30
0.0
 11
2555.02640263613
 21
3228.270968394684
 31
0.0
1001
REVIT
1002
{
1070
     1
1000
2205660
1002
}
1002
{
1070
     2
1000
-2000051
1002
}
1002
{
1070
     3
1000
2107288
1002
}
  0
LINE
  5
E0
330
70
100
AcDbEntity
  8
A-DETL
100
AcDbLine
 10
2532.334661929252
 20
3086.55073325262
 30
0.0
 11
2555.02640263613
 21
3086.55073325262
 31
0.0
1001
REVIT
1002
{
1070
     1
1000
2205661
1002
}
1002
{
1070
     2
1000
-2000051
1002
}
1002
{
1070
     3
1000
2107288
1002
}
  0
LINE
  5
E1
330
70
100
AcDbEntity
  8
A-DETL
100
AcDbLine
 10
2532.334661929252
 20
3228.270968394685
 30
0.0
 11
2532.334661929252
 21
3086.55073325262
 31
0.0
1001
REVIT
1002
{
1070
     1
1000
2205662
1002
}
1002
{
1070
     2
1000
-2000051
1002
}
1002
{
1070
     3
1000
2107288
1002
}
  0
LINE
  5
E2
330
70
100
AcDbEntity
  8
A-DETL
100
AcDbLine
 10
2565.547118782049
 20
3101.197220436153
 30
0.0
 11
3759.979248684612
 21
3101.197220436153
 31
0.0
1001
REVIT
1002
{
1070
     1
1000
2205663
1002
}
1002
{
1070
     2
1000
-2000051
1002
}
1002
{
1070
     3
1000
2107288
1002
}
  0
LINE
  5
E3
330
70
100
AcDbEntity
  8
A-DETL
100
AcDbLine
 10
2565.547118782049
 20
3053.988635870817
 30
0.0
 11
2565.547118782049
 21
3101.197220436153
 31
0.0
1001
REVIT
1002
{
1070
     1
1000
2205664
1002
}
1002
{
1070
     2
1000
-2000051
1002
}
1002
{
1070
     3
1000
2107288
1002
}
  0
LINE
  5
E4
330
70
100
AcDbEntity
  8
A-DETL
100
AcDbLine
 10
3759.979248684612
 20
3053.988635870817
 30
0.0
 11
2565.547118782049
 21
3053.988635870817
 31
0.0
1001
REVIT
1002
{
1070
     1
1000
2205665
1002
}
1002
{
1070
     2
1000
-2000051
1002
}
1002
{
1070
     3
1000
2107288
1002
}
  0
LINE
  5
E5
330
70
100
AcDbEntity
  8
A-DETL
100
AcDbLine
 10
3759.979248684612
 20
3101.197220436153
 30
0.0
 11
3759.979248684612
 21
3053.988635870817
 31
0.0
1001
REVIT
1002
{
1070
     1
1000
2205666
1002
}
1002
{
1070
     2
1000
-2000051
1002
}
1002
{
1070
     3
1000
2107288
1002
}
  0
LINE
  5
E6
330
70
100
AcDbEntity
  8
A-DETL
100
AcDbLine
 10
3759.979248684612
 20
3101.197220436153
 30
0.0
 11
3771.531407589933
 21
3101.197220436153
 31
0.0
1001
REVIT
1002
{
1070
     1
1000
2205667
1002
}
1002
{
1070
     2
1000
-2000051
1002
}
1002
{
1070
     3
1000
2107288
1002
}
  0
LINE
  5
E7
330
70
100
AcDbEntity
  8
A-DETL
100
AcDbLine
 10
3759.979248684612
 20
3086.197220436152
 30
0.0
 11
3759.979248684612
 21
3101.197220436153
 31
0.0
1001
REVIT
1002
{
1070
     1
1000
2205668
1002
}
1002
{
1070
     2
1000
-2000051
1002
}
1002
{
1070
     3
1000
2107288
1002
}
  0
LINE
  5
E8
330
70
100
AcDbEntity
  8
A-DETL
100
AcDbLine
 10
3771.531407589933
 20
3086.197220436152
 30
0.0
 11
3759.979248684612
 21
3086.197220436152
 31
0.0
1001
REVIT
1002
{
1070
     1
1000
2205669
1002
}
1002
{
1070
     2
1000
-2000051
1002
}
1002
{
1070
     3
1000
2107288
1002
}
  0
LINE
  5
E9
330
70
100
AcDbEntity
  8
A-DETL
100
AcDbLine
 10
3771.531407589933
 20
3101.197220436153
 30
0.0
 11
3771.531407589933
 21
3086.197220436152
 31
0.0
1001
REVIT
1002
{
1070
     1
1000
2205670
1002
}
1002
{
1070
     2
1000
-2000051
1002
}
1002
{
1070
     3
1000
2107288
1002
}
  0
LINE
  5
EA
330
70
100
AcDbEntity
  8
A-DETL
100
AcDbLine
 10
3759.979248684612
 20
3053.988635870817
 30
0.0
 11
3774.508108682038
 21
3053.988635870817
 31
0.0
1001
REVIT
1002
{
1070
     1
1000
2205671
1002
}
1002
{
1070
     2
1000
-2000051
1002
}
1002
{
1070
     3
1000
2107288
1002
}
  0
LINE
  5
EB
330
70
100
AcDbEntity
  8
A-DETL
100
AcDbLine
 10
3759.979248684612
 20
3058.241625079546
 30
0.0
 11
3759.979248684612
 21
3053.988635870817
 31
0.0
1001
REVIT
1002
{
1070
     1
1000
2205672
1002
}
1002
{
1070
     2
1000
-2000051
1002
}
1002
{
1070
     3
1000
2107288
1002
}
  0
LINE
  5
EC
330
70
100
AcDbEntity
  8
A-DETL
100
AcDbLine
 10
3774.508108682038
 20
3058.241625079546
 30
0.0
 11
3759.979248684612
 21
3058.241625079546
 31
0.0
1001
REVIT
1002
{
1070
     1
1000
2205673
1002
}
1002
{
1070
     2
1000
-2000051
1002
}
1002
{
1070
     3
1000
2107288
1002
}
  0
LINE
  5
ED
330
70
100
AcDbEntity
  8
A-DETL
100
AcDbLine
 10
3774.508108682038
 20
3053.988635870817
 30
0.0
 11
3774.508108682038
 21
3058.241625079546
 31
0.0
1001
REVIT
1002
{
1070
     1
1000
2205674
1002
}
1002
{
1070
     2
1000
-2000051
1002
}
1002
{
1070
     3
1000
2107288
1002
}
  0
LINE
  5
EE
330
70
100
AcDbEntity
  8
A-DETL
100
AcDbLine
 10
2565.547118782049
 20
3053.988635870817
 30
0.0
 11
2551.842245041308
 21
3053.988635870817
 31
0.0
1001
REVIT
1002
{
1070
     1
1000
2205675
1002
}
1002
{
1070
     2
1000
-2000051
1002
}
1002
{
1070
     3
1000
2107288
1002
}
  0
LINE
  5
EF
330
70
100
AcDbEntity
  8
A-DETL
100
AcDbLine
 10
2565.547118782049
 20
3058.039492778773
 30
0.0
 11
2565.547118782049
 21
3053.988635870817
 31
0.0
1001
REVIT
1002
{
1070
     1
1000
2205676
1002
}
1002
{
1070
     2
1000
-2000051
1002
}
1002
{
1070
     3
1000
2107288
1002
}
  0
LINE
  5
F0
330
70
100
AcDbEntity
  8
A-DETL
100
AcDbLine
 10
2551.842245041308
 20
3058.039492778773
 30
0.0
 11
2565.547118782049
 21
3058.039492778773
 31
0.0
1001
REVIT
1002
{
1070
     1
1000
2205677
1002
}
1002
{
1070
     2
1000
-2000051
1002
}
1002
{
1070
     3
1000
2107288
1002
}
  0
LINE
  5
F1
330
70
100
AcDbEntity
  8
A-DETL
100
AcDbLine
 10
2551.842245041308
 20
3053.988635870817
 30
0.0
 11
2551.842245041308
 21
3058.039492778773
 31
0.0
1001
REVIT
1002
{
1070
     1
1000
2205678
1002
}
1002
{
1070
     2
1000
-2000051
1002
}
1002
{
1070
     3
1000
2107288
1002
}
  0
LINE
  5
F2
330
70
100
AcDbEntity
  8
A-DETL
100
AcDbLine
 10
2565.547118782049
 20
3086.55073325262
 30
0.0
 11
2555.02640263613
 21
3086.55073325262
 31
0.0
1001
REVIT
1002
{
1070
     1
1000
2205679
1002
}
1002
{
1070
     2
1000
-2000051
1002
}
1002
{
1070
     3
1000
2107288
1002
}
  0
LINE
  5
F3
330
70
100
AcDbEntity
  8
A-DETL
100
AcDbLine
 10
2565.547118782049
 20
3101.197220436153
 30
0.0
 11
2565.547118782049
 21
3086.55073325262
 31
0.0
1001
REVIT
1002
{
1070
     1
1000
2205680
1002
}
1002
{
1070
     2
1000
-2000051
1002
}
1002
{
1070
     3
1000
2107288
1002
}
  0
LINE
  5
F4
330
70
100
AcDbEntity
  8
A-DETL
100
AcDbLine
 10
2555.02640263613
 20
3101.197220436153
 30
0.0
 11
2565.547118782049
 21
3101.197220436153
 31
0.0
1001
REVIT
1002
{
1070
     1
1000
2205681
1002
}
1002
{
1070
     2
1000
-2000051
1002
}
1002
{
1070
     3
1000
2107288
1002
}
  0
LINE
  5
F5
330
70
100
AcDbEntity
  8
A-DETL
100
AcDbLine
 10
2555.02640263613
 20
3086.55073325262
 30
0.0
 11
2555.02640263613
 21
3101.197220436153
 31
0.0
1001
REVIT
1002
{
1070
     1
1000
2205682
1002
}
1002
{
1070
     2
1000
-2000051
1002
}
1002
{
1070
     3
1000
2107288
1002
}
  0
LINE
  5
F6
330
70
100
AcDbEntity
  8
A-DETL
100
AcDbLine
 10
3795.069247054683
 20
3228.270968394684
 30
0.0
 11
3771.127506347805
 21
3228.270968394684
 31
0.0
1001
REVIT
1002
{
1070
     1
1000
2205683
1002
}
1002
{
1070
     2
1000
-2000051
1002
}
1002
{
1070
     3
1000
2107288
1002
}
  0
LINE
  5
F7
330
70
100
AcDbEntity
  8
A-DETL
100
AcDbLine
 10
3795.069247054683
 20
3086.550733252618
 30
0.0
 11
3795.069247054683
 21
3228.270968394684
 31
0.0
1001
REVIT
1002
{
1070
     1
1000
2205684
1002
}
1002
{
1070
     2
1000
-2000051
1002
}
1002
{
1070
     3
1000
2107288
1002
}
  0
LINE
  5
F8
330
70
100
AcDbEntity
  8
A-DETL
100
AcDbLine
 10
3771.127506347805
 20
3086.550733252618
 30
0.0
 11
3795.069247054683
 21
3086.550733252618
 31
0.0
1001
REVIT
1002
{
1070
     1
1000
2205685
1002
}
1002
{
1070
     2
1000
-2000051
1002
}
1002
{
1070
     3
1000
2107288
1002
}
  0
LINE
  5
F9
330
70
100
AcDbEntity
  8
A-DETL
100
AcDbLine
 10
3771.127506347805
 20
3228.270968394684
 30
0.0
 11
3771.127506347805
 21
3086.550733252618
 31
0.0
1001
REVIT
1002
{
1070
     1
1000
2205686
1002
}
1002
{
1070
     2
1000
-2000051
1002
}
1002
{
1070
     3
1000
2107288
1002
}
  0
LINE
  5
FA
330
70
100
AcDbEntity
  8
A-DETL
100
AcDbLine
 10
3795.069247054683
 20
3203.224083157848
 30
0.0
 11
3806.765281281921
 21
3203.224083157848
 31
0.0
1001
REVIT
1002
{
1070
     1
1000
2205687
1002
}
1002
{
1070
     2
1000
-2000051
1002
}
1002
{
1070
     3
1000
2107288
1002
}
  0
LINE
  5
FB
330
70
100
AcDbEntity
  8
A-DETL
100
AcDbLine
 10
3795.069247054683
 20
3141.538247196066
 30
0.0
 11
3795.069247054683
 21
3203.224083157848
 31
0.0
1001
REVIT
1002
{
1070
     1
1000
2205688
1002
}
1002
{
1070
     2
1000
-2000051
1002
}
1002
{
1070
     3
1000
2107288
1002
}
  0
LINE
  5
FC
330
70
100
AcDbEntity
  8
A-DETL
100
AcDbLine
 10
3806.765281281921
 20
3141.538247196066
 30
0.0
 11
3795.069247054683
 21
3141.538247196066
 31
0.0
1001
REVIT
1002
{
1070
     1
1000
2205689
1002
}
1002
{
1070
     2
1000
-2000051
1002
}
1002
{
1070
     3
1000
2107288
1002
}
  0
LINE
  5
FD
330
70
100
AcDbEntity
  8
A-DETL
100
AcDbLine
 10
3806.765281281921
 20
3203.224083157848
 30
0.0
 11
3806.765281281921
 21
3141.538247196066
 31
0.0
1001
REVIT
1002
{
1070
     1
1000
2205690
1002
}
1002
{
1070
     2
1000
-2000051
1002
}
1002
{
1070
     3
1000
2107288
1002
}
  0
LINE
  5
FE
330
70
100
AcDbEntity
  8
A-DETL
100
AcDbLine
 10
2519.001634801209
 20
3203.32275833994
 30
0.0
 11
2532.334661929252
 21
3203.32275833994
 31
0.0
1001
REVIT
1002
{
1070
     1
1000
2205691
1002
}
1002
{
1070
     2
1000
-2000051
1002
}
1002
{
1070
     3
1000
2107288
1002
}
  0
LINE
  5
FF
330
70
100
AcDbEntity
  8
A-DETL
100
AcDbLine
 10
2519.001634801209
 20
3141.518976229091
 30
0.0
 11
2519.001634801209
 21
3203.32275833994
 31
0.0
1001
REVIT
1002
{
1070
     1
1000
2205692
1002
}
1002
{
1070
     2
1000
-2000051
1002
}
1002
{
1070
     3
1000
2107288
1002
}
  0
LINE
  5
100
330
70
100
AcDbEntity
  8
A-DETL
100
AcDbLine
 10
2532.334661929252
 20
3141.518976229091
 30
0.0
 11
2519.001634801209
 21
3141.518976229091
 31
0.0
1001
REVIT
1002
{
1070
     1
1000
2205693
1002
}
1002
{
1070
     2
1000
-2000051
1002
}
1002
{
1070
     3
1000
2107288
1002
}
  0
LINE
  5
101
330
70
100
AcDbEntity
  8
A-DETL
100
AcDbLine
 10
2532.334661929252
 20
3203.32275833994
 30
0.0
 11
2532.334661929252
 21
3141.518976229091
 31
0.0
1001
REVIT
1002
{
1070
     1
1000
2205694
1002
}
1002
{
1070
     2
1000
-2000051
1002
}
1002
{
1070
     3
1000
2107288
1002
}
  0
LINE
  5
102
330
70
100
AcDbEntity
  8
A-DETL
100
AcDbLine
 10
3759.979248684612
 20
3077.592928153482
 30
0.0
 11
2565.547118782049
 21
3077.592928153487
 31
0.0
1001
REVIT
1002
{
1070
     1
1000
2205695
1002
}
1002
{
1070
     2
1000
-2000051
1002
}
1002
{
1070
     3
1000
2107288
1002
}
  0
LINE
  5
103
330
70
100
AcDbEntity
  8
A-DETL
100
AcDbLine
 10
2532.334661929252
 20
3217.882414724163
 30
0.0
 11
2284.111766842208
 21
3217.882414724163
 31
0.0
1001
REVIT
1002
{
1070
     1
1000
2205696
1002
}
1002
{
1070
     2
1000
-2000051
1002
}
1002
{
1070
     3
1000
2107288
1002
}
  0
LINE
  5
104
330
70
100
AcDbEntity
  8
A-DETL
100
AcDbLine
 10
2532.334661929252
 20
3228.270968394685
 30
0.0
 11
2532.334661929252
 21
3217.882414724163
 31
0.0
1001
REVIT
1002
{
1070
     1
1000
2205697
1002
}
1002
{
1070
     2
1000
-2000051
1002
}
1002
{
1070
     3
1000
2107288
1002
}
  0
LINE
  5
105
330
70
100
AcDbEntity
  8
A-DETL
100
AcDbLine
 10
2284.111766842208
 20
3228.270968394685
 30
0.0
 11
2532.334661929252
 21
3228.270968394685
 31
0.0
1001
REVIT
1002
{
1070
     1
1000
2205698
1002
}
1002
{
1070
     2
1000
-2000051
1002
}
1002
{
1070
     3
1000
2107288
1002
}
  0
LINE
  5
106
330
70
100
AcDbEntity
  8
A-DETL
100
AcDbLine
 10
2284.111766842208
 20
3217.882414724163
 30
0.0
 11
2284.111766842208
 21
3228.270968394685
 31
0.0
1001
REVIT
1002
{
1070
     1
1000
2205699
1002
}
1002
{
1070
     2
1000
-2000051
1002
}
1002
{
1070
     3
1000
2107288
1002
}
  0
LINE
  5
107
330
70
100
AcDbEntity
  8
A-DETL
100
AcDbLine
 10
3795.069247054683
 20
3228.270968394684
 30
0.0
 11
4007.717750202423
 21
3228.270968394684
 31
0.0
1001
REVIT
1002
{
1070
     1
1000
2205700
1002
}
1002
{
1070
     2
1000
-2000051
1002
}
1002
{
1070
     3
1000
2107288
1002
}
  0
LINE
  5
108
330
70
100
AcDbEntity
  8
A-DETL
100
AcDbLine
 10
3795.069247054683
 20
3217.882414724159
 30
0.0
 11
3795.069247054683
 21
3228.270968394684
 31
0.0
1001
REVIT
1002
{
1070
     1
1000
2205701
1002
}
1002
{
1070
     2
1000
-2000051
1002
}
1002
{
1070
     3
1000
2107288
1002
}
  0
LINE
  5
109
330
70
100
AcDbEntity
  8
A-DETL
100
AcDbLine
 10
4007.717750202423
 20
3217.882414724159
 30
0.0
 11
3795.069247054683
 21
3217.882414724159
 31
0.0
1001
REVIT
1002
{
1070
     1
1000
2205702
1002
}
1002
{
1070
     2
1000
-2000051
1002
}
1002
{
1070
     3
1000
2107288
1002
}
  0
LINE
  5
10A
330
70
100
AcDbEntity
  8
A-DETL
100
AcDbLine
 10
4007.717750202423
 20
3228.270968394684
 30
0.0
 11
4007.717750202423
 21
3217.882414724159
 31
0.0
1001
REVIT
1002
{
1070
     1
1000
2205703
1002
}
1002
{
1070
     2
1000
-2000051
1002
}
1002
{
1070
     3
1000
2107288
1002
}
  0
LINE
  5
10B
330
70
100
AcDbEntity
  8
A-DETL
100
AcDbLine
 10
4071.765281281921
 20
3217.882414724159
 30
0.0
 11
3806.765281281921
 21
3217.882414724159
 31
0.0
1001
REVIT
1002
{
1070
     1
1000
2205704
1002
}
1002
{
1070
     2
1000
-2000051
1002
}
1002
{
1070
     3
1000
2107288
1002
}
  0
LINE
  5
10C
330
70
100
AcDbEntity
  8
A-DETL
100
AcDbLine
 10
3806.765281281921
 20
3127.107452121031
 30
0.0
 11
4166.765281281921
 21
3127.107452121031
 31
0.0
1001
REVIT
1002
{
1070
     1
1000
2205705
1002
}
1002
{
1070
     2
1000
-2000051
1002
}
1002
{
1070
     3
1000
2107288
1002
}
  0
LINE
  5
10D
330
70
100
AcDbEntity
  8
A-DETL
100
AcDbLine
 10
3806.765281281921
 20
3217.882414724159
 30
0.0
 11
3806.765281281921
 21
3127.107452121031
 31
0.0
1001
REVIT
1002
{
1070
     1
1000
2205706
1002
}
1002
{
1070
     2
1000
-2000051
1002
}
1002
{
1070
     3
1000
2107288
1002
}
  0
LINE
  5
10E
330
70
100
AcDbEntity
  8
A-DETL
100
AcDbLine
 10
3844.649732665451
 20
3228.270968394684
 30
0.0
 11
3844.649732665451
 21
3241.581224330371
 31
0.0
1001
REVIT
1002
{
1070
     1
1000
2205707
1002
}
1002
{
1070
     2
1000
-2000051
1002
}
1002
{
1070
     3
1000
2107288
1002
}
  0
LINE
  5
10F
330
70
100
AcDbEntity
  8
A-DETL
100
AcDbLine
 10
3844.649732665451
 20
3241.581224330371
 30
0.0
 11
3784.649732665467
 21
3241.581224330371
 31
0.0
1001
REVIT
1002
{
1070
     1
1000
2205708
1002
}
1002
{
1070
     2
1000
-2000051
1002
}
1002
{
1070
     3
1000
2107288
1002
}
  0
ARC
  5
110
330
70
100
AcDbEntity
  8
A-DETL
100
AcDbCircle
 10
3784.649732665467
 20
3230.771128724285
 30
0.0
 40
10.81009560608572
100
AcDbArc
 50
90.0
 51
159.9999999999443
1001
REVIT
1002
{
1070
     1
1000
2205709
1002
}
1002
{
1070
     2
1000
-2000051
1002
}
1002
{
1070
     3
1000
2107288
1002
}
  0
LINE
  5
111
330
70
100
AcDbEntity
  8
A-DETL
100
AcDbLine
 10
3774.491565594442
 20
3234.468399172852
 30
0.0
 11
3774.491565594442
 21
3228.270968394684
 31
0.0
1001
REVIT
1002
{
1070
     1
1000
2205710
1002
}
1002
{
1070
     2
1000
-2000051
1002
}
1002
{
1070
     3
1000
2107288
1002
}
  0
LINE
  5
112
330
70
100
AcDbEntity
  8
A-DETL
100
AcDbLine
 10
3791.316705537407
 20
3228.270968394684
 30
0.0
 11
3791.316705537407
 21
3231.21012159355
 31
0.0
1001
REVIT
1002
{
1070
     1
1000
2205711
1002
}
1002
{
1070
     2
1000
-2000051
1002
}
1002
{
1070
     3
1000
2107288
1002
}
  0
LINE
  5
113
330
70
100
AcDbEntity
  8
A-DETL
100
AcDbLine
 10
3791.316705537407
 20
3231.21012159355
 30
0.0
 11
3828.267490816507
 21
3231.21012159355
 31
0.0
1001
REVIT
1002
{
1070
     1
1000
2205712
1002
}
1002
{
1070
     2
1000
-2000051
1002
}
1002
{
1070
     3
1000
2107288
1002
}
  0
LINE
  5
114
330
70
100
AcDbEntity
  8
A-DETL
100
AcDbLine
 10
3828.267490816507
 20
3231.21012159355
 30
0.0
 11
3828.267490816507
 21
3228.270968394684
 31
0.0
1001
REVIT
1002
{
1070
     1
1000
2205713
1002
}
1002
{
1070
     2
1000
-2000051
1002
}
1002
{
1070
     3
1000
2107288
1002
}
  0
LINE
  5
115
330
70
100
AcDbEntity
  8
A-DETL
100
AcDbLine
 10
2532.334661929252
 20
3228.270968394684
 30
0.0
 11
2555.02640263613
 21
3228.270968394684
 31
0.0
1001
REVIT
1002
{
1070
     1
1000
2205714
1002
}
1002
{
1070
     2
1000
-2000051
1002
}
1002
{
1070
     3
1000
2107288
1002
}
  0
LINE
  5
116
330
70
100
AcDbEntity
  8
A-DETL
100
AcDbLine
 10
2483.376634801209
 20
3228.270968394685
 30
0.0
 11
2483.376634801209
 21
3241.581224330371
 31
0.0
1001
REVIT
1002
{
1070
     1
1000
2205715
1002
}
1002
{
1070
     2
1000
-2000051
1002
}
1002
{
1070
     3
1000
2107288
1002
}
  0
LINE
  5
117
330
70
100
AcDbEntity
  8
A-DETL
100
AcDbLine
 10
2483.376634801209
 20
3241.581224330371
 30
0.0
 11
2543.376634801193
 21
3241.581224330371
 31
0.0
1001
REVIT
1002
{
1070
     1
1000
2205716
1002
}
1002
{
1070
     2
1000
-2000051
1002
}
1002
{
1070
     3
1000
2107288
1002
}
  0
ARC
  5
118
330
70
100
AcDbEntity
  8
A-DETL
100
AcDbCircle
 10
2543.376634801193
 20
3230.771128724285
 30
0.0
 40
10.81009560608572
100
AcDbArc
 50
20.00000000005569
 51
90.0
1001
REVIT
1002
{
1070
     1
1000
2205717
1002
}
1002
{
1070
     2
1000
-2000051
1002
}
1002
{
1070
     3
1000
2107288
1002
}
  0
LINE
  5
119
330
70
100
AcDbEntity
  8
A-DETL
100
AcDbLine
 10
2553.534801872218
 20
3234.468399172852
 30
0.0
 11
2553.534801872218
 21
3228.270968394684
 31
0.0
1001
REVIT
1002
{
1070
     1
1000
2205718
1002
}
1002
{
1070
     2
1000
-2000051
1002
}
1002
{
1070
     3
1000
2107288
1002
}
  0
LINE
  5
11A
330
70
100
AcDbEntity
  8
A-DETL
100
AcDbLine
 10
2536.709661929253
 20
3228.270968394684
 30
0.0
 11
2536.709661929253
 21
3231.21012159355
 31
0.0
1001
REVIT
1002
{
1070
     1
1000
2205719
1002
}
1002
{
1070
     2
1000
-2000051
1002
}
1002
{
1070
     3
1000
2107288
1002
}
  0
LINE
  5
11B
330
70
100
AcDbEntity
  8
A-DETL
100
AcDbLine
 10
2536.709661929253
 20
3231.21012159355
 30
0.0
 11
2499.758876650154
 21
3231.21012159355
 31
0.0
1001
REVIT
1002
{
1070
     1
1000
2205720
1002
}
1002
{
1070
     2
1000
-2000051
1002
}
1002
{
1070
     3
1000
2107288
1002
}
  0
LINE
  5
11C
330
70
100
AcDbEntity
  8
A-DETL
100
AcDbLine
 10
2499.758876650154
 20
3231.21012159355
 30
0.0
 11
2499.758876650154
 21
3228.270968394685
 31
0.0
1001
REVIT
1002
{
1070
     1
1000
2205721
1002
}
1002
{
1070
     2
1000
-2000051
1002
}
1002
{
1070
     3
1000
2107288
1002
}
  0
LINE
  5
11D
330
70
100
AcDbEntity
  8
A-DETL
100
AcDbLine
 10
3766.6589519427
 20
2967.882414724165
 30
0.0
 11
3657.717750202424
 21
2967.882414724165
 31
0.0
1001
REVIT
1002
{
1070
     1
1000
2205748
1002
}
1002
{
1070
     2
1000
-2000051
1002
}
1002
{
1070
     3
1000
2107540
1002
}
  0
LINE
  5
11E
330
70
100
AcDbEntity
  8
A-DETL
100
AcDbLine
 10
3644.717750202424
 20
2967.882414724165
 30
0.0
 11
3534.717750202423
 21
2967.882414724165
 31
0.0
1001
REVIT
1002
{
1070
     1
1000
2205751
1002
}
1002
{
1070
     2
1000
-2000051
1002
}
1002
{
1070
     3
1000
2107540
1002
}
  0
LINE
  5
11F
330
70
100
AcDbEntity
  8
A-DETL
100
AcDbLine
 10
3522.717750202424
 20
2967.882414724165
 30
0.0
 11
3413.776548462147
 21
2967.882414724165
 31
0.0
1001
REVIT
1002
{
1070
     1
1000
2205754
1002
}
1002
{
1070
     2
1000
-2000051
1002
}
1002
{
1070
     3
1000
2107540
1002
}
  0
ARC
  5
120
330
70
100
AcDbEntity
  8
A-DETL
100
AcDbCircle
 10
3651.217750202425
 20
2959.383153529299
 30
0.0
 40
10.6998804132817
100
AcDbArc
 50
52.59224020007386
 51
127.4077597999383
1001
REVIT
1002
{
1070
     1
1000
2205755
1002
}
1002
{
1070
     2
1000
-2000051
1002
}
1002
{
1070
     3
1000
2107540
1002
}
  0
ARC
  5
121
330
70
100
AcDbEntity
  8
A-DETL
100
AcDbCircle
 10
3528.717750202423
 20
2962.554634563689
 30
0.0
 40
8.024041465394214
100
AcDbArc
 50
41.60390268132627
 51
138.3960973186505
1001
REVIT
1002
{
1070
     1
1000
2205756
1002
}
1002
{
1070
     2
1000
-2000051
1002
}
1002
{
1070
     3
1000
2107540
1002
}
  0
LINE
  5
122
330
70
100
AcDbEntity
  8
A-DETL
100
AcDbLine
 10
2670.717750202424
 20
2967.882414724164
 30
0.0
 11
2560.717750202423
 21
2967.882414724164
 31
0.0
1001
REVIT
1002
{
1070
     1
1000
2205760
1002
}
1002
{
1070
     2
1000
-2000051
1002
}
1002
{
1070
     3
1000
2107540
1002
}
  0
ARC
  5
123
330
70
100
AcDbEntity
  8
A-DETL
100
AcDbCircle
 10
2677.217750202422
 20
2963.491704610027
 30
0.0
 40
7.84399995578724
100
AcDbArc
 50
34.03878482131152
 51
145.9612151786599
1001
REVIT
1002
{
1070
     1
1000
2205761
1002
}
1002
{
1070
     2
1000
-2000051
1002
}
1002
{
1070
     3
1000
2107540
1002
}
  0
ARC
  5
124
330
70
100
AcDbEntity
  8
A-DETL
100
AcDbCircle
 10
2554.217750202424
 20
2959.383153529298
 30
0.0
 40
10.6998804132817
100
AcDbArc
 50
52.59224020007458
 51
127.4077597999391
1001
REVIT
1002
{
1070
     1
1000
2205762
1002
}
1002
{
1070
     2
1000
-2000051
1002
}
1002
{
1070
     3
1000
2107540
1002
}
  0
ARC
  5
125
330
70
100
AcDbEntity
  8
A-DETL
100
AcDbCircle
 10
3772.188351072562
 20
2961.077941761262
 30
0.0
 40
8.767845062510201
100
AcDbArc
 50
50.90226202126166
 51
129.0977379787407
1001
REVIT
1002
{
1070
     1
1000
2205763
1002
}
1002
{
1070
     2
1000
-2000051
1002
}
1002
{
1070
     3
1000
2107540
1002
}
  0
LINE
  5
126
330
70
100
AcDbEntity
  8
A-DETL
100
AcDbLine
 10
3400.776548462148
 20
2967.882414724165
 30
0.0
 11
3290.776548462147
 21
2967.882414724165
 31
0.0
1001
REVIT
1002
{
1070
     1
1000
2205767
1002
}
1002
{
1070
     2
1000
-2000051
1002
}
1002
{
1070
     3
1000
2107540
1002
}
  0
ARC
  5
127
330
70
100
AcDbEntity
  8
A-DETL
100
AcDbCircle
 10
3407.276548462148
 20
2959.3831535293
 30
0.0
 40
10.69988041328126
100
AcDbArc
 50
52.59224020006952
 51
127.4077597999393
1001
REVIT
1002
{
1070
     1
1000
2205769
1002
}
1002
{
1070
     2
1000
-2000051
1002
}
1002
{
1070
     3
1000
2107540
1002
}
  0
ARC
  5
128
330
70
100
AcDbEntity
  8
A-DETL
100
AcDbCircle
 10
3284.776548462146
 20
2962.55463456369
 30
0.0
 40
8.024041465394252
100
AcDbArc
 50
41.60390268132426
 51
138.3960973186504
1001
REVIT
1002
{
1070
     1
1000
2205770
1002
}
1002
{
1070
     2
1000
-2000051
1002
}
1002
{
1070
     3
1000
2107540
1002
}
  0
LINE
  5
129
330
70
100
AcDbEntity
  8
A-DETL
100
AcDbLine
 10
3156.835346721871
 20
2967.882414724166
 30
0.0
 11
3046.835346721871
 21
2967.882414724166
 31
0.0
1001
REVIT
1002
{
1070
     1
1000
2205774
1002
}
1002
{
1070
     2
1000
-2000051
1002
}
1002
{
1070
     3
1000
2107540
1002
}
  0
ARC
  5
12A
330
70
100
AcDbEntity
  8
A-DETL
100
AcDbCircle
 10
3163.335346721872
 20
2959.3831535293
 30
0.0
 40
10.69988041328181
100
AcDbArc
 50
52.5922402000644
 51
127.407759799941
1001
REVIT
1002
{
1070
     1
1000
2205776
1002
}
1002
{
1070
     2
1000
-2000051
1002
}
1002
{
1070
     3
1000
2107540
1002
}
  0
ARC
  5
12B
330
70
100
AcDbEntity
  8
A-DETL
100
AcDbCircle
 10
3040.83534672187
 20
2962.55463456369
 30
0.0
 40
8.024041465394252
100
AcDbArc
 50
41.60390268132426
 51
138.3960973186504
1001
REVIT
1002
{
1070
     1
1000
2205777
1002
}
1002
{
1070
     2
1000
-2000051
1002
}
1002
{
1070
     3
1000
2107540
1002
}
  0
LINE
  5
12C
330
70
100
AcDbEntity
  8
A-DETL
100
AcDbLine
 10
2912.894144981595
 20
2967.882414724166
 30
0.0
 11
2802.894144981594
 21
2967.882414724166
 31
0.0
1001
REVIT
1002
{
1070
     1
1000
2205781
1002
}
1002
{
1070
     2
1000
-2000051
1002
}
1002
{
1070
     3
1000
2107540
1002
}
  0
ARC
  5
12D
330
70
100
AcDbEntity
  8
A-DETL
100
AcDbCircle
 10
2919.394144981596
 20
2959.383153529301
 30
0.0
 40
10.6998804132817
100
AcDbArc
 50
52.59224020007458
 51
127.407759799941
1001
REVIT
1002
{
1070
     1
1000
2205783
1002
}
1002
{
1070
     2
1000
-2000051
1002
}
1002
{
1070
     3
1000
2107540
1002
}
  0
ARC
  5
12E
330
70
100
AcDbEntity
  8
A-DETL
100
AcDbCircle
 10
2796.894144981594
 20
2962.554634563691
 30
0.0
 40
8.024041465394214
100
AcDbArc
 50
41.60390268132763
 51
138.3960973186492
1001
REVIT
1002
{
1070
     1
1000
2205784
1002
}
1002
{
1070
     2
1000
-2000051
1002
}
1002
{
1070
     3
1000
2107540
1002
}
  0
LINE
  5
12F
330
70
100
AcDbEntity
  8
A-DETL
100
AcDbLine
 10
2790.894144981595
 20
2967.882414724165
 30
0.0
 11
2683.717750202423
 21
2967.882414724165
 31
0.0
1001
REVIT
1002
{
1070
     1
1000
2205785
1002
}
1002
{
1070
     2
1000
-2000051
1002
}
1002
{
1070
     3
1000
2107540
1002
}
  0
LINE
  5
130
330
70
100
AcDbEntity
  8
A-DETL
100
AcDbLine
 10
2912.894144981595
 20
2967.882414724165
 30
0.0
 11
2802.894144981594
 21
2967.882414724165
 31
0.0
1001
REVIT
1002
{
1070
     1
1000
2205786
1002
}
1002
{
1070
     2
1000
-2000051
1002
}
1002
{
1070
     3
1000
2107540
1002
}
  0
LINE
  5
131
330
70
100
AcDbEntity
  8
A-DETL
100
AcDbLine
 10
3034.835346721871
 20
2967.882414724165
 30
0.0
 11
2925.894144981595
 21
2967.882414724165
 31
0.0
1001
REVIT
1002
{
1070
     1
1000
2205787
1002
}
1002
{
1070
     2
1000
-2000051
1002
}
1002
{
1070
     3
1000
2107540
1002
}
  0
LINE
  5
132
330
70
100
AcDbEntity
  8
A-DETL
100
AcDbLine
 10
3278.776548462148
 20
2967.882414724165
 30
0.0
 11
3169.835346721871
 21
2967.882414724165
 31
0.0
1001
REVIT
1002
{
1070
     1
1000
2205788
1002
}
1002
{
1070
     2
1000
-2000051
1002
}
1002
{
1070
     3
1000
2107540
1002
}
  0
LINE
  5
133
330
70
100
AcDbEntity
  8
A-DETL
100
AcDbLine
 10
3400.776548462148
 20
2967.882414724165
 30
0.0
 11
3290.776548462147
 21
2967.882414724165
 31
0.0
1001
REVIT
1002
{
1070
     1
1000
2205789
1002
}
1002
{
1070
     2
1000
-2000051
1002
}
1002
{
1070
     3
1000
2107540
1002
}
  0
LINE
  5
134
330
70
100
AcDbEntity
  8
A-DETL
100
AcDbLine
 10
2483.376634801209
 20
3241.581224330371
 30
0.0
 11
2483.376634801209
 21
3271.58122433037
 31
0.0
1001
REVIT
1002
{
1070
     1
1000
2205810
1002
}
1002
{
1070
     2
1000
-2000051
1002
}
1002
{
1070
     3
1000
2107288
1002
}
  0
LINE
  5
135
330
70
100
AcDbEntity
  8
A-DETL
100
AcDbLine
 10
2493.376634801208
 20
3281.581224330371
 30
0.0
 11
3834.649732665451
 21
3281.581224330366
 31
0.0
1001
REVIT
1002
{
1070
     1
1000
2205811
1002
}
1002
{
1070
     2
1000
-2000051
1002
}
1002
{
1070
     3
1000
2107288
1002
}
  0
LINE
  5
136
330
70
100
AcDbEntity
  8
A-DETL
100
AcDbLine
 10
3844.649732665451
 20
3271.581224330366
 30
0.0
 11
3844.649732665451
 21
3241.581224330371
 31
0.0
1001
REVIT
1002
{
1070
     1
1000
2205812
1002
}
1002
{
1070
     2
1000
-2000051
1002
}
1002
{
1070
     3
1000
2107288
1002
}
  0
ARC
  5
137
330
70
100
AcDbEntity
  8
A-DETL
100
AcDbCircle
 10
3834.649732665451
 20
3271.581224330366
 30
0.0
 40
10.0
100
AcDbArc
 50
0.0
 51
90.0
1001
REVIT
1002
{
1070
     1
1000
2205813
1002
}
1002
{
1070
     2
1000
-2000051
1002
}
1002
{
1070
     3
1000
2107288
1002
}
  0
ARC
  5
138
330
70
100
AcDbEntity
  8
A-DETL
100
AcDbCircle
 10
2493.376634801208
 20
3271.58122433037
 30
0.0
 40
9.999999999999545
100
AcDbArc
 50
90.0
 51
180.0
1001
REVIT
1002
{
1070
     1
1000
2205814
1002
}
1002
{
1070
     2
1000
-2000051
1002
}
1002
{
1070
     3
1000
2107288
1002
}
  0
HATCH
  5
141
330
70
100
AcDbEntity
  8
A-DETL-GENF
 62
    10
100
AcDbHatch
 10
0.0
 20
0.0
 30
0.0
210
0.0
220
0.0
230
1.0
  2
SOLID
 70
     1
 71
     0
 91
        1
 92
        1
 93
        8
 72
     1
 10
5407.694504099515
 20
1828.577433907863
 11
5717.694504099515
 21
1828.577433907863
 72
     1
 10
5717.694504099514
 20
1828.577433907863
 11
5717.694504099514
 21
1993.577433907862
 72
     1
 10
5717.694504099514
 20
1993.577433907862
 11
5712.694504099514
 21
1993.577433907862
 72
     1
 10
5712.694504099514
 20
1993.577433907862
 11
5712.694504099515
 21
1833.577433907863
 72
     1
 10
5712.694504099515
 20
1833.577433907863
 11
5412.694504099514
 21
1833.577433907863
 72
     1
 10
5412.694504099514
 20
1833.577433907863
 11
5412.694504099514
 21
1993.577433907862
 72
     1
 10
5412.694504099514
 20
1993.577433907862
 11
5407.694504099514
 21
1993.577433907862
 72
     1
 10
5407.694504099514
 20
1993.577433907862
 11
5407.694504099514
 21
1828.577433907863
 97
        0
 75
     0
 76
     1
 98
        1
 10
3613.751519626893
 20
0.0
1001
REVIT
1002
{
1070
     1
1000
2595488
1002
}
1002
{
1070
     5
1000
1943470
1002
}
1002
{
1070
     2
1000
-2002000
1002
}
  0
LINE
  5
142
330
70
100
AcDbEntity
  8
A-DETL
100
AcDbLine
 10
4514.835489309677
 20
2606.093287991808
 30
0.0
 11
6413.146022351122
 21
2606.093287991807
 31
0.0
1001
REVIT
1002
{
1070
     1
1000
2595456
1002
}
1002
{
1070
     2
1000
-2000051
1002
}
1002
{
1070
     3
1000
2107288
1002
}
  0
LINE
  5
143
330
70
100
AcDbEntity
  8
A-DETL
100
AcDbLine
 10
6413.146022351122
 20
2606.093287991807
 30
0.0
 11
6413.14602235112
 21
1171.803164006885
 31
0.0
1001
REVIT
1002
{
1070
     1
1000
2595457
1002
}
1002
{
1070
     2
1000
-2000051
1002
}
1002
{
1070
     3
1000
2107288
1002
}
  0
LINE
  5
144
330
70
100
AcDbEntity
  8
A-DETL
100
AcDbLine
 10
6413.14602235112
 20
1171.803164006885
 30
0.0
 11
5404.835489309678
 21
1171.803164006885
 31
0.0
1001
REVIT
1002
{
1070
     1
1000
2595458
1002
}
1002
{
1070
     2
1000
-2000051
1002
}
1002
{
1070
     3
1000
2107288
1002
}
  0
LINE
  5
145
330
70
100
AcDbEntity
  8
A-DETL
100
AcDbLine
 10
5314.835489309679
 20
1171.803164006885
 30
0.0
 11
4514.835489309676
 21
1171.803164006885
 31
0.0
1001
REVIT
1002
{
1070
     1
1000
2595458
1002
}
1002
{
1070
     2
1000
-2000051
1002
}
1002
{
1070
     3
1000
2107288
1002
}
  0
LINE
  5
146
330
70
100
AcDbEntity
  8
A-DETL
100
AcDbLine
 10
5412.694504099512
 20
1993.577433907859
 30
0.0
 11
5407.694504099512
 21
1993.577433907859
 31
0.0
1001
REVIT
1002
{
1070
     1
1000
2595488
1002
}
1002
{
1070
     5
1000
1943470
1002
}
1002
{
1070
     2
1000
-2000051
1002
}
1002
{
1070
     3
1000
2107288
1002
}
  0
LINE
  5
147
330
70
100
AcDbEntity
  8
A-DETL
100
AcDbLine
 10
5407.694504099512
 20
1993.577433907859
 30
0.0
 11
5407.694504099512
 21
1828.577433907859
 31
0.0
1001
REVIT
1002
{
1070
     1
1000
2595488
1002
}
1002
{
1070
     5
1000
1943470
1002
}
1002
{
1070
     2
1000
-2000051
1002
}
1002
{
1070
     3
1000
2107288
1002
}
  0
LINE
  5
148
330
70
100
AcDbEntity
  8
A-DETL
100
AcDbLine
 10
5407.694504099512
 20
1828.577433907859
 30
0.0
 11
5717.694504099512
 21
1828.577433907859
 31
0.0
1001
REVIT
1002
{
1070
     1
1000
2595488
1002
}
1002
{
1070
     5
1000
1943470
1002
}
1002
{
1070
     2
1000
-2000051
1002
}
1002
{
1070
     3
1000
2107288
1002
}
  0
LINE
  5
149
330
70
100
AcDbEntity
  8
A-DETL
100
AcDbLine
 10
5717.694504099512
 20
1828.577433907859
 30
0.0
 11
5717.694504099512
 21
1993.577433907859
 31
0.0
1001
REVIT
1002
{
1070
     1
1000
2595488
1002
}
1002
{
1070
     5
1000
1943470
1002
}
1002
{
1070
     2
1000
-2000051
1002
}
1002
{
1070
     3
1000
2107288
1002
}
  0
LINE
  5
14A
330
70
100
AcDbEntity
  8
A-DETL
100
AcDbLine
 10
5717.694504099512
 20
1993.577433907859
 30
0.0
 11
5712.694504099512
 21
1993.577433907859
 31
0.0
1001
REVIT
1002
{
1070
     1
1000
2595488
1002
}
1002
{
1070
     5
1000
1943470
1002
}
1002
{
1070
     2
1000
-2000051
1002
}
1002
{
1070
     3
1000
2107288
1002
}
  0
LINE
  5
14B
330
70
100
AcDbEntity
  8
A-DETL
100
AcDbLine
 10
5712.694504099512
 20
1993.577433907859
 30
0.0
 11
5712.694504099512
 21
1833.577433907859
 31
0.0
1001
REVIT
1002
{
1070
     1
1000
2595488
1002
}
1002
{
1070
     5
1000
1943470
1002
}
1002
{
1070
     2
1000
-2000051
1002
}
1002
{
1070
     3
1000
2107288
1002
}
  0
LINE
  5
14C
330
70
100
AcDbEntity
  8
A-DETL
100
AcDbLine
 10
5712.694504099512
 20
1833.577433907859
 30
0.0
 11
5412.694504099512
 21
1833.577433907859
 31
0.0
1001
REVIT
1002
{
1070
     1
1000
2595488
1002
}
1002
{
1070
     5
1000
1943470
1002
}
1002
{
1070
     2
1000
-2000051
1002
}
1002
{
1070
     3
1000
2107288
1002
}
  0
LINE
  5
14D
330
70
100
AcDbEntity
  8
A-DETL
100
AcDbLine
 10
5412.694504099512
 20
1833.577433907859
 30
0.0
 11
5412.694504099512
 21
1993.577433907859
 31
0.0
1001
REVIT
1002
{
1070
     1
1000
2595488
1002
}
1002
{
1070
     5
1000
1943470
1002
}
1002
{
1070
     2
1000
-2000051
1002
}
1002
{
1070
     3
1000
2107288
1002
}
  0
LINE
  5
14E
330
70
100
AcDbEntity
  8
A-DETL
100
AcDbLine
 10
5852.511389109387
 20
1868.980308333559
 30
0.0
 11
6413.14602235112
 21
1888.55810113009
 31
0.0
1001
REVIT
1002
{
1070
     1
1000
2595459
1002
}
1002
{
1070
     2
1000
-2000051
1002
}
1002
{
1070
     3
1000
2107288
1002
}
  0
LINE
  5
14F
330
70
100
AcDbEntity
  8
A-DETL
100
AcDbLine
 10
5852.511389109387
 20
1969.04126276344
 30
0.0
 11
6413.14602235112
 21
1988.619055559971
 31
0.0
1001
REVIT
1002
{
1070
     1
1000
2595460
1002
}
1002
{
1070
     2
1000
-2000051
1002
}
1002
{
1070
     3
1000
2107288
1002
}
  0
LINE
  5
150
330
70
100
AcDbEntity
  8
A-DETL
100
AcDbLine
 10
5852.511389109388
 20
1798.577433907859
 30
0.0
 11
5852.511389109387
 21
2005.036209657424
 31
0.0
1001
REVIT
1002
{
1070
     1
1000
2595461
1002
}
1002
{
1070
     2
1000
-2000051
1002
}
1002
{
1070
     3
1000
2107288
1002
}
  0
LINE
  5
151
330
70
100
AcDbEntity
  8
A-DETL
100
AcDbLine
 10
5752.511389109388
 20
1801.893340403165
 30
0.0
 11
5752.511389109388
 21
2001.544132708248
 31
0.0
1001
REVIT
1002
{
1070
     1
1000
2595462
1002
}
1002
{
1070
     2
1000
-2000051
1002
}
1002
{
1070
     3
1000
2107288
1002
}
  0
LINE
  5
152
330
70
100
AcDbEntity
  8
A-DETL
100
AcDbLine
 10
5404.835489309678
 20
1708.577433907859
 30
0.0
 11
6413.14602235112
 21
1708.577433907859
 31
0.0
1001
REVIT
1002
{
1070
     1
1000
2595463
1002
}
1002
{
1070
     2
1000
-2000051
1002
}
1002
{
1070
     3
1000
2107288
1002
}
  0
LINE
  5
153
330
70
100
AcDbEntity
  8
A-DETL
100
AcDbLine
 10
5699.588384996074
 20
1998.966491401816
 30
0.0
 11
6413.146022351121
 21
2023.884473174975
 31
0.0
1001
REVIT
1002
{
1070
     1
1000
2595464
1002
}
1002
{
1070
     2
1000
-2000051
1002
}
1002
{
1070
     3
1000
2107288
1002
}
  0
LINE
  5
154
330
70
100
AcDbEntity
  8
A-DETL
100
AcDbLine
 10
5404.835489309678
 20
1798.577433907859
 30
0.0
 11
6413.14602235112
 21
1798.577433907859
 31
0.0
1001
REVIT
1002
{
1070
     1
1000
2595465
1002
}
1002
{
1070
     2
1000
-2000051
1002
}
1002
{
1070
     3
1000
2107288
1002
}
  0
LINE
  5
155
330
70
100
AcDbEntity
  8
A-DETL
100
AcDbLine
 10
5435.194504099513
 20
1828.577433907859
 30
0.0
 11
5550.194504099513
 21
1828.577433907859
 31
0.0
1001
REVIT
1002
{
1070
     1
1000
2595466
1002
}
1002
{
1070
     2
1000
-2000051
1002
}
1002
{
1070
     3
1000
2107288
1002
}
  0
LINE
  5
156
330
70
100
AcDbEntity
  8
A-DETL
100
AcDbLine
 10
5435.194504099513
 20
1828.577433907859
 30
0.0
 11
5435.194504099513
 21
1798.577433907859
 31
0.0
1001
REVIT
1002
{
1070
     1
1000
2595467
1002
}
1002
{
1070
     2
1000
-2000051
1002
}
1002
{
1070
     3
1000
2107288
1002
}
  0
LINE
  5
157
330
70
100
AcDbEntity
  8
A-DETL
100
AcDbLine
 10
5550.194504099513
 20
1828.577433907859
 30
0.0
 11
5550.194504099513
 21
1798.577433907859
 31
0.0
1001
REVIT
1002
{
1070
     1
1000
2595468
1002
}
1002
{
1070
     2
1000
-2000051
1002
}
1002
{
1070
     3
1000
2107288
1002
}
  0
LINE
  5
158
330
70
100
AcDbEntity
  8
A-DETL
100
AcDbLine
 10
5550.194504099513
 20
1828.577433907859
 30
0.0
 11
5435.194504099511
 21
1798.577433907859
 31
0.0
1001
REVIT
1002
{
1070
     1
1000
2595469
1002
}
1002
{
1070
     2
1000
-2000051
1002
}
1002
{
1070
     3
1000
2107288
1002
}
  0
LINE
  5
159
330
70
100
AcDbEntity
  8
A-DETL
100
AcDbLine
 10
5435.194504099512
 20
1828.577433907859
 30
0.0
 11
5550.194504099513
 21
1798.577433907859
 31
0.0
1001
REVIT
1002
{
1070
     1
1000
2595470
1002
}
1002
{
1070
     2
1000
-2000051
1002
}
1002
{
1070
     3
1000
2107288
1002
}
  0
LINE
  5
15A
330
70
100
AcDbEntity
  8
A-DETL
100
AcDbLine
 10
5583.963384996075
 20
1828.577433907859
 30
0.0
 11
5698.963384996075
 21
1828.577433907859
 31
0.0
1001
REVIT
1002
{
1070
     1
1000
2595471
1002
}
1002
{
1070
     2
1000
-2000051
1002
}
1002
{
1070
     3
1000
2107288
1002
}
  0
LINE
  5
15B
330
70
100
AcDbEntity
  8
A-DETL
100
AcDbLine
 10
5583.963384996075
 20
1828.577433907859
 30
0.0
 11
5583.963384996075
 21
1798.577433907859
 31
0.0
1001
REVIT
1002
{
1070
     1
1000
2595472
1002
}
1002
{
1070
     2
1000
-2000051
1002
}
1002
{
1070
     3
1000
2107288
1002
}
  0
LINE
  5
15C
330
70
100
AcDbEntity
  8
A-DETL
100
AcDbLine
 10
5699.588384996074
 20
1828.577433907859
 30
0.0
 11
5699.588384996074
 21
1798.559534179314
 31
0.0
1001
REVIT
1002
{
1070
     1
1000
2595473
1002
}
1002
{
1070
     2
1000
-2000051
1002
}
1002
{
1070
     3
1000
2107288
1002
}
  0
LINE
  5
15D
330
70
100
AcDbEntity
  8
A-DETL
100
AcDbLine
 10
5698.963384996075
 20
1828.577433907859
 30
0.0
 11
5583.963384996072
 21
1798.577433907859
 31
0.0
1001
REVIT
1002
{
1070
     1
1000
2595474
1002
}
1002
{
1070
     2
1000
-2000051
1002
}
1002
{
1070
     3
1000
2107288
1002
}
  0
LINE
  5
15E
330
70
100
AcDbEntity
  8
A-DETL
100
AcDbLine
 10
5583.963384996075
 20
1828.577433907859
 30
0.0
 11
5699.588384996074
 21
1798.559534179314
 31
0.0
1001
REVIT
1002
{
1070
     1
1000
2595475
1002
}
1002
{
1070
     2
1000
-2000051
1002
}
1002
{
1070
     3
1000
2107288
1002
}
  0
LINE
  5
15F
330
70
100
AcDbEntity
  8
A-DETL
100
AcDbLine
 10
5699.588384996074
 20
2019.042888152683
 30
0.0
 11
5699.588384996074
 21
1998.966491401816
 31
0.0
1001
REVIT
1002
{
1070
     1
1000
2595476
1002
}
1002
{
1070
     2
1000
-2000051
1002
}
1002
{
1070
     3
1000
2107288
1002
}
  0
LINE
  5
160
330
70
100
AcDbEntity
  8
A-DETL
100
AcDbLine
 10
5699.588384996074
 20
2019.042888152683
 30
0.0
 11
6413.146022351121
 21
2043.960869925842
 31
0.0
1001
REVIT
1002
{
1070
     1
1000
2595477
1002
}
1002
{
1070
     2
1000
-2000051
1002
}
1002
{
1070
     3
1000
2107288
1002
}
  0
LINE
  5
161
330
70
100
AcDbEntity
  8
A-DETL
100
AcDbLine
 10
5407.694504099512
 20
1828.577433907859
 30
0.0
 11
5717.694504099512
 21
1828.577433907859
 31
0.0
1001
REVIT
1002
{
1070
     1
1000
2595478
1002
}
1002
{
1070
     2
1000
-2000051
1002
}
1002
{
1070
     3
1000
2107288
1002
}
  0
LINE
  5
162
330
70
100
AcDbEntity
  8
A-DETL
100
AcDbLine
 10
5407.694504099512
 20
1828.577433907859
 30
0.0
 11
5407.694504099512
 21
1993.577433907859
 31
0.0
1001
REVIT
1002
{
1070
     1
1000
2595479
1002
}
1002
{
1070
     2
1000
-2000051
1002
}
1002
{
1070
     3
1000
2107288
1002
}
  0
LINE
  5
163
330
70
100
AcDbEntity
  8
A-DETL
100
AcDbLine
 10
5717.694504099512
 20
1828.577433907859
 30
0.0
 11
5717.694504099512
 21
1993.577433907859
 31
0.0
1001
REVIT
1002
{
1070
     1
1000
2595480
1002
}
1002
{
1070
     2
1000
-2000051
1002
}
1002
{
1070
     3
1000
2107288
1002
}
  0
LINE
  5
164
330
70
100
AcDbEntity
  8
A-DETL
100
AcDbLine
 10
5712.694504099512
 20
1833.577433907859
 30
0.0
 11
5712.694504099512
 21
1993.577433907859
 31
0.0
1001
REVIT
1002
{
1070
     1
1000
2595481
1002
}
1002
{
1070
     2
1000
-2000051
1002
}
1002
{
1070
     3
1000
2107288
1002
}
  0
LINE
  5
165
330
70
100
AcDbEntity
  8
A-DETL
100
AcDbLine
 10
5412.694504099512
 20
1833.577433907859
 30
0.0
 11
5712.694504099512
 21
1833.577433907859
 31
0.0
1001
REVIT
1002
{
1070
     1
1000
2595482
1002
}
1002
{
1070
     2
1000
-2000051
1002
}
1002
{
1070
     3
1000
2107288
1002
}
  0
LINE
  5
166
330
70
100
AcDbEntity
  8
A-DETL
100
AcDbLine
 10
5412.694504099512
 20
1833.577433907859
 30
0.0
 11
5412.694504099512
 21
1993.577433907859
 31
0.0
1001
REVIT
1002
{
1070
     1
1000
2595483
1002
}
1002
{
1070
     2
1000
-2000051
1002
}
1002
{
1070
     3
1000
2107288
1002
}
  0
LINE
  5
167
330
70
100
AcDbEntity
  8
A-DETL
100
AcDbLine
 10
5407.694504099512
 20
1993.577433907859
 30
0.0
 11
5412.694504099512
 21
1993.577433907859
 31
0.0
1001
REVIT
1002
{
1070
     1
1000
2595484
1002
}
1002
{
1070
     2
1000
-2000051
1002
}
1002
{
1070
     3
1000
2107288
1002
}
  0
LINE
  5
168
330
70
100
AcDbEntity
  8
A-DETL
100
AcDbLine
 10
5712.694504099512
 20
1993.577433907859
 30
0.0
 11
5717.694504099512
 21
1993.577433907859
 31
0.0
1001
REVIT
1002
{
1070
     1
1000
2595485
1002
}
1002
{
1070
     2
1000
-2000051
1002
}
1002
{
1070
     3
1000
2107288
1002
}
  0
LINE
  5
169
330
70
100
AcDbEntity
  8
A-DETL
100
AcDbLine
 10
5752.511389109388
 20
1959.77079204242
 30
0.0
 11
5852.511389109387
 21
1959.77079204242
 31
0.0
1001
REVIT
1002
{
1070
     1
1000
2595502
1002
}
1002
{
1070
     2
1000
-2000051
1002
}
1002
{
1070
     3
1000
2107288
1002
}
  0
LINE
  5
16A
330
70
100
AcDbEntity
  8
A-DETL
100
AcDbLine
 10
5752.511389109388
 20
2001.544132708248
 30
0.0
 11
5852.511389109387
 21
1959.770792042421
 31
0.0
1001
REVIT
1002
{
1070
     1
1000
2595503
1002
}
1002
{
1070
     2
1000
-2000051
1002
}
1002
{
1070
     3
1000
2107288
1002
}
  0
LINE
  5
16B
330
70
100
AcDbEntity
  8
A-DETL
100
AcDbLine
 10
5741.444504099511
 20
1798.577433907859
 30
0.0
 11
5741.444504099511
 21
1978.577433907861
 31
0.0
1001
REVIT
1002
{
1070
     1
1000
2595511
1002
}
1002
{
1070
     2
1000
-2000051
1002
}
1002
{
1070
     3
1000
2107288
1002
}
  0
LINE
  5
16C
330
70
100
AcDbEntity
  8
A-DETL
100
AcDbLine
 10
5721.444504099511
 20
1798.577433907859
 30
0.0
 11
5721.444504099511
 21
1978.57743390786
 31
0.0
1001
REVIT
1002
{
1070
     1
1000
2595512
1002
}
1002
{
1070
     2
1000
-2000051
1002
}
1002
{
1070
     3
1000
2107288
1002
}
  0
LINE
  5
16D
330
70
100
AcDbEntity
  8
A-DETL
100
AcDbLine
 10
6206.05164624477
 20
1981.387160588922
 30
0.0
 11
6206.05164624477
 21
2016.652578203925
 31
0.0
1001
REVIT
1002
{
1070
     1
1000
2595516
1002
}
1002
{
1070
     2
1000
-2000051
1002
}
1002
{
1070
     3
1000
2107288
1002
}
  0
LINE
  5
16E
330
70
100
AcDbEntity
  8
A-DETL
100
AcDbLine
 10
6116.394123416512
 20
2013.521668516038
 30
0.0
 11
6116.394123416512
 21
1978.256250901034
 31
0.0
1001
REVIT
1002
{
1070
     1
1000
2595517
1002
}
1002
{
1070
     2
1000
-2000051
1002
}
1002
{
1070
     3
1000
2107288
1002
}
  0
LINE
  5
16F
330
70
100
AcDbEntity
  8
A-DETL
100
AcDbLine
 10
6116.394123416513
 20
2013.521668516038
 30
0.0
 11
6206.051646244772
 21
1981.387160588922
 31
0.0
1001
REVIT
1002
{
1070
     1
1000
2595518
1002
}
1002
{
1070
     2
1000
-2000051
1002
}
1002
{
1070
     3
1000
2107288
1002
}
  0
LINE
  5
170
330
70
100
AcDbEntity
  8
A-DETL
100
AcDbLine
 10
6206.051646244772
 20
2016.652578203926
 30
0.0
 11
6116.394123416514
 21
1978.256250901035
 31
0.0
1001
REVIT
1002
{
1070
     1
1000
2595519
1002
}
1002
{
1070
     2
1000
-2000051
1002
}
1002
{
1070
     3
1000
2107288
1002
}
  0
LINE
  5
171
330
70
100
AcDbEntity
  8
A-DETL
370
    25
100
AcDbLine
 10
5708.615513753615
 20
1959.543509243601
 30
0.0
 11
5708.615513753615
 21
1994.701519095129
 31
0.0
1001
REVIT
1002
{
1070
     1
1000
2595498
1002
}
1002
{
1070
     2
1000
-2000051
1002
}
1002
{
1070
     3
1000
2107529
1002
}
  0
LINE
  5
172
330
70
100
AcDbEntity
  8
A-DETL
370
    25
100
AcDbLine
 10
5708.615513753615
 20
1994.701519095129
 30
0.0
 11
5751.319072514782
 21
1997.68764281794
 31
0.0
1001
REVIT
1002
{
1070
     1
1000
2595499
1002
}
1002
{
1070
     2
1000
-2000051
1002
}
1002
{
1070
     3
1000
2107529
1002
}
  0
LINE
  5
173
330
70
100
AcDbEntity
  8
A-DETL
370
    25
100
AcDbLine
 10
5721.955981522924
 20
1998.184843769733
 30
0.0
 11
5747.404169695015
 21
1999.964354438346
 31
0.0
1001
REVIT
1002
{
1070
     1
1000
2595500
1002
}
1002
{
1070
     2
1000
-2000051
1002
}
1002
{
1070
     3
1000
2107529
1002
}
  0
ARC
  5
174
330
70
100
AcDbEntity
  8
A-DETL
370
    25
100
AcDbCircle
 10
5747.685331887398
 20
1995.94354776106
 30
0.0
 40
4.030625077396566
100
AcDbArc
 50
25.63971860599414
 51
93.99999999998695
1001
REVIT
1002
{
1070
     1
1000
2595501
1002
}
1002
{
1070
     2
1000
-2000051
1002
}
1002
{
1070
     3
1000
2107529
1002
}
  0
LINE
  5
175
330
70
100
AcDbEntity
  8
A-DETL
370
    25
100
AcDbLine
 10
5420.819504099513
 20
1983.205315589176
 30
0.0
 11
5420.819504099513
 21
1914.740311838301
 31
0.0
1001
REVIT
1002
{
1070
     1
1000
2595504
1002
}
1002
{
1070
     2
1000
-2000051
1002
}
1002
{
1070
     3
1000
2107529
1002
}
  0
LINE
  5
176
330
70
100
AcDbEntity
  8
A-DETL
370
    25
100
AcDbLine
 10
5420.819504099513
 20
1914.740311838301
 30
0.0
 11
5415.623436287648
 21
1909.544244026435
 31
0.0
1001
REVIT
1002
{
1070
     1
1000
2595505
1002
}
1002
{
1070
     2
1000
-2000051
1002
}
1002
{
1070
     3
1000
2107529
1002
}
  0
LINE
  5
177
330
70
100
AcDbEntity
  8
A-DETL
370
    25
100
AcDbLine
 10
5410.194504099512
 20
2023.934482255847
 30
0.0
 11
5420.819504099513
 21
1983.205315589176
 31
0.0
1001
REVIT
1002
{
1070
     1
1000
2595506
1002
}
1002
{
1070
     2
1000
-2000051
1002
}
1002
{
1070
     3
1000
2107529
1002
}
  0
LINE
  5
178
330
70
100
AcDbEntity
  8
A-DETL
100
AcDbLine
 10
5752.511389109388
 20
1959.77079204242
 30
0.0
 11
5852.511389109387
 21
2005.036209657424
 31
0.0
1001
REVIT
1002
{
1070
     1
1000
2595507
1002
}
1002
{
1070
     2
1000
-2000051
1002
}
1002
{
1070
     3
1000
2107288
1002
}
  0
LINE
  5
179
330
70
100
AcDbEntity
  8
A-DETL
100
AcDbLine
 10
5721.444504099511
 20
1978.577433907858
 30
0.0
 11
5741.444504099511
 21
1798.577433907859
 31
0.0
1001
REVIT
1002
{
1070
     1
1000
2595513
1002
}
1002
{
1070
     2
1000
-2000051
1002
}
1002
{
1070
     3
1000
2107288
1002
}
  0
LINE
  5
17A
330
70
100
AcDbEntity
  8
A-DETL
100
AcDbLine
 10
5721.444504099511
 20
1798.577433907859
 30
0.0
 11
5741.444504099511
 21
1978.577433907864
 31
0.0
1001
REVIT
1002
{
1070
     1
1000
2595514
1002
}
1002
{
1070
     2
1000
-2000051
1002
}
1002
{
1070
     3
1000
2107288
1002
}
  0
LINE
  5
17B
330
70
100
AcDbEntity
  8
A-DETL
370
    25
100
AcDbLine
 10
5708.615513753615
 20
1959.543509243601
 30
0.0
 11
5712.694504099512
 21
1955.464518897705
 31
0.0
1001
REVIT
1002
{
1070
     1
1000
2595515
1002
}
1002
{
1070
     2
1000
-2000051
1002
}
1002
{
1070
     3
1000
2107529
1002
}
  0
LINE
  5
17C
330
70
100
AcDbEntity
  8
A-DETL
100
AcDbLine
 10
5404.835489309678
 20
1698.577433907859
 30
0.0
 11
6413.14602235112
 21
1698.577433907859
 31
0.0
1001
REVIT
1002
{
1070
     1
1000
2595520
1002
}
1002
{
1070
     2
1000
-2000051
1002
}
1002
{
1070
     3
1000
2107288
1002
}
  0
LINE
  5
17D
330
70
100
AcDbEntity
  8
A-DETL
370
    25
100
AcDbLine
 10
5410.194504099512
 20
2246.925536640578
 30
0.0
 11
5410.194504099512
 21
2023.934482255847
 31
0.0
1001
REVIT
1002
{
1070
     1
1000
2595524
1002
}
1002
{
1070
     2
1000
-2000051
1002
}
1002
{
1070
     3
1000
2107529
1002
}
  0
LINE
  5
17E
330
70
100
AcDbEntity
  8
A-DETL
100
AcDbLine
 10
5264.835489309676
 20
2281.093287991807
 30
0.0
 11
5264.835489309678
 21
1171.803164006885
 31
0.0
1001
REVIT
1002
{
1070
     1
1000
2595526
1002
}
1002
{
1070
     2
1000
-2000051
1002
}
1002
{
1070
     3
1000
2107288
1002
}
  0
LINE
  5
17F
330
70
100
AcDbEntity
  8
A-DETL
100
AcDbLine
 10
5314.835489309677
 20
2281.093287991807
 30
0.0
 11
5314.835489309677
 21
2231.093287991807
 31
0.0
1001
REVIT
1002
{
1070
     1
1000
2595527
1002
}
1002
{
1070
     2
1000
-2000051
1002
}
1002
{
1070
     3
1000
2107288
1002
}
  0
LINE
  5
180
330
70
100
AcDbEntity
  8
A-DETL
370
    25
100
AcDbLine
 10
5144.764421497811
 20
2306.01608791065
 30
0.0
 11
5144.764421497811
 21
2232.343287991809
 31
0.0
1001
REVIT
1002
{
1070
     1
1000
2595528
1002
}
1002
{
1070
     2
1000
-2000051
1002
}
1002
{
1070
     3
1000
2107529
1002
}
  0
LINE
  5
181
330
70
100
AcDbEntity
  8
A-DETL
370
    25
100
AcDbLine
 10
5144.764421497811
 20
2232.343287991809
 30
0.0
 11
5151.835489309674
 21
2239.414355803672
 31
0.0
1001
REVIT
1002
{
1070
     1
1000
2595529
1002
}
1002
{
1070
     2
1000
-2000051
1002
}
1002
{
1070
     3
1000
2107529
1002
}
  0
LINE
  5
182
330
70
100
AcDbEntity
  8
A-DETL
370
    25
100
AcDbLine
 10
5416.014421497811
 20
2282.284787929244
 30
0.0
 11
5416.014421497811
 21
2241.093287991807
 31
0.0
1001
REVIT
1002
{
1070
     1
1000
2595530
1002
}
1002
{
1070
     2
1000
-2000051
1002
}
1002
{
1070
     3
1000
2107529
1002
}
  0
LINE
  5
183
330
70
100
AcDbEntity
  8
A-DETL
370
    25
100
AcDbLine
 10
5416.014421497811
 20
2241.093287991807
 30
0.0
 11
5410.194504099512
 21
2235.273370593508
 31
0.0
1001
REVIT
1002
{
1070
     1
1000
2595531
1002
}
1002
{
1070
     2
1000
-2000051
1002
}
1002
{
1070
     3
1000
2107529
1002
}
  0
LINE
  5
184
330
70
100
AcDbEntity
  8
A-DETL
100
AcDbLine
 10
5264.835489309677
 20
2204.783222338815
 30
0.0
 11
5154.835489309677
 21
2204.783222338815
 31
0.0
1001
REVIT
1002
{
1070
     1
1000
2595532
1002
}
1002
{
1070
     2
1000
-2000051
1002
}
1002
{
1070
     3
1000
2107288
1002
}
  0
LINE
  5
185
330
70
100
AcDbEntity
  8
A-DETL
100
AcDbLine
 10
5154.835489309677
 20
2281.093287991806
 30
0.0
 11
5154.835489309677
 21
2204.783222338815
 31
0.0
1001
REVIT
1002
{
1070
     1
1000
2595533
1002
}
1002
{
1070
     2
1000
-2000051
1002
}
1002
{
1070
     3
1000
2107288
1002
}
  0
LINE
  5
186
330
70
100
AcDbEntity
  8
A-DETL
100
AcDbLine
 10
5404.835489309677
 20
2281.093287991807
 30
0.0
 11
5154.835489309677
 21
2281.093287991806
 31
0.0
1001
REVIT
1002
{
1070
     1
1000
2595534
1002
}
1002
{
1070
     2
1000
-2000051
1002
}
1002
{
1070
     3
1000
2107288
1002
}
  0
ARC
  5
187
330
70
100
AcDbEntity
  8
A-DETL
100
AcDbCircle
 10
5152.514126202258
 20
2200.693349624911
 30
0.0
 40
4.702742337447265
100
AcDbArc
 50
299.5787287237262
 51
60.42127127627623
1001
REVIT
1002
{
1070
     1
1000
2595535
1002
}
1002
{
1070
     2
1000
-2000051
1002
}
1002
{
1070
     3
1000
2107288
1002
}
  0
LINE
  5
188
330
70
100
AcDbEntity
  8
A-DETL
100
AcDbLine
 10
5264.835489309678
 20
2108.293411258016
 30
0.0
 11
5154.835489309677
 21
2108.293411258015
 31
0.0
1001
REVIT
1002
{
1070
     1
1000
2595536
1002
}
1002
{
1070
     2
1000
-2000051
1002
}
1002
{
1070
     3
1000
2107288
1002
}
  0
LINE
  5
189
330
70
100
AcDbEntity
  8
A-DETL
100
AcDbLine
 10
5154.835489309677
 20
2196.603476911007
 30
0.0
 11
5154.835489309677
 21
2108.293411258015
 31
0.0
1001
REVIT
1002
{
1070
     1
1000
2595537
1002
}
1002
{
1070
     2
1000
-2000051
1002
}
1002
{
1070
     3
1000
2107288
1002
}
  0
LINE
  5
18A
330
70
100
AcDbEntity
  8
A-DETL
100
AcDbLine
 10
5264.835489309677
 20
2196.603476911008
 30
0.0
 11
5154.835489309677
 21
2196.603476911007
 31
0.0
1001
REVIT
1002
{
1070
     1
1000
2595538
1002
}
1002
{
1070
     2
1000
-2000051
1002
}
1002
{
1070
     3
1000
2107288
1002
}
  0
ARC
  5
18B
330
70
100
AcDbEntity
  8
A-DETL
100
AcDbCircle
 10
5152.514126202258
 20
2104.203538544113
 30
0.0
 40
4.702742337446581
100
AcDbArc
 50
299.5787287237282
 51
60.42127127624667
1001
REVIT
1002
{
1070
     1
1000
2595539
1002
}
1002
{
1070
     2
1000
-2000051
1002
}
1002
{
1070
     3
1000
2107288
1002
}
  0
LINE
  5
18C
330
70
100
AcDbEntity
  8
A-DETL
100
AcDbLine
 10
5264.835489309678
 20
2023.803600177218
 30
0.0
 11
5154.835489309677
 21
2023.803600177217
 31
0.0
1001
REVIT
1002
{
1070
     1
1000
2595540
1002
}
1002
{
1070
     2
1000
-2000051
1002
}
1002
{
1070
     3
1000
2107288
1002
}
  0
LINE
  5
18D
330
70
100
AcDbEntity
  8
A-DETL
100
AcDbLine
 10
5154.835489309677
 20
2100.113665830209
 30
0.0
 11
5154.835489309677
 21
2023.803600177217
 31
0.0
1001
REVIT
1002
{
1070
     1
1000
2595541
1002
}
1002
{
1070
     2
1000
-2000051
1002
}
1002
{
1070
     3
1000
2107288
1002
}
  0
LINE
  5
18E
330
70
100
AcDbEntity
  8
A-DETL
100
AcDbLine
 10
5264.835489309678
 20
2100.113665830209
 30
0.0
 11
5154.835489309677
 21
2100.113665830209
 31
0.0
1001
REVIT
1002
{
1070
     1
1000
2595542
1002
}
1002
{
1070
     2
1000
-2000051
1002
}
1002
{
1070
     3
1000
2107288
1002
}
  0
ARC
  5
18F
330
70
100
AcDbEntity
  8
A-DETL
100
AcDbCircle
 10
5152.514126202258
 20
2019.713727463314
 30
0.0
 40
4.702742337447265
100
AcDbArc
 50
299.5787287237264
 51
60.4212712762759
1001
REVIT
1002
{
1070
     1
1000
2595543
1002
}
1002
{
1070
     2
1000
-2000051
1002
}
1002
{
1070
     3
1000
2107288
1002
}
  0
LINE
  5
190
330
70
100
AcDbEntity
  8
A-DETL
100
AcDbLine
 10
5264.835489309678
 20
1939.313789096419
 30
0.0
 11
5154.835489309678
 21
1939.313789096419
 31
0.0
1001
REVIT
1002
{
1070
     1
1000
2595544
1002
}
1002
{
1070
     2
1000
-2000051
1002
}
1002
{
1070
     3
1000
2107288
1002
}
  0
LINE
  5
191
330
70
100
AcDbEntity
  8
A-DETL
100
AcDbLine
 10
5154.835489309677
 20
2015.62385474941
 30
0.0
 11
5154.835489309678
 21
1939.313789096419
 31
0.0
1001
REVIT
1002
{
1070
     1
1000
2595545
1002
}
1002
{
1070
     2
1000
-2000051
1002
}
1002
{
1070
     3
1000
2107288
1002
}
  0
LINE
  5
192
330
70
100
AcDbEntity
  8
A-DETL
100
AcDbLine
 10
5264.835489309678
 20
2015.623854749411
 30
0.0
 11
5154.835489309677
 21
2015.62385474941
 31
0.0
1001
REVIT
1002
{
1070
     1
1000
2595546
1002
}
1002
{
1070
     2
1000
-2000051
1002
}
1002
{
1070
     3
1000
2107288
1002
}
  0
ARC
  5
193
330
70
100
AcDbEntity
  8
A-DETL
100
AcDbCircle
 10
5152.514126202258
 20
1935.223916382515
 30
0.0
 40
4.702742337447265
100
AcDbArc
 50
299.5787287237251
 51
60.4212712762759
1001
REVIT
1002
{
1070
     1
1000
2595547
1002
}
1002
{
1070
     2
1000
-2000051
1002
}
1002
{
1070
     3
1000
2107288
1002
}
  0
LINE
  5
194
330
70
100
AcDbEntity
  8
A-DETL
100
AcDbLine
 10
5264.835489309678
 20
1854.82397801562
 30
0.0
 11
5154.835489309677
 21
1854.82397801562
 31
0.0
1001
REVIT
1002
{
1070
     1
1000
2595548
1002
}
1002
{
1070
     2
1000
-2000051
1002
}
1002
{
1070
     3
1000
2107288
1002
}
  0
LINE
  5
195
330
70
100
AcDbEntity
  8
A-DETL
100
AcDbLine
 10
5154.835489309677
 20
1931.134043668612
 30
0.0
 11
5154.835489309677
 21
1854.82397801562
 31
0.0
1001
REVIT
1002
{
1070
     1
1000
2595549
1002
}
1002
{
1070
     2
1000
-2000051
1002
}
1002
{
1070
     3
1000
2107288
1002
}
  0
LINE
  5
196
330
70
100
AcDbEntity
  8
A-DETL
100
AcDbLine
 10
5264.835489309678
 20
1931.134043668612
 30
0.0
 11
5154.835489309677
 21
1931.134043668612
 31
0.0
1001
REVIT
1002
{
1070
     1
1000
2595550
1002
}
1002
{
1070
     2
1000
-2000051
1002
}
1002
{
1070
     3
1000
2107288
1002
}
  0
ARC
  5
197
330
70
100
AcDbEntity
  8
A-DETL
100
AcDbCircle
 10
5152.514126202258
 20
1850.734105301716
 30
0.0
 40
4.702742337447265
100
AcDbArc
 50
299.5787287237251
 51
60.4212712762759
1001
REVIT
1002
{
1070
     1
1000
2595551
1002
}
1002
{
1070
     2
1000
-2000051
1002
}
1002
{
1070
     3
1000
2107288
1002
}
  0
LINE
  5
198
330
70
100
AcDbEntity
  8
A-DETL
100
AcDbLine
 10
5264.835489309678
 20
1770.334166934821
 30
0.0
 11
5154.835489309677
 21
1770.33416693482
 31
0.0
1001
REVIT
1002
{
1070
     1
1000
2595552
1002
}
1002
{
1070
     2
1000
-2000051
1002
}
1002
{
1070
     3
1000
2107288
1002
}
  0
LINE
  5
199
330
70
100
AcDbEntity
  8
A-DETL
100
AcDbLine
 10
5154.835489309677
 20
1846.644232587813
 30
0.0
 11
5154.835489309677
 21
1770.33416693482
 31
0.0
1001
REVIT
1002
{
1070
     1
1000
2595553
1002
}
1002
{
1070
     2
1000
-2000051
1002
}
1002
{
1070
     3
1000
2107288
1002
}
  0
LINE
  5
19A
330
70
100
AcDbEntity
  8
A-DETL
100
AcDbLine
 10
5264.835489309678
 20
1846.644232587813
 30
0.0
 11
5154.835489309677
 21
1846.644232587813
 31
0.0
1001
REVIT
1002
{
1070
     1
1000
2595554
1002
}
1002
{
1070
     2
1000
-2000051
1002
}
1002
{
1070
     3
1000
2107288
1002
}
  0
ARC
  5
19B
330
70
100
AcDbEntity
  8
A-DETL
100
AcDbCircle
 10
5152.514126202258
 20
1766.244294220918
 30
0.0
 40
4.702742337446923
100
AcDbArc
 50
299.5787287237253
 51
60.42127127626053
1001
REVIT
1002
{
1070
     1
1000
2595555
1002
}
1002
{
1070
     2
1000
-2000051
1002
}
1002
{
1070
     3
1000
2107288
1002
}
  0
LINE
  5
19C
330
70
100
AcDbEntity
  8
A-DETL
100
AcDbLine
 10
5264.835489309678
 20
1686.305120370143
 30
0.0
 11
5154.835489309677
 21
1686.305120370143
 31
0.0
1001
REVIT
1002
{
1070
     1
1000
2595556
1002
}
1002
{
1070
     2
1000
-2000051
1002
}
1002
{
1070
     3
1000
2107288
1002
}
  0
LINE
  5
19D
330
70
100
AcDbEntity
  8
A-DETL
100
AcDbLine
 10
5154.835489309677
 20
1762.154421507014
 30
0.0
 11
5154.835489309677
 21
1686.305120370143
 31
0.0
1001
REVIT
1002
{
1070
     1
1000
2595557
1002
}
1002
{
1070
     2
1000
-2000051
1002
}
1002
{
1070
     3
1000
2107288
1002
}
  0
LINE
  5
19E
330
70
100
AcDbEntity
  8
A-DETL
100
AcDbLine
 10
5264.835489309678
 20
1762.154421507015
 30
0.0
 11
5154.835489309677
 21
1762.154421507014
 31
0.0
1001
REVIT
1002
{
1070
     1
1000
2595558
1002
}
1002
{
1070
     2
1000
-2000051
1002
}
1002
{
1070
     3
1000
2107288
1002
}
  0
ARC
  5
19F
330
70
100
AcDbEntity
  8
A-DETL
100
AcDbCircle
 10
5152.514126202258
 20
1682.21524765624
 30
0.0
 40
4.702742337446923
100
AcDbArc
 50
299.5787287237272
 51
60.42127127626145
1001
REVIT
1002
{
1070
     1
1000
2595559
1002
}
1002
{
1070
     2
1000
-2000051
1002
}
1002
{
1070
     3
1000
2107288
1002
}
  0
LINE
  5
1A0
330
70
100
AcDbEntity
  8
A-DETL
100
AcDbLine
 10
5264.835489309678
 20
1678.125374942337
 30
0.0
 11
5264.835489309677
 21
2281.093287991807
 31
0.0
1001
REVIT
1002
{
1070
     1
1000
2595560
1002
}
1002
{
1070
     2
1000
-2000051
1002
}
1002
{
1070
     3
1000
2107288
1002
}
  0
ARC
  5
1A1
330
70
100
AcDbEntity
  8
A-DETL
100
AcDbCircle
 10
5152.514126202258
 20
1682.21524765624
 30
0.0
 40
4.702742337446473
100
AcDbArc
 50
299.5787287237294
 51
60.42127127627025
1001
REVIT
1002
{
1070
     1
1000
2595561
1002
}
1002
{
1070
     2
1000
-2000051
1002
}
1002
{
1070
     3
1000
2107288
1002
}
  0
LINE
  5
1A2
330
70
100
AcDbEntity
  8
A-DETL
100
AcDbLine
 10
5264.835489309678
 20
1601.815309289345
 30
0.0
 11
5154.835489309677
 21
1601.815309289345
 31
0.0
1001
REVIT
1002
{
1070
     1
1000
2595562
1002
}
1002
{
1070
     2
1000
-2000051
1002
}
1002
{
1070
     3
1000
2107288
1002
}
  0
LINE
  5
1A3
330
70
100
AcDbEntity
  8
A-DETL
100
AcDbLine
 10
5154.835489309677
 20
1678.125374942336
 30
0.0
 11
5154.835489309677
 21
1601.815309289345
 31
0.0
1001
REVIT
1002
{
1070
     1
1000
2595563
1002
}
1002
{
1070
     2
1000
-2000051
1002
}
1002
{
1070
     3
1000
2107288
1002
}
  0
LINE
  5
1A4
330
70
100
AcDbEntity
  8
A-DETL
100
AcDbLine
 10
5264.835489309678
 20
1678.125374942337
 30
0.0
 11
5154.835489309677
 21
1678.125374942336
 31
0.0
1001
REVIT
1002
{
1070
     1
1000
2595564
1002
}
1002
{
1070
     2
1000
-2000051
1002
}
1002
{
1070
     3
1000
2107288
1002
}
  0
ARC
  5
1A5
330
70
100
AcDbEntity
  8
A-DETL
100
AcDbCircle
 10
5152.514126202258
 20
1597.725436575441
 30
0.0
 40
4.702742337447265
100
AcDbArc
 50
299.5787287237264
 51
60.4212712762759
1001
REVIT
1002
{
1070
     1
1000
2595565
1002
}
1002
{
1070
     2
1000
-2000051
1002
}
1002
{
1070
     3
1000
2107288
1002
}
  0
LINE
  5
1A6
330
70
100
AcDbEntity
  8
A-DETL
100
AcDbLine
 10
5264.835489309678
 20
1517.325498208546
 30
0.0
 11
5154.835489309678
 21
1517.325498208546
 31
0.0
1001
REVIT
1002
{
1070
     1
1000
2595566
1002
}
1002
{
1070
     2
1000
-2000051
1002
}
1002
{
1070
     3
1000
2107288
1002
}
  0
LINE
  5
1A7
330
70
100
AcDbEntity
  8
A-DETL
100
AcDbLine
 10
5154.835489309677
 20
1593.635563861538
 30
0.0
 11
5154.835489309678
 21
1517.325498208546
 31
0.0
1001
REVIT
1002
{
1070
     1
1000
2595567
1002
}
1002
{
1070
     2
1000
-2000051
1002
}
1002
{
1070
     3
1000
2107288
1002
}
  0
LINE
  5
1A8
330
70
100
AcDbEntity
  8
A-DETL
100
AcDbLine
 10
5264.835489309678
 20
1593.635563861538
 30
0.0
 11
5154.835489309677
 21
1593.635563861538
 31
0.0
1001
REVIT
1002
{
1070
     1
1000
2595568
1002
}
1002
{
1070
     2
1000
-2000051
1002
}
1002
{
1070
     3
1000
2107288
1002
}
  0
ARC
  5
1A9
330
70
100
AcDbEntity
  8
A-DETL
100
AcDbCircle
 10
5152.514126202258
 20
1513.235625494643
 30
0.0
 40
4.702742337446923
100
AcDbArc
 50
299.5787287237272
 51
60.42127127626145
1001
REVIT
1002
{
1070
     1
1000
2595569
1002
}
1002
{
1070
     2
1000
-2000051
1002
}
1002
{
1070
     3
1000
2107288
1002
}
  0
LINE
  5
1AA
330
70
100
AcDbEntity
  8
A-DETL
100
AcDbLine
 10
5264.835489309678
 20
1432.835687127748
 30
0.0
 11
5154.835489309677
 21
1432.835687127748
 31
0.0
1001
REVIT
1002
{
1070
     1
1000
2595570
1002
}
1002
{
1070
     2
1000
-2000051
1002
}
1002
{
1070
     3
1000
2107288
1002
}
  0
LINE
  5
1AB
330
70
100
AcDbEntity
  8
A-DETL
100
AcDbLine
 10
5154.835489309677
 20
1509.145752780739
 30
0.0
 11
5154.835489309677
 21
1432.835687127748
 31
0.0
1001
REVIT
1002
{
1070
     1
1000
2595571
1002
}
1002
{
1070
     2
1000
-2000051
1002
}
1002
{
1070
     3
1000
2107288
1002
}
  0
LINE
  5
1AC
330
70
100
AcDbEntity
  8
A-DETL
100
AcDbLine
 10
5264.835489309678
 20
1509.14575278074
 30
0.0
 11
5154.835489309677
 21
1509.145752780739
 31
0.0
1001
REVIT
1002
{
1070
     1
1000
2595572
1002
}
1002
{
1070
     2
1000
-2000051
1002
}
1002
{
1070
     3
1000
2107288
1002
}
  0
ARC
  5
1AD
330
70
100
AcDbEntity
  8
A-DETL
100
AcDbCircle
 10
5152.514126202258
 20
1428.745814413844
 30
0.0
 40
4.702742337447265
100
AcDbArc
 50
299.5787287237251
 51
60.4212712762759
1001
REVIT
1002
{
1070
     1
1000
2595573
1002
}
1002
{
1070
     2
1000
-2000051
1002
}
1002
{
1070
     3
1000
2107288
1002
}
  0
LINE
  5
1AE
330
70
100
AcDbEntity
  8
A-DETL
100
AcDbLine
 10
5264.835489309678
 20
1348.345876046949
 30
0.0
 11
5154.835489309677
 21
1348.345876046948
 31
0.0
1001
REVIT
1002
{
1070
     1
1000
2595574
1002
}
1002
{
1070
     2
1000
-2000051
1002
}
1002
{
1070
     3
1000
2107288
1002
}
  0
LINE
  5
1AF
330
70
100
AcDbEntity
  8
A-DETL
100
AcDbLine
 10
5154.835489309677
 20
1424.65594169994
 30
0.0
 11
5154.835489309677
 21
1348.345876046948
 31
0.0
1001
REVIT
1002
{
1070
     1
1000
2595575
1002
}
1002
{
1070
     2
1000
-2000051
1002
}
1002
{
1070
     3
1000
2107288
1002
}
  0
LINE
  5
1B0
330
70
100
AcDbEntity
  8
A-DETL
100
AcDbLine
 10
5264.835489309678
 20
1424.655941699941
 30
0.0
 11
5154.835489309677
 21
1424.65594169994
 31
0.0
1001
REVIT
1002
{
1070
     1
1000
2595576
1002
}
1002
{
1070
     2
1000
-2000051
1002
}
1002
{
1070
     3
1000
2107288
1002
}
  0
LINE
  5
1B1
330
70
100
AcDbEntity
  8
A-DETL
100
AcDbLine
 10
5404.835489309677
 20
2231.093287991807
 30
0.0
 11
5314.835489309677
 21
2281.093287991807
 31
0.0
1001
REVIT
1002
{
1070
     1
1000
2595579
1002
}
1002
{
1070
     2
1000
-2000051
1002
}
1002
{
1070
     3
1000
2107288
1002
}
  0
LINE
  5
1B2
330
70
100
AcDbEntity
  8
A-DETL
100
AcDbLine
 10
5314.835489309677
 20
2231.093287991806
 30
0.0
 11
5404.835489309679
 21
2281.093287991807
 31
0.0
1001
REVIT
1002
{
1070
     1
1000
2595580
1002
}
1002
{
1070
     2
1000
-2000051
1002
}
1002
{
1070
     3
1000
2107288
1002
}
  0
LINE
  5
1B3
330
70
100
AcDbEntity
  8
A-DETL
100
AcDbLine
 10
4514.835489309677
 20
2606.093287991808
 30
0.0
 11
4514.835489309676
 21
1171.803164006885
 31
0.0
1001
REVIT
1002
{
1070
     1
1000
2595589
1002
}
1002
{
1070
     2
1000
-2000051
1002
}
1002
{
1070
     3
1000
2107288
1002
}
  0
LINE
  5
1B4
330
70
100
AcDbEntity
  8
A-DETL
100
AcDbLine
 10
5264.835489309678
 20
1263.85606496615
 30
0.0
 11
5154.835489309677
 21
1263.856064966149
 31
0.0
1001
REVIT
1002
{
1070
     1
1000
2595598
1002
}
1002
{
1070
     2
1000
-2000051
1002
}
1002
{
1070
     3
1000
2107288
1002
}
  0
LINE
  5
1B5
330
70
100
AcDbEntity
  8
A-DETL
100
AcDbLine
 10
5154.835489309677
 20
1340.166130619141
 30
0.0
 11
5154.835489309677
 21
1263.856064966149
 31
0.0
1001
REVIT
1002
{
1070
     1
1000
2595599
1002
}
1002
{
1070
     2
1000
-2000051
1002
}
1002
{
1070
     3
1000
2107288
1002
}
  0
ARC
  5
1B6
330
70
100
AcDbEntity
  8
A-DETL
100
AcDbCircle
 10
5152.514126202257
 20
1259.766192252246
 30
0.0
 40
4.702742337446923
100
AcDbArc
 50
299.578728723735
 51
60.42127127626053
1001
REVIT
1002
{
1070
     1
1000
2595600
1002
}
1002
{
1070
     2
1000
-2000051
1002
}
1002
{
1070
     3
1000
2107288
1002
}
  0
LINE
  5
1B7
330
70
100
AcDbEntity
  8
A-DETL
100
AcDbLine
 10
5264.835489309678
 20
1179.366253885352
 30
0.0
 11
5154.835489309677
 21
1179.366253885351
 31
0.0
1001
REVIT
1002
{
1070
     1
1000
2595601
1002
}
1002
{
1070
     2
1000
-2000051
1002
}
1002
{
1070
     3
1000
2107288
1002
}
  0
LINE
  5
1B8
330
70
100
AcDbEntity
  8
A-DETL
100
AcDbLine
 10
5154.835489309677
 20
1255.676319538343
 30
0.0
 11
5154.835489309677
 21
1179.366253885351
 31
0.0
1001
REVIT
1002
{
1070
     1
1000
2595602
1002
}
1002
{
1070
     2
1000
-2000051
1002
}
1002
{
1070
     3
1000
2107288
1002
}
  0
LINE
  5
1B9
330
70
100
AcDbEntity
  8
A-DETL
100
AcDbLine
 10
5264.835489309678
 20
1255.676319538343
 30
0.0
 11
5154.835489309677
 21
1255.676319538343
 31
0.0
1001
REVIT
1002
{
1070
     1
1000
2595603
1002
}
1002
{
1070
     2
1000
-2000051
1002
}
1002
{
1070
     3
1000
2107288
1002
}
  0
ARC
  5
1BA
330
70
100
AcDbEntity
  8
A-DETL
100
AcDbCircle
 10
5152.514126202257
 20
1175.276381171448
 30
0.0
 40
4.702742337447265
100
AcDbArc
 50
299.5787287237352
 51
60.42127127627682
1001
REVIT
1002
{
1070
     1
1000
2595604
1002
}
1002
{
1070
     2
1000
-2000051
1002
}
1002
{
1070
     3
1000
2107288
1002
}
  0
ARC
  5
1BB
330
70
100
AcDbEntity
  8
A-DETL
100
AcDbCircle
 10
5152.514126202258
 20
1344.256003333045
 30
0.0
 40
4.702742337447265
100
AcDbArc
 50
299.5787287237242
 51
60.42127127627682
1001
REVIT
1002
{
1070
     1
1000
2595605
1002
}
1002
{
1070
     2
1000
-2000051
1002
}
1002
{
1070
     3
1000
2107288
1002
}
  0
LINE
  5
1BC
330
70
100
AcDbEntity
  8
A-DETL
100
AcDbLine
 10
5264.835489309678
 20
1340.166130619141
 30
0.0
 11
5154.835489309677
 21
1340.166130619141
 31
0.0
1001
REVIT
1002
{
1070
     1
1000
2595606
1002
}
1002
{
1070
     2
1000
-2000051
1002
}
1002
{
1070
     3
1000
2107288
1002
}
  0
HATCH
  5
1C1
330
70
100
AcDbEntity
  8
A-DETL-GENF
 62
     8
100
AcDbHatch
 10
0.0
 20
0.0
 30
0.0
210
0.0
220
0.0
230
1.0
  2
FP_2
 70
     0
 71
     0
 91
        1
 92
        1
 93
        4
 72
     1
 10
5314.835489309682
 20
1171.803164006887
 11
5404.835489309681
 21
1171.803164006887
 72
     1
 10
5404.835489309681
 20
1171.803164006887
 11
5404.835489309677
 21
2231.093287991811
 72
     1
 10
5404.835489309677
 20
2231.093287991811
 11
5314.835489309678
 21
2231.093287991811
 72
     1
 10
5314.835489309678
 20
2231.093287991811
 11
5314.835489309682
 21
1171.803164006887
 97
        0
 75
     0
 76
     2
 52
0.0
 41
1.0
 77
     0
 78
     1
 53
45.0
 43
3613.751519626893
 44
0.0
 45
-42.42640687119285
 46
42.42640687119285
 79
     0
 98
        1
 10
3613.751519626893
 20
0.0
1001
REVIT
1002
{
1070
     1
1000
2595583
1002
}
1002
{
1070
     5
1000
2176662
1002
}
1002
{
1070
     2
1000
-2002000
1002
}
  0
LINE
  5
1C2
330
70
100
AcDbEntity
  8
A-DETL
100
AcDbLine
 10
5404.835489309674
 20
2231.093287991807
 30
0.0
 11
5314.835489309675
 21
2231.093287991807
 31
0.0
1001
REVIT
1002
{
1070
     1
1000
2595583
1002
}
1002
{
1070
     5
1000
2176662
1002
}
1002
{
1070
     2
1000
-2000051
1002
}
1002
{
1070
     3
1000
2107288
1002
}
  0
LINE
  5
1C3
330
70
100
AcDbEntity
  8
A-DETL
100
AcDbLine
 10
5314.835489309675
 20
2231.093287991807
 30
0.0
 11
5314.835489309679
 21
1171.803164006885
 31
0.0
1001
REVIT
1002
{
1070
     1
1000
2595583
1002
}
1002
{
1070
     5
1000
2176662
1002
}
1002
{
1070
     2
1000
-2000051
1002
}
1002
{
1070
     3
1000
2107288
1002
}
  0
LINE
  5
1C4
330
70
100
AcDbEntity
  8
A-DETL
100
AcDbLine
 10
5314.835489309679
 20
1171.803164006885
 30
0.0
 11
5404.835489309678
 21
1171.803164006886
 31
0.0
1001
REVIT
1002
{
1070
     1
1000
2595583
1002
}
1002
{
1070
     5
1000
2176662
1002
}
1002
{
1070
     2
1000
-2000051
1002
}
1002
{
1070
     3
1000
2107288
1002
}
  0
LINE
  5
1C5
330
70
100
AcDbEntity
  8
A-DETL
100
AcDbLine
 10
5404.835489309678
 20
1171.803164006886
 30
0.0
 11
5404.835489309674
 21
2231.093287991807
 31
0.0
1001
REVIT
1002
{
1070
     1
1000
2595583
1002
}
1002
{
1070
     5
1000
2176662
1002
}
1002
{
1070
     2
1000
-2000051
1002
}
1002
{
1070
     3
1000
2107288
1002
}
  0
LINE
  5
1C6
330
70
100
AcDbEntity
  8
A-DETL
100
AcDbLine
 10
5721.444504099511
 20
1978.57743390786
 30
0.0
 11
5741.44450409951
 21
1978.57743390786
 31
0.0
1001
REVIT
1002
{
1070
     1
1000
2595521
1002
}
1002
{
1070
     2
1000
-2000051
1002
}
1002
{
1070
     3
1000
2107288
1002
}
  0
LINE
  5
1C7
330
70
100
AcDbEntity
  8
A-DETL
370
    25
100
AcDbLine
 10
5410.194504099512
 20
2246.925536640578
 30
0.0
 11
5406.658970193579
 21
2250.461070546511
 31
0.0
1001
REVIT
1002
{
1070
     1
1000
2595525
1002
}
1002
{
1070
     2
1000
-2000051
1002
}
1002
{
1070
     3
1000
2107529
1002
}
  0
LINE
  5
1C8
330
70
100
AcDbEntity
  8
A-DETL
100
AcDbLine
 10
5404.835489309677
 20
2281.093287991807
 30
0.0
 11
5404.835489309679
 21
1171.803164006885
 31
0.0
1001
REVIT
1002
{
1070
     1
1000
2595577
1002
}
1002
{
1070
     2
1000
-2000051
1002
}
1002
{
1070
     3
1000
2107288
1002
}
  0
LINE
  5
1C9
330
70
100
AcDbEntity
  8
A-DETL
370
    25
100
AcDbLine
 10
5416.014421497811
 20
2282.284787929244
 30
0.0
 11
5144.764421497811
 21
2306.01608791065
 31
0.0
1001
REVIT
1002
{
1070
     1
1000
2595588
1002
}
1002
{
1070
     2
1000
-2000051
1002
}
1002
{
1070
     3
1000
2107529
1002
}
  0
HATCH
  5
1FC
330
70
100
AcDbEntity
  8
A-DETL-GENF
 62
     7
100
AcDbHatch
 10
0.0
 20
0.0
 30
0.0
210
0.0
220
0.0
230
1.0
  2
SOLID
 70
     1
 71
     0
 91
        2
 92
        1
 93
       24
 72
     1
 10
7726.634278893269
 20
2586.837710831419
 11
7729.222469344294
 21
2587.178452568527
 72
     1
 10
7729.222469344293
 20
2587.178452568527
 11
7731.634278893269
 21
2588.177456793574
 72
     1
 10
7731.634278893269
 20
2588.177456793574
 11
7733.705346705135
 21
2589.766643019553
 72
     1
 10
7733.705346705135
 20
2589.766643019553
 11
7735.294532931113
 21
2591.837710831419
 72
     1
 10
7735.294532931113
 20
2591.837710831419
 11
7736.29353715616
 21
2594.249520380394
 72
     1
 10
7736.29353715616
 20
2594.249520380394
 11
7736.634278893269
 21
2596.837710831418
 72
     1
 10
7736.634278893269
 20
2596.837710831418
 11
7736.29353715616
 21
2599.425901282443
 72
     1
 10
7736.29353715616
 20
2599.425901282443
 11
7735.294532931113
 21
2601.837710831418
 72
     1
 10
7735.294532931113
 20
2601.837710831418
 11
7733.705346705135
 21
2603.908778643284
 72
     1
 10
7733.705346705135
 20
2603.908778643284
 11
7731.634278893269
 21
2605.497964869262
 72
     1
 10
7731.634278893269
 20
2605.497964869262
 11
7729.222469344293
 21
2606.496969094309
 72
     1
 10
7729.222469344293
 20
2606.496969094309
 11
7726.634278893268
 21
2606.837710831418
 72
     1
 10
7726.634278893269
 20
2606.837710831418
 11
7724.046088442244
 21
2606.496969094309
 72
     1
 10
7724.046088442243
 20
2606.496969094309
 11
7720.985745110895
 21
2605.000327395431
 72
     1
 10
7720.985745110895
 20
2605.000327395431
 11
7719.563211081402
 21
2603.908778643284
 72
     1
 10
7719.563211081403
 20
2603.908778643284
 11
7717.974024855424
 21
2601.837710831418
 72
     1
 10
7717.974024855424
 20
2601.837710831418
 11
7716.975020630378
 21
2599.425901282443
 72
     1
 10
7716.975020630378
 20
2599.425901282443
 11
7716.634278893269
 21
2596.837710831418
 72
     1
 10
7716.634278893269
 20
2596.837710831418
 11
7716.975020630378
 21
2594.249520380394
 72
     1
 10
7716.975020630378
 20
2594.249520380394
 11
7717.974024855424
 21
2591.837710831419
 72
     1
 10
7717.974024855424
 20
2591.837710831419
 11
7719.563211081403
 21
2589.766643019553
 72
     1
 10
7719.563211081403
 20
2589.766643019553
 11
7721.634278893269
 21
2588.177456793574
 72
     1
 10
7721.634278893269
 20
2588.177456793574
 11
7724.046088442243
 21
2587.178452568527
 72
     1
 10
7724.046088442243
 20
2587.178452568527
 11
7726.634278893268
 21
2586.837710831419
 97
        0
 92
        1
 93
       24
 72
     1
 10
7466.634278893267
 20
2586.837710831419
 11
7469.222469344292
 21
2587.178452568528
 72
     1
 10
7469.222469344292
 20
2587.178452568528
 11
7471.634278893267
 21
2588.177456793575
 72
     1
 10
7471.634278893267
 20
2588.177456793575
 11
7473.705346705133
 21
2589.766643019553
 72
     1
 10
7473.705346705132
 20
2589.766643019553
 11
7475.294532931111
 21
2591.837710831419
 72
     1
 10
7475.294532931111
 20
2591.837710831419
 11
7476.293537156158
 21
2594.249520380394
 72
     1
 10
7476.293537156158
 20
2594.249520380394
 11
7476.634278893267
 21
2596.837710831419
 72
     1
 10
7476.634278893267
 20
2596.837710831419
 11
7476.293537156158
 21
2599.425901282444
 72
     1
 10
7476.293537156158
 20
2599.425901282444
 11
7475.294532931111
 21
2601.837710831419
 72
     1
 10
7475.294532931111
 20
2601.837710831419
 11
7473.705346705133
 21
2603.908778643284
 72
     1
 10
7473.705346705132
 20
2603.908778643284
 11
7471.634278893266
 21
2605.497964869263
 72
     1
 10
7471.634278893267
 20
2605.497964869263
 11
7469.222469344293
 21
2606.49696909431
 72
     1
 10
7469.222469344292
 20
2606.49696909431
 11
7466.634278893267
 21
2606.837710831419
 72
     1
 10
7466.634278893267
 20
2606.837710831419
 11
7464.046088442242
 21
2606.49696909431
 72
     1
 10
7464.046088442242
 20
2606.49696909431
 11
7461.634278893267
 21
2605.497964869263
 72
     1
 10
7461.634278893267
 20
2605.497964869263
 11
7459.563211081402
 21
2603.908778643284
 72
     1
 10
7459.563211081402
 20
2603.908778643284
 11
7457.974024855423
 21
2601.837710831419
 72
     1
 10
7457.974024855423
 20
2601.837710831419
 11
7456.975020630376
 21
2599.425901282444
 72
     1
 10
7456.975020630376
 20
2599.425901282444
 11
7456.634278893267
 21
2596.837710831419
 72
     1
 10
7456.634278893267
 20
2596.837710831419
 11
7456.975020630376
 21
2594.249520380394
 72
     1
 10
7456.975020630376
 20
2594.249520380394
 11
7457.974024855423
 21
2591.837710831419
 72
     1
 10
7457.974024855423
 20
2591.837710831419
 11
7459.563211081402
 21
2589.766643019553
 72
     1
 10
7459.563211081402
 20
2589.766643019553
 11
7461.634278893267
 21
2588.177456793575
 72
     1
 10
7461.634278893267
 20
2588.177456793575
 11
7464.046088442243
 21
2587.178452568528
 72
     1
 10
7464.046088442242
 20
2587.178452568528
 11
7466.634278893267
 21
2586.837710831419
 97
        0
 75
     0
 76
     1
 98
        1
 10
4789.658308848919
 20
0.0
1001
REVIT
1002
{
1070
     1
1000
2204455
1002
}
1002
{
1070
     5
1000
2204652
1002
}
1002
{
1070
     2
1000
-2002000
1002
}
  0
HATCH
  5
291
330
70
100
AcDbEntity
  8
A-DETL-GENF
 62
     7
100
AcDbHatch
 10
0.0
 20
0.0
 30
0.0
210
0.0
220
0.0
230
1.0
  2
SOLID
 70
     1
 71
     0
 91
        8
 92
        1
 93
       24
 72
     1
 10
7453.991838622389
 20
2301.275377534389
 11
7455.803571938107
 21
2301.513896750366
 72
     1
 10
7455.803571938106
 20
2301.513896750366
 11
7457.491838622387
 21
2302.213199707898
 72
     1
 10
7457.491838622388
 20
2302.213199707898
 11
7458.941586090694
 21
2303.325630066083
 72
     1
 10
7458.941586090694
 20
2303.325630066083
 11
7460.054016448879
 21
2304.775377534389
 72
     1
 10
7460.054016448879
 20
2304.775377534389
 11
7460.753319406411
 21
2306.463644218671
 72
     1
 10
7460.753319406412
 20
2306.463644218671
 11
7460.991838622389
 21
2308.275377534389
 72
     1
 10
7460.991838622389
 20
2308.275377534389
 11
7460.753319406412
 21
2310.087110850107
 72
     1
 10
7460.753319406412
 20
2310.087110850107
 11
7460.054016448879
 21
2311.775377534389
 72
     1
 10
7460.054016448879
 20
2311.775377534389
 11
7458.941586090694
 21
2313.225125002695
 72
     1
 10
7458.941586090694
 20
2313.225125002695
 11
7457.362209574168
 21
2314.39124947073
 72
     1
 10
7457.362209574168
 20
2314.39124947073
 11
7455.803571938106
 21
2315.036858318413
 72
     1
 10
7455.803571938106
 20
2315.036858318413
 11
7453.991838622388
 21
2315.275377534389
 72
     1
 10
7453.991838622389
 20
2315.275377534389
 11
7452.180105306672
 21
2315.036858318413
 72
     1
 10
7452.180105306671
 20
2315.036858318413
 11
7450.491838622389
 21
2314.33755536088
 72
     1
 10
7450.491838622389
 20
2314.33755536088
 11
7449.042091154083
 21
2313.225125002695
 72
     1
 10
7449.042091154083
 20
2313.225125002695
 11
7447.929660795898
 21
2311.775377534389
 72
     1
 10
7447.929660795898
 20
2311.775377534389
 11
7447.230357838365
 21
2310.087110850107
 72
     1
 10
7447.230357838365
 20
2310.087110850107
 11
7446.991838622389
 21
2308.275377534389
 72
     1
 10
7446.991838622389
 20
2308.275377534389
 11
7447.230357838365
 21
2306.463644218671
 72
     1
 10
7447.230357838365
 20
2306.463644218671
 11
7448.476428888511
 21
2304.062815483036
 72
     1
 10
7448.476428888511
 20
2304.062815483036
 11
7449.042091154084
 21
2303.325630066083
 72
     1
 10
7449.042091154083
 20
2303.325630066083
 11
7450.491838622388
 21
2302.213199707898
 72
     1
 10
7450.491838622388
 20
2302.213199707898
 11
7452.180105306671
 21
2301.513896750366
 72
     1
 10
7452.180105306671
 20
2301.513896750366
 11
7453.991838622389
 21
2301.275377534389
 97
        0
 92
        1
 93
       24
 72
     1
 10
7641.009278893266
 20
2301.275377534389
 11
7642.821012208984
 21
2301.513896750366
 72
     1
 10
7642.821012208984
 20
2301.513896750366
 11
7644.509278893266
 21
2302.213199707898
 72
     1
 10
7644.509278893267
 20
2302.213199707898
 11
7645.959026361573
 21
2303.325630066083
 72
     1
 10
7645.959026361572
 20
2303.325630066083
 11
7647.071456719757
 21
2304.775377534389
 72
     1
 10
7647.071456719757
 20
2304.775377534389
 11
7647.770759677291
 21
2306.463644218671
 72
     1
 10
7647.770759677291
 20
2306.463644218671
 11
7648.009278893266
 21
2308.275377534389
 72
     1
 10
7648.009278893266
 20
2308.275377534389
 11
7647.770759677291
 21
2310.087110850107
 72
     1
 10
7647.770759677291
 20
2310.087110850107
 11
7647.071456719757
 21
2311.775377534389
 72
     1
 10
7647.071456719757
 20
2311.775377534389
 11
7645.959026361572
 21
2313.225125002695
 72
     1
 10
7645.959026361572
 20
2313.225125002695
 11
7644.379649845047
 21
2314.39124947073
 72
     1
 10
7644.379649845047
 20
2314.39124947073
 11
7642.821012208984
 21
2315.036858318413
 72
     1
 10
7642.821012208984
 20
2315.036858318413
 11
7641.009278893265
 21
2315.275377534389
 72
     1
 10
7641.009278893266
 20
2315.275377534389
 11
7639.197545577549
 21
2315.036858318413
 72
     1
 10
7639.197545577549
 20
2315.036858318413
 11
7637.509278893267
 21
2314.33755536088
 72
     1
 10
7637.509278893267
 20
2314.33755536088
 11
7636.059531424961
 21
2313.225125002695
 72
     1
 10
7636.05953142496
 20
2313.225125002695
 11
7634.947101066775
 21
2311.775377534389
 72
     1
 10
7634.947101066775
 20
2311.775377534389
 11
7634.247798109242
 21
2310.087110850107
 72
     1
 10
7634.247798109242
 20
2310.087110850107
 11
7634.009278893266
 21
2308.275377534389
 72
     1
 10
7634.009278893266
 20
2308.275377534389
 11
7634.247798109242
 21
2306.463644218671
 72
     1
 10
7634.247798109242
 20
2306.463644218671
 11
7634.947101066775
 21
2304.775377534389
 72
     1
 10
7634.947101066775
 20
2304.775377534389
 11
7636.05953142496
 21
2303.325630066083
 72
     1
 10
7636.05953142496
 20
2303.325630066083
 11
7637.509278893266
 21
2302.213199707898
 72
     1
 10
7637.509278893267
 20
2302.213199707898
 11
7639.19754557755
 21
2301.513896750366
 72
     1
 10
7639.197545577549
 20
2301.513896750366
 11
7641.009278893266
 21
2301.275377534389
 97
        0
 92
        1
 93
       24
 72
     1
 10
7551.009278893267
 20
2301.27537753439
 11
7552.821012208985
 21
2301.513896750366
 72
     1
 10
7552.821012208986
 20
2301.513896750366
 11
7554.509278893267
 21
2302.213199707898
 72
     1
 10
7554.509278893267
 20
2302.213199707898
 11
7555.959026361573
 21
2303.325630066083
 72
     1
 10
7555.959026361573
 20
2303.325630066083
 11
7557.071456719758
 21
2304.77537753439
 72
     1
 10
7557.071456719758
 20
2304.77537753439
 11
7557.770759677291
 21
2306.463644218672
 72
     1
 10
7557.770759677291
 20
2306.463644218672
 11
7558.009278893267
 21
2308.27537753439
 72
     1
 10
7558.009278893267
 20
2308.27537753439
 11
7557.770759677291
 21
2310.087110850107
 72
     1
 10
7557.770759677291
 20
2310.087110850107
 11
7557.071456719757
 21
2311.77537753439
 72
     1
 10
7557.071456719758
 20
2311.77537753439
 11
7555.959026361573
 21
2313.225125002695
 72
     1
 10
7555.959026361573
 20
2313.225125002695
 11
7554.379649845048
 21
2314.39124947073
 72
     1
 10
7554.379649845048
 20
2314.39124947073
 11
7552.821012208985
 21
2315.036858318413
 72
     1
 10
7552.821012208986
 20
2315.036858318413
 11
7550.667422471905
 21
2315.230371282701
 72
     1
 10
7550.667422471905
 20
2315.230371282701
 11
7549.19754557755
 21
2315.036858318413
 72
     1
 10
7549.19754557755
 20
2315.036858318413
 11
7547.509278893269
 21
2314.337555360881
 72
     1
 10
7547.509278893268
 20
2314.337555360881
 11
7546.059531424962
 21
2313.225125002695
 72
     1
 10
7546.059531424962
 20
2313.225125002695
 11
7544.947101066777
 21
2311.77537753439
 72
     1
 10
7544.947101066777
 20
2311.77537753439
 11
7544.247798109244
 21
2310.087110850107
 72
     1
 10
7544.247798109244
 20
2310.087110850107
 11
7544.009278893267
 21
2308.27537753439
 72
     1
 10
7544.009278893267
 20
2308.27537753439
 11
7544.247798109244
 21
2306.463644218672
 72
     1
 10
7544.247798109244
 20
2306.463644218672
 11
7544.947101066777
 21
2304.77537753439
 72
     1
 10
7544.947101066777
 20
2304.77537753439
 11
7546.059531424962
 21
2303.325630066083
 72
     1
 10
7546.059531424962
 20
2303.325630066083
 11
7547.509278893267
 21
2302.213199707898
 72
     1
 10
7547.509278893267
 20
2302.213199707898
 11
7549.19754557755
 21
2301.513896750366
 72
     1
 10
7549.19754557755
 20
2301.513896750366
 11
7551.009278893268
 21
2301.27537753439
 97
        0
 92
        1
 93
       24
 72
     1
 10
7737.880925243619
 20
2301.748122973879
 11
7739.692658559336
 21
2301.986642189855
 72
     1
 10
7739.692658559336
 20
2301.986642189855
 11
7741.380925243619
 21
2302.685945147388
 72
     1
 10
7741.380925243619
 20
2302.685945147388
 11
7742.830672711924
 21
2303.798375505573
 72
     1
 10
7742.830672711923
 20
2303.798375505573
 11
7743.943103070109
 21
2305.248122973879
 72
     1
 10
7743.943103070109
 20
2305.248122973879
 11
7744.642406027642
 21
2306.936389658162
 72
     1
 10
7744.642406027642
 20
2306.936389658162
 11
7744.880925243619
 21
2308.748122973879
 72
     1
 10
7744.880925243619
 20
2308.748122973879
 11
7744.642406027642
 21
2310.559856289596
 72
     1
 10
7744.642406027642
 20
2310.559856289596
 11
7743.943103070109
 21
2312.248122973879
 72
     1
 10
7743.943103070109
 20
2312.248122973879
 11
7742.830672711923
 21
2313.697870442185
 72
     1
 10
7742.830672711923
 20
2313.697870442185
 11
7741.380925243618
 21
2314.81030080037
 72
     1
 10
7741.380925243619
 20
2314.81030080037
 11
7739.692658559336
 21
2315.509603757902
 72
     1
 10
7739.692658559336
 20
2315.509603757902
 11
7737.880925243619
 21
2315.748122973879
 72
     1
 10
7737.880925243619
 20
2315.748122973879
 11
7736.069191927901
 21
2315.509603757902
 72
     1
 10
7736.069191927901
 20
2315.509603757902
 11
7733.834806918308
 21
2314.39124947073
 72
     1
 10
7733.834806918308
 20
2314.39124947073
 11
7732.931177775312
 21
2313.697870442185
 72
     1
 10
7732.931177775312
 20
2313.697870442185
 11
7731.818747417126
 21
2312.248122973879
 72
     1
 10
7731.818747417126
 20
2312.248122973879
 11
7731.119444459593
 21
2310.559856289596
 72
     1
 10
7731.119444459594
 20
2310.559856289596
 11
7730.880925243619
 21
2308.748122973879
 72
     1
 10
7730.880925243619
 20
2308.748122973879
 11
7731.119444459594
 21
2306.936389658162
 72
     1
 10
7731.119444459594
 20
2306.936389658162
 11
7731.818747417126
 21
2305.248122973879
 72
     1
 10
7731.818747417126
 20
2305.248122973879
 11
7732.931177775312
 21
2303.798375505573
 72
     1
 10
7732.931177775312
 20
2303.798375505573
 11
7734.380925243618
 21
2302.685945147388
 72
     1
 10
7734.380925243619
 20
2302.685945147388
 11
7736.069191927902
 21
2301.986642189855
 72
     1
 10
7736.069191927901
 20
2301.986642189855
 11
7737.880925243619
 21
2301.748122973879
 97
        0
 92
        1
 93
       13
 72
     1
 10
7641.009278893266
 20
2305.275377534389
 11
7639.509278893266
 21
2305.677301323036
 72
     1
 10
7639.509278893266
 20
2305.677301323036
 11
7638.411202681913
 21
2306.775377534389
 72
     1
 10
7638.411202681913
 20
2306.775377534389
 11
7638.009278893267
 21
2308.275377534389
 72
     1
 10
7638.009278893267
 20
2308.275377534389
 11
7638.411202681913
 21
2309.775377534389
 72
     1
 10
7638.411202681913
 20
2309.775377534389
 11
7639.509278893266
 21
2310.873453745743
 72
     1
 10
7639.509278893266
 20
2310.873453745743
 11
7641.009278893266
 21
2311.275377534389
 72
     1
 10
7641.009278893266
 20
2311.275377534389
 11
7642.509278893267
 21
2310.873453745743
 72
     1
 10
7642.509278893267
 20
2310.873453745743
 11
7643.607355104621
 21
2309.775377534389
 72
     1
 10
7643.60735510462
 20
2309.775377534389
 11
7644.009278893266
 21
2308.275377534389
 72
     1
 10
7644.009278893266
 20
2308.275377534389
 11
7643.60735510462
 21
2306.775377534389
 72
     1
 10
7643.60735510462
 20
2306.775377534389
 11
7642.509278893267
 21
2305.677301323036
 72
     1
 10
7642.509278893267
 20
2305.677301323036
 11
7641.785736028574
 21
2305.377600055522
 72
     1
 10
7641.785736028574
 20
2305.377600055522
 11
7641.009278893266
 21
2305.275377534389
 97
        0
 92
        1
 93
       13
 72
     1
 10
7453.991838622389
 20
2305.275377534389
 11
7452.491838622389
 21
2305.677301323036
 72
     1
 10
7452.491838622389
 20
2305.677301323036
 11
7451.393762411036
 21
2306.775377534389
 72
     1
 10
7451.393762411035
 20
2306.775377534389
 11
7450.991838622389
 21
2308.275377534389
 72
     1
 10
7450.991838622389
 20
2308.275377534389
 11
7451.393762411035
 21
2309.775377534389
 72
     1
 10
7451.393762411035
 20
2309.775377534389
 11
7452.491838622388
 21
2310.873453745743
 72
     1
 10
7452.491838622389
 20
2310.873453745743
 11
7453.991838622389
 21
2311.275377534389
 72
     1
 10
7453.991838622389
 20
2311.275377534389
 11
7455.491838622389
 21
2310.873453745743
 72
     1
 10
7455.491838622389
 20
2310.873453745743
 11
7456.589914833741
 21
2309.775377534389
 72
     1
 10
7456.589914833741
 20
2309.775377534389
 11
7456.991838622389
 21
2308.275377534389
 72
     1
 10
7456.991838622389
 20
2308.275377534389
 11
7456.589914833741
 21
2306.775377534389
 72
     1
 10
7456.589914833741
 20
2306.775377534389
 11
7455.491838622389
 21
2305.677301323036
 72
     1
 10
7455.491838622389
 20
2305.677301323036
 11
7454.768295757696
 21
2305.377600055522
 72
     1
 10
7454.768295757696
 20
2305.377600055522
 11
7453.991838622389
 21
2305.275377534389
 97
        0
 92
        1
 93
       13
 72
     1
 10
7551.009278893267
 20
2305.275377534389
 11
7549.509278893266
 21
2305.677301323036
 72
     1
 10
7549.509278893267
 20
2305.677301323036
 11
7548.411202681915
 21
2306.77537753439
 72
     1
 10
7548.411202681915
 20
2306.77537753439
 11
7548.009278893267
 21
2308.27537753439
 72
     1
 10
7548.009278893267
 20
2308.27537753439
 11
7548.411202681915
 21
2309.77537753439
 72
     1
 10
7548.411202681915
 20
2309.77537753439
 11
7549.509278893267
 21
2310.873453745743
 72
     1
 10
7549.509278893267
 20
2310.873453745743
 11
7551.009278893268
 21
2311.27537753439
 72
     1
 10
7551.009278893267
 20
2311.27537753439
 11
7552.509278893267
 21
2310.873453745743
 72
     1
 10
7552.509278893267
 20
2310.873453745743
 11
7553.60735510462
 21
2309.77537753439
 72
     1
 10
7553.607355104621
 20
2309.77537753439
 11
7554.009278893267
 21
2308.27537753439
 72
     1
 10
7554.009278893267
 20
2308.27537753439
 11
7553.607355104621
 21
2306.77537753439
 72
     1
 10
7553.607355104621
 20
2306.77537753439
 11
7552.509278893268
 21
2305.677301323036
 72
     1
 10
7552.509278893267
 20
2305.677301323036
 11
7551.785736028574
 21
2305.377600055522
 72
     1
 10
7551.785736028574
 20
2305.377600055522
 11
7551.009278893267
 21
2305.275377534389
 97
        0
 92
        1
 93
       13
 72
     1
 10
7737.880925243619
 20
2305.748122973879
 11
7736.380925243618
 21
2306.150046762525
 72
     1
 10
7736.380925243618
 20
2306.150046762525
 11
7735.282849032264
 21
2307.248122973879
 72
     1
 10
7735.282849032264
 20
2307.248122973879
 11
7734.880925243619
 21
2308.748122973879
 72
     1
 10
7734.880925243619
 20
2308.748122973879
 11
7735.282849032264
 21
2310.248122973879
 72
     1
 10
7735.282849032264
 20
2310.248122973879
 11
7736.380925243618
 21
2311.346199185232
 72
     1
 10
7736.380925243618
 20
2311.346199185232
 11
7737.880925243619
 21
2311.748122973879
 72
     1
 10
7737.880925243619
 20
2311.748122973879
 11
7739.380925243619
 21
2311.346199185232
 72
     1
 10
7739.380925243619
 20
2311.346199185232
 11
7740.479001454972
 21
2310.248122973879
 72
     1
 10
7740.479001454972
 20
2310.248122973879
 11
7740.880925243619
 21
2308.748122973879
 72
     1
 10
7740.880925243619
 20
2308.748122973879
 11
7740.479001454973
 21
2307.248122973879
 72
     1
 10
7740.479001454972
 20
2307.248122973879
 11
7739.380925243619
 21
2306.150046762525
 72
     1
 10
7739.380925243619
 20
2306.150046762525
 11
7738.657382378926
 21
2305.850345495012
 72
     1
 10
7738.657382378926
 20
2305.850345495012
 11
7737.880925243619
 21
2305.748122973879
 97
        0
 75
     0
 76
     1
 98
        1
 10
4789.658308848919
 20
0.0
1001
REVIT
1002
{
1070
     1
1000
2204462
1002
}
1002
{
1070
     5
1000
2204652
1002
}
1002
{
1070
     2
1000
-2002000
1002
}
  0
HATCH
  5
327
330
70
100
AcDbEntity
  8
A-DETL-GENF
 62
     7
100
AcDbHatch
 10
0.0
 20
0.0
 30
0.0
210
0.0
220
0.0
230
1.0
  2
SOLID
 70
     1
 71
     0
 91
        8
 92
        1
 93
       24
 72
     1
 10
7453.991838622389
 20
2321.275377534389
 11
7455.803571938107
 21
2321.513896750366
 72
     1
 10
7455.803571938106
 20
2321.513896750366
 11
7457.491838622387
 21
2322.213199707898
 72
     1
 10
7457.491838622388
 20
2322.213199707898
 11
7458.941586090694
 21
2323.325630066083
 72
     1
 10
7458.941586090694
 20
2323.325630066083
 11
7460.054016448879
 21
2324.775377534389
 72
     1
 10
7460.054016448879
 20
2324.775377534389
 11
7460.753319406411
 21
2326.463644218671
 72
     1
 10
7460.753319406412
 20
2326.463644218671
 11
7460.991838622389
 21
2328.275377534389
 72
     1
 10
7460.991838622389
 20
2328.275377534389
 11
7460.753319406412
 21
2330.087110850107
 72
     1
 10
7460.753319406412
 20
2330.087110850107
 11
7460.054016448879
 21
2331.775377534389
 72
     1
 10
7460.054016448879
 20
2331.775377534389
 11
7458.941586090694
 21
2333.225125002695
 72
     1
 10
7458.941586090694
 20
2333.225125002695
 11
7457.491838622388
 21
2334.33755536088
 72
     1
 10
7457.491838622388
 20
2334.33755536088
 11
7455.803571938106
 21
2335.036858318412
 72
     1
 10
7455.803571938106
 20
2335.036858318412
 11
7453.991838622388
 21
2335.275377534389
 72
     1
 10
7453.991838622389
 20
2335.275377534389
 11
7452.180105306672
 21
2335.036858318412
 72
     1
 10
7452.180105306671
 20
2335.036858318412
 11
7450.491838622389
 21
2334.33755536088
 72
     1
 10
7450.491838622389
 20
2334.33755536088
 11
7449.042091154083
 21
2333.225125002695
 72
     1
 10
7449.042091154083
 20
2333.225125002695
 11
7447.929660795898
 21
2331.775377534389
 72
     1
 10
7447.929660795898
 20
2331.775377534389
 11
7447.230357838365
 21
2330.087110850107
 72
     1
 10
7447.230357838365
 20
2330.087110850107
 11
7446.991838622389
 21
2328.275377534389
 72
     1
 10
7446.991838622389
 20
2328.275377534389
 11
7447.230357838365
 21
2326.463644218671
 72
     1
 10
7447.230357838365
 20
2326.463644218671
 11
7448.476428888511
 21
2324.062815483036
 72
     1
 10
7448.476428888511
 20
2324.062815483036
 11
7449.042091154084
 21
2323.325630066083
 72
     1
 10
7449.042091154083
 20
2323.325630066083
 11
7450.491838622388
 21
2322.213199707898
 72
     1
 10
7450.491838622388
 20
2322.213199707898
 11
7452.180105306671
 21
2321.513896750366
 72
     1
 10
7452.180105306671
 20
2321.513896750366
 11
7453.991838622389
 21
2321.275377534389
 97
        0
 92
        1
 93
       24
 72
     1
 10
7641.009278893266
 20
2321.275377534389
 11
7642.821012208984
 21
2321.513896750366
 72
     1
 10
7642.821012208984
 20
2321.513896750366
 11
7644.509278893266
 21
2322.213199707898
 72
     1
 10
7644.509278893267
 20
2322.213199707898
 11
7645.959026361573
 21
2323.325630066083
 72
     1
 10
7645.959026361572
 20
2323.325630066083
 11
7647.071456719757
 21
2324.775377534389
 72
     1
 10
7647.071456719757
 20
2324.775377534389
 11
7647.770759677291
 21
2326.463644218671
 72
     1
 10
7647.770759677291
 20
2326.463644218671
 11
7648.009278893266
 21
2328.275377534389
 72
     1
 10
7648.009278893266
 20
2328.275377534389
 11
7647.770759677291
 21
2330.087110850107
 72
     1
 10
7647.770759677291
 20
2330.087110850107
 11
7647.071456719757
 21
2331.775377534389
 72
     1
 10
7647.071456719757
 20
2331.775377534389
 11
7645.959026361572
 21
2333.225125002695
 72
     1
 10
7645.959026361572
 20
2333.225125002695
 11
7644.509278893266
 21
2334.33755536088
 72
     1
 10
7644.509278893267
 20
2334.33755536088
 11
7642.821012208985
 21
2335.036858318412
 72
     1
 10
7642.821012208984
 20
2335.036858318412
 11
7641.009278893265
 21
2335.275377534389
 72
     1
 10
7641.009278893266
 20
2335.275377534389
 11
7639.197545577549
 21
2335.036858318412
 72
     1
 10
7639.197545577549
 20
2335.036858318412
 11
7637.509278893267
 21
2334.33755536088
 72
     1
 10
7637.509278893267
 20
2334.33755536088
 11
7635.8265837914
 21
2332.921541736095
 72
     1
 10
7635.8265837914
 20
2332.921541736095
 11
7634.947101066775
 21
2331.775377534389
 72
     1
 10
7634.947101066775
 20
2331.775377534389
 11
7634.247798109242
 21
2330.087110850107
 72
     1
 10
7634.247798109242
 20
2330.087110850107
 11
7634.009278893266
 21
2328.275377534389
 72
     1
 10
7634.009278893266
 20
2328.275377534389
 11
7634.247798109242
 21
2326.463644218671
 72
     1
 10
7634.247798109242
 20
2326.463644218671
 11
7634.947101066775
 21
2324.775377534389
 72
     1
 10
7634.947101066775
 20
2324.775377534389
 11
7636.05953142496
 21
2323.325630066083
 72
     1
 10
7636.05953142496
 20
2323.325630066083
 11
7637.509278893266
 21
2322.213199707898
 72
     1
 10
7637.509278893267
 20
2322.213199707898
 11
7639.19754557755
 21
2321.513896750366
 72
     1
 10
7639.197545577549
 20
2321.513896750366
 11
7641.009278893266
 21
2321.275377534389
 97
        0
 92
        1
 93
       25
 72
     1
 10
7551.009278893267
 20
2321.275377534389
 11
7552.821012208985
 21
2321.513896750366
 72
     1
 10
7552.821012208986
 20
2321.513896750366
 11
7554.509278893267
 21
2322.213199707898
 72
     1
 10
7554.509278893267
 20
2322.213199707898
 11
7555.959026361573
 21
2323.325630066083
 72
     1
 10
7555.959026361573
 20
2323.325630066083
 11
7557.071456719758
 21
2324.775377534389
 72
     1
 10
7557.071456719758
 20
2324.775377534389
 11
7557.770759677291
 21
2326.463644218672
 72
     1
 10
7557.770759677291
 20
2326.463644218672
 11
7558.009278893267
 21
2328.275377534389
 72
     1
 10
7558.009278893267
 20
2328.275377534389
 11
7557.770759677291
 21
2330.087110850107
 72
     1
 10
7557.770759677291
 20
2330.087110850107
 11
7557.071456719757
 21
2331.775377534389
 72
     1
 10
7557.071456719758
 20
2331.775377534389
 11
7555.959026361573
 21
2333.225125002695
 72
     1
 10
7555.959026361573
 20
2333.225125002695
 11
7554.509278893267
 21
2334.337555360881
 72
     1
 10
7554.509278893267
 20
2334.337555360881
 11
7552.821012208986
 21
2335.036858318413
 72
     1
 10
7552.821012208986
 20
2335.036858318413
 11
7550.667422471905
 21
2335.230371282701
 72
     1
 10
7550.667422471905
 20
2335.230371282701
 11
7549.19754557755
 21
2335.036858318413
 72
     1
 10
7549.19754557755
 20
2335.036858318413
 11
7547.509278893269
 21
2334.337555360881
 72
     1
 10
7547.509278893268
 20
2334.337555360881
 11
7546.059531424962
 21
2333.225125002695
 72
     1
 10
7546.059531424962
 20
2333.225125002695
 11
7544.947101066777
 21
2331.775377534389
 72
     1
 10
7544.947101066777
 20
2331.775377534389
 11
7544.247798109244
 21
2330.087110850107
 72
     1
 10
7544.247798109244
 20
2330.087110850107
 11
7544.009278893267
 21
2328.275377534389
 72
     1
 10
7544.009278893267
 20
2328.275377534389
 11
7544.247798109244
 21
2326.463644218672
 72
     1
 10
7544.247798109244
 20
2326.463644218672
 11
7544.947101066777
 21
2324.775377534389
 72
     1
 10
7544.947101066777
 20
2324.775377534389
 11
7546.059531424962
 21
2323.325630066083
 72
     1
 10
7546.059531424962
 20
2323.325630066083
 11
7547.509278893267
 21
2322.213199707898
 72
     1
 10
7547.509278893267
 20
2322.213199707898
 11
7549.19754557755
 21
2321.513896750366
 72
     1
 10
7549.19754557755
 20
2321.513896750366
 11
7550.667422471905
 21
2321.320383786078
 72
     1
 10
7550.667422471905
 20
2321.320383786078
 11
7551.009278893267
 21
2321.275377534389
 97
        0
 92
        1
 93
       24
 72
     1
 10
7737.880925243619
 20
2321.748122973879
 11
7739.692658559336
 21
2321.986642189855
 72
     1
 10
7739.692658559336
 20
2321.986642189855
 11
7741.380925243619
 21
2322.685945147387
 72
     1
 10
7741.380925243619
 20
2322.685945147387
 11
7742.830672711924
 21
2323.798375505573
 72
     1
 10
7742.830672711923
 20
2323.798375505573
 11
7743.943103070109
 21
2325.248122973879
 72
     1
 10
7743.943103070109
 20
2325.248122973879
 11
7744.642406027642
 21
2326.936389658161
 72
     1
 10
7744.642406027642
 20
2326.936389658161
 11
7744.880925243619
 21
2328.748122973879
 72
     1
 10
7744.880925243619
 20
2328.748122973879
 11
7744.642406027642
 21
2330.559856289596
 72
     1
 10
7744.642406027642
 20
2330.559856289596
 11
7743.943103070109
 21
2332.248122973879
 72
     1
 10
7743.943103070109
 20
2332.248122973879
 11
7742.830672711923
 21
2333.697870442184
 72
     1
 10
7742.830672711923
 20
2333.697870442184
 11
7741.380925243618
 21
2334.81030080037
 72
     1
 10
7741.380925243619
 20
2334.81030080037
 11
7739.692658559336
 21
2335.509603757902
 72
     1
 10
7739.692658559336
 20
2335.509603757902
 11
7737.880925243619
 21
2335.748122973879
 72
     1
 10
7737.880925243619
 20
2335.748122973879
 11
7736.069191927901
 21
2335.509603757902
 72
     1
 10
7736.069191927901
 20
2335.509603757902
 11
7734.380925243619
 21
2334.81030080037
 72
     1
 10
7734.380925243619
 20
2334.81030080037
 11
7732.931177775313
 21
2333.697870442184
 72
     1
 10
7732.931177775312
 20
2333.697870442184
 11
7731.818747417126
 21
2332.248122973879
 72
     1
 10
7731.818747417126
 20
2332.248122973879
 11
7731.119444459593
 21
2330.559856289596
 72
     1
 10
7731.119444459594
 20
2330.559856289596
 11
7730.880925243619
 21
2328.748122973879
 72
     1
 10
7730.880925243619
 20
2328.748122973879
 11
7731.119444459594
 21
2326.936389658161
 72
     1
 10
7731.119444459594
 20
2326.936389658161
 11
7731.818747417126
 21
2325.248122973879
 72
     1
 10
7731.818747417126
 20
2325.248122973879
 11
7732.931177775312
 21
2323.798375505573
 72
     1
 10
7732.931177775312
 20
2323.798375505573
 11
7734.380925243618
 21
2322.685945147387
 72
     1
 10
7734.380925243619
 20
2322.685945147387
 11
7736.069191927902
 21
2321.986642189855
 72
     1
 10
7736.069191927901
 20
2321.986642189855
 11
7737.880925243619
 21
2321.748122973879
 97
        0
 92
        1
 93
       13
 72
     1
 10
7641.009278893266
 20
2325.275377534389
 11
7639.509278893266
 21
2325.677301323036
 72
     1
 10
7639.509278893266
 20
2325.677301323036
 11
7638.411202681913
 21
2326.775377534389
 72
     1
 10
7638.411202681913
 20
2326.775377534389
 11
7638.009278893267
 21
2328.275377534389
 72
     1
 10
7638.009278893267
 20
2328.275377534389
 11
7638.411202681913
 21
2329.775377534389
 72
     1
 10
7638.411202681913
 20
2329.775377534389
 11
7639.509278893266
 21
2330.873453745742
 72
     1
 10
7639.509278893266
 20
2330.873453745742
 11
7641.009278893266
 21
2331.275377534389
 72
     1
 10
7641.009278893266
 20
2331.275377534389
 11
7642.509278893267
 21
2330.873453745742
 72
     1
 10
7642.509278893267
 20
2330.873453745742
 11
7643.607355104621
 21
2329.775377534389
 72
     1
 10
7643.60735510462
 20
2329.775377534389
 11
7644.009278893266
 21
2328.275377534389
 72
     1
 10
7644.009278893266
 20
2328.275377534389
 11
7643.60735510462
 21
2326.775377534389
 72
     1
 10
7643.60735510462
 20
2326.775377534389
 11
7642.509278893267
 21
2325.677301323036
 72
     1
 10
7642.509278893267
 20
2325.677301323036
 11
7641.785736028574
 21
2325.377600055522
 72
     1
 10
7641.785736028574
 20
2325.377600055522
 11
7641.009278893266
 21
2325.275377534389
 97
        0
 92
        1
 93
       13
 72
     1
 10
7453.991838622389
 20
2325.275377534389
 11
7452.491838622389
 21
2325.677301323036
 72
     1
 10
7452.491838622389
 20
2325.677301323036
 11
7451.393762411036
 21
2326.775377534389
 72
     1
 10
7451.393762411035
 20
2326.775377534389
 11
7450.991838622389
 21
2328.275377534389
 72
     1
 10
7450.991838622389
 20
2328.275377534389
 11
7451.393762411035
 21
2329.775377534389
 72
     1
 10
7451.393762411035
 20
2329.775377534389
 11
7452.491838622388
 21
2330.873453745742
 72
     1
 10
7452.491838622389
 20
2330.873453745742
 11
7453.991838622389
 21
2331.275377534389
 72
     1
 10
7453.991838622389
 20
2331.275377534389
 11
7455.491838622389
 21
2330.873453745742
 72
     1
 10
7455.491838622389
 20
2330.873453745742
 11
7456.589914833741
 21
2329.775377534389
 72
     1
 10
7456.589914833741
 20
2329.775377534389
 11
7456.991838622389
 21
2328.275377534389
 72
     1
 10
7456.991838622389
 20
2328.275377534389
 11
7456.589914833741
 21
2326.775377534389
 72
     1
 10
7456.589914833741
 20
2326.775377534389
 11
7455.491838622389
 21
2325.677301323036
 72
     1
 10
7455.491838622389
 20
2325.677301323036
 11
7454.768295757696
 21
2325.377600055522
 72
     1
 10
7454.768295757696
 20
2325.377600055522
 11
7453.991838622389
 21
2325.275377534389
 97
        0
 92
        1
 93
       13
 72
     1
 10
7551.009278893267
 20
2325.275377534389
 11
7549.509278893266
 21
2325.677301323036
 72
     1
 10
7549.509278893267
 20
2325.677301323036
 11
7548.411202681915
 21
2326.775377534389
 72
     1
 10
7548.411202681915
 20
2326.775377534389
 11
7548.009278893267
 21
2328.275377534389
 72
     1
 10
7548.009278893267
 20
2328.275377534389
 11
7548.411202681915
 21
2329.775377534389
 72
     1
 10
7548.411202681915
 20
2329.775377534389
 11
7549.509278893267
 21
2330.873453745743
 72
     1
 10
7549.509278893267
 20
2330.873453745743
 11
7551.009278893268
 21
2331.27537753439
 72
     1
 10
7551.009278893267
 20
2331.27537753439
 11
7552.509278893267
 21
2330.873453745743
 72
     1
 10
7552.509278893267
 20
2330.873453745743
 11
7553.60735510462
 21
2329.775377534389
 72
     1
 10
7553.607355104621
 20
2329.775377534389
 11
7554.009278893267
 21
2328.275377534389
 72
     1
 10
7554.009278893267
 20
2328.275377534389
 11
7553.607355104621
 21
2326.775377534389
 72
     1
 10
7553.607355104621
 20
2326.775377534389
 11
7552.509278893268
 21
2325.677301323036
 72
     1
 10
7552.509278893267
 20
2325.677301323036
 11
7551.785736028574
 21
2325.377600055522
 72
     1
 10
7551.785736028574
 20
2325.377600055522
 11
7551.009278893267
 21
2325.275377534389
 97
        0
 92
        1
 93
       13
 72
     1
 10
7737.880925243619
 20
2325.748122973879
 11
7736.380925243618
 21
2326.150046762525
 72
     1
 10
7736.380925243618
 20
2326.150046762525
 11
7735.282849032264
 21
2327.248122973879
 72
     1
 10
7735.282849032264
 20
2327.248122973879
 11
7734.880925243619
 21
2328.748122973879
 72
     1
 10
7734.880925243619
 20
2328.748122973879
 11
7735.282849032264
 21
2330.248122973879
 72
     1
 10
7735.282849032264
 20
2330.248122973879
 11
7736.380925243618
 21
2331.346199185232
 72
     1
 10
7736.380925243618
 20
2331.346199185232
 11
7737.880925243619
 21
2331.748122973879
 72
     1
 10
7737.880925243619
 20
2331.748122973879
 11
7739.380925243619
 21
2331.346199185232
 72
     1
 10
7739.380925243619
 20
2331.346199185232
 11
7740.479001454972
 21
2330.248122973879
 72
     1
 10
7740.479001454972
 20
2330.248122973879
 11
7740.880925243619
 21
2328.748122973879
 72
     1
 10
7740.880925243619
 20
2328.748122973879
 11
7740.479001454973
 21
2327.248122973879
 72
     1
 10
7740.479001454972
 20
2327.248122973879
 11
7739.380925243619
 21
2326.150046762525
 72
     1
 10
7739.380925243619
 20
2326.150046762525
 11
7738.017577374794
 21
2325.766113568249
 72
     1
 10
7738.017577374794
 20
2325.766113568249
 11
7737.880925243619
 21
2325.748122973879
 97
        0
 75
     0
 76
     1
 98
        1
 10
4789.658308848919
 20
0.0
1001
REVIT
1002
{
1070
     1
1000
2204479
1002
}
1002
{
1070
     5
1000
2204652
1002
}
1002
{
1070
     2
1000
-2002000
1002
}
  0
HATCH
  5
32D
330
70
100
AcDbEntity
  8
A-DETL-GENF
 62
    10
100
AcDbHatch
 10
0.0
 20
0.0
 30
0.0
210
0.0
220
0.0
230
1.0
  2
SOLID
 70
     1
 71
     0
 91
        1
 92
        1
 93
        5
 72
     1
 10
7681.528142578143
 20
2686.837710831419
 11
7691.528142578143
 21
2686.837710831419
 72
     1
 10
7691.528142578143
 20
2686.837710831419
 11
7691.528142578143
 21
2833.837710831418
 72
     1
 10
7691.528142578143
 20
2833.837710831418
 11
7681.528142578143
 21
2833.663160182136
 72
     1
 10
7681.528142578143
 20
2833.663160182136
 11
7681.528142578143
 21
2774.128817726473
 72
     1
 10
7681.528142578143
 20
2774.128817726473
 11
7681.528142578143
 21
2686.837710831419
 97
        0
 75
     0
 76
     1
 98
        1
 10
4789.658308848919
 20
0.0
1001
REVIT
1002
{
1070
     1
1000
2204532
1002
}
1002
{
1070
     5
1000
1943470
1002
}
1002
{
1070
     2
1000
-2002000
1002
}
  0
LINE
  5
32F
330
70
100
AcDbEntity
  8
A-DETL-THIN
100
AcDbLine
 10
8471.508672768963
 20
2858.837710831412
 30
0.0
 11
7691.528142578138
 21
2858.837710831415
 31
0.0
1001
REVIT
1002
{
1070
     1
1000
2204424
1002
}
1002
{
1070
     5
1000
2204664
1002
}
1002
{
1070
     2
1000
-2000051
1002
}
1002
{
1070
     3
1000
-2000042
1002
}
  0
LINE
  5
330
330
70
100
AcDbEntity
  8
A-DETL-THIN
100
AcDbLine
 10
7691.528142578138
 20
2858.837710831415
 30
0.0
 11
7691.528142578138
 21
2833.837710831415
 31
0.0
1001
REVIT
1002
{
1070
     1
1000
2204424
1002
}
1002
{
1070
     5
1000
2204664
1002
}
1002
{
1070
     2
1000
-2000051
1002
}
1002
{
1070
     3
1000
-2000042
1002
}
  0
LINE
  5
331
330
70
100
AcDbEntity
  8
A-DETL-THIN
100
AcDbLine
 10
7681.528142578139
 20
2686.837710831416
 30
0.0
 11
7371.128142578138
 21
2686.837710831416
 31
0.0
1001
REVIT
1002
{
1070
     1
1000
2204424
1002
}
1002
{
1070
     5
1000
2204664
1002
}
1002
{
1070
     2
1000
-2000051
1002
}
1002
{
1070
     3
1000
-2000042
1002
}
  0
LINE
  5
332
330
70
100
AcDbEntity
  8
A-DETL-THIN
100
AcDbLine
 10
7371.128142578138
 20
2686.837710831416
 30
0.0
 11
7371.128142578138
 21
2676.837710831417
 31
0.0
1001
REVIT
1002
{
1070
     1
1000
2204424
1002
}
1002
{
1070
     5
1000
2204664
1002
}
1002
{
1070
     2
1000
-2000051
1002
}
1002
{
1070
     3
1000
-2000042
1002
}
  0
LINE
  5
333
330
70
100
AcDbEntity
  8
A-DETL-THIN
100
AcDbLine
 10
7371.128142578138
 20
2576.837710831416
 30
0.0
 11
7371.128142578138
 21
2258.837710831416
 31
0.0
1001
REVIT
1002
{
1070
     1
1000
2204424
1002
}
1002
{
1070
     5
1000
2204664
1002
}
1002
{
1070
     2
1000
-2000051
1002
}
1002
{
1070
     3
1000
-2000042
1002
}
  0
LINE
  5
334
330
70
100
AcDbEntity
  8
A-DETL-THIN
100
AcDbLine
 10
7371.128142578138
 20
2258.837710831416
 30
0.0
 11
7821.128142578137
 21
2258.837710831416
 31
0.0
1001
REVIT
1002
{
1070
     1
1000
2204424
1002
}
1002
{
1070
     5
1000
2204664
1002
}
1002
{
1070
     2
1000
-2000051
1002
}
1002
{
1070
     3
1000
-2000042
1002
}
  0
LINE
  5
335
330
70
100
AcDbEntity
  8
A-DETL-THIN
100
AcDbLine
 10
7821.128142578137
 20
2258.837710831416
 30
0.0
 11
7821.128142578137
 21
2704.903790047314
 31
0.0
1001
REVIT
1002
{
1070
     1
1000
2204424
1002
}
1002
{
1070
     5
1000
2204664
1002
}
1002
{
1070
     2
1000
-2000051
1002
}
1002
{
1070
     3
1000
-2000042
1002
}
  0
LINE
  5
336
330
70
100
AcDbEntity
  8
A-DETL-THIN
100
AcDbLine
 10
7821.128142578137
 20
2704.903790047314
 30
0.0
 11
7875.062063362238
 21
2758.837710831415
 31
0.0
1001
REVIT
1002
{
1070
     1
1000
2204424
1002
}
1002
{
1070
     5
1000
2204664
1002
}
1002
{
1070
     2
1000
-2000051
1002
}
1002
{
1070
     3
1000
-2000042
1002
}
  0
LINE
  5
337
330
70
100
AcDbEntity
  8
A-DETL-THIN
100
AcDbLine
 10
7875.062063362238
 20
2758.837710831415
 30
0.0
 11
8110.949344848248
 21
2758.837710831414
 31
0.0
1001
REVIT
1002
{
1070
     1
1000
2204424
1002
}
1002
{
1070
     5
1000
2204664
1002
}
1002
{
1070
     2
1000
-2000051
1002
}
1002
{
1070
     3
1000
-2000042
1002
}
  0
LINE
  5
338
330
70
100
AcDbEntity
  8
A-DETL-THIN
100
AcDbLine
 10
8470.949344848248
 20
2758.837710831413
 30
0.0
 11
8471.508672768963
 21
2758.837710831413
 31
0.0
1001
REVIT
1002
{
1070
     1
1000
2204424
1002
}
1002
{
1070
     5
1000
2204664
1002
}
1002
{
1070
     2
1000
-2000051
1002
}
1002
{
1070
     3
1000
-2000042
1002
}
  0
HATCH
  5
33E
330
70
100
AcDbEntity
  8
A-DETL-GENF
 62
     8
100
AcDbHatch
 10
0.0
 20
0.0
 30
0.0
210
0.0
220
0.0
230
1.0
  2
FP_3
 70
     0
 71
     0
 91
        1
 92
        1
 93
        5
 72
     1
 10
7681.528142578143
 20
2717.781496909114
 11
7681.528142578143
 21
2833.663160182136
 72
     1
 10
7681.528142578143
 20
2833.663160182136
 11
6771.12814257814
 21
2817.772069071486
 72
     1
 10
6771.12814257814
 20
2817.772069071486
 11
6771.12814257814
 21
2717.781496909116
 72
     1
 10
6771.12814257814
 20
2717.781496909116
 11
7175.967112666126
 21
2717.781496909115
 72
     1
 10
7175.967112666126
 20
2717.781496909115
 11
7681.528142578143
 21
2717.781496909114
 97
        0
 75
     0
 76
     2
 52
0.0
 41
1.0
 77
     0
 78
    17
 53
49.99999999999999
 43
4789.658308848919
 44
0.0
 45
145.7474041276593
 46
-12.75072954966802
 79
     2
 49
15.24
 49
-167.64
 53
355.0
 43
4789.658308848919
 44
0.0
 45
-28.19388970478457
 46
152.8458841327252
 79
     2
 49
12.192
 49
-134.112
 53
100.451
 43
4801.804308848918
 44
-1.063
 45
117.5539287749401
 46
140.0937436203926
 79
     2
 49
12.952
 49
-142.472
 53
46.184
 43
4789.658308848919
 44
40.64
 45
216.8635307148753
 46
-33.634186401314
 79
     2
 49
22.86
 49
-251.46
 53
96.636
 43
4807.730308848919
 44
37.837
 45
189.9220056833682
 46
197.9417706225916
 79
     2
 49
19.428
 49
-213.708
 53
351.184
 43
4789.658308848919
 44
40.64
 45
189.9245365043624
 46
197.94036695329
 79
     2
 49
18.288
 49
-201.168
 53
21.0
 43
4809.978308848918
 44
30.48
 45
121.2918755636222
 46
-81.81178299156417
 79
     2
 49
15.24
 49
-167.64
 53
325.9999999999999
 43
4809.978308848918
 44
30.48
 45
49.44222348588302
 46
147.3506913786698
 79
     2
 49
12.192
 49
-134.112
 53
71.45100000000001
 43
4820.086308848919
 44
23.662
 45
170.7337774017138
 46
65.53747344948576
 79
     2
 49
12.952
 49
-142.472
 53
37.5
 43
4789.658308848919
 44
0.0
 45
2.470864848299708
 46
67.64346286893831
 79
     5
 49
6.706
 49
-125.781
 49
6.706
 49
-129.438
 49
-134.62
 53
37.5
 43
4789.658308848919
 44
0.0
 45
2.470864848299708
 46
67.64346286893831
 79
     3
 49
-268.63
 49
6.706
 49
-127.914
 53
7.5
 43
4789.658308848919
 44
0.0
 45
53.45543051961907
 46
80.14397662932741
 79
     5
 49
6.706
 49
-70.917
 49
6.706
 49
-122.733
 49
-51.308
 53
7.5
 43
4789.658308848919
 44
0.0
 45
53.45543051961907
 46
80.14397662932741
 79
     3
 49
-207.061
 49
6.706
 49
-44.602
 53
327.5
 43
4744.344308848918
 44
0.0
 45
108.4723289471923
 46
-4.582853998559251
 79
     5
 49
6.706
 49
-44.09399999999999
 49
6.706
 49
-151.79
 49
-210.312
 53
327.5
 43
4744.344308848918
 44
0.0
 45
108.4723289471923
 46
-4.582853998559251
 79
     3
 49
-209.296
 49
6.706
 49
-203.606
 53
317.5
 43
4724.024308848919
 44
0.0
 45
118.5030968426408
 46
20.34169158904176
 79
     5
 49
6.706
 49
-59.334
 49
6.706
 49
-98.552
 49
-149.352
 53
317.5
 43
4724.024308848919
 44
0.0
 45
118.5030968426408
 46
20.34169158904176
 79
     3
 49
-171.298
 49
6.706
 49
-142.646
 98
        1
 10
4789.658308848919
 20
0.0
1001
REVIT
1002
{
1070
     1
1000
2204506
1002
}
1002
{
1070
     5
1000
2204656
1002
}
1002
{
1070
     2
1000
-2002000
1002
}
  0
LINE
  5
33F
330
70
100
AcDbEntity
  8
A-DETL
100
AcDbLine
 10
7681.528142578139
 20
2833.663160182133
 30
0.0
 11
6771.128142578138
 21
2817.772069071483
 31
0.0
1001
REVIT
1002
{
1070
     1
1000
2204506
1002
}
1002
{
1070
     5
1000
2204656
1002
}
1002
{
1070
     2
1000
-2000051
1002
}
1002
{
1070
     3
1000
2107288
1002
}
  0
LINE
  5
340
330
70
100
AcDbEntity
  8
A-DETL
100
AcDbLine
 10
6771.128142578138
 20
2717.781496909113
 30
0.0
 11
7681.528142578139
 21
2717.78149690911
 31
0.0
1001
REVIT
1002
{
1070
     1
1000
2204506
1002
}
1002
{
1070
     5
1000
2204656
1002
}
1002
{
1070
     2
1000
-2000051
1002
}
1002
{
1070
     3
1000
2107288
1002
}
  0
HATCH
  5
348
330
70
100
AcDbEntity
  8
A-DETL-GENF
 62
     8
100
AcDbHatch
 10
0.0
 20
0.0
 30
0.0
210
0.0
220
0.0
230
1.0
  2
FP_4
 70
     0
 71
     0
 91
        1
 92
        1
 93
        7
 72
     1
 10
7371.128142578142
 20
2676.837710831421
 11
7371.128142578142
 21
2686.837710831419
 72
     1
 10
7371.128142578142
 20
2686.837710831419
 11
7681.528142578143
 21
2686.837710831419
 72
     1
 10
7681.528142578143
 20
2686.837710831419
 11
7681.528142578143
 21
2707.781496909114
 72
     1
 10
7681.528142578143
 20
2707.781496909114
 11
6771.12814257814
 21
2707.781496909116
 72
     1
 10
6771.12814257814
 20
2707.781496909116
 11
6771.12814257814
 21
2676.837710831422
 72
     1
 10
6771.12814257814
 20
2676.837710831422
 11
7175.967112666126
 21
2676.837710831421
 72
     1
 10
7175.967112666126
 20
2676.837710831421
 11
7371.128142578142
 21
2676.837710831421
 97
        0
 75
     0
 76
     2
 52
0.0
 41
1.0
 77
     0
 78
     9
 53
0.0
 43
4789.658308848919
 44
0.0
 45
20.32
 46
5.08
 79
     5
 49
1.676
 49
-13.564
 49
1.676
 49
-13.564
 49
-81.28
 53
0.0
 43
4789.658308848919
 44
0.0
 45
20.32
 46
5.08
 79
     6
 49
-30.48
 49
1.676
 49
-28.804
 49
1.676
 49
-13.564
 49
-35.56
 53
0.0
 43
4789.658308848919
 44
0.0
 45
20.32
 46
5.08
 79
     5
 49
-76.2
 49
1.676
 49
-8.484
 49
1.676
 49
-23.724
 53
120.0
 43
4797.278308848919
 44
2.54
 45
-14.55940905122494
 46
15.0576362048998
 79
     5
 49
1.675999999999999
 49
-13.564
 49
1.675999999999999
 49
-13.564
 49
-81.27999999999997
 53
120.0
 43
4797.278308848919
 44
2.54
 45
-14.55940905122494
 46
15.0576362048998
 79
     6
 49
-30.47999999999999
 49
1.675999999999999
 49
-28.80399999999999
 49
1.675999999999999
 49
-13.564
 49
-35.55999999999999
 53
120.0
 43
4797.278308848919
 44
2.54
 45
-14.55940905122494
 46
15.0576362048998
 79
     5
 49
-76.19999999999997
 49
1.675999999999999
 49
-8.483999999999996
 49
1.675999999999999
 49
-23.72399999999999
 53
240.0
 43
4799.818308848919
 44
12.7
 45
-5.760590948775046
 46
-20.1376362048998
 79
     5
 49
1.676
 49
-13.564
 49
1.676
 49
-13.564
 49
-81.28
 53
240.0
 43
4799.818308848919
 44
12.7
 45
-5.760590948775046
 46
-20.1376362048998
 79
     6
 49
-30.48
 49
1.676
 49
-28.804
 49
1.676
 49
-13.564
 49
-35.56
 53
240.0
 43
4799.818308848919
 44
12.7
 45
-5.760590948775046
 46
-20.1376362048998
 79
     5
 49
-76.2
 49
1.676
 49
-8.484
 49
1.676
 49
-23.724
 98
        1
 10
4789.658308848919
 20
0.0
1001
HATCHBACKGROUNDCOLOR
1071
-1023410177
1000

1000

1001
REVIT
1002
{
1070
     1
1000
2204518
1002
}
1002
{
1070
     5
1000
2204660
1002
}
1002
{
1070
     2
1000
-2002000
1002
}
  0
LINE
  5
349
330
70
100
AcDbEntity
  8
A-DETL
100
AcDbLine
 10
7371.128142578138
 20
2676.837710831416
 30
0.0
 11
7371.128142578138
 21
2686.837710831416
 31
0.0
1001
REVIT
1002
{
1070
     1
1000
2204518
1002
}
1002
{
1070
     5
1000
2204660
1002
}
1002
{
1070
     2
1000
-2000051
1002
}
1002
{
1070
     3
1000
2107288
1002
}
  0
LINE
  5
34A
330
70
100
AcDbEntity
  8
A-DETL
100
AcDbLine
 10
7371.128142578138
 20
2686.837710831416
 30
0.0
 11
7681.528142578139
 21
2686.837710831416
 31
0.0
1001
REVIT
1002
{
1070
     1
1000
2204518
1002
}
1002
{
1070
     5
1000
2204660
1002
}
1002
{
1070
     2
1000
-2000051
1002
}
1002
{
1070
     3
1000
2107288
1002
}
  0
LINE
  5
34B
330
70
100
AcDbEntity
  8
A-DETL
100
AcDbLine
 10
7681.528142578139
 20
2707.78149690911
 30
0.0
 11
6771.128142578138
 21
2707.781496909113
 31
0.0
1001
REVIT
1002
{
1070
     1
1000
2204518
1002
}
1002
{
1070
     5
1000
2204660
1002
}
1002
{
1070
     2
1000
-2000051
1002
}
1002
{
1070
     3
1000
2107288
1002
}
  0
LINE
  5
34C
330
70
100
AcDbEntity
  8
A-DETL
100
AcDbLine
 10
6771.128142578138
 20
2707.781496909113
 30
0.0
 11
6771.128142578138
 21
2676.837710831419
 31
0.0
1001
REVIT
1002
{
1070
     1
1000
2204518
1002
}
1002
{
1070
     5
1000
2204660
1002
}
1002
{
1070
     2
1000
-2000051
1002
}
1002
{
1070
     3
1000
2107288
1002
}
  0
LINE
  5
34D
330
70
100
AcDbEntity
  8
A-DETL
100
AcDbLine
 10
7681.528142578139
 20
2686.837710831416
 30
0.0
 11
7691.528142578138
 21
2686.837710831416
 31
0.0
1001
REVIT
1002
{
1070
     1
1000
2204532
1002
}
1002
{
1070
     5
1000
1943470
1002
}
1002
{
1070
     2
1000
-2000051
1002
}
1002
{
1070
     3
1000
2107288
1002
}
  0
LINE
  5
34E
330
70
100
AcDbEntity
  8
A-DETL
100
AcDbLine
 10
7691.528142578138
 20
2686.837710831416
 30
0.0
 11
7691.528142578138
 21
2833.837710831415
 31
0.0
1001
REVIT
1002
{
1070
     1
1000
2204532
1002
}
1002
{
1070
     5
1000
1943470
1002
}
1002
{
1070
     2
1000
-2000051
1002
}
1002
{
1070
     3
1000
2107288
1002
}
  0
LINE
  5
34F
330
70
100
AcDbEntity
  8
A-DETL
100
AcDbLine
 10
7691.528142578138
 20
2833.837710831415
 30
0.0
 11
7681.528142578139
 21
2833.663160182133
 31
0.0
1001
REVIT
1002
{
1070
     1
1000
2204532
1002
}
1002
{
1070
     5
1000
1943470
1002
}
1002
{
1070
     2
1000
-2000051
1002
}
1002
{
1070
     3
1000
2107288
1002
}
  0
LINE
  5
350
330
70
100
AcDbEntity
  8
A-DETL
100
AcDbLine
 10
7681.528142578139
 20
2833.663160182133
 30
0.0
 11
7681.528142578139
 21
2686.837710831416
 31
0.0
1001
REVIT
1002
{
1070
     1
1000
2204532
1002
}
1002
{
1070
     5
1000
1943470
1002
}
1002
{
1070
     2
1000
-2000051
1002
}
1002
{
1070
     3
1000
2107288
1002
}
  0
HATCH
  5
35B
330
70
100
AcDbEntity
  8
A-DETL-GENF
 62
     8
100
AcDbHatch
 10
0.0
 20
0.0
 30
0.0
210
0.0
220
0.0
230
1.0
  2
FP_5
 70
     0
 71
     0
 91
        2
 92
        1
 93
        5
 72
     1
 10
7371.128142578142
 20
2576.837710831419
 11
7371.128142578142
 21
2676.837710831421
 72
     1
 10
7371.128142578142
 20
2676.837710831421
 11
6771.128142578142
 21
2676.837710831422
 72
     1
 10
6771.128142578141
 20
2676.837710831422
 11
6771.128142578141
 21
2576.837710831421
 72
     1
 10
6771.128142578141
 20
2576.837710831421
 11
7175.967112666126
 21
2576.83771083142
 72
     1
 10
7175.967112666126
 20
2576.83771083142
 11
7371.128142578142
 21
2576.837710831419
 97
        0
 92
        1
 93
        5
 72
     1
 10
8470.949344848254
 20
2650.351822306122
 11
8470.949344848254
 21
2758.837710831417
 72
     1
 10
8470.949344848254
 20
2758.837710831417
 11
8110.949344848254
 21
2758.837710831417
 72
     1
 10
8110.949344848252
 20
2758.837710831417
 11
8110.949344848252
 21
2650.351822306124
 72
     1
 10
8110.949344848252
 20
2650.351822306124
 11
8266.004377555664
 21
2650.351822306123
 72
     1
 10
8266.004377555664
 20
2650.351822306123
 11
8470.949344848254
 21
2650.351822306122
 97
        0
 75
     0
 76
     2
 52
0.0
 41
1.0
 77
     0
 78
     6
 53
0.0
 43
4789.658308848919
 44
0.0
 45
63.5
 46
63.5
 79
     2
 49
63.5
 49
-63.5
 53
0.0
 43
4789.658308848919
 44
23.813
 45
63.5
 46
63.5
 79
     2
 49
63.5
 49
-63.5
 53
0.0
 43
4789.658308848919
 44
47.625
 45
63.5
 46
63.5
 79
     2
 49
63.5
 49
-63.5
 53
90.0
 43
4797.595308848919
 44
55.562
 45
-63.49999999999999
 46
63.50000000000001
 79
     2
 49
63.5
 49
-63.5
 53
90.0
 43
4821.408308848919
 44
55.562
 45
-63.49999999999999
 46
63.50000000000001
 79
     2
 49
63.5
 49
-63.5
 53
90.0
 43
4845.220308848919
 44
55.562
 45
-63.49999999999999
 46
63.50000000000001
 79
     2
 49
63.5
 49
-63.5
 98
        1
 10
4789.658308848919
 20
0.0
1001
REVIT
1002
{
1070
     1
1000
2204539
1002
}
1002
{
1070
     5
1000
1616962
1002
}
1002
{
1070
     2
1000
-2002000
1002
}
  0
LINE
  5
35C
330
70
100
AcDbEntity
  8
A-DETL
100
AcDbLine
 10
7371.128142578138
 20
2676.837710831416
 30
0.0
 11
6771.128142578138
 21
2676.837710831419
 31
0.0
1001
REVIT
1002
{
1070
     1
1000
2204539
1002
}
1002
{
1070
     5
1000
1616962
1002
}
1002
{
1070
     2
1000
-2000051
1002
}
1002
{
1070
     3
1000
2107288
1002
}
  0
LINE
  5
35D
330
70
100
AcDbEntity
  8
A-DETL
100
AcDbLine
 10
7371.128142578138
 20
2576.837710831416
 30
0.0
 11
7371.128142578138
 21
2676.837710831416
 31
0.0
1001
REVIT
1002
{
1070
     1
1000
2204539
1002
}
1002
{
1070
     5
1000
1616962
1002
}
1002
{
1070
     2
1000
-2000051
1002
}
1002
{
1070
     3
1000
2107288
1002
}
  0
LINE
  5
35E
330
70
100
AcDbEntity
  8
A-DETL
100
AcDbLine
 10
8470.949344848248
 20
2758.837710831413
 30
0.0
 11
8110.949344848248
 21
2758.837710831414
 31
0.0
1001
REVIT
1002
{
1070
     1
1000
2204539
1002
}
1002
{
1070
     5
1000
1616962
1002
}
1002
{
1070
     2
1000
-2000051
1002
}
1002
{
1070
     3
1000
2107288
1002
}
  0
LINE
  5
35F
330
70
100
AcDbEntity
  8
A-DETL
100
AcDbLine
 10
7601.528142578137
 20
3433.446133824811
 30
0.0
 11
7371.528142578137
 21
3433.446133824811
 31
0.0
1001
REVIT
1002
{
1070
     1
1000
2204382
1002
}
1002
{
1070
     2
1000
-2000051
1002
}
1002
{
1070
     3
1000
2107485
1002
}
  0
LINE
  5
360
330
70
100
AcDbEntity
  8
A-DETL
100
AcDbLine
 10
7371.528142578137
 20
3509.756199477803
 30
0.0
 11
7371.528142578137
 21
3433.446133824811
 31
0.0
1001
REVIT
1002
{
1070
     1
1000
2204383
1002
}
1002
{
1070
     2
1000
-2000051
1002
}
1002
{
1070
     3
1000
2107485
1002
}
  0
ARC
  5
361
330
70
100
AcDbEntity
  8
A-DETL
100
AcDbCircle
 10
7369.206779470718
 20
3429.356261110908
 30
0.0
 40
4.702742337446025
100
AcDbArc
 50
299.5787287237279
 51
60.42127127627871
1001
REVIT
1002
{
1070
     1
1000
2204384
1002
}
1002
{
1070
     2
1000
-2000051
1002
}
1002
{
1070
     3
1000
2107485
1002
}
  0
LINE
  5
362
330
70
100
AcDbEntity
  8
A-DETL
100
AcDbLine
 10
7601.528142578137
 20
3348.956322744013
 30
0.0
 11
7371.528142578137
 21
3348.956322744013
 31
0.0
1001
REVIT
1002
{
1070
     1
1000
2204385
1002
}
1002
{
1070
     2
1000
-2000051
1002
}
1002
{
1070
     3
1000
2107485
1002
}
  0
LINE
  5
363
330
70
100
AcDbEntity
  8
A-DETL
100
AcDbLine
 10
7371.528142578137
 20
3425.266388397005
 30
0.0
 11
7371.528142578137
 21
3348.956322744013
 31
0.0
1001
REVIT
1002
{
1070
     1
1000
2204386
1002
}
1002
{
1070
     2
1000
-2000051
1002
}
1002
{
1070
     3
1000
2107485
1002
}
  0
LINE
  5
364
330
70
100
AcDbEntity
  8
A-DETL
100
AcDbLine
 10
7601.528142578137
 20
3425.266388397005
 30
0.0
 11
7371.528142578137
 21
3425.266388397005
 31
0.0
1001
REVIT
1002
{
1070
     1
1000
2204387
1002
}
1002
{
1070
     2
1000
-2000051
1002
}
1002
{
1070
     3
1000
2107485
1002
}
  0
ARC
  5
365
330
70
100
AcDbEntity
  8
A-DETL
100
AcDbCircle
 10
7369.206779470718
 20
3344.86645003011
 30
0.0
 40
4.702742337446025
100
AcDbArc
 50
299.5787287237354
 51
60.42127127627938
1001
REVIT
1002
{
1070
     1
1000
2204388
1002
}
1002
{
1070
     2
1000
-2000051
1002
}
1002
{
1070
     3
1000
2107485
1002
}
  0
LINE
  5
366
330
70
100
AcDbEntity
  8
A-DETL
100
AcDbLine
 10
7601.528142578137
 20
3264.466511663214
 30
0.0
 11
7371.528142578137
 21
3264.466511663214
 31
0.0
1001
REVIT
1002
{
1070
     1
1000
2204389
1002
}
1002
{
1070
     2
1000
-2000051
1002
}
1002
{
1070
     3
1000
2107485
1002
}
  0
LINE
  5
367
330
70
100
AcDbEntity
  8
A-DETL
100
AcDbLine
 10
7371.528142578137
 20
3340.776577316206
 30
0.0
 11
7371.528142578137
 21
3264.466511663214
 31
0.0
1001
REVIT
1002
{
1070
     1
1000
2204390
1002
}
1002
{
1070
     2
1000
-2000051
1002
}
1002
{
1070
     3
1000
2107485
1002
}
  0
LINE
  5
368
330
70
100
AcDbEntity
  8
A-DETL
100
AcDbLine
 10
7601.528142578137
 20
3340.776577316206
 30
0.0
 11
7371.528142578137
 21
3340.776577316206
 31
0.0
1001
REVIT
1002
{
1070
     1
1000
2204391
1002
}
1002
{
1070
     2
1000
-2000051
1002
}
1002
{
1070
     3
1000
2107485
1002
}
  0
ARC
  5
369
330
70
100
AcDbEntity
  8
A-DETL
100
AcDbCircle
 10
7369.206779470718
 20
3260.376638949311
 30
0.0
 40
4.702742337446923
100
AcDbArc
 50
299.5787287237234
 51
60.42127127626112
1001
REVIT
1002
{
1070
     1
1000
2204392
1002
}
1002
{
1070
     2
1000
-2000051
1002
}
1002
{
1070
     3
1000
2107485
1002
}
  0
LINE
  5
36A
330
70
100
AcDbEntity
  8
A-DETL
100
AcDbLine
 10
7601.528142578137
 20
3179.976700582416
 30
0.0
 11
7371.528142578137
 21
3179.976700582416
 31
0.0
1001
REVIT
1002
{
1070
     1
1000
2204393
1002
}
1002
{
1070
     2
1000
-2000051
1002
}
1002
{
1070
     3
1000
2107485
1002
}
  0
LINE
  5
36B
330
70
100
AcDbEntity
  8
A-DETL
100
AcDbLine
 10
7371.528142578137
 20
3256.286766235408
 30
0.0
 11
7371.528142578137
 21
3179.976700582416
 31
0.0
1001
REVIT
1002
{
1070
     1
1000
2204394
1002
}
1002
{
1070
     2
1000
-2000051
1002
}
1002
{
1070
     3
1000
2107485
1002
}
  0
LINE
  5
36C
330
70
100
AcDbEntity
  8
A-DETL
100
AcDbLine
 10
7601.528142578137
 20
3256.286766235408
 30
0.0
 11
7371.528142578137
 21
3256.286766235408
 31
0.0
1001
REVIT
1002
{
1070
     1
1000
2204395
1002
}
1002
{
1070
     2
1000
-2000051
1002
}
1002
{
1070
     3
1000
2107485
1002
}
  0
ARC
  5
36D
330
70
100
AcDbEntity
  8
A-DETL
100
AcDbCircle
 10
7369.206779470718
 20
3175.886827868512
 30
0.0
 40
4.702742337446923
100
AcDbArc
 50
299.5787287237282
 51
60.42127127626179
1001
REVIT
1002
{
1070
     1
1000
2204396
1002
}
1002
{
1070
     2
1000
-2000051
1002
}
1002
{
1070
     3
1000
2107485
1002
}
  0
LINE
  5
36E
330
70
100
AcDbEntity
  8
A-DETL
100
AcDbLine
 10
7601.528142578137
 20
3095.486889501617
 30
0.0
 11
7371.528142578137
 21
3095.486889501617
 31
0.0
1001
REVIT
1002
{
1070
     1
1000
2204397
1002
}
1002
{
1070
     2
1000
-2000051
1002
}
1002
{
1070
     3
1000
2107485
1002
}
  0
LINE
  5
36F
330
70
100
AcDbEntity
  8
A-DETL
100
AcDbLine
 10
7371.528142578137
 20
3171.79695515461
 30
0.0
 11
7371.528142578137
 21
3095.486889501617
 31
0.0
1001
REVIT
1002
{
1070
     1
1000
2204398
1002
}
1002
{
1070
     2
1000
-2000051
1002
}
1002
{
1070
     3
1000
2107485
1002
}
  0
LINE
  5
370
330
70
100
AcDbEntity
  8
A-DETL
100
AcDbLine
 10
7601.528142578137
 20
3171.79695515461
 30
0.0
 11
7371.528142578137
 21
3171.79695515461
 31
0.0
1001
REVIT
1002
{
1070
     1
1000
2204399
1002
}
1002
{
1070
     2
1000
-2000051
1002
}
1002
{
1070
     3
1000
2107485
1002
}
  0
ARC
  5
371
330
70
100
AcDbEntity
  8
A-DETL
100
AcDbCircle
 10
7369.206779470718
 20
3091.397016787714
 30
0.0
 40
4.702742337446025
100
AcDbArc
 50
299.5787287237279
 51
60.42127127627871
1001
REVIT
1002
{
1070
     1
1000
2204400
1002
}
1002
{
1070
     2
1000
-2000051
1002
}
1002
{
1070
     3
1000
2107485
1002
}
  0
LINE
  5
372
330
70
100
AcDbEntity
  8
A-DETL
100
AcDbLine
 10
7601.528142578137
 20
3010.997078420819
 30
0.0
 11
7371.528142578137
 21
3010.997078420819
 31
0.0
1001
REVIT
1002
{
1070
     1
1000
2204401
1002
}
1002
{
1070
     2
1000
-2000051
1002
}
1002
{
1070
     3
1000
2107485
1002
}
  0
LINE
  5
373
330
70
100
AcDbEntity
  8
A-DETL
100
AcDbLine
 10
7371.528142578137
 20
3087.307144073811
 30
0.0
 11
7371.528142578137
 21
3010.997078420819
 31
0.0
1001
REVIT
1002
{
1070
     1
1000
2204402
1002
}
1002
{
1070
     2
1000
-2000051
1002
}
1002
{
1070
     3
1000
2107485
1002
}
  0
LINE
  5
374
330
70
100
AcDbEntity
  8
A-DETL
100
AcDbLine
 10
7601.528142578137
 20
3087.307144073811
 30
0.0
 11
7371.528142578137
 21
3087.307144073811
 31
0.0
1001
REVIT
1002
{
1070
     1
1000
2204403
1002
}
1002
{
1070
     2
1000
-2000051
1002
}
1002
{
1070
     3
1000
2107485
1002
}
  0
ARC
  5
375
330
70
100
AcDbEntity
  8
A-DETL
100
AcDbCircle
 10
7369.206779470718
 20
3006.907205706915
 30
0.0
 40
4.702742337446025
100
AcDbArc
 50
299.5787287237354
 51
60.42127127627938
1001
REVIT
1002
{
1070
     1
1000
2204404
1002
}
1002
{
1070
     2
1000
-2000051
1002
}
1002
{
1070
     3
1000
2107485
1002
}
  0
LINE
  5
376
330
70
100
AcDbEntity
  8
A-DETL
100
AcDbLine
 10
7601.528142578137
 20
2926.50726734002
 30
0.0
 11
7371.528142578137
 21
2926.50726734002
 31
0.0
1001
REVIT
1002
{
1070
     1
1000
2204405
1002
}
1002
{
1070
     2
1000
-2000051
1002
}
1002
{
1070
     3
1000
2107485
1002
}
  0
LINE
  5
377
330
70
100
AcDbEntity
  8
A-DETL
100
AcDbLine
 10
7371.528142578137
 20
3002.817332993012
 30
0.0
 11
7371.528142578137
 21
2926.50726734002
 31
0.0
1001
REVIT
1002
{
1070
     1
1000
2204406
1002
}
1002
{
1070
     2
1000
-2000051
1002
}
1002
{
1070
     3
1000
2107485
1002
}
  0
LINE
  5
378
330
70
100
AcDbEntity
  8
A-DETL
100
AcDbLine
 10
7601.528142578137
 20
3002.817332993012
 30
0.0
 11
7371.528142578137
 21
3002.817332993012
 31
0.0
1001
REVIT
1002
{
1070
     1
1000
2204407
1002
}
1002
{
1070
     2
1000
-2000051
1002
}
1002
{
1070
     3
1000
2107485
1002
}
  0
ARC
  5
379
330
70
100
AcDbEntity
  8
A-DETL
100
AcDbCircle
 10
7369.206779470718
 20
2922.417394626117
 30
0.0
 40
4.702742337446923
100
AcDbArc
 50
299.5787287237234
 51
60.42127127626112
1001
REVIT
1002
{
1070
     1
1000
2204408
1002
}
1002
{
1070
     2
1000
-2000051
1002
}
1002
{
1070
     3
1000
2107485
1002
}
  0
LINE
  5
37A
330
70
100
AcDbEntity
  8
A-DETL
100
AcDbLine
 10
7601.528142578137
 20
2842.017456259222
 30
0.0
 11
7371.528142578137
 21
2842.017456259222
 31
0.0
1001
REVIT
1002
{
1070
     1
1000
2204409
1002
}
1002
{
1070
     2
1000
-2000051
1002
}
1002
{
1070
     3
1000
2107485
1002
}
  0
LINE
  5
37B
330
70
100
AcDbEntity
  8
A-DETL
100
AcDbLine
 10
7371.528142578137
 20
2918.327521912214
 30
0.0
 11
7371.528142578137
 21
2842.017456259222
 31
0.0
1001
REVIT
1002
{
1070
     1
1000
2204410
1002
}
1002
{
1070
     2
1000
-2000051
1002
}
1002
{
1070
     3
1000
2107485
1002
}
  0
LINE
  5
37C
330
70
100
AcDbEntity
  8
A-DETL
100
AcDbLine
 10
7601.528142578137
 20
2918.327521912214
 30
0.0
 11
7371.528142578137
 21
2918.327521912214
 31
0.0
1001
REVIT
1002
{
1070
     1
1000
2204411
1002
}
1002
{
1070
     2
1000
-2000051
1002
}
1002
{
1070
     3
1000
2107485
1002
}
  0
ARC
  5
37D
330
70
100
AcDbEntity
  8
A-DETL
100
AcDbCircle
 10
7369.206779470718
 20
2837.927583545318
 30
0.0
 40
4.702742337446923
100
AcDbArc
 50
299.5787287237282
 51
60.42127127626179
1001
REVIT
1002
{
1070
     1
1000
2204412
1002
}
1002
{
1070
     2
1000
-2000051
1002
}
1002
{
1070
     3
1000
2107485
1002
}
  0
LINE
  5
37E
330
70
100
AcDbEntity
  8
A-DETL
100
AcDbLine
 10
7691.528142578138
 20
2858.837710831415
 30
0.0
 11
8471.508672768963
 21
2858.837710831412
 31
0.0
1001
REVIT
1002
{
1070
     1
1000
2204413
1002
}
1002
{
1070
     2
1000
-2000051
1002
}
1002
{
1070
     3
1000
2107288
1002
}
  0
LINE
  5
37F
330
70
100
AcDbEntity
  8
A-DETL
100
AcDbLine
 10
7371.128142578137
 20
2686.837710831416
 30
0.0
 11
7691.528142578138
 21
2686.837710831416
 31
0.0
1001
REVIT
1002
{
1070
     1
1000
2204414
1002
}
1002
{
1070
     2
1000
-2000051
1002
}
1002
{
1070
     3
1000
2107288
1002
}
  0
LINE
  5
380
330
70
100
AcDbEntity
  8
A-DETL
100
AcDbLine
 10
7691.528142578138
 20
2858.837710831415
 30
0.0
 11
7691.528142578138
 21
2686.837710831416
 31
0.0
1001
REVIT
1002
{
1070
     1
1000
2204415
1002
}
1002
{
1070
     2
1000
-2000051
1002
}
1002
{
1070
     3
1000
2107288
1002
}
  0
LINE
  5
381
330
70
100
AcDbEntity
  8
A-DETL
100
AcDbLine
 10
7371.128142578137
 20
2676.837710831416
 30
0.0
 11
7371.128142578137
 21
2258.837710831415
 31
0.0
1001
REVIT
1002
{
1070
     1
1000
2204416
1002
}
1002
{
1070
     2
1000
-2000051
1002
}
1002
{
1070
     3
1000
2107288
1002
}
  0
LINE
  5
382
330
70
100
AcDbEntity
  8
A-DETL
100
AcDbLine
 10
7371.128142578137
 20
2258.837710831415
 30
0.0
 11
7821.128142578136
 21
2258.837710831415
 31
0.0
1001
REVIT
1002
{
1070
     1
1000
2204417
1002
}
1002
{
1070
     2
1000
-2000051
1002
}
1002
{
1070
     3
1000
2107288
1002
}
  0
LINE
  5
383
330
70
100
AcDbEntity
  8
A-DETL
100
AcDbLine
 10
7821.128142578136
 20
2258.837710831415
 30
0.0
 11
7821.128142578136
 21
2704.903790047313
 31
0.0
1001
REVIT
1002
{
1070
     1
1000
2204418
1002
}
1002
{
1070
     2
1000
-2000051
1002
}
1002
{
1070
     3
1000
2107288
1002
}
  0
LINE
  5
384
330
70
100
AcDbEntity
  8
A-DETL
100
AcDbLine
 10
7875.062063362237
 20
2758.837710831415
 30
0.0
 11
8470.949344848248
 21
2758.837710831412
 31
0.0
1001
REVIT
1002
{
1070
     1
1000
2204419
1002
}
1002
{
1070
     2
1000
-2000051
1002
}
1002
{
1070
     3
1000
2107288
1002
}
  0
LINE
  5
385
330
70
100
AcDbEntity
  8
A-DETL
100
AcDbLine
 10
7821.128142578136
 20
2704.903790047313
 30
0.0
 11
7875.062063362238
 21
2758.837710831415
 31
0.0
1001
REVIT
1002
{
1070
     1
1000
2204420
1002
}
1002
{
1070
     2
1000
-2000051
1002
}
1002
{
1070
     3
1000
2107288
1002
}
  0
LINE
  5
386
330
70
100
AcDbEntity
  8
A-DETL
100
AcDbLine
 10
7601.528142578137
 20
3509.756199477803
 30
0.0
 11
7601.528142578137
 21
3433.446133824811
 31
0.0
1001
REVIT
1002
{
1070
     1
1000
2204434
1002
}
1002
{
1070
     2
1000
-2000051
1002
}
1002
{
1070
     3
1000
2107485
1002
}
  0
ARC
  5
387
330
70
100
AcDbEntity
  8
A-DETL
100
AcDbCircle
 10
7603.849505685555
 20
3429.356261110908
 30
0.0
 40
4.702742337446473
100
AcDbArc
 50
119.5787287237297
 51
240.4212712762726
1001
REVIT
1002
{
1070
     1
1000
2204435
1002
}
1002
{
1070
     2
1000
-2000051
1002
}
1002
{
1070
     3
1000
2107485
1002
}
  0
LINE
  5
388
330
70
100
AcDbEntity
  8
A-DETL
100
AcDbLine
 10
7601.528142578137
 20
3425.266388397005
 30
0.0
 11
7601.528142578137
 21
3348.956322744013
 31
0.0
1001
REVIT
1002
{
1070
     1
1000
2204436
1002
}
1002
{
1070
     2
1000
-2000051
1002
}
1002
{
1070
     3
1000
2107485
1002
}
  0
ARC
  5
389
330
70
100
AcDbEntity
  8
A-DETL
100
AcDbCircle
 10
7603.849505685555
 20
3344.86645003011
 30
0.0
 40
4.702742337446473
100
AcDbArc
 50
119.5787287237297
 51
240.4212712762671
1001
REVIT
1002
{
1070
     1
1000
2204437
1002
}
1002
{
1070
     2
1000
-2000051
1002
}
1002
{
1070
     3
1000
2107485
1002
}
  0
LINE
  5
38A
330
70
100
AcDbEntity
  8
A-DETL
100
AcDbLine
 10
7601.528142578137
 20
3340.776577316207
 30
0.0
 11
7601.528142578137
 21
3264.466511663215
 31
0.0
1001
REVIT
1002
{
1070
     1
1000
2204438
1002
}
1002
{
1070
     2
1000
-2000051
1002
}
1002
{
1070
     3
1000
2107485
1002
}
  0
ARC
  5
38B
330
70
100
AcDbEntity
  8
A-DETL
100
AcDbCircle
 10
7603.849505685555
 20
3260.376638949311
 30
0.0
 40
4.702742337446473
100
AcDbArc
 50
119.5787287237291
 51
240.4212712762706
1001
REVIT
1002
{
1070
     1
1000
2204439
1002
}
1002
{
1070
     2
1000
-2000051
1002
}
1002
{
1070
     3
1000
2107485
1002
}
  0
LINE
  5
38C
330
70
100
AcDbEntity
  8
A-DETL
100
AcDbLine
 10
7601.528142578137
 20
3256.286766235408
 30
0.0
 11
7601.528142578137
 21
3179.976700582416
 31
0.0
1001
REVIT
1002
{
1070
     1
1000
2204440
1002
}
1002
{
1070
     2
1000
-2000051
1002
}
1002
{
1070
     3
1000
2107485
1002
}
  0
ARC
  5
38D
330
70
100
AcDbEntity
  8
A-DETL
100
AcDbCircle
 10
7603.849505685555
 20
3175.886827868512
 30
0.0
 40
4.702742337446473
100
AcDbArc
 50
119.5787287237291
 51
240.4212712762678
1001
REVIT
1002
{
1070
     1
1000
2204441
1002
}
1002
{
1070
     2
1000
-2000051
1002
}
1002
{
1070
     3
1000
2107485
1002
}
  0
LINE
  5
38E
330
70
100
AcDbEntity
  8
A-DETL
100
AcDbLine
 10
7601.528142578137
 20
3171.79695515461
 30
0.0
 11
7601.528142578137
 21
3095.486889501617
 31
0.0
1001
REVIT
1002
{
1070
     1
1000
2204442
1002
}
1002
{
1070
     2
1000
-2000051
1002
}
1002
{
1070
     3
1000
2107485
1002
}
  0
ARC
  5
38F
330
70
100
AcDbEntity
  8
A-DETL
100
AcDbCircle
 10
7603.849505685555
 20
3091.397016787714
 30
0.0
 40
4.702742337446473
100
AcDbArc
 50
119.5787287237297
 51
240.4212712762726
1001
REVIT
1002
{
1070
     1
1000
2204443
1002
}
1002
{
1070
     2
1000
-2000051
1002
}
1002
{
1070
     3
1000
2107485
1002
}
  0
LINE
  5
390
330
70
100
AcDbEntity
  8
A-DETL
100
AcDbLine
 10
7601.528142578137
 20
3087.307144073811
 30
0.0
 11
7601.528142578137
 21
3010.997078420819
 31
0.0
1001
REVIT
1002
{
1070
     1
1000
2204444
1002
}
1002
{
1070
     2
1000
-2000051
1002
}
1002
{
1070
     3
1000
2107485
1002
}
  0
ARC
  5
391
330
70
100
AcDbEntity
  8
A-DETL
100
AcDbCircle
 10
7603.849505685555
 20
3006.907205706915
 30
0.0
 40
4.702742337446473
100
AcDbArc
 50
119.5787287237297
 51
240.4212712762671
1001
REVIT
1002
{
1070
     1
1000
2204445
1002
}
1002
{
1070
     2
1000
-2000051
1002
}
1002
{
1070
     3
1000
2107485
1002
}
  0
LINE
  5
392
330
70
100
AcDbEntity
  8
A-DETL
100
AcDbLine
 10
7601.528142578137
 20
3002.817332993013
 30
0.0
 11
7601.528142578137
 21
2926.507267340021
 31
0.0
1001
REVIT
1002
{
1070
     1
1000
2204446
1002
}
1002
{
1070
     2
1000
-2000051
1002
}
1002
{
1070
     3
1000
2107485
1002
}
  0
ARC
  5
393
330
70
100
AcDbEntity
  8
A-DETL
100
AcDbCircle
 10
7603.849505685555
 20
2922.417394626117
 30
0.0
 40
4.702742337446473
100
AcDbArc
 50
119.5787287237291
 51
240.4212712762706
1001
REVIT
1002
{
1070
     1
1000
2204447
1002
}
1002
{
1070
     2
1000
-2000051
1002
}
1002
{
1070
     3
1000
2107485
1002
}
  0
LINE
  5
394
330
70
100
AcDbEntity
  8
A-DETL
100
AcDbLine
 10
7601.528142578137
 20
2918.327521912214
 30
0.0
 11
7601.528142578137
 21
2842.017456259222
 31
0.0
1001
REVIT
1002
{
1070
     1
1000
2204448
1002
}
1002
{
1070
     2
1000
-2000051
1002
}
1002
{
1070
     3
1000
2107485
1002
}
  0
ARC
  5
395
330
70
100
AcDbEntity
  8
A-DETL
100
AcDbCircle
 10
7603.849505685555
 20
2837.927583545318
 30
0.0
 40
4.702742337446473
100
AcDbArc
 50
119.5787287237291
 51
240.4212712762651
1001
REVIT
1002
{
1070
     1
1000
2204449
1002
}
1002
{
1070
     2
1000
-2000051
1002
}
1002
{
1070
     3
1000
2107485
1002
}
  0
LINE
  5
396
330
70
100
AcDbEntity
  8
A-DETL
100
AcDbLine
 10
7451.128142578136
 20
2616.837710831416
 30
0.0
 11
7451.128142578136
 21
2348.837710831415
 31
0.0
1001
REVIT
1002
{
1070
     1
1000
2204450
1002
}
1002
{
1070
     2
1000
-2000051
1002
}
1002
{
1070
     3
1000
2107288
1002
}
  0
LINE
  5
397
330
70
100
AcDbEntity
  8
A-DETL
100
AcDbLine
 10
7746.128142578136
 20
2616.837710831415
 30
0.0
 11
7451.128142578136
 21
2616.837710831416
 31
0.0
1001
REVIT
1002
{
1070
     1
1000
2204451
1002
}
1002
{
1070
     2
1000
-2000051
1002
}
1002
{
1070
     3
1000
2107288
1002
}
  0
LINE
  5
398
330
70
100
AcDbEntity
  8
A-DETL
100
AcDbLine
 10
7741.128142578137
 20
2348.837710831415
 30
0.0
 11
7741.128142578137
 21
2606.837710831416
 31
0.0
1001
REVIT
1002
{
1070
     1
1000
2204452
1002
}
1002
{
1070
     2
1000
-2000051
1002
}
1002
{
1070
     3
1000
2107288
1002
}
  0
LINE
  5
399
330
70
100
AcDbEntity
  8
A-DETL
100
AcDbLine
 10
7451.128142578136
 20
2308.837710831415
 30
0.0
 11
7741.128142578137
 21
2308.837710831415
 31
0.0
1001
REVIT
1002
{
1070
     1
1000
2204458
1002
}
1002
{
1070
     2
1000
-2000051
1002
}
1002
{
1070
     3
1000
2107288
1002
}
  0
LINE
  5
39A
330
70
100
AcDbEntity
  8
A-DETL
100
AcDbLine
 10
7451.128142578136
 20
2348.837710831415
 30
0.0
 11
7741.128142578137
 21
2348.837710831415
 31
0.0
1001
REVIT
1002
{
1070
     1
1000
2204459
1002
}
1002
{
1070
     2
1000
-2000051
1002
}
1002
{
1070
     3
1000
2107288
1002
}
  0
LINE
  5
39B
330
70
100
AcDbEntity
  8
A-DETL
100
AcDbLine
 10
7746.128142578136
 20
2616.837710831415
 30
0.0
 11
7746.128142578136
 21
2556.837710831415
 31
0.0
1001
REVIT
1002
{
1070
     1
1000
2204471
1002
}
1002
{
1070
     2
1000
-2000051
1002
}
1002
{
1070
     3
1000
2107288
1002
}
  0
LINE
  5
39C
330
70
100
AcDbEntity
  8
A-DETL
  6
Dash 1_16_
100
AcDbLine
 10
8314.205492293808
 20
2838.068979388362
 30
0.0
 11
7714.205492293808
 21
2838.068979388363
 31
0.0
1001
REVIT
1002
{
1070
     1
1000
2204472
1002
}
1002
{
1070
     2
1000
-2000051
1002
}
1002
{
1070
     3
1000
2107534
1002
}
  0
LINE
  5
39D
330
70
100
AcDbEntity
  8
A-DETL
  6
Dash 1_16_
100
AcDbLine
 10
7714.205492293808
 20
2838.068979388363
 30
0.0
 11
7714.205492293808
 21
2355.837710831415
 31
0.0
1001
REVIT
1002
{
1070
     1
1000
2204473
1002
}
1002
{
1070
     2
1000
-2000051
1002
}
1002
{
1070
     3
1000
2107534
1002
}
  0
LINE
  5
39E
330
70
100
AcDbEntity
  8
A-DETL
  6
Dash 1_16_
100
AcDbLine
 10
7714.205492293808
 20
2355.837710831415
 30
0.0
 11
7514.205492293808
 21
2355.837710831415
 31
0.0
1001
REVIT
1002
{
1070
     1
1000
2204474
1002
}
1002
{
1070
     2
1000
-2000051
1002
}
1002
{
1070
     3
1000
2107534
1002
}
  0
LINE
  5
39F
330
70
100
AcDbEntity
  8
A-DETL
100
AcDbLine
 10
7701.128142578138
 20
2606.837710831416
 30
0.0
 11
7741.128142578137
 21
2606.837710831416
 31
0.0
1001
REVIT
1002
{
1070
     1
1000
2204475
1002
}
1002
{
1070
     2
1000
-2000051
1002
}
1002
{
1070
     3
1000
2107288
1002
}
  0
LINE
  5
3A0
330
70
100
AcDbEntity
  8
A-DETL
100
AcDbLine
 10
7451.128142578136
 20
2328.837710831415
 30
0.0
 11
7741.128142578137
 21
2328.837710831415
 31
0.0
1001
REVIT
1002
{
1070
     1
1000
2204476
1002
}
1002
{
1070
     2
1000
-2000051
1002
}
1002
{
1070
     3
1000
2107288
1002
}
  0
LINE
  5
3A1
330
70
100
AcDbEntity
  8
A-DETL
100
AcDbLine
 10
6771.128142578137
 20
2676.837710831418
 30
0.0
 11
7371.128142578137
 21
2676.837710831416
 31
0.0
1001
REVIT
1002
{
1070
     1
1000
2204488
1002
}
1002
{
1070
     2
1000
-2000051
1002
}
1002
{
1070
     3
1000
2107288
1002
}
  0
LINE
  5
3A2
330
70
100
AcDbEntity
  8
A-DETL
100
AcDbLine
 10
7681.528142578138
 20
2833.837710831415
 30
0.0
 11
7681.528142578138
 21
2686.837710831416
 31
0.0
1001
REVIT
1002
{
1070
     1
1000
2204489
1002
}
1002
{
1070
     2
1000
-2000051
1002
}
1002
{
1070
     3
1000
2107288
1002
}
  0
LINE
  5
3A3
330
70
100
AcDbEntity
  8
A-DETL
100
AcDbLine
 10
6771.668263034258
 20
2817.781496909113
 30
0.0
 11
7691.528142578138
 21
2833.837710831415
 31
0.0
1001
REVIT
1002
{
1070
     1
1000
2204498
1002
}
1002
{
1070
     2
1000
-2000051
1002
}
1002
{
1070
     3
1000
2107288
1002
}
  0
LINE
  5
3A4
330
70
100
AcDbEntity
  8
A-DETL
100
AcDbLine
 10
7371.528142578137
 20
2833.837710831416
 30
0.0
 11
7371.528142578137
 21
2828.252090054385
 31
0.0
1001
REVIT
1002
{
1070
     1
1000
2204499
1002
}
1002
{
1070
     2
1000
-2000051
1002
}
1002
{
1070
     3
1000
2107485
1002
}
  0
LINE
  5
3A5
330
70
100
AcDbEntity
  8
A-DETL
100
AcDbLine
 10
6771.128142578137
 20
2717.781496909112
 30
0.0
 11
7681.528142578138
 21
2717.781496909109
 31
0.0
1001
REVIT
1002
{
1070
     1
1000
2204502
1002
}
1002
{
1070
     2
1000
-2000051
1002
}
1002
{
1070
     3
1000
2107288
1002
}
  0
LINE
  5
3A6
330
70
100
AcDbEntity
  8
A-DETL
  6
Dash - Tight
100
AcDbLine
 10
6771.128142578137
 20
2707.781496909112
 30
0.0
 11
7681.528142578138
 21
2707.781496909109
 31
0.0
1001
REVIT
1002
{
1070
     1
1000
2204503
1002
}
1002
{
1070
     2
1000
-2000051
1002
}
1002
{
1070
     3
1000
2107280
1002
}
  0
LINE
  5
3A7
330
70
100
AcDbEntity
  8
A-DETL
100
AcDbLine
 10
6771.128142578138
 20
2842.017456259222
 30
0.0
 11
6771.128142578138
 21
2752.017456259222
 31
0.0
1001
REVIT
1002
{
1070
     1
1000
2204511
1002
}
1002
{
1070
     2
1000
-2000051
1002
}
1002
{
1070
     3
1000
2107288
1002
}
  0
LINE
  5
3A8
330
70
100
AcDbEntity
  8
A-DETL
100
AcDbLine
 10
6771.128142578138
 20
2752.017456259222
 30
0.0
 11
6786.863714163288
 21
2742.932519768683
 31
0.0
1001
REVIT
1002
{
1070
     1
1000
2204512
1002
}
1002
{
1070
     2
1000
-2000051
1002
}
1002
{
1070
     3
1000
2107288
1002
}
  0
LINE
  5
3A9
330
70
100
AcDbEntity
  8
A-DETL
100
AcDbLine
 10
6786.863714163288
 20
2742.932519768683
 30
0.0
 11
6756.442100021513
 21
2734.781072826943
 31
0.0
1001
REVIT
1002
{
1070
     1
1000
2204513
1002
}
1002
{
1070
     2
1000
-2000051
1002
}
1002
{
1070
     3
1000
2107288
1002
}
  0
LINE
  5
3AA
330
70
100
AcDbEntity
  8
A-DETL
100
AcDbLine
 10
6756.442100021513
 20
2734.781072826943
 30
0.0
 11
6771.128142578137
 21
2729.435790477166
 31
0.0
1001
REVIT
1002
{
1070
     1
1000
2204514
1002
}
1002
{
1070
     2
1000
-2000051
1002
}
1002
{
1070
     3
1000
2107288
1002
}
  0
LINE
  5
3AB
330
70
100
AcDbEntity
  8
A-DETL
100
AcDbLine
 10
6771.128142578137
 20
2729.435790477166
 30
0.0
 11
6771.128142578137
 21
2576.837710831418
 31
0.0
1001
REVIT
1002
{
1070
     1
1000
2204515
1002
}
1002
{
1070
     2
1000
-2000051
1002
}
1002
{
1070
     3
1000
2107288
1002
}
  0
LINE
  5
3AC
330
70
100
AcDbEntity
  8
A-DETL
100
AcDbLine
 10
8471.734703137925
 20
2911.465059868928
 30
0.0
 11
8471.734703137925
 21
2821.465059868928
 31
0.0
1001
REVIT
1002
{
1070
     1
1000
2204525
1002
}
1002
{
1070
     2
1000
-2000051
1002
}
1002
{
1070
     3
1000
2107288
1002
}
  0
LINE
  5
3AD
330
70
100
AcDbEntity
  8
A-DETL
100
AcDbLine
 10
8471.734703137925
 20
2821.465059868928
 30
0.0
 11
8487.470274723075
 21
2812.38012337839
 31
0.0
1001
REVIT
1002
{
1070
     1
1000
2204526
1002
}
1002
{
1070
     2
1000
-2000051
1002
}
1002
{
1070
     3
1000
2107288
1002
}
  0
LINE
  5
3AE
330
70
100
AcDbEntity
  8
A-DETL
100
AcDbLine
 10
8487.470274723075
 20
2812.38012337839
 30
0.0
 11
8457.048660581302
 21
2804.228676436651
 31
0.0
1001
REVIT
1002
{
1070
     1
1000
2204527
1002
}
1002
{
1070
     2
1000
-2000051
1002
}
1002
{
1070
     3
1000
2107288
1002
}
  0
LINE
  5
3AF
330
70
100
AcDbEntity
  8
A-DETL
100
AcDbLine
 10
8457.048660581302
 20
2804.228676436651
 30
0.0
 11
8470.949344848248
 21
2799.169241127551
 31
0.0
1001
REVIT
1002
{
1070
     1
1000
2204528
1002
}
1002
{
1070
     2
1000
-2000051
1002
}
1002
{
1070
     3
1000
2107288
1002
}
  0
LINE
  5
3B0
330
70
100
AcDbEntity
  8
A-DETL
100
AcDbLine
 10
8470.949344848248
 20
2799.169241127551
 30
0.0
 11
8470.949344848248
 21
2644.16924112755
 31
0.0
1001
REVIT
1002
{
1070
     1
1000
2204529
1002
}
1002
{
1070
     2
1000
-2000051
1002
}
1002
{
1070
     3
1000
2107288
1002
}
  0
LINE
  5
3B1
330
70
100
AcDbEntity
  8
A-DETL
100
AcDbLine
 10
7941.128142578138
 20
2258.837710831415
 30
0.0
 11
8708.992018115052
 21
2258.837710831415
 31
0.0
1001
REVIT
1002
{
1070
     1
1000
2204548
1002
}
1002
{
1070
     2
1000
-2000051
1002
}
1002
{
1070
     3
1000
2107288
1002
}
  0
LINE
  5
3B2
330
70
100
AcDbEntity
  8
A-DETL
100
AcDbLine
 10
8711.734703137925
 20
2858.837710831412
 30
0.0
 11
8531.734703137927
 21
2858.837710831412
 31
0.0
1001
REVIT
1002
{
1070
     1
1000
2204549
1002
}
1002
{
1070
     2
1000
-2000051
1002
}
1002
{
1070
     3
1000
2107288
1002
}
  0
LINE
  5
3B3
330
70
100
AcDbEntity
  8
A-DETL
100
AcDbLine
 10
6631.128142578138
 20
3509.756199477804
 30
0.0
 11
8810.949344848248
 21
3509.756199477801
 31
0.0
1001
REVIT
1002
{
1070
     1
1000
2204550
1002
}
1002
{
1070
     2
1000
-2000051
1002
}
1002
{
1070
     3
1000
2107288
1002
}
  0
LINE
  5
3B4
330
70
100
AcDbEntity
  8
A-DETL
100
AcDbLine
 10
8810.949344848248
 20
3509.756199477801
 30
0.0
 11
8810.949344848246
 21
2038.837710831413
 31
0.0
1001
REVIT
1002
{
1070
     1
1000
2204551
1002
}
1002
{
1070
     2
1000
-2000051
1002
}
1002
{
1070
     3
1000
2107288
1002
}
  0
LINE
  5
3B5
330
70
100
AcDbEntity
  8
A-DETL
100
AcDbLine
 10
8810.949344848246
 20
2038.837710831413
 30
0.0
 11
6631.128142578135
 21
2038.837710831416
 31
0.0
1001
REVIT
1002
{
1070
     1
1000
2204552
1002
}
1002
{
1070
     2
1000
-2000051
1002
}
1002
{
1070
     3
1000
2107288
1002
}
  0
LINE
  5
3B6
330
70
100
AcDbEntity
  8
A-DETL
100
AcDbLine
 10
6631.128142578135
 20
2038.837710831416
 30
0.0
 11
6631.128142578138
 21
3509.756199477804
 31
0.0
1001
REVIT
1002
{
1070
     1
1000
2204553
1002
}
1002
{
1070
     2
1000
-2000051
1002
}
1002
{
1070
     3
1000
2107288
1002
}
  0
HATCH
  5
3BF
330
70
100
AcDbEntity
  8
A-DETL-GENF
 62
    10
100
AcDbHatch
 10
0.0
 20
0.0
 30
0.0
210
0.0
220
0.0
230
1.0
  2
SOLID
 70
     1
 71
     0
 91
        1
 92
        1
 93
        8
 72
     1
 10
10218.34093119384
 20
2230.789073634208
 11
10218.34093119385
 21
2380.789073634209
 72
     1
 10
10218.34093119385
 20
2380.789073634209
 11
10213.34093119384
 21
2380.789073634209
 72
     1
 10
10213.34093119385
 20
2380.789073634209
 11
10213.34093119385
 21
2235.789073634208
 72
     1
 10
10213.34093119385
 20
2235.789073634208
 11
9813.340931193845
 21
2235.789073634209
 72
     1
 10
9813.340931193845
 20
2235.789073634209
 11
9813.340931193845
 21
2380.78907363421
 72
     1
 10
9813.340931193845
 20
2380.78907363421
 11
9808.340931193845
 21
2380.78907363421
 72
     1
 10
9808.340931193845
 20
2380.78907363421
 11
9808.340931193841
 21
2230.789073634209
 72
     1
 10
9808.340931193841
 20
2230.789073634209
 11
10218.34093119384
 21
2230.789073634208
 97
        0
 75
     0
 76
     1
 98
        1
 10
6178.741277983271
 20
0.0
1001
REVIT
1002
{
1070
     1
1000
2412386
1002
}
1002
{
1070
     5
1000
1943470
1002
}
1002
{
1070
     2
1000
-2002000
1002
}
  0
HATCH
  5
3C4
330
70
100
AcDbEntity
  8
A-DETL-GENF
 62
    10
100
AcDbHatch
 10
0.0
 20
0.0
 30
0.0
210
0.0
220
0.0
230
1.0
  2
SOLID
 70
     1
 71
     0
 91
        1
 92
        1
 93
        4
 72
     1
 10
10332.09093119384
 20
2050.789073634209
 11
10407.09093119385
 21
2050.789073634209
 72
     1
 10
10407.09093119385
 20
2050.789073634209
 11
10407.09093119385
 21
2850.789073634205
 72
     1
 10
10407.09093119385
 20
2850.789073634205
 11
10332.09093119385
 21
2850.789073634205
 72
     1
 10
10332.09093119384
 20
2850.789073634205
 11
10332.09093119384
 21
2050.789073634209
 97
        0
 75
     0
 76
     1
 98
        1
 10
6178.741277983271
 20
0.0
1001
REVIT
1002
{
1070
     1
1000
2412427
1002
}
1002
{
1070
     5
1000
1943470
1002
}
1002
{
1070
     2
1000
-2002000
1002
}
  0
HATCH
  5
3C9
330
70
100
AcDbEntity
  8
A-DETL-GENF
 62
     9
100
AcDbHatch
 10
0.0
 20
0.0
 30
0.0
210
0.0
220
0.0
230
1.0
  2
SOLID
 70
     1
 71
     0
 91
        1
 92
        1
 93
        4
 72
     1
 10
9701.020852337668
 20
2411.309336891569
 11
9701.020852337668
 21
2331.309336891569
 72
     1
 10
9701.020852337668
 20
2331.309336891569
 11
9751.020852337668
 21
2331.309336891569
 72
     1
 10
9751.020852337668
 20
2331.309336891569
 11
9751.020852337668
 21
2411.309336891569
 72
     1
 10
9751.020852337668
 20
2411.309336891569
 11
9701.020852337668
 21
2411.309336891569
 97
        0
 75
     0
 76
     1
 98
        1
 10
6178.741277983271
 20
0.0
1001
REVIT
1002
{
1070
     1
1000
2417076
1002
}
1002
{
1070
     5
1000
2359305
1002
}
1002
{
1070
     2
1000
-2002000
1002
}
  0
HATCH
  5
3CE
330
70
100
AcDbEntity
  8
A-DETL-GENF
 62
     9
100
AcDbHatch
 10
0.0
 20
0.0
 30
0.0
210
0.0
220
0.0
230
1.0
  2
SOLID
 70
     1
 71
     0
 91
        1
 92
        1
 93
        4
 72
     1
 10
9630.057897252467
 20
2230.621206901125
 11
9630.057897252467
 21
2170.956940367292
 72
     1
 10
9630.057897252467
 20
2170.956940367292
 11
9727.490195115468
 21
2170.956940367292
 72
     1
 10
9727.490195115468
 20
2170.956940367292
 11
9727.490195115468
 21
2230.621206901125
 72
     1
 10
9727.490195115468
 20
2230.621206901125
 11
9630.057897252467
 21
2230.621206901125
 97
        0
 75
     0
 76
     1
 98
        1
 10
6178.741277983271
 20
0.0
1001
REVIT
1002
{
1070
     1
1000
2417083
1002
}
1002
{
1070
     5
1000
2359305
1002
}
1002
{
1070
     2
1000
-2002000
1002
}
  0
LINE
  5
3CF
330
70
100
AcDbEntity
  8
A-DETL
100
AcDbLine
 10
10213.34093119384
 20
2380.789073634206
 30
0.0
 11
10213.34093119384
 21
2235.789073634206
 31
0.0
1001
REVIT
1002
{
1070
     1
1000
2412386
1002
}
1002
{
1070
     5
1000
1943470
1002
}
1002
{
1070
     2
1000
-2000051
1002
}
1002
{
1070
     3
1000
2107288
1002
}
  0
LINE
  5
3D0
330
70
100
AcDbEntity
  8
A-DETL
100
AcDbLine
 10
10213.34093119384
 20
2235.789073634206
 30
0.0
 11
9813.340931193838
 21
2235.789073634206
 31
0.0
1001
REVIT
1002
{
1070
     1
1000
2412386
1002
}
1002
{
1070
     5
1000
1943470
1002
}
1002
{
1070
     2
1000
-2000051
1002
}
1002
{
1070
     3
1000
2107288
1002
}
  0
LINE
  5
3D1
330
70
100
AcDbEntity
  8
A-DETL
100
AcDbLine
 10
9813.340931193838
 20
2235.789073634206
 30
0.0
 11
9813.340931193838
 21
2380.789073634207
 31
0.0
1001
REVIT
1002
{
1070
     1
1000
2412386
1002
}
1002
{
1070
     5
1000
1943470
1002
}
1002
{
1070
     2
1000
-2000051
1002
}
1002
{
1070
     3
1000
2107288
1002
}
  0
LINE
  5
3D2
330
70
100
AcDbEntity
  8
A-DETL
100
AcDbLine
 10
9813.340931193838
 20
2380.789073634207
 30
0.0
 11
9808.340931193838
 21
2380.789073634207
 31
0.0
1001
REVIT
1002
{
1070
     1
1000
2412386
1002
}
1002
{
1070
     5
1000
1943470
1002
}
1002
{
1070
     2
1000
-2000051
1002
}
1002
{
1070
     3
1000
2107288
1002
}
  0
LINE
  5
3D3
330
70
100
AcDbEntity
  8
A-DETL
100
AcDbLine
 10
9808.340931193838
 20
2380.789073634207
 30
0.0
 11
9808.340931193838
 21
2230.789073634206
 31
0.0
1001
REVIT
1002
{
1070
     1
1000
2412386
1002
}
1002
{
1070
     5
1000
1943470
1002
}
1002
{
1070
     2
1000
-2000051
1002
}
1002
{
1070
     3
1000
2107288
1002
}
  0
LINE
  5
3D4
330
70
100
AcDbEntity
  8
A-DETL
100
AcDbLine
 10
9808.340931193838
 20
2230.789073634206
 30
0.0
 11
10218.34093119384
 21
2230.789073634206
 31
0.0
1001
REVIT
1002
{
1070
     1
1000
2412386
1002
}
1002
{
1070
     5
1000
1943470
1002
}
1002
{
1070
     2
1000
-2000051
1002
}
1002
{
1070
     3
1000
2107288
1002
}
  0
LINE
  5
3D5
330
70
100
AcDbEntity
  8
A-DETL
100
AcDbLine
 10
10218.34093119384
 20
2230.789073634206
 30
0.0
 11
10218.34093119384
 21
2380.789073634206
 31
0.0
1001
REVIT
1002
{
1070
     1
1000
2412386
1002
}
1002
{
1070
     5
1000
1943470
1002
}
1002
{
1070
     2
1000
-2000051
1002
}
1002
{
1070
     3
1000
2107288
1002
}
  0
LINE
  5
3D6
330
70
100
AcDbEntity
  8
A-DETL
100
AcDbLine
 10
10218.34093119384
 20
2380.789073634206
 30
0.0
 11
10213.34093119384
 21
2380.789073634206
 31
0.0
1001
REVIT
1002
{
1070
     1
1000
2412386
1002
}
1002
{
1070
     5
1000
1943470
1002
}
1002
{
1070
     2
1000
-2000051
1002
}
1002
{
1070
     3
1000
2107288
1002
}
  0
LINE
  5
3D7
330
70
100
AcDbEntity
  8
A-DETL
100
AcDbLine
 10
10332.09093119384
 20
2110.789073634205
 30
0.0
 11
8983.780398152394
 21
2110.789073634207
 31
0.0
1001
REVIT
1002
{
1070
     1
1000
2412357
1002
}
1002
{
1070
     2
1000
-2000051
1002
}
1002
{
1070
     3
1000
2107288
1002
}
  0
LINE
  5
3D8
330
70
100
AcDbEntity
  8
A-DETL
100
AcDbLine
 10
10222.09093119384
 20
2200.789073634206
 30
0.0
 11
9185.489077719889
 21
2200.789073634207
 31
0.0
1001
REVIT
1002
{
1070
     1
1000
2412362
1002
}
1002
{
1070
     2
1000
-2000051
1002
}
1002
{
1070
     3
1000
2107288
1002
}
  0
LINE
  5
3D9
330
70
100
AcDbEntity
  8
A-DETL
100
AcDbLine
 10
9140.489077719889
 20
2200.789073634207
 30
0.0
 11
8983.780398152394
 21
2200.789073634207
 31
0.0
1001
REVIT
1002
{
1070
     1
1000
2412362
1002
}
1002
{
1070
     2
1000
-2000051
1002
}
1002
{
1070
     3
1000
2107288
1002
}
  0
LINE
  5
3DA
330
70
100
AcDbEntity
  8
A-DETL
100
AcDbLine
 10
10203.34093119384
 20
2230.789073634206
 30
0.0
 11
10088.34093119384
 21
2230.789073634206
 31
0.0
1001
REVIT
1002
{
1070
     1
1000
2412363
1002
}
1002
{
1070
     2
1000
-2000051
1002
}
1002
{
1070
     3
1000
2107288
1002
}
  0
LINE
  5
3DB
330
70
100
AcDbEntity
  8
A-DETL
100
AcDbLine
 10
10203.34093119384
 20
2230.789073634206
 30
0.0
 11
10203.34093119384
 21
2200.789073634206
 31
0.0
1001
REVIT
1002
{
1070
     1
1000
2412364
1002
}
1002
{
1070
     2
1000
-2000051
1002
}
1002
{
1070
     3
1000
2107288
1002
}
  0
LINE
  5
3DC
330
70
100
AcDbEntity
  8
A-DETL
100
AcDbLine
 10
10088.34093119384
 20
2230.789073634206
 30
0.0
 11
10088.34093119384
 21
2200.789073634206
 31
0.0
1001
REVIT
1002
{
1070
     1
1000
2412365
1002
}
1002
{
1070
     2
1000
-2000051
1002
}
1002
{
1070
     3
1000
2107288
1002
}
  0
LINE
  5
3DD
330
70
100
AcDbEntity
  8
A-DETL
100
AcDbLine
 10
10088.34093119384
 20
2230.789073634206
 30
0.0
 11
10203.34093119384
 21
2200.789073634206
 31
0.0
1001
REVIT
1002
{
1070
     1
1000
2412366
1002
}
1002
{
1070
     2
1000
-2000051
1002
}
1002
{
1070
     3
1000
2107288
1002
}
  0
LINE
  5
3DE
330
70
100
AcDbEntity
  8
A-DETL
100
AcDbLine
 10
10203.34093119384
 20
2230.789073634206
 30
0.0
 11
10088.34093119384
 21
2200.789073634206
 31
0.0
1001
REVIT
1002
{
1070
     1
1000
2412367
1002
}
1002
{
1070
     2
1000
-2000051
1002
}
1002
{
1070
     3
1000
2107288
1002
}
  0
LINE
  5
3DF
330
70
100
AcDbEntity
  8
A-DETL
100
AcDbLine
 10
10032.07205029728
 20
2230.789073634206
 30
0.0
 11
9917.072050297274
 21
2230.789073634207
 31
0.0
1001
REVIT
1002
{
1070
     1
1000
2412368
1002
}
1002
{
1070
     2
1000
-2000051
1002
}
1002
{
1070
     3
1000
2107288
1002
}
  0
LINE
  5
3E0
330
70
100
AcDbEntity
  8
A-DETL
100
AcDbLine
 10
8983.780398152396
 20
3190.789073634209
 30
0.0
 11
8983.780398152394
 21
1720.789073634208
 31
0.0
1001
REVIT
1002
{
1070
     1
1000
2412374
1002
}
1002
{
1070
     2
1000
-2000051
1002
}
1002
{
1070
     3
1000
2107288
1002
}
  0
LINE
  5
3E1
330
70
100
AcDbEntity
  8
A-DETL
100
AcDbLine
 10
8983.780398152396
 20
3190.789073634209
 30
0.0
 11
10712.09093119384
 21
3190.789073634206
 31
0.0
1001
REVIT
1002
{
1070
     1
1000
2412376
1002
}
1002
{
1070
     2
1000
-2000051
1002
}
1002
{
1070
     3
1000
2107288
1002
}
  0
LINE
  5
3E2
330
70
100
AcDbEntity
  8
A-DETL
100
AcDbLine
 10
10712.09093119384
 20
3190.789073634206
 30
0.0
 11
10712.09093119384
 21
1720.789073634206
 31
0.0
1001
REVIT
1002
{
1070
     1
1000
2412377
1002
}
1002
{
1070
     2
1000
-2000051
1002
}
1002
{
1070
     3
1000
2107288
1002
}
  0
LINE
  5
3E3
330
70
100
AcDbEntity
  8
A-DETL
100
AcDbLine
 10
10712.09093119384
 20
1720.789073634206
 30
0.0
 11
8983.780398152394
 21
1720.789073634208
 31
0.0
1001
REVIT
1002
{
1070
     1
1000
2412378
1002
}
1002
{
1070
     2
1000
-2000051
1002
}
1002
{
1070
     3
1000
2107288
1002
}
  0
LINE
  5
3E4
330
70
100
AcDbEntity
  8
A-DETL
100
AcDbLine
 10
10218.34093119384
 20
2230.789073634206
 30
0.0
 11
9808.340931193838
 21
2230.789073634206
 31
0.0
1001
REVIT
1002
{
1070
     1
1000
2412379
1002
}
1002
{
1070
     2
1000
-2000051
1002
}
1002
{
1070
     3
1000
2107288
1002
}
  0
LINE
  5
3E5
330
70
100
AcDbEntity
  8
A-DETL
100
AcDbLine
 10
10218.34093119384
 20
2230.789073634206
 30
0.0
 11
10218.34093119384
 21
2370.789073634206
 31
0.0
1001
REVIT
1002
{
1070
     1
1000
2412380
1002
}
1002
{
1070
     2
1000
-2000051
1002
}
1002
{
1070
     3
1000
2107288
1002
}
  0
LINE
  5
3E6
330
70
100
AcDbEntity
  8
A-DETL
100
AcDbLine
 10
10213.34093119384
 20
2235.789073634206
 30
0.0
 11
9813.340931193838
 21
2235.789073634206
 31
0.0
1001
REVIT
1002
{
1070
     1
1000
2412381
1002
}
1002
{
1070
     2
1000
-2000051
1002
}
1002
{
1070
     3
1000
2107288
1002
}
  0
LINE
  5
3E7
330
70
100
AcDbEntity
  8
A-DETL
100
AcDbLine
 10
10213.34093119384
 20
2235.789073634206
 30
0.0
 11
10213.34093119384
 21
2370.789073634206
 31
0.0
1001
REVIT
1002
{
1070
     1
1000
2412382
1002
}
1002
{
1070
     2
1000
-2000051
1002
}
1002
{
1070
     3
1000
2107288
1002
}
  0
LINE
  5
3E8
330
70
100
AcDbEntity
  8
A-DETL
100
AcDbLine
 10
10218.34093119384
 20
2370.789073634206
 30
0.0
 11
10213.34093119384
 21
2370.789073634206
 31
0.0
1001
REVIT
1002
{
1070
     1
1000
2412383
1002
}
1002
{
1070
     2
1000
-2000051
1002
}
1002
{
1070
     3
1000
2107288
1002
}
  0
LINE
  5
3E9
330
70
100
AcDbEntity
  8
A-DETL
100
AcDbLine
 10
10222.09093119384
 20
2110.789073634205
 30
0.0
 11
10222.09093119384
 21
2690.789073634202
 31
0.0
1001
REVIT
1002
{
1070
     1
1000
2412397
1002
}
1002
{
1070
     2
1000
-2000051
1002
}
1002
{
1070
     3
1000
2107288
1002
}
  0
LINE
  5
3EA
330
70
100
AcDbEntity
  8
A-DETL
370
    25
100
AcDbLine
 10
10207.71593119384
 20
2377.527207190495
 30
0.0
 11
10207.71593119384
 21
2247.527207190497
 31
0.0
1001
REVIT
1002
{
1070
     1
1000
2412404
1002
}
1002
{
1070
     2
1000
-2000051
1002
}
1002
{
1070
     3
1000
2107529
1002
}
  0
LINE
  5
3EB
330
70
100
AcDbEntity
  8
A-DETL
100
AcDbLine
 10
10218.20204230495
 20
2100.789073634205
 30
0.0
 11
8983.780398152394
 21
2100.789073634207
 31
0.0
1001
REVIT
1002
{
1070
     1
1000
2412419
1002
}
1002
{
1070
     2
1000
-2000051
1002
}
1002
{
1070
     3
1000
2107288
1002
}
  0
LINE
  5
3EC
330
70
100
AcDbEntity
  8
A-DETL
370
    25
100
AcDbLine
 10
10214.59093119384
 20
2852.494138465197
 30
0.0
 11
10414.68747777494
 21
2870.00031790173
 31
0.0
1001
REVIT
1002
{
1070
     1
1000
2412436
1002
}
1002
{
1070
     2
1000
-2000051
1002
}
1002
{
1070
     3
1000
2107529
1002
}
  0
LINE
  5
3ED
330
70
100
AcDbEntity
  8
A-DETL
370
    25
100
AcDbLine
 10
10214.59093119384
 20
2852.494138465197
 30
0.0
 11
10214.59093119384
 21
2437.434388448502
 31
0.0
1001
REVIT
1002
{
1070
     1
1000
2412437
1002
}
1002
{
1070
     2
1000
-2000051
1002
}
1002
{
1070
     3
1000
2107529
1002
}
  0
LINE
  5
3EE
330
70
100
AcDbEntity
  8
A-DETL
370
    25
100
AcDbLine
 10
10214.59093119384
 20
2437.434388448502
 30
0.0
 11
10222.09093119384
 21
2444.934388448502
 31
0.0
1001
REVIT
1002
{
1070
     1
1000
2412438
1002
}
1002
{
1070
     2
1000
-2000051
1002
}
1002
{
1070
     3
1000
2107529
1002
}
  0
LINE
  5
3EF
330
70
100
AcDbEntity
  8
A-DETL
370
    25
100
AcDbLine
 10
10414.68747777494
 20
2870.00031790173
 30
0.0
 11
10414.68747777494
 21
2818.744138465197
 31
0.0
1001
REVIT
1002
{
1070
     1
1000
2412439
1002
}
1002
{
1070
     2
1000
-2000051
1002
}
1002
{
1070
     3
1000
2107529
1002
}
  0
LINE
  5
3F0
330
70
100
AcDbEntity
  8
A-DETL
370
    25
100
AcDbLine
 10
10414.68747777494
 20
2818.744138465197
 30
0.0
 11
10407.61640996307
 21
2811.673070653332
 31
0.0
1001
REVIT
1002
{
1070
     1
1000
2412440
1002
}
1002
{
1070
     2
1000
-2000051
1002
}
1002
{
1070
     3
1000
2107529
1002
}
  0
LINE
  5
3F1
330
70
100
AcDbEntity
  8
A-DETL
100
AcDbLine
 10
9808.340931193838
 20
2230.789073634206
 30
0.0
 11
9808.34093119384
 21
2380.789073634207
 31
0.0
1001
REVIT
1002
{
1070
     1
1000
2412473
1002
}
1002
{
1070
     2
1000
-2000051
1002
}
1002
{
1070
     3
1000
2107288
1002
}
  0
LINE
  5
3F2
330
70
100
AcDbEntity
  8
A-DETL
100
AcDbLine
 10
9813.340931193838
 20
2235.789073634206
 30
0.0
 11
9813.34093119384
 21
2380.789073634207
 31
0.0
1001
REVIT
1002
{
1070
     1
1000
2412474
1002
}
1002
{
1070
     2
1000
-2000051
1002
}
1002
{
1070
     3
1000
2107288
1002
}
  0
LINE
  5
3F3
330
70
100
AcDbEntity
  8
A-DETL
100
AcDbLine
 10
9813.34093119384
 20
2380.789073634207
 30
0.0
 11
9808.34093119384
 21
2380.789073634207
 31
0.0
1001
REVIT
1002
{
1070
     1
1000
2412475
1002
}
1002
{
1070
     2
1000
-2000051
1002
}
1002
{
1070
     3
1000
2107288
1002
}
  0
LINE
  5
3F4
330
70
100
AcDbEntity
  8
A-DETL
100
AcDbLine
 10
9542.340931193867
 20
2024.479007981212
 30
0.0
 11
9652.340931193867
 21
2024.479007981212
 31
0.0
1001
REVIT
1002
{
1070
     1
1000
2414829
1002
}
1002
{
1070
     2
1000
-2000051
1002
}
1002
{
1070
     3
1000
2107288
1002
}
  0
LINE
  5
3F5
330
70
100
AcDbEntity
  8
A-DETL
100
AcDbLine
 10
9652.340931193867
 20
2100.789073634203
 30
0.0
 11
9652.340931193867
 21
2024.479007981212
 31
0.0
1001
REVIT
1002
{
1070
     1
1000
2414830
1002
}
1002
{
1070
     2
1000
-2000051
1002
}
1002
{
1070
     3
1000
2107288
1002
}
  0
LINE
  5
3F6
330
70
100
AcDbEntity
  8
A-DETL
100
AcDbLine
 10
9542.340931193867
 20
2100.789073634204
 30
0.0
 11
9652.340931193867
 21
2100.789073634203
 31
0.0
1001
REVIT
1002
{
1070
     1
1000
2414831
1002
}
1002
{
1070
     2
1000
-2000051
1002
}
1002
{
1070
     3
1000
2107288
1002
}
  0
ARC
  5
3F7
330
70
100
AcDbEntity
  8
A-DETL
100
AcDbCircle
 10
9654.662294301284
 20
2020.389135267308
 30
0.0
 40
4.702742337446025
100
AcDbArc
 50
119.5787287237221
 51
240.4212712762734
1001
REVIT
1002
{
1070
     1
1000
2414832
1002
}
1002
{
1070
     2
1000
-2000051
1002
}
1002
{
1070
     3
1000
2107288
1002
}
  0
LINE
  5
3F8
330
70
100
AcDbEntity
  8
A-DETL
100
AcDbLine
 10
9542.340931193867
 20
1940.449961416534
 30
0.0
 11
9652.340931193867
 21
1940.449961416534
 31
0.0
1001
REVIT
1002
{
1070
     1
1000
2414833
1002
}
1002
{
1070
     2
1000
-2000051
1002
}
1002
{
1070
     3
1000
2107288
1002
}
  0
LINE
  5
3F9
330
70
100
AcDbEntity
  8
A-DETL
100
AcDbLine
 10
9652.340931193867
 20
2016.299262553405
 30
0.0
 11
9652.340931193867
 21
1940.449961416534
 31
0.0
1001
REVIT
1002
{
1070
     1
1000
2414834
1002
}
1002
{
1070
     2
1000
-2000051
1002
}
1002
{
1070
     3
1000
2107288
1002
}
  0
LINE
  5
3FA
330
70
100
AcDbEntity
  8
A-DETL
100
AcDbLine
 10
9542.340931193867
 20
2016.299262553405
 30
0.0
 11
9652.340931193867
 21
2016.299262553405
 31
0.0
1001
REVIT
1002
{
1070
     1
1000
2414835
1002
}
1002
{
1070
     2
1000
-2000051
1002
}
1002
{
1070
     3
1000
2107288
1002
}
  0
ARC
  5
3FB
330
70
100
AcDbEntity
  8
A-DETL
100
AcDbCircle
 10
9654.662294301284
 20
1936.36008870263
 30
0.0
 40
4.702742337446923
100
AcDbArc
 50
119.5787287237386
 51
240.4212712762817
1001
REVIT
1002
{
1070
     1
1000
2414836
1002
}
1002
{
1070
     2
1000
-2000051
1002
}
1002
{
1070
     3
1000
2107288
1002
}
  0
ARC
  5
3FC
330
70
100
AcDbEntity
  8
A-DETL
100
AcDbCircle
 10
9654.662294301286
 20
1936.36008870263
 30
0.0
 40
4.702742337448504
100
AcDbArc
 50
119.5787287237288
 51
240.4212712762709
1001
REVIT
1002
{
1070
     1
1000
2414837
1002
}
1002
{
1070
     2
1000
-2000051
1002
}
1002
{
1070
     3
1000
2107288
1002
}
  0
LINE
  5
3FD
330
70
100
AcDbEntity
  8
A-DETL
100
AcDbLine
 10
9542.340931193867
 20
1855.960150335735
 30
0.0
 11
9652.340931193867
 21
1855.960150335735
 31
0.0
1001
REVIT
1002
{
1070
     1
1000
2414838
1002
}
1002
{
1070
     2
1000
-2000051
1002
}
1002
{
1070
     3
1000
2107288
1002
}
  0
LINE
  5
3FE
330
70
100
AcDbEntity
  8
A-DETL
100
AcDbLine
 10
9652.340931193867
 20
1932.270215988727
 30
0.0
 11
9652.340931193867
 21
1855.960150335735
 31
0.0
1001
REVIT
1002
{
1070
     1
1000
2414839
1002
}
1002
{
1070
     2
1000
-2000051
1002
}
1002
{
1070
     3
1000
2107288
1002
}
  0
LINE
  5
3FF
330
70
100
AcDbEntity
  8
A-DETL
100
AcDbLine
 10
9542.340931193867
 20
1932.270215988727
 30
0.0
 11
9652.340931193867
 21
1932.270215988727
 31
0.0
1001
REVIT
1002
{
1070
     1
1000
2414840
1002
}
1002
{
1070
     2
1000
-2000051
1002
}
1002
{
1070
     3
1000
2107288
1002
}
  0
ARC
  5
400
330
70
100
AcDbEntity
  8
A-DETL
100
AcDbCircle
 10
9654.662294301284
 20
1851.870277621832
 30
0.0
 40
4.702742337446025
100
AcDbArc
 50
119.5787287237225
 51
240.4212712762785
1001
REVIT
1002
{
1070
     1
1000
2414841
1002
}
1002
{
1070
     2
1000
-2000051
1002
}
1002
{
1070
     3
1000
2107288
1002
}
  0
LINE
  5
401
330
70
100
AcDbEntity
  8
A-DETL
100
AcDbLine
 10
9652.340931193867
 20
1847.780404907929
 30
0.0
 11
9652.340931193867
 21
1771.470339254937
 31
0.0
1001
REVIT
1002
{
1070
     1
1000
2414842
1002
}
1002
{
1070
     2
1000
-2000051
1002
}
1002
{
1070
     3
1000
2107288
1002
}
  0
LINE
  5
402
330
70
100
AcDbEntity
  8
A-DETL
100
AcDbLine
 10
9542.340931193867
 20
1847.780404907929
 30
0.0
 11
9652.340931193867
 21
1847.780404907929
 31
0.0
1001
REVIT
1002
{
1070
     1
1000
2414843
1002
}
1002
{
1070
     2
1000
-2000051
1002
}
1002
{
1070
     3
1000
2107288
1002
}
  0
LINE
  5
403
330
70
100
AcDbEntity
  8
A-DETL
100
AcDbLine
 10
9702.090931193838
 20
2024.479007981212
 30
0.0
 11
9812.090931193838
 21
2024.479007981212
 31
0.0
1001
REVIT
1002
{
1070
     1
1000
2414845
1002
}
1002
{
1070
     2
1000
-2000051
1002
}
1002
{
1070
     3
1000
2107288
1002
}
  0
LINE
  5
404
330
70
100
AcDbEntity
  8
A-DETL
100
AcDbLine
 10
9812.090931193838
 20
2100.789073634207
 30
0.0
 11
9812.090931193838
 21
2024.479007981212
 31
0.0
1001
REVIT
1002
{
1070
     1
1000
2414846
1002
}
1002
{
1070
     2
1000
-2000051
1002
}
1002
{
1070
     3
1000
2107288
1002
}
  0
LINE
  5
405
330
70
100
AcDbEntity
  8
A-DETL
100
AcDbLine
 10
9702.090931193838
 20
2100.789073634204
 30
0.0
 11
9812.090931193838
 21
2100.789073634203
 31
0.0
1001
REVIT
1002
{
1070
     1
1000
2414847
1002
}
1002
{
1070
     2
1000
-2000051
1002
}
1002
{
1070
     3
1000
2107288
1002
}
  0
ARC
  5
406
330
70
100
AcDbEntity
  8
A-DETL
100
AcDbCircle
 10
9814.412294301257
 20
2020.389135267308
 30
0.0
 40
4.702742337448504
100
AcDbArc
 50
119.5787287237284
 51
240.4212712762671
1001
REVIT
1002
{
1070
     1
1000
2414848
1002
}
1002
{
1070
     2
1000
-2000051
1002
}
1002
{
1070
     3
1000
2107288
1002
}
  0
LINE
  5
407
330
70
100
AcDbEntity
  8
A-DETL
100
AcDbLine
 10
9702.090931193838
 20
1940.449961416534
 30
0.0
 11
9812.090931193838
 21
1940.449961416534
 31
0.0
1001
REVIT
1002
{
1070
     1
1000
2414849
1002
}
1002
{
1070
     2
1000
-2000051
1002
}
1002
{
1070
     3
1000
2107288
1002
}
  0
LINE
  5
408
330
70
100
AcDbEntity
  8
A-DETL
100
AcDbLine
 10
9812.090931193838
 20
2016.299262553405
 30
0.0
 11
9812.090931193838
 21
1940.449961416534
 31
0.0
1001
REVIT
1002
{
1070
     1
1000
2414850
1002
}
1002
{
1070
     2
1000
-2000051
1002
}
1002
{
1070
     3
1000
2107288
1002
}
  0
LINE
  5
409
330
70
100
AcDbEntity
  8
A-DETL
100
AcDbLine
 10
9702.090931193838
 20
2016.299262553405
 30
0.0
 11
9812.090931193838
 21
2016.299262553405
 31
0.0
1001
REVIT
1002
{
1070
     1
1000
2414851
1002
}
1002
{
1070
     2
1000
-2000051
1002
}
1002
{
1070
     3
1000
2107288
1002
}
  0
ARC
  5
40A
330
70
100
AcDbEntity
  8
A-DETL
100
AcDbCircle
 10
9814.412294301255
 20
1936.36008870263
 30
0.0
 40
4.702742337446025
100
AcDbArc
 50
119.578728723724
 51
240.421271276277
1001
REVIT
1002
{
1070
     1
1000
2414852
1002
}
1002
{
1070
     2
1000
-2000051
1002
}
1002
{
1070
     3
1000
2107288
1002
}
  0
ARC
  5
40B
330
70
100
AcDbEntity
  8
A-DETL
100
AcDbCircle
 10
9814.412294301257
 20
1936.36008870263
 30
0.0
 40
4.702742337446923
100
AcDbArc
 50
119.5787287237371
 51
240.4212712762626
1001
REVIT
1002
{
1070
     1
1000
2414853
1002
}
1002
{
1070
     2
1000
-2000051
1002
}
1002
{
1070
     3
1000
2107288
1002
}
  0
LINE
  5
40C
330
70
100
AcDbEntity
  8
A-DETL
100
AcDbLine
 10
9702.090931193838
 20
1855.960150335735
 30
0.0
 11
9812.090931193838
 21
1855.960150335735
 31
0.0
1001
REVIT
1002
{
1070
     1
1000
2414854
1002
}
1002
{
1070
     2
1000
-2000051
1002
}
1002
{
1070
     3
1000
2107288
1002
}
  0
LINE
  5
40D
330
70
100
AcDbEntity
  8
A-DETL
100
AcDbLine
 10
9812.090931193838
 20
1932.270215988727
 30
0.0
 11
9812.090931193838
 21
1855.960150335735
 31
0.0
1001
REVIT
1002
{
1070
     1
1000
2414855
1002
}
1002
{
1070
     2
1000
-2000051
1002
}
1002
{
1070
     3
1000
2107288
1002
}
  0
LINE
  5
40E
330
70
100
AcDbEntity
  8
A-DETL
100
AcDbLine
 10
9702.090931193838
 20
1932.270215988727
 30
0.0
 11
9812.090931193838
 21
1932.270215988727
 31
0.0
1001
REVIT
1002
{
1070
     1
1000
2414856
1002
}
1002
{
1070
     2
1000
-2000051
1002
}
1002
{
1070
     3
1000
2107288
1002
}
  0
ARC
  5
40F
330
70
100
AcDbEntity
  8
A-DETL
100
AcDbCircle
 10
9814.412294301257
 20
1851.870277621832
 30
0.0
 40
4.702742337448504
100
AcDbArc
 50
119.5787287237288
 51
240.4212712762722
1001
REVIT
1002
{
1070
     1
1000
2414857
1002
}
1002
{
1070
     2
1000
-2000051
1002
}
1002
{
1070
     3
1000
2107288
1002
}
  0
LINE
  5
410
330
70
100
AcDbEntity
  8
A-DETL
100
AcDbLine
 10
9812.090931193838
 20
1847.780404907929
 30
0.0
 11
9812.090931193838
 21
1771.470339254937
 31
0.0
1001
REVIT
1002
{
1070
     1
1000
2414858
1002
}
1002
{
1070
     2
1000
-2000051
1002
}
1002
{
1070
     3
1000
2107288
1002
}
  0
LINE
  5
411
330
70
100
AcDbEntity
  8
A-DETL
100
AcDbLine
 10
9702.090931193838
 20
1847.780404907929
 30
0.0
 11
9812.090931193838
 21
1847.780404907929
 31
0.0
1001
REVIT
1002
{
1070
     1
1000
2414859
1002
}
1002
{
1070
     2
1000
-2000051
1002
}
1002
{
1070
     3
1000
2107288
1002
}
  0
LINE
  5
412
330
70
100
AcDbEntity
  8
A-DETL
100
AcDbLine
 10
9542.340931193867
 20
1771.470339254937
 30
0.0
 11
9652.340931193867
 21
1771.470339254937
 31
0.0
1001
REVIT
1002
{
1070
     1
1000
2414862
1002
}
1002
{
1070
     2
1000
-2000051
1002
}
1002
{
1070
     3
1000
2107288
1002
}
  0
ARC
  5
413
330
70
100
AcDbEntity
  8
A-DETL
100
AcDbCircle
 10
9654.662294301284
 20
1767.380466541033
 30
0.0
 40
4.702742337446025
100
AcDbArc
 50
119.5787287237225
 51
240.4212712762772
1001
REVIT
1002
{
1070
     1
1000
2414863
1002
}
1002
{
1070
     2
1000
-2000051
1002
}
1002
{
1070
     3
1000
2107288
1002
}
  0
LINE
  5
414
330
70
100
AcDbEntity
  8
A-DETL
100
AcDbLine
 10
9542.340931193867
 20
1763.29059382713
 30
0.0
 11
9652.340931193867
 21
1763.29059382713
 31
0.0
1001
REVIT
1002
{
1070
     1
1000
2414864
1002
}
1002
{
1070
     2
1000
-2000051
1002
}
1002
{
1070
     3
1000
2107288
1002
}
  0
LINE
  5
415
330
70
100
AcDbEntity
  8
A-DETL
100
AcDbLine
 10
9702.090931193838
 20
1771.470339254937
 30
0.0
 11
9812.090931193838
 21
1771.470339254937
 31
0.0
1001
REVIT
1002
{
1070
     1
1000
2414865
1002
}
1002
{
1070
     2
1000
-2000051
1002
}
1002
{
1070
     3
1000
2107288
1002
}
  0
ARC
  5
416
330
70
100
AcDbEntity
  8
A-DETL
100
AcDbCircle
 10
9814.412294301257
 20
1767.380466541033
 30
0.0
 40
4.702742337448504
100
AcDbArc
 50
119.5787287237288
 51
240.4212712762709
1001
REVIT
1002
{
1070
     1
1000
2414866
1002
}
1002
{
1070
     2
1000
-2000051
1002
}
1002
{
1070
     3
1000
2107288
1002
}
  0
LINE
  5
417
330
70
100
AcDbEntity
  8
A-DETL
100
AcDbLine
 10
9702.090931193838
 20
1763.29059382713
 30
0.0
 11
9812.090931193838
 21
1763.29059382713
 31
0.0
1001
REVIT
1002
{
1070
     1
1000
2414867
1002
}
1002
{
1070
     2
1000
-2000051
1002
}
1002
{
1070
     3
1000
2107288
1002
}
  0
LINE
  5
418
330
70
100
AcDbEntity
  8
A-DETL
100
AcDbLine
 10
9542.340931193867
 20
2100.789073634206
 30
0.0
 11
9542.340931193867
 21
2024.479007981212
 31
0.0
1001
REVIT
1002
{
1070
     1
1000
2415146
1002
}
1002
{
1070
     2
1000
-2000051
1002
}
1002
{
1070
     3
1000
2107288
1002
}
  0
ARC
  5
419
330
70
100
AcDbEntity
  8
A-DETL
100
AcDbCircle
 10
9540.019568086447
 20
2020.389135267308
 30
0.0
 40
4.702742337448504
100
AcDbArc
 50
299.5787287237322
 51
60.42127127627158
1001
REVIT
1002
{
1070
     1
1000
2415147
1002
}
1002
{
1070
     2
1000
-2000051
1002
}
1002
{
1070
     3
1000
2107288
1002
}
  0
LINE
  5
41A
330
70
100
AcDbEntity
  8
A-DETL
100
AcDbLine
 10
9542.340931193867
 20
2016.299262553405
 30
0.0
 11
9542.340931193867
 21
1940.449961416534
 31
0.0
1001
REVIT
1002
{
1070
     1
1000
2415148
1002
}
1002
{
1070
     2
1000
-2000051
1002
}
1002
{
1070
     3
1000
2107288
1002
}
  0
ARC
  5
41B
330
70
100
AcDbEntity
  8
A-DETL
100
AcDbCircle
 10
9540.019568086447
 20
1936.36008870263
 30
0.0
 40
4.702742337446025
100
AcDbArc
 50
299.5787287237222
 51
60.42127127627603
1001
REVIT
1002
{
1070
     1
1000
2415149
1002
}
1002
{
1070
     2
1000
-2000051
1002
}
1002
{
1070
     3
1000
2107288
1002
}
  0
ARC
  5
41C
330
70
100
AcDbEntity
  8
A-DETL
100
AcDbCircle
 10
9540.019568086447
 20
1936.36008870263
 30
0.0
 40
4.702742337446923
100
AcDbArc
 50
299.5787287237367
 51
60.42127127626296
1001
REVIT
1002
{
1070
     1
1000
2415150
1002
}
1002
{
1070
     2
1000
-2000051
1002
}
1002
{
1070
     3
1000
2107288
1002
}
  0
LINE
  5
41D
330
70
100
AcDbEntity
  8
A-DETL
100
AcDbLine
 10
9542.340931193867
 20
1932.270215988727
 30
0.0
 11
9542.340931193867
 21
1855.960150335735
 31
0.0
1001
REVIT
1002
{
1070
     1
1000
2415151
1002
}
1002
{
1070
     2
1000
-2000051
1002
}
1002
{
1070
     3
1000
2107288
1002
}
  0
ARC
  5
41E
330
70
100
AcDbEntity
  8
A-DETL
100
AcDbCircle
 10
9540.019568086447
 20
1851.870277621832
 30
0.0
 40
4.702742337448504
100
AcDbArc
 50
299.5787287237269
 51
60.42127127627274
1001
REVIT
1002
{
1070
     1
1000
2415152
1002
}
1002
{
1070
     2
1000
-2000051
1002
}
1002
{
1070
     3
1000
2107288
1002
}
  0
LINE
  5
41F
330
70
100
AcDbEntity
  8
A-DETL
100
AcDbLine
 10
9542.340931193867
 20
1847.780404907928
 30
0.0
 11
9542.340931193867
 21
1771.470339254937
 31
0.0
1001
REVIT
1002
{
1070
     1
1000
2415153
1002
}
1002
{
1070
     2
1000
-2000051
1002
}
1002
{
1070
     3
1000
2107288
1002
}
  0
ARC
  5
420
330
70
100
AcDbEntity
  8
A-DETL
100
AcDbCircle
 10
9540.019568086447
 20
1767.380466541033
 30
0.0
 40
4.702742337448504
100
AcDbArc
 50
299.5787287237284
 51
60.42127127627123
1001
REVIT
1002
{
1070
     1
1000
2415154
1002
}
1002
{
1070
     2
1000
-2000051
1002
}
1002
{
1070
     3
1000
2107288
1002
}
  0
LINE
  5
421
330
70
100
AcDbEntity
  8
A-DETL
100
AcDbLine
 10
9702.090931193838
 20
2100.789073634206
 30
0.0
 11
9702.090931193838
 21
2024.479007981212
 31
0.0
1001
REVIT
1002
{
1070
     1
1000
2415212
1002
}
1002
{
1070
     2
1000
-2000051
1002
}
1002
{
1070
     3
1000
2107288
1002
}
  0
ARC
  5
422
330
70
100
AcDbEntity
  8
A-DETL
100
AcDbCircle
 10
9699.769568086418
 20
2020.389135267308
 30
0.0
 40
4.702742337448504
100
AcDbArc
 50
299.5787287237322
 51
60.42127127627158
1001
REVIT
1002
{
1070
     1
1000
2415213
1002
}
1002
{
1070
     2
1000
-2000051
1002
}
1002
{
1070
     3
1000
2107288
1002
}
  0
LINE
  5
423
330
70
100
AcDbEntity
  8
A-DETL
100
AcDbLine
 10
9702.090931193838
 20
2016.299262553405
 30
0.0
 11
9702.090931193838
 21
1940.449961416534
 31
0.0
1001
REVIT
1002
{
1070
     1
1000
2415214
1002
}
1002
{
1070
     2
1000
-2000051
1002
}
1002
{
1070
     3
1000
2107288
1002
}
  0
ARC
  5
424
330
70
100
AcDbEntity
  8
A-DETL
100
AcDbCircle
 10
9699.76956808642
 20
1936.36008870263
 30
0.0
 40
4.702742337446923
100
AcDbArc
 50
299.5787287237176
 51
60.42127127626145
1001
REVIT
1002
{
1070
     1
1000
2415215
1002
}
1002
{
1070
     2
1000
-2000051
1002
}
1002
{
1070
     3
1000
2107288
1002
}
  0
ARC
  5
425
330
70
100
AcDbEntity
  8
A-DETL
100
AcDbCircle
 10
9699.769568086418
 20
1936.36008870263
 30
0.0
 40
4.702742337448504
100
AcDbArc
 50
299.5787287237284
 51
60.42127127627123
1001
REVIT
1002
{
1070
     1
1000
2415216
1002
}
1002
{
1070
     2
1000
-2000051
1002
}
1002
{
1070
     3
1000
2107288
1002
}
  0
LINE
  5
426
330
70
100
AcDbEntity
  8
A-DETL
100
AcDbLine
 10
9702.090931193838
 20
1932.270215988727
 30
0.0
 11
9702.090931193838
 21
1855.960150335735
 31
0.0
1001
REVIT
1002
{
1070
     1
1000
2415217
1002
}
1002
{
1070
     2
1000
-2000051
1002
}
1002
{
1070
     3
1000
2107288
1002
}
  0
ARC
  5
427
330
70
100
AcDbEntity
  8
A-DETL
100
AcDbCircle
 10
9699.769568086418
 20
1851.870277621832
 30
0.0
 40
4.702742337448504
100
AcDbArc
 50
299.5787287237269
 51
60.42127127627274
1001
REVIT
1002
{
1070
     1
1000
2415218
1002
}
1002
{
1070
     2
1000
-2000051
1002
}
1002
{
1070
     3
1000
2107288
1002
}
  0
LINE
  5
428
330
70
100
AcDbEntity
  8
A-DETL
100
AcDbLine
 10
9702.090931193838
 20
1847.780404907928
 30
0.0
 11
9702.090931193838
 21
1771.470339254937
 31
0.0
1001
REVIT
1002
{
1070
     1
1000
2415219
1002
}
1002
{
1070
     2
1000
-2000051
1002
}
1002
{
1070
     3
1000
2107288
1002
}
  0
ARC
  5
429
330
70
100
AcDbEntity
  8
A-DETL
100
AcDbCircle
 10
9699.769568086418
 20
1767.380466541033
 30
0.0
 40
4.702742337448504
100
AcDbArc
 50
299.5787287237284
 51
60.42127127627123
1001
REVIT
1002
{
1070
     1
1000
2415220
1002
}
1002
{
1070
     2
1000
-2000051
1002
}
1002
{
1070
     3
1000
2107288
1002
}
  0
LINE
  5
42A
330
70
100
AcDbEntity
  8
A-DETL
100
AcDbLine
 10
9678.774046183962
 20
2200.789073634206
 30
0.0
 11
9678.774046183964
 21
2371.203719369359
 31
0.0
1001
REVIT
1002
{
1070
     1
1000
2417054
1002
}
1002
{
1070
     2
1000
-2000051
1002
}
1002
{
1070
     3
1000
2107288
1002
}
  0
LINE
  5
42B
330
70
100
AcDbEntity
  8
A-DETL
100
AcDbLine
 10
9768.774046183962
 20
2200.789073634206
 30
0.0
 11
9768.774046183964
 21
2456.610530373697
 31
0.0
1001
REVIT
1002
{
1070
     1
1000
2417055
1002
}
1002
{
1070
     2
1000
-2000051
1002
}
1002
{
1070
     3
1000
2107288
1002
}
  0
LINE
  5
42C
330
70
100
AcDbEntity
  8
A-DETL
100
AcDbLine
 10
9898.340931193838
 20
2230.789073634206
 30
0.0
 11
9898.340931193838
 21
2200.789073634206
 31
0.0
1001
REVIT
1002
{
1070
     1
1000
2417056
1002
}
1002
{
1070
     2
1000
-2000051
1002
}
1002
{
1070
     3
1000
2107288
1002
}
  0
LINE
  5
42D
330
70
100
AcDbEntity
  8
A-DETL
100
AcDbLine
 10
9808.340931193838
 20
2230.789073634206
 30
0.0
 11
9808.340931193838
 21
2200.771173905661
 31
0.0
1001
REVIT
1002
{
1070
     1
1000
2417057
1002
}
1002
{
1070
     2
1000
-2000051
1002
}
1002
{
1070
     3
1000
2107288
1002
}
  0
LINE
  5
42E
330
70
100
AcDbEntity
  8
A-DETL
100
AcDbLine
 10
9808.965931193838
 20
2230.789073634206
 30
0.0
 11
9898.340931193838
 21
2200.789073634206
 31
0.0
1001
REVIT
1002
{
1070
     1
1000
2417058
1002
}
1002
{
1070
     2
1000
-2000051
1002
}
1002
{
1070
     3
1000
2107288
1002
}
  0
LINE
  5
42F
330
70
100
AcDbEntity
  8
A-DETL
100
AcDbLine
 10
9898.34093119384
 20
2230.789073634206
 30
0.0
 11
9808.340931193838
 21
2200.771173905661
 31
0.0
1001
REVIT
1002
{
1070
     1
1000
2417059
1002
}
1002
{
1070
     2
1000
-2000051
1002
}
1002
{
1070
     3
1000
2107288
1002
}
  0
LINE
  5
430
330
70
100
AcDbEntity
  8
A-DETL
100
AcDbLine
 10
9821.697050297276
 20
2504.170659303493
 30
0.0
 11
9821.697050297276
 21
2491.889102403053
 31
0.0
1001
REVIT
1002
{
1070
     1
1000
2417060
1002
}
1002
{
1070
     2
1000
-2000051
1002
}
1002
{
1070
     3
1000
2107288
1002
}
  0
LINE
  5
431
330
70
100
AcDbEntity
  8
A-DETL
100
AcDbLine
 10
9821.697050297276
 20
2504.170659303493
 30
0.0
 11
8983.780398152394
 21
2548.084010266687
 31
0.0
1001
REVIT
1002
{
1070
     1
1000
2417061
1002
}
1002
{
1070
     2
1000
-2000051
1002
}
1002
{
1070
     3
1000
2107288
1002
}
  0
LINE
  5
432
330
70
100
AcDbEntity
  8
A-DETL
100
AcDbLine
 10
9808.340931193838
 20
2230.789073634206
 30
0.0
 11
9808.340931193838
 21
2380.91258477402
 31
0.0
1001
REVIT
1002
{
1070
     1
1000
2417062
1002
}
1002
{
1070
     2
1000
-2000051
1002
}
1002
{
1070
     3
1000
2107288
1002
}
  0
LINE
  5
433
330
70
100
AcDbEntity
  8
A-DETL
100
AcDbLine
 10
9813.340931193838
 20
2235.789073634206
 30
0.0
 11
9813.340931193838
 21
2380.91258477402
 31
0.0
1001
REVIT
1002
{
1070
     1
1000
2417063
1002
}
1002
{
1070
     2
1000
-2000051
1002
}
1002
{
1070
     3
1000
2107288
1002
}
  0
LINE
  5
434
330
70
100
AcDbEntity
  8
A-DETL
100
AcDbLine
 10
9813.340931193838
 20
2380.91258477402
 30
0.0
 11
9808.340931193838
 21
2380.91258477402
 31
0.0
1001
REVIT
1002
{
1070
     1
1000
2417064
1002
}
1002
{
1070
     2
1000
-2000051
1002
}
1002
{
1070
     3
1000
2107288
1002
}
  0
LINE
  5
435
330
70
100
AcDbEntity
  8
A-DETL
100
AcDbLine
 10
9803.774046183962
 20
2200.789073634206
 30
0.0
 11
9803.774046183964
 21
2380.789073634206
 31
0.0
1001
REVIT
1002
{
1070
     1
1000
2417069
1002
}
1002
{
1070
     2
1000
-2000051
1002
}
1002
{
1070
     3
1000
2107288
1002
}
  0
LINE
  5
436
330
70
100
AcDbEntity
  8
A-DETL
370
    25
100
AcDbLine
 10
9821.697050297276
 20
2362.28227772749
 30
0.0
 11
9821.697050297276
 21
2455.120060602216
 31
0.0
1001
REVIT
1002
{
1070
     1
1000
2417065
1002
}
1002
{
1070
     2
1000
-2000051
1002
}
1002
{
1070
     3
1000
2107529
1002
}
  0
LINE
  5
437
330
70
100
AcDbEntity
  8
A-DETL
370
    25
100
AcDbLine
 10
9821.697050297276
 20
2455.120060602216
 30
0.0
 11
9713.026486292303
 21
2462.719046695188
 31
0.0
1001
REVIT
1002
{
1070
     1
1000
2417066
1002
}
1002
{
1070
     2
1000
-2000051
1002
}
1002
{
1070
     3
1000
2107529
1002
}
  0
LINE
  5
438
330
70
100
AcDbEntity
  8
A-DETL
370
    25
100
AcDbLine
 10
9741.744308175981
 20
2467.664964025493
 30
0.0
 11
9716.296120003892
 21
2469.444474694106
 31
0.0
1001
REVIT
1002
{
1070
     1
1000
2417067
1002
}
1002
{
1070
     2
1000
-2000051
1002
}
1002
{
1070
     3
1000
2107529
1002
}
  0
ARC
  5
439
330
70
100
AcDbEntity
  8
A-DETL
370
    25
100
AcDbCircle
 10
9716.014957811509
 20
2465.423668016821
 30
0.0
 40
4.030625077396566
100
AcDbArc
 50
86.00000000001302
 51
222.1456706400566
1001
REVIT
1002
{
1070
     1
1000
2417068
1002
}
1002
{
1070
     2
1000
-2000051
1002
}
1002
{
1070
     3
1000
2107529
1002
}
  0
LINE
  5
43A
330
70
100
AcDbEntity
  8
A-DETL
370
    25
100
AcDbLine
 10
9821.697050297276
 20
2362.28227772749
 30
0.0
 11
9813.340931193838
 21
2353.926158624053
 31
0.0
1001
REVIT
1002
{
1070
     1
1000
2417070
1002
}
1002
{
1070
     2
1000
-2000051
1002
}
1002
{
1070
     3
1000
2107529
1002
}
  0
LINE
  5
43B
330
70
100
AcDbEntity
  8
A-DETL
100
AcDbLine
 10
9821.697050297276
 20
2491.889102403053
 30
0.0
 11
8983.780398152394
 21
2535.802453366247
 31
0.0
1001
REVIT
1002
{
1070
     1
1000
2417071
1002
}
1002
{
1070
     2
1000
-2000051
1002
}
1002
{
1070
     3
1000
2107288
1002
}
  0
LINE
  5
43C
330
70
100
AcDbEntity
  8
A-DETL
100
AcDbLine
 10
9768.774046183964
 20
2456.610530373697
 30
0.0
 11
8983.780398152394
 21
2497.750304218326
 31
0.0
1001
REVIT
1002
{
1070
     1
1000
2417072
1002
}
1002
{
1070
     2
1000
-2000051
1002
}
1002
{
1070
     3
1000
2107288
1002
}
  0
LINE
  5
43D
330
70
100
AcDbEntity
  8
A-DETL
100
AcDbLine
 10
9768.774046183964
 20
2366.487019233885
 30
0.0
 11
8983.780398152394
 21
2407.626793078514
 31
0.0
1001
REVIT
1002
{
1070
     1
1000
2417073
1002
}
1002
{
1070
     2
1000
-2000051
1002
}
1002
{
1070
     3
1000
2107288
1002
}
  0
LINE
  5
43E
330
70
100
AcDbEntity
  8
A-DETL
100
AcDbLine
 10
9658.60143527511
 20
2462.384432249245
 30
0.0
 11
9660.574792034104
 21
2500.038322301268
 31
0.0
1001
REVIT
1002
{
1070
     1
1000
2417090
1002
}
1002
{
1070
     2
1000
-2000051
1002
}
1002
{
1070
     3
1000
2107288
1002
}
  0
LINE
  5
43F
330
70
100
AcDbEntity
  8
A-DETL
100
AcDbLine
 10
9698.576377639327
 20
2498.077081838506
 30
0.0
 11
9696.60143527511
 21
2460.392936636489
 31
0.0
1001
REVIT
1002
{
1070
     1
1000
2417091
1002
}
1002
{
1070
     2
1000
-2000051
1002
}
1002
{
1070
     3
1000
2107288
1002
}
  0
LINE
  5
440
330
70
100
AcDbEntity
  8
A-DETL
100
AcDbLine
 10
9698.576377639327
 20
2498.077081838506
 30
0.0
 11
9658.60143527511
 21
2462.384432249245
 31
0.0
1001
REVIT
1002
{
1070
     1
1000
2417092
1002
}
1002
{
1070
     2
1000
-2000051
1002
}
1002
{
1070
     3
1000
2107288
1002
}
  0
LINE
  5
441
330
70
100
AcDbEntity
  8
A-DETL
100
AcDbLine
 10
9660.574792034104
 20
2500.038322301268
 30
0.0
 11
9696.601435275108
 21
2460.392936636489
 31
0.0
1001
REVIT
1002
{
1070
     1
1000
2417093
1002
}
1002
{
1070
     2
1000
-2000051
1002
}
1002
{
1070
     3
1000
2107288
1002
}
  0
LINE
  5
442
330
70
100
AcDbEntity
  8
A-DETL
100
AcDbLine
 10
9209.218144635552
 20
2485.935612558571
 30
0.0
 11
9211.191501394545
 21
2523.589502610593
 31
0.0
1001
REVIT
1002
{
1070
     1
1000
2417094
1002
}
1002
{
1070
     2
1000
-2000051
1002
}
1002
{
1070
     3
1000
2107288
1002
}
  0
LINE
  5
443
330
70
100
AcDbEntity
  8
A-DETL
100
AcDbLine
 10
9249.193086999769
 20
2521.628262147832
 30
0.0
 11
9247.218144635552
 21
2483.944116945815
 31
0.0
1001
REVIT
1002
{
1070
     1
1000
2417095
1002
}
1002
{
1070
     2
1000
-2000051
1002
}
1002
{
1070
     3
1000
2107288
1002
}
  0
LINE
  5
444
330
70
100
AcDbEntity
  8
A-DETL
100
AcDbLine
 10
9249.193086999769
 20
2521.628262147832
 30
0.0
 11
9209.218144635552
 21
2485.935612558571
 31
0.0
1001
REVIT
1002
{
1070
     1
1000
2417096
1002
}
1002
{
1070
     2
1000
-2000051
1002
}
1002
{
1070
     3
1000
2107288
1002
}
  0
LINE
  5
445
330
70
100
AcDbEntity
  8
A-DETL
100
AcDbLine
 10
9211.191501394545
 20
2523.589502610593
 30
0.0
 11
9247.21814463555
 21
2483.944116945815
 31
0.0
1001
REVIT
1002
{
1070
     1
1000
2417097
1002
}
1002
{
1070
     2
1000
-2000051
1002
}
1002
{
1070
     3
1000
2107288
1002
}
  0
LINE
  5
446
330
70
100
AcDbEntity
  8
A-DETL
100
AcDbLine
 10
10332.09093119384
 20
2850.789073634202
 30
0.0
 11
10332.09093119384
 21
2050.789073634206
 31
0.0
1001
REVIT
1002
{
1070
     1
1000
2412427
1002
}
1002
{
1070
     5
1000
1943470
1002
}
1002
{
1070
     2
1000
-2000051
1002
}
1002
{
1070
     3
1000
2107288
1002
}
  0
LINE
  5
447
330
70
100
AcDbEntity
  8
A-DETL
100
AcDbLine
 10
10332.09093119384
 20
2050.789073634206
 30
0.0
 11
10407.09093119384
 21
2050.789073634206
 31
0.0
1001
REVIT
1002
{
1070
     1
1000
2412427
1002
}
1002
{
1070
     5
1000
1943470
1002
}
1002
{
1070
     2
1000
-2000051
1002
}
1002
{
1070
     3
1000
2107288
1002
}
  0
LINE
  5
448
330
70
100
AcDbEntity
  8
A-DETL
100
AcDbLine
 10
10407.09093119384
 20
2050.789073634206
 30
0.0
 11
10407.09093119384
 21
2850.789073634202
 31
0.0
1001
REVIT
1002
{
1070
     1
1000
2412427
1002
}
1002
{
1070
     5
1000
1943470
1002
}
1002
{
1070
     2
1000
-2000051
1002
}
1002
{
1070
     3
1000
2107288
1002
}
  0
LINE
  5
449
330
70
100
AcDbEntity
  8
A-DETL
100
AcDbLine
 10
10407.09093119384
 20
2850.789073634202
 30
0.0
 11
10332.09093119384
 21
2850.789073634202
 31
0.0
1001
REVIT
1002
{
1070
     1
1000
2412427
1002
}
1002
{
1070
     5
1000
1943470
1002
}
1002
{
1070
     2
1000
-2000051
1002
}
1002
{
1070
     3
1000
2107288
1002
}
  0
LINE
  5
44A
330
70
100
AcDbEntity
  8
A-DETL
100
AcDbLine
 10
9701.020852337662
 20
2411.309336891565
 30
0.0
 11
9701.020852337662
 21
2331.309336891566
 31
0.0
1001
REVIT
1002
{
1070
     1
1000
2417076
1002
}
1002
{
1070
     5
1000
2359305
1002
}
1002
{
1070
     2
1000
-2000051
1002
}
1002
{
1070
     3
1000
2107288
1002
}
  0
LINE
  5
44B
330
70
100
AcDbEntity
  8
A-DETL
100
AcDbLine
 10
9701.020852337662
 20
2331.309336891566
 30
0.0
 11
9751.020852337662
 21
2331.309336891565
 31
0.0
1001
REVIT
1002
{
1070
     1
1000
2417076
1002
}
1002
{
1070
     5
1000
2359305
1002
}
1002
{
1070
     2
1000
-2000051
1002
}
1002
{
1070
     3
1000
2107288
1002
}
  0
LINE
  5
44C
330
70
100
AcDbEntity
  8
A-DETL
100
AcDbLine
 10
9751.020852337662
 20
2331.309336891565
 30
0.0
 11
9751.020852337662
 21
2411.309336891565
 31
0.0
1001
REVIT
1002
{
1070
     1
1000
2417076
1002
}
1002
{
1070
     5
1000
2359305
1002
}
1002
{
1070
     2
1000
-2000051
1002
}
1002
{
1070
     3
1000
2107288
1002
}
  0
LINE
  5
44D
330
70
100
AcDbEntity
  8
A-DETL
100
AcDbLine
 10
9751.020852337662
 20
2411.309336891565
 30
0.0
 11
9701.020852337662
 21
2411.309336891565
 31
0.0
1001
REVIT
1002
{
1070
     1
1000
2417076
1002
}
1002
{
1070
     5
1000
2359305
1002
}
1002
{
1070
     2
1000
-2000051
1002
}
1002
{
1070
     3
1000
2107288
1002
}
  0
LINE
  5
44E
330
70
100
AcDbEntity
  8
A-DETL
100
AcDbLine
 10
9630.057897252462
 20
2230.621206901122
 30
0.0
 11
9630.057897252462
 21
2170.95694036729
 31
0.0
1001
REVIT
1002
{
1070
     1
1000
2417083
1002
}
1002
{
1070
     5
1000
2359305
1002
}
1002
{
1070
     2
1000
-2000051
1002
}
1002
{
1070
     3
1000
2107288
1002
}
  0
LINE
  5
44F
330
70
100
AcDbEntity
  8
A-DETL
100
AcDbLine
 10
9630.057897252462
 20
2170.95694036729
 30
0.0
 11
9727.490195115462
 21
2170.956940367289
 31
0.0
1001
REVIT
1002
{
1070
     1
1000
2417083
1002
}
1002
{
1070
     5
1000
2359305
1002
}
1002
{
1070
     2
1000
-2000051
1002
}
1002
{
1070
     3
1000
2107288
1002
}
  0
LINE
  5
450
330
70
100
AcDbEntity
  8
A-DETL
100
AcDbLine
 10
9727.490195115462
 20
2170.956940367289
 30
0.0
 11
9727.490195115462
 21
2230.621206901122
 31
0.0
1001
REVIT
1002
{
1070
     1
1000
2417083
1002
}
1002
{
1070
     5
1000
2359305
1002
}
1002
{
1070
     2
1000
-2000051
1002
}
1002
{
1070
     3
1000
2107288
1002
}
  0
LINE
  5
451
330
70
100
AcDbEntity
  8
A-DETL
100
AcDbLine
 10
9727.490195115462
 20
2230.621206901122
 30
0.0
 11
9630.057897252462
 21
2230.621206901122
 31
0.0
1001
REVIT
1002
{
1070
     1
1000
2417083
1002
}
1002
{
1070
     5
1000
2359305
1002
}
1002
{
1070
     2
1000
-2000051
1002
}
1002
{
1070
     3
1000
2107288
1002
}
  0
LINE
  5
452
330
70
100
AcDbEntity
  8
A-DETL
100
AcDbLine
 10
9140.489077719889
 20
2290.789073634206
 30
0.0
 11
9140.489077719889
 21
2200.789073634206
 31
0.0
1001
REVIT
1002
{
1070
     1
1000
2417102
1002
}
1002
{
1070
     5
1000
1363608
1002
}
1002
{
1070
     2
1000
-2000051
1002
}
1002
{
1070
     3
1000
2107288
1002
}
  0
LINE
  5
453
330
70
100
AcDbEntity
  8
A-DETL
100
AcDbLine
 10
9140.489077719889
 20
2200.789073634206
 30
0.0
 11
9185.489077719889
 21
2200.789073634206
 31
0.0
1001
REVIT
1002
{
1070
     1
1000
2417102
1002
}
1002
{
1070
     5
1000
1363608
1002
}
1002
{
1070
     2
1000
-2000051
1002
}
1002
{
1070
     3
1000
2107288
1002
}
  0
LINE
  5
454
330
70
100
AcDbEntity
  8
A-DETL
100
AcDbLine
 10
9185.489077719889
 20
2200.789073634206
 30
0.0
 11
9185.489077719889
 21
2290.789073634206
 31
0.0
1001
REVIT
1002
{
1070
     1
1000
2417102
1002
}
1002
{
1070
     5
1000
1363608
1002
}
1002
{
1070
     2
1000
-2000051
1002
}
1002
{
1070
     3
1000
2107288
1002
}
  0
LINE
  5
455
330
70
100
AcDbEntity
  8
A-DETL
100
AcDbLine
 10
9185.489077719889
 20
2290.789073634206
 30
0.0
 11
9140.489077719889
 21
2290.789073634206
 31
0.0
1001
REVIT
1002
{
1070
     1
1000
2417102
1002
}
1002
{
1070
     5
1000
1363608
1002
}
1002
{
1070
     2
1000
-2000051
1002
}
1002
{
1070
     3
1000
2107288
1002
}
  0
LINE
  5
456
330
70
100
AcDbEntity
  8
A-DETL
100
AcDbLine
 10
10218.20204230495
 20
2100.789073634205
 30
0.0
 11
9812.090931193838
 21
2100.789073634207
 31
0.0
1001
REVIT
1002
{
1070
     1
1000
2412420
1002
}
1002
{
1070
     2
1000
-2000051
1002
}
1002
{
1070
     3
1000
2107288
1002
}
  0
LINE
  5
457
330
70
100
AcDbEntity
  8
A-DETL
100
AcDbLine
 10
10222.09093119384
 20
2850.789073634201
 30
0.0
 11
10222.09093119384
 21
2123.070222187711
 31
0.0
1001
REVIT
1002
{
1070
     1
1000
2412421
1002
}
1002
{
1070
     2
1000
-2000051
1002
}
1002
{
1070
     3
1000
2107288
1002
}
  0
LINE
  5
458
330
70
100
AcDbEntity
  8
A-DETL
100
AcDbLine
 10
9812.090931193838
 20
2100.789073634203
 30
0.0
 11
10332.09093119384
 21
2100.789073634202
 31
0.0
1001
REVIT
1002
{
1070
     1
1000
2412423
1002
}
1002
{
1070
     2
1000
-2000051
1002
}
1002
{
1070
     3
1000
2107288
1002
}
  0
LINE
  5
459
330
70
100
AcDbEntity
  8
A-DETL
100
AcDbLine
 10
10312.09093119384
 20
2850.789073634202
 30
0.0
 11
10312.09093119384
 21
2110.789073634205
 31
0.0
1001
REVIT
1002
{
1070
     1
1000
2412424
1002
}
1002
{
1070
     2
1000
-2000051
1002
}
1002
{
1070
     3
1000
2107288
1002
}
  0
LINE
  5
45A
330
70
100
AcDbEntity
  8
A-DETL
100
AcDbLine
 10
10222.09093119384
 20
2850.789073634202
 30
0.0
 11
10407.09093119384
 21
2850.789073634202
 31
0.0
1001
REVIT
1002
{
1070
     1
1000
2412432
1002
}
1002
{
1070
     2
1000
-2000051
1002
}
1002
{
1070
     3
1000
2107288
1002
}
  0
LINE
  5
45B
330
70
100
AcDbEntity
  8
A-DETL
370
    25
100
AcDbLine
 10
10207.71593119384
 20
2377.527207190495
 30
0.0
 11
10222.09093119384
 21
2459.051883347501
 31
0.0
1001
REVIT
1002
{
1070
     1
1000
2412441
1002
}
1002
{
1070
     2
1000
-2000051
1002
}
1002
{
1070
     3
1000
2107529
1002
}
  0
LINE
  5
45C
330
70
100
AcDbEntity
  8
A-DETL
100
AcDbLine
 10
10407.09093119384
 20
2668.507925080696
 30
0.0
 11
10407.09093119384
 21
2100.789073634201
 31
0.0
1001
REVIT
1002
{
1070
     1
1000
2412449
1002
}
1002
{
1070
     2
1000
-2000051
1002
}
1002
{
1070
     3
1000
2107288
1002
}
  0
LINE
  5
45D
330
70
100
AcDbEntity
  8
A-DETL
100
AcDbLine
 10
10222.09093119384
 20
2800.789073634202
 30
0.0
 11
10312.09093119384
 21
2800.789073634202
 31
0.0
1001
REVIT
1002
{
1070
     1
1000
2412450
1002
}
1002
{
1070
     2
1000
-2000051
1002
}
1002
{
1070
     3
1000
2107288
1002
}
  0
LINE
  5
45E
330
70
100
AcDbEntity
  8
A-DETL
100
AcDbLine
 10
10312.09093119384
 20
2800.789073634202
 30
0.0
 11
10222.09093119384
 21
2850.789073634202
 31
0.0
1001
REVIT
1002
{
1070
     1
1000
2412451
1002
}
1002
{
1070
     2
1000
-2000051
1002
}
1002
{
1070
     3
1000
2107288
1002
}
  0
LINE
  5
45F
330
70
100
AcDbEntity
  8
A-DETL
100
AcDbLine
 10
10312.09093119384
 20
2850.789073634202
 30
0.0
 11
10222.09093119384
 21
2800.789073634203
 31
0.0
1001
REVIT
1002
{
1070
     1
1000
2412452
1002
}
1002
{
1070
     2
1000
-2000051
1002
}
1002
{
1070
     3
1000
2107288
1002
}
  0
LINE
  5
460
330
70
100
AcDbEntity
  8
A-DETL
100
AcDbLine
 10
10222.09093119384
 20
2160.789073634207
 30
0.0
 11
10312.09093119384
 21
2160.789073634206
 31
0.0
1001
REVIT
1002
{
1070
     1
1000
2412453
1002
}
1002
{
1070
     2
1000
-2000051
1002
}
1002
{
1070
     3
1000
2107288
1002
}
  0
LINE
  5
461
330
70
100
AcDbEntity
  8
A-DETL
100
AcDbLine
 10
10312.09093119384
 20
2160.789073634206
 30
0.0
 11
10222.09093119384
 21
2110.789073634205
 31
0.0
1001
REVIT
1002
{
1070
     1
1000
2412454
1002
}
1002
{
1070
     2
1000
-2000051
1002
}
1002
{
1070
     3
1000
2107288
1002
}
  0
LINE
  5
462
330
70
100
AcDbEntity
  8
A-DETL
100
AcDbLine
 10
10312.09093119384
 20
2110.789073634205
 30
0.0
 11
10222.09093119384
 21
2160.789073634208
 31
0.0
1001
REVIT
1002
{
1070
     1
1000
2412455
1002
}
1002
{
1070
     2
1000
-2000051
1002
}
1002
{
1070
     3
1000
2107288
1002
}
  0
LINE
  5
463
330
70
100
AcDbEntity
  8
A-DETL
100
AcDbLine
 10
9632.340931193867
 20
2100.789073634203
 30
0.0
 11
9546.201729885386
 21
2100.789073634203
 31
0.0
1001
REVIT
1002
{
1070
     1
1000
2414861
1002
}
1002
{
1070
     2
1000
-2000051
1002
}
1002
{
1070
     3
1000
1933725
1002
}
  0
LINE
  5
464
330
70
100
AcDbEntity
  8
A-DETL
100
AcDbLine
 10
9812.090931193838
 20
1763.29059382713
 30
0.0
 11
9812.090931193838
 21
1720.789073634207
 31
0.0
1001
REVIT
1002
{
1070
     1
1000
2414868
1002
}
1002
{
1070
     2
1000
-2000051
1002
}
1002
{
1070
     3
1000
2107288
1002
}
  0
LINE
  5
465
330
70
100
AcDbEntity
  8
A-DETL
100
AcDbLine
 10
9652.340931193867
 20
1763.29059382713
 30
0.0
 11
9652.340931193867
 21
1720.789073634207
 31
0.0
1001
REVIT
1002
{
1070
     1
1000
2414869
1002
}
1002
{
1070
     2
1000
-2000051
1002
}
1002
{
1070
     3
1000
2107288
1002
}
  0
LINE
  5
466
330
70
100
AcDbEntity
  8
A-DETL
100
AcDbLine
 10
9542.340931193867
 20
1763.29059382713
 30
0.0
 11
9542.340931193867
 21
1720.789073634207
 31
0.0
1001
REVIT
1002
{
1070
     1
1000
2415155
1002
}
1002
{
1070
     2
1000
-2000051
1002
}
1002
{
1070
     3
1000
2107288
1002
}
  0
LINE
  5
467
330
70
100
AcDbEntity
  8
A-DETL
100
AcDbLine
 10
9702.090931193838
 20
1763.29059382713
 30
0.0
 11
9702.090931193838
 21
1720.789073634207
 31
0.0
1001
REVIT
1002
{
1070
     1
1000
2415221
1002
}
1002
{
1070
     2
1000
-2000051
1002
}
1002
{
1070
     3
1000
2107288
1002
}
  0
LINE
  5
468
330
70
100
AcDbEntity
  8
A-DETL
100
AcDbLine
 10
9678.774046183962
 20
2249.072093423775
 30
0.0
 11
9129.860775861533
 21
2399.971044885949
 31
0.0
1001
REVIT
1002
{
1070
     1
1000
2417088
1002
}
1002
{
1070
     2
1000
-2000051
1002
}
1002
{
1070
     3
1000
2107288
1002
}
  0
LINE
  5
469
330
70
100
AcDbEntity
  8
A-DETL
100
AcDbLine
 10
9514.87802816165
 20
2200.789073634207
 30
0.0
 11
8983.780398152394
 21
2346.790418155112
 31
0.0
1001
REVIT
1002
{
1070
     1
1000
2417089
1002
}
1002
{
1070
     2
1000
-2000051
1002
}
1002
{
1070
     3
1000
2107288
1002
}
  0
LINE
  5
46A
330
70
100
AcDbEntity
  8
A-DETL
100
AcDbLine
 10
9768.774046183964
 20
2380.848464193165
 30
0.0
 11
9803.774046183962
 21
2200.789073634206
 31
0.0
1001
REVIT
1002
{
1070
     1
1000
2417098
1002
}
1002
{
1070
     2
1000
-2000051
1002
}
1002
{
1070
     3
1000
2107288
1002
}
  0
LINE
  5
46B
330
70
100
AcDbEntity
  8
A-DETL
100
AcDbLine
 10
9804.14584336797
 20
2380.789073634206
 30
0.0
 11
9768.774046183962
 21
2200.789073634206
 31
0.0
1001
REVIT
1002
{
1070
     1
1000
2417099
1002
}
1002
{
1070
     2
1000
-2000051
1002
}
1002
{
1070
     3
1000
2107288
1002
}
  0
LINE
  5
46C
330
70
100
AcDbEntity
  8
A-DETL
100
AcDbLine
 10
9185.489077719889
 20
2291.339712382094
 30
0.0
 11
9140.213758345944
 21
2200.789073634207
 31
0.0
1001
REVIT
1002
{
1070
     1
1000
2417107
1002
}
1002
{
1070
     2
1000
-2000051
1002
}
1002
{
1070
     3
1000
2107288
1002
}
  0
LINE
  5
46D
330
70
100
AcDbEntity
  8
A-DETL
100
AcDbLine
 10
9140.489077719889
 20
2290.789073634206
 30
0.0
 11
9185.215432564008
 21
2200.789073634207
 31
0.0
1001
REVIT
1002
{
1070
     1
1000
2417108
1002
}
1002
{
1070
     2
1000
-2000051
1002
}
1002
{
1070
     3
1000
2107288
1002
}
  0
LINE
  5
46E
330
70
100
AcDbEntity
  8
A-DETL
100
AcDbLine
 10
9803.774046183964
 20
2380.789073634206
 30
0.0
 11
9768.774046183964
 21
2380.789073634206
 31
0.0
1001
REVIT
1002
{
1070
     1
1000
2417109
1002
}
1002
{
1070
     2
1000
-2000051
1002
}
1002
{
1070
     3
1000
2107288
1002
}
  0
HATCH
  5
474
330
70
100
AcDbEntity
  8
A-DETL-GENF
 62
    10
100
AcDbHatch
 10
0.0
 20
0.0
 30
0.0
210
0.0
220
0.0
230
1.0
  2
SOLID
 70
     1
 71
     0
 91
        1
 92
        1
 93
        5
 72
     1
 10
13836.69380695256
 20
2310.298292189129
 11
15131.75616621316
 21
2310.298292189129
 72
     1
 10
15131.75616621316
 20
2310.298292189129
 11
15131.75616621316
 21
2365.498292189145
 72
     1
 10
15131.75616621316
 20
2365.498292189145
 11
12552.44112055664
 21
2365.498292189145
 72
     1
 10
12552.44112055664
 20
2365.498292189145
 11
12552.44112055664
 21
2310.298292189129
 72
     1
 10
12552.44112055664
 20
2310.298292189129
 11
13836.69380695256
 21
2310.298292189129
 97
        0
 75
     0
 76
     1
 98
        1
 10
9819.765898074798
 20
0.0
1001
REVIT
1002
{
1070
     1
1000
2604687
1002
}
1002
{
1070
     5
1000
1943470
1002
}
1002
{
1070
     2
1000
-2002000
1002
}
  0
HATCH
  5
479
330
70
100
AcDbEntity
  8
A-DETL-GENF
 62
     7
100
AcDbHatch
 10
0.0
 20
0.0
 30
0.0
210
0.0
220
0.0
230
1.0
  2
SOLID
 70
     1
 71
     0
 91
        1
 92
        1
 93
        4
 72
     1
 10
13836.69380695256
 20
2365.498292189123
 11
13847.86495462018
 21
2365.498292189123
 72
     1
 10
13847.86495462018
 20
2365.498292189123
 11
13847.86495462018
 21
2415.498292189123
 72
     1
 10
13847.86495462018
 20
2415.498292189123
 11
13836.69380695256
 21
2415.498292189123
 72
     1
 10
13836.69380695256
 20
2415.498292189123
 11
13836.69380695256
 21
2365.498292189123
 97
        0
 75
     0
 76
     1
 98
        1
 10
9819.765898074798
 20
0.0
1001
REVIT
1002
{
1070
     1
1000
2604718
1002
}
1002
{
1070
     5
1000
1363570
1002
}
1002
{
1070
     2
1000
-2002000
1002
}
  0
LINE
  5
47A
330
70
100
AcDbEntity
  8
A-DETL
100
AcDbLine
 10
12552.44112055664
 20
2310.298292189125
 30
0.0
 11
12552.44112055664
 21
1640.11799085398
 31
0.0
1001
REVIT
1002
{
1070
     1
1000
2604669
1002
}
1002
{
1070
     2
1000
-2000051
1002
}
1002
{
1070
     3
1000
2107288
1002
}
  0
LINE
  5
47B
330
70
100
AcDbEntity
  8
A-DETL
100
AcDbLine
 10
11952.09864338489
 20
1590.117990853982
 30
0.0
 11
15731.75616621315
 21
1590.117990853969
 31
0.0
1001
REVIT
1002
{
1070
     1
1000
2604670
1002
}
1002
{
1070
     2
1000
-2000051
1002
}
1002
{
1070
     3
1000
2107288
1002
}
  0
LINE
  5
47C
330
70
100
AcDbEntity
  8
A-DETL
100
AcDbLine
 10
13152.44112055664
 20
2310.298292189121
 30
0.0
 11
13152.44112055664
 21
1640.117990853978
 31
0.0
1001
REVIT
1002
{
1070
     1
1000
2604676
1002
}
1002
{
1070
     2
1000
-2000051
1002
}
1002
{
1070
     3
1000
2107288
1002
}
  0
LINE
  5
47D
330
70
100
AcDbEntity
  8
A-DETL
100
AcDbLine
 10
13752.44112055664
 20
2310.298292189118
 30
0.0
 11
13752.44112055664
 21
1640.117990853976
 31
0.0
1001
REVIT
1002
{
1070
     1
1000
2604678
1002
}
1002
{
1070
     2
1000
-2000051
1002
}
1002
{
1070
     3
1000
2107288
1002
}
  0
LINE
  5
47E
330
70
100
AcDbEntity
  8
A-DETL
100
AcDbLine
 10
14442.09864338489
 20
2310.298292189115
 30
0.0
 11
14442.09864338489
 21
1640.117990853973
 31
0.0
1001
REVIT
1002
{
1070
     1
1000
2604680
1002
}
1002
{
1070
     2
1000
-2000051
1002
}
1002
{
1070
     3
1000
2107288
1002
}
  0
LINE
  5
47F
330
70
100
AcDbEntity
  8
A-DETL
100
AcDbLine
 10
15042.09864338489
 20
2310.298292189112
 30
0.0
 11
15042.09864338489
 21
1640.117990853971
 31
0.0
1001
REVIT
1002
{
1070
     1
1000
2604682
1002
}
1002
{
1070
     2
1000
-2000051
1002
}
1002
{
1070
     3
1000
2107288
1002
}
  0
LINE
  5
480
330
70
100
AcDbEntity
  8
A-DETL
100
AcDbLine
 10
12042.09864338489
 20
2365.498292189124
 30
0.0
 11
12552.44112055664
 21
2365.498292189123
 31
0.0
1001
REVIT
1002
{
1070
     1
1000
2604684
1002
}
1002
{
1070
     2
1000
-2000051
1002
}
1002
{
1070
     3
1000
2107288
1002
}
  0
LINE
  5
481
330
70
100
AcDbEntity
  8
A-DETL
100
AcDbLine
 10
15131.75616621315
 20
2365.498292189115
 30
0.0
 11
15428.04267955672
 21
2365.498292189114
 31
0.0
1001
REVIT
1002
{
1070
     1
1000
2604684
1002
}
1002
{
1070
     2
1000
-2000051
1002
}
1002
{
1070
     3
1000
2107288
1002
}
  0
LINE
  5
482
330
70
100
AcDbEntity
  8
A-DETL
100
AcDbLine
 10
11952.09864338489
 20
2415.498292189129
 30
0.0
 11
11952.09864338489
 21
2365.498292189129
 31
0.0
1001
REVIT
1002
{
1070
     1
1000
2604692
1002
}
1002
{
1070
     2
1000
-2000051
1002
}
1002
{
1070
     3
1000
2107288
1002
}
  0
LINE
  5
483
330
70
100
AcDbEntity
  8
A-DETL
100
AcDbLine
 10
11952.09864338489
 20
1640.117990853982
 30
0.0
 11
11952.09864338489
 21
1590.117990853982
 31
0.0
1001
REVIT
1002
{
1070
     1
1000
2604692
1002
}
1002
{
1070
     2
1000
-2000051
1002
}
1002
{
1070
     3
1000
2107288
1002
}
  0
LINE
  5
484
330
70
100
AcDbEntity
  8
A-DETL
100
AcDbLine
 10
13842.09864338489
 20
2310.298292189118
 30
0.0
 11
13842.09864338489
 21
1640.117990853975
 31
0.0
1001
REVIT
1002
{
1070
     1
1000
2604725
1002
}
1002
{
1070
     2
1000
-2000051
1002
}
1002
{
1070
     3
1000
2107288
1002
}
  0
LINE
  5
485
330
70
100
AcDbEntity
  8
A-DETL
100
AcDbLine
 10
15642.09864338489
 20
2365.49829218911
 30
0.0
 11
15642.09864338489
 21
1640.117990853969
 31
0.0
1001
REVIT
1002
{
1070
     1
1000
2604743
1002
}
1002
{
1070
     2
1000
-2000051
1002
}
1002
{
1070
     3
1000
2107288
1002
}
  0
LINE
  5
486
330
70
100
AcDbEntity
  8
A-DETL
100
AcDbLine
 10
15131.75616621315
 20
2365.498292189141
 30
0.0
 11
13847.86495462018
 21
2365.498292189141
 31
0.0
1001
REVIT
1002
{
1070
     1
1000
2604687
1002
}
1002
{
1070
     5
1000
1943470
1002
}
1002
{
1070
     2
1000
-2000051
1002
}
1002
{
1070
     3
1000
1933725
1002
}
  0
LINE
  5
487
330
70
100
AcDbEntity
  8
A-DETL
100
AcDbLine
 10
13836.69380695255
 20
2365.498292189141
 30
0.0
 11
12552.44112055664
 21
2365.498292189141
 31
0.0
1001
REVIT
1002
{
1070
     1
1000
2604687
1002
}
1002
{
1070
     5
1000
1943470
1002
}
1002
{
1070
     2
1000
-2000051
1002
}
1002
{
1070
     3
1000
1933725
1002
}
  0
LINE
  5
488
330
70
100
AcDbEntity
  8
A-DETL
100
AcDbLine
 10
12552.44112055664
 20
2365.498292189141
 30
0.0
 11
12552.44112055664
 21
2310.298292189126
 31
0.0
1001
REVIT
1002
{
1070
     1
1000
2604687
1002
}
1002
{
1070
     5
1000
1943470
1002
}
1002
{
1070
     2
1000
-2000051
1002
}
1002
{
1070
     3
1000
1933725
1002
}
  0
LINE
  5
489
330
70
100
AcDbEntity
  8
A-DETL
100
AcDbLine
 10
12552.44112055664
 20
2310.298292189126
 30
0.0
 11
15131.75616621315
 21
2310.298292189126
 31
0.0
1001
REVIT
1002
{
1070
     1
1000
2604687
1002
}
1002
{
1070
     5
1000
1943470
1002
}
1002
{
1070
     2
1000
-2000051
1002
}
1002
{
1070
     3
1000
1933725
1002
}
  0
LINE
  5
48A
330
70
100
AcDbEntity
  8
A-DETL
100
AcDbLine
 10
15131.75616621315
 20
2310.298292189126
 30
0.0
 11
15131.75616621315
 21
2365.498292189141
 31
0.0
1001
REVIT
1002
{
1070
     1
1000
2604687
1002
}
1002
{
1070
     5
1000
1943470
1002
}
1002
{
1070
     2
1000
-2000051
1002
}
1002
{
1070
     3
1000
1933725
1002
}
  0
LINE
  5
48B
330
70
100
AcDbEntity
  8
A-DETL
100
AcDbLine
 10
11952.09864338489
 20
2365.498292189129
 30
0.0
 11
11952.09864338489
 21
1640.117990853982
 31
0.0
1001
REVIT
1002
{
1070
     1
1000
2604695
1002
}
1002
{
1070
     5
1000
2204664
1002
}
1002
{
1070
     2
1000
-2000051
1002
}
1002
{
1070
     3
1000
2107288
1002
}
  0
LINE
  5
48C
330
70
100
AcDbEntity
  8
A-DETL
100
AcDbLine
 10
11952.09864338489
 20
1640.117990853982
 30
0.0
 11
12042.09864338489
 21
1640.117990853982
 31
0.0
1001
REVIT
1002
{
1070
     1
1000
2604695
1002
}
1002
{
1070
     5
1000
2204664
1002
}
1002
{
1070
     2
1000
-2000051
1002
}
1002
{
1070
     3
1000
2107288
1002
}
  0
LINE
  5
48D
330
70
100
AcDbEntity
  8
A-DETL
100
AcDbLine
 10
12042.09864338489
 20
1640.117990853982
 30
0.0
 11
12042.09864338489
 21
2365.498292189128
 31
0.0
1001
REVIT
1002
{
1070
     1
1000
2604695
1002
}
1002
{
1070
     5
1000
2204664
1002
}
1002
{
1070
     2
1000
-2000051
1002
}
1002
{
1070
     3
1000
2107288
1002
}
  0
LINE
  5
48E
330
70
100
AcDbEntity
  8
A-DETL
100
AcDbLine
 10
12042.09864338489
 20
2365.498292189128
 30
0.0
 11
11952.09864338489
 21
2365.498292189129
 31
0.0
1001
REVIT
1002
{
1070
     1
1000
2604695
1002
}
1002
{
1070
     5
1000
2204664
1002
}
1002
{
1070
     2
1000
-2000051
1002
}
1002
{
1070
     3
1000
2107288
1002
}
  0
LINE
  5
490
330
70
100
AcDbEntity
  8
A-DETL-WIDE
100
AcDbLine
 10
13847.86495462018
 20
2415.498292189119
 30
0.0
 11
13836.69380695255
 21
2415.498292189119
 31
0.0
1001
REVIT
1002
{
1070
     1
1000
2604718
1002
}
1002
{
1070
     5
1000
1363570
1002
}
1002
{
1070
     2
1000
-2000051
1002
}
1002
{
1070
     3
1000
-2000044
1002
}
  0
LINE
  5
491
330
70
100
AcDbEntity
  8
A-DETL-WIDE
100
AcDbLine
 10
13836.69380695255
 20
2415.498292189119
 30
0.0
 11
13836.69380695255
 21
2365.498292189119
 31
0.0
1001
REVIT
1002
{
1070
     1
1000
2604718
1002
}
1002
{
1070
     5
1000
1363570
1002
}
1002
{
1070
     2
1000
-2000051
1002
}
1002
{
1070
     3
1000
-2000044
1002
}
  0
LINE
  5
492
330
70
100
AcDbEntity
  8
A-DETL-WIDE
100
AcDbLine
 10
13836.69380695255
 20
2365.498292189119
 30
0.0
 11
13847.86495462018
 21
2365.498292189119
 31
0.0
1001
REVIT
1002
{
1070
     1
1000
2604718
1002
}
1002
{
1070
     5
1000
1363570
1002
}
1002
{
1070
     2
1000
-2000051
1002
}
1002
{
1070
     3
1000
-2000044
1002
}
  0
LINE
  5
493
330
70
100
AcDbEntity
  8
A-DETL-WIDE
100
AcDbLine
 10
13847.86495462018
 20
2365.498292189119
 30
0.0
 11
13847.86495462018
 21
2415.498292189119
 31
0.0
1001
REVIT
1002
{
1070
     1
1000
2604718
1002
}
1002
{
1070
     5
1000
1363570
1002
}
1002
{
1070
     2
1000
-2000051
1002
}
1002
{
1070
     3
1000
-2000044
1002
}
  0
LINE
  5
494
330
70
100
AcDbEntity
  8
A-DETL
100
AcDbLine
 10
15731.75616621315
 20
2415.49829218911
 30
0.0
 11
11952.09864338489
 21
2415.498292189129
 31
0.0
1001
REVIT
1002
{
1070
     1
1000
2604671
1002
}
1002
{
1070
     2
1000
-2000051
1002
}
1002
{
1070
     3
1000
2107288
1002
}
  0
LINE
  5
495
330
70
100
AcDbEntity
  8
A-DETL
100
AcDbLine
 10
15731.75616621315
 20
2365.49829218911
 30
0.0
 11
12172.4046072131
 21
2365.498292189127
 31
0.0
1001
REVIT
1002
{
1070
     1
1000
2604672
1002
}
1002
{
1070
     2
1000
-2000051
1002
}
1002
{
1070
     3
1000
2107288
1002
}
  0
LINE
  5
496
330
70
100
AcDbEntity
  8
A-DETL
100
AcDbLine
 10
15131.75616621315
 20
2365.498292189113
 30
0.0
 11
15131.75616621315
 21
2310.298292189111
 31
0.0
1001
REVIT
1002
{
1070
     1
1000
2604673
1002
}
1002
{
1070
     2
1000
-2000051
1002
}
1002
{
1070
     3
1000
2107288
1002
}
  0
LINE
  5
497
330
70
100
AcDbEntity
  8
A-DETL
100
AcDbLine
 10
12642.09864338489
 20
1640.117990853979
 30
0.0
 11
12642.09864338489
 21
2310.298292189125
 31
0.0
1001
REVIT
1002
{
1070
     1
1000
2604674
1002
}
1002
{
1070
     2
1000
-2000051
1002
}
1002
{
1070
     3
1000
2107288
1002
}
  0
LINE
  5
498
330
70
100
AcDbEntity
  8
A-DETL
100
AcDbLine
 10
11952.09864338489
 20
1640.117990853982
 30
0.0
 11
15731.75616621315
 21
1640.117990853969
 31
0.0
1001
REVIT
1002
{
1070
     1
1000
2604675
1002
}
1002
{
1070
     2
1000
-2000051
1002
}
1002
{
1070
     3
1000
2107288
1002
}
  0
LINE
  5
499
330
70
100
AcDbEntity
  8
A-DETL
100
AcDbLine
 10
13242.0986433849
 20
1640.117990853978
 30
0.0
 11
13242.0986433849
 21
2310.298292189121
 31
0.0
1001
REVIT
1002
{
1070
     1
1000
2604677
1002
}
1002
{
1070
     2
1000
-2000051
1002
}
1002
{
1070
     3
1000
2107288
1002
}
  0
LINE
  5
49A
330
70
100
AcDbEntity
  8
A-DETL
100
AcDbLine
 10
13842.09864338489
 20
1650.117990853976
 30
0.0
 11
13842.09864338489
 21
2310.298292189118
 31
0.0
1001
REVIT
1002
{
1070
     1
1000
2604679
1002
}
1002
{
1070
     2
1000
-2000051
1002
}
1002
{
1070
     3
1000
2107288
1002
}
  0
LINE
  5
49B
330
70
100
AcDbEntity
  8
A-DETL
100
AcDbLine
 10
14531.75616621315
 20
1650.117990853974
 30
0.0
 11
14531.75616621315
 21
2310.298292189115
 31
0.0
1001
REVIT
1002
{
1070
     1
1000
2604681
1002
}
1002
{
1070
     2
1000
-2000051
1002
}
1002
{
1070
     3
1000
2107288
1002
}
  0
LINE
  5
49C
330
70
100
AcDbEntity
  8
A-DETL
100
AcDbLine
 10
15131.75616621315
 20
1640.117990853971
 30
0.0
 11
15131.75616621315
 21
2365.498292189114
 31
0.0
1001
REVIT
1002
{
1070
     1
1000
2604683
1002
}
1002
{
1070
     2
1000
-2000051
1002
}
1002
{
1070
     3
1000
2107288
1002
}
  0
LINE
  5
49D
330
70
100
AcDbEntity
  8
A-DETL
100
AcDbLine
 10
12041.75616621315
 20
2315.517990853984
 30
0.0
 11
12041.75616621315
 21
2365.498292189124
 31
0.0
1001
REVIT
1002
{
1070
     1
1000
2604700
1002
}
1002
{
1070
     2
1000
-2000051
1002
}
1002
{
1070
     3
1000
2107288
1002
}
  0
LINE
  5
49E
330
70
100
AcDbEntity
  8
A-DETL
100
AcDbLine
 10
12042.09864338489
 20
1770.117990853984
 30
0.0
 11
12080.09864338489
 21
1770.117990853984
 31
0.0
1001
REVIT
1002
{
1070
     1
1000
2604706
1002
}
1002
{
1070
     2
1000
-2000051
1002
}
1002
{
1070
     3
1000
2107288
1002
}
  0
LINE
  5
49F
330
70
100
AcDbEntity
  8
A-DETL
100
AcDbLine
 10
12080.09864338489
 20
1770.117990853984
 30
0.0
 11
12080.09864338489
 21
1640.117990853982
 31
0.0
1001
REVIT
1002
{
1070
     1
1000
2604707
1002
}
1002
{
1070
     2
1000
-2000051
1002
}
1002
{
1070
     3
1000
2107288
1002
}
  0
LINE
  5
4A0
330
70
100
AcDbEntity
  8
A-DETL
100
AcDbLine
 10
12042.09864338489
 20
1770.117990853984
 30
0.0
 11
12080.09864338489
 21
1640.117990853982
 31
0.0
1001
REVIT
1002
{
1070
     1
1000
2604708
1002
}
1002
{
1070
     2
1000
-2000051
1002
}
1002
{
1070
     3
1000
2107288
1002
}
  0
LINE
  5
4A1
330
70
100
AcDbEntity
  8
A-DETL
100
AcDbLine
 10
12042.09864338489
 20
1640.117990853982
 30
0.0
 11
12080.09864338489
 21
1770.117990853984
 31
0.0
1001
REVIT
1002
{
1070
     1
1000
2604709
1002
}
1002
{
1070
     2
1000
-2000051
1002
}
1002
{
1070
     3
1000
2107288
1002
}
  0
LINE
  5
4A2
330
70
100
AcDbEntity
  8
A-DETL
100
AcDbLine
 10
11952.09864338489
 20
1640.117990853982
 30
0.0
 11
11952.09864338489
 21
1590.117990853982
 31
0.0
1001
REVIT
1002
{
1070
     1
1000
2604710
1002
}
1002
{
1070
     2
1000
-2000051
1002
}
1002
{
1070
     3
1000
2107288
1002
}
  0
LINE
  5
4A3
330
70
100
AcDbEntity
  8
A-DETL
100
AcDbLine
 10
12642.09864338489
 20
1770.117990853982
 30
0.0
 11
12680.0986433849
 21
1770.117990853981
 31
0.0
1001
REVIT
1002
{
1070
     1
1000
2604711
1002
}
1002
{
1070
     2
1000
-2000051
1002
}
1002
{
1070
     3
1000
2107288
1002
}
  0
LINE
  5
4A4
330
70
100
AcDbEntity
  8
A-DETL
100
AcDbLine
 10
12680.0986433849
 20
1770.117990853981
 30
0.0
 11
12680.09864338489
 21
1640.117990853979
 31
0.0
1001
REVIT
1002
{
1070
     1
1000
2604712
1002
}
1002
{
1070
     2
1000
-2000051
1002
}
1002
{
1070
     3
1000
2107288
1002
}
  0
LINE
  5
4A5
330
70
100
AcDbEntity
  8
A-DETL
100
AcDbLine
 10
12642.09864338489
 20
1770.117990853985
 30
0.0
 11
12680.0986433849
 21
1640.117990853979
 31
0.0
1001
REVIT
1002
{
1070
     1
1000
2604713
1002
}
1002
{
1070
     2
1000
-2000051
1002
}
1002
{
1070
     3
1000
2107288
1002
}
  0
LINE
  5
4A6
330
70
100
AcDbEntity
  8
A-DETL
100
AcDbLine
 10
12642.09864338489
 20
1640.117990853979
 30
0.0
 11
12680.0986433849
 21
1770.117990853981
 31
0.0
1001
REVIT
1002
{
1070
     1
1000
2604714
1002
}
1002
{
1070
     2
1000
-2000051
1002
}
1002
{
1070
     3
1000
2107288
1002
}
  0
LINE
  5
4A7
330
70
100
AcDbEntity
  8
A-DETL
100
AcDbLine
 10
13842.09864338489
 20
2415.498292189119
 30
0.0
 11
13842.09864338489
 21
2365.498292189119
 31
0.0
1001
REVIT
1002
{
1070
     1
1000
2604715
1002
}
1002
{
1070
     2
1000
-2000051
1002
}
1002
{
1070
     3
1000
2107288
1002
}
  0
LINE
  5
4A8
330
70
100
AcDbEntity
  8
A-DETL
100
AcDbLine
 10
13931.75616621315
 20
1640.117990853975
 30
0.0
 11
13931.75616621315
 21
2310.298292189118
 31
0.0
1001
REVIT
1002
{
1070
     1
1000
2604726
1002
}
1002
{
1070
     2
1000
-2000051
1002
}
1002
{
1070
     3
1000
2107288
1002
}
  0
LINE
  5
4A9
330
70
100
AcDbEntity
  8
A-DETL
100
AcDbLine
 10
13242.0986433849
 20
1770.11799085398
 30
0.0
 11
13280.0986433849
 21
1770.11799085398
 31
0.0
1001
REVIT
1002
{
1070
     1
1000
2604727
1002
}
1002
{
1070
     2
1000
-2000051
1002
}
1002
{
1070
     3
1000
2107288
1002
}
  0
LINE
  5
4AA
330
70
100
AcDbEntity
  8
A-DETL
100
AcDbLine
 10
13280.0986433849
 20
1770.11799085398
 30
0.0
 11
13280.0986433849
 21
1640.117990853977
 31
0.0
1001
REVIT
1002
{
1070
     1
1000
2604728
1002
}
1002
{
1070
     2
1000
-2000051
1002
}
1002
{
1070
     3
1000
2107288
1002
}
  0
LINE
  5
4AB
330
70
100
AcDbEntity
  8
A-DETL
100
AcDbLine
 10
13242.0986433849
 20
1770.117990853984
 30
0.0
 11
13280.0986433849
 21
1640.117990853977
 31
0.0
1001
REVIT
1002
{
1070
     1
1000
2604729
1002
}
1002
{
1070
     2
1000
-2000051
1002
}
1002
{
1070
     3
1000
2107288
1002
}
  0
LINE
  5
4AC
330
70
100
AcDbEntity
  8
A-DETL
100
AcDbLine
 10
13242.0986433849
 20
1640.117990853978
 30
0.0
 11
13280.0986433849
 21
1770.11799085398
 31
0.0
1001
REVIT
1002
{
1070
     1
1000
2604730
1002
}
1002
{
1070
     2
1000
-2000051
1002
}
1002
{
1070
     3
1000
2107288
1002
}
  0
LINE
  5
4AD
330
70
100
AcDbEntity
  8
A-DETL
100
AcDbLine
 10
13931.75616621315
 20
1770.117990853978
 30
0.0
 11
13969.75616621315
 21
1770.117990853978
 31
0.0
1001
REVIT
1002
{
1070
     1
1000
2604731
1002
}
1002
{
1070
     2
1000
-2000051
1002
}
1002
{
1070
     3
1000
2107288
1002
}
  0
LINE
  5
4AE
330
70
100
AcDbEntity
  8
A-DETL
100
AcDbLine
 10
13969.75616621315
 20
1770.117990853978
 30
0.0
 11
13969.75616621315
 21
1640.117990853975
 31
0.0
1001
REVIT
1002
{
1070
     1
1000
2604732
1002
}
1002
{
1070
     2
1000
-2000051
1002
}
1002
{
1070
     3
1000
2107288
1002
}
  0
LINE
  5
4AF
330
70
100
AcDbEntity
  8
A-DETL
100
AcDbLine
 10
13931.75616621315
 20
1770.117990853982
 30
0.0
 11
13969.75616621315
 21
1640.117990853975
 31
0.0
1001
REVIT
1002
{
1070
     1
1000
2604733
1002
}
1002
{
1070
     2
1000
-2000051
1002
}
1002
{
1070
     3
1000
2107288
1002
}
  0
LINE
  5
4B0
330
70
100
AcDbEntity
  8
A-DETL
100
AcDbLine
 10
13931.75616621315
 20
1640.117990853975
 30
0.0
 11
13969.75616621315
 21
1770.117990853978
 31
0.0
1001
REVIT
1002
{
1070
     1
1000
2604734
1002
}
1002
{
1070
     2
1000
-2000051
1002
}
1002
{
1070
     3
1000
2107288
1002
}
  0
LINE
  5
4B1
330
70
100
AcDbEntity
  8
A-DETL
100
AcDbLine
 10
14531.75616621315
 20
1770.117990853976
 30
0.0
 11
14569.75616621315
 21
1770.117990853975
 31
0.0
1001
REVIT
1002
{
1070
     1
1000
2604735
1002
}
1002
{
1070
     2
1000
-2000051
1002
}
1002
{
1070
     3
1000
2107288
1002
}
  0
LINE
  5
4B2
330
70
100
AcDbEntity
  8
A-DETL
100
AcDbLine
 10
14569.75616621315
 20
1770.117990853975
 30
0.0
 11
14569.75616621315
 21
1640.117990853973
 31
0.0
1001
REVIT
1002
{
1070
     1
1000
2604736
1002
}
1002
{
1070
     2
1000
-2000051
1002
}
1002
{
1070
     3
1000
2107288
1002
}
  0
LINE
  5
4B3
330
70
100
AcDbEntity
  8
A-DETL
100
AcDbLine
 10
14531.75616621315
 20
1770.117990853979
 30
0.0
 11
14569.75616621315
 21
1640.117990853973
 31
0.0
1001
REVIT
1002
{
1070
     1
1000
2604737
1002
}
1002
{
1070
     2
1000
-2000051
1002
}
1002
{
1070
     3
1000
2107288
1002
}
  0
LINE
  5
4B4
330
70
100
AcDbEntity
  8
A-DETL
100
AcDbLine
 10
14531.75616621315
 20
1640.117990853973
 30
0.0
 11
14569.75616621315
 21
1770.117990853975
 31
0.0
1001
REVIT
1002
{
1070
     1
1000
2604738
1002
}
1002
{
1070
     2
1000
-2000051
1002
}
1002
{
1070
     3
1000
2107288
1002
}
  0
LINE
  5
4B5
330
70
100
AcDbEntity
  8
A-DETL
100
AcDbLine
 10
15131.75616621315
 20
1770.117990853974
 30
0.0
 11
15169.75616621315
 21
1770.117990853974
 31
0.0
1001
REVIT
1002
{
1070
     1
1000
2604739
1002
}
1002
{
1070
     2
1000
-2000051
1002
}
1002
{
1070
     3
1000
2107288
1002
}
  0
LINE
  5
4B6
330
70
100
AcDbEntity
  8
A-DETL
100
AcDbLine
 10
15169.75616621315
 20
1770.117990853974
 30
0.0
 11
15169.75616621315
 21
1640.117990853971
 31
0.0
1001
REVIT
1002
{
1070
     1
1000
2604740
1002
}
1002
{
1070
     2
1000
-2000051
1002
}
1002
{
1070
     3
1000
2107288
1002
}
  0
LINE
  5
4B7
330
70
100
AcDbEntity
  8
A-DETL
100
AcDbLine
 10
15131.75616621315
 20
1770.117990853978
 30
0.0
 11
15169.75616621316
 21
1640.117990853971
 31
0.0
1001
REVIT
1002
{
1070
     1
1000
2604741
1002
}
1002
{
1070
     2
1000
-2000051
1002
}
1002
{
1070
     3
1000
2107288
1002
}
  0
LINE
  5
4B8
330
70
100
AcDbEntity
  8
A-DETL
100
AcDbLine
 10
15131.75616621315
 20
1640.117990853971
 30
0.0
 11
15169.75616621315
 21
1770.117990853974
 31
0.0
1001
REVIT
1002
{
1070
     1
1000
2604742
1002
}
1002
{
1070
     2
1000
-2000051
1002
}
1002
{
1070
     3
1000
2107288
1002
}
  0
LINE
  5
4B9
330
70
100
AcDbEntity
  8
A-DETL
100
AcDbLine
 10
15731.75616621315
 20
1590.117990853969
 30
0.0
 11
15731.75616621315
 21
2415.49829218911
 31
0.0
1001
REVIT
1002
{
1070
     1
1000
2604744
1002
}
1002
{
1070
     2
1000
-2000051
1002
}
1002
{
1070
     3
1000
2107288
1002
}
  0
LINE
  5
4BB
330
70
100
AcDbEntity
  8
G-ANNO-TEXT
 62
   250
100
AcDbLine
 10
3870.10137019932
 20
3223.847714014872
 30
0.0
 11
3886.288457651929
 21
3249.412872764829
 31
0.0
1001
REVIT
1002
{
1070
     1
1000
2205736
1002
}
1002
{
1070
     5
1000
2108174
1002
}
1002
{
1070
     2
1000
-2000300
1002
}
  0
LINE
  5
4BC
330
70
100
AcDbEntity
  8
G-ANNO-TEXT
 62
   250
100
AcDbLine
 10
3886.288457651929
 20
3249.412872764829
 30
0.0
 11
3879.120146046637
 21
3252.731287622111
 31
0.0
1001
REVIT
1002
{
1070
     1
1000
2205736
1002
}
1002
{
1070
     5
1000
2108174
1002
}
1002
{
1070
     2
1000
-2000300
1002
}
  0
LINE
  5
4BD
330
70
100
AcDbEntity
  8
G-ANNO-TEXT
 62
   250
100
AcDbLine
 10
3879.120146046637
 20
3252.731287622111
 30
0.0
 11
3870.10137019932
 21
3223.847714014872
 31
0.0
1001
REVIT
1002
{
1070
     1
1000
2205736
1002
}
1002
{
1070
     5
1000
2108174
1002
}
1002
{
1070
     2
1000
-2000300
1002
}
  0
HATCH
  5
4BE
330
70
100
AcDbEntity
  8
G-ANNO-TEXT
 62
     7
100
AcDbHatch
 10
0.0
 20
0.0
 30
0.0
210
0.0
220
0.0
230
1.0
  2
SOLID
 70
     1
 71
     0
 91
        1
 92
        1
 93
        3
 72
     1
 10
3870.10137019932
 20
3223.847714014872
 11
3886.288457651929
 21
3249.412872764829
 72
     1
 10
3886.288457651929
 20
3249.412872764829
 11
3879.120146046637
 21
3252.731287622111
 72
     1
 10
3879.120146046637
 20
3252.731287622111
 11
3870.10137019932
 21
3223.847714014872
 97
        0
 75
     0
 76
     1
 98
        1
 10
0.0
 20
0.0
1001
REVIT
1002
{
1070
     1
1000
2205736
1002
}
1002
{
1070
     5
1000
2108174
1002
}
1002
{
1070
     2
1000
-2000300
1002
}
  0
LINE
  5
4BF
330
70
100
AcDbEntity
  8
G-ANNO-TEXT
 62
   250
100
AcDbLine
 10
3916.656062933743
 20
3324.413363146026
 30
0.0
 11
3993.210755668165
 21
3324.413363146026
 31
0.0
1001
REVIT
1002
{
1070
     1
1000
2205736
1002
}
1002
{
1070
     5
1000
2108174
1002
}
1002
{
1070
     2
1000
-2000300
1002
}
  0
LINE
  5
4C0
330
70
100
AcDbEntity
  8
G-ANNO-TEXT
 62
   250
100
AcDbLine
 10
3870.10137019932
 20
3223.847714014872
 30
0.0
 11
3916.656062933743
 21
3324.413363146026
 31
0.0
1001
REVIT
1002
{
1070
     1
1000
2205736
1002
}
1002
{
1070
     5
1000
2108174
1002
}
1002
{
1070
     2
1000
-2000300
1002
}
  0
MTEXT
  5
4C2
330
70
100
AcDbEntity
  8
G-ANNO-TEXT
 62
     7
100
AcDbMText
 10
4013.210755668165
 20
3336.913363146025
 30
0.0
 40
25.0
 41
303.8395625
 46
0.0
 71
     1
 72
     1
  1
PLASTERBOARD
  7
Calibri
 73
     2
 44
1.0
 90
        3
 63
     9
421
 13158600
 45
1.25
441
        0
1001
REVIT
1002
{
1070
     1
1000
2205736
1002
}
1002
{
1070
     5
1000
2108174
1002
}
1002
{
1070
     2
1000
-2000300
1002
}
  0
LINE
  5
4C3
330
70
100
AcDbEntity
  8
G-ANNO-TEXT
 62
   250
100
AcDbLine
 10
3792.265016046967
 20
3241.230988976561
 30
0.0
 11
3809.79410656796
 21
3265.895338301362
 31
0.0
1001
REVIT
1002
{
1070
     1
1000
2205737
1002
}
1002
{
1070
     5
1000
2108174
1002
}
1002
{
1070
     2
1000
-2000300
1002
}
  0
LINE
  5
4C4
330
70
100
AcDbEntity
  8
G-ANNO-TEXT
 62
   250
100
AcDbLine
 10
3809.79410656796
 20
3265.895338301362
 30
0.0
 11
3802.813213952232
 21
3269.59178344816
 31
0.0
1001
REVIT
1002
{
1070
     1
1000
2205737
1002
}
1002
{
1070
     5
1000
2108174
1002
}
1002
{
1070
     2
1000
-2000300
1002
}
  0
LINE
  5
4C5
330
70
100
AcDbEntity
  8
G-ANNO-TEXT
 62
   250
100
AcDbLine
 10
3802.813213952232
 20
3269.59178344816
 30
0.0
 11
3792.265016046967
 21
3241.230988976561
 31
0.0
1001
REVIT
1002
{
1070
     1
1000
2205737
1002
}
1002
{
1070
     5
1000
2108174
1002
}
1002
{
1070
     2
1000
-2000300
1002
}
  0
HATCH
  5
4C6
330
70
100
AcDbEntity
  8
G-ANNO-TEXT
 62
     7
100
AcDbHatch
 10
0.0
 20
0.0
 30
0.0
210
0.0
220
0.0
230
1.0
  2
SOLID
 70
     1
 71
     0
 91
        1
 92
        1
 93
        3
 72
     1
 10
3792.265016046967
 20
3241.230988976561
 11
3809.79410656796
 21
3265.895338301362
 72
     1
 10
3809.79410656796
 20
3265.895338301362
 11
3802.813213952232
 21
3269.59178344816
 72
     1
 10
3802.813213952232
 20
3269.59178344816
 11
3792.265016046967
 21
3241.230988976561
 97
        0
 75
     0
 76
     1
 98
        1
 10
0.0
 20
0.0
1001
REVIT
1002
{
1070
     1
1000
2205737
1002
}
1002
{
1070
     5
1000
2108174
1002
}
1002
{
1070
     2
1000
-2000300
1002
}
  0
LINE
  5
4C7
330
70
100
AcDbEntity
  8
G-ANNO-TEXT
 62
   250
100
AcDbLine
 10
3884.964314396623
 20
3416.297524967945
 30
0.0
 11
3993.210755668164
 21
3416.297524967944
 31
0.0
1001
REVIT
1002
{
1070
     1
1000
2205737
1002
}
1002
{
1070
     5
1000
2108174
1002
}
1002
{
1070
     2
1000
-2000300
1002
}
  0
LINE
  5
4C8
330
70
100
AcDbEntity
  8
G-ANNO-TEXT
 62
   250
100
AcDbLine
 10
3792.265016046967
 20
3241.230988976561
 30
0.0
 11
3884.964314396623
 21
3416.297524967945
 31
0.0
1001
REVIT
1002
{
1070
     1
1000
2205737
1002
}
1002
{
1070
     5
1000
2108174
1002
}
1002
{
1070
     2
1000
-2000300
1002
}
  0
MTEXT
  5
4C9
330
70
100
AcDbEntity
  8
G-ANNO-TEXT
 62
     7
100
AcDbMText
 10
4013.210755668165
 20
3428.797524967944
 30
0.0
 40
25.0
 41
245.316375
 46
0.0
 71
     1
 72
     1
  1
ARCHITRAVE
  7
Calibri
 73
     2
 44
1.0
 90
        3
 63
     9
421
 13158600
 45
1.25
441
        0
1001
REVIT
1002
{
1070
     1
1000
2205737
1002
}
1002
{
1070
     5
1000
2108174
1002
}
1002
{
1070
     2
1000
-2000300
1002
}
  0
LINE
  5
4CA
330
70
100
AcDbEntity
  8
G-ANNO-TEXT
 62
   250
100
AcDbLine
 10
2030.360158348902
 20
3193.070897527497
 30
0.0
 11
2029.707033348902
 21
3193.070897527497
 31
0.0
1001
REVIT
1002
{
1070
     1
1000
2205738
1002
}
1002
{
1070
     5
1000
2108174
1002
}
1002
{
1070
     2
1000
-2000300
1002
}
  0
LINE
  5
4CB
330
70
100
AcDbEntity
  8
G-ANNO-TEXT
 62
   250
100
AcDbLine
 10
2237.924494551549
 20
3193.070897527497
 30
0.0
 11
2207.924494551549
 21
3197.020472455119
 31
0.0
1001
REVIT
1002
{
1070
     1
1000
2205738
1002
}
1002
{
1070
     5
1000
2108174
1002
}
1002
{
1070
     2
1000
-2000300
1002
}
  0
LINE
  5
4CC
330
70
100
AcDbEntity
  8
G-ANNO-TEXT
 62
   250
100
AcDbLine
 10
2207.924494551549
 20
3197.020472455119
 30
0.0
 11
2207.924494551549
 21
3189.121322599875
 31
0.0
1001
REVIT
1002
{
1070
     1
1000
2205738
1002
}
1002
{
1070
     5
1000
2108174
1002
}
1002
{
1070
     2
1000
-2000300
1002
}
  0
LINE
  5
4CD
330
70
100
AcDbEntity
  8
G-ANNO-TEXT
 62
   250
100
AcDbLine
 10
2207.924494551549
 20
3189.121322599875
 30
0.0
 11
2237.924494551549
 21
3193.070897527497
 31
0.0
1001
REVIT
1002
{
1070
     1
1000
2205738
1002
}
1002
{
1070
     5
1000
2108174
1002
}
1002
{
1070
     2
1000
-2000300
1002
}
  0
HATCH
  5
4CE
330
70
100
AcDbEntity
  8
G-ANNO-TEXT
 62
     7
100
AcDbHatch
 10
0.0
 20
0.0
 30
0.0
210
0.0
220
0.0
230
1.0
  2
SOLID
 70
     1
 71
     0
 91
        1
 92
        1
 93
        3
 72
     1
 10
2237.924494551549
 20
3193.070897527497
 11
2207.924494551549
 21
3197.020472455119
 72
     1
 10
2207.924494551549
 20
3197.020472455119
 11
2207.924494551549
 21
3189.121322599875
 72
     1
 10
2207.924494551549
 20
3189.121322599875
 11
2237.924494551549
 21
3193.070897527497
 97
        0
 75
     0
 76
     1
 98
        1
 10
0.0
 20
0.0
1001
REVIT
1002
{
1070
     1
1000
2205738
1002
}
1002
{
1070
     5
1000
2108174
1002
}
1002
{
1070
     2
1000
-2000300
1002
}
  0
LINE
  5
4CF
330
70
100
AcDbEntity
  8
G-ANNO-TEXT
 62
   250
100
AcDbLine
 10
2237.924494551549
 20
3193.070897527497
 30
0.0
 11
2030.360158348902
 21
3193.070897527497
 31
0.0
1001
REVIT
1002
{
1070
     1
1000
2205738
1002
}
1002
{
1070
     5
1000
2108174
1002
}
1002
{
1070
     2
1000
-2000300
1002
}
  0
MTEXT
  5
4D0
330
70
100
AcDbEntity
  8
G-ANNO-TEXT
 62
     7
100
AcDbMText
 10
1825.160158348902
 20
3205.570897527497
 30
0.0
 40
25.0
 41
223.6708125
 46
0.0
 71
     1
 72
     1
  1
WALL STUD
  7
Calibri
 73
     2
 44
1.0
 90
        3
 63
     9
421
 13158600
 45
1.25
441
        0
1001
REVIT
1002
{
1070
     1
1000
2205738
1002
}
1002
{
1070
     5
1000
2108174
1002
}
1002
{
1070
     2
1000
-2000300
1002
}
  0
LINE
  5
4D1
330
70
100
AcDbEntity
  8
G-ANNO-TEXT
 62
   250
100
AcDbLine
 10
3483.09825327043
 20
3324.413363146026
 30
0.0
 11
3482.383669937097
 21
3324.413363146026
 31
0.0
1001
REVIT
1002
{
1070
     1
1000
2205739
1002
}
1002
{
1070
     5
1000
2108174
1002
}
1002
{
1070
     2
1000
-2000300
1002
}
  0
LINE
  5
4D2
330
70
100
AcDbEntity
  8
G-ANNO-TEXT
 62
   250
100
AcDbLine
 10
3769.947251528243
 20
3164.722957172342
 30
0.0
 11
3753.747588416474
 21
3190.280149059833
 31
0.0
1001
REVIT
1002
{
1070
     1
1000
2205739
1002
}
1002
{
1070
     5
1000
2108174
1002
}
1002
{
1070
     2
1000
-2000300
1002
}
  0
LINE
  5
4D3
330
70
100
AcDbEntity
  8
G-ANNO-TEXT
 62
   250
100
AcDbLine
 10
3753.747588416474
 20
3190.280149059833
 30
0.0
 11
3747.684890551581
 21
3185.216527526325
 31
0.0
1001
REVIT
1002
{
1070
     1
1000
2205739
1002
}
1002
{
1070
     5
1000
2108174
1002
}
1002
{
1070
     2
1000
-2000300
1002
}
  0
LINE
  5
4D4
330
70
100
AcDbEntity
  8
G-ANNO-TEXT
 62
   250
100
AcDbLine
 10
3747.684890551581
 20
3185.216527526325
 30
0.0
 11
3769.947251528243
 21
3164.722957172342
 31
0.0
1001
REVIT
1002
{
1070
     1
1000
2205739
1002
}
1002
{
1070
     5
1000
2108174
1002
}
1002
{
1070
     2
1000
-2000300
1002
}
  0
HATCH
  5
4D5
330
70
100
AcDbEntity
  8
G-ANNO-TEXT
 62
     7
100
AcDbHatch
 10
0.0
 20
0.0
 30
0.0
210
0.0
220
0.0
230
1.0
  2
SOLID
 70
     1
 71
     0
 91
        1
 92
        1
 93
        3
 72
     1
 10
3769.947251528243
 20
3164.722957172342
 11
3753.747588416474
 21
3190.280149059833
 72
     1
 10
3753.747588416474
 20
3190.280149059833
 11
3747.684890551581
 21
3185.216527526325
 72
     1
 10
3747.684890551581
 20
3185.216527526325
 11
3769.947251528243
 21
3164.722957172342
 97
        0
 75
     0
 76
     1
 98
        1
 10
0.0
 20
0.0
1001
REVIT
1002
{
1070
     1
1000
2205739
1002
}
1002
{
1070
     5
1000
2108174
1002
}
1002
{
1070
     2
1000
-2000300
1002
}
  0
LINE
  5
4D6
330
70
100
AcDbEntity
  8
G-ANNO-TEXT
 62
   250
100
AcDbLine
 10
3636.572342139239
 20
3324.413363146026
 30
0.0
 11
3483.09825327043
 21
3324.413363146026
 31
0.0
1001
REVIT
1002
{
1070
     1
1000
2205739
1002
}
1002
{
1070
     5
1000
2108174
1002
}
1002
{
1070
     2
1000
-2000300
1002
}
  0
LINE
  5
4D7
330
70
100
AcDbEntity
  8
G-ANNO-TEXT
 62
   250
100
AcDbLine
 10
3769.947251528243
 20
3164.722957172342
 30
0.0
 11
3636.572342139239
 21
3324.413363146026
 31
0.0
1001
REVIT
1002
{
1070
     1
1000
2205739
1002
}
1002
{
1070
     5
1000
2108174
1002
}
1002
{
1070
     2
1000
-2000300
1002
}
  0
MTEXT
  5
4D8
330
70
100
AcDbEntity
  8
G-ANNO-TEXT
 62
     7
100
AcDbMText
 10
3341.998253270431
 20
3336.913363146025
 30
0.0
 40
25.0
 41
145.907125
 46
0.0
 71
     1
 72
     1
  1
REVEAL
  7
Calibri
 73
     2
 44
1.0
 90
        3
 63
     9
421
 13158600
 45
1.25
441
        0
1001
REVIT
1002
{
1070
     1
1000
2205739
1002
}
1002
{
1070
     5
1000
2108174
1002
}
1002
{
1070
     2
1000
-2000300
1002
}
  0
LINE
  5
4D9
330
70
100
AcDbEntity
  8
G-ANNO-TEXT
 62
   250
100
AcDbLine
 10
3772.775632869114
 20
2970.824207884858
 30
0.0
 11
3768.826057941492
 21
2940.824207884858
 31
0.0
1001
REVIT
1002
{
1070
     1
1000
2205740
1002
}
1002
{
1070
     5
1000
2108174
1002
}
1002
{
1070
     2
1000
-2000300
1002
}
  0
LINE
  5
4DA
330
70
100
AcDbEntity
  8
G-ANNO-TEXT
 62
   250
100
AcDbLine
 10
3768.826057941492
 20
2940.824207884858
 30
0.0
 11
3776.725207796736
 21
2940.824207884858
 31
0.0
1001
REVIT
1002
{
1070
     1
1000
2205740
1002
}
1002
{
1070
     5
1000
2108174
1002
}
1002
{
1070
     2
1000
-2000300
1002
}
  0
LINE
  5
4DB
330
70
100
AcDbEntity
  8
G-ANNO-TEXT
 62
   250
100
AcDbLine
 10
3776.725207796736
 20
2940.824207884858
 30
0.0
 11
3772.775632869114
 21
2970.824207884858
 31
0.0
1001
REVIT
1002
{
1070
     1
1000
2205740
1002
}
1002
{
1070
     5
1000
2108174
1002
}
1002
{
1070
     2
1000
-2000300
1002
}
  0
HATCH
  5
4DC
330
70
100
AcDbEntity
  8
G-ANNO-TEXT
 62
     7
100
AcDbHatch
 10
0.0
 20
0.0
 30
0.0
210
0.0
220
0.0
230
1.0
  2
SOLID
 70
     1
 71
     0
 91
        1
 92
        1
 93
        3
 72
     1
 10
3772.775632869114
 20
2970.824207884858
 11
3768.826057941492
 21
2940.824207884858
 72
     1
 10
3768.826057941492
 20
2940.824207884858
 11
3776.725207796736
 21
2940.824207884858
 72
     1
 10
3776.725207796736
 20
2940.824207884858
 11
3772.775632869114
 21
2970.824207884858
 97
        0
 75
     0
 76
     1
 98
        1
 10
0.0
 20
0.0
1001
REVIT
1002
{
1070
     1
1000
2205740
1002
}
1002
{
1070
     5
1000
2108174
1002
}
1002
{
1070
     2
1000
-2000300
1002
}
  0
LINE
  5
4DD
330
70
100
AcDbEntity
  8
G-ANNO-TEXT
 62
   250
100
AcDbLine
 10
3772.775632869114
 20
2880.298238321458
 30
0.0
 11
3854.163524999175
 21
2880.298238321458
 31
0.0
1001
REVIT
1002
{
1070
     1
1000
2205740
1002
}
1002
{
1070
     5
1000
2108174
1002
}
1002
{
1070
     2
1000
-2000300
1002
}
  0
LINE
  5
4DE
330
70
100
AcDbEntity
  8
G-ANNO-TEXT
 62
   250
100
AcDbLine
 10
3772.775632869114
 20
2970.824207884858
 30
0.0
 11
3772.775632869114
 21
2880.298238321458
 31
0.0
1001
REVIT
1002
{
1070
     1
1000
2205740
1002
}
1002
{
1070
     5
1000
2108174
1002
}
1002
{
1070
     2
1000
-2000300
1002
}
  0
MTEXT
  5
4DF
330
70
100
AcDbEntity
  8
G-ANNO-TEXT
 62
     7
100
AcDbMText
 10
3874.163524999174
 20
2892.798238321457
 30
0.0
 40
25.0
 41
434.514625
 46
0.0
 71
     1
 72
     1
  1
COMPRESSIBLE FOAM 
  7
Calibri
 73
     2
 44
1.0
 90
        3
 63
     9
421
 13158600
 45
1.25
441
        0
1001
REVIT
1002
{
1070
     1
1000
2205740
1002
}
1002
{
1070
     5
1000
2108174
1002
}
1002
{
1070
     2
1000
-2000300
1002
}
  0
MTEXT
  5
4E0
330
70
100
AcDbEntity
  8
G-ANNO-TEXT
 62
     7
100
AcDbMText
 10
3874.163524999174
 20
2845.173238321457
 30
0.0
 40
25.0
 41
255.7383124999999
 46
0.0
 71
     1
 72
     1
  1
JOINT FILLER 
  7
Calibri
 73
     2
 44
1.0
 90
        3
 63
     9
421
 13158600
 45
1.25
441
        0
1001
REVIT
1002
{
1070
     1
1000
2205740
1002
}
1002
{
1070
     5
1000
2108174
1002
}
1002
{
1070
     2
1000
-2000300
1002
}
  0
LINE
  5
4E1
330
70
100
AcDbEntity
  8
G-ANNO-TEXT
 62
   250
100
AcDbLine
 10
2606.826056742011
 20
3324.413363146026
 30
0.0
 11
2606.184390075345
 21
3324.413363146026
 31
0.0
1001
REVIT
1002
{
1070
     1
1000
2205741
1002
}
1002
{
1070
     5
1000
2108174
1002
}
1002
{
1070
     2
1000
-2000300
1002
}
  0
LINE
  5
4E2
330
70
100
AcDbEntity
  8
G-ANNO-TEXT
 62
   250
100
AcDbLine
 10
2932.857715809969
 20
3101.35388313085
 30
0.0
 11
2926.079025499538
 21
3130.843686449696
 31
0.0
1001
REVIT
1002
{
1070
     1
1000
2205741
1002
}
1002
{
1070
     5
1000
2108174
1002
}
1002
{
1070
     2
1000
-2000300
1002
}
  0
LINE
  5
4E3
330
70
100
AcDbEntity
  8
G-ANNO-TEXT
 62
   250
100
AcDbLine
 10
2926.079025499538
 20
3130.843686449696
 30
0.0
 11
2918.677481035463
 21
3128.084391615516
 31
0.0
1001
REVIT
1002
{
1070
     1
1000
2205741
1002
}
1002
{
1070
     5
1000
2108174
1002
}
1002
{
1070
     2
1000
-2000300
1002
}
  0
LINE
  5
4E4
330
70
100
AcDbEntity
  8
G-ANNO-TEXT
 62
   250
100
AcDbLine
 10
2918.677481035463
 20
3128.084391615516
 30
0.0
 11
2932.857715809969
 21
3101.35388313085
 31
0.0
1001
REVIT
1002
{
1070
     1
1000
2205741
1002
}
1002
{
1070
     5
1000
2108174
1002
}
1002
{
1070
     2
1000
-2000300
1002
}
  0
HATCH
  5
4E5
330
70
100
AcDbEntity
  8
G-ANNO-TEXT
 62
     7
100
AcDbHatch
 10
0.0
 20
0.0
 30
0.0
210
0.0
220
0.0
230
1.0
  2
SOLID
 70
     1
 71
     0
 91
        1
 92
        1
 93
        3
 72
     1
 10
2932.857715809969
 20
3101.35388313085
 11
2926.079025499538
 21
3130.843686449696
 72
     1
 10
2926.079025499538
 20
3130.843686449696
 11
2918.677481035463
 21
3128.084391615516
 72
     1
 10
2918.677481035463
 20
3128.084391615516
 11
2932.857715809969
 21
3101.35388313085
 97
        0
 75
     0
 76
     1
 98
        1
 10
0.0
 20
0.0
1001
REVIT
1002
{
1070
     1
1000
2205741
1002
}
1002
{
1070
     5
1000
2108174
1002
}
1002
{
1070
     2
1000
-2000300
1002
}
  0
LINE
  5
4E6
330
70
100
AcDbEntity
  8
G-ANNO-TEXT
 62
   250
100
AcDbLine
 10
2849.701170050096
 20
3324.413363146026
 30
0.0
 11
2606.826056742011
 21
3324.413363146026
 31
0.0
1001
REVIT
1002
{
1070
     1
1000
2205741
1002
}
1002
{
1070
     5
1000
2108174
1002
}
1002
{
1070
     2
1000
-2000300
1002
}
  0
LINE
  5
4E7
330
70
100
AcDbEntity
  8
G-ANNO-TEXT
 62
   250
100
AcDbLine
 10
2932.857715809969
 20
3101.35388313085
 30
0.0
 11
2849.701170050096
 21
3324.413363146026
 31
0.0
1001
REVIT
1002
{
1070
     1
1000
2205741
1002
}
1002
{
1070
     5
1000
2108174
1002
}
1002
{
1070
     2
1000
-2000300
1002
}
  0
MTEXT
  5
4E8
330
70
100
AcDbEntity
  8
G-ANNO-TEXT
 62
     7
100
AcDbMText
 10
2432.726056742011
 20
3336.913363146025
 30
0.0
 40
25.0
 41
185.9915
 46
0.0
 71
     1
 72
     1
  1
WINDOW
  7
Calibri
 73
     2
 44
1.0
 90
        3
 63
     9
421
 13158600
 45
1.25
441
        0
1001
REVIT
1002
{
1070
     1
1000
2205741
1002
}
1002
{
1070
     5
1000
2108174
1002
}
1002
{
1070
     2
1000
-2000300
1002
}
  0
LINE
  5
4E9
330
70
100
AcDbEntity
  8
G-ANNO-TEXT
 62
   250
100
AcDbLine
 10
2552.750734597548
 20
2985.265195541639
 30
0.0
 11
2548.801159669926
 21
2955.26519554164
 31
0.0
1001
REVIT
1002
{
1070
     1
1000
2205815
1002
}
1002
{
1070
     5
1000
2108174
1002
}
1002
{
1070
     2
1000
-2000300
1002
}
  0
LINE
  5
4EA
330
70
100
AcDbEntity
  8
G-ANNO-TEXT
 62
   250
100
AcDbLine
 10
2548.801159669926
 20
2955.26519554164
 30
0.0
 11
2556.70030952517
 21
2955.265195541639
 31
0.0
1001
REVIT
1002
{
1070
     1
1000
2205815
1002
}
1002
{
1070
     5
1000
2108174
1002
}
1002
{
1070
     2
1000
-2000300
1002
}
  0
LINE
  5
4EB
330
70
100
AcDbEntity
  8
G-ANNO-TEXT
 62
   250
100
AcDbLine
 10
2556.70030952517
 20
2955.265195541639
 30
0.0
 11
2552.750734597548
 21
2985.265195541639
 31
0.0
1001
REVIT
1002
{
1070
     1
1000
2205815
1002
}
1002
{
1070
     5
1000
2108174
1002
}
1002
{
1070
     2
1000
-2000300
1002
}
  0
HATCH
  5
4EC
330
70
100
AcDbEntity
  8
G-ANNO-TEXT
 62
     7
100
AcDbHatch
 10
0.0
 20
0.0
 30
0.0
210
0.0
220
0.0
230
1.0
  2
SOLID
 70
     1
 71
     0
 91
        1
 92
        1
 93
        3
 72
     1
 10
2552.750734597548
 20
2985.265195541639
 11
2548.801159669926
 21
2955.26519554164
 72
     1
 10
2548.801159669926
 20
2955.26519554164
 11
2556.70030952517
 21
2955.265195541639
 72
     1
 10
2556.70030952517
 20
2955.265195541639
 11
2552.750734597548
 21
2985.265195541639
 97
        0
 75
     0
 76
     1
 98
        1
 10
0.0
 20
0.0
1001
REVIT
1002
{
1070
     1
1000
2205815
1002
}
1002
{
1070
     5
1000
2108174
1002
}
1002
{
1070
     2
1000
-2000300
1002
}
  0
LINE
  5
4ED
330
70
100
AcDbEntity
  8
G-ANNO-TEXT
 62
   250
100
AcDbLine
 10
2552.750734597547
 20
2880.298238321462
 30
0.0
 11
2452.72605674201
 21
2880.298238321463
 31
0.0
1001
REVIT
1002
{
1070
     1
1000
2205815
1002
}
1002
{
1070
     5
1000
2108174
1002
}
1002
{
1070
     2
1000
-2000300
1002
}
  0
LINE
  5
4EE
330
70
100
AcDbEntity
  8
G-ANNO-TEXT
 62
   250
100
AcDbLine
 10
2552.750734597548
 20
2985.265195541639
 30
0.0
 11
2552.750734597547
 21
2880.298238321462
 31
0.0
1001
REVIT
1002
{
1070
     1
1000
2205815
1002
}
1002
{
1070
     5
1000
2108174
1002
}
1002
{
1070
     2
1000
-2000300
1002
}
  0
MTEXT
  5
4EF
330
70
100
AcDbEntity
  8
G-ANNO-TEXT
 62
     7
100
AcDbMText
 10
2082.998900302913
 20
2892.798238321463
 30
0.0
 40
25.0
 41
424.0926875
 46
0.0
 71
     1
 72
     1
  1
COMPRESSIBLE FOAM 
  7
Calibri
 73
     2
 44
1.0
 90
        3
 63
     9
421
 13158600
 45
1.25
441
        0
1001
REVIT
1002
{
1070
     1
1000
2205815
1002
}
1002
{
1070
     5
1000
2108174
1002
}
1002
{
1070
     2
1000
-2000300
1002
}
  0
MTEXT
  5
4F0
330
70
100
AcDbEntity
  8
G-ANNO-TEXT
 62
     7
100
AcDbMText
 10
2230.504108636246
 20
2845.173238321463
 30
0.0
 40
25.0
 41
245.316375
 46
0.0
 71
     1
 72
     1
  1
JOINT FILLER 
  7
Calibri
 73
     2
 44
1.0
 90
        3
 63
     9
421
 13158600
 45
1.25
441
        0
1001
REVIT
1002
{
1070
     1
1000
2205815
1002
}
1002
{
1070
     5
1000
2108174
1002
}
1002
{
1070
     2
1000
-2000300
1002
}
  0
LINE
  5
4F1
330
70
100
AcDbEntity
  8
G-ANNO-TEXT
 62
   250
100
AcDbLine
 10
2986.864870458959
 20
2970.824207884858
 30
0.0
 11
2994.031346069223
 21
2941.426235685464
 31
0.0
1001
REVIT
1002
{
1070
     1
1000
2205816
1002
}
1002
{
1070
     5
1000
2108174
1002
}
1002
{
1070
     2
1000
-2000300
1002
}
  0
LINE
  5
4F2
330
70
100
AcDbEntity
  8
G-ANNO-TEXT
 62
   250
100
AcDbLine
 10
2994.031346069223
 20
2941.426235685464
 30
0.0
 11
3001.395909426982
 21
2944.282767671134
 31
0.0
1001
REVIT
1002
{
1070
     1
1000
2205816
1002
}
1002
{
1070
     5
1000
2108174
1002
}
1002
{
1070
     2
1000
-2000300
1002
}
  0
LINE
  5
4F3
330
70
100
AcDbEntity
  8
G-ANNO-TEXT
 62
   250
100
AcDbLine
 10
3001.395909426982
 20
2944.282767671134
 30
0.0
 11
2986.864870458959
 21
2970.824207884858
 31
0.0
1001
REVIT
1002
{
1070
     1
1000
2205816
1002
}
1002
{
1070
     5
1000
2108174
1002
}
1002
{
1070
     2
1000
-2000300
1002
}
  0
HATCH
  5
4F4
330
70
100
AcDbEntity
  8
G-ANNO-TEXT
 62
     7
100
AcDbHatch
 10
0.0
 20
0.0
 30
0.0
210
0.0
220
0.0
230
1.0
  2
SOLID
 70
     1
 71
     0
 91
        1
 92
        1
 93
        3
 72
     1
 10
2986.864870458959
 20
2970.824207884858
 11
2994.031346069223
 21
2941.426235685464
 72
     1
 10
2994.031346069223
 20
2941.426235685464
 11
3001.395909426982
 21
2944.282767671134
 72
     1
 10
3001.395909426982
 20
2944.282767671134
 11
2986.864870458959
 21
2970.824207884858
 97
        0
 75
     0
 76
     1
 98
        1
 10
0.0
 20
0.0
1001
REVIT
1002
{
1070
     1
1000
2205816
1002
}
1002
{
1070
     5
1000
2108174
1002
}
1002
{
1070
     2
1000
-2000300
1002
}
  0
LINE
  5
4F5
330
70
100
AcDbEntity
  8
G-ANNO-TEXT
 62
   250
100
AcDbLine
 10
3021.977655159122
 20
2880.298238321458
 30
0.0
 11
3103.365547289184
 21
2880.298238321458
 31
0.0
1001
REVIT
1002
{
1070
     1
1000
2205816
1002
}
1002
{
1070
     5
1000
2108174
1002
}
1002
{
1070
     2
1000
-2000300
1002
}
  0
LINE
  5
4F6
330
70
100
AcDbEntity
  8
G-ANNO-TEXT
 62
   250
100
AcDbLine
 10
2986.864870458959
 20
2970.824207884858
 30
0.0
 11
3021.977655159122
 21
2880.298238321458
 31
0.0
1001
REVIT
1002
{
1070
     1
1000
2205816
1002
}
1002
{
1070
     5
1000
2108174
1002
}
1002
{
1070
     2
1000
-2000300
1002
}
  0
MTEXT
  5
4F7
330
70
100
AcDbEntity
  8
G-ANNO-TEXT
 62
     7
100
AcDbMText
 10
3123.365547289183
 20
2892.798238321457
 30
0.0
 40
25.0
 41
197.215125
 46
0.0
 71
     1
 72
     1
  1
BRICK SILL
  7
Calibri
 73
     2
 44
1.0
 90
        3
 63
     9
421
 13158600
 45
1.25
441
        0
1001
REVIT
1002
{
1070
     1
1000
2205816
1002
}
1002
{
1070
     5
1000
2108174
1002
}
1002
{
1070
     2
1000
-2000300
1002
}
  0
LINE
  5
4F8
330
70
100
AcDbEntity
  8
G-ANNO-TEXT
 62
   250
100
AcDbLine
 10
5296.912464096739
 20
2293.255351135578
 30
0.0
 11
5351.255772711129
 21
2319.886186219683
 31
0.0
1001
REVIT
1002
{
1070
     1
1000
2595497
1002
}
1002
{
1070
     5
1000
2108198
1002
}
1002
{
1070
     2
1000
-2000300
1002
}
  0
LINE
  5
4F9
330
70
100
AcDbEntity
  8
G-ANNO-TEXT
 62
   250
100
AcDbLine
 10
5351.255772711129
 20
2319.886186219683
 30
0.0
 11
5342.511502066624
 21
2333.043845762248
 31
0.0
1001
REVIT
1002
{
1070
     1
1000
2595497
1002
}
1002
{
1070
     5
1000
2108198
1002
}
1002
{
1070
     2
1000
-2000300
1002
}
  0
LINE
  5
4FA
330
70
100
AcDbEntity
  8
G-ANNO-TEXT
 62
   250
100
AcDbLine
 10
5342.511502066624
 20
2333.043845762248
 30
0.0
 11
5296.912464096739
 21
2293.255351135578
 31
0.0
1001
REVIT
1002
{
1070
     1
1000
2595497
1002
}
1002
{
1070
     5
1000
2108198
1002
}
1002
{
1070
     2
1000
-2000300
1002
}
  0
HATCH
  5
4FB
330
70
100
AcDbEntity
  8
G-ANNO-TEXT
 62
     7
100
AcDbHatch
 10
0.0
 20
0.0
 30
0.0
210
0.0
220
0.0
230
1.0
  2
SOLID
 70
     1
 71
     0
 91
        1
 92
        1
 93
        3
 72
     1
 10
5296.912464096739
 20
2293.255351135578
 11
5351.255772711129
 21
2319.886186219683
 72
     1
 10
5351.255772711129
 20
2319.886186219683
 11
5342.511502066624
 21
2333.043845762248
 72
     1
 10
5342.511502066624
 20
2333.043845762248
 11
5296.912464096739
 21
2293.255351135578
 97
        0
 75
     0
 76
     1
 98
        1
 10
3613.751519626893
 20
0.0
1001
REVIT
1002
{
1070
     1
1000
2595497
1002
}
1002
{
1070
     5
1000
2108198
1002
}
1002
{
1070
     2
1000
-2000300
1002
}
  0
LINE
  5
4FC
330
70
100
AcDbEntity
  8
G-ANNO-TEXT
 62
   250
100
AcDbLine
 10
5472.581098418368
 20
2410.000588180931
 30
0.0
 11
5521.960229210305
 21
2410.00058818093
 31
0.0
1001
REVIT
1002
{
1070
     1
1000
2595497
1002
}
1002
{
1070
     5
1000
2108198
1002
}
1002
{
1070
     2
1000
-2000300
1002
}
  0
LINE
  5
4FD
330
70
100
AcDbEntity
  8
G-ANNO-TEXT
 62
   250
100
AcDbLine
 10
5296.912464096739
 20
2293.255351135578
 30
0.0
 11
5472.581098418368
 21
2410.000588180931
 31
0.0
1001
REVIT
1002
{
1070
     1
1000
2595497
1002
}
1002
{
1070
     5
1000
2108198
1002
}
1002
{
1070
     2
1000
-2000300
1002
}
  0
MTEXT
  5
4FF
330
70
100
AcDbEntity
  8
G-ANNO-TEXT
 62
     7
100
AcDbMText
 10
5561.960229210305
 20
2425.000588180929
 30
0.0
 40
30.0
 41
472.995625
 46
0.0
 71
     1
 72
     1
  1
 PARAPET CAPPING 
  7
Calibri_1
 73
     2
 44
1.0
1001
REVIT
1002
{
1070
     1
1000
2595497
1002
}
1002
{
1070
     5
1000
2108198
1002
}
1002
{
1070
     2
1000
-2000300
1002
}
  0
MTEXT
  5
500
330
70
100
AcDbEntity
  8
G-ANNO-TEXT
 62
     7
100
AcDbMText
 10
5561.960229210305
 20
2365.469338180929
 30
0.0
 40
30.0
 41
501.856375
 46
0.0
 71
     1
 72
     1
  1
MINIMUM 5° SLOPE 
  7
Calibri_1
 73
     2
 44
1.0
1001
REVIT
1002
{
1070
     1
1000
2595497
1002
}
1002
{
1070
     5
1000
2108198
1002
}
1002
{
1070
     2
1000
-2000300
1002
}
  0
LINE
  5
501
330
70
100
AcDbEntity
  8
G-ANNO-TEXT
 62
   250
100
AcDbLine
 10
6007.796562416605
 20
2258.528203978124
 30
0.0
 11
5959.997034441973
 21
2258.528203978124
 31
0.0
1001
REVIT
1002
{
1070
     1
1000
2595508
1002
}
1002
{
1070
     5
1000
2108198
1002
}
1002
{
1070
     2
1000
-2000300
1002
}
  0
LINE
  5
502
330
70
100
AcDbEntity
  8
G-ANNO-TEXT
 62
   250
100
AcDbLine
 10
6117.90058361408
 20
2028.497527157715
 30
0.0
 11
6125.799733469323
 21
2088.497527157716
 31
0.0
1001
REVIT
1002
{
1070
     1
1000
2595508
1002
}
1002
{
1070
     5
1000
2108198
1002
}
1002
{
1070
     2
1000
-2000300
1002
}
  0
LINE
  5
503
330
70
100
AcDbEntity
  8
G-ANNO-TEXT
 62
   250
100
AcDbLine
 10
6125.799733469323
 20
2088.497527157716
 30
0.0
 11
6110.001433758835
 21
2088.497527157715
 31
0.0
1001
REVIT
1002
{
1070
     1
1000
2595508
1002
}
1002
{
1070
     5
1000
2108198
1002
}
1002
{
1070
     2
1000
-2000300
1002
}
  0
LINE
  5
504
330
70
100
AcDbEntity
  8
G-ANNO-TEXT
 62
   250
100
AcDbLine
 10
6110.001433758835
 20
2088.497527157715
 30
0.0
 11
6117.90058361408
 21
2028.497527157715
 31
0.0
1001
REVIT
1002
{
1070
     1
1000
2595508
1002
}
1002
{
1070
     5
1000
2108198
1002
}
1002
{
1070
     2
1000
-2000300
1002
}
  0
HATCH
  5
505
330
70
100
AcDbEntity
  8
G-ANNO-TEXT
 62
     7
100
AcDbHatch
 10
0.0
 20
0.0
 30
0.0
210
0.0
220
0.0
230
1.0
  2
SOLID
 70
     1
 71
     0
 91
        1
 92
        1
 93
        3
 72
     1
 10
6117.90058361408
 20
2028.497527157715
 11
6125.799733469324
 21
2088.497527157716
 72
     1
 10
6125.799733469323
 20
2088.497527157716
 11
6110.001433758835
 21
2088.497527157715
 72
     1
 10
6110.001433758835
 20
2088.497527157715
 11
6117.90058361408
 21
2028.497527157715
 97
        0
 75
     0
 76
     1
 98
        1
 10
3613.751519626893
 20
0.0
1001
REVIT
1002
{
1070
     1
1000
2595508
1002
}
1002
{
1070
     5
1000
2108198
1002
}
1002
{
1070
     2
1000
-2000300
1002
}
  0
LINE
  5
506
330
70
100
AcDbEntity
  8
G-ANNO-TEXT
 62
   250
100
AcDbLine
 10
6117.900583614078
 20
2258.528203978127
 30
0.0
 11
6007.796562416605
 21
2258.528203978124
 31
0.0
1001
REVIT
1002
{
1070
     1
1000
2595508
1002
}
1002
{
1070
     5
1000
2108198
1002
}
1002
{
1070
     2
1000
-2000300
1002
}
  0
LINE
  5
507
330
70
100
AcDbEntity
  8
G-ANNO-TEXT
 62
   250
100
AcDbLine
 10
6117.90058361408
 20
2028.497527157715
 30
0.0
 11
6117.900583614078
 21
2258.528203978127
 31
0.0
1001
REVIT
1002
{
1070
     1
1000
2595508
1002
}
1002
{
1070
     5
1000
2108198
1002
}
1002
{
1070
     2
1000
-2000300
1002
}
  0
MTEXT
  5
508
330
70
100
AcDbEntity
  8
G-ANNO-TEXT
 62
     7
100
AcDbMText
 10
5595.88245110864
 20
2273.528203978123
 30
0.0
 40
30.0
 41
392.826875
 46
0.0
 71
     1
 72
     1
  1
ROOF SHEETING
  7
Calibri_1
 73
     2
 44
1.0
1001
REVIT
1002
{
1070
     1
1000
2595508
1002
}
1002
{
1070
     5
1000
2108198
1002
}
1002
{
1070
     2
1000
-2000300
1002
}
  0
MTEXT
  5
509
330
70
100
AcDbEntity
  8
G-ANNO-TEXT
 62
     7
100
AcDbMText
 10
5916.831162070668
 20
1767.269931197965
 30
0.0
 40
30.0
 41
362.3627499999999
 46
0.0
 71
     1
 72
     1
  1
ROOF TRUSSES
  7
Calibri_1
 73
     2
 44
1.0
1001
REVIT
1002
{
1070
     1
1000
2595509
1002
}
1002
{
1070
     5
1000
2108198
1002
}
1002
{
1070
     2
1000
-2000300
1002
}
  0
LINE
  5
50A
330
70
100
AcDbEntity
  8
G-ANNO-TEXT
 62
   250
100
AcDbLine
 10
5781.619971460041
 20
1702.863976572844
 30
0.0
 11
5773.720821604798
 21
1642.863976572844
 31
0.0
1001
REVIT
1002
{
1070
     1
1000
2595510
1002
}
1002
{
1070
     5
1000
2108198
1002
}
1002
{
1070
     2
1000
-2000300
1002
}
  0
LINE
  5
50B
330
70
100
AcDbEntity
  8
G-ANNO-TEXT
 62
   250
100
AcDbLine
 10
5773.720821604798
 20
1642.863976572844
 30
0.0
 11
5789.519121315285
 21
1642.863976572844
 31
0.0
1001
REVIT
1002
{
1070
     1
1000
2595510
1002
}
1002
{
1070
     5
1000
2108198
1002
}
1002
{
1070
     2
1000
-2000300
1002
}
  0
LINE
  5
50C
330
70
100
AcDbEntity
  8
G-ANNO-TEXT
 62
   250
100
AcDbLine
 10
5789.519121315285
 20
1642.863976572844
 30
0.0
 11
5781.619971460041
 21
1702.863976572844
 31
0.0
1001
REVIT
1002
{
1070
     1
1000
2595510
1002
}
1002
{
1070
     5
1000
2108198
1002
}
1002
{
1070
     2
1000
-2000300
1002
}
  0
HATCH
  5
50D
330
70
100
AcDbEntity
  8
G-ANNO-TEXT
 62
     7
100
AcDbHatch
 10
0.0
 20
0.0
 30
0.0
210
0.0
220
0.0
230
1.0
  2
SOLID
 70
     1
 71
     0
 91
        1
 92
        1
 93
        3
 72
     1
 10
5781.619971460041
 20
1702.863976572844
 11
5773.720821604797
 21
1642.863976572844
 72
     1
 10
5773.720821604798
 20
1642.863976572844
 11
5789.519121315286
 21
1642.863976572844
 72
     1
 10
5789.519121315285
 20
1642.863976572844
 11
5781.619971460041
 21
1702.863976572844
 97
        0
 75
     0
 76
     1
 98
        1
 10
3613.751519626893
 20
0.0
1001
REVIT
1002
{
1070
     1
1000
2595510
1002
}
1002
{
1070
     5
1000
2108198
1002
}
1002
{
1070
     2
1000
-2000300
1002
}
  0
LINE
  5
50E
330
70
100
AcDbEntity
  8
G-ANNO-TEXT
 62
   250
100
AcDbLine
 10
5781.619971460043
 20
1570.68507109811
 30
0.0
 11
5859.771947071355
 21
1570.685071098109
 31
0.0
1001
REVIT
1002
{
1070
     1
1000
2595510
1002
}
1002
{
1070
     5
1000
2108198
1002
}
1002
{
1070
     2
1000
-2000300
1002
}
  0
LINE
  5
50F
330
70
100
AcDbEntity
  8
G-ANNO-TEXT
 62
   250
100
AcDbLine
 10
5781.619971460041
 20
1702.863976572844
 30
0.0
 11
5781.619971460043
 21
1570.68507109811
 31
0.0
1001
REVIT
1002
{
1070
     1
1000
2595510
1002
}
1002
{
1070
     5
1000
2108198
1002
}
1002
{
1070
     2
1000
-2000300
1002
}
  0
MTEXT
  5
510
330
70
100
AcDbEntity
  8
G-ANNO-TEXT
 62
     7
100
AcDbMText
 10
5899.771947071355
 20
1585.685071098109
 30
0.0
 40
30.0
 41
371.983
 46
0.0
 71
     1
 72
     1
  1
CEILING LINING
  7
Calibri_1
 73
     2
 44
1.0
1001
REVIT
1002
{
1070
     1
1000
2595510
1002
}
1002
{
1070
     5
1000
2108198
1002
}
1002
{
1070
     2
1000
-2000300
1002
}
  0
LINE
  5
511
330
70
100
AcDbEntity
  8
G-ANNO-TEXT
 62
   250
100
AcDbLine
 10
5410.293229464903
 20
2090.289560939635
 30
0.0
 11
5461.686817903777
 21
2122.244148025234
 31
0.0
1001
REVIT
1002
{
1070
     1
1000
2595522
1002
}
1002
{
1070
     5
1000
2108198
1002
}
1002
{
1070
     2
1000
-2000300
1002
}
  0
LINE
  5
512
330
70
100
AcDbEntity
  8
G-ANNO-TEXT
 62
   250
100
AcDbLine
 10
5461.686817903777
 20
2122.244148025234
 30
0.0
 11
5451.665168127543
 21
2134.456961358159
 31
0.0
1001
REVIT
1002
{
1070
     1
1000
2595522
1002
}
1002
{
1070
     5
1000
2108198
1002
}
1002
{
1070
     2
1000
-2000300
1002
}
  0
LINE
  5
513
330
70
100
AcDbEntity
  8
G-ANNO-TEXT
 62
   250
100
AcDbLine
 10
5451.665168127543
 20
2134.456961358159
 30
0.0
 11
5410.293229464903
 21
2090.289560939635
 31
0.0
1001
REVIT
1002
{
1070
     1
1000
2595522
1002
}
1002
{
1070
     5
1000
2108198
1002
}
1002
{
1070
     2
1000
-2000300
1002
}
  0
HATCH
  5
514
330
70
100
AcDbEntity
  8
G-ANNO-TEXT
 62
     7
100
AcDbHatch
 10
0.0
 20
0.0
 30
0.0
210
0.0
220
0.0
230
1.0
  2
SOLID
 70
     1
 71
     0
 91
        1
 92
        1
 93
        3
 72
     1
 10
5410.293229464903
 20
2090.289560939635
 11
5461.686817903777
 21
2122.244148025234
 72
     1
 10
5461.686817903777
 20
2122.244148025234
 11
5451.665168127543
 21
2134.456961358159
 72
     1
 10
5451.665168127543
 20
2134.456961358159
 11
5410.293229464904
 21
2090.289560939635
 97
        0
 75
     0
 76
     1
 98
        1
 10
3613.751519626893
 20
0.0
1001
REVIT
1002
{
1070
     1
1000
2595522
1002
}
1002
{
1070
     5
1000
2108198
1002
}
1002
{
1070
     2
1000
-2000300
1002
}
  0
LINE
  5
515
330
70
100
AcDbEntity
  8
G-ANNO-TEXT
 62
   250
100
AcDbLine
 10
5472.581098418372
 20
2141.402043456397
 30
0.0
 11
5561.564523687912
 21
2141.402043456396
 31
0.0
1001
REVIT
1002
{
1070
     1
1000
2595522
1002
}
1002
{
1070
     5
1000
2108198
1002
}
1002
{
1070
     2
1000
-2000300
1002
}
  0
LINE
  5
516
330
70
100
AcDbEntity
  8
G-ANNO-TEXT
 62
   250
100
AcDbLine
 10
5410.293229464903
 20
2090.289560939635
 30
0.0
 11
5472.581098418372
 21
2141.402043456397
 31
0.0
1001
REVIT
1002
{
1070
     1
1000
2595522
1002
}
1002
{
1070
     5
1000
2108198
1002
}
1002
{
1070
     2
1000
-2000300
1002
}
  0
MTEXT
  5
517
330
70
100
AcDbEntity
  8
G-ANNO-TEXT
 62
     7
100
AcDbMText
 10
5601.564523687911
 20
2156.402043456396
 30
0.0
 40
30.0
 41
240.50625
 46
0.0
 71
     1
 72
     1
  1
FLASHING
  7
Calibri_1
 73
     2
 44
1.0
1001
REVIT
1002
{
1070
     1
1000
2595522
1002
}
1002
{
1070
     5
1000
2108198
1002
}
1002
{
1070
     2
1000
-2000300
1002
}
  0
MTEXT
  5
518
330
70
100
AcDbEntity
  8
G-ANNO-TEXT
 62
     7
100
AcDbMText
 10
7989.192569182615
 20
2922.203435508059
 30
0.0
 40
30.0
 41
452.1517499999999
 46
0.0
 71
     1
 72
     1
  1
GARAGE RL 32.254
  7
Calibri_1
 73
     2
 44
1.0
1001
REVIT
1002
{
1070
     1
1000
2204421
1002
}
1002
{
1070
     5
1000
2108198
1002
}
1002
{
1070
     2
1000
-2000300
1002
}
  0
MTEXT
  5
519
330
70
100
AcDbEntity
  8
G-ANNO-TEXT
 62
     7
100
AcDbMText
 10
6831.528917581327
 20
2922.203435508059
 30
0.0
 40
30.0
 41
261.350125
 46
0.0
 71
     1
 72
     1
  1
DRIVEWAY
  7
Calibri_1
 73
     2
 44
1.0
1001
REVIT
1002
{
1070
     1
1000
2204490
1002
}
1002
{
1070
     5
1000
2108198
1002
}
1002
{
1070
     2
1000
-2000300
1002
}
  0
DIMENSION
  5
52E
330
70
100
AcDbEntity
  8
A-ANNO-DIMS
100
AcDbDimension
280
     0
  2
DIMBLOCK1-D1 - GARAGE DOOR DETAIL
 10
7821.128142578136
 20
2105.685438572758
 30
0.0
 11
7596.128142578136
 21
2141.054669356303
 31
0.0
 70
    32
 71
     5
 42
449.9999999999991
 73
     0
 74
     0
 75
     0
  3
Diagonal_-_1_5mm_Calibri
100
AcDbAlignedDimension
 13
7371.128142578137
 23
2135.685438572758
 33
0.0
 14
7821.128142578136
 24
2135.685438572758
 34
0.0
100
AcDbRotatedDimension
1001
ACAD
1000
DSTYLE
1002
{
1070
    49
1040
449.9999999999991
1002
}
1001
REVIT
1002
{
1070
     1
1000
2204494
1002
}
1002
{
1070
     5
1000
2204644
1002
}
1002
{
1070
     2
1000
-2000260
1002
}
  0
DIMENSION
  5
54A
330
70
100
AcDbEntity
  8
A-ANNO-DIMS
100
AcDbDimension
280
     0
  2
DIMBLOCK2-D1 - GARAGE DOOR DETAIL
 10
8710.023953960132
 20
2858.837710831413
 30
0.0
 11
8674.654723176585
 21
2558.837710831412
 31
0.0
 70
    32
 71
     5
 42
599.9999999999973
 73
     0
 74
     0
 75
     0
  3
Diagonal_-_1_5mm_Calibri
100
AcDbAlignedDimension
 13
8680.023953960128
 23
2258.837710831415
 33
0.0
 14
8680.023953960128
 24
2858.837710831412
 34
0.0
 50
89.99999999999991
100
AcDbRotatedDimension
1001
ACAD
1000
DSTYLE
1002
{
1070
    49
1040
599.9999999999973
1002
}
1001
REVIT
1002
{
1070
     1
1000
2204495
1002
}
1002
{
1070
     5
1000
2204644
1002
}
1002
{
1070
     2
1000
-2000260
1002
}
  0
DIMENSION
  5
564
330
70
100
AcDbEntity
  8
A-ANNO-DIMS
100
AcDbDimension
280
     0
  2
DIMBLOCK3-D1 - GARAGE DOOR DETAIL
 10
7691.528142578138
 20
3058.324826230594
 30
0.0
 11
7531.528142578138
 21
3093.694057014139
 31
0.0
 70
    32
 71
     5
 42
320.0000000000009
 73
     0
 74
     0
 75
     0
  3
Diagonal_-_1_5mm_Calibri
100
AcDbAlignedDimension
 13
7371.528142578137
 23
3028.324826230594
 33
0.0
 14
7691.528142578138
 24
3028.324826230594
 34
0.0
100
AcDbRotatedDimension
1001
ACAD
1000
DSTYLE
1002
{
1070
    49
1040
320.0000000000009
1002
}
1001
REVIT
1002
{
1070
     1
1000
2204496
1002
}
1002
{
1070
     5
1000
2204644
1002
}
1002
{
1070
     2
1000
-2000260
1002
}
  0
DIMENSION
  5
57E
330
70
100
AcDbEntity
  8
A-ANNO-DIMS
100
AcDbDimension
280
     0
  2
DIMBLOCK4-D1 - GARAGE DOOR DETAIL
 10
7295.859160302593
 20
2858.837710831417
 30
0.0
 11
7260.639929519188
 21
2772.837710831414
 31
0.0
 70
    32
 71
     5
 42
172.0000000000005
 73
     0
 74
     0
 75
     0
  3
Diagonal_-_1_5mm_Calibri
100
AcDbAlignedDimension
 13
7325.859160302589
 23
2686.837710831416
 33
0.0
 14
7325.85916030259
 24
2858.837710831416
 34
0.0
 50
89.99999999999991
100
AcDbRotatedDimension
1001
ACAD
1000
DSTYLE
1002
{
1070
    49
1040
172.0000000000005
1002
}
1001
REVIT
1002
{
1070
     1
1000
2204497
1002
}
1002
{
1070
     5
1000
2204644
1002
}
1002
{
1070
     2
1000
-2000260
1002
}
  0
DIMENSION
  5
598
330
70
100
AcDbEntity
  8
A-ANNO-DIMS
100
AcDbDimension
280
     0
  2
DIMBLOCK5-D1 - GARAGE DOOR DETAIL
 10
7617.323471874624
 20
2858.837710831416
 30
0.0
 11
7581.954241091079
 21
2846.337710831413
 31
0.0
 70
    32
 71
     5
 42
25.00000000000045
 73
     0
 74
     0
 75
     0
  3
Diagonal_-_1_5mm_Calibri
100
AcDbAlignedDimension
 13
7647.323471874621
 23
2833.837710831415
 33
0.0
 14
7647.323471874621
 24
2858.837710831415
 34
0.0
 50
89.99999999999991
100
AcDbRotatedDimension
1001
ACAD
1000
DSTYLE
1002
{
1070
    49
1040
25.00000000000045
1002
}
1001
REVIT
1002
{
1070
     1
1000
2204500
1002
}
1002
{
1070
     5
1000
2204644
1002
}
1002
{
1070
     2
1000
-2000260
1002
}
  0
MTEXT
  5
5A7
330
70
100
AcDbEntity
  8
G-ANNO-TEXT
 62
     7
100
AcDbMText
 10
9956.919481683333
 20
2351.500399427322
 30
0.0
 40
30.0
 41
115.443
 46
0.0
 71
     1
 72
     1
  1
BOX 
  7
Calibri_1
 73
     2
 44
1.0
1001
REVIT
1002
{
1070
     1
1000
2412395
1002
}
1002
{
1070
     5
1000
2108198
1002
}
1002
{
1070
     2
1000
-2000300
1002
}
  0
MTEXT
  5
5A8
330
70
100
AcDbEntity
  8
G-ANNO-TEXT
 62
     7
100
AcDbMText
 10
9918.554898350001
 20
2291.969149427323
 30
0.0
 40
30.0
 41
194.008375
 46
0.0
 71
     1
 72
     1
  1
GUTTER
  7
Calibri_1
 73
     2
 44
1.0
1001
REVIT
1002
{
1070
     1
1000
2412395
1002
}
1002
{
1070
     5
1000
2108198
1002
}
1002
{
1070
     2
1000
-2000300
1002
}
  0
LINE
  5
5A9
330
70
100
AcDbEntity
  8
G-ANNO-TEXT
 62
   250
100
AcDbLine
 10
10209.30329514674
 20
2860.94780087614
 30
0.0
 11
10154.27979754944
 21
2886.143262384018
 31
0.0
1001
REVIT
1002
{
1070
     1
1000
2412396
1002
}
1002
{
1070
     5
1000
2108198
1002
}
1002
{
1070
     2
1000
-2000300
1002
}
  0
LINE
  5
5AA
330
70
100
AcDbEntity
  8
G-ANNO-TEXT
 62
   250
100
AcDbLine
 10
10154.27979754944
 20
2886.143262384018
 30
0.0
 11
10149.63361247637
 21
2871.043618745536
 31
0.0
1001
REVIT
1002
{
1070
     1
1000
2412396
1002
}
1002
{
1070
     5
1000
2108198
1002
}
1002
{
1070
     2
1000
-2000300
1002
}
  0
LINE
  5
5AB
330
70
100
AcDbEntity
  8
G-ANNO-TEXT
 62
   250
100
AcDbLine
 10
10149.63361247637
 20
2871.043618745536
 30
0.0
 11
10209.30329514674
 21
2860.94780087614
 31
0.0
1001
REVIT
1002
{
1070
     1
1000
2412396
1002
}
1002
{
1070
     5
1000
2108198
1002
}
1002
{
1070
     2
1000
-2000300
1002
}
  0
HATCH
  5
5AC
330
70
100
AcDbEntity
  8
G-ANNO-TEXT
 62
     7
100
AcDbHatch
 10
0.0
 20
0.0
 30
0.0
210
0.0
220
0.0
230
1.0
  2
SOLID
 70
     1
 71
     0
 91
        1
 92
        1
 93
        3
 72
     1
 10
10209.30329514674
 20
2860.94780087614
 11
10154.27979754944
 21
2886.143262384018
 72
     1
 10
10154.27979754944
 20
2886.143262384018
 11
10149.63361247637
 21
2871.043618745536
 72
     1
 10
10149.63361247637
 20
2871.043618745536
 11
10209.30329514674
 21
2860.94780087614
 97
        0
 75
     0
 76
     1
 98
        1
 10
6178.741277983271
 20
0.0
1001
REVIT
1002
{
1070
     1
1000
2412396
1002
}
1002
{
1070
     5
1000
2108198
1002
}
1002
{
1070
     2
1000
-2000300
1002
}
  0
LINE
  5
5AD
330
70
100
AcDbEntity
  8
G-ANNO-TEXT
 62
   250
100
AcDbLine
 10
9939.345322085144
 20
2944.014311240609
 30
0.0
 11
9836.043969394876
 21
2944.01431124061
 31
0.0
1001
REVIT
1002
{
1070
     1
1000
2412396
1002
}
1002
{
1070
     5
1000
2108198
1002
}
1002
{
1070
     2
1000
-2000300
1002
}
  0
LINE
  5
5AE
330
70
100
AcDbEntity
  8
G-ANNO-TEXT
 62
   250
100
AcDbLine
 10
10209.30329514674
 20
2860.94780087614
 30
0.0
 11
9939.345322085144
 21
2944.014311240609
 31
0.0
1001
REVIT
1002
{
1070
     1
1000
2412396
1002
}
1002
{
1070
     5
1000
2108198
1002
}
1002
{
1070
     2
1000
-2000300
1002
}
  0
MTEXT
  5
5AF
330
70
100
AcDbEntity
  8
G-ANNO-TEXT
 62
     7
100
AcDbMText
 10
9416.38490512888
 20
2987.212227907278
 30
0.0
 40
30.0
 41
460.168625
 46
0.0
 71
     1
 72
     1
  1
 PARAPET CAPPING 
  7
Calibri_1
 73
     2
 44
1.0
1001
REVIT
1002
{
1070
     1
1000
2412396
1002
}
1002
{
1070
     5
1000
2108198
1002
}
1002
{
1070
     2
1000
-2000300
1002
}
  0
MTEXT
  5
5B0
330
70
100
AcDbEntity
  8
G-ANNO-TEXT
 62
     7
100
AcDbMText
 10
9392.57240512888
 20
2927.680977907278
 30
0.0
 40
30.0
 41
489.029375
 46
0.0
 71
     1
 72
     1
  1
MINIMUM 5° SLOPE 
  7
Calibri_1
 73
     2
 44
1.0
1001
REVIT
1002
{
1070
     1
1000
2412396
1002
}
1002
{
1070
     5
1000
2108198
1002
}
1002
{
1070
     2
1000
-2000300
1002
}
  0
LINE
  5
5B1
330
70
100
AcDbEntity
  8
G-ANNO-TEXT
 62
   250
100
AcDbLine
 10
9505.777120246728
 20
2516.557352153271
 30
0.0
 11
9513.676270101972
 21
2576.557352153271
 31
0.0
1001
REVIT
1002
{
1070
     1
1000
2412406
1002
}
1002
{
1070
     5
1000
2108198
1002
}
1002
{
1070
     2
1000
-2000300
1002
}
  0
LINE
  5
5B2
330
70
100
AcDbEntity
  8
G-ANNO-TEXT
 62
   250
100
AcDbLine
 10
9513.676270101972
 20
2576.557352153271
 30
0.0
 11
9497.877970391484
 21
2576.557352153271
 31
0.0
1001
REVIT
1002
{
1070
     1
1000
2412406
1002
}
1002
{
1070
     5
1000
2108198
1002
}
1002
{
1070
     2
1000
-2000300
1002
}
  0
LINE
  5
5B3
330
70
100
AcDbEntity
  8
G-ANNO-TEXT
 62
   250
100
AcDbLine
 10
9497.877970391484
 20
2576.557352153271
 30
0.0
 11
9505.777120246728
 21
2516.557352153271
 31
0.0
1001
REVIT
1002
{
1070
     1
1000
2412406
1002
}
1002
{
1070
     5
1000
2108198
1002
}
1002
{
1070
     2
1000
-2000300
1002
}
  0
HATCH
  5
5B4
330
70
100
AcDbEntity
  8
G-ANNO-TEXT
 62
     7
100
AcDbHatch
 10
0.0
 20
0.0
 30
0.0
210
0.0
220
0.0
230
1.0
  2
SOLID
 70
     1
 71
     0
 91
        1
 92
        1
 93
        3
 72
     1
 10
9505.777120246728
 20
2516.557352153271
 11
9513.676270101972
 21
2576.557352153271
 72
     1
 10
9513.676270101972
 20
2576.557352153271
 11
9497.877970391484
 21
2576.557352153271
 72
     1
 10
9497.877970391484
 20
2576.557352153271
 11
9505.777120246728
 21
2516.557352153271
 97
        0
 75
     0
 76
     1
 98
        1
 10
6178.741277983271
 20
0.0
1001
REVIT
1002
{
1070
     1
1000
2412406
1002
}
1002
{
1070
     5
1000
2108198
1002
}
1002
{
1070
     2
1000
-2000300
1002
}
  0
LINE
  5
5B5
330
70
100
AcDbEntity
  8
G-ANNO-TEXT
 62
   250
100
AcDbLine
 10
9505.77712024673
 20
2793.27682227616
 30
0.0
 11
9456.655450681792
 21
2793.276822276158
 31
0.0
1001
REVIT
1002
{
1070
     1
1000
2412406
1002
}
1002
{
1070
     5
1000
2108198
1002
}
1002
{
1070
     2
1000
-2000300
1002
}
  0
LINE
  5
5B6
330
70
100
AcDbEntity
  8
G-ANNO-TEXT
 62
   250
100
AcDbLine
 10
9505.777120246728
 20
2516.557352153271
 30
0.0
 11
9505.77712024673
 21
2793.27682227616
 31
0.0
1001
REVIT
1002
{
1070
     1
1000
2412406
1002
}
1002
{
1070
     5
1000
2108198
1002
}
1002
{
1070
     2
1000
-2000300
1002
}
  0
MTEXT
  5
5B7
330
70
100
AcDbEntity
  8
G-ANNO-TEXT
 62
     7
100
AcDbMText
 10
9092.455450681795
 20
2808.27682227616
 30
0.0
 40
30.0
 41
392.826875
 46
0.0
 71
     1
 72
     1
  1
ROOF SHEETING
  7
Calibri_1
 73
     2
 44
1.0
1001
REVIT
1002
{
1070
     1
1000
2412406
1002
}
1002
{
1070
     5
1000
2108198
1002
}
1002
{
1070
     2
1000
-2000300
1002
}
  0
MTEXT
  5
5B8
330
70
100
AcDbEntity
  8
G-ANNO-TEXT
 62
     7
100
AcDbMText
 10
9064.451856605378
 20
2165.588804562226
 30
0.0
 40
30.0
 41
362.3627499999999
 46
0.0
 71
     1
 72
     1
  1
ROOF TRUSSES
  7
Calibri_1
 73
     2
 44
1.0
1001
REVIT
1002
{
1070
     1
1000
2412407
1002
}
1002
{
1070
     5
1000
2108198
1002
}
1002
{
1070
     2
1000
-2000300
1002
}
  0
LINE
  5
5B9
330
70
100
AcDbEntity
  8
G-ANNO-TEXT
 62
   250
100
AcDbLine
 10
9460.306449043472
 20
2105.075616299192
 30
0.0
 11
9452.407299188228
 21
2045.075616299192
 31
0.0
1001
REVIT
1002
{
1070
     1
1000
2412408
1002
}
1002
{
1070
     5
1000
2108198
1002
}
1002
{
1070
     2
1000
-2000300
1002
}
  0
LINE
  5
5BA
330
70
100
AcDbEntity
  8
G-ANNO-TEXT
 62
   250
100
AcDbLine
 10
9452.407299188228
 20
2045.075616299192
 30
0.0
 11
9468.205598898716
 21
2045.075616299191
 31
0.0
1001
REVIT
1002
{
1070
     1
1000
2412408
1002
}
1002
{
1070
     5
1000
2108198
1002
}
1002
{
1070
     2
1000
-2000300
1002
}
  0
LINE
  5
5BB
330
70
100
AcDbEntity
  8
G-ANNO-TEXT
 62
   250
100
AcDbLine
 10
9468.205598898716
 20
2045.075616299191
 30
0.0
 11
9460.306449043472
 21
2105.075616299192
 31
0.0
1001
REVIT
1002
{
1070
     1
1000
2412408
1002
}
1002
{
1070
     5
1000
2108198
1002
}
1002
{
1070
     2
1000
-2000300
1002
}
  0
HATCH
  5
5BC
330
70
100
AcDbEntity
  8
G-ANNO-TEXT
 62
     7
100
AcDbHatch
 10
0.0
 20
0.0
 30
0.0
210
0.0
220
0.0
230
1.0
  2
SOLID
 70
     1
 71
     0
 91
        1
 92
        1
 93
        3
 72
     1
 10
9460.306449043472
 20
2105.075616299192
 11
9452.407299188228
 21
2045.075616299192
 72
     1
 10
9452.407299188228
 20
2045.075616299192
 11
9468.205598898716
 21
2045.075616299191
 72
     1
 10
9468.205598898716
 20
2045.075616299191
 11
9460.306449043474
 21
2105.075616299192
 97
        0
 75
     0
 76
     1
 98
        1
 10
6178.741277983271
 20
0.0
1001
REVIT
1002
{
1070
     1
1000
2412408
1002
}
1002
{
1070
     5
1000
2108198
1002
}
1002
{
1070
     2
1000
-2000300
1002
}
  0
LINE
  5
5BD
330
70
100
AcDbEntity
  8
G-ANNO-TEXT
 62
   250
100
AcDbLine
 10
9460.30644904347
 20
1913.133980411767
 30
0.0
 11
9382.15447343216
 21
1913.133980411767
 31
0.0
1001
REVIT
1002
{
1070
     1
1000
2412408
1002
}
1002
{
1070
     5
1000
2108198
1002
}
1002
{
1070
     2
1000
-2000300
1002
}
  0
LINE
  5
5BE
330
70
100
AcDbEntity
  8
G-ANNO-TEXT
 62
   250
100
AcDbLine
 10
9460.306449043472
 20
2105.075616299192
 30
0.0
 11
9460.30644904347
 21
1913.133980411767
 31
0.0
1001
REVIT
1002
{
1070
     1
1000
2412408
1002
}
1002
{
1070
     5
1000
2108198
1002
}
1002
{
1070
     2
1000
-2000300
1002
}
  0
MTEXT
  5
5BF
330
70
100
AcDbEntity
  8
G-ANNO-TEXT
 62
     7
100
AcDbMText
 10
9035.15447343216
 20
1928.133980411768
 30
0.0
 40
30.0
 41
371.983
 46
0.0
 71
     1
 72
     1
  1
CEILING LINING
  7
Calibri_1
 73
     2
 44
1.0
1001
REVIT
1002
{
1070
     1
1000
2412408
1002
}
1002
{
1070
     5
1000
2108198
1002
}
1002
{
1070
     2
1000
-2000300
1002
}
  0
LINE
  5
5C0
330
70
100
AcDbEntity
  8
G-ANNO-TEXT
 62
   250
100
AcDbLine
 10
9891.244003248821
 20
2577.052080131922
 30
0.0
 11
9889.881503248824
 21
2577.052080131922
 31
0.0
1001
REVIT
1002
{
1070
     1
1000
2412434
1002
}
1002
{
1070
     5
1000
2108198
1002
}
1002
{
1070
     2
1000
-2000300
1002
}
  0
LINE
  5
5C1
330
70
100
AcDbEntity
  8
G-ANNO-TEXT
 62
   250
100
AcDbLine
 10
10210.25483993665
 20
2418.529774726247
 30
0.0
 11
10162.45844841406
 21
2455.649870710163
 31
0.0
1001
REVIT
1002
{
1070
     1
1000
2412434
1002
}
1002
{
1070
     5
1000
2108198
1002
}
1002
{
1070
     2
1000
-2000300
1002
}
  0
LINE
  5
5C2
330
70
100
AcDbEntity
  8
G-ANNO-TEXT
 62
   250
100
AcDbLine
 10
10162.45844841406
 20
2455.649870710163
 30
0.0
 11
10154.47968316489
 21
2442.014417698218
 31
0.0
1001
REVIT
1002
{
1070
     1
1000
2412434
1002
}
1002
{
1070
     5
1000
2108198
1002
}
1002
{
1070
     2
1000
-2000300
1002
}
  0
LINE
  5
5C3
330
70
100
AcDbEntity
  8
G-ANNO-TEXT
 62
   250
100
AcDbLine
 10
10154.47968316489
 20
2442.014417698218
 30
0.0
 11
10210.25483993665
 21
2418.529774726247
 31
0.0
1001
REVIT
1002
{
1070
     1
1000
2412434
1002
}
1002
{
1070
     5
1000
2108198
1002
}
1002
{
1070
     2
1000
-2000300
1002
}
  0
HATCH
  5
5C4
330
70
100
AcDbEntity
  8
G-ANNO-TEXT
 62
     7
100
AcDbHatch
 10
0.0
 20
0.0
 30
0.0
210
0.0
220
0.0
230
1.0
  2
SOLID
 70
     1
 71
     0
 91
        1
 92
        1
 93
        3
 72
     1
 10
10210.25483993665
 20
2418.529774726247
 11
10162.45844841406
 21
2455.649870710163
 72
     1
 10
10162.45844841406
 20
2455.649870710163
 11
10154.47968316489
 21
2442.014417698218
 72
     1
 10
10154.47968316489
 20
2442.014417698218
 11
10210.25483993665
 21
2418.529774726247
 97
        0
 75
     0
 76
     1
 98
        1
 10
6178.741277983271
 20
0.0
1001
REVIT
1002
{
1070
     1
1000
2412434
1002
}
1002
{
1070
     5
1000
2108198
1002
}
1002
{
1070
     2
1000
-2000300
1002
}
  0
LINE
  5
5C5
330
70
100
AcDbEntity
  8
G-ANNO-TEXT
 62
   250
100
AcDbLine
 10
9939.345322085144
 20
2577.052080131921
 30
0.0
 11
9891.244003248821
 21
2577.052080131922
 31
0.0
1001
REVIT
1002
{
1070
     1
1000
2412434
1002
}
1002
{
1070
     5
1000
2108198
1002
}
1002
{
1070
     2
1000
-2000300
1002
}
  0
LINE
  5
5C6
330
70
100
AcDbEntity
  8
G-ANNO-TEXT
 62
   250
100
AcDbLine
 10
10210.25483993665
 20
2418.529774726247
 30
0.0
 11
9939.345322085144
 21
2577.052080131921
 31
0.0
1001
REVIT
1002
{
1070
     1
1000
2412434
1002
}
1002
{
1070
     5
1000
2108198
1002
}
1002
{
1070
     2
1000
-2000300
1002
}
  0
MTEXT
  5
5C7
330
70
100
AcDbEntity
  8
G-ANNO-TEXT
 62
     7
100
AcDbMText
 10
9651.444003248824
 20
2592.052080131922
 30
0.0
 40
30.0
 41
240.50625
 46
0.0
 71
     1
 72
     1
  1
FLASHING
  7
Calibri_1
 73
     2
 44
1.0
1001
REVIT
1002
{
1070
     1
1000
2412434
1002
}
1002
{
1070
     5
1000
2108198
1002
}
1002
{
1070
     2
1000
-2000300
1002
}
  0
DIMENSION
  5
5D6
330
70
100
AcDbEntity
  8
A-ANNO-DIMS
100
AcDbDimension
280
     0
  2
DIMBLOCK6-D3 - BOX GUTTER 2
 10
10595.01134895515
 20
2850.789073634203
 30
0.0
 11
10579.6421181716
 21
2450.789073634202
 31
0.0
 70
    32
 71
     5
 42
799.9999999999955
 73
     0
 74
     0
 75
     0
  3
1_5mm_Calibrii
100
AcDbAlignedDimension
 13
10535.01134895515
 23
2050.789073634206
 33
0.0
 14
10535.01134895515
 24
2850.789073634202
 34
0.0
 50
89.99999999999991
100
AcDbRotatedDimension
1001
ACAD
1000
DSTYLE
1002
{
1070
    49
1040
799.9999999999955
1002
}
1001
REVIT
1002
{
1070
     1
1000
2415371
1002
}
1002
{
1070
     5
1000
2159605
1002
}
1002
{
1070
     2
1000
-2000260
1002
}
  0
DIMENSION
  5
5F3
330
70
100
AcDbEntity
  8
A-ANNO-DIMS
 62
    30
100
AcDbDimension
280
     0
  2
DIMBLOCK7-D4 - TOP PLATE STRENGTHENING
 10
13842.09864338489
 20
2690.930250801918
 30
0.0
 11
13197.26988197077
 21
2722.949481600969
 31
0.0
 70
    32
 71
     5
 42
1289.657522828255
 73
     0
 74
     0
 75
     0
  3
2_5mm_CALIBRI
100
AcDbAlignedDimension
 13
12552.44112055664
 23
2565.930250801918
 33
0.0
 14
13842.09864338489
 24
2565.930250801918
 34
0.0
100
AcDbRotatedDimension
1001
ACAD
1000
DSTYLE
1002
{
1070
    49
1040
1289.657522828255
1002
}
1001
REVIT
1002
{
1070
     1
1000
2604705
1002
}
1002
{
1070
     5
1000
2205518
1002
}
1002
{
1070
     2
1000
-2000260
1002
}
  0
DIMENSION
  5
60D
330
70
100
AcDbEntity
  8
A-ANNO-DIMS
 62
    30
100
AcDbDimension
280
     0
  2
DIMBLOCK8-D4 - TOP PLATE STRENGTHENING
 10
15131.75616621315
 20
2690.930250801918
 30
0.0
 11
14486.92740479902
 21
2722.949481600969
 31
0.0
 70
    32
 71
     5
 42
1289.65752282826
 73
     0
 74
     0
 75
     0
  3
2_5mm_CALIBRI
100
AcDbAlignedDimension
 13
13842.09864338489
 23
2565.930250801918
 33
0.0
 14
15131.75616621315
 24
2565.930250801918
 34
0.0
100
AcDbRotatedDimension
1001
ACAD
1000
DSTYLE
1002
{
1070
    49
1040
1289.65752282826
1002
}
1001
REVIT
1002
{
1070
     1
1000
2604705
1002
}
1002
{
1070
     5
1000
2205518
1002
}
1002
{
1070
     2
1000
-2000260
1002
}
  0
LINE
  5
61A
330
70
100
AcDbEntity
  8
G-ANNO-TEXT
 62
   250
100
AcDbLine
 10
14318.44969562491
 20
1595.923097509915
 30
0.0
 11
14326.77390162497
 21
1518.724882348106
 31
0.0
1001
REVIT
1002
{
1070
     1
1000
2604745
1002
}
1002
{
1070
     5
1000
2604749
1002
}
1002
{
1070
     2
1000
-2000300
1002
}
  0
LINE
  5
61B
330
70
100
AcDbEntity
  8
G-ANNO-TEXT
 62
   250
100
AcDbLine
 10
14326.77390162497
 20
1518.724882348106
 30
0.0
 11
14364.2577770682
 21
1533.229585053
 31
0.0
1001
REVIT
1002
{
1070
     1
1000
2604745
1002
}
1002
{
1070
     5
1000
2604749
1002
}
1002
{
1070
     2
1000
-2000300
1002
}
  0
LINE
  5
61C
330
70
100
AcDbEntity
  8
G-ANNO-TEXT
 62
   250
100
AcDbLine
 10
14364.2577770682
 20
1533.229585053
 30
0.0
 11
14318.44969562491
 21
1595.923097509915
 31
0.0
1001
REVIT
1002
{
1070
     1
1000
2604745
1002
}
1002
{
1070
     5
1000
2604749
1002
}
1002
{
1070
     2
1000
-2000300
1002
}
  0
HATCH
  5
61D
330
70
100
AcDbEntity
  8
G-ANNO-TEXT
 62
     7
100
AcDbHatch
 10
0.0
 20
0.0
 30
0.0
210
0.0
220
0.0
230
1.0
  2
SOLID
 70
     1
 71
     0
 91
        1
 92
        1
 93
        3
 72
     1
 10
14318.44969562491
 20
1595.923097509915
 11
14326.77390162497
 21
1518.724882348106
 72
     1
 10
14326.77390162497
 20
1518.724882348106
 11
14364.2577770682
 21
1533.229585053
 72
     1
 10
14364.2577770682
 20
1533.229585053
 11
14318.44969562491
 21
1595.923097509915
 97
        0
 75
     0
 76
     1
 98
        1
 10
9819.765898074798
 20
0.0
1001
REVIT
1002
{
1070
     1
1000
2604745
1002
}
1002
{
1070
     5
1000
2604749
1002
}
1002
{
1070
     2
1000
-2000300
1002
}
  0
LINE
  5
61E
330
70
100
AcDbEntity
  8
G-ANNO-TEXT
 62
   250
100
AcDbLine
 10
14397.83029564133
 20
1390.78324844422
 30
0.0
 11
14646.0437013297
 21
1390.78324844422
 31
0.0
1001
REVIT
1002
{
1070
     1
1000
2604745
1002
}
1002
{
1070
     5
1000
2604749
1002
}
1002
{
1070
     2
1000
-2000300
1002
}
  0
LINE
  5
61F
330
70
100
AcDbEntity
  8
G-ANNO-TEXT
 62
   250
100
AcDbLine
 10
14318.44969562491
 20
1595.923097509915
 30
0.0
 11
14397.83029564133
 21
1390.78324844422
 31
0.0
1001
REVIT
1002
{
1070
     1
1000
2604745
1002
}
1002
{
1070
     5
1000
2604749
1002
}
1002
{
1070
     2
1000
-2000300
1002
}
  0
MTEXT
  5
621
330
70
100
AcDbEntity
  8
G-ANNO-TEXT
 62
     7
100
AcDbMText
 10
14696.0437013297
 20
1409.53324844422
 30
0.0
 40
37.5
 41
477.0040624999999
 46
0.0
 71
     1
 72
     1
  1
BOTTOM PLATE
  7
Calibri_3
 73
     2
 44
1.0
1001
REVIT
1002
{
1070
     1
1000
2604745
1002
}
1002
{
1070
     5
1000
2604749
1002
}
1002
{
1070
     2
1000
-2000300
1002
}
  0
LINE
  5
622
330
70
100
AcDbEntity
  8
G-ANNO-TEXT
 62
   250
100
AcDbLine
 10
12663.0359701347
 20
1708.632117117759
 30
0.0
 11
12678.75378842327
 21
1632.593922649795
 31
0.0
1001
REVIT
1002
{
1070
     1
1000
2604746
1002
}
1002
{
1070
     5
1000
2604749
1002
}
1002
{
1070
     2
1000
-2000300
1002
}
  0
LINE
  5
623
330
70
100
AcDbEntity
  8
G-ANNO-TEXT
 62
   250
100
AcDbLine
 10
12678.75378842327
 20
1632.593922649795
 30
0.0
 11
12714.66709729865
 21
1650.640018194883
 31
0.0
1001
REVIT
1002
{
1070
     1
1000
2604746
1002
}
1002
{
1070
     5
1000
2604749
1002
}
1002
{
1070
     2
1000
-2000300
1002
}
  0
LINE
  5
624
330
70
100
AcDbEntity
  8
G-ANNO-TEXT
 62
   250
100
AcDbLine
 10
12714.66709729865
 20
1650.640018194883
 30
0.0
 11
12663.0359701347
 21
1708.632117117759
 31
0.0
1001
REVIT
1002
{
1070
     1
1000
2604746
1002
}
1002
{
1070
     5
1000
2604749
1002
}
1002
{
1070
     2
1000
-2000300
1002
}
  0
HATCH
  5
625
330
70
100
AcDbEntity
  8
G-ANNO-TEXT
 62
     7
100
AcDbHatch
 10
0.0
 20
0.0
 30
0.0
210
0.0
220
0.0
230
1.0
  2
SOLID
 70
     1
 71
     0
 91
        1
 92
        1
 93
        3
 72
     1
 10
12663.0359701347
 20
1708.632117117759
 11
12678.75378842327
 21
1632.593922649795
 72
     1
 10
12678.75378842327
 20
1632.593922649795
 11
12714.66709729865
 21
1650.640018194883
 72
     1
 10
12714.66709729865
 20
1650.640018194883
 11
12663.0359701347
 21
1708.632117117759
 97
        0
 75
     0
 76
     1
 98
        1
 10
9819.765898074798
 20
0.0
1001
REVIT
1002
{
1070
     1
1000
2604746
1002
}
1002
{
1070
     5
1000
2604749
1002
}
1002
{
1070
     2
1000
-2000300
1002
}
  0
LINE
  5
626
330
70
100
AcDbEntity
  8
G-ANNO-TEXT
 62
   250
100
AcDbLine
 10
12822.7519983315
 20
1390.78324844422
 30
0.0
 11
13070.96540401986
 21
1390.78324844422
 31
0.0
1001
REVIT
1002
{
1070
     1
1000
2604746
1002
}
1002
{
1070
     5
1000
2604749
1002
}
1002
{
1070
     2
1000
-2000300
1002
}
  0
LINE
  5
627
330
70
100
AcDbEntity
  8
G-ANNO-TEXT
 62
   250
100
AcDbLine
 10
12663.0359701347
 20
1708.632117117759
 30
0.0
 11
12822.7519983315
 21
1390.78324844422
 31
0.0
1001
REVIT
1002
{
1070
     1
1000
2604746
1002
}
1002
{
1070
     5
1000
2604749
1002
}
1002
{
1070
     2
1000
-2000300
1002
}
  0
MTEXT
  5
628
330
70
100
AcDbEntity
  8
G-ANNO-TEXT
 62
     7
100
AcDbMText
 10
13120.96540401986
 20
1409.53324844422
 30
0.0
 40
37.5
 41
398.83953125
 46
0.0
 71
     1
 72
     1
  1
ROOF TRUSS 
  7
Calibri_3
 73
     2
 44
1.0
1001
REVIT
1002
{
1070
     1
1000
2604746
1002
}
1002
{
1070
     5
1000
2604749
1002
}
1002
{
1070
     2
1000
-2000300
1002
}
  0
MTEXT
  5
629
330
70
100
AcDbEntity
  8
G-ANNO-TEXT
 62
     7
100
AcDbMText
 10
13120.96540401986
 20
1335.11918594422
 30
0.0
 40
37.5
 41
515.08421875
 46
0.0
 71
     1
 72
     1
  1
BOTTOM CHORD
  7
Calibri_3
 73
     2
 44
1.0
1001
REVIT
1002
{
1070
     1
1000
2604746
1002
}
1002
{
1070
     5
1000
2604749
1002
}
1002
{
1070
     2
1000
-2000300
1002
}
  0
MTEXT
  5
62A
330
70
100
AcDbEntity
  8
G-ANNO-TEXT
 62
     7
100
AcDbMText
 10
13120.96540401986
 20
1260.70512344422
 30
0.0
 40
37.5
 41
342.72140625
 46
0.0
 71
     1
 72
     1
  1
130x38mm
  7
Calibri_3
 73
     2
 44
1.0
1001
REVIT
1002
{
1070
     1
1000
2604746
1002
}
1002
{
1070
     5
1000
2604749
1002
}
1002
{
1070
     2
1000
-2000300
1002
}
  0
MTEXT
  5
62B
330
70
100
AcDbEntity
  8
G-ANNO-TEXT
 62
     7
100
AcDbMText
 10
13120.96540401986
 20
1186.29106094422
 30
0.0
 40
37.5
 41
495.04203125
 46
0.0
 71
     1
 72
     1
  1
AT 600 CENTRES
  7
Calibri_3
 73
     2
 44
1.0
1001
REVIT
1002
{
1070
     1
1000
2604746
1002
}
1002
{
1070
     5
1000
2604749
1002
}
1002
{
1070
     2
1000
-2000300
1002
}
  0
LINE
  5
62C
330
70
100
AcDbEntity
  8
G-ANNO-TEXT
 62
   250
100
AcDbLine
 10
15304.23220042561
 20
2418.766345318765
 30
0.0
 11
15360.82834008655
 21
2471.923976992684
 31
0.0
1001
REVIT
1002
{
1070
     1
1000
2604747
1002
}
1002
{
1070
     5
1000
2604749
1002
}
1002
{
1070
     2
1000
-2000300
1002
}
  0
LINE
  5
62D
330
70
100
AcDbEntity
  8
G-ANNO-TEXT
 62
   250
100
AcDbLine
 10
15360.82834008655
 20
2471.923976992684
 30
0.0
 11
15326.66707929115
 21
2493.100274583863
 31
0.0
1001
REVIT
1002
{
1070
     1
1000
2604747
1002
}
1002
{
1070
     5
1000
2604749
1002
}
1002
{
1070
     2
1000
-2000300
1002
}
  0
LINE
  5
62E
330
70
100
AcDbEntity
  8
G-ANNO-TEXT
 62
   250
100
AcDbLine
 10
15326.66707929115
 20
2493.100274583863
 30
0.0
 11
15304.23220042561
 21
2418.766345318765
 31
0.0
1001
REVIT
1002
{
1070
     1
1000
2604747
1002
}
1002
{
1070
     5
1000
2604749
1002
}
1002
{
1070
     2
1000
-2000300
1002
}
  0
HATCH
  5
62F
330
70
100
AcDbEntity
  8
G-ANNO-TEXT
 62
     7
100
AcDbHatch
 10
0.0
 20
0.0
 30
0.0
210
0.0
220
0.0
230
1.0
  2
SOLID
 70
     1
 71
     0
 91
        1
 92
        1
 93
        3
 72
     1
 10
15304.23220042561
 20
2418.766345318765
 11
15360.82834008655
 21
2471.923976992684
 72
     1
 10
15360.82834008655
 20
2471.923976992684
 11
15326.66707929115
 21
2493.100274583863
 72
     1
 10
15326.66707929115
 20
2493.100274583863
 11
15304.23220042561
 21
2418.766345318765
 97
        0
 75
     0
 76
     1
 98
        1
 10
9819.765898074798
 20
0.0
1001
REVIT
1002
{
1070
     1
1000
2604747
1002
}
1002
{
1070
     5
1000
2604749
1002
}
1002
{
1070
     2
1000
-2000300
1002
}
  0
LINE
  5
630
330
70
100
AcDbEntity
  8
G-ANNO-TEXT
 62
   250
100
AcDbLine
 10
15448.78850323878
 20
2651.962235145855
 30
0.0
 11
15697.00190892713
 21
2651.962235145856
 31
0.0
1001
REVIT
1002
{
1070
     1
1000
2604747
1002
}
1002
{
1070
     5
1000
2604749
1002
}
1002
{
1070
     2
1000
-2000300
1002
}
  0
LINE
  5
631
330
70
100
AcDbEntity
  8
G-ANNO-TEXT
 62
   250
100
AcDbLine
 10
15304.23220042561
 20
2418.766345318765
 30
0.0
 11
15448.78850323878
 21
2651.962235145855
 31
0.0
1001
REVIT
1002
{
1070
     1
1000
2604747
1002
}
1002
{
1070
     5
1000
2604749
1002
}
1002
{
1070
     2
1000
-2000300
1002
}
  0
MTEXT
  5
632
330
70
100
AcDbEntity
  8
G-ANNO-TEXT
 62
     7
100
AcDbMText
 10
15747.00190892713
 20
2670.712235145855
 30
0.0
 40
37.5
 41
324.6834375
 46
0.0
 71
     1
 72
     1
  1
TOP PLATE
  7
Calibri_3
 73
     2
 44
1.0
1001
REVIT
1002
{
1070
     1
1000
2604747
1002
}
1002
{
1070
     5
1000
2604749
1002
}
1002
{
1070
     2
1000
-2000300
1002
}
  0
LINE
  5
633
330
70
100
AcDbEntity
  8
G-ANNO-TEXT
 62
   250
100
AcDbLine
 10
13020.26128386329
 20
2321.554815906997
 30
0.0
 11
12968.88867064569
 21
2379.776044345554
 31
0.0
1001
REVIT
1002
{
1070
     1
1000
2604748
1002
}
1002
{
1070
     5
1000
2604749
1002
}
1002
{
1070
     2
1000
-2000300
1002
}
  0
LINE
  5
634
330
70
100
AcDbEntity
  8
G-ANNO-TEXT
 62
   250
100
AcDbLine
 10
12968.88867064569
 20
2379.776044345554
 30
0.0
 11
12946.66068153878
 21
2346.289572165523
 31
0.0
1001
REVIT
1002
{
1070
     1
1000
2604748
1002
}
1002
{
1070
     5
1000
2604749
1002
}
1002
{
1070
     2
1000
-2000300
1002
}
  0
LINE
  5
635
330
70
100
AcDbEntity
  8
G-ANNO-TEXT
 62
   250
100
AcDbLine
 10
12946.66068153878
 20
2346.289572165523
 30
0.0
 11
13020.26128386329
 21
2321.554815906997
 31
0.0
1001
REVIT
1002
{
1070
     1
1000
2604748
1002
}
1002
{
1070
     5
1000
2604749
1002
}
1002
{
1070
     2
1000
-2000300
1002
}
  0
HATCH
  5
636
330
70
100
AcDbEntity
  8
G-ANNO-TEXT
 62
     7
100
AcDbHatch
 10
0.0
 20
0.0
 30
0.0
210
0.0
220
0.0
230
1.0
  2
SOLID
 70
     1
 71
     0
 91
        1
 92
        1
 93
        3
 72
     1
 10
13020.26128386329
 20
2321.554815906997
 11
12968.88867064569
 21
2379.776044345554
 72
     1
 10
12968.88867064569
 20
2379.776044345554
 11
12946.66068153878
 21
2346.289572165523
 72
     1
 10
12946.66068153878
 20
2346.289572165523
 11
13020.26128386329
 21
2321.554815906997
 97
        0
 75
     0
 76
     1
 98
        1
 10
9819.765898074798
 20
0.0
1001
REVIT
1002
{
1070
     1
1000
2604748
1002
}
1002
{
1070
     5
1000
2604749
1002
}
1002
{
1070
     2
1000
-2000300
1002
}
  0
LINE
  5
637
330
70
100
AcDbEntity
  8
G-ANNO-TEXT
 62
   250
100
AcDbLine
 10
12352.31897122159
 20
2764.928318186485
 30
0.0
 11
12104.10556553323
 21
2764.928318186486
 31
0.0
1001
REVIT
1002
{
1070
     1
1000
2604748
1002
}
1002
{
1070
     5
1000
2604749
1002
}
1002
{
1070
     2
1000
-2000300
1002
}
  0
LINE
  5
638
330
70
100
AcDbEntity
  8
G-ANNO-TEXT
 62
   250
100
AcDbLine
 10
13020.26128386329
 20
2321.554815906997
 30
0.0
 11
12352.31897122159
 21
2764.928318186485
 31
0.0
1001
REVIT
1002
{
1070
     1
1000
2604748
1002
}
1002
{
1070
     5
1000
2604749
1002
}
1002
{
1070
     2
1000
-2000300
1002
}
  0
MTEXT
  5
639
330
70
100
AcDbEntity
  8
G-ANNO-TEXT
 62
     7
100
AcDbMText
 10
11576.27744053323
 20
2858.092380686487
 30
0.0
 40
37.5
 41
579.2192187500001
 46
0.0
 71
     1
 72
     1
  1
ADDITIONAL PLATE
  7
Calibri_3
 73
     2
 44
1.0
1001
REVIT
1002
{
1070
     1
1000
2604748
1002
}
1002
{
1070
     5
1000
2604749
1002
}
1002
{
1070
     2
1000
-2000300
1002
}
  0
MTEXT
  5
63A
330
70
100
AcDbEntity
  8
G-ANNO-TEXT
 62
     7
100
AcDbMText
 10
11248.85556553323
 20
2783.678318186488
 30
0.0
 40
37.5
 41
976.0545312500001
 46
0.0
 71
     1
 72
     1
  1
TO BRACE BETWEEN THE JOINTS
  7
Calibri_3
 73
     2
 44
1.0
1001
REVIT
1002
{
1070
     1
1000
2604748
1002
}
1002
{
1070
     5
1000
2604749
1002
}
1002
{
1070
     2
1000
-2000300
1002
}
  0
VIEWPORT
  5
63C
330
6C
100
AcDbEntity
 67
     1
  8
G-ANNO-NPLT
100
AcDbViewport
 10
209.3421650134468
 20
15.94305818566599
 30
0.0
 40
251.984427765663
 41
67.12992866464857
 68
     2
 69
     2
 12
3065.082297177217
 22
3125.189548311368
 13
0.0
 23
0.0
 14
10.0
 24
10.0
 15
0.0
 25
0.0
 16
0.0
 26
0.0
 36
1.0
 17
0.0
 27
0.0
 37
0.0
 42
0.0
 43
0.0
 44
0.0
 45
671.2992866464857
 50
0.0
 51
0.0
 72
  1000
 90
    32768
  1

281
     0
 71
     1
 74
     1
110
0.0
120
0.0
130
0.0
111
1.0
121
0.0
131
0.0
112
0.0
122
1.0
132
0.0
 79
     0
146
0.0
170
     0
 61
     5
348
2F
292
     1
282
     1
141
0.0
142
0.0
 63
   250
421
  3355443
  0
VIEWPORT
  5
63E
330
6C
100
AcDbEntity
 67
     1
  8
0
100
AcDbViewport
 10
6.0
 20
4.5
 30
0.0
 40
12.0
 41
9.0
 68
     1
 69
     1
 12
6.0
 22
4.5
 13
0.0
 23
0.0
 14
10.0
 24
10.0
 15
0.0
 25
0.0
 16
0.0
 26
0.0
 36
1.0
 17
0.0
 27
0.0
 37
0.0
 42
50.0
 43
0.0
 44
0.0
 45
12.0
 50
0.0
 51
0.0
 72
   100
 90
    32800
  1

281
     0
 71
     1
 74
     1
110
0.0
120
0.0
130
0.0
111
1.0
121
0.0
131
0.0
112
0.0
122
1.0
132
0.0
 79
     0
146
0.0
170
     0
 61
     5
348
2F
292
     1
282
     1
141
0.0
142
0.0
 63
   250
421
  3355443
361
6BB
  0
VIEWPORT
  5
641
330
6C
100
AcDbEntity
 67
     1
  8
G-ANNO-NPLT
100
AcDbViewport
 10
151.4417976029561
 20
203.5180118222202
 30
0.0
 40
94.91552665207232
 41
71.74533897671317
 68
     3
 69
     3
 12
5463.990755830399
 22
1888.639898224676
 13
0.0
 23
0.0
 14
10.0
 24
10.0
 15
0.0
 25
0.0
 16
0.0
 26
0.0
 36
1.0
 17
0.0
 27
0.0
 37
0.0
 42
0.0
 43
0.0
 44
0.0
 45
1434.906779534264
 50
0.0
 51
0.0
 72
  1000
 90
    32768
  1

281
     0
 71
     1
 74
     1
110
0.0
120
0.0
130
0.0
111
1.0
121
0.0
131
0.0
112
0.0
122
1.0
132
0.0
 79
     0
146
0.0
170
     0
 61
     5
348
2F
292
     1
282
     1
141
0.0
142
0.0
 63
   250
421
  3355443
  0
VIEWPORT
  5
643
330
6C
100
AcDbEntity
 67
     1
  8
G-ANNO-NPLT
100
AcDbViewport
 10
217.2087208001165
 20
299.2877539997588
 30
0.0
 40
108.9910601135057
 41
73.54592443231954
 68
     4
 69
     4
 12
7721.038743713192
 22
2774.296955154608
 13
0.0
 23
0.0
 14
10.0
 24
10.0
 15
0.0
 25
0.0
 16
0.0
 26
0.0
 36
1.0
 17
0.0
 27
0.0
 37
0.0
 42
0.0
 43
0.0
 44
0.0
 45
1470.918488646391
 50
0.0
 51
0.0
 72
  1000
 90
    32768
  1

281
     0
 71
     1
 74
     1
110
0.0
120
0.0
130
0.0
111
1.0
121
0.0
131
0.0
112
0.0
122
1.0
132
0.0
 79
     0
146
0.0
170
     0
 61
     5
348
2F
292
     1
282
     1
141
0.0
142
0.0
 63
   250
421
  3355443
  0
VIEWPORT
  5
645
330
6C
100
AcDbEntity
 67
     1
  8
G-ANNO-NPLT
100
AcDbViewport
 10
274.8162441328951
 20
202.6145004043471
 30
0.0
 40
86.41552665207239
 41
73.50000000000013
 68
     5
 69
     5
 12
9847.935664673118
 22
2455.789073634208
 13
0.0
 23
0.0
 14
10.0
 24
10.0
 15
0.0
 25
0.0
 16
0.0
 26
0.0
 36
1.0
 17
0.0
 27
0.0
 37
0.0
 42
0.0
 43
0.0
 44
0.0
 45
1470.000000000002
 50
0.0
 51
0.0
 72
  1000
 90
    32768
  1

281
     0
 71
     1
 74
     1
110
0.0
120
0.0
130
0.0
111
1.0
121
0.0
131
0.0
112
0.0
122
1.0
132
0.0
 79
     0
146
0.0
170
     0
 61
     5
348
2F
292
     1
282
     1
141
0.0
142
0.0
 63
   250
421
  3355443
  0
VIEWPORT
  5
647
330
6C
100
AcDbEntity
 67
     1
  8
G-ANNO-NPLT
100
AcDbViewport
 10
207.3571989163695
 20
101.9557035743842
 30
0.0
 40
194.7058537357561
 41
73.85236528969072
 68
     6
 69
     6
 12
13632.67873723018
 22
2005.315418732021
 13
0.0
 23
0.0
 14
10.0
 24
10.0
 15
0.0
 25
0.0
 16
0.0
 26
0.0
 36
1.0
 17
0.0
 27
0.0
 37
0.0
 42
0.0
 43
0.0
 44
0.0
 45
1846.309132242268
 50
0.0
 51
0.0
 72
  1000
 90
    32768
  1

281
     0
 71
     1
 74
     1
110
0.0
120
0.0
130
0.0
111
1.0
121
0.0
131
0.0
112
0.0
122
1.0
132
0.0
 79
     0
146
0.0
170
     0
 61
     5
348
2F
292
     1
282
     1
141
0.0
142
0.0
 63
   250
421
  3355443
  0
INSERT
  5
67F
330
6C
100
AcDbEntity
 67
     1
  8
G-ANNO-TTLB
100
AcDbBlockReference
  2
HH Titleblock Portrait - No Nth Point - HH Titleblock Portrait-2104536-Details
 10
0.0
 20
0.0
 30
0.0
1001
REVIT
1002
{
1070
     1
1000
1936023
1002
}
1002
{
1070
     5
1000
2104536
1002
}
1002
{
1070
     2
1000
-2000280
1002
}
  0
MTEXT
  5
680
330
6C
100
AcDbEntity
 67
     1
  8
G-ANNO-TTLB
100
AcDbMText
 10
238.9401410629677
 20
-47.34918637224532
 30
0.0
 40
2.0
 41
26.69619375
 46
0.0
 71
     1
 72
     1
  1
As indicated@A3
  7
Calibri_4
 73
     2
 44
1.0
 90
        3
 63
     9
421
 13158600
 45
1.25
441
        0
1001
REVIT
1002
{
1070
     1
1000
1936023
1002
}
1002
{
1070
     5
1000
2104536
1002
}
1002
{
1070
     2
1000
-2000280
1002
}
  0
MTEXT
  5
682
330
6C
100
AcDbEntity
 67
     1
  8
G-ANNO-TTLB
100
AcDbMText
 10
144.464393189508
 20
-51.86945867892231
 30
0.0
 40
3.0
 41
79.52740000000001
 46
0.0
 71
     1
 72
     1
  1
LOT 29, No.49 BALLS HEAD ROAD,
  7
Calibri_5
 73
     2
 44
1.0
1001
REVIT
1002
{
1070
     1
1000
1936023
1002
}
1002
{
1070
     5
1000
2104536
1002
}
1002
{
1070
     2
1000
-2000280
1002
}
  0
MTEXT
  5
683
330
6C
100
AcDbEntity
 67
     1
  8
G-ANNO-TTLB
100
AcDbMText
 10
165.697205689508
 20
-57.69029201225565
 30
0.0
 40
3.0
 41
28.0590625
 46
0.0
 71
     1
 72
     1
  1
WAVERTON
  7
Calibri_5
 73
     2
 44
1.0
1001
REVIT
1002
{
1070
     1
1000
1936023
1002
}
1002
{
1070
     5
1000
2104536
1002
}
1002
{
1070
     2
1000
-2000280
1002
}
  0
MTEXT
  5
685
330
6C
100
AcDbEntity
 67
     1
  8
G-ANNO-TTLB
100
AcDbMText
 10
155.309393189508
 20
-38.97751557476292
 30
0.0
 40
3.5
 41
53.23204999999999
 46
0.0
 71
     1
 72
     1
  1
MR & MRS SUTTON
  7
Calibri_6
 73
     2
 44
1.0
1001
REVIT
1002
{
1070
     1
1000
1936023
1002
}
1002
{
1070
     5
1000
2104536
1002
}
1002
{
1070
     2
1000
-2000280
1002
}
  0
MTEXT
  5
687
330
6C
100
AcDbEntity
 67
     1
  8
G-ANNO-TTLB
100
AcDbMText
 10
248.4950718869584
 20
-59.99704258634794
 30
0.0
 40
2.5
 41
4.810125
 46
0.0
 71
     1
 72
     1
  1
16
  7
Calibri_7
 73
     2
 44
1.0
1001
REVIT
1002
{
1070
     1
1000
1936023
1002
}
1002
{
1070
     5
1000
2104536
1002
}
1002
{
1070
     2
1000
-2000280
1002
}
  0
MTEXT
  5
688
330
6C
100
AcDbEntity
 67
     1
  8
G-ANNO-TTLB
100
AcDbMText
 10
242.6874712958533
 20
-52.75956284558897
 30
0.0
 40
2.5
 41
11.14345625
 46
0.0
 71
     1
 72
     1
  1
J1672
  7
Calibri_7
 73
     2
 44
1.0
1001
REVIT
1002
{
1070
     1
1000
1936023
1002
}
1002
{
1070
     5
1000
2104536
1002
}
1002
{
1070
     2
1000
-2000280
1002
}
  0
MTEXT
  5
689
330
6C
100
AcDbEntity
 67
     1
  8
G-ANNO-TTLB
100
AcDbMText
 10
234.5827081758916
 20
-38.45616140809625
 30
0.0
 40
2.5
 41
13.147675
 46
0.0
 71
     1
 72
     1
  1
Details
  7
Calibri_7
 73
     2
 44
1.0
1001
REVIT
1002
{
1070
     1
1000
1936023
1002
}
1002
{
1070
     5
1000
2104536
1002
}
1002
{
1070
     2
1000
-2000280
1002
}
  0
MTEXT
  5
68A
330
6C
100
AcDbEntity
 67
     1
  8
G-ANNO-TTLB
100
AcDbMText
 10
158.7623582065404
 20
-45.38310259566607
 30
0.0
 40
3.0
 41
22.767925
 46
0.0
 71
     1
 72
     1
  1
29 Sect. 7
  7
Calibri_5
 73
     2
 44
1.0
1001
REVIT
1002
{
1070
     1
1000
1936023
1002
}
1002
{
1070
     5
1000
2104536
1002
}
1002
{
1070
     2
1000
-2000280
1002
}
  0
MTEXT
  5
68B
330
6C
100
AcDbEntity
 67
     1
  8
G-ANNO-TTLB
100
AcDbMText
 10
190.9498582065401
 20
-45.38310259566607
 30
0.0
 40
3.0
 41
11.864975
 46
0.0
 71
     1
 72
     1
  1
6894
  7
Calibri_5
 73
     2
 44
1.0
1001
REVIT
1002
{
1070
     1
1000
1936023
1002
}
1002
{
1070
     5
1000
2104536
1002
}
1002
{
1070
     2
1000
-2000280
1002
}
  0
MTEXT
  5
68C
330
6C
100
AcDbEntity
 67
     1
  8
G-ANNO-TTLB
100
AcDbMText
 10
110.6978914563961
 20
-31.46991308890194
 30
0.0
 40
2.5
 41
11.78480625
 46
0.0
 71
     1
 72
     1
  1
 1 : 10
  7
Arial
 73
     2
 44
1.0
1001
REVIT
1002
{
1070
     1
1000
2205854
1002
}
1002
{
1070
     5
1000
1362766
1002
}
1002
{
1070
     2
1000
-2000515
1002
}
  0
MTEXT
  5
68E
330
6C
100
AcDbEntity
 67
     1
  8
G-ANNO-TTLB
100
AcDbMText
 10
110.1847641888855
 20
-24.97052756275509
 30
0.0
 40
4.0
 41
112.15608125
 46
0.0
 71
     1
 72
     1
  1
D5 - ARTICULATION JOINT DETAIL
  7
Arial_1
 73
     2
 44
1.0
1001
REVIT
1002
{
1070
     1
1000
2205854
1002
}
1002
{
1070
     5
1000
1362766
1002
}
1002
{
1070
     2
1000
-2000515
1002
}
  0
MTEXT
  5
68F
330
6C
100
AcDbEntity
 67
     1
  8
G-ANNO-TTLB
100
AcDbMText
 10
104.3467284380763
 20
152.5513422567734
 30
0.0
 40
2.5
 41
11.78480625
 46
0.0
 71
     1
 72
     1
  1
 1 : 20
  7
Arial
 73
     2
 44
1.0
1001
REVIT
1002
{
1070
     1
1000
2205856
1002
}
1002
{
1070
     5
1000
1362766
1002
}
1002
{
1070
     2
1000
-2000515
1002
}
  0
MTEXT
  5
690
330
6C
100
AcDbEntity
 67
     1
  8
G-ANNO-TTLB
100
AcDbMText
 10
103.8336011705657
 20
159.0507277829202
 30
0.0
 40
4.0
 41
59.00419999999999
 46
0.0
 71
     1
 72
     1
  1
D2 - BOX GUTTER
  7
Arial_1
 73
     2
 44
1.0
1001
REVIT
1002
{
1070
     1
1000
2205856
1002
}
1002
{
1070
     5
1000
1362766
1002
}
1002
{
1070
     2
1000
-2000515
1002
}
  0
MTEXT
  5
691
330
6C
100
AcDbEntity
 67
     1
  8
G-ANNO-TTLB
100
AcDbMText
 10
163.504170793498
 20
248.6667848413553
 30
0.0
 40
2.5
 41
11.78480625
 46
0.0
 71
     1
 72
     1
  1
 1 : 20
  7
Arial
 73
     2
 44
1.0
1001
REVIT
1002
{
1070
     1
1000
2205857
1002
}
1002
{
1070
     5
1000
1362766
1002
}
1002
{
1070
     2
1000
-2000515
1002
}
  0
MTEXT
  5
692
330
6C
100
AcDbEntity
 67
     1
  8
G-ANNO-TTLB
100
AcDbMText
 10
162.9910435259873
 20
255.1661703675021
 30
0.0
 40
4.0
 41
92.033725
 46
0.0
 71
     1
 72
     1
  1
D1 - GARAGE DOOR DETAIL
  7
Arial_1
 73
     2
 44
1.0
1001
REVIT
1002
{
1070
     1
1000
2205857
1002
}
1002
{
1070
     5
1000
1362766
1002
}
1002
{
1070
     2
1000
-2000515
1002
}
  0
MTEXT
  5
693
330
6C
100
AcDbEntity
 67
     1
  8
G-ANNO-TTLB
100
AcDbMText
 10
232.0662980898319
 20
152.5513422567734
 30
0.0
 40
2.5
 41
11.78480625
 46
0.0
 71
     1
 72
     1
  1
 1 : 20
  7
Arial
 73
     2
 44
1.0
1001
REVIT
1002
{
1070
     1
1000
2413359
1002
}
1002
{
1070
     5
1000
1362766
1002
}
1002
{
1070
     2
1000
-2000515
1002
}
  0
MTEXT
  5
694
330
6C
100
AcDbEntity
 67
     1
  8
G-ANNO-TTLB
100
AcDbMText
 10
231.5531708223213
 20
159.0507277829202
 30
0.0
 40
4.0
 41
64.69618125000001
 46
0.0
 71
     1
 72
     1
  1
D3 - BOX GUTTER 2
  7
Arial_1
 73
     2
 44
1.0
1001
REVIT
1002
{
1070
     1
1000
2413359
1002
}
1002
{
1070
     5
1000
1362766
1002
}
1002
{
1070
     2
1000
-2000515
1002
}
  0
MTEXT
  5
695
330
6C
100
AcDbEntity
 67
     1
  8
G-ANNO-TTLB
100
AcDbMText
 10
141.2216906916459
 20
56.52583164680983
 30
0.0
 40
2.5
 41
11.78480625
 46
0.0
 71
     1
 72
     1
  1
 1 : 25
  7
Arial
 73
     2
 44
1.0
1001
REVIT
1002
{
1070
     1
1000
2604796
1002
}
1002
{
1070
     5
1000
1362766
1002
}
1002
{
1070
     2
1000
-2000515
1002
}
  0
MTEXT
  5
696
330
6C
100
AcDbEntity
 67
     1
  8
G-ANNO-TTLB
100
AcDbMText
 10
140.7085634241353
 20
63.02521717295669
 30
0.0
 40
4.0
 41
113.27844375
 46
0.0
 71
     1
 72
     1
  1
D4 - TOP PLATE STRENGTHENING
  7
Arial_1
 73
     2
 44
1.0
1001
REVIT
1002
{
1070
     1
1000
2604796
1002
}
1002
{
1070
     5
1000
1362766
1002
}
1002
{
1070
     2
1000
-2000515
1002
}
  0
MTEXT
  5
699
330
6C
100
AcDbEntity
 67
     1
  8
G-ANNO-SCHD
100
AcDbMText
 10
277.8238456136325
 20
-45.04416649417774
 30
0.0
 40
1.5
 41
1.90720741599073
 46
0.0
 71
     2
 72
     1
  1
Q
  7
Calibri_8
 73
     2
 44
1.158047630004602
1001
REVIT
1002
{
1070
     1
1000
2664495
1002
}
1002
{
1070
     2
1000
-2000570
1002
}
  0
MTEXT
  5
69A
330
6C
100
AcDbEntity
 67
     1
  8
G-ANNO-SCHD
100
AcDbMText
 10
284.6853269811585
 20
-45.04416649417774
 30
0.0
 40
1.5
 41
11.10418539976825
 46
0.0
 71
     1
 72
     1
  1
CC PLANS
  7
Calibri_8
 73
     2
 44
1.158047630004602
1001
REVIT
1002
{
1070
     1
1000
2664495
1002
}
1002
{
1070
     2
1000
-2000570
1002
}
  0
MTEXT
  5
69B
330
6C
100
AcDbEntity
 67
     1
  8
G-ANNO-SCHD
100
AcDbMText
 10
323.617303711
 20
-45.04416649417774
 30
0.0
 40
1.5
 41
10.38368482039398
 46
0.0
 71
     1
 72
     1
  1
16-07-25
  7
Calibri_8
 73
     2
 44
1.158047630004602
1001
REVIT
1002
{
1070
     1
1000
2664495
1002
}
1002
{
1070
     2
1000
-2000570
1002
}
  0
MTEXT
  5
69C
330
6C
100
AcDbEntity
 67
     1
  8
G-ANNO-SCHD
100
AcDbMText
 10
344.5466026737831
 20
-45.04416649417774
 30
0.0
 40
1.5
 41
2.394604866743917
 46
0.0
 71
     2
 72
     1
  1
JK
  7
Calibri_8
 73
     2
 44
1.158047630004602
1001
REVIT
1002
{
1070
     1
1000
2664495
1002
}
1002
{
1070
     2
1000
-2000570
1002
}
  0
MTEXT
  5
69D
330
6C
100
AcDbEntity
 67
     1
  8
G-ANNO-SCHD
100
AcDbMText
 10
277.8238456136325
 20
-49.50432526085974
 30
0.0
 40
1.5
 41
1.546957126303592
 46
0.0
 71
     2
 72
     1
  1
R
  7
Calibri_8
 73
     2
 44
1.158047630004602
1001
REVIT
1002
{
1070
     1
1000
2664495
1002
}
1002
{
1070
     2
1000
-2000570
1002
}
  0
MTEXT
  5
69E
330
6C
100
AcDbEntity
 67
     1
  8
G-ANNO-SCHD
100
AcDbMText
 10
284.6853269811585
 20
-49.50432526085974
 30
0.0
 40
1.5
 41
11.10418539976825
 46
0.0
 71
     1
 72
     1
  1
CC PLANS
  7
Calibri_8
 73
     2
 44
1.158047630004602
1001
REVIT
1002
{
1070
     1
1000
2664495
1002
}
1002
{
1070
     2
1000
-2000570
1002
}
  0
MTEXT
  5
69F
330
6C
100
AcDbEntity
 67
     1
  8
G-ANNO-SCHD
100
AcDbMText
 10
323.617303711
 20
-49.50432526085974
 30
0.0
 40
1.5
 41
10.38368482039398
 46
0.0
 71
     1
 72
     1
  1
07-08-25
  7
Calibri_8
 73
     2
 44
1.158047630004602
1001
REVIT
1002
{
1070
     1
1000
2664495
1002
}
1002
{
1070
     2
1000
-2000570
1002
}
  0
MTEXT
  5
6A0
330
6C
100
AcDbEntity
 67
     1
  8
G-ANNO-SCHD
100
AcDbMText
 10
344.5466026737831
 20
-49.50432526085974
 30
0.0
 40
1.5
 41
2.394604866743917
 46
0.0
 71
     2
 72
     1
  1
JK
  7
Calibri_8
 73
     2
 44
1.158047630004602
1001
REVIT
1002
{
1070
     1
1000
2664495
1002
}
1002
{
1070
     2
1000
-2000570
1002
}
  0
MTEXT
  5
6A1
330
6C
100
AcDbEntity
 67
     1
  8
G-ANNO-SCHD
100
AcDbMText
 10
277.8238456136325
 20
-53.96448402754176
 30
0.0
 40
1.5
 41
1.313853997682503
 46
0.0
 71
     2
 72
     1
  1
S
  7
Calibri_8
 73
     2
 44
1.158047630004602
1001
REVIT
1002
{
1070
     1
1000
2664495
1002
}
1002
{
1070
     2
1000
-2000570
1002
}
  0
MTEXT
  5
6A2
330
6C
100
AcDbEntity
 67
     1
  8
G-ANNO-SCHD
100
AcDbMText
 10
284.6853269811585
 20
-53.96448402754176
 30
0.0
 40
1.5
 41
21.53025260718424
 46
0.0
 71
     1
 72
     1
  1
Construction Plans
  7
Calibri_8
 73
     2
 44
1.158047630004602
1001
REVIT
1002
{
1070
     1
1000
2664495
1002
}
1002
{
1070
     2
1000
-2000570
1002
}
  0
MTEXT
  5
6A3
330
6C
100
AcDbEntity
 67
     1
  8
G-ANNO-SCHD
100
AcDbMText
 10
323.617303711
 20
-53.96448402754176
 30
0.0
 40
1.5
 41
10.38368482039398
 46
0.0
 71
     1
 72
     1
  1
05-02-26
  7
Calibri_8
 73
     2
 44
1.158047630004602
1001
REVIT
1002
{
1070
     1
1000
2664495
1002
}
1002
{
1070
     2
1000
-2000570
1002
}
  0
MTEXT
  5
6A4
330
6C
100
AcDbEntity
 67
     1
  8
G-ANNO-SCHD
100
AcDbMText
 10
344.5466026737831
 20
-53.96448402754176
 30
0.0
 40
1.5
 41
2.394604866743917
 46
0.0
 71
     2
 72
     1
  1
JK
  7
Calibri_8
 73
     2
 44
1.158047630004602
1001
REVIT
1002
{
1070
     1
1000
2664495
1002
}
1002
{
1070
     2
1000
-2000570
1002
}
  0
MTEXT
  5
6A5
330
6C
100
AcDbEntity
 67
     1
  8
G-ANNO-SCHD
100
AcDbMText
 10
277.8238456136325
 20
-58.42464279422376
 30
0.0
 40
1.5
 41
1.377427578215527
 46
0.0
 71
     2
 72
     1
  1
T
  7
Calibri_8
 73
     2
 44
1.158047630004602
1001
REVIT
1002
{
1070
     1
1000
2664495
1002
}
1002
{
1070
     2
1000
-2000570
1002
}
  0
MTEXT
  5
6A6
330
6C
100
AcDbEntity
 67
     1
  8
G-ANNO-SCHD
100
AcDbMText
 10
284.6853269811585
 20
-58.42464279422376
 30
0.0
 40
1.5
 41
21.53025260718424
 46
0.0
 71
     1
 72
     1
  1
Construction Plans
  7
Calibri_8
 73
     2
 44
1.158047630004602
1001
REVIT
1002
{
1070
     1
1000
2664495
1002
}
1002
{
1070
     2
1000
-2000570
1002
}
  0
MTEXT
  5
6A7
330
6C
100
AcDbEntity
 67
     1
  8
G-ANNO-SCHD
100
AcDbMText
 10
323.617303711
 20
-58.42464279422376
 30
0.0
 40
1.5
 41
10.38368482039398
 46
0.0
 71
     1
 72
     1
  1
17-02-26
  7
Calibri_8
 73
     2
 44
1.158047630004602
1001
REVIT
1002
{
1070
     1
1000
2664495
1002
}
1002
{
1070
     2
1000
-2000570
1002
}
  0
MTEXT
  5
6A8
330
6C
100
AcDbEntity
 67
     1
  8
G-ANNO-SCHD
100
AcDbMText
 10
344.5466026737831
 20
-58.42464279422376
 30
0.0
 40
1.5
 41
2.394604866743917
 46
0.0
 71
     2
 72
     1
  1
JK
  7
Calibri_8
 73
     2
 44
1.158047630004602
1001
REVIT
1002
{
1070
     1
1000
2664495
1002
}
1002
{
1070
     2
1000
-2000570
1002
}
  0
MTEXT
  5
6A9
330
6C
100
AcDbEntity
 67
     1
  8
G-ANNO-SCHD
100
AcDbMText
 10
277.8238456136325
 20
-62.88480156090576
 30
0.0
 40
1.5
 41
1.822442641946697
 46
0.0
 71
     2
 72
     1
  1
U
  7
Calibri_8
 73
     2
 44
1.158047630004602
1001
REVIT
1002
{
1070
     1
1000
2664495
1002
}
1002
{
1070
     2
1000
-2000570
1002
}
  0
MTEXT
  5
6AA
330
6C
100
AcDbEntity
 67
     1
  8
G-ANNO-SCHD
100
AcDbMText
 10
284.6853269811585
 20
-62.88480156090576
 30
0.0
 40
1.5
 41
21.53025260718424
 46
0.0
 71
     1
 72
     1
  1
Construction Plans
  7
Calibri_8
 73
     2
 44
1.158047630004602
1001
REVIT
1002
{
1070
     1
1000
2664495
1002
}
1002
{
1070
     2
1000
-2000570
1002
}
  0
MTEXT
  5
6AB
330
6C
100
AcDbEntity
 67
     1
  8
G-ANNO-SCHD
100
AcDbMText
 10
323.617303711
 20
-62.88480156090576
 30
0.0
 40
1.5
 41
10.38368482039398
 46
0.0
 71
     1
 72
     1
  1
17-04-26
  7
Calibri_8
 73
     2
 44
1.158047630004602
1001
REVIT
1002
{
1070
     1
1000
2664495
1002
}
1002
{
1070
     2
1000
-2000570
1002
}
  0
MTEXT
  5
6AC
330
6C
100
AcDbEntity
 67
     1
  8
G-ANNO-SCHD
100
AcDbMText
 10
344.5466026737831
 20
-62.88480156090576
 30
0.0
 40
1.5
 41
2.394604866743917
 46
0.0
 71
     2
 72
     1
  1
JK
  7
Calibri_8
 73
     2
 44
1.158047630004602
1001
REVIT
1002
{
1070
     1
1000
2664495
1002
}
1002
{
1070
     2
1000
-2000570
1002
}
  0
ENDSEC
  0
SECTION
  2
OBJECTS
  0
DICTIONARY
  5
C
330
0
100
AcDbDictionary
281
     1
  3
ACAD_CIP_PREVIOUS_PRODUCT_INFO
350
79
  3
ACAD_COLOR
350
63
  3
ACAD_DETAILVIEWSTYLE
350
6A
  3
ACAD_GROUP
350
D
  3
ACAD_IMAGE_DICT
350
64B
  3
ACAD_IMAGE_VARS
350
7A
  3
ACAD_LAYOUT
350
62
  3
ACAD_MATERIAL
350
10
  3
ACAD_MLEADERSTYLE
350
66
  3
ACAD_MLINESTYLE
350
5F
  3
ACAD_PLOTSETTINGS
350
61
  3
ACAD_PLOTSTYLENAME
350
E
  3
ACAD_SCALELIST
350
42
  3
ACAD_SECTIONVIEWSTYLE
350
68
  3
ACAD_TABLESTYLE
350
64
  3
ACAD_VISUALSTYLE
350
29
  3
ACDB_RECOMPOSE_DATA
350
6BE
  3
AcDbVariableDictionary
350
6B5
  3
REVIT_DICTIONARY
350
6AD
  0
SUN
  5
6B4
330
57
100
AcDbSun
 90
        1
290
     1
 63
     7
421
 16777215
 40
0.3
291
     1
 91
  2460783
 92
 30090000
292
     0
 70
     1
 71
   128
280
     1
  0
DICTIONARY
  5
6B2
330
70
100
AcDbDictionary
280
     1
281
     1
  3
ACAD_SORTENTS
360
6B3
  0
IMAGEDEF_REACTOR
  5
64E
330
64D
100
AcDbRasterImageDefReactor
 90
        2
330
64D
  0
IMAGEDEF_REACTOR
  5
651
330
650
100
AcDbRasterImageDefReactor
 90
        2
330
650
  0
IMAGEDEF_REACTOR
  5
654
330
653
100
AcDbRasterImageDefReactor
 90
        2
330
653
  0
SUN
  5
6BB
330
63E
100
AcDbSun
 90
        1
290
     0
 63
     7
421
 16777215
 40
1.0
291
     1
 91
  2455826
 92
 54000000
292
     0
 70
     2
 71
   256
280
     1
  0
XRECORD
  5
79
102
{ACAD_REACTORS
330
C
102
}
330
C
100
AcDbXrecord
280
     1
300
RVT
300
2026
300
RVT2026
  0
DICTIONARY
  5
63
102
{ACAD_REACTORS
330
C
102
}
330
C
100
AcDbDictionary
281
     1
  0
DICTIONARY
  5
6A
102
{ACAD_REACTORS
330
C
102
}
330
C
100
AcDbDictionary
281
     1
  3
Imperial24
350
6B
  0
DICTIONARY
  5
D
102
{ACAD_REACTORS
330
C
102
}
330
C
100
AcDbDictionary
281
     1
  0
DICTIONARY
  5
64B
102
{ACAD_REACTORS
330
C
102
}
330
C
100
AcDbDictionary
281
     1
  3
J1672-HH-Lot29-No-49BallsHeadRoad-Waverton-REVU_Horizon170426-LANDSCAPEHorizonHomes_logo-FULLCOLOURbackground-2663599
350
652
  3
J1672-HH-Lot29-No-49BallsHeadRoad-Waverton-REVU_Horizon170426-phone2-2663603
350
64F
  3
J1672-HH-Lot29-No-49BallsHeadRoad-Waverton-REVU_Horizon17-2663609-cursor-arrow-icon-clip-art-computer-arrow-icon-png-2663609
350
64C
  0
RASTERVARIABLES
  5
7A
102
{ACAD_REACTORS
330
C
102
}
330
C
100
AcDbRasterVariables
 90
        0
 70
     0
 71
     1
 72
     1
  0
DICTIONARY
  5
62
102
{ACAD_REACTORS
330
C
102
}
330
C
100
AcDbDictionary
281
     1
  3
Layout1
350
6F
  3
Layout2
350
77
  3
Model
350
73
  0
DICTIONARY
  5
10
102
{ACAD_REACTORS
330
C
102
}
330
C
100
AcDbDictionary
281
     1
  3
ByBlock
350
19
  3
ByLayer
350
11
  3
Global
350
21
  0
DICTIONARY
  5
66
102
{ACAD_REACTORS
330
C
102
}
330
C
100
AcDbDictionary
281
     1
  3
Standard
350
67
  0
DICTIONARY
  5
5F
102
{ACAD_REACTORS
330
C
102
}
330
C
100
AcDbDictionary
281
     1
  3
Standard
350
60
  0
DICTIONARY
  5
61
102
{ACAD_REACTORS
330
C
102
}
330
C
100
AcDbDictionary
281
     1
  0
ACDBDICTIONARYWDFLT
  5
E
102
{ACAD_REACTORS
330
C
102
}
330
C
100
AcDbDictionary
281
     1
  3
Normal
350
F
100
AcDbDictionaryWithDefault
340
F
  0
DICTIONARY
  5
42
102
{ACAD_REACTORS
330
C
102
}
330
C
100
AcDbDictionary
281
     1
  3
A0
350
43
  3
A1
350
44
  3
A2
350
45
  3
A3
350
46
  3
A4
350
47
  3
A5
350
48
  3
A6
350
49
  3
A7
350
4A
  3
A8
350
4B
  3
A9
350
4C
  3
B0
350
4D
  3
B1
350
4E
  3
B2
350
4F
  3
B3
350
50
  3
B4
350
51
  3
B5
350
52
  3
B6
350
53
  0
DICTIONARY
  5
68
102
{ACAD_REACTORS
330
C
102
}
330
C
100
AcDbDictionary
281
     1
  3
Imperial24
350
69
  0
DICTIONARY
  5
64
102
{ACAD_REACTORS
330
C
102
}
330
C
100
AcDbDictionary
281
     1
  3
Standard
350
65
  0
DICTIONARY
  5
29
102
{ACAD_REACTORS
330
C
102
}
330
C
100
AcDbDictionary
281
     1
  3
2dWireframe
350
2F
  3
Basic
350
2E
  3
Brighten
350
35
  3
ColorChange
350
39
  3
Conceptual
350
32
  3
Dim
350
34
  3
EdgeColorOff
350
41
  3
Facepattern
350
38
  3
Flat
350
2A
  3
FlatWithEdges
350
2B
  3
Gouraud
350
2C
  3
GouraudWithEdges
350
2D
  3
Hidden
350
31
  3
JitterOff
350
3F
  3
Linepattern
350
37
  3
OverhangOff
350
40
  3
Realistic
350
33
  3
Shaded
350
3E
  3
Shaded with edges
350
3D
  3
Shades of Gray
350
3A
  3
Sketchy
350
3B
  3
Thicken
350
36
  3
Wireframe
350
30
  3
X-Ray
350
3C
  0
XRECORD
  5
6BE
102
{ACAD_REACTORS
330
C
102
}
330
C
100
AcDbXrecord
280
     1
 90
        1
330
65
  0
DICTIONARY
  5
6B5
102
{ACAD_REACTORS
330
C
102
}
330
C
100
AcDbDictionary
281
     1
  3
CANNOSCALE
350
6BA
  3
CMLEADERSTYLE
350
6B7
  3
CTABLESTYLE
350
6B6
  3
CVIEWDETAILSTYLE
350
6B8
  3
CVIEWSECTIONSTYLE
350
6B9
  0
DICTIONARY
  5
6AD
102
{ACAD_REACTORS
330
C
102
}
330
C
100
AcDbDictionary
281
     1
  3
DRAWING_TOOL
350
6B1
  3
REVIT_CATEGORY_MAPPING
350
6AF
  3
REVIT_SUB_CATEGORY_MAPPING
350
6B0
  3
REVIT_TYPE_MAPPING
350
6AE
  0
SORTENTSTABLE
  5
6B3
102
{ACAD_REACTORS
330
6B2
102
}
330
6B2
100
AcDbSortentsTable
330
70
  0
ACDBDETAILVIEWSTYLE
  5
6B
102
{ACAD_REACTORS
330
6A
102
}
330
6A
100
AcDbModelDocViewStyle
 70
     0
  3
Imperial24
290
     0
300
Imperial24
 90
        0
100
AcDbDetailViewStyle
 70
     0
 71
     0
 90
        3
 71
     1
340
55
 62
   256
 40
0.24
340
0
 62
   256
 40
0.24
300

 40
0.36
280
     3
 71
     2
340
5D
 90
       25
 62
   256
 71
     3
340
55
 62
   256
 40
0.24
 90
        1
 40
0.75
 90
        1
300
%<\AcVar ViewType \f "%tc1">% %<\AcVar ViewDetailId>%\PSCALE %<\AcVar ViewScale \f "%sn">%
 71
     4
340
5D
 90
       25
 62
   256
340
5D
 90
       25
 62
   256
280
     0
  0
IMAGEDEF
  5
652
102
{ACAD_REACTORS
330
64B
330
654
102
}
330
64B
100
AcDbRasterImageDef
 90
        0
  1
C:\Users\Design\Desktop\Temp\PDF to email\Lot 29, No-49 Balls Head Road, Waverton - CC PLANS - REV U_Horizon\J1672-HH-Lot29,No-49BallsHeadRoad,Waverton-REVU_Horizon170426-LANDSCAPEHorizonHomes_logo-FULLCOLOURbackground-2663599.jpg
 10
3320.0
 20
1085.0
 11
0.3527777777777777
 21
0.3527777777777777
280
     1
281
     5
  0
IMAGEDEF
  5
64F
102
{ACAD_REACTORS
330
64B
330
651
102
}
330
64B
100
AcDbRasterImageDef
 90
        0
  1
C:\Users\Design\Desktop\Temp\PDF to email\Lot 29, No-49 Balls Head Road, Waverton - CC PLANS - REV U_Horizon\J1672-HH-Lot29,No-49BallsHeadRoad,Waverton-REVU_Horizon170426-phone2-2663603.png
 10
422.0
 20
563.0
 11
0.3528581510232887
 21
0.3528581510232887
280
     1
281
     2
  0
IMAGEDEF
  5
64C
102
{ACAD_REACTORS
330
64B
330
64E
102
}
330
64B
100
AcDbRasterImageDef
 90
        0
  1
C:\Users\Design\Desktop\Temp\PDF to email\Lot 29, No-49 Balls Head Road, Waverton - CC PLANS - REV U_Horizon\J1672-HH-Lot29,No-49BallsHeadRoad,Waverton-REVU_Horizon17-2663609-cursor-arrow-icon-clip-art-computer-arrow-icon-png-2663609.png
 10
360.0
 20
594.0
 11
0.3528581510232887
 21
0.3528581510232887
280
     1
281
     2
  0
LAYOUT
  5
6F
102
{ACAD_REACTORS
330
62
102
}
330
62
100
AcDbPlotSettings
  1

  2

  4

  6

 40
0.0
 41
0.0
 42
0.0
 43
0.0
 44
0.0
 45
0.0
 46
0.0
 47
0.0
 48
0.0
 49
0.0
140
0.0
141
0.0
142
1.0
143
1.0
 70
   688
 72
     0
 73
     0
 74
     5
  7

 75
    16
 76
     0
 77
     2
 78
   300
147
1.0
148
0.0
149
0.0
100
AcDbLayout
  1
Layout1
 70
     1
 71
     1
 10
0.0
 20
0.0
 11
12.0
 21
9.0
 12
0.0
 22
0.0
 32
0.0
 14
0.0
 24
0.0
 34
0.0
 15
0.0
 25
0.0
 35
0.0
146
0.0
 13
0.0
 23
0.0
 33
0.0
 16
1.0
 26
0.0
 36
0.0
 17
0.0
 27
1.0
 37
0.0
 76
     0
330
6C
331
63E
  0
LAYOUT
  5
77
102
{ACAD_REACTORS
330
62
102
}
330
62
100
AcDbPlotSettings
  1

  2

  4

  6

 40
0.0
 41
0.0
 42
0.0
 43
0.0
 44
0.0
 45
0.0
 46
0.0
 47
0.0
 48
0.0
 49
0.0
140
0.0
141
0.0
142
1.0
143
1.0
 70
   688
 72
     0
 73
     0
 74
     5
  7

 75
    16
 76
     0
 77
     2
 78
   300
147
1.0
148
0.0
149
0.0
100
AcDbLayout
  1
Layout2
 70
     1
 71
     2
 10
0.0
 20
0.0
 11
12.0
 21
9.0
 12
0.0
 22
0.0
 32
0.0
 14
0.0
 24
0.0
 34
0.0
 15
0.0
 25
0.0
 35
0.0
146
0.0
 13
0.0
 23
0.0
 33
0.0
 16
1.0
 26
0.0
 36
0.0
 17
0.0
 27
1.0
 37
0.0
 76
     0
330
74
  0
LAYOUT
  5
73
102
{ACAD_REACTORS
330
62
102
}
330
62
100
AcDbPlotSettings
  1

  2

  4

  6

 40
0.0
 41
0.0
 42
0.0
 43
0.0
 44
0.0
 45
0.0
 46
0.0
 47
0.0
 48
0.0
 49
0.0
140
0.0
141
0.0
142
1.0
143
1.0
 70
  1712
 72
     0
 73
     0
 74
     0
  7

 75
     0
 76
     0
 77
     2
 78
   300
147
1.0
148
0.0
149
0.0
100
AcDbLayout
  1
Model
 70
     1
 71
     0
 10
0.0
 20
0.0
 11
12.0
 21
9.0
 12
0.0
 22
0.0
 32
0.0
 14
0.0
 24
0.0
 34
0.0
 15
0.0
 25
0.0
 35
0.0
146
0.0
 13
0.0
 23
0.0
 33
0.0
 16
1.0
 26
0.0
 36
0.0
 17
0.0
 27
1.0
 37
0.0
 76
     0
330
70
331
57
  0
MATERIAL
  5
19
102
{ACAD_REACTORS
330
10
102
}
330
10
100
AcDbMaterial
  1
ByBlock
 72
     0
 73
     2
 43
0.0208333333333333
 43
0.0
 43
0.0
 43
0.0
 43
0.0
 43
0.0208333333333333
 43
0.0
 43
0.0
 43
0.0
 43
0.0
 43
1.0
 43
0.0
 43
0.0
 43
0.0
 43
0.0
 43
1.0
 77
     0
 78
     2
 47
0.0208333333333333
 47
0.0
 47
0.0
 47
0.0
 47
0.0
 47
0.0208333333333333
 47
0.0
 47
0.0
 47
0.0
 47
0.0
 47
1.0
 47
0.0
 47
0.0
 47
0.0
 47
0.0
 47
1.0
171
     0
172
     2
 49
0.0208333333333333
 49
0.0
 49
0.0
 49
0.0
 49
0.0
 49
0.0208333333333333
 49
0.0
 49
0.0
 49
0.0
 49
0.0
 49
1.0
 49
0.0
 49
0.0
 49
0.0
 49
0.0
 49
1.0
175
     0
176
     2
142
0.0208333333333333
142
0.0
142
0.0
142
0.0
142
0.0
142
0.0208333333333333
142
0.0
142
0.0
142
0.0
142
0.0
142
1.0
142
0.0
142
0.0
142
0.0
142
0.0
142
1.0
179
     0
270
     2
144
0.0208333333333333
144
0.0
144
0.0
144
0.0
144
0.0
144
0.0208333333333333
144
0.0
144
0.0
144
0.0
144
0.0
144
1.0
144
0.0
144
0.0
144
0.0
144
0.0
144
1.0
274
     2
147
0.0208333333333333
147
0.0
147
0.0
147
0.0
147
0.0
147
0.0208333333333333
147
0.0
147
0.0
147
0.0
147
0.0
147
1.0
147
0.0
147
0.0
147
0.0
147
0.0
147
1.0
 94
      127
  0
MATERIAL
  5
11
102
{ACAD_REACTORS
330
10
102
}
330
10
100
AcDbMaterial
  1
ByLayer
 72
     0
 73
     2
 43
0.0208333333333333
 43
0.0
 43
0.0
 43
0.0
 43
0.0
 43
0.0208333333333333
 43
0.0
 43
0.0
 43
0.0
 43
0.0
 43
1.0
 43
0.0
 43
0.0
 43
0.0
 43
0.0
 43
1.0
 77
     0
 78
     2
 47
0.0208333333333333
 47
0.0
 47
0.0
 47
0.0
 47
0.0
 47
0.0208333333333333
 47
0.0
 47
0.0
 47
0.0
 47
0.0
 47
1.0
 47
0.0
 47
0.0
 47
0.0
 47
0.0
 47
1.0
171
     0
172
     2
 49
0.0208333333333333
 49
0.0
 49
0.0
 49
0.0
 49
0.0
 49
0.0208333333333333
 49
0.0
 49
0.0
 49
0.0
 49
0.0
 49
1.0
 49
0.0
 49
0.0
 49
0.0
 49
0.0
 49
1.0
175
     0
176
     2
142
0.0208333333333333
142
0.0
142
0.0
142
0.0
142
0.0
142
0.0208333333333333
142
0.0
142
0.0
142
0.0
142
0.0
142
1.0
142
0.0
142
0.0
142
0.0
142
0.0
142
1.0
179
     0
270
     2
144
0.0208333333333333
144
0.0
144
0.0
144
0.0
144
0.0
144
0.0208333333333333
144
0.0
144
0.0
144
0.0
144
0.0
144
1.0
144
0.0
144
0.0
144
0.0
144
0.0
144
1.0
274
     2
147
0.0208333333333333
147
0.0
147
0.0
147
0.0
147
0.0
147
0.0208333333333333
147
0.0
147
0.0
147
0.0
147
0.0
147
1.0
147
0.0
147
0.0
147
0.0
147
0.0
147
1.0
 94
      127
  0
MATERIAL
  5
21
102
{ACAD_REACTORS
330
10
102
}
330
10
100
AcDbMaterial
  1
Global
 72
     0
 73
     2
 43
0.0208333333333333
 43
0.0
 43
0.0
 43
0.0
 43
0.0
 43
0.0208333333333333
 43
0.0
 43
0.0
 43
0.0
 43
0.0
 43
1.0
 43
0.0
 43
0.0
 43
0.0
 43
0.0
 43
1.0
 77
     0
 78
     2
 47
0.0208333333333333
 47
0.0
 47
0.0
 47
0.0
 47
0.0
 47
0.0208333333333333
 47
0.0
 47
0.0
 47
0.0
 47
0.0
 47
1.0
 47
0.0
 47
0.0
 47
0.0
 47
0.0
 47
1.0
171
     0
172
     2
 49
0.0208333333333333
 49
0.0
 49
0.0
 49
0.0
 49
0.0
 49
0.0208333333333333
 49
0.0
 49
0.0
 49
0.0
 49
0.0
 49
1.0
 49
0.0
 49
0.0
 49
0.0
 49
0.0
 49
1.0
175
     0
176
     2
142
0.0208333333333333
142
0.0
142
0.0
142
0.0
142
0.0
142
0.0208333333333333
142
0.0
142
0.0
142
0.0
142
0.0
142
1.0
142
0.0
142
0.0
142
0.0
142
0.0
142
1.0
179
     0
270
     2
144
0.0208333333333333
144
0.0
144
0.0
144
0.0
144
0.0
144
0.0208333333333333
144
0.0
144
0.0
144
0.0
144
0.0
144
1.0
144
0.0
144
0.0
144
0.0
144
0.0
144
1.0
274
     2
147
0.0208333333333333
147
0.0
147
0.0
147
0.0
147
0.0
147
0.0208333333333333
147
0.0
147
0.0
147
0.0
147
0.0
147
1.0
147
0.0
147
0.0
147
0.0
147
0.0
147
1.0
 94
      127
  0
MLEADERSTYLE
  5
67
102
{ACAD_REACTORS
330
66
102
}
330
66
100
AcDbMLeaderStyle
179
     2
170
     2
171
     1
172
     0
 90
        2
 40
0.0
 41
0.0
173
     1
 91
-1056964608
340
5B
 92
       -2
290
     1
 42
0.09
291
     1
 43
0.36
  3
Standard
341
0
 44
0.18
300

342
55
174
     1
178
     6
175
     1
176
     0
 93
-1056964608
 45
0.18
292
     0
297
     0
 46
0.18
343
0
 94
-1056964608
 47
1.0
 49
1.0
140
1.0
293
     1
141
0.0
294
     1
177
     0
142
1.0
295
     1
296
     0
143
0.125
271
     0
272
     9
273
     9
298
     1
  0
MLINESTYLE
  5
60
102
{ACAD_REACTORS
330
5F
102
}
330
5F
100
AcDbMlineStyle
  2
STANDARD
 70
     0
  3

 62
   256
 51
90.0
 52
90.0
 71
     2
 49
0.5
 62
   256
  6
BYLAYER
 49
-0.5
 62
   256
  6
BYLAYER
  0
ACDBPLACEHOLDER
  5
F
102
{ACAD_REACTORS
330
E
102
}
330
E
  0
SCALE
  5
43
102
{ACAD_REACTORS
330
42
102
}
330
42
100
AcDbScale
 70
     0
300
1:1
140
1.0
141
1.0
290
     1
  0
SCALE
  5
44
102
{ACAD_REACTORS
330
42
102
}
330
42
100
AcDbScale
 70
     0
300
1/128" = 1'-0"
140
0.0078125
141
12.0
290
     0
  0
SCALE
  5
45
102
{ACAD_REACTORS
330
42
102
}
330
42
100
AcDbScale
 70
     0
300
1/64" = 1'-0"
140
0.015625
141
12.0
290
     0
  0
SCALE
  5
46
102
{ACAD_REACTORS
330
42
102
}
330
42
100
AcDbScale
 70
     0
300
1/32" = 1'-0"
140
0.03125
141
12.0
290
     0
  0
SCALE
  5
47
102
{ACAD_REACTORS
330
42
102
}
330
42
100
AcDbScale
 70
     0
300
1/16" = 1'-0"
140
0.0625
141
12.0
290
     0
  0
SCALE
  5
48
102
{ACAD_REACTORS
330
42
102
}
330
42
100
AcDbScale
 70
     0
300
3/32" = 1'-0"
140
0.09375
141
12.0
290
     0
  0
SCALE
  5
49
102
{ACAD_REACTORS
330
42
102
}
330
42
100
AcDbScale
 70
     0
300
1/8" = 1'-0"
140
0.125
141
12.0
290
     0
  0
SCALE
  5
4A
102
{ACAD_REACTORS
330
42
102
}
330
42
100
AcDbScale
 70
     0
300
3/16" = 1'-0"
140
0.1875
141
12.0
290
     0
  0
SCALE
  5
4B
102
{ACAD_REACTORS
330
42
102
}
330
42
100
AcDbScale
 70
     0
300
1/4" = 1'-0"
140
0.25
141
12.0
290
     0
  0
SCALE
  5
4C
102
{ACAD_REACTORS
330
42
102
}
330
42
100
AcDbScale
 70
     0
300
3/8" = 1'-0"
140
0.375
141
12.0
290
     0
  0
SCALE
  5
4D
102
{ACAD_REACTORS
330
42
102
}
330
42
100
AcDbScale
 70
     0
300
1/2" = 1'-0"
140
0.5
141
12.0
290
     0
  0
SCALE
  5
4E
102
{ACAD_REACTORS
330
42
102
}
330
42
100
AcDbScale
 70
     0
300
3/4" = 1'-0"
140
0.75
141
12.0
290
     0
  0
SCALE
  5
4F
102
{ACAD_REACTORS
330
42
102
}
330
42
100
AcDbScale
 70
     0
300
1" = 1'-0"
140
1.0
141
12.0
290
     0
  0
SCALE
  5
50
102
{ACAD_REACTORS
330
42
102
}
330
42
100
AcDbScale
 70
     0
300
1-1/2" = 1'-0"
140
1.5
141
12.0
290
     0
  0
SCALE
  5
51
102
{ACAD_REACTORS
330
42
102
}
330
42
100
AcDbScale
 70
     0
300
3" = 1'-0"
140
3.0
141
12.0
290
     0
  0
SCALE
  5
52
102
{ACAD_REACTORS
330
42
102
}
330
42
100
AcDbScale
 70
     0
300
6" = 1'-0"
140
6.0
141
12.0
290
     0
  0
SCALE
  5
53
102
{ACAD_REACTORS
330
42
102
}
330
42
100
AcDbScale
 70
     0
300
1'-0" = 1'-0"
140
12.0
141
12.0
290
     0
  0
ACDBSECTIONVIEWSTYLE
  5
69
102
{ACAD_REACTORS
330
68
102
}
330
68
100
AcDbModelDocViewStyle
 70
     0
  3
Imperial24
290
     0
300
Imperial24
 90
        0
100
AcDbSectionViewStyle
 70
     0
 71
     0
 90
       78
 71
     1
340
55
 62
   256
 40
0.24
340
0
340
0
 62
   256
 40
0.24
300
I, O, Q, S, X, Z
 40
0.48
 90
        3
 40
0.18
 90
        1
 71
     2
340
5D
 90
       25
 62
   256
340
5D
 90
       50
 62
   256
 40
0.24
 40
0.0
 40
0.24
 71
     3
340
55
 62
   256
 40
0.24
 90
        1
 40
0.75
 90
        1
300
%<\AcVar ViewType \f "%tc1">% %<\AcVar ViewSectionStartId>%-%<\AcVar ViewSectionEndId>%\PSCALE %<\AcVar ViewScale \f "%sn">%
 71
     4
 62
   256
 62
   257
300
ANSI31
 40
1.0
 90
        0
290
     0
290
     0
 90
        6
 40
0.0
 40
1.570796326794897
 40
0.2617993877991494
 40
1.308996938995747
 40
-0.2617993877991494
 40
1.832595714594046
  0
TABLESTYLE
  5
65
102
{ACAD_REACTORS
330
64
102
}
102
{ACAD_XDICTIONARY
360
6BC
102
}
330
64
100
AcDbTableStyle
  3
Standard
 70
     0
 71
     0
 40
0.06
 41
0.06
280
     0
281
     0
  7
Standard
140
0.18
170
     2
 62
     0
 63
   257
283
     0
 90
      512
 91
        0
  1

274
    -2
284
     1
 64
     0
275
    -2
285
     1
 65
     0
276
    -2
286
     1
 66
     0
277
    -2
287
     1
 67
     0
278
    -2
288
     1
 68
     0
279
    -2
289
     1
 69
     0
  7
Standard
140
0.25
170
     5
 62
     0
 63
   257
283
     0
 90
      512
 91
        0
  1

274
    -2
284
     1
 64
     0
275
    -2
285
     1
 65
     0
276
    -2
286
     1
 66
     0
277
    -2
287
     1
 67
     0
278
    -2
288
     1
 68
     0
279
    -2
289
     1
 69
     0
  7
Standard
140
0.18
170
     5
 62
     0
 63
   257
283
     0
 90
      512
 91
        0
  1

274
    -2
284
     1
 64
     0
275
    -2
285
     1
 65
     0
276
    -2
286
     1
 66
     0
277
    -2
287
     1
 67
     0
278
    -2
288
     1
 68
     0
279
    -2
289
     1
 69
     0
  0
VISUALSTYLE
  5
2F
102
{ACAD_REACTORS
330
29
102
}
330
29
100
AcDbVisualStyle
  2
2dWireframe
 70
     4
177
     3
291
     0
 70
    58
 90
        0
176
     1
 90
        2
176
     1
 90
        0
176
     1
 90
        0
176
     1
 40
0.6
176
     1
 40
30.0
176
     1
 62
     7
420
 16777215
176
     1
 90
        1
176
     1
 90
        4
176
     1
 62
     7
176
     1
 62
   257
176
     1
 90
        1
176
     1
 90
        1
176
     1
 40
1.0
176
     1
 90
        0
176
     1
 62
   257
176
     1
 40
1.0
176
     1
 90
        1
176
     1
 90
        6
176
     1
 90
        2
176
     1
 62
     7
176
     1
 90
        5
176
     1
 90
        0
176
     1
 90
        0
176
     1
290
     0
176
     1
 90
        1
176
     1
 40
0.0
176
     1
 90
        0
176
     1
290
     1
176
     1
290
     1
176
     1
290
     0
176
     1
290
     0
176
     1
290
     0
176
     1
290
     0
176
     1
290
     0
176
     1
290
     0
176
     1
290
     0
176
     1
 90
       50
176
     1
 40
0.0
176
     1
 40
1.0
176
     1
 90
        0
176
     1
 62
    18
420
        0
176
     1
 90
       50
176
     1
 90
        3
176
     1
 62
     5
420
      255
176
     1
290
     0
176
     1
 90
       50
176
     1
 90
       50
176
     1
 90
       50
176
     1
290
     0
176
     1
 90
       50
176
     1
 62
   256
176
     0
 40
1.0
176
     0
 90
        2
176
     1
  1
strokes_ogs.tif
176
     1
290
     0
176
     1
 40
1.0
176
     1
 40
1.0
176
     1
  0
VISUALSTYLE
  5
2E
102
{ACAD_REACTORS
330
29
102
}
330
29
100
AcDbVisualStyle
  2
Basic
 70
     7
177
     3
291
     1
 70
    58
 90
        1
176
     1
 90
        0
176
     1
 90
        1
176
     1
 90
        0
176
     1
 40
0.6
176
     1
 40
30.0
176
     1
 62
     7
420
 16777215
176
     1
 90
        0
176
     1
 90
        4
176
     1
 62
     7
176
     1
 62
   257
176
     1
 90
        1
176
     1
 90
        1
176
     1
 40
1.0
176
     1
 90
        8
176
     1
 62
     7
176
     1
 40
1.0
176
     1
 90
        1
176
     1
 90
        6
176
     1
 90
        2
176
     1
 62
     7
176
     1
 90
        5
176
     1
 90
        0
176
     1
 90
        0
176
     1
290
     0
176
     1
 90
        1
176
     1
 40
0.0
176
     1
 90
        0
176
     1
290
     0
176
     1
290
     1
176
     1
290
     1
176
     1
290
     0
176
     1
290
     0
176
     1
290
     0
176
     1
290
     0
176
     1
290
     0
176
     1
290
     0
176
     1
 90
       50
176
     1
 40
0.0
176
     1
 40
1.0
176
     1
 90
        0
176
     1
 62
    18
420
        0
176
     1
 90
       50
176
     1
 90
        3
176
     1
 62
     5
420
      255
176
     1
290
     0
176
     1
 90
       50
176
     1
 90
       50
176
     1
 90
       50
176
     1
290
     0
176
     1
 90
       50
176
     1
 62
   256
176
     0
 40
1.0
176
     0
 90
        2
176
     1
  1
strokes_ogs.tif
176
     1
290
     0
176
     1
 40
1.0
176
     1
 40
1.0
176
     1
  0
VISUALSTYLE
  5
35
102
{ACAD_REACTORS
330
29
102
}
330
29
100
AcDbVisualStyle
  2
Brighten
 70
    12
177
     3
291
     1
 70
    58
 90
        2
176
     1
 90
        2
176
     1
 90
        0
176
     1
 90
        0
176
     1
 40
0.6
176
     1
 40
30.0
176
     1
 62
     7
420
 16777215
176
     1
 90
        1
176
     1
 90
        4
176
     1
 62
     7
176
     1
 62
   257
176
     1
 90
        1
176
     1
 90
        1
176
     1
 40
1.0
176
     1
 90
        8
176
     1
 62
     7
176
     1
 40
1.0
176
     1
 90
        1
176
     1
 90
        6
176
     1
 90
        2
176
     1
 62
     7
176
     1
 90
        5
176
     1
 90
        0
176
     1
 90
        0
176
     1
290
     0
176
     1
 90
        1
176
     1
 40
50.0
176
     1
 90
        0
176
     1
290
     0
176
     1
290
     1
176
     1
290
     1
176
     1
290
     0
176
     1
290
     0
176
     1
290
     0
176
     1
290
     0
176
     1
290
     0
176
     1
290
     0
176
     1
 90
       50
176
     1
 40
0.0
176
     1
 40
1.0
176
     1
 90
        0
176
     1
 62
    18
420
        0
176
     1
 90
       50
176
     1
 90
        3
176
     1
 62
     5
420
      255
176
     1
290
     0
176
     1
 90
       50
176
     1
 90
       50
176
     1
 90
       50
176
     1
290
     0
176
     1
 90
       50
176
     1
 62
   256
176
     0
 40
1.0
176
     0
 90
        2
176
     1
  1
strokes_ogs.tif
176
     1
290
     0
176
     1
 40
1.0
176
     1
 40
1.0
176
     1
  0
VISUALSTYLE
  5
39
102
{ACAD_REACTORS
330
29
102
}
330
29
100
AcDbVisualStyle
  2
ColorChange
 70
    16
177
     3
291
     1
 70
    58
 90
        2
176
     1
 90
        2
176
     1
 90
        3
176
     1
 90
        0
176
     1
 40
0.6
176
     1
 40
30.0
176
     1
 62
     8
420
  8421504
176
     1
 90
        1
176
     1
 90
        4
176
     1
 62
     7
176
     1
 62
   257
176
     1
 90
        1
176
     1
 90
        1
176
     1
 40
1.0
176
     1
 90
        8
176
     1
 62
     8
420
  8421504
176
     1
 40
1.0
176
     1
 90
        1
176
     1
 90
        6
176
     1
 90
        2
176
     1
 62
     7
176
     1
 90
        5
176
     1
 90
        0
176
     1
 90
        0
176
     1
290
     0
176
     1
 90
        1
176
     1
 40
0.0
176
     1
 90
        0
176
     1
290
     0
176
     1
290
     1
176
     1
290
     1
176
     1
290
     0
176
     1
290
     0
176
     1
290
     0
176
     1
290
     0
176
     1
290
     0
176
     1
290
     0
176
     1
 90
       50
176
     1
 40
0.0
176
     1
 40
1.0
176
     1
 90
        0
176
     1
 62
    18
420
        0
176
     1
 90
       50
176
     1
 90
        3
176
     1
 62
     5
420
      255
176
     1
290
     0
176
     1
 90
       50
176
     1
 90
       50
176
     1
 90
       50
176
     1
290
     0
176
     1
 90
       50
176
     1
 62
   256
176
     0
 40
1.0
176
     0
 90
        2
176
     1
  1
strokes_ogs.tif
176
     1
290
     0
176
     1
 40
1.0
176
     1
 40
1.0
176
     1
  0
VISUALSTYLE
  5
32
102
{ACAD_REACTORS
330
29
102
}
330
29
100
AcDbVisualStyle
  2
Conceptual
 70
     9
177
     3
291
     0
 70
    58
 90
        3
176
     1
 90
        2
176
     1
 90
        0
176
     1
 90
        0
176
     1
 40
0.6
176
     1
 40
30.0
176
     1
 62
     7
420
 16777215
176
     1
 90
        2
176
     1
 90
        2
176
     1
 62
     7
176
     1
 62
   257
176
     1
 90
        1
176
     1
 90
        1
176
     1
 40
179.0
176
     1
 90
        8
176
     1
 62
     7
176
     1
 40
1.0
176
     1
 90
        1
176
     1
 90
        6
176
     1
 90
        2
176
     1
 62
     7
176
     1
 90
        3
176
     1
 90
        0
176
     1
 90
        0
176
     1
290
     0
176
     1
 90
        1
176
     1
 40
0.0
176
     1
 90
        0
176
     1
290
     0
176
     1
290
     1
176
     1
290
     1
176
     1
290
     0
176
     1
290
     0
176
     1
290
     0
176
     1
290
     0
176
     1
290
     0
176
     1
290
     0
176
     1
 90
       50
176
     1
 40
0.0
176
     1
 40
1.0
176
     1
 90
        0
176
     1
 62
    18
420
        0
176
     1
 90
       50
176
     1
 90
        3
176
     1
 62
     5
420
      255
176
     1
290
     0
176
     1
 90
       50
176
     1
 90
       50
176
     1
 90
       50
176
     1
290
     0
176
     1
 90
       50
176
     1
 62
   256
176
     0
 40
1.0
176
     0
 90
        2
176
     1
  1
strokes_ogs.tif
176
     1
290
     0
176
     1
 40
1.0
176
     1
 40
1.0
176
     1
  0
VISUALSTYLE
  5
34
102
{ACAD_REACTORS
330
29
102
}
330
29
100
AcDbVisualStyle
  2
Dim
 70
    11
177
     3
291
     1
 70
    58
 90
        2
176
     1
 90
        2
176
     1
 90
        0
176
     1
 90
        0
176
     1
 40
0.6
176
     1
 40
30.0
176
     1
 62
     7
420
 16777215
176
     1
 90
        1
176
     1
 90
        4
176
     1
 62
     7
176
     1
 62
   257
176
     1
 90
        1
176
     1
 90
        1
176
     1
 40
1.0
176
     1
 90
        8
176
     1
 62
     7
176
     1
 40
1.0
176
     1
 90
        1
176
     1
 90
        6
176
     1
 90
        2
176
     1
 62
     7
176
     1
 90
        5
176
     1
 90
        0
176
     1
 90
        0
176
     1
290
     0
176
     1
 90
        1
176
     1
 40
-50.0
176
     1
 90
        0
176
     1
290
     0
176
     1
290
     1
176
     1
290
     1
176
     1
290
     0
176
     1
290
     0
176
     1
290
     0
176
     1
290
     0
176
     1
290
     0
176
     1
290
     0
176
     1
 90
       50
176
     1
 40
0.0
176
     1
 40
1.0
176
     1
 90
        0
176
     1
 62
    18
420
        0
176
     1
 90
       50
176
     1
 90
        3
176
     1
 62
     5
420
      255
176
     1
290
     0
176
     1
 90
       50
176
     1
 90
       50
176
     1
 90
       50
176
     1
290
     0
176
     1
 90
       50
176
     1
 62
   256
176
     0
 40
1.0
176
     0
 90
        2
176
     1
  1
strokes_ogs.tif
176
     1
290
     0
176
     1
 40
1.0
176
     1
 40
1.0
176
     1
  0
VISUALSTYLE
  5
41
102
{ACAD_REACTORS
330
29
102
}
330
29
100
AcDbVisualStyle
  2
EdgeColorOff
 70
    22
177
     3
291
     1
 70
    58
 90
        2
176
     0
 90
        2
176
     0
 90
        0
176
     0
 90
        0
176
     0
 40
0.6
176
     0
 40
30.0
176
     0
 62
     7
420
 16777215
176
     0
 90
        1
176
     0
 90
        4
176
     0
 62
     7
176
     0
 62
   257
176
     0
 90
        1
176
     0
 90
        1
176
     0
 40
1.0
176
     0
 90
        8
176
     2
 62
     7
176
     0
 40
1.0
176
     0
 90
        1
176
     0
 90
        6
176
     0
 90
        2
176
     0
 62
     7
176
     0
 90
        5
176
     0
 90
        0
176
     0
 90
        0
176
     0
290
     0
176
     0
 90
        1
176
     0
 40
0.0
176
     0
 90
        0
176
     0
290
     0
176
     0
290
     1
176
     0
290
     1
176
     0
290
     0
176
     0
290
     0
176
     0
290
     0
176
     0
290
     0
176
     0
290
     0
176
     0
290
     0
176
     0
 90
       50
176
     0
 40
0.0
176
     0
 40
1.0
176
     0
 90
        0
176
     0
 62
    18
420
        0
176
     0
 90
       50
176
     0
 90
        3
176
     0
 62
     5
420
      255
176
     0
290
     0
176
     0
 90
       50
176
     0
 90
       50
176
     0
 90
       50
176
     0
290
     0
176
     0
 90
       50
176
     0
 62
   256
176
     0
 40
1.0
176
     0
 90
        2
176
     0
  1
strokes_ogs.tif
176
     0
290
     0
176
     0
 40
1.0
176
     0
 40
1.0
176
     0
  0
VISUALSTYLE
  5
38
102
{ACAD_REACTORS
330
29
102
}
330
29
100
AcDbVisualStyle
  2
Facepattern
 70
    15
177
     3
291
     1
 70
    58
 90
        2
176
     1
 90
        2
176
     1
 90
        0
176
     1
 90
        0
176
     1
 40
0.6
176
     1
 40
30.0
176
     1
 62
     7
420
 16777215
176
     1
 90
        1
176
     1
 90
        4
176
     1
 62
     7
176
     1
 62
   257
176
     1
 90
        1
176
     1
 90
        1
176
     1
 40
1.0
176
     1
 90
        8
176
     1
 62
     7
176
     1
 40
1.0
176
     1
 90
        1
176
     1
 90
        6
176
     1
 90
        2
176
     1
 62
     7
176
     1
 90
        5
176
     1
 90
        0
176
     1
 90
        0
176
     1
290
     0
176
     1
 90
        1
176
     1
 40
0.0
176
     1
 90
        0
176
     1
290
     0
176
     1
290
     1
176
     1
290
     1
176
     1
290
     0
176
     1
290
     0
176
     1
290
     0
176
     1
290
     0
176
     1
290
     0
176
     1
290
     0
176
     1
 90
       50
176
     1
 40
0.0
176
     1
 40
1.0
176
     1
 90
        0
176
     1
 62
    18
420
        0
176
     1
 90
       50
176
     1
 90
        3
176
     1
 62
     5
420
      255
176
     1
290
     0
176
     1
 90
       50
176
     1
 90
       50
176
     1
 90
       50
176
     1
290
     0
176
     1
 90
       50
176
     1
 62
   256
176
     0
 40
1.0
176
     0
 90
        2
176
     1
  1
strokes_ogs.tif
176
     1
290
     0
176
     1
 40
1.0
176
     1
 40
1.0
176
     1
  0
VISUALSTYLE
  5
2A
102
{ACAD_REACTORS
330
29
102
}
330
29
100
AcDbVisualStyle
  2
Flat
 70
     0
177
     3
291
     1
 70
    58
 90
        2
176
     1
 90
        1
176
     1
 90
        1
176
     1
 90
        2
176
     1
 40
0.6
176
     1
 40
30.0
176
     1
 62
     7
420
 16777215
176
     1
 90
        0
176
     1
 90
        0
176
     1
 62
     7
176
     1
 62
   257
176
     1
 90
        1
176
     1
 90
        1
176
     1
 40
1.0
176
     1
 90
        8
176
     1
 62
     7
176
     1
 40
1.0
176
     1
 90
        1
176
     1
 90
        6
176
     1
 90
        2
176
     1
 62
     7
176
     1
 90
        5
176
     1
 90
        0
176
     1
 90
        0
176
     1
290
     0
176
     1
 90
       13
176
     1
 40
0.0
176
     1
 90
        0
176
     1
290
     0
176
     1
290
     1
176
     1
290
     1
176
     1
290
     0
176
     1
290
     0
176
     1
290
     0
176
     1
290
     0
176
     1
290
     0
176
     1
290
     0
176
     1
 90
       50
176
     1
 40
0.0
176
     1
 40
1.0
176
     1
 90
        0
176
     1
 62
    18
420
        0
176
     1
 90
       50
176
     1
 90
        3
176
     1
 62
     5
420
      255
176
     1
290
     0
176
     1
 90
       50
176
     1
 90
       50
176
     1
 90
       50
176
     1
290
     0
176
     1
 90
       50
176
     1
 62
   256
176
     0
 40
1.0
176
     0
 90
        2
176
     1
  1
strokes_ogs.tif
176
     1
290
     0
176
     1
 40
1.0
176
     1
 40
1.0
176
     1
  0
VISUALSTYLE
  5
2B
102
{ACAD_REACTORS
330
29
102
}
330
29
100
AcDbVisualStyle
  2
FlatWithEdges
 70
     1
177
     3
291
     1
 70
    58
 90
        2
176
     1
 90
        1
176
     1
 90
        1
176
     1
 90
        2
176
     1
 40
0.6
176
     1
 40
30.0
176
     1
 62
     7
420
 16777215
176
     1
 90
        1
176
     1
 90
        0
176
     1
 62
     7
176
     1
 62
   257
176
     1
 90
        1
176
     1
 90
        1
176
     1
 40
1.0
176
     1
 90
        0
176
     1
 62
   257
176
     1
 40
1.0
176
     1
 90
        1
176
     1
 90
        6
176
     1
 90
        2
176
     1
 62
     7
176
     1
 90
        5
176
     1
 90
        0
176
     1
 90
        0
176
     1
290
     0
176
     1
 90
       13
176
     1
 40
0.0
176
     1
 90
        0
176
     1
290
     0
176
     1
290
     1
176
     1
290
     1
176
     1
290
     0
176
     1
290
     0
176
     1
290
     0
176
     1
290
     0
176
     1
290
     0
176
     1
290
     0
176
     1
 90
       50
176
     1
 40
0.0
176
     1
 40
1.0
176
     1
 90
        0
176
     1
 62
    18
420
        0
176
     1
 90
       50
176
     1
 90
        3
176
     1
 62
     5
420
      255
176
     1
290
     0
176
     1
 90
       50
176
     1
 90
       50
176
     1
 90
       50
176
     1
290
     0
176
     1
 90
       50
176
     1
 62
   256
176
     0
 40
1.0
176
     0
 90
        2
176
     1
  1
strokes_ogs.tif
176
     1
290
     0
176
     1
 40
1.0
176
     1
 40
1.0
176
     1
  0
VISUALSTYLE
  5
2C
102
{ACAD_REACTORS
330
29
102
}
330
29
100
AcDbVisualStyle
  2
Gouraud
 70
     2
177
     3
291
     1
 70
    58
 90
        2
176
     1
 90
        2
176
     1
 90
        1
176
     1
 90
        2
176
     1
 40
0.6
176
     1
 40
30.0
176
     1
 62
     7
420
 16777215
176
     1
 90
        0
176
     1
 90
        0
176
     1
 62
     7
176
     1
 62
   257
176
     1
 90
        1
176
     1
 90
        1
176
     1
 40
1.0
176
     1
 90
        0
176
     1
 62
     7
176
     1
 40
1.0
176
     1
 90
        1
176
     1
 90
        6
176
     1
 90
        2
176
     1
 62
     7
176
     1
 90
        5
176
     1
 90
        0
176
     1
 90
        0
176
     1
290
     0
176
     1
 90
       13
176
     1
 40
0.0
176
     1
 90
        0
176
     1
290
     0
176
     1
290
     1
176
     1
290
     1
176
     1
290
     0
176
     1
290
     0
176
     1
290
     0
176
     1
290
     0
176
     1
290
     0
176
     1
290
     0
176
     1
 90
       50
176
     1
 40
0.0
176
     1
 40
1.0
176
     1
 90
        0
176
     1
 62
    18
420
        0
176
     1
 90
       50
176
     1
 90
        3
176
     1
 62
     5
420
      255
176
     1
290
     0
176
     1
 90
       50
176
     1
 90
       50
176
     1
 90
       50
176
     1
290
     0
176
     1
 90
       50
176
     1
 62
   256
176
     0
 40
1.0
176
     0
 90
        2
176
     1
  1
strokes_ogs.tif
176
     1
290
     0
176
     1
 40
1.0
176
     1
 40
1.0
176
     1
  0
VISUALSTYLE
  5
2D
102
{ACAD_REACTORS
330
29
102
}
330
29
100
AcDbVisualStyle
  2
GouraudWithEdges
 70
     3
177
     3
291
     1
 70
    58
 90
        2
176
     1
 90
        2
176
     1
 90
        1
176
     1
 90
        2
176
     1
 40
0.6
176
     1
 40
30.0
176
     1
 62
     7
420
 16777215
176
     1
 90
        1
176
     1
 90
        0
176
     1
 62
     7
176
     1
 62
   257
176
     1
 90
        1
176
     1
 90
        1
176
     1
 40
1.0
176
     1
 90
        0
176
     1
 62
   257
176
     1
 40
1.0
176
     1
 90
        1
176
     1
 90
        6
176
     1
 90
        2
176
     1
 62
     7
176
     1
 90
        5
176
     1
 90
        0
176
     1
 90
        0
176
     1
290
     0
176
     1
 90
       13
176
     1
 40
0.0
176
     1
 90
        0
176
     1
290
     0
176
     1
290
     1
176
     1
290
     1
176
     1
290
     0
176
     1
290
     0
176
     1
290
     0
176
     1
290
     0
176
     1
290
     0
176
     1
290
     0
176
     1
 90
       50
176
     1
 40
0.0
176
     1
 40
1.0
176
     1
 90
        0
176
     1
 62
    18
420
        0
176
     1
 90
       50
176
     1
 90
        3
176
     1
 62
     5
420
      255
176
     1
290
     0
176
     1
 90
       50
176
     1
 90
       50
176
     1
 90
       50
176
     1
290
     0
176
     1
 90
       50
176
     1
 62
   256
176
     0
 40
1.0
176
     0
 90
        2
176
     1
  1
strokes_ogs.tif
176
     1
290
     0
176
     1
 40
1.0
176
     1
 40
1.0
176
     1
  0
VISUALSTYLE
  5
31
102
{ACAD_REACTORS
330
29
102
}
330
29
100
AcDbVisualStyle
  2
Hidden
 70
     6
177
     3
291
     0
 70
    58
 90
        1
176
     1
 90
        2
176
     1
 90
        2
176
     1
 90
        0
176
     1
 40
0.6
176
     1
 40
30.0
176
     1
 62
     7
420
 16777215
176
     1
 90
        2
176
     1
 90
        2
176
     1
 62
     7
176
     1
 62
   257
176
     1
 90
        2
176
     1
 90
        1
176
     1
 40
40.0
176
     1
 90
        0
176
     1
 62
   257
176
     1
 40
1.0
176
     1
 90
        1
176
     1
 90
        6
176
     1
 90
        2
176
     1
 62
     7
176
     1
 90
        3
176
     1
 90
        0
176
     1
 90
        0
176
     1
290
     0
176
     1
 90
        1
176
     1
 40
0.0
176
     1
 90
        0
176
     1
290
     0
176
     1
290
     1
176
     1
290
     1
176
     1
290
     0
176
     1
290
     0
176
     1
290
     0
176
     1
290
     0
176
     1
290
     0
176
     1
290
     0
176
     1
 90
       50
176
     1
 40
0.0
176
     1
 40
1.0
176
     1
 90
        0
176
     1
 62
    18
420
        0
176
     1
 90
       50
176
     1
 90
        3
176
     1
 62
     5
420
      255
176
     1
290
     0
176
     1
 90
       50
176
     1
 90
       50
176
     1
 90
       50
176
     1
290
     0
176
     1
 90
       50
176
     1
 62
   256
176
     0
 40
1.0
176
     0
 90
        2
176
     1
  1
strokes_ogs.tif
176
     1
290
     0
176
     1
 40
1.0
176
     1
 40
1.0
176
     1
  0
VISUALSTYLE
  5
3F
102
{ACAD_REACTORS
330
29
102
}
330
29
100
AcDbVisualStyle
  2
JitterOff
 70
    20
177
     3
291
     1
 70
    58
 90
        2
176
     0
 90
        2
176
     0
 90
        0
176
     0
 90
        0
176
     0
 40
0.6
176
     0
 40
30.0
176
     0
 62
     7
420
 16777215
176
     0
 90
        1
176
     0
 90
        4
176
     0
 62
     7
176
     0
 62
   257
176
     0
 90
        1
176
     0
 90
        1
176
     0
 40
1.0
176
     0
 90
       10
176
     2
 62
     7
176
     0
 40
1.0
176
     0
 90
        1
176
     0
 90
        6
176
     0
 90
        2
176
     0
 62
     7
176
     0
 90
        5
176
     0
 90
        0
176
     0
 90
        0
176
     0
290
     0
176
     0
 90
        1
176
     0
 40
0.0
176
     0
 90
        0
176
     0
290
     0
176
     0
290
     1
176
     0
290
     1
176
     0
290
     0
176
     0
290
     0
176
     0
290
     0
176
     0
290
     0
176
     0
290
     0
176
     0
290
     0
176
     0
 90
       50
176
     0
 40
0.0
176
     0
 40
1.0
176
     0
 90
        0
176
     0
 62
    18
420
        0
176
     0
 90
       50
176
     0
 90
        3
176
     0
 62
     5
420
      255
176
     0
290
     0
176
     0
 90
       50
176
     0
 90
       50
176
     0
 90
       50
176
     0
290
     0
176
     0
 90
       50
176
     0
 62
   256
176
     0
 40
1.0
176
     0
 90
        2
176
     0
  1
strokes_ogs.tif
176
     0
290
     0
176
     0
 40
1.0
176
     0
 40
1.0
176
     0
  0
VISUALSTYLE
  5
37
102
{ACAD_REACTORS
330
29
102
}
330
29
100
AcDbVisualStyle
  2
Linepattern
 70
    14
177
     3
291
     1
 70
    58
 90
        2
176
     1
 90
        2
176
     1
 90
        0
176
     1
 90
        0
176
     1
 40
0.6
176
     1
 40
30.0
176
     1
 62
     7
420
 16777215
176
     1
 90
        1
176
     1
 90
        4
176
     1
 62
     7
176
     1
 62
   257
176
     1
 90
        7
176
     1
 90
        7
176
     1
 40
1.0
176
     1
 90
        8
176
     1
 62
     7
176
     1
 40
1.0
176
     1
 90
        1
176
     1
 90
        6
176
     1
 90
        2
176
     1
 62
     7
176
     1
 90
        5
176
     1
 90
        0
176
     1
 90
        0
176
     1
290
     0
176
     1
 90
        1
176
     1
 40
0.0
176
     1
 90
        0
176
     1
290
     0
176
     1
290
     1
176
     1
290
     1
176
     1
290
     0
176
     1
290
     0
176
     1
290
     0
176
     1
290
     0
176
     1
290
     0
176
     1
290
     0
176
     1
 90
       50
176
     1
 40
0.0
176
     1
 40
1.0
176
     1
 90
        0
176
     1
 62
    18
420
        0
176
     1
 90
       50
176
     1
 90
        3
176
     1
 62
     5
420
      255
176
     1
290
     0
176
     1
 90
       50
176
     1
 90
       50
176
     1
 90
       50
176
     1
290
     0
176
     1
 90
       50
176
     1
 62
   256
176
     0
 40
1.0
176
     0
 90
        2
176
     1
  1
strokes_ogs.tif
176
     1
290
     0
176
     1
 40
1.0
176
     1
 40
1.0
176
     1
  0
VISUALSTYLE
  5
40
102
{ACAD_REACTORS
330
29
102
}
330
29
100
AcDbVisualStyle
  2
OverhangOff
 70
    21
177
     3
291
     1
 70
    58
 90
        2
176
     0
 90
        2
176
     0
 90
        0
176
     0
 90
        0
176
     0
 40
0.6
176
     0
 40
30.0
176
     0
 62
     7
420
 16777215
176
     0
 90
        1
176
     0
 90
        4
176
     0
 62
     7
176
     0
 62
   257
176
     0
 90
        1
176
     0
 90
        1
176
     0
 40
1.0
176
     0
 90
        9
176
     2
 62
     7
176
     0
 40
1.0
176
     0
 90
        1
176
     0
 90
        6
176
     0
 90
        2
176
     0
 62
     7
176
     0
 90
        5
176
     0
 90
        0
176
     0
 90
        0
176
     0
290
     0
176
     0
 90
        1
176
     0
 40
0.0
176
     0
 90
        0
176
     0
290
     0
176
     0
290
     1
176
     0
290
     1
176
     0
290
     0
176
     0
290
     0
176
     0
290
     0
176
     0
290
     0
176
     0
290
     0
176
     0
290
     0
176
     0
 90
       50
176
     0
 40
0.0
176
     0
 40
1.0
176
     0
 90
        0
176
     0
 62
    18
420
        0
176
     0
 90
       50
176
     0
 90
        3
176
     0
 62
     5
420
      255
176
     0
290
     0
176
     0
 90
       50
176
     0
 90
       50
176
     0
 90
       50
176
     0
290
     0
176
     0
 90
       50
176
     0
 62
   256
176
     0
 40
1.0
176
     0
 90
        2
176
     0
  1
strokes_ogs.tif
176
     0
290
     0
176
     0
 40
1.0
176
     0
 40
1.0
176
     0
  0
VISUALSTYLE
  5
33
102
{ACAD_REACTORS
330
29
102
}
330
29
100
AcDbVisualStyle
  2
Realistic
 70
     8
177
     3
291
     0
 70
    58
 90
        2
176
     1
 90
        3
176
     1
 90
        0
176
     1
 90
        2
176
     1
 40
0.6
176
     1
 40
30.0
176
     1
 62
     7
420
 16777215
176
     1
 90
        0
176
     1
 90
        0
176
     1
 62
     7
176
     1
 62
   257
176
     1
 90
        1
176
     1
 90
        1
176
     1
 40
1.0
176
     1
 90
        8
176
     1
 62
   257
176
     1
 40
1.0
176
     1
 90
        1
176
     1
 90
        6
176
     1
 90
        2
176
     1
 62
     7
176
     1
 90
        3
176
     1
 90
        0
176
     1
 90
        0
176
     1
290
     0
176
     1
 90
       13
176
     1
 40
0.0
176
     1
 90
        0
176
     1
290
     0
176
     1
290
     1
176
     1
290
     1
176
     1
290
     0
176
     1
290
     0
176
     1
290
     0
176
     1
290
     0
176
     1
290
     0
176
     1
290
     0
176
     1
 90
       50
176
     1
 40
0.0
176
     1
 40
1.0
176
     1
 90
        0
176
     1
 62
    18
420
        0
176
     1
 90
       50
176
     1
 90
        3
176
     1
 62
     5
420
      255
176
     1
290
     0
176
     1
 90
       50
176
     1
 90
       50
176
     1
 90
       50
176
     1
290
     0
176
     1
 90
       50
176
     1
 62
   256
176
     0
 40
1.0
176
     0
 90
        2
176
     1
  1
strokes_ogs.tif
176
     1
290
     0
176
     1
 40
1.0
176
     1
 40
1.0
176
     1
  0
VISUALSTYLE
  5
3E
102
{ACAD_REACTORS
330
29
102
}
330
29
100
AcDbVisualStyle
  2
Shaded
 70
    27
177
     3
291
     0
 70
    58
 90
        2
176
     1
 90
        2
176
     1
 90
        1
176
     1
 90
        2
176
     1
 40
0.6
176
     1
 40
30.0
176
     1
 62
     7
420
 16777215
176
     1
 90
        0
176
     1
 90
        4
176
     1
 62
     7
176
     1
 62
   257
176
     1
 90
        1
176
     1
 90
        1
176
     1
 40
1.0
176
     1
 90
        8
176
     1
 62
   257
176
     1
 40
1.0
176
     1
 90
        1
176
     1
 90
        6
176
     1
 90
        2
176
     1
 62
     8
420
  7895160
176
     1
 90
        3
176
     1
 90
        0
176
     1
 90
        0
176
     1
290
     0
176
     1
 90
        5
176
     1
 40
0.0
176
     1
 90
        0
176
     1
290
     0
176
     1
290
     1
176
     1
290
     1
176
     1
290
     0
176
     1
290
     0
176
     1
290
     0
176
     1
290
     0
176
     1
290
     0
176
     1
290
     0
176
     1
 90
       50
176
     1
 40
0.0
176
     1
 40
1.0
176
     1
 90
        0
176
     1
 62
    18
420
        0
176
     1
 90
       50
176
     1
 90
        3
176
     1
 62
     5
420
      255
176
     1
290
     0
176
     1
 90
       50
176
     1
 90
       50
176
     1
 90
       50
176
     1
290
     0
176
     1
 90
       50
176
     1
 62
   256
176
     0
 40
1.0
176
     0
 90
        2
176
     1
  1
strokes_ogs.tif
176
     1
290
     0
176
     1
 40
1.0
176
     1
 40
1.0
176
     1
  0
VISUALSTYLE
  5
3D
102
{ACAD_REACTORS
330
29
102
}
330
29
100
AcDbVisualStyle
  2
Shaded with edges
 70
    26
177
     3
291
     0
 70
    58
 90
        2
176
     1
 90
        2
176
     1
 90
        1
176
     1
 90
        2
176
     1
 40
0.6
176
     1
 40
30.0
176
     1
 62
     7
420
 16777215
176
     1
 90
        1
176
     1
 90
        2
176
     1
 62
     7
176
     1
 62
   257
176
     1
 90
        2
176
     1
 90
        1
176
     1
 40
1.0
176
     1
 90
        8
176
     1
 62
   257
176
     1
 40
1.0
176
     1
 90
        1
176
     1
 90
        6
176
     1
 90
        2
176
     1
 62
     7
176
     1
 90
        3
176
     1
 90
        0
176
     1
 90
        0
176
     1
290
     0
176
     1
 90
        5
176
     1
 40
0.0
176
     1
 90
        0
176
     1
290
     0
176
     1
290
     1
176
     1
290
     1
176
     1
290
     0
176
     1
290
     0
176
     1
290
     0
176
     1
290
     0
176
     1
290
     0
176
     1
290
     0
176
     1
 90
       50
176
     1
 40
0.0
176
     1
 40
1.0
176
     1
 90
        0
176
     1
 62
    18
420
        0
176
     1
 90
       50
176
     1
 90
        3
176
     1
 62
     5
420
      255
176
     1
290
     0
176
     1
 90
       50
176
     1
 90
       50
176
     1
 90
       50
176
     1
290
     0
176
     1
 90
       50
176
     1
 62
   256
176
     0
 40
1.0
176
     0
 90
        2
176
     1
  1
strokes_ogs.tif
176
     1
290
     0
176
     1
 40
1.0
176
     1
 40
1.0
176
     1
  0
VISUALSTYLE
  5
3A
102
{ACAD_REACTORS
330
29
102
}
330
29
100
AcDbVisualStyle
  2
Shades of Gray
 70
    23
177
     3
291
     0
 70
    58
 90
        2
176
     1
 90
        2
176
     1
 90
        3
176
     1
 90
        0
176
     1
 40
0.6
176
     1
 40
30.0
176
     1
 62
     7
420
 16777215
176
     1
 90
        2
176
     1
 90
        2
176
     1
 62
     7
176
     1
 62
     7
176
     1
 90
        1
176
     1
 90
        1
176
     1
 40
40.0
176
     1
 90
        8
176
     1
 62
     7
176
     1
 40
1.0
176
     1
 90
        1
176
     1
 90
        6
176
     1
 90
        2
176
     1
 62
     7
176
     1
 90
        3
176
     1
 90
        0
176
     1
 90
        0
176
     1
290
     0
176
     1
 90
        1
176
     1
 40
0.0
176
     1
 90
        0
176
     1
290
     0
176
     1
290
     1
176
     1
290
     1
176
     1
290
     0
176
     1
290
     0
176
     1
290
     0
176
     1
290
     0
176
     1
290
     0
176
     1
290
     0
176
     1
 90
       50
176
     1
 40
0.0
176
     1
 40
1.0
176
     1
 90
        0
176
     1
 62
    18
420
        0
176
     1
 90
       50
176
     1
 90
        3
176
     1
 62
     5
420
      255
176
     1
290
     0
176
     1
 90
       50
176
     1
 90
       50
176
     1
 90
       50
176
     1
290
     0
176
     1
 90
       50
176
     1
 62
   256
176
     0
 40
1.0
176
     0
 90
        2
176
     1
  1
strokes_ogs.tif
176
     1
290
     0
176
     1
 40
1.0
176
     1
 40
1.0
176
     1
  0
VISUALSTYLE
  5
3B
102
{ACAD_REACTORS
330
29
102
}
330
29
100
AcDbVisualStyle
  2
Sketchy
 70
    24
177
     3
291
     0
 70
    58
 90
        1
176
     1
 90
        2
176
     1
 90
        2
176
     1
 90
        0
176
     1
 40
0.6
176
     1
 40
30.0
176
     1
 62
     7
420
 16777215
176
     1
 90
        2
176
     1
 90
        2
176
     1
 62
     7
176
     1
 62
     7
176
     1
 90
        1
176
     1
 90
        1
176
     1
 40
40.0
176
     1
 90
       11
176
     1
 62
     7
176
     1
 40
1.0
176
     1
 90
        1
176
     1
 90
        6
176
     1
 90
        2
176
     1
 62
     7
176
     1
 90
        6
176
     1
 90
        0
176
     1
 90
        0
176
     1
290
     0
176
     1
 90
        1
176
     1
 40
0.0
176
     1
 90
        0
176
     1
290
     0
176
     1
290
     1
176
     1
290
     1
176
     1
290
     0
176
     1
290
     0
176
     1
290
     0
176
     1
290
     0
176
     1
290
     0
176
     1
290
     0
176
     1
 90
       50
176
     1
 40
0.0
176
     1
 40
1.0
176
     1
 90
        0
176
     1
 62
    18
420
        0
176
     1
 90
       50
176
     1
 90
        3
176
     1
 62
     5
420
      255
176
     1
290
     0
176
     1
 90
       50
176
     1
 90
       50
176
     1
 90
       50
176
     1
290
     0
176
     1
 90
       50
176
     1
 62
   256
176
     0
 40
1.0
176
     0
 90
        2
176
     1
  1
strokes_ogs.tif
176
     1
290
     0
176
     1
 40
1.0
176
     1
 40
1.0
176
     1
  0
VISUALSTYLE
  5
36
102
{ACAD_REACTORS
330
29
102
}
330
29
100
AcDbVisualStyle
  2
Thicken
 70
    13
177
     3
291
     1
 70
    58
 90
        2
176
     1
 90
        2
176
     1
 90
        0
176
     1
 90
        0
176
     1
 40
0.6
176
     1
 40
30.0
176
     1
 62
     7
420
 16777215
176
     1
 90
        1
176
     1
 90
        4
176
     1
 62
     7
176
     1
 62
   257
176
     1
 90
        1
176
     1
 90
        1
176
     1
 40
1.0
176
     1
 90
       12
176
     1
 62
     7
176
     1
 40
1.0
176
     1
 90
        1
176
     1
 90
        6
176
     1
 90
        2
176
     1
 62
     7
176
     1
 90
        5
176
     1
 90
        0
176
     1
 90
        0
176
     1
290
     0
176
     1
 90
        1
176
     1
 40
0.0
176
     1
 90
        0
176
     1
290
     0
176
     1
290
     1
176
     1
290
     1
176
     1
290
     0
176
     1
290
     0
176
     1
290
     0
176
     1
290
     0
176
     1
290
     0
176
     1
290
     0
176
     1
 90
       50
176
     1
 40
0.0
176
     1
 40
1.0
176
     1
 90
        0
176
     1
 62
    18
420
        0
176
     1
 90
       50
176
     1
 90
        3
176
     1
 62
     5
420
      255
176
     1
290
     0
176
     1
 90
       50
176
     1
 90
       50
176
     1
 90
       50
176
     1
290
     0
176
     1
 90
       50
176
     1
 62
   256
176
     0
 40
1.0
176
     0
 90
        2
176
     1
  1
strokes_ogs.tif
176
     1
290
     0
176
     1
 40
1.0
176
     1
 40
1.0
176
     1
  0
VISUALSTYLE
  5
30
102
{ACAD_REACTORS
330
29
102
}
330
29
100
AcDbVisualStyle
  2
Wireframe
 70
     5
177
     3
291
     0
 70
    58
 90
        0
176
     1
 90
        2
176
     1
 90
        0
176
     1
 90
        0
176
     1
 40
0.6
176
     1
 40
30.0
176
     1
 62
     7
420
 16777215
176
     1
 90
        1
176
     1
 90
        4
176
     1
 62
     7
176
     1
 62
   257
176
     1
 90
        1
176
     1
 90
        1
176
     1
 40
1.0
176
     1
 90
        0
176
     1
 62
   257
176
     1
 40
1.0
176
     1
 90
        1
176
     1
 90
        6
176
     1
 90
        2
176
     1
 62
     7
176
     1
 90
        3
176
     1
 90
        0
176
     1
 90
        0
176
     1
290
     0
176
     1
 90
        1
176
     1
 40
0.0
176
     1
 90
        0
176
     1
290
     0
176
     1
290
     1
176
     1
290
     1
176
     1
290
     0
176
     1
290
     0
176
     1
290
     0
176
     1
290
     0
176
     1
290
     0
176
     1
290
     0
176
     1
 90
       50
176
     1
 40
0.0
176
     1
 40
1.0
176
     1
 90
        0
176
     1
 62
    18
420
        0
176
     1
 90
       50
176
     1
 90
        3
176
     1
 62
     5
420
      255
176
     1
290
     0
176
     1
 90
       50
176
     1
 90
       50
176
     1
 90
       50
176
     1
290
     0
176
     1
 90
       50
176
     1
 62
   256
176
     0
 40
1.0
176
     0
 90
        2
176
     1
  1
strokes_ogs.tif
176
     1
290
     0
176
     1
 40
1.0
176
     1
 40
1.0
176
     1
  0
VISUALSTYLE
  5
3C
102
{ACAD_REACTORS
330
29
102
}
330
29
100
AcDbVisualStyle
  2
X-Ray
 70
    25
177
     3
291
     0
 70
    58
 90
        2
176
     1
 90
        2
176
     1
 90
        1
176
     1
 90
        1
176
     1
 40
0.5
176
     1
 40
30.0
176
     1
 62
     7
420
 16777215
176
     1
 90
        1
176
     1
 90
        0
176
     1
 62
     7
176
     1
 62
   257
176
     1
 90
        1
176
     1
 90
        1
176
     1
 40
1.0
176
     1
 90
        8
176
     1
 62
     7
176
     1
 40
1.0
176
     1
 90
        1
176
     1
 90
        6
176
     1
 90
        2
176
     1
 62
     7
176
     1
 90
        3
176
     1
 90
        0
176
     1
 90
        0
176
     1
290
     0
176
     1
 90
       13
176
     1
 40
0.0
176
     1
 90
        0
176
     1
290
     0
176
     1
290
     1
176
     1
290
     1
176
     1
290
     0
176
     1
290
     0
176
     1
290
     0
176
     1
290
     0
176
     1
290
     0
176
     1
290
     0
176
     1
 90
       50
176
     1
 40
0.0
176
     1
 40
1.0
176
     1
 90
        0
176
     1
 62
    18
420
        0
176
     1
 90
       50
176
     1
 90
        3
176
     1
 62
     5
420
      255
176
     1
290
     0
176
     1
 90
       50
176
     1
 90
       50
176
     1
 90
       50
176
     1
290
     0
176
     1
 90
       50
176
     1
 62
   256
176
     0
 40
1.0
176
     0
 90
        2
176
     1
  1
strokes_ogs.tif
176
     1
290
     0
176
     1
 40
1.0
176
     1
 40
1.0
176
     1
  0
DICTIONARYVAR
  5
6BA
102
{ACAD_REACTORS
330
6B5
102
}
330
6B5
100
DictionaryVariables
280
     0
  1
1:1
  0
DICTIONARYVAR
  5
6B7
102
{ACAD_REACTORS
330
6B5
102
}
330
6B5
100
DictionaryVariables
280
     0
  1
Standard
  0
DICTIONARYVAR
  5
6B6
102
{ACAD_REACTORS
330
6B5
102
}
330
6B5
100
DictionaryVariables
280
     0
  1
Standard
  0
DICTIONARYVAR
  5
6B8
102
{ACAD_REACTORS
330
6B5
102
}
330
6B5
100
DictionaryVariables
280
     0
  1
Imperial24
  0
DICTIONARYVAR
  5
6B9
102
{ACAD_REACTORS
330
6B5
102
}
330
6B5
100
DictionaryVariables
280
     0
  1
Imperial24
  0
XRECORD
  5
6B1
102
{ACAD_REACTORS
330
6AD
102
}
330
6AD
100
AcDbXrecord
280
     1
  1
BUILDING_ID
  1
J1672 -HH - Lot 29, No
  1
FLOOR_ID
  1
1936018
  0
XRECORD
  5
6AF
102
{ACAD_REACTORS
330
6AD
102
}
330
6AD
100
AcDbXrecord
280
     1
  1
-2000051
  1
Lines
  1
-2000260
  1
Dimensions
  1
-2000280
  1
Title Blocks
  1
-2000300
  1
Text Notes
  1
-2000515
  1
View Titles
  1
-2000570
  1
Schedule Graphics
  1
-2002000
  1
Detail Items
  0
XRECORD
  5
6B0
102
{ACAD_REACTORS
330
6AD
102
}
330
6AD
100
AcDbXrecord
280
     1
  1
-2000042
  1
<Thin Lines>
  1
-2000044
  1
<Wide Lines>
  1
-2000281
  1
<Thin Lines>
  1
1933725
  1
0
  1
2107280
  1
0.1 pen DASHED
  1
2107288
  1
0.1 pen
  1
2107485
  1
0.1 pen GREY
  1
2107529
  1
0.2  BLUE
  1
2107534
  1
0.2 BLUE  DASHED
  1
2107540
  1
0.1 pen LIGHT GREY
  0
XRECORD
  5
6AE
102
{ACAD_REACTORS
330
6AD
102
}
330
6AD
100
AcDbXrecord
280
     1
  1
1362766
  1
Viewport : Title
  1
1363570
  1
Filled region : BLACK
  1
1363608
  1
Filled region : WHITE
  1
1616962
  1
Filled region : Earth
  1
1943470
  1
Filled region : GREY
  1
2104536
  1
HH Titleblock Portrait - No Nth Point : HH Titleblock Portrait
  1
2108174
  1
Text : 2.5mm Calibri
  1
2108198
  1
Text : 1.5mm Calibri
  1
2159605
  1
Linear Dimension Style : 1.5mm Calibrii
  1
2176662
  1
Filled region : Plasterboard hatch
  1
2204644
  1
Linear Dimension Style : Diagonal - 1.5mm Calibri
  1
2204652
  1
Filled region : Black Hatch
  1
2204656
  1
Filled region : Concrete Hatch
  1
2204660
  1
Filled region : SAND
  1
2204664
  1
Filled region : White  Hatch
  1
2205518
  1
Linear Dimension Style : 2.5mm CALIBRI
  1
2205817
  1
Filled region : Internal Wall
  1
2359305
  1
Filled region : GREY truss
  1
2604749
  1
Text : 1.5 Cali
  0
DICTIONARY
  5
6BC
330
65
100
AcDbDictionary
280
     1
281
     1
  3
ACAD_ROUNDTRIP_2008_TABLESTYLE_CELLSTYLEMAP
360
6BD
  0
CELLSTYLEMAP
  5
6BD
102
{ACAD_REACTORS
330
6BC
102
}
330
6BC
100
AcDbCellStyleMap
 90
        3
300
CELLSTYLE
  1
TABLEFORMAT_BEGIN
 90
        5
170
     1
 91
        0
 92
    32768
 62
   257
 93
        1
300
CONTENTFORMAT
  1
CONTENTFORMAT_BEGIN
 90
        0
 91
        0
 92
      512
 93
        0
300

 40
0.0
140
1.0
 94
        5
 62
     0
340
55
144
0.25
309
CONTENTFORMAT_END
171
     0
 94
        0
309
TABLEFORMAT_END
  1
CELLSTYLE_BEGIN
 90
        1
 91
        1
300
_TITLE
309
CELLSTYLE_END
300
CELLSTYLE
  1
TABLEFORMAT_BEGIN
 90
        5
170
     1
 91
        0
 92
        0
 62
   257
 93
        1
300
CONTENTFORMAT
  1
CONTENTFORMAT_BEGIN
 90
        0
 91
        0
 92
      512
 93
        0
300

 40
0.0
140
1.0
 94
        5
 62
     0
340
55
144
0.18
309
CONTENTFORMAT_END
171
     0
 94
        0
309
TABLEFORMAT_END
  1
CELLSTYLE_BEGIN
 90
        2
 91
        1
300
_HEADER
309
CELLSTYLE_END
300
CELLSTYLE
  1
TABLEFORMAT_BEGIN
 90
        5
170
     1
 91
        0
 92
        0
 62
   257
 93
        1
300
CONTENTFORMAT
  1
CONTENTFORMAT_BEGIN
 90
        0
 91
        0
 92
      512
 93
        0
300

 40
0.0
140
1.0
 94
        2
 62
     0
340
55
144
0.18
309
CONTENTFORMAT_END
171
     0
 94
        0
309
TABLEFORMAT_END
  1
CELLSTYLE_BEGIN
 90
        3
 91
        2
300
_DATA
309
CELLSTYLE_END
  0
ENDSEC
  0
EOF
