  0
SECTION
  2
HEADER
  9
$ACADVER
  1
AC1032
  9
$ACADMAINTVER
 90
       55
  9
$DWGCODEPAGE
  3
ANSI_1252
  9
$LASTSAVEDBY
  1
bj-su
  9
$REQUIREDVERSIONS
160
                 0
  9
$INSBASE
 10
0.0
 20
0.0
 30
0.0
  9
$EXTMIN
 10
3380.585448851997
 20
28449.99999999998
 30
0.0
  9
$EXTMAX
 10
31883.02577602915
 20
40721.52240640861
 30
0.0
  9
$LIMMIN
 10
0.0
 20
0.0
  9
$LIMMAX
 10
12.0
 20
9.0
  9
$ORTHOMODE
 70
     0
  9
$REGENMODE
 70
     1
  9
$FILLMODE
 70
     1
  9
$QTEXTMODE
 70
     0
  9
$MIRRTEXT
 70
     0
  9
$LTSCALE
 40
1.0
  9
$ATTMODE
 70
     1
  9
$TEXTSIZE
 40
0.2
  9
$TRACEWID
 40
0.05
  9
$TEXTSTYLE
  7
Standard
  9
$CLAYER
  8
0
  9
$CELTYPE
  6
ByLayer
  9
$CECOLOR
 62
   256
  9
$CELTSCALE
 40
1.0
  9
$DISPSILH
 70
     0
  9
$DIMSCALE
 40
1.0
  9
$DIMASZ
 40
0.18
  9
$DIMEXO
 40
0.0625
  9
$DIMDLI
 40
0.38
  9
$DIMRND
 40
0.0
  9
$DIMDLE
 40
0.0
  9
$DIMEXE
 40
0.18
  9
$DIMTP
 40
0.0
  9
$DIMTM
 40
0.0
  9
$DIMTXT
 40
0.18
  9
$DIMCEN
 40
0.09
  9
$DIMTSZ
 40
0.0
  9
$DIMTOL
 70
     0
  9
$DIMLIM
 70
     0
  9
$DIMTIH
 70
     1
  9
$DIMTOH
 70
     1
  9
$DIMSE1
 70
     0
  9
$DIMSE2
 70
     0
  9
$DIMTAD
 70
     0
  9
$DIMZIN
 70
     0
  9
$DIMBLK
  1

  9
$DIMASO
 70
     1
  9
$DIMSHO
 70
     1
  9
$DIMPOST
  1

  9
$DIMAPOST
  1

  9
$DIMALT
 70
     0
  9
$DIMALTD
 70
     2
  9
$DIMALTF
 40
25.4
  9
$DIMLFAC
 40
1.0
  9
$DIMTOFL
 70
     0
  9
$DIMTVP
 40
0.0
  9
$DIMTIX
 70
     0
  9
$DIMSOXD
 70
     0
  9
$DIMSAH
 70
     0
  9
$DIMBLK1
  1

  9
$DIMBLK2
  1

  9
$DIMSTYLE
  2
Standard
  9
$DIMCLRD
 70
     0
  9
$DIMCLRE
 70
     0
  9
$DIMCLRT
 70
     0
  9
$DIMTFAC
 40
1.0
  9
$DIMGAP
 40
0.09
  9
$DIMJUST
 70
     0
  9
$DIMSD1
 70
     0
  9
$DIMSD2
 70
     0
  9
$DIMTOLJ
 70
     1
  9
$DIMTZIN
 70
     0
  9
$DIMALTZ
 70
     0
  9
$DIMALTTZ
 70
     0
  9
$DIMUPT
 70
     0
  9
$DIMDEC
 70
     4
  9
$DIMTDEC
 70
     4
  9
$DIMALTU
 70
     2
  9
$DIMALTTD
 70
     2
  9
$DIMTXSTY
  7
Standard
  9
$DIMAUNIT
 70
     0
  9
$DIMADEC
 70
     0
  9
$DIMALTRND
 40
0.0
  9
$DIMAZIN
 70
     0
  9
$DIMDSEP
 70
    46
  9
$DIMATFIT
 70
     3
  9
$DIMFRAC
 70
     0
  9
$DIMLDRBLK
  1

  9
$DIMLUNIT
 70
     2
  9
$DIMLWD
 70
    -2
  9
$DIMLWE
 70
    -2
  9
$DIMTMOVE
 70
     0
  9
$DIMFXL
 40
1.0
  9
$DIMFXLON
 70
     0
  9
$DIMJOGANG
 40
0.7853981633974483
  9
$DIMTFILL
 70
     0
  9
$DIMTFILLCLR
 70
     0
  9
$DIMARCSYM
 70
     0
  9
$DIMLTYPE
  6

  9
$DIMLTEX1
  6

  9
$DIMLTEX2
  6

  9
$DIMTXTDIRECTION
 70
     0
  9
$LUNITS
 70
     2
  9
$LUPREC
 70
     4
  9
$SKETCHINC
 40
0.1
  9
$FILLETRAD
 40
0.0
  9
$AUNITS
 70
     0
  9
$AUPREC
 70
     0
  9
$MENU
  1
.
  9
$ELEVATION
 40
0.0
  9
$PELEVATION
 40
0.0
  9
$THICKNESS
 40
0.0
  9
$LIMCHECK
 70
     0
  9
$CHAMFERA
 40
0.0
  9
$CHAMFERB
 40
0.0
  9
$CHAMFERC
 40
0.0
  9
$CHAMFERD
 40
0.0
  9
$SKPOLY
 70
     0
  9
$TDCREATE
 40
2461148.348344908
  9
$TDUCREATE
 40
2461147.931678241
  9
$TDUPDATE
 40
2461232.606653681
  9
$TDUUPDATE
 40
2461232.189987014
  9
$TDINDWG
 40
0.0000115741
  9
$TDUSRTIMER
 40
0.0000115741
  9
$USRTIMER
 70
     1
  9
$ANGBASE
 50
0.0
  9
$ANGDIR
 70
     0
  9
$PDMODE
 70
     0
  9
$PDSIZE
 40
0.0
  9
$PLINEWID
 40
0.0
  9
$SPLFRAME
 70
     0
  9
$SPLINETYPE
 70
     6
  9
$SPLINESEGS
 70
     8
  9
$HANDSEED
  5
88E
  9
$SURFTAB1
 70
     6
  9
$SURFTAB2
 70
     6
  9
$SURFTYPE
 70
     6
  9
$SURFU
 70
     6
  9
$SURFV
 70
     6
  9
$UCSBASE
  2

  9
$UCSNAME
  2

  9
$UCSORG
 10
0.0
 20
0.0
 30
0.0
  9
$UCSXDIR
 10
1.0
 20
0.0
 30
0.0
  9
$UCSYDIR
 10
0.0
 20
1.0
 30
0.0
  9
$UCSORTHOREF
  2

  9
$UCSORTHOVIEW
 70
     0
  9
$UCSORGTOP
 10
0.0
 20
0.0
 30
0.0
  9
$UCSORGBOTTOM
 10
0.0
 20
0.0
 30
0.0
  9
$UCSORGLEFT
 10
0.0
 20
0.0
 30
0.0
  9
$UCSORGRIGHT
 10
0.0
 20
0.0
 30
0.0
  9
$UCSORGFRONT
 10
0.0
 20
0.0
 30
0.0
  9
$UCSORGBACK
 10
0.0
 20
0.0
 30
0.0
  9
$PUCSBASE
  2

  9
$PUCSNAME
  2

  9
$PUCSORG
 10
0.0
 20
0.0
 30
0.0
  9
$PUCSXDIR
 10
1.0
 20
0.0
 30
0.0
  9
$PUCSYDIR
 10
0.0
 20
1.0
 30
0.0
  9
$PUCSORTHOREF
  2

  9
$PUCSORTHOVIEW
 70
     0
  9
$PUCSORGTOP
 10
0.0
 20
0.0
 30
0.0
  9
$PUCSORGBOTTOM
 10
0.0
 20
0.0
 30
0.0
  9
$PUCSORGLEFT
 10
0.0
 20
0.0
 30
0.0
  9
$PUCSORGRIGHT
 10
0.0
 20
0.0
 30
0.0
  9
$PUCSORGFRONT
 10
0.0
 20
0.0
 30
0.0
  9
$PUCSORGBACK
 10
0.0
 20
0.0
 30
0.0
  9
$USERI1
 70
     0
  9
$USERI2
 70
     0
  9
$USERI3
 70
     0
  9
$USERI4
 70
     0
  9
$USERI5
 70
     0
  9
$USERR1
 40
0.0
  9
$USERR2
 40
0.0
  9
$USERR3
 40
0.0
  9
$USERR4
 40
0.0
  9
$USERR5
 40
0.0
  9
$WORLDVIEW
 70
     1
  9
$SHADEDGE
 70
     3
  9
$SHADEDIF
 70
    70
  9
$TILEMODE
 70
     1
  9
$MAXACTVP
 70
    64
  9
$PINSBASE
 10
0.0
 20
0.0
 30
0.0
  9
$PLIMCHECK
 70
     0
  9
$PEXTMIN
 10
1.000000000000000E+20
 20
1.000000000000000E+20
 30
1.000000000000000E+20
  9
$PEXTMAX
 10
-1.000000000000000E+20
 20
-1.000000000000000E+20
 30
-1.000000000000000E+20
  9
$PLIMMIN
 10
0.0
 20
0.0
  9
$PLIMMAX
 10
12.0
 20
9.0
  9
$UNITMODE
 70
     0
  9
$VISRETAIN
 70
     1
  9
$PLINEGEN
 70
     0
  9
$PSLTSCALE
 70
     1
  9
$TREEDEPTH
 70
  3020
  9
$CMLSTYLE
  2
Standard
  9
$CMLJUST
 70
     0
  9
$CMLSCALE
 40
1.0
  9
$PROXYGRAPHICS
 70
     1
  9
$MEASUREMENT
 70
     1
  9
$CELWEIGHT
370
    -1
  9
$ENDCAPS
280
     0
  9
$JOINSTYLE
280
     0
  9
$LWDISPLAY
290
     0
  9
$INSUNITS
 70
     4
  9
$HYPERLINKBASE
  1

  9
$STYLESHEET
  1

  9
$XEDIT
290
     1
  9
$CEPSNTYPE
380
     0
  9
$PSTYLEMODE
290
     1
  9
$FINGERPRINTGUID
  2
{745C2B61-EA26-C346-A681-2DD17E411792}
  9
$VERSIONGUID
  2
{A35D57FA-FD17-7344-AAAE-5B987899E3AD}
  9
$EXTNAMES
290
     1
  9
$PSVPSCALE
 40
0.0
  9
$OLESTARTUP
290
     0
  9
$SORTENTS
280
   127
  9
$INDEXCTL
280
     0
  9
$HIDETEXT
280
     1
  9
$XCLIPFRAME
280
     2
  9
$HALOGAP
280
     0
  9
$OBSCOLOR
 70
   257
  9
$OBSLTYPE
280
     0
  9
$INTERSECTIONDISPLAY
280
     0
  9
$INTERSECTIONCOLOR
 70
   257
  9
$DIMASSOC
280
     2
  9
$PROJECTNAME
  1

  9
$CAMERADISPLAY
290
     0
  9
$LENSLENGTH
 40
50.0
  9
$CAMERAHEIGHT
 40
0.0
  9
$STEPSPERSEC
 40
2.0
  9
$STEPSIZE
 40
6.0
  9
$3DDWFPREC
 40
2.0
  9
$PSOLWIDTH
 40
0.25
  9
$PSOLHEIGHT
 40
4.0
  9
$LOFTANG1
 40
1.570796326794897
  9
$LOFTANG2
 40
1.570796326794897
  9
$LOFTMAG1
 40
0.0
  9
$LOFTMAG2
 40
0.0
  9
$LOFTPARAM
 70
     7
  9
$LOFTNORMALS
280
     1
  9
$LATITUDE
 40
37.795
  9
$LONGITUDE
 40
-122.394
  9
$NORTHDIRECTION
 40
0.0
  9
$TIMEZONE
 70
 -8000
  9
$LIGHTGLYPHDISPLAY
280
     1
  9
$TILEMODELIGHTSYNCH
280
     1
  9
$CMATERIAL
347
11
  9
$SOLIDHIST
280
     0
  9
$SHOWHIST
280
     1
  9
$DWFFRAME
280
     2
  9
$DGNFRAME
280
     0
  9
$REALWORLDSCALE
290
     1
  9
$INTERFERECOLOR
 62
     1
  9
$CSHADOW
280
     0
  9
$SHADOWPLANELOCATION
 40
0.0
  0
ENDSEC
  0
SECTION
  2
CLASSES
  0
CLASS
  1
ACDBDICTIONARYWDFLT
  2
AcDbDictionaryWithDefault
  3
ObjectDBX Classes
 90
        0
 91
        3
280
     0
281
     0
  0
CLASS
  1
MATERIAL
  2
AcDbMaterial
  3
ObjectDBX Classes
 90
     1153
 91
        3
280
     0
281
     0
  0
CLASS
  1
VISUALSTYLE
  2
AcDbVisualStyle
  3
ObjectDBX Classes
 90
     4095
 91
        3
280
     0
281
     0
  0
CLASS
  1
SCALE
  2
AcDbScale
  3
ObjectDBX Classes
 90
     1153
 91
        3
280
     0
281
     0
  0
CLASS
  1
TABLESTYLE
  2
AcDbTableStyle
  3
ObjectDBX Classes
 90
     4095
 91
        3
280
     0
281
     0
  0
CLASS
  1
MLEADERSTYLE
  2
AcDbMLeaderStyle
  3
ACDB_MLEADERSTYLE_CLASS
 90
     4095
 91
        3
280
     0
281
     0
  0
CLASS
  1
ACDBSECTIONVIEWSTYLE
  2
AcDbSectionViewStyle
  3
ObjectDBX Classes
 90
     1025
 91
        3
280
     0
281
     0
  0
CLASS
  1
ACDBDETAILVIEWSTYLE
  2
AcDbDetailViewStyle
  3
ObjectDBX Classes
 90
     1025
 91
        3
280
     0
281
     0
  0
CLASS
  1
RASTERVARIABLES
  2
AcDbRasterVariables
  3
ISM
 90
        0
 91
        3
280
     0
281
     0
  0
CLASS
  1
DICTIONARYVAR
  2
AcDbDictionaryVar
  3
ObjectDBX Classes
 90
        0
 91
        3
280
     0
281
     0
  0
CLASS
  1
SORTENTSTABLE
  2
AcDbSortentsTable
  3
ObjectDBX Classes
 90
        0
 91
        3
280
     0
281
     0
  0
CLASS
  1
CELLSTYLEMAP
  2
AcDbCellStyleMap
  3
ObjectDBX Classes
 90
     1152
 91
        3
280
     0
281
     0
  0
ENDSEC
  0
SECTION
  2
TABLES
  0
TABLE
  2
VPORT
  5
8
330
0
100
AcDbSymbolTable
 70
     1
  0
VPORT
  5
57
330
8
100
AcDbSymbolTableRecord
100
AcDbViewportTableRecord
  2
*Active
 70
     0
 10
0.0
 20
0.0
 11
1.0
 21
1.0
 12
17631.80561244058
 22
34585.7612032043
 13
0.0
 23
0.0
 14
1.0
 24
1.0
 15
0.0
 25
0.0
 16
0.0
 26
0.0
 36
1.0
 17
0.0
 27
0.0
 37
0.0
 40
12271.52240640863
 41
2.322649088127172
 42
50.0
 43
0.0
 44
0.0
 50
0.0
 51
0.0
 71
     0
 72
  1000
 73
     1
 74
     1
 75
     0
 76
     0
 77
     0
 78
     0
281
     0
 65
     1
110
0.0
120
0.0
130
0.0
111
1.0
121
0.0
131
0.0
112
0.0
122
1.0
132
0.0
 79
     0
146
0.0
348
2F
 60
     3
 61
     5
292
     1
282
     1
141
0.0
142
0.0
 63
   250
421
  3355443
  0
ENDTAB
  0
TABLE
  2
LTYPE
  5
5
330
0
100
AcDbSymbolTable
 70
     6
  0
LTYPE
  5
5B
330
5
100
AcDbSymbolTableRecord
100
AcDbLinetypeTableRecord
  2
ByBlock
 70
     0
  3

 72
    65
 73
     0
 40
0.0
  0
LTYPE
  5
5C
330
5
100
AcDbSymbolTableRecord
100
AcDbLinetypeTableRecord
  2
ByLayer
 70
     0
  3

 72
    65
 73
     0
 40
0.0
  0
LTYPE
  5
5D
330
5
100
AcDbSymbolTableRecord
100
AcDbLinetypeTableRecord
  2
Continuous
 70
     0
  3
Solid line
 72
    65
 73
     0
 40
0.0
  0
LTYPE
  5
AF
330
5
100
AcDbSymbolTableRecord
100
AcDbLinetypeTableRecord
  2
Dash 2_5mm
 70
     0
  3

 72
    65
 73
     2
 40
5.0
 49
2.5
 74
     0
 49
-2.5
 74
     0
  0
LTYPE
  5
C8
330
5
100
AcDbSymbolTableRecord
100
AcDbLinetypeTableRecord
  2
Dash - Tight
 70
     0
  3

 72
    65
 73
     2
 40
4.499999999999999
 49
3.0
 74
     0
 49
-1.5
 74
     0
  0
LTYPE
  5
C9
330
5
100
AcDbSymbolTableRecord
100
AcDbLinetypeTableRecord
  2
Dash 1_1_
 70
     0
  3

 72
    65
 73
     2
 40
2.0
 49
1.0
 74
     0
 49
-1.0
 74
     0
  0
LTYPE
  5
1B5
330
5
100
AcDbSymbolTableRecord
100
AcDbLinetypeTableRecord
  2
Dashed - Tight 0_18 Pen
 70
     0
  3

 72
    65
 73
     4
 40
3.46
 49
1.2
 74
     0
 49
-0.5299999999999999
 74
     0
 49
1.2
 74
     0
 49
-0.5299999999999999
 74
     0
  0
LTYPE
  5
6D9
330
5
100
AcDbSymbolTableRecord
100
AcDbLinetypeTableRecord
  2
Centre
 70
     0
  3

 72
    65
 73
     4
 40
30.0
 49
12.0
 74
     0
 49
-6.0
 74
     0
 49
6.0
 74
     0
 49
-6.0
 74
     0
  0
ENDTAB
  0
TABLE
  2
LAYER
  5
2
330
0
100
AcDbSymbolTable
 70
    24
  0
LAYER
  5
54
330
2
100
AcDbSymbolTableRecord
100
AcDbLayerTableRecord
  2
0
 70
     0
 62
     7
  6
Continuous
370
    -3
390
F
347
21
348
0
  0
LAYER
  5
84
330
2
100
AcDbSymbolTableRecord
100
AcDbLayerTableRecord
  2
A-DOOR
 70
     0
 62
    31
  6
Continuous
370
     9
390
F
347
21
348
0
  0
LAYER
  5
85
330
2
100
AcDbSymbolTableRecord
100
AcDbLayerTableRecord
  2
A-GENM
 70
     0
 62
    13
  6
Continuous
370
     9
390
F
347
21
348
0
  0
LAYER
  5
86
330
2
100
AcDbSymbolTableRecord
100
AcDbLayerTableRecord
  2
P-SANR-FIXT
 70
     0
 62
     6
  6
Continuous
370
     9
390
F
347
21
348
0
  0
LAYER
  5
87
330
2
100
AcDbSymbolTableRecord
100
AcDbLayerTableRecord
  2
A-FLOR
 70
     0
 62
   192
  6
Continuous
370
     9
390
F
347
21
348
0
  0
LAYER
  5
88
330
2
100
AcDbSymbolTableRecord
100
AcDbLayerTableRecord
  2
S-STRS
 70
     0
 62
    31
  6
Continuous
370
     9
390
F
347
21
348
0
  0
LAYER
  5
8B
330
2
100
AcDbSymbolTableRecord
100
AcDbLayerTableRecord
  2
A-GLAZ
 70
     0
 62
   151
  6
Continuous
370
     9
390
F
347
21
348
0
  0
LAYER
  5
8F
330
2
100
AcDbSymbolTableRecord
100
AcDbLayerTableRecord
  2
A-GLAZ-CURT
 70
     0
 62
    52
  6
Continuous
370
     9
390
F
347
21
348
0
  0
LAYER
  5
90
330
2
100
AcDbSymbolTableRecord
100
AcDbLayerTableRecord
  2
A-GLAZ-CWMG
 70
     0
 62
    51
  6
Continuous
370
     9
390
F
347
21
348
0
  0
LAYER
  5
93
330
2
100
AcDbSymbolTableRecord
100
AcDbLayerTableRecord
  2
E-ELEC-FIXT
 70
     0
 62
    91
  6
Continuous
370
     9
390
F
347
21
348
0
  0
LAYER
  5
AD
330
2
100
AcDbSymbolTableRecord
100
AcDbLayerTableRecord
  2
A-DETL-GENF
 70
     0
 62
    92
  6
Continuous
370
     9
390
F
347
21
348
0
  0
LAYER
  5
AE
330
2
100
AcDbSymbolTableRecord
100
AcDbLayerTableRecord
  2
A-DETL
 70
     0
 62
    90
  6
Continuous
370
     9
390
F
347
21
348
0
  0
LAYER
  5
F4
330
2
100
AcDbSymbolTableRecord
100
AcDbLayerTableRecord
  2
A-DETL-MEDM
 70
     0
 62
    33
  6
Continuous
370
    25
390
F
347
21
348
0
  0
LAYER
  5
124
330
2
100
AcDbSymbolTableRecord
100
AcDbLayerTableRecord
  2
A-WALL-PATT
 70
     0
 62
   111
  6
Continuous
370
     9
390
F
347
21
348
0
  0
LAYER
  5
176
330
2
100
AcDbSymbolTableRecord
100
AcDbLayerTableRecord
  2
A-GLAZ-HDLN
 70
     0
 62
     1
  6
Dash 2_5mm
370
     9
390
F
347
21
348
0
  0
LAYER
  5
1B9
330
2
100
AcDbSymbolTableRecord
100
AcDbLayerTableRecord
  2
A-DOOR-FRAM
 70
     0
 62
    31
  6
Continuous
370
     9
390
F
347
21
348
0
  0
LAYER
  5
6AB
330
2
100
AcDbSymbolTableRecord
100
AcDbLayerTableRecord
  2
A-DETL-WIDE
 70
     0
 62
   214
  6
Continuous
370
    50
390
F
347
21
348
0
  0
LAYER
  5
6D5
330
2
100
AcDbSymbolTableRecord
100
AcDbLayerTableRecord
  2
A-FLOR-LEVL
 70
     0
 62
    51
  6
Continuous
370
     9
390
F
347
21
348
0
  0
LAYER
  5
6ED
330
2
100
AcDbSymbolTableRecord
100
AcDbLayerTableRecord
  2
G-ANNO-TEXT
 70
     0
 62
   231
  6
Continuous
370
     9
390
F
347
21
348
0
  0
LAYER
  5
6F1
330
2
100
AcDbSymbolTableRecord
100
AcDbLayerTableRecord
  2
A-ANNO-IDEN
 70
     0
 62
   131
  6
Continuous
370
     9
390
F
347
21
348
0
  0
LAYER
  5
703
330
2
100
AcDbSymbolTableRecord
100
AcDbLayerTableRecord
  2
A-ROOF-IDEN
 70
     0
 62
   132
  6
Continuous
370
     9
390
F
347
21
348
0
  0
LAYER
  5
717
330
2
100
AcDbSymbolTableRecord
100
AcDbLayerTableRecord
  2
A-ANNO-DIMS
 70
     0
 62
   211
  6
Continuous
370
     9
390
F
347
21
348
0
  0
LAYER
  5
719
330
2
100
AcDbSymbolTableRecord
100
AcDbLayerTableRecord
  2
A-ANNO-DIMS-100
 70
     0
 62
   211
  6
Continuous
370
     9
390
F
347
21
348
0
  0
LAYER
  5
72D
330
2
100
AcDbSymbolTableRecord
100
AcDbLayerTableRecord
  2
Defpoints
 70
     0
 62
     7
  6
Continuous
290
     0
370
    -3
390
F
347
21
348
0
  0
ENDTAB
  0
TABLE
  2
STYLE
  5
3
330
0
100
AcDbSymbolTable
 70
     7
  0
STYLE
  5
55
330
3
100
AcDbSymbolTableRecord
100
AcDbTextStyleTableRecord
  2
Standard
 70
     0
 40
0.0
 41
1.0
 50
0.0
 71
     0
 42
0.2
  3
txt
  4

  0
STYLE
  5
5A
330
3
100
AcDbSymbolTableRecord
100
AcDbTextStyleTableRecord
  2
Annotative
 70
     0
 40
0.0
 41
1.0
 50
0.0
 71
     0
 42
0.2
  3
txt
  4

1001
AcadAnnotative
1000
AnnotativeData
1002
{
1070
     1
1070
     1
1002
}
  0
STYLE
  5
6D6
330
3
100
AcDbSymbolTableRecord
100
AcDbTextStyleTableRecord
  2
ISOCPEUR
 70
     0
 40
199.9999999999998
 41
1.0
 50
0.0
 71
     0
 42
0.2
  3
ISOCPEUR.ttf
  4

1001
ACAD
1000
ISOCPEUR
1071
       34
  0
STYLE
  5
6EE
330
3
100
AcDbSymbolTableRecord
100
AcDbTextStyleTableRecord
  2
ISOCPEUR_I
 70
     0
 40
150.0
 41
1.0
 50
0.0
 71
     0
 42
0.2
  3

  4

1001
ACAD
1000
ISOCPEUR
1071
 16777250
  0
STYLE
  5
6F2
330
3
100
AcDbSymbolTableRecord
100
AcDbTextStyleTableRecord
  2
Calibri
 70
     0
 40
149.9999999999998
 41
1.0
 50
0.0
 71
     0
 42
0.2
  3
calibri.ttf
  4

1001
ACAD
1000
Calibri
1071
       34
  0
STYLE
  5
70C
330
3
100
AcDbSymbolTableRecord
100
AcDbTextStyleTableRecord
  2
ISOCPEUR_B
 70
     0
 40
249.9999999999997
 41
1.0
 50
0.0
 71
     0
 42
0.2
  3

  4

1001
ACAD
1000
ISOCPEUR
1071
 33554466
  0
STYLE
  5
7EB
330
3
100
AcDbSymbolTableRecord
100
AcDbTextStyleTableRecord
  2
Calibri_1
 70
     0
 40
120.0
 41
1.0
 50
0.0
 71
     0
 42
0.2
  3
calibri.ttf
  4

1001
ACAD
1000
Calibri
1071
       34
  0
ENDTAB
  0
TABLE
  2
VIEW
  5
6
330
0
100
AcDbSymbolTable
 70
     0
  0
ENDTAB
  0
TABLE
  2
UCS
  5
7
330
0
100
AcDbSymbolTable
 70
     0
  0
ENDTAB
  0
TABLE
  2
APPID
  5
9
330
0
100
AcDbSymbolTable
 70
     3
  0
APPID
  5
56
330
9
100
AcDbSymbolTableRecord
100
AcDbRegAppTableRecord
  2
ACAD
 70
     0
  0
APPID
  5
5E
330
9
100
AcDbSymbolTableRecord
100
AcDbRegAppTableRecord
  2
AcadAnnotative
 70
     0
  0
APPID
  5
78
330
9
100
AcDbSymbolTableRecord
100
AcDbRegAppTableRecord
  2
REVIT
 70
     0
  0
ENDTAB
  0
TABLE
  2
DIMSTYLE
  5
A
330
0
100
AcDbSymbolTable
 70
     4
100
AcDbDimStyleTable
  0
DIMSTYLE
105
58
330
A
100
AcDbSymbolTableRecord
100
AcDbDimStyleTableRecord
  2
Standard
 70
     0
178
     0
340
55
  0
DIMSTYLE
105
59
330
A
100
AcDbSymbolTableRecord
100
AcDbDimStyleTableRecord
  2
Annotative
 70
     0
178
     0
340
55
1001
AcadAnnotative
1000
AnnotativeData
1002
{
1070
     1
1070
     1
1002
}
  0
DIMSTYLE
105
726
102
{ACAD_REACTORS
330
72B
102
}
330
A
100
AcDbSymbolTableRecord
100
AcDbDimStyleTableRecord
  2
1_5mm_Calibri_Orange
 70
     0
  3
<>
 40
304.8
 41
0.4921259842519685
 44
0.3280839895013123
 46
0.3280839895013123
 49
0.9842519685039369
 69
     1
 70
     0
 90
        2
290
     1
 73
     0
 74
     0
 77
     1
140
176.6022635757018
145
1.0
147
0.0
172
     1
173
     1
174
     1
178
     0
179
     2
271
     0
340
6F2
343
727
344
727
  0
DIMSTYLE
105
754
102
{ACAD_REACTORS
330
755
102
}
330
A
100
AcDbSymbolTableRecord
100
AcDbDimStyleTableRecord
  2
2_0mm_ISOCPEUR
 70
     0
  3
<>
 40
304.8
 41
0.4921259842519685
 44
0.4921259842519685
 46
0.3280839895013123
 49
1.804461942257218
 90
        2
290
     1
 73
     0
 74
     0
 77
     1
140
200.550993797077
145
1.0
147
0.0
172
     1
173
     1
174
     1
178
     0
179
     2
271
     0
340
6D6
343
727
344
727
  0
ENDTAB
  0
TABLE
  2
BLOCK_RECORD
  5
1
330
0
100
AcDbSymbolTable
 70
    46
  0
BLOCK_RECORD
  5
70
102
{ACAD_XDICTIONARY
360
881
102
}
330
1
100
AcDbSymbolTableRecord
100
AcDbBlockTableRecord
  2
*Model_Space
340
73
 70
     0
280
     1
281
     0
  0
BLOCK_RECORD
  5
6C
330
1
100
AcDbSymbolTableRecord
100
AcDbBlockTableRecord
  2
*Paper_Space
340
6F
 70
     0
280
     1
281
     0
  0
BLOCK_RECORD
  5
74
330
1
100
AcDbSymbolTableRecord
100
AcDbBlockTableRecord
  2
*Paper_Space0
340
77
 70
     0
280
     1
281
     0
  0
BLOCK_RECORD
  5
11D
330
1
100
AcDbSymbolTableRecord
100
AcDbBlockTableRecord
  2
Panelift Door - 5000-2447540-rhs
340
0
102
{BLKREFS
331
120
102
}
 70
     0
280
     1
281
     0
  0
BLOCK_RECORD
  5
171
330
1
100
AcDbSymbolTableRecord
100
AcDbBlockTableRecord
  2
FIXED MOULDING ON AND OFF - A0618-2008251-rhs
340
0
102
{BLKREFS
331
17B
102
}
 70
     0
280
     1
281
     0
  0
BLOCK_RECORD
  5
1B4
330
1
100
AcDbSymbolTableRecord
100
AcDbBlockTableRecord
  2
Single - Timber Frame  - 950x2100 EXTERIOR-2625504-rhs
340
0
102
{BLKREFS
331
1C4
102
}
 70
     0
280
     1
281
     0
  0
BLOCK_RECORD
  5
226
330
1
100
AcDbSymbolTableRecord
100
AcDbBlockTableRecord
  2
System Panel - Glazed-2541518-rhs
340
0
102
{BLKREFS
331
22B
102
}
 70
     0
280
     1
281
     0
  0
BLOCK_RECORD
  5
22C
330
1
100
AcDbSymbolTableRecord
100
AcDbBlockTableRecord
  2
System Panel - Glazed-1570521-rhs
340
0
102
{BLKREFS
331
230
102
}
 70
     0
280
     1
281
     0
  0
BLOCK_RECORD
  5
231
330
1
100
AcDbSymbolTableRecord
100
AcDbBlockTableRecord
  2
Rectangular Mullion - 25x25-1571407-rhs
340
0
102
{BLKREFS
331
237
102
}
 70
     0
280
     1
281
     0
  0
BLOCK_RECORD
  5
238
330
1
100
AcDbSymbolTableRecord
100
AcDbBlockTableRecord
  2
System Panel - Glazed-1571408-rhs
340
0
102
{BLKREFS
331
23C
102
}
 70
     0
280
     1
281
     0
  0
BLOCK_RECORD
  5
23D
330
1
100
AcDbSymbolTableRecord
100
AcDbBlockTableRecord
  2
Rectangular Mullion - 25x25-1570524-rhs
340
0
102
{BLKREFS
331
242
102
}
 70
     0
280
     1
281
     0
  0
BLOCK_RECORD
  5
2B9
330
1
100
AcDbSymbolTableRecord
100
AcDbBlockTableRecord
  2
Windows 1 - Windows 1-1602304-rhs
340
0
102
{BLKREFS
331
3CF
102
}
 70
     0
280
     1
281
     0
  0
BLOCK_RECORD
  5
3D0
330
1
100
AcDbSymbolTableRecord
100
AcDbBlockTableRecord
  2
FIXED MOULDING ON AND OFF - A1204-2341869-rhs
340
0
102
{BLKREFS
331
3D9
102
}
 70
     0
280
     1
281
     0
  0
BLOCK_RECORD
  5
3DA
330
1
100
AcDbSymbolTableRecord
100
AcDbBlockTableRecord
  2
Single - Timber Frame  - 870x2400-2599487-rhs
340
0
102
{BLKREFS
331
3E0
102
}
 70
     0
280
     1
281
     0
  0
BLOCK_RECORD
  5
3E1
330
1
100
AcDbSymbolTableRecord
100
AcDbBlockTableRecord
  2
2 panel 1 mullion - AF0615-1979268-rhs
340
0
102
{BLKREFS
331
3EC
102
}
 70
     0
280
     1
281
     0
  0
BLOCK_RECORD
  5
3ED
330
1
100
AcDbSymbolTableRecord
100
AcDbBlockTableRecord
  2
FIXED MOULDING ON AND OFF - A0616-2008254-rhs
340
0
102
{BLKREFS
331
3F6
102
}
 70
     0
280
     1
281
     0
  0
BLOCK_RECORD
  5
419
330
1
100
AcDbSymbolTableRecord
100
AcDbBlockTableRecord
  2
VELUX FS   deck mounted   fixed - C01-1726125-rhs
340
0
102
{BLKREFS
331
42F
102
}
 70
     0
280
     1
281
     0
  0
BLOCK_RECORD
  5
430
330
1
100
AcDbSymbolTableRecord
100
AcDbBlockTableRecord
  2
AS_AA 0606 - 1518_2 PANEL HORIZONTAL_ - AA0616-1980572-rhs
340
0
102
{BLKREFS
331
43B
102
}
 70
     0
280
     1
281
     0
  0
BLOCK_RECORD
  5
43C
330
1
100
AcDbSymbolTableRecord
100
AcDbBlockTableRecord
  2
VELUX FS   deck mounted   fixed - C01-V1-rhs
340
0
102
{BLKREFS
331
45B
102
}
 70
     0
280
     1
281
     0
  0
BLOCK_RECORD
  5
45C
330
1
100
AcDbSymbolTableRecord
100
AcDbBlockTableRecord
  2
Gas instantaneous hws - Type 1-1979205-rhs
340
0
102
{BLKREFS
331
49B
331
68D
102
}
 70
     0
280
     1
281
     0
  0
BLOCK_RECORD
  5
49C
330
1
100
AcDbSymbolTableRecord
100
AcDbBlockTableRecord
  2
Downpipe - 450 Eave-1977526-rhs
340
0
102
{BLKREFS
331
4A8
102
}
 70
     0
280
     1
281
     0
  0
BLOCK_RECORD
  5
4A9
330
1
100
AcDbSymbolTableRecord
100
AcDbBlockTableRecord
  2
Downpipe - 450 Eave-1917949-rhs
340
0
102
{BLKREFS
331
4B3
102
}
 70
     0
280
     1
281
     0
  0
BLOCK_RECORD
  5
4B4
330
1
100
AcDbSymbolTableRecord
100
AcDbBlockTableRecord
  2
Downpipe - 450 Eave-1907595-rhs
340
0
102
{BLKREFS
331
4B9
102
}
 70
     0
280
     1
281
     0
  0
BLOCK_RECORD
  5
4BA
330
1
100
AcDbSymbolTableRecord
100
AcDbBlockTableRecord
  2
Downpipe - 450 Eave-1907690-rhs
340
0
102
{BLKREFS
331
4BF
102
}
 70
     0
280
     1
281
     0
  0
BLOCK_RECORD
  5
4C0
330
1
100
AcDbSymbolTableRecord
100
AcDbBlockTableRecord
  2
Solar Panel_ Face Based - Solar Panel_ Face Based-1931305-rhs
340
0
102
{BLKREFS
331
4C3
331
4C4
331
4D1
331
4D2
331
4D3
331
4D4
331
4D5
331
4E3
331
4E4
331
4E5
331
4E6
331
4E7
331
4F5
102
}
 70
     0
280
     1
281
     0
  0
BLOCK_RECORD
  5
4C5
330
1
100
AcDbSymbolTableRecord
100
AcDbBlockTableRecord
  2
Solar Panel_ Face Based - Solar Panel_ Face Based-V2-rhs
340
0
102
{BLKREFS
331
4D0
102
}
 70
     0
280
     1
281
     0
  0
BLOCK_RECORD
  5
4D6
330
1
100
AcDbSymbolTableRecord
100
AcDbBlockTableRecord
  2
Solar Panel_ Face Based - Solar Panel_ Face Based-V3-rhs
340
0
102
{BLKREFS
331
4E2
102
}
 70
     0
280
     1
281
     0
  0
BLOCK_RECORD
  5
4E8
330
1
100
AcDbSymbolTableRecord
100
AcDbBlockTableRecord
  2
Solar Panel_ Face Based - Solar Panel_ Face Based-V4-rhs
340
0
102
{BLKREFS
331
4F4
102
}
 70
     0
280
     1
281
     0
  0
BLOCK_RECORD
  5
4F6
330
1
100
AcDbSymbolTableRecord
100
AcDbBlockTableRecord
  2
Solar Panel_ Face Based - Solar Panel_ Face Based-V5-rhs
340
0
102
{BLKREFS
331
501
102
}
 70
     0
280
     1
281
     0
  0
BLOCK_RECORD
  5
502
330
1
100
AcDbSymbolTableRecord
100
AcDbBlockTableRecord
  2
Tap - Tap-1959228-rhs
340
0
102
{BLKREFS
331
536
102
}
 70
     0
280
     1
281
     0
  0
BLOCK_RECORD
  5
537
330
1
100
AcDbSymbolTableRecord
100
AcDbBlockTableRecord
  2
Shower_Twin_Phoenix_NXQuil_FaceBased - Chrome _606-6500-00_-1739590-rhs
340
0
102
{BLKREFS
331
62D
102
}
 70
     0
280
     1
281
     0
  0
BLOCK_RECORD
  5
62E
330
1
100
AcDbSymbolTableRecord
100
AcDbBlockTableRecord
  2
Downpipe - 450 Eave-1976548-rhs
340
0
102
{BLKREFS
331
635
102
}
 70
     0
280
     1
281
     0
  0
BLOCK_RECORD
  5
636
330
1
100
AcDbSymbolTableRecord
100
AcDbBlockTableRecord
  2
Downpipe - 450 Eave-2002628-rhs
340
0
102
{BLKREFS
331
642
102
}
 70
     0
280
     1
281
     0
  0
BLOCK_RECORD
  5
643
330
1
100
AcDbSymbolTableRecord
100
AcDbBlockTableRecord
  2
Timber_Screen_Adjustable_21388 - Type 1-2542742-rhs
340
0
102
{BLKREFS
331
649
102
}
 70
     0
280
     1
281
     0
  0
BLOCK_RECORD
  5
64A
330
1
100
AcDbSymbolTableRecord
100
AcDbBlockTableRecord
  2
Timber_Screen_Adjustable_21388 - Type 1-2543068-rhs
340
0
102
{BLKREFS
331
670
102
}
 70
     0
280
     1
281
     0
  0
BLOCK_RECORD
  5
671
330
1
100
AcDbSymbolTableRecord
100
AcDbBlockTableRecord
  2
Tap - Tap-V6-rhs
340
0
102
{BLKREFS
331
68C
102
}
 70
     0
280
     1
281
     0
  0
BLOCK_RECORD
  5
727
330
1
100
AcDbSymbolTableRecord
100
AcDbBlockTableRecord
  2
_Oblique
340
0
 70
     0
280
     1
281
     0
  0
BLOCK_RECORD
  5
72E
330
1
100
AcDbSymbolTableRecord
100
AcDbBlockTableRecord
  2
DIMBLOCK1-rhs
340
0
 70
     0
280
     1
281
     0
  0
BLOCK_RECORD
  5
757
330
1
100
AcDbSymbolTableRecord
100
AcDbBlockTableRecord
  2
DIMBLOCK2-rhs
340
0
 70
     0
280
     1
281
     0
  0
BLOCK_RECORD
  5
771
330
1
100
AcDbSymbolTableRecord
100
AcDbBlockTableRecord
  2
DIMBLOCK3-rhs
340
0
 70
     0
280
     1
281
     0
  0
BLOCK_RECORD
  5
78B
330
1
100
AcDbSymbolTableRecord
100
AcDbBlockTableRecord
  2
DIMBLOCK4-rhs
340
0
 70
     0
280
     1
281
     0
  0
BLOCK_RECORD
  5
7A5
330
1
100
AcDbSymbolTableRecord
100
AcDbBlockTableRecord
  2
DIMBLOCK5-rhs
340
0
 70
     0
280
     1
281
     0
  0
BLOCK_RECORD
  5
7BF
330
1
100
AcDbSymbolTableRecord
100
AcDbBlockTableRecord
  2
DIMBLOCK6-rhs
340
0
 70
     0
280
     1
281
     0
  0
BLOCK_RECORD
  5
7D9
330
1
100
AcDbSymbolTableRecord
100
AcDbBlockTableRecord
  2
DIMBLOCK7-rhs
340
0
 70
     0
280
     1
281
     0
  0
BLOCK_RECORD
  5
805
330
1
100
AcDbSymbolTableRecord
100
AcDbBlockTableRecord
  2
DIMBLOCK8-rhs
340
0
 70
     0
280
     1
281
     0
  0
BLOCK_RECORD
  5
83B
330
1
100
AcDbSymbolTableRecord
100
AcDbBlockTableRecord
  2
DIMBLOCK9-rhs
340
0
 70
     0
280
     1
281
     0
  0
BLOCK_RECORD
  5
855
330
1
100
AcDbSymbolTableRecord
100
AcDbBlockTableRecord
  2
DIMBLOCK10-rhs
340
0
 70
     0
280
     1
281
     0
  0
BLOCK_RECORD
  5
86F
330
1
100
AcDbSymbolTableRecord
100
AcDbBlockTableRecord
  2
DIMBLOCK11-rhs
340
0
 70
     0
280
     1
281
     0
  0
ENDTAB
  0
ENDSEC
  0
SECTION
  2
BLOCKS
  0
BLOCK
  5
71
330
70
100
AcDbEntity
  8
0
100
AcDbBlockBegin
  2
*Model_Space
 70
     0
 10
0.0
 20
0.0
 30
0.0
  3
*Model_Space
  1

  0
ENDBLK
  5
72
330
70
100
AcDbEntity
  8
0
100
AcDbBlockEnd
  0
BLOCK
  5
6D
330
6C
100
AcDbEntity
 67
     1
  8
0
100
AcDbBlockBegin
  2
*Paper_Space
 70
     0
 10
0.0
 20
0.0
 30
0.0
  3
*Paper_Space
  1

  0
ENDBLK
  5
6E
330
6C
100
AcDbEntity
 67
     1
  8
0
100
AcDbBlockEnd
  0
BLOCK
  5
75
330
74
100
AcDbEntity
  8
0
100
AcDbBlockBegin
  2
*Paper_Space0
 70
     0
 10
0.0
 20
0.0
 30
0.0
  3
*Paper_Space0
  1

  0
ENDBLK
  5
76
330
74
100
AcDbEntity
  8
0
100
AcDbBlockEnd
  0
BLOCK
  5
11E
330
11D
100
AcDbEntity
  8
0
100
AcDbBlockBegin
  2
Panelift Door - 5000-2447540-rhs
 70
     0
 10
0.0
 20
0.0
 30
0.0
  3
Panelift Door - 5000-2447540-rhs
  1

  0
ENDBLK
  5
11F
330
11D
100
AcDbEntity
  8
0
100
AcDbBlockEnd
  0
BLOCK
  5
179
330
171
100
AcDbEntity
  8
0
100
AcDbBlockBegin
  2
FIXED MOULDING ON AND OFF - A0618-2008251-rhs
 70
     0
 10
0.0
 20
0.0
 30
0.0
  3
FIXED MOULDING ON AND OFF - A0618-2008251-rhs
  1

  0
LINE
  5
172
330
171
100
AcDbEntity
  8
A-GLAZ
100
AcDbLine
 10
14054.46338384972
 20
34690.0
 30
0.0
 11
15764.46338384972
 21
34690.0
 31
0.0
1001
REVIT
1002
{
1070
     1
1000
1458620
1002
}
1002
{
1070
     5
1000
1450930
1002
}
  0
LINE
  5
173
330
171
100
AcDbEntity
  8
A-GLAZ
100
AcDbLine
 10
15764.46338384972
 20
34690.0
 30
0.0
 11
15764.46338384972
 21
34190.0
 31
0.0
1001
REVIT
1002
{
1070
     1
1000
1458620
1002
}
1002
{
1070
     5
1000
1450930
1002
}
  0
LINE
  5
174
330
171
100
AcDbEntity
  8
A-GLAZ
100
AcDbLine
 10
15764.46338384972
 20
34190.0
 30
0.0
 11
14054.46338384972
 21
34190.0
 31
0.0
1001
REVIT
1002
{
1070
     1
1000
1458620
1002
}
1002
{
1070
     5
1000
1450930
1002
}
  0
LINE
  5
175
330
171
100
AcDbEntity
  8
A-GLAZ
100
AcDbLine
 10
14054.46338384972
 20
34190.0
 30
0.0
 11
14054.46338384972
 21
34690.0
 31
0.0
1001
REVIT
1002
{
1070
     1
1000
1458620
1002
}
1002
{
1070
     5
1000
1450930
1002
}
  0
LINE
  5
177
330
171
100
AcDbEntity
  8
A-GLAZ-HDLN
100
AcDbLine
 10
14909.46338384972
 20
34190.0
 30
0.0
 11
14054.46338384972
 21
34690.00000000005
 31
0.0
1001
REVIT
1002
{
1070
     1
1000
1458620
1002
}
1002
{
1070
     5
1000
1450930
1002
}
1002
{
1070
     3
1000
-2009500
1002
}
  0
LINE
  5
178
330
171
100
AcDbEntity
  8
A-GLAZ-HDLN
100
AcDbLine
 10
15764.46338384972
 20
34690.0
 30
0.0
 11
14909.46338384972
 21
34190.0
 31
0.0
1001
REVIT
1002
{
1070
     1
1000
1458620
1002
}
1002
{
1070
     5
1000
1450930
1002
}
1002
{
1070
     3
1000
-2009500
1002
}
  0
ENDBLK
  5
17A
330
171
100
AcDbEntity
  8
0
100
AcDbBlockEnd
  0
BLOCK
  5
1C2
330
1B4
100
AcDbEntity
  8
0
100
AcDbBlockBegin
  2
Single - Timber Frame  - 950x2100 EXTERIOR-2625504-rhs
 70
     0
 10
0.0
 20
0.0
 30
0.0
  3
Single - Timber Frame  - 950x2100 EXTERIOR-2625504-rhs
  1

  0
LINE
  5
1B6
330
1B4
100
AcDbEntity
  8
A-DOOR
  6
Dashed - Tight 0_18 Pen
100
AcDbLine
 10
14999.46338384973
 20
29970.0
 30
0.0
 11
15819.46338384973
 21
28915.0
 31
0.0
1001
REVIT
1002
{
1070
     1
1000
1502051
1002
}
1002
{
1070
     5
1000
2625478
1002
}
1002
{
1070
     3
1000
942652
1002
}
  0
LINE
  5
1B7
330
1B4
100
AcDbEntity
  8
A-DOOR
  6
Dashed - Tight 0_18 Pen
100
AcDbLine
 10
15819.46338384973
 20
31020.0
 30
0.0
 11
14999.46338384973
 21
29970.0
 31
0.0
1001
REVIT
1002
{
1070
     1
1000
1502051
1002
}
1002
{
1070
     5
1000
2625478
1002
}
1002
{
1070
     3
1000
942652
1002
}
  0
LINE
  5
1B8
330
1B4
100
AcDbEntity
  8
A-DOOR
100
AcDbLine
 10
15011.46338384973
 20
28920.0
 30
0.0
 11
15807.46338384973
 21
28920.0
 31
0.0
1001
REVIT
1002
{
1070
     1
1000
1502051
1002
}
1002
{
1070
     5
1000
2625478
1002
}
1002
{
1070
     3
1000
-2000025
1002
}
  0
LINE
  5
1BA
330
1B4
100
AcDbEntity
  8
A-DOOR-FRAM
100
AcDbLine
 10
15011.46338384973
 20
28915.0
 30
0.0
 11
14969.46338384973
 21
28915.0
 31
0.0
1001
REVIT
1002
{
1070
     1
1000
1502051
1002
}
1002
{
1070
     5
1000
2625478
1002
}
1002
{
1070
     3
1000
-2000029
1002
}
  0
LINE
  5
1BB
330
1B4
100
AcDbEntity
  8
A-DOOR-FRAM
100
AcDbLine
 10
15849.46338384973
 20
28915.0
 30
0.0
 11
15849.46338384974
 21
31050.0
 31
0.0
1001
REVIT
1002
{
1070
     1
1000
1502051
1002
}
1002
{
1070
     5
1000
2625478
1002
}
1002
{
1070
     3
1000
-2000029
1002
}
  0
LINE
  5
1BC
330
1B4
100
AcDbEntity
  8
A-DOOR-FRAM
100
AcDbLine
 10
15849.46338384974
 20
31050.0
 30
0.0
 11
14969.46338384973
 21
31050.0
 31
0.0
1001
REVIT
1002
{
1070
     1
1000
1502051
1002
}
1002
{
1070
     5
1000
2625478
1002
}
1002
{
1070
     3
1000
-2000029
1002
}
  0
LINE
  5
1BD
330
1B4
100
AcDbEntity
  8
A-DOOR-FRAM
100
AcDbLine
 10
14969.46338384973
 20
31050.0
 30
0.0
 11
14969.46338384973
 21
28915.0
 31
0.0
1001
REVIT
1002
{
1070
     1
1000
1502051
1002
}
1002
{
1070
     5
1000
2625478
1002
}
1002
{
1070
     3
1000
-2000029
1002
}
  0
LINE
  5
1BE
330
1B4
100
AcDbEntity
  8
A-DOOR-FRAM
100
AcDbLine
 10
15011.46338384973
 20
28915.0
 30
0.0
 11
15011.46338384973
 21
31008.00000000001
 31
0.0
1001
REVIT
1002
{
1070
     1
1000
1502051
1002
}
1002
{
1070
     5
1000
2625478
1002
}
1002
{
1070
     3
1000
-2000029
1002
}
  0
LINE
  5
1BF
330
1B4
100
AcDbEntity
  8
A-DOOR-FRAM
100
AcDbLine
 10
15011.46338384973
 20
31008.00000000001
 30
0.0
 11
15807.46338384973
 21
31008.00000000001
 31
0.0
1001
REVIT
1002
{
1070
     1
1000
1502051
1002
}
1002
{
1070
     5
1000
2625478
1002
}
1002
{
1070
     3
1000
-2000029
1002
}
  0
LINE
  5
1C0
330
1B4
100
AcDbEntity
  8
A-DOOR-FRAM
100
AcDbLine
 10
15807.46338384973
 20
28915.0
 30
0.0
 11
15849.46338384973
 21
28915.0
 31
0.0
1001
REVIT
1002
{
1070
     1
1000
1502051
1002
}
1002
{
1070
     5
1000
2625478
1002
}
1002
{
1070
     3
1000
-2000029
1002
}
  0
LINE
  5
1C1
330
1B4
100
AcDbEntity
  8
A-DOOR-FRAM
100
AcDbLine
 10
15807.46338384973
 20
31008.0
 30
0.0
 11
15807.46338384973
 21
28915.0
 31
0.0
1001
REVIT
1002
{
1070
     1
1000
1502051
1002
}
1002
{
1070
     5
1000
2625478
1002
}
1002
{
1070
     3
1000
-2000029
1002
}
  0
ENDBLK
  5
1C3
330
1B4
100
AcDbEntity
  8
0
100
AcDbBlockEnd
  0
BLOCK
  5
229
330
226
100
AcDbEntity
  8
0
100
AcDbBlockBegin
  2
System Panel - Glazed-2541518-rhs
 70
     0
 10
0.0
 20
0.0
 30
0.0
  3
System Panel - Glazed-2541518-rhs
  1

  0
LINE
  5
227
330
226
100
AcDbEntity
  8
A-GLAZ-CURT
100
AcDbLine
 10
9146.48897168614
 20
36540.00000000001
 30
0.0
 11
9146.48897168614
 21
35890.0
 31
0.0
1001
REVIT
1002
{
1070
     1
1000
1570002
1002
}
1002
{
1070
     5
1000
1321568
1002
}
  0
LINE
  5
228
330
226
100
AcDbEntity
  8
A-GLAZ-CURT
100
AcDbLine
 10
9146.48897168614
 20
36540.00000000001
 30
0.0
 11
9133.988971686138
 21
36540.00000000001
 31
0.0
1001
REVIT
1002
{
1070
     1
1000
1570002
1002
}
1002
{
1070
     5
1000
1321568
1002
}
  0
ENDBLK
  5
22A
330
226
100
AcDbEntity
  8
0
100
AcDbBlockEnd
  0
BLOCK
  5
22E
330
22C
100
AcDbEntity
  8
0
100
AcDbBlockBegin
  2
System Panel - Glazed-1570521-rhs
 70
     0
 10
0.0
 20
0.0
 30
0.0
  3
System Panel - Glazed-1570521-rhs
  1

  0
LINE
  5
22D
330
22C
100
AcDbEntity
  8
A-GLAZ-CURT
100
AcDbLine
 10
9761.963383703185
 20
36540.00000000001
 30
0.0
 11
9761.963383703185
 21
36020.0
 31
0.0
1001
REVIT
1002
{
1070
     1
1000
1570265
1002
}
1002
{
1070
     5
1000
1321568
1002
}
  0
ENDBLK
  5
22F
330
22C
100
AcDbEntity
  8
0
100
AcDbBlockEnd
  0
BLOCK
  5
235
330
231
100
AcDbEntity
  8
0
100
AcDbBlockBegin
  2
Rectangular Mullion - 25x25-1571407-rhs
 70
     0
 10
0.0
 20
0.0
 30
0.0
  3
Rectangular Mullion - 25x25-1571407-rhs
  1

  0
LINE
  5
232
330
231
100
AcDbEntity
  8
A-GLAZ-CWMG
100
AcDbLine
 10
9433.98897168614
 20
36540.00000000001
 30
0.0
 11
9433.98897168614
 21
36590.00000000001
 31
0.0
1001
REVIT
1002
{
1070
     1
1000
1570356
1002
}
1002
{
1070
     5
1000
1560816
1002
}
  0
LINE
  5
233
330
231
100
AcDbEntity
  8
A-GLAZ-CWMG
100
AcDbLine
 10
9761.963383703185
 20
36540.00000000001
 30
0.0
 11
9433.98897168614
 21
36540.00000000001
 31
0.0
1001
REVIT
1002
{
1070
     1
1000
1570356
1002
}
1002
{
1070
     5
1000
1560816
1002
}
  0
LINE
  5
234
330
231
100
AcDbEntity
  8
A-GLAZ-CWMG
100
AcDbLine
 10
9761.963383703185
 20
36590.00000000001
 30
0.0
 11
9433.98897168614
 21
36590.00000000001
 31
0.0
1001
REVIT
1002
{
1070
     1
1000
1570356
1002
}
1002
{
1070
     5
1000
1560816
1002
}
  0
ENDBLK
  5
236
330
231
100
AcDbEntity
  8
0
100
AcDbBlockEnd
  0
BLOCK
  5
23A
330
238
100
AcDbEntity
  8
0
100
AcDbBlockBegin
  2
System Panel - Glazed-1571408-rhs
 70
     0
 10
0.0
 20
0.0
 30
0.0
  3
System Panel - Glazed-1571408-rhs
  1

  0
LINE
  5
239
330
238
100
AcDbEntity
  8
A-GLAZ-CURT
100
AcDbLine
 10
9761.963383703185
 20
36020.0
 30
0.0
 11
9761.963383703185
 21
36540.00000000001
 31
0.0
1001
REVIT
1002
{
1070
     1
1000
1570518
1002
}
1002
{
1070
     5
1000
1321568
1002
}
  0
ENDBLK
  5
23B
330
238
100
AcDbEntity
  8
0
100
AcDbBlockEnd
  0
BLOCK
  5
240
330
23D
100
AcDbEntity
  8
0
100
AcDbBlockBegin
  2
Rectangular Mullion - 25x25-1570524-rhs
 70
     0
 10
0.0
 20
0.0
 30
0.0
  3
Rectangular Mullion - 25x25-1570524-rhs
  1

  0
LINE
  5
23E
330
23D
100
AcDbEntity
  8
A-GLAZ-CWMG
100
AcDbLine
 10
10324.4633845528
 20
36540.00000000001
 30
0.0
 11
9761.963383703185
 21
36540.00000000001
 31
0.0
1001
REVIT
1002
{
1070
     1
1000
1570522
1002
}
1002
{
1070
     5
1000
1560816
1002
}
  0
LINE
  5
23F
330
23D
100
AcDbEntity
  8
A-GLAZ-CWMG
100
AcDbLine
 10
10324.4633845528
 20
36590.00000000001
 30
0.0
 11
9761.963383703185
 21
36590.00000000001
 31
0.0
1001
REVIT
1002
{
1070
     1
1000
1570522
1002
}
1002
{
1070
     5
1000
1560816
1002
}
  0
ENDBLK
  5
241
330
23D
100
AcDbEntity
  8
0
100
AcDbBlockEnd
  0
BLOCK
  5
3CD
330
2B9
100
AcDbEntity
  8
0
100
AcDbBlockBegin
  2
Windows 1 - Windows 1-1602304-rhs
 70
     0
 10
0.0
 20
0.0
 30
0.0
  3
Windows 1 - Windows 1-1602304-rhs
  1

  0
LINE
  5
2BA
330
2B9
100
AcDbEntity
  8
A-DETL-MEDM
100
AcDbLine
 10
8977.568815506036
 20
36108.93759919699
 30
0.0
 11
8977.568815506036
 21
36152.60911335577
 31
0.0
1001
REVIT
1002
{
1070
     1
1000
1602579
1002
}
1002
{
1070
     5
1000
1602304
1002
}
1002
{
1070
     3
1000
-2000043
1002
}
  0
LINE
  5
2BB
330
2B9
100
AcDbEntity
  8
A-DETL-MEDM
100
AcDbLine
 10
8977.568815506036
 20
36162.60911335577
 30
0.0
 11
8977.568815506036
 21
36172.50441135827
 31
0.0
1001
REVIT
1002
{
1070
     1
1000
1602579
1002
}
1002
{
1070
     5
1000
1602304
1002
}
1002
{
1070
     3
1000
-2000043
1002
}
  0
LINE
  5
2BC
330
2B9
100
AcDbEntity
  8
A-DETL-MEDM
100
AcDbLine
 10
8977.568815506036
 20
37708.03550758798
 30
0.0
 11
8977.568815506036
 21
37714.14757489423
 31
0.0
1001
REVIT
1002
{
1070
     1
1000
1602579
1002
}
1002
{
1070
     5
1000
1602304
1002
}
1002
{
1070
     3
1000
-2000043
1002
}
  0
LINE
  5
2BD
330
2B9
100
AcDbEntity
  8
A-DETL-MEDM
100
AcDbLine
 10
8981.69871425118
 20
37714.14757489423
 30
0.0
 11
8981.69871425118
 21
37708.03550758798
 31
0.0
1001
REVIT
1002
{
1070
     1
1000
1602579
1002
}
1002
{
1070
     5
1000
1602304
1002
}
1002
{
1070
     3
1000
-2000043
1002
}
  0
LINE
  5
2BE
330
2B9
100
AcDbEntity
  8
A-DETL-MEDM
100
AcDbLine
 10
8981.69871425118
 20
36172.50441135827
 30
0.0
 11
8981.69871425118
 21
36162.60911335577
 31
0.0
1001
REVIT
1002
{
1070
     1
1000
1602579
1002
}
1002
{
1070
     5
1000
1602304
1002
}
1002
{
1070
     3
1000
-2000043
1002
}
  0
LINE
  5
2BF
330
2B9
100
AcDbEntity
  8
A-DETL-MEDM
100
AcDbLine
 10
8981.69871425118
 20
36152.60911335577
 30
0.0
 11
8981.69871425118
 21
36108.93759919699
 31
0.0
1001
REVIT
1002
{
1070
     1
1000
1602579
1002
}
1002
{
1070
     5
1000
1602304
1002
}
1002
{
1070
     3
1000
-2000043
1002
}
  0
LINE
  5
2C0
330
2B9
100
AcDbEntity
  8
A-DETL-MEDM
100
AcDbLine
 10
8981.69871425118
 20
36108.93759919699
 30
0.0
 11
8977.568815506036
 21
36108.93759919699
 31
0.0
1001
REVIT
1002
{
1070
     1
1000
1602579
1002
}
1002
{
1070
     5
1000
1602304
1002
}
1002
{
1070
     3
1000
-2000043
1002
}
  0
LINE
  5
2C1
330
2B9
100
AcDbEntity
  8
A-DETL-MEDM
100
AcDbLine
 10
8981.69871425118
 20
37724.31482856393
 30
0.0
 11
8977.568815506036
 21
37724.31482856393
 31
0.0
1001
REVIT
1002
{
1070
     1
1000
1602579
1002
}
1002
{
1070
     5
1000
1602304
1002
}
1002
{
1070
     3
1000
-2000043
1002
}
  0
LINE
  5
2C2
330
2B9
100
AcDbEntity
  8
A-DETL-MEDM
100
AcDbLine
 10
8989.073533438941
 20
36165.37879741926
 30
0.0
 11
8989.073533438941
 21
36197.22449797116
 31
0.0
1001
REVIT
1002
{
1070
     1
1000
1602579
1002
}
1002
{
1070
     5
1000
1602304
1002
}
1002
{
1070
     3
1000
-2000043
1002
}
  0
LINE
  5
2C3
330
2B9
100
AcDbEntity
  8
A-DETL-MEDM
100
AcDbLine
 10
8989.073533438941
 20
36207.22449797116
 30
0.0
 11
8989.073533438941
 21
36241.83988258654
 31
0.0
1001
REVIT
1002
{
1070
     1
1000
1602579
1002
}
1002
{
1070
     5
1000
1602304
1002
}
1002
{
1070
     3
1000
-2000043
1002
}
  0
LINE
  5
2C4
330
2B9
100
AcDbEntity
  8
A-DETL-MEDM
100
AcDbLine
 10
8989.073533438941
 20
36251.83988258654
 30
0.0
 11
8989.073533438941
 21
36286.45526720193
 31
0.0
1001
REVIT
1002
{
1070
     1
1000
1602579
1002
}
1002
{
1070
     5
1000
1602304
1002
}
1002
{
1070
     3
1000
-2000043
1002
}
  0
LINE
  5
2C5
330
2B9
100
AcDbEntity
  8
A-DETL-MEDM
100
AcDbLine
 10
8989.073533438941
 20
36296.45526720193
 30
0.0
 11
8989.073533438941
 21
36331.07065181731
 31
0.0
1001
REVIT
1002
{
1070
     1
1000
1602579
1002
}
1002
{
1070
     5
1000
1602304
1002
}
1002
{
1070
     3
1000
-2000043
1002
}
  0
LINE
  5
2C6
330
2B9
100
AcDbEntity
  8
A-DETL-MEDM
100
AcDbLine
 10
8989.073533438941
 20
36341.07065181731
 30
0.0
 11
8989.073533438941
 21
36375.6860364327
 31
0.0
1001
REVIT
1002
{
1070
     1
1000
1602579
1002
}
1002
{
1070
     5
1000
1602304
1002
}
1002
{
1070
     3
1000
-2000043
1002
}
  0
LINE
  5
2C7
330
2B9
100
AcDbEntity
  8
A-DETL-MEDM
100
AcDbLine
 10
8989.073533438941
 20
36385.6860364327
 30
0.0
 11
8989.073533438941
 21
36420.30142104808
 31
0.0
1001
REVIT
1002
{
1070
     1
1000
1602579
1002
}
1002
{
1070
     5
1000
1602304
1002
}
1002
{
1070
     3
1000
-2000043
1002
}
  0
LINE
  5
2C8
330
2B9
100
AcDbEntity
  8
A-DETL-MEDM
100
AcDbLine
 10
8989.073533438941
 20
36430.30142104809
 30
0.0
 11
8989.073533438941
 21
36464.91680566346
 31
0.0
1001
REVIT
1002
{
1070
     1
1000
1602579
1002
}
1002
{
1070
     5
1000
1602304
1002
}
1002
{
1070
     3
1000
-2000043
1002
}
  0
LINE
  5
2C9
330
2B9
100
AcDbEntity
  8
A-DETL-MEDM
100
AcDbLine
 10
8989.073533438941
 20
36474.91680566347
 30
0.0
 11
8989.073533438941
 21
36509.53219027884
 31
0.0
1001
REVIT
1002
{
1070
     1
1000
1602579
1002
}
1002
{
1070
     5
1000
1602304
1002
}
1002
{
1070
     3
1000
-2000043
1002
}
  0
LINE
  5
2CA
330
2B9
100
AcDbEntity
  8
A-DETL-MEDM
100
AcDbLine
 10
8989.073533438941
 20
36519.53219027885
 30
0.0
 11
8989.073533438941
 21
36554.14757489423
 31
0.0
1001
REVIT
1002
{
1070
     1
1000
1602579
1002
}
1002
{
1070
     5
1000
1602304
1002
}
1002
{
1070
     3
1000
-2000043
1002
}
  0
LINE
  5
2CB
330
2B9
100
AcDbEntity
  8
A-DETL-MEDM
100
AcDbLine
 10
8989.073533438941
 20
36564.14757489423
 30
0.0
 11
8989.073533438941
 21
36598.76295950962
 31
0.0
1001
REVIT
1002
{
1070
     1
1000
1602579
1002
}
1002
{
1070
     5
1000
1602304
1002
}
1002
{
1070
     3
1000
-2000043
1002
}
  0
LINE
  5
2CC
330
2B9
100
AcDbEntity
  8
A-DETL-MEDM
100
AcDbLine
 10
8989.073533438941
 20
36608.76295950962
 30
0.0
 11
8989.073533438941
 21
36643.378344125
 31
0.0
1001
REVIT
1002
{
1070
     1
1000
1602579
1002
}
1002
{
1070
     5
1000
1602304
1002
}
1002
{
1070
     3
1000
-2000043
1002
}
  0
LINE
  5
2CD
330
2B9
100
AcDbEntity
  8
A-DETL-MEDM
100
AcDbLine
 10
8989.073533438941
 20
36653.37834412501
 30
0.0
 11
8989.073533438941
 21
36687.99372874039
 31
0.0
1001
REVIT
1002
{
1070
     1
1000
1602579
1002
}
1002
{
1070
     5
1000
1602304
1002
}
1002
{
1070
     3
1000
-2000043
1002
}
  0
LINE
  5
2CE
330
2B9
100
AcDbEntity
  8
A-DETL-MEDM
100
AcDbLine
 10
8989.073533438941
 20
36697.99372874039
 30
0.0
 11
8989.073533438941
 21
36732.60911335577
 31
0.0
1001
REVIT
1002
{
1070
     1
1000
1602579
1002
}
1002
{
1070
     5
1000
1602304
1002
}
1002
{
1070
     3
1000
-2000043
1002
}
  0
LINE
  5
2CF
330
2B9
100
AcDbEntity
  8
A-DETL-MEDM
100
AcDbLine
 10
8989.073533438941
 20
36742.60911335577
 30
0.0
 11
8989.073533438941
 21
36777.22449797116
 31
0.0
1001
REVIT
1002
{
1070
     1
1000
1602579
1002
}
1002
{
1070
     5
1000
1602304
1002
}
1002
{
1070
     3
1000
-2000043
1002
}
  0
LINE
  5
2D0
330
2B9
100
AcDbEntity
  8
A-DETL-MEDM
100
AcDbLine
 10
8989.073533438941
 20
36787.22449797116
 30
0.0
 11
8989.073533438941
 21
36821.83988258654
 31
0.0
1001
REVIT
1002
{
1070
     1
1000
1602579
1002
}
1002
{
1070
     5
1000
1602304
1002
}
1002
{
1070
     3
1000
-2000043
1002
}
  0
LINE
  5
2D1
330
2B9
100
AcDbEntity
  8
A-DETL-MEDM
100
AcDbLine
 10
8989.073533438941
 20
36831.83988258654
 30
0.0
 11
8989.073533438941
 21
36866.45526720192
 31
0.0
1001
REVIT
1002
{
1070
     1
1000
1602579
1002
}
1002
{
1070
     5
1000
1602304
1002
}
1002
{
1070
     3
1000
-2000043
1002
}
  0
LINE
  5
2D2
330
2B9
100
AcDbEntity
  8
A-DETL-MEDM
100
AcDbLine
 10
8989.073533438941
 20
36877.22065304616
 30
0.0
 11
8989.073533438941
 21
36911.07065181731
 31
0.0
1001
REVIT
1002
{
1070
     1
1000
1602579
1002
}
1002
{
1070
     5
1000
1602304
1002
}
1002
{
1070
     3
1000
-2000043
1002
}
  0
LINE
  5
2D3
330
2B9
100
AcDbEntity
  8
A-DETL-MEDM
100
AcDbLine
 10
8989.073533438941
 20
36921.07065181731
 30
0.0
 11
8989.073533438941
 21
36955.68603643269
 31
0.0
1001
REVIT
1002
{
1070
     1
1000
1602579
1002
}
1002
{
1070
     5
1000
1602304
1002
}
1002
{
1070
     3
1000
-2000043
1002
}
  0
LINE
  5
2D4
330
2B9
100
AcDbEntity
  8
A-DETL-MEDM
100
AcDbLine
 10
8989.073533438941
 20
36965.6860364327
 30
0.0
 11
8989.073533438941
 21
37000.30142104808
 31
0.0
1001
REVIT
1002
{
1070
     1
1000
1602579
1002
}
1002
{
1070
     5
1000
1602304
1002
}
1002
{
1070
     3
1000
-2000043
1002
}
  0
LINE
  5
2D5
330
2B9
100
AcDbEntity
  8
A-DETL-MEDM
100
AcDbLine
 10
8989.073533438941
 20
37010.30142104808
 30
0.0
 11
8989.073533438941
 21
37044.91680566346
 31
0.0
1001
REVIT
1002
{
1070
     1
1000
1602579
1002
}
1002
{
1070
     5
1000
1602304
1002
}
1002
{
1070
     3
1000
-2000043
1002
}
  0
LINE
  5
2D6
330
2B9
100
AcDbEntity
  8
A-DETL-MEDM
100
AcDbLine
 10
8989.073533438941
 20
37054.91680566346
 30
0.0
 11
8989.073533438941
 21
37089.53219027884
 31
0.0
1001
REVIT
1002
{
1070
     1
1000
1602579
1002
}
1002
{
1070
     5
1000
1602304
1002
}
1002
{
1070
     3
1000
-2000043
1002
}
  0
LINE
  5
2D7
330
2B9
100
AcDbEntity
  8
A-DETL-MEDM
100
AcDbLine
 10
8989.073533438941
 20
37099.53219027885
 30
0.0
 11
8989.073533438941
 21
37134.14757489423
 31
0.0
1001
REVIT
1002
{
1070
     1
1000
1602579
1002
}
1002
{
1070
     5
1000
1602304
1002
}
1002
{
1070
     3
1000
-2000043
1002
}
  0
LINE
  5
2D8
330
2B9
100
AcDbEntity
  8
A-DETL-MEDM
100
AcDbLine
 10
8989.073533438941
 20
37144.14757489423
 30
0.0
 11
8989.073533438941
 21
37178.76295950962
 31
0.0
1001
REVIT
1002
{
1070
     1
1000
1602579
1002
}
1002
{
1070
     5
1000
1602304
1002
}
1002
{
1070
     3
1000
-2000043
1002
}
  0
LINE
  5
2D9
330
2B9
100
AcDbEntity
  8
A-DETL-MEDM
100
AcDbLine
 10
8989.073533438941
 20
37188.76295950962
 30
0.0
 11
8989.073533438941
 21
37223.378344125
 31
0.0
1001
REVIT
1002
{
1070
     1
1000
1602579
1002
}
1002
{
1070
     5
1000
1602304
1002
}
1002
{
1070
     3
1000
-2000043
1002
}
  0
LINE
  5
2DA
330
2B9
100
AcDbEntity
  8
A-DETL-MEDM
100
AcDbLine
 10
8989.073533438941
 20
37233.378344125
 30
0.0
 11
8989.073533438941
 21
37267.99372874038
 31
0.0
1001
REVIT
1002
{
1070
     1
1000
1602579
1002
}
1002
{
1070
     5
1000
1602304
1002
}
1002
{
1070
     3
1000
-2000043
1002
}
  0
LINE
  5
2DB
330
2B9
100
AcDbEntity
  8
A-DETL-MEDM
100
AcDbLine
 10
8989.073533438941
 20
37277.99372874039
 30
0.0
 11
8989.073533438941
 21
37312.60911335577
 31
0.0
1001
REVIT
1002
{
1070
     1
1000
1602579
1002
}
1002
{
1070
     5
1000
1602304
1002
}
1002
{
1070
     3
1000
-2000043
1002
}
  0
LINE
  5
2DC
330
2B9
100
AcDbEntity
  8
A-DETL-MEDM
100
AcDbLine
 10
8989.073533438941
 20
37322.60911335577
 30
0.0
 11
8989.073533438941
 21
37357.22449797116
 31
0.0
1001
REVIT
1002
{
1070
     1
1000
1602579
1002
}
1002
{
1070
     5
1000
1602304
1002
}
1002
{
1070
     3
1000
-2000043
1002
}
  0
LINE
  5
2DD
330
2B9
100
AcDbEntity
  8
A-DETL-MEDM
100
AcDbLine
 10
8989.073533438941
 20
37367.22449797116
 30
0.0
 11
8989.073533438941
 21
37401.83988258654
 31
0.0
1001
REVIT
1002
{
1070
     1
1000
1602579
1002
}
1002
{
1070
     5
1000
1602304
1002
}
1002
{
1070
     3
1000
-2000043
1002
}
  0
LINE
  5
2DE
330
2B9
100
AcDbEntity
  8
A-DETL-MEDM
100
AcDbLine
 10
8989.073533438941
 20
37411.83988258654
 30
0.0
 11
8989.073533438941
 21
37446.45526720192
 31
0.0
1001
REVIT
1002
{
1070
     1
1000
1602579
1002
}
1002
{
1070
     5
1000
1602304
1002
}
1002
{
1070
     3
1000
-2000043
1002
}
  0
LINE
  5
2DF
330
2B9
100
AcDbEntity
  8
A-DETL-MEDM
100
AcDbLine
 10
8989.073533438941
 20
37456.45526720192
 30
0.0
 11
8989.073533438941
 21
37491.07065181731
 31
0.0
1001
REVIT
1002
{
1070
     1
1000
1602579
1002
}
1002
{
1070
     5
1000
1602304
1002
}
1002
{
1070
     3
1000
-2000043
1002
}
  0
LINE
  5
2E0
330
2B9
100
AcDbEntity
  8
A-DETL-MEDM
100
AcDbLine
 10
8989.073533438941
 20
37501.07065181731
 30
0.0
 11
8989.073533438941
 21
37535.68603643269
 31
0.0
1001
REVIT
1002
{
1070
     1
1000
1602579
1002
}
1002
{
1070
     5
1000
1602304
1002
}
1002
{
1070
     3
1000
-2000043
1002
}
  0
LINE
  5
2E1
330
2B9
100
AcDbEntity
  8
A-DETL-MEDM
100
AcDbLine
 10
8989.073533438941
 20
37545.68603643269
 30
0.0
 11
8989.073533438941
 21
37580.30142104808
 31
0.0
1001
REVIT
1002
{
1070
     1
1000
1602579
1002
}
1002
{
1070
     5
1000
1602304
1002
}
1002
{
1070
     3
1000
-2000043
1002
}
  0
LINE
  5
2E2
330
2B9
100
AcDbEntity
  8
A-DETL-MEDM
100
AcDbLine
 10
8989.073533438941
 20
37590.30142104808
 30
0.0
 11
8989.073533438941
 21
37624.91680566345
 31
0.0
1001
REVIT
1002
{
1070
     1
1000
1602579
1002
}
1002
{
1070
     5
1000
1602304
1002
}
1002
{
1070
     3
1000
-2000043
1002
}
  0
LINE
  5
2E3
330
2B9
100
AcDbEntity
  8
A-DETL-MEDM
100
AcDbLine
 10
8989.073533438941
 20
37634.91680566346
 30
0.0
 11
8989.073533438941
 21
37669.53219027884
 31
0.0
1001
REVIT
1002
{
1070
     1
1000
1602579
1002
}
1002
{
1070
     5
1000
1602304
1002
}
1002
{
1070
     3
1000
-2000043
1002
}
  0
LINE
  5
2E4
330
2B9
100
AcDbEntity
  8
A-DETL-MEDM
100
AcDbLine
 10
8989.073533438941
 20
37679.53219027884
 30
0.0
 11
8989.073533438941
 21
37709.03550758798
 31
0.0
1001
REVIT
1002
{
1070
     1
1000
1602579
1002
}
1002
{
1070
     5
1000
1602304
1002
}
1002
{
1070
     3
1000
-2000043
1002
}
  0
LINE
  5
2E5
330
2B9
100
AcDbEntity
  8
A-DETL-MEDM
100
AcDbLine
 10
8992.908439416577
 20
37709.03550758798
 30
0.0
 11
8992.908439416577
 21
37679.53219027884
 31
0.0
1001
REVIT
1002
{
1070
     1
1000
1602579
1002
}
1002
{
1070
     5
1000
1602304
1002
}
1002
{
1070
     3
1000
-2000043
1002
}
  0
LINE
  5
2E6
330
2B9
100
AcDbEntity
  8
A-DETL-MEDM
100
AcDbLine
 10
8992.908439416577
 20
37669.53219027884
 30
0.0
 11
8992.908439416577
 21
37634.91680566346
 31
0.0
1001
REVIT
1002
{
1070
     1
1000
1602579
1002
}
1002
{
1070
     5
1000
1602304
1002
}
1002
{
1070
     3
1000
-2000043
1002
}
  0
LINE
  5
2E7
330
2B9
100
AcDbEntity
  8
A-DETL-MEDM
100
AcDbLine
 10
8992.908439416577
 20
37624.91680566345
 30
0.0
 11
8992.908439416577
 21
37590.30142104808
 31
0.0
1001
REVIT
1002
{
1070
     1
1000
1602579
1002
}
1002
{
1070
     5
1000
1602304
1002
}
1002
{
1070
     3
1000
-2000043
1002
}
  0
LINE
  5
2E8
330
2B9
100
AcDbEntity
  8
A-DETL-MEDM
100
AcDbLine
 10
8992.908439416577
 20
37580.30142104808
 30
0.0
 11
8992.908439416577
 21
37545.68603643269
 31
0.0
1001
REVIT
1002
{
1070
     1
1000
1602579
1002
}
1002
{
1070
     5
1000
1602304
1002
}
1002
{
1070
     3
1000
-2000043
1002
}
  0
LINE
  5
2E9
330
2B9
100
AcDbEntity
  8
A-DETL-MEDM
100
AcDbLine
 10
8992.908439416577
 20
37535.68603643269
 30
0.0
 11
8992.908439416577
 21
37501.07065181731
 31
0.0
1001
REVIT
1002
{
1070
     1
1000
1602579
1002
}
1002
{
1070
     5
1000
1602304
1002
}
1002
{
1070
     3
1000
-2000043
1002
}
  0
LINE
  5
2EA
330
2B9
100
AcDbEntity
  8
A-DETL-MEDM
100
AcDbLine
 10
8992.908439416577
 20
37491.07065181731
 30
0.0
 11
8992.908439416577
 21
37456.45526720192
 31
0.0
1001
REVIT
1002
{
1070
     1
1000
1602579
1002
}
1002
{
1070
     5
1000
1602304
1002
}
1002
{
1070
     3
1000
-2000043
1002
}
  0
LINE
  5
2EB
330
2B9
100
AcDbEntity
  8
A-DETL-MEDM
100
AcDbLine
 10
8992.908439416577
 20
37446.45526720192
 30
0.0
 11
8992.908439416577
 21
37411.83988258654
 31
0.0
1001
REVIT
1002
{
1070
     1
1000
1602579
1002
}
1002
{
1070
     5
1000
1602304
1002
}
1002
{
1070
     3
1000
-2000043
1002
}
  0
LINE
  5
2EC
330
2B9
100
AcDbEntity
  8
A-DETL-MEDM
100
AcDbLine
 10
8992.908439416577
 20
37401.83988258654
 30
0.0
 11
8992.908439416577
 21
37367.22449797116
 31
0.0
1001
REVIT
1002
{
1070
     1
1000
1602579
1002
}
1002
{
1070
     5
1000
1602304
1002
}
1002
{
1070
     3
1000
-2000043
1002
}
  0
LINE
  5
2ED
330
2B9
100
AcDbEntity
  8
A-DETL-MEDM
100
AcDbLine
 10
8992.908439416577
 20
37357.22449797116
 30
0.0
 11
8992.908439416577
 21
37322.60911335577
 31
0.0
1001
REVIT
1002
{
1070
     1
1000
1602579
1002
}
1002
{
1070
     5
1000
1602304
1002
}
1002
{
1070
     3
1000
-2000043
1002
}
  0
LINE
  5
2EE
330
2B9
100
AcDbEntity
  8
A-DETL-MEDM
100
AcDbLine
 10
8992.908439416577
 20
37312.60911335577
 30
0.0
 11
8992.908439416577
 21
37277.99372874039
 31
0.0
1001
REVIT
1002
{
1070
     1
1000
1602579
1002
}
1002
{
1070
     5
1000
1602304
1002
}
1002
{
1070
     3
1000
-2000043
1002
}
  0
LINE
  5
2EF
330
2B9
100
AcDbEntity
  8
A-DETL-MEDM
100
AcDbLine
 10
8992.908439416577
 20
37267.99372874038
 30
0.0
 11
8992.908439416577
 21
37233.378344125
 31
0.0
1001
REVIT
1002
{
1070
     1
1000
1602579
1002
}
1002
{
1070
     5
1000
1602304
1002
}
1002
{
1070
     3
1000
-2000043
1002
}
  0
LINE
  5
2F0
330
2B9
100
AcDbEntity
  8
A-DETL-MEDM
100
AcDbLine
 10
8992.908439416577
 20
37223.378344125
 30
0.0
 11
8992.908439416577
 21
37188.76295950962
 31
0.0
1001
REVIT
1002
{
1070
     1
1000
1602579
1002
}
1002
{
1070
     5
1000
1602304
1002
}
1002
{
1070
     3
1000
-2000043
1002
}
  0
LINE
  5
2F1
330
2B9
100
AcDbEntity
  8
A-DETL-MEDM
100
AcDbLine
 10
8992.908439416577
 20
37178.76295950962
 30
0.0
 11
8992.908439416577
 21
37144.14757489423
 31
0.0
1001
REVIT
1002
{
1070
     1
1000
1602579
1002
}
1002
{
1070
     5
1000
1602304
1002
}
1002
{
1070
     3
1000
-2000043
1002
}
  0
LINE
  5
2F2
330
2B9
100
AcDbEntity
  8
A-DETL-MEDM
100
AcDbLine
 10
8992.908439416577
 20
37134.14757489423
 30
0.0
 11
8992.908439416577
 21
37099.53219027885
 31
0.0
1001
REVIT
1002
{
1070
     1
1000
1602579
1002
}
1002
{
1070
     5
1000
1602304
1002
}
1002
{
1070
     3
1000
-2000043
1002
}
  0
LINE
  5
2F3
330
2B9
100
AcDbEntity
  8
A-DETL-MEDM
100
AcDbLine
 10
8992.908439416577
 20
37089.53219027884
 30
0.0
 11
8992.908439416577
 21
37054.91680566346
 31
0.0
1001
REVIT
1002
{
1070
     1
1000
1602579
1002
}
1002
{
1070
     5
1000
1602304
1002
}
1002
{
1070
     3
1000
-2000043
1002
}
  0
LINE
  5
2F4
330
2B9
100
AcDbEntity
  8
A-DETL-MEDM
100
AcDbLine
 10
8992.908439416577
 20
37044.91680566346
 30
0.0
 11
8992.908439416577
 21
37010.30142104808
 31
0.0
1001
REVIT
1002
{
1070
     1
1000
1602579
1002
}
1002
{
1070
     5
1000
1602304
1002
}
1002
{
1070
     3
1000
-2000043
1002
}
  0
LINE
  5
2F5
330
2B9
100
AcDbEntity
  8
A-DETL-MEDM
100
AcDbLine
 10
8992.908439416577
 20
37000.30142104808
 30
0.0
 11
8992.908439416577
 21
36965.6860364327
 31
0.0
1001
REVIT
1002
{
1070
     1
1000
1602579
1002
}
1002
{
1070
     5
1000
1602304
1002
}
1002
{
1070
     3
1000
-2000043
1002
}
  0
LINE
  5
2F6
330
2B9
100
AcDbEntity
  8
A-DETL-MEDM
100
AcDbLine
 10
8992.908439416577
 20
36955.68603643269
 30
0.0
 11
8992.908439416577
 21
36921.07065181731
 31
0.0
1001
REVIT
1002
{
1070
     1
1000
1602579
1002
}
1002
{
1070
     5
1000
1602304
1002
}
1002
{
1070
     3
1000
-2000043
1002
}
  0
LINE
  5
2F7
330
2B9
100
AcDbEntity
  8
A-DETL-MEDM
100
AcDbLine
 10
8992.908439416577
 20
36911.07065181731
 30
0.0
 11
8992.908439416577
 21
36877.22065304616
 31
0.0
1001
REVIT
1002
{
1070
     1
1000
1602579
1002
}
1002
{
1070
     5
1000
1602304
1002
}
1002
{
1070
     3
1000
-2000043
1002
}
  0
LINE
  5
2F8
330
2B9
100
AcDbEntity
  8
A-DETL-MEDM
100
AcDbLine
 10
8992.908439416577
 20
36866.45526720192
 30
0.0
 11
8992.908439416577
 21
36831.83988258654
 31
0.0
1001
REVIT
1002
{
1070
     1
1000
1602579
1002
}
1002
{
1070
     5
1000
1602304
1002
}
1002
{
1070
     3
1000
-2000043
1002
}
  0
LINE
  5
2F9
330
2B9
100
AcDbEntity
  8
A-DETL-MEDM
100
AcDbLine
 10
8992.908439416577
 20
36821.83988258654
 30
0.0
 11
8992.908439416577
 21
36787.22449797116
 31
0.0
1001
REVIT
1002
{
1070
     1
1000
1602579
1002
}
1002
{
1070
     5
1000
1602304
1002
}
1002
{
1070
     3
1000
-2000043
1002
}
  0
LINE
  5
2FA
330
2B9
100
AcDbEntity
  8
A-DETL-MEDM
100
AcDbLine
 10
8992.908439416577
 20
36777.22449797116
 30
0.0
 11
8992.908439416577
 21
36742.60911335577
 31
0.0
1001
REVIT
1002
{
1070
     1
1000
1602579
1002
}
1002
{
1070
     5
1000
1602304
1002
}
1002
{
1070
     3
1000
-2000043
1002
}
  0
LINE
  5
2FB
330
2B9
100
AcDbEntity
  8
A-DETL-MEDM
100
AcDbLine
 10
8992.908439416577
 20
36732.60911335577
 30
0.0
 11
8992.908439416577
 21
36697.99372874039
 31
0.0
1001
REVIT
1002
{
1070
     1
1000
1602579
1002
}
1002
{
1070
     5
1000
1602304
1002
}
1002
{
1070
     3
1000
-2000043
1002
}
  0
LINE
  5
2FC
330
2B9
100
AcDbEntity
  8
A-DETL-MEDM
100
AcDbLine
 10
8992.908439416577
 20
36687.99372874039
 30
0.0
 11
8992.908439416577
 21
36653.37834412501
 31
0.0
1001
REVIT
1002
{
1070
     1
1000
1602579
1002
}
1002
{
1070
     5
1000
1602304
1002
}
1002
{
1070
     3
1000
-2000043
1002
}
  0
LINE
  5
2FD
330
2B9
100
AcDbEntity
  8
A-DETL-MEDM
100
AcDbLine
 10
8992.908439416577
 20
36643.378344125
 30
0.0
 11
8992.908439416577
 21
36608.76295950962
 31
0.0
1001
REVIT
1002
{
1070
     1
1000
1602579
1002
}
1002
{
1070
     5
1000
1602304
1002
}
1002
{
1070
     3
1000
-2000043
1002
}
  0
LINE
  5
2FE
330
2B9
100
AcDbEntity
  8
A-DETL-MEDM
100
AcDbLine
 10
8992.908439416577
 20
36598.76295950962
 30
0.0
 11
8992.908439416577
 21
36564.14757489423
 31
0.0
1001
REVIT
1002
{
1070
     1
1000
1602579
1002
}
1002
{
1070
     5
1000
1602304
1002
}
1002
{
1070
     3
1000
-2000043
1002
}
  0
LINE
  5
2FF
330
2B9
100
AcDbEntity
  8
A-DETL-MEDM
100
AcDbLine
 10
8992.908439416577
 20
36554.14757489423
 30
0.0
 11
8992.908439416577
 21
36519.53219027885
 31
0.0
1001
REVIT
1002
{
1070
     1
1000
1602579
1002
}
1002
{
1070
     5
1000
1602304
1002
}
1002
{
1070
     3
1000
-2000043
1002
}
  0
LINE
  5
300
330
2B9
100
AcDbEntity
  8
A-DETL-MEDM
100
AcDbLine
 10
8992.908439416577
 20
36509.53219027884
 30
0.0
 11
8992.908439416577
 21
36474.91680566347
 31
0.0
1001
REVIT
1002
{
1070
     1
1000
1602579
1002
}
1002
{
1070
     5
1000
1602304
1002
}
1002
{
1070
     3
1000
-2000043
1002
}
  0
LINE
  5
301
330
2B9
100
AcDbEntity
  8
A-DETL-MEDM
100
AcDbLine
 10
8992.908439416577
 20
36464.91680566346
 30
0.0
 11
8992.908439416577
 21
36430.30142104809
 31
0.0
1001
REVIT
1002
{
1070
     1
1000
1602579
1002
}
1002
{
1070
     5
1000
1602304
1002
}
1002
{
1070
     3
1000
-2000043
1002
}
  0
LINE
  5
302
330
2B9
100
AcDbEntity
  8
A-DETL-MEDM
100
AcDbLine
 10
8992.908439416577
 20
36420.30142104808
 30
0.0
 11
8992.908439416577
 21
36385.6860364327
 31
0.0
1001
REVIT
1002
{
1070
     1
1000
1602579
1002
}
1002
{
1070
     5
1000
1602304
1002
}
1002
{
1070
     3
1000
-2000043
1002
}
  0
LINE
  5
303
330
2B9
100
AcDbEntity
  8
A-DETL-MEDM
100
AcDbLine
 10
8992.908439416577
 20
36375.6860364327
 30
0.0
 11
8992.908439416577
 21
36341.07065181731
 31
0.0
1001
REVIT
1002
{
1070
     1
1000
1602579
1002
}
1002
{
1070
     5
1000
1602304
1002
}
1002
{
1070
     3
1000
-2000043
1002
}
  0
LINE
  5
304
330
2B9
100
AcDbEntity
  8
A-DETL-MEDM
100
AcDbLine
 10
8992.908439416577
 20
36331.07065181731
 30
0.0
 11
8992.908439416577
 21
36296.45526720193
 31
0.0
1001
REVIT
1002
{
1070
     1
1000
1602579
1002
}
1002
{
1070
     5
1000
1602304
1002
}
1002
{
1070
     3
1000
-2000043
1002
}
  0
LINE
  5
305
330
2B9
100
AcDbEntity
  8
A-DETL-MEDM
100
AcDbLine
 10
8992.908439416577
 20
36286.45526720193
 30
0.0
 11
8992.908439416577
 21
36251.83988258654
 31
0.0
1001
REVIT
1002
{
1070
     1
1000
1602579
1002
}
1002
{
1070
     5
1000
1602304
1002
}
1002
{
1070
     3
1000
-2000043
1002
}
  0
LINE
  5
306
330
2B9
100
AcDbEntity
  8
A-DETL-MEDM
100
AcDbLine
 10
8992.908439416577
 20
36241.83988258654
 30
0.0
 11
8992.908439416577
 21
36207.22449797116
 31
0.0
1001
REVIT
1002
{
1070
     1
1000
1602579
1002
}
1002
{
1070
     5
1000
1602304
1002
}
1002
{
1070
     3
1000
-2000043
1002
}
  0
LINE
  5
307
330
2B9
100
AcDbEntity
  8
A-DETL-MEDM
100
AcDbLine
 10
8992.908439416577
 20
36197.22449797116
 30
0.0
 11
8992.908439416577
 21
36165.37879741926
 31
0.0
1001
REVIT
1002
{
1070
     1
1000
1602579
1002
}
1002
{
1070
     5
1000
1602304
1002
}
1002
{
1070
     3
1000
-2000043
1002
}
  0
LINE
  5
308
330
2B9
100
AcDbEntity
  8
A-DETL-MEDM
100
AcDbLine
 10
8992.908439416577
 20
36165.37879741926
 30
0.0
 11
8989.073533438941
 21
36165.37879741926
 31
0.0
1001
REVIT
1002
{
1070
     1
1000
1602579
1002
}
1002
{
1070
     5
1000
1602304
1002
}
1002
{
1070
     3
1000
-2000043
1002
}
  0
LINE
  5
309
330
2B9
100
AcDbEntity
  8
A-DETL-MEDM
100
AcDbLine
 10
8992.908439416577
 20
37709.03550758798
 30
0.0
 11
8989.073533438941
 21
37709.03550758798
 31
0.0
1001
REVIT
1002
{
1070
     1
1000
1602579
1002
}
1002
{
1070
     5
1000
1602304
1002
}
1002
{
1070
     3
1000
-2000043
1002
}
  0
LINE
  5
30A
330
2B9
100
AcDbEntity
  8
A-DETL-MEDM
100
AcDbLine
 10
8977.568815506034
 20
36172.50441135827
 30
0.0
 11
8977.568815506034
 21
36197.22449797116
 31
0.0
1001
REVIT
1002
{
1070
     1
1000
1602579
1002
}
1002
{
1070
     5
1000
1602304
1002
}
1002
{
1070
     3
1000
-2000043
1002
}
  0
LINE
  5
30B
330
2B9
100
AcDbEntity
  8
A-DETL-MEDM
100
AcDbLine
 10
8977.568815506034
 20
36207.22449797116
 30
0.0
 11
8977.568815506034
 21
36241.83988258654
 31
0.0
1001
REVIT
1002
{
1070
     1
1000
1602579
1002
}
1002
{
1070
     5
1000
1602304
1002
}
1002
{
1070
     3
1000
-2000043
1002
}
  0
LINE
  5
30C
330
2B9
100
AcDbEntity
  8
A-DETL-MEDM
100
AcDbLine
 10
8977.568815506034
 20
36251.83988258654
 30
0.0
 11
8977.568815506034
 21
36286.45526720192
 31
0.0
1001
REVIT
1002
{
1070
     1
1000
1602579
1002
}
1002
{
1070
     5
1000
1602304
1002
}
1002
{
1070
     3
1000
-2000043
1002
}
  0
LINE
  5
30D
330
2B9
100
AcDbEntity
  8
A-DETL-MEDM
100
AcDbLine
 10
8977.568815506034
 20
36296.45526720193
 30
0.0
 11
8977.568815506034
 21
36331.07065181731
 31
0.0
1001
REVIT
1002
{
1070
     1
1000
1602579
1002
}
1002
{
1070
     5
1000
1602304
1002
}
1002
{
1070
     3
1000
-2000043
1002
}
  0
LINE
  5
30E
330
2B9
100
AcDbEntity
  8
A-DETL-MEDM
100
AcDbLine
 10
8977.568815506034
 20
36341.07065181731
 30
0.0
 11
8977.568815506034
 21
36375.6860364327
 31
0.0
1001
REVIT
1002
{
1070
     1
1000
1602579
1002
}
1002
{
1070
     5
1000
1602304
1002
}
1002
{
1070
     3
1000
-2000043
1002
}
  0
LINE
  5
30F
330
2B9
100
AcDbEntity
  8
A-DETL-MEDM
100
AcDbLine
 10
8977.568815506034
 20
36385.6860364327
 30
0.0
 11
8977.568815506034
 21
36420.30142104808
 31
0.0
1001
REVIT
1002
{
1070
     1
1000
1602579
1002
}
1002
{
1070
     5
1000
1602304
1002
}
1002
{
1070
     3
1000
-2000043
1002
}
  0
LINE
  5
310
330
2B9
100
AcDbEntity
  8
A-DETL-MEDM
100
AcDbLine
 10
8977.568815506034
 20
36430.30142104809
 30
0.0
 11
8977.568815506034
 21
36464.91680566346
 31
0.0
1001
REVIT
1002
{
1070
     1
1000
1602579
1002
}
1002
{
1070
     5
1000
1602304
1002
}
1002
{
1070
     3
1000
-2000043
1002
}
  0
LINE
  5
311
330
2B9
100
AcDbEntity
  8
A-DETL-MEDM
100
AcDbLine
 10
8977.568815506034
 20
36474.91680566347
 30
0.0
 11
8977.568815506034
 21
36509.53219027884
 31
0.0
1001
REVIT
1002
{
1070
     1
1000
1602579
1002
}
1002
{
1070
     5
1000
1602304
1002
}
1002
{
1070
     3
1000
-2000043
1002
}
  0
LINE
  5
312
330
2B9
100
AcDbEntity
  8
A-DETL-MEDM
100
AcDbLine
 10
8977.568815506034
 20
36519.53219027885
 30
0.0
 11
8977.568815506034
 21
36554.14757489423
 31
0.0
1001
REVIT
1002
{
1070
     1
1000
1602579
1002
}
1002
{
1070
     5
1000
1602304
1002
}
1002
{
1070
     3
1000
-2000043
1002
}
  0
LINE
  5
313
330
2B9
100
AcDbEntity
  8
A-DETL-MEDM
100
AcDbLine
 10
8977.568815506034
 20
36564.14757489423
 30
0.0
 11
8977.568815506034
 21
36598.76295950962
 31
0.0
1001
REVIT
1002
{
1070
     1
1000
1602579
1002
}
1002
{
1070
     5
1000
1602304
1002
}
1002
{
1070
     3
1000
-2000043
1002
}
  0
LINE
  5
314
330
2B9
100
AcDbEntity
  8
A-DETL-MEDM
100
AcDbLine
 10
8977.568815506034
 20
36608.76295950962
 30
0.0
 11
8977.568815506034
 21
36643.378344125
 31
0.0
1001
REVIT
1002
{
1070
     1
1000
1602579
1002
}
1002
{
1070
     5
1000
1602304
1002
}
1002
{
1070
     3
1000
-2000043
1002
}
  0
LINE
  5
315
330
2B9
100
AcDbEntity
  8
A-DETL-MEDM
100
AcDbLine
 10
8977.568815506034
 20
36653.37834412501
 30
0.0
 11
8977.568815506034
 21
36687.99372874039
 31
0.0
1001
REVIT
1002
{
1070
     1
1000
1602579
1002
}
1002
{
1070
     5
1000
1602304
1002
}
1002
{
1070
     3
1000
-2000043
1002
}
  0
LINE
  5
316
330
2B9
100
AcDbEntity
  8
A-DETL-MEDM
100
AcDbLine
 10
8977.568815506034
 20
36697.99372874039
 30
0.0
 11
8977.568815506034
 21
36732.60911335577
 31
0.0
1001
REVIT
1002
{
1070
     1
1000
1602579
1002
}
1002
{
1070
     5
1000
1602304
1002
}
1002
{
1070
     3
1000
-2000043
1002
}
  0
LINE
  5
317
330
2B9
100
AcDbEntity
  8
A-DETL-MEDM
100
AcDbLine
 10
8977.568815506034
 20
36742.60911335577
 30
0.0
 11
8977.568815506034
 21
36777.22449797116
 31
0.0
1001
REVIT
1002
{
1070
     1
1000
1602579
1002
}
1002
{
1070
     5
1000
1602304
1002
}
1002
{
1070
     3
1000
-2000043
1002
}
  0
LINE
  5
318
330
2B9
100
AcDbEntity
  8
A-DETL-MEDM
100
AcDbLine
 10
8977.568815506034
 20
36787.22449797116
 30
0.0
 11
8977.568815506034
 21
36821.83988258654
 31
0.0
1001
REVIT
1002
{
1070
     1
1000
1602579
1002
}
1002
{
1070
     5
1000
1602304
1002
}
1002
{
1070
     3
1000
-2000043
1002
}
  0
LINE
  5
319
330
2B9
100
AcDbEntity
  8
A-DETL-MEDM
100
AcDbLine
 10
8977.568815506034
 20
36831.83988258654
 30
0.0
 11
8977.568815506034
 21
36866.45526720192
 31
0.0
1001
REVIT
1002
{
1070
     1
1000
1602579
1002
}
1002
{
1070
     5
1000
1602304
1002
}
1002
{
1070
     3
1000
-2000043
1002
}
  0
LINE
  5
31A
330
2B9
100
AcDbEntity
  8
A-DETL-MEDM
100
AcDbLine
 10
8977.568815506034
 20
36877.22065304616
 30
0.0
 11
8977.568815506034
 21
36911.07065181731
 31
0.0
1001
REVIT
1002
{
1070
     1
1000
1602579
1002
}
1002
{
1070
     5
1000
1602304
1002
}
1002
{
1070
     3
1000
-2000043
1002
}
  0
LINE
  5
31B
330
2B9
100
AcDbEntity
  8
A-DETL-MEDM
100
AcDbLine
 10
8977.568815506034
 20
36921.07065181731
 30
0.0
 11
8977.568815506034
 21
36955.6860364327
 31
0.0
1001
REVIT
1002
{
1070
     1
1000
1602579
1002
}
1002
{
1070
     5
1000
1602304
1002
}
1002
{
1070
     3
1000
-2000043
1002
}
  0
LINE
  5
31C
330
2B9
100
AcDbEntity
  8
A-DETL-MEDM
100
AcDbLine
 10
8977.568815506034
 20
36965.6860364327
 30
0.0
 11
8977.568815506034
 21
37000.30142104808
 31
0.0
1001
REVIT
1002
{
1070
     1
1000
1602579
1002
}
1002
{
1070
     5
1000
1602304
1002
}
1002
{
1070
     3
1000
-2000043
1002
}
  0
LINE
  5
31D
330
2B9
100
AcDbEntity
  8
A-DETL-MEDM
100
AcDbLine
 10
8977.568815506034
 20
37010.30142104808
 30
0.0
 11
8977.568815506034
 21
37044.91680566346
 31
0.0
1001
REVIT
1002
{
1070
     1
1000
1602579
1002
}
1002
{
1070
     5
1000
1602304
1002
}
1002
{
1070
     3
1000
-2000043
1002
}
  0
LINE
  5
31E
330
2B9
100
AcDbEntity
  8
A-DETL-MEDM
100
AcDbLine
 10
8977.568815506034
 20
37054.91680566346
 30
0.0
 11
8977.568815506034
 21
37089.53219027884
 31
0.0
1001
REVIT
1002
{
1070
     1
1000
1602579
1002
}
1002
{
1070
     5
1000
1602304
1002
}
1002
{
1070
     3
1000
-2000043
1002
}
  0
LINE
  5
31F
330
2B9
100
AcDbEntity
  8
A-DETL-MEDM
100
AcDbLine
 10
8977.568815506034
 20
37099.53219027885
 30
0.0
 11
8977.568815506034
 21
37134.14757489423
 31
0.0
1001
REVIT
1002
{
1070
     1
1000
1602579
1002
}
1002
{
1070
     5
1000
1602304
1002
}
1002
{
1070
     3
1000
-2000043
1002
}
  0
LINE
  5
320
330
2B9
100
AcDbEntity
  8
A-DETL-MEDM
100
AcDbLine
 10
8977.568815506034
 20
37144.14757489423
 30
0.0
 11
8977.568815506034
 21
37178.76295950962
 31
0.0
1001
REVIT
1002
{
1070
     1
1000
1602579
1002
}
1002
{
1070
     5
1000
1602304
1002
}
1002
{
1070
     3
1000
-2000043
1002
}
  0
LINE
  5
321
330
2B9
100
AcDbEntity
  8
A-DETL-MEDM
100
AcDbLine
 10
8977.568815506034
 20
37188.76295950962
 30
0.0
 11
8977.568815506034
 21
37223.378344125
 31
0.0
1001
REVIT
1002
{
1070
     1
1000
1602579
1002
}
1002
{
1070
     5
1000
1602304
1002
}
1002
{
1070
     3
1000
-2000043
1002
}
  0
LINE
  5
322
330
2B9
100
AcDbEntity
  8
A-DETL-MEDM
100
AcDbLine
 10
8977.568815506034
 20
37233.378344125
 30
0.0
 11
8977.568815506034
 21
37267.99372874039
 31
0.0
1001
REVIT
1002
{
1070
     1
1000
1602579
1002
}
1002
{
1070
     5
1000
1602304
1002
}
1002
{
1070
     3
1000
-2000043
1002
}
  0
LINE
  5
323
330
2B9
100
AcDbEntity
  8
A-DETL-MEDM
100
AcDbLine
 10
8977.568815506034
 20
37277.99372874039
 30
0.0
 11
8977.568815506034
 21
37312.60911335577
 31
0.0
1001
REVIT
1002
{
1070
     1
1000
1602579
1002
}
1002
{
1070
     5
1000
1602304
1002
}
1002
{
1070
     3
1000
-2000043
1002
}
  0
LINE
  5
324
330
2B9
100
AcDbEntity
  8
A-DETL-MEDM
100
AcDbLine
 10
8977.568815506034
 20
37322.60911335577
 30
0.0
 11
8977.568815506034
 21
37357.22449797116
 31
0.0
1001
REVIT
1002
{
1070
     1
1000
1602579
1002
}
1002
{
1070
     5
1000
1602304
1002
}
1002
{
1070
     3
1000
-2000043
1002
}
  0
LINE
  5
325
330
2B9
100
AcDbEntity
  8
A-DETL-MEDM
100
AcDbLine
 10
8977.568815506034
 20
37367.22449797116
 30
0.0
 11
8977.568815506034
 21
37401.83988258654
 31
0.0
1001
REVIT
1002
{
1070
     1
1000
1602579
1002
}
1002
{
1070
     5
1000
1602304
1002
}
1002
{
1070
     3
1000
-2000043
1002
}
  0
LINE
  5
326
330
2B9
100
AcDbEntity
  8
A-DETL-MEDM
100
AcDbLine
 10
8977.568815506034
 20
37411.83988258654
 30
0.0
 11
8977.568815506034
 21
37446.45526720192
 31
0.0
1001
REVIT
1002
{
1070
     1
1000
1602579
1002
}
1002
{
1070
     5
1000
1602304
1002
}
1002
{
1070
     3
1000
-2000043
1002
}
  0
LINE
  5
327
330
2B9
100
AcDbEntity
  8
A-DETL-MEDM
100
AcDbLine
 10
8977.568815506034
 20
37456.45526720193
 30
0.0
 11
8977.568815506034
 21
37491.07065181731
 31
0.0
1001
REVIT
1002
{
1070
     1
1000
1602579
1002
}
1002
{
1070
     5
1000
1602304
1002
}
1002
{
1070
     3
1000
-2000043
1002
}
  0
LINE
  5
328
330
2B9
100
AcDbEntity
  8
A-DETL-MEDM
100
AcDbLine
 10
8977.568815506034
 20
37501.07065181731
 30
0.0
 11
8977.568815506034
 21
37535.6860364327
 31
0.0
1001
REVIT
1002
{
1070
     1
1000
1602579
1002
}
1002
{
1070
     5
1000
1602304
1002
}
1002
{
1070
     3
1000
-2000043
1002
}
  0
LINE
  5
329
330
2B9
100
AcDbEntity
  8
A-DETL-MEDM
100
AcDbLine
 10
8977.568815506034
 20
37545.6860364327
 30
0.0
 11
8977.568815506034
 21
37580.30142104808
 31
0.0
1001
REVIT
1002
{
1070
     1
1000
1602579
1002
}
1002
{
1070
     5
1000
1602304
1002
}
1002
{
1070
     3
1000
-2000043
1002
}
  0
LINE
  5
32A
330
2B9
100
AcDbEntity
  8
A-DETL-MEDM
100
AcDbLine
 10
8977.568815506034
 20
37590.30142104809
 30
0.0
 11
8977.568815506034
 21
37624.91680566346
 31
0.0
1001
REVIT
1002
{
1070
     1
1000
1602579
1002
}
1002
{
1070
     5
1000
1602304
1002
}
1002
{
1070
     3
1000
-2000043
1002
}
  0
LINE
  5
32B
330
2B9
100
AcDbEntity
  8
A-DETL-MEDM
100
AcDbLine
 10
8977.568815506034
 20
37634.91680566346
 30
0.0
 11
8977.568815506034
 21
37669.53219027885
 31
0.0
1001
REVIT
1002
{
1070
     1
1000
1602579
1002
}
1002
{
1070
     5
1000
1602304
1002
}
1002
{
1070
     3
1000
-2000043
1002
}
  0
LINE
  5
32C
330
2B9
100
AcDbEntity
  8
A-DETL-MEDM
100
AcDbLine
 10
8977.568815506034
 20
37679.53219027885
 30
0.0
 11
8977.568815506034
 21
37708.03550758798
 31
0.0
1001
REVIT
1002
{
1070
     1
1000
1602579
1002
}
1002
{
1070
     5
1000
1602304
1002
}
1002
{
1070
     3
1000
-2000043
1002
}
  0
LINE
  5
32D
330
2B9
100
AcDbEntity
  8
A-DETL-MEDM
100
AcDbLine
 10
8981.698714251179
 20
37708.03550758798
 30
0.0
 11
8981.698714251179
 21
37679.53219027885
 31
0.0
1001
REVIT
1002
{
1070
     1
1000
1602579
1002
}
1002
{
1070
     5
1000
1602304
1002
}
1002
{
1070
     3
1000
-2000043
1002
}
  0
LINE
  5
32E
330
2B9
100
AcDbEntity
  8
A-DETL-MEDM
100
AcDbLine
 10
8981.698714251179
 20
37669.53219027885
 30
0.0
 11
8981.698714251179
 21
37634.91680566346
 31
0.0
1001
REVIT
1002
{
1070
     1
1000
1602579
1002
}
1002
{
1070
     5
1000
1602304
1002
}
1002
{
1070
     3
1000
-2000043
1002
}
  0
LINE
  5
32F
330
2B9
100
AcDbEntity
  8
A-DETL-MEDM
100
AcDbLine
 10
8981.698714251179
 20
37624.91680566346
 30
0.0
 11
8981.698714251179
 21
37590.30142104808
 31
0.0
1001
REVIT
1002
{
1070
     1
1000
1602579
1002
}
1002
{
1070
     5
1000
1602304
1002
}
1002
{
1070
     3
1000
-2000043
1002
}
  0
LINE
  5
330
330
2B9
100
AcDbEntity
  8
A-DETL-MEDM
100
AcDbLine
 10
8981.698714251179
 20
37580.30142104808
 30
0.0
 11
8981.698714251179
 21
37545.6860364327
 31
0.0
1001
REVIT
1002
{
1070
     1
1000
1602579
1002
}
1002
{
1070
     5
1000
1602304
1002
}
1002
{
1070
     3
1000
-2000043
1002
}
  0
LINE
  5
331
330
2B9
100
AcDbEntity
  8
A-DETL-MEDM
100
AcDbLine
 10
8981.698714251179
 20
37535.6860364327
 30
0.0
 11
8981.698714251179
 21
37501.07065181731
 31
0.0
1001
REVIT
1002
{
1070
     1
1000
1602579
1002
}
1002
{
1070
     5
1000
1602304
1002
}
1002
{
1070
     3
1000
-2000043
1002
}
  0
LINE
  5
332
330
2B9
100
AcDbEntity
  8
A-DETL-MEDM
100
AcDbLine
 10
8981.698714251179
 20
37491.07065181731
 30
0.0
 11
8981.698714251179
 21
37456.45526720193
 31
0.0
1001
REVIT
1002
{
1070
     1
1000
1602579
1002
}
1002
{
1070
     5
1000
1602304
1002
}
1002
{
1070
     3
1000
-2000043
1002
}
  0
LINE
  5
333
330
2B9
100
AcDbEntity
  8
A-DETL-MEDM
100
AcDbLine
 10
8981.698714251179
 20
37446.45526720192
 30
0.0
 11
8981.698714251179
 21
37411.83988258654
 31
0.0
1001
REVIT
1002
{
1070
     1
1000
1602579
1002
}
1002
{
1070
     5
1000
1602304
1002
}
1002
{
1070
     3
1000
-2000043
1002
}
  0
LINE
  5
334
330
2B9
100
AcDbEntity
  8
A-DETL-MEDM
100
AcDbLine
 10
8981.698714251179
 20
37401.83988258654
 30
0.0
 11
8981.698714251179
 21
37367.22449797116
 31
0.0
1001
REVIT
1002
{
1070
     1
1000
1602579
1002
}
1002
{
1070
     5
1000
1602304
1002
}
1002
{
1070
     3
1000
-2000043
1002
}
  0
LINE
  5
335
330
2B9
100
AcDbEntity
  8
A-DETL-MEDM
100
AcDbLine
 10
8981.698714251179
 20
37357.22449797116
 30
0.0
 11
8981.698714251179
 21
37322.60911335577
 31
0.0
1001
REVIT
1002
{
1070
     1
1000
1602579
1002
}
1002
{
1070
     5
1000
1602304
1002
}
1002
{
1070
     3
1000
-2000043
1002
}
  0
LINE
  5
336
330
2B9
100
AcDbEntity
  8
A-DETL-MEDM
100
AcDbLine
 10
8981.698714251179
 20
37312.60911335577
 30
0.0
 11
8981.698714251179
 21
37277.99372874039
 31
0.0
1001
REVIT
1002
{
1070
     1
1000
1602579
1002
}
1002
{
1070
     5
1000
1602304
1002
}
1002
{
1070
     3
1000
-2000043
1002
}
  0
LINE
  5
337
330
2B9
100
AcDbEntity
  8
A-DETL-MEDM
100
AcDbLine
 10
8981.698714251179
 20
37267.99372874039
 30
0.0
 11
8981.698714251179
 21
37233.378344125
 31
0.0
1001
REVIT
1002
{
1070
     1
1000
1602579
1002
}
1002
{
1070
     5
1000
1602304
1002
}
1002
{
1070
     3
1000
-2000043
1002
}
  0
LINE
  5
338
330
2B9
100
AcDbEntity
  8
A-DETL-MEDM
100
AcDbLine
 10
8981.698714251179
 20
37223.378344125
 30
0.0
 11
8981.698714251179
 21
37188.76295950962
 31
0.0
1001
REVIT
1002
{
1070
     1
1000
1602579
1002
}
1002
{
1070
     5
1000
1602304
1002
}
1002
{
1070
     3
1000
-2000043
1002
}
  0
LINE
  5
339
330
2B9
100
AcDbEntity
  8
A-DETL-MEDM
100
AcDbLine
 10
8981.698714251179
 20
37178.76295950962
 30
0.0
 11
8981.698714251179
 21
37144.14757489423
 31
0.0
1001
REVIT
1002
{
1070
     1
1000
1602579
1002
}
1002
{
1070
     5
1000
1602304
1002
}
1002
{
1070
     3
1000
-2000043
1002
}
  0
LINE
  5
33A
330
2B9
100
AcDbEntity
  8
A-DETL-MEDM
100
AcDbLine
 10
8981.698714251179
 20
37134.14757489423
 30
0.0
 11
8981.698714251179
 21
37099.53219027885
 31
0.0
1001
REVIT
1002
{
1070
     1
1000
1602579
1002
}
1002
{
1070
     5
1000
1602304
1002
}
1002
{
1070
     3
1000
-2000043
1002
}
  0
LINE
  5
33B
330
2B9
100
AcDbEntity
  8
A-DETL-MEDM
100
AcDbLine
 10
8981.698714251179
 20
37089.53219027884
 30
0.0
 11
8981.698714251179
 21
37054.91680566346
 31
0.0
1001
REVIT
1002
{
1070
     1
1000
1602579
1002
}
1002
{
1070
     5
1000
1602304
1002
}
1002
{
1070
     3
1000
-2000043
1002
}
  0
LINE
  5
33C
330
2B9
100
AcDbEntity
  8
A-DETL-MEDM
100
AcDbLine
 10
8981.698714251179
 20
37044.91680566346
 30
0.0
 11
8981.698714251179
 21
37010.30142104808
 31
0.0
1001
REVIT
1002
{
1070
     1
1000
1602579
1002
}
1002
{
1070
     5
1000
1602304
1002
}
1002
{
1070
     3
1000
-2000043
1002
}
  0
LINE
  5
33D
330
2B9
100
AcDbEntity
  8
A-DETL-MEDM
100
AcDbLine
 10
8981.698714251179
 20
37000.30142104808
 30
0.0
 11
8981.698714251179
 21
36965.6860364327
 31
0.0
1001
REVIT
1002
{
1070
     1
1000
1602579
1002
}
1002
{
1070
     5
1000
1602304
1002
}
1002
{
1070
     3
1000
-2000043
1002
}
  0
LINE
  5
33E
330
2B9
100
AcDbEntity
  8
A-DETL-MEDM
100
AcDbLine
 10
8981.698714251179
 20
36955.6860364327
 30
0.0
 11
8981.698714251179
 21
36921.07065181731
 31
0.0
1001
REVIT
1002
{
1070
     1
1000
1602579
1002
}
1002
{
1070
     5
1000
1602304
1002
}
1002
{
1070
     3
1000
-2000043
1002
}
  0
LINE
  5
33F
330
2B9
100
AcDbEntity
  8
A-DETL-MEDM
100
AcDbLine
 10
8981.698714251179
 20
36911.07065181731
 30
0.0
 11
8981.698714251179
 21
36877.22065304616
 31
0.0
1001
REVIT
1002
{
1070
     1
1000
1602579
1002
}
1002
{
1070
     5
1000
1602304
1002
}
1002
{
1070
     3
1000
-2000043
1002
}
  0
LINE
  5
340
330
2B9
100
AcDbEntity
  8
A-DETL-MEDM
100
AcDbLine
 10
8981.698714251179
 20
36866.45526720192
 30
0.0
 11
8981.698714251179
 21
36831.83988258654
 31
0.0
1001
REVIT
1002
{
1070
     1
1000
1602579
1002
}
1002
{
1070
     5
1000
1602304
1002
}
1002
{
1070
     3
1000
-2000043
1002
}
  0
LINE
  5
341
330
2B9
100
AcDbEntity
  8
A-DETL-MEDM
100
AcDbLine
 10
8981.698714251179
 20
36821.83988258654
 30
0.0
 11
8981.698714251179
 21
36787.22449797116
 31
0.0
1001
REVIT
1002
{
1070
     1
1000
1602579
1002
}
1002
{
1070
     5
1000
1602304
1002
}
1002
{
1070
     3
1000
-2000043
1002
}
  0
LINE
  5
342
330
2B9
100
AcDbEntity
  8
A-DETL-MEDM
100
AcDbLine
 10
8981.698714251179
 20
36777.22449797116
 30
0.0
 11
8981.698714251179
 21
36742.60911335577
 31
0.0
1001
REVIT
1002
{
1070
     1
1000
1602579
1002
}
1002
{
1070
     5
1000
1602304
1002
}
1002
{
1070
     3
1000
-2000043
1002
}
  0
LINE
  5
343
330
2B9
100
AcDbEntity
  8
A-DETL-MEDM
100
AcDbLine
 10
8981.698714251179
 20
36732.60911335577
 30
0.0
 11
8981.698714251179
 21
36697.99372874039
 31
0.0
1001
REVIT
1002
{
1070
     1
1000
1602579
1002
}
1002
{
1070
     5
1000
1602304
1002
}
1002
{
1070
     3
1000
-2000043
1002
}
  0
LINE
  5
344
330
2B9
100
AcDbEntity
  8
A-DETL-MEDM
100
AcDbLine
 10
8981.698714251179
 20
36687.99372874039
 30
0.0
 11
8981.698714251179
 21
36653.37834412501
 31
0.0
1001
REVIT
1002
{
1070
     1
1000
1602579
1002
}
1002
{
1070
     5
1000
1602304
1002
}
1002
{
1070
     3
1000
-2000043
1002
}
  0
LINE
  5
345
330
2B9
100
AcDbEntity
  8
A-DETL-MEDM
100
AcDbLine
 10
8981.698714251179
 20
36643.378344125
 30
0.0
 11
8981.698714251179
 21
36608.76295950962
 31
0.0
1001
REVIT
1002
{
1070
     1
1000
1602579
1002
}
1002
{
1070
     5
1000
1602304
1002
}
1002
{
1070
     3
1000
-2000043
1002
}
  0
LINE
  5
346
330
2B9
100
AcDbEntity
  8
A-DETL-MEDM
100
AcDbLine
 10
8981.698714251179
 20
36598.76295950962
 30
0.0
 11
8981.698714251179
 21
36564.14757489423
 31
0.0
1001
REVIT
1002
{
1070
     1
1000
1602579
1002
}
1002
{
1070
     5
1000
1602304
1002
}
1002
{
1070
     3
1000
-2000043
1002
}
  0
LINE
  5
347
330
2B9
100
AcDbEntity
  8
A-DETL-MEDM
100
AcDbLine
 10
8981.698714251179
 20
36554.14757489423
 30
0.0
 11
8981.698714251179
 21
36519.53219027885
 31
0.0
1001
REVIT
1002
{
1070
     1
1000
1602579
1002
}
1002
{
1070
     5
1000
1602304
1002
}
1002
{
1070
     3
1000
-2000043
1002
}
  0
LINE
  5
348
330
2B9
100
AcDbEntity
  8
A-DETL-MEDM
100
AcDbLine
 10
8981.698714251179
 20
36509.53219027884
 30
0.0
 11
8981.698714251179
 21
36474.91680566347
 31
0.0
1001
REVIT
1002
{
1070
     1
1000
1602579
1002
}
1002
{
1070
     5
1000
1602304
1002
}
1002
{
1070
     3
1000
-2000043
1002
}
  0
LINE
  5
349
330
2B9
100
AcDbEntity
  8
A-DETL-MEDM
100
AcDbLine
 10
8981.698714251179
 20
36464.91680566346
 30
0.0
 11
8981.698714251179
 21
36430.30142104809
 31
0.0
1001
REVIT
1002
{
1070
     1
1000
1602579
1002
}
1002
{
1070
     5
1000
1602304
1002
}
1002
{
1070
     3
1000
-2000043
1002
}
  0
LINE
  5
34A
330
2B9
100
AcDbEntity
  8
A-DETL-MEDM
100
AcDbLine
 10
8981.698714251179
 20
36420.30142104808
 30
0.0
 11
8981.698714251179
 21
36385.6860364327
 31
0.0
1001
REVIT
1002
{
1070
     1
1000
1602579
1002
}
1002
{
1070
     5
1000
1602304
1002
}
1002
{
1070
     3
1000
-2000043
1002
}
  0
LINE
  5
34B
330
2B9
100
AcDbEntity
  8
A-DETL-MEDM
100
AcDbLine
 10
8981.698714251179
 20
36375.6860364327
 30
0.0
 11
8981.698714251179
 21
36341.07065181731
 31
0.0
1001
REVIT
1002
{
1070
     1
1000
1602579
1002
}
1002
{
1070
     5
1000
1602304
1002
}
1002
{
1070
     3
1000
-2000043
1002
}
  0
LINE
  5
34C
330
2B9
100
AcDbEntity
  8
A-DETL-MEDM
100
AcDbLine
 10
8981.698714251179
 20
36331.07065181731
 30
0.0
 11
8981.698714251179
 21
36296.45526720193
 31
0.0
1001
REVIT
1002
{
1070
     1
1000
1602579
1002
}
1002
{
1070
     5
1000
1602304
1002
}
1002
{
1070
     3
1000
-2000043
1002
}
  0
LINE
  5
34D
330
2B9
100
AcDbEntity
  8
A-DETL-MEDM
100
AcDbLine
 10
8981.698714251179
 20
36286.45526720192
 30
0.0
 11
8981.698714251179
 21
36251.83988258654
 31
0.0
1001
REVIT
1002
{
1070
     1
1000
1602579
1002
}
1002
{
1070
     5
1000
1602304
1002
}
1002
{
1070
     3
1000
-2000043
1002
}
  0
LINE
  5
34E
330
2B9
100
AcDbEntity
  8
A-DETL-MEDM
100
AcDbLine
 10
8981.698714251179
 20
36241.83988258654
 30
0.0
 11
8981.698714251179
 21
36207.22449797116
 31
0.0
1001
REVIT
1002
{
1070
     1
1000
1602579
1002
}
1002
{
1070
     5
1000
1602304
1002
}
1002
{
1070
     3
1000
-2000043
1002
}
  0
LINE
  5
34F
330
2B9
100
AcDbEntity
  8
A-DETL-MEDM
100
AcDbLine
 10
8981.698714251179
 20
36197.22449797116
 30
0.0
 11
8981.698714251179
 21
36172.50441135827
 31
0.0
1001
REVIT
1002
{
1070
     1
1000
1602579
1002
}
1002
{
1070
     5
1000
1602304
1002
}
1002
{
1070
     3
1000
-2000043
1002
}
  0
LINE
  5
350
330
2B9
100
AcDbEntity
  8
A-DETL-MEDM
100
AcDbLine
 10
8981.698714251179
 20
36172.50441135827
 30
0.0
 11
8977.568815506034
 21
36172.50441135827
 31
0.0
1001
REVIT
1002
{
1070
     1
1000
1602579
1002
}
1002
{
1070
     5
1000
1602304
1002
}
1002
{
1070
     3
1000
-2000043
1002
}
  0
LINE
  5
351
330
2B9
100
AcDbEntity
  8
A-DETL-MEDM
100
AcDbLine
 10
8981.698714251179
 20
37708.03550758798
 30
0.0
 11
8977.568815506034
 21
37708.03550758798
 31
0.0
1001
REVIT
1002
{
1070
     1
1000
1602579
1002
}
1002
{
1070
     5
1000
1602304
1002
}
1002
{
1070
     3
1000
-2000043
1002
}
  0
LINE
  5
352
330
2B9
100
AcDbEntity
  8
A-DETL-MEDM
100
AcDbLine
 10
8959.46338285348
 20
36197.22449797116
 30
0.0
 11
8959.46338285348
 21
36207.22449797116
 31
0.0
1001
REVIT
1002
{
1070
     1
1000
1602579
1002
}
1002
{
1070
     5
1000
1602304
1002
}
1002
{
1070
     3
1000
-2000043
1002
}
  0
LINE
  5
353
330
2B9
100
AcDbEntity
  8
A-DETL-MEDM
100
AcDbLine
 10
8959.46338285348
 20
36197.22449797116
 30
0.0
 11
9009.46338285348
 21
36197.22449797116
 31
0.0
1001
REVIT
1002
{
1070
     1
1000
1602579
1002
}
1002
{
1070
     5
1000
1602304
1002
}
1002
{
1070
     3
1000
-2000043
1002
}
  0
LINE
  5
354
330
2B9
100
AcDbEntity
  8
A-DETL-MEDM
100
AcDbLine
 10
9009.46338285348
 20
36207.22449797116
 30
0.0
 11
8959.46338285348
 21
36207.22449797116
 31
0.0
1001
REVIT
1002
{
1070
     1
1000
1602579
1002
}
1002
{
1070
     5
1000
1602304
1002
}
1002
{
1070
     3
1000
-2000043
1002
}
  0
LINE
  5
355
330
2B9
100
AcDbEntity
  8
A-DETL-MEDM
100
AcDbLine
 10
8959.46338285348
 20
36241.83988258654
 30
0.0
 11
8959.46338285348
 21
36251.83988258654
 31
0.0
1001
REVIT
1002
{
1070
     1
1000
1602579
1002
}
1002
{
1070
     5
1000
1602304
1002
}
1002
{
1070
     3
1000
-2000043
1002
}
  0
LINE
  5
356
330
2B9
100
AcDbEntity
  8
A-DETL-MEDM
100
AcDbLine
 10
8959.46338285348
 20
36241.83988258654
 30
0.0
 11
9009.46338285348
 21
36241.83988258654
 31
0.0
1001
REVIT
1002
{
1070
     1
1000
1602579
1002
}
1002
{
1070
     5
1000
1602304
1002
}
1002
{
1070
     3
1000
-2000043
1002
}
  0
LINE
  5
357
330
2B9
100
AcDbEntity
  8
A-DETL-MEDM
100
AcDbLine
 10
9009.46338285348
 20
36251.83988258654
 30
0.0
 11
8959.46338285348
 21
36251.83988258654
 31
0.0
1001
REVIT
1002
{
1070
     1
1000
1602579
1002
}
1002
{
1070
     5
1000
1602304
1002
}
1002
{
1070
     3
1000
-2000043
1002
}
  0
LINE
  5
358
330
2B9
100
AcDbEntity
  8
A-DETL-MEDM
100
AcDbLine
 10
8959.46338285348
 20
36286.45526720192
 30
0.0
 11
8959.46338285348
 21
36296.45526720193
 31
0.0
1001
REVIT
1002
{
1070
     1
1000
1602579
1002
}
1002
{
1070
     5
1000
1602304
1002
}
1002
{
1070
     3
1000
-2000043
1002
}
  0
LINE
  5
359
330
2B9
100
AcDbEntity
  8
A-DETL-MEDM
100
AcDbLine
 10
8959.46338285348
 20
36286.45526720192
 30
0.0
 11
9009.46338285348
 21
36286.45526720192
 31
0.0
1001
REVIT
1002
{
1070
     1
1000
1602579
1002
}
1002
{
1070
     5
1000
1602304
1002
}
1002
{
1070
     3
1000
-2000043
1002
}
  0
LINE
  5
35A
330
2B9
100
AcDbEntity
  8
A-DETL-MEDM
100
AcDbLine
 10
9009.46338285348
 20
36296.45526720193
 30
0.0
 11
8959.46338285348
 21
36296.45526720193
 31
0.0
1001
REVIT
1002
{
1070
     1
1000
1602579
1002
}
1002
{
1070
     5
1000
1602304
1002
}
1002
{
1070
     3
1000
-2000043
1002
}
  0
LINE
  5
35B
330
2B9
100
AcDbEntity
  8
A-DETL-MEDM
100
AcDbLine
 10
8959.46338285348
 20
36331.07065181731
 30
0.0
 11
8959.46338285348
 21
36341.07065181731
 31
0.0
1001
REVIT
1002
{
1070
     1
1000
1602579
1002
}
1002
{
1070
     5
1000
1602304
1002
}
1002
{
1070
     3
1000
-2000043
1002
}
  0
LINE
  5
35C
330
2B9
100
AcDbEntity
  8
A-DETL-MEDM
100
AcDbLine
 10
8959.46338285348
 20
36331.07065181731
 30
0.0
 11
9009.46338285348
 21
36331.07065181731
 31
0.0
1001
REVIT
1002
{
1070
     1
1000
1602579
1002
}
1002
{
1070
     5
1000
1602304
1002
}
1002
{
1070
     3
1000
-2000043
1002
}
  0
LINE
  5
35D
330
2B9
100
AcDbEntity
  8
A-DETL-MEDM
100
AcDbLine
 10
9009.46338285348
 20
36341.07065181731
 30
0.0
 11
8959.46338285348
 21
36341.07065181731
 31
0.0
1001
REVIT
1002
{
1070
     1
1000
1602579
1002
}
1002
{
1070
     5
1000
1602304
1002
}
1002
{
1070
     3
1000
-2000043
1002
}
  0
LINE
  5
35E
330
2B9
100
AcDbEntity
  8
A-DETL-MEDM
100
AcDbLine
 10
8959.46338285348
 20
36375.6860364327
 30
0.0
 11
8959.46338285348
 21
36385.6860364327
 31
0.0
1001
REVIT
1002
{
1070
     1
1000
1602579
1002
}
1002
{
1070
     5
1000
1602304
1002
}
1002
{
1070
     3
1000
-2000043
1002
}
  0
LINE
  5
35F
330
2B9
100
AcDbEntity
  8
A-DETL-MEDM
100
AcDbLine
 10
8959.46338285348
 20
36375.6860364327
 30
0.0
 11
9009.46338285348
 21
36375.6860364327
 31
0.0
1001
REVIT
1002
{
1070
     1
1000
1602579
1002
}
1002
{
1070
     5
1000
1602304
1002
}
1002
{
1070
     3
1000
-2000043
1002
}
  0
LINE
  5
360
330
2B9
100
AcDbEntity
  8
A-DETL-MEDM
100
AcDbLine
 10
9009.46338285348
 20
36385.6860364327
 30
0.0
 11
8959.46338285348
 21
36385.6860364327
 31
0.0
1001
REVIT
1002
{
1070
     1
1000
1602579
1002
}
1002
{
1070
     5
1000
1602304
1002
}
1002
{
1070
     3
1000
-2000043
1002
}
  0
LINE
  5
361
330
2B9
100
AcDbEntity
  8
A-DETL-MEDM
100
AcDbLine
 10
8959.46338285348
 20
36420.30142104808
 30
0.0
 11
8959.46338285348
 21
36430.30142104809
 31
0.0
1001
REVIT
1002
{
1070
     1
1000
1602579
1002
}
1002
{
1070
     5
1000
1602304
1002
}
1002
{
1070
     3
1000
-2000043
1002
}
  0
LINE
  5
362
330
2B9
100
AcDbEntity
  8
A-DETL-MEDM
100
AcDbLine
 10
8959.46338285348
 20
36420.30142104808
 30
0.0
 11
9009.46338285348
 21
36420.30142104808
 31
0.0
1001
REVIT
1002
{
1070
     1
1000
1602579
1002
}
1002
{
1070
     5
1000
1602304
1002
}
1002
{
1070
     3
1000
-2000043
1002
}
  0
LINE
  5
363
330
2B9
100
AcDbEntity
  8
A-DETL-MEDM
100
AcDbLine
 10
9009.46338285348
 20
36430.30142104809
 30
0.0
 11
8959.46338285348
 21
36430.30142104809
 31
0.0
1001
REVIT
1002
{
1070
     1
1000
1602579
1002
}
1002
{
1070
     5
1000
1602304
1002
}
1002
{
1070
     3
1000
-2000043
1002
}
  0
LINE
  5
364
330
2B9
100
AcDbEntity
  8
A-DETL-MEDM
100
AcDbLine
 10
8959.46338285348
 20
36464.91680566346
 30
0.0
 11
8959.46338285348
 21
36474.91680566347
 31
0.0
1001
REVIT
1002
{
1070
     1
1000
1602579
1002
}
1002
{
1070
     5
1000
1602304
1002
}
1002
{
1070
     3
1000
-2000043
1002
}
  0
LINE
  5
365
330
2B9
100
AcDbEntity
  8
A-DETL-MEDM
100
AcDbLine
 10
8959.46338285348
 20
36464.91680566346
 30
0.0
 11
9009.46338285348
 21
36464.91680566346
 31
0.0
1001
REVIT
1002
{
1070
     1
1000
1602579
1002
}
1002
{
1070
     5
1000
1602304
1002
}
1002
{
1070
     3
1000
-2000043
1002
}
  0
LINE
  5
366
330
2B9
100
AcDbEntity
  8
A-DETL-MEDM
100
AcDbLine
 10
9009.46338285348
 20
36474.91680566347
 30
0.0
 11
8959.46338285348
 21
36474.91680566347
 31
0.0
1001
REVIT
1002
{
1070
     1
1000
1602579
1002
}
1002
{
1070
     5
1000
1602304
1002
}
1002
{
1070
     3
1000
-2000043
1002
}
  0
LINE
  5
367
330
2B9
100
AcDbEntity
  8
A-DETL-MEDM
100
AcDbLine
 10
8959.46338285348
 20
36509.53219027884
 30
0.0
 11
8959.46338285348
 21
36519.53219027885
 31
0.0
1001
REVIT
1002
{
1070
     1
1000
1602579
1002
}
1002
{
1070
     5
1000
1602304
1002
}
1002
{
1070
     3
1000
-2000043
1002
}
  0
LINE
  5
368
330
2B9
100
AcDbEntity
  8
A-DETL-MEDM
100
AcDbLine
 10
8959.46338285348
 20
36509.53219027884
 30
0.0
 11
9009.46338285348
 21
36509.53219027884
 31
0.0
1001
REVIT
1002
{
1070
     1
1000
1602579
1002
}
1002
{
1070
     5
1000
1602304
1002
}
1002
{
1070
     3
1000
-2000043
1002
}
  0
LINE
  5
369
330
2B9
100
AcDbEntity
  8
A-DETL-MEDM
100
AcDbLine
 10
9009.46338285348
 20
36519.53219027885
 30
0.0
 11
8959.46338285348
 21
36519.53219027885
 31
0.0
1001
REVIT
1002
{
1070
     1
1000
1602579
1002
}
1002
{
1070
     5
1000
1602304
1002
}
1002
{
1070
     3
1000
-2000043
1002
}
  0
LINE
  5
36A
330
2B9
100
AcDbEntity
  8
A-DETL-MEDM
100
AcDbLine
 10
8959.46338285348
 20
36554.14757489423
 30
0.0
 11
8959.46338285348
 21
36564.14757489423
 31
0.0
1001
REVIT
1002
{
1070
     1
1000
1602579
1002
}
1002
{
1070
     5
1000
1602304
1002
}
1002
{
1070
     3
1000
-2000043
1002
}
  0
LINE
  5
36B
330
2B9
100
AcDbEntity
  8
A-DETL-MEDM
100
AcDbLine
 10
8959.46338285348
 20
36554.14757489423
 30
0.0
 11
9009.46338285348
 21
36554.14757489423
 31
0.0
1001
REVIT
1002
{
1070
     1
1000
1602579
1002
}
1002
{
1070
     5
1000
1602304
1002
}
1002
{
1070
     3
1000
-2000043
1002
}
  0
LINE
  5
36C
330
2B9
100
AcDbEntity
  8
A-DETL-MEDM
100
AcDbLine
 10
9009.46338285348
 20
36564.14757489423
 30
0.0
 11
8959.46338285348
 21
36564.14757489423
 31
0.0
1001
REVIT
1002
{
1070
     1
1000
1602579
1002
}
1002
{
1070
     5
1000
1602304
1002
}
1002
{
1070
     3
1000
-2000043
1002
}
  0
LINE
  5
36D
330
2B9
100
AcDbEntity
  8
A-DETL-MEDM
100
AcDbLine
 10
8959.46338285348
 20
36598.76295950962
 30
0.0
 11
8959.46338285348
 21
36608.76295950962
 31
0.0
1001
REVIT
1002
{
1070
     1
1000
1602579
1002
}
1002
{
1070
     5
1000
1602304
1002
}
1002
{
1070
     3
1000
-2000043
1002
}
  0
LINE
  5
36E
330
2B9
100
AcDbEntity
  8
A-DETL-MEDM
100
AcDbLine
 10
8959.46338285348
 20
36598.76295950962
 30
0.0
 11
9009.46338285348
 21
36598.76295950962
 31
0.0
1001
REVIT
1002
{
1070
     1
1000
1602579
1002
}
1002
{
1070
     5
1000
1602304
1002
}
1002
{
1070
     3
1000
-2000043
1002
}
  0
LINE
  5
36F
330
2B9
100
AcDbEntity
  8
A-DETL-MEDM
100
AcDbLine
 10
9009.46338285348
 20
36608.76295950962
 30
0.0
 11
8959.46338285348
 21
36608.76295950962
 31
0.0
1001
REVIT
1002
{
1070
     1
1000
1602579
1002
}
1002
{
1070
     5
1000
1602304
1002
}
1002
{
1070
     3
1000
-2000043
1002
}
  0
LINE
  5
370
330
2B9
100
AcDbEntity
  8
A-DETL-MEDM
100
AcDbLine
 10
8959.46338285348
 20
36643.378344125
 30
0.0
 11
8959.46338285348
 21
36653.37834412501
 31
0.0
1001
REVIT
1002
{
1070
     1
1000
1602579
1002
}
1002
{
1070
     5
1000
1602304
1002
}
1002
{
1070
     3
1000
-2000043
1002
}
  0
LINE
  5
371
330
2B9
100
AcDbEntity
  8
A-DETL-MEDM
100
AcDbLine
 10
8959.46338285348
 20
36643.378344125
 30
0.0
 11
9009.46338285348
 21
36643.378344125
 31
0.0
1001
REVIT
1002
{
1070
     1
1000
1602579
1002
}
1002
{
1070
     5
1000
1602304
1002
}
1002
{
1070
     3
1000
-2000043
1002
}
  0
LINE
  5
372
330
2B9
100
AcDbEntity
  8
A-DETL-MEDM
100
AcDbLine
 10
9009.46338285348
 20
36653.37834412501
 30
0.0
 11
8959.46338285348
 21
36653.37834412501
 31
0.0
1001
REVIT
1002
{
1070
     1
1000
1602579
1002
}
1002
{
1070
     5
1000
1602304
1002
}
1002
{
1070
     3
1000
-2000043
1002
}
  0
LINE
  5
373
330
2B9
100
AcDbEntity
  8
A-DETL-MEDM
100
AcDbLine
 10
8959.46338285348
 20
36687.99372874039
 30
0.0
 11
8959.46338285348
 21
36697.99372874039
 31
0.0
1001
REVIT
1002
{
1070
     1
1000
1602579
1002
}
1002
{
1070
     5
1000
1602304
1002
}
1002
{
1070
     3
1000
-2000043
1002
}
  0
LINE
  5
374
330
2B9
100
AcDbEntity
  8
A-DETL-MEDM
100
AcDbLine
 10
8959.46338285348
 20
36687.99372874039
 30
0.0
 11
9009.46338285348
 21
36687.99372874039
 31
0.0
1001
REVIT
1002
{
1070
     1
1000
1602579
1002
}
1002
{
1070
     5
1000
1602304
1002
}
1002
{
1070
     3
1000
-2000043
1002
}
  0
LINE
  5
375
330
2B9
100
AcDbEntity
  8
A-DETL-MEDM
100
AcDbLine
 10
9009.46338285348
 20
36697.99372874039
 30
0.0
 11
8959.46338285348
 21
36697.99372874039
 31
0.0
1001
REVIT
1002
{
1070
     1
1000
1602579
1002
}
1002
{
1070
     5
1000
1602304
1002
}
1002
{
1070
     3
1000
-2000043
1002
}
  0
LINE
  5
376
330
2B9
100
AcDbEntity
  8
A-DETL-MEDM
100
AcDbLine
 10
8959.46338285348
 20
36732.60911335577
 30
0.0
 11
8959.46338285348
 21
36742.60911335577
 31
0.0
1001
REVIT
1002
{
1070
     1
1000
1602579
1002
}
1002
{
1070
     5
1000
1602304
1002
}
1002
{
1070
     3
1000
-2000043
1002
}
  0
LINE
  5
377
330
2B9
100
AcDbEntity
  8
A-DETL-MEDM
100
AcDbLine
 10
8959.46338285348
 20
36732.60911335577
 30
0.0
 11
9009.46338285348
 21
36732.60911335577
 31
0.0
1001
REVIT
1002
{
1070
     1
1000
1602579
1002
}
1002
{
1070
     5
1000
1602304
1002
}
1002
{
1070
     3
1000
-2000043
1002
}
  0
LINE
  5
378
330
2B9
100
AcDbEntity
  8
A-DETL-MEDM
100
AcDbLine
 10
9009.46338285348
 20
36742.60911335577
 30
0.0
 11
8959.46338285348
 21
36742.60911335577
 31
0.0
1001
REVIT
1002
{
1070
     1
1000
1602579
1002
}
1002
{
1070
     5
1000
1602304
1002
}
1002
{
1070
     3
1000
-2000043
1002
}
  0
LINE
  5
379
330
2B9
100
AcDbEntity
  8
A-DETL-MEDM
100
AcDbLine
 10
8959.46338285348
 20
36777.22449797116
 30
0.0
 11
8959.46338285348
 21
36787.22449797116
 31
0.0
1001
REVIT
1002
{
1070
     1
1000
1602579
1002
}
1002
{
1070
     5
1000
1602304
1002
}
1002
{
1070
     3
1000
-2000043
1002
}
  0
LINE
  5
37A
330
2B9
100
AcDbEntity
  8
A-DETL-MEDM
100
AcDbLine
 10
8959.46338285348
 20
36777.22449797116
 30
0.0
 11
9009.46338285348
 21
36777.22449797116
 31
0.0
1001
REVIT
1002
{
1070
     1
1000
1602579
1002
}
1002
{
1070
     5
1000
1602304
1002
}
1002
{
1070
     3
1000
-2000043
1002
}
  0
LINE
  5
37B
330
2B9
100
AcDbEntity
  8
A-DETL-MEDM
100
AcDbLine
 10
9009.46338285348
 20
36787.22449797116
 30
0.0
 11
8959.46338285348
 21
36787.22449797116
 31
0.0
1001
REVIT
1002
{
1070
     1
1000
1602579
1002
}
1002
{
1070
     5
1000
1602304
1002
}
1002
{
1070
     3
1000
-2000043
1002
}
  0
LINE
  5
37C
330
2B9
100
AcDbEntity
  8
A-DETL-MEDM
100
AcDbLine
 10
8959.46338285348
 20
36821.83988258654
 30
0.0
 11
8959.46338285348
 21
36831.83988258654
 31
0.0
1001
REVIT
1002
{
1070
     1
1000
1602579
1002
}
1002
{
1070
     5
1000
1602304
1002
}
1002
{
1070
     3
1000
-2000043
1002
}
  0
LINE
  5
37D
330
2B9
100
AcDbEntity
  8
A-DETL-MEDM
100
AcDbLine
 10
8959.46338285348
 20
36821.83988258654
 30
0.0
 11
9009.46338285348
 21
36821.83988258654
 31
0.0
1001
REVIT
1002
{
1070
     1
1000
1602579
1002
}
1002
{
1070
     5
1000
1602304
1002
}
1002
{
1070
     3
1000
-2000043
1002
}
  0
LINE
  5
37E
330
2B9
100
AcDbEntity
  8
A-DETL-MEDM
100
AcDbLine
 10
9009.46338285348
 20
36831.83988258654
 30
0.0
 11
8959.46338285348
 21
36831.83988258654
 31
0.0
1001
REVIT
1002
{
1070
     1
1000
1602579
1002
}
1002
{
1070
     5
1000
1602304
1002
}
1002
{
1070
     3
1000
-2000043
1002
}
  0
LINE
  5
37F
330
2B9
100
AcDbEntity
  8
A-DETL-MEDM
100
AcDbLine
 10
8959.46338285348
 20
36866.45526720192
 30
0.0
 11
8959.46338285348
 21
36876.45526720192
 31
0.0
1001
REVIT
1002
{
1070
     1
1000
1602579
1002
}
1002
{
1070
     5
1000
1602304
1002
}
1002
{
1070
     3
1000
-2000043
1002
}
  0
LINE
  5
380
330
2B9
100
AcDbEntity
  8
A-DETL-MEDM
100
AcDbLine
 10
8959.46338285348
 20
36866.45526720192
 30
0.0
 11
9009.46338285348
 21
36866.45526720192
 31
0.0
1001
REVIT
1002
{
1070
     1
1000
1602579
1002
}
1002
{
1070
     5
1000
1602304
1002
}
1002
{
1070
     3
1000
-2000043
1002
}
  0
LINE
  5
381
330
2B9
100
AcDbEntity
  8
A-DETL-MEDM
100
AcDbLine
 10
9009.46338285348
 20
36876.45526720192
 30
0.0
 11
8959.46338285348
 21
36876.45526720192
 31
0.0
1001
REVIT
1002
{
1070
     1
1000
1602579
1002
}
1002
{
1070
     5
1000
1602304
1002
}
1002
{
1070
     3
1000
-2000043
1002
}
  0
LINE
  5
382
330
2B9
100
AcDbEntity
  8
A-DETL-MEDM
100
AcDbLine
 10
8959.46338285348
 20
36911.07065181731
 30
0.0
 11
8959.46338285348
 21
36921.07065181731
 31
0.0
1001
REVIT
1002
{
1070
     1
1000
1602579
1002
}
1002
{
1070
     5
1000
1602304
1002
}
1002
{
1070
     3
1000
-2000043
1002
}
  0
LINE
  5
383
330
2B9
100
AcDbEntity
  8
A-DETL-MEDM
100
AcDbLine
 10
8959.46338285348
 20
36911.07065181731
 30
0.0
 11
9009.46338285348
 21
36911.07065181731
 31
0.0
1001
REVIT
1002
{
1070
     1
1000
1602579
1002
}
1002
{
1070
     5
1000
1602304
1002
}
1002
{
1070
     3
1000
-2000043
1002
}
  0
LINE
  5
384
330
2B9
100
AcDbEntity
  8
A-DETL-MEDM
100
AcDbLine
 10
9009.46338285348
 20
36921.07065181731
 30
0.0
 11
8959.46338285348
 21
36921.07065181731
 31
0.0
1001
REVIT
1002
{
1070
     1
1000
1602579
1002
}
1002
{
1070
     5
1000
1602304
1002
}
1002
{
1070
     3
1000
-2000043
1002
}
  0
LINE
  5
385
330
2B9
100
AcDbEntity
  8
A-DETL-MEDM
100
AcDbLine
 10
8959.46338285348
 20
36955.6860364327
 30
0.0
 11
8959.46338285348
 21
36965.6860364327
 31
0.0
1001
REVIT
1002
{
1070
     1
1000
1602579
1002
}
1002
{
1070
     5
1000
1602304
1002
}
1002
{
1070
     3
1000
-2000043
1002
}
  0
LINE
  5
386
330
2B9
100
AcDbEntity
  8
A-DETL-MEDM
100
AcDbLine
 10
8959.46338285348
 20
36955.6860364327
 30
0.0
 11
9009.46338285348
 21
36955.6860364327
 31
0.0
1001
REVIT
1002
{
1070
     1
1000
1602579
1002
}
1002
{
1070
     5
1000
1602304
1002
}
1002
{
1070
     3
1000
-2000043
1002
}
  0
LINE
  5
387
330
2B9
100
AcDbEntity
  8
A-DETL-MEDM
100
AcDbLine
 10
9009.46338285348
 20
36965.6860364327
 30
0.0
 11
8959.46338285348
 21
36965.6860364327
 31
0.0
1001
REVIT
1002
{
1070
     1
1000
1602579
1002
}
1002
{
1070
     5
1000
1602304
1002
}
1002
{
1070
     3
1000
-2000043
1002
}
  0
LINE
  5
388
330
2B9
100
AcDbEntity
  8
A-DETL-MEDM
100
AcDbLine
 10
8959.46338285348
 20
37000.30142104808
 30
0.0
 11
8959.46338285348
 21
37010.30142104808
 31
0.0
1001
REVIT
1002
{
1070
     1
1000
1602579
1002
}
1002
{
1070
     5
1000
1602304
1002
}
1002
{
1070
     3
1000
-2000043
1002
}
  0
LINE
  5
389
330
2B9
100
AcDbEntity
  8
A-DETL-MEDM
100
AcDbLine
 10
8959.46338285348
 20
37000.30142104808
 30
0.0
 11
9009.46338285348
 21
37000.30142104808
 31
0.0
1001
REVIT
1002
{
1070
     1
1000
1602579
1002
}
1002
{
1070
     5
1000
1602304
1002
}
1002
{
1070
     3
1000
-2000043
1002
}
  0
LINE
  5
38A
330
2B9
100
AcDbEntity
  8
A-DETL-MEDM
100
AcDbLine
 10
9009.46338285348
 20
37010.30142104808
 30
0.0
 11
8959.46338285348
 21
37010.30142104808
 31
0.0
1001
REVIT
1002
{
1070
     1
1000
1602579
1002
}
1002
{
1070
     5
1000
1602304
1002
}
1002
{
1070
     3
1000
-2000043
1002
}
  0
LINE
  5
38B
330
2B9
100
AcDbEntity
  8
A-DETL-MEDM
100
AcDbLine
 10
8959.46338285348
 20
37044.91680566346
 30
0.0
 11
8959.46338285348
 21
37054.91680566346
 31
0.0
1001
REVIT
1002
{
1070
     1
1000
1602579
1002
}
1002
{
1070
     5
1000
1602304
1002
}
1002
{
1070
     3
1000
-2000043
1002
}
  0
LINE
  5
38C
330
2B9
100
AcDbEntity
  8
A-DETL-MEDM
100
AcDbLine
 10
8959.46338285348
 20
37044.91680566346
 30
0.0
 11
9009.46338285348
 21
37044.91680566346
 31
0.0
1001
REVIT
1002
{
1070
     1
1000
1602579
1002
}
1002
{
1070
     5
1000
1602304
1002
}
1002
{
1070
     3
1000
-2000043
1002
}
  0
LINE
  5
38D
330
2B9
100
AcDbEntity
  8
A-DETL-MEDM
100
AcDbLine
 10
9009.46338285348
 20
37054.91680566346
 30
0.0
 11
8959.46338285348
 21
37054.91680566346
 31
0.0
1001
REVIT
1002
{
1070
     1
1000
1602579
1002
}
1002
{
1070
     5
1000
1602304
1002
}
1002
{
1070
     3
1000
-2000043
1002
}
  0
LINE
  5
38E
330
2B9
100
AcDbEntity
  8
A-DETL-MEDM
100
AcDbLine
 10
8959.46338285348
 20
37089.53219027884
 30
0.0
 11
8959.46338285348
 21
37099.53219027885
 31
0.0
1001
REVIT
1002
{
1070
     1
1000
1602579
1002
}
1002
{
1070
     5
1000
1602304
1002
}
1002
{
1070
     3
1000
-2000043
1002
}
  0
LINE
  5
38F
330
2B9
100
AcDbEntity
  8
A-DETL-MEDM
100
AcDbLine
 10
8959.46338285348
 20
37089.53219027884
 30
0.0
 11
9009.46338285348
 21
37089.53219027884
 31
0.0
1001
REVIT
1002
{
1070
     1
1000
1602579
1002
}
1002
{
1070
     5
1000
1602304
1002
}
1002
{
1070
     3
1000
-2000043
1002
}
  0
LINE
  5
390
330
2B9
100
AcDbEntity
  8
A-DETL-MEDM
100
AcDbLine
 10
9009.46338285348
 20
37099.53219027885
 30
0.0
 11
8959.46338285348
 21
37099.53219027885
 31
0.0
1001
REVIT
1002
{
1070
     1
1000
1602579
1002
}
1002
{
1070
     5
1000
1602304
1002
}
1002
{
1070
     3
1000
-2000043
1002
}
  0
LINE
  5
391
330
2B9
100
AcDbEntity
  8
A-DETL-MEDM
100
AcDbLine
 10
8959.46338285348
 20
37134.14757489423
 30
0.0
 11
8959.46338285348
 21
37144.14757489423
 31
0.0
1001
REVIT
1002
{
1070
     1
1000
1602579
1002
}
1002
{
1070
     5
1000
1602304
1002
}
1002
{
1070
     3
1000
-2000043
1002
}
  0
LINE
  5
392
330
2B9
100
AcDbEntity
  8
A-DETL-MEDM
100
AcDbLine
 10
8959.46338285348
 20
37134.14757489423
 30
0.0
 11
9009.46338285348
 21
37134.14757489423
 31
0.0
1001
REVIT
1002
{
1070
     1
1000
1602579
1002
}
1002
{
1070
     5
1000
1602304
1002
}
1002
{
1070
     3
1000
-2000043
1002
}
  0
LINE
  5
393
330
2B9
100
AcDbEntity
  8
A-DETL-MEDM
100
AcDbLine
 10
9009.46338285348
 20
37144.14757489423
 30
0.0
 11
8959.46338285348
 21
37144.14757489423
 31
0.0
1001
REVIT
1002
{
1070
     1
1000
1602579
1002
}
1002
{
1070
     5
1000
1602304
1002
}
1002
{
1070
     3
1000
-2000043
1002
}
  0
LINE
  5
394
330
2B9
100
AcDbEntity
  8
A-DETL-MEDM
100
AcDbLine
 10
8959.46338285348
 20
37178.76295950962
 30
0.0
 11
8959.46338285348
 21
37188.76295950962
 31
0.0
1001
REVIT
1002
{
1070
     1
1000
1602579
1002
}
1002
{
1070
     5
1000
1602304
1002
}
1002
{
1070
     3
1000
-2000043
1002
}
  0
LINE
  5
395
330
2B9
100
AcDbEntity
  8
A-DETL-MEDM
100
AcDbLine
 10
8959.46338285348
 20
37178.76295950962
 30
0.0
 11
9009.46338285348
 21
37178.76295950962
 31
0.0
1001
REVIT
1002
{
1070
     1
1000
1602579
1002
}
1002
{
1070
     5
1000
1602304
1002
}
1002
{
1070
     3
1000
-2000043
1002
}
  0
LINE
  5
396
330
2B9
100
AcDbEntity
  8
A-DETL-MEDM
100
AcDbLine
 10
9009.46338285348
 20
37188.76295950962
 30
0.0
 11
8959.46338285348
 21
37188.76295950962
 31
0.0
1001
REVIT
1002
{
1070
     1
1000
1602579
1002
}
1002
{
1070
     5
1000
1602304
1002
}
1002
{
1070
     3
1000
-2000043
1002
}
  0
LINE
  5
397
330
2B9
100
AcDbEntity
  8
A-DETL-MEDM
100
AcDbLine
 10
8959.46338285348
 20
37223.378344125
 30
0.0
 11
8959.46338285348
 21
37233.378344125
 31
0.0
1001
REVIT
1002
{
1070
     1
1000
1602579
1002
}
1002
{
1070
     5
1000
1602304
1002
}
1002
{
1070
     3
1000
-2000043
1002
}
  0
LINE
  5
398
330
2B9
100
AcDbEntity
  8
A-DETL-MEDM
100
AcDbLine
 10
8959.46338285348
 20
37223.378344125
 30
0.0
 11
9009.46338285348
 21
37223.378344125
 31
0.0
1001
REVIT
1002
{
1070
     1
1000
1602579
1002
}
1002
{
1070
     5
1000
1602304
1002
}
1002
{
1070
     3
1000
-2000043
1002
}
  0
LINE
  5
399
330
2B9
100
AcDbEntity
  8
A-DETL-MEDM
100
AcDbLine
 10
9009.46338285348
 20
37233.378344125
 30
0.0
 11
8959.46338285348
 21
37233.378344125
 31
0.0
1001
REVIT
1002
{
1070
     1
1000
1602579
1002
}
1002
{
1070
     5
1000
1602304
1002
}
1002
{
1070
     3
1000
-2000043
1002
}
  0
LINE
  5
39A
330
2B9
100
AcDbEntity
  8
A-DETL-MEDM
100
AcDbLine
 10
8959.46338285348
 20
37267.99372874038
 30
0.0
 11
8959.46338285348
 21
37277.99372874039
 31
0.0
1001
REVIT
1002
{
1070
     1
1000
1602579
1002
}
1002
{
1070
     5
1000
1602304
1002
}
1002
{
1070
     3
1000
-2000043
1002
}
  0
LINE
  5
39B
330
2B9
100
AcDbEntity
  8
A-DETL-MEDM
100
AcDbLine
 10
8959.46338285348
 20
37267.99372874038
 30
0.0
 11
9009.46338285348
 21
37267.99372874038
 31
0.0
1001
REVIT
1002
{
1070
     1
1000
1602579
1002
}
1002
{
1070
     5
1000
1602304
1002
}
1002
{
1070
     3
1000
-2000043
1002
}
  0
LINE
  5
39C
330
2B9
100
AcDbEntity
  8
A-DETL-MEDM
100
AcDbLine
 10
9009.46338285348
 20
37277.99372874039
 30
0.0
 11
8959.46338285348
 21
37277.99372874039
 31
0.0
1001
REVIT
1002
{
1070
     1
1000
1602579
1002
}
1002
{
1070
     5
1000
1602304
1002
}
1002
{
1070
     3
1000
-2000043
1002
}
  0
LINE
  5
39D
330
2B9
100
AcDbEntity
  8
A-DETL-MEDM
100
AcDbLine
 10
8959.46338285348
 20
37312.60911335577
 30
0.0
 11
8959.46338285348
 21
37322.60911335577
 31
0.0
1001
REVIT
1002
{
1070
     1
1000
1602579
1002
}
1002
{
1070
     5
1000
1602304
1002
}
1002
{
1070
     3
1000
-2000043
1002
}
  0
LINE
  5
39E
330
2B9
100
AcDbEntity
  8
A-DETL-MEDM
100
AcDbLine
 10
8959.46338285348
 20
37312.60911335577
 30
0.0
 11
9009.46338285348
 21
37312.60911335577
 31
0.0
1001
REVIT
1002
{
1070
     1
1000
1602579
1002
}
1002
{
1070
     5
1000
1602304
1002
}
1002
{
1070
     3
1000
-2000043
1002
}
  0
LINE
  5
39F
330
2B9
100
AcDbEntity
  8
A-DETL-MEDM
100
AcDbLine
 10
9009.46338285348
 20
37322.60911335577
 30
0.0
 11
8959.46338285348
 21
37322.60911335577
 31
0.0
1001
REVIT
1002
{
1070
     1
1000
1602579
1002
}
1002
{
1070
     5
1000
1602304
1002
}
1002
{
1070
     3
1000
-2000043
1002
}
  0
LINE
  5
3A0
330
2B9
100
AcDbEntity
  8
A-DETL-MEDM
100
AcDbLine
 10
8959.46338285348
 20
37357.22449797116
 30
0.0
 11
8959.46338285348
 21
37367.22449797116
 31
0.0
1001
REVIT
1002
{
1070
     1
1000
1602579
1002
}
1002
{
1070
     5
1000
1602304
1002
}
1002
{
1070
     3
1000
-2000043
1002
}
  0
LINE
  5
3A1
330
2B9
100
AcDbEntity
  8
A-DETL-MEDM
100
AcDbLine
 10
8959.46338285348
 20
37357.22449797116
 30
0.0
 11
9009.46338285348
 21
37357.22449797116
 31
0.0
1001
REVIT
1002
{
1070
     1
1000
1602579
1002
}
1002
{
1070
     5
1000
1602304
1002
}
1002
{
1070
     3
1000
-2000043
1002
}
  0
LINE
  5
3A2
330
2B9
100
AcDbEntity
  8
A-DETL-MEDM
100
AcDbLine
 10
9009.46338285348
 20
37367.22449797116
 30
0.0
 11
8959.46338285348
 21
37367.22449797116
 31
0.0
1001
REVIT
1002
{
1070
     1
1000
1602579
1002
}
1002
{
1070
     5
1000
1602304
1002
}
1002
{
1070
     3
1000
-2000043
1002
}
  0
LINE
  5
3A3
330
2B9
100
AcDbEntity
  8
A-DETL-MEDM
100
AcDbLine
 10
8959.46338285348
 20
37401.83988258654
 30
0.0
 11
8959.46338285348
 21
37411.83988258654
 31
0.0
1001
REVIT
1002
{
1070
     1
1000
1602579
1002
}
1002
{
1070
     5
1000
1602304
1002
}
1002
{
1070
     3
1000
-2000043
1002
}
  0
LINE
  5
3A4
330
2B9
100
AcDbEntity
  8
A-DETL-MEDM
100
AcDbLine
 10
8959.46338285348
 20
37401.83988258654
 30
0.0
 11
9009.46338285348
 21
37401.83988258654
 31
0.0
1001
REVIT
1002
{
1070
     1
1000
1602579
1002
}
1002
{
1070
     5
1000
1602304
1002
}
1002
{
1070
     3
1000
-2000043
1002
}
  0
LINE
  5
3A5
330
2B9
100
AcDbEntity
  8
A-DETL-MEDM
100
AcDbLine
 10
9009.46338285348
 20
37411.83988258654
 30
0.0
 11
8959.46338285348
 21
37411.83988258654
 31
0.0
1001
REVIT
1002
{
1070
     1
1000
1602579
1002
}
1002
{
1070
     5
1000
1602304
1002
}
1002
{
1070
     3
1000
-2000043
1002
}
  0
LINE
  5
3A6
330
2B9
100
AcDbEntity
  8
A-DETL-MEDM
100
AcDbLine
 10
8959.46338285348
 20
37446.45526720192
 30
0.0
 11
8959.46338285348
 21
37456.45526720192
 31
0.0
1001
REVIT
1002
{
1070
     1
1000
1602579
1002
}
1002
{
1070
     5
1000
1602304
1002
}
1002
{
1070
     3
1000
-2000043
1002
}
  0
LINE
  5
3A7
330
2B9
100
AcDbEntity
  8
A-DETL-MEDM
100
AcDbLine
 10
8959.46338285348
 20
37446.45526720192
 30
0.0
 11
9009.46338285348
 21
37446.45526720192
 31
0.0
1001
REVIT
1002
{
1070
     1
1000
1602579
1002
}
1002
{
1070
     5
1000
1602304
1002
}
1002
{
1070
     3
1000
-2000043
1002
}
  0
LINE
  5
3A8
330
2B9
100
AcDbEntity
  8
A-DETL-MEDM
100
AcDbLine
 10
9009.46338285348
 20
37456.45526720192
 30
0.0
 11
8959.46338285348
 21
37456.45526720192
 31
0.0
1001
REVIT
1002
{
1070
     1
1000
1602579
1002
}
1002
{
1070
     5
1000
1602304
1002
}
1002
{
1070
     3
1000
-2000043
1002
}
  0
LINE
  5
3A9
330
2B9
100
AcDbEntity
  8
A-DETL-MEDM
100
AcDbLine
 10
8959.46338285348
 20
37491.07065181731
 30
0.0
 11
8959.46338285348
 21
37501.07065181731
 31
0.0
1001
REVIT
1002
{
1070
     1
1000
1602579
1002
}
1002
{
1070
     5
1000
1602304
1002
}
1002
{
1070
     3
1000
-2000043
1002
}
  0
LINE
  5
3AA
330
2B9
100
AcDbEntity
  8
A-DETL-MEDM
100
AcDbLine
 10
8959.46338285348
 20
37491.07065181731
 30
0.0
 11
9009.46338285348
 21
37491.07065181731
 31
0.0
1001
REVIT
1002
{
1070
     1
1000
1602579
1002
}
1002
{
1070
     5
1000
1602304
1002
}
1002
{
1070
     3
1000
-2000043
1002
}
  0
LINE
  5
3AB
330
2B9
100
AcDbEntity
  8
A-DETL-MEDM
100
AcDbLine
 10
9009.46338285348
 20
37501.07065181731
 30
0.0
 11
8959.46338285348
 21
37501.07065181731
 31
0.0
1001
REVIT
1002
{
1070
     1
1000
1602579
1002
}
1002
{
1070
     5
1000
1602304
1002
}
1002
{
1070
     3
1000
-2000043
1002
}
  0
LINE
  5
3AC
330
2B9
100
AcDbEntity
  8
A-DETL-MEDM
100
AcDbLine
 10
8959.46338285348
 20
37535.6860364327
 30
0.0
 11
8959.46338285348
 21
37545.6860364327
 31
0.0
1001
REVIT
1002
{
1070
     1
1000
1602579
1002
}
1002
{
1070
     5
1000
1602304
1002
}
1002
{
1070
     3
1000
-2000043
1002
}
  0
LINE
  5
3AD
330
2B9
100
AcDbEntity
  8
A-DETL-MEDM
100
AcDbLine
 10
8959.46338285348
 20
37535.6860364327
 30
0.0
 11
9009.46338285348
 21
37535.6860364327
 31
0.0
1001
REVIT
1002
{
1070
     1
1000
1602579
1002
}
1002
{
1070
     5
1000
1602304
1002
}
1002
{
1070
     3
1000
-2000043
1002
}
  0
LINE
  5
3AE
330
2B9
100
AcDbEntity
  8
A-DETL-MEDM
100
AcDbLine
 10
9009.46338285348
 20
37545.6860364327
 30
0.0
 11
8959.46338285348
 21
37545.6860364327
 31
0.0
1001
REVIT
1002
{
1070
     1
1000
1602579
1002
}
1002
{
1070
     5
1000
1602304
1002
}
1002
{
1070
     3
1000
-2000043
1002
}
  0
LINE
  5
3AF
330
2B9
100
AcDbEntity
  8
A-DETL-MEDM
100
AcDbLine
 10
8959.46338285348
 20
37580.30142104808
 30
0.0
 11
8959.46338285348
 21
37590.30142104808
 31
0.0
1001
REVIT
1002
{
1070
     1
1000
1602579
1002
}
1002
{
1070
     5
1000
1602304
1002
}
1002
{
1070
     3
1000
-2000043
1002
}
  0
LINE
  5
3B0
330
2B9
100
AcDbEntity
  8
A-DETL-MEDM
100
AcDbLine
 10
8959.46338285348
 20
37580.30142104808
 30
0.0
 11
9009.46338285348
 21
37580.30142104808
 31
0.0
1001
REVIT
1002
{
1070
     1
1000
1602579
1002
}
1002
{
1070
     5
1000
1602304
1002
}
1002
{
1070
     3
1000
-2000043
1002
}
  0
LINE
  5
3B1
330
2B9
100
AcDbEntity
  8
A-DETL-MEDM
100
AcDbLine
 10
9009.46338285348
 20
37590.30142104808
 30
0.0
 11
8959.46338285348
 21
37590.30142104808
 31
0.0
1001
REVIT
1002
{
1070
     1
1000
1602579
1002
}
1002
{
1070
     5
1000
1602304
1002
}
1002
{
1070
     3
1000
-2000043
1002
}
  0
LINE
  5
3B2
330
2B9
100
AcDbEntity
  8
A-DETL-MEDM
100
AcDbLine
 10
8959.46338285348
 20
37624.91680566346
 30
0.0
 11
8959.46338285348
 21
37634.91680566346
 31
0.0
1001
REVIT
1002
{
1070
     1
1000
1602579
1002
}
1002
{
1070
     5
1000
1602304
1002
}
1002
{
1070
     3
1000
-2000043
1002
}
  0
LINE
  5
3B3
330
2B9
100
AcDbEntity
  8
A-DETL-MEDM
100
AcDbLine
 10
8959.46338285348
 20
37624.91680566346
 30
0.0
 11
9009.46338285348
 21
37624.91680566346
 31
0.0
1001
REVIT
1002
{
1070
     1
1000
1602579
1002
}
1002
{
1070
     5
1000
1602304
1002
}
1002
{
1070
     3
1000
-2000043
1002
}
  0
LINE
  5
3B4
330
2B9
100
AcDbEntity
  8
A-DETL-MEDM
100
AcDbLine
 10
9009.46338285348
 20
37634.91680566346
 30
0.0
 11
8959.46338285348
 21
37634.91680566346
 31
0.0
1001
REVIT
1002
{
1070
     1
1000
1602579
1002
}
1002
{
1070
     5
1000
1602304
1002
}
1002
{
1070
     3
1000
-2000043
1002
}
  0
LINE
  5
3B5
330
2B9
100
AcDbEntity
  8
A-DETL-MEDM
100
AcDbLine
 10
8959.46338285348
 20
37669.53219027884
 30
0.0
 11
8959.46338285348
 21
37679.53219027884
 31
0.0
1001
REVIT
1002
{
1070
     1
1000
1602579
1002
}
1002
{
1070
     5
1000
1602304
1002
}
1002
{
1070
     3
1000
-2000043
1002
}
  0
LINE
  5
3B6
330
2B9
100
AcDbEntity
  8
A-DETL-MEDM
100
AcDbLine
 10
8959.46338285348
 20
37669.53219027884
 30
0.0
 11
9009.46338285348
 21
37669.53219027884
 31
0.0
1001
REVIT
1002
{
1070
     1
1000
1602579
1002
}
1002
{
1070
     5
1000
1602304
1002
}
1002
{
1070
     3
1000
-2000043
1002
}
  0
LINE
  5
3B7
330
2B9
100
AcDbEntity
  8
A-DETL-MEDM
100
AcDbLine
 10
9009.46338285348
 20
37679.53219027884
 30
0.0
 11
8959.46338285348
 21
37679.53219027884
 31
0.0
1001
REVIT
1002
{
1070
     1
1000
1602579
1002
}
1002
{
1070
     5
1000
1602304
1002
}
1002
{
1070
     3
1000
-2000043
1002
}
  0
LINE
  5
3B8
330
2B9
100
AcDbEntity
  8
A-DETL-MEDM
100
AcDbLine
 10
8959.46338285348
 20
37714.14757489423
 30
0.0
 11
8959.46338285348
 21
37724.14757489423
 31
0.0
1001
REVIT
1002
{
1070
     1
1000
1602579
1002
}
1002
{
1070
     5
1000
1602304
1002
}
1002
{
1070
     3
1000
-2000043
1002
}
  0
LINE
  5
3B9
330
2B9
100
AcDbEntity
  8
A-DETL-MEDM
100
AcDbLine
 10
8959.46338285348
 20
37714.14757489423
 30
0.0
 11
9009.46338285348
 21
37714.14757489423
 31
0.0
1001
REVIT
1002
{
1070
     1
1000
1602579
1002
}
1002
{
1070
     5
1000
1602304
1002
}
1002
{
1070
     3
1000
-2000043
1002
}
  0
LINE
  5
3BA
330
2B9
100
AcDbEntity
  8
A-DETL-MEDM
100
AcDbLine
 10
9009.46338285348
 20
37724.14757489423
 30
0.0
 11
8959.46338285348
 21
37724.14757489423
 31
0.0
1001
REVIT
1002
{
1070
     1
1000
1602579
1002
}
1002
{
1070
     5
1000
1602304
1002
}
1002
{
1070
     3
1000
-2000043
1002
}
  0
LINE
  5
3BB
330
2B9
100
AcDbEntity
  8
A-DETL-MEDM
100
AcDbLine
 10
8959.46338285348
 20
37758.76295950962
 30
0.0
 11
8959.46338285348
 21
37768.76295950962
 31
0.0
1001
REVIT
1002
{
1070
     1
1000
1602579
1002
}
1002
{
1070
     5
1000
1602304
1002
}
1002
{
1070
     3
1000
-2000043
1002
}
  0
LINE
  5
3BC
330
2B9
100
AcDbEntity
  8
A-DETL-MEDM
100
AcDbLine
 10
8959.46338285348
 20
37758.76295950962
 30
0.0
 11
9009.46338285348
 21
37758.76295950962
 31
0.0
1001
REVIT
1002
{
1070
     1
1000
1602579
1002
}
1002
{
1070
     5
1000
1602304
1002
}
1002
{
1070
     3
1000
-2000043
1002
}
  0
LINE
  5
3BD
330
2B9
100
AcDbEntity
  8
A-DETL-MEDM
100
AcDbLine
 10
9009.46338285348
 20
37768.76295950962
 30
0.0
 11
8959.46338285348
 21
37768.76295950962
 31
0.0
1001
REVIT
1002
{
1070
     1
1000
1602579
1002
}
1002
{
1070
     5
1000
1602304
1002
}
1002
{
1070
     3
1000
-2000043
1002
}
  0
LINE
  5
3BE
330
2B9
100
AcDbEntity
  8
A-DETL-MEDM
100
AcDbLine
 10
8959.46338285348
 20
37803.378344125
 30
0.0
 11
8959.46338285348
 21
37813.378344125
 31
0.0
1001
REVIT
1002
{
1070
     1
1000
1602579
1002
}
1002
{
1070
     5
1000
1602304
1002
}
1002
{
1070
     3
1000
-2000043
1002
}
  0
LINE
  5
3BF
330
2B9
100
AcDbEntity
  8
A-DETL-MEDM
100
AcDbLine
 10
8959.46338285348
 20
37803.378344125
 30
0.0
 11
9009.46338285348
 21
37803.378344125
 31
0.0
1001
REVIT
1002
{
1070
     1
1000
1602579
1002
}
1002
{
1070
     5
1000
1602304
1002
}
1002
{
1070
     3
1000
-2000043
1002
}
  0
LINE
  5
3C0
330
2B9
100
AcDbEntity
  8
A-DETL-MEDM
100
AcDbLine
 10
9009.46338285348
 20
37813.378344125
 30
0.0
 11
8959.46338285348
 21
37813.378344125
 31
0.0
1001
REVIT
1002
{
1070
     1
1000
1602579
1002
}
1002
{
1070
     5
1000
1602304
1002
}
1002
{
1070
     3
1000
-2000043
1002
}
  0
LINE
  5
3C1
330
2B9
100
AcDbEntity
  8
A-DETL-MEDM
100
AcDbLine
 10
8959.46338285348
 20
37847.99372874038
 30
0.0
 11
8959.46338285348
 21
37857.99372874038
 31
0.0
1001
REVIT
1002
{
1070
     1
1000
1602579
1002
}
1002
{
1070
     5
1000
1602304
1002
}
1002
{
1070
     3
1000
-2000043
1002
}
  0
LINE
  5
3C2
330
2B9
100
AcDbEntity
  8
A-DETL-MEDM
100
AcDbLine
 10
8959.46338285348
 20
37847.99372874038
 30
0.0
 11
9009.46338285348
 21
37847.99372874038
 31
0.0
1001
REVIT
1002
{
1070
     1
1000
1602579
1002
}
1002
{
1070
     5
1000
1602304
1002
}
1002
{
1070
     3
1000
-2000043
1002
}
  0
LINE
  5
3C3
330
2B9
100
AcDbEntity
  8
A-DETL-MEDM
100
AcDbLine
 10
9009.46338285348
 20
37857.99372874038
 30
0.0
 11
8959.46338285348
 21
37857.99372874038
 31
0.0
1001
REVIT
1002
{
1070
     1
1000
1602579
1002
}
1002
{
1070
     5
1000
1602304
1002
}
1002
{
1070
     3
1000
-2000043
1002
}
  0
LINE
  5
3C4
330
2B9
100
AcDbEntity
  8
A-DETL-MEDM
100
AcDbLine
 10
8959.46338285348
 20
36152.60911335577
 30
0.0
 11
8959.46338285348
 21
36162.60911335577
 31
0.0
1001
REVIT
1002
{
1070
     1
1000
1602579
1002
}
1002
{
1070
     5
1000
1602304
1002
}
1002
{
1070
     3
1000
-2000043
1002
}
  0
LINE
  5
3C5
330
2B9
100
AcDbEntity
  8
A-DETL-MEDM
100
AcDbLine
 10
8959.46338285348
 20
36152.60911335577
 30
0.0
 11
9009.46338285348
 21
36152.60911335577
 31
0.0
1001
REVIT
1002
{
1070
     1
1000
1602579
1002
}
1002
{
1070
     5
1000
1602304
1002
}
1002
{
1070
     3
1000
-2000043
1002
}
  0
LINE
  5
3C6
330
2B9
100
AcDbEntity
  8
A-DETL-MEDM
100
AcDbLine
 10
9009.46338285348
 20
36162.60911335577
 30
0.0
 11
8959.46338285348
 21
36162.60911335577
 31
0.0
1001
REVIT
1002
{
1070
     1
1000
1602579
1002
}
1002
{
1070
     5
1000
1602304
1002
}
1002
{
1070
     3
1000
-2000043
1002
}
  0
LINE
  5
3C7
330
2B9
100
AcDbEntity
  8
A-DETL-MEDM
100
AcDbLine
 10
8959.46338285348
 20
37892.60911335577
 30
0.0
 11
8959.46338285348
 21
37902.60911335577
 31
0.0
1001
REVIT
1002
{
1070
     1
1000
1602579
1002
}
1002
{
1070
     5
1000
1602304
1002
}
1002
{
1070
     3
1000
-2000043
1002
}
  0
LINE
  5
3C8
330
2B9
100
AcDbEntity
  8
A-DETL-MEDM
100
AcDbLine
 10
8959.46338285348
 20
37892.60911335577
 30
0.0
 11
9009.46338285348
 21
37892.60911335577
 31
0.0
1001
REVIT
1002
{
1070
     1
1000
1602579
1002
}
1002
{
1070
     5
1000
1602304
1002
}
1002
{
1070
     3
1000
-2000043
1002
}
  0
LINE
  5
3C9
330
2B9
100
AcDbEntity
  8
A-DETL-MEDM
100
AcDbLine
 10
9009.46338285348
 20
37902.60911335577
 30
0.0
 11
8959.46338285348
 21
37902.60911335577
 31
0.0
1001
REVIT
1002
{
1070
     1
1000
1602579
1002
}
1002
{
1070
     5
1000
1602304
1002
}
1002
{
1070
     3
1000
-2000043
1002
}
  0
LINE
  5
3CA
330
2B9
100
AcDbEntity
  8
A-DETL-MEDM
100
AcDbLine
 10
8959.463382853508
 20
37953.07512425736
 30
0.0
 11
8959.463382853508
 21
38040.00000000001
 31
0.0
1001
REVIT
1002
{
1070
     1
1000
1602579
1002
}
1002
{
1070
     5
1000
1602304
1002
}
1002
{
1070
     3
1000
-2000043
1002
}
  0
LINE
  5
3CB
330
2B9
100
AcDbEntity
  8
A-DETL-MEDM
100
AcDbLine
 10
8959.463382853508
 20
37953.07512425736
 30
0.0
 11
9009.463382853508
 21
37953.07512425736
 31
0.0
1001
REVIT
1002
{
1070
     1
1000
1602579
1002
}
1002
{
1070
     5
1000
1602304
1002
}
1002
{
1070
     3
1000
-2000043
1002
}
  0
LINE
  5
3CC
330
2B9
100
AcDbEntity
  8
A-DETL-MEDM
100
AcDbLine
 10
9009.463382853508
 20
38040.00000000001
 30
0.0
 11
8959.463382853508
 21
38040.00000000001
 31
0.0
1001
REVIT
1002
{
1070
     1
1000
1602579
1002
}
1002
{
1070
     5
1000
1602304
1002
}
1002
{
1070
     3
1000
-2000043
1002
}
  0
ENDBLK
  5
3CE
330
2B9
100
AcDbEntity
  8
0
100
AcDbBlockEnd
  0
BLOCK
  5
3D7
330
3D0
100
AcDbEntity
  8
0
100
AcDbBlockBegin
  2
FIXED MOULDING ON AND OFF - A1204-2341869-rhs
 70
     0
 10
0.0
 20
0.0
 30
0.0
  3
FIXED MOULDING ON AND OFF - A1204-2341869-rhs
  1

  0
LINE
  5
3D1
330
3D0
100
AcDbEntity
  8
A-GLAZ
100
AcDbLine
 10
14569.46338384973
 20
31000.0
 30
0.0
 11
14919.46338384973
 21
31000.0
 31
0.0
1001
REVIT
1002
{
1070
     1
1000
1631781
1002
}
1002
{
1070
     5
1000
2341845
1002
}
  0
LINE
  5
3D2
330
3D0
100
AcDbEntity
  8
A-GLAZ
100
AcDbLine
 10
14919.46338384973
 20
31000.0
 30
0.0
 11
14919.46338384973
 21
29900.0
 31
0.0
1001
REVIT
1002
{
1070
     1
1000
1631781
1002
}
1002
{
1070
     5
1000
2341845
1002
}
  0
LINE
  5
3D3
330
3D0
100
AcDbEntity
  8
A-GLAZ
100
AcDbLine
 10
14919.46338384973
 20
29900.0
 30
0.0
 11
14569.46338384973
 21
29900.0
 31
0.0
1001
REVIT
1002
{
1070
     1
1000
1631781
1002
}
1002
{
1070
     5
1000
2341845
1002
}
  0
LINE
  5
3D4
330
3D0
100
AcDbEntity
  8
A-GLAZ
100
AcDbLine
 10
14569.46338384973
 20
29900.0
 30
0.0
 11
14569.46338384973
 21
31000.0
 31
0.0
1001
REVIT
1002
{
1070
     1
1000
1631781
1002
}
1002
{
1070
     5
1000
2341845
1002
}
  0
LINE
  5
3D5
330
3D0
100
AcDbEntity
  8
A-GLAZ-HDLN
100
AcDbLine
 10
14744.46338384973
 20
29900.0
 30
0.0
 11
14569.46338384973
 21
31000.00000000004
 31
0.0
1001
REVIT
1002
{
1070
     1
1000
1631781
1002
}
1002
{
1070
     5
1000
2341845
1002
}
1002
{
1070
     3
1000
-2009500
1002
}
  0
LINE
  5
3D6
330
3D0
100
AcDbEntity
  8
A-GLAZ-HDLN
100
AcDbLine
 10
14919.46338384973
 20
31000.0
 30
0.0
 11
14744.46338384973
 21
29900.0
 31
0.0
1001
REVIT
1002
{
1070
     1
1000
1631781
1002
}
1002
{
1070
     5
1000
2341845
1002
}
1002
{
1070
     3
1000
-2009500
1002
}
  0
ENDBLK
  5
3D8
330
3D0
100
AcDbEntity
  8
0
100
AcDbBlockEnd
  0
BLOCK
  5
3DE
330
3DA
100
AcDbEntity
  8
0
100
AcDbBlockBegin
  2
Single - Timber Frame  - 870x2400-2599487-rhs
 70
     0
 10
0.0
 20
0.0
 30
0.0
  3
Single - Timber Frame  - 870x2400-2599487-rhs
  1

  0
LINE
  5
3DB
330
3DA
100
AcDbEntity
  8
A-DOOR
100
AcDbLine
 10
15339.46338267601
 20
28915.0
 30
0.0
 11
15339.46338267601
 21
28920.0
 31
0.0
1001
REVIT
1002
{
1070
     1
1000
1634756
1002
}
1002
{
1070
     5
1000
2599461
1002
}
1002
{
1070
     3
1000
-2000025
1002
}
  0
LINE
  5
3DC
330
3DA
100
AcDbEntity
  8
A-DOOR-FRAM
100
AcDbLine
 10
15342.463382676
 20
28915.0
 30
0.0
 11
15342.463382676
 21
28920.0
 31
0.0
1001
REVIT
1002
{
1070
     1
1000
1634756
1002
}
1002
{
1070
     5
1000
2599461
1002
}
1002
{
1070
     3
1000
-2000029
1002
}
  0
LINE
  5
3DD
330
3DA
100
AcDbEntity
  8
A-DOOR-FRAM
100
AcDbLine
 10
15369.46338267601
 20
28915.0
 30
0.0
 11
15369.46338267601
 21
28920.0
 31
0.0
1001
REVIT
1002
{
1070
     1
1000
1634756
1002
}
1002
{
1070
     5
1000
2599461
1002
}
1002
{
1070
     3
1000
-2000029
1002
}
  0
ENDBLK
  5
3DF
330
3DA
100
AcDbEntity
  8
0
100
AcDbBlockEnd
  0
BLOCK
  5
3EA
330
3E1
100
AcDbEntity
  8
0
100
AcDbBlockBegin
  2
2 panel 1 mullion - AF0615-1979268-rhs
 70
     0
 10
0.0
 20
0.0
 30
0.0
  3
2 panel 1 mullion - AF0615-1979268-rhs
  1

  0
LINE
  5
3E2
330
3E1
100
AcDbEntity
  8
A-GLAZ
100
AcDbLine
 10
12599.46338388485
 20
31240.0
 30
0.0
 11
13279.46338388485
 21
31240.0
 31
0.0
1001
REVIT
1002
{
1070
     1
1000
1635926
1002
}
1002
{
1070
     5
1000
1536701
1002
}
  0
LINE
  5
3E3
330
3E1
100
AcDbEntity
  8
A-GLAZ
100
AcDbLine
 10
13279.46338388485
 20
31240.0
 30
0.0
 11
13279.46338388485
 21
30740.0
 31
0.0
1001
REVIT
1002
{
1070
     1
1000
1635926
1002
}
1002
{
1070
     5
1000
1536701
1002
}
  0
LINE
  5
3E4
330
3E1
100
AcDbEntity
  8
A-GLAZ
100
AcDbLine
 10
13279.46338388485
 20
30740.0
 30
0.0
 11
12599.46338388485
 21
30740.0
 31
0.0
1001
REVIT
1002
{
1070
     1
1000
1635926
1002
}
1002
{
1070
     5
1000
1536701
1002
}
  0
LINE
  5
3E5
330
3E1
100
AcDbEntity
  8
A-GLAZ
100
AcDbLine
 10
12599.46338388485
 20
30740.0
 30
0.0
 11
12599.46338388485
 21
31240.0
 31
0.0
1001
REVIT
1002
{
1070
     1
1000
1635926
1002
}
1002
{
1070
     5
1000
1536701
1002
}
  0
LINE
  5
3E6
330
3E1
100
AcDbEntity
  8
A-GLAZ
100
AcDbLine
 10
13329.46338388485
 20
31240.0
 30
0.0
 11
14009.46338388485
 21
31240.0
 31
0.0
1001
REVIT
1002
{
1070
     1
1000
1635926
1002
}
1002
{
1070
     5
1000
1536701
1002
}
  0
LINE
  5
3E7
330
3E1
100
AcDbEntity
  8
A-GLAZ
100
AcDbLine
 10
14009.46338388485
 20
31240.0
 30
0.0
 11
14009.46338388485
 21
30740.0
 31
0.0
1001
REVIT
1002
{
1070
     1
1000
1635926
1002
}
1002
{
1070
     5
1000
1536701
1002
}
  0
LINE
  5
3E8
330
3E1
100
AcDbEntity
  8
A-GLAZ
100
AcDbLine
 10
14009.46338388485
 20
30740.0
 30
0.0
 11
13329.46338388485
 21
30740.0
 31
0.0
1001
REVIT
1002
{
1070
     1
1000
1635926
1002
}
1002
{
1070
     5
1000
1536701
1002
}
  0
LINE
  5
3E9
330
3E1
100
AcDbEntity
  8
A-GLAZ
100
AcDbLine
 10
13329.46338388485
 20
30740.0
 30
0.0
 11
13329.46338388485
 21
31240.0
 31
0.0
1001
REVIT
1002
{
1070
     1
1000
1635926
1002
}
1002
{
1070
     5
1000
1536701
1002
}
  0
ENDBLK
  5
3EB
330
3E1
100
AcDbEntity
  8
0
100
AcDbBlockEnd
  0
BLOCK
  5
3F4
330
3ED
100
AcDbEntity
  8
0
100
AcDbBlockBegin
  2
FIXED MOULDING ON AND OFF - A0616-2008254-rhs
 70
     0
 10
0.0
 20
0.0
 30
0.0
  3
FIXED MOULDING ON AND OFF - A0616-2008254-rhs
  1

  0
LINE
  5
3EE
330
3ED
100
AcDbEntity
  8
A-GLAZ
100
AcDbLine
 10
17099.46338384972
 20
30365.0
 30
0.0
 11
18569.46338384972
 21
30365.0
 31
0.0
1001
REVIT
1002
{
1070
     1
1000
1636637
1002
}
1002
{
1070
     5
1000
1670368
1002
}
  0
LINE
  5
3EF
330
3ED
100
AcDbEntity
  8
A-GLAZ
100
AcDbLine
 10
18569.46338384972
 20
30365.0
 30
0.0
 11
18569.46338384972
 21
29865.00000000001
 31
0.0
1001
REVIT
1002
{
1070
     1
1000
1636637
1002
}
1002
{
1070
     5
1000
1670368
1002
}
  0
LINE
  5
3F0
330
3ED
100
AcDbEntity
  8
A-GLAZ
100
AcDbLine
 10
18569.46338384972
 20
29865.00000000001
 30
0.0
 11
17099.46338384972
 21
29865.00000000001
 31
0.0
1001
REVIT
1002
{
1070
     1
1000
1636637
1002
}
1002
{
1070
     5
1000
1670368
1002
}
  0
LINE
  5
3F1
330
3ED
100
AcDbEntity
  8
A-GLAZ
100
AcDbLine
 10
17099.46338384972
 20
29865.00000000001
 30
0.0
 11
17099.46338384972
 21
30365.0
 31
0.0
1001
REVIT
1002
{
1070
     1
1000
1636637
1002
}
1002
{
1070
     5
1000
1670368
1002
}
  0
LINE
  5
3F2
330
3ED
100
AcDbEntity
  8
A-GLAZ-HDLN
100
AcDbLine
 10
17834.46338384972
 20
29865.00000000001
 30
0.0
 11
17099.46338384972
 21
30365.00000000004
 31
0.0
1001
REVIT
1002
{
1070
     1
1000
1636637
1002
}
1002
{
1070
     5
1000
1670368
1002
}
1002
{
1070
     3
1000
-2009500
1002
}
  0
LINE
  5
3F3
330
3ED
100
AcDbEntity
  8
A-GLAZ-HDLN
100
AcDbLine
 10
18569.46338384972
 20
30365.0
 30
0.0
 11
17834.46338384972
 21
29865.00000000001
 31
0.0
1001
REVIT
1002
{
1070
     1
1000
1636637
1002
}
1002
{
1070
     5
1000
1670368
1002
}
1002
{
1070
     3
1000
-2009500
1002
}
  0
ENDBLK
  5
3F5
330
3ED
100
AcDbEntity
  8
0
100
AcDbBlockEnd
  0
BLOCK
  5
42D
330
419
100
AcDbEntity
  8
0
100
AcDbBlockBegin
  2
VELUX FS   deck mounted   fixed - C01-1726125-rhs
 70
     0
 10
0.0
 20
0.0
 30
0.0
  3
VELUX FS   deck mounted   fixed - C01-1726125-rhs
  1

  0
LINE
  5
41A
330
419
100
AcDbEntity
  8
A-GLAZ
100
AcDbLine
 10
22009.6262825508
 20
36110.80752097122
 30
0.0
 11
21500.72510318722
 21
36155.3306050205
 31
0.0
1001
REVIT
1002
{
1070
     1
1000
1726131
1002
}
1002
{
1070
     5
1000
1503254
1002
}
  0
LINE
  5
41B
330
419
100
AcDbEntity
  8
A-GLAZ
100
AcDbLine
 10
21661.50233477587
 20
36079.91500945442
 30
0.0
 11
22041.10764974093
 21
36046.7038477808
 31
0.0
1001
REVIT
1002
{
1070
     1
1000
1726131
1002
}
1002
{
1070
     5
1000
1503254
1002
}
  0
LINE
  5
41C
330
419
100
AcDbEntity
  8
A-GLAZ
100
AcDbLine
 10
22009.6262825508
 20
36110.80752097122
 30
0.0
 11
21500.72510318722
 21
36155.3306050205
 31
0.0
1001
REVIT
1002
{
1070
     1
1000
1726131
1002
}
1002
{
1070
     5
1000
1503254
1002
}
  0
SPLINE
  5
41D
330
419
100
AcDbEntity
  8
A-GLAZ
100
AcDbSpline
210
0.0
220
0.0
230
1.0
 70
     8
 71
     3
 72
     8
 73
     4
 74
     0
 42
0.000000001
 43
0.0000000001
 40
0.3333333333333333
 40
0.3333333333333333
 40
0.3333333333333333
 40
0.3333333333333333
 40
0.6191465833410105
 40
0.6191465833410105
 40
0.6191465833410105
 40
0.6191465833410105
 10
21506.24696587855
 20
36154.57477599033
 30
0.0
 10
21502.86248957476
 20
36155.20834597285
 30
0.0
 10
21499.39438999451
 20
36155.53562433784
 30
0.0
 10
21495.94371168716
 20
36155.54823327534
 30
0.0
1001
REVIT
1002
{
1070
     1
1000
1726131
1002
}
1002
{
1070
     5
1000
1503254
1002
}
  0
LINE
  5
41E
330
419
100
AcDbEntity
  8
A-GLAZ
100
AcDbLine
 10
21648.99158729156
 20
36133.47873448103
 30
0.0
 11
22028.94898754991
 21
36100.23676933565
 31
0.0
1001
REVIT
1002
{
1070
     1
1000
1726131
1002
}
1002
{
1070
     5
1000
1503254
1002
}
  0
LINE
  5
41F
330
419
100
AcDbEntity
  8
A-GLAZ
100
AcDbLine
 10
21647.8000827206
 20
36131.48711840093
 30
0.0
 11
22027.75748297889
 21
36098.24515325556
 31
0.0
1001
REVIT
1002
{
1070
     1
1000
1726131
1002
}
1002
{
1070
     5
1000
1503254
1002
}
  0
SPLINE
  5
420
330
419
100
AcDbEntity
  8
A-GLAZ
100
AcDbSpline
210
0.0
220
0.0
230
1.0
 70
     8
 71
     3
 72
     8
 73
     4
 74
     0
 42
0.000000001
 43
0.0000000001
 40
0.3333333333333333
 40
0.3333333333333333
 40
0.3333333333333333
 40
0.3333333333333333
 40
0.6191465833411187
 40
0.6191465833411187
 40
0.6191465833411187
 40
0.6191465833411187
 10
21506.24696587855
 20
36154.57477599033
 30
0.0
 10
21502.85239350925
 20
36155.20922926413
 30
0.0
 10
21499.40013083642
 20
36155.53512207925
 30
0.0
 10
21495.94678249462
 20
36155.5479646145
 30
0.0
1001
REVIT
1002
{
1070
     1
1000
1726131
1002
}
1002
{
1070
     5
1000
1503254
1002
}
  0
SPLINE
  5
421
330
419
100
AcDbEntity
  8
A-GLAZ
100
AcDbSpline
210
0.0
220
0.0
230
1.0
 70
     8
 71
     3
 72
     8
 73
     4
 74
     0
 42
0.000000001
 43
0.0000000001
 40
0.3333333333333333
 40
0.3333333333333333
 40
0.3333333333333333
 40
0.3333333333333333
 40
0.6666666666666666
 40
0.6666666666666666
 40
0.6666666666666666
 40
0.6666666666666666
 10
22004.0570610276
 20
36111.02203607603
 30
0.0
 10
22008.07259305378
 20
36111.06429734086
 30
0.0
 10
22012.12779558289
 20
36110.67652850314
 30
0.0
 10
22016.06250761498
 20
36109.87347541392
 30
0.0
1001
REVIT
1002
{
1070
     1
1000
1726131
1002
}
1002
{
1070
     5
1000
1503254
1002
}
  0
SPLINE
  5
422
330
419
100
AcDbEntity
  8
A-GLAZ
100
AcDbSpline
210
0.0
220
0.0
230
1.0
 70
     8
 71
     3
 72
     9
 73
     5
 74
     0
 42
0.000000001
 43
0.0000000001
 40
-1.0
 40
-1.0
 40
-1.0
 40
-1.0
 40
-0.6666666666666666
 40
-0.3333333333333333
 40
-0.3333333333333333
 40
-0.3333333333333333
 40
-0.3333333333333333
 10
22027.56028521218
 20
36106.2332762872
 30
0.0
 10
22023.87011140103
 20
36107.84695200496
 30
0.0
 10
22016.14777567022
 20
36110.29184122978
 30
0.0
 10
22008.08436771843
 20
36111.06326719119
 30
0.0
 10
22004.0570610276
 20
36111.02203607603
 30
0.0
1001
REVIT
1002
{
1070
     1
1000
1726131
1002
}
1002
{
1070
     5
1000
1503254
1002
}
  0
SPLINE
  5
423
330
419
100
AcDbEntity
  8
A-GLAZ
100
AcDbSpline
210
0.0
220
0.0
230
1.0
 70
     8
 71
     3
 72
    14
 73
    10
 74
     0
 42
0.000000001
 43
0.0000000001
 40
-1.0
 40
-1.0
 40
-1.0
 40
-1.0
 40
-0.8
 40
-0.6000000000000001
 40
-0.5
 40
-0.4
 40
-0.3
 40
-0.2
 40
0.0
 40
0.0
 40
0.0
 40
0.0
 10
22029.22779006558
 20
36103.42380177744
 30
0.0
 10
22029.24805854257
 20
36103.65547152953
 30
0.0
 10
22029.23057980072
 20
36104.12387574457
 30
0.0
 10
22029.064977708
 20
36104.68589272178
 30
0.0
 10
22028.85250340809
 20
36105.10065271172
 30
0.0
 10
22028.65575721868
 20
36105.38952492836
 30
0.0
 10
22028.4246293595
 20
36105.65170023404
 30
0.0
 10
22028.07543092915
 20
36105.96029904128
 30
0.0
 10
22027.77335833585
 20
36106.14010156337
 30
0.0
 10
22027.56028521218
 20
36106.23327628721
 30
0.0
1001
REVIT
1002
{
1070
     1
1000
1726131
1002
}
1002
{
1070
     5
1000
1503254
1002
}
  0
LINE
  5
424
330
419
100
AcDbEntity
  8
A-GLAZ
100
AcDbLine
 10
22028.94898754991
 20
36100.23676933565
 30
0.0
 11
22029.2278165561
 21
36103.42379945983
 31
0.0
1001
REVIT
1002
{
1070
     1
1000
1726131
1002
}
1002
{
1070
     5
1000
1503254
1002
}
  0
SPLINE
  5
425
330
419
100
AcDbEntity
  8
A-GLAZ
100
AcDbSpline
210
0.0
220
0.0
230
1.0
 70
     8
 71
     3
 72
    11
 73
     7
 74
     0
 42
0.000000001
 43
0.0000000001
 40
-1.0
 40
-1.0
 40
-1.0
 40
-1.0
 40
-0.75
 40
-0.5
 40
-0.25
 40
0.0
 40
0.0
 40
0.0
 40
0.0
 10
22027.75748297889
 20
36098.24515325553
 30
0.0
 10
22027.92157784456
 20
36098.35846468553
 30
0.0
 10
22028.22545864947
 20
36098.62027708661
 30
0.0
 10
22028.58764857814
 20
36099.1007211471
 30
0.0
 10
22028.83972944748
 20
36099.64703907193
 30
0.0
 10
22028.92673533901
 20
36100.03859909516
 30
0.0
 10
22028.94898754991
 20
36100.23676933565
 30
0.0
1001
REVIT
1002
{
1070
     1
1000
1726131
1002
}
1002
{
1070
     5
1000
1503254
1002
}
  0
LINE
  5
426
330
419
100
AcDbEntity
  8
A-GLAZ
100
AcDbLine
 10
22045.81242425546
 20
36094.7716990806
 30
0.0
 11
22027.75748297889
 21
36098.24515325556
 31
0.0
1001
REVIT
1002
{
1070
     1
1000
1726131
1002
}
1002
{
1070
     5
1000
1503254
1002
}
  0
SPLINE
  5
427
330
419
100
AcDbEntity
  8
A-GLAZ
100
AcDbSpline
210
0.0
220
0.0
230
1.0
 70
     8
 71
     3
 72
    13
 73
     9
 74
     0
 42
0.000000001
 43
0.0000000001
 40
-1.0
 40
-1.0
 40
-1.0
 40
-1.0
 40
-0.8333333333333333
 40
-0.6666666666666666
 40
-0.5
 40
-0.3333333333333333
 40
-0.1666666666666667
 40
0.0
 40
0.0
 40
0.0
 40
0.0
 10
22046.57933699097
 20
36093.75600646593
 30
0.0
 10
22046.58608963577
 20
36093.83318954914
 30
0.0
 10
22046.58061590178
 20
36093.98921076345
 30
0.0
 10
22046.51595908713
 20
36094.21428804991
 30
0.0
 10
22046.39870669677
 20
36094.41699891769
 30
0.0
 10
22046.23584325734
 20
36094.58527048111
 30
0.0
 10
22046.03706809683
 20
36094.70907970586
 30
0.0
 10
22045.88850696062
 20
36094.75706063836
 30
0.0
 10
22045.81242420672
 20
36094.77169761564
 30
0.0
1001
REVIT
1002
{
1070
     1
1000
1726131
1002
}
1002
{
1070
     5
1000
1503254
1002
}
  0
LINE
  5
428
330
419
100
AcDbEntity
  8
A-GLAZ
100
AcDbLine
 10
22042.57017282526
 20
36047.93105036144
 30
0.0
 11
22046.57933699097
 21
36093.75600646593
 31
0.0
1001
REVIT
1002
{
1070
     1
1000
1726131
1002
}
1002
{
1070
     5
1000
1503254
1002
}
  0
SPLINE
  5
429
330
419
100
AcDbEntity
  8
A-GLAZ
100
AcDbSpline
210
0.0
220
0.0
230
1.0
 70
     8
 71
     3
 72
    18
 73
    14
 74
     0
 42
0.000000001
 43
0.0000000001
 40
-0.5454545454545454
 40
-0.5454545454545454
 40
-0.5454545454545454
 40
-0.5454545454545454
 40
-0.5
 40
-0.4545454545454545
 40
-0.4090909090909091
 40
-0.3636363636363636
 40
-0.3181818181818182
 40
-0.2727272727272727
 40
-0.2272727272727273
 40
-0.1818181818181818
 40
-0.1363636363636364
 40
-0.0909090909090909
 40
0.0
 40
0.0
 40
0.0
 40
0.0
 10
22041.10764974498
 20
36046.7038477804
 30
0.0
 10
22041.16633035984
 20
36046.69871389195
 30
0.0
 10
22041.28436457571
 20
36046.69613837663
 30
0.0
 10
22041.46040545924
 20
36046.7154179893
 30
0.0
 10
22041.63242379267
 20
36046.75751060873
 30
0.0
 10
22041.79747630216
 20
36046.82169601681
 30
0.0
 10
22041.95273886487
 20
36046.90687598969
 30
0.0
 10
22042.09555500244
 20
36047.01159305102
 30
0.0
 10
22042.22348069134
 20
36047.13405555026
 30
0.0
 10
22042.33432857973
 20
36047.27216779383
 30
0.0
 10
22042.42619646073
 20
36047.42356786064
 30
0.0
 10
22042.52131215634
 20
36047.6396916586
 30
0.0
 10
22042.55990503131
 20
36047.81368893959
 30
0.0
 10
22042.57017282526
 20
36047.93105036144
 30
0.0
1001
REVIT
1002
{
1070
     1
1000
1726131
1002
}
1002
{
1070
     5
1000
1503254
1002
}
  0
LINE
  5
42A
330
419
100
AcDbEntity
  8
A-GLAZ
100
AcDbLine
 10
22059.79294848375
 20
36013.73078804563
 30
0.0
 11
21679.83554822541
 21
36046.97275319102
 31
0.0
1001
REVIT
1002
{
1070
     1
1000
1726131
1002
}
1002
{
1070
     5
1000
1503254
1002
}
1002
{
1070
     3
1000
-2000018
1002
}
  0
LINE
  5
42B
330
419
100
AcDbEntity
  8
A-GLAZ
100
AcDbLine
 10
22059.60387072613
 20
36011.56961938666
 30
0.0
 11
22059.79294848375
 21
36013.73078804563
 31
0.0
1001
REVIT
1002
{
1070
     1
1000
1726131
1002
}
1002
{
1070
     5
1000
1503254
1002
}
1002
{
1070
     3
1000
-2000018
1002
}
  0
LINE
  5
42C
330
419
100
AcDbEntity
  8
A-GLAZ
100
AcDbLine
 10
22028.79046883676
 20
36016.44315355594
 30
0.0
 11
22031.52110853386
 21
36047.65450811388
 31
0.0
1001
REVIT
1002
{
1070
     1
1000
1726131
1002
}
1002
{
1070
     5
1000
1503254
1002
}
1002
{
1070
     3
1000
-2000018
1002
}
  0
ENDBLK
  5
42E
330
419
100
AcDbEntity
  8
0
100
AcDbBlockEnd
  0
BLOCK
  5
439
330
430
100
AcDbEntity
  8
0
100
AcDbBlockBegin
  2
AS_AA 0606 - 1518_2 PANEL HORIZONTAL_ - AA0616-1980572-rhs
 70
     0
 10
0.0
 20
0.0
 30
0.0
  3
AS_AA 0606 - 1518_2 PANEL HORIZONTAL_ - AA0616-1980572-rhs
  1

  0
LINE
  5
431
330
430
100
AcDbEntity
  8
A-GLAZ
100
AcDbLine
 10
18699.46338386728
 20
34690.00000000001
 30
0.0
 11
18699.46338386728
 21
34190.00000000002
 31
0.0
1001
REVIT
1002
{
1070
     1
1000
1757431
1002
}
1002
{
1070
     5
1000
1749114
1002
}
1002
{
1070
     3
1000
-2000018
1002
}
  0
LINE
  5
432
330
430
100
AcDbEntity
  8
A-GLAZ
100
AcDbLine
 10
18699.46338386728
 20
34190.00000000002
 30
0.0
 11
17989.46338386727
 21
34190.00000000002
 31
0.0
1001
REVIT
1002
{
1070
     1
1000
1757431
1002
}
1002
{
1070
     5
1000
1749114
1002
}
1002
{
1070
     3
1000
-2000018
1002
}
  0
LINE
  5
433
330
430
100
AcDbEntity
  8
A-GLAZ
100
AcDbLine
 10
17989.46338386727
 20
34190.00000000002
 30
0.0
 11
17989.46338386727
 21
34690.00000000001
 31
0.0
1001
REVIT
1002
{
1070
     1
1000
1757431
1002
}
1002
{
1070
     5
1000
1749114
1002
}
1002
{
1070
     3
1000
-2000018
1002
}
  0
LINE
  5
434
330
430
100
AcDbEntity
  8
A-GLAZ
100
AcDbLine
 10
17989.46338386727
 20
34690.00000000001
 30
0.0
 11
18699.46338386728
 21
34690.00000000001
 31
0.0
1001
REVIT
1002
{
1070
     1
1000
1757431
1002
}
1002
{
1070
     5
1000
1749114
1002
}
1002
{
1070
     3
1000
-2000018
1002
}
  0
LINE
  5
435
330
430
100
AcDbEntity
  8
A-GLAZ
100
AcDbLine
 10
18749.46338386728
 20
34190.00000000002
 30
0.0
 11
18749.46338386728
 21
34690.00000000001
 31
0.0
1001
REVIT
1002
{
1070
     1
1000
1757431
1002
}
1002
{
1070
     5
1000
1749114
1002
}
1002
{
1070
     3
1000
-2000018
1002
}
  0
LINE
  5
436
330
430
100
AcDbEntity
  8
A-GLAZ
100
AcDbLine
 10
18749.46338386728
 20
34690.00000000001
 30
0.0
 11
19459.46338386729
 21
34690.00000000001
 31
0.0
1001
REVIT
1002
{
1070
     1
1000
1757431
1002
}
1002
{
1070
     5
1000
1749114
1002
}
1002
{
1070
     3
1000
-2000018
1002
}
  0
LINE
  5
437
330
430
100
AcDbEntity
  8
A-GLAZ
100
AcDbLine
 10
19459.46338386729
 20
34690.00000000001
 30
0.0
 11
19459.46338386729
 21
34190.00000000002
 31
0.0
1001
REVIT
1002
{
1070
     1
1000
1757431
1002
}
1002
{
1070
     5
1000
1749114
1002
}
1002
{
1070
     3
1000
-2000018
1002
}
  0
LINE
  5
438
330
430
100
AcDbEntity
  8
A-GLAZ
100
AcDbLine
 10
19459.46338386729
 20
34190.00000000002
 30
0.0
 11
18749.46338386728
 21
34190.00000000002
 31
0.0
1001
REVIT
1002
{
1070
     1
1000
1757431
1002
}
1002
{
1070
     5
1000
1749114
1002
}
1002
{
1070
     3
1000
-2000018
1002
}
  0
ENDBLK
  5
43A
330
430
100
AcDbEntity
  8
0
100
AcDbBlockEnd
  0
BLOCK
  5
459
330
43C
100
AcDbEntity
  8
0
100
AcDbBlockBegin
  2
VELUX FS   deck mounted   fixed - C01-V1-rhs
 70
     0
 10
0.0
 20
0.0
 30
0.0
  3
VELUX FS   deck mounted   fixed - C01-V1-rhs
  1

  0
LINE
  5
43D
330
43C
100
AcDbEntity
  8
A-GLAZ
100
AcDbLine
 10
21629.66888229245
 20
36144.04948611661
 30
0.0
 11
21120.76770292888
 21
36188.57257016589
 31
0.0
1001
REVIT
1002
{
1070
     1
1000
1781135
1002
}
1002
{
1070
     5
1000
1503254
1002
}
  0
LINE
  5
43E
330
43C
100
AcDbEntity
  8
A-GLAZ
100
AcDbLine
 10
21078.63312241338
 20
36130.90945785443
 30
0.0
 11
21661.15024948259
 21
36079.94581292619
 31
0.0
1001
REVIT
1002
{
1070
     1
1000
1781135
1002
}
1002
{
1070
     5
1000
1503254
1002
}
  0
LINE
  5
43F
330
43C
100
AcDbEntity
  8
A-GLAZ
100
AcDbLine
 10
21629.66888229245
 20
36144.04948611661
 30
0.0
 11
21120.76770292888
 21
36188.57257016589
 31
0.0
1001
REVIT
1002
{
1070
     1
1000
1781135
1002
}
1002
{
1070
     5
1000
1503254
1002
}
  0
SPLINE
  5
440
330
43C
100
AcDbEntity
  8
A-GLAZ
100
AcDbSpline
210
0.0
220
0.0
230
1.0
 70
     8
 71
     3
 72
     9
 73
     5
 74
     0
 42
0.000000001
 43
0.0000000001
 40
0.3333333333333333
 40
0.3333333333333333
 40
0.3333333333333333
 40
0.3333333333333333
 40
0.6666666666666666
 40
1.0
 40
1.0
 40
1.0
 40
1.0
 10
21126.2895656202
 20
36187.81674113572
 30
0.0
 10
21122.34237713997
 20
36188.55565017569
 30
0.0
 10
21114.22051665451
 20
36189.20025171866
 30
0.0
 10
21106.28484265764
 20
36188.1252608384
 30
0.0
 10
21102.31184881182
 20
36187.18202541732
 30
0.0
1001
REVIT
1002
{
1070
     1
1000
1781135
1002
}
1002
{
1070
     5
1000
1503254
1002
}
  0
SPLINE
  5
441
330
43C
100
AcDbEntity
  8
A-GLAZ
100
AcDbSpline
210
0.0
220
0.0
230
1.0
 70
     8
 71
     3
 72
    14
 73
    10
 74
     0
 42
0.000000001
 43
0.0000000001
 40
0.0
 40
0.0
 40
0.0
 40
0.0
 40
0.2
 40
0.3
 40
0.4
 40
0.5
 40
0.6
 40
0.8
 40
1.0
 40
1.0
 40
1.0
 40
1.0
 10
21102.31184881182
 20
36187.18202541732
 30
0.0
 10
21102.08167094493
 20
36187.12763013027
 30
0.0
 10
21101.7578873354
 20
36187.00258293092
 30
0.0
 10
21101.35976706491
 20
36186.75936603803
 30
0.0
 10
21101.08638811986
 20
36186.5413293584
 30
0.0
 10
21100.84292552515
 20
36186.29097041995
 30
0.0
 10
21100.56116475348
 20
36185.91945039589
 30
0.0
 10
21100.30028801187
 20
36185.39474548192
 30
0.0
 10
21100.20297215533
 20
36184.93638449288
 30
0.0
 10
21100.18181697519
 20
36184.70479231727
 30
0.0
1001
REVIT
1002
{
1070
     1
1000
1781135
1002
}
1002
{
1070
     5
1000
1503254
1002
}
  0
LINE
  5
442
330
43C
100
AcDbEntity
  8
A-GLAZ
100
AcDbLine
 10
21100.18179048467
 20
36184.70479463489
 30
0.0
 11
21099.90296147849
 21
36181.51776451071
 31
0.0
1001
REVIT
1002
{
1070
     1
1000
1781135
1002
}
1002
{
1070
     5
1000
1503254
1002
}
  0
LINE
  5
443
330
43C
100
AcDbEntity
  8
A-GLAZ
100
AcDbLine
 10
21099.90296147849
 20
36181.51776451071
 30
0.0
 11
21648.99158729156
 21
36133.47873448104
 31
0.0
1001
REVIT
1002
{
1070
     1
1000
1781135
1002
}
1002
{
1070
     5
1000
1503254
1002
}
  0
SPLINE
  5
444
330
43C
100
AcDbEntity
  8
A-GLAZ
100
AcDbSpline
210
0.0
220
0.0
230
1.0
 70
     8
 71
     3
 72
    11
 73
     7
 74
     0
 42
0.000000001
 43
0.0000000001
 40
0.0
 40
0.0
 40
0.0
 40
0.0
 40
0.25
 40
0.5
 40
0.75
 40
1.0
 40
1.0
 40
1.0
 40
1.0
 10
21099.90296147849
 20
36181.51776451071
 30
0.0
 10
21099.89101735267
 20
36181.31869242963
 30
0.0
 10
21099.90796796117
 20
36180.91803739115
 30
0.0
 10
21100.06135931669
 20
36180.33624524326
 30
0.0
 10
21100.33569911395
 20
36179.80011204776
 30
0.0
 10
21100.58661363682
 20
36179.48976134492
 30
0.0
 10
21100.73052391486
 20
36179.34950295653
 30
0.0
1001
REVIT
1002
{
1070
     1
1000
1781135
1002
}
1002
{
1070
     5
1000
1503254
1002
}
  0
LINE
  5
445
330
43C
100
AcDbEntity
  8
A-GLAZ
100
AcDbLine
 10
21100.73052391486
 20
36179.34950295657
 30
0.0
 11
21647.80008272054
 21
36131.48711840095
 31
0.0
1001
REVIT
1002
{
1070
     1
1000
1781135
1002
}
1002
{
1070
     5
1000
1503254
1002
}
  0
LINE
  5
446
330
43C
100
AcDbEntity
  8
A-GLAZ
100
AcDbLine
 10
21100.73052391486
 20
36179.34950295657
 30
0.0
 11
21082.34671877782
 21
36179.0640260059
 31
0.0
1001
REVIT
1002
{
1070
     1
1000
1781135
1002
}
1002
{
1070
     5
1000
1503254
1002
}
  0
SPLINE
  5
447
330
43C
100
AcDbEntity
  8
A-GLAZ
100
AcDbSpline
210
0.0
220
0.0
230
1.0
 70
     8
 71
     3
 72
    13
 73
     9
 74
     0
 42
0.000000001
 43
0.0000000001
 40
0.0
 40
0.0
 40
0.0
 40
0.0
 40
0.1666666666666667
 40
0.3333333333333333
 40
0.5
 40
0.6666666666666666
 40
0.8333333333333334
 40
1.0
 40
1.0
 40
1.0
 40
1.0
 10
21082.34671857144
 20
36179.06402455473
 30
0.0
 10
21082.26777862711
 20
36179.06295030615
 30
0.0
 10
21082.11529619186
 20
36179.04130727336
 30
0.0
 10
21081.89717900794
 20
36178.95397140266
 30
0.0
 10
21081.70778996627
 20
36178.81651793804
 30
0.0
 10
21081.55710040287
 20
36178.63724895371
 30
0.0
 10
21081.45419393349
 20
36178.42683155501
 30
0.0
 10
21081.42211644704
 20
36178.27409564679
 30
0.0
 10
21081.4150839984
 20
36178.19693704324
 30
0.0
1001
REVIT
1002
{
1070
     1
1000
1781135
1002
}
1002
{
1070
     5
1000
1503254
1002
}
  0
LINE
  5
448
330
43C
100
AcDbEntity
  8
A-GLAZ
100
AcDbLine
 10
21081.4150839984
 20
36178.19693704325
 30
0.0
 11
21077.40591983269
 21
36132.37198093876
 31
0.0
1001
REVIT
1002
{
1070
     1
1000
1781135
1002
}
1002
{
1070
     5
1000
1503254
1002
}
  0
SPLINE
  5
449
330
43C
100
AcDbEntity
  8
A-GLAZ
100
AcDbSpline
210
0.0
220
0.0
230
1.0
 70
     8
 71
     3
 72
    18
 73
    14
 74
     0
 42
0.000000001
 43
0.0000000001
 40
0.0
 40
0.0
 40
0.0
 40
0.0
 40
0.0909090909090909
 40
0.1363636363636364
 40
0.1818181818181818
 40
0.2272727272727273
 40
0.2727272727272727
 40
0.3181818181818182
 40
0.3636363636363636
 40
0.4090909090909091
 40
0.4545454545454545
 40
0.5
 40
0.5454545454545454
 40
0.5454545454545454
 40
0.5454545454545454
 40
0.5454545454545454
 10
21077.40591983269
 20
36132.37198093876
 30
0.0
 10
21077.39617252276
 20
36132.25457398046
 30
0.0
 10
21077.40317925594
 20
36132.0765872507
 30
0.0
 10
21077.4598536908
 20
36131.84718353708
 30
0.0
 10
21077.52364222927
 20
36131.68216529816
 30
0.0
 10
21077.60918035898
 20
36131.52687150433
 30
0.0
 10
21077.71356247093
 20
36131.38408470607
 30
0.0
 10
21077.83630579708
 20
36131.25613420218
 30
0.0
 10
21077.97416743132
 20
36131.14530918505
 30
0.0
 10
21078.12575135522
 20
36131.0534216786
 30
0.0
 10
21078.28769742762
 20
36130.98211095963
 30
0.0
 10
21078.45779176573
 20
36130.93254843902
 30
0.0
 10
21078.57445453486
 20
36130.91459062879
 30
0.0
 10
21078.63312240928
 20
36130.90945785474
 30
0.0
1001
REVIT
1002
{
1070
     1
1000
1781135
1002
}
1002
{
1070
     5
1000
1503254
1002
}
  0
SPLINE
  5
44A
330
43C
100
AcDbEntity
  8
A-GLAZ
100
AcDbSpline
210
0.0
220
0.0
230
1.0
 70
     8
 71
     3
 72
     8
 73
     4
 74
     0
 42
0.000000001
 43
0.0000000001
 40
0.3333333333333333
 40
0.3333333333333333
 40
0.3333333333333333
 40
0.3333333333333333
 40
0.6666666666666666
 40
0.6666666666666666
 40
0.6666666666666666
 40
0.6666666666666666
 10
21126.2895656202
 20
36187.81674113572
 30
0.0
 10
21122.33060247532
 20
36188.55668032536
 30
0.0
 10
21118.29317078581
 20
36188.87692523984
 30
0.0
 10
21114.26706327666
 20
36188.77035361285
 30
0.0
1001
REVIT
1002
{
1070
     1
1000
1781135
1002
}
1002
{
1070
     5
1000
1503254
1002
}
  0
SPLINE
  5
44B
330
43C
100
AcDbEntity
  8
A-GLAZ
100
AcDbSpline
210
0.0
220
0.0
230
1.0
 70
     8
 71
     3
 72
     8
 73
     4
 74
     0
 42
0.000000001
 43
0.0000000001
 40
0.3333333333333333
 40
0.3333333333333333
 40
0.3333333333333333
 40
0.3333333333333333
 40
0.6666666666666666
 40
0.6666666666666666
 40
0.6666666666666666
 40
0.6666666666666666
 10
21624.09966076925
 20
36144.26400122142
 30
0.0
 10
21628.11519279543
 20
36144.30626248625
 30
0.0
 10
21632.17039532454
 20
36143.91849364853
 30
0.0
 10
21636.10510735663
 20
36143.11544055931
 30
0.0
1001
REVIT
1002
{
1070
     1
1000
1781135
1002
}
1002
{
1070
     5
1000
1503254
1002
}
  0
SPLINE
  5
44C
330
43C
100
AcDbEntity
  8
A-GLAZ
100
AcDbSpline
210
0.0
220
0.0
230
1.0
 70
     8
 71
     3
 72
     9
 73
     5
 74
     0
 42
0.000000001
 43
0.0000000001
 40
-1.0
 40
-1.0
 40
-1.0
 40
-1.0
 40
-0.6666666666666666
 40
-0.3333333333333333
 40
-0.3333333333333333
 40
-0.3333333333333333
 40
-0.3333333333333333
 10
21647.60288495383
 20
36139.47524143259
 30
0.0
 10
21643.91271114268
 20
36141.08891715035
 30
0.0
 10
21636.19037541187
 20
36143.53380637516
 30
0.0
 10
21628.12696746008
 20
36144.30523233658
 30
0.0
 10
21624.09966076925
 20
36144.26400122142
 30
0.0
1001
REVIT
1002
{
1070
     1
1000
1781135
1002
}
1002
{
1070
     5
1000
1503254
1002
}
  0
SPLINE
  5
44D
330
43C
100
AcDbEntity
  8
A-GLAZ
100
AcDbSpline
210
0.0
220
0.0
230
1.0
 70
     8
 71
     3
 72
    14
 73
    10
 74
     0
 42
0.000000001
 43
0.0000000001
 40
-1.0
 40
-1.0
 40
-1.0
 40
-1.0
 40
-0.8
 40
-0.6000000000000001
 40
-0.5
 40
-0.4
 40
-0.3
 40
-0.2
 40
0.0
 40
0.0
 40
0.0
 40
0.0
 10
21649.27038980723
 20
36136.66576692283
 30
0.0
 10
21649.29065828422
 20
36136.89743667492
 30
0.0
 10
21649.27317954237
 20
36137.36584088996
 30
0.0
 10
21649.10757744965
 20
36137.92785786716
 30
0.0
 10
21648.89510314974
 20
36138.34261785711
 30
0.0
 10
21648.69835696033
 20
36138.63149007375
 30
0.0
 10
21648.46722910115
 20
36138.89366537943
 30
0.0
 10
21648.1180306708
 20
36139.20226418667
 30
0.0
 10
21647.8159580775
 20
36139.38206670876
 30
0.0
 10
21647.60288495383
 20
36139.4752414326
 30
0.0
1001
REVIT
1002
{
1070
     1
1000
1781135
1002
}
1002
{
1070
     5
1000
1503254
1002
}
  0
LINE
  5
44E
330
43C
100
AcDbEntity
  8
A-GLAZ
100
AcDbLine
 10
21648.99158729156
 20
36133.47873448104
 30
0.0
 11
21649.27041629775
 21
36136.66576460522
 31
0.0
1001
REVIT
1002
{
1070
     1
1000
1781135
1002
}
1002
{
1070
     5
1000
1503254
1002
}
  0
SPLINE
  5
44F
330
43C
100
AcDbEntity
  8
A-GLAZ
100
AcDbSpline
210
0.0
220
0.0
230
1.0
 70
     8
 71
     3
 72
    11
 73
     7
 74
     0
 42
0.000000001
 43
0.0000000001
 40
-1.0
 40
-1.0
 40
-1.0
 40
-1.0
 40
-0.75
 40
-0.5
 40
-0.25
 40
0.0
 40
0.0
 40
0.0
 40
0.0
 10
21647.80008272054
 20
36131.48711840092
 30
0.0
 10
21647.96417758621
 20
36131.60042983092
 30
0.0
 10
21648.26805839112
 20
36131.862242232
 30
0.0
 10
21648.63024831979
 20
36132.34268629249
 30
0.0
 10
21648.88232918913
 20
36132.88900421732
 30
0.0
 10
21648.96933508066
 20
36133.28056424055
 30
0.0
 10
21648.99158729156
 20
36133.47873448104
 30
0.0
1001
REVIT
1002
{
1070
     1
1000
1781135
1002
}
1002
{
1070
     5
1000
1503254
1002
}
  0
LINE
  5
450
330
43C
100
AcDbEntity
  8
A-GLAZ
100
AcDbLine
 10
21665.85502399711
 20
36128.01366422598
 30
0.0
 11
21647.80008272054
 21
36131.48711840095
 31
0.0
1001
REVIT
1002
{
1070
     1
1000
1781135
1002
}
1002
{
1070
     5
1000
1503254
1002
}
  0
SPLINE
  5
451
330
43C
100
AcDbEntity
  8
A-GLAZ
100
AcDbSpline
210
0.0
220
0.0
230
1.0
 70
     8
 71
     3
 72
    13
 73
     9
 74
     0
 42
0.000000001
 43
0.0000000001
 40
-1.0
 40
-1.0
 40
-1.0
 40
-1.0
 40
-0.8333333333333333
 40
-0.6666666666666666
 40
-0.5
 40
-0.3333333333333333
 40
-0.1666666666666667
 40
0.0
 40
0.0
 40
0.0
 40
0.0
 10
21666.62193673262
 20
36126.99797161132
 30
0.0
 10
21666.62868937742
 20
36127.07515469453
 30
0.0
 10
21666.62321564342
 20
36127.23117590884
 30
0.0
 10
21666.55855882878
 20
36127.4562531953
 30
0.0
 10
21666.44130643842
 20
36127.65896406308
 30
0.0
 10
21666.27844299899
 20
36127.8272356265
 30
0.0
 10
21666.07966783848
 20
36127.95104485125
 30
0.0
 10
21665.93110670227
 20
36127.99902578375
 30
0.0
 10
21665.85502394837
 20
36128.01366276103
 30
0.0
1001
REVIT
1002
{
1070
     1
1000
1781135
1002
}
1002
{
1070
     5
1000
1503254
1002
}
  0
LINE
  5
452
330
43C
100
AcDbEntity
  8
A-GLAZ
100
AcDbLine
 10
21662.61277256691
 20
36081.17301550683
 30
0.0
 11
21666.62193673262
 21
36126.99797161132
 31
0.0
1001
REVIT
1002
{
1070
     1
1000
1781135
1002
}
1002
{
1070
     5
1000
1503254
1002
}
  0
SPLINE
  5
453
330
43C
100
AcDbEntity
  8
A-GLAZ
100
AcDbSpline
210
0.0
220
0.0
230
1.0
 70
     8
 71
     3
 72
    18
 73
    14
 74
     0
 42
0.000000001
 43
0.0000000001
 40
-0.5454545454545454
 40
-0.5454545454545454
 40
-0.5454545454545454
 40
-0.5454545454545454
 40
-0.5
 40
-0.4545454545454545
 40
-0.4090909090909091
 40
-0.3636363636363636
 40
-0.3181818181818182
 40
-0.2727272727272727
 40
-0.2272727272727273
 40
-0.1818181818181818
 40
-0.1363636363636364
 40
-0.0909090909090909
 40
0.0
 40
0.0
 40
0.0
 40
0.0
 10
21661.15024948663
 20
36079.94581292579
 30
0.0
 10
21661.20893010149
 20
36079.94067903734
 30
0.0
 10
21661.32696431736
 20
36079.93810352202
 30
0.0
 10
21661.50300520089
 20
36079.95738313469
 30
0.0
 10
21661.67502353431
 20
36079.99947575412
 30
0.0
 10
21661.84007604381
 20
36080.0636611622
 30
0.0
 10
21661.99533860652
 20
36080.14884113508
 30
0.0
 10
21662.13815474409
 20
36080.25355819641
 30
0.0
 10
21662.26608043299
 20
36080.37602069565
 30
0.0
 10
21662.37692832138
 20
36080.51413293922
 30
0.0
 10
21662.46879620238
 20
36080.66553300603
 30
0.0
 10
21662.56391189799
 20
36080.88165680399
 30
0.0
 10
21662.60250477296
 20
36081.05565408498
 30
0.0
 10
21662.61277256691
 20
36081.17301550683
 30
0.0
1001
REVIT
1002
{
1070
     1
1000
1781135
1002
}
1002
{
1070
     5
1000
1503254
1002
}
  0
LINE
  5
454
330
43C
100
AcDbEntity
  8
A-GLAZ
100
AcDbLine
 10
21679.8355482254
 20
36046.97275319102
 30
0.0
 11
21054.50598360894
 21
36101.68200106256
 31
0.0
1001
REVIT
1002
{
1070
     1
1000
1781135
1002
}
1002
{
1070
     5
1000
1503254
1002
}
1002
{
1070
     3
1000
-2000018
1002
}
  0
LINE
  5
455
330
43C
100
AcDbEntity
  8
A-GLAZ
100
AcDbLine
 10
21054.50598360894
 20
36101.68200106256
 30
0.0
 11
21054.31690585131
 21
36099.52083240359
 31
0.0
1001
REVIT
1002
{
1070
     1
1000
1781135
1002
}
1002
{
1070
     5
1000
1503254
1002
}
1002
{
1070
     3
1000
-2000018
1002
}
  0
LINE
  5
456
330
43C
100
AcDbEntity
  8
A-GLAZ
100
AcDbLine
 10
21088.23910295305
 20
36130.18099011019
 30
0.0
 11
21085.50846325594
 21
36098.96963555225
 31
0.0
1001
REVIT
1002
{
1070
     1
1000
1781135
1002
}
1002
{
1070
     5
1000
1503254
1002
}
1002
{
1070
     3
1000
-2000018
1002
}
  0
LINE
  5
457
330
43C
100
AcDbEntity
  8
A-GLAZ
100
AcDbLine
 10
21679.64647046778
 20
36044.81158453205
 30
0.0
 11
21679.8355482254
 21
36046.97275319102
 31
0.0
1001
REVIT
1002
{
1070
     1
1000
1781135
1002
}
1002
{
1070
     5
1000
1503254
1002
}
1002
{
1070
     3
1000
-2000018
1002
}
  0
LINE
  5
458
330
43C
100
AcDbEntity
  8
A-GLAZ
100
AcDbLine
 10
21648.83306857841
 20
36049.68511870133
 30
0.0
 11
21651.56370827551
 21
36080.89647325927
 31
0.0
1001
REVIT
1002
{
1070
     1
1000
1781135
1002
}
1002
{
1070
     5
1000
1503254
1002
}
1002
{
1070
     3
1000
-2000018
1002
}
  0
ENDBLK
  5
45A
330
43C
100
AcDbEntity
  8
0
100
AcDbBlockEnd
  0
BLOCK
  5
499
330
45C
100
AcDbEntity
  8
0
100
AcDbBlockBegin
  2
Gas instantaneous hws - Type 1-1979205-rhs
 70
     0
 10
0.0
 20
0.0
 30
0.0
  3
Gas instantaneous hws - Type 1-1979205-rhs
  1

  0
LINE
  5
45D
330
45C
100
AcDbEntity
  8
P-SANR-FIXT
100
AcDbLine
 10
22969.46338384972
 20
30690.0
 30
0.0
 11
22569.46338384972
 21
30690.0
 31
0.0
1001
REVIT
1002
{
1070
     1
1000
1890495
1002
}
1002
{
1070
     5
1000
1859742
1002
}
  0
LINE
  5
45E
330
45C
100
AcDbEntity
  8
P-SANR-FIXT
100
AcDbLine
 10
22569.46338384972
 20
30690.0
 30
0.0
 11
22569.46338384972
 21
30090.0
 31
0.0
1001
REVIT
1002
{
1070
     1
1000
1890495
1002
}
1002
{
1070
     5
1000
1859742
1002
}
  0
LINE
  5
45F
330
45C
100
AcDbEntity
  8
P-SANR-FIXT
100
AcDbLine
 10
22569.46338384972
 20
30090.0
 30
0.0
 11
22969.46338384972
 21
30090.0
 31
0.0
1001
REVIT
1002
{
1070
     1
1000
1890495
1002
}
1002
{
1070
     5
1000
1859742
1002
}
  0
LINE
  5
460
330
45C
100
AcDbEntity
  8
P-SANR-FIXT
100
AcDbLine
 10
22969.46338384972
 20
30090.0
 30
0.0
 11
22969.46338384972
 21
30690.0
 31
0.0
1001
REVIT
1002
{
1070
     1
1000
1890495
1002
}
1002
{
1070
     5
1000
1859742
1002
}
  0
ARC
  5
461
330
45C
100
AcDbEntity
  8
P-SANR-FIXT
100
AcDbCircle
 10
22804.57587920371
 20
30199.7252484742
 30
0.0
 40
14.99999999999915
100
AcDbArc
 50
269.9999999999997
 51
345.5224878140656
1001
REVIT
1002
{
1070
     1
1000
1890495
1002
}
1002
{
1070
     5
1000
1859742
1002
}
  0
ARC
  5
462
330
45C
100
AcDbEntity
  8
P-SANR-FIXT
100
AcDbCircle
 10
22764.20048267916
 20
30201.84985194966
 30
0.0
 40
17.1246034754571
100
AcDbArc
 50
200.0628352820355
 51
269.9999999999997
1001
REVIT
1002
{
1070
     1
1000
1890495
1002
}
1002
{
1070
     5
1000
1859742
1002
}
  0
LINE
  5
463
330
45C
100
AcDbEntity
  8
P-SANR-FIXT
100
AcDbLine
 10
22764.20048267916
 20
30184.7252484742
 30
0.0
 11
22804.57587920371
 21
30184.7252484742
 31
0.0
1001
REVIT
1002
{
1070
     1
1000
1890495
1002
}
1002
{
1070
     5
1000
1859742
1002
}
  0
LINE
  5
464
330
45C
100
AcDbEntity
  8
P-SANR-FIXT
100
AcDbLine
 10
22748.11505206019
 20
30195.9752484742
 30
0.0
 11
22819.09956675199
 21
30195.9752484742
 31
0.0
1001
REVIT
1002
{
1070
     1
1000
1890495
1002
}
1002
{
1070
     5
1000
1859742
1002
}
  0
ARC
  5
465
330
45C
100
AcDbEntity
  8
P-SANR-FIXT
100
AcDbCircle
 10
22724.57587920371
 20
30199.7252484742
 30
0.0
 40
15.00000000000268
100
AcDbArc
 50
270.0000000000135
 51
345.5224878140659
1001
REVIT
1002
{
1070
     1
1000
1890495
1002
}
1002
{
1070
     5
1000
1859742
1002
}
  0
ARC
  5
466
330
45C
100
AcDbEntity
  8
P-SANR-FIXT
100
AcDbCircle
 10
22684.20048267917
 20
30201.84985194966
 30
0.0
 40
17.12460347545585
100
AcDbArc
 50
200.0628352820341
 51
269.9999999999997
1001
REVIT
1002
{
1070
     1
1000
1890495
1002
}
1002
{
1070
     5
1000
1859742
1002
}
  0
LINE
  5
467
330
45C
100
AcDbEntity
  8
P-SANR-FIXT
100
AcDbLine
 10
22684.20048267917
 20
30184.7252484742
 30
0.0
 11
22724.57587920371
 21
30184.7252484742
 31
0.0
1001
REVIT
1002
{
1070
     1
1000
1890495
1002
}
1002
{
1070
     5
1000
1859742
1002
}
  0
LINE
  5
468
330
45C
100
AcDbEntity
  8
P-SANR-FIXT
100
AcDbLine
 10
22668.11505206019
 20
30195.9752484742
 30
0.0
 11
22739.09956675199
 21
30195.9752484742
 31
0.0
1001
REVIT
1002
{
1070
     1
1000
1890495
1002
}
1002
{
1070
     5
1000
1859742
1002
}
  0
ARC
  5
469
330
45C
100
AcDbEntity
  8
P-SANR-FIXT
100
AcDbCircle
 10
22644.57587920371
 20
30199.7252484742
 30
0.0
 40
15.00000000000177
100
AcDbArc
 50
269.9999999999997
 51
345.5224878140667
1001
REVIT
1002
{
1070
     1
1000
1890495
1002
}
1002
{
1070
     5
1000
1859742
1002
}
  0
ARC
  5
46A
330
45C
100
AcDbEntity
  8
P-SANR-FIXT
100
AcDbCircle
 10
22604.20048267917
 20
30201.84985194966
 30
0.0
 40
17.12460347545585
100
AcDbArc
 50
200.0628352820241
 51
269.9999999999997
1001
REVIT
1002
{
1070
     1
1000
1890495
1002
}
1002
{
1070
     5
1000
1859742
1002
}
  0
LINE
  5
46B
330
45C
100
AcDbEntity
  8
P-SANR-FIXT
100
AcDbLine
 10
22604.20048267917
 20
30184.7252484742
 30
0.0
 11
22644.57587920371
 21
30184.7252484742
 31
0.0
1001
REVIT
1002
{
1070
     1
1000
1890495
1002
}
1002
{
1070
     5
1000
1859742
1002
}
  0
LINE
  5
46C
330
45C
100
AcDbEntity
  8
P-SANR-FIXT
100
AcDbLine
 10
22588.11505206019
 20
30195.9752484742
 30
0.0
 11
22659.09956675199
 21
30195.9752484742
 31
0.0
1001
REVIT
1002
{
1070
     1
1000
1890495
1002
}
1002
{
1070
     5
1000
1859742
1002
}
  0
ARC
  5
46D
330
45C
100
AcDbEntity
  8
P-SANR-FIXT
100
AcDbCircle
 10
22804.57587920371
 20
30174.7252484742
 30
0.0
 40
14.99999999999915
100
AcDbArc
 50
269.9999999999997
 51
345.5224878140689
1001
REVIT
1002
{
1070
     1
1000
1890495
1002
}
1002
{
1070
     5
1000
1859742
1002
}
  0
ARC
  5
46E
330
45C
100
AcDbEntity
  8
P-SANR-FIXT
100
AcDbCircle
 10
22764.20048267916
 20
30176.84985194966
 30
0.0
 40
17.1246034754571
100
AcDbArc
 50
200.0628352820153
 51
269.9999999999997
1001
REVIT
1002
{
1070
     1
1000
1890495
1002
}
1002
{
1070
     5
1000
1859742
1002
}
  0
LINE
  5
46F
330
45C
100
AcDbEntity
  8
P-SANR-FIXT
100
AcDbLine
 10
22764.20048267916
 20
30159.7252484742
 30
0.0
 11
22804.57587920371
 21
30159.7252484742
 31
0.0
1001
REVIT
1002
{
1070
     1
1000
1890495
1002
}
1002
{
1070
     5
1000
1859742
1002
}
  0
LINE
  5
470
330
45C
100
AcDbEntity
  8
P-SANR-FIXT
100
AcDbLine
 10
22748.11505206019
 20
30170.9752484742
 30
0.0
 11
22819.09956675199
 21
30170.9752484742
 31
0.0
1001
REVIT
1002
{
1070
     1
1000
1890495
1002
}
1002
{
1070
     5
1000
1859742
1002
}
  0
ARC
  5
471
330
45C
100
AcDbEntity
  8
P-SANR-FIXT
100
AcDbCircle
 10
22724.57587920371
 20
30174.7252484742
 30
0.0
 40
15.00000000000268
100
AcDbArc
 50
270.0000000000135
 51
345.5224878140691
1001
REVIT
1002
{
1070
     1
1000
1890495
1002
}
1002
{
1070
     5
1000
1859742
1002
}
  0
ARC
  5
472
330
45C
100
AcDbEntity
  8
P-SANR-FIXT
100
AcDbCircle
 10
22684.20048267917
 20
30176.84985194966
 30
0.0
 40
17.12460347545585
100
AcDbArc
 50
200.062835282014
 51
269.9999999999997
1001
REVIT
1002
{
1070
     1
1000
1890495
1002
}
1002
{
1070
     5
1000
1859742
1002
}
  0
LINE
  5
473
330
45C
100
AcDbEntity
  8
P-SANR-FIXT
100
AcDbLine
 10
22684.20048267917
 20
30159.7252484742
 30
0.0
 11
22724.57587920371
 21
30159.7252484742
 31
0.0
1001
REVIT
1002
{
1070
     1
1000
1890495
1002
}
1002
{
1070
     5
1000
1859742
1002
}
  0
LINE
  5
474
330
45C
100
AcDbEntity
  8
P-SANR-FIXT
100
AcDbLine
 10
22668.11505206019
 20
30170.9752484742
 30
0.0
 11
22739.09956675199
 21
30170.9752484742
 31
0.0
1001
REVIT
1002
{
1070
     1
1000
1890495
1002
}
1002
{
1070
     5
1000
1859742
1002
}
  0
ARC
  5
475
330
45C
100
AcDbEntity
  8
P-SANR-FIXT
100
AcDbCircle
 10
22644.57587920371
 20
30174.7252484742
 30
0.0
 40
15.00000000000177
100
AcDbArc
 50
269.9999999999997
 51
345.52248781407
1001
REVIT
1002
{
1070
     1
1000
1890495
1002
}
1002
{
1070
     5
1000
1859742
1002
}
  0
ARC
  5
476
330
45C
100
AcDbEntity
  8
P-SANR-FIXT
100
AcDbCircle
 10
22604.20048267917
 20
30176.84985194966
 30
0.0
 40
17.12460347545585
100
AcDbArc
 50
200.062835282014
 51
269.9999999999997
1001
REVIT
1002
{
1070
     1
1000
1890495
1002
}
1002
{
1070
     5
1000
1859742
1002
}
  0
LINE
  5
477
330
45C
100
AcDbEntity
  8
P-SANR-FIXT
100
AcDbLine
 10
22604.20048267917
 20
30159.7252484742
 30
0.0
 11
22644.57587920371
 21
30159.7252484742
 31
0.0
1001
REVIT
1002
{
1070
     1
1000
1890495
1002
}
1002
{
1070
     5
1000
1859742
1002
}
  0
LINE
  5
478
330
45C
100
AcDbEntity
  8
P-SANR-FIXT
100
AcDbLine
 10
22588.11505206019
 20
30170.9752484742
 30
0.0
 11
22659.09956675199
 21
30170.9752484742
 31
0.0
1001
REVIT
1002
{
1070
     1
1000
1890495
1002
}
1002
{
1070
     5
1000
1859742
1002
}
  0
ARC
  5
479
330
45C
100
AcDbEntity
  8
P-SANR-FIXT
100
AcDbCircle
 10
22804.57587920371
 20
30149.7252484742
 30
0.0
 40
14.99999999999915
100
AcDbArc
 50
269.9999999999997
 51
345.5224878140722
1001
REVIT
1002
{
1070
     1
1000
1890495
1002
}
1002
{
1070
     5
1000
1859742
1002
}
  0
ARC
  5
47A
330
45C
100
AcDbEntity
  8
P-SANR-FIXT
100
AcDbCircle
 10
22764.20048267916
 20
30151.84985194966
 30
0.0
 40
17.1246034754571
100
AcDbArc
 50
200.0628352820153
 51
269.9999999999997
1001
REVIT
1002
{
1070
     1
1000
1890495
1002
}
1002
{
1070
     5
1000
1859742
1002
}
  0
LINE
  5
47B
330
45C
100
AcDbEntity
  8
P-SANR-FIXT
100
AcDbLine
 10
22764.20048267916
 20
30134.7252484742
 30
0.0
 11
22804.57587920371
 21
30134.7252484742
 31
0.0
1001
REVIT
1002
{
1070
     1
1000
1890495
1002
}
1002
{
1070
     5
1000
1859742
1002
}
  0
LINE
  5
47C
330
45C
100
AcDbEntity
  8
P-SANR-FIXT
100
AcDbLine
 10
22748.11505206019
 20
30145.9752484742
 30
0.0
 11
22819.09956675199
 21
30145.9752484742
 31
0.0
1001
REVIT
1002
{
1070
     1
1000
1890495
1002
}
1002
{
1070
     5
1000
1859742
1002
}
  0
ARC
  5
47D
330
45C
100
AcDbEntity
  8
P-SANR-FIXT
100
AcDbCircle
 10
22724.57587920371
 20
30149.7252484742
 30
0.0
 40
15.00000000000268
100
AcDbArc
 50
270.0000000000135
 51
345.5224878140723
1001
REVIT
1002
{
1070
     1
1000
1890495
1002
}
1002
{
1070
     5
1000
1859742
1002
}
  0
ARC
  5
47E
330
45C
100
AcDbEntity
  8
P-SANR-FIXT
100
AcDbCircle
 10
22684.20048267917
 20
30151.84985194966
 30
0.0
 40
17.12460347545585
100
AcDbArc
 50
200.062835282014
 51
269.9999999999997
1001
REVIT
1002
{
1070
     1
1000
1890495
1002
}
1002
{
1070
     5
1000
1859742
1002
}
  0
LINE
  5
47F
330
45C
100
AcDbEntity
  8
P-SANR-FIXT
100
AcDbLine
 10
22684.20048267917
 20
30134.7252484742
 30
0.0
 11
22724.57587920371
 21
30134.7252484742
 31
0.0
1001
REVIT
1002
{
1070
     1
1000
1890495
1002
}
1002
{
1070
     5
1000
1859742
1002
}
  0
LINE
  5
480
330
45C
100
AcDbEntity
  8
P-SANR-FIXT
100
AcDbLine
 10
22668.11505206019
 20
30145.9752484742
 30
0.0
 11
22739.09956675199
 21
30145.9752484742
 31
0.0
1001
REVIT
1002
{
1070
     1
1000
1890495
1002
}
1002
{
1070
     5
1000
1859742
1002
}
  0
ARC
  5
481
330
45C
100
AcDbEntity
  8
P-SANR-FIXT
100
AcDbCircle
 10
22644.57587920371
 20
30149.7252484742
 30
0.0
 40
15.00000000000177
100
AcDbArc
 50
269.9999999999997
 51
345.5224878140732
1001
REVIT
1002
{
1070
     1
1000
1890495
1002
}
1002
{
1070
     5
1000
1859742
1002
}
  0
ARC
  5
482
330
45C
100
AcDbEntity
  8
P-SANR-FIXT
100
AcDbCircle
 10
22604.20048267917
 20
30151.84985194966
 30
0.0
 40
17.12460347545585
100
AcDbArc
 50
200.062835282014
 51
269.9999999999997
1001
REVIT
1002
{
1070
     1
1000
1890495
1002
}
1002
{
1070
     5
1000
1859742
1002
}
  0
LINE
  5
483
330
45C
100
AcDbEntity
  8
P-SANR-FIXT
100
AcDbLine
 10
22604.20048267917
 20
30134.7252484742
 30
0.0
 11
22644.57587920371
 21
30134.7252484742
 31
0.0
1001
REVIT
1002
{
1070
     1
1000
1890495
1002
}
1002
{
1070
     5
1000
1859742
1002
}
  0
LINE
  5
484
330
45C
100
AcDbEntity
  8
P-SANR-FIXT
100
AcDbLine
 10
22588.11505206019
 20
30145.9752484742
 30
0.0
 11
22659.09956675199
 21
30145.9752484742
 31
0.0
1001
REVIT
1002
{
1070
     1
1000
1890495
1002
}
1002
{
1070
     5
1000
1859742
1002
}
  0
ARC
  5
485
330
45C
100
AcDbEntity
  8
P-SANR-FIXT
100
AcDbCircle
 10
22804.57587920371
 20
30124.7252484742
 30
0.0
 40
14.99999999999915
100
AcDbArc
 50
269.9999999999997
 51
345.5224878140815
1001
REVIT
1002
{
1070
     1
1000
1890495
1002
}
1002
{
1070
     5
1000
1859742
1002
}
  0
ARC
  5
486
330
45C
100
AcDbEntity
  8
P-SANR-FIXT
100
AcDbCircle
 10
22764.20048267916
 20
30126.84985194966
 30
0.0
 40
17.1246034754571
100
AcDbArc
 50
200.0628352820355
 51
269.9999999999997
1001
REVIT
1002
{
1070
     1
1000
1890495
1002
}
1002
{
1070
     5
1000
1859742
1002
}
  0
LINE
  5
487
330
45C
100
AcDbEntity
  8
P-SANR-FIXT
100
AcDbLine
 10
22764.20048267916
 20
30109.7252484742
 30
0.0
 11
22804.57587920371
 21
30109.7252484742
 31
0.0
1001
REVIT
1002
{
1070
     1
1000
1890495
1002
}
1002
{
1070
     5
1000
1859742
1002
}
  0
LINE
  5
488
330
45C
100
AcDbEntity
  8
P-SANR-FIXT
100
AcDbLine
 10
22748.11505206019
 20
30120.9752484742
 30
0.0
 11
22819.09956675199
 21
30120.9752484742
 31
0.0
1001
REVIT
1002
{
1070
     1
1000
1890495
1002
}
1002
{
1070
     5
1000
1859742
1002
}
  0
ARC
  5
489
330
45C
100
AcDbEntity
  8
P-SANR-FIXT
100
AcDbCircle
 10
22724.57587920371
 20
30124.7252484742
 30
0.0
 40
15.00000000000006
100
AcDbArc
 50
269.9999999999997
 51
345.5224878140648
1001
REVIT
1002
{
1070
     1
1000
1890495
1002
}
1002
{
1070
     5
1000
1859742
1002
}
  0
ARC
  5
48A
330
45C
100
AcDbEntity
  8
P-SANR-FIXT
100
AcDbCircle
 10
22684.20048267917
 20
30126.84985194966
 30
0.0
 40
17.12460347545585
100
AcDbArc
 50
200.0628352820341
 51
269.9999999999997
1001
REVIT
1002
{
1070
     1
1000
1890495
1002
}
1002
{
1070
     5
1000
1859742
1002
}
  0
LINE
  5
48B
330
45C
100
AcDbEntity
  8
P-SANR-FIXT
100
AcDbLine
 10
22684.20048267917
 20
30109.7252484742
 30
0.0
 11
22724.57587920371
 21
30109.7252484742
 31
0.0
1001
REVIT
1002
{
1070
     1
1000
1890495
1002
}
1002
{
1070
     5
1000
1859742
1002
}
  0
LINE
  5
48C
330
45C
100
AcDbEntity
  8
P-SANR-FIXT
100
AcDbLine
 10
22668.11505206019
 20
30120.9752484742
 30
0.0
 11
22739.09956675199
 21
30120.9752484742
 31
0.0
1001
REVIT
1002
{
1070
     1
1000
1890495
1002
}
1002
{
1070
     5
1000
1859742
1002
}
  0
ARC
  5
48D
330
45C
100
AcDbEntity
  8
P-SANR-FIXT
100
AcDbCircle
 10
22644.57587920371
 20
30124.7252484742
 30
0.0
 40
15.00000000000177
100
AcDbArc
 50
269.9999999999997
 51
345.5224878140667
1001
REVIT
1002
{
1070
     1
1000
1890495
1002
}
1002
{
1070
     5
1000
1859742
1002
}
  0
ARC
  5
48E
330
45C
100
AcDbEntity
  8
P-SANR-FIXT
100
AcDbCircle
 10
22604.20048267917
 20
30126.84985194966
 30
0.0
 40
17.12460347545585
100
AcDbArc
 50
200.0628352820341
 51
269.9999999999997
1001
REVIT
1002
{
1070
     1
1000
1890495
1002
}
1002
{
1070
     5
1000
1859742
1002
}
  0
LINE
  5
48F
330
45C
100
AcDbEntity
  8
P-SANR-FIXT
100
AcDbLine
 10
22604.20048267917
 20
30109.7252484742
 30
0.0
 11
22644.57587920371
 21
30109.7252484742
 31
0.0
1001
REVIT
1002
{
1070
     1
1000
1890495
1002
}
1002
{
1070
     5
1000
1859742
1002
}
  0
LINE
  5
490
330
45C
100
AcDbEntity
  8
P-SANR-FIXT
100
AcDbLine
 10
22588.11505206019
 20
30120.9752484742
 30
0.0
 11
22659.09956675199
 21
30120.9752484742
 31
0.0
1001
REVIT
1002
{
1070
     1
1000
1890495
1002
}
1002
{
1070
     5
1000
1859742
1002
}
  0
ARC
  5
491
330
45C
100
AcDbEntity
  8
P-SANR-FIXT
100
AcDbCircle
 10
22913.00731517825
 20
30615.12082311674
 30
0.0
 40
12.0
100
AcDbArc
 50
269.9999999999997
 51
0.0
1001
REVIT
1002
{
1070
     1
1000
1890495
1002
}
1002
{
1070
     5
1000
1859742
1002
}
  0
ARC
  5
492
330
45C
100
AcDbEntity
  8
P-SANR-FIXT
100
AcDbCircle
 10
22913.00731517825
 20
30631.12082311675
 30
0.0
 40
12.0
100
AcDbArc
 50
0.0
 51
90.0
1001
REVIT
1002
{
1070
     1
1000
1890495
1002
}
1002
{
1070
     5
1000
1859742
1002
}
  0
ARC
  5
493
330
45C
100
AcDbEntity
  8
P-SANR-FIXT
100
AcDbCircle
 10
22617.04904188846
 20
30615.16254982695
 30
0.0
 40
12.04172671020569
100
AcDbArc
 50
180.0
 51
269.9999999999997
1001
REVIT
1002
{
1070
     1
1000
1890495
1002
}
1002
{
1070
     5
1000
1859742
1002
}
  0
ARC
  5
494
330
45C
100
AcDbEntity
  8
P-SANR-FIXT
100
AcDbCircle
 10
22617.00731517825
 20
30631.12082311674
 30
0.0
 40
12.0
100
AcDbArc
 50
90.0
 51
180.0
1001
REVIT
1002
{
1070
     1
1000
1890495
1002
}
1002
{
1070
     5
1000
1859742
1002
}
  0
LINE
  5
495
330
45C
100
AcDbEntity
  8
P-SANR-FIXT
100
AcDbLine
 10
22925.00731517825
 20
30631.12082311675
 30
0.0
 11
22925.00731517825
 21
30615.12082311674
 31
0.0
1001
REVIT
1002
{
1070
     1
1000
1890495
1002
}
1002
{
1070
     5
1000
1859742
1002
}
  0
LINE
  5
496
330
45C
100
AcDbEntity
  8
P-SANR-FIXT
100
AcDbLine
 10
22605.00731517825
 20
30631.12082311674
 30
0.0
 11
22605.00731517825
 21
30615.16254982695
 31
0.0
1001
REVIT
1002
{
1070
     1
1000
1890495
1002
}
1002
{
1070
     5
1000
1859742
1002
}
  0
LINE
  5
497
330
45C
100
AcDbEntity
  8
P-SANR-FIXT
100
AcDbLine
 10
22913.00731517825
 20
30603.12082311674
 30
0.0
 11
22617.04904188846
 21
30603.12082311674
 31
0.0
1001
REVIT
1002
{
1070
     1
1000
1890495
1002
}
1002
{
1070
     5
1000
1859742
1002
}
  0
LINE
  5
498
330
45C
100
AcDbEntity
  8
P-SANR-FIXT
100
AcDbLine
 10
22617.00731517825
 20
30643.12082311674
 30
0.0
 11
22913.00731517825
 21
30643.12082311674
 31
0.0
1001
REVIT
1002
{
1070
     1
1000
1890495
1002
}
1002
{
1070
     5
1000
1859742
1002
}
  0
ENDBLK
  5
49A
330
45C
100
AcDbEntity
  8
0
100
AcDbBlockEnd
  0
BLOCK
  5
4A6
330
49C
100
AcDbEntity
  8
0
100
AcDbBlockBegin
  2
Downpipe - 450 Eave-1977526-rhs
 70
     0
 10
0.0
 20
0.0
 30
0.0
  3
Downpipe - 450 Eave-1977526-rhs
  1

  0
LINE
  5
49D
330
49C
100
AcDbEntity
  8
A-GENM
100
AcDbLine
 10
18081.96338393944
 20
36590.00000000005
 30
0.0
 11
18081.96338393944
 21
37700.07428768044
 31
0.0
1001
REVIT
1002
{
1070
     1
1000
1905191
1002
}
1002
{
1070
     5
1000
1893368
1002
}
1002
{
1070
     3
1000
1893352
1002
}
  0
LINE
  5
49E
330
49C
100
AcDbEntity
  8
A-GENM
100
AcDbLine
 10
18001.96338393944
 20
37773.38078160183
 30
0.0
 11
18001.96338393944
 21
36590.00000000005
 31
0.0
1001
REVIT
1002
{
1070
     1
1000
1905191
1002
}
1002
{
1070
     5
1000
1893368
1002
}
1002
{
1070
     3
1000
1893352
1002
}
  0
LINE
  5
49F
330
49C
100
AcDbEntity
  8
A-GENM
100
AcDbLine
 10
18081.96338393944
 20
37700.07428768044
 30
0.0
 11
18591.96338393945
 21
37744.69350607865
 31
0.0
1001
REVIT
1002
{
1070
     1
1000
1905191
1002
}
1002
{
1070
     5
1000
1893368
1002
}
1002
{
1070
     3
1000
1893352
1002
}
  0
LINE
  5
4A0
330
49C
100
AcDbEntity
  8
A-GENM
100
AcDbLine
 10
18511.96338393945
 20
37818.00000000005
 30
0.0
 11
18001.96338393944
 21
37773.38078160183
 31
0.0
1001
REVIT
1002
{
1070
     1
1000
1905191
1002
}
1002
{
1070
     5
1000
1893368
1002
}
1002
{
1070
     3
1000
1893352
1002
}
  0
LINE
  5
4A1
330
49C
100
AcDbEntity
  8
A-GENM
100
AcDbLine
 10
18591.96338393945
 20
37744.69350607865
 30
0.0
 11
18591.96338393945
 21
37891.75091716957
 31
0.0
1001
REVIT
1002
{
1070
     1
1000
1905191
1002
}
1002
{
1070
     5
1000
1893368
1002
}
1002
{
1070
     3
1000
1893352
1002
}
  0
LINE
  5
4A2
330
49C
100
AcDbEntity
  8
A-GENM
100
AcDbLine
 10
18511.96338393945
 20
37898.75001025164
 30
0.0
 11
18511.96338393945
 21
37818.00000000005
 31
0.0
1001
REVIT
1002
{
1070
     1
1000
1905191
1002
}
1002
{
1070
     5
1000
1893368
1002
}
1002
{
1070
     3
1000
1893352
1002
}
  0
LINE
  5
4A3
330
49C
100
AcDbEntity
  8
A-GENM
100
AcDbLine
 10
18002.61966324138
 20
36590.0
 30
0.0
 11
18080.600416991
 21
36590.0
 31
0.0
1001
REVIT
1002
{
1070
     1
1000
1905191
1002
}
1002
{
1070
     5
1000
1893368
1002
}
1002
{
1070
     3
1000
1893352
1002
}
  0
SPLINE
  5
4A4
330
49C
100
AcDbEntity
  8
A-GENM
100
AcDbSpline
210
0.0
220
0.0
230
1.0
 70
     8
 71
     3
 72
    40
 73
    36
 74
     0
 42
0.000000001
 43
0.0000000001
 40
0.0
 40
0.0
 40
0.0
 40
0.0
 40
0.0833333333333333
 40
0.125
 40
0.1666666666666667
 40
0.2083333333333333
 40
0.2291666666666667
 40
0.25
 40
0.2916666666666666
 40
0.3333333333333333
 40
0.3541666666666666
 40
0.375
 40
0.3958333333333334
 40
0.4166666666666667
 40
0.4375
 40
0.4583333333333334
 40
0.4791666666666667
 40
0.5
 40
0.5208333333333334
 40
0.5416666666666667
 40
0.5625
 40
0.5833333333333334
 40
0.6041666666666667
 40
0.625
 40
0.6458333333333333
 40
0.6666666666666666
 40
0.6875
 40
0.7083333333333333
 40
0.75
 40
0.7708333333333334
 40
0.7916666666666667
 40
0.8333333333333334
 40
0.875
 40
0.9166666666666666
 40
1.0
 40
1.0
 40
1.0
 40
1.0
 10
18081.96338393944
 20
37700.07428768039
 30
0.0
 10
18081.96338393944
 20
37700.08847308947
 30
0.0
 10
18081.27357319241
 20
37700.69950363884
 30
0.0
 10
18079.02416767252
 20
37702.77431992533
 30
0.0
 10
18076.70349893684
 20
37704.89285496104
 30
0.0
 10
18074.27411409367
 20
37707.11848422866
 30
0.0
 10
18072.05844749729
 20
37709.16338363929
 30
0.0
 10
18069.67101083136
 20
37711.33052955275
 30
0.0
 10
18066.38349283486
 20
37714.35494326902
 30
0.0
 10
18062.747716163
 20
37717.6891122047
 30
0.0
 10
18059.66756415795
 20
37720.49134285996
 30
0.0
 10
18057.28165449566
 20
37722.69271822647
 30
0.0
 10
18054.8301452637
 20
37724.95266311227
 30
0.0
 10
18052.32353975895
 20
37727.23401924205
 30
0.0
 10
18049.77257016175
 20
37729.55711749637
 30
0.0
 10
18047.18816051458
 20
37731.94046656582
 30
0.0
 10
18044.5813775494
 20
37734.34411397344
 30
0.0
 10
18041.96338393968
 20
37736.72753470263
 30
0.0
 10
18039.34539032851
 20
37739.11095506252
 30
0.0
 10
18036.73860736768
 20
37741.51460357816
 30
0.0
 10
18034.15419770459
 20
37743.89794858478
 30
0.0
 10
18031.60322816672
 20
37746.22106198241
 30
0.0
 10
18029.09662244056
 20
37748.50236160174
 30
0.0
 10
18026.64511403493
 20
37750.7625173861
 30
0.0
 10
18024.25920128873
 20
37752.96310566887
 30
0.0
 10
18021.94909879422
 20
37755.06771609662
 30
0.0
 10
18019.72470717104
 20
37757.09097867325
 30
0.0
 10
18016.88579125439
 20
37759.71006465086
 30
0.0
 10
18014.25575388424
 20
37762.12373238262
 30
0.0
 10
18011.86832096493
 20
37764.29183452625
 30
0.0
 10
18009.65265344843
 20
37766.33649910026
 30
0.0
 10
18007.22326905631
 20
37768.56224348387
 30
0.0
 10
18004.90260017629
 20
37770.68074168245
 30
0.0
 10
18002.65319470452
 20
37772.75557024799
 30
0.0
 10
18001.96338393944
 20
37773.36659619268
 30
0.0
 10
18001.96338393944
 20
37773.38078160179
 30
0.0
1001
REVIT
1002
{
1070
     1
1000
1905191
1002
}
1002
{
1070
     5
1000
1893368
1002
}
1002
{
1070
     3
1000
1893352
1002
}
  0
SPLINE
  5
4A5
330
49C
100
AcDbEntity
  8
A-GENM
100
AcDbSpline
210
0.0
220
0.0
230
1.0
 70
     8
 71
     3
 72
    40
 73
    36
 74
     0
 42
0.000000001
 43
0.0000000001
 40
0.0
 40
0.0
 40
0.0
 40
0.0
 40
0.0833333333333333
 40
0.125
 40
0.1666666666666667
 40
0.2083333333333333
 40
0.2291666666666667
 40
0.25
 40
0.2916666666666666
 40
0.3333333333333333
 40
0.3541666666666666
 40
0.375
 40
0.3958333333333334
 40
0.4166666666666667
 40
0.4375
 40
0.4583333333333334
 40
0.4791666666666667
 40
0.5
 40
0.5208333333333334
 40
0.5416666666666667
 40
0.5625
 40
0.5833333333333334
 40
0.6041666666666667
 40
0.625
 40
0.6458333333333333
 40
0.6666666666666666
 40
0.6875
 40
0.7083333333333333
 40
0.75
 40
0.7708333333333334
 40
0.7916666666666667
 40
0.8333333333333334
 40
0.875
 40
0.9166666666666666
 40
1.0
 40
1.0
 40
1.0
 40
1.0
 10
18591.96338393945
 20
37744.69350607862
 30
0.0
 10
18591.94925251013
 20
37744.69226973875
 30
0.0
 10
18591.28042614847
 20
37745.32620072627
 30
0.0
 10
18589.01745655554
 20
37747.38621442451
 30
0.0
 10
18586.7047235779
 20
37749.51340982046
 30
0.0
 10
18584.27582866115
 20
37751.73957374896
 30
0.0
 10
18582.04560264227
 20
37753.76858433801
 30
0.0
 10
18579.6786245574
 20
37755.95805687492
 30
0.0
 10
18576.37919357568
 20
37758.96946984911
 30
0.0
 10
18572.74083334307
 20
37762.300819323
 30
0.0
 10
18569.68081308569
 20
37765.12501992566
 30
0.0
 10
18567.27986888832
 20
37767.30998797621
 30
0.0
 10
18564.81486066713
 20
37769.55520130031
 30
0.0
 10
18562.32372072165
 20
37771.8534351264
 30
0.0
 10
18559.78713090758
 20
37774.19222616028
 30
0.0
 10
18557.18760505852
 20
37776.55907879011
 30
0.0
 10
18554.56590814949
 20
37778.946450484
 30
0.0
 10
18551.96338387814
 20
37781.3467530337
 30
0.0
 10
18549.36085997462
 20
37783.74705561705
 30
0.0
 10
18546.73916196214
 20
37786.13442721001
 30
0.0
 10
18544.13964015907
 20
37788.50128020982
 30
0.0
 10
18541.60303526447
 20
37790.84006986476
 30
0.0
 10
18539.11195159512
 20
37793.13830883662
 30
0.0
 10
18536.64673334993
 20
37795.38350295655
 30
0.0
 10
18534.24657297241
 20
37797.56854267812
 30
0.0
 10
18531.94863252401
 20
37799.6864256502
 30
0.0
 10
18529.73920056824
 20
37801.72601383904
 30
0.0
 10
18526.88265317819
 20
37804.32585843986
 30
0.0
 10
18524.24894732043
 20
37806.73552271985
 30
0.0
 10
18521.88101697066
 20
37808.92490818344
 30
0.0
 10
18519.65102481459
 20
37810.95394015649
 30
0.0
 10
18517.22201525921
 20
37813.18009360269
 30
0.0
 10
18514.90931896593
 20
37815.30729235293
 30
0.0
 10
18512.64633714488
 20
37817.36730493306
 30
0.0
 10
18511.97751536876
 20
37818.00123633986
 30
0.0
 10
18511.96338393945
 20
37818.00000000001
 30
0.0
1001
REVIT
1002
{
1070
     1
1000
1905191
1002
}
1002
{
1070
     5
1000
1893368
1002
}
1002
{
1070
     3
1000
1893352
1002
}
  0
ENDBLK
  5
4A7
330
49C
100
AcDbEntity
  8
0
100
AcDbBlockEnd
  0
BLOCK
  5
4B1
330
4A9
100
AcDbEntity
  8
0
100
AcDbBlockBegin
  2
Downpipe - 450 Eave-1917949-rhs
 70
     0
 10
0.0
 20
0.0
 30
0.0
  3
Downpipe - 450 Eave-1917949-rhs
  1

  0
LINE
  5
4AA
330
4A9
100
AcDbEntity
  8
A-GENM
100
AcDbLine
 10
28379.46338208724
 20
28590.00000000001
 30
0.0
 11
28379.46338208724
 21
35020.07428768042
 31
0.0
1001
REVIT
1002
{
1070
     1
1000
1906553
1002
}
1002
{
1070
     5
1000
1893368
1002
}
1002
{
1070
     3
1000
1893352
1002
}
  0
LINE
  5
4AB
330
4A9
100
AcDbEntity
  8
A-GENM
100
AcDbLine
 10
28379.46338208724
 20
35020.07428768043
 30
0.0
 11
28889.46338208725
 21
35064.69350607864
 31
0.0
1001
REVIT
1002
{
1070
     1
1000
1906553
1002
}
1002
{
1070
     5
1000
1893368
1002
}
1002
{
1070
     3
1000
1893352
1002
}
  0
LINE
  5
4AC
330
4A9
100
AcDbEntity
  8
A-GENM
100
AcDbLine
 10
28809.46338208724
 20
35138.00000000005
 30
0.0
 11
28299.46338208724
 21
35093.38078160183
 31
0.0
1001
REVIT
1002
{
1070
     1
1000
1906553
1002
}
1002
{
1070
     5
1000
1893368
1002
}
1002
{
1070
     3
1000
1893352
1002
}
  0
LINE
  5
4AD
330
4A9
100
AcDbEntity
  8
A-GENM
100
AcDbLine
 10
28889.46338208725
 20
35064.69350607864
 30
0.0
 11
28889.46338208725
 21
35212.26655132193
 31
0.0
1001
REVIT
1002
{
1070
     1
1000
1906553
1002
}
1002
{
1070
     5
1000
1893368
1002
}
1002
{
1070
     3
1000
1893352
1002
}
  0
LINE
  5
4AE
330
4A9
100
AcDbEntity
  8
A-GENM
100
AcDbLine
 10
28809.46338208724
 20
35219.26564440401
 30
0.0
 11
28809.46338208724
 21
35138.00000000004
 31
0.0
1001
REVIT
1002
{
1070
     1
1000
1906553
1002
}
1002
{
1070
     5
1000
1893368
1002
}
1002
{
1070
     3
1000
1893352
1002
}
  0
SPLINE
  5
4AF
330
4A9
100
AcDbEntity
  8
A-GENM
100
AcDbSpline
210
0.0
220
0.0
230
1.0
 70
     8
 71
     3
 72
    40
 73
    36
 74
     0
 42
0.000000001
 43
0.0000000001
 40
0.0
 40
0.0
 40
0.0
 40
0.0
 40
0.0833333333333333
 40
0.125
 40
0.1666666666666667
 40
0.2083333333333333
 40
0.2291666666666667
 40
0.25
 40
0.2916666666666666
 40
0.3333333333333333
 40
0.3541666666666666
 40
0.375
 40
0.3958333333333334
 40
0.4166666666666667
 40
0.4375
 40
0.4583333333333334
 40
0.4791666666666667
 40
0.5
 40
0.5208333333333334
 40
0.5416666666666667
 40
0.5625
 40
0.5833333333333334
 40
0.6041666666666667
 40
0.625
 40
0.6458333333333333
 40
0.6666666666666666
 40
0.6875
 40
0.7083333333333333
 40
0.75
 40
0.7708333333333334
 40
0.7916666666666667
 40
0.8333333333333334
 40
0.875
 40
0.9166666666666666
 40
1.0
 40
1.0
 40
1.0
 40
1.0
 10
28379.46338208722
 20
35020.07428768039
 30
0.0
 10
28379.46338208722
 20
35020.08847308946
 30
0.0
 10
28378.77357134019
 20
35020.69950363884
 30
0.0
 10
28376.5241658203
 20
35022.77431992531
 30
0.0
 10
28374.20349708462
 20
35024.89285496102
 30
0.0
 10
28371.77411224145
 20
35027.11848422867
 30
0.0
 10
28369.55844564508
 20
35029.16338363928
 30
0.0
 10
28367.17100897914
 20
35031.33052955275
 30
0.0
 10
28363.88349098265
 20
35034.35494326901
 30
0.0
 10
28360.24771431078
 20
35037.6891122047
 30
0.0
 10
28357.16756230574
 20
35040.49134285996
 30
0.0
 10
28354.78165264344
 20
35042.69271822645
 30
0.0
 10
28352.33014341148
 20
35044.95266311227
 30
0.0
 10
28349.82353790673
 20
35047.23401924204
 30
0.0
 10
28347.27256830953
 20
35049.55711749637
 30
0.0
 10
28344.68815866236
 20
35051.94046656582
 30
0.0
 10
28342.08137569719
 20
35054.34411397344
 30
0.0
 10
28339.46338208746
 20
35056.72753470265
 30
0.0
 10
28336.8453884763
 20
35059.1109550625
 30
0.0
 10
28334.23860551547
 20
35061.51460357817
 30
0.0
 10
28331.65419585238
 20
35063.89794858476
 30
0.0
 10
28329.10322631451
 20
35066.22106198244
 30
0.0
 10
28326.59662058834
 20
35068.50236160172
 30
0.0
 10
28324.14511218272
 20
35070.76251738609
 30
0.0
 10
28321.75919943652
 20
35072.96310566886
 30
0.0
 10
28319.449096942
 20
35075.06771609663
 30
0.0
 10
28317.22470531882
 20
35077.09097867323
 30
0.0
 10
28314.38578940217
 20
35079.71006465086
 30
0.0
 10
28311.75575203202
 20
35082.12373238262
 30
0.0
 10
28309.36831911271
 20
35084.29183452626
 30
0.0
 10
28307.15265159622
 20
35086.33649910023
 30
0.0
 10
28304.72326720409
 20
35088.5622434839
 30
0.0
 10
28302.40259832407
 20
35090.68074168248
 30
0.0
 10
28300.1531928523
 20
35092.75557024796
 30
0.0
 10
28299.46338208722
 20
35093.3665961927
 30
0.0
 10
28299.46338208722
 20
35093.38078160177
 30
0.0
1001
REVIT
1002
{
1070
     1
1000
1906553
1002
}
1002
{
1070
     5
1000
1893368
1002
}
1002
{
1070
     3
1000
1893352
1002
}
  0
SPLINE
  5
4B0
330
4A9
100
AcDbEntity
  8
A-GENM
100
AcDbSpline
210
0.0
220
0.0
230
1.0
 70
     8
 71
     3
 72
    40
 73
    36
 74
     0
 42
0.000000001
 43
0.0000000001
 40
0.0
 40
0.0
 40
0.0
 40
0.0
 40
0.0833333333333333
 40
0.125
 40
0.1666666666666667
 40
0.2083333333333333
 40
0.2291666666666667
 40
0.25
 40
0.2916666666666666
 40
0.3333333333333333
 40
0.3541666666666666
 40
0.375
 40
0.3958333333333334
 40
0.4166666666666667
 40
0.4375
 40
0.4583333333333334
 40
0.4791666666666667
 40
0.5
 40
0.5208333333333334
 40
0.5416666666666667
 40
0.5625
 40
0.5833333333333334
 40
0.6041666666666667
 40
0.625
 40
0.6458333333333333
 40
0.6666666666666666
 40
0.6875
 40
0.7083333333333333
 40
0.75
 40
0.7708333333333334
 40
0.7916666666666667
 40
0.8333333333333334
 40
0.875
 40
0.9166666666666666
 40
1.0
 40
1.0
 40
1.0
 40
1.0
 10
28889.46338208723
 20
35064.69350607861
 30
0.0
 10
28889.44925065791
 20
35064.69226973874
 30
0.0
 10
28888.78042429625
 20
35065.32620072626
 30
0.0
 10
28886.51745470332
 20
35067.38621442451
 30
0.0
 10
28884.20472172569
 20
35069.51340982045
 30
0.0
 10
28881.77582680893
 20
35071.73957374894
 30
0.0
 10
28879.54560079006
 20
35073.768584338
 30
0.0
 10
28877.17862270518
 20
35075.95805687492
 30
0.0
 10
28873.87919172347
 20
35078.96946984912
 30
0.0
 10
28870.24083149085
 20
35082.30081932302
 30
0.0
 10
28867.18081123347
 20
35085.12501992565
 30
0.0
 10
28864.77986703611
 20
35087.3099879762
 30
0.0
 10
28862.31485881491
 20
35089.55520130033
 30
0.0
 10
28859.82371886943
 20
35091.85343512638
 30
0.0
 10
28857.28712905536
 20
35094.19222616028
 30
0.0
 10
28854.6876032063
 20
35096.55907879012
 30
0.0
 10
28852.06590629727
 20
35098.94645048402
 30
0.0
 10
28849.46338202593
 20
35101.3467530337
 30
0.0
 10
28846.8608581224
 20
35103.74705561705
 30
0.0
 10
28844.23916010992
 20
35106.13442720999
 30
0.0
 10
28841.63963830686
 20
35108.50128020982
 30
0.0
 10
28839.10303341226
 20
35110.84006986478
 30
0.0
 10
28836.6119497429
 20
35113.13830883664
 30
0.0
 10
28834.14673149771
 20
35115.38350295653
 30
0.0
 10
28831.74657112019
 20
35117.56854267812
 30
0.0
 10
28829.44863067179
 20
35119.68642565021
 30
0.0
 10
28827.23919871603
 20
35121.72601383904
 30
0.0
 10
28824.38265132597
 20
35124.32585843985
 30
0.0
 10
28821.74894546821
 20
35126.73552271986
 30
0.0
 10
28819.38101511844
 20
35128.92490818344
 30
0.0
 10
28817.15102296237
 20
35130.95394015649
 30
0.0
 10
28814.72201340699
 20
35133.18009360269
 30
0.0
 10
28812.40931711372
 20
35135.30729235291
 30
0.0
 10
28810.14633529266
 20
35137.36730493306
 30
0.0
 10
28809.47751351655
 20
35138.00123633985
 30
0.0
 10
28809.46338208723
 20
35138.0
 30
0.0
1001
REVIT
1002
{
1070
     1
1000
1906553
1002
}
1002
{
1070
     5
1000
1893368
1002
}
1002
{
1070
     3
1000
1893352
1002
}
  0
ENDBLK
  5
4B2
330
4A9
100
AcDbEntity
  8
0
100
AcDbBlockEnd
  0
BLOCK
  5
4B7
330
4B4
100
AcDbEntity
  8
0
100
AcDbBlockBegin
  2
Downpipe - 450 Eave-1907595-rhs
 70
     0
 10
0.0
 20
0.0
 30
0.0
  3
Downpipe - 450 Eave-1907595-rhs
  1

  0
LINE
  5
4B5
330
4B4
100
AcDbEntity
  8
A-GENM
100
AcDbLine
 10
16062.00899823927
 20
35090.00000000005
 30
0.0
 11
16062.00899823927
 21
28590.00000000003
 31
0.0
1001
REVIT
1002
{
1070
     1
1000
1907391
1002
}
1002
{
1070
     5
1000
1893368
1002
}
1002
{
1070
     3
1000
1893352
1002
}
  0
LINE
  5
4B6
330
4B4
100
AcDbEntity
  8
A-GENM
100
AcDbLine
 10
16142.00899823927
 20
28590.00000000003
 30
0.0
 11
16142.00899823927
 21
35090.00000000005
 31
0.0
1001
REVIT
1002
{
1070
     1
1000
1907391
1002
}
1002
{
1070
     5
1000
1893368
1002
}
1002
{
1070
     3
1000
1893352
1002
}
  0
ENDBLK
  5
4B8
330
4B4
100
AcDbEntity
  8
0
100
AcDbBlockEnd
  0
BLOCK
  5
4BD
330
4BA
100
AcDbEntity
  8
0
100
AcDbBlockBegin
  2
Downpipe - 450 Eave-1907690-rhs
 70
     0
 10
0.0
 20
0.0
 30
0.0
  3
Downpipe - 450 Eave-1907690-rhs
  1

  0
LINE
  5
4BB
330
4BA
100
AcDbEntity
  8
A-GENM
100
AcDbLine
 10
8124.463382628386
 20
35090.00000000005
 30
0.0
 11
8124.463382628386
 21
32040.00000000008
 31
0.0
1001
REVIT
1002
{
1070
     1
1000
1907666
1002
}
1002
{
1070
     5
1000
1893368
1002
}
1002
{
1070
     3
1000
1893352
1002
}
  0
LINE
  5
4BC
330
4BA
100
AcDbEntity
  8
A-GENM
100
AcDbLine
 10
8204.463382628388
 20
32040.00000000008
 30
0.0
 11
8204.463382628388
 21
35090.00000000005
 31
0.0
1001
REVIT
1002
{
1070
     1
1000
1907666
1002
}
1002
{
1070
     5
1000
1893368
1002
}
1002
{
1070
     3
1000
1893352
1002
}
  0
ENDBLK
  5
4BE
330
4BA
100
AcDbEntity
  8
0
100
AcDbBlockEnd
  0
BLOCK
  5
4C1
330
4C0
100
AcDbEntity
  8
0
100
AcDbBlockBegin
  2
Solar Panel_ Face Based - Solar Panel_ Face Based-1931305-rhs
 70
     0
 10
0.0
 20
0.0
 30
0.0
  3
Solar Panel_ Face Based - Solar Panel_ Face Based-1931305-rhs
  1

  0
ENDBLK
  5
4C2
330
4C0
100
AcDbEntity
  8
0
100
AcDbBlockEnd
  0
BLOCK
  5
4CE
330
4C5
100
AcDbEntity
  8
0
100
AcDbBlockBegin
  2
Solar Panel_ Face Based - Solar Panel_ Face Based-V2-rhs
 70
     0
 10
0.0
 20
0.0
 30
0.0
  3
Solar Panel_ Face Based - Solar Panel_ Face Based-V2-rhs
  1

  0
HATCH
  5
4CB
330
4C5
100
AcDbEntity
  8
E-ELEC-FIXT
100
AcDbHatch
 10
0.0
 20
0.0
 30
0.0
210
0.0
220
0.0
230
1.0
  2
FP_3
 70
     0
 71
     0
 91
        1
 92
        1
 93
        5
 72
     1
 10
18214.45632658053
 20
38126.54629243573
 11
18218.81411371792
 21
38176.35602734032
 72
     1
 10
18218.81411371792
 20
38176.35602734032
 11
16465.51144507644
 21
38329.75013457619
 72
     1
 10
16465.51144507644
 20
38329.75013457619
 11
16461.15365793906
 21
38279.9403996716
 72
     1
 10
16461.15365793906
 20
38279.9403996716
 11
17360.18079248514
 21
38201.28571719663
 72
     1
 10
17360.18079248514
 20
38201.28571719663
 11
18214.45632658053
 21
38126.54629243573
 97
        0
 75
     0
 76
     2
 52
0.0
 41
1.0
 77
     0
 78
     2
 53
0.0
 43
17793.881
 44
1200.0
 45
0.0
 46
300.0
 79
     0
 53
90.0
 43
17793.881
 44
1200.0
 45
-300.0
 46
0.0000000000000184
 79
     0
 98
        1
 10
0.0
 20
0.0
1001
REVIT
1002
{
1070
     1
1000
1931648
1002
}
1002
{
1070
     5
1000
1931305
1002
}
  0
LINE
  5
4CC
330
4C5
100
AcDbEntity
  8
E-ELEC-FIXT
100
AcDbLine
 10
16465.51144507644
 20
38329.75013457614
 30
0.0
 11
18218.81411371792
 21
38176.35602734026
 31
0.0
1001
REVIT
1002
{
1070
     1
1000
1931648
1002
}
1002
{
1070
     5
1000
1931305
1002
}
  0
LINE
  5
4CD
330
4C5
100
AcDbEntity
  8
E-ELEC-FIXT
100
AcDbLine
 10
18214.45632658053
 20
38126.54629243568
 30
0.0
 11
18218.81411371792
 21
38176.35602734026
 31
0.0
1001
REVIT
1002
{
1070
     1
1000
1931648
1002
}
1002
{
1070
     5
1000
1931305
1002
}
  0
ENDBLK
  5
4CF
330
4C5
100
AcDbEntity
  8
0
100
AcDbBlockEnd
  0
BLOCK
  5
4E0
330
4D6
100
AcDbEntity
  8
0
100
AcDbBlockBegin
  2
Solar Panel_ Face Based - Solar Panel_ Face Based-V3-rhs
 70
     0
 10
0.0
 20
0.0
 30
0.0
  3
Solar Panel_ Face Based - Solar Panel_ Face Based-V3-rhs
  1

  0
HATCH
  5
4DC
330
4D6
100
AcDbEntity
  8
E-ELEC-FIXT
100
AcDbHatch
 10
0.0
 20
0.0
 30
0.0
210
0.0
220
0.0
230
1.0
  2
FP_3
 70
     0
 71
     0
 91
        1
 92
        1
 93
        5
 72
     1
 10
16461.15365793905
 20
38279.9403996716
 11
16465.51144507644
 21
38329.75013457619
 72
     1
 10
16465.51144507644
 20
38329.75013457619
 11
14712.20877643496
 21
38483.14424181205
 72
     1
 10
14712.20877643496
 20
38483.14424181205
 11
14707.85098929757
 21
38433.33450690747
 72
     1
 10
14707.85098929757
 20
38433.33450690747
 11
15646.24223177245
 21
38351.23591123892
 72
     1
 10
15646.24223177245
 20
38351.23591123892
 11
16461.15365793905
 21
38279.9403996716
 97
        0
 75
     0
 76
     2
 52
0.0
 41
1.0
 77
     0
 78
     2
 53
0.0
 43
17793.881
 44
1200.0
 45
0.0
 46
300.0
 79
     0
 53
90.0
 43
17793.881
 44
1200.0
 45
-300.0
 46
0.0000000000000184
 79
     0
 98
        1
 10
0.0
 20
0.0
1001
REVIT
1002
{
1070
     1
1000
1931811
1002
}
1002
{
1070
     5
1000
1931305
1002
}
  0
LINE
  5
4DD
330
4D6
100
AcDbEntity
  8
E-ELEC-FIXT
100
AcDbLine
 10
14712.20877643496
 20
38483.14424181201
 30
0.0
 11
16465.51144507644
 21
38329.75013457614
 31
0.0
1001
REVIT
1002
{
1070
     1
1000
1931811
1002
}
1002
{
1070
     5
1000
1931305
1002
}
  0
LINE
  5
4DE
330
4D6
100
AcDbEntity
  8
E-ELEC-FIXT
100
AcDbLine
 10
14707.85098929758
 20
38433.33450690742
 30
0.0
 11
14712.20877643496
 21
38483.14424181201
 31
0.0
1001
REVIT
1002
{
1070
     1
1000
1931811
1002
}
1002
{
1070
     5
1000
1931305
1002
}
  0
LINE
  5
4DF
330
4D6
100
AcDbEntity
  8
E-ELEC-FIXT
100
AcDbLine
 10
16461.15365793905
 20
38279.94039967155
 30
0.0
 11
16465.51144507644
 21
38329.75013457614
 31
0.0
1001
REVIT
1002
{
1070
     1
1000
1931811
1002
}
1002
{
1070
     5
1000
1931305
1002
}
  0
ENDBLK
  5
4E1
330
4D6
100
AcDbEntity
  8
0
100
AcDbBlockEnd
  0
BLOCK
  5
4F2
330
4E8
100
AcDbEntity
  8
0
100
AcDbBlockBegin
  2
Solar Panel_ Face Based - Solar Panel_ Face Based-V4-rhs
 70
     0
 10
0.0
 20
0.0
 30
0.0
  3
Solar Panel_ Face Based - Solar Panel_ Face Based-V4-rhs
  1

  0
HATCH
  5
4EE
330
4E8
100
AcDbEntity
  8
E-ELEC-FIXT
100
AcDbHatch
 10
0.0
 20
0.0
 30
0.0
210
0.0
220
0.0
230
1.0
  2
FP_3
 70
     0
 71
     0
 91
        1
 92
        1
 93
        5
 72
     1
 10
14707.85098929757
 20
38433.33450690747
 11
14712.20877643495
 21
38483.14424181205
 72
     1
 10
14712.20877643495
 20
38483.14424181205
 11
12958.90610779347
 21
38636.53834904792
 72
     1
 10
12958.90610779347
 20
38636.53834904792
 11
12954.5483206561
 21
38586.72861414334
 72
     1
 10
12954.5483206561
 20
38586.72861414334
 11
13932.30367105976
 21
38501.1861052812
 72
     1
 10
13932.30367105976
 20
38501.1861052812
 11
14707.85098929757
 21
38433.33450690747
 97
        0
 75
     0
 76
     2
 52
0.0
 41
1.0
 77
     0
 78
     2
 53
0.0
 43
17793.881
 44
1200.0
 45
0.0
 46
300.0
 79
     0
 53
90.0
 43
17793.881
 44
1200.0
 45
-300.0
 46
0.0000000000000184
 79
     0
 98
        1
 10
0.0
 20
0.0
1001
REVIT
1002
{
1070
     1
1000
1931959
1002
}
1002
{
1070
     5
1000
1931305
1002
}
  0
LINE
  5
4EF
330
4E8
100
AcDbEntity
  8
E-ELEC-FIXT
100
AcDbLine
 10
12958.90610779348
 20
38636.53834904788
 30
0.0
 11
14712.20877643496
 21
38483.14424181201
 31
0.0
1001
REVIT
1002
{
1070
     1
1000
1931959
1002
}
1002
{
1070
     5
1000
1931305
1002
}
  0
LINE
  5
4F0
330
4E8
100
AcDbEntity
  8
E-ELEC-FIXT
100
AcDbLine
 10
12954.5483206561
 20
38586.72861414329
 30
0.0
 11
12958.90610779348
 21
38636.53834904788
 31
0.0
1001
REVIT
1002
{
1070
     1
1000
1931959
1002
}
1002
{
1070
     5
1000
1931305
1002
}
  0
LINE
  5
4F1
330
4E8
100
AcDbEntity
  8
E-ELEC-FIXT
100
AcDbLine
 10
14707.85098929757
 20
38433.33450690743
 30
0.0
 11
14712.20877643496
 21
38483.14424181201
 31
0.0
1001
REVIT
1002
{
1070
     1
1000
1931959
1002
}
1002
{
1070
     5
1000
1931305
1002
}
  0
ENDBLK
  5
4F3
330
4E8
100
AcDbEntity
  8
0
100
AcDbBlockEnd
  0
BLOCK
  5
4FF
330
4F6
100
AcDbEntity
  8
0
100
AcDbBlockBegin
  2
Solar Panel_ Face Based - Solar Panel_ Face Based-V5-rhs
 70
     0
 10
0.0
 20
0.0
 30
0.0
  3
Solar Panel_ Face Based - Solar Panel_ Face Based-V5-rhs
  1

  0
HATCH
  5
4FC
330
4F6
100
AcDbEntity
  8
E-ELEC-FIXT
100
AcDbHatch
 10
0.0
 20
0.0
 30
0.0
210
0.0
220
0.0
230
1.0
  2
FP_3
 70
     0
 71
     0
 91
        1
 92
        1
 93
        5
 72
     1
 10
12954.5483206561
 20
38586.72861414333
 11
12958.90610779348
 21
38636.53834904792
 72
     1
 10
12958.90610779348
 20
38636.53834904792
 11
11205.603439152
 21
38789.93245628379
 72
     1
 10
11205.603439152
 20
38789.93245628379
 11
11201.24565201462
 21
38740.1227213792
 72
     1
 10
11201.24565201462
 20
38740.1227213792
 11
12815.67974693243
 21
38598.87804006417
 72
     1
 10
12815.67974693243
 20
38598.87804006417
 11
12954.5483206561
 21
38586.72861414333
 97
        0
 75
     0
 76
     2
 52
0.0
 41
1.0
 77
     0
 78
     2
 53
0.0
 43
17793.881
 44
1200.0
 45
0.0
 46
300.0
 79
     0
 53
90.0
 43
17793.881
 44
1200.0
 45
-300.0
 46
0.0000000000000184
 79
     0
 98
        1
 10
0.0
 20
0.0
1001
REVIT
1002
{
1070
     1
1000
1932024
1002
}
1002
{
1070
     5
1000
1931305
1002
}
  0
LINE
  5
4FD
330
4F6
100
AcDbEntity
  8
E-ELEC-FIXT
100
AcDbLine
 10
11205.60343915201
 20
38789.93245628375
 30
0.0
 11
12958.90610779349
 21
38636.53834904788
 31
0.0
1001
REVIT
1002
{
1070
     1
1000
1932024
1002
}
1002
{
1070
     5
1000
1931305
1002
}
  0
LINE
  5
4FE
330
4F6
100
AcDbEntity
  8
E-ELEC-FIXT
100
AcDbLine
 10
11201.24565201463
 20
38740.12272137917
 30
0.0
 11
11205.60343915201
 21
38789.93245628375
 31
0.0
1001
REVIT
1002
{
1070
     1
1000
1932024
1002
}
1002
{
1070
     5
1000
1931305
1002
}
  0
ENDBLK
  5
500
330
4F6
100
AcDbEntity
  8
0
100
AcDbBlockEnd
  0
BLOCK
  5
534
330
502
100
AcDbEntity
  8
0
100
AcDbBlockBegin
  2
Tap - Tap-1959228-rhs
 70
     0
 10
0.0
 20
0.0
 30
0.0
  3
Tap - Tap-1959228-rhs
  1

  0
LINE
  5
503
330
502
100
AcDbEntity
  8
P-SANR-FIXT
100
AcDbLine
 10
27272.96338208707
 20
29320.38966280241
 30
0.0
 11
27272.96338208707
 21
29294.98965069075
 31
0.0
1001
REVIT
1002
{
1070
     1
1000
1960352
1002
}
1002
{
1070
     5
1000
1959228
1002
}
  0
LINE
  5
504
330
502
100
AcDbEntity
  8
P-SANR-FIXT
100
AcDbLine
 10
27285.96338208707
 20
29294.98965069075
 30
0.0
 11
27285.96338208707
 21
29320.38966280241
 31
0.0
1001
REVIT
1002
{
1070
     1
1000
1960352
1002
}
1002
{
1070
     5
1000
1959228
1002
}
  0
LWPOLYLINE
  5
505
330
502
100
AcDbEntity
  8
P-SANR-FIXT
100
AcDbPolyline
 90
       12
 70
   128
 43
0.0
 10
27279.46338208707
 20
29335.89807363227
 10
27281.3745426769
 20
29335.69644510657
 10
27283.20155220411
 20
29335.1004375143
 10
27284.86396489453
 20
29334.13629389987
 10
27286.288582402
 20
29332.84646684948
 10
27287.41267683346
 20
29331.28774924463
 10
27288.18675274545
 20
29329.52877359245
 10
27288.57672649744
 20
29327.64699004079
 10
27288.56542700197
 20
29325.7252561404
 10
27288.15335179156
 20
29323.84818851149
 10
27287.35864511167
 20
29322.09843705616
 10
27286.21629900427
 20
29320.55304576803
1001
REVIT
1002
{
1070
     1
1000
1960352
1002
}
1002
{
1070
     5
1000
1959228
1002
}
  0
LWPOLYLINE
  5
506
330
502
100
AcDbEntity
  8
P-SANR-FIXT
100
AcDbPolyline
 90
       12
 70
   128
 43
0.0
 10
27272.63818177214
 20
29320.63288297866
 10
27271.51408734068
 20
29322.19160058351
 10
27270.74001142868
 20
29323.9505762357
 10
27270.35003767669
 20
29325.83235978736
 10
27270.36133717217
 20
29327.75409368775
 10
27270.77341238258
 20
29329.63116131665
 10
27271.56811906247
 20
29331.38091277199
 10
27272.71046516987
 20
29332.92630406012
 10
27274.14949250857
 20
29334.19881994744
 10
27275.37866034913
 20
29334.93670580366
 10
27277.4080339726
 20
29335.6644612538
 10
27279.46338208707
 20
29335.89807363227
1001
REVIT
1002
{
1070
     1
1000
1960352
1002
}
1002
{
1070
     5
1000
1959228
1002
}
  0
LWPOLYLINE
  5
507
330
502
100
AcDbEntity
  8
P-SANR-FIXT
100
AcDbPolyline
 90
       16
 70
   128
 43
0.0
 10
27279.46338208707
 20
29317.58127619589
 10
27281.3745426769
 20
29317.78290472158
 10
27283.20155220411
 20
29318.37891231384
 10
27284.86396489453
 20
29319.34305592827
 10
27286.288582402
 20
29320.63288297866
 10
27287.41267683346
 20
29322.19160058351
 10
27288.18675274545
 20
29323.9505762357
 10
27288.57672649744
 20
29325.83235978736
 10
27288.56542700197
 20
29327.75409368775
 10
27288.15335179156
 20
29329.63116131665
 10
27287.35864511167
 20
29331.38091277199
 10
27286.21629900427
 20
29332.92630406012
 10
27284.77727166557
 20
29334.19881994744
 10
27283.54810382501
 20
29334.93670580366
 10
27281.51873020154
 20
29335.6644612538
 10
27279.46338208707
 20
29335.89807363227
1001
REVIT
1002
{
1070
     1
1000
1960352
1002
}
1002
{
1070
     5
1000
1959228
1002
}
  0
LWPOLYLINE
  5
508
330
502
100
AcDbEntity
  8
P-SANR-FIXT
100
AcDbPolyline
 90
       16
 70
   128
 43
0.0
 10
27279.46338208707
 20
29335.89807363227
 10
27277.55222149723
 20
29335.69644510657
 10
27275.72521197003
 20
29335.1004375143
 10
27274.06279927961
 20
29334.13629389987
 10
27272.63818177214
 20
29332.84646684948
 10
27271.51408734067
 20
29331.28774924463
 10
27270.74001142868
 20
29329.52877359245
 10
27270.35003767669
 20
29327.64699004079
 10
27270.36133717217
 20
29325.7252561404
 10
27270.77341238258
 20
29323.84818851149
 10
27271.56811906247
 20
29322.09843705616
 10
27272.71046516987
 20
29320.55304576803
 10
27274.14949250857
 20
29319.28052988071
 10
27275.37866034913
 20
29318.54264402448
 10
27277.40803397259
 20
29317.81488857435
 10
27279.46338208707
 20
29317.58127619589
1001
REVIT
1002
{
1070
     1
1000
1960352
1002
}
1002
{
1070
     5
1000
1959228
1002
}
  0
LINE
  5
509
330
502
100
AcDbEntity
  8
P-SANR-FIXT
100
AcDbLine
 10
27294.96338208706
 20
29275.93965069075
 30
0.0
 11
27294.96338208706
 21
29294.98965069075
 31
0.0
1001
REVIT
1002
{
1070
     1
1000
1960352
1002
}
1002
{
1070
     5
1000
1959228
1002
}
  0
LINE
  5
50A
330
502
100
AcDbEntity
  8
P-SANR-FIXT
100
AcDbLine
 10
27263.96338208707
 20
29294.98965069075
 30
0.0
 11
27263.96338208707
 21
29275.93965069075
 31
0.0
1001
REVIT
1002
{
1070
     1
1000
1960352
1002
}
1002
{
1070
     5
1000
1959228
1002
}
  0
LINE
  5
50B
330
502
100
AcDbEntity
  8
P-SANR-FIXT
100
AcDbLine
 10
27299.46338208707
 20
29261.65215069075
 30
0.0
 11
27299.46338208707
 21
29263.23966280241
 31
0.0
1001
REVIT
1002
{
1070
     1
1000
1960352
1002
}
1002
{
1070
     5
1000
1959228
1002
}
  0
LINE
  5
50C
330
502
100
AcDbEntity
  8
P-SANR-FIXT
100
AcDbLine
 10
27259.46338208707
 20
29263.23966280241
 30
0.0
 11
27259.46338208707
 21
29261.65215069075
 31
0.0
1001
REVIT
1002
{
1070
     1
1000
1960352
1002
}
1002
{
1070
     5
1000
1959228
1002
}
  0
LINE
  5
50D
330
502
100
AcDbEntity
  8
P-SANR-FIXT
100
AcDbLine
 10
27285.92576076348
 20
29320.38966280237
 30
0.0
 11
27285.81333228935
 21
29320.38966280237
 31
0.0
1001
REVIT
1002
{
1070
     1
1000
1960352
1002
}
1002
{
1070
     5
1000
1959228
1002
}
  0
LINE
  5
50E
330
502
100
AcDbEntity
  8
P-SANR-FIXT
100
AcDbLine
 10
27285.92576076348
 20
29320.38966280237
 30
0.0
 11
27285.81333228935
 21
29320.38966280237
 31
0.0
1001
REVIT
1002
{
1070
     1
1000
1960352
1002
}
1002
{
1070
     5
1000
1959228
1002
}
  0
LINE
  5
50F
330
502
100
AcDbEntity
  8
P-SANR-FIXT
100
AcDbLine
 10
27273.11343188478
 20
29320.38966280237
 30
0.0
 11
27273.00100341064
 21
29320.38966280237
 31
0.0
1001
REVIT
1002
{
1070
     1
1000
1960352
1002
}
1002
{
1070
     5
1000
1959228
1002
}
  0
LINE
  5
510
330
502
100
AcDbEntity
  8
P-SANR-FIXT
100
AcDbLine
 10
27273.11343188478
 20
29320.38966280237
 30
0.0
 11
27273.00100341064
 21
29320.38966280237
 31
0.0
1001
REVIT
1002
{
1070
     1
1000
1960352
1002
}
1002
{
1070
     5
1000
1959228
1002
}
  0
SPLINE
  5
511
330
502
100
AcDbEntity
  8
P-SANR-FIXT
100
AcDbSpline
210
0.0
220
0.0
230
1.0
 70
     8
 71
     3
 72
    28
 73
    24
 74
     0
 42
0.000000001
 43
0.0000000001
 40
0.0
 40
0.0
 40
0.0
 40
0.0
 40
0.0833333333333333
 40
0.125
 40
0.1666666666666667
 40
0.2083333333333333
 40
0.25
 40
0.2916666666666666
 40
0.3125
 40
0.3333333333333333
 40
0.3541666666666666
 40
0.375
 40
0.4166666666666666
 40
0.4583333333333333
 40
0.5
 40
0.5416666666666666
 40
0.5833333333333333
 40
0.625
 40
0.6666666666666666
 40
0.7083333333333333
 40
0.75
 40
0.8333333333333334
 40
1.0
 40
1.0
 40
1.0
 40
1.0
 10
27285.81333228935
 20
29320.38966280237
 30
0.0
 10
27285.75986513348
 20
29320.32734610094
 30
0.0
 10
27285.65910425769
 20
29320.22535731269
 30
0.0
 10
27285.48709032653
 20
29320.07174762499
 30
0.0
 10
27285.33997362047
 20
29319.94892236988
 30
0.0
 10
27285.17642066935
 20
29319.81370180933
 30
0.0
 10
27284.99748443223
 20
29319.66692825063
 30
0.0
 10
27284.83530777483
 20
29319.5409052558
 30
0.0
 10
27284.69759649358
 20
29319.44031339071
 30
0.0
 10
27284.59012127191
 20
29319.36624378082
 30
0.0
 10
27284.47883877257
 20
29319.29213920167
 30
0.0
 10
27284.32600805849
 20
29319.19118044811
 30
0.0
 10
27284.12622453237
 20
29319.0637209049
 30
0.0
 10
27283.87227732854
 20
29318.91216175516
 30
0.0
 10
27283.60298200851
 20
29318.76836806007
 30
0.0
 10
27283.31916199571
 20
29318.62964135637
 30
0.0
 10
27283.02256578853
 20
29318.49302009042
 30
0.0
 10
27282.71279926406
 20
29318.36386337543
 30
0.0
 10
27282.38994147288
 20
29318.24719555743
 30
0.0
 10
27282.05413822548
 20
29318.14105938426
 30
0.0
 10
27281.591139836
 20
29318.00941045063
 30
0.0
 10
27280.74677997719
 20
29317.82599568654
 30
0.0
 10
27279.98058429765
 20
29317.76423467739
 30
0.0
 10
27279.46338208706
 20
29317.75944544093
 30
0.0
1001
REVIT
1002
{
1070
     1
1000
1960352
1002
}
1002
{
1070
     5
1000
1959228
1002
}
  0
SPLINE
  5
512
330
502
100
AcDbEntity
  8
P-SANR-FIXT
100
AcDbSpline
210
0.0
220
0.0
230
1.0
 70
     8
 71
     3
 72
    27
 73
    23
 74
     0
 42
0.000000001
 43
0.0000000001
 40
0.0
 40
0.0
 40
0.0
 40
0.0
 40
0.1666666666666667
 40
0.25
 40
0.2916666666666666
 40
0.3333333333333333
 40
0.375
 40
0.4166666666666666
 40
0.4583333333333333
 40
0.5
 40
0.5416666666666666
 40
0.5833333333333333
 40
0.625
 40
0.6666666666666666
 40
0.6875
 40
0.7083333333333333
 40
0.75
 40
0.7916666666666667
 40
0.8333333333333334
 40
0.875
 40
0.9166666666666667
 40
1.0
 40
1.0
 40
1.0
 40
1.0
 10
27279.46338208706
 20
29317.75944544093
 30
0.0
 10
27278.94617987647
 20
29317.76423467739
 30
0.0
 10
27278.17998419759
 20
29317.82599568941
 30
0.0
 10
27277.33562433723
 20
29318.0094104468
 30
0.0
 10
27276.87262595021
 20
29318.14105939097
 30
0.0
 10
27276.53682269529
 20
29318.2471955318
 30
0.0
 10
27276.2139649323
 20
29318.36386347124
 30
0.0
 10
27275.90419830258
 20
29318.4930197328
 30
0.0
 10
27275.6076024882
 20
29318.62964269104
 30
0.0
 10
27275.32378100948
 20
29318.768363079
 30
0.0
 10
27275.05449116031
 20
29318.91218034476
 30
0.0
 10
27274.80052353899
 20
29319.06365152759
 30
0.0
 10
27274.56085950673
 20
29319.21693127638
 30
0.0
 10
27274.37249917625
 20
29319.3416883339
 30
0.0
 10
27274.22916192687
 20
29319.44028860153
 30
0.0
 10
27274.09145972118
 20
29319.54091956784
 30
0.0
 10
27273.9292786133
 20
29319.66692338821
 30
0.0
 10
27273.75034380715
 20
29319.8137031121
 30
0.0
 10
27273.58679047274
 20
29319.94892202125
 30
0.0
 10
27273.43967386889
 20
29320.07174771673
 30
0.0
 10
27273.26765990366
 20
29320.22535725765
 30
0.0
 10
27273.16689904065
 20
29320.32734610094
 30
0.0
 10
27273.11343188478
 20
29320.38966280237
 30
0.0
1001
REVIT
1002
{
1070
     1
1000
1960352
1002
}
1002
{
1070
     5
1000
1959228
1002
}
  0
ARC
  5
513
330
502
100
AcDbEntity
  8
P-SANR-FIXT
100
AcDbCircle
 10
27279.46338208706
 20
29326.73967491404
 30
0.0
 40
8.980229473112558
100
AcDbArc
 50
53.78983518138828
 51
90.0
1001
REVIT
1002
{
1070
     1
1000
1960352
1002
}
1002
{
1070
     5
1000
1959228
1002
}
  0
ARC
  5
514
330
502
100
AcDbEntity
  8
P-SANR-FIXT
100
AcDbCircle
 10
27279.46338208706
 20
29326.73967491404
 30
0.0
 40
8.980229473114008
100
AcDbArc
 50
269.9999999999997
 51
288.0980665700545
1001
REVIT
1002
{
1070
     1
1000
1960352
1002
}
1002
{
1070
     5
1000
1959228
1002
}
  0
ARC
  5
515
330
502
100
AcDbEntity
  8
P-SANR-FIXT
100
AcDbCircle
 10
27279.46338208706
 20
29326.73967491404
 30
0.0
 40
8.980229473112558
100
AcDbArc
 50
233.789839191724
 51
269.9999999999997
1001
REVIT
1002
{
1070
     1
1000
1960352
1002
}
1002
{
1070
     5
1000
1959228
1002
}
  0
ARC
  5
516
330
502
100
AcDbEntity
  8
P-SANR-FIXT
100
AcDbCircle
 10
27279.46338208706
 20
29326.73967491404
 30
0.0
 40
8.980229473115273
100
AcDbArc
 50
90.0
 51
108.0980688919071
1001
REVIT
1002
{
1070
     1
1000
1960352
1002
}
1002
{
1070
     5
1000
1959228
1002
}
  0
LINE
  5
517
330
502
100
AcDbEntity
  8
P-SANR-FIXT
100
AcDbLine
 10
27279.46338208706
 20
29275.93965069071
 30
0.0
 11
27294.96338208706
 21
29275.93965069071
 31
0.0
1001
REVIT
1002
{
1070
     1
1000
1960352
1002
}
1002
{
1070
     5
1000
1959228
1002
}
  0
LINE
  5
518
330
502
100
AcDbEntity
  8
P-SANR-FIXT
100
AcDbLine
 10
27263.96338208706
 20
29275.93965069071
 30
0.0
 11
27279.44015395031
 21
29275.93965069071
 31
0.0
1001
REVIT
1002
{
1070
     1
1000
1960352
1002
}
1002
{
1070
     5
1000
1959228
1002
}
  0
LINE
  5
519
330
502
100
AcDbEntity
  8
P-SANR-FIXT
100
AcDbLine
 10
27294.96338208706
 20
29294.98965069071
 30
0.0
 11
27263.96338208706
 21
29294.98965069071
 31
0.0
1001
REVIT
1002
{
1070
     1
1000
1960352
1002
}
1002
{
1070
     5
1000
1959228
1002
}
  0
LINE
  5
51A
330
502
100
AcDbEntity
  8
P-SANR-FIXT
100
AcDbLine
 10
27294.73599637539
 20
29263.23966280238
 30
0.0
 11
27294.73599637539
 21
29275.93965069071
 31
0.0
1001
REVIT
1002
{
1070
     1
1000
1960352
1002
}
1002
{
1070
     5
1000
1959228
1002
}
  0
LINE
  5
51B
330
502
100
AcDbEntity
  8
P-SANR-FIXT
100
AcDbLine
 10
27290.25603726895
 20
29275.93965069071
 30
0.0
 11
27290.25603726895
 21
29263.23966280238
 31
0.0
1001
REVIT
1002
{
1070
     1
1000
1960352
1002
}
1002
{
1070
     5
1000
1959228
1002
}
  0
LINE
  5
51C
330
502
100
AcDbEntity
  8
P-SANR-FIXT
100
AcDbLine
 10
27279.44041837246
 20
29275.93965069071
 30
0.0
 11
27279.44041837246
 21
29263.23966280238
 31
0.0
1001
REVIT
1002
{
1070
     1
1000
1960352
1002
}
1002
{
1070
     5
1000
1959228
1002
}
  0
LINE
  5
51D
330
502
100
AcDbEntity
  8
P-SANR-FIXT
100
AcDbLine
 10
27268.62479947598
 20
29275.93965069071
 30
0.0
 11
27268.62479947598
 21
29263.23966280238
 31
0.0
1001
REVIT
1002
{
1070
     1
1000
1960352
1002
}
1002
{
1070
     5
1000
1959228
1002
}
  0
LINE
  5
51E
330
502
100
AcDbEntity
  8
P-SANR-FIXT
100
AcDbLine
 10
27264.14484036953
 20
29263.23966280238
 30
0.0
 11
27265.32124646333
 21
29263.23966280238
 31
0.0
1001
REVIT
1002
{
1070
     1
1000
1960352
1002
}
1002
{
1070
     5
1000
1959228
1002
}
  0
LINE
  5
51F
330
502
100
AcDbEntity
  8
P-SANR-FIXT
100
AcDbLine
 10
27264.14484036953
 20
29275.93965069071
 30
0.0
 11
27264.14484036953
 21
29263.23966280238
 31
0.0
1001
REVIT
1002
{
1070
     1
1000
1960352
1002
}
1002
{
1070
     5
1000
1959228
1002
}
  0
LINE
  5
520
330
502
100
AcDbEntity
  8
P-SANR-FIXT
100
AcDbLine
 10
27299.46338208706
 20
29263.23966280238
 30
0.0
 11
27294.85921380013
 21
29263.23966280238
 31
0.0
1001
REVIT
1002
{
1070
     1
1000
1960352
1002
}
1002
{
1070
     5
1000
1959228
1002
}
  0
LINE
  5
521
330
502
100
AcDbEntity
  8
P-SANR-FIXT
100
AcDbLine
 10
27264.01936727129
 20
29263.23966280238
 30
0.0
 11
27259.46338208706
 21
29263.23966280238
 31
0.0
1001
REVIT
1002
{
1070
     1
1000
1960352
1002
}
1002
{
1070
     5
1000
1959228
1002
}
  0
LINE
  5
522
330
502
100
AcDbEntity
  8
P-SANR-FIXT
100
AcDbLine
 10
27299.46338208706
 20
29263.23966280238
 30
0.0
 11
27259.46338208706
 21
29263.23966280238
 31
0.0
1001
REVIT
1002
{
1070
     1
1000
1960352
1002
}
1002
{
1070
     5
1000
1959228
1002
}
  0
LWPOLYLINE
  5
523
330
502
100
AcDbEntity
  8
P-SANR-FIXT
100
AcDbPolyline
 90
       14
 70
   128
 43
0.0
 10
27295.06694775162
 20
29236.65217171042
 10
27296.75822778906
 20
29234.3431574117
 10
27298.11039364859
 20
29231.82053522733
 10
27299.09693230881
 20
29229.13376827268
 10
27299.69849989973
 20
29226.3355381838
 10
27299.90330099383
 20
29223.48071214557
 10
27299.70731988863
 20
29220.62526706587
 10
27299.11439934588
 20
29217.82519199068
 10
27298.13616524336
 20
29215.135390281
 10
27296.79179861681
 20
29212.60860307782
 10
27295.10765956166
 20
29210.29437516344
 10
27293.11677036914
 20
29208.23808349643
 10
27290.85816803115
 20
29206.48004746848
 10
27288.37613881012
 20
29205.05473832914
1001
REVIT
1002
{
1070
     1
1000
1960352
1002
}
1002
{
1070
     5
1000
1959228
1002
}
  0
LWPOLYLINE
  5
524
330
502
100
AcDbEntity
  8
P-SANR-FIXT
100
AcDbPolyline
 90
       15
 70
   128
 43
0.0
 10
27271.12079966231
 20
29204.78922137227
 10
27268.5960919569
 20
29206.13748922362
 10
27266.2844680929
 20
29207.82520078313
 10
27264.23125396912
 20
29209.81926371058
 10
27262.47670863336
 20
29212.08057878405
 10
27261.05523489032
 20
29214.5648065503
 10
27259.99470473773
 20
29217.2232367247
 10
27259.31591285725
 20
29220.00374329361
 10
27259.03216887617
 20
29222.8518065917
 10
27259.14903639469
 20
29225.71158231365
 10
27259.66422389583
 20
29228.52699649905
 10
27260.56762967712
 20
29231.24284502043
 10
27261.84153992286
 20
29233.80587601567
 10
27263.46097603348
 20
29236.16583404079
 10
27263.85981642252
 20
29236.65217171042
1001
REVIT
1002
{
1070
     1
1000
1960352
1002
}
1002
{
1070
     5
1000
1959228
1002
}
  0
LWPOLYLINE
  5
525
330
502
100
AcDbEntity
  8
P-SANR-FIXT
100
AcDbPolyline
 90
       38
 70
   128
 43
0.0
 10
27271.46338208707
 20
29223.44903060793
 10
27271.46338208707
 20
29223.1664746097
 10
27271.46338208707
 20
29222.82632610982
 10
27271.46338208707
 20
29222.4291292733
 10
27271.46338208707
 20
29221.97551953038
 10
27271.46338208707
 20
29221.46622255985
 10
27271.46338208707
 20
29220.90205312824
 10
27271.46338208707
 20
29220.28391378629
 10
27271.46338208707
 20
29219.61279342508
 10
27271.46338208707
 20
29218.88976569401
 10
27271.46338208707
 20
29218.11598728324
 10
27271.46338208707
 20
29217.29269607314
 10
27271.46338208707
 20
29216.42120915403
 10
27271.46338208707
 20
29215.50292071908
 10
27271.46338208707
 20
29214.53929983387
 10
27271.46338208707
 20
29213.53188808629
 10
27271.46338208707
 20
29212.4822971202
 10
27271.46338208707
 20
29211.39220605727
 10
27271.46338208707
 20
29210.26335881065
 10
27271.46338208707
 20
29209.09756129512
 10
27271.46338208707
 20
29207.89667853802
 10
27271.46338208707
 20
29206.6626316956
 10
27271.46338208707
 20
29205.39739497954
 10
27271.46338208707
 20
29204.10299249868
 10
27271.46338208707
 20
29202.78149502088
 10
27271.46338208707
 20
29201.4350166602
 10
27271.46338208707
 20
29200.06571149478
 10
27271.46338208707
 20
29198.67577012077
 10
27271.46338208707
 20
29197.26741614788
 10
27271.46338208707
 20
29195.84290264202
 10
27271.46338208707
 20
29194.40450852093
 10
27271.46338208707
 20
29192.95453490837
 10
27271.46338208707
 20
29191.49530145279
 10
27271.46338208707
 20
29190.02914261644
 10
27271.46338208707
 20
29188.55840394069
 10
27271.46338208707
 20
29187.08543829369
 10
27271.46338208707
 20
29185.61260210625
 10
27271.46338208707
 20
29184.88632160691
1001
REVIT
1002
{
1070
     1
1000
1960352
1002
}
1002
{
1070
     5
1000
1959228
1002
}
  0
LWPOLYLINE
  5
526
330
502
100
AcDbEntity
  8
P-SANR-FIXT
100
AcDbPolyline
 90
       38
 70
   128
 43
0.0
 10
27287.46338208707
 20
29184.88632160691
 10
27287.46338208707
 20
29186.35822508363
 10
27287.46338208707
 20
29187.83142140592
 10
27287.46338208707
 20
29189.30355377393
 10
27287.46338208707
 20
29190.77226708991
 10
27287.46338208707
 20
29192.23521172587
 10
27287.46338208707
 20
29193.69004728244
 10
27287.46338208707
 20
29195.13444633312
 10
27287.46338208707
 20
29196.56609814753
 10
27287.46338208707
 20
29197.98271238816
 10
27287.46338208707
 20
29199.38202277444
 10
27287.46338208707
 20
29200.76179070824
 10
27287.46338208707
 20
29202.11980885521
 10
27287.46338208707
 20
29203.45390467601
 10
27287.46338208707
 20
29204.76194390192
 10
27287.46338208707
 20
29206.0418339492
 10
27287.46338208707
 20
29207.29152726681
 10
27287.46338208707
 20
29208.50902461204
 10
27287.46338208707
 20
29209.69237824883
 10
27287.46338208707
 20
29210.83969506382
 10
27287.46338208707
 20
29211.94913959486
 10
27287.46338208707
 20
29213.01893696734
 10
27287.46338208707
 20
29214.0473757337
 10
27287.46338208707
 20
29215.03281061129
 10
27287.46338208707
 20
29215.97366511452
 10
27287.46338208707
 20
29216.8684340769
 10
27287.46338208707
 20
29217.71568605896
 10
27287.46338208707
 20
29218.51406563826
 10
27287.46338208707
 20
29219.26229557779
 10
27287.46338208707
 20
29219.95917886926
 10
27287.46338208707
 20
29220.60360064807
 10
27287.46338208707
 20
29221.19452997683
 10
27287.46338208707
 20
29221.73102149468
 10
27287.46338208707
 20
29222.21221692964
 10
27287.46338208707
 20
29222.63734647166
 10
27287.46338208707
 20
29223.00573000416
 10
27287.46338208707
 20
29223.31677819207
 10
27287.46338208707
 20
29223.44903060793
1001
REVIT
1002
{
1070
     1
1000
1960352
1002
}
1002
{
1070
     5
1000
1959228
1002
}
  0
LINE
  5
527
330
502
100
AcDbEntity
  8
P-SANR-FIXT
100
AcDbLine
 10
27300.46338208707
 20
29236.65215069074
 30
0.0
 11
27300.46338208707
 21
29261.65215069075
 31
0.0
1001
REVIT
1002
{
1070
     1
1000
1960352
1002
}
1002
{
1070
     5
1000
1959228
1002
}
  0
LINE
  5
528
330
502
100
AcDbEntity
  8
P-SANR-FIXT
100
AcDbLine
 10
27258.46338208707
 20
29261.65215069075
 30
0.0
 11
27258.46338208707
 21
29236.65215069074
 31
0.0
1001
REVIT
1002
{
1070
     1
1000
1960352
1002
}
1002
{
1070
     5
1000
1959228
1002
}
  0
ARC
  5
529
330
502
100
AcDbEntity
  8
P-SANR-FIXT
100
AcDbCircle
 10
27279.46338208706
 20
29223.44914098994
 30
0.0
 40
9.577504062653576
100
AcDbArc
 50
326.4385893393309
 51
90.0
1001
REVIT
1002
{
1070
     1
1000
1960352
1002
}
1002
{
1070
     5
1000
1959228
1002
}
  0
SPLINE
  5
52A
330
502
100
AcDbEntity
  8
P-SANR-FIXT
100
AcDbSpline
210
0.0
220
0.0
230
1.0
 70
     8
 71
     3
 72
    17
 73
    13
 74
     0
 42
0.000000001
 43
0.0000000001
 40
0.0
 40
0.0
 40
0.0
 40
0.0
 40
0.0555555555555556
 40
0.1111111111111111
 40
0.1666666666666667
 40
0.2222222222222222
 40
0.2777777777777778
 40
0.3333333333333333
 40
0.3888888888888888
 40
0.4444444444444444
 40
0.5138888888888888
 40
0.5555555555555556
 40
0.5555555555555556
 40
0.5555555555555556
 40
0.5555555555555556
 10
27279.46338208706
 20
29231.54832869886
 30
0.0
 10
27279.95116137445
 20
29231.54292809845
 30
0.0
 10
27280.90010535137
 20
29231.45384003503
 30
0.0
 10
27282.2260282373
 20
29231.09686372727
 30
0.0
 10
27283.50740590165
 20
29230.48199408142
 30
0.0
 10
27284.65893799299
 20
29229.66902795836
 30
0.0
 10
27285.6423526766
 20
29228.65397683736
 30
0.0
 10
27286.448101046
 20
29227.49226814278
 30
0.0
 10
27287.02572599843
 20
29226.20343621741
 30
0.0
 10
27287.41837274512
 20
29224.72629115915
 30
0.0
 10
27287.49968476267
 20
29223.30547071892
 30
0.0
 10
27287.3994371494
 20
29222.37879413268
 30
0.0
 10
27287.33964696896
 20
29222.03427418868
 30
0.0
1001
REVIT
1002
{
1070
     1
1000
1960352
1002
}
1002
{
1070
     5
1000
1959228
1002
}
  0
ARC
  5
52B
330
502
100
AcDbEntity
  8
P-SANR-FIXT
100
AcDbCircle
 10
27279.46338208706
 20
29223.44914098994
 30
0.0
 40
9.577504062654043
100
AcDbArc
 50
90.0
 51
213.5614106606683
1001
REVIT
1002
{
1070
     1
1000
1960352
1002
}
1002
{
1070
     5
1000
1959228
1002
}
  0
SPLINE
  5
52C
330
502
100
AcDbEntity
  8
P-SANR-FIXT
100
AcDbSpline
210
0.0
220
0.0
230
1.0
 70
     8
 71
     3
 72
    15
 73
    11
 74
     0
 42
0.000000001
 43
0.0000000001
 40
0.4444444444444444
 40
0.4444444444444444
 40
0.4444444444444444
 40
0.4444444444444444
 40
0.5138888888888888
 40
0.548611111111111
 40
0.5833333333333333
 40
0.6527777777777777
 40
0.7222222222222222
 40
0.7916666666666667
 40
0.8611111111111112
 40
1.0
 40
1.0
 40
1.0
 40
1.0
 10
27271.58607531576
 20
29222.03142282707
 30
0.0
 10
27271.4850890251
 20
29222.60930770188
 30
0.0
 10
27271.43086656661
 20
29223.49382547955
 30
0.0
 10
27271.53692972033
 20
29224.665493484
 30
0.0
 10
27271.77165773128
 20
29225.79751643834
 30
0.0
 10
27272.29567070845
 20
29227.201259672
 30
0.0
 10
27273.26763316451
 20
29228.66800467058
 30
0.0
 10
27274.51793193287
 20
29229.90392509628
 30
0.0
 10
27276.5594904914
 20
29231.15774108477
 30
0.0
 10
27278.2439338686
 20
29231.53482719783
 30
0.0
 10
27279.46338208706
 20
29231.54832869886
 30
0.0
1001
REVIT
1002
{
1070
     1
1000
1960352
1002
}
1002
{
1070
     5
1000
1959228
1002
}
  0
SPLINE
  5
52D
330
502
100
AcDbEntity
  8
P-SANR-FIXT
100
AcDbSpline
210
0.0
220
0.0
230
1.0
 70
     8
 71
     3
 72
    10
 73
     6
 74
     0
 42
0.000000001
 43
0.0000000001
 40
-1.0
 40
-1.0
 40
-1.0
 40
-1.0
 40
-0.6666666666666666
 40
-0.3333333333333333
 40
0.0
 40
0.0
 40
0.0
 40
0.0
 10
27290.90155343198
 20
29236.65215069071
 30
0.0
 10
27289.84476988952
 20
29237.27245185602
 30
0.0
 10
27287.5599097435
 20
29238.32244423226
 30
0.0
 10
27283.64939922751
 20
29239.40351895019
 30
0.0
 10
27280.87336246391
 20
29239.63912749791
 30
0.0
 10
27279.46338208706
 20
29239.64864079182
 30
0.0
1001
REVIT
1002
{
1070
     1
1000
1960352
1002
}
1002
{
1070
     5
1000
1959228
1002
}
  0
SPLINE
  5
52E
330
502
100
AcDbEntity
  8
P-SANR-FIXT
100
AcDbSpline
210
0.0
220
0.0
230
1.0
 70
     8
 71
     3
 72
    10
 73
     6
 74
     0
 42
0.000000001
 43
0.0000000001
 40
-1.0
 40
-1.0
 40
-1.0
 40
-1.0
 40
-0.6666666666666666
 40
-0.3333333333333333
 40
0.0
 40
0.0
 40
0.0
 40
0.0
 10
27279.46338208706
 20
29239.64864079182
 30
0.0
 10
27278.05340171021
 20
29239.63912749791
 30
0.0
 10
27275.27736494661
 20
29239.40351895019
 30
0.0
 10
27271.36685443062
 20
29238.32244423226
 30
0.0
 10
27269.08199428461
 20
29237.27245185602
 30
0.0
 10
27268.02521074214
 20
29236.65215069071
 30
0.0
1001
REVIT
1002
{
1070
     1
1000
1960352
1002
}
1002
{
1070
     5
1000
1959228
1002
}
  0
ELLIPSE
  5
52F
330
502
100
AcDbEntity
  8
P-SANR-FIXT
100
AcDbEllipse
 10
27279.46338208706
 20
29184.88632160688
 30
0.0
 11
8.0
 21
0.0
 31
0.0
210
0.0
220
0.0
230
1.0
 40
0.0619030435414061
 41
2.879793265796797
 42
4.712388980384683
1001
REVIT
1002
{
1070
     1
1000
1960352
1002
}
1002
{
1070
     5
1000
1959228
1002
}
  0
ELLIPSE
  5
530
330
502
100
AcDbEntity
  8
P-SANR-FIXT
100
AcDbEllipse
 10
27279.46338208706
 20
29184.88632160688
 30
0.0
 11
8.000000000000009
 21
0.0
 31
0.0
210
0.0
220
0.0
230
1.0
 40
0.0619030435414207
 41
4.712388980384683
 42
6.544984694972523
1001
REVIT
1002
{
1070
     1
1000
1960352
1002
}
1002
{
1070
     5
1000
1959228
1002
}
  0
LINE
  5
531
330
502
100
AcDbEntity
  8
P-SANR-FIXT
100
AcDbLine
 10
27290.90155343198
 20
29236.65215069071
 30
0.0
 11
27300.46338208706
 21
29236.65215069071
 31
0.0
1001
REVIT
1002
{
1070
     1
1000
1960352
1002
}
1002
{
1070
     5
1000
1959228
1002
}
  0
LINE
  5
532
330
502
100
AcDbEntity
  8
P-SANR-FIXT
100
AcDbLine
 10
27258.46338208706
 20
29236.65215069071
 30
0.0
 11
27268.02521074214
 21
29236.65215069071
 31
0.0
1001
REVIT
1002
{
1070
     1
1000
1960352
1002
}
1002
{
1070
     5
1000
1959228
1002
}
  0
LINE
  5
533
330
502
100
AcDbEntity
  8
P-SANR-FIXT
100
AcDbLine
 10
27300.46338208706
 20
29261.65215069071
 30
0.0
 11
27258.46338208706
 21
29261.65215069071
 31
0.0
1001
REVIT
1002
{
1070
     1
1000
1960352
1002
}
1002
{
1070
     5
1000
1959228
1002
}
  0
ENDBLK
  5
535
330
502
100
AcDbEntity
  8
0
100
AcDbBlockEnd
  0
BLOCK
  5
62B
330
537
100
AcDbEntity
  8
0
100
AcDbBlockBegin
  2
Shower_Twin_Phoenix_NXQuil_FaceBased - Chrome _606-6500-00_-1739590-rhs
 70
     0
 10
0.0
 20
0.0
 30
0.0
  3
Shower_Twin_Phoenix_NXQuil_FaceBased - Chrome _606-6500-00_-1739590-rhs
  1

  0
LINE
  5
538
330
537
100
AcDbEntity
  8
P-SANR-FIXT
100
AcDbLine
 10
27710.77612765894
 20
30198.44130166007
 30
0.0
 11
27713.90112765894
 21
30192.41189135824
 31
0.0
1001
REVIT
1002
{
1070
     1
1000
1961636
1002
}
1002
{
1070
     5
1000
1739590
1002
}
1002
{
1070
     3
1000
1035229
1002
}
  0
LINE
  5
539
330
537
100
AcDbEntity
  8
P-SANR-FIXT
100
AcDbLine
 10
27753.85480933957
 20
30192.41189135824
 30
0.0
 11
27756.97980933957
 21
30198.44130166007
 31
0.0
1001
REVIT
1002
{
1070
     1
1000
1961636
1002
}
1002
{
1070
     5
1000
1739590
1002
}
1002
{
1070
     3
1000
1035229
1002
}
  0
LINE
  5
53A
330
537
100
AcDbEntity
  8
P-SANR-FIXT
100
AcDbLine
 10
27711.75296849925
 20
30198.10910985432
 30
0.0
 11
27756.00296849924
 21
30198.10910985432
 31
0.0
1001
REVIT
1002
{
1070
     1
1000
1961636
1002
}
1002
{
1070
     5
1000
1739590
1002
}
1002
{
1070
     3
1000
1035229
1002
}
  0
LINE
  5
53B
330
537
100
AcDbEntity
  8
P-SANR-FIXT
100
AcDbLine
 10
27752.87796849924
 20
30192.07969955249
 30
0.0
 11
27714.87796849924
 21
30192.07969955249
 31
0.0
1001
REVIT
1002
{
1070
     1
1000
1961636
1002
}
1002
{
1070
     5
1000
1739590
1002
}
1002
{
1070
     3
1000
1035229
1002
}
  0
ELLIPSE
  5
53C
330
537
100
AcDbEntity
  8
P-SANR-FIXT
100
AcDbEllipse
 10
27711.75296849925
 20
30198.53172811606
 30
0.0
 11
1.0
 21
0.0
 31
0.0
210
0.0
220
0.0
230
1.0
 40
0.4226182617421728
 41
3.141592653589793
 42
4.712388980384683
1001
REVIT
1002
{
1070
     1
1000
1961636
1002
}
1002
{
1070
     5
1000
1739590
1002
}
1002
{
1070
     3
1000
1035229
1002
}
  0
ELLIPSE
  5
53D
330
537
100
AcDbEntity
  8
P-SANR-FIXT
100
AcDbEllipse
 10
27714.87796849924
 20
30192.50231781423
 30
0.0
 11
1.0
 21
0.0
 31
0.0
210
0.0
220
0.0
230
1.0
 40
0.4226182617421728
 41
3.141592653589793
 42
4.712388980384683
1001
REVIT
1002
{
1070
     1
1000
1961636
1002
}
1002
{
1070
     5
1000
1739590
1002
}
1002
{
1070
     3
1000
1035229
1002
}
  0
LINE
  5
53E
330
537
100
AcDbEntity
  8
P-SANR-FIXT
100
AcDbLine
 10
27713.87796849924
 20
30192.50231781423
 30
0.0
 11
27713.87796849924
 21
30194.00911084907
 31
0.0
1001
REVIT
1002
{
1070
     1
1000
1961636
1002
}
1002
{
1070
     5
1000
1739590
1002
}
1002
{
1070
     3
1000
1035229
1002
}
  0
LINE
  5
53F
330
537
100
AcDbEntity
  8
P-SANR-FIXT
100
AcDbLine
 10
27753.87796849924
 20
30194.00911084908
 30
0.0
 11
27753.87796849924
 21
30192.50231781423
 31
0.0
1001
REVIT
1002
{
1070
     1
1000
1961636
1002
}
1002
{
1070
     5
1000
1739590
1002
}
1002
{
1070
     3
1000
1035229
1002
}
  0
ELLIPSE
  5
540
330
537
100
AcDbEntity
  8
P-SANR-FIXT
100
AcDbEllipse
 10
27756.00296849924
 20
30198.53172811606
 30
0.0
 11
1.0
 21
0.0
 31
0.0
210
0.0
220
0.0
230
1.0
 40
0.4226182617421728
 41
4.712388980384683
 42
6.283185307179586
1001
REVIT
1002
{
1070
     1
1000
1961636
1002
}
1002
{
1070
     5
1000
1739590
1002
}
1002
{
1070
     3
1000
1035229
1002
}
  0
ELLIPSE
  5
541
330
537
100
AcDbEntity
  8
P-SANR-FIXT
100
AcDbEllipse
 10
27752.87796849924
 20
30192.50231781423
 30
0.0
 11
1.0
 21
0.0
 31
0.0
210
0.0
220
0.0
230
1.0
 40
0.4226182617421728
 41
4.712388980384683
 42
6.283185307179586
1001
REVIT
1002
{
1070
     1
1000
1961636
1002
}
1002
{
1070
     5
1000
1739590
1002
}
1002
{
1070
     3
1000
1035229
1002
}
  0
LWPOLYLINE
  5
542
330
537
100
AcDbEntity
  8
P-SANR-FIXT
100
AcDbPolyline
 90
        4
 70
   128
 43
0.0
 10
27713.87763894638
 20
30087.77095621077
 10
27713.877811606
 20
30153.51094368608
 10
27713.87790642551
 20
30183.06966968275
 10
27713.8779548498
 20
30194.00913718451
1001
REVIT
1002
{
1070
     1
1000
1961636
1002
}
1002
{
1070
     5
1000
1739590
1002
}
1002
{
1070
     3
1000
1035229
1002
}
  0
LWPOLYLINE
  5
543
330
537
100
AcDbEntity
  8
P-SANR-FIXT
100
AcDbPolyline
 90
        4
 70
   128
 43
0.0
 10
27753.87796849925
 20
30192.55644061684
 10
27753.87784495657
 20
30161.27067859235
 10
27753.87763376942
 20
30085.58351071886
 10
27753.87762922344
 20
30083.99650381609
1001
REVIT
1002
{
1070
     1
1000
1961636
1002
}
1002
{
1070
     5
1000
1739590
1002
}
1002
{
1070
     3
1000
1035229
1002
}
  0
LWPOLYLINE
  5
544
330
537
100
AcDbEntity
  8
P-SANR-FIXT
100
AcDbPolyline
 90
        4
 70
   128
 43
0.0
 10
27718.25656284594
 20
30081.80421126282
 10
27717.20909600148
 20
30082.16646395916
 10
27716.26718325736
 20
30082.75056419751
 10
27715.47709149358
 20
30083.52781110347
1001
REVIT
1002
{
1070
     1
1000
1961636
1002
}
1002
{
1070
     5
1000
1739590
1002
}
1002
{
1070
     3
1000
1035229
1002
}
  0
SPLINE
  5
545
330
537
100
AcDbEntity
  8
P-SANR-FIXT
100
AcDbSpline
210
0.0
220
0.0
230
1.0
 70
     8
 71
     3
 72
    17
 73
    13
 74
     0
 42
0.000000001
 43
0.0000000001
 40
-1.0
 40
-1.0
 40
-1.0
 40
-1.0
 40
-0.8333333333333333
 40
-0.75
 40
-0.6666666666666666
 40
-0.5833333333333333
 40
-0.5
 40
-0.4166666666666666
 40
-0.3333333333333333
 40
-0.25
 40
-0.1666666666666667
 40
0.0
 40
0.0
 40
0.0
 40
0.0
 10
27714.87763031867
 20
30084.46002792995
 30
0.0
 10
27714.82065868331
 20
30084.57489868977
 30
0.0
 10
27714.74192299529
 20
30084.75031512431
 30
0.0
 10
27714.65077339756
 20
30084.98930713721
 30
0.0
 10
27714.58937722533
 20
30085.1709147057
 30
0.0
 10
27714.53511877817
 20
30085.35427310124
 30
0.0
 10
27714.4880000164
 20
30085.53916544266
 30
0.0
 10
27714.44794729133
 20
30085.7257902827
 30
0.0
 10
27714.41495456946
 20
30085.91436138204
 30
0.0
 10
27714.38913319991
 20
30086.10468557957
 30
0.0
 10
27714.36444722061
 20
30086.35995588488
 30
0.0
 10
27714.35697629835
 20
30086.552814478
 30
0.0
 10
27714.35697629835
 20
30086.68161735969
 30
0.0
1001
REVIT
1002
{
1070
     1
1000
1961636
1002
}
1002
{
1070
     5
1000
1739590
1002
}
1002
{
1070
     3
1000
1035229
1002
}
  0
LINE
  5
546
330
537
100
AcDbEntity
  8
P-SANR-FIXT
100
AcDbLine
 10
27714.35697629835
 20
30086.68161735968
 30
0.0
 11
27714.35697629835
 21
30087.77095621075
 31
0.0
1001
REVIT
1002
{
1070
     1
1000
1961636
1002
}
1002
{
1070
     5
1000
1739590
1002
}
1002
{
1070
     3
1000
1035229
1002
}
  0
LWPOLYLINE
  5
547
330
537
100
AcDbEntity
  8
P-SANR-FIXT
100
AcDbPolyline
 90
        5
 70
   128
 43
0.0
 10
27714.35697629835
 20
30087.77095621075
 10
27714.15773749852
 20
30087.77095621075
 10
27714.00648912955
 20
30087.77095621075
 10
27713.91109625329
 20
30087.77095621075
 10
27713.87763894637
 20
30087.77095621074
1001
REVIT
1002
{
1070
     1
1000
1961636
1002
}
1002
{
1070
     5
1000
1739590
1002
}
1002
{
1070
     3
1000
1035229
1002
}
  0
LINE
  5
548
330
537
100
AcDbEntity
  8
P-SANR-FIXT
100
AcDbLine
 10
27713.87796849924
 20
30194.00911084907
 30
0.0
 11
27713.87796849924
 21
30192.55644156458
 31
0.0
1001
REVIT
1002
{
1070
     1
1000
1961636
1002
}
1002
{
1070
     5
1000
1739590
1002
}
1002
{
1070
     3
1000
1035229
1002
}
  0
LWPOLYLINE
  5
549
330
537
100
AcDbEntity
  8
P-SANR-FIXT
100
AcDbPolyline
 90
        7
 70
   128
 43
0.0
 10
27713.87796849924
 20
30192.55644156458
 10
27713.91289263307
 20
30192.44977096088
 10
27714.01290414886
 20
30192.35027504974
 10
27714.17086171805
 20
30192.26484201369
 10
27714.37803034688
 20
30192.19970283322
 10
27714.61930038059
 20
30192.15845968033
 10
27714.87796849924
 20
30192.14405752494
1001
REVIT
1002
{
1070
     1
1000
1961636
1002
}
1002
{
1070
     5
1000
1739590
1002
}
1002
{
1070
     3
1000
1035229
1002
}
  0
SPLINE
  5
54A
330
537
100
AcDbEntity
  8
P-SANR-FIXT
100
AcDbSpline
210
0.0
220
0.0
230
1.0
 70
    24
 71
     3
 72
    11
 73
     7
 74
     0
 42
0.000000001
 43
0.0000000001
 40
-1.0
 40
-1.0
 40
-1.0
 40
-1.0
 40
-0.75
 40
-0.5
 40
-0.25
 40
0.0
 40
0.0
 40
0.0
 40
0.0
 10
27713.87763998378
 20
30087.77095621075
 30
0.0
 10
27713.87841799377
 20
30087.77095621075
 30
0.0
 10
27713.90040522299
 20
30087.77095621075
 30
0.0
 10
27713.99718714186
 20
30087.77095621075
 30
0.0
 10
27714.15024779393
 20
30087.77095621075
 30
0.0
 10
27714.28261298228
 20
30087.77095621075
 30
0.0
 10
27714.35697629835
 20
30087.77095621075
 30
0.0
1001
REVIT
1002
{
1070
     1
1000
1961636
1002
}
1002
{
1070
     5
1000
1739590
1002
}
1002
{
1070
     3
1000
1035229
1002
}
  0
LINE
  5
54B
330
537
100
AcDbEntity
  8
P-SANR-FIXT
100
AcDbLine
 10
27714.35697629835
 20
30087.77095621075
 30
0.0
 11
27714.35697629835
 21
30086.68161735969
 31
0.0
1001
REVIT
1002
{
1070
     1
1000
1961636
1002
}
1002
{
1070
     5
1000
1739590
1002
}
1002
{
1070
     3
1000
1035229
1002
}
  0
LWPOLYLINE
  5
54C
330
537
100
AcDbEntity
  8
P-SANR-FIXT
100
AcDbPolyline
 90
        4
 70
   128
 43
0.0
 10
27714.35697629835
 20
30086.68161735969
 10
27714.41622110706
 20
30085.91419430835
 10
27714.5907560427
 20
30085.17060959179
 10
27714.87763056563
 20
30084.46002743201
1001
REVIT
1002
{
1070
     1
1000
1961636
1002
}
1002
{
1070
     5
1000
1739590
1002
}
1002
{
1070
     3
1000
1035229
1002
}
  0
LINE
  5
54D
330
537
100
AcDbEntity
  8
P-SANR-FIXT
100
AcDbLine
 10
27714.87796849924
 20
30192.14405752494
 30
0.0
 11
27752.87796849924
 21
30192.14405752494
 31
0.0
1001
REVIT
1002
{
1070
     1
1000
1961636
1002
}
1002
{
1070
     5
1000
1739590
1002
}
1002
{
1070
     3
1000
1035229
1002
}
  0
SPLINE
  5
54E
330
537
100
AcDbEntity
  8
P-SANR-FIXT
100
AcDbSpline
210
0.0
220
0.0
230
1.0
 70
     8
 71
     3
 72
    10
 73
     6
 74
     0
 42
0.000000001
 43
0.0000000001
 40
-1.0
 40
-1.0
 40
-1.0
 40
-1.0
 40
-0.7
 40
-0.4
 40
0.0
 40
0.0
 40
0.0
 40
0.0
 10
27714.87763056565
 20
30084.46002743197
 30
0.0
 10
27715.12441208876
 20
30083.96244696103
 30
0.0
 10
27715.78517724041
 20
30083.05073007064
 30
0.0
 10
27717.32252336563
 20
30081.9741766603
 30
0.0
 10
27718.6175821005
 20
30081.68161735969
 30
0.0
 10
27719.35697629835
 20
30081.68161735969
 30
0.0
1001
REVIT
1002
{
1070
     1
1000
1961636
1002
}
1002
{
1070
     5
1000
1739590
1002
}
1002
{
1070
     3
1000
1035229
1002
}
  0
LINE
  5
54F
330
537
100
AcDbEntity
  8
P-SANR-FIXT
100
AcDbLine
 10
27719.35697629835
 20
30081.68161735968
 30
0.0
 11
27749.65979029092
 21
30081.68161735968
 31
0.0
1001
REVIT
1002
{
1070
     1
1000
1961636
1002
}
1002
{
1070
     5
1000
1739590
1002
}
1002
{
1070
     3
1000
1035229
1002
}
  0
LWPOLYLINE
  5
550
330
537
100
AcDbEntity
  8
P-SANR-FIXT
100
AcDbPolyline
 90
        4
 70
   128
 43
0.0
 10
27749.65979029092
 20
30081.68161735968
 10
27750.81531529942
 20
30081.81697328692
 10
27751.90798829209
 20
30082.21556700758
 10
27752.87762592194
 20
30082.8546689864
1001
REVIT
1002
{
1070
     1
1000
1961636
1002
}
1002
{
1070
     5
1000
1739590
1002
}
1002
{
1070
     3
1000
1035229
1002
}
  0
LWPOLYLINE
  5
551
330
537
100
AcDbEntity
  8
P-SANR-FIXT
100
AcDbPolyline
 90
        7
 70
   128
 43
0.0
 10
27752.87796849924
 20
30192.14405752494
 10
27753.13663661789
 20
30192.15845968033
 10
27753.37790665161
 20
30192.19970283322
 10
27753.58507528043
 20
30192.26484201369
 10
27753.74303284963
 20
30192.35027504973
 10
27753.84304436542
 20
30192.44977096088
 10
27753.87796849924
 20
30192.5564406168
1001
REVIT
1002
{
1070
     1
1000
1961636
1002
}
1002
{
1070
     5
1000
1739590
1002
}
1002
{
1070
     3
1000
1035229
1002
}
  0
LWPOLYLINE
  5
552
330
537
100
AcDbEntity
  8
P-SANR-FIXT
100
AcDbPolyline
 90
        7
 70
   128
 43
0.0
 10
27752.87762592193
 20
30082.8546689864
 10
27753.12294620771
 20
30083.07515772509
 10
27753.34532319599
 20
30083.30273482168
 10
27753.54079028472
 20
30083.52918353039
 10
27753.70418282833
 20
30083.74173827997
 10
27753.82569864225
 20
30083.91662050466
 10
27753.87762922343
 20
30083.99650381605
1001
REVIT
1002
{
1070
     1
1000
1961636
1002
}
1002
{
1070
     5
1000
1739590
1002
}
1002
{
1070
     3
1000
1035229
1002
}
  0
LINE
  5
553
330
537
100
AcDbEntity
  8
P-SANR-FIXT
100
AcDbLine
 10
27753.87796849924
 20
30192.55644156458
 30
0.0
 11
27753.87796849924
 21
30194.00911084908
 31
0.0
1001
REVIT
1002
{
1070
     1
1000
1961636
1002
}
1002
{
1070
     5
1000
1739590
1002
}
1002
{
1070
     3
1000
1035229
1002
}
  0
SPLINE
  5
554
330
537
100
AcDbEntity
  8
P-SANR-FIXT
100
AcDbSpline
210
0.0
220
0.0
230
1.0
 70
     8
 71
     3
 72
    17
 73
    13
 74
     0
 42
0.000000001
 43
0.0000000001
 40
-1.0
 40
-1.0
 40
-1.0
 40
-1.0
 40
-0.9166666666666666
 40
-0.8333333333333333
 40
-0.75
 40
-0.6666666666666666
 40
-0.5833333333333333
 40
-0.5
 40
-0.4166666666666666
 40
-0.3333333333333333
 40
-0.1666666666666667
 40
0.0
 40
0.0
 40
0.0
 40
0.0
 10
27753.87762911709
 20
30083.99650364954
 30
0.0
 10
27753.87438417744
 20
30083.99140642316
 30
0.0
 10
27753.86238884754
 20
30083.97259981351
 30
0.0
 10
27753.82946927177
 20
30083.92193240279
 30
0.0
 10
27753.77447411888
 20
30083.84021958357
 30
0.0
 10
27753.70564011819
 20
30083.74287601192
 30
0.0
 10
27753.62912172705
 20
30083.64016348691
 30
0.0
 10
27753.54207040711
 20
30083.52966085438
 30
0.0
 10
27753.44819483318
 20
30083.41734875017
 30
0.0
 10
27753.31251866222
 20
30083.26454507277
 30
0.0
 10
27753.12646141599
 20
30083.07365172009
 30
0.0
 10
27752.9632198923
 20
30082.92663947891
 30
0.0
 10
27752.8776261382
 20
30082.85466916824
 30
0.0
1001
REVIT
1002
{
1070
     1
1000
1961636
1002
}
1002
{
1070
     5
1000
1739590
1002
}
1002
{
1070
     3
1000
1035229
1002
}
  0
LINE
  5
555
330
537
100
AcDbEntity
  8
P-SANR-FIXT
100
AcDbLine
 10
27725.50362823668
 20
30064.99999999994
 30
0.0
 11
27725.84262915995
 21
30058.53147704602
 31
0.0
1001
REVIT
1002
{
1070
     1
1000
1961636
1002
}
1002
{
1070
     5
1000
1739590
1002
}
1002
{
1070
     3
1000
1035229
1002
}
  0
LINE
  5
556
330
537
100
AcDbEntity
  8
P-SANR-FIXT
100
AcDbLine
 10
27743.17413501444
 20
30058.53147704602
 30
0.0
 11
27743.55506216113
 21
30065.79999999994
 31
0.0
1001
REVIT
1002
{
1070
     1
1000
1961636
1002
}
1002
{
1070
     5
1000
1739590
1002
}
1002
{
1070
     3
1000
1035229
1002
}
  0
LINE
  5
557
330
537
100
AcDbEntity
  8
P-SANR-FIXT
100
AcDbLine
 10
27744.25732640352
 20
30079.19999999994
 30
0.0
 11
27744.33561945492
 21
30080.69392041546
 31
0.0
1001
REVIT
1002
{
1070
     1
1000
1961636
1002
}
1002
{
1070
     5
1000
1739590
1002
}
1002
{
1070
     3
1000
1035229
1002
}
  0
LWPOLYLINE
  5
558
330
537
100
AcDbEntity
  8
P-SANR-FIXT
100
AcDbPolyline
 90
       33
 70
   128
 43
0.0
 10
27745.01611761007
 20
30081.63128213184
 10
27744.97887738011
 20
30081.61832192174
 10
27744.94218520855
 20
30081.60388286641
 10
27744.90609979502
 20
30081.58798806527
 10
27744.87067886849
 20
30081.57066294663
 10
27744.83597909487
 20
30081.55193522696
 10
27744.80205598642
 20
30081.53183486662
 10
27744.76896381286
 20
30081.51039402192
 10
27744.73675551461
 20
30081.48764699361
 10
27744.70548261808
 20
30081.46363017209
 10
27744.67519515324
 20
30081.43838197916
 10
27744.64594157357
 20
30081.41194280654
 10
27744.61776867854
 20
30081.38435495127
 10
27744.59072153879
 20
30081.35566254801
 10
27744.56484342397
 20
30081.32591149852
 10
27744.54017573354
 20
30081.2951493981
 10
27744.51675793055
 20
30081.26342545958
 10
27744.49462747848
 20
30081.23079043447
 10
27744.47381978134
 20
30081.19729653185
 10
27744.454368127
 20
30081.16299733483
 10
27744.43630363396
 20
30081.1279477148
 10
27744.41965520157
 20
30081.09220374367
 10
27744.40444946374
 20
30081.0558226042
 10
27744.39071074643
 20
30081.01886249841
 10
27744.37846102864
 20
30080.98138255461
 10
27744.36771990733
 20
30080.94344273272
 10
27744.35850456598
 20
30080.90510372834
 10
27744.35082974719
 20
30080.86642687571
 10
27744.34470772901
 20
30080.82747404955
 10
27744.34014830537
 20
30080.78830756606
 10
27744.33715877039
 20
30080.74899008326
 10
27744.33574390667
 20
30080.70958450074
 10
27744.33561945492
 20
30080.69392041546
1001
REVIT
1002
{
1070
     1
1000
1961636
1002
}
1002
{
1070
     5
1000
1739590
1002
}
1002
{
1070
     3
1000
1035229
1002
}
  0
LWPOLYLINE
  5
559
330
537
100
AcDbEntity
  8
P-SANR-FIXT
100
AcDbPolyline
 90
       32
 70
   128
 43
0.0
 10
27724.68114471946
 20
30080.69392041546
 10
27724.68035615254
 20
30080.73334350432
 10
27724.67799171331
 20
30080.77270352464
 10
27724.67405518438
 20
30080.8119375088
 10
27724.66855286334
 20
30080.85098269078
 10
27724.66149355275
 20
30080.88977660663
 10
27724.65288854598
 20
30080.92825719435
 10
27724.64275160922
 20
30080.96636289321
 10
27724.6310989594
 20
30081.00403274223
 10
27724.61794923828
 20
30081.04120647768
 10
27724.6033234826
 20
30081.07782462951
 10
27724.58724509046
 20
30081.1138286165
 10
27724.56973978385
 20
30081.14916083994
 10
27724.55083556752
 20
30081.18376477581
 10
27724.53056268419
 20
30081.2175850652
 10
27724.50895356616
 20
30081.25056760286
 10
27724.48604278339
 20
30081.28265962377
 10
27724.46186698826
 20
30081.31380978753
 10
27724.43646485688
 20
30081.34396826054
 10
27724.40987702723
 20
30081.37308679566
 10
27724.38214603418
 20
30081.40111880945
 10
27724.3533162414
 20
30081.42801945668
 10
27724.32343377041
 20
30081.45374570204
 10
27724.29254642679
 20
30081.47825638903
 10
27724.26070362369
 20
30081.50151230577
 10
27724.22795630281
 20
30081.52347624777
 10
27724.19435685288
 20
30081.5441130774
 10
27724.15995902585
 20
30081.56338978013
 10
27724.1248178509
 20
30081.58127551736
 10
27724.08898954642
 20
30081.59774167571
 10
27724.05253143006
 20
30081.61276191287
 10
27724.01550182702
 20
30081.62631219963
1001
REVIT
1002
{
1070
     1
1000
1961636
1002
}
1002
{
1070
     5
1000
1739590
1002
}
1002
{
1070
     3
1000
1035229
1002
}
  0
LINE
  5
55A
330
537
100
AcDbEntity
  8
P-SANR-FIXT
100
AcDbLine
 10
27725.84262915993
 20
30058.53147704598
 30
0.0
 11
27743.17413501444
 21
30058.53147704598
 31
0.0
1001
REVIT
1002
{
1070
     1
1000
1961636
1002
}
1002
{
1070
     5
1000
1739590
1002
}
1002
{
1070
     3
1000
1035229
1002
}
  0
LINE
  5
55B
330
537
100
AcDbEntity
  8
P-SANR-FIXT
100
AcDbLine
 10
27724.68114471945
 20
30080.69392041542
 30
0.0
 11
27744.33561945491
 21
30080.69392041542
 31
0.0
1001
REVIT
1002
{
1070
     1
1000
1961636
1002
}
1002
{
1070
     5
1000
1739590
1002
}
1002
{
1070
     3
1000
1035229
1002
}
  0
LINE
  5
55C
330
537
100
AcDbEntity
  8
P-SANR-FIXT
100
AcDbLine
 10
27606.46338208716
 20
30077.20072982175
 30
0.0
 11
27606.46338208716
 21
30067.79927017812
 31
0.0
1001
REVIT
1002
{
1070
     1
1000
1961636
1002
}
1002
{
1070
     5
1000
1739590
1002
}
1002
{
1070
     3
1000
1035229
1002
}
  0
LINE
  5
55D
330
537
100
AcDbEntity
  8
P-SANR-FIXT
100
AcDbLine
 10
27607.26265226535
 20
30077.99999999994
 30
0.0
 11
27606.46338208716
 21
30077.20072982175
 31
0.0
1001
REVIT
1002
{
1070
     1
1000
1961636
1002
}
1002
{
1070
     5
1000
1739590
1002
}
1002
{
1070
     3
1000
1035229
1002
}
  0
LINE
  5
55E
330
537
100
AcDbEntity
  8
P-SANR-FIXT
100
AcDbLine
 10
27606.46338208716
 20
30067.79927017812
 30
0.0
 11
27607.26265226535
 21
30066.99999999994
 31
0.0
1001
REVIT
1002
{
1070
     1
1000
1961636
1002
}
1002
{
1070
     5
1000
1739590
1002
}
1002
{
1070
     3
1000
1035229
1002
}
  0
LINE
  5
55F
330
537
100
AcDbEntity
  8
P-SANR-FIXT
100
AcDbLine
 10
27621.46338208715
 20
30066.9999999999
 30
0.0
 11
27608.96338208716
 21
30066.9999999999
 31
0.0
1001
REVIT
1002
{
1070
     1
1000
1961636
1002
}
1002
{
1070
     5
1000
1739590
1002
}
1002
{
1070
     3
1000
1035229
1002
}
  0
LINE
  5
560
330
537
100
AcDbEntity
  8
P-SANR-FIXT
100
AcDbLine
 10
27607.26265226534
 20
30066.9999999999
 30
0.0
 11
27608.96338208716
 21
30066.9999999999
 31
0.0
1001
REVIT
1002
{
1070
     1
1000
1961636
1002
}
1002
{
1070
     5
1000
1739590
1002
}
1002
{
1070
     3
1000
1035229
1002
}
  0
LINE
  5
561
330
537
100
AcDbEntity
  8
P-SANR-FIXT
100
AcDbLine
 10
27607.26265226534
 20
30066.9999999999
 30
0.0
 11
27608.96338208716
 21
30066.9999999999
 31
0.0
1001
REVIT
1002
{
1070
     1
1000
1961636
1002
}
1002
{
1070
     5
1000
1739590
1002
}
1002
{
1070
     3
1000
1035229
1002
}
  0
LINE
  5
562
330
537
100
AcDbEntity
  8
P-SANR-FIXT
100
AcDbLine
 10
27608.96338208716
 20
30077.9999999999
 30
0.0
 11
27607.26265226534
 21
30077.9999999999
 31
0.0
1001
REVIT
1002
{
1070
     1
1000
1961636
1002
}
1002
{
1070
     5
1000
1739590
1002
}
1002
{
1070
     3
1000
1035229
1002
}
  0
LINE
  5
563
330
537
100
AcDbEntity
  8
P-SANR-FIXT
100
AcDbLine
 10
27608.96338208716
 20
30077.9999999999
 30
0.0
 11
27607.26265226534
 21
30077.9999999999
 31
0.0
1001
REVIT
1002
{
1070
     1
1000
1961636
1002
}
1002
{
1070
     5
1000
1739590
1002
}
1002
{
1070
     3
1000
1035229
1002
}
  0
LINE
  5
564
330
537
100
AcDbEntity
  8
P-SANR-FIXT
100
AcDbLine
 10
27608.96338208716
 20
30077.9999999999
 30
0.0
 11
27621.46338208715
 21
30077.9999999999
 31
0.0
1001
REVIT
1002
{
1070
     1
1000
1961636
1002
}
1002
{
1070
     5
1000
1739590
1002
}
1002
{
1070
     3
1000
1035229
1002
}
  0
LINE
  5
565
330
537
100
AcDbEntity
  8
P-SANR-FIXT
100
AcDbLine
 10
27607.71338208716
 20
30067.79927017808
 30
0.0
 11
27606.46338208716
 21
30067.79927017808
 31
0.0
1001
REVIT
1002
{
1070
     1
1000
1961636
1002
}
1002
{
1070
     5
1000
1739590
1002
}
1002
{
1070
     3
1000
1035229
1002
}
  0
LINE
  5
566
330
537
100
AcDbEntity
  8
P-SANR-FIXT
100
AcDbLine
 10
27606.46338208716
 20
30077.20072982172
 30
0.0
 11
27607.71338208716
 21
30077.20072982172
 31
0.0
1001
REVIT
1002
{
1070
     1
1000
1961636
1002
}
1002
{
1070
     5
1000
1739590
1002
}
1002
{
1070
     3
1000
1035229
1002
}
  0
LINE
  5
567
330
537
100
AcDbEntity
  8
P-SANR-FIXT
100
AcDbLine
 10
27608.96338208716
 20
30067.79927017808
 30
0.0
 11
27606.46338208716
 21
30067.79927017808
 31
0.0
1001
REVIT
1002
{
1070
     1
1000
1961636
1002
}
1002
{
1070
     5
1000
1739590
1002
}
1002
{
1070
     3
1000
1035229
1002
}
  0
LINE
  5
568
330
537
100
AcDbEntity
  8
P-SANR-FIXT
100
AcDbLine
 10
27606.46338208716
 20
30077.20072982172
 30
0.0
 11
27608.96338208716
 21
30077.20072982172
 31
0.0
1001
REVIT
1002
{
1070
     1
1000
1961636
1002
}
1002
{
1070
     5
1000
1739590
1002
}
1002
{
1070
     3
1000
1035229
1002
}
  0
LINE
  5
569
330
537
100
AcDbEntity
  8
P-SANR-FIXT
100
AcDbLine
 10
27608.96338208716
 20
30067.79927017808
 30
0.0
 11
27621.46338208715
 21
30067.79927017808
 31
0.0
1001
REVIT
1002
{
1070
     1
1000
1961636
1002
}
1002
{
1070
     5
1000
1739590
1002
}
1002
{
1070
     3
1000
1035229
1002
}
  0
LINE
  5
56A
330
537
100
AcDbEntity
  8
P-SANR-FIXT
100
AcDbLine
 10
27621.46338208715
 20
30077.20072982172
 30
0.0
 11
27608.96338208716
 21
30077.20072982172
 31
0.0
1001
REVIT
1002
{
1070
     1
1000
1961636
1002
}
1002
{
1070
     5
1000
1739590
1002
}
1002
{
1070
     3
1000
1035229
1002
}
  0
LINE
  5
56B
330
537
100
AcDbEntity
  8
P-SANR-FIXT
100
AcDbLine
 10
27621.46338208715
 20
30077.9999999999
 30
0.0
 11
27621.46338208715
 21
30077.20072982172
 31
0.0
1001
REVIT
1002
{
1070
     1
1000
1961636
1002
}
1002
{
1070
     5
1000
1739590
1002
}
1002
{
1070
     3
1000
1035229
1002
}
  0
LINE
  5
56C
330
537
100
AcDbEntity
  8
P-SANR-FIXT
100
AcDbLine
 10
27621.46338208715
 20
30067.79927017808
 30
0.0
 11
27621.46338208715
 21
30077.20072982172
 31
0.0
1001
REVIT
1002
{
1070
     1
1000
1961636
1002
}
1002
{
1070
     5
1000
1739590
1002
}
1002
{
1070
     3
1000
1035229
1002
}
  0
LINE
  5
56D
330
537
100
AcDbEntity
  8
P-SANR-FIXT
100
AcDbLine
 10
27621.46338208715
 20
30067.79927017808
 30
0.0
 11
27621.46338208715
 21
30066.9999999999
 31
0.0
1001
REVIT
1002
{
1070
     1
1000
1961636
1002
}
1002
{
1070
     5
1000
1739590
1002
}
1002
{
1070
     3
1000
1035229
1002
}
  0
LINE
  5
56E
330
537
100
AcDbEntity
  8
P-SANR-FIXT
100
AcDbLine
 10
27621.46338208717
 20
30079.19999999994
 30
0.0
 11
27621.46338208717
 21
30065.79999999993
 31
0.0
1001
REVIT
1002
{
1070
     1
1000
1961636
1002
}
1002
{
1070
     5
1000
1739590
1002
}
1002
{
1070
     3
1000
1035229
1002
}
  0
LINE
  5
56F
330
537
100
AcDbEntity
  8
P-SANR-FIXT
100
AcDbLine
 10
27740.87216191586
 20
30064.9999999999
 30
0.0
 11
27734.1955499501
 21
30064.9999999999
 31
0.0
1001
REVIT
1002
{
1070
     1
1000
1961636
1002
}
1002
{
1070
     5
1000
1739590
1002
}
1002
{
1070
     3
1000
1035229
1002
}
  0
LINE
  5
570
330
537
100
AcDbEntity
  8
P-SANR-FIXT
100
AcDbLine
 10
27740.87216191586
 20
30064.9999999999
 30
0.0
 11
27748.56836034803
 21
30064.9999999999
 31
0.0
1001
REVIT
1002
{
1070
     1
1000
1961636
1002
}
1002
{
1070
     5
1000
1739590
1002
}
1002
{
1070
     3
1000
1035229
1002
}
  0
LINE
  5
571
330
537
100
AcDbEntity
  8
P-SANR-FIXT
100
AcDbLine
 10
27734.19338208717
 20
30064.9999999999
 30
0.0
 11
27748.56836034803
 21
30064.9999999999
 31
0.0
1001
REVIT
1002
{
1070
     1
1000
1961636
1002
}
1002
{
1070
     5
1000
1739590
1002
}
1002
{
1070
     3
1000
1035229
1002
}
  0
LINE
  5
572
330
537
100
AcDbEntity
  8
P-SANR-FIXT
100
AcDbLine
 10
27734.19338208717
 20
30064.9999999999
 30
0.0
 11
27705.46338208717
 21
30064.9999999999
 31
0.0
1001
REVIT
1002
{
1070
     1
1000
1961636
1002
}
1002
{
1070
     5
1000
1739590
1002
}
1002
{
1070
     3
1000
1035229
1002
}
  0
LINE
  5
573
330
537
100
AcDbEntity
  8
P-SANR-FIXT
100
AcDbLine
 10
27743.58301745349
 20
30064.9999999999
 30
0.0
 11
27748.56836034803
 21
30064.9999999999
 31
0.0
1001
REVIT
1002
{
1070
     1
1000
1961636
1002
}
1002
{
1070
     5
1000
1739590
1002
}
1002
{
1070
     3
1000
1035229
1002
}
  0
LINE
  5
574
330
537
100
AcDbEntity
  8
P-SANR-FIXT
100
AcDbLine
 10
27748.56836034803
 20
30064.9999999999
 30
0.0
 11
27743.51313593769
 21
30064.9999999999
 31
0.0
1001
REVIT
1002
{
1070
     1
1000
1961636
1002
}
1002
{
1070
     5
1000
1739590
1002
}
1002
{
1070
     3
1000
1035229
1002
}
  0
LINE
  5
575
330
537
100
AcDbEntity
  8
P-SANR-FIXT
100
AcDbLine
 10
27704.46338208716
 20
30064.9999999999
 30
0.0
 11
27622.96338208717
 21
30064.9999999999
 31
0.0
1001
REVIT
1002
{
1070
     1
1000
1961636
1002
}
1002
{
1070
     5
1000
1739590
1002
}
1002
{
1070
     3
1000
1035229
1002
}
  0
LINE
  5
576
330
537
100
AcDbEntity
  8
P-SANR-FIXT
100
AcDbLine
 10
27622.26338208717
 20
30064.9999999999
 30
0.0
 11
27622.96338208717
 21
30064.9999999999
 31
0.0
1001
REVIT
1002
{
1070
     1
1000
1961636
1002
}
1002
{
1070
     5
1000
1739590
1002
}
1002
{
1070
     3
1000
1035229
1002
}
  0
LINE
  5
577
330
537
100
AcDbEntity
  8
P-SANR-FIXT
100
AcDbLine
 10
27622.26338208717
 20
30064.9999999999
 30
0.0
 11
27622.96338208717
 21
30064.9999999999
 31
0.0
1001
REVIT
1002
{
1070
     1
1000
1961636
1002
}
1002
{
1070
     5
1000
1739590
1002
}
1002
{
1070
     3
1000
1035229
1002
}
  0
LINE
  5
578
330
537
100
AcDbEntity
  8
P-SANR-FIXT
100
AcDbLine
 10
27622.96338208717
 20
30079.9999999999
 30
0.0
 11
27622.26338208717
 21
30079.9999999999
 31
0.0
1001
REVIT
1002
{
1070
     1
1000
1961636
1002
}
1002
{
1070
     5
1000
1739590
1002
}
1002
{
1070
     3
1000
1035229
1002
}
  0
LINE
  5
579
330
537
100
AcDbEntity
  8
P-SANR-FIXT
100
AcDbLine
 10
27622.96338208717
 20
30079.9999999999
 30
0.0
 11
27622.26338208717
 21
30079.9999999999
 31
0.0
1001
REVIT
1002
{
1070
     1
1000
1961636
1002
}
1002
{
1070
     5
1000
1739590
1002
}
1002
{
1070
     3
1000
1035229
1002
}
  0
LINE
  5
57A
330
537
100
AcDbEntity
  8
P-SANR-FIXT
100
AcDbLine
 10
27622.96338208717
 20
30079.9999999999
 30
0.0
 11
27704.46338208716
 21
30079.9999999999
 31
0.0
1001
REVIT
1002
{
1070
     1
1000
1961636
1002
}
1002
{
1070
     5
1000
1739590
1002
}
1002
{
1070
     3
1000
1035229
1002
}
  0
LINE
  5
57B
330
537
100
AcDbEntity
  8
P-SANR-FIXT
100
AcDbLine
 10
27748.56836034803
 20
30079.9999999999
 30
0.0
 11
27740.87216191586
 21
30079.9999999999
 31
0.0
1001
REVIT
1002
{
1070
     1
1000
1961636
1002
}
1002
{
1070
     5
1000
1739590
1002
}
1002
{
1070
     3
1000
1035229
1002
}
  0
LINE
  5
57C
330
537
100
AcDbEntity
  8
P-SANR-FIXT
100
AcDbLine
 10
27740.87216191586
 20
30079.9999999999
 30
0.0
 11
27742.13789471974
 21
30079.9999999999
 31
0.0
1001
REVIT
1002
{
1070
     1
1000
1961636
1002
}
1002
{
1070
     5
1000
1739590
1002
}
1002
{
1070
     3
1000
1035229
1002
}
  0
LINE
  5
57D
330
537
100
AcDbEntity
  8
P-SANR-FIXT
100
AcDbLine
 10
27734.19596079389
 20
30079.9999999999
 30
0.0
 11
27742.13789471974
 21
30079.9999999999
 31
0.0
1001
REVIT
1002
{
1070
     1
1000
1961636
1002
}
1002
{
1070
     5
1000
1739590
1002
}
1002
{
1070
     3
1000
1035229
1002
}
  0
LINE
  5
57E
330
537
100
AcDbEntity
  8
P-SANR-FIXT
100
AcDbLine
 10
27744.29925262694
 20
30079.9999999999
 30
0.0
 11
27748.56836034803
 21
30079.9999999999
 31
0.0
1001
REVIT
1002
{
1070
     1
1000
1961636
1002
}
1002
{
1070
     5
1000
1739590
1002
}
1002
{
1070
     3
1000
1035229
1002
}
  0
LINE
  5
57F
330
537
100
AcDbEntity
  8
P-SANR-FIXT
100
AcDbLine
 10
27705.46338208716
 20
30079.9999999999
 30
0.0
 11
27734.19338208717
 21
30079.9999999999
 31
0.0
1001
REVIT
1002
{
1070
     1
1000
1961636
1002
}
1002
{
1070
     5
1000
1739590
1002
}
1002
{
1070
     3
1000
1035229
1002
}
  0
LINE
  5
580
330
537
100
AcDbEntity
  8
P-SANR-FIXT
100
AcDbLine
 10
27748.56836034803
 20
30079.9999999999
 30
0.0
 11
27734.19338208717
 21
30079.9999999999
 31
0.0
1001
REVIT
1002
{
1070
     1
1000
1961636
1002
}
1002
{
1070
     5
1000
1739590
1002
}
1002
{
1070
     3
1000
1035229
1002
}
  0
LINE
  5
581
330
537
100
AcDbEntity
  8
P-SANR-FIXT
100
AcDbLine
 10
27622.96338208717
 20
30065.7999999999
 30
0.0
 11
27621.46338208717
 21
30065.7999999999
 31
0.0
1001
REVIT
1002
{
1070
     1
1000
1961636
1002
}
1002
{
1070
     5
1000
1739590
1002
}
1002
{
1070
     3
1000
1035229
1002
}
  0
LINE
  5
582
330
537
100
AcDbEntity
  8
P-SANR-FIXT
100
AcDbLine
 10
27621.46338208717
 20
30079.19999999991
 30
0.0
 11
27622.96338208717
 21
30079.19999999991
 31
0.0
1001
REVIT
1002
{
1070
     1
1000
1961636
1002
}
1002
{
1070
     5
1000
1739590
1002
}
1002
{
1070
     3
1000
1035229
1002
}
  0
LINE
  5
583
330
537
100
AcDbEntity
  8
P-SANR-FIXT
100
AcDbLine
 10
27622.96338208717
 20
30065.7999999999
 30
0.0
 11
27621.46338208717
 21
30065.7999999999
 31
0.0
1001
REVIT
1002
{
1070
     1
1000
1961636
1002
}
1002
{
1070
     5
1000
1739590
1002
}
1002
{
1070
     3
1000
1035229
1002
}
  0
LINE
  5
584
330
537
100
AcDbEntity
  8
P-SANR-FIXT
100
AcDbLine
 10
27621.46338208717
 20
30079.19999999991
 30
0.0
 11
27622.96338208717
 21
30079.19999999991
 31
0.0
1001
REVIT
1002
{
1070
     1
1000
1961636
1002
}
1002
{
1070
     5
1000
1739590
1002
}
1002
{
1070
     3
1000
1035229
1002
}
  0
LINE
  5
585
330
537
100
AcDbEntity
  8
P-SANR-FIXT
100
AcDbLine
 10
27622.96338208717
 20
30065.7999999999
 30
0.0
 11
27673.61338208717
 21
30065.7999999999
 31
0.0
1001
REVIT
1002
{
1070
     1
1000
1961636
1002
}
1002
{
1070
     5
1000
1739590
1002
}
1002
{
1070
     3
1000
1035229
1002
}
  0
LINE
  5
586
330
537
100
AcDbEntity
  8
P-SANR-FIXT
100
AcDbLine
 10
27673.61338208717
 20
30079.19999999991
 30
0.0
 11
27622.96338208717
 21
30079.19999999991
 31
0.0
1001
REVIT
1002
{
1070
     1
1000
1961636
1002
}
1002
{
1070
     5
1000
1739590
1002
}
1002
{
1070
     3
1000
1035229
1002
}
  0
LINE
  5
587
330
537
100
AcDbEntity
  8
P-SANR-FIXT
100
AcDbLine
 10
27673.61338208717
 20
30065.7999999999
 30
0.0
 11
27704.46338208716
 21
30065.7999999999
 31
0.0
1001
REVIT
1002
{
1070
     1
1000
1961636
1002
}
1002
{
1070
     5
1000
1739590
1002
}
1002
{
1070
     3
1000
1035229
1002
}
  0
LINE
  5
588
330
537
100
AcDbEntity
  8
P-SANR-FIXT
100
AcDbLine
 10
27704.46338208716
 20
30065.7999999999
 30
0.0
 11
27704.46338208716
 21
30079.1999999999
 31
0.0
1001
REVIT
1002
{
1070
     1
1000
1961636
1002
}
1002
{
1070
     5
1000
1739590
1002
}
1002
{
1070
     3
1000
1035229
1002
}
  0
LINE
  5
589
330
537
100
AcDbEntity
  8
P-SANR-FIXT
100
AcDbLine
 10
27704.46338208716
 20
30079.1999999999
 30
0.0
 11
27673.61338208717
 21
30079.19999999991
 31
0.0
1001
REVIT
1002
{
1070
     1
1000
1961636
1002
}
1002
{
1070
     5
1000
1739590
1002
}
1002
{
1070
     3
1000
1035229
1002
}
  0
LINE
  5
58A
330
537
100
AcDbEntity
  8
P-SANR-FIXT
100
AcDbLine
 10
27705.46338208717
 20
30079.1999999999
 30
0.0
 11
27705.46338208717
 21
30065.7999999999
 31
0.0
1001
REVIT
1002
{
1070
     1
1000
1961636
1002
}
1002
{
1070
     5
1000
1739590
1002
}
1002
{
1070
     3
1000
1035229
1002
}
  0
LINE
  5
58B
330
537
100
AcDbEntity
  8
P-SANR-FIXT
100
AcDbLine
 10
27705.46338208717
 20
30065.7999999999
 30
0.0
 11
27734.19338208717
 21
30065.7999999999
 31
0.0
1001
REVIT
1002
{
1070
     1
1000
1961636
1002
}
1002
{
1070
     5
1000
1739590
1002
}
1002
{
1070
     3
1000
1035229
1002
}
  0
LINE
  5
58C
330
537
100
AcDbEntity
  8
P-SANR-FIXT
100
AcDbLine
 10
27734.19338208717
 20
30079.1999999999
 30
0.0
 11
27705.46338208717
 21
30079.1999999999
 31
0.0
1001
REVIT
1002
{
1070
     1
1000
1961636
1002
}
1002
{
1070
     5
1000
1739590
1002
}
1002
{
1070
     3
1000
1035229
1002
}
  0
LINE
  5
58D
330
537
100
AcDbEntity
  8
P-SANR-FIXT
100
AcDbLine
 10
27749.49044062796
 20
30065.7999999999
 30
0.0
 11
27734.19338208717
 21
30065.7999999999
 31
0.0
1001
REVIT
1002
{
1070
     1
1000
1961636
1002
}
1002
{
1070
     5
1000
1739590
1002
}
1002
{
1070
     3
1000
1035229
1002
}
  0
LINE
  5
58E
330
537
100
AcDbEntity
  8
P-SANR-FIXT
100
AcDbLine
 10
27734.19338208717
 20
30079.1999999999
 30
0.0
 11
27749.49044062796
 21
30079.1999999999
 31
0.0
1001
REVIT
1002
{
1070
     1
1000
1961636
1002
}
1002
{
1070
     5
1000
1739590
1002
}
1002
{
1070
     3
1000
1035229
1002
}
  0
LINE
  5
58F
330
537
100
AcDbEntity
  8
P-SANR-FIXT
100
AcDbLine
 10
27740.87216191586
 20
30079.1999999999
 30
0.0
 11
27740.87216191586
 21
30079.9999999999
 31
0.0
1001
REVIT
1002
{
1070
     1
1000
1961636
1002
}
1002
{
1070
     5
1000
1739590
1002
}
1002
{
1070
     3
1000
1035229
1002
}
  0
ARC
  5
590
330
537
100
AcDbEntity
  8
P-SANR-FIXT
100
AcDbCircle
 10
27643.86489079685
 20
29958.38734933214
 30
0.0
 40
160.4757094967759
100
AcDbArc
 50
48.83705373634861
 51
49.27290802508168
1001
REVIT
1002
{
1070
     1
1000
1961636
1002
}
1002
{
1070
     5
1000
1739590
1002
}
1002
{
1070
     3
1000
1035229
1002
}
  0
LINE
  5
591
330
537
100
AcDbEntity
  8
P-SANR-FIXT
100
AcDbLine
 10
27749.49044062796
 20
30065.7999999999
 30
0.0
 11
27749.49044062796
 21
30079.1999999999
 31
0.0
1001
REVIT
1002
{
1070
     1
1000
1961636
1002
}
1002
{
1070
     5
1000
1739590
1002
}
1002
{
1070
     3
1000
1035229
1002
}
  0
ARC
  5
592
330
537
100
AcDbEntity
  8
P-SANR-FIXT
100
AcDbCircle
 10
27643.86489079317
 20
30186.61265067191
 30
0.0
 40
160.4757095023978
100
AcDbArc
 50
310.7270919749255
 51
311.1629462636433
1001
REVIT
1002
{
1070
     1
1000
1961636
1002
}
1002
{
1070
     5
1000
1739590
1002
}
1002
{
1070
     3
1000
1035229
1002
}
  0
ARC
  5
593
330
537
100
AcDbEntity
  8
P-SANR-FIXT
100
AcDbCircle
 10
27643.86489078688
 20
30186.61265067916
 30
0.0
 40
160.4757095119975
100
AcDbArc
 50
310.727091974935
 51
311.1629462636267
1001
REVIT
1002
{
1070
     1
1000
1961636
1002
}
1002
{
1070
     5
1000
1739590
1002
}
1002
{
1070
     3
1000
1035229
1002
}
  0
ARC
  5
594
330
537
100
AcDbEntity
  8
P-SANR-FIXT
100
AcDbCircle
 10
27643.86489079094
 20
29958.38734932535
 30
0.0
 40
160.4757095057774
100
AcDbArc
 50
48.83705373635324
 51
49.27290802506189
1001
REVIT
1002
{
1070
     1
1000
1961636
1002
}
1002
{
1070
     5
1000
1739590
1002
}
1002
{
1070
     3
1000
1035229
1002
}
  0
LINE
  5
595
330
537
100
AcDbEntity
  8
P-SANR-FIXT
100
AcDbLine
 10
27705.46338208717
 20
30079.1999999999
 30
0.0
 11
27705.46338208717
 21
30079.9999999999
 31
0.0
1001
REVIT
1002
{
1070
     1
1000
1961636
1002
}
1002
{
1070
     5
1000
1739590
1002
}
1002
{
1070
     3
1000
1035229
1002
}
  0
LINE
  5
596
330
537
100
AcDbEntity
  8
P-SANR-FIXT
100
AcDbLine
 10
27705.46338208717
 20
30064.9999999999
 30
0.0
 11
27705.46338208717
 21
30065.7999999999
 31
0.0
1001
REVIT
1002
{
1070
     1
1000
1961636
1002
}
1002
{
1070
     5
1000
1739590
1002
}
1002
{
1070
     3
1000
1035229
1002
}
  0
LINE
  5
597
330
537
100
AcDbEntity
  8
P-SANR-FIXT
100
AcDbLine
 10
27704.46338208716
 20
30079.9999999999
 30
0.0
 11
27704.46338208716
 21
30079.1999999999
 31
0.0
1001
REVIT
1002
{
1070
     1
1000
1961636
1002
}
1002
{
1070
     5
1000
1739590
1002
}
1002
{
1070
     3
1000
1035229
1002
}
  0
LINE
  5
598
330
537
100
AcDbEntity
  8
P-SANR-FIXT
100
AcDbLine
 10
27704.46338208716
 20
30065.7999999999
 30
0.0
 11
27704.46338208716
 21
30064.9999999999
 31
0.0
1001
REVIT
1002
{
1070
     1
1000
1961636
1002
}
1002
{
1070
     5
1000
1739590
1002
}
1002
{
1070
     3
1000
1035229
1002
}
  0
LINE
  5
599
330
537
100
AcDbEntity
  8
P-SANR-FIXT
100
AcDbLine
 10
27705.46338208717
 20
30067.5
 30
0.0
 11
27704.46338208716
 21
30067.5
 31
0.0
1001
REVIT
1002
{
1070
     1
1000
1961636
1002
}
1002
{
1070
     5
1000
1739590
1002
}
1002
{
1070
     3
1000
1035229
1002
}
  0
LINE
  5
59A
330
537
100
AcDbEntity
  8
P-SANR-FIXT
100
AcDbLine
 10
27705.46338208717
 20
30077.49999999999
 30
0.0
 11
27704.46338208716
 21
30077.49999999999
 31
0.0
1001
REVIT
1002
{
1070
     1
1000
1961636
1002
}
1002
{
1070
     5
1000
1739590
1002
}
1002
{
1070
     3
1000
1035229
1002
}
  0
LINE
  5
59B
330
537
100
AcDbEntity
  8
P-SANR-FIXT
100
AcDbLine
 10
27740.87216191586
 20
30079.1999999999
 30
0.0
 11
27742.13789471974
 21
30079.9999999999
 31
0.0
1001
REVIT
1002
{
1070
     1
1000
1961636
1002
}
1002
{
1070
     5
1000
1739590
1002
}
1002
{
1070
     3
1000
1035229
1002
}
  0
LWPOLYLINE
  5
59C
330
537
100
AcDbEntity
  8
P-SANR-FIXT
100
AcDbPolyline
 90
       80
 70
   128
 43
0.0
 10
27788.96338208719
 20
30636.0000000001
 10
27788.86379536649
 20
30636.0000000001
 10
27788.56519452187
 20
30636.0000000001
 10
27788.068057251
 20
30636.0000000001
 10
27787.37317886745
 20
30636.0000000001
 10
27786.48167102843
 20
30636.0000000001
 10
27785.39495995627
 20
30636.0000000001
 10
27784.11478415688
 20
30636.0000000001
 10
27782.64319163846
 20
30636.0000000001
 10
27780.98253663509
 20
30636.0000000001
 10
27779.13547584055
 20
30636.0000000001
 10
27777.10496415807
 20
30636.0000000001
 10
27774.89424997321
 20
30636.0000000001
 10
27772.50686995706
 20
30636.0000000001
 10
27769.94664340836
 20
30636.0000000001
 10
27767.21766614345
 20
30636.0000000001
 10
27764.32430394379
 20
30636.0000000001
 10
27761.27118557168
 20
30636.0000000001
 10
27758.06319536523
 20
30636.0000000001
 10
27754.70546542443
 20
30636.0000000001
 10
27751.20336740091
 20
30636.0000000001
 10
27747.56250390443
 20
30636.0000000001
 10
27743.78869953992
 20
30636.0000000001
 10
27739.8879915893
 20
30636.0000000001
 10
27735.86662035321
 20
30636.0000000001
 10
27731.73101916777
 20
30636.0000000001
 10
27727.48780411267
 20
30636.0000000001
 10
27723.14376342682
 20
30636.0000000001
 10
27718.70584664864
 20
30636.0000000001
 10
27714.18115349827
 20
30636.0000000001
 10
27709.57692251954
 20
30636.0000000001
 10
27704.90051949982
 20
30636.0000000001
 10
27700.15942568637
 20
30636.0000000001
 10
27695.36122581791
 20
30636.0000000001
 10
27690.51359599067
 20
30636.0000000001
 10
27685.62429137827
 20
30636.0000000001
 10
27680.70113382509
 20
30636.0000000001
 10
27675.75199933299
 20
30636.0000000001
 10
27670.78480546142
 20
30636.0000000001
 10
27665.80749866095
 20
30636.0000000001
 10
27660.82804156068
 20
30636.0000000001
 10
27655.85440022976
 20
30636.0000000001
 10
27650.89453143332
 20
30636.0000000001
 10
27645.9563699034
 20
30636.0000000001
 10
27641.04781564503
 20
30636.0000000001
 10
27636.1767212979
 20
30636.0000000001
 10
27631.35087957387
 20
30636.0000000001
 10
27626.57801079024
 20
30636.0000000001
 10
27621.8657505189
 20
30636.0000000001
 10
27617.22163737106
 20
30636.0000000001
 10
27612.65310093707
 20
30636.0000000001
 10
27608.16744990064
 20
30636.0000000001
 10
27603.77186034656
 20
30636.0000000001
 10
27599.47336428042
 20
30636.0000000001
 10
27595.27883837898
 20
30636.0000000001
 10
27591.19499298889
 20
30636.0000000001
 10
27587.22836139161
 20
30636.0000000001
 10
27583.38528935151
 20
30636.0000000001
 10
27579.67192496404
 20
30636.0000000001
 10
27576.0942088201
 20
30636.0000000001
 10
27572.6578645023
 20
30636.0000000001
 10
27569.3683894285
 20
30636.0000000001
 10
27566.23104605711
 20
30636.0000000001
 10
27563.25085346825
 20
30636.0000000001
 10
27560.43257933433
 20
30636.0000000001
 10
27557.78073229275
 20
30636.0000000001
 10
27555.2995547331
 20
30636.0000000001
 10
27552.99301601017
 20
30636.0000000001
 10
27550.86480609389
 20
30636.0000000001
 10
27548.91832966612
 20
30636.0000000001
 10
27547.15670067394
 20
30636.0000000001
 10
27545.58273734792
 20
30636.0000000001
 10
27544.19895769364
 20
30636.0000000001
 10
27543.00757546334
 20
30636.0000000001
 10
27542.01049661445
 20
30636.0000000001
 10
27541.20931626043
 20
30636.0000000001
 10
27540.60531611893
 20
30636.0000000001
 10
27540.19946246134
 20
30636.0000000001
 10
27539.99240456693
 20
30636.0000000001
 10
27539.96338208718
 20
30636.0000000001
1001
REVIT
1002
{
1070
     1
1000
1961636
1002
}
1002
{
1070
     5
1000
1739590
1002
}
1002
{
1070
     3
1000
1035229
1002
}
  0
LWPOLYLINE
  5
59D
330
537
100
AcDbEntity
  8
P-SANR-FIXT
100
AcDbPolyline
 90
       80
 70
   128
 43
0.0
 10
27539.96338208718
 20
30636.0000000001
 10
27540.06296880789
 20
30636.0000000001
 10
27540.36156965251
 20
30636.0000000001
 10
27540.85870692338
 20
30636.0000000001
 10
27541.55358530692
 20
30636.0000000001
 10
27542.44509314595
 20
30636.0000000001
 10
27543.5318042181
 20
30636.0000000001
 10
27544.8119800175
 20
30636.0000000001
 10
27546.28357253592
 20
30636.0000000001
 10
27547.94422753928
 20
30636.0000000001
 10
27549.79128833383
 20
30636.0000000001
 10
27551.8218000163
 20
30636.0000000001
 10
27554.03251420117
 20
30636.0000000001
 10
27556.41989421732
 20
30636.0000000001
 10
27558.98012076602
 20
30636.0000000001
 10
27561.70909803093
 20
30636.0000000001
 10
27564.60246023059
 20
30636.0000000001
 10
27567.65557860269
 20
30636.0000000001
 10
27570.86356880914
 20
30636.0000000001
 10
27574.22129874994
 20
30636.0000000001
 10
27577.72339677346
 20
30636.0000000001
 10
27581.36426026994
 20
30636.0000000001
 10
27585.13806463447
 20
30636.0000000001
 10
27589.03877258508
 20
30636.0000000001
 10
27593.06014382117
 20
30636.0000000001
 10
27597.19574500661
 20
30636.0000000001
 10
27601.43896006171
 20
30636.0000000001
 10
27605.78300074756
 20
30636.0000000001
 10
27610.22091752573
 20
30636.0000000001
 10
27614.74561067611
 20
30636.0000000001
 10
27619.34984165484
 20
30636.0000000001
 10
27624.02624467456
 20
30636.0000000001
 10
27628.76733848801
 20
30636.0000000001
 10
27633.56553835647
 20
30636.0000000001
 10
27638.41316818371
 20
30636.0000000001
 10
27643.30247279611
 20
30636.0000000001
 10
27648.22563034929
 20
30636.0000000001
 10
27653.17476484138
 20
30636.0000000001
 10
27658.14195871296
 20
30636.0000000001
 10
27663.11926551343
 20
30636.0000000001
 10
27668.0987226137
 20
30636.0000000001
 10
27673.07236394462
 20
30636.0000000001
 10
27678.03223274105
 20
30636.0000000001
 10
27682.97039427097
 20
30636.0000000001
 10
27687.87894852936
 20
30636.0000000001
 10
27692.75004287647
 20
30636.0000000001
 10
27697.57588460051
 20
30636.0000000001
 10
27702.34875338414
 20
30636.0000000001
 10
27707.06101365548
 20
30636.0000000001
 10
27711.70512680332
 20
30636.0000000001
 10
27716.27366323731
 20
30636.0000000001
 10
27720.75931427374
 20
30636.0000000001
 10
27725.15490382782
 20
30636.0000000001
 10
27729.45339989395
 20
30636.0000000001
 10
27733.64792579539
 20
30636.0000000001
 10
27737.73177118548
 20
30636.0000000001
 10
27741.69840278277
 20
30636.0000000001
 10
27745.54147482287
 20
30636.0000000001
 10
27749.25483921033
 20
30636.0000000001
 10
27752.83255535427
 20
30636.0000000001
 10
27756.26889967208
 20
30636.0000000001
 10
27759.55837474588
 20
30636.0000000001
 10
27762.69571811726
 20
30636.0000000001
 10
27765.67591070613
 20
30636.0000000001
 10
27768.49418484005
 20
30636.0000000001
 10
27771.14603188163
 20
30636.0000000001
 10
27773.62720944128
 20
30636.0000000001
 10
27775.93374816421
 20
30636.0000000001
 10
27778.06195808049
 20
30636.0000000001
 10
27780.00843450825
 20
30636.0000000001
 10
27781.77006350044
 20
30636.0000000001
 10
27783.34402682646
 20
30636.0000000001
 10
27784.72780648074
 20
30636.0000000001
 10
27785.91918871103
 20
30636.0000000001
 10
27786.91626755992
 20
30636.0000000001
 10
27787.71744791395
 20
30636.0000000001
 10
27788.32144805544
 20
30636.0000000001
 10
27788.72730171303
 20
30636.0000000001
 10
27788.93435960745
 20
30636.0000000001
 10
27788.96338208719
 20
30636.0000000001
1001
REVIT
1002
{
1070
     1
1000
1961636
1002
}
1002
{
1070
     5
1000
1739590
1002
}
1002
{
1070
     3
1000
1035229
1002
}
  0
LWPOLYLINE
  5
59E
330
537
100
AcDbEntity
  8
P-SANR-FIXT
100
AcDbPolyline
 90
       41
 70
   128
 43
0.0
 10
27539.46338208718
 20
30635.5000000001
 10
27539.46378203386
 20
30635.51999466719
 10
27539.46498123403
 20
30635.53995734708
 10
27539.46697776926
 20
30635.55985610374
 10
27539.4697684455
 20
30635.5796591034
 10
27539.47334879827
 20
30635.5993346655
 10
27539.47771309976
 20
30635.61885131331
 10
27539.48285436803
 20
30635.63817782438
 10
27539.48876437814
 20
30635.65728328041
 10
27539.49543367535
 20
30635.67613711674
 10
27539.50285159019
 20
30635.69470917125
 10
27539.51100625557
 20
30635.71296973263
 10
27539.51988462579
 20
30635.73088958787
 10
27539.52947249735
 20
30635.74844006903
 10
27539.53975453168
 20
30635.76559309906
 10
27539.55071427973
 20
30635.7823212368
 10
27539.56233420825
 20
30635.79859772078
 10
27539.57459572781
 20
30635.81439651211
 10
27539.58747922262
 20
30635.82969233609
 10
27539.60096408181
 20
30635.84446072265
 10
27539.61502873251
 20
30635.85867804555
 10
27539.62965067426
 20
30635.87232156009
 10
27539.64480651509
 20
30635.88536943955
 10
27539.66047200886
 20
30635.89780081012
 10
27539.67662209415
 20
30635.90959578425
 10
27539.69323093425
 20
30635.9207354925
 10
27539.71027195857
 20
30635.93120211372
 10
27539.72771790509
 20
30635.94097890354
 10
27539.74554086405
 20
30635.95005022119
 10
27539.76371232248
 20
30635.95840155449
 10
27539.78220320995
 20
30635.96601954308
 10
27539.80098394497
 20
30635.97289199983
 10
27539.82002448237
 20
30635.97900793024
 10
27539.83929436136
 20
30635.98435755016
 10
27539.85876275424
 20
30635.98893230131
 10
27539.87839851573
 20
30635.99272486509
 10
27539.89817023282
 20
30635.99572917419
 10
27539.91804627496
 20
30635.99794042237
 10
27539.93799484472
 20
30635.99935507209
 10
27539.95798402866
 20
30635.99997086021
 10
27539.96338208718
 20
30636.0000000001
1001
REVIT
1002
{
1070
     1
1000
1961636
1002
}
1002
{
1070
     5
1000
1739590
1002
}
1002
{
1070
     3
1000
1035229
1002
}
  0
LWPOLYLINE
  5
59F
330
537
100
AcDbEntity
  8
P-SANR-FIXT
100
AcDbPolyline
 90
       41
 70
   128
 43
0.0
 10
27788.96338208719
 20
30636.0000000001
 10
27788.98337675429
 20
30635.99960005343
 10
27789.00333943418
 20
30635.99840085325
 10
27789.02323819084
 20
30635.99640431803
 10
27789.0430411905
 20
30635.99361364179
 10
27789.06271675259
 20
30635.99003328902
 10
27789.0822334004
 20
30635.98566898752
 10
27789.10155991148
 20
30635.98052771926
 10
27789.1206653675
 20
30635.97461770914
 10
27789.13951920383
 20
30635.96794841194
 10
27789.15809125835
 20
30635.9605304971
 10
27789.17635181972
 20
30635.95237583171
 10
27789.19427167496
 20
30635.94349746149
 10
27789.21182215611
 20
30635.93390958994
 10
27789.22897518615
 20
30635.92362755561
 10
27789.24570332389
 20
30635.91266780755
 10
27789.26197980787
 20
30635.90104787904
 10
27789.2777785992
 20
30635.88878635947
 10
27789.29307442317
 20
30635.87590286467
 10
27789.30784280975
 20
30635.86241800547
 10
27789.32206013264
 20
30635.84835335478
 10
27789.33570364718
 20
30635.83373141302
 10
27789.34875152664
 20
30635.8185755722
 10
27789.36118289721
 20
30635.80291007842
 10
27789.37297787134
 20
30635.78675999313
 10
27789.38411757959
 20
30635.77015115303
 10
27789.39458420081
 20
30635.75311012872
 10
27789.40436099064
 20
30635.73566418219
 10
27789.41343230828
 20
30635.71784122324
 10
27789.42178364158
 20
30635.6996697648
 10
27789.42940163017
 20
30635.68117887734
 10
27789.43627408692
 20
30635.66239814232
 10
27789.44239001734
 20
30635.64335760492
 10
27789.44773963725
 20
30635.62408772593
 10
27789.45231438841
 20
30635.60461933305
 10
27789.45610695219
 20
30635.58498357155
 10
27789.45911126129
 20
30635.56521185447
 10
27789.46132250946
 20
30635.54533581233
 10
27789.46273715918
 20
30635.52538724257
 10
27789.46335294731
 20
30635.50539805863
 10
27789.46338208719
 20
30635.5000000001
1001
REVIT
1002
{
1070
     1
1000
1961636
1002
}
1002
{
1070
     5
1000
1739590
1002
}
1002
{
1070
     3
1000
1035229
1002
}
  0
LINE
  5
5A0
330
537
100
AcDbEntity
  8
P-SANR-FIXT
100
AcDbLine
 10
27789.46338208716
 20
30623.51832767235
 30
0.0
 11
27789.46338208716
 21
30635.5000000001
 31
0.0
1001
REVIT
1002
{
1070
     1
1000
1961636
1002
}
1002
{
1070
     5
1000
1739590
1002
}
1002
{
1070
     3
1000
1035229
1002
}
  0
LINE
  5
5A1
330
537
100
AcDbEntity
  8
P-SANR-FIXT
100
AcDbLine
 10
27539.46338208722
 20
30635.5000000001
 30
0.0
 11
27539.46338208722
 21
30623.51832767235
 31
0.0
1001
REVIT
1002
{
1070
     1
1000
1961636
1002
}
1002
{
1070
     5
1000
1739590
1002
}
1002
{
1070
     3
1000
1035229
1002
}
  0
LWPOLYLINE
  5
5A2
330
537
100
AcDbEntity
  8
P-SANR-FIXT
100
AcDbPolyline
 90
       80
 70
   128
 43
0.0
 10
27539.98170975946
 20
30623.0000000001
 10
27540.08128181999
 20
30623.0000000001
 10
27540.37983870751
 20
30623.0000000001
 10
27540.8769027947
 20
30623.0000000001
 10
27541.57167888504
 20
30623.0000000001
 10
27542.463055485
 20
30623.0000000001
 10
27543.54960658218
 20
30623.0000000001
 10
27544.82959392662
 20
30623.0000000001
 10
27546.30096981158
 20
30623.0000000001
 10
27547.96138034955
 20
30623.0000000001
 10
27549.80816923788
 20
30623.0000000001
 10
27551.83838200828
 20
30623.0000000001
 10
27554.04877075342
 20
30623.0000000001
 10
27556.43579932285
 20
30623.0000000001
 10
27558.99564898003
 20
30623.0000000001
 10
27561.7242245116
 20
30623.0000000001
 10
27564.61716077878
 20
30623.0000000001
 10
27567.66982970066
 20
30623.0000000001
 10
27570.87734765817
 20
30623.0000000001
 10
27574.23458330681
 20
30623.0000000001
 10
27577.73616578571
 20
30623.0000000001
 10
27581.37649330987
 20
30623.0000000001
 10
27585.14974213183
 20
30623.0000000001
 10
27589.04987585837
 20
30623.0000000001
 10
27593.07065510752
 20
30623.0000000001
 10
27597.2056474902
 20
30623.0000000001
 10
27601.44823790068
 20
30623.0000000001
 10
27605.79163909935
 20
30623.0000000001
 10
27610.22890257083
 20
30623.0000000001
 10
27614.75292964013
 20
30623.0000000001
 10
27619.35648282902
 20
30623.0000000001
 10
27624.03219743442
 20
30623.0000000001
 10
27628.77259331041
 20
30623.0000000001
 10
27633.57008683481
 20
30623.0000000001
 10
27638.4170030414
 20
30623.0000000001
 10
27643.3055878982
 20
30623.0000000001
 10
27648.22802071228
 20
30623.0000000001
 10
27653.1764266412
 20
30623.0000000001
 10
27658.14288929108
 20
30623.0000000001
 10
27663.11946338113
 20
30623.0000000001
 10
27668.09818745442
 20
30623.0000000001
 10
27673.07109661451
 20
30623.0000000001
 10
27678.03023526758
 20
30623.0000000001
 10
27682.96766984966
 20
30623.0000000001
 10
27687.87550151869
 20
30623.0000000001
 10
27692.74587879094
 20
30623.0000000001
 10
27697.57101010176
 20
30623.0000000001
 10
27702.34317627033
 20
30623.0000000001
 10
27707.0547428488
 20
30623.0000000001
 10
27711.69817233573
 20
30623.0000000001
 10
27716.26603623447
 20
30623.0000000001
 10
27720.75102693722
 20
30623.0000000001
 10
27725.1459694156
 20
30623.0000000001
 10
27729.44383269919
 20
30623.0000000001
 10
27733.63774112355
 20
30623.0000000001
 10
27737.72098532987
 20
30623.0000000001
 10
27741.68703299845
 20
30623.0000000001
 10
27745.52953929907
 20
30623.0000000001
 10
27749.24235704135
 20
30623.0000000001
 10
27752.81954650891
 20
30623.0000000001
 10
27756.25538496172
 20
30623.0000000001
 10
27759.54437579117
 20
30623.0000000001
 10
27762.68125731356
 20
30623.0000000001
 10
27765.66101118761
 20
30623.0000000001
 10
27768.47887044278
 20
30623.0000000001
 10
27771.13032710537
 20
30623.0000000001
 10
27773.61113941033
 20
30623.0000000001
 10
27775.91733858719
 20
30623.0000000001
 10
27778.04523520922
 20
30623.0000000001
 10
27779.99142509577
 20
30623.0000000001
 10
27781.75279475816
 20
30623.0000000001
 10
27783.3265263807
 20
30623.0000000001
 10
27784.71010232847
 20
30623.0000000001
 10
27785.90130917513
 20
30623.0000000001
 10
27786.89824124382
 20
30623.0000000001
 10
27787.69930365591
 20
30623.0000000001
 10
27788.30321488241
 20
30623.0000000001
 10
27788.7090087942
 20
30623.0000000001
 10
27788.91603620758
 20
30623.0000000001
 10
27788.94505441491
 20
30623.0000000001
1001
REVIT
1002
{
1070
     1
1000
1961636
1002
}
1002
{
1070
     5
1000
1739590
1002
}
1002
{
1070
     3
1000
1035229
1002
}
  0
LWPOLYLINE
  5
5A3
330
537
100
AcDbEntity
  8
P-SANR-FIXT
100
AcDbPolyline
 90
       80
 70
   128
 43
0.0
 10
27788.94505441491
 20
30623.0000000001
 10
27788.84548235439
 20
30623.0000000001
 10
27788.54692546687
 20
30623.0000000001
 10
27788.04986137968
 20
30623.0000000001
 10
27787.35508528934
 20
30623.0000000001
 10
27786.46370868937
 20
30623.0000000001
 10
27785.37715759219
 20
30623.0000000001
 10
27784.09717024777
 20
30623.0000000001
 10
27782.6257943628
 20
30623.0000000001
 10
27780.96538382482
 20
30623.0000000001
 10
27779.1185949365
 20
30623.0000000001
 10
27777.0883821661
 20
30623.0000000001
 10
27774.87799342095
 20
30623.0000000001
 10
27772.49096485153
 20
30623.0000000001
 10
27769.93111519434
 20
30623.0000000001
 10
27767.20253966277
 20
30623.0000000001
 10
27764.30960339559
 20
30623.0000000001
 10
27761.25693447372
 20
30623.0000000001
 10
27758.04941651621
 20
30623.0000000001
 10
27754.69218086757
 20
30623.0000000001
 10
27751.19059838867
 20
30623.0000000001
 10
27747.5502708645
 20
30623.0000000001
 10
27743.77702204255
 20
30623.0000000001
 10
27739.87688831601
 20
30623.0000000001
 10
27735.85610906686
 20
30623.0000000001
 10
27731.72111668418
 20
30623.0000000001
 10
27727.47852627369
 20
30623.0000000001
 10
27723.13512507502
 20
30623.0000000001
 10
27718.69786160355
 20
30623.0000000001
 10
27714.17383453424
 20
30623.0000000001
 10
27709.57028134536
 20
30623.0000000001
 10
27704.89456673996
 20
30623.0000000001
 10
27700.15417086397
 20
30623.0000000001
 10
27695.35667733956
 20
30623.0000000001
 10
27690.50976113297
 20
30623.0000000001
 10
27685.62117627618
 20
30623.0000000001
 10
27680.69874346209
 20
30623.0000000001
 10
27675.75033753318
 20
30623.0000000001
 10
27670.7838748833
 20
30623.0000000001
 10
27665.80730079325
 20
30623.0000000001
 10
27660.82857671995
 20
30623.0000000001
 10
27655.85566755986
 20
30623.0000000001
 10
27650.8965289068
 20
30623.0000000001
 10
27645.95909432472
 20
30623.0000000001
 10
27641.05126265569
 20
30623.0000000001
 10
27636.18088538343
 20
30623.0000000001
 10
27631.35575407262
 20
30623.0000000001
 10
27626.58358790404
 20
30623.0000000001
 10
27621.87202132558
 20
30623.0000000001
 10
27617.22859183865
 20
30623.0000000001
 10
27612.66072793991
 20
30623.0000000001
 10
27608.17573723716
 20
30623.0000000001
 10
27603.78079475877
 20
30623.0000000001
 10
27599.48293147519
 20
30623.0000000001
 10
27595.28902305082
 20
30623.0000000001
 10
27591.20577884451
 20
30623.0000000001
 10
27587.23973117593
 20
30623.0000000001
 10
27583.3972248753
 20
30623.0000000001
 10
27579.68440713303
 20
30623.0000000001
 10
27576.10721766546
 20
30623.0000000001
 10
27572.67137921266
 20
30623.0000000001
 10
27569.38238838321
 20
30623.0000000001
 10
27566.24550686082
 20
30623.0000000001
 10
27563.26575298677
 20
30623.0000000001
 10
27560.44789373159
 20
30623.0000000001
 10
27557.796437069
 20
30623.0000000001
 10
27555.31562476404
 20
30623.0000000001
 10
27553.00942558718
 20
30623.0000000001
 10
27550.88152896515
 20
30623.0000000001
 10
27548.93533907861
 20
30623.0000000001
 10
27547.17396941621
 20
30623.0000000001
 10
27545.60023779369
 20
30623.0000000001
 10
27544.21666184591
 20
30623.0000000001
 10
27543.02545499925
 20
30623.0000000001
 10
27542.02852293056
 20
30623.0000000001
 10
27541.22746051847
 20
30623.0000000001
 10
27540.62354929196
 20
30623.0000000001
 10
27540.21775538018
 20
30623.0000000001
 10
27540.0107279668
 20
30623.0000000001
 10
27539.98170975946
 20
30623.0000000001
1001
REVIT
1002
{
1070
     1
1000
1961636
1002
}
1002
{
1070
     5
1000
1739590
1002
}
1002
{
1070
     3
1000
1035229
1002
}
  0
LWPOLYLINE
  5
5A4
330
537
100
AcDbEntity
  8
P-SANR-FIXT
100
AcDbPolyline
 90
       41
 70
   128
 43
0.0
 10
27539.98170975946
 20
30623.0000000001
 10
27539.96098218096
 20
30623.00041460695
 10
27539.94028776216
 20
30623.00165776423
 10
27539.91965960972
 20
30623.00372748314
 10
27539.89913072429
 20
30623.00662045258
 10
27539.87873394769
 20
30623.01033204441
 10
27539.85850191042
 20
30623.01485632088
 10
27539.83846697943
 20
30623.02018604411
 10
27539.81866120634
 20
30623.02631268768
 10
27539.79911627614
 20
30623.03322645026
 10
27539.77986345657
 20
30623.04091627132
 10
27539.76093354802
 20
30623.04936984879
 10
27539.74235683432
 20
30623.05857365873
 10
27539.72416303423
 20
30623.06851297702
 10
27539.70638125397
 20
30623.07917190286
 10
27539.68903994058
 20
30623.09053338425
 10
27539.67216683647
 20
30623.10257924524
 10
27539.655788935
 20
30623.11529021504
 10
27539.63993243733
 20
30623.12864595878
 10
27539.62462271047
 20
30623.14262511014
 10
27539.6098842467
 20
30623.15720530545
 10
27539.59574062444
 20
30623.17236321951
 10
27539.58221447046
 20
30623.1880746029
 10
27539.56932742372
 20
30623.20431432075
 10
27539.55710010075
 20
30623.22105639298
 10
27539.54555206265
 20
30623.23827403584
 10
27539.53470178382
 20
30623.25593970477
 10
27539.52456662241
 20
30623.27402513848
 10
27539.51516279248
 20
30623.29250140413
 10
27539.50650533819
 20
30623.31133894363
 10
27539.49860810959
 20
30623.33050762095
 10
27539.49148374058
 20
30623.34997677028
 10
27539.48514362863
 20
30623.36971524514
 10
27539.47959791655
 20
30623.38969146818
 10
27539.47485547632
 20
30623.40987348171
 10
27539.47092389481
 20
30623.43022899881
 10
27539.46780946172
 20
30623.45072545499
 10
27539.46551715948
 20
30623.4713300603
 10
27539.46405065529
 20
30623.49200985176
 10
27539.46341229524
 20
30623.51273174612
 10
27539.46338208722
 20
30623.51832767235
1001
REVIT
1002
{
1070
     1
1000
1961636
1002
}
1002
{
1070
     5
1000
1739590
1002
}
1002
{
1070
     3
1000
1035229
1002
}
  0
LWPOLYLINE
  5
5A5
330
537
100
AcDbEntity
  8
P-SANR-FIXT
100
AcDbPolyline
 90
       41
 70
   128
 43
0.0
 10
27789.46338208716
 20
30623.51832767235
 10
27789.4629674803
 20
30623.49760009384
 10
27789.46172432303
 20
30623.47690567504
 10
27789.45965460412
 20
30623.45627752261
 10
27789.45676163468
 20
30623.43574863716
 10
27789.45305004285
 20
30623.41535186057
 10
27789.44852576638
 20
30623.3951198233
 10
27789.44319604315
 20
30623.37508489232
 10
27789.43706939958
 20
30623.35527911921
 10
27789.43015563699
 20
30623.33573418902
 10
27789.42246581593
 20
30623.31648136945
 10
27789.41401223847
 20
30623.2975514609
 10
27789.40480842853
 20
30623.2789747472
 10
27789.39486911024
 20
30623.26078094711
 10
27789.3842101844
 20
30623.24299916685
 10
27789.37284870301
 20
30623.22565785346
 10
27789.36080284202
 20
30623.20878474935
 10
27789.34809187223
 20
30623.19240684788
 10
27789.33473612848
 20
30623.17655035021
 10
27789.32075697712
 20
30623.16124062334
 10
27789.30617678181
 20
30623.14650215958
 10
27789.29101886774
 20
30623.13235853732
 10
27789.27530748435
 20
30623.11883238334
 10
27789.25906776651
 20
30623.1059453366
 10
27789.24232569428
 20
30623.09371801362
 10
27789.22510805142
 20
30623.08216997553
 10
27789.20744238249
 20
30623.07131969671
 10
27789.18935694878
 20
30623.06118453528
 10
27789.17088068313
 20
30623.05178070536
 10
27789.15204314362
 20
30623.04312325107
 10
27789.13287446631
 20
30623.03522602248
 10
27789.11340531698
 20
30623.02810165346
 10
27789.09366684212
 20
30623.02176154151
 10
27789.07369061907
 20
30623.01621582943
 10
27789.05350860554
 20
30623.01147338919
 10
27789.03315308845
 20
30623.00754180768
 10
27789.01265663227
 20
30623.0044273746
 10
27788.99205202695
 20
30623.00213507236
 10
27788.9713722355
 20
30623.00066856818
 10
27788.95065034113
 20
30623.00003020812
 10
27788.94505441491
 20
30623.0000000001
1001
REVIT
1002
{
1070
     1
1000
1961636
1002
}
1002
{
1070
     5
1000
1739590
1002
}
1002
{
1070
     3
1000
1035229
1002
}
  0
LINE
  5
5A6
330
537
100
AcDbEntity
  8
P-SANR-FIXT
100
AcDbLine
 10
27675.96713976351
 20
30677.00000000003
 30
0.0
 11
27675.96713976351
 21
30678.0000000001
 31
0.0
1001
REVIT
1002
{
1070
     1
1000
1961636
1002
}
1002
{
1070
     5
1000
1739590
1002
}
1002
{
1070
     3
1000
1035229
1002
}
  0
LINE
  5
5A7
330
537
100
AcDbEntity
  8
P-SANR-FIXT
100
AcDbLine
 10
27652.95962441086
 20
30678.0000000001
 30
0.0
 11
27652.95962441086
 21
30677.00000000003
 31
0.0
1001
REVIT
1002
{
1070
     1
1000
1961636
1002
}
1002
{
1070
     5
1000
1739590
1002
}
1002
{
1070
     3
1000
1035229
1002
}
  0
LINE
  5
5A8
330
537
100
AcDbEntity
  8
P-SANR-FIXT
100
AcDbLine
 10
27674.96713976352
 20
30675.00000000003
 30
0.0
 11
27674.96713976352
 21
30677.00000000003
 31
0.0
1001
REVIT
1002
{
1070
     1
1000
1961636
1002
}
1002
{
1070
     5
1000
1739590
1002
}
1002
{
1070
     3
1000
1035229
1002
}
  0
LINE
  5
5A9
330
537
100
AcDbEntity
  8
P-SANR-FIXT
100
AcDbLine
 10
27653.95962441086
 20
30677.00000000003
 30
0.0
 11
27653.95962441086
 21
30675.00000000003
 31
0.0
1001
REVIT
1002
{
1070
     1
1000
1961636
1002
}
1002
{
1070
     5
1000
1739590
1002
}
1002
{
1070
     3
1000
1035229
1002
}
  0
LWPOLYLINE
  5
5AA
330
537
100
AcDbEntity
  8
P-SANR-FIXT
100
AcDbPolyline
 90
       80
 70
   128
 43
0.0
 10
27675.96713976351
 20
30675.00000000003
 10
27675.95793798438
 20
30675.00000000003
 10
27675.93034736784
 20
30675.00000000003
 10
27675.88441205302
 20
30675.00000000003
 10
27675.8202055266
 20
30675.00000000003
 10
27675.73783050534
 20
30675.00000000003
 10
27675.6374187717
 20
30675.00000000003
 10
27675.51913096303
 20
30675.00000000003
 10
27675.3831563146
 20
30675.00000000003
 10
27675.22971235683
 20
30675.00000000003
 10
27675.05904456732
 20
30675.00000000003
 10
27674.87142597812
 20
30675.00000000003
 10
27674.66715673897
 20
30675.00000000003
 10
27674.44656363707
 20
30675.00000000003
 10
27674.20999957432
 20
30675.00000000003
 10
27673.95784300275
 20
30675.00000000003
 10
27673.6904973191
 20
30675.00000000003
 10
27673.40839021942
 20
30675.00000000003
 10
27673.1119730149
 20
30675.00000000003
 10
27672.80171990983
 20
30675.00000000003
 10
27672.47812724299
 20
30675.00000000003
 10
27672.14171269362
 20
30675.00000000003
 10
27671.79301445324
 20
30675.00000000003
 10
27671.43259036465
 20
30675.00000000003
 10
27671.0610170295
 20
30675.00000000003
 10
27670.67888888586
 20
30675.00000000003
 10
27670.28681725724
 20
30675.00000000003
 10
27669.88542937463
 20
30675.00000000003
 10
27669.47536737299
 20
30675.00000000003
 10
27669.05728726405
 20
30675.00000000003
 10
27668.63185788682
 20
30675.00000000003
 10
27668.19975983754
 20
30675.00000000003
 10
27667.76168438091
 20
30675.00000000003
 10
27667.31833234421
 20
30675.00000000003
 10
27666.87041299612
 20
30675.00000000003
 10
27666.41864291205
 20
30675.00000000003
 10
27665.96374482776
 20
30675.00000000003
 10
27665.50644648314
 20
30675.00000000003
 10
27665.04747945801
 20
30675.00000000003
 10
27664.58757800167
 20
30675.00000000003
 10
27664.12747785837
 20
30675.00000000003
 10
27663.66791509018
 20
30675.00000000003
 10
27663.20962489949
 20
30675.00000000003
 10
27662.75334045285
 20
30675.00000000003
 10
27662.29979170803
 20
30675.00000000003
 10
27661.84970424628
 20
30675.00000000003
 10
27661.40379811152
 20
30675.00000000003
 10
27660.96278665845
 20
30675.00000000003
 10
27660.52737541131
 20
30675.00000000003
 10
27660.09826093521
 20
30675.00000000003
 10
27659.67612972178
 20
30675.00000000003
 10
27659.26165709091
 20
30675.00000000003
 10
27658.85550611039
 20
30675.00000000003
 10
27658.45832653515
 20
30675.00000000003
 10
27658.07075376778
 20
30675.00000000003
 10
27657.69340784203
 20
30675.00000000003
 10
27657.3268924309
 20
30675.00000000003
 10
27656.97179388084
 20
30675.00000000003
 10
27656.6286802738
 20
30675.00000000003
 10
27656.29810051833
 20
30675.00000000003
 10
27655.98058347155
 20
30675.00000000003
 10
27655.67663709299
 20
30675.00000000003
 10
27655.38674763201
 20
30675.00000000003
 10
27655.11137884992
 20
30675.00000000003
 10
27654.85097127801
 20
30675.00000000003
 10
27654.60594151286
 20
30675.00000000003
 10
27654.37668154982
 20
30675.00000000003
 10
27654.16355815593
 20
30675.00000000003
 10
27653.96691228315
 20
30675.00000000003
 10
27653.78705852293
 20
30675.00000000003
 10
27653.62428460292
 20
30675.00000000003
 10
27653.47885092666
 20
30675.00000000003
 10
27653.35099015702
 20
30675.00000000003
 10
27653.24090684394
 20
30675.00000000003
 10
27653.14877709727
 20
30675.00000000003
 10
27653.07474830492
 20
30675.00000000003
 10
27653.01893889717
 20
30675.00000000003
 10
27652.98143815718
 20
30675.00000000003
 10
27652.96230607812
 20
30675.00000000003
 10
27652.95962441086
 20
30675.00000000003
1001
REVIT
1002
{
1070
     1
1000
1961636
1002
}
1002
{
1070
     5
1000
1739590
1002
}
1002
{
1070
     3
1000
1035229
1002
}
  0
LWPOLYLINE
  5
5AB
330
537
100
AcDbEntity
  8
P-SANR-FIXT
100
AcDbPolyline
 90
       17
 70
   128
 43
0.0
 10
27652.95962441086
 20
30675.00000000003
 10
27652.96882619
 20
30675.00000000003
 10
27652.99641680654
 20
30675.00000000003
 10
27653.04235212136
 20
30675.00000000003
 10
27653.10655864778
 20
30675.00000000003
 10
27653.18893366904
 20
30675.00000000003
 10
27653.28934540268
 20
30675.00000000003
 10
27653.40763321135
 20
30675.00000000003
 10
27653.54360785978
 20
30675.00000000003
 10
27653.69705181755
 20
30675.00000000003
 10
27653.86771960707
 20
30675.00000000003
 10
27654.05533819625
 20
30675.00000000003
 10
27654.2596074354
 20
30675.00000000003
 10
27654.48020053731
 20
30675.00000000003
 10
27654.71676460006
 20
30675.00000000003
 10
27654.96892117163
 20
30675.00000000003
 10
27655.23626685528
 20
30675.00000000003
1001
REVIT
1002
{
1070
     1
1000
1961636
1002
}
1002
{
1070
     5
1000
1739590
1002
}
1002
{
1070
     3
1000
1035229
1002
}
  0
LWPOLYLINE
  5
5AC
330
537
100
AcDbEntity
  8
P-SANR-FIXT
100
AcDbPolyline
 90
       17
 70
   128
 43
0.0
 10
27673.81538532446
 20
30675.00000000003
 10
27674.07579289637
 20
30675.00000000003
 10
27674.32082266152
 20
30675.00000000003
 10
27674.55008262455
 20
30675.00000000003
 10
27674.76320601845
 20
30675.00000000003
 10
27674.95985189123
 20
30675.00000000003
 10
27675.13970565145
 20
30675.00000000003
 10
27675.30247957147
 20
30675.00000000003
 10
27675.44791324772
 20
30675.00000000003
 10
27675.57577401736
 20
30675.00000000003
 10
27675.68585733043
 20
30675.00000000003
 10
27675.77798707711
 20
30675.00000000003
 10
27675.85201586946
 20
30675.00000000003
 10
27675.9078252772
 20
30675.00000000003
 10
27675.9453260172
 20
30675.00000000003
 10
27675.96445809625
 20
30675.00000000003
 10
27675.96713976351
 20
30675.00000000003
1001
REVIT
1002
{
1070
     1
1000
1961636
1002
}
1002
{
1070
     5
1000
1739590
1002
}
1002
{
1070
     3
1000
1035229
1002
}
  0
LWPOLYLINE
  5
5AD
330
537
100
AcDbEntity
  8
P-SANR-FIXT
100
AcDbPolyline
 90
       41
 70
   128
 43
0.0
 10
27651.95962441086
 20
30674.00000000003
 10
27651.9604243042
 20
30674.03998933422
 10
27651.96282270456
 20
30674.079914694
 10
27651.96681577501
 20
30674.11971220732
 10
27651.97239712749
 20
30674.15931820665
 10
27651.97955783302
 20
30674.19866933082
 10
27651.98828643601
 20
30674.23770262645
 10
27651.99856897255
 20
30674.27635564859
 10
27652.01038899278
 20
30674.31456656065
 10
27652.02372758718
 20
30674.35227423331
 10
27652.03856341685
 20
30674.38941834234
 10
27652.05487274764
 20
30674.42593946509
 10
27652.07262948808
 20
30674.46177917557
 10
27652.09180523119
 20
30674.49688013787
 10
27652.11236929985
 20
30674.53118619795
 10
27652.13428879595
 20
30674.56464247343
 10
27652.15752865298
 20
30674.59719544139
 10
27652.18205169211
 20
30674.62879302405
 10
27652.20781868172
 20
30674.659384672
 10
27652.23478840012
 20
30674.68892144514
 10
27652.26291770151
 20
30674.71735609093
 10
27652.29216158502
 20
30674.74464312
 10
27652.32247326666
 20
30674.77073887893
 10
27652.35380425422
 20
30674.79560162006
 10
27652.38610442479
 20
30674.81919156833
 10
27652.41932210499
 20
30674.84147098484
 10
27652.45340415363
 20
30674.86240422728
 10
27652.48829604669
 20
30674.88195780691
 10
27652.52394196458
 20
30674.90010044221
 10
27652.56028488145
 20
30674.9168031088
 10
27652.59726665638
 20
30674.932039086
 10
27652.63482812642
 20
30674.94578399948
 10
27652.67290920123
 20
30674.95801586032
 10
27652.71144895921
 20
30674.96871510015
 10
27652.75038574497
 20
30674.97786460247
 10
27652.78965726796
 20
30674.98544973001
 10
27652.82920070212
 20
30674.99145834822
 10
27652.8689527864
 20
30674.99588084457
 10
27652.90884992593
 20
30674.99871014401
 10
27652.9488282938
 20
30674.99994172026
 10
27652.95962441086
 20
30675.00000000003
1001
REVIT
1002
{
1070
     1
1000
1961636
1002
}
1002
{
1070
     5
1000
1739590
1002
}
1002
{
1070
     3
1000
1035229
1002
}
  0
LWPOLYLINE
  5
5AE
330
537
100
AcDbEntity
  8
P-SANR-FIXT
100
AcDbPolyline
 90
       41
 70
   128
 43
0.0
 10
27675.96713976351
 20
30675.00000000003
 10
27676.00712909771
 20
30674.99920010669
 10
27676.04705445749
 20
30674.99680170634
 10
27676.0868519708
 20
30674.99280863588
 10
27676.12645797013
 20
30674.9872272834
 10
27676.16580909432
 20
30674.98006657787
 10
27676.20484238995
 20
30674.97133797488
 10
27676.24349541208
 20
30674.96105543834
 10
27676.28170632413
 20
30674.94923541811
 10
27676.31941399679
 20
30674.93589682371
 10
27676.35655810583
 20
30674.92106099403
 10
27676.39307922858
 20
30674.90475166325
 10
27676.42891893906
 20
30674.88699492281
 10
27676.46401990136
 20
30674.86781917971
 10
27676.49832596144
 20
30674.84725511105
 10
27676.53178223691
 20
30674.82533561494
 10
27676.56433520488
 20
30674.80209575792
 10
27676.59593278753
 20
30674.77757271878
 10
27676.62652443549
 20
30674.75180572917
 10
27676.65606120863
 20
30674.72483601077
 10
27676.68449585442
 20
30674.69670670938
 10
27676.71178288348
 20
30674.66746282587
 10
27676.73787864242
 20
30674.63715114423
 10
27676.76274138355
 20
30674.60582015667
 10
27676.78633133182
 20
30674.5735199861
 10
27676.80861074833
 20
30674.5403023059
 10
27676.82954399076
 20
30674.50622025727
 10
27676.8490975704
 20
30674.4713283642
 10
27676.86724020569
 20
30674.43568244631
 10
27676.88394287229
 20
30674.39933952944
 10
27676.89917884948
 20
30674.36235775451
 10
27676.91292376296
 20
30674.32479628447
 10
27676.9251556238
 20
30674.28671520966
 10
27676.93585486364
 20
30674.24817545168
 10
27676.94500436595
 20
30674.20923866592
 10
27676.95258949351
 20
30674.16996714293
 10
27676.95859811171
 20
30674.13042370877
 10
27676.96302060806
 20
30674.09067162449
 10
27676.96584990749
 20
30674.05077448496
 10
27676.96708148375
 20
30674.01079611709
 10
27676.96713976351
 20
30674.00000000003
1001
REVIT
1002
{
1070
     1
1000
1961636
1002
}
1002
{
1070
     5
1000
1739590
1002
}
1002
{
1070
     3
1000
1035229
1002
}
  0
LINE
  5
5AF
330
537
100
AcDbEntity
  8
P-SANR-FIXT
100
AcDbLine
 10
27676.96713976352
 20
30662.27362972637
 30
0.0
 11
27676.96713976352
 21
30674.00000000003
 31
0.0
1001
REVIT
1002
{
1070
     1
1000
1961636
1002
}
1002
{
1070
     5
1000
1739590
1002
}
1002
{
1070
     3
1000
1035229
1002
}
  0
LINE
  5
5B0
330
537
100
AcDbEntity
  8
P-SANR-FIXT
100
AcDbLine
 10
27651.95962441086
 20
30674.00000000003
 30
0.0
 11
27651.95962441086
 21
30662.27362972637
 31
0.0
1001
REVIT
1002
{
1070
     1
1000
1961636
1002
}
1002
{
1070
     5
1000
1739590
1002
}
1002
{
1070
     3
1000
1035229
1002
}
  0
LINE
  5
5B1
330
537
100
AcDbEntity
  8
P-SANR-FIXT
100
AcDbLine
 10
27674.4300321831
 20
30659.39273239565
 30
0.0
 11
27676.15404262816
 21
30660.66389012324
 31
0.0
1001
REVIT
1002
{
1070
     1
1000
1961636
1002
}
1002
{
1070
     5
1000
1739590
1002
}
1002
{
1070
     3
1000
1035229
1002
}
  0
LINE
  5
5B2
330
537
100
AcDbEntity
  8
P-SANR-FIXT
100
AcDbLine
 10
27652.77272154622
 20
30660.66389012324
 30
0.0
 11
27654.49673199128
 21
30659.39273239565
 31
0.0
1001
REVIT
1002
{
1070
     1
1000
1961636
1002
}
1002
{
1070
     5
1000
1739590
1002
}
1002
{
1070
     3
1000
1035229
1002
}
  0
LWPOLYLINE
  5
5B3
330
537
100
AcDbEntity
  8
P-SANR-FIXT
100
AcDbPolyline
 90
       40
 70
   128
 43
0.0
 10
27654.94813321521
 20
30656.63583991982
 10
27654.99269662627
 20
30656.70227220945
 10
27655.03456780832
 20
30656.77043342149
 10
27655.07367977642
 20
30656.84021451251
 10
27655.10996995973
 20
30656.91150384767
 10
27655.14338030172
 20
30656.98418737923
 10
27655.17385735298
 20
30657.05814882904
 10
27655.2013523567
 20
30657.13326987458
 10
27655.22582132677
 20
30657.20943033818
 10
27655.24722511803
 20
30657.28650837936
 10
27655.265529489
 20
30657.36438068969
 10
27655.28070515658
 20
30657.44292269007
 10
27655.29272784295
 20
30657.52200873009
 10
27655.30157831436
 20
30657.60151228893
 10
27655.30724241196
 20
30657.68130617786
 10
27655.30971107439
 20
30657.76126274368
 10
27655.30898035233
 20
30657.84125407295
 10
27655.30505141476
 20
30657.92115219659
 10
27655.29793054717
 20
30658.00082929466
 10
27655.2876291414
 20
30658.0801579008
 10
27655.27416367752
 20
30658.15901110615
 10
27655.25755569739
 20
30658.23726276241
 10
27655.23783177025
 20
30658.31478768363
 10
27655.21502345015
 20
30658.39146184647
 10
27655.18916722556
 20
30658.46716258862
 10
27655.16030446092
 20
30658.54176880505
 10
27655.12848133049
 20
30658.61516114171
 10
27655.09374874449
 20
30658.68722218654
 10
27655.05616226765
 20
30658.75783665724
 10
27655.01578203032
 20
30658.8268915857
 10
27654.97267263226
 20
30658.89427649878
 10
27654.92690303931
 20
30658.95988359499
 10
27654.87854647306
 20
30659.02360791697
 10
27654.82768029369
 20
30659.08534751941
 10
27654.77438587624
 20
30659.14500363211
 10
27654.71874848043
 20
30659.202480818
 10
27654.66085711419
 20
30659.25768712587
 10
27654.60080439139
 20
30659.31053423739
 10
27654.53868638355
 20
30659.36093760845
 10
27654.49673199128
 20
30659.39273239565
1001
REVIT
1002
{
1070
     1
1000
1961636
1002
}
1002
{
1070
     5
1000
1739590
1002
}
1002
{
1070
     3
1000
1035229
1002
}
  0
LWPOLYLINE
  5
5B4
330
537
100
AcDbEntity
  8
P-SANR-FIXT
100
AcDbPolyline
 90
       40
 70
   128
 43
0.0
 10
27674.4300321831
 20
30659.39273239565
 10
27674.36660916385
 20
30659.34398132036
 10
27674.3051863993
 20
30659.29273299642
 10
27674.24586215275
 20
30659.23906941022
 10
27674.18873133036
 20
30659.18307641204
 10
27674.13388532925
 20
30659.12484357874
 10
27674.08141189133
 20
30659.06446407042
 10
27674.03139496289
 20
30659.00203448143
 10
27673.98391456036
 20
30658.93765468578
 10
27673.93904664224
 20
30658.87142767743
 10
27673.89686298765
 20
30658.80345940543
 10
27673.85743108142
 20
30658.73385860455
 10
27673.8208140062
 20
30658.66273662121
 10
27673.78707034149
 20
30658.59020723541
 10
27673.75625406997
 20
30658.5163864787
 10
27673.72841449108
 20
30658.44139244854
 10
27673.70359614222
 20
30658.36534511938
 10
27673.68183872745
 20
30658.28836615073
 10
27673.663177054
 20
30658.21057869252
 10
27673.64764097656
 20
30658.13210718807
 10
27673.63525534953
 20
30658.05307717506
 10
27673.62603998729
 20
30657.97361508466
 10
27673.62000963245
 20
30657.89384803926
 10
27673.61717393228
 20
30657.81390364911
 10
27673.61753742329
 20
30657.73390980818
 10
27673.621099524
 20
30657.65399448955
 10
27673.6278545358
 20
30657.5742855407
 10
27673.63779165209
 20
30657.49491047892
 10
27673.65089497562
 20
30657.41599628739
 10
27673.66714354386
 20
30657.33766921198
 10
27673.68651136258
 20
30657.26005455931
 10
27673.70896744739
 20
30657.18327649625
 10
27673.73447587336
 20
30657.10745785133
 10
27673.76299583243
 20
30657.03271991821
 10
27673.79448169876
 20
30656.95918226164
 10
27673.82888310168
 20
30656.88696252619
 10
27673.86614500629
 20
30656.81617624801
 10
27673.90620780147
 20
30656.74693667007
 10
27673.94900739532
 20
30656.67935456091
 10
27673.97863095917
 20
30656.63583991982
1001
REVIT
1002
{
1070
     1
1000
1961636
1002
}
1002
{
1070
     5
1000
1739590
1002
}
1002
{
1070
     3
1000
1035229
1002
}
  0
LINE
  5
5B5
330
537
100
AcDbEntity
  8
P-SANR-FIXT
100
AcDbLine
 10
27674.73708793538
 20
30655.55265110104
 30
0.0
 11
27673.97863095917
 21
30656.63583991981
 31
0.0
1001
REVIT
1002
{
1070
     1
1000
1961636
1002
}
1002
{
1070
     5
1000
1739590
1002
}
1002
{
1070
     3
1000
1035229
1002
}
  0
LINE
  5
5B6
330
537
100
AcDbEntity
  8
P-SANR-FIXT
100
AcDbLine
 10
27654.94813321521
 20
30656.63583991981
 30
0.0
 11
27654.189676239
 21
30655.55265110104
 31
0.0
1001
REVIT
1002
{
1070
     1
1000
1961636
1002
}
1002
{
1070
     5
1000
1739590
1002
}
1002
{
1070
     3
1000
1035229
1002
}
  0
LWPOLYLINE
  5
5B7
330
537
100
AcDbEntity
  8
P-SANR-FIXT
100
AcDbPolyline
 90
       80
 70
   128
 43
0.0
 10
27679.65492659153
 20
30654.70246618272
 10
27679.64277497628
 20
30654.70246618272
 10
27679.60633957049
 20
30654.70246618272
 10
27679.54567866306
 20
30654.70246618272
 10
27679.46088929849
 20
30654.70246618272
 10
27679.35210712168
 20
30654.70246618272
 10
27679.21950616091
 20
30654.70246618272
 10
27679.06329854943
 20
30654.70246618272
 10
27678.88373418608
 20
30654.70246618272
 10
27678.68110033556
 20
30654.70246618272
 10
27678.4557211688
 20
30654.70246618272
 10
27678.20795724437
 20
30654.70246618272
 10
27677.93820493172
 20
30654.70246618272
 10
27677.64689577698
 20
30654.70246618272
 10
27677.33449581269
 20
30654.70246618272
 10
27677.00150481211
 20
30654.70246618272
 10
27676.64845548983
 20
30654.70246618272
 10
27676.27591264946
 20
30654.70246618272
 10
27675.88447228006
 20
30654.70246618272
 10
27675.47476060271
 20
30654.70246618272
 10
27675.04743306871
 20
30654.70246618272
 10
27674.60317331095
 20
30654.70246618272
 10
27674.14269205027
 20
30654.70246618272
 10
27673.66672595846
 20
30654.70246618272
 10
27673.17603647974
 20
30654.70246618272
 10
27672.67140861259
 20
30654.70246618272
 10
27672.15364965394
 20
30654.70246618272
 10
27671.62358790769
 20
30654.70246618272
 10
27671.08207135956
 20
30654.70246618272
 10
27670.5299663205
 20
30654.70246618272
 10
27669.96815604081
 20
30654.70246618272
 10
27669.39753929708
 20
30654.70246618272
 10
27668.81902895439
 20
30654.70246618272
 10
27668.23355050585
 20
30654.70246618272
 10
27667.64204059211
 20
30654.70246618272
 10
27667.04544550283
 20
30654.70246618272
 10
27666.44471966291
 20
30654.70246618272
 10
27665.84082410552
 20
30654.70246618272
 10
27665.23472493474
 20
30654.70246618272
 10
27664.62739177995
 20
30654.70246618272
 10
27664.01979624464
 20
30654.70246618272
 10
27663.41291035205
 20
30654.70246618272
 10
27662.80770499015
 20
30654.70246618272
 10
27662.20514835841
 20
30654.70246618272
 10
27661.60620441892
 20
30654.70246618272
 10
27661.01183135418
 20
30654.70246618272
 10
27660.42298003433
 20
30654.70246618272
 10
27659.84059249586
 20
30654.70246618272
 10
27659.26560043458
 20
30654.70246618272
 10
27658.69892371516
 20
30654.70246618272
 10
27658.14146889944
 20
30654.70246618272
 10
27657.59412779622
 20
30654.70246618272
 10
27657.05777603451
 20
30654.70246618272
 10
27656.53327166269
 20
30654.70246618272
 10
27656.0214537759
 20
30654.70246618272
 10
27655.52314117355
 20
30654.70246618272
 10
27655.03913104951
 20
30654.70246618272
 10
27654.57019771674
 20
30654.70246618272
 10
27654.11709136852
 20
30654.70246618272
 10
27653.68053687836
 20
30654.70246618272
 10
27653.26123264032
 20
30654.70246618272
 10
27652.85984945173
 20
30654.70246618272
 10
27652.47702944006
 20
30654.70246618272
 10
27652.11338503569
 20
30654.70246618272
 10
27651.76949799207
 20
30654.70246618272
 10
27651.44591845511
 20
30654.70246618272
 10
27651.14316408306
 20
30654.70246618272
 10
27650.86171921831
 20
30654.70246618272
 10
27650.60203411263
 20
30654.70246618272
 10
27650.36452420677
 20
30654.70246618272
 10
27650.14956946593
 20
30654.70246618272
 10
27649.95751377183
 20
30654.70246618272
 10
27649.78866437262
 20
30654.70246618272
 10
27649.64329139131
 20
30654.70246618272
 10
27649.52162739366
 20
30654.70246618272
 10
27649.42386701612
 20
30654.70246618272
 10
27649.35016665443
 20
30654.70246618272
 10
27649.30064421345
 20
30654.70246618272
 10
27649.27537891853
 20
30654.70246618272
 10
27649.27183758284
 20
30654.70246618272
1001
REVIT
1002
{
1070
     1
1000
1961636
1002
}
1002
{
1070
     5
1000
1739590
1002
}
1002
{
1070
     3
1000
1035229
1002
}
  0
LWPOLYLINE
  5
5B8
330
537
100
AcDbEntity
  8
P-SANR-FIXT
100
AcDbPolyline
 90
       80
 70
   128
 43
0.0
 10
27649.27183758284
 20
30654.70246618272
 10
27649.2839891981
 20
30654.70246618272
 10
27649.32042460388
 20
30654.70246618272
 10
27649.38108551131
 20
30654.70246618272
 10
27649.46587487588
 20
30654.70246618272
 10
27649.57465705269
 20
30654.70246618272
 10
27649.70725801347
 20
30654.70246618272
 10
27649.86346562495
 20
30654.70246618272
 10
27650.04302998829
 20
30654.70246618272
 10
27650.24566383881
 20
30654.70246618272
 10
27650.47104300558
 20
30654.70246618272
 10
27650.71880693
 20
30654.70246618272
 10
27650.98855924266
 20
30654.70246618272
 10
27651.27986839739
 20
30654.70246618272
 10
27651.59226836169
 20
30654.70246618272
 10
27651.92525936227
 20
30654.70246618272
 10
27652.27830868454
 20
30654.70246618272
 10
27652.65085152492
 20
30654.70246618272
 10
27653.04229189432
 20
30654.70246618272
 10
27653.45200357167
 20
30654.70246618272
 10
27653.87933110567
 20
30654.70246618272
 10
27654.32359086343
 20
30654.70246618272
 10
27654.7840721241
 20
30654.70246618272
 10
27655.26003821591
 20
30654.70246618272
 10
27655.75072769464
 20
30654.70246618272
 10
27656.25535556179
 20
30654.70246618272
 10
27656.77311452044
 20
30654.70246618272
 10
27657.30317626669
 20
30654.70246618272
 10
27657.84469281481
 20
30654.70246618272
 10
27658.39679785387
 20
30654.70246618272
 10
27658.95860813356
 20
30654.70246618272
 10
27659.52922487729
 20
30654.70246618272
 10
27660.10773521999
 20
30654.70246618272
 10
27660.69321366853
 20
30654.70246618272
 10
27661.28472358227
 20
30654.70246618272
 10
27661.88131867154
 20
30654.70246618272
 10
27662.48204451147
 20
30654.70246618272
 10
27663.08594006886
 20
30654.70246618272
 10
27663.69203923963
 20
30654.70246618272
 10
27664.29937239442
 20
30654.70246618272
 10
27664.90696792974
 20
30654.70246618272
 10
27665.51385382232
 20
30654.70246618272
 10
27666.11905918423
 20
30654.70246618272
 10
27666.72161581596
 20
30654.70246618272
 10
27667.32055975546
 20
30654.70246618272
 10
27667.9149328202
 20
30654.70246618272
 10
27668.50378414005
 20
30654.70246618272
 10
27669.08617167852
 20
30654.70246618272
 10
27669.66116373979
 20
30654.70246618272
 10
27670.22784045922
 20
30654.70246618272
 10
27670.78529527494
 20
30654.70246618272
 10
27671.33263637816
 20
30654.70246618272
 10
27671.86898813987
 20
30654.70246618272
 10
27672.39349251168
 20
30654.70246618272
 10
27672.90531039848
 20
30654.70246618272
 10
27673.40362300083
 20
30654.70246618272
 10
27673.88763312486
 20
30654.70246618272
 10
27674.35656645764
 20
30654.70246618272
 10
27674.80967280586
 20
30654.70246618272
 10
27675.24622729602
 20
30654.70246618272
 10
27675.66553153406
 20
30654.70246618272
 10
27676.06691472265
 20
30654.70246618272
 10
27676.44973473431
 20
30654.70246618272
 10
27676.81337913869
 20
30654.70246618272
 10
27677.15726618231
 20
30654.70246618272
 10
27677.48084571927
 20
30654.70246618272
 10
27677.78360009132
 20
30654.70246618272
 10
27678.06504495606
 20
30654.70246618272
 10
27678.32473006174
 20
30654.70246618272
 10
27678.5622399676
 20
30654.70246618272
 10
27678.77719470845
 20
30654.70246618272
 10
27678.96925040254
 20
30654.70246618272
 10
27679.13809980176
 20
30654.70246618272
 10
27679.28347278307
 20
30654.70246618272
 10
27679.40513678072
 20
30654.70246618272
 10
27679.50289715826
 20
30654.70246618272
 10
27679.57659751995
 20
30654.70246618272
 10
27679.62611996093
 20
30654.70246618272
 10
27679.65138525585
 20
30654.70246618272
 10
27679.65492659153
 20
30654.70246618272
1001
REVIT
1002
{
1070
     1
1000
1961636
1002
}
1002
{
1070
     5
1000
1739590
1002
}
1002
{
1070
     3
1000
1035229
1002
}
  0
LWPOLYLINE
  5
5B9
330
537
100
AcDbEntity
  8
P-SANR-FIXT
100
AcDbPolyline
 90
       39
 70
   128
 43
0.0
 10
27647.33194124457
 20
30652.86157329459
 10
27647.33755849675
 20
30652.93906713587
 10
27647.34627018283
 20
30653.01627436016
 10
27647.358062366
 20
30653.09307145239
 10
27647.37291618127
 20
30653.16933555358
 10
27647.39080786569
 20
30653.24494465743
 10
27647.41170879639
 20
30653.31977780552
 10
27647.43558553635
 20
30653.39371528077
 10
27647.46239988787
 20
30653.466638799
 10
27647.49210895371
 20
30653.53843169812
 10
27647.5246652057
 20
30653.60897912482
 10
27647.56001656079
 20
30653.67816821827
 10
27647.59810646433
 20
30653.74588829066
 10
27647.63887398062
 20
30653.81203100434
 10
27647.68225389034
 20
30653.87649054507
 10
27647.72817679486
 20
30653.93916379133
 10
27647.77656922735
 20
30653.99995047931
 10
27647.82735377024
 20
30654.05875336327
 10
27647.88044917908
 20
30654.11547837113
 10
27647.93577051256
 20
30654.17003475499
 10
27647.99322926834
 20
30654.22233523627
 10
27648.05273352467
 20
30654.27229614536
 10
27648.11418808743
 20
30654.31983755545
 10
27648.17749464242
 20
30654.36488341044
 10
27648.24255191268
 20
30654.40736164657
 10
27648.30925582044
 20
30654.44720430771
 10
27648.37749965368
 20
30654.48434765413
 10
27648.44717423682
 20
30654.51873226437
 10
27648.5181681054
 20
30654.5503031304
 10
27648.59036768437
 20
30654.57900974557
 10
27648.6636574698
 20
30654.60480618542
 10
27648.73792021367
 20
30654.62765118114
 10
27648.81303711144
 20
30654.64750818562
 10
27648.88888799209
 20
30654.66434543189
 10
27648.9653515104
 20
30654.67813598394
 10
27649.04230534104
 20
30654.68885777984
 10
27649.11962637431
 20
30654.69649366699
 10
27649.19719091304
 20
30654.70103142961
 10
27649.27183758284
 20
30654.70246618272
1001
REVIT
1002
{
1070
     1
1000
1961636
1002
}
1002
{
1070
     5
1000
1739590
1002
}
1002
{
1070
     3
1000
1035229
1002
}
  0
LWPOLYLINE
  5
5BA
330
537
100
AcDbEntity
  8
P-SANR-FIXT
100
AcDbPolyline
 90
       39
 70
   128
 43
0.0
 10
27679.65492659153
 20
30654.70246618272
 10
27679.73260821446
 20
30654.70091234308
 10
27679.81016556335
 20
30654.69625330996
 10
27679.88747456301
 20
30654.68849653683
 10
27679.96441153553
 20
30654.67765443287
 10
27680.04085339815
 20
30654.66374434313
 10
27680.1166778602
 20
30654.64678852078
 10
27680.19176361873
 20
30654.62681409154
 10
27680.26599055254
 20
30654.60385301021
 10
27680.33923991436
 20
30654.57794200965
 10
27680.41139452084
 20
30654.54912254191
 10
27680.48233894001
 20
30654.517440712
 10
27680.55195967592
 20
30654.48294720408
 10
27680.62014535026
 20
30654.44569720042
 10
27680.68678688049
 20
30654.40575029307
 10
27680.75177765437
 20
30654.36317038856
 10
27680.81501370053
 20
30654.31802560566
 10
27680.87639385479
 20
30654.27038816639
 10
27680.935819922
 20
30654.22033428048
 10
27680.99319683312
 20
30654.16794402349
 10
27681.04843279733
 20
30654.11330120864
 10
27681.10143944888
 20
30654.05649325278
 10
27681.15213198844
 20
30653.99761103652
 10
27681.20042931874
 20
30653.93674875885
 10
27681.24625417437
 20
30653.87400378643
 10
27681.28953324533
 20
30653.80947649783
 10
27681.33019729435
 20
30653.74327012294
 10
27681.36818126761
 20
30653.67549057786
 10
27681.40342439887
 20
30653.60624629537
 10
27681.43587030663
 20
30653.53564805157
 10
27681.46546708435
 20
30653.46380878859
 10
27681.49216738352
 20
30653.39084343392
 10
27681.51592848934
 20
30653.31686871657
 10
27681.53671238912
 20
30653.24200298029
 10
27681.55448583305
 20
30653.16636599431
 10
27681.56922038741
 20
30653.09007876166
 10
27681.58089248005
 20
30653.01326332564
 10
27681.58948343813
 20
30652.93604257456
 10
27681.5948229298
 20
30652.86157329459
1001
REVIT
1002
{
1070
     1
1000
1961636
1002
}
1002
{
1070
     5
1000
1739590
1002
}
1002
{
1070
     3
1000
1035229
1002
}
  0
LINE
  5
5BB
330
537
100
AcDbEntity
  8
P-SANR-FIXT
100
AcDbLine
 10
27682.40490279615
 20
30637.40432863683
 30
0.0
 11
27681.5948229298
 21
30652.86157329459
 31
0.0
1001
REVIT
1002
{
1070
     1
1000
1961636
1002
}
1002
{
1070
     5
1000
1739590
1002
}
1002
{
1070
     3
1000
1035229
1002
}
  0
LINE
  5
5BC
330
537
100
AcDbEntity
  8
P-SANR-FIXT
100
AcDbLine
 10
27647.33194124457
 20
30652.86157329459
 30
0.0
 11
27646.52186137822
 21
30637.40432863683
 31
0.0
1001
REVIT
1002
{
1070
     1
1000
1961636
1002
}
1002
{
1070
     5
1000
1739590
1002
}
1002
{
1070
     3
1000
1035229
1002
}
  0
LINE
  5
5BD
330
537
100
AcDbEntity
  8
P-SANR-FIXT
100
AcDbLine
 10
27679.71796639633
 20
30636.00000000006
 30
0.0
 11
27679.71796639633
 21
30637.40432863683
 31
0.0
1001
REVIT
1002
{
1070
     1
1000
1961636
1002
}
1002
{
1070
     5
1000
1739590
1002
}
1002
{
1070
     3
1000
1035229
1002
}
  0
LINE
  5
5BE
330
537
100
AcDbEntity
  8
P-SANR-FIXT
100
AcDbLine
 10
27649.20879777805
 20
30637.40432863683
 30
0.0
 11
27649.20879777805
 21
30636.00000000006
 31
0.0
1001
REVIT
1002
{
1070
     1
1000
1961636
1002
}
1002
{
1070
     5
1000
1739590
1002
}
1002
{
1070
     3
1000
1035229
1002
}
  0
LWPOLYLINE
  5
5BF
330
537
100
AcDbEntity
  8
P-SANR-FIXT
100
AcDbPolyline
 90
       25
 70
   128
 43
0.0
 10
27652.55137215042
 20
30654.69980397374
 10
27652.63135081879
 20
30654.70140376042
 10
27652.71120153836
 20
30654.70620056114
 10
27652.790796565
 20
30654.71418670204
 10
27652.87000856365
 20
30654.72534940699
 10
27652.94871081201
 20
30654.73967081806
 10
27653.02677740328
 20
30654.75712802404
 10
27653.10408344755
 20
30654.77769309712
 10
27653.18050527165
 20
30654.80133313758
 10
27653.25592061697
 20
30654.82801032639
 10
27653.33020883503
 20
30654.85768198574
 10
27653.40325108055
 20
30654.8903006473
 10
27653.4749305015
 20
30654.92581412818
 10
27653.54513242611
 20
30654.96416561439
 10
27653.61374454626
 20
30655.00529375172
 10
27653.68065709721
 20
30655.04913274393
 10
27653.74576303314
 20
30655.09561245797
 10
27653.80895819845
 20
30655.14465853624
 10
27653.87014149436
 20
30655.19619251546
 10
27653.92921504064
 20
30655.25013195226
 10
27653.98608433222
 20
30655.30639055505
 10
27654.04065839036
 20
30655.36487832206
 10
27654.09284990822
 20
30655.42550168534
 10
27654.14257539049
 20
30655.48816366045
 10
27654.189676239
 20
30655.55265110104
1001
REVIT
1002
{
1070
     1
1000
1961636
1002
}
1002
{
1070
     5
1000
1739590
1002
}
1002
{
1070
     3
1000
1035229
1002
}
  0
LWPOLYLINE
  5
5C0
330
537
100
AcDbEntity
  8
P-SANR-FIXT
100
AcDbPolyline
 90
       25
 70
   128
 43
0.0
 10
27674.73708793538
 20
30655.55265110104
 10
27674.7842722835
 20
30655.48805401129
 10
27674.83400208378
 20
30655.42539546297
 10
27674.88619777915
 20
30655.36477569643
 10
27674.94077586764
 20
30655.30629169032
 10
27674.99764903594
 20
30655.25003700661
 10
27675.05672629912
 20
30655.19610164079
 10
27675.11791314616
 20
30655.14457187792
 10
27675.18111169115
 20
30655.09553015463
 10
27675.24622082992
 20
30655.04905492723
 10
27675.31313640172
 20
30655.00522054617
 10
27675.38175135591
 20
30654.96409713709
 10
27675.4519559232
 20
30654.9257504887
 10
27675.52363779126
 20
30654.89024194743
 10
27675.5966822844
 20
30654.85762831938
 10
27675.67097254701
 20
30654.82796177941
 10
27675.74638973051
 20
30654.80128978764
 10
27675.8228131835
 20
30654.77765501358
 10
27675.90012064476
 20
30654.75709526781
 10
27675.97818843884
 20
30654.73964344155
 10
27676.05689167392
 20
30654.725327454
 10
27676.13610444163
 20
30654.71417020768
 10
27676.21570001841
 20
30654.7061895518
 10
27676.29555106834
 20
30654.70139825372
 10
27676.37539202396
 20
30654.69980397374
1001
REVIT
1002
{
1070
     1
1000
1961636
1002
}
1002
{
1070
     5
1000
1739590
1002
}
1002
{
1070
     3
1000
1035229
1002
}
  0
LWPOLYLINE
  5
5C1
330
537
100
AcDbEntity
  8
P-SANR-FIXT
100
AcDbPolyline
 90
       25
 70
   128
 43
0.0
 10
27652.77272154622
 20
30660.66389012324
 10
27652.70929852696
 20
30660.71264119853
 10
27652.64787576241
 20
30660.76388952247
 10
27652.58855151587
 20
30660.81755310867
 10
27652.53142069348
 20
30660.87354610685
 10
27652.47657469237
 20
30660.93177894015
 10
27652.42410125444
 20
30660.99215844847
 10
27652.374084326
 20
30661.05458803746
 10
27652.32660392347
 20
30661.11896783311
 10
27652.28173600536
 20
30661.18519484146
 10
27652.23955235076
 20
30661.25316311346
 10
27652.20012044454
 20
30661.32276391434
 10
27652.16350336932
 20
30661.39388589768
 10
27652.12975970461
 20
30661.46641528348
 10
27652.09894343309
 20
30661.54023604019
 10
27652.07110385419
 20
30661.61523007035
 10
27652.04628550534
 20
30661.69127739951
 10
27652.02452809057
 20
30661.76825636816
 10
27652.00586641711
 20
30661.84604382637
 10
27651.99033033967
 20
30661.92451533082
 10
27651.97794471264
 20
30662.00354534383
 10
27651.96872935041
 20
30662.08300743423
 10
27651.96269899556
 20
30662.16277447963
 10
27651.95986329539
 20
30662.24271886978
 10
27651.95962441086
 20
30662.27362972637
1001
REVIT
1002
{
1070
     1
1000
1961636
1002
}
1002
{
1070
     5
1000
1739590
1002
}
1002
{
1070
     3
1000
1035229
1002
}
  0
LWPOLYLINE
  5
5C2
330
537
100
AcDbEntity
  8
P-SANR-FIXT
100
AcDbPolyline
 90
       25
 70
   128
 43
0.0
 10
27676.96713976352
 20
30662.27362972637
 10
27676.96553997684
 20
30662.193651058
 10
27676.96074317612
 20
30662.11380033844
 10
27676.95275703522
 20
30662.03420531179
 10
27676.94159433027
 20
30661.95499331314
 10
27676.9272729192
 20
30661.87629106478
 10
27676.90981571322
 20
30661.79822447352
 10
27676.88925064014
 20
30661.72091842924
 10
27676.86561059968
 20
30661.64449660514
 10
27676.83893341087
 20
30661.56908125982
 10
27676.80926175152
 20
30661.49479304176
 10
27676.77664308996
 20
30661.42175079624
 10
27676.74112960907
 20
30661.35007137529
 10
27676.70277812287
 20
30661.27986945068
 10
27676.66164998554
 20
30661.21125733053
 10
27676.61781099334
 20
30661.14434477958
 10
27676.57133127929
 20
30661.07923884364
 10
27676.52228520102
 20
30661.01604367834
 10
27676.4707512218
 20
30660.95486038243
 10
27676.41681178499
 20
30660.89578683615
 10
27676.36055318221
 20
30660.83891754457
 10
27676.3020654152
 20
30660.78434348643
 10
27676.24144205192
 20
30660.73215196857
 10
27676.1787800768
 20
30660.6824264863
 10
27676.15404262816
 20
30660.66389012324
1001
REVIT
1002
{
1070
     1
1000
1961636
1002
}
1002
{
1070
     5
1000
1739590
1002
}
1002
{
1070
     3
1000
1035229
1002
}
  0
LINE
  5
5C3
330
537
100
AcDbEntity
  8
P-SANR-FIXT
100
AcDbLine
 10
27649.20879777804
 20
30636.00000000003
 30
0.0
 11
27679.71796639632
 21
30636.00000000003
 31
0.0
1001
REVIT
1002
{
1070
     1
1000
1961636
1002
}
1002
{
1070
     5
1000
1739590
1002
}
1002
{
1070
     3
1000
1035229
1002
}
  0
LINE
  5
5C4
330
537
100
AcDbEntity
  8
P-SANR-FIXT
100
AcDbLine
 10
27649.20879777804
 20
30636.00000000003
 30
0.0
 11
27679.71796639632
 21
30636.00000000003
 31
0.0
1001
REVIT
1002
{
1070
     1
1000
1961636
1002
}
1002
{
1070
     5
1000
1739590
1002
}
1002
{
1070
     3
1000
1035229
1002
}
  0
LINE
  5
5C5
330
537
100
AcDbEntity
  8
P-SANR-FIXT
100
AcDbLine
 10
27675.96713976351
 20
30677.0
 30
0.0
 11
27652.95962441085
 21
30677.0
 31
0.0
1001
REVIT
1002
{
1070
     1
1000
1961636
1002
}
1002
{
1070
     5
1000
1739590
1002
}
1002
{
1070
     3
1000
1035229
1002
}
  0
LINE
  5
5C6
330
537
100
AcDbEntity
  8
P-SANR-FIXT
100
AcDbLine
 10
27674.96713976351
 20
30675.0
 30
0.0
 11
27653.95962441085
 21
30675.0
 31
0.0
1001
REVIT
1002
{
1070
     1
1000
1961636
1002
}
1002
{
1070
     5
1000
1739590
1002
}
1002
{
1070
     3
1000
1035229
1002
}
  0
LINE
  5
5C7
330
537
100
AcDbEntity
  8
P-SANR-FIXT
100
AcDbLine
 10
27679.55326093239
 20
30654.69980397371
 30
0.0
 11
27649.37350324196
 21
30654.69980397371
 31
0.0
1001
REVIT
1002
{
1070
     1
1000
1961636
1002
}
1002
{
1070
     5
1000
1739590
1002
}
1002
{
1070
     3
1000
1035229
1002
}
  0
LINE
  5
5C8
330
537
100
AcDbEntity
  8
P-SANR-FIXT
100
AcDbLine
 10
27679.55326093239
 20
30654.69980397371
 30
0.0
 11
27649.37350324196
 21
30654.69980397371
 31
0.0
1001
REVIT
1002
{
1070
     1
1000
1961636
1002
}
1002
{
1070
     5
1000
1739590
1002
}
1002
{
1070
     3
1000
1035229
1002
}
  0
LINE
  5
5C9
330
537
100
AcDbEntity
  8
P-SANR-FIXT
100
AcDbLine
 10
27682.40490279614
 20
30637.40432863679
 30
0.0
 11
27646.52186137821
 21
30637.40432863679
 31
0.0
1001
REVIT
1002
{
1070
     1
1000
1961636
1002
}
1002
{
1070
     5
1000
1739590
1002
}
1002
{
1070
     3
1000
1035229
1002
}
  0
LWPOLYLINE
  5
5CA
330
537
100
AcDbEntity
  8
P-SANR-FIXT
100
AcDbPolyline
 90
       41
 70
   128
 43
0.0
 10
27674.50838329464
 20
30250.34234393953
 10
27674.55642980569
 20
30248.08519621911
 10
27674.70049161348
 20
30245.83167292611
 10
27674.94033568317
 20
30243.5853924536
 10
27675.27557409351
 20
30241.3499611409
 10
27675.70566473958
 20
30239.12896728416
 10
27676.22991231196
 20
30236.92597519118
 10
27676.84746954763
 20
30234.74451929435
 10
27677.55733874705
 20
30232.5880983349
 10
27678.35837355077
 20
30230.46016963058
 10
27679.24928096827
 20
30228.36414343805
 10
27680.22862365119
 20
30226.30337742053
 10
27681.29482240242
 20
30224.28117122968
 10
27682.4461589129
 20
30222.30076121037
 10
27683.68077871703
 20
30220.36531523557
 10
27684.99669435836
 20
30218.47792767811
 10
27686.39178875698
 20
30216.64161452513
 10
27687.86381877036
 20
30214.85930864033
 10
27689.41041893933
 20
30213.13385517898
 10
27691.02910541177
 20
30211.46800715972
 10
27692.71728003615
 20
30209.86442119721
 10
27694.47223461771
 20
30208.32565339935
 10
27696.29115533026
 20
30206.85415543261
 10
27698.1711272765
 20
30205.45227075886
 10
27700.10913919024
 20
30204.12223104709
 10
27702.10208827348
 20
30202.86615276351
 10
27704.14678516201
 20
30201.68603394305
 10
27706.23995901231
 20
30200.58375114579
 10
27708.37826270326
 20
30199.56105660168
 10
27710.5582781455
 20
30198.61957554642
 10
27712.7765216914
 20
30197.76080375207
 10
27715.02944963833
 20
30196.98610525529
 10
27717.31346381784
 20
30196.29671028612
 10
27719.62491726301
 20
30195.69371340024
 10
27721.96011994623
 20
30195.17807181726
 10
27724.3153445793
 20
30194.75060396749
 10
27726.68683246769
 20
30194.41198824928
 10
27729.07079941068
 20
30194.16276199891
 10
27731.46344163867
 20
30194.00332067459
 10
27733.86094177934
 20
30193.93391725586
 10
27734.50838329465
 20
30193.93063300277
1001
REVIT
1002
{
1070
     1
1000
1961636
1002
}
1002
{
1070
     5
1000
1739590
1002
}
1002
{
1070
     3
1000
1035229
1002
}
  0
LWPOLYLINE
  5
5CB
330
537
100
AcDbEntity
  8
P-SANR-FIXT
100
AcDbPolyline
 90
       41
 70
   128
 43
0.0
 10
27734.50838329465
 20
30193.93063300277
 10
27736.90653927748
 20
30193.97570961928
 10
27739.30086924299
 20
30194.11086794978
 10
27741.68755317256
 20
30194.33589354576
 10
27744.06278303633
 20
30194.65042935501
 10
27746.42276876539
 20
30195.05397626387
 10
27748.76374419786
 20
30195.5458938552
 10
27751.08197298983
 20
30196.12540138085
 10
27753.37375448287
 20
30196.79157894715
 10
27755.63542951954
 20
30197.54336891146
 10
27757.86338619881
 20
30198.37957748788
 10
27760.05406556318
 20
30199.29887655963
 10
27762.20396720974
 20
30200.29980569557
 10
27764.30965481735
 20
30201.38077436818
 10
27766.36776158254
 20
30202.54006436988
 10
27768.37499555671
 20
30203.77583242488
 10
27770.32814487757
 20
30205.08611299321
 10
27772.22408288779
 20
30206.46882126381
 10
27774.05977313391
 20
30207.92175633338
 10
27775.83227423883
 20
30209.44260456769
 10
27777.53874464107
 20
30211.02894314203
 10
27779.17644719409
 20
30212.67824375752
 10
27780.74275361881
 20
30214.38787652977
 10
27782.23514880252
 20
30216.15511404674
 10
27783.65123493702
 20
30217.97713559191
 10
27784.98873548887
 20
30219.85103152951
 10
27786.24549899411
 20
30221.77380784758
 10
27787.41950266988
 20
30223.74239085494
 10
27788.50885583478
 20
30225.75363202732
 10
27789.51180312987
 20
30227.80431299766
 10
27790.42672753165
 20
30229.89115068491
 10
27791.25215314876
 20
30232.01080255477
 10
27791.98674779335
 20
30234.15987200548
 10
27792.62932531881
 20
30236.33491387021
 10
27793.17884771536
 20
30238.53244002724
 10
27793.63442695553
 20
30240.74892510774
 10
27793.9953265819
 20
30242.98081229023
 10
27794.26096303051
 20
30245.22451916963
 10
27794.43090668385
 20
30247.47644368806
 10
27794.50488264854
 20
30249.73297011378
 10
27794.50838329465
 20
30250.34234393953
1001
REVIT
1002
{
1070
     1
1000
1961636
1002
}
1002
{
1070
     5
1000
1739590
1002
}
1002
{
1070
     3
1000
1035229
1002
}
  0
LINE
  5
5CC
330
537
100
AcDbEntity
  8
P-SANR-FIXT
100
AcDbLine
 10
27678.32446940804
 20
30250.5133540112
 30
0.0
 11
27678.32446940804
 21
30250.17133386788
 31
0.0
1001
REVIT
1002
{
1070
     1
1000
1961636
1002
}
1002
{
1070
     5
1000
1739590
1002
}
1002
{
1070
     3
1000
1035229
1002
}
  0
LINE
  5
5CD
330
537
100
AcDbEntity
  8
P-SANR-FIXT
100
AcDbLine
 10
27790.69229718125
 20
30250.17133386787
 30
0.0
 11
27790.69229718125
 21
30250.5133540112
 31
0.0
1001
REVIT
1002
{
1070
     1
1000
1961636
1002
}
1002
{
1070
     5
1000
1739590
1002
}
1002
{
1070
     3
1000
1035229
1002
}
  0
LWPOLYLINE
  5
5CE
330
537
100
AcDbEntity
  8
P-SANR-FIXT
100
AcDbPolyline
 90
       41
 70
   128
 43
0.0
 10
27734.50838329465
 20
30310.85914361805
 10
27732.11022731181
 20
30310.81406700154
 10
27729.71589734631
 20
30310.67890867105
 10
27727.32921341673
 20
30310.45388307506
 10
27724.95398355296
 20
30310.1393472658
 10
27722.59399782391
 20
30309.73580035695
 10
27720.25302239144
 20
30309.24388276563
 10
27717.93479359947
 20
30308.66437523997
 10
27715.64301210642
 20
30307.99819767367
 10
27713.38133706975
 20
30307.24640770936
 10
27711.15338039048
 20
30306.41019913294
 10
27708.96270102612
 20
30305.49090006119
 10
27706.81279937956
 20
30304.48997092524
 10
27704.70711177194
 20
30303.40900225265
 10
27702.64900500676
 20
30302.24971225094
 10
27700.64177103259
 20
30301.01394419594
 10
27698.68862171172
 20
30299.70366362761
 10
27696.7926837015
 20
30298.32095535701
 10
27694.95699345538
 20
30296.86802028744
 10
27693.18449235046
 20
30295.34717205313
 10
27691.47802194822
 20
30293.76083347879
 10
27689.8403193952
 20
30292.1115328633
 10
27688.27401297048
 20
30290.40190009105
 10
27686.78161778677
 20
30288.63466257408
 10
27685.36553165228
 20
30286.81264102891
 10
27684.02803110043
 20
30284.93874509131
 10
27682.77126759518
 20
30283.01596877324
 10
27681.59726391941
 20
30281.04738576588
 10
27680.50791075451
 20
30279.0361445935
 10
27679.50496345943
 20
30276.98546362315
 10
27678.59003905764
 20
30274.89862593591
 10
27677.76461344054
 20
30272.77897406605
 10
27677.03001879594
 20
30270.62990461534
 10
27676.38744127049
 20
30268.4548627506
 10
27675.83791887393
 20
30266.25733659358
 10
27675.38233963377
 20
30264.04085151308
 10
27675.0214400074
 20
30261.80896433059
 10
27674.75580355878
 20
30259.56525745119
 10
27674.58585990545
 20
30257.31333293276
 10
27674.51188394075
 20
30255.05680650704
 10
27674.50838329464
 20
30254.44743268128
1001
REVIT
1002
{
1070
     1
1000
1961636
1002
}
1002
{
1070
     5
1000
1739590
1002
}
1002
{
1070
     3
1000
1035229
1002
}
  0
LWPOLYLINE
  5
5CF
330
537
100
AcDbEntity
  8
P-SANR-FIXT
100
AcDbPolyline
 90
       41
 70
   128
 43
0.0
 10
27794.50838329465
 20
30254.44743268128
 10
27794.4603367836
 20
30256.70458040171
 10
27794.31627497581
 20
30258.9581036947
 10
27794.07643090612
 20
30261.20438416722
 10
27793.74119249578
 20
30263.43981547991
 10
27793.31110184971
 20
30265.66080933665
 10
27792.78685427734
 20
30267.86380142964
 10
27792.16929704167
 20
30270.04525732647
 10
27791.45942784225
 20
30272.20167828591
 10
27790.65839303853
 20
30274.32960699024
 10
27789.76748562102
 20
30276.42563318277
 10
27788.78814293811
 20
30278.48639920029
 10
27787.72194418687
 20
30280.50860539113
 10
27786.57060767639
 20
30282.48901541044
 10
27785.33598787226
 20
30284.42446138524
 10
27784.02007223094
 20
30286.3118489427
 10
27782.62497783231
 20
30288.14816209569
 10
27781.15294781894
 20
30289.93046798049
 10
27779.60634764996
 20
30291.65592144183
 10
27777.98766117752
 20
30293.32176946109
 10
27776.29948655315
 20
30294.9253554236
 10
27774.54453197159
 20
30296.46412322146
 10
27772.72561125904
 20
30297.9356211882
 10
27770.8456393128
 20
30299.33750586196
 10
27768.90762739906
 20
30300.66754557372
 10
27766.91467831582
 20
30301.9236238573
 10
27764.86998142729
 20
30303.10374267777
 10
27762.77680757699
 20
30304.20602547502
 10
27760.63850388604
 20
30305.22872001914
 10
27758.4584884438
 20
30306.1702010744
 10
27756.2402448979
 20
30307.02897286874
 10
27753.98731695097
 20
30307.80367136553
 10
27751.70330277146
 20
30308.4930663347
 10
27749.39184932629
 20
30309.09606322058
 10
27747.05664664306
 20
30309.61170480355
 10
27744.70142201
 20
30310.03917265333
 10
27742.32993412161
 20
30310.37778837153
 10
27739.94596717863
 20
30310.62701462191
 10
27737.55332495063
 20
30310.78645594623
 10
27735.15582480996
 20
30310.85585936496
 10
27734.50838329465
 20
30310.85914361805
1001
REVIT
1002
{
1070
     1
1000
1961636
1002
}
1002
{
1070
     5
1000
1739590
1002
}
1002
{
1070
     3
1000
1035229
1002
}
  0
LINE
  5
5D0
330
537
100
AcDbEntity
  8
P-SANR-FIXT
100
AcDbLine
 10
27674.50838329464
 20
30254.44743268128
 30
0.0
 11
27674.50838329464
 21
30250.34234393954
 31
0.0
1001
REVIT
1002
{
1070
     1
1000
1961636
1002
}
1002
{
1070
     5
1000
1739590
1002
}
1002
{
1070
     3
1000
1035229
1002
}
  0
LINE
  5
5D1
330
537
100
AcDbEntity
  8
P-SANR-FIXT
100
AcDbLine
 10
27794.50838329465
 20
30250.34234393954
 30
0.0
 11
27794.50838329465
 21
30254.44743268128
 31
0.0
1001
REVIT
1002
{
1070
     1
1000
1961636
1002
}
1002
{
1070
     5
1000
1739590
1002
}
1002
{
1070
     3
1000
1035229
1002
}
  0
ELLIPSE
  5
5D2
330
537
100
AcDbEntity
  8
P-SANR-FIXT
100
AcDbEllipse
 10
27734.50838329464
 20
30250.17133386784
 30
0.0
 11
57.1839138866053
 21
0.0
 31
0.0
210
0.0
220
0.0
230
1.0
 40
0.9396926207858729
 41
4.613881127358328
 42
4.712388980384683
1001
REVIT
1002
{
1070
     1
1000
1961636
1002
}
1002
{
1070
     5
1000
1739590
1002
}
1002
{
1070
     3
1000
1035229
1002
}
  0
ELLIPSE
  5
5D3
330
537
100
AcDbEntity
  8
P-SANR-FIXT
100
AcDbEllipse
 10
27734.50838329464
 20
30250.17133386784
 30
0.0
 11
57.18391388660452
 21
0.0
 31
0.0
210
0.0
220
0.0
230
1.0
 40
0.9396926207859143
 41
1.570796326794897
 42
4.571285879977968
1001
REVIT
1002
{
1070
     1
1000
1961636
1002
}
1002
{
1070
     5
1000
1739590
1002
}
1002
{
1070
     3
1000
1035229
1002
}
  0
ELLIPSE
  5
5D4
330
537
100
AcDbEntity
  8
P-SANR-FIXT
100
AcDbEllipse
 10
27734.50838329464
 20
30250.17133386784
 30
0.0
 11
57.1839138866053
 21
0.0
 31
0.0
210
0.0
220
0.0
230
1.0
 40
0.9396926207858729
 41
4.853492080791519
 42
7.853981633974483
1001
REVIT
1002
{
1070
     1
1000
1961636
1002
}
1002
{
1070
     5
1000
1739590
1002
}
1002
{
1070
     3
1000
1035229
1002
}
  0
ELLIPSE
  5
5D5
330
537
100
AcDbEntity
  8
P-SANR-FIXT
100
AcDbEllipse
 10
27734.50838329464
 20
30250.17133386784
 30
0.0
 11
57.18391388660336
 21
0.0
 31
0.0
210
0.0
220
0.0
230
1.0
 40
0.9396926207859139
 41
4.712388980384683
 42
4.810896833411106
1001
REVIT
1002
{
1070
     1
1000
1961636
1002
}
1002
{
1070
     5
1000
1739590
1002
}
1002
{
1070
     3
1000
1035229
1002
}
  0
ELLIPSE
  5
5D6
330
537
100
AcDbEntity
  8
P-SANR-FIXT
100
AcDbEllipse
 10
27734.50838329464
 20
30250.51335401116
 30
0.0
 11
57.1839138866052
 21
0.0
 31
0.0
210
0.0
220
0.0
230
1.0
 40
0.9396926207859272
 41
3.36599212884637
 42
4.561034844955827
1001
REVIT
1002
{
1070
     1
1000
1961636
1002
}
1002
{
1070
     5
1000
1739590
1002
}
1002
{
1070
     3
1000
1035229
1002
}
  0
ELLIPSE
  5
5D7
330
537
100
AcDbEntity
  8
P-SANR-FIXT
100
AcDbEllipse
 10
27734.50838329464
 20
30250.51335401116
 30
0.0
 11
57.18391388660507
 21
0.0
 31
0.0
210
0.0
220
0.0
230
1.0
 40
0.939692620785898
 41
4.863743115813408
 42
6.058785831923202
1001
REVIT
1002
{
1070
     1
1000
1961636
1002
}
1002
{
1070
     5
1000
1739590
1002
}
1002
{
1070
     3
1000
1035229
1002
}
  0
ELLIPSE
  5
5D8
330
537
100
AcDbEntity
  8
P-SANR-FIXT
100
AcDbEllipse
 10
27734.50838329464
 20
30250.51335401116
 30
0.0
 11
56.18391388660456
 21
0.0
 31
0.0
210
0.0
220
0.0
230
1.0
 40
0.9396926207859234
 41
3.21068483536727
 42
3.365992128846179
1001
REVIT
1002
{
1070
     1
1000
1961636
1002
}
1002
{
1070
     5
1000
1739590
1002
}
1002
{
1070
     3
1000
1035229
1002
}
  0
ELLIPSE
  5
5D9
330
537
100
AcDbEntity
  8
P-SANR-FIXT
100
AcDbEllipse
 10
27734.50838329464
 20
30250.51335401116
 30
0.0
 11
56.18391388660506
 21
0.0
 31
0.0
210
0.0
220
0.0
230
1.0
 40
0.9396926207858686
 41
1.570796326794897
 42
3.072500471812031
1001
REVIT
1002
{
1070
     1
1000
1961636
1002
}
1002
{
1070
     5
1000
1739590
1002
}
1002
{
1070
     3
1000
1035229
1002
}
  0
ELLIPSE
  5
5DA
330
537
100
AcDbEntity
  8
P-SANR-FIXT
100
AcDbEllipse
 10
27734.50838329464
 20
30250.51335401116
 30
0.0
 11
56.1839138866053
 21
0.0
 31
0.0
210
0.0
220
0.0
230
1.0
 40
0.9396926207858951
 41
0.0690921817777602
 42
1.570796326794897
1001
REVIT
1002
{
1070
     1
1000
1961636
1002
}
1002
{
1070
     5
1000
1739590
1002
}
1002
{
1070
     3
1000
1035229
1002
}
  0
ELLIPSE
  5
5DB
330
537
100
AcDbEntity
  8
P-SANR-FIXT
100
AcDbEllipse
 10
27734.50838329464
 20
30250.51335401116
 30
0.0
 11
56.18391388660481
 21
0.0
 31
0.0
210
0.0
220
0.0
230
1.0
 40
0.9396926207858682
 41
6.058785831923175
 42
6.214093125401886
1001
REVIT
1002
{
1070
     1
1000
1961636
1002
}
1002
{
1070
     5
1000
1739590
1002
}
1002
{
1070
     3
1000
1035229
1002
}
  0
ELLIPSE
  5
5DC
330
537
100
AcDbEntity
  8
P-SANR-FIXT
100
AcDbEllipse
 10
27734.50838329464
 20
30250.17133386784
 30
0.0
 11
56.18391388660465
 21
0.0
 31
0.0
210
0.0
220
0.0
230
1.0
 40
0.9396926207859136
 41
1.570796326794897
 42
4.649436265066347
1001
REVIT
1002
{
1070
     1
1000
1961636
1002
}
1002
{
1070
     5
1000
1739590
1002
}
1002
{
1070
     3
1000
1035229
1002
}
  0
ELLIPSE
  5
5DD
330
537
100
AcDbEntity
  8
P-SANR-FIXT
100
AcDbEllipse
 10
27734.50838329464
 20
30250.17133386784
 30
0.0
 11
56.1839138866053
 21
0.0
 31
0.0
210
0.0
220
0.0
230
1.0
 40
0.9396926207858951
 41
4.775341695702954
 42
7.853981633974483
1001
REVIT
1002
{
1070
     1
1000
1961636
1002
}
1002
{
1070
     5
1000
1739590
1002
}
1002
{
1070
     3
1000
1035229
1002
}
  0
LINE
  5
5DE
330
537
100
AcDbEntity
  8
P-SANR-FIXT
100
AcDbLine
 10
27657.7339082138
 20
29481.11415905734
 30
0.0
 11
27657.7339082138
 21
29406.11415905734
 31
0.0
1001
REVIT
1002
{
1070
     1
1000
1961636
1002
}
1002
{
1070
     5
1000
1739590
1002
}
1002
{
1070
     3
1000
1035229
1002
}
  0
LINE
  5
5DF
330
537
100
AcDbEntity
  8
P-SANR-FIXT
100
AcDbLine
 10
27671.7339082138
 20
29406.11415905734
 30
0.0
 11
27671.7339082138
 21
29481.11415905734
 31
0.0
1001
REVIT
1002
{
1070
     1
1000
1961636
1002
}
1002
{
1070
     5
1000
1739590
1002
}
1002
{
1070
     3
1000
1035229
1002
}
  0
LWPOLYLINE
  5
5E0
330
537
100
AcDbEntity
  8
P-SANR-FIXT
100
AcDbPolyline
 90
       80
 70
   128
 43
0.0
 10
27657.7339082138
 20
29406.11415905734
 10
27657.76736363507
 20
29404.43478011966
 10
27657.86767702519
 20
29402.75807700171
 10
27658.03468983855
 20
29401.08672139612
 10
27658.26813808401
 20
29399.42337674583
 10
27658.5676527024
 20
29397.77069413044
 10
27658.93276009478
 20
29396.13130816605
 10
27659.36288280183
 20
29394.50783292328
 10
27659.85734033405
 20
29392.90285786793
 10
27660.41535015295
 20
29391.31894382931
 10
27661.03602880292
 20
29389.7586190009
 10
27661.71839319376
 20
29388.2243749785
 10
27662.46136203356
 20
29386.71866284085
 10
27663.26375741157
 20
29385.24388927822
 10
27664.12430653055
 20
29383.80241277415
 10
27665.04164358799
 20
29382.39653984616
 10
27666.01431180544
 20
29381.02852135108
 10
27667.04076560463
 20
29379.70054886084
 10
27668.11937292946
 20
29378.41475111494
 10
27669.24841771207
 20
29377.17319055563
 10
27670.4261024812
 20
29375.97785995218
 10
27671.65055111063
 20
29374.83067912068
 10
27672.91981170532
 20
29373.73349174582
 10
27674.23185962214
 20
29372.68806231122
 10
27675.58460062201
 20
29371.69607314496
 10
27676.97587414978
 20
29370.75912158679
 10
27678.40345673751
 20
29369.87871728367
 10
27679.86506552685
 20
29369.05627962001
 10
27681.35836190509
 20
29368.29313528905
 10
27682.8809552498
 20
29367.59051601152
 10
27684.43040677569
 20
29366.94955640756
 10
27686.00423347756
 20
29366.37129202761
 10
27687.59991216235
 20
29365.85665754779
 10
27689.21488356309
 20
29365.40648513476
 10
27690.84655652696
 20
29365.02150298486
 10
27692.49231226955
 20
29364.70233404174
 10
27694.14950868681
 20
29364.44949489634
 10
27695.81548471606
 20
29364.26339487261
 10
27697.48756473716
 20
29364.14433530163
 10
27699.16306300445
 20
29364.09250898647
 10
27700.83928810043
 20
29364.10799985945
 10
27702.51354740139
 20
29364.19078283287
 10
27704.18315154579
 20
29364.3407238436
 10
27705.84541889545
 20
29364.55758009152
 10
27707.49767998051
 20
29364.84100047096
 10
27709.13728191831
 20
29365.19052619385
 10
27710.76159279721
 20
29365.6055916026
 10
27712.36800601611
 20
29366.08552517024
 10
27713.95394457093
 20
29366.62955068485
 10
27715.51686527944
 20
29367.23678861448
 10
27717.05426293618
 20
29367.90625764885
 10
27718.56367438964
 20
29368.63687641304
 10
27720.04268253419
 20
29369.4274653485
 10
27721.48892020966
 20
29370.27674875598
 10
27722.9000740019
 20
29371.18335699486
 10
27724.27388793818
 20
29372.14582883305
 10
27725.6081670716
 20
29373.16261394133
 10
27726.9007809492
 20
29374.23207552588
 10
27728.14966695909
 20
29375.35249309263
 10
27729.35283355194
 20
29376.52206533683
 10
27730.50836333317
 20
29377.73891315137
 10
27731.61441602207
 20
29379.00108274723
 10
27732.66923127492
 20
29380.30654887942
 10
27733.67113136928
 20
29381.65321817195
 10
27734.61852374711
 20
29383.03893253536
 10
27735.50990341474
 20
29384.46147267039
 10
27736.3438551979
 20
29385.91856165149
 10
27737.11905585049
 20
29387.40786858429
 10
27737.83427601579
 20
29388.92701233068
 10
27738.48838203931
 20
29390.47356529594
 10
27739.08033763242
 20
29392.04505727214
 10
27739.60920538624
 20
29393.63897933236
 10
27740.07414813538
 20
29395.25278777013
 10
27740.47443017113
 20
29396.88390807931
 10
27740.80941830407
 20
29398.52973896878
 10
27741.07858277572
 20
29400.18765640759
 10
27741.28149801938
 20
29401.85501769515
 10
27741.41784326997
 20
29403.52916555228
 10
27741.48740302292
 20
29405.20743222808
 10
27741.49715289888
 20
29406.11415905734
1001
REVIT
1002
{
1070
     1
1000
1961636
1002
}
1002
{
1070
     5
1000
1739590
1002
}
1002
{
1070
     3
1000
1035229
1002
}
  0
LWPOLYLINE
  5
5E1
330
537
100
AcDbEntity
  8
P-SANR-FIXT
100
AcDbPolyline
 90
       80
 70
   128
 43
0.0
 10
27727.49715289888
 20
29406.11415905734
 10
27727.47480516543
 20
29404.99235691089
 10
27727.40779836449
 20
29403.87236023689
 10
27727.29624162708
 20
29402.75597146578
 10
27727.14031661394
 20
29401.64498695093
 10
27726.94027718001
 20
29400.5411939476
 10
27726.69644890631
 20
29399.44636761263
 10
27726.40922850064
 20
29398.36226803185
 10
27726.07908306949
 20
29397.29063728157
 10
27725.70654926319
 20
29396.23319653078
 10
27725.29223229743
 20
29395.19164319022
 10
27724.83680485421
 20
29394.16764811413
 10
27724.34100586584
 20
29393.16285286057
 10
27723.80563918583
 20
29392.17886701558
 10
27723.23157215086
 20
29391.21726558616
 10
27722.61973403825
 20
29390.27958646683
 10
27721.97111442359
 20
29389.36732798414
 10
27721.28676144329
 20
29388.48194652286
 10
27720.56777996717
 20
29387.62485423768
 10
27719.81532968595
 20
29386.79741685325
 10
27719.03062311912
 20
29386.00095155567
 10
27718.21492354799
 20
29385.23672497737
 10
27717.36954287943
 20
29384.50595127781
 10
27716.49583944521
 20
29383.80979032112
 10
27715.59521574217
 20
29383.14934595232
 10
27714.66911611797
 20
29382.52566437283
 10
27713.71902440739
 20
29381.93973261579
 10
27712.74646152371
 20
29381.39247712168
 10
27711.75298300969
 20
29380.88476241413
 10
27710.74017655219
 20
29380.41738987576
 10
27709.70965946478
 20
29379.99109662378
 10
27708.66307614166
 20
29379.60655448462
 10
27707.60209548684
 20
29379.26436906722
 10
27706.52840832154
 20
29378.96507893396
 10
27705.44372477313
 20
29378.70915486873
 10
27704.34977164813
 20
29378.49699924107
 10
27703.24828979224
 20
29378.32894546601
 10
27702.14103143956
 20
29378.20525755851
 10
27701.02975755334
 20
29378.12612978208
 10
27699.91623516043
 20
29378.09168639115
 10
27698.80223468143
 20
29378.1019814665
 10
27697.68952725835
 20
29378.15699884382
 10
27696.57988208184
 20
29378.25665213508
 10
27695.47506371981
 20
29378.40078484276
 10
27694.37682944922
 20
29378.5891705672
 10
27693.28692659327
 20
29378.82151330736
 10
27692.20708986571
 20
29379.09744785543
 10
27691.13903872474
 20
29379.41654028582
 10
27690.08447473877
 20
29379.77828853932
 10
27689.04507896634
 20
29380.18212310307
 10
27688.02250935322
 20
29380.62740778704
 10
27687.01839814944
 20
29381.11344059802
 10
27686.03434934944
 20
29381.63945471156
 10
27685.07193615872
 20
29382.20461954291
 10
27684.13269849073
 20
29382.80804191722
 10
27683.21814049765
 20
29383.44876733973
 10
27682.32972813952
 20
29384.12578136604
 10
27681.46888679563
 20
29384.83801107268
 10
27680.63699892305
 20
29385.58432662772
 10
27679.8354017668
 20
29386.36354296116
 10
27679.06538512662
 20
29387.17442153407
 10
27678.32818918533
 20
29388.01567220582
 10
27677.62500240381
 20
29388.88595519769
 10
27676.95695948784
 20
29389.78388315118
 10
27676.32513943198
 20
29390.70802327899
 10
27675.73056364556
 20
29391.65689960597
 10
27675.17419416607
 20
29392.62899529715
 10
27674.65693196481
 20
29393.62275506966
 10
27674.17961534994
 20
29394.63658768457
 10
27673.74301847143
 20
29395.66886851476
 10
27673.3478499326
 20
29396.71794218418
 10
27672.99475151262
 20
29397.78212527378
 10
27672.68429700383
 20
29398.8597090888
 10
27672.41699116773
 20
29399.94896248194
 10
27672.19326881307
 20
29401.04813472667
 10
27672.01349399898
 20
29402.15545843452
 10
27671.87795936585
 20
29403.26915251012
 10
27671.78688559619
 20
29404.38742513733
 10
27671.74042100736
 20
29405.50847678998
 10
27671.7339082138
 20
29406.11415905734
1001
REVIT
1002
{
1070
     1
1000
1961636
1002
}
1002
{
1070
     5
1000
1739590
1002
}
1002
{
1070
     3
1000
1035229
1002
}
  0
LINE
  5
5E2
330
537
100
AcDbEntity
  8
P-SANR-FIXT
100
AcDbLine
 10
27741.49715289888
 20
29406.11415905734
 30
0.0
 11
27741.49715289888
 21
30058.53147704602
 31
0.0
1001
REVIT
1002
{
1070
     1
1000
1961636
1002
}
1002
{
1070
     5
1000
1739590
1002
}
1002
{
1070
     3
1000
1035229
1002
}
  0
LINE
  5
5E3
330
537
100
AcDbEntity
  8
P-SANR-FIXT
100
AcDbLine
 10
27727.49715289888
 20
30058.53147704602
 30
0.0
 11
27727.49715289888
 21
29406.11415905734
 31
0.0
1001
REVIT
1002
{
1070
     1
1000
1961636
1002
}
1002
{
1070
     5
1000
1739590
1002
}
1002
{
1070
     3
1000
1035229
1002
}
  0
LINE
  5
5E4
330
537
100
AcDbEntity
  8
P-SANR-FIXT
100
AcDbLine
 10
27669.21750457043
 20
29481.11415905731
 30
0.0
 11
27665.92900314883
 21
29481.11415905731
 31
0.0
1001
REVIT
1002
{
1070
     1
1000
1961636
1002
}
1002
{
1070
     5
1000
1739590
1002
}
1002
{
1070
     3
1000
1035229
1002
}
  0
LINE
  5
5E5
330
537
100
AcDbEntity
  8
P-SANR-FIXT
100
AcDbLine
 10
27671.70543177941
 20
29481.11415905731
 30
0.0
 11
27671.30462996909
 21
29481.11415905731
 31
0.0
1001
REVIT
1002
{
1070
     1
1000
1961636
1002
}
1002
{
1070
     5
1000
1739590
1002
}
1002
{
1070
     3
1000
1035229
1002
}
  0
LINE
  5
5E6
330
537
100
AcDbEntity
  8
P-SANR-FIXT
100
AcDbLine
 10
27653.82466631788
 20
29511.00000000009
 30
0.0
 11
27656.43933860031
 21
29481.11415905734
 31
0.0
1001
REVIT
1002
{
1070
     1
1000
1961636
1002
}
1002
{
1070
     5
1000
1739590
1002
}
1002
{
1070
     3
1000
1035229
1002
}
  0
LINE
  5
5E7
330
537
100
AcDbEntity
  8
P-SANR-FIXT
100
AcDbLine
 10
27672.48742557406
 20
29481.11415905734
 30
0.0
 11
27675.10209785649
 21
29511.00000000009
 31
0.0
1001
REVIT
1002
{
1070
     1
1000
1961636
1002
}
1002
{
1070
     5
1000
1739590
1002
}
1002
{
1070
     3
1000
1035229
1002
}
  0
LINE
  5
5E8
330
537
100
AcDbEntity
  8
P-SANR-FIXT
100
AcDbLine
 10
27662.44523973939
 20
29481.11415905731
 30
0.0
 11
27664.46338208718
 21
29481.11415905731
 31
0.0
1001
REVIT
1002
{
1070
     1
1000
1961636
1002
}
1002
{
1070
     5
1000
1739590
1002
}
1002
{
1070
     3
1000
1035229
1002
}
  0
LINE
  5
5E9
330
537
100
AcDbEntity
  8
P-SANR-FIXT
100
AcDbLine
 10
27656.4393386003
 20
29481.11415905731
 30
0.0
 11
27661.91675512007
 21
29481.11415905731
 31
0.0
1001
REVIT
1002
{
1070
     1
1000
1961636
1002
}
1002
{
1070
     5
1000
1739590
1002
}
1002
{
1070
     3
1000
1035229
1002
}
  0
LINE
  5
5EA
330
537
100
AcDbEntity
  8
P-SANR-FIXT
100
AcDbLine
 10
27669.73275673087
 20
29481.11415905731
 30
0.0
 11
27672.48742557406
 21
29481.11415905731
 31
0.0
1001
REVIT
1002
{
1070
     1
1000
1961636
1002
}
1002
{
1070
     5
1000
1739590
1002
}
1002
{
1070
     3
1000
1035229
1002
}
  0
LINE
  5
5EB
330
537
100
AcDbEntity
  8
P-SANR-FIXT
100
AcDbLine
 10
27664.46338208718
 20
29481.11415905731
 30
0.0
 11
27666.77937060721
 21
29481.11415905731
 31
0.0
1001
REVIT
1002
{
1070
     1
1000
1961636
1002
}
1002
{
1070
     5
1000
1739590
1002
}
1002
{
1070
     3
1000
1035229
1002
}
  0
ARC
  5
5EC
330
537
100
AcDbEntity
  8
P-SANR-FIXT
100
AcDbCircle
 10
27664.46338208718
 20
29570.99999999989
 30
0.0
 40
25.00000000003537
100
AcDbArc
 50
149.611819146378
 51
210.3881808536288
1001
REVIT
1002
{
1070
     1
1000
1961636
1002
}
1002
{
1070
     5
1000
1739590
1002
}
1002
{
1070
     3
1000
1035229
1002
}
  0
ARC
  5
5ED
330
537
100
AcDbEntity
  8
P-SANR-FIXT
100
AcDbCircle
 10
27664.46338208718
 20
29570.99999999989
 30
0.0
 40
25.00000000003476
100
AcDbArc
 50
327.0303750240516
 51
32.96962497593649
1001
REVIT
1002
{
1070
     1
1000
1961636
1002
}
1002
{
1070
     5
1000
1739590
1002
}
1002
{
1070
     3
1000
1035229
1002
}
  0
LINE
  5
5EE
330
537
100
AcDbEntity
  8
P-SANR-FIXT
100
AcDbLine
 10
27684.4633820872
 20
30679.00000000004
 30
0.0
 11
27684.4633820872
 21
30689.00000000004
 31
0.0
1001
REVIT
1002
{
1070
     1
1000
1961636
1002
}
1002
{
1070
     5
1000
1739590
1002
}
1002
{
1070
     3
1000
1035229
1002
}
  0
LINE
  5
5EF
330
537
100
AcDbEntity
  8
P-SANR-FIXT
100
AcDbLine
 10
27644.4633820872
 20
30689.00000000004
 30
0.0
 11
27644.4633820872
 21
30679.00000000004
 31
0.0
1001
REVIT
1002
{
1070
     1
1000
1961636
1002
}
1002
{
1070
     5
1000
1739590
1002
}
1002
{
1070
     3
1000
1035229
1002
}
  0
LWPOLYLINE
  5
5F0
330
537
100
AcDbEntity
  8
P-SANR-FIXT
100
AcDbPolyline
 90
       80
 70
   128
 43
0.0
 10
27664.46338208719
 20
30366.94308931507
 10
27663.8258285606
 20
30366.93033654413
 10
27663.18929498365
 20
30366.892098633
 10
27662.55479967429
 20
30366.8284367542
 10
27661.92335768964
 20
30366.73945275314
 10
27661.29597920217
 20
30366.62528898524
 10
27660.67366788365
 20
30366.48612808819
 10
27660.05741929943
 20
30366.32219268973
 10
27659.44821931578
 20
30366.13374505153
 10
27658.84704252271
 20
30365.92108664959
 10
27658.25485067487
 20
30365.68455769202
 10
27657.67259115286
 20
30365.42453657469
 10
27657.10119544773
 20
30365.14143927589
 10
27656.5415776707
 20
30364.83571869095
 10
27655.99463309084
 20
30364.50786390755
 10
27655.46123670281
 20
30364.15839942343
 10
27654.94224182704
 20
30363.78788430721
 10
27654.43847874462
 20
30363.39691130403
 10
27653.95075336901
 20
30362.9861058873
 10
27653.47984595678
 20
30362.55612525805
 10
27653.02650985933
 20
30362.10765729356
 10
27652.5914703177
 20
30361.64141944691
 10
27652.17542330237
 20
30361.15815759919
 10
27651.7790343998
 20
30360.65864486627
 10
27651.40293774768
 20
30360.14368036197
 10
27651.04773502043
 20
30359.61408791963
 10
27650.71399446662
 20
30359.0707147742
 10
27650.40224999997
 20
30358.5144302068
 10
27650.11300034511
 20
30357.94612415405
 10
27649.84670823978
 20
30357.36670578442
 10
27649.60379969455
 20
30356.77710204368
 10
27649.38466331128
 20
30356.17825617207
 10
27649.18964966142
 20
30355.57112619521
 10
27649.01907072522
 20
30354.95668339157
 10
27648.87319939259
 20
30354.33591073854
 10
27648.75226902655
 20
30353.70980133995
 10
27648.65647308987
 20
30353.07935683729
 10
27648.58596483564
 20
30352.44558580725
 10
27648.540857062
 20
30351.8095021483
 10
27648.52122193178
 20
30351.1721234586
 10
27648.52709085699
 20
30350.53446940808
 10
27648.55845444861
 20
30349.8975601072
 10
27648.61526253159
 20
30349.26241447497
 10
27648.69742422509
 20
30348.63004860892
 10
27648.80480808796
 20
30348.00147415953
 10
27648.9372423289
 20
30347.37769671184
 10
27649.0945150814
 20
30346.75971417668
 10
27649.27637474258
 20
30346.1485151943
 10
27649.4825303758
 20
30345.54507755269
 10
27649.71265217601
 20
30344.95036662333
 10
27649.96637199741
 20
30344.36533381686
 10
27650.24328394244
 20
30343.79091506096
 10
27650.54294501103
 20
30343.22802930311
 10
27650.86487580942
 20
30342.67757704044
 10
27651.20856131699
 20
30342.14043887914
 10
27651.57345171025
 20
30341.61747412571
 10
27651.9589632424
 20
30341.10951941217
 10
27652.36447917724
 20
30340.61738735772
 10
27652.78935077577
 20
30340.14186526865
 10
27653.23289833407
 20
30339.68371387889
 10
27653.69441227068
 20
30339.2436661329
 10
27654.17315426172
 20
30338.82242601321
 10
27654.66835842216
 20
30338.42066741416
 10
27655.17923253097
 20
30338.03903306379
 10
27655.70495929855
 20
30337.67813349567
 10
27656.24469767424
 20
30337.33854607211
 10
27656.79758419176
 20
30337.02081406054
 10
27657.36273435062
 20
30336.72544576441
 10
27657.93924403115
 20
30336.45291370999
 10
27658.52619094082
 20
30336.20365389041
 10
27659.12263608979
 20
30335.97806506822
 10
27659.72762529306
 20
30335.77650813742
 10
27660.34019069696
 20
30335.59930554608
 10
27660.95935232751
 20
30335.44674078058
 10
27661.5841196582
 20
30335.31905791197
 10
27662.21349319456
 20
30335.21646120561
 10
27662.8464660732
 20
30335.13911479435
 10
27663.48202567254
 20
30335.08714241594
 10
27664.11915523279
 20
30335.0606272151
 10
27664.46338208719
 20
30335.05691068509
1001
REVIT
1002
{
1070
     1
1000
1961636
1002
}
1002
{
1070
     5
1000
1739590
1002
}
1002
{
1070
     3
1000
1035229
1002
}
  0
LWPOLYLINE
  5
5F1
330
537
100
AcDbEntity
  8
P-SANR-FIXT
100
AcDbPolyline
 90
       80
 70
   128
 43
0.0
 10
27664.46338208719
 20
30335.05691068509
 10
27665.10093561378
 20
30335.06966345604
 10
27665.73746919072
 20
30335.10790136716
 10
27666.37196450009
 20
30335.17156324597
 10
27667.00340648475
 20
30335.26054724703
 10
27667.6307849722
 20
30335.37471101492
 10
27668.25309629072
 20
30335.51387191197
 10
27668.86934487495
 20
30335.67780731043
 10
27669.4785448586
 20
30335.86625494864
 10
27670.07972165166
 20
30336.07891335057
 10
27670.67191349951
 20
30336.31544230814
 10
27671.25417302152
 20
30336.57546342548
 10
27671.82556872665
 20
30336.85856072427
 10
27672.38518650368
 20
30337.16428130922
 10
27672.93213108353
 20
30337.49213609261
 10
27673.46552747156
 20
30337.84160057674
 10
27673.98452234733
 20
30338.21211569296
 10
27674.48828542976
 20
30338.60308869614
 10
27674.97601080537
 20
30339.01389411287
 10
27675.4469182176
 20
30339.44387474212
 10
27675.90025431505
 20
30339.89234270661
 10
27676.33529385668
 20
30340.35858055326
 10
27676.75134087201
 20
30340.84184240098
 10
27677.14772977458
 20
30341.34135513389
 10
27677.5238264267
 20
30341.8563196382
 10
27677.87902915395
 20
30342.38591208053
 10
27678.21276970775
 20
30342.92928522596
 10
27678.52451417441
 20
30343.48556979337
 10
27678.81376382927
 20
30344.05387584612
 10
27679.0800559346
 20
30344.63329421576
 10
27679.32296447983
 20
30345.22289795648
 10
27679.5421008631
 20
30345.8217438281
 10
27679.73711451296
 20
30346.42887380496
 10
27679.90769344916
 20
30347.0433166086
 10
27680.05356478178
 20
30347.66408926163
 10
27680.17449514783
 20
30348.29019866021
 10
27680.2702910845
 20
30348.92064316288
 10
27680.34079933874
 20
30349.55441419291
 10
27680.38590711238
 20
30350.19049785186
 10
27680.4055422426
 20
30350.82787654157
 10
27680.39967331739
 20
30351.46553059209
 10
27680.36830972576
 20
30352.10243989297
 10
27680.31150164279
 20
30352.73758552519
 10
27680.22933994928
 20
30353.36995139124
 10
27680.12195608641
 20
30353.99852584063
 10
27679.98952184547
 20
30354.62230328833
 10
27679.83224909298
 20
30355.24028582348
 10
27679.6503894318
 20
30355.85148480586
 10
27679.44423379858
 20
30356.45492244747
 10
27679.21411199837
 20
30357.04963337683
 10
27678.96039217697
 20
30357.63466618331
 10
27678.68348023194
 20
30358.2090849392
 10
27678.38381916334
 20
30358.77197069706
 10
27678.06188836496
 20
30359.32242295973
 10
27677.71820285739
 20
30359.85956112102
 10
27677.35331246414
 20
30360.38252587446
 10
27676.96780093198
 20
30360.890480588
 10
27676.56228499714
 20
30361.38261264245
 10
27676.13741339861
 20
30361.85813473151
 10
27675.69386584031
 20
30362.31628612128
 10
27675.2323519037
 20
30362.75633386727
 10
27674.75360991265
 20
30363.17757398696
 10
27674.25840575221
 20
30363.57933258601
 10
27673.74753164341
 20
30363.96096693637
 10
27673.22180487582
 20
30364.32186650449
 10
27672.68206650014
 20
30364.66145392806
 10
27672.12917998262
 20
30364.97918593962
 10
27671.56402982375
 20
30365.27455423575
 10
27670.98752014323
 20
30365.54708629018
 10
27670.40057323356
 20
30365.79634610976
 10
27669.80412808459
 20
30366.02193493194
 10
27669.19913888132
 20
30366.22349186275
 10
27668.58657347742
 20
30366.40069445408
 10
27667.96741184686
 20
30366.55325921958
 10
27667.34264451618
 20
30366.6809420882
 10
27666.71327097982
 20
30366.78353879455
 10
27666.08029810118
 20
30366.86088520582
 10
27665.44473850184
 20
30366.91285758423
 10
27664.80760894159
 20
30366.93937278506
 10
27664.46338208719
 20
30366.94308931507
1001
REVIT
1002
{
1070
     1
1000
1961636
1002
}
1002
{
1070
     5
1000
1739590
1002
}
1002
{
1070
     3
1000
1035229
1002
}
  0
LINE
  5
5F2
330
537
100
AcDbEntity
  8
P-SANR-FIXT
100
AcDbLine
 10
27674.4633820872
 20
30690.00000000004
 30
0.0
 11
27654.4633820872
 21
30690.00000000004
 31
0.0
1001
REVIT
1002
{
1070
     1
1000
1961636
1002
}
1002
{
1070
     5
1000
1739590
1002
}
1002
{
1070
     3
1000
1035229
1002
}
  0
LINE
  5
5F3
330
537
100
AcDbEntity
  8
P-SANR-FIXT
100
AcDbLine
 10
27654.4633820872
 20
30678.00000000003
 30
0.0
 11
27674.4633820872
 21
30678.00000000003
 31
0.0
1001
REVIT
1002
{
1070
     1
1000
1961636
1002
}
1002
{
1070
     5
1000
1739590
1002
}
1002
{
1070
     3
1000
1035229
1002
}
  0
LINE
  5
5F4
330
537
100
AcDbEntity
  8
P-SANR-FIXT
100
AcDbLine
 10
27645.46338208718
 20
30678.0
 30
0.0
 11
27683.46338208718
 21
30678.0
 31
0.0
1001
REVIT
1002
{
1070
     1
1000
1961636
1002
}
1002
{
1070
     5
1000
1739590
1002
}
1002
{
1070
     3
1000
1035229
1002
}
  0
LINE
  5
5F5
330
537
100
AcDbEntity
  8
P-SANR-FIXT
100
AcDbLine
 10
27684.46338208718
 20
30678.0
 30
0.0
 11
27644.46338208718
 21
30678.0
 31
0.0
1001
REVIT
1002
{
1070
     1
1000
1961636
1002
}
1002
{
1070
     5
1000
1739590
1002
}
1002
{
1070
     3
1000
1035229
1002
}
  0
LINE
  5
5F6
330
537
100
AcDbEntity
  8
P-SANR-FIXT
100
AcDbLine
 10
27644.46338208718
 20
30690.0
 30
0.0
 11
27684.46338208718
 21
30690.0
 31
0.0
1001
REVIT
1002
{
1070
     1
1000
1961636
1002
}
1002
{
1070
     5
1000
1739590
1002
}
1002
{
1070
     3
1000
1035229
1002
}
  0
LINE
  5
5F7
330
537
100
AcDbEntity
  8
P-SANR-FIXT
100
AcDbLine
 10
27683.46338208718
 20
30690.0
 30
0.0
 11
27645.46338208718
 21
30690.0
 31
0.0
1001
REVIT
1002
{
1070
     1
1000
1961636
1002
}
1002
{
1070
     5
1000
1739590
1002
}
1002
{
1070
     3
1000
1035229
1002
}
  0
LINE
  5
5F8
330
537
100
AcDbEntity
  8
P-SANR-FIXT
100
AcDbLine
 10
27684.46338208718
 20
30679.0
 30
0.0
 11
27684.46338208718
 21
30689.0
 31
0.0
1001
REVIT
1002
{
1070
     1
1000
1961636
1002
}
1002
{
1070
     5
1000
1739590
1002
}
1002
{
1070
     3
1000
1035229
1002
}
  0
LINE
  5
5F9
330
537
100
AcDbEntity
  8
P-SANR-FIXT
100
AcDbLine
 10
27684.46338208718
 20
30690.0
 30
0.0
 11
27684.46338208718
 21
30678.0
 31
0.0
1001
REVIT
1002
{
1070
     1
1000
1961636
1002
}
1002
{
1070
     5
1000
1739590
1002
}
1002
{
1070
     3
1000
1035229
1002
}
  0
LINE
  5
5FA
330
537
100
AcDbEntity
  8
P-SANR-FIXT
100
AcDbLine
 10
27684.46338208718
 20
30677.99999999996
 30
0.0
 11
27684.46338208718
 21
30639.99999999996
 31
0.0
1001
REVIT
1002
{
1070
     1
1000
1961636
1002
}
1002
{
1070
     5
1000
1739590
1002
}
1002
{
1070
     3
1000
1035229
1002
}
  0
LINE
  5
5FB
330
537
100
AcDbEntity
  8
P-SANR-FIXT
100
AcDbLine
 10
27684.46338208719
 20
30639.99999999996
 30
0.0
 11
27684.46338208719
 21
30635.50000000006
 31
0.0
1001
REVIT
1002
{
1070
     1
1000
1961636
1002
}
1002
{
1070
     5
1000
1739590
1002
}
1002
{
1070
     3
1000
1035229
1002
}
  0
LINE
  5
5FC
330
537
100
AcDbEntity
  8
P-SANR-FIXT
100
AcDbLine
 10
27684.46338208719
 20
30623.51832767231
 30
0.0
 11
27684.46338208719
 21
30391.00000000005
 31
0.0
1001
REVIT
1002
{
1070
     1
1000
1961636
1002
}
1002
{
1070
     5
1000
1739590
1002
}
1002
{
1070
     3
1000
1035229
1002
}
  0
LINE
  5
5FD
330
537
100
AcDbEntity
  8
P-SANR-FIXT
100
AcDbLine
 10
27684.46338208719
 20
30311.00000000005
 30
0.0
 11
27684.46338208719
 21
30283.48323968971
 31
0.0
1001
REVIT
1002
{
1070
     1
1000
1961636
1002
}
1002
{
1070
     5
1000
1739590
1002
}
1002
{
1070
     3
1000
1035229
1002
}
  0
LINE
  5
5FE
330
537
100
AcDbEntity
  8
P-SANR-FIXT
100
AcDbLine
 10
27684.46338208719
 20
30279.37815094797
 30
0.0
 11
27684.46338208719
 21
30278.15140579997
 31
0.0
1001
REVIT
1002
{
1070
     1
1000
1961636
1002
}
1002
{
1070
     5
1000
1739590
1002
}
1002
{
1070
     3
1000
1035229
1002
}
  0
LINE
  5
5FF
330
537
100
AcDbEntity
  8
P-SANR-FIXT
100
AcDbLine
 10
27684.46338208719
 20
30222.19126193571
 30
0.0
 11
27684.46338208719
 21
30079.9999999999
 31
0.0
1001
REVIT
1002
{
1070
     1
1000
1961636
1002
}
1002
{
1070
     5
1000
1739590
1002
}
1002
{
1070
     3
1000
1035229
1002
}
  0
LINE
  5
600
330
537
100
AcDbEntity
  8
P-SANR-FIXT
100
AcDbLine
 10
27684.46338208719
 20
30064.9999999999
 30
0.0
 11
27684.46338208719
 21
29511.00000000006
 31
0.0
1001
REVIT
1002
{
1070
     1
1000
1961636
1002
}
1002
{
1070
     5
1000
1739590
1002
}
1002
{
1070
     3
1000
1035229
1002
}
  0
LINE
  5
601
330
537
100
AcDbEntity
  8
P-SANR-FIXT
100
AcDbLine
 10
27684.46338208719
 20
30390.00000000005
 30
0.0
 11
27684.46338208719
 21
30312.00000000005
 31
0.0
1001
REVIT
1002
{
1070
     1
1000
1961636
1002
}
1002
{
1070
     5
1000
1739590
1002
}
1002
{
1070
     3
1000
1035229
1002
}
  0
LINE
  5
602
330
537
100
AcDbEntity
  8
P-SANR-FIXT
100
AcDbLine
 10
27644.46338208718
 20
30639.99999999996
 30
0.0
 11
27644.46338208718
 21
30677.99999999996
 31
0.0
1001
REVIT
1002
{
1070
     1
1000
1961636
1002
}
1002
{
1070
     5
1000
1739590
1002
}
1002
{
1070
     3
1000
1035229
1002
}
  0
LINE
  5
603
330
537
100
AcDbEntity
  8
P-SANR-FIXT
100
AcDbLine
 10
27644.46338208718
 20
30678.0
 30
0.0
 11
27644.46338208718
 21
30690.0
 31
0.0
1001
REVIT
1002
{
1070
     1
1000
1961636
1002
}
1002
{
1070
     5
1000
1739590
1002
}
1002
{
1070
     3
1000
1035229
1002
}
  0
LINE
  5
604
330
537
100
AcDbEntity
  8
P-SANR-FIXT
100
AcDbLine
 10
27644.46338208718
 20
30689.0
 30
0.0
 11
27644.46338208718
 21
30679.00000021024
 31
0.0
1001
REVIT
1002
{
1070
     1
1000
1961636
1002
}
1002
{
1070
     5
1000
1739590
1002
}
1002
{
1070
     3
1000
1035229
1002
}
  0
LINE
  5
605
330
537
100
AcDbEntity
  8
P-SANR-FIXT
100
AcDbLine
 10
27644.46338208718
 20
30391.00000000005
 30
0.0
 11
27644.46338208718
 21
30623.51832767231
 31
0.0
1001
REVIT
1002
{
1070
     1
1000
1961636
1002
}
1002
{
1070
     5
1000
1739590
1002
}
1002
{
1070
     3
1000
1035229
1002
}
  0
LINE
  5
606
330
537
100
AcDbEntity
  8
P-SANR-FIXT
100
AcDbLine
 10
27644.46338208718
 20
30635.50000000006
 30
0.0
 11
27644.46338208718
 21
30639.99999999996
 31
0.0
1001
REVIT
1002
{
1070
     1
1000
1961636
1002
}
1002
{
1070
     5
1000
1739590
1002
}
1002
{
1070
     3
1000
1035229
1002
}
  0
LINE
  5
607
330
537
100
AcDbEntity
  8
P-SANR-FIXT
100
AcDbLine
 10
27644.46338208718
 20
30391.00000000005
 30
0.0
 11
27684.46338208718
 21
30391.00000000005
 31
0.0
1001
REVIT
1002
{
1070
     1
1000
1961636
1002
}
1002
{
1070
     5
1000
1739590
1002
}
1002
{
1070
     3
1000
1035229
1002
}
  0
ARC
  5
608
330
537
100
AcDbEntity
  8
P-SANR-FIXT
100
AcDbCircle
 10
27664.46338208718
 20
29511.00000000006
 30
0.0
 40
20.0
100
AcDbArc
 50
180.0
 51
0.0
1001
REVIT
1002
{
1070
     1
1000
1961636
1002
}
1002
{
1070
     5
1000
1739590
1002
}
1002
{
1070
     3
1000
1035229
1002
}
  0
LINE
  5
609
330
537
100
AcDbEntity
  8
P-SANR-FIXT
100
AcDbLine
 10
27684.46338208718
 20
30311.00000000005
 30
0.0
 11
27644.46338208718
 21
30311.00000000005
 31
0.0
1001
REVIT
1002
{
1070
     1
1000
1961636
1002
}
1002
{
1070
     5
1000
1739590
1002
}
1002
{
1070
     3
1000
1035229
1002
}
  0
LINE
  5
60A
330
537
100
AcDbEntity
  8
P-SANR-FIXT
100
AcDbLine
 10
27644.46338208718
 20
29511.00000000006
 30
0.0
 11
27644.46338208718
 21
30064.9999999999
 31
0.0
1001
REVIT
1002
{
1070
     1
1000
1961636
1002
}
1002
{
1070
     5
1000
1739590
1002
}
1002
{
1070
     3
1000
1035229
1002
}
  0
LINE
  5
60B
330
537
100
AcDbEntity
  8
P-SANR-FIXT
100
AcDbLine
 10
27644.46338208718
 20
30079.9999999999
 30
0.0
 11
27644.46338208718
 21
30311.00000000005
 31
0.0
1001
REVIT
1002
{
1070
     1
1000
1961636
1002
}
1002
{
1070
     5
1000
1739590
1002
}
1002
{
1070
     3
1000
1035229
1002
}
  0
LINE
  5
60C
330
537
100
AcDbEntity
  8
P-SANR-FIXT
100
AcDbLine
 10
27644.46338208718
 20
30312.00000000005
 30
0.0
 11
27684.46338208718
 21
30312.00000000005
 31
0.0
1001
REVIT
1002
{
1070
     1
1000
1961636
1002
}
1002
{
1070
     5
1000
1739590
1002
}
1002
{
1070
     3
1000
1035229
1002
}
  0
LINE
  5
60D
330
537
100
AcDbEntity
  8
P-SANR-FIXT
100
AcDbLine
 10
27684.46338208718
 20
30390.00000000005
 30
0.0
 11
27644.46338208718
 21
30390.00000000005
 31
0.0
1001
REVIT
1002
{
1070
     1
1000
1961636
1002
}
1002
{
1070
     5
1000
1739590
1002
}
1002
{
1070
     3
1000
1035229
1002
}
  0
LINE
  5
60E
330
537
100
AcDbEntity
  8
P-SANR-FIXT
100
AcDbLine
 10
27644.46338208718
 20
30312.00000000005
 30
0.0
 11
27644.46338208718
 21
30390.00000000005
 31
0.0
1001
REVIT
1002
{
1070
     1
1000
1961636
1002
}
1002
{
1070
     5
1000
1739590
1002
}
1002
{
1070
     3
1000
1035229
1002
}
  0
ARC
  5
60F
330
537
100
AcDbEntity
  8
P-SANR-FIXT
100
AcDbCircle
 10
27664.46338208718
 20
30351.00000000005
 30
0.0
 40
17.00000000002183
100
AcDbArc
 50
90.0
 51
269.9999999999997
1001
REVIT
1002
{
1070
     1
1000
1961636
1002
}
1002
{
1070
     5
1000
1739590
1002
}
1002
{
1070
     3
1000
1035229
1002
}
  0
ARC
  5
610
330
537
100
AcDbEntity
  8
P-SANR-FIXT
100
AcDbCircle
 10
27664.46338208718
 20
30351.00000000005
 30
0.0
 40
17.00000000002183
100
AcDbArc
 50
269.9999999999997
 51
90.0
1001
REVIT
1002
{
1070
     1
1000
1961636
1002
}
1002
{
1070
     5
1000
1739590
1002
}
1002
{
1070
     3
1000
1035229
1002
}
  0
LINE
  5
611
330
537
100
AcDbEntity
  8
P-SANR-FIXT
100
AcDbLine
 10
27683.96338208717
 20
30391.00000000005
 30
0.0
 11
27683.96338208717
 21
30390.00000000005
 31
0.0
1001
REVIT
1002
{
1070
     1
1000
1961636
1002
}
1002
{
1070
     5
1000
1739590
1002
}
1002
{
1070
     3
1000
1035229
1002
}
  0
LINE
  5
612
330
537
100
AcDbEntity
  8
P-SANR-FIXT
100
AcDbLine
 10
27644.96338208717
 20
30391.00000000005
 30
0.0
 11
27644.96338208717
 21
30390.00000000005
 31
0.0
1001
REVIT
1002
{
1070
     1
1000
1961636
1002
}
1002
{
1070
     5
1000
1739590
1002
}
1002
{
1070
     3
1000
1035229
1002
}
  0
LINE
  5
613
330
537
100
AcDbEntity
  8
P-SANR-FIXT
100
AcDbLine
 10
27683.96338208717
 20
30312.00000000005
 30
0.0
 11
27683.96338208717
 21
30311.00000000005
 31
0.0
1001
REVIT
1002
{
1070
     1
1000
1961636
1002
}
1002
{
1070
     5
1000
1739590
1002
}
1002
{
1070
     3
1000
1035229
1002
}
  0
LINE
  5
614
330
537
100
AcDbEntity
  8
P-SANR-FIXT
100
AcDbLine
 10
27644.96338208717
 20
30312.00000000005
 30
0.0
 11
27644.96338208717
 21
30311.00000000005
 31
0.0
1001
REVIT
1002
{
1070
     1
1000
1961636
1002
}
1002
{
1070
     5
1000
1739590
1002
}
1002
{
1070
     3
1000
1035229
1002
}
  0
ARC
  5
615
330
537
100
AcDbEntity
  8
P-SANR-FIXT
100
AcDbCircle
 10
27664.46338208718
 20
30351.00000000005
 30
0.0
 40
24.9999999999981
100
AcDbArc
 50
197.999999999994
 51
203.2162446397132
1001
REVIT
1002
{
1070
     1
1000
1961636
1002
}
1002
{
1070
     5
1000
1739590
1002
}
1002
{
1070
     3
1000
1035229
1002
}
  0
ARC
  5
616
330
537
100
AcDbEntity
  8
P-SANR-FIXT
100
AcDbCircle
 10
27664.46338208718
 20
30351.00000000005
 30
0.0
 40
24.99999999999816
100
AcDbArc
 50
156.7833062921972
 51
161.9999999999991
1001
REVIT
1002
{
1070
     1
1000
1961636
1002
}
1002
{
1070
     5
1000
1739590
1002
}
1002
{
1070
     3
1000
1035229
1002
}
  0
ARC
  5
617
330
537
100
AcDbEntity
  8
P-SANR-FIXT
100
AcDbCircle
 10
27664.46338208718
 20
30351.00000000005
 30
0.0
 40
25.00000000000288
100
AcDbArc
 50
18.0000000000039
 51
23.21624463970775
1001
REVIT
1002
{
1070
     1
1000
1961636
1002
}
1002
{
1070
     5
1000
1739590
1002
}
1002
{
1070
     3
1000
1035229
1002
}
  0
ARC
  5
618
330
537
100
AcDbEntity
  8
P-SANR-FIXT
100
AcDbCircle
 10
27664.46338208718
 20
30351.00000000005
 30
0.0
 40
25.0000000000005
100
AcDbArc
 50
336.7833062920936
 51
342.0000000000046
1001
REVIT
1002
{
1070
     1
1000
1961636
1002
}
1002
{
1070
     5
1000
1739590
1002
}
1002
{
1070
     3
1000
1035229
1002
}
  0
ARC
  5
619
330
537
100
AcDbEntity
  8
P-SANR-FIXT
100
AcDbCircle
 10
27664.46338208718
 20
30351.00000000005
 30
0.0
 40
24.99999999999674
100
AcDbArc
 50
143.7794218016371
 51
216.2205413940709
1001
REVIT
1002
{
1070
     1
1000
1961636
1002
}
1002
{
1070
     5
1000
1739590
1002
}
1002
{
1070
     3
1000
1035229
1002
}
  0
ARC
  5
61A
330
537
100
AcDbEntity
  8
P-SANR-FIXT
100
AcDbCircle
 10
27664.46338208718
 20
30351.00000000005
 30
0.0
 40
25.00000000000124
100
AcDbArc
 50
323.7794218016737
 51
36.22054139405449
1001
REVIT
1002
{
1070
     1
1000
1961636
1002
}
1002
{
1070
     5
1000
1739590
1002
}
1002
{
1070
     3
1000
1035229
1002
}
  0
ARC
  5
61B
330
537
100
AcDbEntity
  8
P-SANR-FIXT
100
AcDbCircle
 10
27664.46338208718
 20
30351.00000000005
 30
0.0
 40
15.94308931499108
100
AcDbArc
 50
90.0
 51
95.82342851466677
1001
REVIT
1002
{
1070
     1
1000
1961636
1002
}
1002
{
1070
     5
1000
1739590
1002
}
1002
{
1070
     3
1000
1035229
1002
}
  0
ARC
  5
61C
330
537
100
AcDbEntity
  8
P-SANR-FIXT
100
AcDbCircle
 10
27664.46338208718
 20
30351.00000000005
 30
0.0
 40
15.94308931499147
100
AcDbArc
 50
102.4265579688406
 51
114.7570787003573
1001
REVIT
1002
{
1070
     1
1000
1961636
1002
}
1002
{
1070
     5
1000
1739590
1002
}
1002
{
1070
     3
1000
1035229
1002
}
  0
ARC
  5
61D
330
537
100
AcDbEntity
  8
P-SANR-FIXT
100
AcDbCircle
 10
27664.46338208718
 20
30351.00000000005
 30
0.0
 40
15.9430893149921
100
AcDbArc
 50
123.7499999999404
 51
152.9808516904091
1001
REVIT
1002
{
1070
     1
1000
1961636
1002
}
1002
{
1070
     5
1000
1739590
1002
}
1002
{
1070
     3
1000
1035229
1002
}
  0
ARC
  5
61E
330
537
100
AcDbEntity
  8
P-SANR-FIXT
100
AcDbCircle
 10
27664.46338208718
 20
30351.00000000005
 30
0.0
 40
15.94308931498956
100
AcDbArc
 50
174.1765714852162
 51
234.6942672372714
1001
REVIT
1002
{
1070
     1
1000
1961636
1002
}
1002
{
1070
     5
1000
1739590
1002
}
1002
{
1070
     3
1000
1035229
1002
}
  0
ARC
  5
61F
330
537
100
AcDbEntity
  8
P-SANR-FIXT
100
AcDbCircle
 10
27664.46338208718
 20
30351.00000000005
 30
0.0
 40
15.94308931499316
100
AcDbArc
 50
245.3228959240092
 51
252.1727339554158
1001
REVIT
1002
{
1070
     1
1000
1961636
1002
}
1002
{
1070
     5
1000
1739590
1002
}
1002
{
1070
     3
1000
1035229
1002
}
  0
ARC
  5
620
330
537
100
AcDbEntity
  8
P-SANR-FIXT
100
AcDbCircle
 10
27664.46338208718
 20
30351.00000000005
 30
0.0
 40
15.94308931499175
100
AcDbArc
 50
258.7499999999848
 51
269.9999999999997
1001
REVIT
1002
{
1070
     1
1000
1961636
1002
}
1002
{
1070
     5
1000
1739590
1002
}
1002
{
1070
     3
1000
1035229
1002
}
  0
ARC
  5
621
330
537
100
AcDbEntity
  8
P-SANR-FIXT
100
AcDbCircle
 10
27664.46338208718
 20
30351.00000000005
 30
0.0
 40
15.94308931499108
100
AcDbArc
 50
269.9999999999997
 51
275.8234285147067
1001
REVIT
1002
{
1070
     1
1000
1961636
1002
}
1002
{
1070
     5
1000
1739590
1002
}
1002
{
1070
     3
1000
1035229
1002
}
  0
ARC
  5
622
330
537
100
AcDbEntity
  8
P-SANR-FIXT
100
AcDbCircle
 10
27664.46338208718
 20
30351.00000000005
 30
0.0
 40
15.94308931499454
100
AcDbArc
 50
282.4265579682221
 51
294.7570787065002
1001
REVIT
1002
{
1070
     1
1000
1961636
1002
}
1002
{
1070
     5
1000
1739590
1002
}
1002
{
1070
     3
1000
1035229
1002
}
  0
ARC
  5
623
330
537
100
AcDbEntity
  8
P-SANR-FIXT
100
AcDbCircle
 10
27664.46338208718
 20
30351.00000000005
 30
0.0
 40
15.94308931499111
100
AcDbArc
 50
303.7500000000064
 51
332.9808516858614
1001
REVIT
1002
{
1070
     1
1000
1961636
1002
}
1002
{
1070
     5
1000
1739590
1002
}
1002
{
1070
     3
1000
1035229
1002
}
  0
ARC
  5
624
330
537
100
AcDbEntity
  8
P-SANR-FIXT
100
AcDbCircle
 10
27664.46338208718
 20
30351.00000000005
 30
0.0
 40
15.94308931499392
100
AcDbArc
 50
354.1765714851898
 51
54.69426723993001
1001
REVIT
1002
{
1070
     1
1000
1961636
1002
}
1002
{
1070
     5
1000
1739590
1002
}
1002
{
1070
     3
1000
1035229
1002
}
  0
ARC
  5
625
330
537
100
AcDbEntity
  8
P-SANR-FIXT
100
AcDbCircle
 10
27664.46338208718
 20
30351.00000000005
 30
0.0
 40
15.94308931499458
100
AcDbArc
 50
65.32289593286269
 51
72.17273395951104
1001
REVIT
1002
{
1070
     1
1000
1961636
1002
}
1002
{
1070
     5
1000
1739590
1002
}
1002
{
1070
     3
1000
1035229
1002
}
  0
ARC
  5
626
330
537
100
AcDbEntity
  8
P-SANR-FIXT
100
AcDbCircle
 10
27664.46338208718
 20
30351.00000000005
 30
0.0
 40
15.94308931499104
100
AcDbArc
 50
78.74999999999945
 51
90.0
1001
REVIT
1002
{
1070
     1
1000
1961636
1002
}
1002
{
1070
     5
1000
1739590
1002
}
1002
{
1070
     3
1000
1035229
1002
}
  0
ARC
  5
627
330
537
100
AcDbEntity
  8
P-SANR-FIXT
100
AcDbCircle
 10
27683.46338208718
 20
30689.0
 30
0.0
 40
1.0
100
AcDbArc
 50
0.0
 51
90.0
1001
REVIT
1002
{
1070
     1
1000
1961636
1002
}
1002
{
1070
     5
1000
1739590
1002
}
1002
{
1070
     3
1000
1035229
1002
}
  0
ARC
  5
628
330
537
100
AcDbEntity
  8
P-SANR-FIXT
100
AcDbCircle
 10
27645.46338208718
 20
30689.0
 30
0.0
 40
1.0
100
AcDbArc
 50
90.0
 51
180.0
1001
REVIT
1002
{
1070
     1
1000
1961636
1002
}
1002
{
1070
     5
1000
1739590
1002
}
1002
{
1070
     3
1000
1035229
1002
}
  0
ARC
  5
629
330
537
100
AcDbEntity
  8
P-SANR-FIXT
100
AcDbCircle
 10
27683.46338208718
 20
30679.0
 30
0.0
 40
1.000000000003638
100
AcDbArc
 50
269.9999999999997
 51
0.0
1001
REVIT
1002
{
1070
     1
1000
1961636
1002
}
1002
{
1070
     5
1000
1739590
1002
}
1002
{
1070
     3
1000
1035229
1002
}
  0
ARC
  5
62A
330
537
100
AcDbEntity
  8
P-SANR-FIXT
100
AcDbCircle
 10
27645.46338208718
 20
30679.0
 30
0.0
 40
1.0
100
AcDbArc
 50
180.0
 51
269.9999999999997
1001
REVIT
1002
{
1070
     1
1000
1961636
1002
}
1002
{
1070
     5
1000
1739590
1002
}
1002
{
1070
     3
1000
1035229
1002
}
  0
ENDBLK
  5
62C
330
537
100
AcDbEntity
  8
0
100
AcDbBlockEnd
  0
BLOCK
  5
633
330
62E
100
AcDbEntity
  8
0
100
AcDbBlockBegin
  2
Downpipe - 450 Eave-1976548-rhs
 70
     0
 10
0.0
 20
0.0
 30
0.0
  3
Downpipe - 450 Eave-1976548-rhs
  1

  0
LINE
  5
62F
330
62E
100
AcDbEntity
  8
A-GENM
100
AcDbLine
 10
18294.46338422801
 20
37715.88435033761
 30
0.0
 11
18589.46338423817
 21
37741.69350607866
 31
0.0
1001
REVIT
1002
{
1070
     1
1000
1976077
1002
}
1002
{
1070
     5
1000
1893368
1002
}
1002
{
1070
     3
1000
1893352
1002
}
  0
LINE
  5
630
330
62E
100
AcDbEntity
  8
A-GENM
100
AcDbLine
 10
18589.46338423817
 20
37741.69350607866
 30
0.0
 11
18589.46338423817
 21
37744.47478444597
 31
0.0
1001
REVIT
1002
{
1070
     1
1000
1976077
1002
}
1002
{
1070
     5
1000
1893368
1002
}
1002
{
1070
     3
1000
1893352
1002
}
  0
LINE
  5
631
330
62E
100
AcDbEntity
  8
A-GENM
100
AcDbLine
 10
18509.46338423817
 20
37898.96873188433
 30
0.0
 11
18509.46338423817
 21
37817.77455366484
 31
0.0
1001
REVIT
1002
{
1070
     1
1000
1976077
1002
}
1002
{
1070
     5
1000
1893368
1002
}
1002
{
1070
     3
1000
1893352
1002
}
  0
SPLINE
  5
632
330
62E
100
AcDbEntity
  8
A-GENM
100
AcDbSpline
210
0.0
220
0.0
230
1.0
 70
     8
 71
     3
 72
     9
 73
     5
 74
     0
 42
0.000000001
 43
0.0000000001
 40
0.0
 40
0.0
 40
0.0
 40
0.0
 40
0.0833333333333333
 40
0.1126902290073168
 40
0.1126902290073168
 40
0.1126902290073168
 40
0.1126902290073168
 10
18589.46338423817
 20
37741.69350607862
 30
0.0
 10
18589.44925280886
 20
37741.69226973875
 30
0.0
 10
18588.84629124196
 20
37742.26377236401
 30
0.0
 10
18587.40750552252
 20
37743.57574703851
 30
0.0
 10
18586.98005046214
 20
37743.96631246274
 30
0.0
1001
REVIT
1002
{
1070
     1
1000
1976077
1002
}
1002
{
1070
     5
1000
1893368
1002
}
1002
{
1070
     3
1000
1893352
1002
}
  0
ENDBLK
  5
634
330
62E
100
AcDbEntity
  8
0
100
AcDbBlockEnd
  0
BLOCK
  5
640
330
636
100
AcDbEntity
  8
0
100
AcDbBlockBegin
  2
Downpipe - 450 Eave-2002628-rhs
 70
     0
 10
0.0
 20
0.0
 30
0.0
  3
Downpipe - 450 Eave-2002628-rhs
  1

  0
LINE
  5
637
330
636
100
AcDbEntity
  8
A-GENM
100
AcDbLine
 10
16181.96338393943
 20
35890.00000000005
 30
0.0
 11
16181.96338393943
 21
36324.02874291552
 31
0.0
1001
REVIT
1002
{
1070
     1
1000
1977262
1002
}
1002
{
1070
     5
1000
1893368
1002
}
1002
{
1070
     3
1000
1893352
1002
}
  0
LINE
  5
638
330
636
100
AcDbEntity
  8
A-GENM
100
AcDbLine
 10
16101.96338393944
 20
36590.00000000005
 30
0.0
 11
16101.96338393944
 21
35890.00000000005
 31
0.0
1001
REVIT
1002
{
1070
     1
1000
1977262
1002
}
1002
{
1070
     5
1000
1893368
1002
}
1002
{
1070
     3
1000
1893352
1002
}
  0
LINE
  5
639
330
636
100
AcDbEntity
  8
A-GENM
100
AcDbLine
 10
16362.51855103273
 20
36510.00000000005
 30
0.0
 11
18081.96338393945
 21
36510.00000000005
 31
0.0
1001
REVIT
1002
{
1070
     1
1000
1977262
1002
}
1002
{
1070
     5
1000
1893368
1002
}
1002
{
1070
     3
1000
1893352
1002
}
  0
LINE
  5
63A
330
636
100
AcDbEntity
  8
A-GENM
100
AcDbLine
 10
18001.96338393945
 20
36590.00000000005
 30
0.0
 11
16101.96338393944
 21
36590.00000000005
 31
0.0
1001
REVIT
1002
{
1070
     1
1000
1977262
1002
}
1002
{
1070
     5
1000
1893368
1002
}
1002
{
1070
     3
1000
1893352
1002
}
  0
LINE
  5
63B
330
636
100
AcDbEntity
  8
A-GENM
100
AcDbLine
 10
18081.96338393945
 20
36510.00000000005
 30
0.0
 11
18081.96338393945
 21
36740.00000000002
 31
0.0
1001
REVIT
1002
{
1070
     1
1000
1977262
1002
}
1002
{
1070
     5
1000
1893368
1002
}
1002
{
1070
     3
1000
1893352
1002
}
  0
LINE
  5
63C
330
636
100
AcDbEntity
  8
A-GENM
100
AcDbLine
 10
18001.96338393945
 20
36740.00000000002
 30
0.0
 11
18001.96338393945
 21
36590.00000000005
 31
0.0
1001
REVIT
1002
{
1070
     1
1000
1977262
1002
}
1002
{
1070
     5
1000
1893368
1002
}
1002
{
1070
     3
1000
1893352
1002
}
  0
SPLINE
  5
63D
330
636
100
AcDbEntity
  8
A-GENM
100
AcDbSpline
210
0.0
220
0.0
230
1.0
 70
     8
 71
     3
 72
    39
 73
    35
 74
     0
 42
0.000000001
 43
0.0000000001
 40
0.1070451270148412
 40
0.1070451270148412
 40
0.1070451270148412
 40
0.1070451270148412
 40
0.125
 40
0.1666666666666667
 40
0.2083333333333333
 40
0.2291666666666667
 40
0.25
 40
0.2916666666666666
 40
0.3333333333333333
 40
0.3541666666666666
 40
0.375
 40
0.3958333333333334
 40
0.4166666666666667
 40
0.4375
 40
0.4583333333333334
 40
0.4791666666666667
 40
0.5
 40
0.5208333333333334
 40
0.5416666666666667
 40
0.5625
 40
0.5833333333333334
 40
0.6041666666666667
 40
0.625
 40
0.6458333333333333
 40
0.6666666666666666
 40
0.6875
 40
0.7083333333333333
 40
0.75
 40
0.7708333333333334
 40
0.7916666666666667
 40
0.8333333333333334
 40
0.875
 40
0.9166666666666666
 40
1.0
 40
1.0
 40
1.0
 40
1.0
 10
16179.72281906096
 20
36512.24280857305
 30
0.0
 10
16179.47462122704
 20
36512.4918422987
 30
0.0
 10
16178.58394992641
 20
36513.38513679145
 30
0.0
 10
16176.70349893684
 20
36515.25854343634
 30
0.0
 10
16174.27411409367
 20
36517.68739157632
 30
0.0
 10
16172.05844749729
 20
36519.91900768698
 30
0.0
 10
16169.67101083136
 20
36522.2840324454
 30
0.0
 10
16166.38349283486
 20
36525.58460084471
 30
0.0
 10
16162.747716163
 20
36529.22320774821
 30
0.0
 10
16159.66756415795
 20
36532.28130588428
 30
0.0
 10
16157.28165449565
 20
36534.68368553576
 30
0.0
 10
16154.8301452637
 20
36537.14998260162
 30
0.0
 10
16152.32353975895
 20
36539.63964594
 30
0.0
 10
16149.77257016174
 20
36542.17486281377
 30
0.0
 10
16147.18816051457
 20
36544.77583191427
 30
0.0
 10
16144.5813775494
 20
36547.39895276374
 30
0.0
 10
16141.96338393968
 20
36550.00000006718
 30
0.0
 10
16139.34539032851
 20
36552.60104696753
 30
0.0
 10
16136.73860736768
 20
36555.22416902623
 30
0.0
 10
16134.15419770459
 20
36557.82513369293
 30
0.0
 10
16131.60322816672
 20
36560.36036709273
 30
0.0
 10
16129.09662244056
 20
36562.84996876076
 30
0.0
 10
16126.64511403493
 20
36565.31649598197
 30
0.0
 10
16124.25920128873
 20
36567.71801668234
 30
0.0
 10
16121.94909879422
 20
36570.0147959336
 30
0.0
 10
16119.72470717104
 20
36572.22279958336
 30
0.0
 10
16116.88579125438
 20
36575.08103037576
 30
0.0
 10
16114.25575388423
 20
36577.71508649009
 30
0.0
 10
16111.86832096493
 20
36580.0811547907
 30
0.0
 10
16109.65265344843
 20
36582.31251462214
 30
0.0
 10
16107.22326905631
 20
36584.74148838924
 30
0.0
 10
16104.90260017629
 20
36587.0534234828
 30
0.0
 10
16102.65319470452
 20
36589.31770153464
 30
0.0
 10
16101.96338393944
 20
36589.98451934247
 30
0.0
 10
16101.96338393944
 20
36590.00000000001
 30
0.0
1001
REVIT
1002
{
1070
     1
1000
1977262
1002
}
1002
{
1070
     5
1000
1893368
1002
}
1002
{
1070
     3
1000
1893352
1002
}
  0
SPLINE
  5
63E
330
636
100
AcDbEntity
  8
A-GENM
100
AcDbSpline
210
0.0
220
0.0
230
1.0
 70
     8
 71
     3
 72
    40
 73
    36
 74
     0
 42
0.000000001
 43
0.0000000001
 40
0.0
 40
0.0
 40
0.0
 40
0.0
 40
0.0833333333333333
 40
0.125
 40
0.1666666666666667
 40
0.2083333333333333
 40
0.2291666666666667
 40
0.25
 40
0.2916666666666666
 40
0.3333333333333333
 40
0.3541666666666666
 40
0.375
 40
0.3958333333333334
 40
0.4166666666666667
 40
0.4375
 40
0.4583333333333334
 40
0.4791666666666667
 40
0.5
 40
0.5208333333333334
 40
0.5416666666666667
 40
0.5625
 40
0.5833333333333334
 40
0.6041666666666667
 40
0.625
 40
0.6458333333333333
 40
0.6666666666666666
 40
0.6875
 40
0.7083333333333333
 40
0.75
 40
0.7708333333333334
 40
0.7916666666666667
 40
0.8333333333333334
 40
0.875
 40
0.9166666666666666
 40
0.9422602278286941
 40
0.9422602278286941
 40
0.9422602278286941
 40
0.9422602278286941
 10
18081.96338393945
 20
36510.0
 30
0.0
 10
18081.94790328192
 20
36510.0
 30
0.0
 10
18081.28108044899
 20
36510.68981074705
 30
0.0
 10
18079.0168157974
 20
36512.93921626692
 30
0.0
 10
18076.7048405031
 20
36515.25988500262
 30
0.0
 10
18074.27599236312
 20
36517.68926984577
 30
0.0
 10
18072.04437625248
 20
36519.90493644215
 30
0.0
 10
18069.67935149405
 20
36522.29237310807
 30
0.0
 10
18066.37878309479
 20
36525.57989110462
 30
0.0
 10
18062.74017619122
 20
36529.21566777644
 30
0.0
 10
18059.68207805518
 20
36532.29581978149
 30
0.0
 10
18057.27969840367
 20
36534.68172944379
 30
0.0
 10
18054.81340133783
 20
36537.13323867575
 30
0.0
 10
18052.32373799944
 20
36539.63984418048
 30
0.0
 10
18049.78852112568
 20
36542.19081377771
 30
0.0
 10
18047.18755202517
 20
36544.77522342485
 30
0.0
 10
18044.5644311757
 20
36547.38200639006
 30
0.0
 10
18041.96338387227
 20
36549.99999999976
 30
0.0
 10
18039.36233697191
 20
36552.61799361092
 30
0.0
 10
18036.73921491322
 20
36555.22477657176
 30
0.0
 10
18034.13825024652
 20
36557.80918623485
 30
0.0
 10
18031.60301684672
 20
36560.36015577273
 30
0.0
 10
18029.11341517868
 20
36562.8667614989
 30
0.0
 10
18026.64688795747
 20
36565.3182699045
 30
0.0
 10
18024.2453672571
 20
36567.70418265072
 30
0.0
 10
18021.94858800587
 20
36570.01428514524
 30
0.0
 10
18019.7405843561
 20
36572.23867676842
 30
0.0
 10
18016.8823535637
 20
36575.07759268504
 30
0.0
 10
18014.2482974493
 20
36577.70763005523
 30
0.0
 10
18011.88222914875
 20
36580.09506297451
 30
0.0
 10
18009.65086931731
 20
36582.31073049102
 30
0.0
 10
18007.22189555026
 20
36584.74011488313
 30
0.0
 10
18004.90996045663
 20
36587.06078376314
 30
0.0
 10
18003.43011579788
 20
36588.53090827816
 30
0.0
 10
18002.81496132257
 20
36589.14994751915
 30
0.0
 10
18002.62327369235
 20
36589.34321271481
 30
0.0
1001
REVIT
1002
{
1070
     1
1000
1977262
1002
}
1002
{
1070
     5
1000
1893368
1002
}
1002
{
1070
     3
1000
1893352
1002
}
  0
LINE
  5
63F
330
636
100
AcDbEntity
  8
A-GENM
100
AcDbLine
 10
18080.60041699101
 20
36739.99999999999
 30
0.0
 11
18002.61966324138
 21
36739.99999999999
 31
0.0
1001
REVIT
1002
{
1070
     1
1000
1977262
1002
}
1002
{
1070
     5
1000
1893368
1002
}
1002
{
1070
     3
1000
1893352
1002
}
  0
ENDBLK
  5
641
330
636
100
AcDbEntity
  8
0
100
AcDbBlockEnd
  0
BLOCK
  5
647
330
643
100
AcDbEntity
  8
0
100
AcDbBlockBegin
  2
Timber_Screen_Adjustable_21388 - Type 1-2542742-rhs
 70
     0
 10
0.0
 20
0.0
 30
0.0
  3
Timber_Screen_Adjustable_21388 - Type 1-2542742-rhs
  1

  0
LINE
  5
644
330
643
100
AcDbEntity
  8
A-DETL-MEDM
100
AcDbLine
 10
18294.46338394461
 20
36892.66666666667
 30
0.0
 11
20529.44058451081
 21
36892.66666666667
 31
0.0
1001
REVIT
1002
{
1070
     1
1000
2012846
1002
}
1002
{
1070
     5
1000
2012895
1002
}
1002
{
1070
     3
1000
-2000043
1002
}
  0
LINE
  5
645
330
643
100
AcDbEntity
  8
A-DETL-MEDM
100
AcDbLine
 10
18294.46338394461
 20
36781.33333333334
 30
0.0
 11
20529.44058451081
 21
36781.33333333334
 31
0.0
1001
REVIT
1002
{
1070
     1
1000
2012846
1002
}
1002
{
1070
     5
1000
2012895
1002
}
1002
{
1070
     3
1000
-2000043
1002
}
  0
LINE
  5
646
330
643
100
AcDbEntity
  8
A-DETL-MEDM
100
AcDbLine
 10
18294.46338394461
 20
36670.0
 30
0.0
 11
20529.44058451081
 21
36670.0
 31
0.0
1001
REVIT
1002
{
1070
     1
1000
2012846
1002
}
1002
{
1070
     5
1000
2012895
1002
}
1002
{
1070
     3
1000
-2000043
1002
}
  0
ENDBLK
  5
648
330
643
100
AcDbEntity
  8
0
100
AcDbBlockEnd
  0
BLOCK
  5
66E
330
64A
100
AcDbEntity
  8
0
100
AcDbBlockBegin
  2
Timber_Screen_Adjustable_21388 - Type 1-2543068-rhs
 70
     0
 10
0.0
 20
0.0
 30
0.0
  3
Timber_Screen_Adjustable_21388 - Type 1-2543068-rhs
  1

  0
LINE
  5
64B
330
64A
100
AcDbEntity
  8
A-DETL-MEDM
100
AcDbLine
 10
20579.44238710304
 20
36892.3333333333
 30
0.0
 11
20579.44238710304
 21
36812.3333333333
 31
0.0
1001
REVIT
1002
{
1070
     1
1000
2019310
1002
}
1002
{
1070
     5
1000
2012895
1002
}
1002
{
1070
     3
1000
-2000043
1002
}
  0
LINE
  5
64C
330
64A
100
AcDbEntity
  8
A-DETL-MEDM
100
AcDbLine
 10
16914.14106168526
 20
36812.3333333333
 30
0.0
 11
16914.14106168526
 21
36892.3333333333
 31
0.0
1001
REVIT
1002
{
1070
     1
1000
2019310
1002
}
1002
{
1070
     5
1000
2012895
1002
}
1002
{
1070
     3
1000
-2000043
1002
}
  0
LINE
  5
64D
330
64A
100
AcDbEntity
  8
A-DETL-MEDM
100
AcDbLine
 10
16914.14106168526
 20
36892.3333333333
 30
0.0
 11
18002.9077527524
 21
36892.3333333333
 31
0.0
1001
REVIT
1002
{
1070
     1
1000
2019310
1002
}
1002
{
1070
     5
1000
2012895
1002
}
1002
{
1070
     3
1000
-2000043
1002
}
  0
LINE
  5
64E
330
64A
100
AcDbEntity
  8
A-DETL-MEDM
100
AcDbLine
 10
18080.600416991
 20
36892.3333333333
 30
0.0
 11
20579.44238710304
 21
36892.3333333333
 31
0.0
1001
REVIT
1002
{
1070
     1
1000
2019310
1002
}
1002
{
1070
     5
1000
2012895
1002
}
1002
{
1070
     3
1000
-2000043
1002
}
  0
LINE
  5
64F
330
64A
100
AcDbEntity
  8
A-DETL-MEDM
100
AcDbLine
 10
16914.14106168526
 20
36812.3333333333
 30
0.0
 11
18002.9077527524
 21
36812.3333333333
 31
0.0
1001
REVIT
1002
{
1070
     1
1000
2019310
1002
}
1002
{
1070
     5
1000
2012895
1002
}
1002
{
1070
     3
1000
-2000043
1002
}
  0
LINE
  5
650
330
64A
100
AcDbEntity
  8
A-DETL-MEDM
100
AcDbLine
 10
18080.600416991
 20
36812.3333333333
 30
0.0
 11
20579.44238710304
 21
36812.3333333333
 31
0.0
1001
REVIT
1002
{
1070
     1
1000
2019310
1002
}
1002
{
1070
     5
1000
2012895
1002
}
1002
{
1070
     3
1000
-2000043
1002
}
  0
LINE
  5
651
330
64A
100
AcDbEntity
  8
A-DETL-MEDM
100
AcDbLine
 10
20579.44238710304
 20
36780.66666666663
 30
0.0
 11
20579.44238710304
 21
36700.66666666663
 31
0.0
1001
REVIT
1002
{
1070
     1
1000
2019310
1002
}
1002
{
1070
     5
1000
2012895
1002
}
1002
{
1070
     3
1000
-2000043
1002
}
  0
LINE
  5
652
330
64A
100
AcDbEntity
  8
A-DETL-MEDM
100
AcDbLine
 10
16914.14106168526
 20
36700.66666666663
 30
0.0
 11
16914.14106168526
 21
36780.66666666663
 31
0.0
1001
REVIT
1002
{
1070
     1
1000
2019310
1002
}
1002
{
1070
     5
1000
2012895
1002
}
1002
{
1070
     3
1000
-2000043
1002
}
  0
LINE
  5
653
330
64A
100
AcDbEntity
  8
A-DETL-MEDM
100
AcDbLine
 10
16914.14106168526
 20
36780.66666666663
 30
0.0
 11
18002.9077527524
 21
36780.66666666663
 31
0.0
1001
REVIT
1002
{
1070
     1
1000
2019310
1002
}
1002
{
1070
     5
1000
2012895
1002
}
1002
{
1070
     3
1000
-2000043
1002
}
  0
LINE
  5
654
330
64A
100
AcDbEntity
  8
A-DETL-MEDM
100
AcDbLine
 10
18080.600416991
 20
36780.66666666663
 30
0.0
 11
20579.44238710304
 21
36780.66666666663
 31
0.0
1001
REVIT
1002
{
1070
     1
1000
2019310
1002
}
1002
{
1070
     5
1000
2012895
1002
}
1002
{
1070
     3
1000
-2000043
1002
}
  0
LINE
  5
655
330
64A
100
AcDbEntity
  8
A-DETL-MEDM
100
AcDbLine
 10
16914.14106168526
 20
36700.66666666663
 30
0.0
 11
18002.9077527524
 21
36700.66666666663
 31
0.0
1001
REVIT
1002
{
1070
     1
1000
2019310
1002
}
1002
{
1070
     5
1000
2012895
1002
}
1002
{
1070
     3
1000
-2000043
1002
}
  0
LINE
  5
656
330
64A
100
AcDbEntity
  8
A-DETL-MEDM
100
AcDbLine
 10
18080.60041699101
 20
36700.66666666663
 30
0.0
 11
20579.44238710304
 21
36700.66666666663
 31
0.0
1001
REVIT
1002
{
1070
     1
1000
2019310
1002
}
1002
{
1070
     5
1000
2012895
1002
}
1002
{
1070
     3
1000
-2000043
1002
}
  0
LINE
  5
657
330
64A
100
AcDbEntity
  8
A-DETL-MEDM
100
AcDbLine
 10
20579.44238710304
 20
37003.99999999997
 30
0.0
 11
20579.44238710304
 21
36923.99999999997
 31
0.0
1001
REVIT
1002
{
1070
     1
1000
2019310
1002
}
1002
{
1070
     5
1000
2012895
1002
}
1002
{
1070
     3
1000
-2000043
1002
}
  0
LINE
  5
658
330
64A
100
AcDbEntity
  8
A-DETL-MEDM
100
AcDbLine
 10
16914.14106168526
 20
36923.99999999997
 30
0.0
 11
16914.14106168526
 21
37003.99999999997
 31
0.0
1001
REVIT
1002
{
1070
     1
1000
2019310
1002
}
1002
{
1070
     5
1000
2012895
1002
}
1002
{
1070
     3
1000
-2000043
1002
}
  0
LINE
  5
659
330
64A
100
AcDbEntity
  8
A-DETL-MEDM
100
AcDbLine
 10
16914.14106168526
 20
37003.99999999997
 30
0.0
 11
18002.9077527524
 21
37003.99999999997
 31
0.0
1001
REVIT
1002
{
1070
     1
1000
2019310
1002
}
1002
{
1070
     5
1000
2012895
1002
}
1002
{
1070
     3
1000
-2000043
1002
}
  0
LINE
  5
65A
330
64A
100
AcDbEntity
  8
A-DETL-MEDM
100
AcDbLine
 10
18080.600416991
 20
37003.99999999997
 30
0.0
 11
20579.44238710304
 21
37003.99999999997
 31
0.0
1001
REVIT
1002
{
1070
     1
1000
2019310
1002
}
1002
{
1070
     5
1000
2012895
1002
}
1002
{
1070
     3
1000
-2000043
1002
}
  0
LINE
  5
65B
330
64A
100
AcDbEntity
  8
A-DETL-MEDM
100
AcDbLine
 10
16914.14106168526
 20
36923.99999999997
 30
0.0
 11
18002.9077527524
 21
36923.99999999997
 31
0.0
1001
REVIT
1002
{
1070
     1
1000
2019310
1002
}
1002
{
1070
     5
1000
2012895
1002
}
1002
{
1070
     3
1000
-2000043
1002
}
  0
LINE
  5
65C
330
64A
100
AcDbEntity
  8
A-DETL-MEDM
100
AcDbLine
 10
18080.600416991
 20
36923.99999999997
 30
0.0
 11
20579.44238710304
 21
36923.99999999997
 31
0.0
1001
REVIT
1002
{
1070
     1
1000
2019310
1002
}
1002
{
1070
     5
1000
2012895
1002
}
1002
{
1070
     3
1000
-2000043
1002
}
  0
LINE
  5
65D
330
64A
100
AcDbEntity
  8
A-DETL-MEDM
100
AcDbLine
 10
20579.44238710304
 20
36668.99999999997
 30
0.0
 11
20579.44238710304
 21
36588.99999999997
 31
0.0
1001
REVIT
1002
{
1070
     1
1000
2019310
1002
}
1002
{
1070
     5
1000
2012895
1002
}
1002
{
1070
     3
1000
-2000043
1002
}
  0
LINE
  5
65E
330
64A
100
AcDbEntity
  8
A-DETL-MEDM
100
AcDbLine
 10
16914.14106168526
 20
36588.99999999997
 30
0.0
 11
16914.14106168526
 21
36668.99999999997
 31
0.0
1001
REVIT
1002
{
1070
     1
1000
2019310
1002
}
1002
{
1070
     5
1000
2012895
1002
}
1002
{
1070
     3
1000
-2000043
1002
}
  0
LINE
  5
65F
330
64A
100
AcDbEntity
  8
A-DETL-MEDM
100
AcDbLine
 10
16914.14106168526
 20
36668.99999999997
 30
0.0
 11
18002.9077527524
 21
36668.99999999997
 31
0.0
1001
REVIT
1002
{
1070
     1
1000
2019310
1002
}
1002
{
1070
     5
1000
2012895
1002
}
1002
{
1070
     3
1000
-2000043
1002
}
  0
LINE
  5
660
330
64A
100
AcDbEntity
  8
A-DETL-MEDM
100
AcDbLine
 10
18080.60041699101
 20
36668.99999999997
 30
0.0
 11
20579.44238710304
 21
36668.99999999997
 31
0.0
1001
REVIT
1002
{
1070
     1
1000
2019310
1002
}
1002
{
1070
     5
1000
2012895
1002
}
1002
{
1070
     3
1000
-2000043
1002
}
  0
LINE
  5
661
330
64A
100
AcDbEntity
  8
A-DETL-MEDM
100
AcDbLine
 10
18080.60041699101
 20
36588.99999999997
 30
0.0
 11
20579.44238710304
 21
36588.99999999997
 31
0.0
1001
REVIT
1002
{
1070
     1
1000
2019310
1002
}
1002
{
1070
     5
1000
2012895
1002
}
1002
{
1070
     3
1000
-2000043
1002
}
  0
LINE
  5
662
330
64A
100
AcDbEntity
  8
A-DETL-MEDM
100
AcDbLine
 10
16914.14106168526
 20
36668.99999999997
 30
0.0
 11
16914.14106168526
 21
36700.66666666663
 31
0.0
1001
REVIT
1002
{
1070
     1
1000
2019310
1002
}
1002
{
1070
     5
1000
2012895
1002
}
1002
{
1070
     3
1000
-2000043
1002
}
  0
LINE
  5
663
330
64A
100
AcDbEntity
  8
A-DETL-MEDM
100
AcDbLine
 10
16914.14106168526
 20
36780.66666666663
 30
0.0
 11
16914.14106168526
 21
36812.3333333333
 31
0.0
1001
REVIT
1002
{
1070
     1
1000
2019310
1002
}
1002
{
1070
     5
1000
2012895
1002
}
1002
{
1070
     3
1000
-2000043
1002
}
  0
LINE
  5
664
330
64A
100
AcDbEntity
  8
A-DETL-MEDM
100
AcDbLine
 10
16914.14106168526
 20
36892.3333333333
 30
0.0
 11
16914.14106168526
 21
36923.99999999997
 31
0.0
1001
REVIT
1002
{
1070
     1
1000
2019310
1002
}
1002
{
1070
     5
1000
2012895
1002
}
1002
{
1070
     3
1000
-2000043
1002
}
  0
LINE
  5
665
330
64A
100
AcDbEntity
  8
A-DETL-MEDM
100
AcDbLine
 10
16964.14106168526
 20
36923.99999999997
 30
0.0
 11
16964.14106168526
 21
36892.3333333333
 31
0.0
1001
REVIT
1002
{
1070
     1
1000
2019310
1002
}
1002
{
1070
     5
1000
2012895
1002
}
1002
{
1070
     3
1000
-2000043
1002
}
  0
LINE
  5
666
330
64A
100
AcDbEntity
  8
A-DETL-MEDM
100
AcDbLine
 10
16964.14106168526
 20
36812.3333333333
 30
0.0
 11
16964.14106168526
 21
36780.66666666663
 31
0.0
1001
REVIT
1002
{
1070
     1
1000
2019310
1002
}
1002
{
1070
     5
1000
2012895
1002
}
1002
{
1070
     3
1000
-2000043
1002
}
  0
LINE
  5
667
330
64A
100
AcDbEntity
  8
A-DETL-MEDM
100
AcDbLine
 10
16964.14106168526
 20
36700.66666666663
 30
0.0
 11
16964.14106168526
 21
36668.99999999997
 31
0.0
1001
REVIT
1002
{
1070
     1
1000
2019310
1002
}
1002
{
1070
     5
1000
2012895
1002
}
1002
{
1070
     3
1000
-2000043
1002
}
  0
LINE
  5
668
330
64A
100
AcDbEntity
  8
A-DETL-MEDM
100
AcDbLine
 10
20579.44238710304
 20
36923.99999999997
 30
0.0
 11
20579.44238710304
 21
36892.3333333333
 31
0.0
1001
REVIT
1002
{
1070
     1
1000
2019310
1002
}
1002
{
1070
     5
1000
2012895
1002
}
1002
{
1070
     3
1000
-2000043
1002
}
  0
LINE
  5
669
330
64A
100
AcDbEntity
  8
A-DETL-MEDM
100
AcDbLine
 10
20579.44238710304
 20
36812.3333333333
 30
0.0
 11
20579.44238710304
 21
36780.66666666663
 31
0.0
1001
REVIT
1002
{
1070
     1
1000
2019310
1002
}
1002
{
1070
     5
1000
2012895
1002
}
1002
{
1070
     3
1000
-2000043
1002
}
  0
LINE
  5
66A
330
64A
100
AcDbEntity
  8
A-DETL-MEDM
100
AcDbLine
 10
20579.44238710304
 20
36700.66666666663
 30
0.0
 11
20579.44238710304
 21
36668.99999999997
 31
0.0
1001
REVIT
1002
{
1070
     1
1000
2019310
1002
}
1002
{
1070
     5
1000
2012895
1002
}
1002
{
1070
     3
1000
-2000043
1002
}
  0
LINE
  5
66B
330
64A
100
AcDbEntity
  8
A-DETL-MEDM
100
AcDbLine
 10
20529.44238710304
 20
36668.99999999997
 30
0.0
 11
20529.44238710304
 21
36700.66666666663
 31
0.0
1001
REVIT
1002
{
1070
     1
1000
2019310
1002
}
1002
{
1070
     5
1000
2012895
1002
}
1002
{
1070
     3
1000
-2000043
1002
}
  0
LINE
  5
66C
330
64A
100
AcDbEntity
  8
A-DETL-MEDM
100
AcDbLine
 10
20529.44238710304
 20
36780.66666666663
 30
0.0
 11
20529.44238710304
 21
36812.3333333333
 31
0.0
1001
REVIT
1002
{
1070
     1
1000
2019310
1002
}
1002
{
1070
     5
1000
2012895
1002
}
1002
{
1070
     3
1000
-2000043
1002
}
  0
LINE
  5
66D
330
64A
100
AcDbEntity
  8
A-DETL-MEDM
100
AcDbLine
 10
20529.44238710304
 20
36892.3333333333
 30
0.0
 11
20529.44238710304
 21
36923.99999999997
 31
0.0
1001
REVIT
1002
{
1070
     1
1000
2019310
1002
}
1002
{
1070
     5
1000
2012895
1002
}
1002
{
1070
     3
1000
-2000043
1002
}
  0
ENDBLK
  5
66F
330
64A
100
AcDbEntity
  8
0
100
AcDbBlockEnd
  0
BLOCK
  5
68A
330
671
100
AcDbEntity
  8
0
100
AcDbBlockBegin
  2
Tap - Tap-V6-rhs
 70
     0
 10
0.0
 20
0.0
 30
0.0
  3
Tap - Tap-V6-rhs
  1

  0
LWPOLYLINE
  5
672
330
671
100
AcDbEntity
  8
P-SANR-FIXT
100
AcDbPolyline
 90
        5
 70
   128
 43
0.0
 10
28379.46338208724
 20
29035.39095910896
 10
28387.3817331595
 20
29034.16961848091
 10
28397.80550400633
 20
29035.69154880776
 10
28405.1884056994
 20
29034.77554624977
 10
28409.04651883641
 20
29026.73967491407
1001
REVIT
1002
{
1070
     1
1000
2024455
1002
}
1002
{
1070
     5
1000
1959228
1002
}
  0
LWPOLYLINE
  5
673
330
671
100
AcDbEntity
  8
P-SANR-FIXT
100
AcDbPolyline
 90
        5
 70
   128
 43
0.0
 10
28409.04651883641
 20
29026.73967491407
 10
28405.1884056994
 20
29018.70380357838
 10
28397.80550400633
 20
29017.7878010204
 10
28387.3817331595
 20
29019.30973134723
 10
28379.46338208724
 20
29018.0883907192
1001
REVIT
1002
{
1070
     1
1000
2024455
1002
}
1002
{
1070
     5
1000
1959228
1002
}
  0
LWPOLYLINE
  5
674
330
671
100
AcDbEntity
  8
P-SANR-FIXT
100
AcDbPolyline
 90
        5
 70
   128
 43
0.0
 10
28379.46338208724
 20
29018.0883907192
 10
28387.3817331595
 20
29019.30973134723
 10
28397.80550400633
 20
29017.7878010204
 10
28405.1884056994
 20
29018.70380357838
 10
28409.04651883641
 20
29026.73967491407
1001
REVIT
1002
{
1070
     1
1000
2024455
1002
}
1002
{
1070
     5
1000
1959228
1002
}
  0
LWPOLYLINE
  5
675
330
671
100
AcDbEntity
  8
P-SANR-FIXT
100
AcDbPolyline
 90
        5
 70
   128
 43
0.0
 10
28409.04651883641
 20
29026.73967491407
 10
28405.1884056994
 20
29034.77554624977
 10
28397.80550400633
 20
29035.69154880776
 10
28387.3817331595
 20
29034.16961848091
 10
28379.46338208724
 20
29035.39095910896
1001
REVIT
1002
{
1070
     1
1000
2024455
1002
}
1002
{
1070
     5
1000
1959228
1002
}
  0
LINE
  5
676
330
671
100
AcDbEntity
  8
P-SANR-FIXT
100
AcDbLine
 10
28380.13091596165
 20
28975.93965069075
 30
0.0
 11
28380.13091596165
 21
28994.98965069075
 31
0.0
1001
REVIT
1002
{
1070
     1
1000
2024455
1002
}
1002
{
1070
     5
1000
1959228
1002
}
  0
LINE
  5
677
330
671
100
AcDbEntity
  8
P-SANR-FIXT
100
AcDbLine
 10
28384.63091596165
 20
28961.65215069075
 30
0.0
 11
28384.63091596165
 21
28963.23966280241
 31
0.0
1001
REVIT
1002
{
1070
     1
1000
2024455
1002
}
1002
{
1070
     5
1000
1959228
1002
}
  0
LINE
  5
678
330
671
100
AcDbEntity
  8
P-SANR-FIXT
100
AcDbLine
 10
28379.60276626912
 20
28975.93965069071
 30
0.0
 11
28380.13091596163
 21
28975.93965069071
 31
0.0
1001
REVIT
1002
{
1070
     1
1000
2024455
1002
}
1002
{
1070
     5
1000
1959228
1002
}
  0
LINE
  5
679
330
671
100
AcDbEntity
  8
P-SANR-FIXT
100
AcDbLine
 10
28380.13091596163
 20
28994.98965069071
 30
0.0
 11
28379.60276626912
 21
28994.98965069071
 31
0.0
1001
REVIT
1002
{
1070
     1
1000
2024455
1002
}
1002
{
1070
     5
1000
1959228
1002
}
  0
LINE
  5
67A
330
671
100
AcDbEntity
  8
P-SANR-FIXT
100
AcDbLine
 10
28379.92620328463
 20
28975.93965069071
 30
0.0
 11
28379.92620328463
 21
28963.23966280237
 31
0.0
1001
REVIT
1002
{
1070
     1
1000
2024455
1002
}
1002
{
1070
     5
1000
1959228
1002
}
  0
LINE
  5
67B
330
671
100
AcDbEntity
  8
P-SANR-FIXT
100
AcDbLine
 10
28384.63091596163
 20
28963.23966280237
 30
0.0
 11
28379.55390965415
 21
28963.23966280237
 31
0.0
1001
REVIT
1002
{
1070
     1
1000
2024455
1002
}
1002
{
1070
     5
1000
1959228
1002
}
  0
LINE
  5
67C
330
671
100
AcDbEntity
  8
P-SANR-FIXT
100
AcDbLine
 10
28398.04835294285
 20
28913.87163692732
 30
0.0
 11
28379.46338208724
 21
28905.5193150744
 31
0.0
1001
REVIT
1002
{
1070
     1
1000
2024455
1002
}
1002
{
1070
     5
1000
1959228
1002
}
  0
LWPOLYLINE
  5
67D
330
671
100
AcDbEntity
  8
P-SANR-FIXT
100
AcDbPolyline
 90
        3
 70
   128
 43
0.0
 10
28385.63091596165
 20
28939.64864079185
 10
28391.853935986
 20
28936.71993024811
 10
28398.04835294285
 20
28933.02664505262
1001
REVIT
1002
{
1070
     1
1000
2024455
1002
}
1002
{
1070
     5
1000
1959228
1002
}
  0
LWPOLYLINE
  5
67E
330
671
100
AcDbEntity
  8
P-SANR-FIXT
100
AcDbPolyline
 90
        3
 70
   128
 43
0.0
 10
28398.04835294285
 20
28933.02664505262
 10
28391.853935986
 20
28936.71993024811
 10
28385.63091596165
 20
28939.64864079185
1001
REVIT
1002
{
1070
     1
1000
2024455
1002
}
1002
{
1070
     5
1000
1959228
1002
}
  0
LINE
  5
67F
330
671
100
AcDbEntity
  8
P-SANR-FIXT
100
AcDbLine
 10
28379.46338208724
 20
28905.5193150744
 30
0.0
 11
28398.04835294285
 21
28913.87163692732
 31
0.0
1001
REVIT
1002
{
1070
     1
1000
2024455
1002
}
1002
{
1070
     5
1000
1959228
1002
}
  0
LWPOLYLINE
  5
680
330
671
100
AcDbEntity
  8
P-SANR-FIXT
100
AcDbPolyline
 90
       37
 70
   128
 43
0.0
 10
28398.04835294285
 20
28915.29323766167
 10
28399.16805715534
 20
28915.01723069018
 10
28400.27582838886
 20
28914.69666826888
 10
28401.36989444577
 20
28914.33206322927
 10
28402.44850505374
 20
28913.92399886163
 10
28403.50993466591
 20
28913.47312798191
 10
28404.55248522132
 20
28912.98017188731
 10
28405.57448886148
 20
28912.44591920245
 10
28406.57431059857
 20
28911.87122461764
 10
28407.55035093111
 20
28911.25700752163
 10
28408.50104840278
 20
28910.60425053075
 10
28409.42488210042
 20
28909.91399791693
 10
28410.32037408719
 20
28909.18735393712
 10
28411.18609176695
 20
28908.42548106666
 10
28412.02065017607
 20
28907.62959813963
 10
28412.82271419914
 20
28906.80097839893
 10
28413.59100070481
 20
28905.94094745939
 10
28414.32428059858
 20
28905.05088118703
 10
28415.02138078902
 20
28904.13220349804
 10
28415.68118606456
 20
28903.18638408074
 10
28416.30264087749
 20
28902.21493604442
 10
28416.88475103268
 20
28901.21941349872
 10
28417.42658527807
 20
28900.20140906734
 10
28417.92727679445
 20
28899.16255134022
 10
28418.38602458219
 20
28898.1045022681
 10
28418.80209474271
 20
28897.02895450379
 10
28419.17482165249
 20
28895.93762869428
 10
28419.50360902799
 20
28894.83227072806
 10
28419.78793087957
 20
28893.71464894208
 10
28420.02733235288
 20
28892.58655129278
 10
28420.22143045667
 20
28891.44978249576
 10
28420.36991467535
 20
28890.30616113859
 10
28420.47254746587
 20
28889.15751677149
 10
28420.52916463764
 20
28888.0056869804
 10
28420.53967561527
 20
28886.85251444729
 10
28420.50406358344
 20
28885.6998440022
 10
28420.48608803381
 20
28885.38154595525
1001
REVIT
1002
{
1070
     1
1000
2024455
1002
}
1002
{
1070
     5
1000
1959228
1002
}
  0
LWPOLYLINE
  5
681
330
671
100
AcDbEntity
  8
P-SANR-FIXT
100
AcDbPolyline
 90
       39
 70
   128
 43
0.0
 10
28436.45540271477
 20
28884.39109725859
 10
28436.53059128757
 20
28886.18269799272
 10
28436.53407479705
 20
28887.97587237832
 10
28436.46584767034
 20
28889.7677517189
 10
28436.32601905629
 20
28891.55546938976
 10
28436.11481265083
 20
28893.33616542399
 10
28435.83256633918
 20
28895.10699108779
 10
28435.47973165521
 20
28896.86511343786
 10
28435.05687305915
 20
28898.60771985348
 10
28434.56466703456
 20
28900.33202253613
 10
28434.00390100609
 20
28902.03526296934
 10
28433.37547207973
 20
28903.71471633176
 10
28432.68038560772
 20
28905.36769585627
 10
28431.91975358015
 20
28906.99155712826
 10
28431.09479284599
 20
28908.58370231608
 10
28430.20682316644
 20
28910.14158432709
 10
28429.25726510355
 20
28911.66271088239
 10
28428.24763774768
 20
28913.14464850398
 10
28427.17955628721
 20
28914.5850264078
 10
28426.05472942464
 20
28915.98154029648
 10
28424.87495664299
 20
28917.33195604568
 10
28423.64212532703
 20
28918.63411327829
 10
28422.35820774391
 20
28919.88592882052
 10
28421.02525788785
 20
28921.08540003453
 10
28419.64540819427
 20
28922.23060802225
 10
28418.22086612834
 20
28923.31972069522
 10
28416.75391065347
 20
28924.35099570548
 10
28415.24688858549
 20
28925.322783233
 10
28413.70221083823
 20
28926.23352862504
 10
28412.12234856657
 20
28927.08177488328
 10
28410.50982921312
 20
28927.86616499463
 10
28408.86723246486
 20
28928.58544410224
 10
28407.1971861262
 20
28929.23846151298
 10
28405.50236191502
 20
28929.82417253831
 10
28403.7854711885
 20
28930.34164016552
 10
28402.04926060555
 20
28930.7900365568
 10
28400.29650773276
 20
28931.16864437357
 10
28398.5300166008
 20
28931.47685792409
 10
28398.04835294285
 20
28931.54832869889
1001
REVIT
1002
{
1070
     1
1000
2024455
1002
}
1002
{
1070
     5
1000
1959228
1002
}
  0
LINE
  5
682
330
671
100
AcDbEntity
  8
P-SANR-FIXT
100
AcDbLine
 10
28385.63091596165
 20
28939.64864079185
 30
0.0
 11
28385.63091596165
 21
28961.65215069075
 31
0.0
1001
REVIT
1002
{
1070
     1
1000
2024455
1002
}
1002
{
1070
     5
1000
1959228
1002
}
  0
LINE
  5
683
330
671
100
AcDbEntity
  8
P-SANR-FIXT
100
AcDbLine
 10
28398.04835294284
 20
28931.74350281304
 30
0.0
 11
28398.04835294284
 21
28933.02664505259
 31
0.0
1001
REVIT
1002
{
1070
     1
1000
2024455
1002
}
1002
{
1070
     5
1000
1959228
1002
}
  0
LINE
  5
684
330
671
100
AcDbEntity
  8
P-SANR-FIXT
100
AcDbLine
 10
28398.04835294284
 20
28913.87163692728
 30
0.0
 11
28398.04835294284
 21
28930.22145905948
 31
0.0
1001
REVIT
1002
{
1070
     1
1000
2024455
1002
}
1002
{
1070
     5
1000
1959228
1002
}
  0
SPLINE
  5
685
330
671
100
AcDbEntity
  8
P-SANR-FIXT
100
AcDbSpline
210
0.0
220
0.0
230
1.0
 70
     8
 71
     3
 72
    10
 73
     6
 74
     0
 42
0.000000001
 43
0.0000000001
 40
-1.0
 40
-1.0
 40
-1.0
 40
-1.0
 40
-0.6666666666666666
 40
-0.3333333333333333
 40
0.0
 40
0.0
 40
0.0
 40
0.0
 10
28385.63091596163
 20
28939.64864079182
 30
0.0
 10
28385.63091596163
 20
28939.63912749791
 30
0.0
 10
28385.34797843747
 20
28939.40351895019
 30
0.0
 10
28384.1438802297
 20
28938.32244423226
 30
0.0
 10
28382.92885714293
 20
28937.27245185602
 30
0.0
 10
28382.24250976471
 20
28936.65215069071
 30
0.0
1001
REVIT
1002
{
1070
     1
1000
2024455
1002
}
1002
{
1070
     5
1000
1959228
1002
}
  0
LINE
  5
686
330
671
100
AcDbEntity
  8
P-SANR-FIXT
100
AcDbLine
 10
28420.75815863505
 20
28885.36467159474
 30
0.0
 11
28436.45540271476
 21
28884.39109725855
 31
0.0
1001
REVIT
1002
{
1070
     1
1000
2024455
1002
}
1002
{
1070
     5
1000
1959228
1002
}
  0
LINE
  5
687
330
671
100
AcDbEntity
  8
P-SANR-FIXT
100
AcDbLine
 10
28435.38566147165
 20
28884.45744474065
 30
0.0
 11
28436.45540271476
 21
28884.39109725855
 31
0.0
1001
REVIT
1002
{
1070
     1
1000
2024455
1002
}
1002
{
1070
     5
1000
1959228
1002
}
  0
LINE
  5
688
330
671
100
AcDbEntity
  8
P-SANR-FIXT
100
AcDbLine
 10
28379.63434059224
 20
28936.65215069071
 30
0.0
 11
28382.24250976471
 21
28936.65215069071
 31
0.0
1001
REVIT
1002
{
1070
     1
1000
2024455
1002
}
1002
{
1070
     5
1000
1959228
1002
}
  0
LINE
  5
689
330
671
100
AcDbEntity
  8
P-SANR-FIXT
100
AcDbLine
 10
28385.63091596163
 20
28961.65215069071
 30
0.0
 11
28379.48015836655
 21
28961.65215069071
 31
0.0
1001
REVIT
1002
{
1070
     1
1000
2024455
1002
}
1002
{
1070
     5
1000
1959228
1002
}
  0
ENDBLK
  5
68B
330
671
100
AcDbEntity
  8
0
100
AcDbBlockEnd
  0
BLOCK
  5
729
330
727
100
AcDbEntity
  8
0
100
AcDbBlockBegin
  2
_Oblique
 70
     0
 10
0.0
 20
0.0
 30
0.0
  3
_Oblique
  1

  0
LINE
  5
728
330
727
100
AcDbEntity
  8
0
  6
ByBlock
 62
     0
370
    -2
100
AcDbLine
 10
-0.5
 20
-0.5
 30
0.0
 11
0.5
 21
0.5
 31
0.0
  0
ENDBLK
  5
72A
330
727
100
AcDbEntity
  8
0
100
AcDbBlockEnd
  0
BLOCK
  5
724
330
72E
100
AcDbEntity
  8
0
100
AcDbBlockBegin
  2
DIMBLOCK1-rhs
 70
     0
 10
0.0
 20
0.0
 30
0.0
  3
DIMBLOCK1-rhs
  1

  0
LINE
  5
71A
330
72E
100
AcDbEntity
  8
A-ANNO-DIMS-100
100
AcDbLine
 10
13612.19462214234
 20
32240.00000000001
 30
0.0
 11
13612.19462214234
 21
34840.0
 31
0.0
1001
REVIT
1002
{
1070
     1
1000
1918477
1002
}
1002
{
1070
     5
1000
2173208
1002
}
1002
{
1070
     2
1000
-2000260
1002
}
  0
LINE
  5
71B
330
72E
100
AcDbEntity
  8
A-ANNO-DIMS-100
100
AcDbLine
 10
13612.19462214234
 20
34740.0
 30
0.0
 11
13687.19462214234
 21
34665.0
 31
0.0
1001
REVIT
1002
{
1070
     1
1000
1918477
1002
}
1002
{
1070
     5
1000
2173208
1002
}
1002
{
1070
     2
1000
-2000260
1002
}
  0
LINE
  5
71C
330
72E
100
AcDbEntity
  8
A-ANNO-DIMS-100
100
AcDbLine
 10
13612.19462214234
 20
34740.0
 30
0.0
 11
13537.19462214234
 21
34815.0
 31
0.0
1001
REVIT
1002
{
1070
     1
1000
1918477
1002
}
1002
{
1070
     5
1000
2173208
1002
}
1002
{
1070
     2
1000
-2000260
1002
}
  0
LINE
  5
71D
330
72E
100
AcDbEntity
  8
A-ANNO-DIMS-100
100
AcDbLine
 10
13612.19462214233
 20
34740.0
 30
0.0
 11
13512.19462214234
 21
34740.0
 31
0.0
1001
REVIT
1002
{
1070
     1
1000
1918477
1002
}
1002
{
1070
     5
1000
2173208
1002
}
1002
{
1070
     2
1000
-2000260
1002
}
  0
LINE
  5
71E
330
72E
100
AcDbEntity
  8
A-ANNO-DIMS-100
100
AcDbLine
 10
13612.19462214233
 20
34740.0
 30
0.0
 11
13912.19462214233
 21
34740.0
 31
0.0
1001
REVIT
1002
{
1070
     1
1000
1918477
1002
}
1002
{
1070
     5
1000
2173208
1002
}
1002
{
1070
     2
1000
-2000260
1002
}
  0
LINE
  5
71F
330
72E
100
AcDbEntity
  8
A-ANNO-DIMS-100
100
AcDbLine
 10
13612.19462214234
 20
32340.00000000001
 30
0.0
 11
13687.19462214234
 21
32265.00000000001
 31
0.0
1001
REVIT
1002
{
1070
     1
1000
1918477
1002
}
1002
{
1070
     5
1000
2173208
1002
}
1002
{
1070
     2
1000
-2000260
1002
}
  0
LINE
  5
720
330
72E
100
AcDbEntity
  8
A-ANNO-DIMS-100
100
AcDbLine
 10
13612.19462214234
 20
32340.00000000001
 30
0.0
 11
13537.19462214234
 21
32415.00000000001
 31
0.0
1001
REVIT
1002
{
1070
     1
1000
1918477
1002
}
1002
{
1070
     5
1000
2173208
1002
}
1002
{
1070
     2
1000
-2000260
1002
}
  0
LINE
  5
721
330
72E
100
AcDbEntity
  8
A-ANNO-DIMS-100
100
AcDbLine
 10
13612.19462214233
 20
32340.00000000001
 30
0.0
 11
13712.19462214233
 21
32340.00000000001
 31
0.0
1001
REVIT
1002
{
1070
     1
1000
1918477
1002
}
1002
{
1070
     5
1000
2173208
1002
}
1002
{
1070
     2
1000
-2000260
1002
}
  0
LINE
  5
722
330
72E
100
AcDbEntity
  8
A-ANNO-DIMS-100
100
AcDbLine
 10
13612.19462214233
 20
32340.00000000001
 30
0.0
 11
13312.19462214234
 21
32340.00000000001
 31
0.0
1001
REVIT
1002
{
1070
     1
1000
1918477
1002
}
1002
{
1070
     5
1000
2173208
1002
}
1002
{
1070
     2
1000
-2000260
1002
}
  0
MTEXT
  5
723
330
72E
100
AcDbEntity
  8
A-ANNO-DIMS-100
 62
     0
100
AcDbMText
 10
13404.29224064211
 20
33296.80999769904
 30
0.0
 40
150.0
 41
583.6560055223194
 46
0.0
 71
     1
 72
     1
  1
2400
  7
Calibri
 11
0.0
 21
1.0
 31
0.0
 73
     2
 44
1.158047630004602
 90
        3
 63
     9
421
 13158600
 45
1.25
441
        0
1001
REVIT
1002
{
1070
     1
1000
1918477
1002
}
1002
{
1070
     5
1000
2173208
1002
}
1002
{
1070
     2
1000
-2000260
1002
}
  0
ENDBLK
  5
725
330
72E
100
AcDbEntity
  8
0
100
AcDbBlockEnd
  0
BLOCK
  5
752
330
757
100
AcDbEntity
  8
0
100
AcDbBlockBegin
  2
DIMBLOCK2-rhs
 70
     0
 10
0.0
 20
0.0
 30
0.0
  3
DIMBLOCK2-rhs
  1

  0
LINE
  5
748
330
757
100
AcDbEntity
  8
A-ANNO-DIMS-100
100
AcDbLine
 10
3707.134504494956
 20
39069.9838936731
 30
0.0
 11
3707.134504494956
 21
38140.0
 31
0.0
1001
REVIT
1002
{
1070
     1
1000
1972804
1002
}
1002
{
1070
     5
1000
1276159
1002
}
1002
{
1070
     2
1000
-2000260
1002
}
  0
LINE
  5
749
330
757
100
AcDbEntity
  8
A-ANNO-DIMS-100
100
AcDbLine
 10
3707.134504494956
 20
38140.0
 30
0.0
 11
3632.134504494956
 21
38215.0
 31
0.0
1001
REVIT
1002
{
1070
     1
1000
1972804
1002
}
1002
{
1070
     5
1000
1276159
1002
}
1002
{
1070
     2
1000
-2000260
1002
}
  0
LINE
  5
74A
330
757
100
AcDbEntity
  8
A-ANNO-DIMS-100
100
AcDbLine
 10
3707.134504494956
 20
38140.0
 30
0.0
 11
3782.134504494955
 21
38065.0
 31
0.0
1001
REVIT
1002
{
1070
     1
1000
1972804
1002
}
1002
{
1070
     5
1000
1276159
1002
}
1002
{
1070
     2
1000
-2000260
1002
}
  0
LINE
  5
74B
330
757
100
AcDbEntity
  8
A-ANNO-DIMS-100
100
AcDbLine
 10
3707.134504494956
 20
38140.0
 30
0.0
 11
3557.134504494956
 21
38140.0
 31
0.0
1001
REVIT
1002
{
1070
     1
1000
1972804
1002
}
1002
{
1070
     5
1000
1276159
1002
}
1002
{
1070
     2
1000
-2000260
1002
}
  0
LINE
  5
74C
330
757
100
AcDbEntity
  8
A-ANNO-DIMS-100
100
AcDbLine
 10
3707.134504494956
 20
38140.0
 30
0.0
 11
4257.134504494956
 21
38140.0
 31
0.0
1001
REVIT
1002
{
1070
     1
1000
1972804
1002
}
1002
{
1070
     5
1000
1276159
1002
}
1002
{
1070
     2
1000
-2000260
1002
}
  0
LINE
  5
74D
330
757
100
AcDbEntity
  8
A-ANNO-DIMS-100
100
AcDbLine
 10
3707.134504494956
 20
38969.9838936731
 30
0.0
 11
3632.134504494956
 21
39044.9838936731
 31
0.0
1001
REVIT
1002
{
1070
     1
1000
1972804
1002
}
1002
{
1070
     5
1000
1276159
1002
}
1002
{
1070
     2
1000
-2000260
1002
}
  0
LINE
  5
74E
330
757
100
AcDbEntity
  8
A-ANNO-DIMS-100
100
AcDbLine
 10
3707.134504494956
 20
38969.9838936731
 30
0.0
 11
3782.134504494955
 21
38894.9838936731
 31
0.0
1001
REVIT
1002
{
1070
     1
1000
1972804
1002
}
1002
{
1070
     5
1000
1276159
1002
}
1002
{
1070
     2
1000
-2000260
1002
}
  0
LINE
  5
74F
330
757
100
AcDbEntity
  8
A-ANNO-DIMS-100
100
AcDbLine
 10
3707.134504494956
 20
38969.9838936731
 30
0.0
 11
3557.134504494956
 21
38969.9838936731
 31
0.0
1001
REVIT
1002
{
1070
     1
1000
1972804
1002
}
1002
{
1070
     5
1000
1276159
1002
}
1002
{
1070
     2
1000
-2000260
1002
}
  0
LINE
  5
750
330
757
100
AcDbEntity
  8
A-ANNO-DIMS-100
100
AcDbLine
 10
3707.134504494956
 20
38969.9838936731
 30
0.0
 11
4257.134504494956
 21
38969.9838936731
 31
0.0
1001
REVIT
1002
{
1070
     1
1000
1972804
1002
}
1002
{
1070
     5
1000
1276159
1002
}
1002
{
1070
     2
1000
-2000260
1002
}
  0
MTEXT
  5
751
330
757
100
AcDbEntity
  8
A-ANNO-DIMS-100
 62
     0
100
AcDbMText
 10
3446.590808254329
 20
38344.98100050188
 30
0.0
 40
200.0
 41
504.02627120322
 46
0.0
 71
     1
 72
     1
  1
830
  7
ISOCPEUR
 11
0.0
 21
1.0
 31
0.0
 73
     2
 44
1.135194304511757
1001
REVIT
1002
{
1070
     1
1000
1972804
1002
}
1002
{
1070
     5
1000
1276159
1002
}
1002
{
1070
     2
1000
-2000260
1002
}
  0
ENDBLK
  5
753
330
757
100
AcDbEntity
  8
0
100
AcDbBlockEnd
  0
BLOCK
  5
76E
330
771
100
AcDbEntity
  8
0
100
AcDbBlockBegin
  2
DIMBLOCK3-rhs
 70
     0
 10
0.0
 20
0.0
 30
0.0
  3
DIMBLOCK3-rhs
  1

  0
LINE
  5
764
330
771
100
AcDbEntity
  8
A-ANNO-DIMS-100
100
AcDbLine
 10
3707.134504494956
 20
38140.0
 30
0.0
 11
3707.134504494956
 21
35540.0
 31
0.0
1001
REVIT
1002
{
1070
     1
1000
1972804
1002
}
1002
{
1070
     5
1000
1276159
1002
}
1002
{
1070
     2
1000
-2000260
1002
}
  0
LINE
  5
765
330
771
100
AcDbEntity
  8
A-ANNO-DIMS-100
100
AcDbLine
 10
3707.134504494956
 20
35540.0
 30
0.0
 11
3632.134504494956
 21
35615.0
 31
0.0
1001
REVIT
1002
{
1070
     1
1000
1972804
1002
}
1002
{
1070
     5
1000
1276159
1002
}
1002
{
1070
     2
1000
-2000260
1002
}
  0
LINE
  5
766
330
771
100
AcDbEntity
  8
A-ANNO-DIMS-100
100
AcDbLine
 10
3707.134504494956
 20
35540.0
 30
0.0
 11
3782.134504494955
 21
35465.0
 31
0.0
1001
REVIT
1002
{
1070
     1
1000
1972804
1002
}
1002
{
1070
     5
1000
1276159
1002
}
1002
{
1070
     2
1000
-2000260
1002
}
  0
LINE
  5
767
330
771
100
AcDbEntity
  8
A-ANNO-DIMS-100
100
AcDbLine
 10
3707.134504494956
 20
35540.0
 30
0.0
 11
3557.134504494956
 21
35540.0
 31
0.0
1001
REVIT
1002
{
1070
     1
1000
1972804
1002
}
1002
{
1070
     5
1000
1276159
1002
}
1002
{
1070
     2
1000
-2000260
1002
}
  0
LINE
  5
768
330
771
100
AcDbEntity
  8
A-ANNO-DIMS-100
100
AcDbLine
 10
3707.134504494956
 20
35540.0
 30
0.0
 11
4257.134504494956
 21
35540.0
 31
0.0
1001
REVIT
1002
{
1070
     1
1000
1972804
1002
}
1002
{
1070
     5
1000
1276159
1002
}
1002
{
1070
     2
1000
-2000260
1002
}
  0
LINE
  5
769
330
771
100
AcDbEntity
  8
A-ANNO-DIMS-100
100
AcDbLine
 10
3707.134504494956
 20
38140.0
 30
0.0
 11
3632.134504494956
 21
38215.0
 31
0.0
1001
REVIT
1002
{
1070
     1
1000
1972804
1002
}
1002
{
1070
     5
1000
1276159
1002
}
1002
{
1070
     2
1000
-2000260
1002
}
  0
LINE
  5
76A
330
771
100
AcDbEntity
  8
A-ANNO-DIMS-100
100
AcDbLine
 10
3707.134504494956
 20
38140.0
 30
0.0
 11
3782.134504494955
 21
38065.0
 31
0.0
1001
REVIT
1002
{
1070
     1
1000
1972804
1002
}
1002
{
1070
     5
1000
1276159
1002
}
1002
{
1070
     2
1000
-2000260
1002
}
  0
LINE
  5
76B
330
771
100
AcDbEntity
  8
A-ANNO-DIMS-100
100
AcDbLine
 10
3707.134504494956
 20
38140.0
 30
0.0
 11
3557.134504494956
 21
38140.0
 31
0.0
1001
REVIT
1002
{
1070
     1
1000
1972804
1002
}
1002
{
1070
     5
1000
1276159
1002
}
1002
{
1070
     2
1000
-2000260
1002
}
  0
LINE
  5
76C
330
771
100
AcDbEntity
  8
A-ANNO-DIMS-100
100
AcDbLine
 10
3707.134504494956
 20
38140.0
 30
0.0
 11
4257.134504494956
 21
38140.0
 31
0.0
1001
REVIT
1002
{
1070
     1
1000
1972804
1002
}
1002
{
1070
     5
1000
1276159
1002
}
1002
{
1070
     2
1000
-2000260
1002
}
  0
MTEXT
  5
76D
330
771
100
AcDbEntity
  8
A-ANNO-DIMS-100
 62
     0
100
AcDbMText
 10
3446.590808254329
 20
36559.98540488711
 30
0.0
 40
200.0
 41
672.03502827096
 46
0.0
 71
     1
 72
     1
  1
2600
  7
ISOCPEUR
 11
0.0
 21
1.0
 31
0.0
 73
     2
 44
1.135194304511757
1001
REVIT
1002
{
1070
     1
1000
1972804
1002
}
1002
{
1070
     5
1000
1276159
1002
}
1002
{
1070
     2
1000
-2000260
1002
}
  0
ENDBLK
  5
76F
330
771
100
AcDbEntity
  8
0
100
AcDbBlockEnd
  0
BLOCK
  5
788
330
78B
100
AcDbEntity
  8
0
100
AcDbBlockBegin
  2
DIMBLOCK4-rhs
 70
     0
 10
0.0
 20
0.0
 30
0.0
  3
DIMBLOCK4-rhs
  1

  0
LINE
  5
77E
330
78B
100
AcDbEntity
  8
A-ANNO-DIMS-100
100
AcDbLine
 10
3707.134504494956
 20
35540.0
 30
0.0
 11
3707.134504494956
 21
35090.00000000001
 31
0.0
1001
REVIT
1002
{
1070
     1
1000
1972804
1002
}
1002
{
1070
     5
1000
1276159
1002
}
1002
{
1070
     2
1000
-2000260
1002
}
  0
LINE
  5
77F
330
78B
100
AcDbEntity
  8
A-ANNO-DIMS-100
100
AcDbLine
 10
3707.134504494956
 20
35090.00000000001
 30
0.0
 11
3632.134504494956
 21
35165.00000000001
 31
0.0
1001
REVIT
1002
{
1070
     1
1000
1972804
1002
}
1002
{
1070
     5
1000
1276159
1002
}
1002
{
1070
     2
1000
-2000260
1002
}
  0
LINE
  5
780
330
78B
100
AcDbEntity
  8
A-ANNO-DIMS-100
100
AcDbLine
 10
3707.134504494956
 20
35090.00000000001
 30
0.0
 11
3782.134504494955
 21
35015.00000000001
 31
0.0
1001
REVIT
1002
{
1070
     1
1000
1972804
1002
}
1002
{
1070
     5
1000
1276159
1002
}
1002
{
1070
     2
1000
-2000260
1002
}
  0
LINE
  5
781
330
78B
100
AcDbEntity
  8
A-ANNO-DIMS-100
100
AcDbLine
 10
3707.134504494956
 20
35090.0
 30
0.0
 11
3557.134504494956
 21
35090.0
 31
0.0
1001
REVIT
1002
{
1070
     1
1000
1972804
1002
}
1002
{
1070
     5
1000
1276159
1002
}
1002
{
1070
     2
1000
-2000260
1002
}
  0
LINE
  5
782
330
78B
100
AcDbEntity
  8
A-ANNO-DIMS-100
100
AcDbLine
 10
3707.134504494956
 20
35090.0
 30
0.0
 11
4257.134504494956
 21
35090.0
 31
0.0
1001
REVIT
1002
{
1070
     1
1000
1972804
1002
}
1002
{
1070
     5
1000
1276159
1002
}
1002
{
1070
     2
1000
-2000260
1002
}
  0
LINE
  5
783
330
78B
100
AcDbEntity
  8
A-ANNO-DIMS-100
100
AcDbLine
 10
3707.134504494956
 20
35540.0
 30
0.0
 11
3632.134504494956
 21
35615.0
 31
0.0
1001
REVIT
1002
{
1070
     1
1000
1972804
1002
}
1002
{
1070
     5
1000
1276159
1002
}
1002
{
1070
     2
1000
-2000260
1002
}
  0
LINE
  5
784
330
78B
100
AcDbEntity
  8
A-ANNO-DIMS-100
100
AcDbLine
 10
3707.134504494956
 20
35540.0
 30
0.0
 11
3782.134504494955
 21
35465.0
 31
0.0
1001
REVIT
1002
{
1070
     1
1000
1972804
1002
}
1002
{
1070
     5
1000
1276159
1002
}
1002
{
1070
     2
1000
-2000260
1002
}
  0
LINE
  5
785
330
78B
100
AcDbEntity
  8
A-ANNO-DIMS-100
100
AcDbLine
 10
3707.134504494956
 20
35540.0
 30
0.0
 11
3557.134504494956
 21
35540.0
 31
0.0
1001
REVIT
1002
{
1070
     1
1000
1972804
1002
}
1002
{
1070
     5
1000
1276159
1002
}
1002
{
1070
     2
1000
-2000260
1002
}
  0
LINE
  5
786
330
78B
100
AcDbEntity
  8
A-ANNO-DIMS-100
100
AcDbLine
 10
3707.134504494956
 20
35540.0
 30
0.0
 11
4257.134504494956
 21
35540.0
 31
0.0
1001
REVIT
1002
{
1070
     1
1000
1972804
1002
}
1002
{
1070
     5
1000
1276159
1002
}
1002
{
1070
     2
1000
-2000260
1002
}
  0
MTEXT
  5
787
330
78B
100
AcDbEntity
  8
A-ANNO-DIMS-100
 62
     0
100
AcDbMText
 10
3446.590808254329
 20
35095.52910112773
 30
0.0
 40
200.0
 41
526.7301572934551
 46
0.0
 71
     1
 72
     1
  1
450
  7
ISOCPEUR
 11
0.0
 21
1.0
 31
0.0
 73
     2
 44
1.135194304511757
1001
REVIT
1002
{
1070
     1
1000
1972804
1002
}
1002
{
1070
     5
1000
1276159
1002
}
1002
{
1070
     2
1000
-2000260
1002
}
  0
ENDBLK
  5
789
330
78B
100
AcDbEntity
  8
0
100
AcDbBlockEnd
  0
BLOCK
  5
7A2
330
7A5
100
AcDbEntity
  8
0
100
AcDbBlockBegin
  2
DIMBLOCK5-rhs
 70
     0
 10
0.0
 20
0.0
 30
0.0
  3
DIMBLOCK5-rhs
  1

  0
LINE
  5
798
330
7A5
100
AcDbEntity
  8
A-ANNO-DIMS-100
100
AcDbLine
 10
3707.134504494956
 20
35090.00000000001
 30
0.0
 11
3707.134504494956
 21
32340.00000000001
 31
0.0
1001
REVIT
1002
{
1070
     1
1000
1972804
1002
}
1002
{
1070
     5
1000
1276159
1002
}
1002
{
1070
     2
1000
-2000260
1002
}
  0
LINE
  5
799
330
7A5
100
AcDbEntity
  8
A-ANNO-DIMS-100
100
AcDbLine
 10
3707.134504494956
 20
32340.00000000001
 30
0.0
 11
3632.134504494956
 21
32415.00000000001
 31
0.0
1001
REVIT
1002
{
1070
     1
1000
1972804
1002
}
1002
{
1070
     5
1000
1276159
1002
}
1002
{
1070
     2
1000
-2000260
1002
}
  0
LINE
  5
79A
330
7A5
100
AcDbEntity
  8
A-ANNO-DIMS-100
100
AcDbLine
 10
3707.134504494956
 20
32340.00000000001
 30
0.0
 11
3782.134504494955
 21
32265.00000000001
 31
0.0
1001
REVIT
1002
{
1070
     1
1000
1972804
1002
}
1002
{
1070
     5
1000
1276159
1002
}
1002
{
1070
     2
1000
-2000260
1002
}
  0
LINE
  5
79B
330
7A5
100
AcDbEntity
  8
A-ANNO-DIMS-100
100
AcDbLine
 10
3707.134504494956
 20
32340.00000000001
 30
0.0
 11
3557.134504494956
 21
32340.00000000001
 31
0.0
1001
REVIT
1002
{
1070
     1
1000
1972804
1002
}
1002
{
1070
     5
1000
1276159
1002
}
1002
{
1070
     2
1000
-2000260
1002
}
  0
LINE
  5
79C
330
7A5
100
AcDbEntity
  8
A-ANNO-DIMS-100
100
AcDbLine
 10
3707.134504494956
 20
32340.00000000001
 30
0.0
 11
4257.134504494956
 21
32340.00000000001
 31
0.0
1001
REVIT
1002
{
1070
     1
1000
1972804
1002
}
1002
{
1070
     5
1000
1276159
1002
}
1002
{
1070
     2
1000
-2000260
1002
}
  0
LINE
  5
79D
330
7A5
100
AcDbEntity
  8
A-ANNO-DIMS-100
100
AcDbLine
 10
3707.134504494956
 20
35090.00000000001
 30
0.0
 11
3632.134504494956
 21
35165.00000000001
 31
0.0
1001
REVIT
1002
{
1070
     1
1000
1972804
1002
}
1002
{
1070
     5
1000
1276159
1002
}
1002
{
1070
     2
1000
-2000260
1002
}
  0
LINE
  5
79E
330
7A5
100
AcDbEntity
  8
A-ANNO-DIMS-100
100
AcDbLine
 10
3707.134504494956
 20
35090.00000000001
 30
0.0
 11
3782.134504494955
 21
35015.00000000001
 31
0.0
1001
REVIT
1002
{
1070
     1
1000
1972804
1002
}
1002
{
1070
     5
1000
1276159
1002
}
1002
{
1070
     2
1000
-2000260
1002
}
  0
LINE
  5
79F
330
7A5
100
AcDbEntity
  8
A-ANNO-DIMS-100
100
AcDbLine
 10
3707.134504494956
 20
35090.0
 30
0.0
 11
3557.134504494956
 21
35090.0
 31
0.0
1001
REVIT
1002
{
1070
     1
1000
1972804
1002
}
1002
{
1070
     5
1000
1276159
1002
}
1002
{
1070
     2
1000
-2000260
1002
}
  0
LINE
  5
7A0
330
7A5
100
AcDbEntity
  8
A-ANNO-DIMS-100
100
AcDbLine
 10
3707.134504494956
 20
35090.0
 30
0.0
 11
4257.134504494956
 21
35090.0
 31
0.0
1001
REVIT
1002
{
1070
     1
1000
1972804
1002
}
1002
{
1070
     5
1000
1276159
1002
}
1002
{
1070
     2
1000
-2000260
1002
}
  0
MTEXT
  5
7A1
330
7A5
100
AcDbEntity
  8
A-ANNO-DIMS-100
 62
     0
100
AcDbMText
 10
3446.590808254329
 20
33434.98540488711
 30
0.0
 40
200.0
 41
672.03502827096
 46
0.0
 71
     1
 72
     1
  1
2750
  7
ISOCPEUR
 11
0.0
 21
1.0
 31
0.0
 73
     2
 44
1.135194304511757
1001
REVIT
1002
{
1070
     1
1000
1972804
1002
}
1002
{
1070
     5
1000
1276159
1002
}
1002
{
1070
     2
1000
-2000260
1002
}
  0
ENDBLK
  5
7A3
330
7A5
100
AcDbEntity
  8
0
100
AcDbBlockEnd
  0
BLOCK
  5
7BC
330
7BF
100
AcDbEntity
  8
0
100
AcDbBlockBegin
  2
DIMBLOCK6-rhs
 70
     0
 10
0.0
 20
0.0
 30
0.0
  3
DIMBLOCK6-rhs
  1

  0
LINE
  5
7B2
330
7BF
100
AcDbEntity
  8
A-ANNO-DIMS-100
100
AcDbLine
 10
3707.134504494956
 20
32340.00000000001
 30
0.0
 11
3707.134504494956
 21
31890.0
 31
0.0
1001
REVIT
1002
{
1070
     1
1000
1972804
1002
}
1002
{
1070
     5
1000
1276159
1002
}
1002
{
1070
     2
1000
-2000260
1002
}
  0
LINE
  5
7B3
330
7BF
100
AcDbEntity
  8
A-ANNO-DIMS-100
100
AcDbLine
 10
3707.134504494956
 20
31890.0
 30
0.0
 11
3632.134504494956
 21
31965.0
 31
0.0
1001
REVIT
1002
{
1070
     1
1000
1972804
1002
}
1002
{
1070
     5
1000
1276159
1002
}
1002
{
1070
     2
1000
-2000260
1002
}
  0
LINE
  5
7B4
330
7BF
100
AcDbEntity
  8
A-ANNO-DIMS-100
100
AcDbLine
 10
3707.134504494956
 20
31890.0
 30
0.0
 11
3782.134504494955
 21
31815.0
 31
0.0
1001
REVIT
1002
{
1070
     1
1000
1972804
1002
}
1002
{
1070
     5
1000
1276159
1002
}
1002
{
1070
     2
1000
-2000260
1002
}
  0
LINE
  5
7B5
330
7BF
100
AcDbEntity
  8
A-ANNO-DIMS-100
100
AcDbLine
 10
3707.134504494956
 20
31890.0
 30
0.0
 11
3557.134504494956
 21
31890.0
 31
0.0
1001
REVIT
1002
{
1070
     1
1000
1972804
1002
}
1002
{
1070
     5
1000
1276159
1002
}
1002
{
1070
     2
1000
-2000260
1002
}
  0
LINE
  5
7B6
330
7BF
100
AcDbEntity
  8
A-ANNO-DIMS-100
100
AcDbLine
 10
3707.134504494956
 20
31890.0
 30
0.0
 11
4257.134504494956
 21
31890.0
 31
0.0
1001
REVIT
1002
{
1070
     1
1000
1972804
1002
}
1002
{
1070
     5
1000
1276159
1002
}
1002
{
1070
     2
1000
-2000260
1002
}
  0
LINE
  5
7B7
330
7BF
100
AcDbEntity
  8
A-ANNO-DIMS-100
100
AcDbLine
 10
3707.134504494956
 20
32340.00000000001
 30
0.0
 11
3632.134504494956
 21
32415.00000000001
 31
0.0
1001
REVIT
1002
{
1070
     1
1000
1972804
1002
}
1002
{
1070
     5
1000
1276159
1002
}
1002
{
1070
     2
1000
-2000260
1002
}
  0
LINE
  5
7B8
330
7BF
100
AcDbEntity
  8
A-ANNO-DIMS-100
100
AcDbLine
 10
3707.134504494956
 20
32340.00000000001
 30
0.0
 11
3782.134504494955
 21
32265.00000000001
 31
0.0
1001
REVIT
1002
{
1070
     1
1000
1972804
1002
}
1002
{
1070
     5
1000
1276159
1002
}
1002
{
1070
     2
1000
-2000260
1002
}
  0
LINE
  5
7B9
330
7BF
100
AcDbEntity
  8
A-ANNO-DIMS-100
100
AcDbLine
 10
3707.134504494956
 20
32340.00000000001
 30
0.0
 11
3557.134504494956
 21
32340.00000000001
 31
0.0
1001
REVIT
1002
{
1070
     1
1000
1972804
1002
}
1002
{
1070
     5
1000
1276159
1002
}
1002
{
1070
     2
1000
-2000260
1002
}
  0
LINE
  5
7BA
330
7BF
100
AcDbEntity
  8
A-ANNO-DIMS-100
100
AcDbLine
 10
3707.134504494956
 20
32340.00000000001
 30
0.0
 11
4257.134504494956
 21
32340.00000000001
 31
0.0
1001
REVIT
1002
{
1070
     1
1000
1972804
1002
}
1002
{
1070
     5
1000
1276159
1002
}
1002
{
1070
     2
1000
-2000260
1002
}
  0
MTEXT
  5
7BB
330
7BF
100
AcDbEntity
  8
A-ANNO-DIMS-100
 62
     0
100
AcDbMText
 10
3446.590808254329
 20
31895.52910112773
 30
0.0
 40
200.0
 41
526.7301572934551
 46
0.0
 71
     1
 72
     1
  1
450
  7
ISOCPEUR
 11
0.0
 21
1.0
 31
0.0
 73
     2
 44
1.135194304511757
1001
REVIT
1002
{
1070
     1
1000
1972804
1002
}
1002
{
1070
     5
1000
1276159
1002
}
1002
{
1070
     2
1000
-2000260
1002
}
  0
ENDBLK
  5
7BD
330
7BF
100
AcDbEntity
  8
0
100
AcDbBlockEnd
  0
BLOCK
  5
7D6
330
7D9
100
AcDbEntity
  8
0
100
AcDbBlockBegin
  2
DIMBLOCK7-rhs
 70
     0
 10
0.0
 20
0.0
 30
0.0
  3
DIMBLOCK7-rhs
  1

  0
LINE
  5
7CC
330
7D9
100
AcDbEntity
  8
A-ANNO-DIMS-100
100
AcDbLine
 10
3707.134504494956
 20
31890.0
 30
0.0
 11
3707.134504494956
 21
28790.0
 31
0.0
1001
REVIT
1002
{
1070
     1
1000
1972804
1002
}
1002
{
1070
     5
1000
1276159
1002
}
1002
{
1070
     2
1000
-2000260
1002
}
  0
LINE
  5
7CD
330
7D9
100
AcDbEntity
  8
A-ANNO-DIMS-100
100
AcDbLine
 10
3707.134504494956
 20
28890.0
 30
0.0
 11
3632.134504494956
 21
28965.0
 31
0.0
1001
REVIT
1002
{
1070
     1
1000
1972804
1002
}
1002
{
1070
     5
1000
1276159
1002
}
1002
{
1070
     2
1000
-2000260
1002
}
  0
LINE
  5
7CE
330
7D9
100
AcDbEntity
  8
A-ANNO-DIMS-100
100
AcDbLine
 10
3707.134504494956
 20
28890.0
 30
0.0
 11
3782.134504494955
 21
28815.0
 31
0.0
1001
REVIT
1002
{
1070
     1
1000
1972804
1002
}
1002
{
1070
     5
1000
1276159
1002
}
1002
{
1070
     2
1000
-2000260
1002
}
  0
LINE
  5
7CF
330
7D9
100
AcDbEntity
  8
A-ANNO-DIMS-100
100
AcDbLine
 10
3707.134504494956
 20
28890.0
 30
0.0
 11
3557.134504494956
 21
28890.0
 31
0.0
1001
REVIT
1002
{
1070
     1
1000
1972804
1002
}
1002
{
1070
     5
1000
1276159
1002
}
1002
{
1070
     2
1000
-2000260
1002
}
  0
LINE
  5
7D0
330
7D9
100
AcDbEntity
  8
A-ANNO-DIMS-100
100
AcDbLine
 10
3707.134504494956
 20
28890.0
 30
0.0
 11
4257.134504494956
 21
28890.0
 31
0.0
1001
REVIT
1002
{
1070
     1
1000
1972804
1002
}
1002
{
1070
     5
1000
1276159
1002
}
1002
{
1070
     2
1000
-2000260
1002
}
  0
LINE
  5
7D1
330
7D9
100
AcDbEntity
  8
A-ANNO-DIMS-100
100
AcDbLine
 10
3707.134504494956
 20
31890.0
 30
0.0
 11
3632.134504494956
 21
31965.0
 31
0.0
1001
REVIT
1002
{
1070
     1
1000
1972804
1002
}
1002
{
1070
     5
1000
1276159
1002
}
1002
{
1070
     2
1000
-2000260
1002
}
  0
LINE
  5
7D2
330
7D9
100
AcDbEntity
  8
A-ANNO-DIMS-100
100
AcDbLine
 10
3707.134504494956
 20
31890.0
 30
0.0
 11
3782.134504494955
 21
31815.0
 31
0.0
1001
REVIT
1002
{
1070
     1
1000
1972804
1002
}
1002
{
1070
     5
1000
1276159
1002
}
1002
{
1070
     2
1000
-2000260
1002
}
  0
LINE
  5
7D3
330
7D9
100
AcDbEntity
  8
A-ANNO-DIMS-100
100
AcDbLine
 10
3707.134504494956
 20
31890.0
 30
0.0
 11
3557.134504494956
 21
31890.0
 31
0.0
1001
REVIT
1002
{
1070
     1
1000
1972804
1002
}
1002
{
1070
     5
1000
1276159
1002
}
1002
{
1070
     2
1000
-2000260
1002
}
  0
LINE
  5
7D4
330
7D9
100
AcDbEntity
  8
A-ANNO-DIMS-100
100
AcDbLine
 10
3707.134504494956
 20
31890.0
 30
0.0
 11
4257.134504494956
 21
31890.0
 31
0.0
1001
REVIT
1002
{
1070
     1
1000
1972804
1002
}
1002
{
1070
     5
1000
1276159
1002
}
1002
{
1070
     2
1000
-2000260
1002
}
  0
MTEXT
  5
7D5
330
7D9
100
AcDbEntity
  8
A-ANNO-DIMS-100
 62
     0
100
AcDbMText
 10
3446.590808254329
 20
30109.9854048871
 30
0.0
 40
200.0
 41
672.03502827096
 46
0.0
 71
     1
 72
     1
  1
3000
  7
ISOCPEUR
 11
0.0
 21
1.0
 31
0.0
 73
     2
 44
1.135194304511757
1001
REVIT
1002
{
1070
     1
1000
1972804
1002
}
1002
{
1070
     5
1000
1276159
1002
}
1002
{
1070
     2
1000
-2000260
1002
}
  0
ENDBLK
  5
7D7
330
7D9
100
AcDbEntity
  8
0
100
AcDbBlockEnd
  0
BLOCK
  5
802
330
805
100
AcDbEntity
  8
0
100
AcDbBlockBegin
  2
DIMBLOCK8-rhs
 70
     0
 10
0.0
 20
0.0
 30
0.0
  3
DIMBLOCK8-rhs
  1

  0
LINE
  5
7F7
330
805
100
AcDbEntity
  8
A-ANNO-DIMS-100
100
AcDbLine
 10
15268.17783424229
 20
32240.00000000001
 30
0.0
 11
15268.17783424229
 21
34240.0
 31
0.0
1001
REVIT
1002
{
1070
     1
1000
2159975
1002
}
1002
{
1070
     5
1000
2173208
1002
}
1002
{
1070
     2
1000
-2000260
1002
}
  0
LINE
  5
7F8
330
805
100
AcDbEntity
  8
A-ANNO-DIMS-100
100
AcDbLine
 10
15268.17783424229
 20
34140.00000000001
 30
0.0
 11
15343.17783424229
 21
34065.00000000001
 31
0.0
1001
REVIT
1002
{
1070
     1
1000
2159975
1002
}
1002
{
1070
     5
1000
2173208
1002
}
1002
{
1070
     2
1000
-2000260
1002
}
  0
LINE
  5
7F9
330
805
100
AcDbEntity
  8
A-ANNO-DIMS-100
100
AcDbLine
 10
15268.17783424229
 20
34140.00000000001
 30
0.0
 11
15193.17783424229
 21
34215.00000000001
 31
0.0
1001
REVIT
1002
{
1070
     1
1000
2159975
1002
}
1002
{
1070
     5
1000
2173208
1002
}
1002
{
1070
     2
1000
-2000260
1002
}
  0
LINE
  5
7FA
330
805
100
AcDbEntity
  8
A-ANNO-DIMS-100
100
AcDbLine
 10
15268.17783424229
 20
34140.0
 30
0.0
 11
15368.17783424229
 21
34140.0
 31
0.0
1001
REVIT
1002
{
1070
     1
1000
2159975
1002
}
1002
{
1070
     5
1000
2173208
1002
}
1002
{
1070
     2
1000
-2000260
1002
}
  0
LINE
  5
7FB
330
805
100
AcDbEntity
  8
A-ANNO-DIMS-100
100
AcDbLine
 10
15268.17783424229
 20
34140.0
 30
0.0
 11
14968.17783424229
 21
34140.0
 31
0.0
1001
REVIT
1002
{
1070
     1
1000
2159975
1002
}
1002
{
1070
     5
1000
2173208
1002
}
1002
{
1070
     2
1000
-2000260
1002
}
  0
LINE
  5
7FC
330
805
100
AcDbEntity
  8
A-ANNO-DIMS-100
100
AcDbLine
 10
15268.17783424229
 20
32340.00000000001
 30
0.0
 11
15343.17783424229
 21
32265.00000000001
 31
0.0
1001
REVIT
1002
{
1070
     1
1000
2159975
1002
}
1002
{
1070
     5
1000
2173208
1002
}
1002
{
1070
     2
1000
-2000260
1002
}
  0
LINE
  5
7FD
330
805
100
AcDbEntity
  8
A-ANNO-DIMS-100
100
AcDbLine
 10
15268.17783424229
 20
32340.00000000001
 30
0.0
 11
15193.17783424229
 21
32415.00000000001
 31
0.0
1001
REVIT
1002
{
1070
     1
1000
2159975
1002
}
1002
{
1070
     5
1000
2173208
1002
}
1002
{
1070
     2
1000
-2000260
1002
}
  0
LINE
  5
7FE
330
805
100
AcDbEntity
  8
A-ANNO-DIMS-100
100
AcDbLine
 10
15268.17783424229
 20
32340.00000000001
 30
0.0
 11
15368.17783424229
 21
32340.00000000001
 31
0.0
1001
REVIT
1002
{
1070
     1
1000
2159975
1002
}
1002
{
1070
     5
1000
2173208
1002
}
1002
{
1070
     2
1000
-2000260
1002
}
  0
LINE
  5
7FF
330
805
100
AcDbEntity
  8
A-ANNO-DIMS-100
100
AcDbLine
 10
15268.17783424229
 20
32340.00000000001
 30
0.0
 11
14968.17783424229
 21
32340.00000000001
 31
0.0
1001
REVIT
1002
{
1070
     1
1000
2159975
1002
}
1002
{
1070
     5
1000
2173208
1002
}
1002
{
1070
     2
1000
-2000260
1002
}
  0
MTEXT
  5
800
330
805
100
AcDbEntity
  8
A-ANNO-DIMS-100
 62
     0
100
AcDbMText
 10
15349.78736024321
 20
33056.15993873678
 30
0.0
 40
150.0
 41
441.2161470317533
 46
0.0
 71
     1
 72
     1
  1
SILL
  7
Calibri
 11
0.0
 21
1.0
 31
0.0
 73
     2
 44
1.158047630004602
 90
        3
 63
     9
421
 13158600
 45
1.25
441
        0
1001
REVIT
1002
{
1070
     1
1000
2159975
1002
}
1002
{
1070
     5
1000
2173208
1002
}
1002
{
1070
     2
1000
-2000260
1002
}
  0
MTEXT
  5
801
330
805
100
AcDbEntity
  8
A-ANNO-DIMS-100
 62
     0
100
AcDbMText
 10
15060.27545274206
 20
32996.80999769904
 30
0.0
 40
150.0
 41
583.6560055223194
 46
0.0
 71
     1
 72
     1
  1
1800
  7
Calibri
 11
0.0
 21
1.0
 31
0.0
 73
     2
 44
1.158047630004602
 90
        3
 63
     9
421
 13158600
 45
1.25
441
        0
1001
REVIT
1002
{
1070
     1
1000
2159975
1002
}
1002
{
1070
     5
1000
2173208
1002
}
1002
{
1070
     2
1000
-2000260
1002
}
  0
ENDBLK
  5
803
330
805
100
AcDbEntity
  8
0
100
AcDbBlockEnd
  0
BLOCK
  5
838
330
83B
100
AcDbEntity
  8
0
100
AcDbBlockBegin
  2
DIMBLOCK9-rhs
 70
     0
 10
0.0
 20
0.0
 30
0.0
  3
DIMBLOCK9-rhs
  1

  0
LINE
  5
82E
330
83B
100
AcDbEntity
  8
A-ANNO-DIMS-100
100
AcDbLine
 10
28911.1362098944
 20
31790.00000000001
 30
0.0
 11
28911.1362098944
 21
32690.0
 31
0.0
1001
REVIT
1002
{
1070
     1
1000
2560796
1002
}
1002
{
1070
     5
1000
2173208
1002
}
1002
{
1070
     2
1000
-2000260
1002
}
  0
LINE
  5
82F
330
83B
100
AcDbEntity
  8
A-ANNO-DIMS-100
100
AcDbLine
 10
28911.1362098944
 20
32590.00000000001
 30
0.0
 11
28986.1362098944
 21
32515.00000000001
 31
0.0
1001
REVIT
1002
{
1070
     1
1000
2560796
1002
}
1002
{
1070
     5
1000
2173208
1002
}
1002
{
1070
     2
1000
-2000260
1002
}
  0
LINE
  5
830
330
83B
100
AcDbEntity
  8
A-ANNO-DIMS-100
100
AcDbLine
 10
28911.1362098944
 20
32590.00000000001
 30
0.0
 11
28836.1362098944
 21
32665.00000000001
 31
0.0
1001
REVIT
1002
{
1070
     1
1000
2560796
1002
}
1002
{
1070
     5
1000
2173208
1002
}
1002
{
1070
     2
1000
-2000260
1002
}
  0
LINE
  5
831
330
83B
100
AcDbEntity
  8
A-ANNO-DIMS-100
100
AcDbLine
 10
28911.1362098944
 20
32590.00000000001
 30
0.0
 11
29011.1362098944
 21
32590.00000000001
 31
0.0
1001
REVIT
1002
{
1070
     1
1000
2560796
1002
}
1002
{
1070
     5
1000
2173208
1002
}
1002
{
1070
     2
1000
-2000260
1002
}
  0
LINE
  5
832
330
83B
100
AcDbEntity
  8
A-ANNO-DIMS-100
100
AcDbLine
 10
28911.1362098944
 20
32590.00000000001
 30
0.0
 11
28611.1362098944
 21
32590.00000000001
 31
0.0
1001
REVIT
1002
{
1070
     1
1000
2560796
1002
}
1002
{
1070
     5
1000
2173208
1002
}
1002
{
1070
     2
1000
-2000260
1002
}
  0
LINE
  5
833
330
83B
100
AcDbEntity
  8
A-ANNO-DIMS-100
100
AcDbLine
 10
28911.1362098944
 20
31890.0
 30
0.0
 11
28986.1362098944
 21
31815.0
 31
0.0
1001
REVIT
1002
{
1070
     1
1000
2560796
1002
}
1002
{
1070
     5
1000
2173208
1002
}
1002
{
1070
     2
1000
-2000260
1002
}
  0
LINE
  5
834
330
83B
100
AcDbEntity
  8
A-ANNO-DIMS-100
100
AcDbLine
 10
28911.1362098944
 20
31890.0
 30
0.0
 11
28836.1362098944
 21
31965.0
 31
0.0
1001
REVIT
1002
{
1070
     1
1000
2560796
1002
}
1002
{
1070
     5
1000
2173208
1002
}
1002
{
1070
     2
1000
-2000260
1002
}
  0
LINE
  5
835
330
83B
100
AcDbEntity
  8
A-ANNO-DIMS-100
100
AcDbLine
 10
28911.1362098944
 20
31890.0
 30
0.0
 11
29011.1362098944
 21
31890.0
 31
0.0
1001
REVIT
1002
{
1070
     1
1000
2560796
1002
}
1002
{
1070
     5
1000
2173208
1002
}
1002
{
1070
     2
1000
-2000260
1002
}
  0
LINE
  5
836
330
83B
100
AcDbEntity
  8
A-ANNO-DIMS-100
100
AcDbLine
 10
28911.1362098944
 20
31890.0
 30
0.0
 11
28611.1362098944
 21
31890.0
 31
0.0
1001
REVIT
1002
{
1070
     1
1000
2560796
1002
}
1002
{
1070
     5
1000
2173208
1002
}
1002
{
1070
     2
1000
-2000260
1002
}
  0
MTEXT
  5
837
330
83B
100
AcDbEntity
  8
A-ANNO-DIMS-100
 62
     0
100
AcDbMText
 10
28703.23382839417
 20
32057.60749827427
 30
0.0
 40
150.0
 41
437.7420041417395
 46
0.0
 71
     1
 72
     1
  1
700
  7
Calibri
 11
0.0
 21
1.0
 31
0.0
 73
     2
 44
1.158047630004602
 90
        3
 63
     9
421
 13158600
 45
1.25
441
        0
1001
REVIT
1002
{
1070
     1
1000
2560796
1002
}
1002
{
1070
     5
1000
2173208
1002
}
1002
{
1070
     2
1000
-2000260
1002
}
  0
ENDBLK
  5
839
330
83B
100
AcDbEntity
  8
0
100
AcDbBlockEnd
  0
BLOCK
  5
852
330
855
100
AcDbEntity
  8
0
100
AcDbBlockBegin
  2
DIMBLOCK10-rhs
 70
     0
 10
0.0
 20
0.0
 30
0.0
  3
DIMBLOCK10-rhs
  1

  0
LINE
  5
848
330
855
100
AcDbEntity
  8
A-ANNO-DIMS-100
100
AcDbLine
 10
8111.198008288275
 20
34990.00000000001
 30
0.0
 11
8111.198008288275
 21
35640.0
 31
0.0
1001
REVIT
1002
{
1070
     1
1000
2560809
1002
}
1002
{
1070
     5
1000
2173208
1002
}
1002
{
1070
     2
1000
-2000260
1002
}
  0
LINE
  5
849
330
855
100
AcDbEntity
  8
A-ANNO-DIMS-100
100
AcDbLine
 10
8111.198008288275
 20
35540.0
 30
0.0
 11
8186.198008288276
 21
35465.0
 31
0.0
1001
REVIT
1002
{
1070
     1
1000
2560809
1002
}
1002
{
1070
     5
1000
2173208
1002
}
1002
{
1070
     2
1000
-2000260
1002
}
  0
LINE
  5
84A
330
855
100
AcDbEntity
  8
A-ANNO-DIMS-100
100
AcDbLine
 10
8111.198008288275
 20
35540.0
 30
0.0
 11
8036.198008288275
 21
35615.0
 31
0.0
1001
REVIT
1002
{
1070
     1
1000
2560809
1002
}
1002
{
1070
     5
1000
2173208
1002
}
1002
{
1070
     2
1000
-2000260
1002
}
  0
LINE
  5
84B
330
855
100
AcDbEntity
  8
A-ANNO-DIMS-100
100
AcDbLine
 10
8111.198008288275
 20
35540.0
 30
0.0
 11
8211.198008288275
 21
35540.0
 31
0.0
1001
REVIT
1002
{
1070
     1
1000
2560809
1002
}
1002
{
1070
     5
1000
2173208
1002
}
1002
{
1070
     2
1000
-2000260
1002
}
  0
LINE
  5
84C
330
855
100
AcDbEntity
  8
A-ANNO-DIMS-100
100
AcDbLine
 10
8111.198008288275
 20
35540.0
 30
0.0
 11
7811.198008288275
 21
35540.0
 31
0.0
1001
REVIT
1002
{
1070
     1
1000
2560809
1002
}
1002
{
1070
     5
1000
2173208
1002
}
1002
{
1070
     2
1000
-2000260
1002
}
  0
LINE
  5
84D
330
855
100
AcDbEntity
  8
A-ANNO-DIMS-100
100
AcDbLine
 10
8111.198008288275
 20
35090.00000000001
 30
0.0
 11
8186.198008288276
 21
35015.00000000001
 31
0.0
1001
REVIT
1002
{
1070
     1
1000
2560809
1002
}
1002
{
1070
     5
1000
2173208
1002
}
1002
{
1070
     2
1000
-2000260
1002
}
  0
LINE
  5
84E
330
855
100
AcDbEntity
  8
A-ANNO-DIMS-100
100
AcDbLine
 10
8111.198008288275
 20
35090.00000000001
 30
0.0
 11
8036.198008288275
 21
35165.00000000001
 31
0.0
1001
REVIT
1002
{
1070
     1
1000
2560809
1002
}
1002
{
1070
     5
1000
2173208
1002
}
1002
{
1070
     2
1000
-2000260
1002
}
  0
LINE
  5
84F
330
855
100
AcDbEntity
  8
A-ANNO-DIMS-100
100
AcDbLine
 10
8111.198008288275
 20
35090.0
 30
0.0
 11
8211.198008288275
 21
35090.0
 31
0.0
1001
REVIT
1002
{
1070
     1
1000
2560809
1002
}
1002
{
1070
     5
1000
2173208
1002
}
1002
{
1070
     2
1000
-2000260
1002
}
  0
LINE
  5
850
330
855
100
AcDbEntity
  8
A-ANNO-DIMS-100
100
AcDbLine
 10
8111.198008288275
 20
35090.0
 30
0.0
 11
7811.198008288275
 21
35090.0
 31
0.0
1001
REVIT
1002
{
1070
     1
1000
2560809
1002
}
1002
{
1070
     5
1000
2173208
1002
}
1002
{
1070
     2
1000
-2000260
1002
}
  0
MTEXT
  5
851
330
855
100
AcDbEntity
  8
A-ANNO-DIMS-100
 62
     0
100
AcDbMText
 10
7903.295626788045
 20
35132.60749827428
 30
0.0
 40
150.0
 41
437.7420041417395
 46
0.0
 71
     1
 72
     1
  1
450
  7
Calibri
 11
0.0
 21
1.0
 31
0.0
 73
     2
 44
1.158047630004602
 90
        3
 63
     9
421
 13158600
 45
1.25
441
        0
1001
REVIT
1002
{
1070
     1
1000
2560809
1002
}
1002
{
1070
     5
1000
2173208
1002
}
1002
{
1070
     2
1000
-2000260
1002
}
  0
ENDBLK
  5
853
330
855
100
AcDbEntity
  8
0
100
AcDbBlockEnd
  0
BLOCK
  5
86C
330
86F
100
AcDbEntity
  8
0
100
AcDbBlockBegin
  2
DIMBLOCK11-rhs
 70
     0
 10
0.0
 20
0.0
 30
0.0
  3
DIMBLOCK11-rhs
  1

  0
LINE
  5
862
330
86F
100
AcDbEntity
  8
A-ANNO-DIMS-100
100
AcDbLine
 10
11050.27751900742
 20
34990.00000000001
 30
0.0
 11
11050.27751900742
 21
35990.00000000001
 31
0.0
1001
REVIT
1002
{
1070
     1
1000
2560816
1002
}
1002
{
1070
     5
1000
2173208
1002
}
1002
{
1070
     2
1000
-2000260
1002
}
  0
LINE
  5
863
330
86F
100
AcDbEntity
  8
A-ANNO-DIMS-100
100
AcDbLine
 10
11050.27751900742
 20
35890.00000000001
 30
0.0
 11
11125.27751900742
 21
35815.00000000001
 31
0.0
1001
REVIT
1002
{
1070
     1
1000
2560816
1002
}
1002
{
1070
     5
1000
2173208
1002
}
1002
{
1070
     2
1000
-2000260
1002
}
  0
LINE
  5
864
330
86F
100
AcDbEntity
  8
A-ANNO-DIMS-100
100
AcDbLine
 10
11050.27751900742
 20
35890.00000000001
 30
0.0
 11
10975.27751900741
 21
35965.00000000001
 31
0.0
1001
REVIT
1002
{
1070
     1
1000
2560816
1002
}
1002
{
1070
     5
1000
2173208
1002
}
1002
{
1070
     2
1000
-2000260
1002
}
  0
LINE
  5
865
330
86F
100
AcDbEntity
  8
A-ANNO-DIMS-100
100
AcDbLine
 10
11050.27751900741
 20
35890.0
 30
0.0
 11
11150.27751900741
 21
35890.0
 31
0.0
1001
REVIT
1002
{
1070
     1
1000
2560816
1002
}
1002
{
1070
     5
1000
2173208
1002
}
1002
{
1070
     2
1000
-2000260
1002
}
  0
LINE
  5
866
330
86F
100
AcDbEntity
  8
A-ANNO-DIMS-100
100
AcDbLine
 10
11050.27751900741
 20
35890.0
 30
0.0
 11
10750.27751900741
 21
35890.0
 31
0.0
1001
REVIT
1002
{
1070
     1
1000
2560816
1002
}
1002
{
1070
     5
1000
2173208
1002
}
1002
{
1070
     2
1000
-2000260
1002
}
  0
LINE
  5
867
330
86F
100
AcDbEntity
  8
A-ANNO-DIMS-100
100
AcDbLine
 10
11050.27751900742
 20
35090.00000000001
 30
0.0
 11
11125.27751900742
 21
35015.00000000001
 31
0.0
1001
REVIT
1002
{
1070
     1
1000
2560816
1002
}
1002
{
1070
     5
1000
2173208
1002
}
1002
{
1070
     2
1000
-2000260
1002
}
  0
LINE
  5
868
330
86F
100
AcDbEntity
  8
A-ANNO-DIMS-100
100
AcDbLine
 10
11050.27751900742
 20
35090.00000000001
 30
0.0
 11
10975.27751900741
 21
35165.00000000001
 31
0.0
1001
REVIT
1002
{
1070
     1
1000
2560816
1002
}
1002
{
1070
     5
1000
2173208
1002
}
1002
{
1070
     2
1000
-2000260
1002
}
  0
LINE
  5
869
330
86F
100
AcDbEntity
  8
A-ANNO-DIMS-100
100
AcDbLine
 10
11050.27751900741
 20
35090.0
 30
0.0
 11
11150.27751900741
 21
35090.0
 31
0.0
1001
REVIT
1002
{
1070
     1
1000
2560816
1002
}
1002
{
1070
     5
1000
2173208
1002
}
1002
{
1070
     2
1000
-2000260
1002
}
  0
LINE
  5
86A
330
86F
100
AcDbEntity
  8
A-ANNO-DIMS-100
100
AcDbLine
 10
11050.27751900741
 20
35090.0
 30
0.0
 11
10750.27751900741
 21
35090.0
 31
0.0
1001
REVIT
1002
{
1070
     1
1000
2560816
1002
}
1002
{
1070
     5
1000
2173208
1002
}
1002
{
1070
     2
1000
-2000260
1002
}
  0
MTEXT
  5
86B
330
86F
100
AcDbEntity
  8
A-ANNO-DIMS-100
 62
     0
100
AcDbMText
 10
10842.37513750718
 20
35307.60749827427
 30
0.0
 40
150.0
 41
437.7420041417395
 46
0.0
 71
     1
 72
     1
  1
800
  7
Calibri
 11
0.0
 21
1.0
 31
0.0
 73
     2
 44
1.158047630004602
 90
        3
 63
     9
421
 13158600
 45
1.25
441
        0
1001
REVIT
1002
{
1070
     1
1000
2560816
1002
}
1002
{
1070
     5
1000
2173208
1002
}
1002
{
1070
     2
1000
-2000260
1002
}
  0
ENDBLK
  5
86D
330
86F
100
AcDbEntity
  8
0
100
AcDbBlockEnd
  0
ENDSEC
  0
SECTION
  2
ENTITIES
  0
HATCH
  5
F3
330
70
100
AcDbEntity
  8
A-DETL-GENF
 62
    10
100
AcDbHatch
 10
0.0
 20
0.0
 30
0.0
210
0.0
220
0.0
230
1.0
  2
SOLID
 70
     1
 71
     0
 91
        3
 92
        1
 93
        5
 72
     1
 10
12599.46338388485
 20
30740.00000000003
 11
14009.46338388485
 21
30740.00000000003
 72
     1
 10
14009.46338388485
 20
30740.00000000003
 11
14009.46338388485
 21
31240.00000000003
 72
     1
 10
14009.46338388485
 20
31240.00000000003
 11
12599.46338388485
 21
31240.00000000003
 72
     1
 10
12599.46338388485
 20
31240.00000000003
 11
12599.46338388485
 21
30796.91661513143
 72
     1
 10
12599.46338388485
 20
30796.91661513143
 11
12599.46338388485
 21
30740.00000000003
 97
        0
 92
        1
 93
        6
 72
     1
 10
15431.99991168336
 20
34190.00000000004
 11
15764.46338384972
 21
34190.00000000004
 72
     1
 10
15764.46338384972
 20
34190.00000000004
 11
15764.46338384972
 21
34690.00000000005
 72
     1
 10
15764.46338384972
 20
34690.00000000005
 11
14054.46338384972
 21
34690.00000000005
 72
     1
 10
14054.46338384972
 20
34690.00000000005
 11
14054.46338384972
 21
34190.00000000004
 72
     1
 10
14054.46338384972
 20
34190.00000000004
 11
15324.87875163882
 21
34190.00000000004
 72
     1
 10
15324.87875163882
 20
34190.00000000004
 11
15431.99991168336
 21
34190.00000000004
 97
        0
 92
        1
 93
        6
 72
     1
 10
19074.11935319784
 20
34190.00000000006
 11
19459.46338386729
 21
34190.00000000006
 72
     1
 10
19459.46338386729
 20
34190.00000000006
 11
19459.46338386729
 21
34690.00000000005
 72
     1
 10
19459.46338386729
 20
34690.00000000005
 11
17989.46338386728
 21
34690.00000000005
 72
     1
 10
17989.46338386728
 20
34690.00000000005
 11
17989.46338386728
 21
34190.00000000006
 72
     1
 10
17989.46338386728
 20
34190.00000000006
 11
18217.15007284149
 21
34190.00000000006
 72
     1
 10
18217.15007284149
 20
34190.00000000006
 11
19074.11935319784
 21
34190.00000000006
 97
        0
 75
     0
 76
     1
 98
        1
 10
0.0
 20
0.0
1001
REVIT
1002
{
1070
     1
1000
2439195
1002
}
1002
{
1070
     5
1000
1978213
1002
}
1002
{
1070
     2
1000
-2002000
1002
}
  0
LINE
  5
F5
330
70
100
AcDbEntity
  8
A-DETL-MEDM
100
AcDbLine
 10
28299.46338208712
 20
32590.00000000001
 30
0.0
 11
28299.46338208712
 21
35263.88486280219
 31
0.0
1001
REVIT
1002
{
1070
     1
1000
1421155
1002
}
1002
{
1070
     5
1000
1220569
1002
}
1002
{
1070
     2
1000
-2000051
1002
}
1002
{
1070
     3
1000
-2000043
1002
}
  0
LINE
  5
F6
330
70
100
AcDbEntity
  8
A-DETL-MEDM
100
AcDbLine
 10
16229.46338425158
 20
36319.87303137069
 30
0.0
 11
16229.46338425158
 21
35890.0
 31
0.0
1001
REVIT
1002
{
1070
     1
1000
1421155
1002
}
1002
{
1070
     5
1000
1220569
1002
}
1002
{
1070
     2
1000
-2000051
1002
}
1002
{
1070
     3
1000
-2000043
1002
}
  0
LINE
  5
F7
330
70
100
AcDbEntity
  8
A-DETL-MEDM
100
AcDbLine
 10
17939.46338386728
 20
34140.0
 30
0.0
 11
17939.46338386728
 21
34740.00000000001
 31
0.0
1001
REVIT
1002
{
1070
     1
1000
1421155
1002
}
1002
{
1070
     5
1000
1220569
1002
}
1002
{
1070
     2
1000
-2000051
1002
}
1002
{
1070
     3
1000
-2000043
1002
}
  0
LINE
  5
F8
330
70
100
AcDbEntity
  8
A-DETL-MEDM
100
AcDbLine
 10
17939.46338386728
 20
34740.00000000001
 30
0.0
 11
19509.46338386728
 21
34740.00000000001
 31
0.0
1001
REVIT
1002
{
1070
     1
1000
1421155
1002
}
1002
{
1070
     5
1000
1220569
1002
}
1002
{
1070
     2
1000
-2000051
1002
}
1002
{
1070
     3
1000
-2000043
1002
}
  0
LINE
  5
F9
330
70
100
AcDbEntity
  8
A-DETL-MEDM
100
AcDbLine
 10
19509.46338386728
 20
34740.00000000002
 30
0.0
 11
19509.46338386728
 21
34140.0
 31
0.0
1001
REVIT
1002
{
1070
     1
1000
1421155
1002
}
1002
{
1070
     5
1000
1220569
1002
}
1002
{
1070
     2
1000
-2000051
1002
}
1002
{
1070
     3
1000
-2000043
1002
}
  0
LINE
  5
FA
330
70
100
AcDbEntity
  8
A-DETL-MEDM
100
AcDbLine
 10
19509.46338386728
 20
34140.0
 30
0.0
 11
17939.46338386728
 21
34140.0
 31
0.0
1001
REVIT
1002
{
1070
     1
1000
1421155
1002
}
1002
{
1070
     5
1000
1220569
1002
}
1002
{
1070
     2
1000
-2000051
1002
}
1002
{
1070
     3
1000
-2000043
1002
}
  0
LINE
  5
FB
330
70
100
AcDbEntity
  8
A-DETL-MEDM
100
AcDbLine
 10
20284.74129659306
 20
35521.73539725207
 30
0.0
 11
20403.78331253374
 21
35521.73539725207
 31
0.0
1001
REVIT
1002
{
1070
     1
1000
1421155
1002
}
1002
{
1070
     5
1000
1220569
1002
}
1002
{
1070
     2
1000
-2000051
1002
}
1002
{
1070
     3
1000
-2000043
1002
}
  0
LINE
  5
FC
330
70
100
AcDbEntity
  8
A-DETL-MEDM
100
AcDbLine
 10
20403.78331253374
 20
35521.73539725207
 30
0.0
 11
20403.78331253374
 21
35458.03747644171
 31
0.0
1001
REVIT
1002
{
1070
     1
1000
1421155
1002
}
1002
{
1070
     5
1000
1220569
1002
}
1002
{
1070
     2
1000
-2000051
1002
}
1002
{
1070
     3
1000
-2000043
1002
}
  0
LINE
  5
FD
330
70
100
AcDbEntity
  8
A-DETL-MEDM
100
AcDbLine
 10
20403.78331253374
 20
35458.03747644171
 30
0.0
 11
20284.74129659306
 21
35458.03747644171
 31
0.0
1001
REVIT
1002
{
1070
     1
1000
1421155
1002
}
1002
{
1070
     5
1000
1220569
1002
}
1002
{
1070
     2
1000
-2000051
1002
}
1002
{
1070
     3
1000
-2000043
1002
}
  0
LINE
  5
FE
330
70
100
AcDbEntity
  8
A-DETL-MEDM
100
AcDbLine
 10
20284.74129659306
 20
35458.03747644171
 30
0.0
 11
20284.74129659306
 21
35521.73539725207
 31
0.0
1001
REVIT
1002
{
1070
     1
1000
1421155
1002
}
1002
{
1070
     5
1000
1220569
1002
}
1002
{
1070
     2
1000
-2000051
1002
}
1002
{
1070
     3
1000
-2000043
1002
}
  0
LINE
  5
FF
330
70
100
AcDbEntity
  8
A-DETL-MEDM
100
AcDbLine
 10
18029.39653211567
 20
35518.2264046709
 30
0.0
 11
18149.41368744338
 21
35518.2264046709
 31
0.0
1001
REVIT
1002
{
1070
     1
1000
1421155
1002
}
1002
{
1070
     5
1000
1220569
1002
}
1002
{
1070
     2
1000
-2000051
1002
}
1002
{
1070
     3
1000
-2000043
1002
}
  0
LINE
  5
100
330
70
100
AcDbEntity
  8
A-DETL-MEDM
100
AcDbLine
 10
18149.41368744338
 20
35518.2264046709
 30
0.0
 11
18149.41368744338
 21
35460.58658665166
 31
0.0
1001
REVIT
1002
{
1070
     1
1000
1421155
1002
}
1002
{
1070
     5
1000
1220569
1002
}
1002
{
1070
     2
1000
-2000051
1002
}
1002
{
1070
     3
1000
-2000043
1002
}
  0
LINE
  5
101
330
70
100
AcDbEntity
  8
A-DETL-MEDM
100
AcDbLine
 10
18149.41368744338
 20
35460.58658665166
 30
0.0
 11
18029.39653211567
 21
35460.58658665166
 31
0.0
1001
REVIT
1002
{
1070
     1
1000
1421155
1002
}
1002
{
1070
     5
1000
1220569
1002
}
1002
{
1070
     2
1000
-2000051
1002
}
1002
{
1070
     3
1000
-2000043
1002
}
  0
LINE
  5
102
330
70
100
AcDbEntity
  8
A-DETL-MEDM
100
AcDbLine
 10
18029.39653211567
 20
35460.58658665166
 30
0.0
 11
18029.39653211567
 21
35518.2264046709
 31
0.0
1001
REVIT
1002
{
1070
     1
1000
1421155
1002
}
1002
{
1070
     5
1000
1220569
1002
}
1002
{
1070
     2
1000
-2000051
1002
}
1002
{
1070
     3
1000
-2000043
1002
}
  0
LINE
  5
103
330
70
100
AcDbEntity
  8
A-DETL-MEDM
100
AcDbLine
 10
16319.46338384972
 20
35090.0
 30
0.0
 11
16319.46338384972
 21
28590.0
 31
0.0
1001
REVIT
1002
{
1070
     1
1000
1421198
1002
}
1002
{
1070
     5
1000
1220569
1002
}
1002
{
1070
     2
1000
-2000051
1002
}
1002
{
1070
     3
1000
-2000043
1002
}
  0
LINE
  5
104
330
70
100
AcDbEntity
  8
A-DETL-MEDM
100
AcDbLine
 10
9589.463382853564
 20
35090.0
 30
0.0
 11
9589.463382853564
 21
32168.00000000001
 31
0.0
1001
REVIT
1002
{
1070
     1
1000
1421273
1002
}
1002
{
1070
     5
1000
1220569
1002
}
1002
{
1070
     2
1000
-2000051
1002
}
1002
{
1070
     3
1000
-2000043
1002
}
  0
LINE
  5
105
330
70
100
AcDbEntity
  8
A-DETL-MEDM
100
AcDbLine
 10
15814.46338384972
 20
34740.0
 30
0.0
 11
15814.46338384972
 21
34140.0
 31
0.0
1001
REVIT
1002
{
1070
     1
1000
1421273
1002
}
1002
{
1070
     5
1000
1220569
1002
}
1002
{
1070
     2
1000
-2000051
1002
}
1002
{
1070
     3
1000
-2000043
1002
}
  0
LINE
  5
106
330
70
100
AcDbEntity
  8
A-DETL-MEDM
100
AcDbLine
 10
15814.46338384972
 20
34140.0
 30
0.0
 11
14004.46338384972
 21
34140.0
 31
0.0
1001
REVIT
1002
{
1070
     1
1000
1421273
1002
}
1002
{
1070
     5
1000
1220569
1002
}
1002
{
1070
     2
1000
-2000051
1002
}
1002
{
1070
     3
1000
-2000043
1002
}
  0
LINE
  5
107
330
70
100
AcDbEntity
  8
A-DETL-MEDM
100
AcDbLine
 10
14004.46338384972
 20
34140.0
 30
0.0
 11
14004.46338384972
 21
34740.0
 31
0.0
1001
REVIT
1002
{
1070
     1
1000
1421273
1002
}
1002
{
1070
     5
1000
1220569
1002
}
1002
{
1070
     2
1000
-2000051
1002
}
1002
{
1070
     3
1000
-2000043
1002
}
  0
LINE
  5
108
330
70
100
AcDbEntity
  8
A-DETL-MEDM
100
AcDbLine
 10
14004.46338384972
 20
34740.0
 30
0.0
 11
15814.46338384972
 21
34740.0
 31
0.0
1001
REVIT
1002
{
1070
     1
1000
1421273
1002
}
1002
{
1070
     5
1000
1220569
1002
}
1002
{
1070
     2
1000
-2000051
1002
}
1002
{
1070
     3
1000
-2000043
1002
}
  0
LINE
  5
109
330
70
100
AcDbEntity
  8
A-DETL-MEDM
100
AcDbLine
 10
14059.46338388485
 20
31290.0
 30
0.0
 11
14059.46338388485
 21
30690.0
 31
0.0
1001
REVIT
1002
{
1070
     1
1000
1421273
1002
}
1002
{
1070
     5
1000
1220569
1002
}
1002
{
1070
     2
1000
-2000051
1002
}
1002
{
1070
     3
1000
-2000043
1002
}
  0
LINE
  5
10A
330
70
100
AcDbEntity
  8
A-DETL-MEDM
100
AcDbLine
 10
14059.46338388485
 20
30690.0
 30
0.0
 11
12549.46338388485
 21
30690.0
 31
0.0
1001
REVIT
1002
{
1070
     1
1000
1421273
1002
}
1002
{
1070
     5
1000
1220569
1002
}
1002
{
1070
     2
1000
-2000051
1002
}
1002
{
1070
     3
1000
-2000043
1002
}
  0
LINE
  5
10B
330
70
100
AcDbEntity
  8
A-DETL-MEDM
100
AcDbLine
 10
12549.46338388485
 20
30690.0
 30
0.0
 11
12549.46338388485
 21
31290.0
 31
0.0
1001
REVIT
1002
{
1070
     1
1000
1421273
1002
}
1002
{
1070
     5
1000
1220569
1002
}
1002
{
1070
     2
1000
-2000051
1002
}
1002
{
1070
     3
1000
-2000043
1002
}
  0
LINE
  5
10C
330
70
100
AcDbEntity
  8
A-DETL-MEDM
100
AcDbLine
 10
12549.46338388485
 20
31290.0
 30
0.0
 11
14059.46338388485
 21
31290.0
 31
0.0
1001
REVIT
1002
{
1070
     1
1000
1421273
1002
}
1002
{
1070
     5
1000
1220569
1002
}
1002
{
1070
     2
1000
-2000051
1002
}
1002
{
1070
     3
1000
-2000043
1002
}
  0
LINE
  5
10D
330
70
100
AcDbEntity
  8
A-DETL-MEDM
100
AcDbLine
 10
14519.46338384973
 20
31050.0
 30
0.0
 11
15849.46338384972
 21
31050.0
 31
0.0
1001
REVIT
1002
{
1070
     1
1000
1421273
1002
}
1002
{
1070
     5
1000
1220569
1002
}
1002
{
1070
     2
1000
-2000051
1002
}
1002
{
1070
     3
1000
-2000043
1002
}
  0
LINE
  5
10E
330
70
100
AcDbEntity
  8
A-DETL-MEDM
100
AcDbLine
 10
15849.46338384972
 20
31050.0
 30
0.0
 11
15849.46338384972
 21
28915.0
 31
0.0
1001
REVIT
1002
{
1070
     1
1000
1421273
1002
}
1002
{
1070
     5
1000
1220569
1002
}
1002
{
1070
     2
1000
-2000051
1002
}
1002
{
1070
     3
1000
-2000043
1002
}
  0
LINE
  5
10F
330
70
100
AcDbEntity
  8
A-DETL-MEDM
100
AcDbLine
 10
15849.46338384972
 20
28915.0
 30
0.0
 11
14969.46338384973
 21
28915.0
 31
0.0
1001
REVIT
1002
{
1070
     1
1000
1421273
1002
}
1002
{
1070
     5
1000
1220569
1002
}
1002
{
1070
     2
1000
-2000051
1002
}
1002
{
1070
     3
1000
-2000043
1002
}
  0
LINE
  5
110
330
70
100
AcDbEntity
  8
A-DETL-MEDM
100
AcDbLine
 10
14969.46338384973
 20
28915.0
 30
0.0
 11
14969.46338384973
 21
29850.0
 31
0.0
1001
REVIT
1002
{
1070
     1
1000
1421273
1002
}
1002
{
1070
     5
1000
1220569
1002
}
1002
{
1070
     2
1000
-2000051
1002
}
1002
{
1070
     3
1000
-2000043
1002
}
  0
LINE
  5
111
330
70
100
AcDbEntity
  8
A-DETL-MEDM
100
AcDbLine
 10
14969.46338384973
 20
29850.0
 30
0.0
 11
14519.46338384973
 21
29850.0
 31
0.0
1001
REVIT
1002
{
1070
     1
1000
1421273
1002
}
1002
{
1070
     5
1000
1220569
1002
}
1002
{
1070
     2
1000
-2000051
1002
}
1002
{
1070
     3
1000
-2000043
1002
}
  0
LINE
  5
112
330
70
100
AcDbEntity
  8
A-DETL-MEDM
100
AcDbLine
 10
14519.46338384973
 20
29850.0
 30
0.0
 11
14519.46338384973
 21
31050.0
 31
0.0
1001
REVIT
1002
{
1070
     1
1000
1421273
1002
}
1002
{
1070
     5
1000
1220569
1002
}
1002
{
1070
     2
1000
-2000051
1002
}
1002
{
1070
     3
1000
-2000043
1002
}
  0
LINE
  5
114
330
70
100
AcDbEntity
  8
A-DETL-MEDM
100
AcDbLine
 10
9009.463382853584
 20
35890.0
 30
0.0
 11
7279.463382628403
 21
35890.0
 31
0.0
1001
REVIT
1002
{
1070
     1
1000
1421444
1002
}
1002
{
1070
     5
1000
1220569
1002
}
1002
{
1070
     2
1000
-2000051
1002
}
1002
{
1070
     3
1000
-2000043
1002
}
  0
LINE
  5
115
330
70
100
AcDbEntity
  8
A-DETL-MEDM
100
AcDbLine
 10
7279.463382628403
 20
32040.00000000005
 30
0.0
 11
7279.463382628403
 21
35890.0
 31
0.0
1001
REVIT
1002
{
1070
     1
1000
1422116
1002
}
1002
{
1070
     5
1000
1364090
1002
}
1002
{
1070
     2
1000
-2000051
1002
}
1002
{
1070
     3
1000
-2000043
1002
}
  0
LINE
  5
117
330
70
100
AcDbEntity
  8
A-DETL-MEDM
100
AcDbLine
 10
8339.463382628399
 20
32254.0
 30
0.0
 11
8289.463382628399
 21
32254.0
 31
0.0
1001
REVIT
1002
{
1070
     1
1000
1426538
1002
}
1002
{
1070
     5
1000
1426535
1002
}
1002
{
1070
     2
1000
-2000051
1002
}
1002
{
1070
     3
1000
-2000043
1002
}
  0
LINE
  5
118
330
70
100
AcDbEntity
  8
A-DETL-MEDM
100
AcDbLine
 10
8339.463382628399
 20
35090.0
 30
0.0
 11
8339.463382628399
 21
32254.0
 31
0.0
1001
REVIT
1002
{
1070
     1
1000
1426538
1002
}
1002
{
1070
     5
1000
1426535
1002
}
1002
{
1070
     2
1000
-2000051
1002
}
1002
{
1070
     3
1000
-2000043
1002
}
  0
LINE
  5
119
330
70
100
AcDbEntity
  8
A-DETL-MEDM
100
AcDbLine
 10
8289.463382628399
 20
32254.0
 30
0.0
 11
8289.463382628399
 21
35090.0
 31
0.0
1001
REVIT
1002
{
1070
     1
1000
1426538
1002
}
1002
{
1070
     5
1000
1426535
1002
}
1002
{
1070
     2
1000
-2000051
1002
}
1002
{
1070
     3
1000
-2000043
1002
}
  0
LINE
  5
11A
330
70
100
AcDbEntity
  8
A-DETL-MEDM
100
AcDbLine
 10
8039.463382628398
 20
32254.0
 30
0.0
 11
7989.463382628399
 21
32254.0
 31
0.0
1001
REVIT
1002
{
1070
     1
1000
1426676
1002
}
1002
{
1070
     5
1000
1426535
1002
}
1002
{
1070
     2
1000
-2000051
1002
}
1002
{
1070
     3
1000
-2000043
1002
}
  0
LINE
  5
11B
330
70
100
AcDbEntity
  8
A-DETL-MEDM
100
AcDbLine
 10
8039.463382628398
 20
35090.0
 30
0.0
 11
8039.463382628398
 21
32254.0
 31
0.0
1001
REVIT
1002
{
1070
     1
1000
1426676
1002
}
1002
{
1070
     5
1000
1426535
1002
}
1002
{
1070
     2
1000
-2000051
1002
}
1002
{
1070
     3
1000
-2000043
1002
}
  0
LINE
  5
11C
330
70
100
AcDbEntity
  8
A-DETL-MEDM
100
AcDbLine
 10
7989.463382628399
 20
32254.0
 30
0.0
 11
7989.463382628399
 21
35090.0
 31
0.0
1001
REVIT
1002
{
1070
     1
1000
1426676
1002
}
1002
{
1070
     5
1000
1426535
1002
}
1002
{
1070
     2
1000
-2000051
1002
}
1002
{
1070
     3
1000
-2000043
1002
}
  0
INSERT
  5
120
330
70
100
AcDbEntity
  8
A-DOOR
100
AcDbBlockReference
  2
Panelift Door - 5000-2447540-rhs
 10
0.0
 20
0.0
 30
0.0
1001
REVIT
1002
{
1070
     1
1000
1428507
1002
}
1002
{
1070
     5
1000
1305703
1002
}
1002
{
1070
     2
1000
-2000023
1002
}
1002
{
1070
     3
1000
-2000025
1002
}
  0
LINE
  5
121
330
70
100
AcDbEntity
  8
A-DETL-MEDM
100
AcDbLine
 10
7989.463382628397
 20
32254.0
 30
0.0
 11
8124.555619666598
 21
32254.0
 31
0.0
1001
REVIT
1002
{
1070
     1
1000
1431015
1002
}
1002
{
1070
     5
1000
1227169
1002
}
1002
{
1070
     2
1000
-2000051
1002
}
1002
{
1070
     3
1000
-2000043
1002
}
  0
LINE
  5
122
330
70
100
AcDbEntity
  8
A-DETL-MEDM
100
AcDbLine
 10
8204.463382628397
 20
32254.0
 30
0.0
 11
9589.463382853564
 21
32254.0
 31
0.0
1001
REVIT
1002
{
1070
     1
1000
1431015
1002
}
1002
{
1070
     5
1000
1227169
1002
}
1002
{
1070
     2
1000
-2000051
1002
}
1002
{
1070
     3
1000
-2000043
1002
}
  0
LINE
  5
123
330
70
100
AcDbEntity
  8
A-DETL-MEDM
100
AcDbLine
 10
7989.463382628397
 20
32040.00000000005
 30
0.0
 11
7989.463382628397
 21
32254.0
 31
0.0
1001
REVIT
1002
{
1070
     1
1000
1431015
1002
}
1002
{
1070
     5
1000
1227169
1002
}
1002
{
1070
     2
1000
-2000051
1002
}
1002
{
1070
     3
1000
-2000043
1002
}
  0
HATCH
  5
135
330
70
100
AcDbEntity
  8
A-WALL-PATT
100
AcDbHatch
 10
0.0
 20
0.0
 30
0.0
210
0.0
220
0.0
230
1.0
  2
FP_1
 70
     0
 71
     0
 91
        3
 92
        1
 93
        7
 72
     1
 10
10509.4633845528
 20
35890.00000000005
 11
16101.96338393944
 21
35890.00000000005
 72
     1
 10
16101.96338393944
 20
35890.00000000005
 11
16101.96338393944
 21
36590.00000000005
 72
     1
 10
16101.96338393944
 20
36590.00000000005
 11
16914.14106168526
 21
36590.10109394622
 72
     1
 10
16914.14106168526
 20
36590.10109394622
 11
16914.46338425158
 21
38038.513150207
 72
     1
 10
16914.46338425158
 20
38038.513150207
 11
10509.4633845528
 21
38598.87804006417
 72
     1
 10
10509.4633845528
 20
38598.87804006417
 11
10509.4633845528
 21
37344.93634827041
 72
     1
 10
10509.4633845528
 20
37344.93634827041
 11
10509.4633845528
 21
35890.00000000005
 97
        0
 92
        1
 93
        5
 72
     1
 10
16181.96338393943
 20
35890.00000000005
 11
16229.46338425158
 21
35890.00000000005
 72
     1
 10
16229.46338425158
 20
35890.00000000005
 11
16229.46338425158
 21
36319.87303137073
 72
     1
 10
16229.46338425158
 20
36319.87303137073
 11
16181.96338393943
 21
36324.02874291552
 72
     1
 10
16181.96338393943
 20
36324.02874291552
 11
16181.96338393943
 21
35941.78926259777
 72
     1
 10
16181.96338393943
 20
35941.78926259777
 11
16181.96338393943
 21
35890.00000000005
 97
        0
 92
        1
 93
        4
 72
     1
 10
16914.46338425158
 20
36461.71108420169
 11
16914.46338425158
 21
36510.00000000005
 72
     1
 10
16914.46338425158
 20
36510.00000000005
 11
16362.51855103273
 21
36510.00000000005
 72
     1
 10
16362.51855103273
 20
36510.00000000005
 11
16717.45383221788
 21
36478.94718661096
 72
     1
 10
16717.45383221788
 20
36478.94718661096
 11
16914.46338425158
 21
36461.71108420169
 97
        0
 75
     0
 76
     2
 52
0.0
 41
1.0
 77
     0
 78
     9
 53
0.0
 43
17793.881
 44
1200.0
 45
406.4
 46
101.6
 79
     5
 49
33.528
 49
-271.272
 49
33.528
 49
-271.272
 49
-1625.6
 53
0.0
 43
17793.881
 44
1200.0
 45
406.4
 46
101.6
 79
     6
 49
-609.6
 49
33.528
 49
-576.072
 49
33.528
 49
-271.272
 49
-711.2
 53
0.0
 43
17793.881
 44
1200.0
 45
406.4
 46
101.6
 79
     5
 49
-1524.0
 49
33.528
 49
-169.672
 49
33.528
 49
-474.472
 53
120.0
 43
17946.281
 44
1250.8
 45
-291.1881810244989
 46
301.1527240979959
 79
     5
 49
33.52799999999999
 49
-271.2719999999999
 49
33.52799999999999
 49
-271.2719999999999
 49
-1625.6
 53
120.0
 43
17946.281
 44
1250.8
 45
-291.1881810244989
 46
301.1527240979959
 79
     6
 49
-609.5999999999999
 49
33.52799999999999
 49
-576.0719999999999
 49
33.52799999999999
 49
-271.2719999999999
 49
-711.1999999999999
 53
120.0
 43
17946.281
 44
1250.8
 45
-291.1881810244989
 46
301.1527240979959
 79
     5
 49
-1524.0
 49
33.52799999999999
 49
-169.672
 49
33.52799999999999
 49
-474.4719999999999
 53
240.0
 43
17997.081
 44
1454.0
 45
-115.2118189755009
 46
-402.7527240979958
 79
     5
 49
33.528
 49
-271.272
 49
33.528
 49
-271.272
 49
-1625.6
 53
240.0
 43
17997.081
 44
1454.0
 45
-115.2118189755009
 46
-402.7527240979958
 79
     6
 49
-609.6
 49
33.528
 49
-576.072
 49
33.528
 49
-271.272
 49
-711.2
 53
240.0
 43
17997.081
 44
1454.0
 45
-115.2118189755009
 46
-402.7527240979958
 79
     5
 49
-1524.0
 49
33.528
 49
-169.672
 49
33.528
 49
-474.472
 98
        1
 10
0.0
 20
0.0
1001
REVIT
1002
{
1070
     1
1000
1431445
1002
}
1002
{
1070
     5
1000
1602992
1002
}
1002
{
1070
     4
1000
24
1002
}
1002
{
1070
     2
1000
-2000011
1002
}
1002
{
1070
     3
1000
-2000540
1002
}
  0
LINE
  5
136
330
70
100
AcDbEntity
  8
A-DETL-MEDM
100
AcDbLine
 10
16914.46338425158
 20
37003.99999999997
 30
0.0
 11
16914.46338425158
 21
38038.51315020696
 31
0.0
1001
REVIT
1002
{
1070
     1
1000
1431445
1002
}
1002
{
1070
     5
1000
1602992
1002
}
1002
{
1070
     2
1000
-2000051
1002
}
1002
{
1070
     3
1000
-2000043
1002
}
  0
HATCH
  5
165
330
70
100
AcDbEntity
  8
A-WALL-PATT
100
AcDbHatch
 10
0.0
 20
0.0
 30
0.0
210
0.0
220
0.0
230
1.0
  2
FP_1
 70
     0
 71
     0
 91
        9
 92
        1
 93
        5
 72
     1
 10
18294.46338393387
 20
36669.00000000001
 11
18294.46338393387
 21
36700.66666666667
 72
     1
 10
18294.46338393387
 20
36700.66666666667
 11
18089.46338377184
 21
36700.66666666667
 72
     1
 10
18089.46338377184
 20
36700.66666666667
 11
18089.46338377184
 21
36669.00000000001
 72
     1
 10
18089.46338377184
 20
36669.00000000001
 11
18217.15007284149
 21
36669.00000000001
 72
     1
 10
18217.15007284149
 20
36669.00000000001
 11
18294.46338393387
 21
36669.00000000001
 97
        0
 92
        1
 93
        5
 72
     1
 10
17999.46338377184
 20
36669.00000000001
 11
17999.46338377184
 21
36700.66666666667
 72
     1
 10
17999.46338377184
 20
36700.66666666667
 11
16964.14106168526
 21
36700.66666666667
 72
     1
 10
16964.14106168526
 20
36700.66666666667
 11
16964.14106168526
 21
36669.00000000001
 72
     1
 10
16964.14106168526
 20
36669.00000000001
 11
17788.66543266332
 21
36669.00000000001
 72
     1
 10
17788.66543266332
 20
36669.00000000001
 11
17999.46338377184
 21
36669.00000000001
 97
        0
 92
        1
 93
        4
 72
     1
 10
18089.46338377184
 20
36780.66666666667
 11
18294.46338393387
 21
36780.66666666667
 72
     1
 10
18294.46338393387
 20
36780.66666666667
 11
18294.46338393387
 21
36812.33333333335
 72
     1
 10
18294.46338393387
 20
36812.33333333335
 11
18089.46338377184
 21
36812.33333333335
 72
     1
 10
18089.46338377184
 20
36812.33333333335
 11
18089.46338377184
 21
36780.66666666667
 97
        0
 92
        1
 93
        5
 72
     1
 10
17170.16451069252
 20
36780.66666666667
 11
17999.46338377184
 21
36780.66666666667
 72
     1
 10
17999.46338377184
 20
36780.66666666667
 11
17999.46338377184
 21
36812.33333333335
 72
     1
 10
17999.46338377184
 20
36812.33333333335
 11
16964.14106168526
 21
36812.33333333335
 72
     1
 10
16964.14106168526
 20
36812.33333333335
 11
16964.14106168526
 21
36780.66666666667
 72
     1
 10
16964.14106168526
 20
36780.66666666667
 11
17170.16451069252
 21
36780.66666666667
 97
        0
 92
        1
 93
        4
 72
     1
 10
16964.14106168526
 20
36892.33333333335
 11
17999.46338377184
 21
36892.33333333335
 72
     1
 10
17999.46338377184
 20
36892.33333333335
 11
17999.46338377184
 21
36924.00000000001
 72
     1
 10
17999.46338377184
 20
36924.00000000001
 11
16964.14106168526
 21
36924.00000000001
 72
     1
 10
16964.14106168526
 20
36924.00000000001
 11
16964.14106168526
 21
36892.33333333335
 97
        0
 92
        1
 93
        6
 72
     1
 10
18217.15007284149
 20
36892.33333333335
 11
18294.46338393387
 21
36892.33333333335
 72
     1
 10
18294.46338393387
 20
36892.33333333335
 11
18294.46338393387
 21
36924.00000000001
 72
     1
 10
18294.46338393387
 20
36924.00000000001
 11
18089.46338377184
 21
36924.00000000001
 72
     1
 10
18089.46338377184
 20
36924.00000000001
 11
18089.46338377184
 21
36892.33333333335
 72
     1
 10
18089.46338377184
 20
36892.33333333335
 11
18110.02891279695
 21
36892.33333333335
 72
     1
 10
18110.02891279695
 20
36892.33333333335
 11
18217.15007284149
 21
36892.33333333335
 97
        0
 92
        1
 93
        5
 72
     1
 10
18089.46338377184
 20
37004.00000000001
 11
18294.46338393387
 21
37004.00000000001
 72
     1
 10
18294.46338393387
 20
37004.00000000001
 11
18294.46338393387
 21
37718.6656286792
 72
     1
 10
18294.46338393387
 20
37718.6656286792
 11
18089.46338377184
 21
37700.07428768044
 72
     1
 10
18089.46338377184
 20
37700.07428768044
 11
18089.46338377184
 21
37052.61403875528
 72
     1
 10
18089.46338377184
 20
37052.61403875528
 11
18089.46338377184
 21
37004.00000000001
 97
        0
 92
        1
 93
        5
 72
     1
 10
18089.46338377184
 20
37935.71397060601
 11
18089.46338377184
 21
37781.03603964568
 72
     1
 10
18089.46338377184
 20
37781.03603964568
 11
18294.46338393387
 21
37799.6733765197
 72
     1
 10
18294.46338393387
 20
37799.6733765197
 11
18294.46338393387
 21
37917.77879456902
 72
     1
 10
18294.46338393387
 20
37917.77879456902
 11
18217.15007284149
 21
37924.54283282926
 72
     1
 10
18217.15007284149
 20
37924.54283282926
 11
18089.46338377184
 21
37935.71397060601
 97
        0
 92
        1
 93
        7
 72
     1
 10
17360.18079248514
 20
37004.00000000001
 11
17999.46338377184
 21
37004.00000000001
 72
     1
 10
17999.46338377184
 20
37004.00000000001
 11
17999.46338377184
 21
37935.71397060601
 72
     1
 10
17999.46338377184
 20
37935.71397060601
 11
18089.46338377184
 21
37935.71397060601
 72
     1
 10
18089.46338377184
 20
37935.71397060601
 11
16914.46338425159
 21
38038.513150207
 72
     1
 10
16914.46338425159
 20
38038.513150207
 11
16914.46338425158
 21
37004.00000000001
 72
     1
 10
16914.46338425158
 20
37004.00000000001
 11
16964.14106168526
 21
37004.00000000001
 72
     1
 10
16964.14106168526
 20
37004.00000000001
 11
17360.18079248514
 21
37004.00000000001
 97
        0
 75
     0
 76
     2
 52
0.0
 41
1.0
 77
     0
 78
     9
 53
0.0
 43
17793.881
 44
1200.0
 45
406.4
 46
101.6
 79
     5
 49
33.528
 49
-271.272
 49
33.528
 49
-271.272
 49
-1625.6
 53
0.0
 43
17793.881
 44
1200.0
 45
406.4
 46
101.6
 79
     6
 49
-609.6
 49
33.528
 49
-576.072
 49
33.528
 49
-271.272
 49
-711.2
 53
0.0
 43
17793.881
 44
1200.0
 45
406.4
 46
101.6
 79
     5
 49
-1524.0
 49
33.528
 49
-169.672
 49
33.528
 49
-474.472
 53
120.0
 43
17946.281
 44
1250.8
 45
-291.1881810244989
 46
301.1527240979959
 79
     5
 49
33.52799999999999
 49
-271.2719999999999
 49
33.52799999999999
 49
-271.2719999999999
 49
-1625.6
 53
120.0
 43
17946.281
 44
1250.8
 45
-291.1881810244989
 46
301.1527240979959
 79
     6
 49
-609.5999999999999
 49
33.52799999999999
 49
-576.0719999999999
 49
33.52799999999999
 49
-271.2719999999999
 49
-711.1999999999999
 53
120.0
 43
17946.281
 44
1250.8
 45
-291.1881810244989
 46
301.1527240979959
 79
     5
 49
-1524.0
 49
33.52799999999999
 49
-169.672
 49
33.52799999999999
 49
-474.4719999999999
 53
240.0
 43
17997.081
 44
1454.0
 45
-115.2118189755009
 46
-402.7527240979958
 79
     5
 49
33.528
 49
-271.272
 49
33.528
 49
-271.272
 49
-1625.6
 53
240.0
 43
17997.081
 44
1454.0
 45
-115.2118189755009
 46
-402.7527240979958
 79
     6
 49
-609.6
 49
33.528
 49
-576.072
 49
33.528
 49
-271.272
 49
-711.2
 53
240.0
 43
17997.081
 44
1454.0
 45
-115.2118189755009
 46
-402.7527240979958
 79
     5
 49
-1524.0
 49
33.528
 49
-169.672
 49
33.528
 49
-474.472
 98
        1
 10
0.0
 20
0.0
1001
REVIT
1002
{
1070
     1
1000
1431580
1002
}
1002
{
1070
     5
1000
1602992
1002
}
1002
{
1070
     4
1000
24
1002
}
1002
{
1070
     2
1000
-2000011
1002
}
1002
{
1070
     3
1000
-2000540
1002
}
  0
LINE
  5
166
330
70
100
AcDbEntity
  8
A-DETL-MEDM
100
AcDbLine
 10
18294.46338393386
 20
36668.99999999997
 30
0.0
 11
18294.46338393386
 21
36700.66666666664
 31
0.0
1001
REVIT
1002
{
1070
     1
1000
1431580
1002
}
1002
{
1070
     5
1000
1602992
1002
}
1002
{
1070
     2
1000
-2000051
1002
}
1002
{
1070
     3
1000
-2000043
1002
}
  0
LINE
  5
167
330
70
100
AcDbEntity
  8
A-DETL-MEDM
100
AcDbLine
 10
18294.46338393386
 20
36780.66666666664
 30
0.0
 11
18294.46338393386
 21
36812.3333333333
 31
0.0
1001
REVIT
1002
{
1070
     1
1000
1431580
1002
}
1002
{
1070
     5
1000
1602992
1002
}
1002
{
1070
     2
1000
-2000051
1002
}
1002
{
1070
     3
1000
-2000043
1002
}
  0
LINE
  5
168
330
70
100
AcDbEntity
  8
A-DETL-MEDM
100
AcDbLine
 10
18294.46338393386
 20
36892.3333333333
 30
0.0
 11
18294.46338393386
 21
36923.99999999997
 31
0.0
1001
REVIT
1002
{
1070
     1
1000
1431580
1002
}
1002
{
1070
     5
1000
1602992
1002
}
1002
{
1070
     2
1000
-2000051
1002
}
1002
{
1070
     3
1000
-2000043
1002
}
  0
LINE
  5
169
330
70
100
AcDbEntity
  8
A-DETL-MEDM
100
AcDbLine
 10
18294.46338393386
 20
37003.99999999997
 30
0.0
 11
18294.46338393386
 21
37718.66562867916
 31
0.0
1001
REVIT
1002
{
1070
     1
1000
1431580
1002
}
1002
{
1070
     5
1000
1602992
1002
}
1002
{
1070
     2
1000
-2000051
1002
}
1002
{
1070
     3
1000
-2000043
1002
}
  0
LINE
  5
16A
330
70
100
AcDbEntity
  8
A-DETL-MEDM
100
AcDbLine
 10
18294.46338393386
 20
37798.97121568263
 30
0.0
 11
18294.46338393386
 21
37917.77879456898
 31
0.0
1001
REVIT
1002
{
1070
     1
1000
1431580
1002
}
1002
{
1070
     5
1000
1602992
1002
}
1002
{
1070
     2
1000
-2000051
1002
}
1002
{
1070
     3
1000
-2000043
1002
}
  0
LINE
  5
16B
330
70
100
AcDbEntity
  8
A-DETL-MEDM
100
AcDbLine
 10
18619.46338384972
 20
29815.0
 30
0.0
 11
17049.46338384972
 21
29815.0
 31
0.0
1001
REVIT
1002
{
1070
     1
1000
1432364
1002
}
1002
{
1070
     5
1000
1220569
1002
}
1002
{
1070
     2
1000
-2000051
1002
}
1002
{
1070
     3
1000
-2000043
1002
}
  0
LINE
  5
16C
330
70
100
AcDbEntity
  8
A-DETL-MEDM
100
AcDbLine
 10
17049.46338384972
 20
29815.0
 30
0.0
 11
17049.46338384972
 21
30415.00000000001
 31
0.0
1001
REVIT
1002
{
1070
     1
1000
1432364
1002
}
1002
{
1070
     5
1000
1220569
1002
}
1002
{
1070
     2
1000
-2000051
1002
}
1002
{
1070
     3
1000
-2000043
1002
}
  0
LINE
  5
16D
330
70
100
AcDbEntity
  8
A-DETL-MEDM
100
AcDbLine
 10
17049.46338384972
 20
30415.00000000001
 30
0.0
 11
18619.46338384972
 21
30415.00000000001
 31
0.0
1001
REVIT
1002
{
1070
     1
1000
1432364
1002
}
1002
{
1070
     5
1000
1220569
1002
}
1002
{
1070
     2
1000
-2000051
1002
}
1002
{
1070
     3
1000
-2000043
1002
}
  0
LINE
  5
16E
330
70
100
AcDbEntity
  8
A-DETL-MEDM
100
AcDbLine
 10
18619.46338384972
 20
30415.00000000001
 30
0.0
 11
18619.46338384972
 21
29815.0
 31
0.0
1001
REVIT
1002
{
1070
     1
1000
1432364
1002
}
1002
{
1070
     5
1000
1220569
1002
}
1002
{
1070
     2
1000
-2000051
1002
}
1002
{
1070
     3
1000
-2000043
1002
}
  0
LINE
  5
16F
330
70
100
AcDbEntity
  8
A-DETL-MEDM
100
AcDbLine
 10
28299.46338208711
 20
28590.0
 30
0.0
 11
28299.46338208711
 21
31890.0
 31
0.0
1001
REVIT
1002
{
1070
     1
1000
1432364
1002
}
1002
{
1070
     5
1000
1220569
1002
}
1002
{
1070
     2
1000
-2000051
1002
}
1002
{
1070
     3
1000
-2000043
1002
}
  0
LINE
  5
170
330
70
100
AcDbEntity
  8
A-DETL-MEDM
100
AcDbLine
 10
15369.463382676
 20
28920.0
 30
0.0
 11
15369.463382676
 21
28915.0
 31
0.0
1001
REVIT
1002
{
1070
     1
1000
1433020
1002
}
1002
{
1070
     5
1000
1222731
1002
}
1002
{
1070
     2
1000
-2000051
1002
}
1002
{
1070
     3
1000
-2000043
1002
}
  0
INSERT
  5
17B
330
70
100
AcDbEntity
  8
A-GLAZ-HDLN
100
AcDbBlockReference
  2
FIXED MOULDING ON AND OFF - A0618-2008251-rhs
 10
0.0
 20
0.0
 30
0.0
1001
REVIT
1002
{
1070
     1
1000
1458620
1002
}
1002
{
1070
     5
1000
1450930
1002
}
1002
{
1070
     2
1000
-2000014
1002
}
1002
{
1070
     3
1000
-2009500
1002
}
  0
LINE
  5
17C
330
70
100
AcDbEntity
  8
A-DETL-MEDM
100
AcDbLine
 10
18594.4633839446
 20
37891.53219551027
 30
0.0
 11
8409.463382853568
 21
38782.60423361722
 31
0.0
1001
REVIT
1002
{
1070
     1
1000
1462892
1002
}
1002
{
1070
     5
1000
1378895
1002
}
1002
{
1070
     2
1000
-2000051
1002
}
1002
{
1070
     3
1000
-2000043
1002
}
  0
LINE
  5
17D
330
70
100
AcDbEntity
  8
A-DETL-MEDM
100
AcDbLine
 10
8409.463382853568
 20
38984.37202096343
 30
0.0
 11
18594.4633839446
 21
38093.29998285648
 31
0.0
1001
REVIT
1002
{
1070
     1
1000
1462892
1002
}
1002
{
1070
     5
1000
1378895
1002
}
1002
{
1070
     2
1000
-2000051
1002
}
1002
{
1070
     3
1000
-2000043
1002
}
  0
LINE
  5
17E
330
70
100
AcDbEntity
  8
A-DETL-MEDM
100
AcDbLine
 10
8409.463382853568
 20
38782.60423361722
 30
0.0
 11
8409.463382853568
 21
38984.37202096343
 31
0.0
1001
REVIT
1002
{
1070
     1
1000
1462892
1002
}
1002
{
1070
     5
1000
1378895
1002
}
1002
{
1070
     2
1000
-2000051
1002
}
1002
{
1070
     3
1000
-2000043
1002
}
  0
HATCH
  5
185
330
70
100
AcDbEntity
  8
A-WALL-PATT
100
AcDbHatch
 10
0.0
 20
0.0
 30
0.0
210
0.0
220
0.0
230
1.0
  2
FP_1
 70
     0
 71
     0
 91
        1
 92
        1
 93
        5
 72
     1
 10
7612.155228431702
 20
35090.00000000005
 11
7787.225854429278
 21
35090.00000000005
 72
     1
 10
7787.225854429278
 20
35090.00000000005
 11
7787.225854429278
 21
35540.00000000005
 72
     1
 10
7787.225854429278
 20
35540.00000000005
 11
7602.225854429277
 21
35540.00000000005
 72
     1
 10
7602.225854429277
 20
35540.00000000005
 11
7602.225854429277
 21
35090.00000000005
 72
     1
 10
7602.225854429277
 20
35090.00000000005
 11
7612.155228431702
 21
35090.00000000005
 97
        0
 75
     0
 76
     2
 52
0.0
 41
1.0
 77
     0
 78
     9
 53
0.0
 43
17793.881
 44
1200.0
 45
406.4
 46
101.6
 79
     5
 49
33.528
 49
-271.272
 49
33.528
 49
-271.272
 49
-1625.6
 53
0.0
 43
17793.881
 44
1200.0
 45
406.4
 46
101.6
 79
     6
 49
-609.6
 49
33.528
 49
-576.072
 49
33.528
 49
-271.272
 49
-711.2
 53
0.0
 43
17793.881
 44
1200.0
 45
406.4
 46
101.6
 79
     5
 49
-1524.0
 49
33.528
 49
-169.672
 49
33.528
 49
-474.472
 53
120.0
 43
17946.281
 44
1250.8
 45
-291.1881810244989
 46
301.1527240979959
 79
     5
 49
33.52799999999999
 49
-271.2719999999999
 49
33.52799999999999
 49
-271.2719999999999
 49
-1625.6
 53
120.0
 43
17946.281
 44
1250.8
 45
-291.1881810244989
 46
301.1527240979959
 79
     6
 49
-609.5999999999999
 49
33.52799999999999
 49
-576.0719999999999
 49
33.52799999999999
 49
-271.2719999999999
 49
-711.1999999999999
 53
120.0
 43
17946.281
 44
1250.8
 45
-291.1881810244989
 46
301.1527240979959
 79
     5
 49
-1524.0
 49
33.52799999999999
 49
-169.672
 49
33.52799999999999
 49
-474.4719999999999
 53
240.0
 43
17997.081
 44
1454.0
 45
-115.2118189755009
 46
-402.7527240979958
 79
     5
 49
33.528
 49
-271.272
 49
33.528
 49
-271.272
 49
-1625.6
 53
240.0
 43
17997.081
 44
1454.0
 45
-115.2118189755009
 46
-402.7527240979958
 79
     6
 49
-609.6
 49
33.528
 49
-576.072
 49
33.528
 49
-271.272
 49
-711.2
 53
240.0
 43
17997.081
 44
1454.0
 45
-115.2118189755009
 46
-402.7527240979958
 79
     5
 49
-1524.0
 49
33.528
 49
-169.672
 49
33.528
 49
-474.472
 98
        1
 10
0.0
 20
0.0
1001
REVIT
1002
{
1070
     1
1000
1465609
1002
}
1002
{
1070
     5
1000
1602992
1002
}
1002
{
1070
     2
1000
-2000011
1002
}
1002
{
1070
     3
1000
-2000540
1002
}
  0
LINE
  5
186
330
70
100
AcDbEntity
  8
A-DETL-MEDM
100
AcDbLine
 10
7602.225854429288
 20
35090.0
 30
0.0
 11
7602.225854429288
 21
35540.0
 31
0.0
1001
REVIT
1002
{
1070
     1
1000
1465609
1002
}
1002
{
1070
     5
1000
1602992
1002
}
1002
{
1070
     2
1000
-2000051
1002
}
1002
{
1070
     3
1000
-2000043
1002
}
  0
HATCH
  5
18F
330
70
100
AcDbEntity
  8
A-WALL-PATT
100
AcDbHatch
 10
0.0
 20
0.0
 30
0.0
210
0.0
220
0.0
230
1.0
  2
FP_1
 70
     0
 71
     0
 91
        1
 92
        1
 93
        6
 72
     1
 10
8790.487988921677
 20
35090.00000000005
 11
9034.463382853566
 21
35090.00000000005
 72
     1
 10
9034.463382853566
 20
35090.00000000005
 11
9034.463382853566
 21
35540.00000000005
 72
     1
 10
9034.463382853566
 20
35540.00000000005
 11
7787.225854429278
 21
35540.00000000005
 72
     1
 10
7787.225854429278
 20
35540.00000000005
 11
7787.225854429278
 21
35090.00000000005
 72
     1
 10
7787.225854429278
 20
35090.00000000005
 11
8362.003348743505
 21
35090.00000000005
 72
     1
 10
8362.003348743505
 20
35090.00000000005
 11
8790.487988921677
 21
35090.00000000005
 97
        0
 75
     0
 76
     2
 52
0.0
 41
1.0
 77
     0
 78
     9
 53
0.0
 43
17793.881
 44
1200.0
 45
406.4
 46
101.6
 79
     5
 49
33.528
 49
-271.272
 49
33.528
 49
-271.272
 49
-1625.6
 53
0.0
 43
17793.881
 44
1200.0
 45
406.4
 46
101.6
 79
     6
 49
-609.6
 49
33.528
 49
-576.072
 49
33.528
 49
-271.272
 49
-711.2
 53
0.0
 43
17793.881
 44
1200.0
 45
406.4
 46
101.6
 79
     5
 49
-1524.0
 49
33.528
 49
-169.672
 49
33.528
 49
-474.472
 53
120.0
 43
17946.281
 44
1250.8
 45
-291.1881810244989
 46
301.1527240979959
 79
     5
 49
33.52799999999999
 49
-271.2719999999999
 49
33.52799999999999
 49
-271.2719999999999
 49
-1625.6
 53
120.0
 43
17946.281
 44
1250.8
 45
-291.1881810244989
 46
301.1527240979959
 79
     6
 49
-609.5999999999999
 49
33.52799999999999
 49
-576.0719999999999
 49
33.52799999999999
 49
-271.2719999999999
 49
-711.1999999999999
 53
120.0
 43
17946.281
 44
1250.8
 45
-291.1881810244989
 46
301.1527240979959
 79
     5
 49
-1524.0
 49
33.52799999999999
 49
-169.672
 49
33.52799999999999
 49
-474.4719999999999
 53
240.0
 43
17997.081
 44
1454.0
 45
-115.2118189755009
 46
-402.7527240979958
 79
     5
 49
33.528
 49
-271.272
 49
33.528
 49
-271.272
 49
-1625.6
 53
240.0
 43
17997.081
 44
1454.0
 45
-115.2118189755009
 46
-402.7527240979958
 79
     6
 49
-609.6
 49
33.528
 49
-576.072
 49
33.528
 49
-271.272
 49
-711.2
 53
240.0
 43
17997.081
 44
1454.0
 45
-115.2118189755009
 46
-402.7527240979958
 79
     5
 49
-1524.0
 49
33.528
 49
-169.672
 49
33.528
 49
-474.472
 98
        1
 10
0.0
 20
0.0
1001
REVIT
1002
{
1070
     1
1000
1465654
1002
}
1002
{
1070
     5
1000
1602992
1002
}
1002
{
1070
     4
1000
24
1002
}
1002
{
1070
     2
1000
-2000011
1002
}
1002
{
1070
     3
1000
-2000540
1002
}
  0
LINE
  5
190
330
70
100
AcDbEntity
  8
A-DETL-MEDM
100
AcDbLine
 10
7602.225854429288
 20
35090.0
 30
0.0
 11
16924.46338423831
 21
35090.0
 31
0.0
1001
REVIT
1002
{
1070
     1
1000
1465654
1002
}
1002
{
1070
     5
1000
1602992
1002
}
1002
{
1070
     2
1000
-2000051
1002
}
1002
{
1070
     3
1000
-2000043
1002
}
  0
LINE
  5
191
330
70
100
AcDbEntity
  8
A-DETL-MEDM
100
AcDbLine
 10
9034.463382853575
 20
35540.0
 30
0.0
 11
7602.225854429288
 21
35540.0
 31
0.0
1001
REVIT
1002
{
1070
     1
1000
1465654
1002
}
1002
{
1070
     5
1000
1602992
1002
}
1002
{
1070
     2
1000
-2000051
1002
}
1002
{
1070
     3
1000
-2000043
1002
}
  0
HATCH
  5
196
330
70
100
AcDbEntity
  8
A-WALL-PATT
100
AcDbHatch
 10
0.0
 20
0.0
 30
0.0
210
0.0
220
0.0
230
1.0
  2
FP_1
 70
     0
 71
     0
 91
        1
 92
        1
 93
        4
 72
     1
 10
9219.463382853555
 20
35090.00000000005
 11
9219.463382853555
 21
35890.00000000005
 72
     1
 10
9219.463382853555
 20
35890.00000000005
 11
9034.463382853553
 21
35890.00000000005
 72
     1
 10
9034.463382853553
 20
35890.00000000005
 11
9034.463382853553
 21
35090.00000000005
 72
     1
 10
9034.463382853553
 20
35090.00000000005
 11
9219.463382853555
 21
35090.00000000005
 97
        0
 75
     0
 76
     2
 52
0.0
 41
1.0
 77
     0
 78
     9
 53
0.0
 43
17793.881
 44
1200.0
 45
406.4
 46
101.6
 79
     5
 49
33.528
 49
-271.272
 49
33.528
 49
-271.272
 49
-1625.6
 53
0.0
 43
17793.881
 44
1200.0
 45
406.4
 46
101.6
 79
     6
 49
-609.6
 49
33.528
 49
-576.072
 49
33.528
 49
-271.272
 49
-711.2
 53
0.0
 43
17793.881
 44
1200.0
 45
406.4
 46
101.6
 79
     5
 49
-1524.0
 49
33.528
 49
-169.672
 49
33.528
 49
-474.472
 53
120.0
 43
17946.281
 44
1250.8
 45
-291.1881810244989
 46
301.1527240979959
 79
     5
 49
33.52799999999999
 49
-271.2719999999999
 49
33.52799999999999
 49
-271.2719999999999
 49
-1625.6
 53
120.0
 43
17946.281
 44
1250.8
 45
-291.1881810244989
 46
301.1527240979959
 79
     6
 49
-609.5999999999999
 49
33.52799999999999
 49
-576.0719999999999
 49
33.52799999999999
 49
-271.2719999999999
 49
-711.1999999999999
 53
120.0
 43
17946.281
 44
1250.8
 45
-291.1881810244989
 46
301.1527240979959
 79
     5
 49
-1524.0
 49
33.52799999999999
 49
-169.672
 49
33.52799999999999
 49
-474.4719999999999
 53
240.0
 43
17997.081
 44
1454.0
 45
-115.2118189755009
 46
-402.7527240979958
 79
     5
 49
33.528
 49
-271.272
 49
33.528
 49
-271.272
 49
-1625.6
 53
240.0
 43
17997.081
 44
1454.0
 45
-115.2118189755009
 46
-402.7527240979958
 79
     6
 49
-609.6
 49
33.528
 49
-576.072
 49
33.528
 49
-271.272
 49
-711.2
 53
240.0
 43
17997.081
 44
1454.0
 45
-115.2118189755009
 46
-402.7527240979958
 79
     5
 49
-1524.0
 49
33.528
 49
-169.672
 49
33.528
 49
-474.472
 98
        1
 10
0.0
 20
0.0
1001
REVIT
1002
{
1070
     1
1000
1465755
1002
}
1002
{
1070
     5
1000
1602992
1002
}
1002
{
1070
     2
1000
-2000011
1002
}
1002
{
1070
     3
1000
-2000540
1002
}
  0
LINE
  5
197
330
70
100
AcDbEntity
  8
A-DETL-MEDM
100
AcDbLine
 10
9034.463382853563
 20
35090.0
 30
0.0
 11
9034.463382853563
 21
35890.0
 31
0.0
1001
REVIT
1002
{
1070
     1
1000
1465755
1002
}
1002
{
1070
     5
1000
1602992
1002
}
1002
{
1070
     2
1000
-2000051
1002
}
1002
{
1070
     3
1000
-2000043
1002
}
  0
HATCH
  5
1A0
330
70
100
AcDbEntity
  8
A-WALL-PATT
100
AcDbHatch
 10
0.0
 20
0.0
 30
0.0
210
0.0
220
0.0
230
1.0
  2
FP_1
 70
     0
 71
     0
 91
        1
 92
        1
 93
        6
 72
     1
 10
16288.96919203971
 20
35090.00000000005
 11
16739.46338423831
 21
35090.00000000005
 72
     1
 10
16739.46338423831
 20
35090.00000000005
 11
16739.46338423831
 21
35890.00000000005
 72
     1
 10
16739.46338423831
 20
35890.00000000005
 11
9219.463382853555
 21
35890.00000000005
 72
     1
 10
9219.463382853555
 20
35890.00000000005
 11
9219.463382853555
 21
35090.00000000005
 72
     1
 10
9219.463382853555
 20
35090.00000000005
 11
16181.84803199517
 21
35090.00000000005
 72
     1
 10
16181.84803199517
 20
35090.00000000005
 11
16288.96919203971
 21
35090.00000000005
 97
        0
 75
     0
 76
     2
 52
0.0
 41
1.0
 77
     0
 78
     9
 53
0.0
 43
17793.881
 44
1200.0
 45
406.4
 46
101.6
 79
     5
 49
33.528
 49
-271.272
 49
33.528
 49
-271.272
 49
-1625.6
 53
0.0
 43
17793.881
 44
1200.0
 45
406.4
 46
101.6
 79
     6
 49
-609.6
 49
33.528
 49
-576.072
 49
33.528
 49
-271.272
 49
-711.2
 53
0.0
 43
17793.881
 44
1200.0
 45
406.4
 46
101.6
 79
     5
 49
-1524.0
 49
33.528
 49
-169.672
 49
33.528
 49
-474.472
 53
120.0
 43
17946.281
 44
1250.8
 45
-291.1881810244989
 46
301.1527240979959
 79
     5
 49
33.52799999999999
 49
-271.2719999999999
 49
33.52799999999999
 49
-271.2719999999999
 49
-1625.6
 53
120.0
 43
17946.281
 44
1250.8
 45
-291.1881810244989
 46
301.1527240979959
 79
     6
 49
-609.5999999999999
 49
33.52799999999999
 49
-576.0719999999999
 49
33.52799999999999
 49
-271.2719999999999
 49
-711.1999999999999
 53
120.0
 43
17946.281
 44
1250.8
 45
-291.1881810244989
 46
301.1527240979959
 79
     5
 49
-1524.0
 49
33.52799999999999
 49
-169.672
 49
33.52799999999999
 49
-474.4719999999999
 53
240.0
 43
17997.081
 44
1454.0
 45
-115.2118189755009
 46
-402.7527240979958
 79
     5
 49
33.528
 49
-271.272
 49
33.528
 49
-271.272
 49
-1625.6
 53
240.0
 43
17997.081
 44
1454.0
 45
-115.2118189755009
 46
-402.7527240979958
 79
     6
 49
-609.6
 49
33.528
 49
-576.072
 49
33.528
 49
-271.272
 49
-711.2
 53
240.0
 43
17997.081
 44
1454.0
 45
-115.2118189755009
 46
-402.7527240979958
 79
     5
 49
-1524.0
 49
33.528
 49
-169.672
 49
33.528
 49
-474.472
 98
        1
 10
0.0
 20
0.0
1001
REVIT
1002
{
1070
     1
1000
1465820
1002
}
1002
{
1070
     5
1000
1602992
1002
}
1002
{
1070
     4
1000
24
1002
}
1002
{
1070
     2
1000
-2000011
1002
}
1002
{
1070
     3
1000
-2000540
1002
}
  0
LINE
  5
1A2
330
70
100
AcDbEntity
  8
A-DETL-MEDM
100
AcDbLine
 10
16924.46338423831
 20
35890.0
 30
0.0
 11
9034.463382853563
 21
35890.0
 31
0.0
1001
REVIT
1002
{
1070
     1
1000
1465820
1002
}
1002
{
1070
     5
1000
1602992
1002
}
1002
{
1070
     2
1000
-2000051
1002
}
1002
{
1070
     3
1000
-2000043
1002
}
  0
HATCH
  5
1A7
330
70
100
AcDbEntity
  8
A-WALL-PATT
100
AcDbHatch
 10
0.0
 20
0.0
 30
0.0
210
0.0
220
0.0
230
1.0
  2
FP_1
 70
     0
 71
     0
 91
        1
 92
        1
 93
        4
 72
     1
 10
16924.46338423831
 20
35090.00000000005
 11
16924.46338423831
 21
35890.00000000005
 72
     1
 10
16924.46338423831
 20
35890.00000000005
 11
16739.46338423831
 21
35890.00000000005
 72
     1
 10
16739.46338423831
 20
35890.00000000005
 11
16739.46338423831
 21
35090.00000000005
 72
     1
 10
16739.46338423831
 20
35090.00000000005
 11
16924.46338423831
 21
35090.00000000005
 97
        0
 75
     0
 76
     2
 52
0.0
 41
1.0
 77
     0
 78
     9
 53
0.0
 43
17793.881
 44
1200.0
 45
406.4
 46
101.6
 79
     5
 49
33.528
 49
-271.272
 49
33.528
 49
-271.272
 49
-1625.6
 53
0.0
 43
17793.881
 44
1200.0
 45
406.4
 46
101.6
 79
     6
 49
-609.6
 49
33.528
 49
-576.072
 49
33.528
 49
-271.272
 49
-711.2
 53
0.0
 43
17793.881
 44
1200.0
 45
406.4
 46
101.6
 79
     5
 49
-1524.0
 49
33.528
 49
-169.672
 49
33.528
 49
-474.472
 53
120.0
 43
17946.281
 44
1250.8
 45
-291.1881810244989
 46
301.1527240979959
 79
     5
 49
33.52799999999999
 49
-271.2719999999999
 49
33.52799999999999
 49
-271.2719999999999
 49
-1625.6
 53
120.0
 43
17946.281
 44
1250.8
 45
-291.1881810244989
 46
301.1527240979959
 79
     6
 49
-609.5999999999999
 49
33.52799999999999
 49
-576.0719999999999
 49
33.52799999999999
 49
-271.2719999999999
 49
-711.1999999999999
 53
120.0
 43
17946.281
 44
1250.8
 45
-291.1881810244989
 46
301.1527240979959
 79
     5
 49
-1524.0
 49
33.52799999999999
 49
-169.672
 49
33.52799999999999
 49
-474.4719999999999
 53
240.0
 43
17997.081
 44
1454.0
 45
-115.2118189755009
 46
-402.7527240979958
 79
     5
 49
33.528
 49
-271.272
 49
33.528
 49
-271.272
 49
-1625.6
 53
240.0
 43
17997.081
 44
1454.0
 45
-115.2118189755009
 46
-402.7527240979958
 79
     6
 49
-609.6
 49
33.528
 49
-576.072
 49
33.528
 49
-271.272
 49
-711.2
 53
240.0
 43
17997.081
 44
1454.0
 45
-115.2118189755009
 46
-402.7527240979958
 79
     5
 49
-1524.0
 49
33.528
 49
-169.672
 49
33.528
 49
-474.472
 98
        1
 10
0.0
 20
0.0
1001
REVIT
1002
{
1070
     1
1000
1465840
1002
}
1002
{
1070
     5
1000
1602992
1002
}
1002
{
1070
     2
1000
-2000011
1002
}
1002
{
1070
     3
1000
-2000540
1002
}
  0
LINE
  5
1A8
330
70
100
AcDbEntity
  8
A-DETL-MEDM
100
AcDbLine
 10
16924.4633842383
 20
35890.0
 30
0.0
 11
16924.4633842383
 21
35090.0
 31
0.0
1001
REVIT
1002
{
1070
     1
1000
1465840
1002
}
1002
{
1070
     5
1000
1602992
1002
}
1002
{
1070
     2
1000
-2000051
1002
}
1002
{
1070
     3
1000
-2000043
1002
}
  0
HATCH
  5
1B0
330
70
100
AcDbEntity
  8
A-WALL-PATT
100
AcDbHatch
 10
0.0
 20
0.0
 30
0.0
210
0.0
220
0.0
230
1.0
  2
FP_1
 70
     0
 71
     0
 91
        1
 92
        1
 93
        5
 72
     1
 10
16319.46338384972
 20
31890.00000000004
 11
28374.46338208713
 21
31890.00000000004
 72
     1
 10
28374.46338208713
 20
31890.00000000004
 11
28374.46338208713
 21
32590.00000000004
 72
     1
 10
28374.46338208713
 20
32590.00000000004
 11
16319.46338384972
 21
32590.00000000004
 72
     1
 10
16319.46338384972
 20
32590.00000000004
 11
16319.46338384972
 21
31966.20585319196
 72
     1
 10
16319.46338384972
 20
31966.20585319196
 11
16319.46338384972
 21
31890.00000000004
 97
        0
 75
     0
 76
     2
 52
0.0
 41
1.0
 77
     0
 78
     9
 53
0.0
 43
17793.881
 44
1200.0
 45
406.4
 46
101.6
 79
     5
 49
33.528
 49
-271.272
 49
33.528
 49
-271.272
 49
-1625.6
 53
0.0
 43
17793.881
 44
1200.0
 45
406.4
 46
101.6
 79
     6
 49
-609.6
 49
33.528
 49
-576.072
 49
33.528
 49
-271.272
 49
-711.2
 53
0.0
 43
17793.881
 44
1200.0
 45
406.4
 46
101.6
 79
     5
 49
-1524.0
 49
33.528
 49
-169.672
 49
33.528
 49
-474.472
 53
120.0
 43
17946.281
 44
1250.8
 45
-291.1881810244989
 46
301.1527240979959
 79
     5
 49
33.52799999999999
 49
-271.2719999999999
 49
33.52799999999999
 49
-271.2719999999999
 49
-1625.6
 53
120.0
 43
17946.281
 44
1250.8
 45
-291.1881810244989
 46
301.1527240979959
 79
     6
 49
-609.5999999999999
 49
33.52799999999999
 49
-576.0719999999999
 49
33.52799999999999
 49
-271.2719999999999
 49
-711.1999999999999
 53
120.0
 43
17946.281
 44
1250.8
 45
-291.1881810244989
 46
301.1527240979959
 79
     5
 49
-1524.0
 49
33.52799999999999
 49
-169.672
 49
33.52799999999999
 49
-474.4719999999999
 53
240.0
 43
17997.081
 44
1454.0
 45
-115.2118189755009
 46
-402.7527240979958
 79
     5
 49
33.528
 49
-271.272
 49
33.528
 49
-271.272
 49
-1625.6
 53
240.0
 43
17997.081
 44
1454.0
 45
-115.2118189755009
 46
-402.7527240979958
 79
     6
 49
-609.6
 49
33.528
 49
-576.072
 49
33.528
 49
-271.272
 49
-711.2
 53
240.0
 43
17997.081
 44
1454.0
 45
-115.2118189755009
 46
-402.7527240979958
 79
     5
 49
-1524.0
 49
33.528
 49
-169.672
 49
33.528
 49
-474.472
 98
        1
 10
0.0
 20
0.0
1001
REVIT
1002
{
1070
     1
1000
1494906
1002
}
1002
{
1070
     5
1000
2345580
1002
}
1002
{
1070
     4
1000
24
1002
}
1002
{
1070
     2
1000
-2000011
1002
}
1002
{
1070
     3
1000
-2000540
1002
}
  0
LINE
  5
1B1
330
70
100
AcDbEntity
  8
A-DETL-MEDM
100
AcDbLine
 10
16319.46338384972
 20
31890.0
 30
0.0
 11
28374.46338208712
 21
31890.0
 31
0.0
1001
REVIT
1002
{
1070
     1
1000
1494906
1002
}
1002
{
1070
     5
1000
2345580
1002
}
1002
{
1070
     2
1000
-2000051
1002
}
1002
{
1070
     3
1000
-2000043
1002
}
  0
LINE
  5
1B2
330
70
100
AcDbEntity
  8
A-DETL-MEDM
100
AcDbLine
 10
28374.46338208712
 20
31890.0
 30
0.0
 11
28374.46338208712
 21
32590.00000000001
 31
0.0
1001
REVIT
1002
{
1070
     1
1000
1494906
1002
}
1002
{
1070
     5
1000
2345580
1002
}
1002
{
1070
     2
1000
-2000051
1002
}
1002
{
1070
     3
1000
-2000043
1002
}
  0
LINE
  5
1B3
330
70
100
AcDbEntity
  8
A-DETL-MEDM
100
AcDbLine
 10
28374.46338208712
 20
32590.00000000001
 30
0.0
 11
16319.46338384972
 21
32590.00000000001
 31
0.0
1001
REVIT
1002
{
1070
     1
1000
1494906
1002
}
1002
{
1070
     5
1000
2345580
1002
}
1002
{
1070
     2
1000
-2000051
1002
}
1002
{
1070
     3
1000
-2000043
1002
}
  0
INSERT
  5
1C4
330
70
100
AcDbEntity
  8
A-DOOR
100
AcDbBlockReference
  2
Single - Timber Frame  - 950x2100 EXTERIOR-2625504-rhs
 10
0.0
 20
0.0
 30
0.0
1001
REVIT
1002
{
1070
     1
1000
1502051
1002
}
1002
{
1070
     5
1000
2625478
1002
}
1002
{
1070
     2
1000
-2000023
1002
}
  0
LINE
  5
1C5
330
70
100
AcDbEntity
  8
A-DETL-MEDM
100
AcDbLine
 10
18594.4633839446
 20
37968.3877503288
 30
0.0
 11
18668.66338394461
 21
37968.3877503288
 31
0.0
1001
REVIT
1002
{
1070
     1
1000
1518197
1002
}
1002
{
1070
     5
1000
19886
1002
}
1002
{
1070
     2
1000
-2000051
1002
}
1002
{
1070
     3
1000
-2000043
1002
}
  0
LINE
  5
1C6
330
70
100
AcDbEntity
  8
A-DETL-MEDM
100
AcDbLine
 10
18668.66338394461
 20
37968.3877503288
 30
0.0
 11
18706.7633839446
 21
38067.89998285648
 31
0.0
1001
REVIT
1002
{
1070
     1
1000
1518197
1002
}
1002
{
1070
     5
1000
19886
1002
}
1002
{
1070
     2
1000
-2000051
1002
}
1002
{
1070
     3
1000
-2000043
1002
}
  0
LINE
  5
1C7
330
70
100
AcDbEntity
  8
A-DETL-MEDM
100
AcDbLine
 10
18706.76338394461
 20
38067.89998285648
 30
0.0
 11
18719.46338394461
 21
38067.89998285648
 31
0.0
1001
REVIT
1002
{
1070
     1
1000
1518197
1002
}
1002
{
1070
     5
1000
19886
1002
}
1002
{
1070
     2
1000
-2000051
1002
}
1002
{
1070
     3
1000
-2000043
1002
}
  0
LINE
  5
1C8
330
70
100
AcDbEntity
  8
A-DETL-MEDM
100
AcDbLine
 10
18719.46338394461
 20
38067.89998285648
 30
0.0
 11
18719.46338394461
 21
38080.59998285648
 31
0.0
1001
REVIT
1002
{
1070
     1
1000
1518197
1002
}
1002
{
1070
     5
1000
19886
1002
}
1002
{
1070
     2
1000
-2000051
1002
}
1002
{
1070
     3
1000
-2000043
1002
}
  0
LINE
  5
1C9
330
70
100
AcDbEntity
  8
A-DETL-MEDM
100
AcDbLine
 10
18719.4633839446
 20
38080.59998285648
 30
0.0
 11
18706.7633839446
 21
38080.59998285648
 31
0.0
1001
REVIT
1002
{
1070
     1
1000
1518197
1002
}
1002
{
1070
     5
1000
19886
1002
}
1002
{
1070
     2
1000
-2000051
1002
}
1002
{
1070
     3
1000
-2000043
1002
}
  0
LINE
  5
1CA
330
70
100
AcDbEntity
  8
A-DETL-MEDM
100
AcDbLine
 10
18706.7633839446
 20
38080.59998285648
 30
0.0
 11
18706.7633839446
 21
38077.42498285648
 31
0.0
1001
REVIT
1002
{
1070
     1
1000
1518197
1002
}
1002
{
1070
     5
1000
19886
1002
}
1002
{
1070
     2
1000
-2000051
1002
}
1002
{
1070
     3
1000
-2000043
1002
}
  0
LINE
  5
1CB
330
70
100
AcDbEntity
  8
A-DETL-MEDM
100
AcDbLine
 10
18706.7633839446
 20
38077.42498285648
 30
0.0
 11
18716.28838394461
 21
38077.42498285648
 31
0.0
1001
REVIT
1002
{
1070
     1
1000
1518197
1002
}
1002
{
1070
     5
1000
19886
1002
}
1002
{
1070
     2
1000
-2000051
1002
}
1002
{
1070
     3
1000
-2000043
1002
}
  0
LINE
  5
1CC
330
70
100
AcDbEntity
  8
A-DETL-MEDM
100
AcDbLine
 10
18716.28838394461
 20
38077.42498285648
 30
0.0
 11
18716.28838394461
 21
38071.07498285648
 31
0.0
1001
REVIT
1002
{
1070
     1
1000
1518197
1002
}
1002
{
1070
     5
1000
19886
1002
}
1002
{
1070
     2
1000
-2000051
1002
}
1002
{
1070
     3
1000
-2000043
1002
}
  0
LINE
  5
1CD
330
70
100
AcDbEntity
  8
A-DETL-MEDM
100
AcDbLine
 10
18716.28838394461
 20
38071.07498285648
 30
0.0
 11
18704.40108662803
 21
38071.07498285648
 31
0.0
1001
REVIT
1002
{
1070
     1
1000
1518197
1002
}
1002
{
1070
     5
1000
19886
1002
}
1002
{
1070
     2
1000
-2000051
1002
}
1002
{
1070
     3
1000
-2000043
1002
}
  0
LINE
  5
1CE
330
70
100
AcDbEntity
  8
A-DETL-MEDM
100
AcDbLine
 10
18704.40108662803
 20
38071.07498285648
 30
0.0
 11
18666.30108662803
 21
37971.5627503288
 31
0.0
1001
REVIT
1002
{
1070
     1
1000
1518197
1002
}
1002
{
1070
     5
1000
19886
1002
}
1002
{
1070
     2
1000
-2000051
1002
}
1002
{
1070
     3
1000
-2000043
1002
}
  0
LINE
  5
1CF
330
70
100
AcDbEntity
  8
A-DETL-MEDM
100
AcDbLine
 10
18666.30108662803
 20
37971.5627503288
 30
0.0
 11
18597.6383839446
 21
37971.5627503288
 31
0.0
1001
REVIT
1002
{
1070
     1
1000
1518197
1002
}
1002
{
1070
     5
1000
19886
1002
}
1002
{
1070
     2
1000
-2000051
1002
}
1002
{
1070
     3
1000
-2000043
1002
}
  0
LINE
  5
1D0
330
70
100
AcDbEntity
  8
A-DETL-MEDM
100
AcDbLine
 10
18597.6383839446
 20
37971.5627503288
 30
0.0
 11
18597.6383839446
 21
38093.29998285648
 31
0.0
1001
REVIT
1002
{
1070
     1
1000
1518197
1002
}
1002
{
1070
     5
1000
19886
1002
}
1002
{
1070
     2
1000
-2000051
1002
}
1002
{
1070
     3
1000
-2000043
1002
}
  0
LINE
  5
1D1
330
70
100
AcDbEntity
  8
A-DETL-MEDM
100
AcDbLine
 10
18597.6383839446
 20
38093.29998285648
 30
0.0
 11
18594.4633839446
 21
38093.29998285648
 31
0.0
1001
REVIT
1002
{
1070
     1
1000
1518197
1002
}
1002
{
1070
     5
1000
19886
1002
}
1002
{
1070
     2
1000
-2000051
1002
}
1002
{
1070
     3
1000
-2000043
1002
}
  0
LINE
  5
1D2
330
70
100
AcDbEntity
  8
A-DETL-MEDM
100
AcDbLine
 10
18594.4633839446
 20
38093.29998285648
 30
0.0
 11
18594.4633839446
 21
37891.53219551027
 31
0.0
1001
REVIT
1002
{
1070
     1
1000
1518197
1002
}
1002
{
1070
     5
1000
19886
1002
}
1002
{
1070
     2
1000
-2000051
1002
}
1002
{
1070
     3
1000
-2000043
1002
}
  0
LINE
  5
1D3
330
70
100
AcDbEntity
  8
A-DETL-MEDM
100
AcDbLine
 10
16179.46338425158
 20
36324.24746454699
 30
0.0
 11
16179.46338425158
 21
36526.0152518932
 31
0.0
1001
REVIT
1002
{
1070
     1
1000
1532125
1002
}
1002
{
1070
     5
1000
1378895
1002
}
1002
{
1070
     2
1000
-2000051
1002
}
1002
{
1070
     3
1000
-2000043
1002
}
  0
LINE
  5
1D5
330
70
100
AcDbEntity
  8
A-DETL-MEDM
100
AcDbLine
 10
16179.46338425158
 20
36324.24746454699
 30
0.0
 11
28899.46338208713
 21
35211.39166468664
 31
0.0
1001
REVIT
1002
{
1070
     1
1000
1532125
1002
}
1002
{
1070
     5
1000
1378895
1002
}
1002
{
1070
     2
1000
-2000051
1002
}
1002
{
1070
     3
1000
-2000043
1002
}
  0
LINE
  5
1D6
330
70
100
AcDbEntity
  8
A-DETL-MEDM
100
AcDbLine
 10
28899.46338208713
 20
35413.15945203285
 30
0.0
 11
16179.46338425158
 21
36526.0152518932
 31
0.0
1001
REVIT
1002
{
1070
     1
1000
1532125
1002
}
1002
{
1070
     5
1000
1378895
1002
}
1002
{
1070
     2
1000
-2000051
1002
}
1002
{
1070
     3
1000
-2000043
1002
}
  0
LINE
  5
1D7
330
70
100
AcDbEntity
  8
A-DETL-MEDM
100
AcDbLine
 10
28899.46338208713
 20
35288.24721950518
 30
0.0
 11
28973.66338208713
 21
35288.24721950518
 31
0.0
1001
REVIT
1002
{
1070
     1
1000
1534116
1002
}
1002
{
1070
     5
1000
19886
1002
}
1002
{
1070
     2
1000
-2000051
1002
}
1002
{
1070
     3
1000
-2000043
1002
}
  0
LINE
  5
1D8
330
70
100
AcDbEntity
  8
A-DETL-MEDM
100
AcDbLine
 10
28973.66338208713
 20
35288.24721950518
 30
0.0
 11
29011.76338208713
 21
35387.75945203285
 31
0.0
1001
REVIT
1002
{
1070
     1
1000
1534116
1002
}
1002
{
1070
     5
1000
19886
1002
}
1002
{
1070
     2
1000
-2000051
1002
}
1002
{
1070
     3
1000
-2000043
1002
}
  0
LINE
  5
1D9
330
70
100
AcDbEntity
  8
A-DETL-MEDM
100
AcDbLine
 10
29011.76338208713
 20
35387.75945203285
 30
0.0
 11
29024.46338208713
 21
35387.75945203285
 31
0.0
1001
REVIT
1002
{
1070
     1
1000
1534116
1002
}
1002
{
1070
     5
1000
19886
1002
}
1002
{
1070
     2
1000
-2000051
1002
}
1002
{
1070
     3
1000
-2000043
1002
}
  0
LINE
  5
1DA
330
70
100
AcDbEntity
  8
A-DETL-MEDM
100
AcDbLine
 10
29024.46338208713
 20
35387.75945203285
 30
0.0
 11
29024.46338208713
 21
35400.45945203285
 31
0.0
1001
REVIT
1002
{
1070
     1
1000
1534116
1002
}
1002
{
1070
     5
1000
19886
1002
}
1002
{
1070
     2
1000
-2000051
1002
}
1002
{
1070
     3
1000
-2000043
1002
}
  0
LINE
  5
1DB
330
70
100
AcDbEntity
  8
A-DETL-MEDM
100
AcDbLine
 10
29024.46338208713
 20
35400.45945203285
 30
0.0
 11
29011.76338208713
 21
35400.45945203285
 31
0.0
1001
REVIT
1002
{
1070
     1
1000
1534116
1002
}
1002
{
1070
     5
1000
19886
1002
}
1002
{
1070
     2
1000
-2000051
1002
}
1002
{
1070
     3
1000
-2000043
1002
}
  0
LINE
  5
1DC
330
70
100
AcDbEntity
  8
A-DETL-MEDM
100
AcDbLine
 10
29011.76338208713
 20
35400.45945203286
 30
0.0
 11
29011.76338208713
 21
35397.28445203285
 31
0.0
1001
REVIT
1002
{
1070
     1
1000
1534116
1002
}
1002
{
1070
     5
1000
19886
1002
}
1002
{
1070
     2
1000
-2000051
1002
}
1002
{
1070
     3
1000
-2000043
1002
}
  0
LINE
  5
1DD
330
70
100
AcDbEntity
  8
A-DETL-MEDM
100
AcDbLine
 10
29011.76338208713
 20
35397.28445203285
 30
0.0
 11
29021.28838208713
 21
35397.28445203285
 31
0.0
1001
REVIT
1002
{
1070
     1
1000
1534116
1002
}
1002
{
1070
     5
1000
19886
1002
}
1002
{
1070
     2
1000
-2000051
1002
}
1002
{
1070
     3
1000
-2000043
1002
}
  0
LINE
  5
1DE
330
70
100
AcDbEntity
  8
A-DETL-MEDM
100
AcDbLine
 10
29021.28838208713
 20
35397.28445203285
 30
0.0
 11
29021.28838208713
 21
35390.93445203285
 31
0.0
1001
REVIT
1002
{
1070
     1
1000
1534116
1002
}
1002
{
1070
     5
1000
19886
1002
}
1002
{
1070
     2
1000
-2000051
1002
}
1002
{
1070
     3
1000
-2000043
1002
}
  0
LINE
  5
1DF
330
70
100
AcDbEntity
  8
A-DETL-MEDM
100
AcDbLine
 10
29021.28838208713
 20
35390.93445203285
 30
0.0
 11
29009.40108477055
 21
35390.93445203285
 31
0.0
1001
REVIT
1002
{
1070
     1
1000
1534116
1002
}
1002
{
1070
     5
1000
19886
1002
}
1002
{
1070
     2
1000
-2000051
1002
}
1002
{
1070
     3
1000
-2000043
1002
}
  0
LINE
  5
1E0
330
70
100
AcDbEntity
  8
A-DETL-MEDM
100
AcDbLine
 10
29009.40108477055
 20
35390.93445203285
 30
0.0
 11
28971.30108477055
 21
35291.42221950517
 31
0.0
1001
REVIT
1002
{
1070
     1
1000
1534116
1002
}
1002
{
1070
     5
1000
19886
1002
}
1002
{
1070
     2
1000
-2000051
1002
}
1002
{
1070
     3
1000
-2000043
1002
}
  0
LINE
  5
1E1
330
70
100
AcDbEntity
  8
A-DETL-MEDM
100
AcDbLine
 10
28971.30108477055
 20
35291.42221950517
 30
0.0
 11
28902.63838208713
 21
35291.42221950517
 31
0.0
1001
REVIT
1002
{
1070
     1
1000
1534116
1002
}
1002
{
1070
     5
1000
19886
1002
}
1002
{
1070
     2
1000
-2000051
1002
}
1002
{
1070
     3
1000
-2000043
1002
}
  0
LINE
  5
1E2
330
70
100
AcDbEntity
  8
A-DETL-MEDM
100
AcDbLine
 10
28902.63838208713
 20
35291.42221950517
 30
0.0
 11
28902.63838208713
 21
35413.15945203285
 31
0.0
1001
REVIT
1002
{
1070
     1
1000
1534116
1002
}
1002
{
1070
     5
1000
19886
1002
}
1002
{
1070
     2
1000
-2000051
1002
}
1002
{
1070
     3
1000
-2000043
1002
}
  0
LINE
  5
1E3
330
70
100
AcDbEntity
  8
A-DETL-MEDM
100
AcDbLine
 10
28902.63838208713
 20
35413.15945203285
 30
0.0
 11
28899.46338208713
 21
35413.15945203285
 31
0.0
1001
REVIT
1002
{
1070
     1
1000
1534116
1002
}
1002
{
1070
     5
1000
19886
1002
}
1002
{
1070
     2
1000
-2000051
1002
}
1002
{
1070
     3
1000
-2000043
1002
}
  0
LINE
  5
1E4
330
70
100
AcDbEntity
  8
A-DETL-MEDM
100
AcDbLine
 10
28899.46338208713
 20
35413.15945203285
 30
0.0
 11
28899.46338208713
 21
35211.39166468664
 31
0.0
1001
REVIT
1002
{
1070
     1
1000
1534116
1002
}
1002
{
1070
     5
1000
19886
1002
}
1002
{
1070
     2
1000
-2000051
1002
}
1002
{
1070
     3
1000
-2000043
1002
}
  0
LINE
  5
1E5
330
70
100
AcDbEntity
  8
A-DETL-MEDM
100
AcDbLine
 10
25902.63838386732
 20
35675.62544245487
 30
0.0
 11
25899.46338386732
 21
35675.62544245487
 31
0.0
1001
REVIT
1002
{
1070
     1
1000
1534116
1002
}
1002
{
1070
     5
1000
19886
1002
}
1002
{
1070
     2
1000
-2000051
1002
}
1002
{
1070
     3
1000
-2000043
1002
}
  0
HATCH
  5
1EB
330
70
100
AcDbEntity
  8
A-WALL-PATT
100
AcDbHatch
 10
0.0
 20
0.0
 30
0.0
210
0.0
220
0.0
230
1.0
  2
FP_1
 70
     0
 71
     0
 91
        1
 92
        1
 93
        5
 72
     1
 10
10482.48421788613
 20
35890.00000000005
 11
10509.4633845528
 21
35890.00000000005
 72
     1
 10
10509.4633845528
 20
35890.00000000005
 11
10509.4633845528
 21
38598.87804006417
 72
     1
 10
10509.4633845528
 20
38598.87804006417
 11
10324.46338455279
 21
38615.06344281646
 72
     1
 10
10324.46338455279
 20
38615.06344281646
 11
10324.46338455279
 21
35890.00000000005
 72
     1
 10
10324.46338455279
 20
35890.00000000005
 11
10482.48421788613
 21
35890.00000000005
 97
        0
 75
     0
 76
     2
 52
0.0
 41
1.0
 77
     0
 78
     9
 53
0.0
 43
17793.881
 44
1200.0
 45
406.4
 46
101.6
 79
     5
 49
33.528
 49
-271.272
 49
33.528
 49
-271.272
 49
-1625.6
 53
0.0
 43
17793.881
 44
1200.0
 45
406.4
 46
101.6
 79
     6
 49
-609.6
 49
33.528
 49
-576.072
 49
33.528
 49
-271.272
 49
-711.2
 53
0.0
 43
17793.881
 44
1200.0
 45
406.4
 46
101.6
 79
     5
 49
-1524.0
 49
33.528
 49
-169.672
 49
33.528
 49
-474.472
 53
120.0
 43
17946.281
 44
1250.8
 45
-291.1881810244989
 46
301.1527240979959
 79
     5
 49
33.52799999999999
 49
-271.2719999999999
 49
33.52799999999999
 49
-271.2719999999999
 49
-1625.6
 53
120.0
 43
17946.281
 44
1250.8
 45
-291.1881810244989
 46
301.1527240979959
 79
     6
 49
-609.5999999999999
 49
33.52799999999999
 49
-576.0719999999999
 49
33.52799999999999
 49
-271.2719999999999
 49
-711.1999999999999
 53
120.0
 43
17946.281
 44
1250.8
 45
-291.1881810244989
 46
301.1527240979959
 79
     5
 49
-1524.0
 49
33.52799999999999
 49
-169.672
 49
33.52799999999999
 49
-474.4719999999999
 53
240.0
 43
17997.081
 44
1454.0
 45
-115.2118189755009
 46
-402.7527240979958
 79
     5
 49
33.528
 49
-271.272
 49
33.528
 49
-271.272
 49
-1625.6
 53
240.0
 43
17997.081
 44
1454.0
 45
-115.2118189755009
 46
-402.7527240979958
 79
     6
 49
-609.6
 49
33.528
 49
-576.072
 49
33.528
 49
-271.272
 49
-711.2
 53
240.0
 43
17997.081
 44
1454.0
 45
-115.2118189755009
 46
-402.7527240979958
 79
     5
 49
-1524.0
 49
33.528
 49
-169.672
 49
33.528
 49
-474.472
 98
        1
 10
0.0
 20
0.0
1001
REVIT
1002
{
1070
     1
1000
1564238
1002
}
1002
{
1070
     5
1000
1602992
1002
}
1002
{
1070
     2
1000
-2000011
1002
}
1002
{
1070
     3
1000
-2000540
1002
}
  0
LINE
  5
1EC
330
70
100
AcDbEntity
  8
A-DETL-MEDM
100
AcDbLine
 10
10324.4633845528
 20
36020.53620067072
 30
0.0
 11
10324.4633845528
 21
37940.0
 31
0.0
1001
REVIT
1002
{
1070
     1
1000
1564238
1002
}
1002
{
1070
     5
1000
1602992
1002
}
1002
{
1070
     2
1000
-2000051
1002
}
1002
{
1070
     3
1000
-2000043
1002
}
  0
HATCH
  5
207
330
70
100
AcDbEntity
  8
A-WALL-PATT
100
AcDbHatch
 10
0.0
 20
0.0
 30
0.0
210
0.0
220
0.0
230
1.0
  2
FP_2
 70
     0
 71
     0
 91
        4
 92
        1
 93
        7
 72
     1
 10
9009.463382853575
 20
35540.00000000005
 11
9034.463382853573
 21
35540.00000000005
 72
     1
 10
9034.463382853573
 20
35540.00000000005
 11
9034.463382853553
 21
35890.00000000005
 72
     1
 10
9034.463382853553
 20
35890.00000000005
 11
9083.988971686127
 21
35890.00000000005
 72
     1
 10
9083.988971686127
 20
35890.00000000005
 11
9083.988971686127
 21
37940.00000000005
 72
     1
 10
9083.988971686127
 20
37940.00000000005
 11
9009.463382853575
 21
37940.00000000005
 72
     1
 10
9009.463382853575
 20
37940.00000000005
 11
9009.463382853575
 21
35890.00000000005
 72
     1
 10
9009.463382853575
 20
35890.00000000005
 11
9009.463382853575
 21
35540.00000000005
 97
        0
 92
        1
 93
        9
 72
     1
 10
9188.838382853575
 20
35890.00000000005
 11
9219.463382853559
 21
35890.00000000005
 72
     1
 10
9219.463382853559
 20
35890.00000000005
 11
9219.46338285356
 21
36020.00000000005
 72
     1
 10
9219.46338285356
 20
36020.00000000005
 11
9233.98897168613
 21
36020.00000000005
 72
     1
 10
9233.98897168613
 20
36020.00000000005
 11
9233.98897168613
 21
37940.00000000005
 72
     1
 10
9233.98897168613
 20
37940.00000000005
 11
9133.988971686127
 21
37940.00000000005
 72
     1
 10
9133.988971686127
 20
37940.00000000005
 11
9133.988971686127
 21
36540.00000000005
 72
     1
 10
9133.988971686127
 20
36540.00000000005
 11
9146.48897168613
 21
36540.00000000005
 72
     1
 10
9146.48897168613
 20
36540.00000000005
 11
9146.48897168613
 21
35890.00000000005
 72
     1
 10
9146.48897168613
 20
35890.00000000005
 11
9188.838382853575
 21
35890.00000000005
 97
        0
 92
        1
 93
        5
 72
     1
 10
9283.988971686127
 20
36020.00000000005
 11
9383.988971686133
 21
36020.00000000005
 72
     1
 10
9383.988971686133
 20
36020.00000000005
 11
9383.988971686133
 21
37940.00000000005
 72
     1
 10
9383.988971686133
 20
37940.00000000005
 11
9283.988971686127
 21
37940.00000000005
 72
     1
 10
9283.988971686127
 20
37940.00000000005
 11
9283.988971686127
 21
36409.50495782199
 72
     1
 10
9283.988971686127
 20
36409.50495782199
 11
9283.988971686127
 21
36020.00000000005
 97
        0
 92
        1
 93
        5
 72
     1
 10
10324.46338455281
 20
36590.00000000005
 11
10324.46338455281
 21
37940.00000000005
 72
     1
 10
10324.46338455281
 20
37940.00000000005
 11
9433.98897168613
 21
37940.00000000005
 72
     1
 10
9433.98897168613
 20
37940.00000000005
 11
9433.98897168613
 21
36590.00000000005
 72
     1
 10
9433.98897168613
 20
36590.00000000005
 11
9761.963383703178
 21
36590.00000000005
 72
     1
 10
9761.963383703178
 20
36590.00000000005
 11
10324.46338455281
 21
36590.00000000005
 97
        0
 75
     0
 76
     2
 52
0.0
 41
1.0
 77
     0
 78
     1
 53
90.0
 43
10416.963
 44
35540.0
 45
-75.0
 46
0.0000000000000046
 79
     0
 98
        1
 10
0.0
 20
0.0
1001
REVIT
1002
{
1070
     1
1000
1564402
1002
}
1002
{
1070
     5
1000
1602992
1002
}
1002
{
1070
     2
1000
-2000011
1002
}
1002
{
1070
     3
1000
-2000540
1002
}
  0
LINE
  5
208
330
70
100
AcDbEntity
  8
A-DETL-MEDM
100
AcDbLine
 10
9009.463382853568
 20
38730.11103550167
 30
0.0
 11
9009.463382853584
 21
35540.0
 31
0.0
1001
REVIT
1002
{
1070
     1
1000
1564402
1002
}
1002
{
1070
     5
1000
1602992
1002
}
1002
{
1070
     2
1000
-2000051
1002
}
1002
{
1070
     3
1000
-2000043
1002
}
  0
HATCH
  5
20E
330
70
100
AcDbEntity
  8
A-WALL-PATT
100
AcDbHatch
 10
0.0
 20
0.0
 30
0.0
210
0.0
220
0.0
230
1.0
  2
FP_1
 70
     0
 71
     0
 91
        1
 92
        1
 93
        5
 72
     1
 10
9219.46338285356
 20
35890.00000000005
 11
10324.46338455276
 21
35890.00000000005
 72
     1
 10
10324.46338455276
 20
35890.00000000005
 11
10324.46338455276
 21
36020.00000000005
 72
     1
 10
10324.46338455276
 20
36020.00000000005
 11
9219.46338285356
 21
36020.00000000005
 72
     1
 10
9219.46338285356
 20
36020.00000000005
 11
9219.46338285356
 21
35941.78926259777
 72
     1
 10
9219.46338285356
 20
35941.78926259777
 11
9219.46338285356
 21
35890.00000000005
 97
        0
 75
     0
 76
     2
 52
0.0
 41
1.0
 77
     0
 78
     9
 53
0.0
 43
17793.881
 44
1200.0
 45
406.4
 46
101.6
 79
     5
 49
33.528
 49
-271.272
 49
33.528
 49
-271.272
 49
-1625.6
 53
0.0
 43
17793.881
 44
1200.0
 45
406.4
 46
101.6
 79
     6
 49
-609.6
 49
33.528
 49
-576.072
 49
33.528
 49
-271.272
 49
-711.2
 53
0.0
 43
17793.881
 44
1200.0
 45
406.4
 46
101.6
 79
     5
 49
-1524.0
 49
33.528
 49
-169.672
 49
33.528
 49
-474.472
 53
120.0
 43
17946.281
 44
1250.8
 45
-291.1881810244989
 46
301.1527240979959
 79
     5
 49
33.52799999999999
 49
-271.2719999999999
 49
33.52799999999999
 49
-271.2719999999999
 49
-1625.6
 53
120.0
 43
17946.281
 44
1250.8
 45
-291.1881810244989
 46
301.1527240979959
 79
     6
 49
-609.5999999999999
 49
33.52799999999999
 49
-576.0719999999999
 49
33.52799999999999
 49
-271.2719999999999
 49
-711.1999999999999
 53
120.0
 43
17946.281
 44
1250.8
 45
-291.1881810244989
 46
301.1527240979959
 79
     5
 49
-1524.0
 49
33.52799999999999
 49
-169.672
 49
33.52799999999999
 49
-474.4719999999999
 53
240.0
 43
17997.081
 44
1454.0
 45
-115.2118189755009
 46
-402.7527240979958
 79
     5
 49
33.528
 49
-271.272
 49
33.528
 49
-271.272
 49
-1625.6
 53
240.0
 43
17997.081
 44
1454.0
 45
-115.2118189755009
 46
-402.7527240979958
 79
     6
 49
-609.6
 49
33.528
 49
-576.072
 49
33.528
 49
-271.272
 49
-711.2
 53
240.0
 43
17997.081
 44
1454.0
 45
-115.2118189755009
 46
-402.7527240979958
 79
     5
 49
-1524.0
 49
33.528
 49
-169.672
 49
33.528
 49
-474.472
 98
        1
 10
0.0
 20
0.0
1001
REVIT
1002
{
1070
     1
1000
1565365
1002
}
1002
{
1070
     5
1000
1602992
1002
}
1002
{
1070
     2
1000
-2000011
1002
}
1002
{
1070
     3
1000
-2000540
1002
}
  0
LINE
  5
20F
330
70
100
AcDbEntity
  8
A-DETL-MEDM
100
AcDbLine
 10
10324.46338455277
 20
36020.0
 30
0.0
 11
9219.463382853568
 21
36020.0
 31
0.0
1001
REVIT
1002
{
1070
     1
1000
1565365
1002
}
1002
{
1070
     5
1000
1602992
1002
}
1002
{
1070
     2
1000
-2000051
1002
}
1002
{
1070
     3
1000
-2000043
1002
}
  0
LINE
  5
210
330
70
100
AcDbEntity
  8
A-DETL-MEDM
100
AcDbLine
 10
9219.463382853568
 20
36020.0
 30
0.0
 11
9219.463382853568
 21
35890.0
 31
0.0
1001
REVIT
1002
{
1070
     1
1000
1565365
1002
}
1002
{
1070
     5
1000
1602992
1002
}
1002
{
1070
     2
1000
-2000051
1002
}
1002
{
1070
     3
1000
-2000043
1002
}
  0
LINE
  5
211
330
70
100
AcDbEntity
  8
A-DETL-MEDM
100
AcDbLine
 10
9083.988971686138
 20
35890.0
 30
0.0
 11
9083.988971686138
 21
37940.0
 31
0.0
1001
REVIT
1002
{
1070
     1
1000
1566069
1002
}
1002
{
1070
     5
1000
1426535
1002
}
1002
{
1070
     2
1000
-2000051
1002
}
1002
{
1070
     3
1000
-2000043
1002
}
  0
LINE
  5
212
330
70
100
AcDbEntity
  8
A-DETL-MEDM
100
AcDbLine
 10
9133.988971686138
 20
35890.0
 30
0.0
 11
9133.988971686138
 21
37940.0
 31
0.0
1001
REVIT
1002
{
1070
     1
1000
1566069
1002
}
1002
{
1070
     5
1000
1426535
1002
}
1002
{
1070
     2
1000
-2000051
1002
}
1002
{
1070
     3
1000
-2000043
1002
}
  0
LINE
  5
213
330
70
100
AcDbEntity
  8
A-DETL-MEDM
100
AcDbLine
 10
9233.988971686138
 20
36020.0
 30
0.0
 11
9233.988971686138
 21
37940.0
 31
0.0
1001
REVIT
1002
{
1070
     1
1000
1566583
1002
}
1002
{
1070
     5
1000
1426535
1002
}
1002
{
1070
     2
1000
-2000051
1002
}
1002
{
1070
     3
1000
-2000043
1002
}
  0
LINE
  5
214
330
70
100
AcDbEntity
  8
A-DETL-MEDM
100
AcDbLine
 10
9283.988971686138
 20
36020.0
 30
0.0
 11
9283.988971686138
 21
37940.0
 31
0.0
1001
REVIT
1002
{
1070
     1
1000
1566583
1002
}
1002
{
1070
     5
1000
1426535
1002
}
1002
{
1070
     2
1000
-2000051
1002
}
1002
{
1070
     3
1000
-2000043
1002
}
  0
LINE
  5
215
330
70
100
AcDbEntity
  8
A-DETL-MEDM
100
AcDbLine
 10
9383.98897168614
 20
36020.0
 30
0.0
 11
9383.98897168614
 21
37940.0
 31
0.0
1001
REVIT
1002
{
1070
     1
1000
1566592
1002
}
1002
{
1070
     5
1000
1426535
1002
}
1002
{
1070
     2
1000
-2000051
1002
}
1002
{
1070
     3
1000
-2000043
1002
}
  0
LINE
  5
216
330
70
100
AcDbEntity
  8
A-DETL-MEDM
100
AcDbLine
 10
9433.988971686138
 20
36020.0
 30
0.0
 11
9433.988971686138
 21
37940.0
 31
0.0
1001
REVIT
1002
{
1070
     1
1000
1566592
1002
}
1002
{
1070
     5
1000
1426535
1002
}
1002
{
1070
     2
1000
-2000051
1002
}
1002
{
1070
     3
1000
-2000043
1002
}
  0
HATCH
  5
21C
330
70
100
AcDbEntity
  8
A-WALL-PATT
100
AcDbHatch
 10
0.0
 20
0.0
 30
0.0
210
0.0
220
0.0
230
1.0
  2
FP_1
 70
     0
 71
     0
 91
        1
 92
        1
 93
        5
 72
     1
 10
9009.463382853559
 20
37940.00000000005
 11
9194.46338285356
 21
37940.00000000005
 72
     1
 10
9194.46338285356
 20
37940.00000000005
 11
9194.46338285356
 21
38713.92563274942
 72
     1
 10
9194.46338285356
 20
38713.92563274942
 11
9009.463382853559
 21
38730.1110355017
 72
     1
 10
9009.463382853559
 20
38730.1110355017
 11
9009.463382853559
 21
38280.36773871884
 72
     1
 10
9009.463382853559
 20
38280.36773871884
 11
9009.463382853559
 21
37940.00000000005
 97
        0
 75
     0
 76
     2
 52
0.0
 41
1.0
 77
     0
 78
     9
 53
0.0
 43
17793.881
 44
1200.0
 45
406.4
 46
101.6
 79
     5
 49
33.528
 49
-271.272
 49
33.528
 49
-271.272
 49
-1625.6
 53
0.0
 43
17793.881
 44
1200.0
 45
406.4
 46
101.6
 79
     6
 49
-609.6
 49
33.528
 49
-576.072
 49
33.528
 49
-271.272
 49
-711.2
 53
0.0
 43
17793.881
 44
1200.0
 45
406.4
 46
101.6
 79
     5
 49
-1524.0
 49
33.528
 49
-169.672
 49
33.528
 49
-474.472
 53
120.0
 43
17946.281
 44
1250.8
 45
-291.1881810244989
 46
301.1527240979959
 79
     5
 49
33.52799999999999
 49
-271.2719999999999
 49
33.52799999999999
 49
-271.2719999999999
 49
-1625.6
 53
120.0
 43
17946.281
 44
1250.8
 45
-291.1881810244989
 46
301.1527240979959
 79
     6
 49
-609.5999999999999
 49
33.52799999999999
 49
-576.0719999999999
 49
33.52799999999999
 49
-271.2719999999999
 49
-711.1999999999999
 53
120.0
 43
17946.281
 44
1250.8
 45
-291.1881810244989
 46
301.1527240979959
 79
     5
 49
-1524.0
 49
33.52799999999999
 49
-169.672
 49
33.52799999999999
 49
-474.4719999999999
 53
240.0
 43
17997.081
 44
1454.0
 45
-115.2118189755009
 46
-402.7527240979958
 79
     5
 49
33.528
 49
-271.272
 49
33.528
 49
-271.272
 49
-1625.6
 53
240.0
 43
17997.081
 44
1454.0
 45
-115.2118189755009
 46
-402.7527240979958
 79
     6
 49
-609.6
 49
33.528
 49
-576.072
 49
33.528
 49
-271.272
 49
-711.2
 53
240.0
 43
17997.081
 44
1454.0
 45
-115.2118189755009
 46
-402.7527240979958
 79
     5
 49
-1524.0
 49
33.528
 49
-169.672
 49
33.528
 49
-474.472
 98
        1
 10
0.0
 20
0.0
1001
REVIT
1002
{
1070
     1
1000
1567430
1002
}
1002
{
1070
     5
1000
1602992
1002
}
1002
{
1070
     2
1000
-2000011
1002
}
1002
{
1070
     3
1000
-2000540
1002
}
  0
HATCH
  5
224
330
70
100
AcDbEntity
  8
A-WALL-PATT
100
AcDbHatch
 10
0.0
 20
0.0
 30
0.0
210
0.0
220
0.0
230
1.0
  2
FP_1
 70
     0
 71
     0
 91
        1
 92
        1
 93
        5
 72
     1
 10
10324.46338455279
 20
37940.00000000005
 11
10324.46338455279
 21
38615.06344281646
 72
     1
 10
10324.46338455279
 20
38615.06344281646
 11
9194.46338285356
 21
38713.92563274942
 72
     1
 10
9194.46338285356
 20
38713.92563274942
 11
9194.46338285356
 21
37940.00000000005
 72
     1
 10
9194.46338285356
 20
37940.00000000005
 11
9647.457269278024
 21
37940.00000000005
 72
     1
 10
9647.457269278024
 20
37940.00000000005
 11
10324.46338455279
 21
37940.00000000005
 97
        0
 75
     0
 76
     2
 52
0.0
 41
1.0
 77
     0
 78
     9
 53
0.0
 43
17793.881
 44
1200.0
 45
406.4
 46
101.6
 79
     5
 49
33.528
 49
-271.272
 49
33.528
 49
-271.272
 49
-1625.6
 53
0.0
 43
17793.881
 44
1200.0
 45
406.4
 46
101.6
 79
     6
 49
-609.6
 49
33.528
 49
-576.072
 49
33.528
 49
-271.272
 49
-711.2
 53
0.0
 43
17793.881
 44
1200.0
 45
406.4
 46
101.6
 79
     5
 49
-1524.0
 49
33.528
 49
-169.672
 49
33.528
 49
-474.472
 53
120.0
 43
17946.281
 44
1250.8
 45
-291.1881810244989
 46
301.1527240979959
 79
     5
 49
33.52799999999999
 49
-271.2719999999999
 49
33.52799999999999
 49
-271.2719999999999
 49
-1625.6
 53
120.0
 43
17946.281
 44
1250.8
 45
-291.1881810244989
 46
301.1527240979959
 79
     6
 49
-609.5999999999999
 49
33.52799999999999
 49
-576.0719999999999
 49
33.52799999999999
 49
-271.2719999999999
 49
-711.1999999999999
 53
120.0
 43
17946.281
 44
1250.8
 45
-291.1881810244989
 46
301.1527240979959
 79
     5
 49
-1524.0
 49
33.52799999999999
 49
-169.672
 49
33.52799999999999
 49
-474.4719999999999
 53
240.0
 43
17997.081
 44
1454.0
 45
-115.2118189755009
 46
-402.7527240979958
 79
     5
 49
33.528
 49
-271.272
 49
33.528
 49
-271.272
 49
-1625.6
 53
240.0
 43
17997.081
 44
1454.0
 45
-115.2118189755009
 46
-402.7527240979958
 79
     6
 49
-609.6
 49
33.528
 49
-576.072
 49
33.528
 49
-271.272
 49
-711.2
 53
240.0
 43
17997.081
 44
1454.0
 45
-115.2118189755009
 46
-402.7527240979958
 79
     5
 49
-1524.0
 49
33.528
 49
-169.672
 49
33.528
 49
-474.472
 98
        1
 10
0.0
 20
0.0
1001
REVIT
1002
{
1070
     1
1000
1567630
1002
}
1002
{
1070
     5
1000
1602992
1002
}
1002
{
1070
     2
1000
-2000011
1002
}
1002
{
1070
     3
1000
-2000540
1002
}
  0
LINE
  5
225
330
70
100
AcDbEntity
  8
A-DETL-MEDM
100
AcDbLine
 10
9009.463382853568
 20
37940.0
 30
0.0
 11
10324.4633845528
 21
37940.0
 31
0.0
1001
REVIT
1002
{
1070
     1
1000
1567630
1002
}
1002
{
1070
     5
1000
1602992
1002
}
1002
{
1070
     2
1000
-2000051
1002
}
1002
{
1070
     3
1000
-2000043
1002
}
  0
INSERT
  5
22B
330
70
100
AcDbEntity
  8
A-GLAZ-CURT
100
AcDbBlockReference
  2
System Panel - Glazed-2541518-rhs
 10
0.0
 20
0.0
 30
0.0
1001
REVIT
1002
{
1070
     1
1000
1570002
1002
}
1002
{
1070
     5
1000
1321568
1002
}
1002
{
1070
     2
1000
-2000170
1002
}
  0
INSERT
  5
230
330
70
100
AcDbEntity
  8
A-GLAZ-CURT
100
AcDbBlockReference
  2
System Panel - Glazed-1570521-rhs
 10
0.0
 20
0.0
 30
0.0
1001
REVIT
1002
{
1070
     1
1000
1570265
1002
}
1002
{
1070
     5
1000
1321568
1002
}
1002
{
1070
     2
1000
-2000170
1002
}
  0
INSERT
  5
237
330
70
100
AcDbEntity
  8
A-GLAZ-CWMG
100
AcDbBlockReference
  2
Rectangular Mullion - 25x25-1571407-rhs
 10
0.0
 20
0.0
 30
0.0
1001
REVIT
1002
{
1070
     1
1000
1570356
1002
}
1002
{
1070
     5
1000
1560816
1002
}
1002
{
1070
     2
1000
-2000171
1002
}
  0
INSERT
  5
23C
330
70
100
AcDbEntity
  8
A-GLAZ-CURT
100
AcDbBlockReference
  2
System Panel - Glazed-1571408-rhs
 10
0.0
 20
0.0
 30
0.0
1001
REVIT
1002
{
1070
     1
1000
1570518
1002
}
1002
{
1070
     5
1000
1321568
1002
}
1002
{
1070
     2
1000
-2000170
1002
}
  0
INSERT
  5
242
330
70
100
AcDbEntity
  8
A-GLAZ-CWMG
100
AcDbBlockReference
  2
Rectangular Mullion - 25x25-1570524-rhs
 10
0.0
 20
0.0
 30
0.0
1001
REVIT
1002
{
1070
     1
1000
1570522
1002
}
1002
{
1070
     5
1000
1560816
1002
}
1002
{
1070
     2
1000
-2000171
1002
}
  0
LINE
  5
243
330
70
100
AcDbEntity
  8
S-STRS
370
    25
100
AcDbLine
 10
12756.59963057756
 20
30314.0
 30
0.0
 11
12006.59963057756
 21
30314.0
 31
0.0
1001
REVIT
1002
{
1070
     1
1000
1593500
1002
}
1002
{
1070
     5
1000
204884
1002
}
1002
{
1070
     2
1000
-2000120
1002
}
  0
LINE
  5
244
330
70
100
AcDbEntity
  8
S-STRS
370
    25
100
AcDbLine
 10
12006.59963057756
 20
30131.75771621273
 30
0.0
 11
12032.33545117572
 21
30114.0
 31
0.0
1001
REVIT
1002
{
1070
     1
1000
1593500
1002
}
1002
{
1070
     5
1000
204884
1002
}
1002
{
1070
     2
1000
-2000120
1002
}
  0
LINE
  5
245
330
70
100
AcDbEntity
  8
S-STRS
370
    25
100
AcDbLine
 10
12032.33545117572
 20
30114.0
 30
0.0
 11
12532.33545117572
 21
30114.0
 31
0.0
1001
REVIT
1002
{
1070
     1
1000
1593500
1002
}
1002
{
1070
     5
1000
204884
1002
}
1002
{
1070
     2
1000
-2000120
1002
}
  0
LINE
  5
246
330
70
100
AcDbEntity
  8
S-STRS
370
    25
100
AcDbLine
 10
12532.33545117572
 20
30114.0
 30
0.0
 11
12756.59963057756
 21
29959.25771621273
 31
0.0
1001
REVIT
1002
{
1070
     1
1000
1593500
1002
}
1002
{
1070
     5
1000
204884
1002
}
1002
{
1070
     2
1000
-2000120
1002
}
  0
LINE
  5
247
330
70
100
AcDbEntity
  8
S-STRS
370
    25
100
AcDbLine
 10
12756.59963057756
 20
30141.50000000001
 30
0.0
 11
12756.59963057756
 21
30314.0
 31
0.0
1001
REVIT
1002
{
1070
     1
1000
1593500
1002
}
1002
{
1070
     5
1000
204884
1002
}
1002
{
1070
     2
1000
-2000120
1002
}
  0
LINE
  5
248
330
70
100
AcDbEntity
  8
S-STRS
370
    25
100
AcDbLine
 10
12756.59963057756
 20
30315.0
 30
0.0
 11
12006.59963057756
 21
30315.0
 31
0.0
1001
REVIT
1002
{
1070
     1
1000
1593500
1002
}
1002
{
1070
     5
1000
204884
1002
}
1002
{
1070
     2
1000
-2000120
1002
}
1002
{
1070
     3
1000
-2000921
1002
}
  0
LINE
  5
249
330
70
100
AcDbEntity
  8
S-STRS
370
    25
100
AcDbLine
 10
12006.59963057756
 20
30315.0
 30
0.0
 11
12006.59963057756
 21
30314.0
 31
0.0
1001
REVIT
1002
{
1070
     1
1000
1593500
1002
}
1002
{
1070
     5
1000
204884
1002
}
1002
{
1070
     2
1000
-2000120
1002
}
1002
{
1070
     3
1000
-2000921
1002
}
  0
LINE
  5
24A
330
70
100
AcDbEntity
  8
S-STRS
370
    25
100
AcDbLine
 10
12006.59963057756
 20
30314.0
 30
0.0
 11
12756.59963057756
 21
30314.0
 31
0.0
1001
REVIT
1002
{
1070
     1
1000
1593500
1002
}
1002
{
1070
     5
1000
204884
1002
}
1002
{
1070
     2
1000
-2000120
1002
}
1002
{
1070
     3
1000
-2000921
1002
}
  0
LINE
  5
24B
330
70
100
AcDbEntity
  8
S-STRS
370
    25
100
AcDbLine
 10
12756.59963057756
 20
30314.0
 30
0.0
 11
12756.59963057756
 21
30315.0
 31
0.0
1001
REVIT
1002
{
1070
     1
1000
1593500
1002
}
1002
{
1070
     5
1000
204884
1002
}
1002
{
1070
     2
1000
-2000120
1002
}
1002
{
1070
     3
1000
-2000921
1002
}
  0
LINE
  5
24C
330
70
100
AcDbEntity
  8
S-STRS
370
    25
100
AcDbLine
 10
12006.59963057756
 20
30486.5
 30
0.0
 11
11756.59963057756
 21
30486.5
 31
0.0
1001
REVIT
1002
{
1070
     1
1000
1593500
1002
}
1002
{
1070
     5
1000
204884
1002
}
1002
{
1070
     2
1000
-2000120
1002
}
  0
LINE
  5
24D
330
70
100
AcDbEntity
  8
S-STRS
370
    25
100
AcDbLine
 10
11756.59963057756
 20
30486.5
 30
0.0
 11
11756.59963057756
 21
30659.0
 31
0.0
1001
REVIT
1002
{
1070
     1
1000
1593500
1002
}
1002
{
1070
     5
1000
204884
1002
}
1002
{
1070
     2
1000
-2000120
1002
}
  0
LINE
  5
24E
330
70
100
AcDbEntity
  8
S-STRS
370
    25
100
AcDbLine
 10
11756.59963057756
 20
30659.0
 30
0.0
 11
11506.59963057756
 21
30659.0
 31
0.0
1001
REVIT
1002
{
1070
     1
1000
1593500
1002
}
1002
{
1070
     5
1000
204884
1002
}
1002
{
1070
     2
1000
-2000120
1002
}
  0
LINE
  5
24F
330
70
100
AcDbEntity
  8
S-STRS
370
    25
100
AcDbLine
 10
11506.59963057756
 20
30659.0
 30
0.0
 11
11506.59963057756
 21
30831.5
 31
0.0
1001
REVIT
1002
{
1070
     1
1000
1593500
1002
}
1002
{
1070
     5
1000
204884
1002
}
1002
{
1070
     2
1000
-2000120
1002
}
  0
LINE
  5
250
330
70
100
AcDbEntity
  8
S-STRS
370
    25
100
AcDbLine
 10
11506.59963057756
 20
30831.5
 30
0.0
 11
11256.59963057756
 21
30831.5
 31
0.0
1001
REVIT
1002
{
1070
     1
1000
1593500
1002
}
1002
{
1070
     5
1000
204884
1002
}
1002
{
1070
     2
1000
-2000120
1002
}
  0
LINE
  5
251
330
70
100
AcDbEntity
  8
S-STRS
370
    25
100
AcDbLine
 10
11256.59963057756
 20
30831.5
 30
0.0
 11
11256.59963057756
 21
31004.0
 31
0.0
1001
REVIT
1002
{
1070
     1
1000
1593500
1002
}
1002
{
1070
     5
1000
204884
1002
}
1002
{
1070
     2
1000
-2000120
1002
}
  0
LINE
  5
252
330
70
100
AcDbEntity
  8
S-STRS
370
    25
100
AcDbLine
 10
11256.59963057756
 20
31004.0
 30
0.0
 11
11006.59963057756
 21
31004.0
 31
0.0
1001
REVIT
1002
{
1070
     1
1000
1593500
1002
}
1002
{
1070
     5
1000
204884
1002
}
1002
{
1070
     2
1000
-2000120
1002
}
  0
LINE
  5
253
330
70
100
AcDbEntity
  8
S-STRS
370
    25
100
AcDbLine
 10
11006.59963057756
 20
31004.0
 30
0.0
 11
11006.59963057756
 21
31176.5
 31
0.0
1001
REVIT
1002
{
1070
     1
1000
1593500
1002
}
1002
{
1070
     5
1000
204884
1002
}
1002
{
1070
     2
1000
-2000120
1002
}
  0
LINE
  5
254
330
70
100
AcDbEntity
  8
S-STRS
370
    25
100
AcDbLine
 10
11006.59963057756
 20
31176.5
 30
0.0
 11
10756.59963057756
 21
31176.5
 31
0.0
1001
REVIT
1002
{
1070
     1
1000
1593500
1002
}
1002
{
1070
     5
1000
204884
1002
}
1002
{
1070
     2
1000
-2000120
1002
}
  0
LINE
  5
255
330
70
100
AcDbEntity
  8
S-STRS
370
    25
100
AcDbLine
 10
10756.59963057756
 20
31176.5
 30
0.0
 11
10756.59963057756
 21
31349.00000000001
 31
0.0
1001
REVIT
1002
{
1070
     1
1000
1593500
1002
}
1002
{
1070
     5
1000
204884
1002
}
1002
{
1070
     2
1000
-2000120
1002
}
  0
LINE
  5
256
330
70
100
AcDbEntity
  8
S-STRS
370
    25
100
AcDbLine
 10
10756.59963057756
 20
31349.00000000001
 30
0.0
 11
10506.59963057756
 21
31349.00000000001
 31
0.0
1001
REVIT
1002
{
1070
     1
1000
1593500
1002
}
1002
{
1070
     5
1000
204884
1002
}
1002
{
1070
     2
1000
-2000120
1002
}
  0
LINE
  5
257
330
70
100
AcDbEntity
  8
S-STRS
370
    25
100
AcDbLine
 10
10506.59963057756
 20
31349.00000000001
 30
0.0
 11
10506.59963057756
 21
31521.50000000001
 31
0.0
1001
REVIT
1002
{
1070
     1
1000
1593500
1002
}
1002
{
1070
     5
1000
204884
1002
}
1002
{
1070
     2
1000
-2000120
1002
}
  0
LINE
  5
258
330
70
100
AcDbEntity
  8
S-STRS
370
    25
100
AcDbLine
 10
10506.59963057756
 20
31521.50000000001
 30
0.0
 11
10256.59963057756
 21
31521.50000000001
 31
0.0
1001
REVIT
1002
{
1070
     1
1000
1593500
1002
}
1002
{
1070
     5
1000
204884
1002
}
1002
{
1070
     2
1000
-2000120
1002
}
  0
LINE
  5
259
330
70
100
AcDbEntity
  8
S-STRS
370
    25
100
AcDbLine
 10
10256.59963057756
 20
31521.50000000001
 30
0.0
 11
10256.59963057756
 21
31694.00000000001
 31
0.0
1001
REVIT
1002
{
1070
     1
1000
1593500
1002
}
1002
{
1070
     5
1000
204884
1002
}
1002
{
1070
     2
1000
-2000120
1002
}
  0
LINE
  5
25A
330
70
100
AcDbEntity
  8
S-STRS
370
    25
100
AcDbLine
 10
10256.59963057756
 20
31694.00000000001
 30
0.0
 11
10006.59963057756
 21
31694.00000000001
 31
0.0
1001
REVIT
1002
{
1070
     1
1000
1593500
1002
}
1002
{
1070
     5
1000
204884
1002
}
1002
{
1070
     2
1000
-2000120
1002
}
  0
LINE
  5
25B
330
70
100
AcDbEntity
  8
S-STRS
370
    25
100
AcDbLine
 10
10006.59963057756
 20
31694.00000000001
 30
0.0
 11
10006.59963057756
 21
31866.50000000001
 31
0.0
1001
REVIT
1002
{
1070
     1
1000
1593500
1002
}
1002
{
1070
     5
1000
204884
1002
}
1002
{
1070
     2
1000
-2000120
1002
}
  0
LINE
  5
25C
330
70
100
AcDbEntity
  8
S-STRS
370
    25
100
AcDbLine
 10
10006.59963057756
 20
31866.50000000001
 30
0.0
 11
9756.599630577559
 21
31866.50000000001
 31
0.0
1001
REVIT
1002
{
1070
     1
1000
1593500
1002
}
1002
{
1070
     5
1000
204884
1002
}
1002
{
1070
     2
1000
-2000120
1002
}
  0
LINE
  5
25D
330
70
100
AcDbEntity
  8
S-STRS
370
    25
100
AcDbLine
 10
9756.599630577559
 20
31684.25771621274
 30
0.0
 11
12006.59963057756
 21
30131.75771621273
 31
0.0
1001
REVIT
1002
{
1070
     1
1000
1593500
1002
}
1002
{
1070
     5
1000
204884
1002
}
1002
{
1070
     2
1000
-2000120
1002
}
  0
LINE
  5
25E
330
70
100
AcDbEntity
  8
S-STRS
370
    25
100
AcDbLine
 10
12006.59963057756
 20
30314.0
 30
0.0
 11
12006.59963057756
 21
30486.5
 31
0.0
1001
REVIT
1002
{
1070
     1
1000
1593500
1002
}
1002
{
1070
     5
1000
204884
1002
}
1002
{
1070
     2
1000
-2000120
1002
}
  0
LINE
  5
25F
330
70
100
AcDbEntity
  8
S-STRS
370
    25
100
AcDbLine
 10
12006.59963057756
 20
30487.5
 30
0.0
 11
11756.59963057756
 21
30487.5
 31
0.0
1001
REVIT
1002
{
1070
     1
1000
1593500
1002
}
1002
{
1070
     5
1000
204884
1002
}
1002
{
1070
     2
1000
-2000120
1002
}
1002
{
1070
     3
1000
-2000921
1002
}
  0
LINE
  5
260
330
70
100
AcDbEntity
  8
S-STRS
370
    25
100
AcDbLine
 10
11756.59963057756
 20
30487.5
 30
0.0
 11
11756.59963057756
 21
30486.5
 31
0.0
1001
REVIT
1002
{
1070
     1
1000
1593500
1002
}
1002
{
1070
     5
1000
204884
1002
}
1002
{
1070
     2
1000
-2000120
1002
}
1002
{
1070
     3
1000
-2000921
1002
}
  0
LINE
  5
261
330
70
100
AcDbEntity
  8
S-STRS
370
    25
100
AcDbLine
 10
11756.59963057756
 20
30486.5
 30
0.0
 11
12006.59963057756
 21
30486.5
 31
0.0
1001
REVIT
1002
{
1070
     1
1000
1593500
1002
}
1002
{
1070
     5
1000
204884
1002
}
1002
{
1070
     2
1000
-2000120
1002
}
1002
{
1070
     3
1000
-2000921
1002
}
  0
LINE
  5
262
330
70
100
AcDbEntity
  8
S-STRS
370
    25
100
AcDbLine
 10
12006.59963057756
 20
30486.5
 30
0.0
 11
12006.59963057756
 21
30487.5
 31
0.0
1001
REVIT
1002
{
1070
     1
1000
1593500
1002
}
1002
{
1070
     5
1000
204884
1002
}
1002
{
1070
     2
1000
-2000120
1002
}
1002
{
1070
     3
1000
-2000921
1002
}
  0
LINE
  5
263
330
70
100
AcDbEntity
  8
S-STRS
370
    25
100
AcDbLine
 10
11756.59963057756
 20
30660.0
 30
0.0
 11
11506.59963057756
 21
30660.0
 31
0.0
1001
REVIT
1002
{
1070
     1
1000
1593500
1002
}
1002
{
1070
     5
1000
204884
1002
}
1002
{
1070
     2
1000
-2000120
1002
}
1002
{
1070
     3
1000
-2000921
1002
}
  0
LINE
  5
264
330
70
100
AcDbEntity
  8
S-STRS
370
    25
100
AcDbLine
 10
11506.59963057756
 20
30660.0
 30
0.0
 11
11506.59963057756
 21
30659.0
 31
0.0
1001
REVIT
1002
{
1070
     1
1000
1593500
1002
}
1002
{
1070
     5
1000
204884
1002
}
1002
{
1070
     2
1000
-2000120
1002
}
1002
{
1070
     3
1000
-2000921
1002
}
  0
LINE
  5
265
330
70
100
AcDbEntity
  8
S-STRS
370
    25
100
AcDbLine
 10
11506.59963057756
 20
30659.0
 30
0.0
 11
11756.59963057756
 21
30659.0
 31
0.0
1001
REVIT
1002
{
1070
     1
1000
1593500
1002
}
1002
{
1070
     5
1000
204884
1002
}
1002
{
1070
     2
1000
-2000120
1002
}
1002
{
1070
     3
1000
-2000921
1002
}
  0
LINE
  5
266
330
70
100
AcDbEntity
  8
S-STRS
370
    25
100
AcDbLine
 10
11756.59963057756
 20
30659.0
 30
0.0
 11
11756.59963057756
 21
30660.0
 31
0.0
1001
REVIT
1002
{
1070
     1
1000
1593500
1002
}
1002
{
1070
     5
1000
204884
1002
}
1002
{
1070
     2
1000
-2000120
1002
}
1002
{
1070
     3
1000
-2000921
1002
}
  0
LINE
  5
267
330
70
100
AcDbEntity
  8
S-STRS
370
    25
100
AcDbLine
 10
11506.59963057756
 20
30832.5
 30
0.0
 11
11256.59963057756
 21
30832.5
 31
0.0
1001
REVIT
1002
{
1070
     1
1000
1593500
1002
}
1002
{
1070
     5
1000
204884
1002
}
1002
{
1070
     2
1000
-2000120
1002
}
1002
{
1070
     3
1000
-2000921
1002
}
  0
LINE
  5
268
330
70
100
AcDbEntity
  8
S-STRS
370
    25
100
AcDbLine
 10
11256.59963057756
 20
30832.5
 30
0.0
 11
11256.59963057756
 21
30831.5
 31
0.0
1001
REVIT
1002
{
1070
     1
1000
1593500
1002
}
1002
{
1070
     5
1000
204884
1002
}
1002
{
1070
     2
1000
-2000120
1002
}
1002
{
1070
     3
1000
-2000921
1002
}
  0
LINE
  5
269
330
70
100
AcDbEntity
  8
S-STRS
370
    25
100
AcDbLine
 10
11256.59963057756
 20
30831.5
 30
0.0
 11
11506.59963057756
 21
30831.5
 31
0.0
1001
REVIT
1002
{
1070
     1
1000
1593500
1002
}
1002
{
1070
     5
1000
204884
1002
}
1002
{
1070
     2
1000
-2000120
1002
}
1002
{
1070
     3
1000
-2000921
1002
}
  0
LINE
  5
26A
330
70
100
AcDbEntity
  8
S-STRS
370
    25
100
AcDbLine
 10
11506.59963057756
 20
30831.5
 30
0.0
 11
11506.59963057756
 21
30832.5
 31
0.0
1001
REVIT
1002
{
1070
     1
1000
1593500
1002
}
1002
{
1070
     5
1000
204884
1002
}
1002
{
1070
     2
1000
-2000120
1002
}
1002
{
1070
     3
1000
-2000921
1002
}
  0
LINE
  5
26B
330
70
100
AcDbEntity
  8
S-STRS
370
    25
100
AcDbLine
 10
11256.59963057756
 20
31005.0
 30
0.0
 11
11006.59963057756
 21
31005.0
 31
0.0
1001
REVIT
1002
{
1070
     1
1000
1593500
1002
}
1002
{
1070
     5
1000
204884
1002
}
1002
{
1070
     2
1000
-2000120
1002
}
1002
{
1070
     3
1000
-2000921
1002
}
  0
LINE
  5
26C
330
70
100
AcDbEntity
  8
S-STRS
370
    25
100
AcDbLine
 10
11006.59963057756
 20
31005.0
 30
0.0
 11
11006.59963057756
 21
31004.0
 31
0.0
1001
REVIT
1002
{
1070
     1
1000
1593500
1002
}
1002
{
1070
     5
1000
204884
1002
}
1002
{
1070
     2
1000
-2000120
1002
}
1002
{
1070
     3
1000
-2000921
1002
}
  0
LINE
  5
26D
330
70
100
AcDbEntity
  8
S-STRS
370
    25
100
AcDbLine
 10
11006.59963057756
 20
31004.0
 30
0.0
 11
11256.59963057756
 21
31004.0
 31
0.0
1001
REVIT
1002
{
1070
     1
1000
1593500
1002
}
1002
{
1070
     5
1000
204884
1002
}
1002
{
1070
     2
1000
-2000120
1002
}
1002
{
1070
     3
1000
-2000921
1002
}
  0
LINE
  5
26E
330
70
100
AcDbEntity
  8
S-STRS
370
    25
100
AcDbLine
 10
11256.59963057756
 20
31004.0
 30
0.0
 11
11256.59963057756
 21
31005.0
 31
0.0
1001
REVIT
1002
{
1070
     1
1000
1593500
1002
}
1002
{
1070
     5
1000
204884
1002
}
1002
{
1070
     2
1000
-2000120
1002
}
1002
{
1070
     3
1000
-2000921
1002
}
  0
LINE
  5
26F
330
70
100
AcDbEntity
  8
S-STRS
370
    25
100
AcDbLine
 10
11006.59963057756
 20
31177.5
 30
0.0
 11
10756.59963057756
 21
31177.5
 31
0.0
1001
REVIT
1002
{
1070
     1
1000
1593500
1002
}
1002
{
1070
     5
1000
204884
1002
}
1002
{
1070
     2
1000
-2000120
1002
}
1002
{
1070
     3
1000
-2000921
1002
}
  0
LINE
  5
270
330
70
100
AcDbEntity
  8
S-STRS
370
    25
100
AcDbLine
 10
10756.59963057756
 20
31177.5
 30
0.0
 11
10756.59963057756
 21
31176.5
 31
0.0
1001
REVIT
1002
{
1070
     1
1000
1593500
1002
}
1002
{
1070
     5
1000
204884
1002
}
1002
{
1070
     2
1000
-2000120
1002
}
1002
{
1070
     3
1000
-2000921
1002
}
  0
LINE
  5
271
330
70
100
AcDbEntity
  8
S-STRS
370
    25
100
AcDbLine
 10
10756.59963057756
 20
31176.5
 30
0.0
 11
11006.59963057756
 21
31176.5
 31
0.0
1001
REVIT
1002
{
1070
     1
1000
1593500
1002
}
1002
{
1070
     5
1000
204884
1002
}
1002
{
1070
     2
1000
-2000120
1002
}
1002
{
1070
     3
1000
-2000921
1002
}
  0
LINE
  5
272
330
70
100
AcDbEntity
  8
S-STRS
370
    25
100
AcDbLine
 10
11006.59963057756
 20
31176.5
 30
0.0
 11
11006.59963057756
 21
31177.5
 31
0.0
1001
REVIT
1002
{
1070
     1
1000
1593500
1002
}
1002
{
1070
     5
1000
204884
1002
}
1002
{
1070
     2
1000
-2000120
1002
}
1002
{
1070
     3
1000
-2000921
1002
}
  0
LINE
  5
273
330
70
100
AcDbEntity
  8
S-STRS
370
    25
100
AcDbLine
 10
10756.59963057756
 20
31350.00000000001
 30
0.0
 11
10506.59963057756
 21
31350.00000000001
 31
0.0
1001
REVIT
1002
{
1070
     1
1000
1593500
1002
}
1002
{
1070
     5
1000
204884
1002
}
1002
{
1070
     2
1000
-2000120
1002
}
1002
{
1070
     3
1000
-2000921
1002
}
  0
LINE
  5
274
330
70
100
AcDbEntity
  8
S-STRS
370
    25
100
AcDbLine
 10
10506.59963057756
 20
31350.00000000001
 30
0.0
 11
10506.59963057756
 21
31349.00000000001
 31
0.0
1001
REVIT
1002
{
1070
     1
1000
1593500
1002
}
1002
{
1070
     5
1000
204884
1002
}
1002
{
1070
     2
1000
-2000120
1002
}
1002
{
1070
     3
1000
-2000921
1002
}
  0
LINE
  5
275
330
70
100
AcDbEntity
  8
S-STRS
370
    25
100
AcDbLine
 10
10506.59963057756
 20
31349.00000000001
 30
0.0
 11
10756.59963057756
 21
31349.00000000001
 31
0.0
1001
REVIT
1002
{
1070
     1
1000
1593500
1002
}
1002
{
1070
     5
1000
204884
1002
}
1002
{
1070
     2
1000
-2000120
1002
}
1002
{
1070
     3
1000
-2000921
1002
}
  0
LINE
  5
276
330
70
100
AcDbEntity
  8
S-STRS
370
    25
100
AcDbLine
 10
10756.59963057756
 20
31349.00000000001
 30
0.0
 11
10756.59963057756
 21
31350.00000000001
 31
0.0
1001
REVIT
1002
{
1070
     1
1000
1593500
1002
}
1002
{
1070
     5
1000
204884
1002
}
1002
{
1070
     2
1000
-2000120
1002
}
1002
{
1070
     3
1000
-2000921
1002
}
  0
LINE
  5
277
330
70
100
AcDbEntity
  8
S-STRS
370
    25
100
AcDbLine
 10
10506.59963057756
 20
31522.50000000001
 30
0.0
 11
10256.59963057756
 21
31522.50000000001
 31
0.0
1001
REVIT
1002
{
1070
     1
1000
1593500
1002
}
1002
{
1070
     5
1000
204884
1002
}
1002
{
1070
     2
1000
-2000120
1002
}
1002
{
1070
     3
1000
-2000921
1002
}
  0
LINE
  5
278
330
70
100
AcDbEntity
  8
S-STRS
370
    25
100
AcDbLine
 10
10256.59963057756
 20
31522.50000000001
 30
0.0
 11
10256.59963057756
 21
31521.50000000001
 31
0.0
1001
REVIT
1002
{
1070
     1
1000
1593500
1002
}
1002
{
1070
     5
1000
204884
1002
}
1002
{
1070
     2
1000
-2000120
1002
}
1002
{
1070
     3
1000
-2000921
1002
}
  0
LINE
  5
279
330
70
100
AcDbEntity
  8
S-STRS
370
    25
100
AcDbLine
 10
10256.59963057756
 20
31521.50000000001
 30
0.0
 11
10506.59963057756
 21
31521.50000000001
 31
0.0
1001
REVIT
1002
{
1070
     1
1000
1593500
1002
}
1002
{
1070
     5
1000
204884
1002
}
1002
{
1070
     2
1000
-2000120
1002
}
1002
{
1070
     3
1000
-2000921
1002
}
  0
LINE
  5
27A
330
70
100
AcDbEntity
  8
S-STRS
370
    25
100
AcDbLine
 10
10506.59963057756
 20
31521.50000000001
 30
0.0
 11
10506.59963057756
 21
31522.50000000001
 31
0.0
1001
REVIT
1002
{
1070
     1
1000
1593500
1002
}
1002
{
1070
     5
1000
204884
1002
}
1002
{
1070
     2
1000
-2000120
1002
}
1002
{
1070
     3
1000
-2000921
1002
}
  0
LINE
  5
27B
330
70
100
AcDbEntity
  8
S-STRS
370
    25
100
AcDbLine
 10
10256.59963057756
 20
31695.00000000001
 30
0.0
 11
10006.59963057756
 21
31695.00000000001
 31
0.0
1001
REVIT
1002
{
1070
     1
1000
1593500
1002
}
1002
{
1070
     5
1000
204884
1002
}
1002
{
1070
     2
1000
-2000120
1002
}
1002
{
1070
     3
1000
-2000921
1002
}
  0
LINE
  5
27C
330
70
100
AcDbEntity
  8
S-STRS
370
    25
100
AcDbLine
 10
10006.59963057756
 20
31695.00000000001
 30
0.0
 11
10006.59963057756
 21
31694.00000000001
 31
0.0
1001
REVIT
1002
{
1070
     1
1000
1593500
1002
}
1002
{
1070
     5
1000
204884
1002
}
1002
{
1070
     2
1000
-2000120
1002
}
1002
{
1070
     3
1000
-2000921
1002
}
  0
LINE
  5
27D
330
70
100
AcDbEntity
  8
S-STRS
370
    25
100
AcDbLine
 10
10006.59963057756
 20
31694.00000000001
 30
0.0
 11
10256.59963057756
 21
31694.00000000001
 31
0.0
1001
REVIT
1002
{
1070
     1
1000
1593500
1002
}
1002
{
1070
     5
1000
204884
1002
}
1002
{
1070
     2
1000
-2000120
1002
}
1002
{
1070
     3
1000
-2000921
1002
}
  0
LINE
  5
27E
330
70
100
AcDbEntity
  8
S-STRS
370
    25
100
AcDbLine
 10
10256.59963057756
 20
31694.00000000001
 30
0.0
 11
10256.59963057756
 21
31695.00000000001
 31
0.0
1001
REVIT
1002
{
1070
     1
1000
1593500
1002
}
1002
{
1070
     5
1000
204884
1002
}
1002
{
1070
     2
1000
-2000120
1002
}
1002
{
1070
     3
1000
-2000921
1002
}
  0
LINE
  5
27F
330
70
100
AcDbEntity
  8
S-STRS
370
    25
100
AcDbLine
 10
10006.59963057756
 20
31867.50000000001
 30
0.0
 11
9756.599630577559
 21
31867.50000000001
 31
0.0
1001
REVIT
1002
{
1070
     1
1000
1593500
1002
}
1002
{
1070
     5
1000
204884
1002
}
1002
{
1070
     2
1000
-2000120
1002
}
1002
{
1070
     3
1000
-2000921
1002
}
  0
LINE
  5
280
330
70
100
AcDbEntity
  8
S-STRS
370
    25
100
AcDbLine
 10
9756.599630577559
 20
31866.50000000001
 30
0.0
 11
10006.59963057756
 21
31866.50000000001
 31
0.0
1001
REVIT
1002
{
1070
     1
1000
1593500
1002
}
1002
{
1070
     5
1000
204884
1002
}
1002
{
1070
     2
1000
-2000120
1002
}
1002
{
1070
     3
1000
-2000921
1002
}
  0
LINE
  5
281
330
70
100
AcDbEntity
  8
S-STRS
370
    25
100
AcDbLine
 10
10006.59963057756
 20
31866.50000000001
 30
0.0
 11
10006.59963057756
 21
31867.50000000001
 31
0.0
1001
REVIT
1002
{
1070
     1
1000
1593500
1002
}
1002
{
1070
     5
1000
204884
1002
}
1002
{
1070
     2
1000
-2000120
1002
}
1002
{
1070
     3
1000
-2000921
1002
}
  0
LINE
  5
282
330
70
100
AcDbEntity
  8
S-STRS
370
    25
100
AcDbLine
 10
15006.59963057756
 20
28761.50000000001
 30
0.0
 11
14756.59963057756
 21
28761.50000000001
 31
0.0
1001
REVIT
1002
{
1070
     1
1000
1593500
1002
}
1002
{
1070
     5
1000
204884
1002
}
1002
{
1070
     2
1000
-2000120
1002
}
  0
LINE
  5
283
330
70
100
AcDbEntity
  8
S-STRS
370
    25
100
AcDbLine
 10
14756.59963057756
 20
28761.50000000001
 30
0.0
 11
14756.59963057756
 21
28934.0
 31
0.0
1001
REVIT
1002
{
1070
     1
1000
1593500
1002
}
1002
{
1070
     5
1000
204884
1002
}
1002
{
1070
     2
1000
-2000120
1002
}
  0
LINE
  5
284
330
70
100
AcDbEntity
  8
S-STRS
370
    25
100
AcDbLine
 10
14756.59963057756
 20
28934.0
 30
0.0
 11
14506.59963057756
 21
28934.0
 31
0.0
1001
REVIT
1002
{
1070
     1
1000
1593500
1002
}
1002
{
1070
     5
1000
204884
1002
}
1002
{
1070
     2
1000
-2000120
1002
}
  0
LINE
  5
285
330
70
100
AcDbEntity
  8
S-STRS
370
    25
100
AcDbLine
 10
14506.59963057756
 20
28934.0
 30
0.0
 11
14506.59963057756
 21
29106.5
 31
0.0
1001
REVIT
1002
{
1070
     1
1000
1593500
1002
}
1002
{
1070
     5
1000
204884
1002
}
1002
{
1070
     2
1000
-2000120
1002
}
  0
LINE
  5
286
330
70
100
AcDbEntity
  8
S-STRS
370
    25
100
AcDbLine
 10
14506.59963057756
 20
29106.5
 30
0.0
 11
14256.59963057756
 21
29106.5
 31
0.0
1001
REVIT
1002
{
1070
     1
1000
1593500
1002
}
1002
{
1070
     5
1000
204884
1002
}
1002
{
1070
     2
1000
-2000120
1002
}
  0
LINE
  5
287
330
70
100
AcDbEntity
  8
S-STRS
370
    25
100
AcDbLine
 10
14256.59963057756
 20
29106.5
 30
0.0
 11
14256.59963057756
 21
29279.0
 31
0.0
1001
REVIT
1002
{
1070
     1
1000
1593500
1002
}
1002
{
1070
     5
1000
204884
1002
}
1002
{
1070
     2
1000
-2000120
1002
}
  0
LINE
  5
288
330
70
100
AcDbEntity
  8
S-STRS
370
    25
100
AcDbLine
 10
14256.59963057756
 20
29279.0
 30
0.0
 11
14006.59963057756
 21
29279.0
 31
0.0
1001
REVIT
1002
{
1070
     1
1000
1593500
1002
}
1002
{
1070
     5
1000
204884
1002
}
1002
{
1070
     2
1000
-2000120
1002
}
  0
LINE
  5
289
330
70
100
AcDbEntity
  8
S-STRS
370
    25
100
AcDbLine
 10
14006.59963057756
 20
29279.0
 30
0.0
 11
14006.59963057756
 21
29451.50000000001
 31
0.0
1001
REVIT
1002
{
1070
     1
1000
1593500
1002
}
1002
{
1070
     5
1000
204884
1002
}
1002
{
1070
     2
1000
-2000120
1002
}
  0
LINE
  5
28A
330
70
100
AcDbEntity
  8
S-STRS
370
    25
100
AcDbLine
 10
14006.59963057756
 20
29451.50000000001
 30
0.0
 11
13756.59963057756
 21
29451.50000000001
 31
0.0
1001
REVIT
1002
{
1070
     1
1000
1593500
1002
}
1002
{
1070
     5
1000
204884
1002
}
1002
{
1070
     2
1000
-2000120
1002
}
  0
LINE
  5
28B
330
70
100
AcDbEntity
  8
S-STRS
370
    25
100
AcDbLine
 10
13756.59963057756
 20
29451.50000000001
 30
0.0
 11
13756.59963057756
 21
29624.00000000001
 31
0.0
1001
REVIT
1002
{
1070
     1
1000
1593500
1002
}
1002
{
1070
     5
1000
204884
1002
}
1002
{
1070
     2
1000
-2000120
1002
}
  0
LINE
  5
28C
330
70
100
AcDbEntity
  8
S-STRS
370
    25
100
AcDbLine
 10
13756.59963057756
 20
29624.00000000001
 30
0.0
 11
13506.59963057756
 21
29624.00000000001
 31
0.0
1001
REVIT
1002
{
1070
     1
1000
1593500
1002
}
1002
{
1070
     5
1000
204884
1002
}
1002
{
1070
     2
1000
-2000120
1002
}
  0
LINE
  5
28D
330
70
100
AcDbEntity
  8
S-STRS
370
    25
100
AcDbLine
 10
13506.59963057756
 20
29624.00000000001
 30
0.0
 11
13506.59963057756
 21
29796.50000000001
 31
0.0
1001
REVIT
1002
{
1070
     1
1000
1593500
1002
}
1002
{
1070
     5
1000
204884
1002
}
1002
{
1070
     2
1000
-2000120
1002
}
  0
LINE
  5
28E
330
70
100
AcDbEntity
  8
S-STRS
370
    25
100
AcDbLine
 10
13506.59963057756
 20
29796.50000000001
 30
0.0
 11
13256.59963057756
 21
29796.50000000001
 31
0.0
1001
REVIT
1002
{
1070
     1
1000
1593500
1002
}
1002
{
1070
     5
1000
204884
1002
}
1002
{
1070
     2
1000
-2000120
1002
}
  0
LINE
  5
28F
330
70
100
AcDbEntity
  8
S-STRS
370
    25
100
AcDbLine
 10
13256.59963057756
 20
29796.50000000001
 30
0.0
 11
13256.59963057756
 21
29969.00000000001
 31
0.0
1001
REVIT
1002
{
1070
     1
1000
1593500
1002
}
1002
{
1070
     5
1000
204884
1002
}
1002
{
1070
     2
1000
-2000120
1002
}
  0
LINE
  5
290
330
70
100
AcDbEntity
  8
S-STRS
370
    25
100
AcDbLine
 10
13256.59963057756
 20
29969.00000000001
 30
0.0
 11
13006.59963057756
 21
29969.00000000001
 31
0.0
1001
REVIT
1002
{
1070
     1
1000
1593500
1002
}
1002
{
1070
     5
1000
204884
1002
}
1002
{
1070
     2
1000
-2000120
1002
}
  0
LINE
  5
291
330
70
100
AcDbEntity
  8
S-STRS
370
    25
100
AcDbLine
 10
13006.59963057756
 20
29969.00000000001
 30
0.0
 11
13006.59963057756
 21
30141.50000000001
 31
0.0
1001
REVIT
1002
{
1070
     1
1000
1593500
1002
}
1002
{
1070
     5
1000
204884
1002
}
1002
{
1070
     2
1000
-2000120
1002
}
  0
LINE
  5
292
330
70
100
AcDbEntity
  8
S-STRS
370
    25
100
AcDbLine
 10
13006.59963057756
 20
30141.50000000001
 30
0.0
 11
12756.59963057756
 21
30141.50000000001
 31
0.0
1001
REVIT
1002
{
1070
     1
1000
1593500
1002
}
1002
{
1070
     5
1000
204884
1002
}
1002
{
1070
     2
1000
-2000120
1002
}
  0
LINE
  5
293
330
70
100
AcDbEntity
  8
S-STRS
370
    25
100
AcDbLine
 10
12756.59963057756
 20
29959.25771621273
 30
0.0
 11
14741.03110334963
 21
28590.0
 31
0.0
1001
REVIT
1002
{
1070
     1
1000
1593500
1002
}
1002
{
1070
     5
1000
204884
1002
}
1002
{
1070
     2
1000
-2000120
1002
}
  0
LINE
  5
294
330
70
100
AcDbEntity
  8
S-STRS
370
    25
100
AcDbLine
 10
15006.59963057756
 20
28590.0
 30
0.0
 11
15006.59963057756
 21
28761.50000000001
 31
0.0
1001
REVIT
1002
{
1070
     1
1000
1593500
1002
}
1002
{
1070
     5
1000
204884
1002
}
1002
{
1070
     2
1000
-2000120
1002
}
  0
LINE
  5
295
330
70
100
AcDbEntity
  8
S-STRS
370
    25
100
AcDbLine
 10
15006.59963057756
 20
28762.5
 30
0.0
 11
14756.59963057756
 21
28762.5
 31
0.0
1001
REVIT
1002
{
1070
     1
1000
1593500
1002
}
1002
{
1070
     5
1000
204884
1002
}
1002
{
1070
     2
1000
-2000120
1002
}
1002
{
1070
     3
1000
-2000921
1002
}
  0
LINE
  5
296
330
70
100
AcDbEntity
  8
S-STRS
370
    25
100
AcDbLine
 10
14756.59963057756
 20
28762.5
 30
0.0
 11
14756.59963057756
 21
28761.5
 31
0.0
1001
REVIT
1002
{
1070
     1
1000
1593500
1002
}
1002
{
1070
     5
1000
204884
1002
}
1002
{
1070
     2
1000
-2000120
1002
}
1002
{
1070
     3
1000
-2000921
1002
}
  0
LINE
  5
297
330
70
100
AcDbEntity
  8
S-STRS
370
    25
100
AcDbLine
 10
14756.59963057756
 20
28761.5
 30
0.0
 11
15006.59963057756
 21
28761.5
 31
0.0
1001
REVIT
1002
{
1070
     1
1000
1593500
1002
}
1002
{
1070
     5
1000
204884
1002
}
1002
{
1070
     2
1000
-2000120
1002
}
1002
{
1070
     3
1000
-2000921
1002
}
  0
LINE
  5
298
330
70
100
AcDbEntity
  8
S-STRS
370
    25
100
AcDbLine
 10
15006.59963057756
 20
28761.5
 30
0.0
 11
15006.59963057756
 21
28762.5
 31
0.0
1001
REVIT
1002
{
1070
     1
1000
1593500
1002
}
1002
{
1070
     5
1000
204884
1002
}
1002
{
1070
     2
1000
-2000120
1002
}
1002
{
1070
     3
1000
-2000921
1002
}
  0
LINE
  5
299
330
70
100
AcDbEntity
  8
S-STRS
370
    25
100
AcDbLine
 10
14756.59963057756
 20
28935.0
 30
0.0
 11
14506.59963057756
 21
28935.0
 31
0.0
1001
REVIT
1002
{
1070
     1
1000
1593500
1002
}
1002
{
1070
     5
1000
204884
1002
}
1002
{
1070
     2
1000
-2000120
1002
}
1002
{
1070
     3
1000
-2000921
1002
}
  0
LINE
  5
29A
330
70
100
AcDbEntity
  8
S-STRS
370
    25
100
AcDbLine
 10
14506.59963057756
 20
28935.0
 30
0.0
 11
14506.59963057756
 21
28934.0
 31
0.0
1001
REVIT
1002
{
1070
     1
1000
1593500
1002
}
1002
{
1070
     5
1000
204884
1002
}
1002
{
1070
     2
1000
-2000120
1002
}
1002
{
1070
     3
1000
-2000921
1002
}
  0
LINE
  5
29B
330
70
100
AcDbEntity
  8
S-STRS
370
    25
100
AcDbLine
 10
14506.59963057756
 20
28934.0
 30
0.0
 11
14756.59963057756
 21
28934.0
 31
0.0
1001
REVIT
1002
{
1070
     1
1000
1593500
1002
}
1002
{
1070
     5
1000
204884
1002
}
1002
{
1070
     2
1000
-2000120
1002
}
1002
{
1070
     3
1000
-2000921
1002
}
  0
LINE
  5
29C
330
70
100
AcDbEntity
  8
S-STRS
370
    25
100
AcDbLine
 10
14756.59963057756
 20
28934.0
 30
0.0
 11
14756.59963057756
 21
28935.0
 31
0.0
1001
REVIT
1002
{
1070
     1
1000
1593500
1002
}
1002
{
1070
     5
1000
204884
1002
}
1002
{
1070
     2
1000
-2000120
1002
}
1002
{
1070
     3
1000
-2000921
1002
}
  0
LINE
  5
29D
330
70
100
AcDbEntity
  8
S-STRS
370
    25
100
AcDbLine
 10
14506.59963057756
 20
29107.5
 30
0.0
 11
14256.59963057756
 21
29107.5
 31
0.0
1001
REVIT
1002
{
1070
     1
1000
1593500
1002
}
1002
{
1070
     5
1000
204884
1002
}
1002
{
1070
     2
1000
-2000120
1002
}
1002
{
1070
     3
1000
-2000921
1002
}
  0
LINE
  5
29E
330
70
100
AcDbEntity
  8
S-STRS
370
    25
100
AcDbLine
 10
14256.59963057756
 20
29107.5
 30
0.0
 11
14256.59963057756
 21
29106.5
 31
0.0
1001
REVIT
1002
{
1070
     1
1000
1593500
1002
}
1002
{
1070
     5
1000
204884
1002
}
1002
{
1070
     2
1000
-2000120
1002
}
1002
{
1070
     3
1000
-2000921
1002
}
  0
LINE
  5
29F
330
70
100
AcDbEntity
  8
S-STRS
370
    25
100
AcDbLine
 10
14256.59963057756
 20
29106.5
 30
0.0
 11
14506.59963057756
 21
29106.5
 31
0.0
1001
REVIT
1002
{
1070
     1
1000
1593500
1002
}
1002
{
1070
     5
1000
204884
1002
}
1002
{
1070
     2
1000
-2000120
1002
}
1002
{
1070
     3
1000
-2000921
1002
}
  0
LINE
  5
2A0
330
70
100
AcDbEntity
  8
S-STRS
370
    25
100
AcDbLine
 10
14506.59963057756
 20
29106.5
 30
0.0
 11
14506.59963057756
 21
29107.5
 31
0.0
1001
REVIT
1002
{
1070
     1
1000
1593500
1002
}
1002
{
1070
     5
1000
204884
1002
}
1002
{
1070
     2
1000
-2000120
1002
}
1002
{
1070
     3
1000
-2000921
1002
}
  0
LINE
  5
2A1
330
70
100
AcDbEntity
  8
S-STRS
370
    25
100
AcDbLine
 10
14256.59963057756
 20
29280.0
 30
0.0
 11
14006.59963057756
 21
29280.0
 31
0.0
1001
REVIT
1002
{
1070
     1
1000
1593500
1002
}
1002
{
1070
     5
1000
204884
1002
}
1002
{
1070
     2
1000
-2000120
1002
}
1002
{
1070
     3
1000
-2000921
1002
}
  0
LINE
  5
2A2
330
70
100
AcDbEntity
  8
S-STRS
370
    25
100
AcDbLine
 10
14006.59963057756
 20
29280.0
 30
0.0
 11
14006.59963057756
 21
29279.0
 31
0.0
1001
REVIT
1002
{
1070
     1
1000
1593500
1002
}
1002
{
1070
     5
1000
204884
1002
}
1002
{
1070
     2
1000
-2000120
1002
}
1002
{
1070
     3
1000
-2000921
1002
}
  0
LINE
  5
2A3
330
70
100
AcDbEntity
  8
S-STRS
370
    25
100
AcDbLine
 10
14006.59963057756
 20
29279.0
 30
0.0
 11
14256.59963057756
 21
29279.0
 31
0.0
1001
REVIT
1002
{
1070
     1
1000
1593500
1002
}
1002
{
1070
     5
1000
204884
1002
}
1002
{
1070
     2
1000
-2000120
1002
}
1002
{
1070
     3
1000
-2000921
1002
}
  0
LINE
  5
2A4
330
70
100
AcDbEntity
  8
S-STRS
370
    25
100
AcDbLine
 10
14256.59963057756
 20
29279.0
 30
0.0
 11
14256.59963057756
 21
29280.0
 31
0.0
1001
REVIT
1002
{
1070
     1
1000
1593500
1002
}
1002
{
1070
     5
1000
204884
1002
}
1002
{
1070
     2
1000
-2000120
1002
}
1002
{
1070
     3
1000
-2000921
1002
}
  0
LINE
  5
2A5
330
70
100
AcDbEntity
  8
S-STRS
370
    25
100
AcDbLine
 10
14006.59963057756
 20
29452.5
 30
0.0
 11
13756.59963057756
 21
29452.5
 31
0.0
1001
REVIT
1002
{
1070
     1
1000
1593500
1002
}
1002
{
1070
     5
1000
204884
1002
}
1002
{
1070
     2
1000
-2000120
1002
}
1002
{
1070
     3
1000
-2000921
1002
}
  0
LINE
  5
2A6
330
70
100
AcDbEntity
  8
S-STRS
370
    25
100
AcDbLine
 10
13756.59963057756
 20
29452.5
 30
0.0
 11
13756.59963057756
 21
29451.5
 31
0.0
1001
REVIT
1002
{
1070
     1
1000
1593500
1002
}
1002
{
1070
     5
1000
204884
1002
}
1002
{
1070
     2
1000
-2000120
1002
}
1002
{
1070
     3
1000
-2000921
1002
}
  0
LINE
  5
2A7
330
70
100
AcDbEntity
  8
S-STRS
370
    25
100
AcDbLine
 10
13756.59963057756
 20
29451.5
 30
0.0
 11
14006.59963057756
 21
29451.5
 31
0.0
1001
REVIT
1002
{
1070
     1
1000
1593500
1002
}
1002
{
1070
     5
1000
204884
1002
}
1002
{
1070
     2
1000
-2000120
1002
}
1002
{
1070
     3
1000
-2000921
1002
}
  0
LINE
  5
2A8
330
70
100
AcDbEntity
  8
S-STRS
370
    25
100
AcDbLine
 10
14006.59963057756
 20
29451.5
 30
0.0
 11
14006.59963057756
 21
29452.5
 31
0.0
1001
REVIT
1002
{
1070
     1
1000
1593500
1002
}
1002
{
1070
     5
1000
204884
1002
}
1002
{
1070
     2
1000
-2000120
1002
}
1002
{
1070
     3
1000
-2000921
1002
}
  0
LINE
  5
2A9
330
70
100
AcDbEntity
  8
S-STRS
370
    25
100
AcDbLine
 10
13756.59963057756
 20
29625.0
 30
0.0
 11
13506.59963057756
 21
29625.0
 31
0.0
1001
REVIT
1002
{
1070
     1
1000
1593500
1002
}
1002
{
1070
     5
1000
204884
1002
}
1002
{
1070
     2
1000
-2000120
1002
}
1002
{
1070
     3
1000
-2000921
1002
}
  0
LINE
  5
2AA
330
70
100
AcDbEntity
  8
S-STRS
370
    25
100
AcDbLine
 10
13506.59963057756
 20
29625.0
 30
0.0
 11
13506.59963057756
 21
29624.0
 31
0.0
1001
REVIT
1002
{
1070
     1
1000
1593500
1002
}
1002
{
1070
     5
1000
204884
1002
}
1002
{
1070
     2
1000
-2000120
1002
}
1002
{
1070
     3
1000
-2000921
1002
}
  0
LINE
  5
2AB
330
70
100
AcDbEntity
  8
S-STRS
370
    25
100
AcDbLine
 10
13506.59963057756
 20
29624.0
 30
0.0
 11
13756.59963057756
 21
29624.0
 31
0.0
1001
REVIT
1002
{
1070
     1
1000
1593500
1002
}
1002
{
1070
     5
1000
204884
1002
}
1002
{
1070
     2
1000
-2000120
1002
}
1002
{
1070
     3
1000
-2000921
1002
}
  0
LINE
  5
2AC
330
70
100
AcDbEntity
  8
S-STRS
370
    25
100
AcDbLine
 10
13756.59963057756
 20
29624.0
 30
0.0
 11
13756.59963057756
 21
29625.0
 31
0.0
1001
REVIT
1002
{
1070
     1
1000
1593500
1002
}
1002
{
1070
     5
1000
204884
1002
}
1002
{
1070
     2
1000
-2000120
1002
}
1002
{
1070
     3
1000
-2000921
1002
}
  0
LINE
  5
2AD
330
70
100
AcDbEntity
  8
S-STRS
370
    25
100
AcDbLine
 10
13506.59963057756
 20
29797.5
 30
0.0
 11
13256.59963057756
 21
29797.5
 31
0.0
1001
REVIT
1002
{
1070
     1
1000
1593500
1002
}
1002
{
1070
     5
1000
204884
1002
}
1002
{
1070
     2
1000
-2000120
1002
}
1002
{
1070
     3
1000
-2000921
1002
}
  0
LINE
  5
2AE
330
70
100
AcDbEntity
  8
S-STRS
370
    25
100
AcDbLine
 10
13256.59963057756
 20
29797.5
 30
0.0
 11
13256.59963057756
 21
29796.5
 31
0.0
1001
REVIT
1002
{
1070
     1
1000
1593500
1002
}
1002
{
1070
     5
1000
204884
1002
}
1002
{
1070
     2
1000
-2000120
1002
}
1002
{
1070
     3
1000
-2000921
1002
}
  0
LINE
  5
2AF
330
70
100
AcDbEntity
  8
S-STRS
370
    25
100
AcDbLine
 10
13256.59963057756
 20
29796.5
 30
0.0
 11
13506.59963057756
 21
29796.5
 31
0.0
1001
REVIT
1002
{
1070
     1
1000
1593500
1002
}
1002
{
1070
     5
1000
204884
1002
}
1002
{
1070
     2
1000
-2000120
1002
}
1002
{
1070
     3
1000
-2000921
1002
}
  0
LINE
  5
2B0
330
70
100
AcDbEntity
  8
S-STRS
370
    25
100
AcDbLine
 10
13506.59963057756
 20
29796.5
 30
0.0
 11
13506.59963057756
 21
29797.5
 31
0.0
1001
REVIT
1002
{
1070
     1
1000
1593500
1002
}
1002
{
1070
     5
1000
204884
1002
}
1002
{
1070
     2
1000
-2000120
1002
}
1002
{
1070
     3
1000
-2000921
1002
}
  0
LINE
  5
2B1
330
70
100
AcDbEntity
  8
S-STRS
370
    25
100
AcDbLine
 10
13256.59963057756
 20
29970.0
 30
0.0
 11
13006.59963057756
 21
29970.0
 31
0.0
1001
REVIT
1002
{
1070
     1
1000
1593500
1002
}
1002
{
1070
     5
1000
204884
1002
}
1002
{
1070
     2
1000
-2000120
1002
}
1002
{
1070
     3
1000
-2000921
1002
}
  0
LINE
  5
2B2
330
70
100
AcDbEntity
  8
S-STRS
370
    25
100
AcDbLine
 10
13006.59963057756
 20
29970.0
 30
0.0
 11
13006.59963057756
 21
29969.0
 31
0.0
1001
REVIT
1002
{
1070
     1
1000
1593500
1002
}
1002
{
1070
     5
1000
204884
1002
}
1002
{
1070
     2
1000
-2000120
1002
}
1002
{
1070
     3
1000
-2000921
1002
}
  0
LINE
  5
2B3
330
70
100
AcDbEntity
  8
S-STRS
370
    25
100
AcDbLine
 10
13006.59963057756
 20
29969.0
 30
0.0
 11
13256.59963057756
 21
29969.0
 31
0.0
1001
REVIT
1002
{
1070
     1
1000
1593500
1002
}
1002
{
1070
     5
1000
204884
1002
}
1002
{
1070
     2
1000
-2000120
1002
}
1002
{
1070
     3
1000
-2000921
1002
}
  0
LINE
  5
2B4
330
70
100
AcDbEntity
  8
S-STRS
370
    25
100
AcDbLine
 10
13256.59963057756
 20
29969.0
 30
0.0
 11
13256.59963057756
 21
29970.0
 31
0.0
1001
REVIT
1002
{
1070
     1
1000
1593500
1002
}
1002
{
1070
     5
1000
204884
1002
}
1002
{
1070
     2
1000
-2000120
1002
}
1002
{
1070
     3
1000
-2000921
1002
}
  0
LINE
  5
2B5
330
70
100
AcDbEntity
  8
S-STRS
370
    25
100
AcDbLine
 10
13006.59963057756
 20
30142.5
 30
0.0
 11
12756.59963057756
 21
30142.5
 31
0.0
1001
REVIT
1002
{
1070
     1
1000
1593500
1002
}
1002
{
1070
     5
1000
204884
1002
}
1002
{
1070
     2
1000
-2000120
1002
}
1002
{
1070
     3
1000
-2000921
1002
}
  0
LINE
  5
2B6
330
70
100
AcDbEntity
  8
S-STRS
370
    25
100
AcDbLine
 10
12756.59963057756
 20
30142.5
 30
0.0
 11
12756.59963057756
 21
30141.5
 31
0.0
1001
REVIT
1002
{
1070
     1
1000
1593500
1002
}
1002
{
1070
     5
1000
204884
1002
}
1002
{
1070
     2
1000
-2000120
1002
}
1002
{
1070
     3
1000
-2000921
1002
}
  0
LINE
  5
2B7
330
70
100
AcDbEntity
  8
S-STRS
370
    25
100
AcDbLine
 10
12756.59963057756
 20
30141.5
 30
0.0
 11
13006.59963057756
 21
30141.5
 31
0.0
1001
REVIT
1002
{
1070
     1
1000
1593500
1002
}
1002
{
1070
     5
1000
204884
1002
}
1002
{
1070
     2
1000
-2000120
1002
}
1002
{
1070
     3
1000
-2000921
1002
}
  0
LINE
  5
2B8
330
70
100
AcDbEntity
  8
S-STRS
370
    25
100
AcDbLine
 10
13006.59963057756
 20
30141.5
 30
0.0
 11
13006.59963057756
 21
30142.5
 31
0.0
1001
REVIT
1002
{
1070
     1
1000
1593500
1002
}
1002
{
1070
     5
1000
204884
1002
}
1002
{
1070
     2
1000
-2000120
1002
}
1002
{
1070
     3
1000
-2000921
1002
}
  0
INSERT
  5
3CF
330
70
100
AcDbEntity
  8
A-DETL-MEDM
100
AcDbBlockReference
  2
Windows 1 - Windows 1-1602304-rhs
 10
0.0
 20
0.0
 30
0.0
1001
REVIT
1002
{
1070
     1
1000
1602579
1002
}
1002
{
1070
     5
1000
1602304
1002
}
1002
{
1070
     2
1000
-2000051
1002
}
1002
{
1070
     3
1000
-2000043
1002
}
  0
INSERT
  5
3D9
330
70
100
AcDbEntity
  8
A-GLAZ-HDLN
100
AcDbBlockReference
  2
FIXED MOULDING ON AND OFF - A1204-2341869-rhs
 10
0.0
 20
0.0
 30
0.0
1001
REVIT
1002
{
1070
     1
1000
1631781
1002
}
1002
{
1070
     5
1000
2341845
1002
}
1002
{
1070
     2
1000
-2000014
1002
}
1002
{
1070
     3
1000
-2009500
1002
}
  0
INSERT
  5
3E0
330
70
100
AcDbEntity
  8
A-DOOR
100
AcDbBlockReference
  2
Single - Timber Frame  - 870x2400-2599487-rhs
 10
0.0
 20
0.0
 30
0.0
1001
REVIT
1002
{
1070
     1
1000
1634756
1002
}
1002
{
1070
     5
1000
2599461
1002
}
1002
{
1070
     2
1000
-2000023
1002
}
  0
INSERT
  5
3EC
330
70
100
AcDbEntity
  8
A-GLAZ
100
AcDbBlockReference
  2
2 panel 1 mullion - AF0615-1979268-rhs
 10
0.0
 20
0.0
 30
0.0
1001
REVIT
1002
{
1070
     1
1000
1635926
1002
}
1002
{
1070
     5
1000
1536701
1002
}
1002
{
1070
     2
1000
-2000014
1002
}
  0
INSERT
  5
3F6
330
70
100
AcDbEntity
  8
A-GLAZ-HDLN
100
AcDbBlockReference
  2
FIXED MOULDING ON AND OFF - A0616-2008254-rhs
 10
0.0
 20
0.0
 30
0.0
1001
REVIT
1002
{
1070
     1
1000
1636637
1002
}
1002
{
1070
     5
1000
1670368
1002
}
1002
{
1070
     2
1000
-2000014
1002
}
1002
{
1070
     3
1000
-2009500
1002
}
  0
HATCH
  5
3FC
330
70
100
AcDbEntity
  8
A-WALL-PATT
100
AcDbHatch
 10
0.0
 20
0.0
 30
0.0
210
0.0
220
0.0
230
1.0
  2
FP_1
 70
     0
 71
     0
 91
        1
 92
        1
 93
        5
 72
     1
 10
20579.4633838673
 20
36141.06513241281
 11
20579.44238710304
 21
36589.0
 72
     1
 10
20579.44238710304
 20
36589.0
 11
20394.46338386729
 21
36589.00000000001
 72
     1
 10
20394.46338386729
 20
36589.00000000001
 11
20394.46338386729
 21
36157.25053516511
 72
     1
 10
20394.46338386729
 20
36157.25053516511
 11
20403.78331253374
 21
36156.43514706192
 72
     1
 10
20403.78331253374
 20
36156.43514706192
 11
20579.4633838673
 21
36141.06513241281
 97
        0
 75
     0
 76
     2
 52
0.0
 41
1.0
 77
     0
 78
     9
 53
0.0
 43
17793.881
 44
1200.0
 45
406.4
 46
101.6
 79
     5
 49
33.528
 49
-271.272
 49
33.528
 49
-271.272
 49
-1625.6
 53
0.0
 43
17793.881
 44
1200.0
 45
406.4
 46
101.6
 79
     6
 49
-609.6
 49
33.528
 49
-576.072
 49
33.528
 49
-271.272
 49
-711.2
 53
0.0
 43
17793.881
 44
1200.0
 45
406.4
 46
101.6
 79
     5
 49
-1524.0
 49
33.528
 49
-169.672
 49
33.528
 49
-474.472
 53
120.0
 43
17946.281
 44
1250.8
 45
-291.1881810244989
 46
301.1527240979959
 79
     5
 49
33.52799999999999
 49
-271.2719999999999
 49
33.52799999999999
 49
-271.2719999999999
 49
-1625.6
 53
120.0
 43
17946.281
 44
1250.8
 45
-291.1881810244989
 46
301.1527240979959
 79
     6
 49
-609.5999999999999
 49
33.52799999999999
 49
-576.0719999999999
 49
33.52799999999999
 49
-271.2719999999999
 49
-711.1999999999999
 53
120.0
 43
17946.281
 44
1250.8
 45
-291.1881810244989
 46
301.1527240979959
 79
     5
 49
-1524.0
 49
33.52799999999999
 49
-169.672
 49
33.52799999999999
 49
-474.4719999999999
 53
240.0
 43
17997.081
 44
1454.0
 45
-115.2118189755009
 46
-402.7527240979958
 79
     5
 49
33.528
 49
-271.272
 49
33.528
 49
-271.272
 49
-1625.6
 53
240.0
 43
17997.081
 44
1454.0
 45
-115.2118189755009
 46
-402.7527240979958
 79
     6
 49
-609.6
 49
33.528
 49
-576.072
 49
33.528
 49
-271.272
 49
-711.2
 53
240.0
 43
17997.081
 44
1454.0
 45
-115.2118189755009
 46
-402.7527240979958
 79
     5
 49
-1524.0
 49
33.528
 49
-169.672
 49
33.528
 49
-474.472
 98
        1
 10
0.0
 20
0.0
1001
REVIT
1002
{
1070
     1
1000
1650078
1002
}
1002
{
1070
     5
1000
1602992
1002
}
1002
{
1070
     2
1000
-2000011
1002
}
1002
{
1070
     3
1000
-2000540
1002
}
  0
LINE
  5
3FD
330
70
100
AcDbEntity
  8
A-DETL-MEDM
100
AcDbLine
 10
20579.46338386729
 20
36588.99999999995
 30
0.0
 11
20579.46338386729
 21
36141.06513241277
 31
0.0
1001
REVIT
1002
{
1070
     1
1000
1650078
1002
}
1002
{
1070
     5
1000
1602992
1002
}
1002
{
1070
     2
1000
-2000051
1002
}
1002
{
1070
     3
1000
-2000043
1002
}
  0
HATCH
  5
40D
330
70
100
AcDbEntity
  8
A-WALL-PATT
100
AcDbHatch
 10
0.0
 20
0.0
 30
0.0
210
0.0
220
0.0
230
1.0
  2
FP_1
 70
     0
 71
     0
 91
        3
 92
        1
 93
        4
 72
     1
 10
20394.46338386729
 20
35458.03747644175
 11
20394.46338386729
 21
35521.7353972521
 72
     1
 10
20394.46338386729
 20
35521.7353972521
 11
20284.74129659307
 21
35521.7353972521
 72
     1
 10
20284.74129659307
 20
35521.7353972521
 11
20284.74129659307
 21
35458.03747644175
 72
     1
 10
20284.74129659307
 20
35458.03747644175
 11
20394.46338386729
 21
35458.03747644175
 97
        0
 92
        1
 93
        4
 72
     1
 10
18149.41368744338
 20
35460.58658665171
 11
18149.41368744338
 21
35518.22640467094
 72
     1
 10
18149.41368744338
 20
35518.22640467094
 11
18029.39653211567
 21
35518.22640467094
 72
     1
 10
18029.39653211567
 20
35518.22640467094
 11
18029.39653211567
 21
35460.58658665171
 72
     1
 10
18029.39653211567
 20
35460.58658665171
 11
18149.41368744338
 21
35460.58658665171
 97
        0
 92
        1
 93
        7
 72
     1
 10
20394.46338386729
 20
36157.25053516511
 11
20394.46338386729
 21
36589.00000000001
 72
     1
 10
20394.46338386729
 20
36589.00000000001
 11
18081.96338393945
 21
36589.00000000001
 72
     1
 10
18081.96338393945
 20
36589.00000000001
 11
18081.96338393945
 21
36510.00000000005
 72
     1
 10
18081.96338393945
 20
36510.00000000005
 11
16914.46338425158
 21
36510.00000000005
 72
     1
 10
16914.46338425158
 20
36510.00000000005
 11
16914.46338425158
 21
36461.71108420169
 72
     1
 10
16914.46338425158
 20
36461.71108420169
 11
20284.74129659307
 21
36166.84997394
 72
     1
 10
20284.74129659307
 20
36166.84997394
 11
20394.46338386729
 21
36157.25053516511
 97
        0
 75
     0
 76
     2
 52
0.0
 41
1.0
 77
     0
 78
     9
 53
0.0
 43
17793.881
 44
1200.0
 45
406.4
 46
101.6
 79
     5
 49
33.528
 49
-271.272
 49
33.528
 49
-271.272
 49
-1625.6
 53
0.0
 43
17793.881
 44
1200.0
 45
406.4
 46
101.6
 79
     6
 49
-609.6
 49
33.528
 49
-576.072
 49
33.528
 49
-271.272
 49
-711.2
 53
0.0
 43
17793.881
 44
1200.0
 45
406.4
 46
101.6
 79
     5
 49
-1524.0
 49
33.528
 49
-169.672
 49
33.528
 49
-474.472
 53
120.0
 43
17946.281
 44
1250.8
 45
-291.1881810244989
 46
301.1527240979959
 79
     5
 49
33.52799999999999
 49
-271.2719999999999
 49
33.52799999999999
 49
-271.2719999999999
 49
-1625.6
 53
120.0
 43
17946.281
 44
1250.8
 45
-291.1881810244989
 46
301.1527240979959
 79
     6
 49
-609.5999999999999
 49
33.52799999999999
 49
-576.0719999999999
 49
33.52799999999999
 49
-271.2719999999999
 49
-711.1999999999999
 53
120.0
 43
17946.281
 44
1250.8
 45
-291.1881810244989
 46
301.1527240979959
 79
     5
 49
-1524.0
 49
33.52799999999999
 49
-169.672
 49
33.52799999999999
 49
-474.4719999999999
 53
240.0
 43
17997.081
 44
1454.0
 45
-115.2118189755009
 46
-402.7527240979958
 79
     5
 49
33.528
 49
-271.272
 49
33.528
 49
-271.272
 49
-1625.6
 53
240.0
 43
17997.081
 44
1454.0
 45
-115.2118189755009
 46
-402.7527240979958
 79
     6
 49
-609.6
 49
33.528
 49
-576.072
 49
33.528
 49
-271.272
 49
-711.2
 53
240.0
 43
17997.081
 44
1454.0
 45
-115.2118189755009
 46
-402.7527240979958
 79
     5
 49
-1524.0
 49
33.528
 49
-169.672
 49
33.528
 49
-474.472
 98
        1
 10
0.0
 20
0.0
1001
REVIT
1002
{
1070
     1
1000
1650335
1002
}
1002
{
1070
     5
1000
1602992
1002
}
1002
{
1070
     2
1000
-2000011
1002
}
1002
{
1070
     3
1000
-2000540
1002
}
  0
LINE
  5
40E
330
70
100
AcDbEntity
  8
A-DETL-MEDM
100
AcDbLine
 10
20394.46338386729
 20
35458.03747644171
 30
0.0
 11
20394.46338386729
 21
35521.73539725207
 31
0.0
1001
REVIT
1002
{
1070
     1
1000
1650335
1002
}
1002
{
1070
     5
1000
1602992
1002
}
1002
{
1070
     2
1000
-2000051
1002
}
1002
{
1070
     3
1000
-2000043
1002
}
  0
LINE
  5
40F
330
70
100
AcDbEntity
  8
A-DETL-MEDM
100
AcDbLine
 10
17999.46338377183
 20
37935.71397060598
 30
0.0
 11
18089.46338377183
 21
37935.71397060598
 31
0.0
1001
REVIT
1002
{
1070
     1
1000
1651084
1002
}
1002
{
1070
     5
1000
1651081
1002
}
1002
{
1070
     2
1000
-2000051
1002
}
1002
{
1070
     3
1000
-2000043
1002
}
  0
LINE
  5
410
330
70
100
AcDbEntity
  8
A-DETL-MEDM
100
AcDbLine
 10
18089.46338377183
 20
37935.71397060598
 30
0.0
 11
18089.46338377183
 21
37781.03603964564
 31
0.0
1001
REVIT
1002
{
1070
     1
1000
1651084
1002
}
1002
{
1070
     5
1000
1651081
1002
}
1002
{
1070
     2
1000
-2000051
1002
}
1002
{
1070
     3
1000
-2000043
1002
}
  0
LINE
  5
411
330
70
100
AcDbEntity
  8
A-DETL-MEDM
100
AcDbLine
 10
18089.46338377183
 20
37700.75062675173
 30
0.0
 11
18089.46338377183
 21
37003.99999999997
 31
0.0
1001
REVIT
1002
{
1070
     1
1000
1651084
1002
}
1002
{
1070
     5
1000
1651081
1002
}
1002
{
1070
     2
1000
-2000051
1002
}
1002
{
1070
     3
1000
-2000043
1002
}
  0
LINE
  5
412
330
70
100
AcDbEntity
  8
A-DETL-MEDM
100
AcDbLine
 10
18089.46338377183
 20
36923.99999999997
 30
0.0
 11
18089.46338377183
 21
36892.3333333333
 31
0.0
1001
REVIT
1002
{
1070
     1
1000
1651084
1002
}
1002
{
1070
     5
1000
1651081
1002
}
1002
{
1070
     2
1000
-2000051
1002
}
1002
{
1070
     3
1000
-2000043
1002
}
  0
LINE
  5
413
330
70
100
AcDbEntity
  8
A-DETL-MEDM
100
AcDbLine
 10
18089.46338377183
 20
36812.3333333333
 30
0.0
 11
18089.46338377183
 21
36780.66666666664
 31
0.0
1001
REVIT
1002
{
1070
     1
1000
1651084
1002
}
1002
{
1070
     5
1000
1651081
1002
}
1002
{
1070
     2
1000
-2000051
1002
}
1002
{
1070
     3
1000
-2000043
1002
}
  0
LINE
  5
414
330
70
100
AcDbEntity
  8
A-DETL-MEDM
100
AcDbLine
 10
18089.46338377183
 20
36700.66666666664
 30
0.0
 11
18089.46338377183
 21
36668.99999999997
 31
0.0
1001
REVIT
1002
{
1070
     1
1000
1651084
1002
}
1002
{
1070
     5
1000
1651081
1002
}
1002
{
1070
     2
1000
-2000051
1002
}
1002
{
1070
     3
1000
-2000043
1002
}
  0
LINE
  5
415
330
70
100
AcDbEntity
  8
A-DETL-MEDM
100
AcDbLine
 10
17999.46338377183
 20
36668.99999999997
 30
0.0
 11
17999.46338377183
 21
36700.66666666664
 31
0.0
1001
REVIT
1002
{
1070
     1
1000
1651084
1002
}
1002
{
1070
     5
1000
1651081
1002
}
1002
{
1070
     2
1000
-2000051
1002
}
1002
{
1070
     3
1000
-2000043
1002
}
  0
LINE
  5
416
330
70
100
AcDbEntity
  8
A-DETL-MEDM
100
AcDbLine
 10
17999.46338377183
 20
36780.66666666664
 30
0.0
 11
17999.46338377183
 21
36812.3333333333
 31
0.0
1001
REVIT
1002
{
1070
     1
1000
1651084
1002
}
1002
{
1070
     5
1000
1651081
1002
}
1002
{
1070
     2
1000
-2000051
1002
}
1002
{
1070
     3
1000
-2000043
1002
}
  0
LINE
  5
417
330
70
100
AcDbEntity
  8
A-DETL-MEDM
100
AcDbLine
 10
17999.46338377183
 20
36892.3333333333
 30
0.0
 11
17999.46338377183
 21
36923.99999999997
 31
0.0
1001
REVIT
1002
{
1070
     1
1000
1651084
1002
}
1002
{
1070
     5
1000
1651081
1002
}
1002
{
1070
     2
1000
-2000051
1002
}
1002
{
1070
     3
1000
-2000043
1002
}
  0
LINE
  5
418
330
70
100
AcDbEntity
  8
A-DETL-MEDM
100
AcDbLine
 10
17999.46338377183
 20
37003.99999999997
 30
0.0
 11
17999.46338377183
 21
37935.71397060598
 31
0.0
1001
REVIT
1002
{
1070
     1
1000
1651084
1002
}
1002
{
1070
     5
1000
1651081
1002
}
1002
{
1070
     2
1000
-2000051
1002
}
1002
{
1070
     3
1000
-2000043
1002
}
  0
INSERT
  5
42F
330
70
100
AcDbEntity
  8
A-GLAZ
100
AcDbBlockReference
  2
VELUX FS   deck mounted   fixed - C01-1726125-rhs
 10
0.0
 20
0.0
 30
0.0
1001
REVIT
1002
{
1070
     1
1000
1726131
1002
}
1002
{
1070
     5
1000
1503254
1002
}
1002
{
1070
     2
1000
-2000014
1002
}
  0
INSERT
  5
43B
330
70
100
AcDbEntity
  8
A-GLAZ
100
AcDbBlockReference
  2
AS_AA 0606 - 1518_2 PANEL HORIZONTAL_ - AA0616-1980572-rhs
 10
0.0
 20
0.0
 30
0.0
1001
REVIT
1002
{
1070
     1
1000
1757431
1002
}
1002
{
1070
     5
1000
1749114
1002
}
1002
{
1070
     2
1000
-2000014
1002
}
1002
{
1070
     3
1000
-2000018
1002
}
  0
INSERT
  5
45B
330
70
100
AcDbEntity
  8
A-GLAZ
100
AcDbBlockReference
  2
VELUX FS   deck mounted   fixed - C01-V1-rhs
 10
0.0
 20
0.0
 30
0.0
1001
REVIT
1002
{
1070
     1
1000
1781135
1002
}
1002
{
1070
     5
1000
1503254
1002
}
1002
{
1070
     2
1000
-2000014
1002
}
  0
INSERT
  5
49B
330
70
100
AcDbEntity
  8
P-SANR-FIXT
100
AcDbBlockReference
  2
Gas instantaneous hws - Type 1-1979205-rhs
 10
0.0
 20
0.0
 30
0.0
1001
REVIT
1002
{
1070
     1
1000
1890495
1002
}
1002
{
1070
     5
1000
1859742
1002
}
1002
{
1070
     2
1000
-2001160
1002
}
  0
INSERT
  5
4A8
330
70
100
AcDbEntity
  8
A-GENM
100
AcDbBlockReference
  2
Downpipe - 450 Eave-1977526-rhs
 10
0.0
 20
0.0
 30
0.0
1001
REVIT
1002
{
1070
     1
1000
1905191
1002
}
1002
{
1070
     5
1000
1893368
1002
}
1002
{
1070
     2
1000
-2000151
1002
}
1002
{
1070
     3
1000
1893352
1002
}
  0
INSERT
  5
4B3
330
70
100
AcDbEntity
  8
A-GENM
100
AcDbBlockReference
  2
Downpipe - 450 Eave-1917949-rhs
 10
0.0
 20
0.0
 30
0.0
1001
REVIT
1002
{
1070
     1
1000
1906553
1002
}
1002
{
1070
     5
1000
1893368
1002
}
1002
{
1070
     2
1000
-2000151
1002
}
1002
{
1070
     3
1000
1893352
1002
}
  0
INSERT
  5
4B9
330
70
100
AcDbEntity
  8
A-GENM
100
AcDbBlockReference
  2
Downpipe - 450 Eave-1907595-rhs
 10
0.0
 20
0.0
 30
0.0
1001
REVIT
1002
{
1070
     1
1000
1907391
1002
}
1002
{
1070
     5
1000
1893368
1002
}
1002
{
1070
     2
1000
-2000151
1002
}
1002
{
1070
     3
1000
1893352
1002
}
  0
INSERT
  5
4BF
330
70
100
AcDbEntity
  8
A-GENM
100
AcDbBlockReference
  2
Downpipe - 450 Eave-1907690-rhs
 10
0.0
 20
0.0
 30
0.0
1001
REVIT
1002
{
1070
     1
1000
1907666
1002
}
1002
{
1070
     5
1000
1893368
1002
}
1002
{
1070
     2
1000
-2000151
1002
}
1002
{
1070
     3
1000
1893352
1002
}
  0
INSERT
  5
4C3
330
70
100
AcDbEntity
  8
E-ELEC-FIXT
100
AcDbBlockReference
  2
Solar Panel_ Face Based - Solar Panel_ Face Based-1931305-rhs
 10
0.0
 20
0.0
 30
0.0
1001
REVIT
1002
{
1070
     1
1000
1931511
1002
}
1002
{
1070
     5
1000
1931305
1002
}
1002
{
1070
     2
1000
-2001060
1002
}
  0
INSERT
  5
4C4
330
70
100
AcDbEntity
  8
E-ELEC-FIXT
100
AcDbBlockReference
  2
Solar Panel_ Face Based - Solar Panel_ Face Based-1931305-rhs
 10
0.0
 20
0.0
 30
0.0
 41
1.0
 42
1.0
 43
1.0
1001
REVIT
1002
{
1070
     1
1000
1931637
1002
}
1002
{
1070
     5
1000
1931305
1002
}
1002
{
1070
     2
1000
-2001060
1002
}
  0
INSERT
  5
4D0
330
70
100
AcDbEntity
  8
E-ELEC-FIXT
100
AcDbBlockReference
  2
Solar Panel_ Face Based - Solar Panel_ Face Based-V2-rhs
 10
0.0
 20
0.0
 30
0.0
1001
REVIT
1002
{
1070
     1
1000
1931648
1002
}
1002
{
1070
     5
1000
1931305
1002
}
1002
{
1070
     2
1000
-2001060
1002
}
  0
INSERT
  5
4D1
330
70
100
AcDbEntity
  8
E-ELEC-FIXT
100
AcDbBlockReference
  2
Solar Panel_ Face Based - Solar Panel_ Face Based-1931305-rhs
 10
-1753.302668641479
 20
153.39410723587
 30
0.0
 41
1.0
 42
1.0
 43
1.0
1001
REVIT
1002
{
1070
     1
1000
1931738
1002
}
1002
{
1070
     5
1000
1931305
1002
}
1002
{
1070
     2
1000
-2001060
1002
}
  0
INSERT
  5
4D2
330
70
100
AcDbEntity
  8
E-ELEC-FIXT
100
AcDbBlockReference
  2
Solar Panel_ Face Based - Solar Panel_ Face Based-1931305-rhs
 10
-1753.302668641479
 20
153.39410723587
 30
0.0
 41
1.0
 42
1.0
 43
1.0
1001
REVIT
1002
{
1070
     1
1000
1931740
1002
}
1002
{
1070
     5
1000
1931305
1002
}
1002
{
1070
     2
1000
-2001060
1002
}
  0
INSERT
  5
4D3
330
70
100
AcDbEntity
  8
E-ELEC-FIXT
100
AcDbBlockReference
  2
Solar Panel_ Face Based - Solar Panel_ Face Based-1931305-rhs
 10
-1753.302668641479
 20
153.39410723587
 30
0.0
 41
1.0
 42
1.0
 43
1.0
1001
REVIT
1002
{
1070
     1
1000
1931741
1002
}
1002
{
1070
     5
1000
1931305
1002
}
1002
{
1070
     2
1000
-2001060
1002
}
  0
INSERT
  5
4D4
330
70
100
AcDbEntity
  8
E-ELEC-FIXT
100
AcDbBlockReference
  2
Solar Panel_ Face Based - Solar Panel_ Face Based-1931305-rhs
 10
-1753.302668641488
 20
153.39410723587
 30
0.0
 41
1.0
 42
1.0
 43
1.0
1001
REVIT
1002
{
1070
     1
1000
1931809
1002
}
1002
{
1070
     5
1000
1931305
1002
}
1002
{
1070
     2
1000
-2001060
1002
}
  0
INSERT
  5
4D5
330
70
100
AcDbEntity
  8
E-ELEC-FIXT
100
AcDbBlockReference
  2
Solar Panel_ Face Based - Solar Panel_ Face Based-1931305-rhs
 10
-1753.302668641488
 20
153.39410723587
 30
0.0
 41
1.0
 42
1.0
 43
1.0
1001
REVIT
1002
{
1070
     1
1000
1931810
1002
}
1002
{
1070
     5
1000
1931305
1002
}
1002
{
1070
     2
1000
-2001060
1002
}
  0
INSERT
  5
4E2
330
70
100
AcDbEntity
  8
E-ELEC-FIXT
100
AcDbBlockReference
  2
Solar Panel_ Face Based - Solar Panel_ Face Based-V3-rhs
 10
0.0
 20
0.0
 30
0.0
1001
REVIT
1002
{
1070
     1
1000
1931811
1002
}
1002
{
1070
     5
1000
1931305
1002
}
1002
{
1070
     2
1000
-2001060
1002
}
  0
INSERT
  5
4E3
330
70
100
AcDbEntity
  8
E-ELEC-FIXT
100
AcDbBlockReference
  2
Solar Panel_ Face Based - Solar Panel_ Face Based-1931305-rhs
 10
-3506.605337282956
 20
306.7882144717449
 30
0.0
 41
1.0
 42
1.0
 43
1.0
1001
REVIT
1002
{
1070
     1
1000
1931954
1002
}
1002
{
1070
     5
1000
1931305
1002
}
1002
{
1070
     2
1000
-2001060
1002
}
  0
INSERT
  5
4E4
330
70
100
AcDbEntity
  8
E-ELEC-FIXT
100
AcDbBlockReference
  2
Solar Panel_ Face Based - Solar Panel_ Face Based-1931305-rhs
 10
-3506.605337282956
 20
306.7882144717449
 30
0.0
 41
1.0
 42
1.0
 43
1.0
1001
REVIT
1002
{
1070
     1
1000
1931955
1002
}
1002
{
1070
     5
1000
1931305
1002
}
1002
{
1070
     2
1000
-2001060
1002
}
  0
INSERT
  5
4E5
330
70
100
AcDbEntity
  8
E-ELEC-FIXT
100
AcDbBlockReference
  2
Solar Panel_ Face Based - Solar Panel_ Face Based-1931305-rhs
 10
-3506.605337282956
 20
306.7882144717449
 30
0.0
 41
1.0
 42
1.0
 43
1.0
1001
REVIT
1002
{
1070
     1
1000
1931956
1002
}
1002
{
1070
     5
1000
1931305
1002
}
1002
{
1070
     2
1000
-2001060
1002
}
  0
INSERT
  5
4E6
330
70
100
AcDbEntity
  8
E-ELEC-FIXT
100
AcDbBlockReference
  2
Solar Panel_ Face Based - Solar Panel_ Face Based-1931305-rhs
 10
-3506.605337282964
 20
306.7882144717449
 30
0.0
 41
1.0
 42
1.0
 43
1.0
1001
REVIT
1002
{
1070
     1
1000
1931957
1002
}
1002
{
1070
     5
1000
1931305
1002
}
1002
{
1070
     2
1000
-2001060
1002
}
  0
INSERT
  5
4E7
330
70
100
AcDbEntity
  8
E-ELEC-FIXT
100
AcDbBlockReference
  2
Solar Panel_ Face Based - Solar Panel_ Face Based-1931305-rhs
 10
-3506.605337282964
 20
306.7882144717449
 30
0.0
 41
1.0
 42
1.0
 43
1.0
1001
REVIT
1002
{
1070
     1
1000
1931958
1002
}
1002
{
1070
     5
1000
1931305
1002
}
1002
{
1070
     2
1000
-2001060
1002
}
  0
INSERT
  5
4F4
330
70
100
AcDbEntity
  8
E-ELEC-FIXT
100
AcDbBlockReference
  2
Solar Panel_ Face Based - Solar Panel_ Face Based-V4-rhs
 10
0.0
 20
0.0
 30
0.0
1001
REVIT
1002
{
1070
     1
1000
1931959
1002
}
1002
{
1070
     5
1000
1931305
1002
}
1002
{
1070
     2
1000
-2001060
1002
}
  0
INSERT
  5
4F5
330
70
100
AcDbEntity
  8
E-ELEC-FIXT
100
AcDbBlockReference
  2
Solar Panel_ Face Based - Solar Panel_ Face Based-1931305-rhs
 10
-5259.908005924433
 20
460.1823217076155
 30
0.0
 41
1.0
 42
1.0
 43
1.0
1001
REVIT
1002
{
1070
     1
1000
1932023
1002
}
1002
{
1070
     5
1000
1931305
1002
}
1002
{
1070
     2
1000
-2001060
1002
}
  0
INSERT
  5
501
330
70
100
AcDbEntity
  8
E-ELEC-FIXT
100
AcDbBlockReference
  2
Solar Panel_ Face Based - Solar Panel_ Face Based-V5-rhs
 10
0.0
 20
0.0
 30
0.0
1001
REVIT
1002
{
1070
     1
1000
1932024
1002
}
1002
{
1070
     5
1000
1931305
1002
}
1002
{
1070
     2
1000
-2001060
1002
}
  0
INSERT
  5
536
330
70
100
AcDbEntity
  8
P-SANR-FIXT
100
AcDbBlockReference
  2
Tap - Tap-1959228-rhs
 10
0.0
 20
0.0
 30
0.0
1001
REVIT
1002
{
1070
     1
1000
1960352
1002
}
1002
{
1070
     5
1000
1959228
1002
}
1002
{
1070
     2
1000
-2001160
1002
}
  0
INSERT
  5
62D
330
70
100
AcDbEntity
  8
P-SANR-FIXT
100
AcDbBlockReference
  2
Shower_Twin_Phoenix_NXQuil_FaceBased - Chrome _606-6500-00_-1739590-rhs
 10
0.0
 20
0.0
 30
0.0
1001
REVIT
1002
{
1070
     1
1000
1961636
1002
}
1002
{
1070
     5
1000
1739590
1002
}
1002
{
1070
     2
1000
-2001160
1002
}
1002
{
1070
     3
1000
1035229
1002
}
  0
INSERT
  5
635
330
70
100
AcDbEntity
  8
A-GENM
100
AcDbBlockReference
  2
Downpipe - 450 Eave-1976548-rhs
 10
0.0
 20
0.0
 30
0.0
1001
REVIT
1002
{
1070
     1
1000
1976077
1002
}
1002
{
1070
     5
1000
1893368
1002
}
1002
{
1070
     2
1000
-2000151
1002
}
1002
{
1070
     3
1000
1893352
1002
}
  0
INSERT
  5
642
330
70
100
AcDbEntity
  8
A-GENM
100
AcDbBlockReference
  2
Downpipe - 450 Eave-2002628-rhs
 10
0.0
 20
0.0
 30
0.0
1001
REVIT
1002
{
1070
     1
1000
1977262
1002
}
1002
{
1070
     5
1000
1893368
1002
}
1002
{
1070
     2
1000
-2000151
1002
}
1002
{
1070
     3
1000
1893352
1002
}
  0
INSERT
  5
649
330
70
100
AcDbEntity
  8
A-DETL-MEDM
100
AcDbBlockReference
  2
Timber_Screen_Adjustable_21388 - Type 1-2542742-rhs
 10
0.0
 20
0.0
 30
0.0
1001
REVIT
1002
{
1070
     1
1000
2012846
1002
}
1002
{
1070
     5
1000
2012895
1002
}
1002
{
1070
     2
1000
-2000051
1002
}
1002
{
1070
     3
1000
-2000043
1002
}
  0
INSERT
  5
670
330
70
100
AcDbEntity
  8
A-DETL-MEDM
100
AcDbBlockReference
  2
Timber_Screen_Adjustable_21388 - Type 1-2543068-rhs
 10
0.0
 20
0.0
 30
0.0
1001
REVIT
1002
{
1070
     1
1000
2019310
1002
}
1002
{
1070
     5
1000
2012895
1002
}
1002
{
1070
     2
1000
-2000051
1002
}
1002
{
1070
     3
1000
-2000043
1002
}
  0
INSERT
  5
68C
330
70
100
AcDbEntity
  8
P-SANR-FIXT
100
AcDbBlockReference
  2
Tap - Tap-V6-rhs
 10
0.0
 20
0.0
 30
0.0
1001
REVIT
1002
{
1070
     1
1000
2024455
1002
}
1002
{
1070
     5
1000
1959228
1002
}
1002
{
1070
     2
1000
-2001160
1002
}
  0
INSERT
  5
68D
330
70
100
AcDbEntity
  8
P-SANR-FIXT
100
AcDbBlockReference
  2
Gas instantaneous hws - Type 1-1979205-rhs
 10
-584.8000000000006
 20
0.0
 30
0.0
1001
REVIT
1002
{
1070
     1
1000
2457588
1002
}
1002
{
1070
     5
1000
1859742
1002
}
1002
{
1070
     2
1000
-2001160
1002
}
  0
LINE
  5
6A6
330
70
100
AcDbEntity
  8
A-FLOR
370
    35
100
AcDbLine
 10
8489.463382853564
 20
32168.00000000001
 30
0.0
 11
8489.463382853564
 21
32040.00000000005
 31
0.0
1001
REVIT
1002
{
1070
     1
1000
2615420
1002
}
1002
{
1070
     5
1000
2615715
1002
}
1002
{
1070
     2
1000
-2000032
1002
}
  0
LINE
  5
6A7
330
70
100
AcDbEntity
  8
A-FLOR
370
    35
100
AcDbLine
 10
9749.463382853573
 20
32040.00000000005
 30
0.0
 11
9749.463382853573
 21
32168.00000000001
 31
0.0
1001
REVIT
1002
{
1070
     1
1000
2615420
1002
}
1002
{
1070
     5
1000
2615715
1002
}
1002
{
1070
     2
1000
-2000032
1002
}
  0
LINE
  5
6A8
330
70
100
AcDbEntity
  8
A-FLOR
370
    35
100
AcDbLine
 10
9749.463382853573
 20
32168.00000000001
 30
0.0
 11
8489.463382853564
 21
32168.00000000001
 31
0.0
1001
REVIT
1002
{
1070
     1
1000
2615420
1002
}
1002
{
1070
     5
1000
2615715
1002
}
1002
{
1070
     2
1000
-2000032
1002
}
  0
LINE
  5
6A9
330
70
100
AcDbEntity
  8
A-DETL-MEDM
100
AcDbLine
 10
6279.463382628423
 20
32168.00000000001
 30
0.0
 11
7279.463382628403
 21
32168.00000000001
 31
0.0
1001
REVIT
1002
{
1070
     1
1000
2632381
1002
}
1002
{
1070
     5
1000
2615715
1002
}
1002
{
1070
     2
1000
-2000051
1002
}
1002
{
1070
     3
1000
-2000043
1002
}
  0
LINE
  5
6AA
330
70
100
AcDbEntity
  8
A-DETL-MEDM
100
AcDbLine
 10
6279.463382628423
 20
32168.00000000001
 30
0.0
 11
6279.463382628423
 21
32040.00000000005
 31
0.0
1001
REVIT
1002
{
1070
     1
1000
2632381
1002
}
1002
{
1070
     5
1000
2615715
1002
}
1002
{
1070
     2
1000
-2000051
1002
}
1002
{
1070
     3
1000
-2000043
1002
}
  0
LINE
  5
6AC
330
70
100
AcDbEntity
  8
A-DETL-WIDE
100
AcDbLine
 10
29929.66379443744
 20
28449.99999999998
 30
0.0
 11
29319.46338208711
 21
28449.99999999998
 31
0.0
1001
REVIT
1002
{
1070
     1
1000
1520653
1002
}
1002
{
1070
     5
1000
1363608
1002
}
1002
{
1070
     2
1000
-2000051
1002
}
1002
{
1070
     3
1000
-2000044
1002
}
  0
LINE
  5
6AD
330
70
100
AcDbEntity
  8
A-DETL-WIDE
100
AcDbLine
 10
29319.46338208711
 20
28449.99999999998
 30
0.0
 11
29319.46338208711
 21
28589.99999999998
 31
0.0
1001
REVIT
1002
{
1070
     1
1000
1520653
1002
}
1002
{
1070
     5
1000
1363608
1002
}
1002
{
1070
     2
1000
-2000051
1002
}
1002
{
1070
     3
1000
-2000044
1002
}
  0
LINE
  5
6AE
330
70
100
AcDbEntity
  8
A-DETL-WIDE
100
AcDbLine
 10
29319.46338208711
 20
28589.99999999998
 30
0.0
 11
14741.03110334969
 21
28589.99999999998
 31
0.0
1001
REVIT
1002
{
1070
     1
1000
1520653
1002
}
1002
{
1070
     5
1000
1363608
1002
}
1002
{
1070
     2
1000
-2000051
1002
}
1002
{
1070
     3
1000
-2000044
1002
}
  0
LINE
  5
6AF
330
70
100
AcDbEntity
  8
A-DETL-WIDE
100
AcDbLine
 10
14741.03110334967
 20
28590.0
 30
0.0
 11
9756.599630577635
 21
28590.0
 31
0.0
1001
REVIT
1002
{
1070
     1
1000
1520653
1002
}
1002
{
1070
     5
1000
1363608
1002
}
1002
{
1070
     2
1000
-2000051
1002
}
1002
{
1070
     3
1000
-2000044
1002
}
  0
LINE
  5
6B0
330
70
100
AcDbEntity
  8
A-DETL-WIDE
100
AcDbLine
 10
9756.599630577635
 20
28590.0
 30
0.0
 11
9756.599630577635
 21
31786.59870318327
 31
0.0
1001
REVIT
1002
{
1070
     1
1000
1520653
1002
}
1002
{
1070
     5
1000
1363608
1002
}
1002
{
1070
     2
1000
-2000051
1002
}
1002
{
1070
     3
1000
-2000044
1002
}
  0
LINE
  5
6B1
330
70
100
AcDbEntity
  8
A-DETL-WIDE
100
AcDbLine
 10
9756.599630577635
 20
31786.59870318327
 30
0.0
 11
9756.599630577635
 21
32040.00000000005
 31
0.0
1001
REVIT
1002
{
1070
     1
1000
1520653
1002
}
1002
{
1070
     5
1000
1363608
1002
}
1002
{
1070
     2
1000
-2000051
1002
}
1002
{
1070
     3
1000
-2000044
1002
}
  0
LINE
  5
6B2
330
70
100
AcDbEntity
  8
A-DETL-WIDE
100
AcDbLine
 10
9756.599630577635
 20
32040.00000000005
 30
0.0
 11
5069.463384552792
 21
32040.00000000005
 31
0.0
1001
REVIT
1002
{
1070
     1
1000
1520653
1002
}
1002
{
1070
     5
1000
1363608
1002
}
1002
{
1070
     2
1000
-2000051
1002
}
1002
{
1070
     3
1000
-2000044
1002
}
  0
LINE
  5
6B3
330
70
100
AcDbEntity
  8
A-DETL
  6
Dash - Tight
100
AcDbLine
 10
5191.552366062922
 20
32503.45746786433
 30
0.0
 11
9369.934123322895
 21
31488.01377636734
 31
0.0
1001
REVIT
1002
{
1070
     1
1000
1479682
1002
}
1002
{
1070
     2
1000
-2000051
1002
}
1002
{
1070
     3
1000
2107280
1002
}
  0
LINE
  5
6B4
330
70
100
AcDbEntity
  8
A-DETL
  6
Dash 1_1_
100
AcDbLine
 10
16319.46338384971
 20
28890.00000000002
 30
0.0
 11
9569.463383849708
 21
28890.00000000005
 31
0.0
1001
REVIT
1002
{
1070
     1
1000
1521470
1002
}
1002
{
1070
     2
1000
-2000051
1002
}
1002
{
1070
     3
1000
826928
1002
}
  0
LINE
  5
6B5
330
70
100
AcDbEntity
  8
A-DETL
  6
Dash 1_1_
100
AcDbLine
 10
24194.46338208709
 20
28890.0
 30
0.0
 11
24194.46338208709
 21
28804.0
 31
0.0
1001
REVIT
1002
{
1070
     1
1000
1521562
1002
}
1002
{
1070
     2
1000
-2000051
1002
}
1002
{
1070
     3
1000
826928
1002
}
  0
LINE
  5
6B6
330
70
100
AcDbEntity
  8
A-DETL
  6
Dash 1_1_
100
AcDbLine
 10
24194.46338208709
 20
28804.0
 30
0.0
 11
28319.46338208711
 21
28803.99999999998
 31
0.0
1001
REVIT
1002
{
1070
     1
1000
1521636
1002
}
1002
{
1070
     2
1000
-2000051
1002
}
1002
{
1070
     3
1000
826928
1002
}
  0
LINE
  5
6B7
330
70
100
AcDbEntity
  8
A-DETL
  6
Dash 1_1_
100
AcDbLine
 10
20579.46338386728
 20
35453.99999999997
 30
0.0
 11
20579.46338386728
 21
36109.56921352777
 31
0.0
1001
REVIT
1002
{
1070
     1
1000
1522059
1002
}
1002
{
1070
     2
1000
-2000051
1002
}
1002
{
1070
     3
1000
826928
1002
}
  0
LINE
  5
6B8
330
70
100
AcDbEntity
  8
A-DETL
  6
Dash 1_1_
100
AcDbLine
 10
16869.46338425158
 20
36590.0
 30
0.0
 11
16869.46338425158
 21
35453.99999999998
 31
0.0
1001
REVIT
1002
{
1070
     1
1000
1522125
1002
}
1002
{
1070
     2
1000
-2000051
1002
}
1002
{
1070
     3
1000
826928
1002
}
  0
LINE
  5
6B9
330
70
100
AcDbEntity
  8
A-DETL
  6
Dash - Tight
100
AcDbLine
 10
9369.934123328752
 20
31488.01377636587
 30
0.0
 11
16637.0697963843
 21
29802.68321250781
 31
0.0
1001
REVIT
1002
{
1070
     1
1000
1527292
1002
}
1002
{
1070
     2
1000
-2000051
1002
}
1002
{
1070
     3
1000
2107280
1002
}
  0
LINE
  5
6BA
330
70
100
AcDbEntity
  8
A-DETL
  6
Dash - Tight
100
AcDbLine
 10
16637.0697963842
 20
29802.68321250781
 30
0.0
 11
27745.9033058033
 21
29304.46833925051
 31
0.0
1001
REVIT
1002
{
1070
     1
1000
1527410
1002
}
1002
{
1070
     2
1000
-2000051
1002
}
1002
{
1070
     3
1000
2107280
1002
}
  0
LINE
  5
6BB
330
70
100
AcDbEntity
  8
A-DETL
  6
Dash 2_5mm
100
AcDbLine
 10
13329.46338388485
 20
31240.0
 30
0.0
 11
13649.46338287112
 21
30740.0
 31
0.0
1001
REVIT
1002
{
1070
     1
1000
1637112
1002
}
1002
{
1070
     2
1000
-2000051
1002
}
1002
{
1070
     3
1000
528232
1002
}
  0
LINE
  5
6BC
330
70
100
AcDbEntity
  8
A-DETL
  6
Dash 2_5mm
100
AcDbLine
 10
14009.46338388485
 20
31240.0
 30
0.0
 11
13649.46338287112
 21
30740.0
 31
0.0
1001
REVIT
1002
{
1070
     1
1000
1637565
1002
}
1002
{
1070
     2
1000
-2000051
1002
}
1002
{
1070
     3
1000
528232
1002
}
  0
LINE
  5
6BD
330
70
100
AcDbEntity
  8
A-DETL
  6
Dash 1_1_
100
AcDbLine
 10
16869.46338425158
 20
35453.99999999998
 30
0.0
 11
20579.46338386728
 21
35453.99999999997
 31
0.0
1001
REVIT
1002
{
1070
     1
1000
1671786
1002
}
1002
{
1070
     2
1000
-2000051
1002
}
1002
{
1070
     3
1000
826928
1002
}
  0
LINE
  5
6BE
330
70
100
AcDbEntity
  8
A-DETL
  6
Dash 2_5mm
100
AcDbLine
 10
19459.46338386729
 20
34690.0
 30
0.0
 11
19104.46338386729
 21
34190.00000000002
 31
0.0
1001
REVIT
1002
{
1070
     1
1000
1759283
1002
}
1002
{
1070
     2
1000
-2000051
1002
}
1002
{
1070
     3
1000
528232
1002
}
  0
LINE
  5
6BF
330
70
100
AcDbEntity
  8
A-DETL
  6
Dash 2_5mm
100
AcDbLine
 10
19104.46338386729
 20
34190.00000000002
 30
0.0
 11
18749.46338386728
 21
34690.00000000001
 31
0.0
1001
REVIT
1002
{
1070
     1
1000
1759335
1002
}
1002
{
1070
     2
1000
-2000051
1002
}
1002
{
1070
     3
1000
528232
1002
}
  0
LINE
  5
6C0
330
70
100
AcDbEntity
  8
A-DETL
  6
Dash - Tight
100
AcDbLine
 10
27745.90330580732
 20
29304.4683392503
 30
0.0
 11
30994.92042141963
 21
29037.09634660007
 31
0.0
1001
REVIT
1002
{
1070
     1
1000
2055828
1002
}
1002
{
1070
     2
1000
-2000051
1002
}
1002
{
1070
     3
1000
2107280
1002
}
  0
LINE
  5
6C1
330
70
100
AcDbEntity
  8
A-DETL
100
AcDbLine
 10
14009.46338388485
 20
31240.0
 30
0.0
 11
12599.46338388485
 21
31240.0
 31
0.0
1001
REVIT
1002
{
1070
     1
1000
2439195
1002
}
1002
{
1070
     5
1000
1978213
1002
}
1002
{
1070
     2
1000
-2000051
1002
}
1002
{
1070
     3
1000
1933725
1002
}
  0
LINE
  5
6C2
330
70
100
AcDbEntity
  8
A-DETL
100
AcDbLine
 10
12599.46338388485
 20
31240.0
 30
0.0
 11
12599.46338388485
 21
30740.0
 31
0.0
1001
REVIT
1002
{
1070
     1
1000
2439195
1002
}
1002
{
1070
     5
1000
1978213
1002
}
1002
{
1070
     2
1000
-2000051
1002
}
1002
{
1070
     3
1000
1933725
1002
}
  0
LINE
  5
6C3
330
70
100
AcDbEntity
  8
A-DETL
100
AcDbLine
 10
12599.46338388485
 20
30740.0
 30
0.0
 11
14009.46338388485
 21
30740.0
 31
0.0
1001
REVIT
1002
{
1070
     1
1000
2439195
1002
}
1002
{
1070
     5
1000
1978213
1002
}
1002
{
1070
     2
1000
-2000051
1002
}
1002
{
1070
     3
1000
1933725
1002
}
  0
LINE
  5
6C4
330
70
100
AcDbEntity
  8
A-DETL
100
AcDbLine
 10
14009.46338388485
 20
30740.0
 30
0.0
 11
14009.46338388485
 21
31240.0
 31
0.0
1001
REVIT
1002
{
1070
     1
1000
2439195
1002
}
1002
{
1070
     5
1000
1978213
1002
}
1002
{
1070
     2
1000
-2000051
1002
}
1002
{
1070
     3
1000
1933725
1002
}
  0
LINE
  5
6C5
330
70
100
AcDbEntity
  8
A-DETL
100
AcDbLine
 10
15764.46338384972
 20
34690.0
 30
0.0
 11
14054.46338384972
 21
34690.0
 31
0.0
1001
REVIT
1002
{
1070
     1
1000
2439195
1002
}
1002
{
1070
     5
1000
1978213
1002
}
1002
{
1070
     2
1000
-2000051
1002
}
1002
{
1070
     3
1000
1933725
1002
}
  0
LINE
  5
6C6
330
70
100
AcDbEntity
  8
A-DETL
100
AcDbLine
 10
14054.46338384972
 20
34690.0
 30
0.0
 11
14054.46338384972
 21
34190.0
 31
0.0
1001
REVIT
1002
{
1070
     1
1000
2439195
1002
}
1002
{
1070
     5
1000
1978213
1002
}
1002
{
1070
     2
1000
-2000051
1002
}
1002
{
1070
     3
1000
1933725
1002
}
  0
LINE
  5
6C7
330
70
100
AcDbEntity
  8
A-DETL
100
AcDbLine
 10
14054.46338384972
 20
34190.0
 30
0.0
 11
15764.46338384972
 21
34190.0
 31
0.0
1001
REVIT
1002
{
1070
     1
1000
2439195
1002
}
1002
{
1070
     5
1000
1978213
1002
}
1002
{
1070
     2
1000
-2000051
1002
}
1002
{
1070
     3
1000
1933725
1002
}
  0
LINE
  5
6C8
330
70
100
AcDbEntity
  8
A-DETL
100
AcDbLine
 10
15764.46338384972
 20
34190.0
 30
0.0
 11
15764.46338384972
 21
34690.0
 31
0.0
1001
REVIT
1002
{
1070
     1
1000
2439195
1002
}
1002
{
1070
     5
1000
1978213
1002
}
1002
{
1070
     2
1000
-2000051
1002
}
1002
{
1070
     3
1000
1933725
1002
}
  0
LINE
  5
6C9
330
70
100
AcDbEntity
  8
A-DETL
100
AcDbLine
 10
19459.46338386729
 20
34690.00000000001
 30
0.0
 11
17989.46338386727
 21
34690.00000000001
 31
0.0
1001
REVIT
1002
{
1070
     1
1000
2439195
1002
}
1002
{
1070
     5
1000
1978213
1002
}
1002
{
1070
     2
1000
-2000051
1002
}
1002
{
1070
     3
1000
1933725
1002
}
  0
LINE
  5
6CA
330
70
100
AcDbEntity
  8
A-DETL
100
AcDbLine
 10
17989.46338386727
 20
34690.00000000001
 30
0.0
 11
17989.46338386727
 21
34190.00000000002
 31
0.0
1001
REVIT
1002
{
1070
     1
1000
2439195
1002
}
1002
{
1070
     5
1000
1978213
1002
}
1002
{
1070
     2
1000
-2000051
1002
}
1002
{
1070
     3
1000
1933725
1002
}
  0
LINE
  5
6CB
330
70
100
AcDbEntity
  8
A-DETL
100
AcDbLine
 10
17989.46338386727
 20
34190.00000000002
 30
0.0
 11
19459.46338386729
 21
34190.00000000002
 31
0.0
1001
REVIT
1002
{
1070
     1
1000
2439195
1002
}
1002
{
1070
     5
1000
1978213
1002
}
1002
{
1070
     2
1000
-2000051
1002
}
1002
{
1070
     3
1000
1933725
1002
}
  0
LINE
  5
6CC
330
70
100
AcDbEntity
  8
A-DETL
100
AcDbLine
 10
19459.46338386729
 20
34190.00000000002
 30
0.0
 11
19459.46338386729
 21
34690.00000000001
 31
0.0
1001
REVIT
1002
{
1070
     1
1000
2439195
1002
}
1002
{
1070
     5
1000
1978213
1002
}
1002
{
1070
     2
1000
-2000051
1002
}
1002
{
1070
     3
1000
1933725
1002
}
  0
LINE
  5
6CD
330
70
100
AcDbEntity
  8
A-DETL
100
AcDbLine
 10
18029.06338384972
 20
35519.53298863335
 30
0.0
 11
18149.06338384973
 21
35519.53298863335
 31
0.0
1001
REVIT
1002
{
1070
     1
1000
2199646
1002
}
1002
{
1070
     2
1000
-2000051
1002
}
1002
{
1070
     3
1000
2107288
1002
}
  0
LINE
  5
6CE
330
70
100
AcDbEntity
  8
A-DETL
100
AcDbLine
 10
18029.06338384972
 20
35459.53298863336
 30
0.0
 11
18029.06338384972
 21
35519.53298863335
 31
0.0
1001
REVIT
1002
{
1070
     1
1000
2199647
1002
}
1002
{
1070
     2
1000
-2000051
1002
}
1002
{
1070
     3
1000
2107288
1002
}
  0
LINE
  5
6CF
330
70
100
AcDbEntity
  8
A-DETL
100
AcDbLine
 10
18149.06338384973
 20
35459.53298863336
 30
0.0
 11
18029.06338384972
 21
35459.53298863336
 31
0.0
1001
REVIT
1002
{
1070
     1
1000
2199648
1002
}
1002
{
1070
     2
1000
-2000051
1002
}
1002
{
1070
     3
1000
2107288
1002
}
  0
LINE
  5
6D0
330
70
100
AcDbEntity
  8
A-DETL
100
AcDbLine
 10
18149.06338384973
 20
35519.53298863335
 30
0.0
 11
18149.06338384973
 21
35459.53298863336
 31
0.0
1001
REVIT
1002
{
1070
     1
1000
2199649
1002
}
1002
{
1070
     2
1000
-2000051
1002
}
1002
{
1070
     3
1000
2107288
1002
}
  0
LINE
  5
6D1
330
70
100
AcDbEntity
  8
A-DETL
100
AcDbLine
 10
20284.06338384972
 20
35519.53298863334
 30
0.0
 11
20404.06338384973
 21
35519.53298863334
 31
0.0
1001
REVIT
1002
{
1070
     1
1000
2199724
1002
}
1002
{
1070
     2
1000
-2000051
1002
}
1002
{
1070
     3
1000
2107288
1002
}
  0
LINE
  5
6D2
330
70
100
AcDbEntity
  8
A-DETL
100
AcDbLine
 10
20284.06338384972
 20
35459.53298863334
 30
0.0
 11
20284.06338384972
 21
35519.53298863334
 31
0.0
1001
REVIT
1002
{
1070
     1
1000
2199725
1002
}
1002
{
1070
     2
1000
-2000051
1002
}
1002
{
1070
     3
1000
2107288
1002
}
  0
LINE
  5
6D3
330
70
100
AcDbEntity
  8
A-DETL
100
AcDbLine
 10
20404.06338384973
 20
35459.53298863334
 30
0.0
 11
20284.06338384972
 21
35459.53298863334
 31
0.0
1001
REVIT
1002
{
1070
     1
1000
2199726
1002
}
1002
{
1070
     2
1000
-2000051
1002
}
1002
{
1070
     3
1000
2107288
1002
}
  0
LINE
  5
6D4
330
70
100
AcDbEntity
  8
A-DETL
100
AcDbLine
 10
20404.06338384973
 20
35519.53298863334
 30
0.0
 11
20404.06338384973
 21
35459.53298863334
 31
0.0
1001
REVIT
1002
{
1070
     1
1000
2199727
1002
}
1002
{
1070
     2
1000
-2000051
1002
}
1002
{
1070
     3
1000
2107288
1002
}
  0
MTEXT
  5
6D7
330
70
100
AcDbEntity
  8
A-FLOR-LEVL
100
AcDbMText
 10
3805.377423121463
 20
33111.39910834364
 30
0.0
 40
199.9999999999998
 41
3920.251874999996
 46
0.0
 71
     1
 72
     1
  1
GROUND FLOOR LEVEL RL
  7
ISOCPEUR
 73
     2
 44
1.0
 90
        3
 63
     9
421
 13158600
 45
1.25
441
        0
1001
REVIT
1002
{
1070
     1
1000
694
1002
}
1002
{
1070
     5
1000
787266
1002
}
1002
{
1070
     2
1000
-2006020
1002
}
  0
MTEXT
  5
6D8
330
70
100
AcDbEntity
  8
A-FLOR-LEVL
100
AcDbMText
 10
3805.377423121463
 20
32727.39910834365
 30
0.0
 40
199.9999999999998
 41
905.9068749999992
 46
0.0
 71
     1
 72
     1
  1
32340
  7
ISOCPEUR
 73
     2
 44
1.0
 90
        3
 63
     9
421
 13158600
 45
1.25
441
        0
1001
REVIT
1002
{
1070
     1
1000
694
1002
}
1002
{
1070
     5
1000
787266
1002
}
1002
{
1070
     2
1000
-2006020
1002
}
  0
LINE
  5
6DA
330
70
100
AcDbEntity
  8
A-FLOR-LEVL
  6
Centre
100
AcDbLine
 10
3380.585448852001
 20
32340.00000000001
 30
0.0
 11
30907.88367581547
 21
32340.00000000001
 31
0.0
1001
REVIT
1002
{
1070
     1
1000
694
1002
}
1002
{
1070
     5
1000
787266
1002
}
1002
{
1070
     2
1000
-2000240
1002
}
  0
MTEXT
  5
6DB
330
70
100
AcDbEntity
  8
A-FLOR-LEVL
100
AcDbMText
 10
3805.377423121463
 20
34963.75188124805
 30
0.0
 40
199.9999999999998
 41
4168.774999999995
 46
0.0
 71
     1
 72
     1
  1
G/FLOOR CEILING LEVEL RL
  7
ISOCPEUR
 73
     2
 44
1.0
 90
        3
 63
     9
421
 13158600
 45
1.25
441
        0
1001
REVIT
1002
{
1070
     1
1000
310295
1002
}
1002
{
1070
     5
1000
787246
1002
}
1002
{
1070
     2
1000
-2006020
1002
}
  0
MTEXT
  5
6DC
330
70
100
AcDbEntity
  8
A-FLOR-LEVL
100
AcDbMText
 10
3805.377423121463
 20
34579.75188124805
 30
0.0
 40
199.9999999999998
 41
881.8562499999989
 46
0.0
 71
     1
 72
     1
  1
35090
  7
ISOCPEUR
 73
     2
 44
1.0
 90
        3
 63
     9
421
 13158600
 45
1.25
441
        0
1001
REVIT
1002
{
1070
     1
1000
310295
1002
}
1002
{
1070
     5
1000
787246
1002
}
1002
{
1070
     2
1000
-2006020
1002
}
  0
LINE
  5
6DD
330
70
100
AcDbEntity
  8
A-FLOR-LEVL
  6
Centre
100
AcDbLine
 10
3380.585448852001
 20
35090.0
 30
0.0
 11
30907.88367581547
 21
35090.0
 31
0.0
1001
REVIT
1002
{
1070
     1
1000
310295
1002
}
1002
{
1070
     5
1000
787246
1002
}
1002
{
1070
     2
1000
-2000240
1002
}
  0
MTEXT
  5
6DE
330
70
100
AcDbEntity
  8
A-FLOR-LEVL
100
AcDbMText
 10
3805.377423121463
 20
36311.39910834364
 30
0.0
 40
199.9999999999998
 41
3567.509374999996
 46
0.0
 71
     1
 72
     1
  1
FIRST FLOOR LEVEL RL
  7
ISOCPEUR
 73
     2
 44
1.0
 90
        3
 63
     9
421
 13158600
 45
1.25
441
        0
1001
REVIT
1002
{
1070
     1
1000
835393
1002
}
1002
{
1070
     5
1000
787266
1002
}
1002
{
1070
     2
1000
-2006020
1002
}
  0
MTEXT
  5
6DF
330
70
100
AcDbEntity
  8
A-FLOR-LEVL
100
AcDbMText
 10
3805.377423121463
 20
35927.39910834364
 30
0.0
 40
199.9999999999998
 41
905.9068749999992
 46
0.0
 71
     1
 72
     1
  1
35540
  7
ISOCPEUR
 73
     2
 44
1.0
 90
        3
 63
     9
421
 13158600
 45
1.25
441
        0
1001
REVIT
1002
{
1070
     1
1000
835393
1002
}
1002
{
1070
     5
1000
787266
1002
}
1002
{
1070
     2
1000
-2006020
1002
}
  0
LINE
  5
6E0
330
70
100
AcDbEntity
  8
A-FLOR-LEVL
  6
Centre
100
AcDbLine
 10
3380.585448852001
 20
35540.0
 30
0.0
 11
30907.88367581547
 21
35540.0
 31
0.0
1001
REVIT
1002
{
1070
     1
1000
835393
1002
}
1002
{
1070
     5
1000
787266
1002
}
1002
{
1070
     2
1000
-2000240
1002
}
  0
MTEXT
  5
6E1
330
70
100
AcDbEntity
  8
A-FLOR-LEVL
100
AcDbMText
 10
3805.377423121463
 20
38013.75188124804
 30
0.0
 40
199.9999999999998
 41
4144.724374999995
 46
0.0
 71
     1
 72
     1
  1
F/FLOOR CEILING LEVEL RL
  7
ISOCPEUR
 73
     2
 44
1.0
 90
        3
 63
     9
421
 13158600
 45
1.25
441
        0
1001
REVIT
1002
{
1070
     1
1000
1252310
1002
}
1002
{
1070
     5
1000
787246
1002
}
1002
{
1070
     2
1000
-2006020
1002
}
  0
MTEXT
  5
6E2
330
70
100
AcDbEntity
  8
A-FLOR-LEVL
100
AcDbMText
 10
3805.377423121463
 20
37629.75188124804
 30
0.0
 40
199.9999999999998
 41
849.7887499999993
 46
0.0
 71
     1
 72
     1
  1
38140
  7
ISOCPEUR
 73
     2
 44
1.0
 90
        3
 63
     9
421
 13158600
 45
1.25
441
        0
1001
REVIT
1002
{
1070
     1
1000
1252310
1002
}
1002
{
1070
     5
1000
787246
1002
}
1002
{
1070
     2
1000
-2006020
1002
}
  0
LINE
  5
6E3
330
70
100
AcDbEntity
  8
A-FLOR-LEVL
  6
Centre
100
AcDbLine
 10
3380.585448852001
 20
38140.0
 30
0.0
 11
30907.88367581547
 21
38140.0
 31
0.0
1001
REVIT
1002
{
1070
     1
1000
1252310
1002
}
1002
{
1070
     5
1000
787246
1002
}
1002
{
1070
     2
1000
-2000240
1002
}
  0
MTEXT
  5
6E4
330
70
100
AcDbEntity
  8
A-FLOR-LEVL
100
AcDbMText
 10
3805.377423121459
 20
39741.38300201673
 30
0.0
 40
199.9999999999998
 41
3383.121249999996
 46
0.0
 71
     1
 72
     1
  1
FINISHED RIDGE LEVEL
  7
ISOCPEUR
 73
     2
 44
1.0
 90
        3
 63
     9
421
 13158600
 45
1.25
441
        0
1001
REVIT
1002
{
1070
     1
1000
1252451
1002
}
1002
{
1070
     5
1000
787266
1002
}
1002
{
1070
     2
1000
-2006020
1002
}
  0
MTEXT
  5
6E5
330
70
100
AcDbEntity
  8
A-FLOR-LEVL
100
AcDbMText
 10
3805.377423121459
 20
39357.38300201673
 30
0.0
 40
199.9999999999998
 41
881.8562499999989
 46
0.0
 71
     1
 72
     1
  1
38970
  7
ISOCPEUR
 73
     2
 44
1.0
 90
        3
 63
     9
421
 13158600
 45
1.25
441
        0
1001
REVIT
1002
{
1070
     1
1000
1252451
1002
}
1002
{
1070
     5
1000
787266
1002
}
1002
{
1070
     2
1000
-2006020
1002
}
  0
LINE
  5
6E6
330
70
100
AcDbEntity
  8
A-FLOR-LEVL
  6
Centre
100
AcDbLine
 10
3380.585448851997
 20
38969.9838936731
 30
0.0
 11
30907.88367581547
 21
38969.9838936731
 31
0.0
1001
REVIT
1002
{
1070
     1
1000
1252451
1002
}
1002
{
1070
     5
1000
787266
1002
}
1002
{
1070
     2
1000
-2000240
1002
}
  0
MTEXT
  5
6E7
330
70
100
AcDbEntity
  8
A-FLOR-LEVL
100
AcDbMText
 10
3805.377423121463
 20
31763.75188124805
 30
0.0
 40
199.9999999999998
 41
3888.184374999996
 46
0.0
 71
     1
 72
     1
  1
LOWER FLOOR CEILING RL
  7
ISOCPEUR
 73
     2
 44
1.0
 90
        3
 63
     9
421
 13158600
 45
1.25
441
        0
1001
REVIT
1002
{
1070
     1
1000
1421624
1002
}
1002
{
1070
     5
1000
787246
1002
}
1002
{
1070
     2
1000
-2006020
1002
}
  0
MTEXT
  5
6E8
330
70
100
AcDbEntity
  8
A-FLOR-LEVL
100
AcDbMText
 10
3805.377423121463
 20
31379.75188124805
 30
0.0
 40
199.9999999999998
 41
825.7381249999991
 46
0.0
 71
     1
 72
     1
  1
31890
  7
ISOCPEUR
 73
     2
 44
1.0
 90
        3
 63
     9
421
 13158600
 45
1.25
441
        0
1001
REVIT
1002
{
1070
     1
1000
1421624
1002
}
1002
{
1070
     5
1000
787246
1002
}
1002
{
1070
     2
1000
-2006020
1002
}
  0
LINE
  5
6E9
330
70
100
AcDbEntity
  8
A-FLOR-LEVL
  6
Centre
100
AcDbLine
 10
3380.585448852001
 20
31890.0
 30
0.0
 11
30907.88367581547
 21
31890.0
 31
0.0
1001
REVIT
1002
{
1070
     1
1000
1421624
1002
}
1002
{
1070
     5
1000
787246
1002
}
1002
{
1070
     2
1000
-2000240
1002
}
  0
MTEXT
  5
6EA
330
70
100
AcDbEntity
  8
A-FLOR-LEVL
100
AcDbMText
 10
3805.377423121463
 20
29661.39910834364
 30
0.0
 40
199.9999999999998
 41
3743.880624999996
 46
0.0
 71
     1
 72
     1
  1
LOWER FLOOR LEVEL RL
  7
ISOCPEUR
 73
     2
 44
1.0
 90
        3
 63
     9
421
 13158600
 45
1.25
441
        0
1001
REVIT
1002
{
1070
     1
1000
1421755
1002
}
1002
{
1070
     5
1000
787266
1002
}
1002
{
1070
     2
1000
-2006020
1002
}
  0
MTEXT
  5
6EB
330
70
100
AcDbEntity
  8
A-FLOR-LEVL
100
AcDbMText
 10
3805.377423121463
 20
29277.39910834364
 30
0.0
 40
199.9999999999998
 41
881.8562499999989
 46
0.0
 71
     1
 72
     1
  1
28890
  7
ISOCPEUR
 73
     2
 44
1.0
 90
        3
 63
     9
421
 13158600
 45
1.25
441
        0
1001
REVIT
1002
{
1070
     1
1000
1421755
1002
}
1002
{
1070
     5
1000
787266
1002
}
1002
{
1070
     2
1000
-2006020
1002
}
  0
LINE
  5
6EC
330
70
100
AcDbEntity
  8
A-FLOR-LEVL
  6
Centre
100
AcDbLine
 10
3380.585448852001
 20
28890.0
 30
0.0
 11
30907.88367581547
 21
28890.0
 31
0.0
1001
REVIT
1002
{
1070
     1
1000
1421755
1002
}
1002
{
1070
     5
1000
787266
1002
}
1002
{
1070
     2
1000
-2000240
1002
}
  0
MTEXT
  5
6EF
330
70
100
AcDbEntity
  8
G-ANNO-TEXT
 62
     7
100
AcDbMText
 10
6035.918389758465
 20
32579.49525171496
 30
0.0
 40
150.0
 41
416.8775000000001
 46
0.0
 71
     1
 72
     1
  1
NGL
  7
ISOCPEUR_I
 11
0.9798305422898791
 21
-0.1998301989087779
 31
0.0
 73
     2
 44
1.0
1001
REVIT
1002
{
1070
     1
1000
1522470
1002
}
1002
{
1070
     5
1000
1381077
1002
}
1002
{
1070
     2
1000
-2000300
1002
}
  0
MTEXT
  5
6F0
330
70
100
AcDbEntity
  8
G-ANNO-TEXT
 62
     7
100
AcDbMText
 10
28917.64800578266
 20
29090.16379216129
 30
0.0
 40
150.0
 41
416.8775000000001
 46
0.0
 71
     1
 72
     1
  1
NGL
  7
ISOCPEUR_I
 73
     2
 44
1.0
1001
REVIT
1002
{
1070
     1
1000
1537405
1002
}
1002
{
1070
     5
1000
1381077
1002
}
1002
{
1070
     2
1000
-2000300
1002
}
  0
MTEXT
  5
6F3
330
70
100
AcDbEntity
  8
A-ANNO-IDEN
100
AcDbMText
 10
22038.35763171306
 20
30908.34547119816
 30
0.0
 40
149.9999999999998
 41
1138.396249999999
 46
0.0
 71
     1
 72
     1
  1
GAS HWS
  7
Calibri
 73
     2
 44
1.0
1001
REVIT
1002
{
1070
     1
1000
1918090
1002
}
1002
{
1070
     5
1000
1890169
1002
}
1002
{
1070
     2
1000
-2005022
1002
}
  0
LINE
  5
6F4
330
70
100
AcDbEntity
  8
A-ANNO-IDEN
100
AcDbLine
 10
27226.15418506761
 20
34026.03221438101
 30
0.0
 11
27526.18535773501
 21
33945.76388499118
 31
0.0
1001
REVIT
1002
{
1070
     1
1000
1918242
1002
}
1002
{
1070
     5
1000
1890169
1002
}
1002
{
1070
     2
1000
-2005022
1002
}
  0
LINE
  5
6F5
330
70
100
AcDbEntity
  8
A-ANNO-IDEN
100
AcDbLine
 10
27526.18535773501
 20
33945.76388499118
 30
0.0
 11
27526.12296721972
 21
34106.53338834378
 31
0.0
1001
REVIT
1002
{
1070
     1
1000
1918242
1002
}
1002
{
1070
     5
1000
1890169
1002
}
1002
{
1070
     2
1000
-2005022
1002
}
  0
LINE
  5
6F6
330
70
100
AcDbEntity
  8
A-ANNO-IDEN
100
AcDbLine
 10
27526.12296721972
 20
34106.53338834378
 30
0.0
 11
27226.15418506761
 21
34026.03221438101
 31
0.0
1001
REVIT
1002
{
1070
     1
1000
1918242
1002
}
1002
{
1070
     5
1000
1890169
1002
}
1002
{
1070
     2
1000
-2005022
1002
}
  0
HATCH
  5
6F7
330
70
100
AcDbEntity
  8
A-ANNO-IDEN
100
AcDbHatch
 10
0.0
 20
0.0
 30
0.0
210
0.0
220
0.0
230
1.0
  2
SOLID
 70
     1
 71
     0
 91
        1
 92
        1
 93
        3
 72
     1
 10
27226.15418506761
 20
34026.03221438101
 11
27526.18535773501
 21
33945.76388499118
 72
     1
 10
27526.18535773501
 20
33945.76388499118
 11
27526.12296721972
 21
34106.53338834378
 72
     1
 10
27526.12296721972
 20
34106.53338834378
 11
27226.15418506761
 21
34026.03221438101
 97
        0
 75
     0
 76
     1
 98
        1
 10
0.0
 20
0.0
1001
REVIT
1002
{
1070
     1
1000
1918242
1002
}
1002
{
1070
     5
1000
1890169
1002
}
1002
{
1070
     2
1000
-2005022
1002
}
  0
LINE
  5
6F8
330
70
100
AcDbEntity
  8
A-ANNO-IDEN
100
AcDbLine
 10
27226.15418506761
 20
34026.03221438101
 30
0.0
 11
28514.56719640715
 21
34026.53221438101
 31
0.0
1001
REVIT
1002
{
1070
     1
1000
1918242
1002
}
1002
{
1070
     5
1000
1890169
1002
}
1002
{
1070
     2
1000
-2005022
1002
}
  0
MTEXT
  5
6F9
330
70
100
AcDbEntity
  8
A-ANNO-IDEN
100
AcDbMText
 10
28878.36927974048
 20
34242.52179771434
 30
0.0
 40
149.9999999999998
 41
2212.657499999998
 46
0.0
 71
     1
 72
     1
  1
BRICKWORK WITH
  7
Calibri
 73
     2
 44
1.0
1001
REVIT
1002
{
1070
     1
1000
1918242
1002
}
1002
{
1070
     5
1000
1890169
1002
}
1002
{
1070
     2
1000
-2005022
1002
}
  0
MTEXT
  5
6FA
330
70
100
AcDbEntity
  8
A-ANNO-IDEN
100
AcDbMText
 10
28514.56719640715
 20
33944.86554771434
 30
0.0
 40
149.9999999999998
 41
3094.513749999997
 46
0.0
 71
     1
 72
     1
  1
SELECTED RENDER FINISH
  7
Calibri
 73
     2
 44
1.0
1001
REVIT
1002
{
1070
     1
1000
1918242
1002
}
1002
{
1070
     5
1000
1890169
1002
}
1002
{
1070
     2
1000
-2005022
1002
}
  0
LINE
  5
6FB
330
70
100
AcDbEntity
  8
A-ANNO-IDEN
100
AcDbLine
 10
27879.44660683528
 20
32201.09569869566
 30
0.0
 11
27959.83136456462
 21
32501.09569869567
 31
0.0
1001
REVIT
1002
{
1070
     1
1000
1918244
1002
}
1002
{
1070
     5
1000
1890169
1002
}
1002
{
1070
     2
1000
-2005022
1002
}
  0
LINE
  5
6FC
330
70
100
AcDbEntity
  8
A-ANNO-IDEN
100
AcDbLine
 10
27959.83136456462
 20
32501.09569869567
 30
0.0
 11
27799.06184910595
 21
32501.09569869567
 31
0.0
1001
REVIT
1002
{
1070
     1
1000
1918244
1002
}
1002
{
1070
     5
1000
1890169
1002
}
1002
{
1070
     2
1000
-2005022
1002
}
  0
LINE
  5
6FD
330
70
100
AcDbEntity
  8
A-ANNO-IDEN
100
AcDbLine
 10
27799.06184910595
 20
32501.09569869567
 30
0.0
 11
27879.44660683528
 21
32201.09569869566
 31
0.0
1001
REVIT
1002
{
1070
     1
1000
1918244
1002
}
1002
{
1070
     5
1000
1890169
1002
}
1002
{
1070
     2
1000
-2005022
1002
}
  0
HATCH
  5
6FE
330
70
100
AcDbEntity
  8
A-ANNO-IDEN
100
AcDbHatch
 10
0.0
 20
0.0
 30
0.0
210
0.0
220
0.0
230
1.0
  2
SOLID
 70
     1
 71
     0
 91
        1
 92
        1
 93
        3
 72
     1
 10
27879.44660683528
 20
32201.09569869566
 11
27959.83136456462
 21
32501.09569869567
 72
     1
 10
27959.83136456462
 20
32501.09569869567
 11
27799.06184910595
 21
32501.09569869567
 72
     1
 10
27799.06184910595
 20
32501.09569869567
 11
27879.44660683528
 21
32201.09569869566
 97
        0
 75
     0
 76
     1
 98
        1
 10
0.0
 20
0.0
1001
REVIT
1002
{
1070
     1
1000
1918244
1002
}
1002
{
1070
     5
1000
1890169
1002
}
1002
{
1070
     2
1000
-2005022
1002
}
  0
LINE
  5
6FF
330
70
100
AcDbEntity
  8
A-ANNO-IDEN
100
AcDbLine
 10
27879.44660683528
 20
33160.42197811301
 30
0.0
 11
28316.56719640854
 21
33160.92197811302
 31
0.0
1001
REVIT
1002
{
1070
     1
1000
1918244
1002
}
1002
{
1070
     5
1000
1890169
1002
}
1002
{
1070
     2
1000
-2005022
1002
}
  0
LINE
  5
700
330
70
100
AcDbEntity
  8
A-ANNO-IDEN
100
AcDbLine
 10
27879.44660683528
 20
32201.09569869566
 30
0.0
 11
27879.44660683528
 21
33160.42197811301
 31
0.0
1001
REVIT
1002
{
1070
     1
1000
1918244
1002
}
1002
{
1070
     5
1000
1890169
1002
}
1002
{
1070
     2
1000
-2005022
1002
}
  0
MTEXT
  5
701
330
70
100
AcDbEntity
  8
A-ANNO-IDEN
100
AcDbMText
 10
28316.56719640855
 20
33376.91156144635
 30
0.0
 40
149.9999999999998
 41
3118.564374999997
 46
0.0
 71
     1
 72
     1
  1
EPS CLAD WITH SELECTED
  7
Calibri
 73
     2
 44
1.0
1001
REVIT
1002
{
1070
     1
1000
1918244
1002
}
1002
{
1070
     5
1000
1890169
1002
}
1002
{
1070
     2
1000
-2005022
1002
}
  0
MTEXT
  5
702
330
70
100
AcDbEntity
  8
A-ANNO-IDEN
100
AcDbMText
 10
28845.73386307522
 20
33079.25531144635
 30
0.0
 40
149.9999999999998
 41
1843.881249999998
 46
0.0
 71
     1
 72
     1
  1
RENDER FINISH
  7
Calibri
 73
     2
 44
1.0
1001
REVIT
1002
{
1070
     1
1000
1918244
1002
}
1002
{
1070
     5
1000
1890169
1002
}
1002
{
1070
     2
1000
-2005022
1002
}
  0
LINE
  5
704
330
70
100
AcDbEntity
  8
A-ROOF-IDEN
100
AcDbLine
 10
26589.07813639443
 20
35632.50212258755
 30
0.0
 11
26669.46289412377
 21
35932.50212258755
 31
0.0
1001
REVIT
1002
{
1070
     1
1000
1918253
1002
}
1002
{
1070
     5
1000
1917170
1002
}
1002
{
1070
     2
1000
-2000266
1002
}
  0
LINE
  5
705
330
70
100
AcDbEntity
  8
A-ROOF-IDEN
100
AcDbLine
 10
26669.46289412377
 20
35932.50212258755
 30
0.0
 11
26508.69337866509
 21
35932.50212258755
 31
0.0
1001
REVIT
1002
{
1070
     1
1000
1918253
1002
}
1002
{
1070
     5
1000
1917170
1002
}
1002
{
1070
     2
1000
-2000266
1002
}
  0
LINE
  5
706
330
70
100
AcDbEntity
  8
A-ROOF-IDEN
100
AcDbLine
 10
26508.69337866509
 20
35932.50212258755
 30
0.0
 11
26589.07813639443
 21
35632.50212258755
 31
0.0
1001
REVIT
1002
{
1070
     1
1000
1918253
1002
}
1002
{
1070
     5
1000
1917170
1002
}
1002
{
1070
     2
1000
-2000266
1002
}
  0
HATCH
  5
707
330
70
100
AcDbEntity
  8
A-ROOF-IDEN
100
AcDbHatch
 10
0.0
 20
0.0
 30
0.0
210
0.0
220
0.0
230
1.0
  2
SOLID
 70
     1
 71
     0
 91
        1
 92
        1
 93
        3
 72
     1
 10
26589.07813639443
 20
35632.50212258755
 11
26669.46289412377
 21
35932.50212258755
 72
     1
 10
26669.46289412377
 20
35932.50212258755
 11
26508.69337866509
 21
35932.50212258755
 72
     1
 10
26508.69337866509
 20
35932.50212258755
 11
26589.07813639443
 21
35632.50212258755
 97
        0
 75
     0
 76
     1
 98
        1
 10
0.0
 20
0.0
1001
REVIT
1002
{
1070
     1
1000
1918253
1002
}
1002
{
1070
     5
1000
1917170
1002
}
1002
{
1070
     2
1000
-2000266
1002
}
  0
LINE
  5
708
330
70
100
AcDbEntity
  8
A-ROOF-IDEN
100
AcDbLine
 10
26589.07813639443
 20
36615.78538322253
 30
0.0
 11
27235.32374078487
 21
36615.78538322253
 31
0.0
1001
REVIT
1002
{
1070
     1
1000
1918253
1002
}
1002
{
1070
     5
1000
1917170
1002
}
1002
{
1070
     2
1000
-2000266
1002
}
  0
LINE
  5
709
330
70
100
AcDbEntity
  8
A-ROOF-IDEN
100
AcDbLine
 10
26589.07813639443
 20
35632.50212258755
 30
0.0
 11
26589.07813639443
 21
36615.78538322253
 31
0.0
1001
REVIT
1002
{
1070
     1
1000
1918253
1002
}
1002
{
1070
     5
1000
1917170
1002
}
1002
{
1070
     2
1000
-2000266
1002
}
  0
MTEXT
  5
70A
330
70
100
AcDbEntity
  8
A-ROOF-IDEN
100
AcDbMText
 10
28134.90707411821
 20
36752.57846206645
 30
0.0
 40
149.9999999999998
 41
1859.914999999998
 46
0.0
 71
     1
 72
     1
  1
      ROOF PITCH
  7
Calibri
 73
     2
 44
1.0
1001
REVIT
1002
{
1070
     1
1000
1918253
1002
}
1002
{
1070
     5
1000
1917170
1002
}
1002
{
1070
     2
1000
-2000266
1002
}
  0
MTEXT
  5
70B
330
70
100
AcDbEntity
  8
A-ROOF-IDEN
100
AcDbMText
 10
27235.32374078487
 20
36454.92221206645
 30
0.0
 40
149.9999999999998
 41
4040.504999999996
 46
0.0
 71
     1
 72
     1
  1
SHEET METAL ROOF AS SELECTED
  7
Calibri
 73
     2
 44
1.0
1001
REVIT
1002
{
1070
     1
1000
1918253
1002
}
1002
{
1070
     5
1000
1917170
1002
}
1002
{
1070
     2
1000
-2000266
1002
}
  0
MTEXT
  5
70D
330
70
100
AcDbEntity
  8
A-ROOF-IDEN
100
AcDbMText
 10
27898.45279098109
 20
36865.45063771195
 30
0.0
 40
249.9999999999997
 41
416.8774999999996
 46
0.0
 71
     1
 72
     1
  1
5°
  7
ISOCPEUR_B
 73
     2
 44
1.0
1001
REVIT
1002
{
1070
     1
1000
1918253
1002
}
1002
{
1070
     5
1000
1917170
1002
}
1002
{
1070
     2
1000
-2000266
1002
}
  0
LINE
  5
70E
330
70
100
AcDbEntity
  8
A-ROOF-IDEN
100
AcDbLine
 10
12796.85072824585
 20
38541.33489888257
 30
0.0
 11
12877.23548597519
 21
38841.33489888257
 31
0.0
1001
REVIT
1002
{
1070
     1
1000
1918254
1002
}
1002
{
1070
     5
1000
1917170
1002
}
1002
{
1070
     2
1000
-2000266
1002
}
  0
LINE
  5
70F
330
70
100
AcDbEntity
  8
A-ROOF-IDEN
100
AcDbLine
 10
12877.23548597519
 20
38841.33489888257
 30
0.0
 11
12716.46597051652
 21
38841.33489888257
 31
0.0
1001
REVIT
1002
{
1070
     1
1000
1918254
1002
}
1002
{
1070
     5
1000
1917170
1002
}
1002
{
1070
     2
1000
-2000266
1002
}
  0
LINE
  5
710
330
70
100
AcDbEntity
  8
A-ROOF-IDEN
100
AcDbLine
 10
12716.46597051652
 20
38841.33489888257
 30
0.0
 11
12796.85072824585
 21
38541.33489888257
 31
0.0
1001
REVIT
1002
{
1070
     1
1000
1918254
1002
}
1002
{
1070
     5
1000
1917170
1002
}
1002
{
1070
     2
1000
-2000266
1002
}
  0
HATCH
  5
711
330
70
100
AcDbEntity
  8
A-ROOF-IDEN
100
AcDbHatch
 10
0.0
 20
0.0
 30
0.0
210
0.0
220
0.0
230
1.0
  2
SOLID
 70
     1
 71
     0
 91
        1
 92
        1
 93
        3
 72
     1
 10
12796.85072824585
 20
38541.33489888257
 11
12877.23548597519
 21
38841.33489888257
 72
     1
 10
12877.23548597519
 20
38841.33489888257
 11
12716.46597051652
 21
38841.33489888257
 72
     1
 10
12716.46597051652
 20
38841.33489888257
 11
12796.85072824585
 21
38541.33489888257
 97
        0
 75
     0
 76
     1
 98
        1
 10
0.0
 20
0.0
1001
REVIT
1002
{
1070
     1
1000
1918254
1002
}
1002
{
1070
     5
1000
1917170
1002
}
1002
{
1070
     2
1000
-2000266
1002
}
  0
LINE
  5
712
330
70
100
AcDbEntity
  8
A-ROOF-IDEN
100
AcDbLine
 10
12796.85072824585
 20
39515.47632908323
 30
0.0
 11
13379.99932194685
 21
39515.47632908323
 31
0.0
1001
REVIT
1002
{
1070
     1
1000
1918254
1002
}
1002
{
1070
     5
1000
1917170
1002
}
1002
{
1070
     2
1000
-2000266
1002
}
  0
LINE
  5
713
330
70
100
AcDbEntity
  8
A-ROOF-IDEN
100
AcDbLine
 10
12796.85072824585
 20
38541.33489888257
 30
0.0
 11
12796.85072824585
 21
39515.47632908323
 31
0.0
1001
REVIT
1002
{
1070
     1
1000
1918254
1002
}
1002
{
1070
     5
1000
1917170
1002
}
1002
{
1070
     2
1000
-2000266
1002
}
  0
MTEXT
  5
714
330
70
100
AcDbEntity
  8
A-ROOF-IDEN
100
AcDbMText
 10
14279.58265528019
 20
39652.26940792715
 30
0.0
 40
149.9999999999998
 41
1859.914999999998
 46
0.0
 71
     1
 72
     1
  1
      ROOF PITCH
  7
Calibri
 73
     2
 44
1.0
1001
REVIT
1002
{
1070
     1
1000
1918254
1002
}
1002
{
1070
     5
1000
1917170
1002
}
1002
{
1070
     2
1000
-2000266
1002
}
  0
MTEXT
  5
715
330
70
100
AcDbEntity
  8
A-ROOF-IDEN
100
AcDbMText
 10
13379.99932194686
 20
39354.61315792715
 30
0.0
 40
149.9999999999998
 41
4040.504999999996
 46
0.0
 71
     1
 72
     1
  1
SHEET METAL ROOF AS SELECTED
  7
Calibri
 73
     2
 44
1.0
1001
REVIT
1002
{
1070
     1
1000
1918254
1002
}
1002
{
1070
     5
1000
1917170
1002
}
1002
{
1070
     2
1000
-2000266
1002
}
  0
MTEXT
  5
716
330
70
100
AcDbEntity
  8
A-ROOF-IDEN
100
AcDbMText
 10
14043.12837214307
 20
39765.14158357265
 30
0.0
 40
249.9999999999997
 41
416.8774999999996
 46
0.0
 71
     1
 72
     1
  1
5°
  7
ISOCPEUR_B
 73
     2
 44
1.0
1001
REVIT
1002
{
1070
     1
1000
1918254
1002
}
1002
{
1070
     5
1000
1917170
1002
}
1002
{
1070
     2
1000
-2000266
1002
}
  0
DIMENSION
  5
72B
330
70
100
AcDbEntity
  8
A-ANNO-DIMS
100
AcDbDimension
280
     0
  2
DIMBLOCK1-rhs
 10
13612.19462214234
 20
34740.00000000002
 30
0.0
 11
13535.34846822462
 21
33540.00000000001
 31
0.0
 70
    32
 71
     5
 42
2400.0
 73
     0
 74
     0
 75
     0
  3
1_5mm_Calibri_Orange
100
AcDbAlignedDimension
 13
13312.19462214234
 23
32340.00000000001
 33
0.0
 14
13912.19462214233
 24
34740.0
 34
0.0
 50
89.99999999999991
100
AcDbRotatedDimension
1001
ACAD
1000
DSTYLE
1002
{
1070
    49
1040
2473.863375370592
1002
}
1001
REVIT
1002
{
1070
     1
1000
1918477
1002
}
1002
{
1070
     5
1000
2173208
1002
}
1002
{
1070
     2
1000
-2000260
1002
}
  0
LINE
  5
73A
330
70
100
AcDbEntity
  8
A-ANNO-IDEN
100
AcDbLine
 10
9893.12928328532
 20
36517.9237610155
 30
0.0
 11
9593.12928328532
 21
36598.30851874484
 31
0.0
1001
REVIT
1002
{
1070
     1
1000
1918548
1002
}
1002
{
1070
     5
1000
1890169
1002
}
1002
{
1070
     2
1000
-2005022
1002
}
  0
LINE
  5
73B
330
70
100
AcDbEntity
  8
A-ANNO-IDEN
100
AcDbLine
 10
9593.12928328532
 20
36598.30851874484
 30
0.0
 11
9593.12928328532
 21
36437.53900328616
 31
0.0
1001
REVIT
1002
{
1070
     1
1000
1918548
1002
}
1002
{
1070
     5
1000
1890169
1002
}
1002
{
1070
     2
1000
-2005022
1002
}
  0
LINE
  5
73C
330
70
100
AcDbEntity
  8
A-ANNO-IDEN
100
AcDbLine
 10
9593.12928328532
 20
36437.53900328616
 30
0.0
 11
9893.12928328532
 21
36517.9237610155
 31
0.0
1001
REVIT
1002
{
1070
     1
1000
1918548
1002
}
1002
{
1070
     5
1000
1890169
1002
}
1002
{
1070
     2
1000
-2005022
1002
}
  0
HATCH
  5
73D
330
70
100
AcDbEntity
  8
A-ANNO-IDEN
100
AcDbHatch
 10
0.0
 20
0.0
 30
0.0
210
0.0
220
0.0
230
1.0
  2
SOLID
 70
     1
 71
     0
 91
        1
 92
        1
 93
        3
 72
     1
 10
9893.12928328532
 20
36517.9237610155
 11
9593.12928328532
 21
36598.30851874484
 72
     1
 10
9593.12928328532
 20
36598.30851874484
 11
9593.12928328532
 21
36437.53900328616
 72
     1
 10
9593.12928328532
 20
36437.53900328616
 11
9893.12928328532
 21
36517.9237610155
 97
        0
 75
     0
 76
     1
 98
        1
 10
0.0
 20
0.0
1001
REVIT
1002
{
1070
     1
1000
1918548
1002
}
1002
{
1070
     5
1000
1890169
1002
}
1002
{
1070
     2
1000
-2005022
1002
}
  0
LINE
  5
73E
330
70
100
AcDbEntity
  8
A-ANNO-IDEN
100
AcDbLine
 10
9893.12928328532
 20
36517.9237610155
 30
0.0
 11
8523.207348360962
 21
36517.9237610155
 31
0.0
1001
REVIT
1002
{
1070
     1
1000
1918548
1002
}
1002
{
1070
     5
1000
1890169
1002
}
1002
{
1070
     2
1000
-2005022
1002
}
  0
MTEXT
  5
73F
330
70
100
AcDbEntity
  8
A-ANNO-IDEN
100
AcDbMText
 10
5870.207348360966
 20
36585.41334434883
 30
0.0
 40
149.9999999999998
 41
3206.749999999997
 46
0.0
 71
     1
 72
     1
  1
BALUSTRADE AS SELECTED
  7
Calibri
 73
     2
 44
1.0
1001
REVIT
1002
{
1070
     1
1000
1918548
1002
}
1002
{
1070
     5
1000
1890169
1002
}
1002
{
1070
     2
1000
-2005022
1002
}
  0
LINE
  5
740
330
70
100
AcDbEntity
  8
A-ANNO-IDEN
100
AcDbLine
 10
10078.99109885912
 20
37416.1512164465
 30
0.0
 11
9779.013875890296
 21
37496.62093109195
 31
0.0
1001
REVIT
1002
{
1070
     1
1000
1918567
1002
}
1002
{
1070
     5
1000
1890169
1002
}
1002
{
1070
     2
1000
-2005022
1002
}
  0
LINE
  5
741
330
70
100
AcDbEntity
  8
A-ANNO-IDEN
100
AcDbLine
 10
9779.013875890296
 20
37496.62093109195
 30
0.0
 11
9778.968345888685
 21
37335.85142208034
 31
0.0
1001
REVIT
1002
{
1070
     1
1000
1918567
1002
}
1002
{
1070
     5
1000
1890169
1002
}
1002
{
1070
     2
1000
-2005022
1002
}
  0
LINE
  5
742
330
70
100
AcDbEntity
  8
A-ANNO-IDEN
100
AcDbLine
 10
9778.968345888685
 20
37335.85142208034
 30
0.0
 11
10078.99109885912
 21
37416.1512164465
 31
0.0
1001
REVIT
1002
{
1070
     1
1000
1918567
1002
}
1002
{
1070
     5
1000
1890169
1002
}
1002
{
1070
     2
1000
-2005022
1002
}
  0
HATCH
  5
743
330
70
100
AcDbEntity
  8
A-ANNO-IDEN
100
AcDbHatch
 10
0.0
 20
0.0
 30
0.0
210
0.0
220
0.0
230
1.0
  2
SOLID
 70
     1
 71
     0
 91
        1
 92
        1
 93
        3
 72
     1
 10
10078.99109885912
 20
37416.1512164465
 11
9779.013875890296
 21
37496.62093109195
 72
     1
 10
9779.013875890296
 20
37496.62093109195
 11
9778.968345888685
 21
37335.85142208034
 72
     1
 10
9778.968345888685
 20
37335.85142208034
 11
10078.99109885912
 21
37416.1512164465
 97
        0
 75
     0
 76
     1
 98
        1
 10
0.0
 20
0.0
1001
REVIT
1002
{
1070
     1
1000
1918567
1002
}
1002
{
1070
     5
1000
1890169
1002
}
1002
{
1070
     2
1000
-2005022
1002
}
  0
LINE
  5
744
330
70
100
AcDbEntity
  8
A-ANNO-IDEN
100
AcDbLine
 10
10078.99109885912
 20
37416.1512164465
 30
0.0
 11
8313.457348360966
 21
37416.6512164465
 31
0.0
1001
REVIT
1002
{
1070
     1
1000
1918567
1002
}
1002
{
1070
     5
1000
1890169
1002
}
1002
{
1070
     2
1000
-2005022
1002
}
  0
MTEXT
  5
745
330
70
100
AcDbEntity
  8
A-ANNO-IDEN
100
AcDbMText
 10
5733.457348360967
 20
37632.64079977983
 30
0.0
 40
149.9999999999998
 41
3118.564374999997
 46
0.0
 71
     1
 72
     1
  1
EPS CLAD WITH SELECTED
  7
Calibri
 73
     2
 44
1.0
1001
REVIT
1002
{
1070
     1
1000
1918567
1002
}
1002
{
1070
     5
1000
1890169
1002
}
1002
{
1070
     2
1000
-2005022
1002
}
  0
MTEXT
  5
746
330
70
100
AcDbEntity
  8
A-ANNO-IDEN
100
AcDbMText
 10
6262.624015027634
 20
37334.98454977983
 30
0.0
 40
149.9999999999998
 41
1843.881249999998
 46
0.0
 71
     1
 72
     1
  1
RENDER FINISH
  7
Calibri
 73
     2
 44
1.0
1001
REVIT
1002
{
1070
     1
1000
1918567
1002
}
1002
{
1070
     5
1000
1890169
1002
}
1002
{
1070
     2
1000
-2005022
1002
}
  0
DIMENSION
  5
755
330
70
100
AcDbEntity
  8
A-ANNO-DIMS
100
AcDbDimension
280
     0
  2
DIMBLOCK2-rhs
 10
3707.134504494958
 20
38140.00000000002
 30
0.0
 11
3607.134504494968
 21
38554.99194683656
 31
0.0
 70
    32
 71
     5
 42
829.9838936730957
 73
     0
 74
     0
 75
     0
  3
2_0mm_ISOCPEUR
100
AcDbAlignedDimension
 13
4257.134504494956
 23
38969.9838936731
 33
0.0
 14
4257.134504494956
 24
38140.0
 34
0.0
 50
89.99999999999991
100
AcDbRotatedDimension
1001
ACAD
1000
DSTYLE
1002
{
1070
    49
1040
829.9838936730957
1002
}
1001
REVIT
1002
{
1070
     1
1000
1972804
1002
}
1002
{
1070
     5
1000
1276159
1002
}
1002
{
1070
     2
1000
-2000260
1002
}
  0
DIMENSION
  5
770
330
70
100
AcDbEntity
  8
A-ANNO-DIMS
100
AcDbDimension
280
     0
  2
DIMBLOCK3-rhs
 10
3707.134504494958
 20
35540.00000000002
 30
0.0
 11
3607.134504494967
 21
36840.00000000001
 31
0.0
 70
    32
 71
     5
 42
2600.0
 73
     0
 74
     0
 75
     0
  3
2_0mm_ISOCPEUR
100
AcDbAlignedDimension
 13
4257.134504494956
 23
38140.0
 33
0.0
 14
4257.134504494956
 24
35540.0
 34
0.0
 50
89.99999999999991
100
AcDbRotatedDimension
1001
ACAD
1000
DSTYLE
1002
{
1070
    49
1040
2600.0
1002
}
1001
REVIT
1002
{
1070
     1
1000
1972804
1002
}
1002
{
1070
     5
1000
1276159
1002
}
1002
{
1070
     2
1000
-2000260
1002
}
  0
DIMENSION
  5
78A
330
70
100
AcDbEntity
  8
A-ANNO-DIMS
100
AcDbDimension
280
     0
  2
DIMBLOCK4-rhs
 10
3707.134504494958
 20
35090.00000000002
 30
0.0
 11
3607.134504494967
 21
35315.00000000001
 31
0.0
 70
    32
 71
     5
 42
450.0
 73
     0
 74
     0
 75
     0
  3
2_0mm_ISOCPEUR
100
AcDbAlignedDimension
 13
4257.134504494956
 23
35540.0
 33
0.0
 14
4257.134504494956
 24
35090.0
 34
0.0
 50
89.99999999999991
100
AcDbRotatedDimension
1001
ACAD
1000
DSTYLE
1002
{
1070
    49
1040
450.0
1002
}
1001
REVIT
1002
{
1070
     1
1000
1972804
1002
}
1002
{
1070
     5
1000
1276159
1002
}
1002
{
1070
     2
1000
-2000260
1002
}
  0
DIMENSION
  5
7A4
330
70
100
AcDbEntity
  8
A-ANNO-DIMS
100
AcDbDimension
280
     0
  2
DIMBLOCK5-rhs
 10
3707.134504494958
 20
32340.00000000002
 30
0.0
 11
3607.134504494966
 21
33715.00000000001
 31
0.0
 70
    32
 71
     5
 42
2749.999999999997
 73
     0
 74
     0
 75
     0
  3
2_0mm_ISOCPEUR
100
AcDbAlignedDimension
 13
4257.134504494956
 23
35090.0
 33
0.0
 14
4257.134504494956
 24
32340.00000000001
 34
0.0
 50
89.99999999999991
100
AcDbRotatedDimension
1001
ACAD
1000
DSTYLE
1002
{
1070
    49
1040
2749.999999999997
1002
}
1001
REVIT
1002
{
1070
     1
1000
1972804
1002
}
1002
{
1070
     5
1000
1276159
1002
}
1002
{
1070
     2
1000
-2000260
1002
}
  0
DIMENSION
  5
7BE
330
70
100
AcDbEntity
  8
A-ANNO-DIMS
100
AcDbDimension
280
     0
  2
DIMBLOCK6-rhs
 10
3707.134504494958
 20
31890.00000000002
 30
0.0
 11
3607.134504494966
 21
32115.00000000001
 31
0.0
 70
    32
 71
     5
 42
450.0000000000036
 73
     0
 74
     0
 75
     0
  3
2_0mm_ISOCPEUR
100
AcDbAlignedDimension
 13
4257.134504494956
 23
32340.00000000001
 33
0.0
 14
4257.134504494956
 24
31890.0
 34
0.0
 50
89.99999999999991
100
AcDbRotatedDimension
1001
ACAD
1000
DSTYLE
1002
{
1070
    49
1040
450.0000000000036
1002
}
1001
REVIT
1002
{
1070
     1
1000
1972804
1002
}
1002
{
1070
     5
1000
1276159
1002
}
1002
{
1070
     2
1000
-2000260
1002
}
  0
DIMENSION
  5
7D8
330
70
100
AcDbEntity
  8
A-ANNO-DIMS
100
AcDbDimension
280
     0
  2
DIMBLOCK7-rhs
 10
3707.134504494958
 20
28890.00000000002
 30
0.0
 11
3607.134504494965
 21
30390.00000000001
 31
0.0
 70
    32
 71
     5
 42
3000.0
 73
     0
 74
     0
 75
     0
  3
2_0mm_ISOCPEUR
100
AcDbAlignedDimension
 13
4257.134504494956
 23
31890.0
 33
0.0
 14
4257.134504494956
 24
28890.0
 34
0.0
 50
89.99999999999991
100
AcDbRotatedDimension
1001
ACAD
1000
DSTYLE
1002
{
1070
    49
1040
3000.0
1002
}
1001
REVIT
1002
{
1070
     1
1000
1972804
1002
}
1002
{
1070
     5
1000
1276159
1002
}
1002
{
1070
     2
1000
-2000260
1002
}
  0
LINE
  5
7E5
330
70
100
AcDbEntity
  8
G-ANNO-TEXT
 62
     7
100
AcDbLine
 10
7285.560075802418
 20
32021.81917419784
 30
0.0
 11
7246.064326526201
 21
31721.81917419784
 31
0.0
1001
REVIT
1002
{
1070
     1
1000
1975022
1002
}
1002
{
1070
     5
1000
2108246
1002
}
1002
{
1070
     2
1000
-2000300
1002
}
  0
LINE
  5
7E6
330
70
100
AcDbEntity
  8
G-ANNO-TEXT
 62
     7
100
AcDbLine
 10
7246.064326526201
 20
31721.81917419784
 30
0.0
 11
7325.055825078638
 21
31721.81917419784
 31
0.0
1001
REVIT
1002
{
1070
     1
1000
1975022
1002
}
1002
{
1070
     5
1000
2108246
1002
}
1002
{
1070
     2
1000
-2000300
1002
}
  0
LINE
  5
7E7
330
70
100
AcDbEntity
  8
G-ANNO-TEXT
 62
     7
100
AcDbLine
 10
7325.055825078638
 20
31721.81917419784
 30
0.0
 11
7285.560075802418
 21
32021.81917419784
 31
0.0
1001
REVIT
1002
{
1070
     1
1000
1975022
1002
}
1002
{
1070
     5
1000
2108246
1002
}
1002
{
1070
     2
1000
-2000300
1002
}
  0
HATCH
  5
7E8
330
70
100
AcDbEntity
  8
G-ANNO-TEXT
 62
     7
100
AcDbHatch
 10
0.0
 20
0.0
 30
0.0
210
0.0
220
0.0
230
1.0
  2
SOLID
 70
     1
 71
     0
 91
        1
 92
        1
 93
        3
 72
     1
 10
7285.560075802418
 20
32021.81917419784
 11
7246.064326526201
 21
31721.81917419784
 72
     1
 10
7246.064326526201
 20
31721.81917419784
 11
7325.055825078638
 21
31721.81917419784
 72
     1
 10
7325.055825078638
 20
31721.81917419784
 11
7285.560075802418
 21
32021.81917419784
 97
        0
 75
     0
 76
     1
 98
        1
 10
0.0
 20
0.0
1001
REVIT
1002
{
1070
     1
1000
1975022
1002
}
1002
{
1070
     5
1000
2108246
1002
}
1002
{
1070
     2
1000
-2000300
1002
}
  0
LINE
  5
7E9
330
70
100
AcDbEntity
  8
G-ANNO-TEXT
 62
     7
100
AcDbLine
 10
7285.560075802421
 20
31494.77433404821
 30
0.0
 11
7832.184045798007
 21
31494.77433404823
 31
0.0
1001
REVIT
1002
{
1070
     1
1000
1975022
1002
}
1002
{
1070
     5
1000
2108246
1002
}
1002
{
1070
     2
1000
-2000300
1002
}
  0
LINE
  5
7EA
330
70
100
AcDbEntity
  8
G-ANNO-TEXT
 62
     7
100
AcDbLine
 10
7285.560075802418
 20
32021.81917419784
 30
0.0
 11
7285.560075802421
 21
31494.77433404821
 31
0.0
1001
REVIT
1002
{
1070
     1
1000
1975022
1002
}
1002
{
1070
     5
1000
2108246
1002
}
1002
{
1070
     2
1000
-2000300
1002
}
  0
MTEXT
  5
7EC
330
70
100
AcDbEntity
  8
G-ANNO-TEXT
 62
     7
100
AcDbMText
 10
7932.184045798006
 20
31554.77433404824
 30
0.0
 40
120.0
 41
392.826875
 46
0.0
 71
     1
 72
     1
  1
NGL
  7
Calibri_1
 73
     2
 44
1.0
1001
REVIT
1002
{
1070
     1
1000
1975022
1002
}
1002
{
1070
     5
1000
2108246
1002
}
1002
{
1070
     2
1000
-2000300
1002
}
  0
LINE
  5
7ED
330
70
100
AcDbEntity
  8
G-ANNO-TEXT
 62
     7
100
AcDbLine
 10
19195.83135691104
 20
36855.68548837112
 30
0.0
 11
19235.32710618726
 21
37155.68548837112
 31
0.0
1001
REVIT
1002
{
1070
     1
1000
2020517
1002
}
1002
{
1070
     5
1000
2108198
1002
}
1002
{
1070
     2
1000
-2000300
1002
}
  0
LINE
  5
7EE
330
70
100
AcDbEntity
  8
G-ANNO-TEXT
 62
     7
100
AcDbLine
 10
19235.32710618726
 20
37155.68548837112
 30
0.0
 11
19156.33560763481
 21
37155.68548837112
 31
0.0
1001
REVIT
1002
{
1070
     1
1000
2020517
1002
}
1002
{
1070
     5
1000
2108198
1002
}
1002
{
1070
     2
1000
-2000300
1002
}
  0
LINE
  5
7EF
330
70
100
AcDbEntity
  8
G-ANNO-TEXT
 62
     7
100
AcDbLine
 10
19156.33560763481
 20
37155.68548837112
 30
0.0
 11
19195.83135691104
 21
36855.68548837112
 31
0.0
1001
REVIT
1002
{
1070
     1
1000
2020517
1002
}
1002
{
1070
     5
1000
2108198
1002
}
1002
{
1070
     2
1000
-2000300
1002
}
  0
HATCH
  5
7F0
330
70
100
AcDbEntity
  8
G-ANNO-TEXT
 62
     7
100
AcDbHatch
 10
0.0
 20
0.0
 30
0.0
210
0.0
220
0.0
230
1.0
  2
SOLID
 70
     1
 71
     0
 91
        1
 92
        1
 93
        3
 72
     1
 10
19195.83135691104
 20
36855.68548837112
 11
19235.32710618726
 21
37155.68548837112
 72
     1
 10
19235.32710618726
 20
37155.68548837112
 11
19156.33560763481
 21
37155.68548837112
 72
     1
 10
19156.33560763481
 20
37155.68548837112
 11
19195.83135691104
 21
36855.68548837112
 97
        0
 75
     0
 76
     1
 98
        1
 10
0.0
 20
0.0
1001
REVIT
1002
{
1070
     1
1000
2020517
1002
}
1002
{
1070
     5
1000
2108198
1002
}
1002
{
1070
     2
1000
-2000300
1002
}
  0
LINE
  5
7F1
330
70
100
AcDbEntity
  8
G-ANNO-TEXT
 62
     7
100
AcDbLine
 10
19195.83135691104
 20
38589.56410814108
 30
0.0
 11
20539.00561134253
 21
38589.56410814106
 31
0.0
1001
REVIT
1002
{
1070
     1
1000
2020517
1002
}
1002
{
1070
     5
1000
2108198
1002
}
1002
{
1070
     2
1000
-2000300
1002
}
  0
LINE
  5
7F2
330
70
100
AcDbEntity
  8
G-ANNO-TEXT
 62
     7
100
AcDbLine
 10
19195.83135691104
 20
36855.68548837112
 30
0.0
 11
19195.83135691104
 21
38589.56410814108
 31
0.0
1001
REVIT
1002
{
1070
     1
1000
2020517
1002
}
1002
{
1070
     5
1000
2108198
1002
}
1002
{
1070
     2
1000
-2000300
1002
}
  0
MTEXT
  5
7F3
330
70
100
AcDbEntity
  8
G-ANNO-TEXT
 62
     7
100
AcDbMText
 10
20739.00561134252
 20
38664.56410814106
 30
0.0
 40
150.0
 41
2749.788125
 46
0.0
 71
     1
 72
     1
  1
PRIVACY SCREEN, MIN 
  7
Calibri
 73
     2
 44
1.0
1001
REVIT
1002
{
1070
     1
1000
2020517
1002
}
1002
{
1070
     5
1000
2108198
1002
}
1002
{
1070
     2
1000
-2000300
1002
}
  0
MTEXT
  5
7F4
330
70
100
AcDbEntity
  8
G-ANNO-TEXT
 62
     7
100
AcDbMText
 10
20739.00561134252
 20
38366.90785814106
 30
0.0
 40
150.0
 41
2717.720625
 46
0.0
 71
     1
 72
     1
  1
1.5m FROM BALCONY 
  7
Calibri
 73
     2
 44
1.0
1001
REVIT
1002
{
1070
     1
1000
2020517
1002
}
1002
{
1070
     5
1000
2108198
1002
}
1002
{
1070
     2
1000
-2000300
1002
}
  0
MTEXT
  5
7F5
330
70
100
AcDbEntity
  8
G-ANNO-TEXT
 62
     7
100
AcDbMText
 10
20739.00561134252
 20
38069.25160814106
 30
0.0
 40
150.0
 41
713.501875
 46
0.0
 71
     1
 72
     1
  1
LEVEL
  7
Calibri
 73
     2
 44
1.0
1001
REVIT
1002
{
1070
     1
1000
2020517
1002
}
1002
{
1070
     5
1000
2108198
1002
}
1002
{
1070
     2
1000
-2000300
1002
}
  0
DIMENSION
  5
804
330
70
100
AcDbEntity
  8
A-ANNO-DIMS
100
AcDbDimension
280
     0
  2
DIMBLOCK8-rhs
 10
15268.1778342423
 20
34140.00000000002
 30
0.0
 11
15268.1778342423
 21
33240.00000000001
 31
0.0
 70
    32
  1
<>\XSILL
 71
     5
 42
1800.0
 73
     0
 74
     0
 75
     0
  3
1_5mm_Calibri_Orange
100
AcDbAlignedDimension
 13
14968.17783424229
 23
32340.00000000001
 33
0.0
 14
14968.17783424229
 24
34140.0
 34
0.0
 50
89.99999999999991
100
AcDbRotatedDimension
1001
ACAD
1000
DSTYLE
1002
{
1070
    49
1040
1799.999999999996
1002
}
1001
REVIT
1002
{
1070
     1
1000
2159975
1002
}
1002
{
1070
     5
1000
2173208
1002
}
1002
{
1070
     2
1000
-2000260
1002
}
  0
LINE
  5
812
330
70
100
AcDbEntity
  8
G-ANNO-TEXT
 62
     7
100
AcDbLine
 10
20337.51153139813
 20
35549.29477929391
 30
0.0
 11
20567.99613568427
 21
35745.34773488998
 31
0.0
1001
REVIT
1002
{
1070
     1
1000
2199959
1002
}
1002
{
1070
     5
1000
2108198
1002
}
1002
{
1070
     2
1000
-2000300
1002
}
  0
LINE
  5
813
330
70
100
AcDbEntity
  8
G-ANNO-TEXT
 62
     7
100
AcDbLine
 10
20567.99613568427
 20
35745.34773488998
 30
0.0
 11
20509.40032448323
 21
35798.32119761662
 31
0.0
1001
REVIT
1002
{
1070
     1
1000
2199959
1002
}
1002
{
1070
     5
1000
2108198
1002
}
1002
{
1070
     2
1000
-2000300
1002
}
  0
LINE
  5
814
330
70
100
AcDbEntity
  8
G-ANNO-TEXT
 62
     7
100
AcDbLine
 10
20509.40032448323
 20
35798.32119761662
 30
0.0
 11
20337.51153139813
 21
35549.29477929391
 31
0.0
1001
REVIT
1002
{
1070
     1
1000
2199959
1002
}
1002
{
1070
     5
1000
2108198
1002
}
1002
{
1070
     2
1000
-2000300
1002
}
  0
HATCH
  5
815
330
70
100
AcDbEntity
  8
G-ANNO-TEXT
 62
     7
100
AcDbHatch
 10
0.0
 20
0.0
 30
0.0
210
0.0
220
0.0
230
1.0
  2
SOLID
 70
     1
 71
     0
 91
        1
 92
        1
 93
        3
 72
     1
 10
20337.51153139813
 20
35549.29477929391
 11
20567.99613568427
 21
35745.34773488998
 72
     1
 10
20567.99613568427
 20
35745.34773488998
 11
20509.40032448323
 21
35798.32119761662
 72
     1
 10
20509.40032448323
 20
35798.32119761662
 11
20337.51153139813
 21
35549.29477929391
 97
        0
 75
     0
 76
     1
 98
        1
 10
0.0
 20
0.0
1001
REVIT
1002
{
1070
     1
1000
2199959
1002
}
1002
{
1070
     5
1000
2108198
1002
}
1002
{
1070
     2
1000
-2000300
1002
}
  0
LINE
  5
816
330
70
100
AcDbEntity
  8
G-ANNO-TEXT
 62
     7
100
AcDbLine
 10
21298.93332779695
 20
36612.75725968812
 30
0.0
 11
22696.39915473067
 21
36612.75725968812
 31
0.0
1001
REVIT
1002
{
1070
     1
1000
2199959
1002
}
1002
{
1070
     5
1000
2108198
1002
}
1002
{
1070
     2
1000
-2000300
1002
}
  0
LINE
  5
817
330
70
100
AcDbEntity
  8
G-ANNO-TEXT
 62
     7
100
AcDbLine
 10
20337.51153139813
 20
35549.29477929391
 30
0.0
 11
21298.93332779695
 21
36612.75725968812
 31
0.0
1001
REVIT
1002
{
1070
     1
1000
2199959
1002
}
1002
{
1070
     5
1000
2108198
1002
}
1002
{
1070
     2
1000
-2000300
1002
}
  0
LINE
  5
818
330
70
100
AcDbEntity
  8
G-ANNO-TEXT
 62
     7
100
AcDbLine
 10
18149.06338384973
 20
35539.53298863337
 30
0.0
 11
18445.77074108693
 21
35598.90182197379
 31
0.0
1001
REVIT
1002
{
1070
     1
1000
2199959
1002
}
1002
{
1070
     5
1000
2108198
1002
}
1002
{
1070
     2
1000
-2000300
1002
}
  0
LINE
  5
819
330
70
100
AcDbEntity
  8
G-ANNO-TEXT
 62
     7
100
AcDbLine
 10
18445.77074108693
 20
35598.90182197379
 30
0.0
 11
18420.2948983011
 21
35673.67239290856
 31
0.0
1001
REVIT
1002
{
1070
     1
1000
2199959
1002
}
1002
{
1070
     5
1000
2108198
1002
}
1002
{
1070
     2
1000
-2000300
1002
}
  0
LINE
  5
81A
330
70
100
AcDbEntity
  8
G-ANNO-TEXT
 62
     7
100
AcDbLine
 10
18420.2948983011
 20
35673.67239290856
 30
0.0
 11
18149.06338384973
 21
35539.53298863337
 31
0.0
1001
REVIT
1002
{
1070
     1
1000
2199959
1002
}
1002
{
1070
     5
1000
2108198
1002
}
1002
{
1070
     2
1000
-2000300
1002
}
  0
HATCH
  5
81B
330
70
100
AcDbEntity
  8
G-ANNO-TEXT
 62
     7
100
AcDbHatch
 10
0.0
 20
0.0
 30
0.0
210
0.0
220
0.0
230
1.0
  2
SOLID
 70
     1
 71
     0
 91
        1
 92
        1
 93
        3
 72
     1
 10
18149.06338384973
 20
35539.53298863337
 11
18445.77074108693
 21
35598.90182197379
 72
     1
 10
18445.77074108693
 20
35598.90182197379
 11
18420.2948983011
 21
35673.67239290856
 72
     1
 10
18420.2948983011
 20
35673.67239290856
 11
18149.06338384973
 21
35539.53298863337
 97
        0
 75
     0
 76
     1
 98
        1
 10
0.0
 20
0.0
1001
REVIT
1002
{
1070
     1
1000
2199959
1002
}
1002
{
1070
     5
1000
2108198
1002
}
1002
{
1070
     2
1000
-2000300
1002
}
  0
LINE
  5
81C
330
70
100
AcDbEntity
  8
G-ANNO-TEXT
 62
     7
100
AcDbLine
 10
21298.93332779695
 20
36612.75725968812
 30
0.0
 11
22696.39915473067
 21
36612.75725968812
 31
0.0
1001
REVIT
1002
{
1070
     1
1000
2199959
1002
}
1002
{
1070
     5
1000
2108198
1002
}
1002
{
1070
     2
1000
-2000300
1002
}
  0
LINE
  5
81D
330
70
100
AcDbEntity
  8
G-ANNO-TEXT
 62
     7
100
AcDbLine
 10
18149.06338384973
 20
35539.53298863337
 30
0.0
 11
21298.93332779695
 21
36612.75725968812
 31
0.0
1001
REVIT
1002
{
1070
     1
1000
2199959
1002
}
1002
{
1070
     5
1000
2108198
1002
}
1002
{
1070
     2
1000
-2000300
1002
}
  0
MTEXT
  5
81E
330
70
100
AcDbEntity
  8
G-ANNO-TEXT
 62
     7
100
AcDbMText
 10
22896.39915473066
 20
36687.75725968811
 30
0.0
 40
150.0
 41
2621.518125000001
 46
0.0
 71
     1
 72
     1
  1
BALCONY OVERFLOW
  7
Calibri
 73
     2
 44
1.0
1001
REVIT
1002
{
1070
     1
1000
2199959
1002
}
1002
{
1070
     5
1000
2108198
1002
}
1002
{
1070
     2
1000
-2000300
1002
}
  0
LINE
  5
81F
330
70
100
AcDbEntity
  8
G-ANNO-TEXT
 62
     7
100
AcDbLine
 10
22749.29647496714
 20
35832.46465527441
 30
0.0
 11
22825.67052070278
 21
36125.25625240257
 31
0.0
1001
REVIT
1002
{
1070
     1
1000
2452904
1002
}
1002
{
1070
     5
1000
2108198
1002
}
1002
{
1070
     2
1000
-2000300
1002
}
  0
LINE
  5
820
330
70
100
AcDbEntity
  8
G-ANNO-TEXT
 62
     7
100
AcDbLine
 10
22825.67052070278
 20
36125.25625240257
 30
0.0
 11
22747.28809661863
 21
36135.04667824884
 31
0.0
1001
REVIT
1002
{
1070
     1
1000
2452904
1002
}
1002
{
1070
     5
1000
2108198
1002
}
1002
{
1070
     2
1000
-2000300
1002
}
  0
LINE
  5
821
330
70
100
AcDbEntity
  8
G-ANNO-TEXT
 62
     7
100
AcDbLine
 10
22747.28809661863
 20
36135.04667824884
 30
0.0
 11
22749.29647496714
 21
35832.46465527441
 31
0.0
1001
REVIT
1002
{
1070
     1
1000
2452904
1002
}
1002
{
1070
     5
1000
2108198
1002
}
1002
{
1070
     2
1000
-2000300
1002
}
  0
HATCH
  5
822
330
70
100
AcDbEntity
  8
G-ANNO-TEXT
 62
     7
100
AcDbHatch
 10
0.0
 20
0.0
 30
0.0
210
0.0
220
0.0
230
1.0
  2
SOLID
 70
     1
 71
     0
 91
        1
 92
        1
 93
        3
 72
     1
 10
22749.29647496714
 20
35832.46465527441
 11
22825.67052070278
 21
36125.25625240257
 72
     1
 10
22825.67052070278
 20
36125.25625240257
 11
22747.28809661863
 21
36135.04667824884
 72
     1
 10
22747.28809661863
 20
36135.04667824884
 11
22749.29647496714
 21
35832.46465527441
 97
        0
 75
     0
 76
     1
 98
        1
 10
0.0
 20
0.0
1001
REVIT
1002
{
1070
     1
1000
2452904
1002
}
1002
{
1070
     5
1000
2108198
1002
}
1002
{
1070
     2
1000
-2000300
1002
}
  0
LINE
  5
823
330
70
100
AcDbEntity
  8
G-ANNO-TEXT
 62
     7
100
AcDbLine
 10
23350.60060638229
 20
40646.5224064086
 30
0.0
 11
23946.74140102916
 21
40646.52240640861
 31
0.0
1001
REVIT
1002
{
1070
     1
1000
2452904
1002
}
1002
{
1070
     5
1000
2108198
1002
}
1002
{
1070
     2
1000
-2000300
1002
}
  0
LINE
  5
824
330
70
100
AcDbEntity
  8
G-ANNO-TEXT
 62
     7
100
AcDbLine
 10
22749.29647496714
 20
35832.46465527441
 30
0.0
 11
23350.60060638229
 21
40646.5224064086
 31
0.0
1001
REVIT
1002
{
1070
     1
1000
2452904
1002
}
1002
{
1070
     5
1000
2108198
1002
}
1002
{
1070
     2
1000
-2000300
1002
}
  0
LINE
  5
825
330
70
100
AcDbEntity
  8
G-ANNO-TEXT
 62
     7
100
AcDbLine
 10
17331.11840719785
 20
38223.6931604053
 30
0.0
 11
17624.16826861506
 21
38299.07016574676
 31
0.0
1001
REVIT
1002
{
1070
     1
1000
2452904
1002
}
1002
{
1070
     5
1000
2108198
1002
}
1002
{
1070
     2
1000
-2000300
1002
}
  0
LINE
  5
826
330
70
100
AcDbEntity
  8
G-ANNO-TEXT
 62
     7
100
AcDbLine
 10
17624.16826861506
 20
38299.07016574676
 30
0.0
 11
17594.673832186
 21
38372.34864187238
 31
0.0
1001
REVIT
1002
{
1070
     1
1000
2452904
1002
}
1002
{
1070
     5
1000
2108198
1002
}
1002
{
1070
     2
1000
-2000300
1002
}
  0
LINE
  5
827
330
70
100
AcDbEntity
  8
G-ANNO-TEXT
 62
     7
100
AcDbLine
 10
17594.673832186
 20
38372.34864187238
 30
0.0
 11
17331.11840719785
 21
38223.6931604053
 31
0.0
1001
REVIT
1002
{
1070
     1
1000
2452904
1002
}
1002
{
1070
     5
1000
2108198
1002
}
1002
{
1070
     2
1000
-2000300
1002
}
  0
HATCH
  5
828
330
70
100
AcDbEntity
  8
G-ANNO-TEXT
 62
     7
100
AcDbHatch
 10
0.0
 20
0.0
 30
0.0
210
0.0
220
0.0
230
1.0
  2
SOLID
 70
     1
 71
     0
 91
        1
 92
        1
 93
        3
 72
     1
 10
17331.11840719785
 20
38223.6931604053
 11
17624.16826861506
 21
38299.07016574676
 72
     1
 10
17624.16826861506
 20
38299.07016574676
 11
17594.673832186
 21
38372.34864187238
 72
     1
 10
17594.673832186
 20
38372.34864187238
 11
17331.11840719785
 21
38223.6931604053
 97
        0
 75
     0
 76
     1
 98
        1
 10
0.0
 20
0.0
1001
REVIT
1002
{
1070
     1
1000
2452904
1002
}
1002
{
1070
     5
1000
2108198
1002
}
1002
{
1070
     2
1000
-2000300
1002
}
  0
LINE
  5
829
330
70
100
AcDbEntity
  8
G-ANNO-TEXT
 62
     7
100
AcDbLine
 10
23350.60060638229
 20
40646.5224064086
 30
0.0
 11
23946.74140102916
 21
40646.52240640861
 31
0.0
1001
REVIT
1002
{
1070
     1
1000
2452904
1002
}
1002
{
1070
     5
1000
2108198
1002
}
1002
{
1070
     2
1000
-2000300
1002
}
  0
LINE
  5
82A
330
70
100
AcDbEntity
  8
G-ANNO-TEXT
 62
     7
100
AcDbLine
 10
17331.11840719785
 20
38223.6931604053
 30
0.0
 11
23350.60060638229
 21
40646.5224064086
 31
0.0
1001
REVIT
1002
{
1070
     1
1000
2452904
1002
}
1002
{
1070
     5
1000
2108198
1002
}
1002
{
1070
     2
1000
-2000300
1002
}
  0
MTEXT
  5
82B
330
70
100
AcDbEntity
  8
G-ANNO-TEXT
 62
     7
100
AcDbMText
 10
24146.74140102915
 20
40721.52240640861
 30
0.0
 40
150.0
 41
7736.284375000001
 46
0.0
 71
     1
 72
     1
  1
COLORBOND SURFMIST ROOF AS PER APPROVED SCHEDULE OF 
  7
Calibri
 73
     2
 44
1.0
1001
REVIT
1002
{
1070
     1
1000
2452904
1002
}
1002
{
1070
     5
1000
2108198
1002
}
1002
{
1070
     2
1000
-2000300
1002
}
  0
MTEXT
  5
82C
330
70
100
AcDbEntity
  8
G-ANNO-TEXT
 62
     7
100
AcDbMText
 10
24146.74140102915
 20
40423.86615640861
 30
0.0
 40
150.0
 41
3126.58125
 46
0.0
 71
     1
 72
     1
  1
FINISHES AND MATERIALS
  7
Calibri
 73
     2
 44
1.0
1001
REVIT
1002
{
1070
     1
1000
2452904
1002
}
1002
{
1070
     5
1000
2108198
1002
}
1002
{
1070
     2
1000
-2000300
1002
}
  0
DIMENSION
  5
83A
330
70
100
AcDbEntity
  8
A-ANNO-DIMS
100
AcDbDimension
280
     0
  2
DIMBLOCK9-rhs
 10
28911.13620989441
 20
32590.00000000002
 30
0.0
 11
28834.2900559767
 21
32240.0
 31
0.0
 70
    32
 71
     5
 42
700.0000000000036
 73
     0
 74
     0
 75
     0
  3
1_5mm_Calibri_Orange
100
AcDbAlignedDimension
 13
28611.1362098944
 23
31890.0
 33
0.0
 14
28611.1362098944
 24
32590.00000000001
 34
0.0
 50
89.99999999999991
100
AcDbRotatedDimension
1001
ACAD
1000
DSTYLE
1002
{
1070
    49
1040
700.0000000000036
1002
}
1001
REVIT
1002
{
1070
     1
1000
2560796
1002
}
1002
{
1070
     5
1000
2173208
1002
}
1002
{
1070
     2
1000
-2000260
1002
}
  0
DIMENSION
  5
854
330
70
100
AcDbEntity
  8
A-ANNO-DIMS
100
AcDbDimension
280
     0
  2
DIMBLOCK10-rhs
 10
8111.198008288278
 20
35540.00000000002
 30
0.0
 11
8034.351854370564
 21
35315.00000000001
 31
0.0
 70
    32
 71
     5
 42
450.0
 73
     0
 74
     0
 75
     0
  3
1_5mm_Calibri_Orange
100
AcDbAlignedDimension
 13
7811.198008288275
 23
35090.0
 33
0.0
 14
7811.198008288275
 24
35540.0
 34
0.0
 50
89.99999999999991
100
AcDbRotatedDimension
1001
ACAD
1000
DSTYLE
1002
{
1070
    49
1040
450.0
1002
}
1001
REVIT
1002
{
1070
     1
1000
2560809
1002
}
1002
{
1070
     5
1000
2173208
1002
}
1002
{
1070
     2
1000
-2000260
1002
}
  0
DIMENSION
  5
86E
330
70
100
AcDbEntity
  8
A-ANNO-DIMS
100
AcDbDimension
280
     0
  2
DIMBLOCK11-rhs
 10
11050.27751900742
 20
35890.00000000002
 30
0.0
 11
10973.4313650897
 21
35490.00000000001
 31
0.0
 70
    32
 71
     5
 42
800.0
 73
     0
 74
     0
 75
     0
  3
1_5mm_Calibri_Orange
100
AcDbAlignedDimension
 13
10750.27751900741
 23
35090.0
 33
0.0
 14
10750.27751900741
 24
35890.0
 34
0.0
 50
89.99999999999991
100
AcDbRotatedDimension
1001
ACAD
1000
DSTYLE
1002
{
1070
    49
1040
800.0
1002
}
1001
REVIT
1002
{
1070
     1
1000
2560816
1002
}
1002
{
1070
     5
1000
2173208
1002
}
1002
{
1070
     2
1000
-2000260
1002
}
  0
MTEXT
  5
87B
330
70
100
AcDbEntity
  8
A-ANNO-IDEN
100
AcDbMText
 10
27050.70550449901
 20
29547.57464565046
 30
0.0
 40
149.9999999999998
 41
464.9787499999995
 46
0.0
 71
     1
 72
     1
  1
TAP
  7
Calibri
 73
     2
 44
1.0
1001
REVIT
1002
{
1070
     1
1000
2630433
1002
}
1002
{
1070
     5
1000
1890169
1002
}
1002
{
1070
     2
1000
-2005022
1002
}
  0
ENDSEC
  0
SECTION
  2
OBJECTS
  0
DICTIONARY
  5
C
330
0
100
AcDbDictionary
281
     1
  3
ACAD_CIP_PREVIOUS_PRODUCT_INFO
350
79
  3
ACAD_COLOR
350
63
  3
ACAD_DETAILVIEWSTYLE
350
6A
  3
ACAD_GROUP
350
D
  3
ACAD_IMAGE_VARS
350
7A
  3
ACAD_LAYOUT
350
62
  3
ACAD_MATERIAL
350
10
  3
ACAD_MLEADERSTYLE
350
66
  3
ACAD_MLINESTYLE
350
5F
  3
ACAD_PLOTSETTINGS
350
61
  3
ACAD_PLOTSTYLENAME
350
E
  3
ACAD_SCALELIST
350
42
  3
ACAD_SECTIONVIEWSTYLE
350
68
  3
ACAD_TABLESTYLE
350
64
  3
ACAD_VISUALSTYLE
350
29
  3
ACDB_RECOMPOSE_DATA
350
88D
  3
AcDbVariableDictionary
350
885
  3
REVIT_DICTIONARY
350
87C
  0
DICTIONARY
  5
881
330
70
100
AcDbDictionary
280
     1
281
     1
  3
ACAD_SORTENTS
360
882
  0
XRECORD
  5
79
102
{ACAD_REACTORS
330
C
102
}
330
C
100
AcDbXrecord
280
     1
300
RVT
300
2026
300
RVT2026
  0
DICTIONARY
  5
63
102
{ACAD_REACTORS
330
C
102
}
330
C
100
AcDbDictionary
281
     1
  0
DICTIONARY
  5
6A
102
{ACAD_REACTORS
330
C
102
}
330
C
100
AcDbDictionary
281
     1
  3
Imperial24
350
6B
  0
DICTIONARY
  5
D
102
{ACAD_REACTORS
330
C
102
}
330
C
100
AcDbDictionary
281
     1
  0
RASTERVARIABLES
  5
7A
102
{ACAD_REACTORS
330
C
102
}
330
C
100
AcDbRasterVariables
 90
        0
 70
     0
 71
     1
 72
     1
  0
DICTIONARY
  5
62
102
{ACAD_REACTORS
330
C
102
}
330
C
100
AcDbDictionary
281
     1
  3
Layout1
350
6F
  3
Layout2
350
77
  3
Model
350
73
  0
DICTIONARY
  5
10
102
{ACAD_REACTORS
330
C
102
}
330
C
100
AcDbDictionary
281
     1
  3
ByBlock
350
19
  3
ByLayer
350
11
  3
Global
350
21
  0
DICTIONARY
  5
66
102
{ACAD_REACTORS
330
C
102
}
330
C
100
AcDbDictionary
281
     1
  3
Standard
350
67
  0
DICTIONARY
  5
5F
102
{ACAD_REACTORS
330
C
102
}
330
C
100
AcDbDictionary
281
     1
  3
Standard
350
60
  0
DICTIONARY
  5
61
102
{ACAD_REACTORS
330
C
102
}
330
C
100
AcDbDictionary
281
     1
  0
ACDBDICTIONARYWDFLT
  5
E
102
{ACAD_REACTORS
330
C
102
}
330
C
100
AcDbDictionary
281
     1
  3
Normal
350
F
100
AcDbDictionaryWithDefault
340
F
  0
DICTIONARY
  5
42
102
{ACAD_REACTORS
330
C
102
}
330
C
100
AcDbDictionary
281
     1
  3
A0
350
43
  3
A1
350
44
  3
A2
350
45
  3
A3
350
46
  3
A4
350
47
  3
A5
350
48
  3
A6
350
49
  3
A7
350
4A
  3
A8
350
4B
  3
A9
350
4C
  3
B0
350
4D
  3
B1
350
4E
  3
B2
350
4F
  3
B3
350
50
  3
B4
350
51
  3
B5
350
52
  3
B6
350
53
  0
DICTIONARY
  5
68
102
{ACAD_REACTORS
330
C
102
}
330
C
100
AcDbDictionary
281
     1
  3
Imperial24
350
69
  0
DICTIONARY
  5
64
102
{ACAD_REACTORS
330
C
102
}
330
C
100
AcDbDictionary
281
     1
  3
Standard
350
65
  0
DICTIONARY
  5
29
102
{ACAD_REACTORS
330
C
102
}
330
C
100
AcDbDictionary
281
     1
  3
2dWireframe
350
2F
  3
Basic
350
2E
  3
Brighten
350
35
  3
ColorChange
350
39
  3
Conceptual
350
32
  3
Dim
350
34
  3
EdgeColorOff
350
41
  3
Facepattern
350
38
  3
Flat
350
2A
  3
FlatWithEdges
350
2B
  3
Gouraud
350
2C
  3
GouraudWithEdges
350
2D
  3
Hidden
350
31
  3
JitterOff
350
3F
  3
Linepattern
350
37
  3
OverhangOff
350
40
  3
Realistic
350
33
  3
Shaded
350
3E
  3
Shaded with edges
350
3D
  3
Shades of Gray
350
3A
  3
Sketchy
350
3B
  3
Thicken
350
36
  3
Wireframe
350
30
  3
X-Ray
350
3C
  0
XRECORD
  5
88D
102
{ACAD_REACTORS
330
C
102
}
330
C
100
AcDbXrecord
280
     1
 90
        1
330
65
  0
DICTIONARY
  5
885
102
{ACAD_REACTORS
330
C
102
}
330
C
100
AcDbDictionary
281
     1
  3
CANNOSCALE
350
88A
  3
CMLEADERSTYLE
350
887
  3
CTABLESTYLE
350
886
  3
CVIEWDETAILSTYLE
350
888
  3
CVIEWSECTIONSTYLE
350
889
  0
DICTIONARY
  5
87C
102
{ACAD_REACTORS
330
C
102
}
330
C
100
AcDbDictionary
281
     1
  3
DRAWING_TOOL
350
880
  3
REVIT_CATEGORY_MAPPING
350
87E
  3
REVIT_SUB_CATEGORY_MAPPING
350
87F
  3
REVIT_TYPE_MAPPING
350
87D
  0
SORTENTSTABLE
  5
882
102
{ACAD_REACTORS
330
881
102
}
330
881
100
AcDbSortentsTable
330
70
  0
ACDBDETAILVIEWSTYLE
  5
6B
102
{ACAD_REACTORS
330
6A
102
}
330
6A
100
AcDbModelDocViewStyle
 70
     0
  3
Imperial24
290
     0
300
Imperial24
 90
        0
100
AcDbDetailViewStyle
 70
     0
 71
     0
 90
        3
 71
     1
340
55
 62
   256
 40
0.24
340
0
 62
   256
 40
0.24
300

 40
0.36
280
     3
 71
     2
340
5D
 90
       25
 62
   256
 71
     3
340
55
 62
   256
 40
0.24
 90
        1
 40
0.75
 90
        1
300
%<\AcVar ViewType \f "%tc1">% %<\AcVar ViewDetailId>%\PSCALE %<\AcVar ViewScale \f "%sn">%
 71
     4
340
5D
 90
       25
 62
   256
340
5D
 90
       25
 62
   256
280
     0
  0
LAYOUT
  5
6F
102
{ACAD_REACTORS
330
62
102
}
330
62
100
AcDbPlotSettings
  1

  2

  4

  6

 40
0.0
 41
0.0
 42
0.0
 43
0.0
 44
0.0
 45
0.0
 46
0.0
 47
0.0
 48
0.0
 49
0.0
140
0.0
141
0.0
142
1.0
143
1.0
 70
   688
 72
     0
 73
     0
 74
     5
  7

 75
    16
 76
     0
 77
     2
 78
   300
147
1.0
148
0.0
149
0.0
100
AcDbLayout
  1
Layout1
 70
     1
 71
     1
 10
0.0
 20
0.0
 11
12.0
 21
9.0
 12
0.0
 22
0.0
 32
0.0
 14
0.0
 24
0.0
 34
0.0
 15
0.0
 25
0.0
 35
0.0
146
0.0
 13
0.0
 23
0.0
 33
0.0
 16
1.0
 26
0.0
 36
0.0
 17
0.0
 27
1.0
 37
0.0
 76
     0
330
6C
  0
LAYOUT
  5
77
102
{ACAD_REACTORS
330
62
102
}
330
62
100
AcDbPlotSettings
  1

  2

  4

  6

 40
0.0
 41
0.0
 42
0.0
 43
0.0
 44
0.0
 45
0.0
 46
0.0
 47
0.0
 48
0.0
 49
0.0
140
0.0
141
0.0
142
1.0
143
1.0
 70
   688
 72
     0
 73
     0
 74
     5
  7

 75
    16
 76
     0
 77
     2
 78
   300
147
1.0
148
0.0
149
0.0
100
AcDbLayout
  1
Layout2
 70
     1
 71
     2
 10
0.0
 20
0.0
 11
12.0
 21
9.0
 12
0.0
 22
0.0
 32
0.0
 14
0.0
 24
0.0
 34
0.0
 15
0.0
 25
0.0
 35
0.0
146
0.0
 13
0.0
 23
0.0
 33
0.0
 16
1.0
 26
0.0
 36
0.0
 17
0.0
 27
1.0
 37
0.0
 76
     0
330
74
  0
LAYOUT
  5
73
102
{ACAD_REACTORS
330
62
102
}
330
62
100
AcDbPlotSettings
  1

  2

  4

  6

 40
0.0
 41
0.0
 42
0.0
 43
0.0
 44
0.0
 45
0.0
 46
0.0
 47
0.0
 48
0.0
 49
0.0
140
0.0
141
0.0
142
1.0
143
1.0
 70
  1712
 72
     0
 73
     0
 74
     0
  7

 75
     0
 76
     0
 77
     2
 78
   300
147
1.0
148
0.0
149
0.0
100
AcDbLayout
  1
Model
 70
     1
 71
     0
 10
0.0
 20
0.0
 11
12.0
 21
9.0
 12
0.0
 22
0.0
 32
0.0
 14
0.0
 24
0.0
 34
0.0
 15
0.0
 25
0.0
 35
0.0
146
0.0
 13
0.0
 23
0.0
 33
0.0
 16
1.0
 26
0.0
 36
0.0
 17
0.0
 27
1.0
 37
0.0
 76
     0
330
70
331
57
  0
MATERIAL
  5
19
102
{ACAD_REACTORS
330
10
102
}
330
10
100
AcDbMaterial
  1
ByBlock
 72
     0
 73
     2
 43
0.0208333333333333
 43
0.0
 43
0.0
 43
0.0
 43
0.0
 43
0.0208333333333333
 43
0.0
 43
0.0
 43
0.0
 43
0.0
 43
1.0
 43
0.0
 43
0.0
 43
0.0
 43
0.0
 43
1.0
 77
     0
 78
     2
 47
0.0208333333333333
 47
0.0
 47
0.0
 47
0.0
 47
0.0
 47
0.0208333333333333
 47
0.0
 47
0.0
 47
0.0
 47
0.0
 47
1.0
 47
0.0
 47
0.0
 47
0.0
 47
0.0
 47
1.0
171
     0
172
     2
 49
0.0208333333333333
 49
0.0
 49
0.0
 49
0.0
 49
0.0
 49
0.0208333333333333
 49
0.0
 49
0.0
 49
0.0
 49
0.0
 49
1.0
 49
0.0
 49
0.0
 49
0.0
 49
0.0
 49
1.0
175
     0
176
     2
142
0.0208333333333333
142
0.0
142
0.0
142
0.0
142
0.0
142
0.0208333333333333
142
0.0
142
0.0
142
0.0
142
0.0
142
1.0
142
0.0
142
0.0
142
0.0
142
0.0
142
1.0
179
     0
270
     2
144
0.0208333333333333
144
0.0
144
0.0
144
0.0
144
0.0
144
0.0208333333333333
144
0.0
144
0.0
144
0.0
144
0.0
144
1.0
144
0.0
144
0.0
144
0.0
144
0.0
144
1.0
274
     2
147
0.0208333333333333
147
0.0
147
0.0
147
0.0
147
0.0
147
0.0208333333333333
147
0.0
147
0.0
147
0.0
147
0.0
147
1.0
147
0.0
147
0.0
147
0.0
147
0.0
147
1.0
 94
      127
  0
MATERIAL
  5
11
102
{ACAD_REACTORS
330
10
102
}
330
10
100
AcDbMaterial
  1
ByLayer
 72
     0
 73
     2
 43
0.0208333333333333
 43
0.0
 43
0.0
 43
0.0
 43
0.0
 43
0.0208333333333333
 43
0.0
 43
0.0
 43
0.0
 43
0.0
 43
1.0
 43
0.0
 43
0.0
 43
0.0
 43
0.0
 43
1.0
 77
     0
 78
     2
 47
0.0208333333333333
 47
0.0
 47
0.0
 47
0.0
 47
0.0
 47
0.0208333333333333
 47
0.0
 47
0.0
 47
0.0
 47
0.0
 47
1.0
 47
0.0
 47
0.0
 47
0.0
 47
0.0
 47
1.0
171
     0
172
     2
 49
0.0208333333333333
 49
0.0
 49
0.0
 49
0.0
 49
0.0
 49
0.0208333333333333
 49
0.0
 49
0.0
 49
0.0
 49
0.0
 49
1.0
 49
0.0
 49
0.0
 49
0.0
 49
0.0
 49
1.0
175
     0
176
     2
142
0.0208333333333333
142
0.0
142
0.0
142
0.0
142
0.0
142
0.0208333333333333
142
0.0
142
0.0
142
0.0
142
0.0
142
1.0
142
0.0
142
0.0
142
0.0
142
0.0
142
1.0
179
     0
270
     2
144
0.0208333333333333
144
0.0
144
0.0
144
0.0
144
0.0
144
0.0208333333333333
144
0.0
144
0.0
144
0.0
144
0.0
144
1.0
144
0.0
144
0.0
144
0.0
144
0.0
144
1.0
274
     2
147
0.0208333333333333
147
0.0
147
0.0
147
0.0
147
0.0
147
0.0208333333333333
147
0.0
147
0.0
147
0.0
147
0.0
147
1.0
147
0.0
147
0.0
147
0.0
147
0.0
147
1.0
 94
      127
  0
MATERIAL
  5
21
102
{ACAD_REACTORS
330
10
102
}
330
10
100
AcDbMaterial
  1
Global
 72
     0
 73
     2
 43
0.0208333333333333
 43
0.0
 43
0.0
 43
0.0
 43
0.0
 43
0.0208333333333333
 43
0.0
 43
0.0
 43
0.0
 43
0.0
 43
1.0
 43
0.0
 43
0.0
 43
0.0
 43
0.0
 43
1.0
 77
     0
 78
     2
 47
0.0208333333333333
 47
0.0
 47
0.0
 47
0.0
 47
0.0
 47
0.0208333333333333
 47
0.0
 47
0.0
 47
0.0
 47
0.0
 47
1.0
 47
0.0
 47
0.0
 47
0.0
 47
0.0
 47
1.0
171
     0
172
     2
 49
0.0208333333333333
 49
0.0
 49
0.0
 49
0.0
 49
0.0
 49
0.0208333333333333
 49
0.0
 49
0.0
 49
0.0
 49
0.0
 49
1.0
 49
0.0
 49
0.0
 49
0.0
 49
0.0
 49
1.0
175
     0
176
     2
142
0.0208333333333333
142
0.0
142
0.0
142
0.0
142
0.0
142
0.0208333333333333
142
0.0
142
0.0
142
0.0
142
0.0
142
1.0
142
0.0
142
0.0
142
0.0
142
0.0
142
1.0
179
     0
270
     2
144
0.0208333333333333
144
0.0
144
0.0
144
0.0
144
0.0
144
0.0208333333333333
144
0.0
144
0.0
144
0.0
144
0.0
144
1.0
144
0.0
144
0.0
144
0.0
144
0.0
144
1.0
274
     2
147
0.0208333333333333
147
0.0
147
0.0
147
0.0
147
0.0
147
0.0208333333333333
147
0.0
147
0.0
147
0.0
147
0.0
147
1.0
147
0.0
147
0.0
147
0.0
147
0.0
147
1.0
 94
      127
  0
MLEADERSTYLE
  5
67
102
{ACAD_REACTORS
330
66
102
}
330
66
100
AcDbMLeaderStyle
179
     2
170
     2
171
     1
172
     0
 90
        2
 40
0.0
 41
0.0
173
     1
 91
-1056964608
340
5B
 92
       -2
290
     1
 42
0.09
291
     1
 43
0.36
  3
Standard
341
0
 44
0.18
300

342
55
174
     1
178
     6
175
     1
176
     0
 93
-1056964608
 45
0.18
292
     0
297
     0
 46
0.18
343
0
 94
-1056964608
 47
1.0
 49
1.0
140
1.0
293
     1
141
0.0
294
     1
177
     0
142
1.0
295
     1
296
     0
143
0.125
271
     0
272
     9
273
     9
298
     1
  0
MLINESTYLE
  5
60
102
{ACAD_REACTORS
330
5F
102
}
330
5F
100
AcDbMlineStyle
  2
STANDARD
 70
     0
  3

 62
   256
 51
90.0
 52
90.0
 71
     2
 49
0.5
 62
   256
  6
BYLAYER
 49
-0.5
 62
   256
  6
BYLAYER
  0
ACDBPLACEHOLDER
  5
F
102
{ACAD_REACTORS
330
E
102
}
330
E
  0
SCALE
  5
43
102
{ACAD_REACTORS
330
42
102
}
330
42
100
AcDbScale
 70
     0
300
1:1
140
1.0
141
1.0
290
     1
  0
SCALE
  5
44
102
{ACAD_REACTORS
330
42
102
}
330
42
100
AcDbScale
 70
     0
300
1/128" = 1'-0"
140
0.0078125
141
12.0
290
     0
  0
SCALE
  5
45
102
{ACAD_REACTORS
330
42
102
}
330
42
100
AcDbScale
 70
     0
300
1/64" = 1'-0"
140
0.015625
141
12.0
290
     0
  0
SCALE
  5
46
102
{ACAD_REACTORS
330
42
102
}
330
42
100
AcDbScale
 70
     0
300
1/32" = 1'-0"
140
0.03125
141
12.0
290
     0
  0
SCALE
  5
47
102
{ACAD_REACTORS
330
42
102
}
330
42
100
AcDbScale
 70
     0
300
1/16" = 1'-0"
140
0.0625
141
12.0
290
     0
  0
SCALE
  5
48
102
{ACAD_REACTORS
330
42
102
}
330
42
100
AcDbScale
 70
     0
300
3/32" = 1'-0"
140
0.09375
141
12.0
290
     0
  0
SCALE
  5
49
102
{ACAD_REACTORS
330
42
102
}
330
42
100
AcDbScale
 70
     0
300
1/8" = 1'-0"
140
0.125
141
12.0
290
     0
  0
SCALE
  5
4A
102
{ACAD_REACTORS
330
42
102
}
330
42
100
AcDbScale
 70
     0
300
3/16" = 1'-0"
140
0.1875
141
12.0
290
     0
  0
SCALE
  5
4B
102
{ACAD_REACTORS
330
42
102
}
330
42
100
AcDbScale
 70
     0
300
1/4" = 1'-0"
140
0.25
141
12.0
290
     0
  0
SCALE
  5
4C
102
{ACAD_REACTORS
330
42
102
}
330
42
100
AcDbScale
 70
     0
300
3/8" = 1'-0"
140
0.375
141
12.0
290
     0
  0
SCALE
  5
4D
102
{ACAD_REACTORS
330
42
102
}
330
42
100
AcDbScale
 70
     0
300
1/2" = 1'-0"
140
0.5
141
12.0
290
     0
  0
SCALE
  5
4E
102
{ACAD_REACTORS
330
42
102
}
330
42
100
AcDbScale
 70
     0
300
3/4" = 1'-0"
140
0.75
141
12.0
290
     0
  0
SCALE
  5
4F
102
{ACAD_REACTORS
330
42
102
}
330
42
100
AcDbScale
 70
     0
300
1" = 1'-0"
140
1.0
141
12.0
290
     0
  0
SCALE
  5
50
102
{ACAD_REACTORS
330
42
102
}
330
42
100
AcDbScale
 70
     0
300
1-1/2" = 1'-0"
140
1.5
141
12.0
290
     0
  0
SCALE
  5
51
102
{ACAD_REACTORS
330
42
102
}
330
42
100
AcDbScale
 70
     0
300
3" = 1'-0"
140
3.0
141
12.0
290
     0
  0
SCALE
  5
52
102
{ACAD_REACTORS
330
42
102
}
330
42
100
AcDbScale
 70
     0
300
6" = 1'-0"
140
6.0
141
12.0
290
     0
  0
SCALE
  5
53
102
{ACAD_REACTORS
330
42
102
}
330
42
100
AcDbScale
 70
     0
300
1'-0" = 1'-0"
140
12.0
141
12.0
290
     0
  0
ACDBSECTIONVIEWSTYLE
  5
69
102
{ACAD_REACTORS
330
68
102
}
330
68
100
AcDbModelDocViewStyle
 70
     0
  3
Imperial24
290
     0
300
Imperial24
 90
        0
100
AcDbSectionViewStyle
 70
     0
 71
     0
 90
       78
 71
     1
340
55
 62
   256
 40
0.24
340
0
340
0
 62
   256
 40
0.24
300
I, O, Q, S, X, Z
 40
0.48
 90
        3
 40
0.18
 90
        1
 71
     2
340
5D
 90
       25
 62
   256
340
5D
 90
       50
 62
   256
 40
0.24
 40
0.0
 40
0.24
 71
     3
340
55
 62
   256
 40
0.24
 90
        1
 40
0.75
 90
        1
300
%<\AcVar ViewType \f "%tc1">% %<\AcVar ViewSectionStartId>%-%<\AcVar ViewSectionEndId>%\PSCALE %<\AcVar ViewScale \f "%sn">%
 71
     4
 62
   256
 62
   257
300
ANSI31
 40
1.0
 90
        0
290
     0
290
     0
 90
        6
 40
0.0
 40
1.570796326794897
 40
0.2617993877991494
 40
1.308996938995747
 40
-0.2617993877991494
 40
1.832595714594046
  0
TABLESTYLE
  5
65
102
{ACAD_REACTORS
330
64
102
}
102
{ACAD_XDICTIONARY
360
88B
102
}
330
64
100
AcDbTableStyle
  3
Standard
 70
     0
 71
     0
 40
0.06
 41
0.06
280
     0
281
     0
  7
Standard
140
0.18
170
     2
 62
     0
 63
   257
283
     0
 90
      512
 91
        0
  1

274
    -2
284
     1
 64
     0
275
    -2
285
     1
 65
     0
276
    -2
286
     1
 66
     0
277
    -2
287
     1
 67
     0
278
    -2
288
     1
 68
     0
279
    -2
289
     1
 69
     0
  7
Standard
140
0.25
170
     5
 62
     0
 63
   257
283
     0
 90
      512
 91
        0
  1

274
    -2
284
     1
 64
     0
275
    -2
285
     1
 65
     0
276
    -2
286
     1
 66
     0
277
    -2
287
     1
 67
     0
278
    -2
288
     1
 68
     0
279
    -2
289
     1
 69
     0
  7
Standard
140
0.18
170
     5
 62
     0
 63
   257
283
     0
 90
      512
 91
        0
  1

274
    -2
284
     1
 64
     0
275
    -2
285
     1
 65
     0
276
    -2
286
     1
 66
     0
277
    -2
287
     1
 67
     0
278
    -2
288
     1
 68
     0
279
    -2
289
     1
 69
     0
  0
VISUALSTYLE
  5
2F
102
{ACAD_REACTORS
330
29
102
}
330
29
100
AcDbVisualStyle
  2
2dWireframe
 70
     4
177
     3
291
     0
 70
    58
 90
        0
176
     1
 90
        2
176
     1
 90
        0
176
     1
 90
        0
176
     1
 40
0.6
176
     1
 40
30.0
176
     1
 62
     7
420
 16777215
176
     1
 90
        1
176
     1
 90
        4
176
     1
 62
     7
176
     1
 62
   257
176
     1
 90
        1
176
     1
 90
        1
176
     1
 40
1.0
176
     1
 90
        0
176
     1
 62
   257
176
     1
 40
1.0
176
     1
 90
        1
176
     1
 90
        6
176
     1
 90
        2
176
     1
 62
     7
176
     1
 90
        5
176
     1
 90
        0
176
     1
 90
        0
176
     1
290
     0
176
     1
 90
        1
176
     1
 40
0.0
176
     1
 90
        0
176
     1
290
     1
176
     1
290
     1
176
     1
290
     0
176
     1
290
     0
176
     1
290
     0
176
     1
290
     0
176
     1
290
     0
176
     1
290
     0
176
     1
290
     0
176
     1
 90
       50
176
     1
 40
0.0
176
     1
 40
1.0
176
     1
 90
        0
176
     1
 62
    18
420
        0
176
     1
 90
       50
176
     1
 90
        3
176
     1
 62
     5
420
      255
176
     1
290
     0
176
     1
 90
       50
176
     1
 90
       50
176
     1
 90
       50
176
     1
290
     0
176
     1
 90
       50
176
     1
 62
   256
176
     0
 40
1.0
176
     0
 90
        2
176
     1
  1
strokes_ogs.tif
176
     1
290
     0
176
     1
 40
1.0
176
     1
 40
1.0
176
     1
  0
VISUALSTYLE
  5
2E
102
{ACAD_REACTORS
330
29
102
}
330
29
100
AcDbVisualStyle
  2
Basic
 70
     7
177
     3
291
     1
 70
    58
 90
        1
176
     1
 90
        0
176
     1
 90
        1
176
     1
 90
        0
176
     1
 40
0.6
176
     1
 40
30.0
176
     1
 62
     7
420
 16777215
176
     1
 90
        0
176
     1
 90
        4
176
     1
 62
     7
176
     1
 62
   257
176
     1
 90
        1
176
     1
 90
        1
176
     1
 40
1.0
176
     1
 90
        8
176
     1
 62
     7
176
     1
 40
1.0
176
     1
 90
        1
176
     1
 90
        6
176
     1
 90
        2
176
     1
 62
     7
176
     1
 90
        5
176
     1
 90
        0
176
     1
 90
        0
176
     1
290
     0
176
     1
 90
        1
176
     1
 40
0.0
176
     1
 90
        0
176
     1
290
     0
176
     1
290
     1
176
     1
290
     1
176
     1
290
     0
176
     1
290
     0
176
     1
290
     0
176
     1
290
     0
176
     1
290
     0
176
     1
290
     0
176
     1
 90
       50
176
     1
 40
0.0
176
     1
 40
1.0
176
     1
 90
        0
176
     1
 62
    18
420
        0
176
     1
 90
       50
176
     1
 90
        3
176
     1
 62
     5
420
      255
176
     1
290
     0
176
     1
 90
       50
176
     1
 90
       50
176
     1
 90
       50
176
     1
290
     0
176
     1
 90
       50
176
     1
 62
   256
176
     0
 40
1.0
176
     0
 90
        2
176
     1
  1
strokes_ogs.tif
176
     1
290
     0
176
     1
 40
1.0
176
     1
 40
1.0
176
     1
  0
VISUALSTYLE
  5
35
102
{ACAD_REACTORS
330
29
102
}
330
29
100
AcDbVisualStyle
  2
Brighten
 70
    12
177
     3
291
     1
 70
    58
 90
        2
176
     1
 90
        2
176
     1
 90
        0
176
     1
 90
        0
176
     1
 40
0.6
176
     1
 40
30.0
176
     1
 62
     7
420
 16777215
176
     1
 90
        1
176
     1
 90
        4
176
     1
 62
     7
176
     1
 62
   257
176
     1
 90
        1
176
     1
 90
        1
176
     1
 40
1.0
176
     1
 90
        8
176
     1
 62
     7
176
     1
 40
1.0
176
     1
 90
        1
176
     1
 90
        6
176
     1
 90
        2
176
     1
 62
     7
176
     1
 90
        5
176
     1
 90
        0
176
     1
 90
        0
176
     1
290
     0
176
     1
 90
        1
176
     1
 40
50.0
176
     1
 90
        0
176
     1
290
     0
176
     1
290
     1
176
     1
290
     1
176
     1
290
     0
176
     1
290
     0
176
     1
290
     0
176
     1
290
     0
176
     1
290
     0
176
     1
290
     0
176
     1
 90
       50
176
     1
 40
0.0
176
     1
 40
1.0
176
     1
 90
        0
176
     1
 62
    18
420
        0
176
     1
 90
       50
176
     1
 90
        3
176
     1
 62
     5
420
      255
176
     1
290
     0
176
     1
 90
       50
176
     1
 90
       50
176
     1
 90
       50
176
     1
290
     0
176
     1
 90
       50
176
     1
 62
   256
176
     0
 40
1.0
176
     0
 90
        2
176
     1
  1
strokes_ogs.tif
176
     1
290
     0
176
     1
 40
1.0
176
     1
 40
1.0
176
     1
  0
VISUALSTYLE
  5
39
102
{ACAD_REACTORS
330
29
102
}
330
29
100
AcDbVisualStyle
  2
ColorChange
 70
    16
177
     3
291
     1
 70
    58
 90
        2
176
     1
 90
        2
176
     1
 90
        3
176
     1
 90
        0
176
     1
 40
0.6
176
     1
 40
30.0
176
     1
 62
     8
420
  8421504
176
     1
 90
        1
176
     1
 90
        4
176
     1
 62
     7
176
     1
 62
   257
176
     1
 90
        1
176
     1
 90
        1
176
     1
 40
1.0
176
     1
 90
        8
176
     1
 62
     8
420
  8421504
176
     1
 40
1.0
176
     1
 90
        1
176
     1
 90
        6
176
     1
 90
        2
176
     1
 62
     7
176
     1
 90
        5
176
     1
 90
        0
176
     1
 90
        0
176
     1
290
     0
176
     1
 90
        1
176
     1
 40
0.0
176
     1
 90
        0
176
     1
290
     0
176
     1
290
     1
176
     1
290
     1
176
     1
290
     0
176
     1
290
     0
176
     1
290
     0
176
     1
290
     0
176
     1
290
     0
176
     1
290
     0
176
     1
 90
       50
176
     1
 40
0.0
176
     1
 40
1.0
176
     1
 90
        0
176
     1
 62
    18
420
        0
176
     1
 90
       50
176
     1
 90
        3
176
     1
 62
     5
420
      255
176
     1
290
     0
176
     1
 90
       50
176
     1
 90
       50
176
     1
 90
       50
176
     1
290
     0
176
     1
 90
       50
176
     1
 62
   256
176
     0
 40
1.0
176
     0
 90
        2
176
     1
  1
strokes_ogs.tif
176
     1
290
     0
176
     1
 40
1.0
176
     1
 40
1.0
176
     1
  0
VISUALSTYLE
  5
32
102
{ACAD_REACTORS
330
29
102
}
330
29
100
AcDbVisualStyle
  2
Conceptual
 70
     9
177
     3
291
     0
 70
    58
 90
        3
176
     1
 90
        2
176
     1
 90
        0
176
     1
 90
        0
176
     1
 40
0.6
176
     1
 40
30.0
176
     1
 62
     7
420
 16777215
176
     1
 90
        2
176
     1
 90
        2
176
     1
 62
     7
176
     1
 62
   257
176
     1
 90
        1
176
     1
 90
        1
176
     1
 40
179.0
176
     1
 90
        8
176
     1
 62
     7
176
     1
 40
1.0
176
     1
 90
        1
176
     1
 90
        6
176
     1
 90
        2
176
     1
 62
     7
176
     1
 90
        3
176
     1
 90
        0
176
     1
 90
        0
176
     1
290
     0
176
     1
 90
        1
176
     1
 40
0.0
176
     1
 90
        0
176
     1
290
     0
176
     1
290
     1
176
     1
290
     1
176
     1
290
     0
176
     1
290
     0
176
     1
290
     0
176
     1
290
     0
176
     1
290
     0
176
     1
290
     0
176
     1
 90
       50
176
     1
 40
0.0
176
     1
 40
1.0
176
     1
 90
        0
176
     1
 62
    18
420
        0
176
     1
 90
       50
176
     1
 90
        3
176
     1
 62
     5
420
      255
176
     1
290
     0
176
     1
 90
       50
176
     1
 90
       50
176
     1
 90
       50
176
     1
290
     0
176
     1
 90
       50
176
     1
 62
   256
176
     0
 40
1.0
176
     0
 90
        2
176
     1
  1
strokes_ogs.tif
176
     1
290
     0
176
     1
 40
1.0
176
     1
 40
1.0
176
     1
  0
VISUALSTYLE
  5
34
102
{ACAD_REACTORS
330
29
102
}
330
29
100
AcDbVisualStyle
  2
Dim
 70
    11
177
     3
291
     1
 70
    58
 90
        2
176
     1
 90
        2
176
     1
 90
        0
176
     1
 90
        0
176
     1
 40
0.6
176
     1
 40
30.0
176
     1
 62
     7
420
 16777215
176
     1
 90
        1
176
     1
 90
        4
176
     1
 62
     7
176
     1
 62
   257
176
     1
 90
        1
176
     1
 90
        1
176
     1
 40
1.0
176
     1
 90
        8
176
     1
 62
     7
176
     1
 40
1.0
176
     1
 90
        1
176
     1
 90
        6
176
     1
 90
        2
176
     1
 62
     7
176
     1
 90
        5
176
     1
 90
        0
176
     1
 90
        0
176
     1
290
     0
176
     1
 90
        1
176
     1
 40
-50.0
176
     1
 90
        0
176
     1
290
     0
176
     1
290
     1
176
     1
290
     1
176
     1
290
     0
176
     1
290
     0
176
     1
290
     0
176
     1
290
     0
176
     1
290
     0
176
     1
290
     0
176
     1
 90
       50
176
     1
 40
0.0
176
     1
 40
1.0
176
     1
 90
        0
176
     1
 62
    18
420
        0
176
     1
 90
       50
176
     1
 90
        3
176
     1
 62
     5
420
      255
176
     1
290
     0
176
     1
 90
       50
176
     1
 90
       50
176
     1
 90
       50
176
     1
290
     0
176
     1
 90
       50
176
     1
 62
   256
176
     0
 40
1.0
176
     0
 90
        2
176
     1
  1
strokes_ogs.tif
176
     1
290
     0
176
     1
 40
1.0
176
     1
 40
1.0
176
     1
  0
VISUALSTYLE
  5
41
102
{ACAD_REACTORS
330
29
102
}
330
29
100
AcDbVisualStyle
  2
EdgeColorOff
 70
    22
177
     3
291
     1
 70
    58
 90
        2
176
     0
 90
        2
176
     0
 90
        0
176
     0
 90
        0
176
     0
 40
0.6
176
     0
 40
30.0
176
     0
 62
     7
420
 16777215
176
     0
 90
        1
176
     0
 90
        4
176
     0
 62
     7
176
     0
 62
   257
176
     0
 90
        1
176
     0
 90
        1
176
     0
 40
1.0
176
     0
 90
        8
176
     2
 62
     7
176
     0
 40
1.0
176
     0
 90
        1
176
     0
 90
        6
176
     0
 90
        2
176
     0
 62
     7
176
     0
 90
        5
176
     0
 90
        0
176
     0
 90
        0
176
     0
290
     0
176
     0
 90
        1
176
     0
 40
0.0
176
     0
 90
        0
176
     0
290
     0
176
     0
290
     1
176
     0
290
     1
176
     0
290
     0
176
     0
290
     0
176
     0
290
     0
176
     0
290
     0
176
     0
290
     0
176
     0
290
     0
176
     0
 90
       50
176
     0
 40
0.0
176
     0
 40
1.0
176
     0
 90
        0
176
     0
 62
    18
420
        0
176
     0
 90
       50
176
     0
 90
        3
176
     0
 62
     5
420
      255
176
     0
290
     0
176
     0
 90
       50
176
     0
 90
       50
176
     0
 90
       50
176
     0
290
     0
176
     0
 90
       50
176
     0
 62
   256
176
     0
 40
1.0
176
     0
 90
        2
176
     0
  1
strokes_ogs.tif
176
     0
290
     0
176
     0
 40
1.0
176
     0
 40
1.0
176
     0
  0
VISUALSTYLE
  5
38
102
{ACAD_REACTORS
330
29
102
}
330
29
100
AcDbVisualStyle
  2
Facepattern
 70
    15
177
     3
291
     1
 70
    58
 90
        2
176
     1
 90
        2
176
     1
 90
        0
176
     1
 90
        0
176
     1
 40
0.6
176
     1
 40
30.0
176
     1
 62
     7
420
 16777215
176
     1
 90
        1
176
     1
 90
        4
176
     1
 62
     7
176
     1
 62
   257
176
     1
 90
        1
176
     1
 90
        1
176
     1
 40
1.0
176
     1
 90
        8
176
     1
 62
     7
176
     1
 40
1.0
176
     1
 90
        1
176
     1
 90
        6
176
     1
 90
        2
176
     1
 62
     7
176
     1
 90
        5
176
     1
 90
        0
176
     1
 90
        0
176
     1
290
     0
176
     1
 90
        1
176
     1
 40
0.0
176
     1
 90
        0
176
     1
290
     0
176
     1
290
     1
176
     1
290
     1
176
     1
290
     0
176
     1
290
     0
176
     1
290
     0
176
     1
290
     0
176
     1
290
     0
176
     1
290
     0
176
     1
 90
       50
176
     1
 40
0.0
176
     1
 40
1.0
176
     1
 90
        0
176
     1
 62
    18
420
        0
176
     1
 90
       50
176
     1
 90
        3
176
     1
 62
     5
420
      255
176
     1
290
     0
176
     1
 90
       50
176
     1
 90
       50
176
     1
 90
       50
176
     1
290
     0
176
     1
 90
       50
176
     1
 62
   256
176
     0
 40
1.0
176
     0
 90
        2
176
     1
  1
strokes_ogs.tif
176
     1
290
     0
176
     1
 40
1.0
176
     1
 40
1.0
176
     1
  0
VISUALSTYLE
  5
2A
102
{ACAD_REACTORS
330
29
102
}
330
29
100
AcDbVisualStyle
  2
Flat
 70
     0
177
     3
291
     1
 70
    58
 90
        2
176
     1
 90
        1
176
     1
 90
        1
176
     1
 90
        2
176
     1
 40
0.6
176
     1
 40
30.0
176
     1
 62
     7
420
 16777215
176
     1
 90
        0
176
     1
 90
        0
176
     1
 62
     7
176
     1
 62
   257
176
     1
 90
        1
176
     1
 90
        1
176
     1
 40
1.0
176
     1
 90
        8
176
     1
 62
     7
176
     1
 40
1.0
176
     1
 90
        1
176
     1
 90
        6
176
     1
 90
        2
176
     1
 62
     7
176
     1
 90
        5
176
     1
 90
        0
176
     1
 90
        0
176
     1
290
     0
176
     1
 90
       13
176
     1
 40
0.0
176
     1
 90
        0
176
     1
290
     0
176
     1
290
     1
176
     1
290
     1
176
     1
290
     0
176
     1
290
     0
176
     1
290
     0
176
     1
290
     0
176
     1
290
     0
176
     1
290
     0
176
     1
 90
       50
176
     1
 40
0.0
176
     1
 40
1.0
176
     1
 90
        0
176
     1
 62
    18
420
        0
176
     1
 90
       50
176
     1
 90
        3
176
     1
 62
     5
420
      255
176
     1
290
     0
176
     1
 90
       50
176
     1
 90
       50
176
     1
 90
       50
176
     1
290
     0
176
     1
 90
       50
176
     1
 62
   256
176
     0
 40
1.0
176
     0
 90
        2
176
     1
  1
strokes_ogs.tif
176
     1
290
     0
176
     1
 40
1.0
176
     1
 40
1.0
176
     1
  0
VISUALSTYLE
  5
2B
102
{ACAD_REACTORS
330
29
102
}
330
29
100
AcDbVisualStyle
  2
FlatWithEdges
 70
     1
177
     3
291
     1
 70
    58
 90
        2
176
     1
 90
        1
176
     1
 90
        1
176
     1
 90
        2
176
     1
 40
0.6
176
     1
 40
30.0
176
     1
 62
     7
420
 16777215
176
     1
 90
        1
176
     1
 90
        0
176
     1
 62
     7
176
     1
 62
   257
176
     1
 90
        1
176
     1
 90
        1
176
     1
 40
1.0
176
     1
 90
        0
176
     1
 62
   257
176
     1
 40
1.0
176
     1
 90
        1
176
     1
 90
        6
176
     1
 90
        2
176
     1
 62
     7
176
     1
 90
        5
176
     1
 90
        0
176
     1
 90
        0
176
     1
290
     0
176
     1
 90
       13
176
     1
 40
0.0
176
     1
 90
        0
176
     1
290
     0
176
     1
290
     1
176
     1
290
     1
176
     1
290
     0
176
     1
290
     0
176
     1
290
     0
176
     1
290
     0
176
     1
290
     0
176
     1
290
     0
176
     1
 90
       50
176
     1
 40
0.0
176
     1
 40
1.0
176
     1
 90
        0
176
     1
 62
    18
420
        0
176
     1
 90
       50
176
     1
 90
        3
176
     1
 62
     5
420
      255
176
     1
290
     0
176
     1
 90
       50
176
     1
 90
       50
176
     1
 90
       50
176
     1
290
     0
176
     1
 90
       50
176
     1
 62
   256
176
     0
 40
1.0
176
     0
 90
        2
176
     1
  1
strokes_ogs.tif
176
     1
290
     0
176
     1
 40
1.0
176
     1
 40
1.0
176
     1
  0
VISUALSTYLE
  5
2C
102
{ACAD_REACTORS
330
29
102
}
330
29
100
AcDbVisualStyle
  2
Gouraud
 70
     2
177
     3
291
     1
 70
    58
 90
        2
176
     1
 90
        2
176
     1
 90
        1
176
     1
 90
        2
176
     1
 40
0.6
176
     1
 40
30.0
176
     1
 62
     7
420
 16777215
176
     1
 90
        0
176
     1
 90
        0
176
     1
 62
     7
176
     1
 62
   257
176
     1
 90
        1
176
     1
 90
        1
176
     1
 40
1.0
176
     1
 90
        0
176
     1
 62
     7
176
     1
 40
1.0
176
     1
 90
        1
176
     1
 90
        6
176
     1
 90
        2
176
     1
 62
     7
176
     1
 90
        5
176
     1
 90
        0
176
     1
 90
        0
176
     1
290
     0
176
     1
 90
       13
176
     1
 40
0.0
176
     1
 90
        0
176
     1
290
     0
176
     1
290
     1
176
     1
290
     1
176
     1
290
     0
176
     1
290
     0
176
     1
290
     0
176
     1
290
     0
176
     1
290
     0
176
     1
290
     0
176
     1
 90
       50
176
     1
 40
0.0
176
     1
 40
1.0
176
     1
 90
        0
176
     1
 62
    18
420
        0
176
     1
 90
       50
176
     1
 90
        3
176
     1
 62
     5
420
      255
176
     1
290
     0
176
     1
 90
       50
176
     1
 90
       50
176
     1
 90
       50
176
     1
290
     0
176
     1
 90
       50
176
     1
 62
   256
176
     0
 40
1.0
176
     0
 90
        2
176
     1
  1
strokes_ogs.tif
176
     1
290
     0
176
     1
 40
1.0
176
     1
 40
1.0
176
     1
  0
VISUALSTYLE
  5
2D
102
{ACAD_REACTORS
330
29
102
}
330
29
100
AcDbVisualStyle
  2
GouraudWithEdges
 70
     3
177
     3
291
     1
 70
    58
 90
        2
176
     1
 90
        2
176
     1
 90
        1
176
     1
 90
        2
176
     1
 40
0.6
176
     1
 40
30.0
176
     1
 62
     7
420
 16777215
176
     1
 90
        1
176
     1
 90
        0
176
     1
 62
     7
176
     1
 62
   257
176
     1
 90
        1
176
     1
 90
        1
176
     1
 40
1.0
176
     1
 90
        0
176
     1
 62
   257
176
     1
 40
1.0
176
     1
 90
        1
176
     1
 90
        6
176
     1
 90
        2
176
     1
 62
     7
176
     1
 90
        5
176
     1
 90
        0
176
     1
 90
        0
176
     1
290
     0
176
     1
 90
       13
176
     1
 40
0.0
176
     1
 90
        0
176
     1
290
     0
176
     1
290
     1
176
     1
290
     1
176
     1
290
     0
176
     1
290
     0
176
     1
290
     0
176
     1
290
     0
176
     1
290
     0
176
     1
290
     0
176
     1
 90
       50
176
     1
 40
0.0
176
     1
 40
1.0
176
     1
 90
        0
176
     1
 62
    18
420
        0
176
     1
 90
       50
176
     1
 90
        3
176
     1
 62
     5
420
      255
176
     1
290
     0
176
     1
 90
       50
176
     1
 90
       50
176
     1
 90
       50
176
     1
290
     0
176
     1
 90
       50
176
     1
 62
   256
176
     0
 40
1.0
176
     0
 90
        2
176
     1
  1
strokes_ogs.tif
176
     1
290
     0
176
     1
 40
1.0
176
     1
 40
1.0
176
     1
  0
VISUALSTYLE
  5
31
102
{ACAD_REACTORS
330
29
102
}
330
29
100
AcDbVisualStyle
  2
Hidden
 70
     6
177
     3
291
     0
 70
    58
 90
        1
176
     1
 90
        2
176
     1
 90
        2
176
     1
 90
        0
176
     1
 40
0.6
176
     1
 40
30.0
176
     1
 62
     7
420
 16777215
176
     1
 90
        2
176
     1
 90
        2
176
     1
 62
     7
176
     1
 62
   257
176
     1
 90
        2
176
     1
 90
        1
176
     1
 40
40.0
176
     1
 90
        0
176
     1
 62
   257
176
     1
 40
1.0
176
     1
 90
        1
176
     1
 90
        6
176
     1
 90
        2
176
     1
 62
     7
176
     1
 90
        3
176
     1
 90
        0
176
     1
 90
        0
176
     1
290
     0
176
     1
 90
        1
176
     1
 40
0.0
176
     1
 90
        0
176
     1
290
     0
176
     1
290
     1
176
     1
290
     1
176
     1
290
     0
176
     1
290
     0
176
     1
290
     0
176
     1
290
     0
176
     1
290
     0
176
     1
290
     0
176
     1
 90
       50
176
     1
 40
0.0
176
     1
 40
1.0
176
     1
 90
        0
176
     1
 62
    18
420
        0
176
     1
 90
       50
176
     1
 90
        3
176
     1
 62
     5
420
      255
176
     1
290
     0
176
     1
 90
       50
176
     1
 90
       50
176
     1
 90
       50
176
     1
290
     0
176
     1
 90
       50
176
     1
 62
   256
176
     0
 40
1.0
176
     0
 90
        2
176
     1
  1
strokes_ogs.tif
176
     1
290
     0
176
     1
 40
1.0
176
     1
 40
1.0
176
     1
  0
VISUALSTYLE
  5
3F
102
{ACAD_REACTORS
330
29
102
}
330
29
100
AcDbVisualStyle
  2
JitterOff
 70
    20
177
     3
291
     1
 70
    58
 90
        2
176
     0
 90
        2
176
     0
 90
        0
176
     0
 90
        0
176
     0
 40
0.6
176
     0
 40
30.0
176
     0
 62
     7
420
 16777215
176
     0
 90
        1
176
     0
 90
        4
176
     0
 62
     7
176
     0
 62
   257
176
     0
 90
        1
176
     0
 90
        1
176
     0
 40
1.0
176
     0
 90
       10
176
     2
 62
     7
176
     0
 40
1.0
176
     0
 90
        1
176
     0
 90
        6
176
     0
 90
        2
176
     0
 62
     7
176
     0
 90
        5
176
     0
 90
        0
176
     0
 90
        0
176
     0
290
     0
176
     0
 90
        1
176
     0
 40
0.0
176
     0
 90
        0
176
     0
290
     0
176
     0
290
     1
176
     0
290
     1
176
     0
290
     0
176
     0
290
     0
176
     0
290
     0
176
     0
290
     0
176
     0
290
     0
176
     0
290
     0
176
     0
 90
       50
176
     0
 40
0.0
176
     0
 40
1.0
176
     0
 90
        0
176
     0
 62
    18
420
        0
176
     0
 90
       50
176
     0
 90
        3
176
     0
 62
     5
420
      255
176
     0
290
     0
176
     0
 90
       50
176
     0
 90
       50
176
     0
 90
       50
176
     0
290
     0
176
     0
 90
       50
176
     0
 62
   256
176
     0
 40
1.0
176
     0
 90
        2
176
     0
  1
strokes_ogs.tif
176
     0
290
     0
176
     0
 40
1.0
176
     0
 40
1.0
176
     0
  0
VISUALSTYLE
  5
37
102
{ACAD_REACTORS
330
29
102
}
330
29
100
AcDbVisualStyle
  2
Linepattern
 70
    14
177
     3
291
     1
 70
    58
 90
        2
176
     1
 90
        2
176
     1
 90
        0
176
     1
 90
        0
176
     1
 40
0.6
176
     1
 40
30.0
176
     1
 62
     7
420
 16777215
176
     1
 90
        1
176
     1
 90
        4
176
     1
 62
     7
176
     1
 62
   257
176
     1
 90
        7
176
     1
 90
        7
176
     1
 40
1.0
176
     1
 90
        8
176
     1
 62
     7
176
     1
 40
1.0
176
     1
 90
        1
176
     1
 90
        6
176
     1
 90
        2
176
     1
 62
     7
176
     1
 90
        5
176
     1
 90
        0
176
     1
 90
        0
176
     1
290
     0
176
     1
 90
        1
176
     1
 40
0.0
176
     1
 90
        0
176
     1
290
     0
176
     1
290
     1
176
     1
290
     1
176
     1
290
     0
176
     1
290
     0
176
     1
290
     0
176
     1
290
     0
176
     1
290
     0
176
     1
290
     0
176
     1
 90
       50
176
     1
 40
0.0
176
     1
 40
1.0
176
     1
 90
        0
176
     1
 62
    18
420
        0
176
     1
 90
       50
176
     1
 90
        3
176
     1
 62
     5
420
      255
176
     1
290
     0
176
     1
 90
       50
176
     1
 90
       50
176
     1
 90
       50
176
     1
290
     0
176
     1
 90
       50
176
     1
 62
   256
176
     0
 40
1.0
176
     0
 90
        2
176
     1
  1
strokes_ogs.tif
176
     1
290
     0
176
     1
 40
1.0
176
     1
 40
1.0
176
     1
  0
VISUALSTYLE
  5
40
102
{ACAD_REACTORS
330
29
102
}
330
29
100
AcDbVisualStyle
  2
OverhangOff
 70
    21
177
     3
291
     1
 70
    58
 90
        2
176
     0
 90
        2
176
     0
 90
        0
176
     0
 90
        0
176
     0
 40
0.6
176
     0
 40
30.0
176
     0
 62
     7
420
 16777215
176
     0
 90
        1
176
     0
 90
        4
176
     0
 62
     7
176
     0
 62
   257
176
     0
 90
        1
176
     0
 90
        1
176
     0
 40
1.0
176
     0
 90
        9
176
     2
 62
     7
176
     0
 40
1.0
176
     0
 90
        1
176
     0
 90
        6
176
     0
 90
        2
176
     0
 62
     7
176
     0
 90
        5
176
     0
 90
        0
176
     0
 90
        0
176
     0
290
     0
176
     0
 90
        1
176
     0
 40
0.0
176
     0
 90
        0
176
     0
290
     0
176
     0
290
     1
176
     0
290
     1
176
     0
290
     0
176
     0
290
     0
176
     0
290
     0
176
     0
290
     0
176
     0
290
     0
176
     0
290
     0
176
     0
 90
       50
176
     0
 40
0.0
176
     0
 40
1.0
176
     0
 90
        0
176
     0
 62
    18
420
        0
176
     0
 90
       50
176
     0
 90
        3
176
     0
 62
     5
420
      255
176
     0
290
     0
176
     0
 90
       50
176
     0
 90
       50
176
     0
 90
       50
176
     0
290
     0
176
     0
 90
       50
176
     0
 62
   256
176
     0
 40
1.0
176
     0
 90
        2
176
     0
  1
strokes_ogs.tif
176
     0
290
     0
176
     0
 40
1.0
176
     0
 40
1.0
176
     0
  0
VISUALSTYLE
  5
33
102
{ACAD_REACTORS
330
29
102
}
330
29
100
AcDbVisualStyle
  2
Realistic
 70
     8
177
     3
291
     0
 70
    58
 90
        2
176
     1
 90
        3
176
     1
 90
        0
176
     1
 90
        2
176
     1
 40
0.6
176
     1
 40
30.0
176
     1
 62
     7
420
 16777215
176
     1
 90
        0
176
     1
 90
        0
176
     1
 62
     7
176
     1
 62
   257
176
     1
 90
        1
176
     1
 90
        1
176
     1
 40
1.0
176
     1
 90
        8
176
     1
 62
   257
176
     1
 40
1.0
176
     1
 90
        1
176
     1
 90
        6
176
     1
 90
        2
176
     1
 62
     7
176
     1
 90
        3
176
     1
 90
        0
176
     1
 90
        0
176
     1
290
     0
176
     1
 90
       13
176
     1
 40
0.0
176
     1
 90
        0
176
     1
290
     0
176
     1
290
     1
176
     1
290
     1
176
     1
290
     0
176
     1
290
     0
176
     1
290
     0
176
     1
290
     0
176
     1
290
     0
176
     1
290
     0
176
     1
 90
       50
176
     1
 40
0.0
176
     1
 40
1.0
176
     1
 90
        0
176
     1
 62
    18
420
        0
176
     1
 90
       50
176
     1
 90
        3
176
     1
 62
     5
420
      255
176
     1
290
     0
176
     1
 90
       50
176
     1
 90
       50
176
     1
 90
       50
176
     1
290
     0
176
     1
 90
       50
176
     1
 62
   256
176
     0
 40
1.0
176
     0
 90
        2
176
     1
  1
strokes_ogs.tif
176
     1
290
     0
176
     1
 40
1.0
176
     1
 40
1.0
176
     1
  0
VISUALSTYLE
  5
3E
102
{ACAD_REACTORS
330
29
102
}
330
29
100
AcDbVisualStyle
  2
Shaded
 70
    27
177
     3
291
     0
 70
    58
 90
        2
176
     1
 90
        2
176
     1
 90
        1
176
     1
 90
        2
176
     1
 40
0.6
176
     1
 40
30.0
176
     1
 62
     7
420
 16777215
176
     1
 90
        0
176
     1
 90
        4
176
     1
 62
     7
176
     1
 62
   257
176
     1
 90
        1
176
     1
 90
        1
176
     1
 40
1.0
176
     1
 90
        8
176
     1
 62
   257
176
     1
 40
1.0
176
     1
 90
        1
176
     1
 90
        6
176
     1
 90
        2
176
     1
 62
     8
420
  7895160
176
     1
 90
        3
176
     1
 90
        0
176
     1
 90
        0
176
     1
290
     0
176
     1
 90
        5
176
     1
 40
0.0
176
     1
 90
        0
176
     1
290
     0
176
     1
290
     1
176
     1
290
     1
176
     1
290
     0
176
     1
290
     0
176
     1
290
     0
176
     1
290
     0
176
     1
290
     0
176
     1
290
     0
176
     1
 90
       50
176
     1
 40
0.0
176
     1
 40
1.0
176
     1
 90
        0
176
     1
 62
    18
420
        0
176
     1
 90
       50
176
     1
 90
        3
176
     1
 62
     5
420
      255
176
     1
290
     0
176
     1
 90
       50
176
     1
 90
       50
176
     1
 90
       50
176
     1
290
     0
176
     1
 90
       50
176
     1
 62
   256
176
     0
 40
1.0
176
     0
 90
        2
176
     1
  1
strokes_ogs.tif
176
     1
290
     0
176
     1
 40
1.0
176
     1
 40
1.0
176
     1
  0
VISUALSTYLE
  5
3D
102
{ACAD_REACTORS
330
29
102
}
330
29
100
AcDbVisualStyle
  2
Shaded with edges
 70
    26
177
     3
291
     0
 70
    58
 90
        2
176
     1
 90
        2
176
     1
 90
        1
176
     1
 90
        2
176
     1
 40
0.6
176
     1
 40
30.0
176
     1
 62
     7
420
 16777215
176
     1
 90
        1
176
     1
 90
        2
176
     1
 62
     7
176
     1
 62
   257
176
     1
 90
        2
176
     1
 90
        1
176
     1
 40
1.0
176
     1
 90
        8
176
     1
 62
   257
176
     1
 40
1.0
176
     1
 90
        1
176
     1
 90
        6
176
     1
 90
        2
176
     1
 62
     7
176
     1
 90
        3
176
     1
 90
        0
176
     1
 90
        0
176
     1
290
     0
176
     1
 90
        5
176
     1
 40
0.0
176
     1
 90
        0
176
     1
290
     0
176
     1
290
     1
176
     1
290
     1
176
     1
290
     0
176
     1
290
     0
176
     1
290
     0
176
     1
290
     0
176
     1
290
     0
176
     1
290
     0
176
     1
 90
       50
176
     1
 40
0.0
176
     1
 40
1.0
176
     1
 90
        0
176
     1
 62
    18
420
        0
176
     1
 90
       50
176
     1
 90
        3
176
     1
 62
     5
420
      255
176
     1
290
     0
176
     1
 90
       50
176
     1
 90
       50
176
     1
 90
       50
176
     1
290
     0
176
     1
 90
       50
176
     1
 62
   256
176
     0
 40
1.0
176
     0
 90
        2
176
     1
  1
strokes_ogs.tif
176
     1
290
     0
176
     1
 40
1.0
176
     1
 40
1.0
176
     1
  0
VISUALSTYLE
  5
3A
102
{ACAD_REACTORS
330
29
102
}
330
29
100
AcDbVisualStyle
  2
Shades of Gray
 70
    23
177
     3
291
     0
 70
    58
 90
        2
176
     1
 90
        2
176
     1
 90
        3
176
     1
 90
        0
176
     1
 40
0.6
176
     1
 40
30.0
176
     1
 62
     7
420
 16777215
176
     1
 90
        2
176
     1
 90
        2
176
     1
 62
     7
176
     1
 62
     7
176
     1
 90
        1
176
     1
 90
        1
176
     1
 40
40.0
176
     1
 90
        8
176
     1
 62
     7
176
     1
 40
1.0
176
     1
 90
        1
176
     1
 90
        6
176
     1
 90
        2
176
     1
 62
     7
176
     1
 90
        3
176
     1
 90
        0
176
     1
 90
        0
176
     1
290
     0
176
     1
 90
        1
176
     1
 40
0.0
176
     1
 90
        0
176
     1
290
     0
176
     1
290
     1
176
     1
290
     1
176
     1
290
     0
176
     1
290
     0
176
     1
290
     0
176
     1
290
     0
176
     1
290
     0
176
     1
290
     0
176
     1
 90
       50
176
     1
 40
0.0
176
     1
 40
1.0
176
     1
 90
        0
176
     1
 62
    18
420
        0
176
     1
 90
       50
176
     1
 90
        3
176
     1
 62
     5
420
      255
176
     1
290
     0
176
     1
 90
       50
176
     1
 90
       50
176
     1
 90
       50
176
     1
290
     0
176
     1
 90
       50
176
     1
 62
   256
176
     0
 40
1.0
176
     0
 90
        2
176
     1
  1
strokes_ogs.tif
176
     1
290
     0
176
     1
 40
1.0
176
     1
 40
1.0
176
     1
  0
VISUALSTYLE
  5
3B
102
{ACAD_REACTORS
330
29
102
}
330
29
100
AcDbVisualStyle
  2
Sketchy
 70
    24
177
     3
291
     0
 70
    58
 90
        1
176
     1
 90
        2
176
     1
 90
        2
176
     1
 90
        0
176
     1
 40
0.6
176
     1
 40
30.0
176
     1
 62
     7
420
 16777215
176
     1
 90
        2
176
     1
 90
        2
176
     1
 62
     7
176
     1
 62
     7
176
     1
 90
        1
176
     1
 90
        1
176
     1
 40
40.0
176
     1
 90
       11
176
     1
 62
     7
176
     1
 40
1.0
176
     1
 90
        1
176
     1
 90
        6
176
     1
 90
        2
176
     1
 62
     7
176
     1
 90
        6
176
     1
 90
        0
176
     1
 90
        0
176
     1
290
     0
176
     1
 90
        1
176
     1
 40
0.0
176
     1
 90
        0
176
     1
290
     0
176
     1
290
     1
176
     1
290
     1
176
     1
290
     0
176
     1
290
     0
176
     1
290
     0
176
     1
290
     0
176
     1
290
     0
176
     1
290
     0
176
     1
 90
       50
176
     1
 40
0.0
176
     1
 40
1.0
176
     1
 90
        0
176
     1
 62
    18
420
        0
176
     1
 90
       50
176
     1
 90
        3
176
     1
 62
     5
420
      255
176
     1
290
     0
176
     1
 90
       50
176
     1
 90
       50
176
     1
 90
       50
176
     1
290
     0
176
     1
 90
       50
176
     1
 62
   256
176
     0
 40
1.0
176
     0
 90
        2
176
     1
  1
strokes_ogs.tif
176
     1
290
     0
176
     1
 40
1.0
176
     1
 40
1.0
176
     1
  0
VISUALSTYLE
  5
36
102
{ACAD_REACTORS
330
29
102
}
330
29
100
AcDbVisualStyle
  2
Thicken
 70
    13
177
     3
291
     1
 70
    58
 90
        2
176
     1
 90
        2
176
     1
 90
        0
176
     1
 90
        0
176
     1
 40
0.6
176
     1
 40
30.0
176
     1
 62
     7
420
 16777215
176
     1
 90
        1
176
     1
 90
        4
176
     1
 62
     7
176
     1
 62
   257
176
     1
 90
        1
176
     1
 90
        1
176
     1
 40
1.0
176
     1
 90
       12
176
     1
 62
     7
176
     1
 40
1.0
176
     1
 90
        1
176
     1
 90
        6
176
     1
 90
        2
176
     1
 62
     7
176
     1
 90
        5
176
     1
 90
        0
176
     1
 90
        0
176
     1
290
     0
176
     1
 90
        1
176
     1
 40
0.0
176
     1
 90
        0
176
     1
290
     0
176
     1
290
     1
176
     1
290
     1
176
     1
290
     0
176
     1
290
     0
176
     1
290
     0
176
     1
290
     0
176
     1
290
     0
176
     1
290
     0
176
     1
 90
       50
176
     1
 40
0.0
176
     1
 40
1.0
176
     1
 90
        0
176
     1
 62
    18
420
        0
176
     1
 90
       50
176
     1
 90
        3
176
     1
 62
     5
420
      255
176
     1
290
     0
176
     1
 90
       50
176
     1
 90
       50
176
     1
 90
       50
176
     1
290
     0
176
     1
 90
       50
176
     1
 62
   256
176
     0
 40
1.0
176
     0
 90
        2
176
     1
  1
strokes_ogs.tif
176
     1
290
     0
176
     1
 40
1.0
176
     1
 40
1.0
176
     1
  0
VISUALSTYLE
  5
30
102
{ACAD_REACTORS
330
29
102
}
330
29
100
AcDbVisualStyle
  2
Wireframe
 70
     5
177
     3
291
     0
 70
    58
 90
        0
176
     1
 90
        2
176
     1
 90
        0
176
     1
 90
        0
176
     1
 40
0.6
176
     1
 40
30.0
176
     1
 62
     7
420
 16777215
176
     1
 90
        1
176
     1
 90
        4
176
     1
 62
     7
176
     1
 62
   257
176
     1
 90
        1
176
     1
 90
        1
176
     1
 40
1.0
176
     1
 90
        0
176
     1
 62
   257
176
     1
 40
1.0
176
     1
 90
        1
176
     1
 90
        6
176
     1
 90
        2
176
     1
 62
     7
176
     1
 90
        3
176
     1
 90
        0
176
     1
 90
        0
176
     1
290
     0
176
     1
 90
        1
176
     1
 40
0.0
176
     1
 90
        0
176
     1
290
     0
176
     1
290
     1
176
     1
290
     1
176
     1
290
     0
176
     1
290
     0
176
     1
290
     0
176
     1
290
     0
176
     1
290
     0
176
     1
290
     0
176
     1
 90
       50
176
     1
 40
0.0
176
     1
 40
1.0
176
     1
 90
        0
176
     1
 62
    18
420
        0
176
     1
 90
       50
176
     1
 90
        3
176
     1
 62
     5
420
      255
176
     1
290
     0
176
     1
 90
       50
176
     1
 90
       50
176
     1
 90
       50
176
     1
290
     0
176
     1
 90
       50
176
     1
 62
   256
176
     0
 40
1.0
176
     0
 90
        2
176
     1
  1
strokes_ogs.tif
176
     1
290
     0
176
     1
 40
1.0
176
     1
 40
1.0
176
     1
  0
VISUALSTYLE
  5
3C
102
{ACAD_REACTORS
330
29
102
}
330
29
100
AcDbVisualStyle
  2
X-Ray
 70
    25
177
     3
291
     0
 70
    58
 90
        2
176
     1
 90
        2
176
     1
 90
        1
176
     1
 90
        1
176
     1
 40
0.5
176
     1
 40
30.0
176
     1
 62
     7
420
 16777215
176
     1
 90
        1
176
     1
 90
        0
176
     1
 62
     7
176
     1
 62
   257
176
     1
 90
        1
176
     1
 90
        1
176
     1
 40
1.0
176
     1
 90
        8
176
     1
 62
     7
176
     1
 40
1.0
176
     1
 90
        1
176
     1
 90
        6
176
     1
 90
        2
176
     1
 62
     7
176
     1
 90
        3
176
     1
 90
        0
176
     1
 90
        0
176
     1
290
     0
176
     1
 90
       13
176
     1
 40
0.0
176
     1
 90
        0
176
     1
290
     0
176
     1
290
     1
176
     1
290
     1
176
     1
290
     0
176
     1
290
     0
176
     1
290
     0
176
     1
290
     0
176
     1
290
     0
176
     1
290
     0
176
     1
 90
       50
176
     1
 40
0.0
176
     1
 40
1.0
176
     1
 90
        0
176
     1
 62
    18
420
        0
176
     1
 90
       50
176
     1
 90
        3
176
     1
 62
     5
420
      255
176
     1
290
     0
176
     1
 90
       50
176
     1
 90
       50
176
     1
 90
       50
176
     1
290
     0
176
     1
 90
       50
176
     1
 62
   256
176
     0
 40
1.0
176
     0
 90
        2
176
     1
  1
strokes_ogs.tif
176
     1
290
     0
176
     1
 40
1.0
176
     1
 40
1.0
176
     1
  0
DICTIONARYVAR
  5
88A
102
{ACAD_REACTORS
330
885
102
}
330
885
100
DictionaryVariables
280
     0
  1
1:1
  0
DICTIONARYVAR
  5
887
102
{ACAD_REACTORS
330
885
102
}
330
885
100
DictionaryVariables
280
     0
  1
Standard
  0
DICTIONARYVAR
  5
886
102
{ACAD_REACTORS
330
885
102
}
330
885
100
DictionaryVariables
280
     0
  1
Standard
  0
DICTIONARYVAR
  5
888
102
{ACAD_REACTORS
330
885
102
}
330
885
100
DictionaryVariables
280
     0
  1
Imperial24
  0
DICTIONARYVAR
  5
889
102
{ACAD_REACTORS
330
885
102
}
330
885
100
DictionaryVariables
280
     0
  1
Imperial24
  0
XRECORD
  5
880
102
{ACAD_REACTORS
330
87C
102
}
330
87C
100
AcDbXrecord
280
     1
  1
BUILDING_ID
  1
J1672 -HH - Lot 29, No
  1
FLOOR_ID
  1
8176
  0
XRECORD
  5
87E
102
{ACAD_REACTORS
330
87C
102
}
330
87C
100
AcDbXrecord
280
     1
  1
-2000011
  1
Walls
  1
-2000014
  1
Windows
  1
-2000023
  1
Doors
  1
-2000032
  1
Floors
  1
-2000051
  1
Lines
  1
-2000120
  1
Stairs
  1
-2000151
  1
Generic Models
  1
-2000170
  1
Curtain Panels
  1
-2000171
  1
Curtain Wall Mullions
  1
-2000240
  1
Levels
  1
-2000260
  1
Dimensions
  1
-2000266
  1
Roof Tags
  1
-2000300
  1
Text Notes
  1
-2001060
  1
Electrical Fixtures
  1
-2001160
  1
Plumbing Fixtures
  1
-2002000
  1
Detail Items
  1
-2005022
  1
Multi-Category Tags
  1
-2006020
  1
Level Heads
  0
XRECORD
  5
87F
102
{ACAD_REACTORS
330
87C
102
}
330
87C
100
AcDbXrecord
280
     1
  1
-2000018
  1
Frame/Mullion
  1
-2000025
  1
Panel
  1
-2000029
  1
Frame/Mullion
  1
-2000043
  1
<Medium Lines>
  1
-2000044
  1
<Wide Lines>
  1
-2000540
  1
Surface Pattern
  1
-2000921
  1
Treads/Risers
  1
-2009500
  1
<Hidden Lines>
  1
1035229
  1
Baths/Showers
  1
1893352
  1
DOWNPIPES
  1
1933725
  1
0
  1
2107280
  1
0.1 pen DASHED
  1
2107288
  1
0.1 pen
  1
528232
  1
dashed
  1
826928
  1
FFL
  1
942652
  1
Door Swing
  0
XRECORD
  5
87D
102
{ACAD_REACTORS
330
87C
102
}
330
87C
100
AcDbXrecord
280
     1
  1
1220569
  1
Basic Wall : 270 double brick : 270 double brick
  1
1222731
  1
Basic Wall : 110 brick wall : 110 brick wall
  1
1227169
  1
Floor : 214 slab w/ alfresco tile
  1
1276159
  1
Linear Dimension Style : 2.0mm ISOCPEUR
  1
1305703
  1
Panelift Door : 5000
  1
1321568
  1
System Panel : Glazed
  1
1363608
  1
Filled region : WHITE
  1
1364090
  1
Basic Wall : 230 brick wall : 230 brick wall
  1
1378895
  1
Basic Roof : Metal Sheet Roof (100mm)
  1
1381077
  1
Text : 1.5mm ISO ITALIC
  1
1426535
  1
M_Rectangular Column : 150 X 50
  1
1450930
  1
FIXED MOULDING ON AND OFF : A0618
  1
1503254
  1
VELUX FS   deck mounted   fixed : C01
  1
1536701
  1
2 panel 1 mullion : AF0615
  1
1560816
  1
Rectangular Mullion : 25x25
  1
1602304
  1
Windows 1 : Windows 1
  1
1602992
  1
Basic Wall : 185mm EPS wall : 185mm EPS wall
  1
1651081
  1
M_Rectangular Column : 90 x 90
  1
1670368
  1
FIXED MOULDING ON AND OFF : A0616
  1
1739590
  1
Shower_Twin_Phoenix_NXQuil_FaceBased : Chrome (606-6500-00)
  1
1749114
  1
AS.AA 0606 - 1518(2 PANEL HORIZONTAL) : AA0616
  1
1859742
  1
Gas instantaneous hws : Type 1
  1
1890169
  1
Atria - Multi - Category Tag : Atria - Multi - Category Tag
  1
1893368
  1
Downpipe : 450 Eave
  1
1917170
  1
roof tag_WIP : roof tag_WIP
  1
1931305
  1
Solar Panel_ Face Based : Solar Panel_ Face Based
  1
1959228
  1
Tap : Tap
  1
1978213
  1
Filled region : GREY NO MASK
  1
19886
  1
Gutter : Standard
  1
2012895
  1
Timber_Screen_Adjustable_21388 : Type 1
  1
204884
  1
Cast-In-Place Stair : Insitu_Concrete_150mm_Waist
  1
2108198
  1
Text : 1.5mm Calibri
  1
2108246
  1
Text : 1.2mm Calibri
  1
2173208
  1
Linear Dimension Style : 1.5mm Calibri Orange
  1
2341845
  1
FIXED MOULDING ON AND OFF : A1204
  1
2345580
  1
Basic Wall : 75mm EPS wall : 75mm EPS wall
  1
2599461
  1
Single - Timber Frame  : 870x2400
  1
2615715
  1
Floor : 230mm slab on ground
  1
2625478
  1
Single - Timber Frame  : 950x2100 EXTERIOR
  1
787246
  1
Level : UNDER
  1
787266
  1
Level : OVER
  0
DICTIONARY
  5
88B
330
65
100
AcDbDictionary
280
     1
281
     1
  3
ACAD_ROUNDTRIP_2008_TABLESTYLE_CELLSTYLEMAP
360
88C
  0
CELLSTYLEMAP
  5
88C
102
{ACAD_REACTORS
330
88B
102
}
330
88B
100
AcDbCellStyleMap
 90
        3
300
CELLSTYLE
  1
TABLEFORMAT_BEGIN
 90
        5
170
     1
 91
        0
 92
    32768
 62
   257
 93
        1
300
CONTENTFORMAT
  1
CONTENTFORMAT_BEGIN
 90
        0
 91
        0
 92
      512
 93
        0
300

 40
0.0
140
1.0
 94
        5
 62
     0
340
55
144
0.25
309
CONTENTFORMAT_END
171
     0
 94
        0
309
TABLEFORMAT_END
  1
CELLSTYLE_BEGIN
 90
        1
 91
        1
300
_TITLE
309
CELLSTYLE_END
300
CELLSTYLE
  1
TABLEFORMAT_BEGIN
 90
        5
170
     1
 91
        0
 92
        0
 62
   257
 93
        1
300
CONTENTFORMAT
  1
CONTENTFORMAT_BEGIN
 90
        0
 91
        0
 92
      512
 93
        0
300

 40
0.0
140
1.0
 94
        5
 62
     0
340
55
144
0.18
309
CONTENTFORMAT_END
171
     0
 94
        0
309
TABLEFORMAT_END
  1
CELLSTYLE_BEGIN
 90
        2
 91
        1
300
_HEADER
309
CELLSTYLE_END
300
CELLSTYLE
  1
TABLEFORMAT_BEGIN
 90
        5
170
     1
 91
        0
 92
        0
 62
   257
 93
        1
300
CONTENTFORMAT
  1
CONTENTFORMAT_BEGIN
 90
        0
 91
        0
 92
      512
 93
        0
300

 40
0.0
140
1.0
 94
        2
 62
     0
340
55
144
0.18
309
CONTENTFORMAT_END
171
     0
 94
        0
309
TABLEFORMAT_END
  1
CELLSTYLE_BEGIN
 90
        3
 91
        2
300
_DATA
309
CELLSTYLE_END
  0
ENDSEC
  0
EOF
