  0
SECTION
  2
HEADER
  9
$ACADVER
  1
AC1032
  9
$ACADMAINTVER
 90
       55
  9
$DWGCODEPAGE
  3
ANSI_1252
  9
$LASTSAVEDBY
  1
bj-su
  9
$REQUIREDVERSIONS
160
                 0
  9
$INSBASE
 10
0.0
 20
0.0
 30
0.0
  9
$EXTMIN
 10
4188.893786540705
 20
27048.08099135517
 30
0.0
  9
$EXTMAX
 10
32125.68439220776
 20
40486.22905728812
 30
0.0
  9
$LIMMIN
 10
0.0
 20
0.0
  9
$LIMMAX
 10
12.0
 20
9.0
  9
$ORTHOMODE
 70
     0
  9
$REGENMODE
 70
     1
  9
$FILLMODE
 70
     1
  9
$QTEXTMODE
 70
     0
  9
$MIRRTEXT
 70
     0
  9
$LTSCALE
 40
1.0
  9
$ATTMODE
 70
     1
  9
$TEXTSIZE
 40
0.2
  9
$TRACEWID
 40
0.05
  9
$TEXTSTYLE
  7
Standard
  9
$CLAYER
  8
0
  9
$CELTYPE
  6
ByLayer
  9
$CECOLOR
 62
   256
  9
$CELTSCALE
 40
1.0
  9
$DISPSILH
 70
     0
  9
$DIMSCALE
 40
1.0
  9
$DIMASZ
 40
0.18
  9
$DIMEXO
 40
0.0625
  9
$DIMDLI
 40
0.38
  9
$DIMRND
 40
0.0
  9
$DIMDLE
 40
0.0
  9
$DIMEXE
 40
0.18
  9
$DIMTP
 40
0.0
  9
$DIMTM
 40
0.0
  9
$DIMTXT
 40
0.18
  9
$DIMCEN
 40
0.09
  9
$DIMTSZ
 40
0.0
  9
$DIMTOL
 70
     0
  9
$DIMLIM
 70
     0
  9
$DIMTIH
 70
     1
  9
$DIMTOH
 70
     1
  9
$DIMSE1
 70
     0
  9
$DIMSE2
 70
     0
  9
$DIMTAD
 70
     0
  9
$DIMZIN
 70
     0
  9
$DIMBLK
  1

  9
$DIMASO
 70
     1
  9
$DIMSHO
 70
     1
  9
$DIMPOST
  1

  9
$DIMAPOST
  1

  9
$DIMALT
 70
     0
  9
$DIMALTD
 70
     2
  9
$DIMALTF
 40
25.4
  9
$DIMLFAC
 40
1.0
  9
$DIMTOFL
 70
     0
  9
$DIMTVP
 40
0.0
  9
$DIMTIX
 70
     0
  9
$DIMSOXD
 70
     0
  9
$DIMSAH
 70
     0
  9
$DIMBLK1
  1

  9
$DIMBLK2
  1

  9
$DIMSTYLE
  2
Standard
  9
$DIMCLRD
 70
     0
  9
$DIMCLRE
 70
     0
  9
$DIMCLRT
 70
     0
  9
$DIMTFAC
 40
1.0
  9
$DIMGAP
 40
0.09
  9
$DIMJUST
 70
     0
  9
$DIMSD1
 70
     0
  9
$DIMSD2
 70
     0
  9
$DIMTOLJ
 70
     1
  9
$DIMTZIN
 70
     0
  9
$DIMALTZ
 70
     0
  9
$DIMALTTZ
 70
     0
  9
$DIMUPT
 70
     0
  9
$DIMDEC
 70
     4
  9
$DIMTDEC
 70
     4
  9
$DIMALTU
 70
     2
  9
$DIMALTTD
 70
     2
  9
$DIMTXSTY
  7
Standard
  9
$DIMAUNIT
 70
     0
  9
$DIMADEC
 70
     0
  9
$DIMALTRND
 40
0.0
  9
$DIMAZIN
 70
     0
  9
$DIMDSEP
 70
    46
  9
$DIMATFIT
 70
     3
  9
$DIMFRAC
 70
     0
  9
$DIMLDRBLK
  1

  9
$DIMLUNIT
 70
     2
  9
$DIMLWD
 70
    -2
  9
$DIMLWE
 70
    -2
  9
$DIMTMOVE
 70
     0
  9
$DIMFXL
 40
1.0
  9
$DIMFXLON
 70
     0
  9
$DIMJOGANG
 40
0.7853981633974483
  9
$DIMTFILL
 70
     0
  9
$DIMTFILLCLR
 70
     0
  9
$DIMARCSYM
 70
     0
  9
$DIMLTYPE
  6

  9
$DIMLTEX1
  6

  9
$DIMLTEX2
  6

  9
$DIMTXTDIRECTION
 70
     0
  9
$LUNITS
 70
     2
  9
$LUPREC
 70
     4
  9
$SKETCHINC
 40
0.1
  9
$FILLETRAD
 40
0.0
  9
$AUNITS
 70
     0
  9
$AUPREC
 70
     0
  9
$MENU
  1
.
  9
$ELEVATION
 40
0.0
  9
$PELEVATION
 40
0.0
  9
$THICKNESS
 40
0.0
  9
$LIMCHECK
 70
     0
  9
$CHAMFERA
 40
0.0
  9
$CHAMFERB
 40
0.0
  9
$CHAMFERC
 40
0.0
  9
$CHAMFERD
 40
0.0
  9
$SKPOLY
 70
     0
  9
$TDCREATE
 40
2461148.348368056
  9
$TDUCREATE
 40
2461147.931701389
  9
$TDUPDATE
 40
2461232.606662801
  9
$TDUUPDATE
 40
2461232.189996135
  9
$TDINDWG
 40
0.0
  9
$TDUSRTIMER
 40
0.0
  9
$USRTIMER
 70
     1
  9
$ANGBASE
 50
0.0
  9
$ANGDIR
 70
     0
  9
$PDMODE
 70
     0
  9
$PDSIZE
 40
0.0
  9
$PLINEWID
 40
0.0
  9
$SPLFRAME
 70
     0
  9
$SPLINETYPE
 70
     6
  9
$SPLINESEGS
 70
     8
  9
$HANDSEED
  5
9EE
  9
$SURFTAB1
 70
     6
  9
$SURFTAB2
 70
     6
  9
$SURFTYPE
 70
     6
  9
$SURFU
 70
     6
  9
$SURFV
 70
     6
  9
$UCSBASE
  2

  9
$UCSNAME
  2

  9
$UCSORG
 10
0.0
 20
0.0
 30
0.0
  9
$UCSXDIR
 10
1.0
 20
0.0
 30
0.0
  9
$UCSYDIR
 10
0.0
 20
1.0
 30
0.0
  9
$UCSORTHOREF
  2

  9
$UCSORTHOVIEW
 70
     0
  9
$UCSORGTOP
 10
0.0
 20
0.0
 30
0.0
  9
$UCSORGBOTTOM
 10
0.0
 20
0.0
 30
0.0
  9
$UCSORGLEFT
 10
0.0
 20
0.0
 30
0.0
  9
$UCSORGRIGHT
 10
0.0
 20
0.0
 30
0.0
  9
$UCSORGFRONT
 10
0.0
 20
0.0
 30
0.0
  9
$UCSORGBACK
 10
0.0
 20
0.0
 30
0.0
  9
$PUCSBASE
  2

  9
$PUCSNAME
  2

  9
$PUCSORG
 10
0.0
 20
0.0
 30
0.0
  9
$PUCSXDIR
 10
1.0
 20
0.0
 30
0.0
  9
$PUCSYDIR
 10
0.0
 20
1.0
 30
0.0
  9
$PUCSORTHOREF
  2

  9
$PUCSORTHOVIEW
 70
     0
  9
$PUCSORGTOP
 10
0.0
 20
0.0
 30
0.0
  9
$PUCSORGBOTTOM
 10
0.0
 20
0.0
 30
0.0
  9
$PUCSORGLEFT
 10
0.0
 20
0.0
 30
0.0
  9
$PUCSORGRIGHT
 10
0.0
 20
0.0
 30
0.0
  9
$PUCSORGFRONT
 10
0.0
 20
0.0
 30
0.0
  9
$PUCSORGBACK
 10
0.0
 20
0.0
 30
0.0
  9
$USERI1
 70
     0
  9
$USERI2
 70
     0
  9
$USERI3
 70
     0
  9
$USERI4
 70
     0
  9
$USERI5
 70
     0
  9
$USERR1
 40
0.0
  9
$USERR2
 40
0.0
  9
$USERR3
 40
0.0
  9
$USERR4
 40
0.0
  9
$USERR5
 40
0.0
  9
$WORLDVIEW
 70
     1
  9
$SHADEDGE
 70
     3
  9
$SHADEDIF
 70
    70
  9
$TILEMODE
 70
     1
  9
$MAXACTVP
 70
    64
  9
$PINSBASE
 10
0.0
 20
0.0
 30
0.0
  9
$PLIMCHECK
 70
     0
  9
$PEXTMIN
 10
1.000000000000000E+20
 20
1.000000000000000E+20
 30
1.000000000000000E+20
  9
$PEXTMAX
 10
-1.000000000000000E+20
 20
-1.000000000000000E+20
 30
-1.000000000000000E+20
  9
$PLIMMIN
 10
0.0
 20
0.0
  9
$PLIMMAX
 10
12.0
 20
9.0
  9
$UNITMODE
 70
     0
  9
$VISRETAIN
 70
     1
  9
$PLINEGEN
 70
     0
  9
$PSLTSCALE
 70
     1
  9
$TREEDEPTH
 70
  3020
  9
$CMLSTYLE
  2
Standard
  9
$CMLJUST
 70
     0
  9
$CMLSCALE
 40
1.0
  9
$PROXYGRAPHICS
 70
     1
  9
$MEASUREMENT
 70
     1
  9
$CELWEIGHT
370
    -1
  9
$ENDCAPS
280
     0
  9
$JOINSTYLE
280
     0
  9
$LWDISPLAY
290
     0
  9
$INSUNITS
 70
     4
  9
$HYPERLINKBASE
  1

  9
$STYLESHEET
  1

  9
$XEDIT
290
     1
  9
$CEPSNTYPE
380
     0
  9
$PSTYLEMODE
290
     1
  9
$FINGERPRINTGUID
  2
{5D4D5BA3-83A9-AC42-81CC-39167D47119B}
  9
$VERSIONGUID
  2
{1B983D46-6AD8-B743-A897-407D0D07B358}
  9
$EXTNAMES
290
     1
  9
$PSVPSCALE
 40
0.0
  9
$OLESTARTUP
290
     0
  9
$SORTENTS
280
   127
  9
$INDEXCTL
280
     0
  9
$HIDETEXT
280
     1
  9
$XCLIPFRAME
280
     2
  9
$HALOGAP
280
     0
  9
$OBSCOLOR
 70
   257
  9
$OBSLTYPE
280
     0
  9
$INTERSECTIONDISPLAY
280
     0
  9
$INTERSECTIONCOLOR
 70
   257
  9
$DIMASSOC
280
     2
  9
$PROJECTNAME
  1

  9
$CAMERADISPLAY
290
     0
  9
$LENSLENGTH
 40
50.0
  9
$CAMERAHEIGHT
 40
0.0
  9
$STEPSPERSEC
 40
2.0
  9
$STEPSIZE
 40
6.0
  9
$3DDWFPREC
 40
2.0
  9
$PSOLWIDTH
 40
0.25
  9
$PSOLHEIGHT
 40
4.0
  9
$LOFTANG1
 40
1.570796326794897
  9
$LOFTANG2
 40
1.570796326794897
  9
$LOFTMAG1
 40
0.0
  9
$LOFTMAG2
 40
0.0
  9
$LOFTPARAM
 70
     7
  9
$LOFTNORMALS
280
     1
  9
$LATITUDE
 40
37.795
  9
$LONGITUDE
 40
-122.394
  9
$NORTHDIRECTION
 40
0.0
  9
$TIMEZONE
 70
 -8000
  9
$LIGHTGLYPHDISPLAY
280
     1
  9
$TILEMODELIGHTSYNCH
280
     1
  9
$CMATERIAL
347
11
  9
$SOLIDHIST
280
     0
  9
$SHOWHIST
280
     1
  9
$DWFFRAME
280
     2
  9
$DGNFRAME
280
     0
  9
$REALWORLDSCALE
290
     1
  9
$INTERFERECOLOR
 62
     1
  9
$CSHADOW
280
     0
  9
$SHADOWPLANELOCATION
 40
0.0
  0
ENDSEC
  0
SECTION
  2
CLASSES
  0
CLASS
  1
ACDBDICTIONARYWDFLT
  2
AcDbDictionaryWithDefault
  3
ObjectDBX Classes
 90
        0
 91
        3
280
     0
281
     0
  0
CLASS
  1
MATERIAL
  2
AcDbMaterial
  3
ObjectDBX Classes
 90
     1153
 91
        3
280
     0
281
     0
  0
CLASS
  1
VISUALSTYLE
  2
AcDbVisualStyle
  3
ObjectDBX Classes
 90
     4095
 91
        3
280
     0
281
     0
  0
CLASS
  1
SCALE
  2
AcDbScale
  3
ObjectDBX Classes
 90
     1153
 91
        3
280
     0
281
     0
  0
CLASS
  1
TABLESTYLE
  2
AcDbTableStyle
  3
ObjectDBX Classes
 90
     4095
 91
        3
280
     0
281
     0
  0
CLASS
  1
MLEADERSTYLE
  2
AcDbMLeaderStyle
  3
ACDB_MLEADERSTYLE_CLASS
 90
     4095
 91
        3
280
     0
281
     0
  0
CLASS
  1
ACDBSECTIONVIEWSTYLE
  2
AcDbSectionViewStyle
  3
ObjectDBX Classes
 90
     1025
 91
        3
280
     0
281
     0
  0
CLASS
  1
ACDBDETAILVIEWSTYLE
  2
AcDbDetailViewStyle
  3
ObjectDBX Classes
 90
     1025
 91
        3
280
     0
281
     0
  0
CLASS
  1
RASTERVARIABLES
  2
AcDbRasterVariables
  3
ISM
 90
        0
 91
        3
280
     0
281
     0
  0
CLASS
  1
DICTIONARYVAR
  2
AcDbDictionaryVar
  3
ObjectDBX Classes
 90
        0
 91
        3
280
     0
281
     0
  0
CLASS
  1
SORTENTSTABLE
  2
AcDbSortentsTable
  3
ObjectDBX Classes
 90
        0
 91
        3
280
     0
281
     0
  0
CLASS
  1
CELLSTYLEMAP
  2
AcDbCellStyleMap
  3
ObjectDBX Classes
 90
     1152
 91
        3
280
     0
281
     0
  0
ENDSEC
  0
SECTION
  2
TABLES
  0
TABLE
  2
VPORT
  5
8
330
0
100
AcDbSymbolTable
 70
     1
  0
VPORT
  5
57
330
8
100
AcDbSymbolTableRecord
100
AcDbViewportTableRecord
  2
*Active
 70
     0
 10
0.0
 20
0.0
 11
1.0
 21
1.0
 12
18157.28908937423
 22
33767.15502432164
 13
0.0
 23
0.0
 14
1.0
 24
1.0
 15
0.0
 25
0.0
 16
0.0
 26
0.0
 36
1.0
 17
0.0
 27
0.0
 37
0.0
 40
13438.14806593295
 41
2.078916712972497
 42
50.0
 43
0.0
 44
0.0
 50
0.0
 51
0.0
 71
     0
 72
  1000
 73
     1
 74
     1
 75
     0
 76
     0
 77
     0
 78
     0
281
     0
 65
     1
110
0.0
120
0.0
130
0.0
111
1.0
121
0.0
131
0.0
112
0.0
122
1.0
132
0.0
 79
     0
146
0.0
348
2F
 60
     3
 61
     5
292
     1
282
     1
141
0.0
142
0.0
 63
   250
421
  3355443
  0
ENDTAB
  0
TABLE
  2
LTYPE
  5
5
330
0
100
AcDbSymbolTable
 70
     5
  0
LTYPE
  5
5B
330
5
100
AcDbSymbolTableRecord
100
AcDbLinetypeTableRecord
  2
ByBlock
 70
     0
  3

 72
    65
 73
     0
 40
0.0
  0
LTYPE
  5
5C
330
5
100
AcDbSymbolTableRecord
100
AcDbLinetypeTableRecord
  2
ByLayer
 70
     0
  3

 72
    65
 73
     0
 40
0.0
  0
LTYPE
  5
5D
330
5
100
AcDbSymbolTableRecord
100
AcDbLinetypeTableRecord
  2
Continuous
 70
     0
  3
Solid line
 72
    65
 73
     0
 40
0.0
  0
LTYPE
  5
C7
330
5
100
AcDbSymbolTableRecord
100
AcDbLinetypeTableRecord
  2
Dash 1_16_
 70
     0
  3

 72
    65
 73
     2
 40
3.174999999999999
 49
1.5875
 74
     0
 49
-1.5875
 74
     0
  0
LTYPE
  5
C8
330
5
100
AcDbSymbolTableRecord
100
AcDbLinetypeTableRecord
  2
Dash 2_5mm
 70
     0
  3

 72
    65
 73
     2
 40
5.0
 49
2.5
 74
     0
 49
-2.5
 74
     0
  0
LTYPE
  5
196
330
5
100
AcDbSymbolTableRecord
100
AcDbLinetypeTableRecord
  2
Dashed - Tight 0_18 Pen
 70
     0
  3

 72
    65
 73
     4
 40
3.46
 49
1.2
 74
     0
 49
-0.5299999999999999
 74
     0
 49
1.2
 74
     0
 49
-0.5299999999999999
 74
     0
  0
LTYPE
  5
88B
330
5
100
AcDbSymbolTableRecord
100
AcDbLinetypeTableRecord
  2
Centre
 70
     0
  3

 72
    65
 73
     4
 40
30.0
 49
12.0
 74
     0
 49
-6.0
 74
     0
 49
6.0
 74
     0
 49
-6.0
 74
     0
  0
ENDTAB
  0
TABLE
  2
LAYER
  5
2
330
0
100
AcDbSymbolTable
 70
    35
  0
LAYER
  5
54
330
2
100
AcDbSymbolTableRecord
100
AcDbLayerTableRecord
  2
0
 70
     0
 62
     7
  6
Continuous
370
    -3
390
F
347
21
348
0
  0
LAYER
  5
81
330
2
100
AcDbSymbolTableRecord
100
AcDbLayerTableRecord
  2
A-WALL
 70
     0
 62
   113
  6
Continuous
370
     9
390
F
347
21
348
0
  0
LAYER
  5
82
330
2
100
AcDbSymbolTableRecord
100
AcDbLayerTableRecord
  2
I-WALL
 70
     0
 62
     2
  6
Continuous
370
     9
390
F
347
21
348
0
  0
LAYER
  5
83
330
2
100
AcDbSymbolTableRecord
100
AcDbLayerTableRecord
  2
A-COLS
 70
     0
 62
    52
  6
Continuous
370
     9
390
F
347
21
348
0
  0
LAYER
  5
84
330
2
100
AcDbSymbolTableRecord
100
AcDbLayerTableRecord
  2
A-DOOR
 70
     0
 62
    31
  6
Continuous
370
     9
390
F
347
21
348
0
  0
LAYER
  5
85
330
2
100
AcDbSymbolTableRecord
100
AcDbLayerTableRecord
  2
A-GENM
 70
     0
 62
    13
  6
Continuous
370
     9
390
F
347
21
348
0
  0
LAYER
  5
86
330
2
100
AcDbSymbolTableRecord
100
AcDbLayerTableRecord
  2
P-SANR-FIXT
 70
     0
 62
     6
  6
Continuous
370
     9
390
F
347
21
348
0
  0
LAYER
  5
87
330
2
100
AcDbSymbolTableRecord
100
AcDbLayerTableRecord
  2
A-FLOR
 70
     0
 62
   192
  6
Continuous
370
     9
390
F
347
21
348
0
  0
LAYER
  5
89
330
2
100
AcDbSymbolTableRecord
100
AcDbLayerTableRecord
  2
A-CLNG
 70
     0
 62
    13
  6
Continuous
370
     9
390
F
347
21
348
0
  0
LAYER
  5
8A
330
2
100
AcDbSymbolTableRecord
100
AcDbLayerTableRecord
  2
A-ROOF
 70
     0
 62
   132
  6
Continuous
370
     9
390
F
347
21
348
0
  0
LAYER
  5
8B
330
2
100
AcDbSymbolTableRecord
100
AcDbLayerTableRecord
  2
C-TOPO
 70
     0
 62
     7
  6
Continuous
370
     9
390
F
347
21
348
0
  0
LAYER
  5
8C
330
2
100
AcDbSymbolTableRecord
100
AcDbLayerTableRecord
  2
Q-CASE
 70
     0
 62
    31
  6
Continuous
370
     9
390
F
347
21
348
0
  0
LAYER
  5
8D
330
2
100
AcDbSymbolTableRecord
100
AcDbLayerTableRecord
  2
A-GLAZ
 70
     0
 62
   151
  6
Continuous
370
     9
390
F
347
21
348
0
  0
LAYER
  5
8E
330
2
100
AcDbSymbolTableRecord
100
AcDbLayerTableRecord
  2
A-ROOF-OTLN
 70
     0
 62
   132
  6
Continuous
370
     9
390
F
347
21
348
0
  0
LAYER
  5
8F
330
2
100
AcDbSymbolTableRecord
100
AcDbLayerTableRecord
  2
A-GLAZ-CURT
 70
     0
 62
    52
  6
Continuous
370
     9
390
F
347
21
348
0
  0
LAYER
  5
90
330
2
100
AcDbSymbolTableRecord
100
AcDbLayerTableRecord
  2
A-GLAZ-CWMG
 70
     0
 62
    51
  6
Continuous
370
     9
390
F
347
21
348
0
  0
LAYER
  5
92
330
2
100
AcDbSymbolTableRecord
100
AcDbLayerTableRecord
  2
E-ELEC-FIXT
 70
     0
 62
    91
  6
Continuous
370
     9
390
F
347
21
348
0
  0
LAYER
  5
94
330
2
100
AcDbSymbolTableRecord
100
AcDbLayerTableRecord
  2
A-FLOR-HRAL
 70
     0
 62
    11
  6
Continuous
370
     9
390
F
347
21
348
0
  0
LAYER
  5
AD
330
2
100
AcDbSymbolTableRecord
100
AcDbLayerTableRecord
  2
A-DETL-GENF
 70
     0
 62
    92
  6
Continuous
370
     9
390
F
347
21
348
0
  0
LAYER
  5
AE
330
2
100
AcDbSymbolTableRecord
100
AcDbLayerTableRecord
  2
A-DETL
 70
     0
 62
    90
  6
Continuous
370
     9
390
F
347
21
348
0
  0
LAYER
  5
C9
330
2
100
AcDbSymbolTableRecord
100
AcDbLayerTableRecord
  2
A-WALL-PATT
 70
     0
 62
   111
  6
Continuous
370
    25
390
F
347
21
348
0
  0
LAYER
  5
19D
330
2
100
AcDbSymbolTableRecord
100
AcDbLayerTableRecord
  2
A-DOOR-FRAM
 70
     0
 62
    31
  6
Continuous
370
     9
390
F
347
21
348
0
  0
LAYER
  5
1FD
330
2
100
AcDbSymbolTableRecord
100
AcDbLayerTableRecord
  2
A-FLOR-PATT
 70
     0
 62
     8
  6
Continuous
370
    35
390
F
347
21
348
0
  0
LAYER
  5
23B
330
2
100
AcDbSymbolTableRecord
100
AcDbLayerTableRecord
  2
A-FLOR-MCUT
 70
     0
 62
    51
  6
Continuous
370
     9
390
F
347
21
348
0
  0
LAYER
  5
279
330
2
100
AcDbSymbolTableRecord
100
AcDbLayerTableRecord
  2
A-DOOR-GLAZ
 70
     0
 62
    31
  6
Continuous
370
    18
390
F
347
21
348
0
  0
LAYER
  5
2C2
330
2
100
AcDbSymbolTableRecord
100
AcDbLayerTableRecord
  2
A-ROOF-MCUT
 70
     0
 62
   132
  6
Continuous
370
    35
390
F
347
21
348
0
  0
LAYER
  5
758
330
2
100
AcDbSymbolTableRecord
100
AcDbLayerTableRecord
  2
A-DETL-MEDM
 70
     0
 62
    33
  6
Continuous
370
    25
390
F
347
21
348
0
  0
LAYER
  5
779
330
2
100
AcDbSymbolTableRecord
100
AcDbLayerTableRecord
  2
A-DETL-WIDE
 70
     0
 62
   214
  6
Continuous
370
    50
390
F
347
21
348
0
  0
LAYER
  5
786
330
2
100
AcDbSymbolTableRecord
100
AcDbLayerTableRecord
  2
A-DETL-THIN
 70
     0
 62
   151
  6
Continuous
370
     9
390
F
347
21
348
0
  0
LAYER
  5
887
330
2
100
AcDbSymbolTableRecord
100
AcDbLayerTableRecord
  2
A-FLOR-LEVL
 70
     0
 62
    51
  6
Continuous
370
     9
390
F
347
21
348
0
  0
LAYER
  5
89F
330
2
100
AcDbSymbolTableRecord
100
AcDbLayerTableRecord
  2
A-ANNO-DIMS
 70
     0
 62
   211
  6
Continuous
370
     9
390
F
347
21
348
0
  0
LAYER
  5
8A1
330
2
100
AcDbSymbolTableRecord
100
AcDbLayerTableRecord
  2
A-ANNO-DIMS-100
 70
     0
 62
   211
  6
Continuous
370
     9
390
F
347
21
348
0
  0
LAYER
  5
8B7
330
2
100
AcDbSymbolTableRecord
100
AcDbLayerTableRecord
  2
Defpoints
 70
     0
 62
     7
  6
Continuous
290
     0
370
    -3
390
F
347
21
348
0
  0
LAYER
  5
8C7
330
2
100
AcDbSymbolTableRecord
100
AcDbLayerTableRecord
  2
G-ANNO-TEXT
 70
     0
 62
   231
  6
Continuous
370
     9
390
F
347
21
348
0
  0
LAYER
  5
8D6
330
2
100
AcDbSymbolTableRecord
100
AcDbLayerTableRecord
  2
A-AREA-IDEN
 70
     0
 62
     2
  6
Continuous
370
     9
390
F
347
21
348
0
  0
ENDTAB
  0
TABLE
  2
STYLE
  5
3
330
0
100
AcDbSymbolTable
 70
     9
  0
STYLE
  5
55
330
3
100
AcDbSymbolTableRecord
100
AcDbTextStyleTableRecord
  2
Standard
 70
     0
 40
0.0
 41
1.0
 50
0.0
 71
     0
 42
0.2
  3
txt
  4

  0
STYLE
  5
5A
330
3
100
AcDbSymbolTableRecord
100
AcDbTextStyleTableRecord
  2
Annotative
 70
     0
 40
0.0
 41
1.0
 50
0.0
 71
     0
 42
0.2
  3
txt
  4

1001
AcadAnnotative
1000
AnnotativeData
1002
{
1070
     1
1070
     1
1002
}
  0
STYLE
  5
888
330
3
100
AcDbSymbolTableRecord
100
AcDbTextStyleTableRecord
  2
ISOCPEUR
 70
     0
 40
199.9999999999998
 41
1.0
 50
0.0
 71
     0
 42
0.2
  3
ISOCPEUR.ttf
  4

1001
ACAD
1000
ISOCPEUR
1071
       34
  0
STYLE
  5
8AB
330
3
100
AcDbSymbolTableRecord
100
AcDbTextStyleTableRecord
  2
Calibri
 70
     0
 40
150.0
 41
1.0
 50
0.0
 71
     0
 42
0.2
  3
calibri.ttf
  4

1001
ACAD
1000
Calibri
1071
       34
  0
STYLE
  5
8D4
330
3
100
AcDbSymbolTableRecord
100
AcDbTextStyleTableRecord
  2
Calibri_1
 70
     0
 40
200.0
 41
1.0
 50
0.0
 71
     0
 42
0.2
  3
calibri.ttf
  4

1001
ACAD
1000
Calibri
1071
       34
  0
STYLE
  5
8D7
330
3
100
AcDbSymbolTableRecord
100
AcDbTextStyleTableRecord
  2
Calibri_2
 70
     0
 40
179.9999999999998
 41
1.0
 50
0.0
 71
     0
 42
0.2
  3
calibri.ttf
  4

1001
ACAD
1000
Calibri
1071
       34
  0
STYLE
  5
8EE
330
3
100
AcDbSymbolTableRecord
100
AcDbTextStyleTableRecord
  2
ISOCPEUR_1
 70
     0
 40
150.0
 41
1.0
 50
0.0
 71
     0
 42
0.2
  3
ISOCPEUR.ttf
  4

1001
ACAD
1000
ISOCPEUR
1071
       34
  0
STYLE
  5
91A
330
3
100
AcDbSymbolTableRecord
100
AcDbTextStyleTableRecord
  2
ISOCPEUR_2
 70
     0
 40
250.0
 41
1.0
 50
0.0
 71
     0
 42
0.2
  3
ISOCPEUR.ttf
  4

1001
ACAD
1000
ISOCPEUR
1071
       34
  0
STYLE
  5
988
330
3
100
AcDbSymbolTableRecord
100
AcDbTextStyleTableRecord
  2
Calibri_B
 70
     0
 40
150.0
 41
1.0
 50
0.0
 71
     0
 42
0.2
  3
calibrib.ttf
  4

1001
ACAD
1000
Calibri
1071
 33554466
  0
ENDTAB
  0
TABLE
  2
VIEW
  5
6
330
0
100
AcDbSymbolTable
 70
     0
  0
ENDTAB
  0
TABLE
  2
UCS
  5
7
330
0
100
AcDbSymbolTable
 70
     0
  0
ENDTAB
  0
TABLE
  2
APPID
  5
9
330
0
100
AcDbSymbolTable
 70
     3
  0
APPID
  5
56
330
9
100
AcDbSymbolTableRecord
100
AcDbRegAppTableRecord
  2
ACAD
 70
     0
  0
APPID
  5
5E
330
9
100
AcDbSymbolTableRecord
100
AcDbRegAppTableRecord
  2
AcadAnnotative
 70
     0
  0
APPID
  5
78
330
9
100
AcDbSymbolTableRecord
100
AcDbRegAppTableRecord
  2
REVIT
 70
     0
  0
ENDTAB
  0
TABLE
  2
DIMSTYLE
  5
A
330
0
100
AcDbSymbolTable
 70
     6
100
AcDbDimStyleTable
  0
DIMSTYLE
105
58
330
A
100
AcDbSymbolTableRecord
100
AcDbDimStyleTableRecord
  2
Standard
 70
     0
178
     0
340
55
  0
DIMSTYLE
105
59
330
A
100
AcDbSymbolTableRecord
100
AcDbDimStyleTableRecord
  2
Annotative
 70
     0
178
     0
340
55
1001
AcadAnnotative
1000
AnnotativeData
1002
{
1070
     1
1070
     1
1002
}
  0
DIMSTYLE
105
8B0
102
{ACAD_REACTORS
330
8B5
102
}
330
A
100
AcDbSymbolTableRecord
100
AcDbDimStyleTableRecord
  2
1_5mm_Calibri_Orange
 70
     0
  3
<>
 40
304.8
 41
0.4921259842519685
 44
0.3280839895013123
 46
0.3280839895013123
 49
0.9842519685039369
 69
     1
 70
     0
 90
        2
290
     1
 73
     0
 74
     0
 77
     1
140
176.6022635757018
145
1.0
147
0.0
172
     1
173
     1
174
     1
178
     0
179
     2
271
     0
340
8AB
343
8B1
344
8B1
  0
DIMSTYLE
105
930
102
{ACAD_REACTORS
330
931
102
}
330
A
100
AcDbSymbolTableRecord
100
AcDbDimStyleTableRecord
  2
2_0mm_Calibrii
 70
     0
  3
<>
 40
304.8
 41
0.4921259842519685
 44
0.3280839895013123
 46
0.3280839895013123
 49
0.9842519685039369
 90
        2
290
     1
 73
     0
 74
     0
 77
     1
140
235.4696847676024
145
1.0
147
0.0
172
     1
173
     1
174
     1
178
     0
179
     2
271
     0
340
8D4
343
8B1
344
8B1
  0
DIMSTYLE
105
97A
102
{ACAD_REACTORS
330
97B
102
}
330
A
100
AcDbSymbolTableRecord
100
AcDbDimStyleTableRecord
  2
1_5mm_Calibrii
 70
     0
  3
<>
 40
304.8
 41
0.4921259842519685
 44
0.3280839895013123
 46
0.3280839895013123
 49
0.9842519685039369
 90
        2
290
     1
 73
     0
 74
     0
 77
     1
140
176.6022635757018
145
1.0
147
0.0
172
     1
173
     1
174
     1
178
     0
179
     2
271
     0
340
8AB
343
8B1
344
8B1
  0
DIMSTYLE
105
99A
102
{ACAD_REACTORS
330
99B
102
}
330
A
100
AcDbSymbolTableRecord
100
AcDbDimStyleTableRecord
  2
1_5mm_Calibri_Orange_2
 70
     0
  3
<>
 40
304.8
 41
0.4921259842519685
 44
0.3280839895013123
 46
0.3280839895013123
 49
0.9842519685039369
 90
        2
290
     1
 73
     0
 74
     0
 77
     1
140
176.6022635757018
145
1.0
147
0.0
172
     1
173
     1
174
     1
178
     0
179
     2
271
     0
340
8AB
343
8B1
344
8B1
  0
ENDTAB
  0
TABLE
  2
BLOCK_RECORD
  5
1
330
0
100
AcDbSymbolTable
 70
    49
  0
BLOCK_RECORD
  5
70
102
{ACAD_XDICTIONARY
360
9E1
102
}
330
1
100
AcDbSymbolTableRecord
100
AcDbBlockTableRecord
  2
*Model_Space
340
73
 70
     0
280
     1
281
     0
  0
BLOCK_RECORD
  5
6C
330
1
100
AcDbSymbolTableRecord
100
AcDbBlockTableRecord
  2
*Paper_Space
340
6F
 70
     0
280
     1
281
     0
  0
BLOCK_RECORD
  5
74
330
1
100
AcDbSymbolTableRecord
100
AcDbBlockTableRecord
  2
*Paper_Space0
340
77
 70
     0
280
     1
281
     0
  0
BLOCK_RECORD
  5
195
330
1
100
AcDbSymbolTableRecord
100
AcDbBlockTableRecord
  2
Single - Timber Frame  - 870x2400-2599501-SECTION C-C
340
0
102
{BLKREFS
331
1A8
331
570
331
5BA
102
}
 70
     0
280
     1
281
     0
  0
BLOCK_RECORD
  5
1A9
330
1
100
AcDbSymbolTableRecord
100
AcDbBlockTableRecord
  2
Single - Timber Frame  - 870x2400-2599487-SECTION C-C
340
0
102
{BLKREFS
331
1BA
331
491
102
}
 70
     0
280
     1
281
     0
  0
BLOCK_RECORD
  5
1BB
330
1
100
AcDbSymbolTableRecord
100
AcDbBlockTableRecord
  2
Panelift Door - 5000-2447540-SECTION C-C
340
0
102
{BLKREFS
331
1BE
102
}
 70
     0
280
     1
281
     0
  0
BLOCK_RECORD
  5
1BF
330
1
100
AcDbSymbolTableRecord
100
AcDbBlockTableRecord
  2
3 panel robe door _stretchable_ - 2400-2340459-SECTION C-C
340
0
102
{BLKREFS
331
1C5
102
}
 70
     0
280
     1
281
     0
  0
BLOCK_RECORD
  5
216
330
1
100
AcDbSymbolTableRecord
100
AcDbBlockTableRecord
  2
Single - Timber Frame  - 870x2400-2599626-SECTION C-C
340
0
102
{BLKREFS
331
222
102
}
 70
     0
280
     1
281
     0
  0
BLOCK_RECORD
  5
223
330
1
100
AcDbSymbolTableRecord
100
AcDbBlockTableRecord
  2
Single - Timber Frame  - 870x2400-2599564-SECTION C-C
340
0
102
{BLKREFS
331
22F
102
}
 70
     0
280
     1
281
     0
  0
BLOCK_RECORD
  5
276
330
1
100
AcDbSymbolTableRecord
100
AcDbBlockTableRecord
  2
Stacker Door - 3 Panel - FXX2436-2545093-SECTION C-C
340
0
102
{BLKREFS
331
290
102
}
 70
     0
280
     1
281
     0
  0
BLOCK_RECORD
  5
291
330
1
100
AcDbSymbolTableRecord
100
AcDbBlockTableRecord
  2
2 panel 1 mullion_900 - AF1822-2344114-SECTION C-C
340
0
102
{BLKREFS
331
2A8
102
}
 70
     0
280
     1
281
     0
  0
BLOCK_RECORD
  5
2A9
330
1
100
AcDbSymbolTableRecord
100
AcDbBlockTableRecord
  2
Sliding Door - 2 Panel - XF2118-2140165-SECTION C-C
340
0
102
{BLKREFS
331
2C1
102
}
 70
     0
280
     1
281
     0
  0
BLOCK_RECORD
  5
2D6
330
1
100
AcDbSymbolTableRecord
100
AcDbBlockTableRecord
  2
F_AA 0606 - 1509_1 PANEL_ - F3718-2099822-SECTION C-C
340
0
102
{BLKREFS
331
2EA
102
}
 70
     0
280
     1
281
     0
  0
BLOCK_RECORD
  5
346
330
1
100
AcDbSymbolTableRecord
100
AcDbBlockTableRecord
  2
System Panel - Glazed-1629629-SECTION C-C
340
0
102
{BLKREFS
331
34D
102
}
 70
     0
280
     1
281
     0
  0
BLOCK_RECORD
  5
34E
330
1
100
AcDbSymbolTableRecord
100
AcDbBlockTableRecord
  2
Rectangular Mullion - 25x25-1570824-SECTION C-C
340
0
102
{BLKREFS
331
355
102
}
 70
     0
280
     1
281
     0
  0
BLOCK_RECORD
  5
361
330
1
100
AcDbSymbolTableRecord
100
AcDbBlockTableRecord
  2
Windows 1 - Windows 1-1602304-SECTION C-C
340
0
102
{BLKREFS
331
477
102
}
 70
     0
280
     1
281
     0
  0
BLOCK_RECORD
  5
492
330
1
100
AcDbSymbolTableRecord
100
AcDbBlockTableRecord
  2
Single - Timber Frame  - 870x2400-V1-SECTION C-C
340
0
102
{BLKREFS
331
497
102
}
 70
     0
280
     1
281
     0
  0
BLOCK_RECORD
  5
4E0
330
1
100
AcDbSymbolTableRecord
100
AcDbBlockTableRecord
  2
3 PANEL 2 transom - AFA1842 SP-1980656-SECTION C-C
340
0
102
{BLKREFS
331
4F1
102
}
 70
     0
280
     1
281
     0
  0
BLOCK_RECORD
  5
4F5
330
1
100
AcDbSymbolTableRecord
100
AcDbBlockTableRecord
  2
VELUX FS   deck mounted   fixed - C01-1726125-SECTION C-C
340
0
102
{BLKREFS
331
514
102
}
 70
     0
280
     1
281
     0
  0
BLOCK_RECORD
  5
520
330
1
100
AcDbSymbolTableRecord
100
AcDbBlockTableRecord
  2
AS_AA 0606 - 1518_2 PANEL HORIZONTAL_ - AA1818-1980610-SECTION C-C
340
0
102
{BLKREFS
331
52F
102
}
 70
     0
280
     1
281
     0
  0
BLOCK_RECORD
  5
532
330
1
100
AcDbSymbolTableRecord
100
AcDbBlockTableRecord
  2
Single - Timber Frame  - 720x2400-1926410-SECTION C-C
340
0
102
{BLKREFS
331
543
102
}
 70
     0
280
     1
281
     0
  0
BLOCK_RECORD
  5
55A
330
1
100
AcDbSymbolTableRecord
100
AcDbBlockTableRecord
  2
Stacker Door - 3 Panel - XXF3032 SP-2545091-SECTION C-C
340
0
102
{BLKREFS
331
56F
102
}
 70
     0
280
     1
281
     0
  0
BLOCK_RECORD
  5
582
330
1
100
AcDbSymbolTableRecord
100
AcDbBlockTableRecord
  2
Refrigerator - Refrigerator-1143319-SECTION C-C
340
0
102
{BLKREFS
331
596
102
}
 70
     0
280
     1
281
     0
  0
BLOCK_RECORD
  5
597
330
1
100
AcDbSymbolTableRecord
100
AcDbBlockTableRecord
  2
custom - equal Panel M_6 PANEL HORIZONTAL_ - AFA3042T SP-2001726-SECTION C-C
340
0
102
{BLKREFS
331
5B2
102
}
 70
     0
280
     1
281
     0
  0
BLOCK_RECORD
  5
5B3
330
1
100
AcDbSymbolTableRecord
100
AcDbBlockTableRecord
  2
Single - Timber Frame  - 870x2400-V2-SECTION C-C
340
0
102
{BLKREFS
331
5B9
102
}
 70
     0
280
     1
281
     0
  0
BLOCK_RECORD
  5
5BB
330
1
100
AcDbSymbolTableRecord
100
AcDbBlockTableRecord
  2
Custom - Equal Panel T _ M_4 PANEL VERTICAL_ - AF1815T SP-2446615-SECTION C-C
340
0
102
{BLKREFS
331
5CD
102
}
 70
     0
280
     1
281
     0
  0
BLOCK_RECORD
  5
5CE
330
1
100
AcDbSymbolTableRecord
100
AcDbBlockTableRecord
  2
Custom - Equal Panel T _ M_4 PANEL VERTICAL_ - AF1815T SP-2446777-SECTION C-C
340
0
102
{BLKREFS
331
5E1
102
}
 70
     0
280
     1
281
     0
  0
BLOCK_RECORD
  5
600
330
1
100
AcDbSymbolTableRecord
100
AcDbBlockTableRecord
  2
Downpipe - 450 Eave-1917949-SECTION C-C
340
0
102
{BLKREFS
331
60D
102
}
 70
     0
280
     1
281
     0
  0
BLOCK_RECORD
  5
60E
330
1
100
AcDbSymbolTableRecord
100
AcDbBlockTableRecord
  2
Downpipe - 450 Eave-1907690-SECTION C-C
340
0
102
{BLKREFS
331
613
102
}
 70
     0
280
     1
281
     0
  0
BLOCK_RECORD
  5
614
330
1
100
AcDbSymbolTableRecord
100
AcDbBlockTableRecord
  2
Solar Panel_ Face Based - Solar Panel_ Face Based-1931305-SECTION C-C
340
0
102
{BLKREFS
331
617
331
618
331
625
331
626
331
627
331
628
331
629
331
637
331
638
331
639
331
63A
331
63B
331
649
102
}
 70
     0
280
     1
281
     0
  0
BLOCK_RECORD
  5
619
330
1
100
AcDbSymbolTableRecord
100
AcDbBlockTableRecord
  2
Solar Panel_ Face Based - Solar Panel_ Face Based-V3-SECTION C-C
340
0
102
{BLKREFS
331
624
102
}
 70
     0
280
     1
281
     0
  0
BLOCK_RECORD
  5
62A
330
1
100
AcDbSymbolTableRecord
100
AcDbBlockTableRecord
  2
Solar Panel_ Face Based - Solar Panel_ Face Based-V4-SECTION C-C
340
0
102
{BLKREFS
331
636
102
}
 70
     0
280
     1
281
     0
  0
BLOCK_RECORD
  5
63C
330
1
100
AcDbSymbolTableRecord
100
AcDbBlockTableRecord
  2
Solar Panel_ Face Based - Solar Panel_ Face Based-V5-SECTION C-C
340
0
102
{BLKREFS
331
648
102
}
 70
     0
280
     1
281
     0
  0
BLOCK_RECORD
  5
64A
330
1
100
AcDbSymbolTableRecord
100
AcDbBlockTableRecord
  2
Solar Panel_ Face Based - Solar Panel_ Face Based-V6-SECTION C-C
340
0
102
{BLKREFS
331
655
102
}
 70
     0
280
     1
281
     0
  0
BLOCK_RECORD
  5
656
330
1
100
AcDbSymbolTableRecord
100
AcDbBlockTableRecord
  2
Downpipe - 450 Eave-1976548-SECTION C-C
340
0
102
{BLKREFS
331
65E
102
}
 70
     0
280
     1
281
     0
  0
BLOCK_RECORD
  5
65F
330
1
100
AcDbSymbolTableRecord
100
AcDbBlockTableRecord
  2
Timber_Screen_Adjustable_21388 - Type 1-2542742-SECTION C-C
340
0
102
{BLKREFS
331
66C
102
}
 70
     0
280
     1
281
     0
  0
BLOCK_RECORD
  5
66D
330
1
100
AcDbSymbolTableRecord
100
AcDbBlockTableRecord
  2
Tap - Tap-1959228-SECTION C-C
340
0
102
{BLKREFS
331
6B6
102
}
 70
     0
280
     1
281
     0
  0
BLOCK_RECORD
  5
6B7
330
1
100
AcDbSymbolTableRecord
100
AcDbBlockTableRecord
  2
Linear grate - 1000x80-2174343-SECTION C-C
340
0
102
{BLKREFS
331
6BF
102
}
 70
     0
280
     1
281
     0
  0
BLOCK_RECORD
  5
6C0
330
1
100
AcDbSymbolTableRecord
100
AcDbBlockTableRecord
  2
Linear grate - 1000x80-2344629-SECTION C-C
340
0
102
{BLKREFS
331
6C9
102
}
 70
     0
280
     1
281
     0
  0
BLOCK_RECORD
  5
6DA
330
1
100
AcDbSymbolTableRecord
100
AcDbBlockTableRecord
  2
tile grate 80 - 1000x80-2561614-SECTION C-C
340
0
102
{BLKREFS
331
6E1
102
}
 70
     0
280
     1
281
     0
  0
BLOCK_RECORD
  5
6E2
330
1
100
AcDbSymbolTableRecord
100
AcDbBlockTableRecord
  2
Railing - 25mm-1549699-SECTION C-C
340
0
102
{BLKREFS
331
6E9
102
}
 70
     0
280
     1
281
     0
  0
BLOCK_RECORD
  5
6E8
330
1
100
AcDbSymbolTableRecord
100
AcDbBlockTableRecord
  2
Railing - Railing-2601280-SECTION C-C
340
0
102
{BLKREFS
331
6EC
102
}
 70
     0
280
     1
281
     0
  0
BLOCK_RECORD
  5
6ED
330
1
100
AcDbSymbolTableRecord
100
AcDbBlockTableRecord
  2
Top Rail Type - Top Rail_Internal_-2601392-SECTION C-C
340
0
102
{BLKREFS
331
6F4
102
}
 70
     0
280
     1
281
     0
  0
BLOCK_RECORD
  5
8B1
330
1
100
AcDbSymbolTableRecord
100
AcDbBlockTableRecord
  2
_Oblique
340
0
 70
     0
280
     1
281
     0
  0
BLOCK_RECORD
  5
8B8
330
1
100
AcDbSymbolTableRecord
100
AcDbBlockTableRecord
  2
DIMBLOCK1-SECTION C-C
340
0
 70
     0
280
     1
281
     0
  0
BLOCK_RECORD
  5
932
330
1
100
AcDbSymbolTableRecord
100
AcDbBlockTableRecord
  2
DIMBLOCK2-SECTION C-C
340
0
 70
     0
280
     1
281
     0
  0
BLOCK_RECORD
  5
94C
330
1
100
AcDbSymbolTableRecord
100
AcDbBlockTableRecord
  2
DIMBLOCK3-SECTION C-C
340
0
 70
     0
280
     1
281
     0
  0
BLOCK_RECORD
  5
97C
330
1
100
AcDbSymbolTableRecord
100
AcDbBlockTableRecord
  2
DIMBLOCK4-SECTION C-C
340
0
 70
     0
280
     1
281
     0
  0
BLOCK_RECORD
  5
99C
330
1
100
AcDbSymbolTableRecord
100
AcDbBlockTableRecord
  2
DIMBLOCK5-SECTION C-C
340
0
 70
     0
280
     1
281
     0
  0
BLOCK_RECORD
  5
9B6
330
1
100
AcDbSymbolTableRecord
100
AcDbBlockTableRecord
  2
DIMBLOCK6-SECTION C-C
340
0
 70
     0
280
     1
281
     0
  0
BLOCK_RECORD
  5
9D0
330
1
100
AcDbSymbolTableRecord
100
AcDbBlockTableRecord
  2
DIMBLOCK7-SECTION C-C
340
0
 70
     0
280
     1
281
     0
  0
ENDTAB
  0
ENDSEC
  0
SECTION
  2
BLOCKS
  0
BLOCK
  5
71
330
70
100
AcDbEntity
  8
0
100
AcDbBlockBegin
  2
*Model_Space
 70
     0
 10
0.0
 20
0.0
 30
0.0
  3
*Model_Space
  1

  0
ENDBLK
  5
72
330
70
100
AcDbEntity
  8
0
100
AcDbBlockEnd
  0
BLOCK
  5
6D
330
6C
100
AcDbEntity
 67
     1
  8
0
100
AcDbBlockBegin
  2
*Paper_Space
 70
     0
 10
0.0
 20
0.0
 30
0.0
  3
*Paper_Space
  1

  0
ENDBLK
  5
6E
330
6C
100
AcDbEntity
 67
     1
  8
0
100
AcDbBlockEnd
  0
BLOCK
  5
75
330
74
100
AcDbEntity
  8
0
100
AcDbBlockBegin
  2
*Paper_Space0
 70
     0
 10
0.0
 20
0.0
 30
0.0
  3
*Paper_Space0
  1

  0
ENDBLK
  5
76
330
74
100
AcDbEntity
  8
0
100
AcDbBlockEnd
  0
BLOCK
  5
1A6
330
195
100
AcDbEntity
  8
0
100
AcDbBlockBegin
  2
Single - Timber Frame  - 870x2400-2599501-SECTION C-C
 70
     0
 10
0.0
 20
0.0
 30
0.0
  3
Single - Timber Frame  - 870x2400-2599501-SECTION C-C
  1

  0
LINE
  5
197
330
195
100
AcDbEntity
  8
A-DOOR
  6
Dashed - Tight 0_18 Pen
100
AcDbLine
 10
11944.46338285364
 20
33515.00000000001
 30
0.0
 11
12814.46338285363
 21
32340.00000000001
 31
0.0
1001
REVIT
1002
{
1070
     1
1000
1426687
1002
}
1002
{
1070
     5
1000
2599461
1002
}
1002
{
1070
     3
1000
942652
1002
}
  0
LINE
  5
198
330
195
100
AcDbEntity
  8
A-DOOR
  6
Dashed - Tight 0_18 Pen
100
AcDbLine
 10
12814.46338285363
 20
34685.00000000001
 30
0.0
 11
11944.46338285364
 21
33515.00000000001
 31
0.0
1001
REVIT
1002
{
1070
     1
1000
1426687
1002
}
1002
{
1070
     5
1000
2599461
1002
}
1002
{
1070
     3
1000
942652
1002
}
  0
LINE
  5
199
330
195
100
AcDbEntity
  8
A-DOOR
100
AcDbLine
 10
11944.46338285364
 20
34685.00000000001
 30
0.0
 11
11944.46338285364
 21
32345.0
 31
0.0
1001
REVIT
1002
{
1070
     1
1000
1426687
1002
}
1002
{
1070
     5
1000
2599461
1002
}
1002
{
1070
     3
1000
-2000025
1002
}
  0
LINE
  5
19A
330
195
100
AcDbEntity
  8
A-DOOR
100
AcDbLine
 10
11944.46338285364
 20
32345.0
 30
0.0
 11
12814.46338285363
 21
32345.0
 31
0.0
1001
REVIT
1002
{
1070
     1
1000
1426687
1002
}
1002
{
1070
     5
1000
2599461
1002
}
1002
{
1070
     3
1000
-2000025
1002
}
  0
LINE
  5
19B
330
195
100
AcDbEntity
  8
A-DOOR
100
AcDbLine
 10
12814.46338285363
 20
32345.0
 30
0.0
 11
12814.46338285363
 21
34685.00000000001
 31
0.0
1001
REVIT
1002
{
1070
     1
1000
1426687
1002
}
1002
{
1070
     5
1000
2599461
1002
}
1002
{
1070
     3
1000
-2000025
1002
}
  0
LINE
  5
19C
330
195
100
AcDbEntity
  8
A-DOOR
100
AcDbLine
 10
12814.46338285363
 20
34685.00000000001
 30
0.0
 11
11944.46338285364
 21
34685.00000000001
 31
0.0
1001
REVIT
1002
{
1070
     1
1000
1426687
1002
}
1002
{
1070
     5
1000
2599461
1002
}
1002
{
1070
     3
1000
-2000025
1002
}
  0
LINE
  5
19E
330
195
100
AcDbEntity
  8
A-DOOR-FRAM
100
AcDbLine
 10
11956.46338285363
 20
32345.00000000001
 30
0.0
 11
11956.46338285363
 21
32340.00000000001
 31
0.0
1001
REVIT
1002
{
1070
     1
1000
1426687
1002
}
1002
{
1070
     5
1000
2599461
1002
}
1002
{
1070
     3
1000
-2000029
1002
}
  0
LINE
  5
19F
330
195
100
AcDbEntity
  8
A-DOOR-FRAM
100
AcDbLine
 10
12802.46338285364
 20
32345.00000000001
 30
0.0
 11
12802.46338285364
 21
32340.00000000001
 31
0.0
1001
REVIT
1002
{
1070
     1
1000
1426687
1002
}
1002
{
1070
     5
1000
2599461
1002
}
1002
{
1070
     3
1000
-2000029
1002
}
  0
LINE
  5
1A0
330
195
100
AcDbEntity
  8
A-DOOR-FRAM
100
AcDbLine
 10
11941.46338285364
 20
34688.00000000001
 30
0.0
 11
11941.46338285364
 21
32340.00000000001
 31
0.0
1001
REVIT
1002
{
1070
     1
1000
1426687
1002
}
1002
{
1070
     5
1000
2599461
1002
}
1002
{
1070
     3
1000
-2000029
1002
}
  0
LINE
  5
1A1
330
195
100
AcDbEntity
  8
A-DOOR-FRAM
100
AcDbLine
 10
11941.46338285364
 20
34688.00000000001
 30
0.0
 11
12817.46338285364
 21
34688.00000000001
 31
0.0
1001
REVIT
1002
{
1070
     1
1000
1426687
1002
}
1002
{
1070
     5
1000
2599461
1002
}
1002
{
1070
     3
1000
-2000029
1002
}
  0
LINE
  5
1A2
330
195
100
AcDbEntity
  8
A-DOOR-FRAM
100
AcDbLine
 10
12817.46338285364
 20
34688.00000000001
 30
0.0
 11
12817.46338285364
 21
32340.00000000001
 31
0.0
1001
REVIT
1002
{
1070
     1
1000
1426687
1002
}
1002
{
1070
     5
1000
2599461
1002
}
1002
{
1070
     3
1000
-2000029
1002
}
  0
LINE
  5
1A3
330
195
100
AcDbEntity
  8
A-DOOR-FRAM
100
AcDbLine
 10
11914.46338285363
 20
34715.00000000001
 30
0.0
 11
11914.46338285363
 21
32340.00000000001
 31
0.0
1001
REVIT
1002
{
1070
     1
1000
1426687
1002
}
1002
{
1070
     5
1000
2599461
1002
}
1002
{
1070
     3
1000
-2000029
1002
}
  0
LINE
  5
1A4
330
195
100
AcDbEntity
  8
A-DOOR-FRAM
100
AcDbLine
 10
12844.46338285364
 20
34715.00000000001
 30
0.0
 11
11914.46338285363
 21
34715.00000000001
 31
0.0
1001
REVIT
1002
{
1070
     1
1000
1426687
1002
}
1002
{
1070
     5
1000
2599461
1002
}
1002
{
1070
     3
1000
-2000029
1002
}
  0
LINE
  5
1A5
330
195
100
AcDbEntity
  8
A-DOOR-FRAM
100
AcDbLine
 10
12844.46338285364
 20
32340.00000000001
 30
0.0
 11
12844.46338285364
 21
34715.00000000001
 31
0.0
1001
REVIT
1002
{
1070
     1
1000
1426687
1002
}
1002
{
1070
     5
1000
2599461
1002
}
1002
{
1070
     3
1000
-2000029
1002
}
  0
ENDBLK
  5
1A7
330
195
100
AcDbEntity
  8
0
100
AcDbBlockEnd
  0
BLOCK
  5
1B8
330
1A9
100
AcDbEntity
  8
0
100
AcDbBlockBegin
  2
Single - Timber Frame  - 870x2400-2599487-SECTION C-C
 70
     0
 10
0.0
 20
0.0
 30
0.0
  3
Single - Timber Frame  - 870x2400-2599487-SECTION C-C
  1

  0
LINE
  5
1AA
330
1A9
100
AcDbEntity
  8
A-DOOR
  6
Dashed - Tight 0_18 Pen
100
AcDbLine
 10
15004.46338285361
 20
33515.00000000001
 30
0.0
 11
14134.46338285361
 21
32340.00000000001
 31
0.0
1001
REVIT
1002
{
1070
     1
1000
1426885
1002
}
1002
{
1070
     5
1000
2599461
1002
}
1002
{
1070
     3
1000
942652
1002
}
  0
LINE
  5
1AB
330
1A9
100
AcDbEntity
  8
A-DOOR
  6
Dashed - Tight 0_18 Pen
100
AcDbLine
 10
14134.46338285361
 20
34685.00000000001
 30
0.0
 11
15004.46338285361
 21
33515.00000000001
 31
0.0
1001
REVIT
1002
{
1070
     1
1000
1426885
1002
}
1002
{
1070
     5
1000
2599461
1002
}
1002
{
1070
     3
1000
942652
1002
}
  0
LINE
  5
1AC
330
1A9
100
AcDbEntity
  8
A-DOOR
100
AcDbLine
 10
15004.46338285361
 20
34685.00000000001
 30
0.0
 11
14134.46338285361
 21
34685.00000000001
 31
0.0
1001
REVIT
1002
{
1070
     1
1000
1426885
1002
}
1002
{
1070
     5
1000
2599461
1002
}
1002
{
1070
     3
1000
-2000025
1002
}
  0
LINE
  5
1AD
330
1A9
100
AcDbEntity
  8
A-DOOR
100
AcDbLine
 10
14134.46338285361
 20
34685.00000000001
 30
0.0
 11
14134.46338285361
 21
32345.0
 31
0.0
1001
REVIT
1002
{
1070
     1
1000
1426885
1002
}
1002
{
1070
     5
1000
2599461
1002
}
1002
{
1070
     3
1000
-2000025
1002
}
  0
LINE
  5
1AE
330
1A9
100
AcDbEntity
  8
A-DOOR
100
AcDbLine
 10
14134.46338285361
 20
32345.0
 30
0.0
 11
15004.46338285361
 21
32345.0
 31
0.0
1001
REVIT
1002
{
1070
     1
1000
1426885
1002
}
1002
{
1070
     5
1000
2599461
1002
}
1002
{
1070
     3
1000
-2000025
1002
}
  0
LINE
  5
1AF
330
1A9
100
AcDbEntity
  8
A-DOOR
100
AcDbLine
 10
15004.46338285361
 20
32345.0
 30
0.0
 11
15004.46338285361
 21
34685.00000000001
 31
0.0
1001
REVIT
1002
{
1070
     1
1000
1426885
1002
}
1002
{
1070
     5
1000
2599461
1002
}
1002
{
1070
     3
1000
-2000025
1002
}
  0
LINE
  5
1B0
330
1A9
100
AcDbEntity
  8
A-DOOR-FRAM
100
AcDbLine
 10
14146.4633828536
 20
32340.00000000001
 30
0.0
 11
14146.4633828536
 21
32345.00000000001
 31
0.0
1001
REVIT
1002
{
1070
     1
1000
1426885
1002
}
1002
{
1070
     5
1000
2599461
1002
}
1002
{
1070
     3
1000
-2000029
1002
}
  0
LINE
  5
1B1
330
1A9
100
AcDbEntity
  8
A-DOOR-FRAM
100
AcDbLine
 10
14992.46338285361
 20
32340.00000000001
 30
0.0
 11
14992.46338285361
 21
32345.00000000001
 31
0.0
1001
REVIT
1002
{
1070
     1
1000
1426885
1002
}
1002
{
1070
     5
1000
2599461
1002
}
1002
{
1070
     3
1000
-2000029
1002
}
  0
LINE
  5
1B2
330
1A9
100
AcDbEntity
  8
A-DOOR-FRAM
100
AcDbLine
 10
14131.4633828536
 20
32340.00000000001
 30
0.0
 11
14131.4633828536
 21
34688.00000000001
 31
0.0
1001
REVIT
1002
{
1070
     1
1000
1426885
1002
}
1002
{
1070
     5
1000
2599461
1002
}
1002
{
1070
     3
1000
-2000029
1002
}
  0
LINE
  5
1B3
330
1A9
100
AcDbEntity
  8
A-DOOR-FRAM
100
AcDbLine
 10
14131.4633828536
 20
34688.00000000001
 30
0.0
 11
15007.46338285361
 21
34688.00000000001
 31
0.0
1001
REVIT
1002
{
1070
     1
1000
1426885
1002
}
1002
{
1070
     5
1000
2599461
1002
}
1002
{
1070
     3
1000
-2000029
1002
}
  0
LINE
  5
1B4
330
1A9
100
AcDbEntity
  8
A-DOOR-FRAM
100
AcDbLine
 10
15007.46338285361
 20
32340.00000000001
 30
0.0
 11
15007.46338285361
 21
34688.00000000001
 31
0.0
1001
REVIT
1002
{
1070
     1
1000
1426885
1002
}
1002
{
1070
     5
1000
2599461
1002
}
1002
{
1070
     3
1000
-2000029
1002
}
  0
LINE
  5
1B5
330
1A9
100
AcDbEntity
  8
A-DOOR-FRAM
100
AcDbLine
 10
15034.46338285361
 20
32340.00000000001
 30
0.0
 11
15034.46338285361
 21
34715.00000000001
 31
0.0
1001
REVIT
1002
{
1070
     1
1000
1426885
1002
}
1002
{
1070
     5
1000
2599461
1002
}
1002
{
1070
     3
1000
-2000029
1002
}
  0
LINE
  5
1B6
330
1A9
100
AcDbEntity
  8
A-DOOR-FRAM
100
AcDbLine
 10
15034.46338285361
 20
34715.00000000001
 30
0.0
 11
14104.4633828536
 21
34715.00000000001
 31
0.0
1001
REVIT
1002
{
1070
     1
1000
1426885
1002
}
1002
{
1070
     5
1000
2599461
1002
}
1002
{
1070
     3
1000
-2000029
1002
}
  0
LINE
  5
1B7
330
1A9
100
AcDbEntity
  8
A-DOOR-FRAM
100
AcDbLine
 10
14104.4633828536
 20
34715.00000000001
 30
0.0
 11
14104.4633828536
 21
32340.00000000001
 31
0.0
1001
REVIT
1002
{
1070
     1
1000
1426885
1002
}
1002
{
1070
     5
1000
2599461
1002
}
1002
{
1070
     3
1000
-2000029
1002
}
  0
ENDBLK
  5
1B9
330
1A9
100
AcDbEntity
  8
0
100
AcDbBlockEnd
  0
BLOCK
  5
1BC
330
1BB
100
AcDbEntity
  8
0
100
AcDbBlockBegin
  2
Panelift Door - 5000-2447540-SECTION C-C
 70
     0
 10
0.0
 20
0.0
 30
0.0
  3
Panelift Door - 5000-2447540-SECTION C-C
  1

  0
ENDBLK
  5
1BD
330
1BB
100
AcDbEntity
  8
0
100
AcDbBlockEnd
  0
BLOCK
  5
1C3
330
1BF
100
AcDbEntity
  8
0
100
AcDbBlockBegin
  2
3 panel robe door _stretchable_ - 2400-2340459-SECTION C-C
 70
     0
 10
0.0
 20
0.0
 30
0.0
  3
3 panel robe door _stretchable_ - 2400-2340459-SECTION C-C
  1

  0
LINE
  5
1C0
330
1BF
100
AcDbEntity
  8
A-DOOR
370
    18
100
AcDbLine
 10
13014.46338285362
 20
32340.00000000001
 30
0.0
 11
13014.46338285362
 21
34740.0
 31
0.0
1001
REVIT
1002
{
1070
     1
1000
1429935
1002
}
1002
{
1070
     5
1000
1413698
1002
}
  0
LINE
  5
1C1
330
1BF
100
AcDbEntity
  8
A-DOOR
370
    18
100
AcDbLine
 10
13014.46338285362
 20
34740.0
 30
0.0
 11
12969.46338285362
 21
34740.0
 31
0.0
1001
REVIT
1002
{
1070
     1
1000
1429935
1002
}
1002
{
1070
     5
1000
1413698
1002
}
  0
LINE
  5
1C2
330
1BF
100
AcDbEntity
  8
A-DOOR
370
    18
100
AcDbLine
 10
12969.46338285362
 20
34740.0
 30
0.0
 11
12969.46338285362
 21
32340.00000000001
 31
0.0
1001
REVIT
1002
{
1070
     1
1000
1429935
1002
}
1002
{
1070
     5
1000
1413698
1002
}
  0
ENDBLK
  5
1C4
330
1BF
100
AcDbEntity
  8
0
100
AcDbBlockEnd
  0
BLOCK
  5
220
330
216
100
AcDbEntity
  8
0
100
AcDbBlockBegin
  2
Single - Timber Frame  - 870x2400-2599626-SECTION C-C
 70
     0
 10
0.0
 20
0.0
 30
0.0
  3
Single - Timber Frame  - 870x2400-2599626-SECTION C-C
  1

  0
LINE
  5
217
330
216
100
AcDbEntity
  8
A-DOOR
  6
Dashed - Tight 0_18 Pen
100
AcDbLine
 10
12519.46338338877
 20
36715.00000000001
 30
0.0
 11
13389.46338338877
 21
35540.0
 31
0.0
1001
REVIT
1002
{
1070
     1
1000
1437304
1002
}
1002
{
1070
     5
1000
2599461
1002
}
1002
{
1070
     3
1000
942652
1002
}
  0
LINE
  5
218
330
216
100
AcDbEntity
  8
A-DOOR
  6
Dashed - Tight 0_18 Pen
100
AcDbLine
 10
13389.46338338877
 20
37885.00000000001
 30
0.0
 11
12519.46338338877
 21
36715.00000000001
 31
0.0
1001
REVIT
1002
{
1070
     1
1000
1437304
1002
}
1002
{
1070
     5
1000
2599461
1002
}
1002
{
1070
     3
1000
942652
1002
}
  0
LINE
  5
219
330
216
100
AcDbEntity
  8
A-DOOR
100
AcDbLine
 10
12531.46338338877
 20
35545.0
 30
0.0
 11
13377.46338338877
 21
35545.0
 31
0.0
1001
REVIT
1002
{
1070
     1
1000
1437304
1002
}
1002
{
1070
     5
1000
2599461
1002
}
1002
{
1070
     3
1000
-2000025
1002
}
  0
LINE
  5
21A
330
216
100
AcDbEntity
  8
A-DOOR-FRAM
100
AcDbLine
 10
13419.46338338878
 20
35540.0
 30
0.0
 11
13419.46338338878
 21
37915.00000000001
 31
0.0
1001
REVIT
1002
{
1070
     1
1000
1437304
1002
}
1002
{
1070
     5
1000
2599461
1002
}
1002
{
1070
     3
1000
-2000029
1002
}
  0
LINE
  5
21B
330
216
100
AcDbEntity
  8
A-DOOR-FRAM
100
AcDbLine
 10
13419.46338338878
 20
37915.00000000001
 30
0.0
 11
12489.46338338877
 21
37915.00000000001
 31
0.0
1001
REVIT
1002
{
1070
     1
1000
1437304
1002
}
1002
{
1070
     5
1000
2599461
1002
}
1002
{
1070
     3
1000
-2000029
1002
}
  0
LINE
  5
21C
330
216
100
AcDbEntity
  8
A-DOOR-FRAM
100
AcDbLine
 10
12489.46338338877
 20
37915.00000000001
 30
0.0
 11
12489.46338338877
 21
35540.0
 31
0.0
1001
REVIT
1002
{
1070
     1
1000
1437304
1002
}
1002
{
1070
     5
1000
2599461
1002
}
1002
{
1070
     3
1000
-2000029
1002
}
  0
LINE
  5
21D
330
216
100
AcDbEntity
  8
A-DOOR-FRAM
100
AcDbLine
 10
12531.46338338877
 20
35540.0
 30
0.0
 11
12531.46338338877
 21
37873.00000000001
 31
0.0
1001
REVIT
1002
{
1070
     1
1000
1437304
1002
}
1002
{
1070
     5
1000
2599461
1002
}
1002
{
1070
     3
1000
-2000029
1002
}
  0
LINE
  5
21E
330
216
100
AcDbEntity
  8
A-DOOR-FRAM
100
AcDbLine
 10
12531.46338338877
 20
37873.00000000001
 30
0.0
 11
13377.46338338877
 21
37873.00000000001
 31
0.0
1001
REVIT
1002
{
1070
     1
1000
1437304
1002
}
1002
{
1070
     5
1000
2599461
1002
}
1002
{
1070
     3
1000
-2000029
1002
}
  0
LINE
  5
21F
330
216
100
AcDbEntity
  8
A-DOOR-FRAM
100
AcDbLine
 10
13377.46338338877
 20
37873.00000000001
 30
0.0
 11
13377.46338338877
 21
35540.0
 31
0.0
1001
REVIT
1002
{
1070
     1
1000
1437304
1002
}
1002
{
1070
     5
1000
2599461
1002
}
1002
{
1070
     3
1000
-2000029
1002
}
  0
ENDBLK
  5
221
330
216
100
AcDbEntity
  8
0
100
AcDbBlockEnd
  0
BLOCK
  5
22D
330
223
100
AcDbEntity
  8
0
100
AcDbBlockBegin
  2
Single - Timber Frame  - 870x2400-2599564-SECTION C-C
 70
     0
 10
0.0
 20
0.0
 30
0.0
  3
Single - Timber Frame  - 870x2400-2599564-SECTION C-C
  1

  0
LINE
  5
224
330
223
100
AcDbEntity
  8
A-DOOR
  6
Dashed - Tight 0_18 Pen
100
AcDbLine
 10
14589.46338338874
 20
36715.00000000001
 30
0.0
 11
13719.46338338874
 21
35540.0
 31
0.0
1001
REVIT
1002
{
1070
     1
1000
1437387
1002
}
1002
{
1070
     5
1000
2599461
1002
}
1002
{
1070
     3
1000
942652
1002
}
  0
LINE
  5
225
330
223
100
AcDbEntity
  8
A-DOOR
  6
Dashed - Tight 0_18 Pen
100
AcDbLine
 10
13719.46338338874
 20
37885.00000000001
 30
0.0
 11
14589.46338338874
 21
36715.00000000001
 31
0.0
1001
REVIT
1002
{
1070
     1
1000
1437387
1002
}
1002
{
1070
     5
1000
2599461
1002
}
1002
{
1070
     3
1000
942652
1002
}
  0
LINE
  5
226
330
223
100
AcDbEntity
  8
A-DOOR
100
AcDbLine
 10
13731.46338338873
 20
35545.0
 30
0.0
 11
14577.46338338874
 21
35545.0
 31
0.0
1001
REVIT
1002
{
1070
     1
1000
1437387
1002
}
1002
{
1070
     5
1000
2599461
1002
}
1002
{
1070
     3
1000
-2000025
1002
}
  0
LINE
  5
227
330
223
100
AcDbEntity
  8
A-DOOR-FRAM
100
AcDbLine
 10
14619.46338338874
 20
35540.0
 30
0.0
 11
14619.46338338874
 21
37915.00000000001
 31
0.0
1001
REVIT
1002
{
1070
     1
1000
1437387
1002
}
1002
{
1070
     5
1000
2599461
1002
}
1002
{
1070
     3
1000
-2000029
1002
}
  0
LINE
  5
228
330
223
100
AcDbEntity
  8
A-DOOR-FRAM
100
AcDbLine
 10
14619.46338338874
 20
37915.00000000001
 30
0.0
 11
13689.46338338873
 21
37915.00000000001
 31
0.0
1001
REVIT
1002
{
1070
     1
1000
1437387
1002
}
1002
{
1070
     5
1000
2599461
1002
}
1002
{
1070
     3
1000
-2000029
1002
}
  0
LINE
  5
229
330
223
100
AcDbEntity
  8
A-DOOR-FRAM
100
AcDbLine
 10
13689.46338338873
 20
37915.00000000001
 30
0.0
 11
13689.46338338873
 21
35540.0
 31
0.0
1001
REVIT
1002
{
1070
     1
1000
1437387
1002
}
1002
{
1070
     5
1000
2599461
1002
}
1002
{
1070
     3
1000
-2000029
1002
}
  0
LINE
  5
22A
330
223
100
AcDbEntity
  8
A-DOOR-FRAM
100
AcDbLine
 10
14577.46338338874
 20
37873.00000000001
 30
0.0
 11
14577.46338338874
 21
35540.0
 31
0.0
1001
REVIT
1002
{
1070
     1
1000
1437387
1002
}
1002
{
1070
     5
1000
2599461
1002
}
1002
{
1070
     3
1000
-2000029
1002
}
  0
LINE
  5
22B
330
223
100
AcDbEntity
  8
A-DOOR-FRAM
100
AcDbLine
 10
13731.46338338873
 20
37873.00000000001
 30
0.0
 11
14577.46338338874
 21
37873.00000000001
 31
0.0
1001
REVIT
1002
{
1070
     1
1000
1437387
1002
}
1002
{
1070
     5
1000
2599461
1002
}
1002
{
1070
     3
1000
-2000029
1002
}
  0
LINE
  5
22C
330
223
100
AcDbEntity
  8
A-DOOR-FRAM
100
AcDbLine
 10
13731.46338338873
 20
35540.0
 30
0.0
 11
13731.46338338873
 21
37873.00000000001
 31
0.0
1001
REVIT
1002
{
1070
     1
1000
1437387
1002
}
1002
{
1070
     5
1000
2599461
1002
}
1002
{
1070
     3
1000
-2000029
1002
}
  0
ENDBLK
  5
22E
330
223
100
AcDbEntity
  8
0
100
AcDbBlockEnd
  0
BLOCK
  5
28E
330
276
100
AcDbEntity
  8
0
100
AcDbBlockBegin
  2
Stacker Door - 3 Panel - FXX2436-2545093-SECTION C-C
 70
     0
 10
0.0
 20
0.0
 30
0.0
  3
Stacker Door - 3 Panel - FXX2436-2545093-SECTION C-C
  1

  0
LINE
  5
277
330
276
100
AcDbEntity
  8
A-DOOR-FRAM
100
AcDbLine
 10
10436.96338455286
 20
37938.7047254837
 30
0.0
 11
10436.96338455286
 21
35540.0
 31
0.0
1001
REVIT
1002
{
1070
     1
1000
1486116
1002
}
1002
{
1070
     5
1000
1546861
1002
}
1002
{
1070
     3
1000
-2000029
1002
}
  0
LINE
  5
278
330
276
100
AcDbEntity
  8
A-DOOR-FRAM
100
AcDbLine
 10
10476.96338455287
 20
37938.7047254837
 30
0.0
 11
10476.96338455287
 21
35540.0
 31
0.0
1001
REVIT
1002
{
1070
     1
1000
1486116
1002
}
1002
{
1070
     5
1000
1546861
1002
}
1002
{
1070
     3
1000
-2000029
1002
}
  0
LINE
  5
27A
330
276
100
AcDbEntity
  8
A-DOOR-GLAZ
100
AcDbLine
 10
10383.63005121954
 20
37885.0
 30
0.0
 11
10370.29671788621
 21
37885.0
 31
0.0
1001
REVIT
1002
{
1070
     1
1000
1486116
1002
}
1002
{
1070
     5
1000
1546861
1002
}
1002
{
1070
     3
1000
-2000031
1002
}
  0
LINE
  5
27B
330
276
100
AcDbEntity
  8
A-DOOR-GLAZ
100
AcDbLine
 10
10370.29671788621
 20
37885.0
 30
0.0
 11
10370.29671788621
 21
35595.0
 31
0.0
1001
REVIT
1002
{
1070
     1
1000
1486116
1002
}
1002
{
1070
     5
1000
1546861
1002
}
1002
{
1070
     3
1000
-2000031
1002
}
  0
LINE
  5
27C
330
276
100
AcDbEntity
  8
A-DOOR-GLAZ
100
AcDbLine
 10
10370.29671788621
 20
35595.0
 30
0.0
 11
10383.63005121954
 21
35595.0
 31
0.0
1001
REVIT
1002
{
1070
     1
1000
1486116
1002
}
1002
{
1070
     5
1000
1546861
1002
}
1002
{
1070
     3
1000
-2000031
1002
}
  0
LINE
  5
27D
330
276
100
AcDbEntity
  8
A-DOOR-GLAZ
100
AcDbLine
 10
10383.63005121954
 20
35595.0
 30
0.0
 11
10383.63005121954
 21
37885.0
 31
0.0
1001
REVIT
1002
{
1070
     1
1000
1486116
1002
}
1002
{
1070
     5
1000
1546861
1002
}
1002
{
1070
     3
1000
-2000031
1002
}
  0
LINE
  5
27E
330
276
100
AcDbEntity
  8
A-DOOR-FRAM
370
    18
100
AcDbLine
 10
10356.96338455287
 20
37940.0
 30
0.0
 11
10356.96338455287
 21
37885.0
 31
0.0
1001
REVIT
1002
{
1070
     1
1000
1486116
1002
}
1002
{
1070
     5
1000
1546861
1002
}
1002
{
1070
     3
1000
-2000029
1002
}
  0
LINE
  5
27F
330
276
100
AcDbEntity
  8
A-DOOR-FRAM
370
    18
100
AcDbLine
 10
10356.96338455287
 20
37885.0
 30
0.0
 11
10396.96338455287
 21
37885.0
 31
0.0
1001
REVIT
1002
{
1070
     1
1000
1486116
1002
}
1002
{
1070
     5
1000
1546861
1002
}
1002
{
1070
     3
1000
-2000029
1002
}
  0
LINE
  5
280
330
276
100
AcDbEntity
  8
A-DOOR-FRAM
370
    18
100
AcDbLine
 10
10396.96338455287
 20
37885.0
 30
0.0
 11
10396.96338455287
 21
37940.0
 31
0.0
1001
REVIT
1002
{
1070
     1
1000
1486116
1002
}
1002
{
1070
     5
1000
1546861
1002
}
1002
{
1070
     3
1000
-2000029
1002
}
  0
LINE
  5
281
330
276
100
AcDbEntity
  8
A-DOOR-FRAM
370
    18
100
AcDbLine
 10
10396.96338455287
 20
37940.0
 30
0.0
 11
10356.96338455287
 21
37940.0
 31
0.0
1001
REVIT
1002
{
1070
     1
1000
1486116
1002
}
1002
{
1070
     5
1000
1546861
1002
}
1002
{
1070
     3
1000
-2000029
1002
}
  0
LINE
  5
282
330
276
100
AcDbEntity
  8
A-DOOR-FRAM
370
    18
100
AcDbLine
 10
10356.96338455287
 20
35595.0
 30
0.0
 11
10356.96338455287
 21
35540.0
 31
0.0
1001
REVIT
1002
{
1070
     1
1000
1486116
1002
}
1002
{
1070
     5
1000
1546861
1002
}
1002
{
1070
     3
1000
-2000029
1002
}
  0
LINE
  5
283
330
276
100
AcDbEntity
  8
A-DOOR-FRAM
370
    18
100
AcDbLine
 10
10396.96338455287
 20
35540.0
 30
0.0
 11
10396.96338455287
 21
35595.0
 31
0.0
1001
REVIT
1002
{
1070
     1
1000
1486116
1002
}
1002
{
1070
     5
1000
1546861
1002
}
1002
{
1070
     3
1000
-2000029
1002
}
  0
LINE
  5
284
330
276
100
AcDbEntity
  8
A-DOOR-FRAM
370
    18
100
AcDbLine
 10
10396.96338455287
 20
35595.0
 30
0.0
 11
10356.96338455287
 21
35595.0
 31
0.0
1001
REVIT
1002
{
1070
     1
1000
1486116
1002
}
1002
{
1070
     5
1000
1546861
1002
}
1002
{
1070
     3
1000
-2000029
1002
}
  0
LINE
  5
285
330
276
100
AcDbEntity
  8
A-DOOR-FRAM
100
AcDbLine
 10
10356.96338455287
 20
35595.0
 30
0.0
 11
10356.96338455287
 21
37885.0
 31
0.0
1001
REVIT
1002
{
1070
     1
1000
1486116
1002
}
1002
{
1070
     5
1000
1546861
1002
}
1002
{
1070
     3
1000
-2000029
1002
}
  0
LINE
  5
286
330
276
100
AcDbEntity
  8
A-DOOR-FRAM
100
AcDbLine
 10
10396.96338455287
 20
37885.0
 30
0.0
 11
10396.96338455287
 21
35595.0
 31
0.0
1001
REVIT
1002
{
1070
     1
1000
1486116
1002
}
1002
{
1070
     5
1000
1546861
1002
}
1002
{
1070
     3
1000
-2000029
1002
}
  0
LINE
  5
287
330
276
100
AcDbEntity
  8
A-DOOR
370
    18
100
AcDbLine
 10
10324.46338455287
 20
37978.7047254837
 30
0.0
 11
10324.46338455287
 21
37938.7047254837
 31
0.0
1001
REVIT
1002
{
1070
     1
1000
1486116
1002
}
1002
{
1070
     5
1000
1546861
1002
}
  0
LINE
  5
288
330
276
100
AcDbEntity
  8
A-DOOR
370
    18
100
AcDbLine
 10
10324.46338455287
 20
37938.7047254837
 30
0.0
 11
10509.46338455287
 21
37938.7047254837
 31
0.0
1001
REVIT
1002
{
1070
     1
1000
1486116
1002
}
1002
{
1070
     5
1000
1546861
1002
}
  0
LINE
  5
289
330
276
100
AcDbEntity
  8
A-DOOR
370
    18
100
AcDbLine
 10
10509.46338455287
 20
37938.7047254837
 30
0.0
 11
10509.46338455287
 21
37978.7047254837
 31
0.0
1001
REVIT
1002
{
1070
     1
1000
1486116
1002
}
1002
{
1070
     5
1000
1546861
1002
}
  0
LINE
  5
28A
330
276
100
AcDbEntity
  8
A-DOOR
370
    18
100
AcDbLine
 10
10509.46338455287
 20
37978.7047254837
 30
0.0
 11
10324.46338455287
 21
37978.7047254837
 31
0.0
1001
REVIT
1002
{
1070
     1
1000
1486116
1002
}
1002
{
1070
     5
1000
1546861
1002
}
  0
LINE
  5
28B
330
276
100
AcDbEntity
  8
A-DOOR
100
AcDbLine
 10
10324.46338455287
 20
35540.0
 30
0.0
 11
10324.46338455287
 21
37938.7047254837
 31
0.0
1001
REVIT
1002
{
1070
     1
1000
1486116
1002
}
1002
{
1070
     5
1000
1546861
1002
}
  0
LINE
  5
28C
330
276
100
AcDbEntity
  8
A-DOOR
100
AcDbLine
 10
10324.46338455287
 20
35540.0
 30
0.0
 11
10333.46338455287
 21
35540.0
 31
0.0
1001
REVIT
1002
{
1070
     1
1000
1486116
1002
}
1002
{
1070
     5
1000
1546861
1002
}
  0
LINE
  5
28D
330
276
100
AcDbEntity
  8
A-DOOR
100
AcDbLine
 10
10509.46338455287
 20
37938.7047254837
 30
0.0
 11
10509.46338455287
 21
35540.0
 31
0.0
1001
REVIT
1002
{
1070
     1
1000
1486116
1002
}
1002
{
1070
     5
1000
1546861
1002
}
  0
ENDBLK
  5
28F
330
276
100
AcDbEntity
  8
0
100
AcDbBlockEnd
  0
BLOCK
  5
2A6
330
291
100
AcDbEntity
  8
0
100
AcDbBlockBegin
  2
2 panel 1 mullion_900 - AF1822-2344114-SECTION C-C
 70
     0
 10
0.0
 20
0.0
 30
0.0
  3
2 panel 1 mullion_900 - AF1822-2344114-SECTION C-C
  1

  0
LINE
  5
292
330
291
100
AcDbEntity
  8
A-GLAZ
370
    25
100
AcDbLine
 10
9771.963382853633
 20
34690.0
 30
0.0
 11
9771.963382853633
 21
32990.0
 31
0.0
1001
REVIT
1002
{
1070
     1
1000
1486155
1002
}
1002
{
1070
     5
1000
2344090
1002
}
  0
LINE
  5
293
330
291
100
AcDbEntity
  8
A-GLAZ
370
    25
100
AcDbLine
 10
9771.963382853633
 20
32990.0
 30
0.0
 11
9796.963382853633
 21
32990.0
 31
0.0
1001
REVIT
1002
{
1070
     1
1000
1486155
1002
}
1002
{
1070
     5
1000
2344090
1002
}
  0
LINE
  5
294
330
291
100
AcDbEntity
  8
A-GLAZ
370
    25
100
AcDbLine
 10
9796.963382853633
 20
32990.0
 30
0.0
 11
9796.963382853633
 21
34690.0
 31
0.0
1001
REVIT
1002
{
1070
     1
1000
1486155
1002
}
1002
{
1070
     5
1000
2344090
1002
}
  0
LINE
  5
295
330
291
100
AcDbEntity
  8
A-GLAZ
370
    25
100
AcDbLine
 10
9796.963382853633
 20
34690.0
 30
0.0
 11
9771.963382853633
 21
34690.0
 31
0.0
1001
REVIT
1002
{
1070
     1
1000
1486155
1002
}
1002
{
1070
     5
1000
2344090
1002
}
  0
LINE
  5
296
330
291
100
AcDbEntity
  8
A-GLAZ
370
    25
100
AcDbLine
 10
9709.463382853632
 20
34740.0
 30
0.0
 11
9709.463382853632
 21
34690.0
 31
0.0
1001
REVIT
1002
{
1070
     1
1000
1486155
1002
}
1002
{
1070
     5
1000
2344090
1002
}
  0
LINE
  5
297
330
291
100
AcDbEntity
  8
A-GLAZ
370
    25
100
AcDbLine
 10
9709.463382853632
 20
34690.0
 30
0.0
 11
9859.463382853632
 21
34690.0
 31
0.0
1001
REVIT
1002
{
1070
     1
1000
1486155
1002
}
1002
{
1070
     5
1000
2344090
1002
}
  0
LINE
  5
298
330
291
100
AcDbEntity
  8
A-GLAZ
370
    25
100
AcDbLine
 10
9859.463382853632
 20
34690.0
 30
0.0
 11
9859.463382853632
 21
34740.0
 31
0.0
1001
REVIT
1002
{
1070
     1
1000
1486155
1002
}
1002
{
1070
     5
1000
2344090
1002
}
  0
LINE
  5
299
330
291
100
AcDbEntity
  8
A-GLAZ
370
    25
100
AcDbLine
 10
9859.463382853632
 20
34740.0
 30
0.0
 11
9709.463382853632
 21
34740.0
 31
0.0
1001
REVIT
1002
{
1070
     1
1000
1486155
1002
}
1002
{
1070
     5
1000
2344090
1002
}
  0
LINE
  5
29A
330
291
100
AcDbEntity
  8
A-GLAZ
370
    25
100
AcDbLine
 10
9709.463382853632
 20
33865.0
 30
0.0
 11
9709.463382853632
 21
33815.00000000001
 31
0.0
1001
REVIT
1002
{
1070
     1
1000
1486155
1002
}
1002
{
1070
     5
1000
2344090
1002
}
  0
LINE
  5
29B
330
291
100
AcDbEntity
  8
A-GLAZ
370
    25
100
AcDbLine
 10
9709.463382853632
 20
33815.00000000001
 30
0.0
 11
9859.463382853632
 21
33815.00000000001
 31
0.0
1001
REVIT
1002
{
1070
     1
1000
1486155
1002
}
1002
{
1070
     5
1000
2344090
1002
}
  0
LINE
  5
29C
330
291
100
AcDbEntity
  8
A-GLAZ
370
    25
100
AcDbLine
 10
9859.463382853632
 20
33815.00000000001
 30
0.0
 11
9859.463382853632
 21
33865.0
 31
0.0
1001
REVIT
1002
{
1070
     1
1000
1486155
1002
}
1002
{
1070
     5
1000
2344090
1002
}
  0
LINE
  5
29D
330
291
100
AcDbEntity
  8
A-GLAZ
370
    25
100
AcDbLine
 10
9859.463382853632
 20
33865.0
 30
0.0
 11
9709.463382853632
 21
33865.0
 31
0.0
1001
REVIT
1002
{
1070
     1
1000
1486155
1002
}
1002
{
1070
     5
1000
2344090
1002
}
  0
LINE
  5
29E
330
291
100
AcDbEntity
  8
A-GLAZ
370
    25
100
AcDbLine
 10
9709.463382853632
 20
32990.0
 30
0.0
 11
9709.463382853632
 21
32940.0
 31
0.0
1001
REVIT
1002
{
1070
     1
1000
1486155
1002
}
1002
{
1070
     5
1000
2344090
1002
}
  0
LINE
  5
29F
330
291
100
AcDbEntity
  8
A-GLAZ
370
    25
100
AcDbLine
 10
9709.463382853632
 20
32940.0
 30
0.0
 11
9859.463382853632
 21
32940.0
 31
0.0
1001
REVIT
1002
{
1070
     1
1000
1486155
1002
}
1002
{
1070
     5
1000
2344090
1002
}
  0
LINE
  5
2A0
330
291
100
AcDbEntity
  8
A-GLAZ
370
    25
100
AcDbLine
 10
9859.463382853632
 20
32940.0
 30
0.0
 11
9859.463382853632
 21
32990.0
 31
0.0
1001
REVIT
1002
{
1070
     1
1000
1486155
1002
}
1002
{
1070
     5
1000
2344090
1002
}
  0
LINE
  5
2A1
330
291
100
AcDbEntity
  8
A-GLAZ
370
    25
100
AcDbLine
 10
9859.463382853632
 20
32990.0
 30
0.0
 11
9709.463382853632
 21
32990.0
 31
0.0
1001
REVIT
1002
{
1070
     1
1000
1486155
1002
}
1002
{
1070
     5
1000
2344090
1002
}
  0
LINE
  5
2A2
330
291
100
AcDbEntity
  8
A-GLAZ
100
AcDbLine
 10
9709.463382853632
 20
32990.0
 30
0.0
 11
9709.463382853632
 21
33815.00000000001
 31
0.0
1001
REVIT
1002
{
1070
     1
1000
1486155
1002
}
1002
{
1070
     5
1000
2344090
1002
}
  0
LINE
  5
2A3
330
291
100
AcDbEntity
  8
A-GLAZ
100
AcDbLine
 10
9709.463382853632
 20
33865.0
 30
0.0
 11
9709.463382853632
 21
34690.0
 31
0.0
1001
REVIT
1002
{
1070
     1
1000
1486155
1002
}
1002
{
1070
     5
1000
2344090
1002
}
  0
LINE
  5
2A4
330
291
100
AcDbEntity
  8
A-GLAZ
100
AcDbLine
 10
9859.463382853632
 20
34690.0
 30
0.0
 11
9859.463382853632
 21
33865.0
 31
0.0
1001
REVIT
1002
{
1070
     1
1000
1486155
1002
}
1002
{
1070
     5
1000
2344090
1002
}
  0
LINE
  5
2A5
330
291
100
AcDbEntity
  8
A-GLAZ
100
AcDbLine
 10
9859.463382853632
 20
32990.0
 30
0.0
 11
9859.463382853632
 21
33815.00000000001
 31
0.0
1001
REVIT
1002
{
1070
     1
1000
1486155
1002
}
1002
{
1070
     5
1000
2344090
1002
}
  0
ENDBLK
  5
2A7
330
291
100
AcDbEntity
  8
0
100
AcDbBlockEnd
  0
BLOCK
  5
2BF
330
2A9
100
AcDbEntity
  8
0
100
AcDbBlockBegin
  2
Sliding Door - 2 Panel - XF2118-2140165-SECTION C-C
 70
     0
 10
0.0
 20
0.0
 30
0.0
  3
Sliding Door - 2 Panel - XF2118-2140165-SECTION C-C
  1

  0
LINE
  5
2AA
330
2A9
100
AcDbEntity
  8
A-DOOR-FRAM
100
AcDbLine
 10
16821.96338425165
 20
35595.00000000001
 30
0.0
 11
16821.96338425165
 21
37585.0
 31
0.0
1001
REVIT
1002
{
1070
     1
1000
1486956
1002
}
1002
{
1070
     5
1000
1400861
1002
}
1002
{
1070
     3
1000
-2000029
1002
}
  0
LINE
  5
2AB
330
2A9
100
AcDbEntity
  8
A-DOOR-FRAM
100
AcDbLine
 10
16861.96338425165
 20
37640.0
 30
0.0
 11
16861.96338425165
 21
35540.0
 31
0.0
1001
REVIT
1002
{
1070
     1
1000
1486956
1002
}
1002
{
1070
     5
1000
1400861
1002
}
1002
{
1070
     3
1000
-2000029
1002
}
  0
LINE
  5
2AC
330
2A9
100
AcDbEntity
  8
A-DOOR-GLAZ
100
AcDbLine
 10
16808.63005091831
 20
37585.00000000001
 30
0.0
 11
16795.29671758498
 21
37585.00000000001
 31
0.0
1001
REVIT
1002
{
1070
     1
1000
1486956
1002
}
1002
{
1070
     5
1000
1400861
1002
}
1002
{
1070
     3
1000
-2000031
1002
}
  0
LINE
  5
2AD
330
2A9
100
AcDbEntity
  8
A-DOOR-GLAZ
100
AcDbLine
 10
16795.29671758498
 20
37585.00000000001
 30
0.0
 11
16795.29671758498
 21
35595.0
 31
0.0
1001
REVIT
1002
{
1070
     1
1000
1486956
1002
}
1002
{
1070
     5
1000
1400861
1002
}
1002
{
1070
     3
1000
-2000031
1002
}
  0
LINE
  5
2AE
330
2A9
100
AcDbEntity
  8
A-DOOR-GLAZ
100
AcDbLine
 10
16795.29671758498
 20
35595.0
 30
0.0
 11
16808.63005091831
 21
35595.0
 31
0.0
1001
REVIT
1002
{
1070
     1
1000
1486956
1002
}
1002
{
1070
     5
1000
1400861
1002
}
1002
{
1070
     3
1000
-2000031
1002
}
  0
LINE
  5
2AF
330
2A9
100
AcDbEntity
  8
A-DOOR-GLAZ
100
AcDbLine
 10
16808.63005091831
 20
35595.0
 30
0.0
 11
16808.63005091831
 21
37585.00000000001
 31
0.0
1001
REVIT
1002
{
1070
     1
1000
1486956
1002
}
1002
{
1070
     5
1000
1400861
1002
}
1002
{
1070
     3
1000
-2000031
1002
}
  0
LINE
  5
2B0
330
2A9
100
AcDbEntity
  8
A-DOOR-FRAM
370
    18
100
AcDbLine
 10
16781.96338425165
 20
37640.0
 30
0.0
 11
16781.96338425165
 21
37585.00000000001
 31
0.0
1001
REVIT
1002
{
1070
     1
1000
1486956
1002
}
1002
{
1070
     5
1000
1400861
1002
}
1002
{
1070
     3
1000
-2000029
1002
}
  0
LINE
  5
2B1
330
2A9
100
AcDbEntity
  8
A-DOOR-FRAM
370
    18
100
AcDbLine
 10
16781.96338425165
 20
37585.00000000001
 30
0.0
 11
16821.96338425165
 21
37585.00000000001
 31
0.0
1001
REVIT
1002
{
1070
     1
1000
1486956
1002
}
1002
{
1070
     5
1000
1400861
1002
}
1002
{
1070
     3
1000
-2000029
1002
}
  0
LINE
  5
2B2
330
2A9
100
AcDbEntity
  8
A-DOOR-FRAM
370
    18
100
AcDbLine
 10
16821.96338425165
 20
37585.00000000001
 30
0.0
 11
16821.96338425165
 21
37640.0
 31
0.0
1001
REVIT
1002
{
1070
     1
1000
1486956
1002
}
1002
{
1070
     5
1000
1400861
1002
}
1002
{
1070
     3
1000
-2000029
1002
}
  0
LINE
  5
2B3
330
2A9
100
AcDbEntity
  8
A-DOOR-FRAM
370
    18
100
AcDbLine
 10
16821.96338425165
 20
37640.0
 30
0.0
 11
16781.96338425165
 21
37640.0
 31
0.0
1001
REVIT
1002
{
1070
     1
1000
1486956
1002
}
1002
{
1070
     5
1000
1400861
1002
}
1002
{
1070
     3
1000
-2000029
1002
}
  0
LINE
  5
2B4
330
2A9
100
AcDbEntity
  8
A-DOOR-FRAM
370
    18
100
AcDbLine
 10
16781.96338425165
 20
35595.0
 30
0.0
 11
16781.96338425165
 21
35540.0
 31
0.0
1001
REVIT
1002
{
1070
     1
1000
1486956
1002
}
1002
{
1070
     5
1000
1400861
1002
}
1002
{
1070
     3
1000
-2000029
1002
}
  0
LINE
  5
2B5
330
2A9
100
AcDbEntity
  8
A-DOOR-FRAM
370
    18
100
AcDbLine
 10
16819.46338425165
 20
35540.0
 30
0.0
 11
16821.96338425165
 21
35540.0
 31
0.0
1001
REVIT
1002
{
1070
     1
1000
1486956
1002
}
1002
{
1070
     5
1000
1400861
1002
}
1002
{
1070
     3
1000
-2000029
1002
}
  0
LINE
  5
2B6
330
2A9
100
AcDbEntity
  8
A-DOOR-FRAM
370
    18
100
AcDbLine
 10
16821.96338425165
 20
35540.0
 30
0.0
 11
16821.96338425165
 21
35595.0
 31
0.0
1001
REVIT
1002
{
1070
     1
1000
1486956
1002
}
1002
{
1070
     5
1000
1400861
1002
}
1002
{
1070
     3
1000
-2000029
1002
}
  0
LINE
  5
2B7
330
2A9
100
AcDbEntity
  8
A-DOOR-FRAM
370
    18
100
AcDbLine
 10
16821.96338425165
 20
35595.0
 30
0.0
 11
16781.96338425165
 21
35595.0
 31
0.0
1001
REVIT
1002
{
1070
     1
1000
1486956
1002
}
1002
{
1070
     5
1000
1400861
1002
}
1002
{
1070
     3
1000
-2000029
1002
}
  0
LINE
  5
2B8
330
2A9
100
AcDbEntity
  8
A-DOOR-FRAM
100
AcDbLine
 10
16781.96338425164
 20
35595.0
 30
0.0
 11
16781.96338425164
 21
37585.0
 31
0.0
1001
REVIT
1002
{
1070
     1
1000
1486956
1002
}
1002
{
1070
     5
1000
1400861
1002
}
1002
{
1070
     3
1000
-2000029
1002
}
  0
LINE
  5
2B9
330
2A9
100
AcDbEntity
  8
A-DOOR
370
    18
100
AcDbLine
 10
16729.46338425165
 20
37680.0
 30
0.0
 11
16729.46338425165
 21
37640.0
 31
0.0
1001
REVIT
1002
{
1070
     1
1000
1486956
1002
}
1002
{
1070
     5
1000
1400861
1002
}
  0
LINE
  5
2BA
330
2A9
100
AcDbEntity
  8
A-DOOR
370
    18
100
AcDbLine
 10
16729.46338425165
 20
37640.0
 30
0.0
 11
16914.46338425165
 21
37640.0
 31
0.0
1001
REVIT
1002
{
1070
     1
1000
1486956
1002
}
1002
{
1070
     5
1000
1400861
1002
}
  0
LINE
  5
2BB
330
2A9
100
AcDbEntity
  8
A-DOOR
370
    18
100
AcDbLine
 10
16914.46338425165
 20
37640.0
 30
0.0
 11
16914.46338425165
 21
37680.0
 31
0.0
1001
REVIT
1002
{
1070
     1
1000
1486956
1002
}
1002
{
1070
     5
1000
1400861
1002
}
  0
LINE
  5
2BC
330
2A9
100
AcDbEntity
  8
A-DOOR
370
    18
100
AcDbLine
 10
16914.46338425165
 20
37680.0
 30
0.0
 11
16729.46338425165
 21
37680.0
 31
0.0
1001
REVIT
1002
{
1070
     1
1000
1486956
1002
}
1002
{
1070
     5
1000
1400861
1002
}
  0
LINE
  5
2BD
330
2A9
100
AcDbEntity
  8
A-DOOR
100
AcDbLine
 10
16729.46338425165
 20
35540.0
 30
0.0
 11
16729.46338425165
 21
37640.0
 31
0.0
1001
REVIT
1002
{
1070
     1
1000
1486956
1002
}
1002
{
1070
     5
1000
1400861
1002
}
  0
LINE
  5
2BE
330
2A9
100
AcDbEntity
  8
A-DOOR
100
AcDbLine
 10
16914.46338425165
 20
37640.0
 30
0.0
 11
16914.46338425165
 21
35540.0
 31
0.0
1001
REVIT
1002
{
1070
     1
1000
1486956
1002
}
1002
{
1070
     5
1000
1400861
1002
}
  0
ENDBLK
  5
2C0
330
2A9
100
AcDbEntity
  8
0
100
AcDbBlockEnd
  0
BLOCK
  5
2E8
330
2D6
100
AcDbEntity
  8
0
100
AcDbBlockBegin
  2
F_AA 0606 - 1509_1 PANEL_ - F3718-2099822-SECTION C-C
 70
     0
 10
0.0
 20
0.0
 30
0.0
  3
F_AA 0606 - 1509_1 PANEL_ - F3718-2099822-SECTION C-C
  1

  0
HATCH
  5
2E5
330
2D6
100
AcDbEntity
  8
A-GLAZ
100
AcDbHatch
 10
0.0
 20
0.0
 30
0.0
210
0.0
220
0.0
230
1.0
  2
SOLID
 70
     1
 71
     0
 91
        1
 92
        1
 93
       14
 72
     1
 10
16589.46338267606
 20
35540.00000000002
 11
16601.96338267606
 21
35540.00000000002
 72
     1
 10
16601.96338267606
 20
35540.00000000002
 11
16601.96338267606
 21
36290.00000000002
 72
     1
 10
16601.96338267606
 20
36290.00000000002
 11
16589.46338267606
 21
36290.00000000002
 72
     1
 10
16589.46338267606
 20
36290.00000000002
 11
16589.46338267606
 21
36340.00000000003
 72
     1
 10
16589.46338267606
 20
36340.00000000003
 11
16639.46338267606
 21
36340.00000000003
 72
     1
 10
16639.46338267606
 20
36340.00000000003
 11
16639.46338267606
 21
36290.00000000002
 72
     1
 10
16639.46338267606
 20
36290.00000000002
 11
16626.96338267606
 21
36290.00000000002
 72
     1
 10
16626.96338267606
 20
36290.00000000002
 11
16626.96338267606
 21
35540.00000000002
 72
     1
 10
16626.96338267606
 20
35540.00000000002
 11
16729.46338425165
 21
35540.00000000002
 72
     1
 10
16729.46338425165
 20
35540.00000000002
 11
16729.46338425165
 21
37590.00000000002
 72
     1
 10
16729.46338425165
 20
37590.00000000002
 11
15989.46338393945
 21
37590.00000000002
 72
     1
 10
15989.46338393945
 20
37590.00000000002
 11
15989.46338393945
 21
35540.00000000002
 72
     1
 10
15989.46338393945
 20
35540.00000000002
 11
16425.46338425164
 21
35540.00000000002
 72
     1
 10
16425.46338425164
 20
35540.00000000002
 11
16589.46338267606
 21
35540.00000000002
 97
        0
 75
     0
 76
     1
 98
        1
 10
0.0
 20
0.0
1001
REVIT
1002
{
1070
     1
1000
1495634
1002
}
1002
{
1070
     5
1000
1779118
1002
}
  0
LINE
  5
2E6
330
2D6
100
AcDbEntity
  8
A-GLAZ
100
AcDbLine
 10
15989.46338393945
 20
35540.00000000001
 30
0.0
 11
15989.46338393945
 21
37590.00000000001
 31
0.0
1001
REVIT
1002
{
1070
     1
1000
1495634
1002
}
1002
{
1070
     5
1000
1779118
1002
}
1002
{
1070
     3
1000
-2000016
1002
}
  0
LINE
  5
2E7
330
2D6
100
AcDbEntity
  8
A-GLAZ
100
AcDbLine
 10
16729.46338425165
 20
37590.00000000001
 30
0.0
 11
15989.46338393945
 21
37590.00000000001
 31
0.0
1001
REVIT
1002
{
1070
     1
1000
1495634
1002
}
1002
{
1070
     5
1000
1779118
1002
}
1002
{
1070
     3
1000
-2000016
1002
}
  0
ENDBLK
  5
2E9
330
2D6
100
AcDbEntity
  8
0
100
AcDbBlockEnd
  0
BLOCK
  5
34B
330
346
100
AcDbEntity
  8
0
100
AcDbBlockBegin
  2
System Panel - Glazed-1629629-SECTION C-C
 70
     0
 10
0.0
 20
0.0
 30
0.0
  3
System Panel - Glazed-1629629-SECTION C-C
  1

  0
LINE
  5
347
330
346
100
AcDbEntity
  8
A-GLAZ-CURT
370
    18
100
AcDbLine
 10
9121.488971686204
 20
36540.00000000001
 30
0.0
 11
9121.488971686204
 21
35890.0
 31
0.0
1001
REVIT
1002
{
1070
     1
1000
1569836
1002
}
1002
{
1070
     5
1000
1321568
1002
}
  0
LINE
  5
348
330
346
100
AcDbEntity
  8
A-GLAZ-CURT
370
    18
100
AcDbLine
 10
9121.488971686204
 20
35890.0
 30
0.0
 11
9146.488971686204
 21
35890.0
 31
0.0
1001
REVIT
1002
{
1070
     1
1000
1569836
1002
}
1002
{
1070
     5
1000
1321568
1002
}
  0
LINE
  5
349
330
346
100
AcDbEntity
  8
A-GLAZ-CURT
370
    18
100
AcDbLine
 10
9146.488971686204
 20
35890.0
 30
0.0
 11
9146.488971686204
 21
36540.00000000001
 31
0.0
1001
REVIT
1002
{
1070
     1
1000
1569836
1002
}
1002
{
1070
     5
1000
1321568
1002
}
  0
LINE
  5
34A
330
346
100
AcDbEntity
  8
A-GLAZ-CURT
370
    18
100
AcDbLine
 10
9146.488971686204
 20
36540.00000000001
 30
0.0
 11
9121.488971686204
 21
36540.00000000001
 31
0.0
1001
REVIT
1002
{
1070
     1
1000
1569836
1002
}
1002
{
1070
     5
1000
1321568
1002
}
  0
ENDBLK
  5
34C
330
346
100
AcDbEntity
  8
0
100
AcDbBlockEnd
  0
BLOCK
  5
353
330
34E
100
AcDbEntity
  8
0
100
AcDbBlockBegin
  2
Rectangular Mullion - 25x25-1570824-SECTION C-C
 70
     0
 10
0.0
 20
0.0
 30
0.0
  3
Rectangular Mullion - 25x25-1570824-SECTION C-C
  1

  0
LINE
  5
34F
330
34E
100
AcDbEntity
  8
A-GLAZ-CWMG
370
    18
100
AcDbLine
 10
9133.988971686202
 20
36590.00000000001
 30
0.0
 11
9083.988971686202
 21
36590.00000000001
 31
0.0
1001
REVIT
1002
{
1070
     1
1000
1570801
1002
}
1002
{
1070
     5
1000
1560816
1002
}
  0
LINE
  5
350
330
34E
100
AcDbEntity
  8
A-GLAZ-CWMG
370
    18
100
AcDbLine
 10
9083.988971686202
 20
36590.00000000001
 30
0.0
 11
9083.988971686202
 21
36540.00000000001
 31
0.0
1001
REVIT
1002
{
1070
     1
1000
1570801
1002
}
1002
{
1070
     5
1000
1560816
1002
}
  0
LINE
  5
351
330
34E
100
AcDbEntity
  8
A-GLAZ-CWMG
370
    18
100
AcDbLine
 10
9083.988971686202
 20
36540.00000000001
 30
0.0
 11
9133.988971686202
 21
36540.00000000001
 31
0.0
1001
REVIT
1002
{
1070
     1
1000
1570801
1002
}
1002
{
1070
     5
1000
1560816
1002
}
  0
LINE
  5
352
330
34E
100
AcDbEntity
  8
A-GLAZ-CWMG
370
    18
100
AcDbLine
 10
9133.988971686202
 20
36540.00000000001
 30
0.0
 11
9133.988971686202
 21
36590.00000000001
 31
0.0
1001
REVIT
1002
{
1070
     1
1000
1570801
1002
}
1002
{
1070
     5
1000
1560816
1002
}
  0
ENDBLK
  5
354
330
34E
100
AcDbEntity
  8
0
100
AcDbBlockEnd
  0
BLOCK
  5
475
330
361
100
AcDbEntity
  8
0
100
AcDbBlockBegin
  2
Windows 1 - Windows 1-1602304-SECTION C-C
 70
     0
 10
0.0
 20
0.0
 30
0.0
  3
Windows 1 - Windows 1-1602304-SECTION C-C
  1

  0
LINE
  5
362
330
361
100
AcDbEntity
  8
Q-CASE
100
AcDbLine
 10
8977.568815506087
 20
36108.93759919699
 30
0.0
 11
8977.568815506087
 21
36152.60911335577
 31
0.0
1001
REVIT
1002
{
1070
     1
1000
1602579
1002
}
1002
{
1070
     5
1000
1602304
1002
}
  0
LINE
  5
363
330
361
100
AcDbEntity
  8
Q-CASE
100
AcDbLine
 10
8977.568815506087
 20
36162.60911335577
 30
0.0
 11
8977.568815506087
 21
36172.50441135826
 31
0.0
1001
REVIT
1002
{
1070
     1
1000
1602579
1002
}
1002
{
1070
     5
1000
1602304
1002
}
  0
LINE
  5
364
330
361
100
AcDbEntity
  8
Q-CASE
100
AcDbLine
 10
8977.568815506087
 20
37708.03550758798
 30
0.0
 11
8977.568815506087
 21
37714.14757489423
 31
0.0
1001
REVIT
1002
{
1070
     1
1000
1602579
1002
}
1002
{
1070
     5
1000
1602304
1002
}
  0
LINE
  5
365
330
361
100
AcDbEntity
  8
Q-CASE
100
AcDbLine
 10
8981.698714251232
 20
37714.14757489423
 30
0.0
 11
8981.698714251232
 21
37708.03550758798
 31
0.0
1001
REVIT
1002
{
1070
     1
1000
1602579
1002
}
1002
{
1070
     5
1000
1602304
1002
}
  0
LINE
  5
366
330
361
100
AcDbEntity
  8
Q-CASE
100
AcDbLine
 10
8981.698714251232
 20
36172.50441135826
 30
0.0
 11
8981.698714251232
 21
36162.60911335577
 31
0.0
1001
REVIT
1002
{
1070
     1
1000
1602579
1002
}
1002
{
1070
     5
1000
1602304
1002
}
  0
LINE
  5
367
330
361
100
AcDbEntity
  8
Q-CASE
100
AcDbLine
 10
8981.698714251232
 20
36152.60911335577
 30
0.0
 11
8981.698714251232
 21
36108.93759919699
 31
0.0
1001
REVIT
1002
{
1070
     1
1000
1602579
1002
}
1002
{
1070
     5
1000
1602304
1002
}
  0
LINE
  5
368
330
361
100
AcDbEntity
  8
Q-CASE
100
AcDbLine
 10
8981.698714251232
 20
36108.93759919699
 30
0.0
 11
8977.568815506087
 21
36108.93759919699
 31
0.0
1001
REVIT
1002
{
1070
     1
1000
1602579
1002
}
1002
{
1070
     5
1000
1602304
1002
}
  0
LINE
  5
369
330
361
100
AcDbEntity
  8
Q-CASE
100
AcDbLine
 10
8981.698714251232
 20
37724.31482856393
 30
0.0
 11
8977.568815506087
 21
37724.31482856393
 31
0.0
1001
REVIT
1002
{
1070
     1
1000
1602579
1002
}
1002
{
1070
     5
1000
1602304
1002
}
  0
LINE
  5
36A
330
361
100
AcDbEntity
  8
Q-CASE
100
AcDbLine
 10
8989.073533438992
 20
36165.37879741926
 30
0.0
 11
8989.073533438992
 21
36197.22449797116
 31
0.0
1001
REVIT
1002
{
1070
     1
1000
1602579
1002
}
1002
{
1070
     5
1000
1602304
1002
}
  0
LINE
  5
36B
330
361
100
AcDbEntity
  8
Q-CASE
100
AcDbLine
 10
8989.073533438992
 20
36207.22449797116
 30
0.0
 11
8989.073533438992
 21
36241.83988258654
 31
0.0
1001
REVIT
1002
{
1070
     1
1000
1602579
1002
}
1002
{
1070
     5
1000
1602304
1002
}
  0
LINE
  5
36C
330
361
100
AcDbEntity
  8
Q-CASE
100
AcDbLine
 10
8989.073533438992
 20
36251.83988258654
 30
0.0
 11
8989.073533438992
 21
36286.45526720192
 31
0.0
1001
REVIT
1002
{
1070
     1
1000
1602579
1002
}
1002
{
1070
     5
1000
1602304
1002
}
  0
LINE
  5
36D
330
361
100
AcDbEntity
  8
Q-CASE
100
AcDbLine
 10
8989.073533438992
 20
36296.45526720192
 30
0.0
 11
8989.073533438992
 21
36331.07065181731
 31
0.0
1001
REVIT
1002
{
1070
     1
1000
1602579
1002
}
1002
{
1070
     5
1000
1602304
1002
}
  0
LINE
  5
36E
330
361
100
AcDbEntity
  8
Q-CASE
100
AcDbLine
 10
8989.073533438992
 20
36341.07065181731
 30
0.0
 11
8989.073533438992
 21
36375.6860364327
 31
0.0
1001
REVIT
1002
{
1070
     1
1000
1602579
1002
}
1002
{
1070
     5
1000
1602304
1002
}
  0
LINE
  5
36F
330
361
100
AcDbEntity
  8
Q-CASE
100
AcDbLine
 10
8989.073533438992
 20
36385.6860364327
 30
0.0
 11
8989.073533438992
 21
36420.30142104808
 31
0.0
1001
REVIT
1002
{
1070
     1
1000
1602579
1002
}
1002
{
1070
     5
1000
1602304
1002
}
  0
LINE
  5
370
330
361
100
AcDbEntity
  8
Q-CASE
100
AcDbLine
 10
8989.073533438992
 20
36430.30142104809
 30
0.0
 11
8989.073533438992
 21
36464.91680566346
 31
0.0
1001
REVIT
1002
{
1070
     1
1000
1602579
1002
}
1002
{
1070
     5
1000
1602304
1002
}
  0
LINE
  5
371
330
361
100
AcDbEntity
  8
Q-CASE
100
AcDbLine
 10
8989.073533438992
 20
36474.91680566347
 30
0.0
 11
8989.073533438992
 21
36509.53219027884
 31
0.0
1001
REVIT
1002
{
1070
     1
1000
1602579
1002
}
1002
{
1070
     5
1000
1602304
1002
}
  0
LINE
  5
372
330
361
100
AcDbEntity
  8
Q-CASE
100
AcDbLine
 10
8989.073533438992
 20
36519.53219027885
 30
0.0
 11
8989.073533438992
 21
36554.14757489423
 31
0.0
1001
REVIT
1002
{
1070
     1
1000
1602579
1002
}
1002
{
1070
     5
1000
1602304
1002
}
  0
LINE
  5
373
330
361
100
AcDbEntity
  8
Q-CASE
100
AcDbLine
 10
8989.073533438992
 20
36564.14757489423
 30
0.0
 11
8989.073533438992
 21
36598.76295950962
 31
0.0
1001
REVIT
1002
{
1070
     1
1000
1602579
1002
}
1002
{
1070
     5
1000
1602304
1002
}
  0
LINE
  5
374
330
361
100
AcDbEntity
  8
Q-CASE
100
AcDbLine
 10
8989.073533438992
 20
36608.76295950962
 30
0.0
 11
8989.073533438992
 21
36643.378344125
 31
0.0
1001
REVIT
1002
{
1070
     1
1000
1602579
1002
}
1002
{
1070
     5
1000
1602304
1002
}
  0
LINE
  5
375
330
361
100
AcDbEntity
  8
Q-CASE
100
AcDbLine
 10
8989.073533438992
 20
36653.37834412501
 30
0.0
 11
8989.073533438992
 21
36687.99372874039
 31
0.0
1001
REVIT
1002
{
1070
     1
1000
1602579
1002
}
1002
{
1070
     5
1000
1602304
1002
}
  0
LINE
  5
376
330
361
100
AcDbEntity
  8
Q-CASE
100
AcDbLine
 10
8989.073533438992
 20
36697.99372874039
 30
0.0
 11
8989.073533438992
 21
36732.60911335577
 31
0.0
1001
REVIT
1002
{
1070
     1
1000
1602579
1002
}
1002
{
1070
     5
1000
1602304
1002
}
  0
LINE
  5
377
330
361
100
AcDbEntity
  8
Q-CASE
100
AcDbLine
 10
8989.073533438992
 20
36742.60911335577
 30
0.0
 11
8989.073533438992
 21
36777.22449797116
 31
0.0
1001
REVIT
1002
{
1070
     1
1000
1602579
1002
}
1002
{
1070
     5
1000
1602304
1002
}
  0
LINE
  5
378
330
361
100
AcDbEntity
  8
Q-CASE
100
AcDbLine
 10
8989.073533438992
 20
36787.22449797116
 30
0.0
 11
8989.073533438992
 21
36821.83988258654
 31
0.0
1001
REVIT
1002
{
1070
     1
1000
1602579
1002
}
1002
{
1070
     5
1000
1602304
1002
}
  0
LINE
  5
379
330
361
100
AcDbEntity
  8
Q-CASE
100
AcDbLine
 10
8989.073533438992
 20
36831.83988258654
 30
0.0
 11
8989.073533438992
 21
36866.45526720192
 31
0.0
1001
REVIT
1002
{
1070
     1
1000
1602579
1002
}
1002
{
1070
     5
1000
1602304
1002
}
  0
LINE
  5
37A
330
361
100
AcDbEntity
  8
Q-CASE
100
AcDbLine
 10
8989.073533438992
 20
36876.45526720192
 30
0.0
 11
8989.073533438992
 21
36911.07065181731
 31
0.0
1001
REVIT
1002
{
1070
     1
1000
1602579
1002
}
1002
{
1070
     5
1000
1602304
1002
}
  0
LINE
  5
37B
330
361
100
AcDbEntity
  8
Q-CASE
100
AcDbLine
 10
8989.073533438992
 20
36921.07065181731
 30
0.0
 11
8989.073533438992
 21
36955.6860364327
 31
0.0
1001
REVIT
1002
{
1070
     1
1000
1602579
1002
}
1002
{
1070
     5
1000
1602304
1002
}
  0
LINE
  5
37C
330
361
100
AcDbEntity
  8
Q-CASE
100
AcDbLine
 10
8989.073533438992
 20
36965.6860364327
 30
0.0
 11
8989.073533438992
 21
37000.30142104808
 31
0.0
1001
REVIT
1002
{
1070
     1
1000
1602579
1002
}
1002
{
1070
     5
1000
1602304
1002
}
  0
LINE
  5
37D
330
361
100
AcDbEntity
  8
Q-CASE
100
AcDbLine
 10
8989.073533438992
 20
37010.30142104808
 30
0.0
 11
8989.073533438992
 21
37044.91680566346
 31
0.0
1001
REVIT
1002
{
1070
     1
1000
1602579
1002
}
1002
{
1070
     5
1000
1602304
1002
}
  0
LINE
  5
37E
330
361
100
AcDbEntity
  8
Q-CASE
100
AcDbLine
 10
8989.073533438992
 20
37054.91680566346
 30
0.0
 11
8989.073533438992
 21
37089.53219027884
 31
0.0
1001
REVIT
1002
{
1070
     1
1000
1602579
1002
}
1002
{
1070
     5
1000
1602304
1002
}
  0
LINE
  5
37F
330
361
100
AcDbEntity
  8
Q-CASE
100
AcDbLine
 10
8989.073533438992
 20
37099.53219027885
 30
0.0
 11
8989.073533438992
 21
37134.14757489423
 31
0.0
1001
REVIT
1002
{
1070
     1
1000
1602579
1002
}
1002
{
1070
     5
1000
1602304
1002
}
  0
LINE
  5
380
330
361
100
AcDbEntity
  8
Q-CASE
100
AcDbLine
 10
8989.073533438992
 20
37144.14757489423
 30
0.0
 11
8989.073533438992
 21
37178.76295950962
 31
0.0
1001
REVIT
1002
{
1070
     1
1000
1602579
1002
}
1002
{
1070
     5
1000
1602304
1002
}
  0
LINE
  5
381
330
361
100
AcDbEntity
  8
Q-CASE
100
AcDbLine
 10
8989.073533438992
 20
37188.76295950962
 30
0.0
 11
8989.073533438992
 21
37223.378344125
 31
0.0
1001
REVIT
1002
{
1070
     1
1000
1602579
1002
}
1002
{
1070
     5
1000
1602304
1002
}
  0
LINE
  5
382
330
361
100
AcDbEntity
  8
Q-CASE
100
AcDbLine
 10
8989.073533438992
 20
37233.378344125
 30
0.0
 11
8989.073533438992
 21
37267.99372874038
 31
0.0
1001
REVIT
1002
{
1070
     1
1000
1602579
1002
}
1002
{
1070
     5
1000
1602304
1002
}
  0
LINE
  5
383
330
361
100
AcDbEntity
  8
Q-CASE
100
AcDbLine
 10
8989.073533438992
 20
37277.99372874039
 30
0.0
 11
8989.073533438992
 21
37312.60911335577
 31
0.0
1001
REVIT
1002
{
1070
     1
1000
1602579
1002
}
1002
{
1070
     5
1000
1602304
1002
}
  0
LINE
  5
384
330
361
100
AcDbEntity
  8
Q-CASE
100
AcDbLine
 10
8989.073533438992
 20
37322.60911335577
 30
0.0
 11
8989.073533438992
 21
37357.22449797116
 31
0.0
1001
REVIT
1002
{
1070
     1
1000
1602579
1002
}
1002
{
1070
     5
1000
1602304
1002
}
  0
LINE
  5
385
330
361
100
AcDbEntity
  8
Q-CASE
100
AcDbLine
 10
8989.073533438992
 20
37367.22449797116
 30
0.0
 11
8989.073533438992
 21
37401.83988258654
 31
0.0
1001
REVIT
1002
{
1070
     1
1000
1602579
1002
}
1002
{
1070
     5
1000
1602304
1002
}
  0
LINE
  5
386
330
361
100
AcDbEntity
  8
Q-CASE
100
AcDbLine
 10
8989.073533438992
 20
37411.83988258654
 30
0.0
 11
8989.073533438992
 21
37446.45526720192
 31
0.0
1001
REVIT
1002
{
1070
     1
1000
1602579
1002
}
1002
{
1070
     5
1000
1602304
1002
}
  0
LINE
  5
387
330
361
100
AcDbEntity
  8
Q-CASE
100
AcDbLine
 10
8989.073533438992
 20
37456.45526720192
 30
0.0
 11
8989.073533438992
 21
37491.07065181731
 31
0.0
1001
REVIT
1002
{
1070
     1
1000
1602579
1002
}
1002
{
1070
     5
1000
1602304
1002
}
  0
LINE
  5
388
330
361
100
AcDbEntity
  8
Q-CASE
100
AcDbLine
 10
8989.073533438992
 20
37501.07065181731
 30
0.0
 11
8989.073533438992
 21
37535.6860364327
 31
0.0
1001
REVIT
1002
{
1070
     1
1000
1602579
1002
}
1002
{
1070
     5
1000
1602304
1002
}
  0
LINE
  5
389
330
361
100
AcDbEntity
  8
Q-CASE
100
AcDbLine
 10
8989.073533438992
 20
37545.6860364327
 30
0.0
 11
8989.073533438992
 21
37580.30142104808
 31
0.0
1001
REVIT
1002
{
1070
     1
1000
1602579
1002
}
1002
{
1070
     5
1000
1602304
1002
}
  0
LINE
  5
38A
330
361
100
AcDbEntity
  8
Q-CASE
100
AcDbLine
 10
8989.073533438992
 20
37590.30142104809
 30
0.0
 11
8989.073533438992
 21
37624.91680566346
 31
0.0
1001
REVIT
1002
{
1070
     1
1000
1602579
1002
}
1002
{
1070
     5
1000
1602304
1002
}
  0
LINE
  5
38B
330
361
100
AcDbEntity
  8
Q-CASE
100
AcDbLine
 10
8989.073533438992
 20
37634.91680566346
 30
0.0
 11
8989.073533438992
 21
37669.53219027884
 31
0.0
1001
REVIT
1002
{
1070
     1
1000
1602579
1002
}
1002
{
1070
     5
1000
1602304
1002
}
  0
LINE
  5
38C
330
361
100
AcDbEntity
  8
Q-CASE
100
AcDbLine
 10
8989.073533438992
 20
37679.53219027884
 30
0.0
 11
8989.073533438992
 21
37709.03550758798
 31
0.0
1001
REVIT
1002
{
1070
     1
1000
1602579
1002
}
1002
{
1070
     5
1000
1602304
1002
}
  0
LINE
  5
38D
330
361
100
AcDbEntity
  8
Q-CASE
100
AcDbLine
 10
8992.908439416628
 20
37709.03550758798
 30
0.0
 11
8992.908439416628
 21
37679.53219027884
 31
0.0
1001
REVIT
1002
{
1070
     1
1000
1602579
1002
}
1002
{
1070
     5
1000
1602304
1002
}
  0
LINE
  5
38E
330
361
100
AcDbEntity
  8
Q-CASE
100
AcDbLine
 10
8992.908439416628
 20
37669.53219027884
 30
0.0
 11
8992.908439416628
 21
37634.91680566346
 31
0.0
1001
REVIT
1002
{
1070
     1
1000
1602579
1002
}
1002
{
1070
     5
1000
1602304
1002
}
  0
LINE
  5
38F
330
361
100
AcDbEntity
  8
Q-CASE
100
AcDbLine
 10
8992.908439416628
 20
37624.91680566346
 30
0.0
 11
8992.908439416628
 21
37590.30142104809
 31
0.0
1001
REVIT
1002
{
1070
     1
1000
1602579
1002
}
1002
{
1070
     5
1000
1602304
1002
}
  0
LINE
  5
390
330
361
100
AcDbEntity
  8
Q-CASE
100
AcDbLine
 10
8992.908439416628
 20
37580.30142104808
 30
0.0
 11
8992.908439416628
 21
37545.6860364327
 31
0.0
1001
REVIT
1002
{
1070
     1
1000
1602579
1002
}
1002
{
1070
     5
1000
1602304
1002
}
  0
LINE
  5
391
330
361
100
AcDbEntity
  8
Q-CASE
100
AcDbLine
 10
8992.908439416628
 20
37535.6860364327
 30
0.0
 11
8992.908439416628
 21
37501.07065181731
 31
0.0
1001
REVIT
1002
{
1070
     1
1000
1602579
1002
}
1002
{
1070
     5
1000
1602304
1002
}
  0
LINE
  5
392
330
361
100
AcDbEntity
  8
Q-CASE
100
AcDbLine
 10
8992.908439416628
 20
37491.07065181731
 30
0.0
 11
8992.908439416628
 21
37456.45526720192
 31
0.0
1001
REVIT
1002
{
1070
     1
1000
1602579
1002
}
1002
{
1070
     5
1000
1602304
1002
}
  0
LINE
  5
393
330
361
100
AcDbEntity
  8
Q-CASE
100
AcDbLine
 10
8992.908439416628
 20
37446.45526720192
 30
0.0
 11
8992.908439416628
 21
37411.83988258654
 31
0.0
1001
REVIT
1002
{
1070
     1
1000
1602579
1002
}
1002
{
1070
     5
1000
1602304
1002
}
  0
LINE
  5
394
330
361
100
AcDbEntity
  8
Q-CASE
100
AcDbLine
 10
8992.908439416628
 20
37401.83988258654
 30
0.0
 11
8992.908439416628
 21
37367.22449797116
 31
0.0
1001
REVIT
1002
{
1070
     1
1000
1602579
1002
}
1002
{
1070
     5
1000
1602304
1002
}
  0
LINE
  5
395
330
361
100
AcDbEntity
  8
Q-CASE
100
AcDbLine
 10
8992.908439416628
 20
37357.22449797116
 30
0.0
 11
8992.908439416628
 21
37322.60911335577
 31
0.0
1001
REVIT
1002
{
1070
     1
1000
1602579
1002
}
1002
{
1070
     5
1000
1602304
1002
}
  0
LINE
  5
396
330
361
100
AcDbEntity
  8
Q-CASE
100
AcDbLine
 10
8992.908439416628
 20
37312.60911335577
 30
0.0
 11
8992.908439416628
 21
37277.99372874039
 31
0.0
1001
REVIT
1002
{
1070
     1
1000
1602579
1002
}
1002
{
1070
     5
1000
1602304
1002
}
  0
LINE
  5
397
330
361
100
AcDbEntity
  8
Q-CASE
100
AcDbLine
 10
8992.908439416628
 20
37267.99372874038
 30
0.0
 11
8992.908439416628
 21
37233.378344125
 31
0.0
1001
REVIT
1002
{
1070
     1
1000
1602579
1002
}
1002
{
1070
     5
1000
1602304
1002
}
  0
LINE
  5
398
330
361
100
AcDbEntity
  8
Q-CASE
100
AcDbLine
 10
8992.908439416628
 20
37223.378344125
 30
0.0
 11
8992.908439416628
 21
37188.76295950962
 31
0.0
1001
REVIT
1002
{
1070
     1
1000
1602579
1002
}
1002
{
1070
     5
1000
1602304
1002
}
  0
LINE
  5
399
330
361
100
AcDbEntity
  8
Q-CASE
100
AcDbLine
 10
8992.908439416628
 20
37178.76295950962
 30
0.0
 11
8992.908439416628
 21
37144.14757489423
 31
0.0
1001
REVIT
1002
{
1070
     1
1000
1602579
1002
}
1002
{
1070
     5
1000
1602304
1002
}
  0
LINE
  5
39A
330
361
100
AcDbEntity
  8
Q-CASE
100
AcDbLine
 10
8992.908439416628
 20
37134.14757489423
 30
0.0
 11
8992.908439416628
 21
37099.53219027885
 31
0.0
1001
REVIT
1002
{
1070
     1
1000
1602579
1002
}
1002
{
1070
     5
1000
1602304
1002
}
  0
LINE
  5
39B
330
361
100
AcDbEntity
  8
Q-CASE
100
AcDbLine
 10
8992.908439416628
 20
37089.53219027884
 30
0.0
 11
8992.908439416628
 21
37054.91680566346
 31
0.0
1001
REVIT
1002
{
1070
     1
1000
1602579
1002
}
1002
{
1070
     5
1000
1602304
1002
}
  0
LINE
  5
39C
330
361
100
AcDbEntity
  8
Q-CASE
100
AcDbLine
 10
8992.908439416628
 20
37044.91680566346
 30
0.0
 11
8992.908439416628
 21
37010.30142104808
 31
0.0
1001
REVIT
1002
{
1070
     1
1000
1602579
1002
}
1002
{
1070
     5
1000
1602304
1002
}
  0
LINE
  5
39D
330
361
100
AcDbEntity
  8
Q-CASE
100
AcDbLine
 10
8992.908439416628
 20
37000.30142104808
 30
0.0
 11
8992.908439416628
 21
36965.6860364327
 31
0.0
1001
REVIT
1002
{
1070
     1
1000
1602579
1002
}
1002
{
1070
     5
1000
1602304
1002
}
  0
LINE
  5
39E
330
361
100
AcDbEntity
  8
Q-CASE
100
AcDbLine
 10
8992.908439416628
 20
36955.6860364327
 30
0.0
 11
8992.908439416628
 21
36921.07065181731
 31
0.0
1001
REVIT
1002
{
1070
     1
1000
1602579
1002
}
1002
{
1070
     5
1000
1602304
1002
}
  0
LINE
  5
39F
330
361
100
AcDbEntity
  8
Q-CASE
100
AcDbLine
 10
8992.908439416628
 20
36911.07065181731
 30
0.0
 11
8992.908439416628
 21
36876.45526720192
 31
0.0
1001
REVIT
1002
{
1070
     1
1000
1602579
1002
}
1002
{
1070
     5
1000
1602304
1002
}
  0
LINE
  5
3A0
330
361
100
AcDbEntity
  8
Q-CASE
100
AcDbLine
 10
8992.908439416628
 20
36866.45526720192
 30
0.0
 11
8992.908439416628
 21
36831.83988258654
 31
0.0
1001
REVIT
1002
{
1070
     1
1000
1602579
1002
}
1002
{
1070
     5
1000
1602304
1002
}
  0
LINE
  5
3A1
330
361
100
AcDbEntity
  8
Q-CASE
100
AcDbLine
 10
8992.908439416628
 20
36821.83988258653
 30
0.0
 11
8992.908439416628
 21
36787.22449797116
 31
0.0
1001
REVIT
1002
{
1070
     1
1000
1602579
1002
}
1002
{
1070
     5
1000
1602304
1002
}
  0
LINE
  5
3A2
330
361
100
AcDbEntity
  8
Q-CASE
100
AcDbLine
 10
8992.908439416628
 20
36777.22449797116
 30
0.0
 11
8992.908439416628
 21
36742.60911335577
 31
0.0
1001
REVIT
1002
{
1070
     1
1000
1602579
1002
}
1002
{
1070
     5
1000
1602304
1002
}
  0
LINE
  5
3A3
330
361
100
AcDbEntity
  8
Q-CASE
100
AcDbLine
 10
8992.908439416628
 20
36732.60911335577
 30
0.0
 11
8992.908439416628
 21
36697.99372874039
 31
0.0
1001
REVIT
1002
{
1070
     1
1000
1602579
1002
}
1002
{
1070
     5
1000
1602304
1002
}
  0
LINE
  5
3A4
330
361
100
AcDbEntity
  8
Q-CASE
100
AcDbLine
 10
8992.908439416628
 20
36687.99372874039
 30
0.0
 11
8992.908439416628
 21
36653.37834412501
 31
0.0
1001
REVIT
1002
{
1070
     1
1000
1602579
1002
}
1002
{
1070
     5
1000
1602304
1002
}
  0
LINE
  5
3A5
330
361
100
AcDbEntity
  8
Q-CASE
100
AcDbLine
 10
8992.908439416628
 20
36643.378344125
 30
0.0
 11
8992.908439416628
 21
36608.76295950962
 31
0.0
1001
REVIT
1002
{
1070
     1
1000
1602579
1002
}
1002
{
1070
     5
1000
1602304
1002
}
  0
LINE
  5
3A6
330
361
100
AcDbEntity
  8
Q-CASE
100
AcDbLine
 10
8992.908439416628
 20
36598.76295950962
 30
0.0
 11
8992.908439416628
 21
36564.14757489423
 31
0.0
1001
REVIT
1002
{
1070
     1
1000
1602579
1002
}
1002
{
1070
     5
1000
1602304
1002
}
  0
LINE
  5
3A7
330
361
100
AcDbEntity
  8
Q-CASE
100
AcDbLine
 10
8992.908439416628
 20
36554.14757489423
 30
0.0
 11
8992.908439416628
 21
36519.53219027885
 31
0.0
1001
REVIT
1002
{
1070
     1
1000
1602579
1002
}
1002
{
1070
     5
1000
1602304
1002
}
  0
LINE
  5
3A8
330
361
100
AcDbEntity
  8
Q-CASE
100
AcDbLine
 10
8992.908439416628
 20
36509.53219027884
 30
0.0
 11
8992.908439416628
 21
36474.91680566347
 31
0.0
1001
REVIT
1002
{
1070
     1
1000
1602579
1002
}
1002
{
1070
     5
1000
1602304
1002
}
  0
LINE
  5
3A9
330
361
100
AcDbEntity
  8
Q-CASE
100
AcDbLine
 10
8992.908439416628
 20
36464.91680566346
 30
0.0
 11
8992.908439416628
 21
36430.30142104809
 31
0.0
1001
REVIT
1002
{
1070
     1
1000
1602579
1002
}
1002
{
1070
     5
1000
1602304
1002
}
  0
LINE
  5
3AA
330
361
100
AcDbEntity
  8
Q-CASE
100
AcDbLine
 10
8992.908439416628
 20
36420.30142104808
 30
0.0
 11
8992.908439416628
 21
36385.6860364327
 31
0.0
1001
REVIT
1002
{
1070
     1
1000
1602579
1002
}
1002
{
1070
     5
1000
1602304
1002
}
  0
LINE
  5
3AB
330
361
100
AcDbEntity
  8
Q-CASE
100
AcDbLine
 10
8992.908439416628
 20
36375.6860364327
 30
0.0
 11
8992.908439416628
 21
36341.07065181731
 31
0.0
1001
REVIT
1002
{
1070
     1
1000
1602579
1002
}
1002
{
1070
     5
1000
1602304
1002
}
  0
LINE
  5
3AC
330
361
100
AcDbEntity
  8
Q-CASE
100
AcDbLine
 10
8992.908439416628
 20
36331.07065181731
 30
0.0
 11
8992.908439416628
 21
36296.45526720193
 31
0.0
1001
REVIT
1002
{
1070
     1
1000
1602579
1002
}
1002
{
1070
     5
1000
1602304
1002
}
  0
LINE
  5
3AD
330
361
100
AcDbEntity
  8
Q-CASE
100
AcDbLine
 10
8992.908439416628
 20
36286.45526720192
 30
0.0
 11
8992.908439416628
 21
36251.83988258654
 31
0.0
1001
REVIT
1002
{
1070
     1
1000
1602579
1002
}
1002
{
1070
     5
1000
1602304
1002
}
  0
LINE
  5
3AE
330
361
100
AcDbEntity
  8
Q-CASE
100
AcDbLine
 10
8992.908439416628
 20
36241.83988258654
 30
0.0
 11
8992.908439416628
 21
36207.22449797116
 31
0.0
1001
REVIT
1002
{
1070
     1
1000
1602579
1002
}
1002
{
1070
     5
1000
1602304
1002
}
  0
LINE
  5
3AF
330
361
100
AcDbEntity
  8
Q-CASE
100
AcDbLine
 10
8992.908439416628
 20
36197.22449797116
 30
0.0
 11
8992.908439416628
 21
36165.37879741926
 31
0.0
1001
REVIT
1002
{
1070
     1
1000
1602579
1002
}
1002
{
1070
     5
1000
1602304
1002
}
  0
LINE
  5
3B0
330
361
100
AcDbEntity
  8
Q-CASE
100
AcDbLine
 10
8992.908439416628
 20
36165.37879741926
 30
0.0
 11
8989.073533438992
 21
36165.37879741926
 31
0.0
1001
REVIT
1002
{
1070
     1
1000
1602579
1002
}
1002
{
1070
     5
1000
1602304
1002
}
  0
LINE
  5
3B1
330
361
100
AcDbEntity
  8
Q-CASE
100
AcDbLine
 10
8992.908439416628
 20
37709.03550758798
 30
0.0
 11
8989.073533438992
 21
37709.03550758798
 31
0.0
1001
REVIT
1002
{
1070
     1
1000
1602579
1002
}
1002
{
1070
     5
1000
1602304
1002
}
  0
LINE
  5
3B2
330
361
100
AcDbEntity
  8
Q-CASE
100
AcDbLine
 10
8977.568815506087
 20
36172.50441135827
 30
0.0
 11
8977.568815506087
 21
36197.22449797116
 31
0.0
1001
REVIT
1002
{
1070
     1
1000
1602579
1002
}
1002
{
1070
     5
1000
1602304
1002
}
  0
LINE
  5
3B3
330
361
100
AcDbEntity
  8
Q-CASE
100
AcDbLine
 10
8977.568815506087
 20
36207.22449797116
 30
0.0
 11
8977.568815506087
 21
36241.83988258655
 31
0.0
1001
REVIT
1002
{
1070
     1
1000
1602579
1002
}
1002
{
1070
     5
1000
1602304
1002
}
  0
LINE
  5
3B4
330
361
100
AcDbEntity
  8
Q-CASE
100
AcDbLine
 10
8977.568815506087
 20
36251.83988258655
 30
0.0
 11
8977.568815506087
 21
36286.45526720192
 31
0.0
1001
REVIT
1002
{
1070
     1
1000
1602579
1002
}
1002
{
1070
     5
1000
1602304
1002
}
  0
LINE
  5
3B5
330
361
100
AcDbEntity
  8
Q-CASE
100
AcDbLine
 10
8977.568815506087
 20
36296.45526720193
 30
0.0
 11
8977.568815506087
 21
36331.07065181732
 31
0.0
1001
REVIT
1002
{
1070
     1
1000
1602579
1002
}
1002
{
1070
     5
1000
1602304
1002
}
  0
LINE
  5
3B6
330
361
100
AcDbEntity
  8
Q-CASE
100
AcDbLine
 10
8977.568815506087
 20
36341.07065181732
 30
0.0
 11
8977.568815506087
 21
36375.6860364327
 31
0.0
1001
REVIT
1002
{
1070
     1
1000
1602579
1002
}
1002
{
1070
     5
1000
1602304
1002
}
  0
LINE
  5
3B7
330
361
100
AcDbEntity
  8
Q-CASE
100
AcDbLine
 10
8977.568815506087
 20
36385.6860364327
 30
0.0
 11
8977.568815506087
 21
36420.30142104808
 31
0.0
1001
REVIT
1002
{
1070
     1
1000
1602579
1002
}
1002
{
1070
     5
1000
1602304
1002
}
  0
LINE
  5
3B8
330
361
100
AcDbEntity
  8
Q-CASE
100
AcDbLine
 10
8977.568815506087
 20
36430.30142104809
 30
0.0
 11
8977.568815506087
 21
36464.91680566347
 31
0.0
1001
REVIT
1002
{
1070
     1
1000
1602579
1002
}
1002
{
1070
     5
1000
1602304
1002
}
  0
LINE
  5
3B9
330
361
100
AcDbEntity
  8
Q-CASE
100
AcDbLine
 10
8977.568815506087
 20
36474.91680566347
 30
0.0
 11
8977.568815506087
 21
36509.53219027884
 31
0.0
1001
REVIT
1002
{
1070
     1
1000
1602579
1002
}
1002
{
1070
     5
1000
1602304
1002
}
  0
LINE
  5
3BA
330
361
100
AcDbEntity
  8
Q-CASE
100
AcDbLine
 10
8977.568815506087
 20
36519.53219027885
 30
0.0
 11
8977.568815506087
 21
36554.14757489423
 31
0.0
1001
REVIT
1002
{
1070
     1
1000
1602579
1002
}
1002
{
1070
     5
1000
1602304
1002
}
  0
LINE
  5
3BB
330
361
100
AcDbEntity
  8
Q-CASE
100
AcDbLine
 10
8977.568815506087
 20
36564.14757489423
 30
0.0
 11
8977.568815506087
 21
36598.76295950962
 31
0.0
1001
REVIT
1002
{
1070
     1
1000
1602579
1002
}
1002
{
1070
     5
1000
1602304
1002
}
  0
LINE
  5
3BC
330
361
100
AcDbEntity
  8
Q-CASE
100
AcDbLine
 10
8977.568815506087
 20
36608.76295950962
 30
0.0
 11
8977.568815506087
 21
36643.378344125
 31
0.0
1001
REVIT
1002
{
1070
     1
1000
1602579
1002
}
1002
{
1070
     5
1000
1602304
1002
}
  0
LINE
  5
3BD
330
361
100
AcDbEntity
  8
Q-CASE
100
AcDbLine
 10
8977.568815506087
 20
36653.37834412501
 30
0.0
 11
8977.568815506087
 21
36687.99372874039
 31
0.0
1001
REVIT
1002
{
1070
     1
1000
1602579
1002
}
1002
{
1070
     5
1000
1602304
1002
}
  0
LINE
  5
3BE
330
361
100
AcDbEntity
  8
Q-CASE
100
AcDbLine
 10
8977.568815506087
 20
36697.99372874039
 30
0.0
 11
8977.568815506087
 21
36732.60911335577
 31
0.0
1001
REVIT
1002
{
1070
     1
1000
1602579
1002
}
1002
{
1070
     5
1000
1602304
1002
}
  0
LINE
  5
3BF
330
361
100
AcDbEntity
  8
Q-CASE
100
AcDbLine
 10
8977.568815506087
 20
36742.60911335577
 30
0.0
 11
8977.568815506087
 21
36777.22449797116
 31
0.0
1001
REVIT
1002
{
1070
     1
1000
1602579
1002
}
1002
{
1070
     5
1000
1602304
1002
}
  0
LINE
  5
3C0
330
361
100
AcDbEntity
  8
Q-CASE
100
AcDbLine
 10
8977.568815506087
 20
36787.22449797116
 30
0.0
 11
8977.568815506087
 21
36821.83988258654
 31
0.0
1001
REVIT
1002
{
1070
     1
1000
1602579
1002
}
1002
{
1070
     5
1000
1602304
1002
}
  0
LINE
  5
3C1
330
361
100
AcDbEntity
  8
Q-CASE
100
AcDbLine
 10
8977.568815506087
 20
36831.83988258654
 30
0.0
 11
8977.568815506087
 21
36866.45526720192
 31
0.0
1001
REVIT
1002
{
1070
     1
1000
1602579
1002
}
1002
{
1070
     5
1000
1602304
1002
}
  0
LINE
  5
3C2
330
361
100
AcDbEntity
  8
Q-CASE
100
AcDbLine
 10
8977.568815506087
 20
36876.45526720192
 30
0.0
 11
8977.568815506087
 21
36911.07065181731
 31
0.0
1001
REVIT
1002
{
1070
     1
1000
1602579
1002
}
1002
{
1070
     5
1000
1602304
1002
}
  0
LINE
  5
3C3
330
361
100
AcDbEntity
  8
Q-CASE
100
AcDbLine
 10
8977.568815506087
 20
36921.07065181732
 30
0.0
 11
8977.568815506087
 21
36955.6860364327
 31
0.0
1001
REVIT
1002
{
1070
     1
1000
1602579
1002
}
1002
{
1070
     5
1000
1602304
1002
}
  0
LINE
  5
3C4
330
361
100
AcDbEntity
  8
Q-CASE
100
AcDbLine
 10
8977.568815506087
 20
36965.6860364327
 30
0.0
 11
8977.568815506087
 21
37000.30142104809
 31
0.0
1001
REVIT
1002
{
1070
     1
1000
1602579
1002
}
1002
{
1070
     5
1000
1602304
1002
}
  0
LINE
  5
3C5
330
361
100
AcDbEntity
  8
Q-CASE
100
AcDbLine
 10
8977.568815506087
 20
37010.30142104809
 30
0.0
 11
8977.568815506087
 21
37044.91680566346
 31
0.0
1001
REVIT
1002
{
1070
     1
1000
1602579
1002
}
1002
{
1070
     5
1000
1602304
1002
}
  0
LINE
  5
3C6
330
361
100
AcDbEntity
  8
Q-CASE
100
AcDbLine
 10
8977.568815506087
 20
37054.91680566346
 30
0.0
 11
8977.568815506087
 21
37089.53219027884
 31
0.0
1001
REVIT
1002
{
1070
     1
1000
1602579
1002
}
1002
{
1070
     5
1000
1602304
1002
}
  0
LINE
  5
3C7
330
361
100
AcDbEntity
  8
Q-CASE
100
AcDbLine
 10
8977.568815506087
 20
37099.53219027885
 30
0.0
 11
8977.568815506087
 21
37134.14757489423
 31
0.0
1001
REVIT
1002
{
1070
     1
1000
1602579
1002
}
1002
{
1070
     5
1000
1602304
1002
}
  0
LINE
  5
3C8
330
361
100
AcDbEntity
  8
Q-CASE
100
AcDbLine
 10
8977.568815506087
 20
37144.14757489423
 30
0.0
 11
8977.568815506087
 21
37178.76295950962
 31
0.0
1001
REVIT
1002
{
1070
     1
1000
1602579
1002
}
1002
{
1070
     5
1000
1602304
1002
}
  0
LINE
  5
3C9
330
361
100
AcDbEntity
  8
Q-CASE
100
AcDbLine
 10
8977.568815506087
 20
37188.76295950962
 30
0.0
 11
8977.568815506087
 21
37223.37834412501
 31
0.0
1001
REVIT
1002
{
1070
     1
1000
1602579
1002
}
1002
{
1070
     5
1000
1602304
1002
}
  0
LINE
  5
3CA
330
361
100
AcDbEntity
  8
Q-CASE
100
AcDbLine
 10
8977.568815506087
 20
37233.37834412501
 30
0.0
 11
8977.568815506087
 21
37267.99372874038
 31
0.0
1001
REVIT
1002
{
1070
     1
1000
1602579
1002
}
1002
{
1070
     5
1000
1602304
1002
}
  0
LINE
  5
3CB
330
361
100
AcDbEntity
  8
Q-CASE
100
AcDbLine
 10
8977.568815506087
 20
37277.99372874039
 30
0.0
 11
8977.568815506087
 21
37312.60911335577
 31
0.0
1001
REVIT
1002
{
1070
     1
1000
1602579
1002
}
1002
{
1070
     5
1000
1602304
1002
}
  0
LINE
  5
3CC
330
361
100
AcDbEntity
  8
Q-CASE
100
AcDbLine
 10
8977.568815506087
 20
37322.60911335577
 30
0.0
 11
8977.568815506087
 21
37357.22449797116
 31
0.0
1001
REVIT
1002
{
1070
     1
1000
1602579
1002
}
1002
{
1070
     5
1000
1602304
1002
}
  0
LINE
  5
3CD
330
361
100
AcDbEntity
  8
Q-CASE
100
AcDbLine
 10
8977.568815506087
 20
37367.22449797116
 30
0.0
 11
8977.568815506087
 21
37401.83988258654
 31
0.0
1001
REVIT
1002
{
1070
     1
1000
1602579
1002
}
1002
{
1070
     5
1000
1602304
1002
}
  0
LINE
  5
3CE
330
361
100
AcDbEntity
  8
Q-CASE
100
AcDbLine
 10
8977.568815506087
 20
37411.83988258654
 30
0.0
 11
8977.568815506087
 21
37446.45526720192
 31
0.0
1001
REVIT
1002
{
1070
     1
1000
1602579
1002
}
1002
{
1070
     5
1000
1602304
1002
}
  0
LINE
  5
3CF
330
361
100
AcDbEntity
  8
Q-CASE
100
AcDbLine
 10
8977.568815506087
 20
37456.45526720193
 30
0.0
 11
8977.568815506087
 21
37491.07065181731
 31
0.0
1001
REVIT
1002
{
1070
     1
1000
1602579
1002
}
1002
{
1070
     5
1000
1602304
1002
}
  0
LINE
  5
3D0
330
361
100
AcDbEntity
  8
Q-CASE
100
AcDbLine
 10
8977.568815506087
 20
37501.07065181731
 30
0.0
 11
8977.568815506087
 21
37535.6860364327
 31
0.0
1001
REVIT
1002
{
1070
     1
1000
1602579
1002
}
1002
{
1070
     5
1000
1602304
1002
}
  0
LINE
  5
3D1
330
361
100
AcDbEntity
  8
Q-CASE
100
AcDbLine
 10
8977.568815506087
 20
37545.6860364327
 30
0.0
 11
8977.568815506087
 21
37580.30142104808
 31
0.0
1001
REVIT
1002
{
1070
     1
1000
1602579
1002
}
1002
{
1070
     5
1000
1602304
1002
}
  0
LINE
  5
3D2
330
361
100
AcDbEntity
  8
Q-CASE
100
AcDbLine
 10
8977.568815506087
 20
37590.30142104809
 30
0.0
 11
8977.568815506087
 21
37624.91680566346
 31
0.0
1001
REVIT
1002
{
1070
     1
1000
1602579
1002
}
1002
{
1070
     5
1000
1602304
1002
}
  0
LINE
  5
3D3
330
361
100
AcDbEntity
  8
Q-CASE
100
AcDbLine
 10
8977.568815506087
 20
37634.91680566346
 30
0.0
 11
8977.568815506087
 21
37669.53219027885
 31
0.0
1001
REVIT
1002
{
1070
     1
1000
1602579
1002
}
1002
{
1070
     5
1000
1602304
1002
}
  0
LINE
  5
3D4
330
361
100
AcDbEntity
  8
Q-CASE
100
AcDbLine
 10
8977.568815506087
 20
37679.53219027885
 30
0.0
 11
8977.568815506087
 21
37708.03550758798
 31
0.0
1001
REVIT
1002
{
1070
     1
1000
1602579
1002
}
1002
{
1070
     5
1000
1602304
1002
}
  0
LINE
  5
3D5
330
361
100
AcDbEntity
  8
Q-CASE
100
AcDbLine
 10
8981.698714251232
 20
37708.03550758798
 30
0.0
 11
8981.698714251232
 21
37679.53219027885
 31
0.0
1001
REVIT
1002
{
1070
     1
1000
1602579
1002
}
1002
{
1070
     5
1000
1602304
1002
}
  0
LINE
  5
3D6
330
361
100
AcDbEntity
  8
Q-CASE
100
AcDbLine
 10
8981.698714251232
 20
37669.53219027885
 30
0.0
 11
8981.698714251232
 21
37634.91680566346
 31
0.0
1001
REVIT
1002
{
1070
     1
1000
1602579
1002
}
1002
{
1070
     5
1000
1602304
1002
}
  0
LINE
  5
3D7
330
361
100
AcDbEntity
  8
Q-CASE
100
AcDbLine
 10
8981.698714251232
 20
37624.91680566346
 30
0.0
 11
8981.698714251232
 21
37590.30142104809
 31
0.0
1001
REVIT
1002
{
1070
     1
1000
1602579
1002
}
1002
{
1070
     5
1000
1602304
1002
}
  0
LINE
  5
3D8
330
361
100
AcDbEntity
  8
Q-CASE
100
AcDbLine
 10
8981.698714251232
 20
37580.30142104808
 30
0.0
 11
8981.698714251232
 21
37545.6860364327
 31
0.0
1001
REVIT
1002
{
1070
     1
1000
1602579
1002
}
1002
{
1070
     5
1000
1602304
1002
}
  0
LINE
  5
3D9
330
361
100
AcDbEntity
  8
Q-CASE
100
AcDbLine
 10
8981.698714251232
 20
37535.6860364327
 30
0.0
 11
8981.698714251232
 21
37501.07065181731
 31
0.0
1001
REVIT
1002
{
1070
     1
1000
1602579
1002
}
1002
{
1070
     5
1000
1602304
1002
}
  0
LINE
  5
3DA
330
361
100
AcDbEntity
  8
Q-CASE
100
AcDbLine
 10
8981.698714251232
 20
37491.07065181731
 30
0.0
 11
8981.698714251232
 21
37456.45526720193
 31
0.0
1001
REVIT
1002
{
1070
     1
1000
1602579
1002
}
1002
{
1070
     5
1000
1602304
1002
}
  0
LINE
  5
3DB
330
361
100
AcDbEntity
  8
Q-CASE
100
AcDbLine
 10
8981.698714251232
 20
37446.45526720192
 30
0.0
 11
8981.698714251232
 21
37411.83988258654
 31
0.0
1001
REVIT
1002
{
1070
     1
1000
1602579
1002
}
1002
{
1070
     5
1000
1602304
1002
}
  0
LINE
  5
3DC
330
361
100
AcDbEntity
  8
Q-CASE
100
AcDbLine
 10
8981.698714251232
 20
37401.83988258654
 30
0.0
 11
8981.698714251232
 21
37367.22449797116
 31
0.0
1001
REVIT
1002
{
1070
     1
1000
1602579
1002
}
1002
{
1070
     5
1000
1602304
1002
}
  0
LINE
  5
3DD
330
361
100
AcDbEntity
  8
Q-CASE
100
AcDbLine
 10
8981.698714251232
 20
37357.22449797116
 30
0.0
 11
8981.698714251232
 21
37322.60911335577
 31
0.0
1001
REVIT
1002
{
1070
     1
1000
1602579
1002
}
1002
{
1070
     5
1000
1602304
1002
}
  0
LINE
  5
3DE
330
361
100
AcDbEntity
  8
Q-CASE
100
AcDbLine
 10
8981.698714251232
 20
37312.60911335577
 30
0.0
 11
8981.698714251232
 21
37277.99372874039
 31
0.0
1001
REVIT
1002
{
1070
     1
1000
1602579
1002
}
1002
{
1070
     5
1000
1602304
1002
}
  0
LINE
  5
3DF
330
361
100
AcDbEntity
  8
Q-CASE
100
AcDbLine
 10
8981.698714251232
 20
37267.99372874038
 30
0.0
 11
8981.698714251232
 21
37233.37834412501
 31
0.0
1001
REVIT
1002
{
1070
     1
1000
1602579
1002
}
1002
{
1070
     5
1000
1602304
1002
}
  0
LINE
  5
3E0
330
361
100
AcDbEntity
  8
Q-CASE
100
AcDbLine
 10
8981.698714251232
 20
37223.37834412501
 30
0.0
 11
8981.698714251232
 21
37188.76295950962
 31
0.0
1001
REVIT
1002
{
1070
     1
1000
1602579
1002
}
1002
{
1070
     5
1000
1602304
1002
}
  0
LINE
  5
3E1
330
361
100
AcDbEntity
  8
Q-CASE
100
AcDbLine
 10
8981.698714251232
 20
37178.76295950962
 30
0.0
 11
8981.698714251232
 21
37144.14757489423
 31
0.0
1001
REVIT
1002
{
1070
     1
1000
1602579
1002
}
1002
{
1070
     5
1000
1602304
1002
}
  0
LINE
  5
3E2
330
361
100
AcDbEntity
  8
Q-CASE
100
AcDbLine
 10
8981.698714251232
 20
37134.14757489423
 30
0.0
 11
8981.698714251232
 21
37099.53219027885
 31
0.0
1001
REVIT
1002
{
1070
     1
1000
1602579
1002
}
1002
{
1070
     5
1000
1602304
1002
}
  0
LINE
  5
3E3
330
361
100
AcDbEntity
  8
Q-CASE
100
AcDbLine
 10
8981.698714251232
 20
37089.53219027884
 30
0.0
 11
8981.698714251232
 21
37054.91680566346
 31
0.0
1001
REVIT
1002
{
1070
     1
1000
1602579
1002
}
1002
{
1070
     5
1000
1602304
1002
}
  0
LINE
  5
3E4
330
361
100
AcDbEntity
  8
Q-CASE
100
AcDbLine
 10
8981.698714251232
 20
37044.91680566346
 30
0.0
 11
8981.698714251232
 21
37010.30142104809
 31
0.0
1001
REVIT
1002
{
1070
     1
1000
1602579
1002
}
1002
{
1070
     5
1000
1602304
1002
}
  0
LINE
  5
3E5
330
361
100
AcDbEntity
  8
Q-CASE
100
AcDbLine
 10
8981.698714251232
 20
37000.30142104809
 30
0.0
 11
8981.698714251232
 21
36965.6860364327
 31
0.0
1001
REVIT
1002
{
1070
     1
1000
1602579
1002
}
1002
{
1070
     5
1000
1602304
1002
}
  0
LINE
  5
3E6
330
361
100
AcDbEntity
  8
Q-CASE
100
AcDbLine
 10
8981.698714251232
 20
36955.6860364327
 30
0.0
 11
8981.698714251232
 21
36921.07065181732
 31
0.0
1001
REVIT
1002
{
1070
     1
1000
1602579
1002
}
1002
{
1070
     5
1000
1602304
1002
}
  0
LINE
  5
3E7
330
361
100
AcDbEntity
  8
Q-CASE
100
AcDbLine
 10
8981.698714251232
 20
36911.07065181731
 30
0.0
 11
8981.698714251232
 21
36876.45526720192
 31
0.0
1001
REVIT
1002
{
1070
     1
1000
1602579
1002
}
1002
{
1070
     5
1000
1602304
1002
}
  0
LINE
  5
3E8
330
361
100
AcDbEntity
  8
Q-CASE
100
AcDbLine
 10
8981.698714251232
 20
36866.45526720193
 30
0.0
 11
8981.698714251232
 21
36831.83988258654
 31
0.0
1001
REVIT
1002
{
1070
     1
1000
1602579
1002
}
1002
{
1070
     5
1000
1602304
1002
}
  0
LINE
  5
3E9
330
361
100
AcDbEntity
  8
Q-CASE
100
AcDbLine
 10
8981.698714251232
 20
36821.83988258654
 30
0.0
 11
8981.698714251232
 21
36787.22449797116
 31
0.0
1001
REVIT
1002
{
1070
     1
1000
1602579
1002
}
1002
{
1070
     5
1000
1602304
1002
}
  0
LINE
  5
3EA
330
361
100
AcDbEntity
  8
Q-CASE
100
AcDbLine
 10
8981.698714251232
 20
36777.22449797116
 30
0.0
 11
8981.698714251232
 21
36742.60911335577
 31
0.0
1001
REVIT
1002
{
1070
     1
1000
1602579
1002
}
1002
{
1070
     5
1000
1602304
1002
}
  0
LINE
  5
3EB
330
361
100
AcDbEntity
  8
Q-CASE
100
AcDbLine
 10
8981.698714251232
 20
36732.60911335577
 30
0.0
 11
8981.698714251232
 21
36697.99372874039
 31
0.0
1001
REVIT
1002
{
1070
     1
1000
1602579
1002
}
1002
{
1070
     5
1000
1602304
1002
}
  0
LINE
  5
3EC
330
361
100
AcDbEntity
  8
Q-CASE
100
AcDbLine
 10
8981.698714251232
 20
36687.99372874039
 30
0.0
 11
8981.698714251232
 21
36653.37834412501
 31
0.0
1001
REVIT
1002
{
1070
     1
1000
1602579
1002
}
1002
{
1070
     5
1000
1602304
1002
}
  0
LINE
  5
3ED
330
361
100
AcDbEntity
  8
Q-CASE
100
AcDbLine
 10
8981.698714251232
 20
36643.37834412501
 30
0.0
 11
8981.698714251232
 21
36608.76295950962
 31
0.0
1001
REVIT
1002
{
1070
     1
1000
1602579
1002
}
1002
{
1070
     5
1000
1602304
1002
}
  0
LINE
  5
3EE
330
361
100
AcDbEntity
  8
Q-CASE
100
AcDbLine
 10
8981.698714251232
 20
36598.76295950962
 30
0.0
 11
8981.698714251232
 21
36564.14757489423
 31
0.0
1001
REVIT
1002
{
1070
     1
1000
1602579
1002
}
1002
{
1070
     5
1000
1602304
1002
}
  0
LINE
  5
3EF
330
361
100
AcDbEntity
  8
Q-CASE
100
AcDbLine
 10
8981.698714251232
 20
36554.14757489423
 30
0.0
 11
8981.698714251232
 21
36519.53219027885
 31
0.0
1001
REVIT
1002
{
1070
     1
1000
1602579
1002
}
1002
{
1070
     5
1000
1602304
1002
}
  0
LINE
  5
3F0
330
361
100
AcDbEntity
  8
Q-CASE
100
AcDbLine
 10
8981.698714251232
 20
36509.53219027884
 30
0.0
 11
8981.698714251232
 21
36474.91680566347
 31
0.0
1001
REVIT
1002
{
1070
     1
1000
1602579
1002
}
1002
{
1070
     5
1000
1602304
1002
}
  0
LINE
  5
3F1
330
361
100
AcDbEntity
  8
Q-CASE
100
AcDbLine
 10
8981.698714251232
 20
36464.91680566347
 30
0.0
 11
8981.698714251232
 21
36430.30142104809
 31
0.0
1001
REVIT
1002
{
1070
     1
1000
1602579
1002
}
1002
{
1070
     5
1000
1602304
1002
}
  0
LINE
  5
3F2
330
361
100
AcDbEntity
  8
Q-CASE
100
AcDbLine
 10
8981.698714251232
 20
36420.30142104808
 30
0.0
 11
8981.698714251232
 21
36385.6860364327
 31
0.0
1001
REVIT
1002
{
1070
     1
1000
1602579
1002
}
1002
{
1070
     5
1000
1602304
1002
}
  0
LINE
  5
3F3
330
361
100
AcDbEntity
  8
Q-CASE
100
AcDbLine
 10
8981.698714251232
 20
36375.6860364327
 30
0.0
 11
8981.698714251232
 21
36341.07065181732
 31
0.0
1001
REVIT
1002
{
1070
     1
1000
1602579
1002
}
1002
{
1070
     5
1000
1602304
1002
}
  0
LINE
  5
3F4
330
361
100
AcDbEntity
  8
Q-CASE
100
AcDbLine
 10
8981.698714251232
 20
36331.07065181732
 30
0.0
 11
8981.698714251232
 21
36296.45526720193
 31
0.0
1001
REVIT
1002
{
1070
     1
1000
1602579
1002
}
1002
{
1070
     5
1000
1602304
1002
}
  0
LINE
  5
3F5
330
361
100
AcDbEntity
  8
Q-CASE
100
AcDbLine
 10
8981.698714251232
 20
36286.45526720192
 30
0.0
 11
8981.698714251232
 21
36251.83988258655
 31
0.0
1001
REVIT
1002
{
1070
     1
1000
1602579
1002
}
1002
{
1070
     5
1000
1602304
1002
}
  0
LINE
  5
3F6
330
361
100
AcDbEntity
  8
Q-CASE
100
AcDbLine
 10
8981.698714251232
 20
36241.83988258655
 30
0.0
 11
8981.698714251232
 21
36207.22449797116
 31
0.0
1001
REVIT
1002
{
1070
     1
1000
1602579
1002
}
1002
{
1070
     5
1000
1602304
1002
}
  0
LINE
  5
3F7
330
361
100
AcDbEntity
  8
Q-CASE
100
AcDbLine
 10
8981.698714251232
 20
36197.22449797116
 30
0.0
 11
8981.698714251232
 21
36172.50441135827
 31
0.0
1001
REVIT
1002
{
1070
     1
1000
1602579
1002
}
1002
{
1070
     5
1000
1602304
1002
}
  0
LINE
  5
3F8
330
361
100
AcDbEntity
  8
Q-CASE
100
AcDbLine
 10
8981.698714251232
 20
36172.50441135827
 30
0.0
 11
8977.568815506087
 21
36172.50441135827
 31
0.0
1001
REVIT
1002
{
1070
     1
1000
1602579
1002
}
1002
{
1070
     5
1000
1602304
1002
}
  0
LINE
  5
3F9
330
361
100
AcDbEntity
  8
Q-CASE
100
AcDbLine
 10
8981.698714251232
 20
37708.03550758798
 30
0.0
 11
8977.568815506087
 21
37708.03550758798
 31
0.0
1001
REVIT
1002
{
1070
     1
1000
1602579
1002
}
1002
{
1070
     5
1000
1602304
1002
}
  0
LINE
  5
3FA
330
361
100
AcDbEntity
  8
Q-CASE
100
AcDbLine
 10
8959.463382853535
 20
36197.22449797116
 30
0.0
 11
8959.463382853535
 21
36207.22449797116
 31
0.0
1001
REVIT
1002
{
1070
     1
1000
1602579
1002
}
1002
{
1070
     5
1000
1602304
1002
}
  0
LINE
  5
3FB
330
361
100
AcDbEntity
  8
Q-CASE
100
AcDbLine
 10
8959.463382853535
 20
36197.22449797116
 30
0.0
 11
9009.463382853533
 21
36197.22449797116
 31
0.0
1001
REVIT
1002
{
1070
     1
1000
1602579
1002
}
1002
{
1070
     5
1000
1602304
1002
}
  0
LINE
  5
3FC
330
361
100
AcDbEntity
  8
Q-CASE
100
AcDbLine
 10
9009.463382853533
 20
36207.22449797116
 30
0.0
 11
8959.463382853535
 21
36207.22449797116
 31
0.0
1001
REVIT
1002
{
1070
     1
1000
1602579
1002
}
1002
{
1070
     5
1000
1602304
1002
}
  0
LINE
  5
3FD
330
361
100
AcDbEntity
  8
Q-CASE
100
AcDbLine
 10
8959.463382853535
 20
36241.83988258654
 30
0.0
 11
8959.463382853535
 21
36251.83988258654
 31
0.0
1001
REVIT
1002
{
1070
     1
1000
1602579
1002
}
1002
{
1070
     5
1000
1602304
1002
}
  0
LINE
  5
3FE
330
361
100
AcDbEntity
  8
Q-CASE
100
AcDbLine
 10
8959.463382853535
 20
36241.83988258654
 30
0.0
 11
9009.463382853533
 21
36241.83988258654
 31
0.0
1001
REVIT
1002
{
1070
     1
1000
1602579
1002
}
1002
{
1070
     5
1000
1602304
1002
}
  0
LINE
  5
3FF
330
361
100
AcDbEntity
  8
Q-CASE
100
AcDbLine
 10
9009.463382853533
 20
36251.83988258654
 30
0.0
 11
8959.463382853535
 21
36251.83988258654
 31
0.0
1001
REVIT
1002
{
1070
     1
1000
1602579
1002
}
1002
{
1070
     5
1000
1602304
1002
}
  0
LINE
  5
400
330
361
100
AcDbEntity
  8
Q-CASE
100
AcDbLine
 10
8959.463382853535
 20
36286.45526720192
 30
0.0
 11
8959.463382853535
 21
36296.45526720193
 31
0.0
1001
REVIT
1002
{
1070
     1
1000
1602579
1002
}
1002
{
1070
     5
1000
1602304
1002
}
  0
LINE
  5
401
330
361
100
AcDbEntity
  8
Q-CASE
100
AcDbLine
 10
8959.463382853535
 20
36286.45526720192
 30
0.0
 11
9009.463382853533
 21
36286.45526720192
 31
0.0
1001
REVIT
1002
{
1070
     1
1000
1602579
1002
}
1002
{
1070
     5
1000
1602304
1002
}
  0
LINE
  5
402
330
361
100
AcDbEntity
  8
Q-CASE
100
AcDbLine
 10
9009.463382853533
 20
36296.45526720193
 30
0.0
 11
8959.463382853535
 21
36296.45526720193
 31
0.0
1001
REVIT
1002
{
1070
     1
1000
1602579
1002
}
1002
{
1070
     5
1000
1602304
1002
}
  0
LINE
  5
403
330
361
100
AcDbEntity
  8
Q-CASE
100
AcDbLine
 10
8959.463382853535
 20
36331.07065181731
 30
0.0
 11
8959.463382853535
 21
36341.07065181731
 31
0.0
1001
REVIT
1002
{
1070
     1
1000
1602579
1002
}
1002
{
1070
     5
1000
1602304
1002
}
  0
LINE
  5
404
330
361
100
AcDbEntity
  8
Q-CASE
100
AcDbLine
 10
8959.463382853535
 20
36331.07065181731
 30
0.0
 11
9009.463382853533
 21
36331.07065181731
 31
0.0
1001
REVIT
1002
{
1070
     1
1000
1602579
1002
}
1002
{
1070
     5
1000
1602304
1002
}
  0
LINE
  5
405
330
361
100
AcDbEntity
  8
Q-CASE
100
AcDbLine
 10
9009.463382853533
 20
36341.07065181731
 30
0.0
 11
8959.463382853535
 21
36341.07065181731
 31
0.0
1001
REVIT
1002
{
1070
     1
1000
1602579
1002
}
1002
{
1070
     5
1000
1602304
1002
}
  0
LINE
  5
406
330
361
100
AcDbEntity
  8
Q-CASE
100
AcDbLine
 10
8959.463382853535
 20
36375.6860364327
 30
0.0
 11
8959.463382853535
 21
36385.6860364327
 31
0.0
1001
REVIT
1002
{
1070
     1
1000
1602579
1002
}
1002
{
1070
     5
1000
1602304
1002
}
  0
LINE
  5
407
330
361
100
AcDbEntity
  8
Q-CASE
100
AcDbLine
 10
8959.463382853535
 20
36375.6860364327
 30
0.0
 11
9009.463382853533
 21
36375.6860364327
 31
0.0
1001
REVIT
1002
{
1070
     1
1000
1602579
1002
}
1002
{
1070
     5
1000
1602304
1002
}
  0
LINE
  5
408
330
361
100
AcDbEntity
  8
Q-CASE
100
AcDbLine
 10
9009.463382853533
 20
36385.6860364327
 30
0.0
 11
8959.463382853535
 21
36385.6860364327
 31
0.0
1001
REVIT
1002
{
1070
     1
1000
1602579
1002
}
1002
{
1070
     5
1000
1602304
1002
}
  0
LINE
  5
409
330
361
100
AcDbEntity
  8
Q-CASE
100
AcDbLine
 10
8959.463382853535
 20
36420.30142104808
 30
0.0
 11
8959.463382853535
 21
36430.30142104809
 31
0.0
1001
REVIT
1002
{
1070
     1
1000
1602579
1002
}
1002
{
1070
     5
1000
1602304
1002
}
  0
LINE
  5
40A
330
361
100
AcDbEntity
  8
Q-CASE
100
AcDbLine
 10
8959.463382853535
 20
36420.30142104808
 30
0.0
 11
9009.463382853533
 21
36420.30142104808
 31
0.0
1001
REVIT
1002
{
1070
     1
1000
1602579
1002
}
1002
{
1070
     5
1000
1602304
1002
}
  0
LINE
  5
40B
330
361
100
AcDbEntity
  8
Q-CASE
100
AcDbLine
 10
9009.463382853533
 20
36430.30142104809
 30
0.0
 11
8959.463382853535
 21
36430.30142104809
 31
0.0
1001
REVIT
1002
{
1070
     1
1000
1602579
1002
}
1002
{
1070
     5
1000
1602304
1002
}
  0
LINE
  5
40C
330
361
100
AcDbEntity
  8
Q-CASE
100
AcDbLine
 10
8959.463382853535
 20
36464.91680566346
 30
0.0
 11
8959.463382853535
 21
36474.91680566347
 31
0.0
1001
REVIT
1002
{
1070
     1
1000
1602579
1002
}
1002
{
1070
     5
1000
1602304
1002
}
  0
LINE
  5
40D
330
361
100
AcDbEntity
  8
Q-CASE
100
AcDbLine
 10
8959.463382853535
 20
36464.91680566346
 30
0.0
 11
9009.463382853533
 21
36464.91680566346
 31
0.0
1001
REVIT
1002
{
1070
     1
1000
1602579
1002
}
1002
{
1070
     5
1000
1602304
1002
}
  0
LINE
  5
40E
330
361
100
AcDbEntity
  8
Q-CASE
100
AcDbLine
 10
9009.463382853533
 20
36474.91680566347
 30
0.0
 11
8959.463382853535
 21
36474.91680566347
 31
0.0
1001
REVIT
1002
{
1070
     1
1000
1602579
1002
}
1002
{
1070
     5
1000
1602304
1002
}
  0
LINE
  5
40F
330
361
100
AcDbEntity
  8
Q-CASE
100
AcDbLine
 10
8959.463382853535
 20
36509.53219027884
 30
0.0
 11
8959.463382853535
 21
36519.53219027885
 31
0.0
1001
REVIT
1002
{
1070
     1
1000
1602579
1002
}
1002
{
1070
     5
1000
1602304
1002
}
  0
LINE
  5
410
330
361
100
AcDbEntity
  8
Q-CASE
100
AcDbLine
 10
8959.463382853535
 20
36509.53219027884
 30
0.0
 11
9009.463382853533
 21
36509.53219027884
 31
0.0
1001
REVIT
1002
{
1070
     1
1000
1602579
1002
}
1002
{
1070
     5
1000
1602304
1002
}
  0
LINE
  5
411
330
361
100
AcDbEntity
  8
Q-CASE
100
AcDbLine
 10
9009.463382853533
 20
36519.53219027885
 30
0.0
 11
8959.463382853535
 21
36519.53219027885
 31
0.0
1001
REVIT
1002
{
1070
     1
1000
1602579
1002
}
1002
{
1070
     5
1000
1602304
1002
}
  0
LINE
  5
412
330
361
100
AcDbEntity
  8
Q-CASE
100
AcDbLine
 10
8959.463382853535
 20
36554.14757489423
 30
0.0
 11
8959.463382853535
 21
36564.14757489423
 31
0.0
1001
REVIT
1002
{
1070
     1
1000
1602579
1002
}
1002
{
1070
     5
1000
1602304
1002
}
  0
LINE
  5
413
330
361
100
AcDbEntity
  8
Q-CASE
100
AcDbLine
 10
8959.463382853535
 20
36554.14757489423
 30
0.0
 11
9009.463382853533
 21
36554.14757489423
 31
0.0
1001
REVIT
1002
{
1070
     1
1000
1602579
1002
}
1002
{
1070
     5
1000
1602304
1002
}
  0
LINE
  5
414
330
361
100
AcDbEntity
  8
Q-CASE
100
AcDbLine
 10
9009.463382853533
 20
36564.14757489423
 30
0.0
 11
8959.463382853535
 21
36564.14757489423
 31
0.0
1001
REVIT
1002
{
1070
     1
1000
1602579
1002
}
1002
{
1070
     5
1000
1602304
1002
}
  0
LINE
  5
415
330
361
100
AcDbEntity
  8
Q-CASE
100
AcDbLine
 10
8959.463382853535
 20
36598.76295950962
 30
0.0
 11
8959.463382853535
 21
36608.76295950962
 31
0.0
1001
REVIT
1002
{
1070
     1
1000
1602579
1002
}
1002
{
1070
     5
1000
1602304
1002
}
  0
LINE
  5
416
330
361
100
AcDbEntity
  8
Q-CASE
100
AcDbLine
 10
8959.463382853535
 20
36598.76295950962
 30
0.0
 11
9009.463382853533
 21
36598.76295950962
 31
0.0
1001
REVIT
1002
{
1070
     1
1000
1602579
1002
}
1002
{
1070
     5
1000
1602304
1002
}
  0
LINE
  5
417
330
361
100
AcDbEntity
  8
Q-CASE
100
AcDbLine
 10
9009.463382853533
 20
36608.76295950962
 30
0.0
 11
8959.463382853535
 21
36608.76295950962
 31
0.0
1001
REVIT
1002
{
1070
     1
1000
1602579
1002
}
1002
{
1070
     5
1000
1602304
1002
}
  0
LINE
  5
418
330
361
100
AcDbEntity
  8
Q-CASE
100
AcDbLine
 10
8959.463382853535
 20
36643.378344125
 30
0.0
 11
8959.463382853535
 21
36653.37834412501
 31
0.0
1001
REVIT
1002
{
1070
     1
1000
1602579
1002
}
1002
{
1070
     5
1000
1602304
1002
}
  0
LINE
  5
419
330
361
100
AcDbEntity
  8
Q-CASE
100
AcDbLine
 10
8959.463382853535
 20
36643.378344125
 30
0.0
 11
9009.463382853533
 21
36643.378344125
 31
0.0
1001
REVIT
1002
{
1070
     1
1000
1602579
1002
}
1002
{
1070
     5
1000
1602304
1002
}
  0
LINE
  5
41A
330
361
100
AcDbEntity
  8
Q-CASE
100
AcDbLine
 10
9009.463382853533
 20
36653.37834412501
 30
0.0
 11
8959.463382853535
 21
36653.37834412501
 31
0.0
1001
REVIT
1002
{
1070
     1
1000
1602579
1002
}
1002
{
1070
     5
1000
1602304
1002
}
  0
LINE
  5
41B
330
361
100
AcDbEntity
  8
Q-CASE
100
AcDbLine
 10
8959.463382853535
 20
36687.99372874039
 30
0.0
 11
8959.463382853535
 21
36697.99372874039
 31
0.0
1001
REVIT
1002
{
1070
     1
1000
1602579
1002
}
1002
{
1070
     5
1000
1602304
1002
}
  0
LINE
  5
41C
330
361
100
AcDbEntity
  8
Q-CASE
100
AcDbLine
 10
8959.463382853535
 20
36687.99372874039
 30
0.0
 11
9009.463382853533
 21
36687.99372874039
 31
0.0
1001
REVIT
1002
{
1070
     1
1000
1602579
1002
}
1002
{
1070
     5
1000
1602304
1002
}
  0
LINE
  5
41D
330
361
100
AcDbEntity
  8
Q-CASE
100
AcDbLine
 10
9009.463382853533
 20
36697.99372874039
 30
0.0
 11
8959.463382853535
 21
36697.99372874039
 31
0.0
1001
REVIT
1002
{
1070
     1
1000
1602579
1002
}
1002
{
1070
     5
1000
1602304
1002
}
  0
LINE
  5
41E
330
361
100
AcDbEntity
  8
Q-CASE
100
AcDbLine
 10
8959.463382853535
 20
36732.60911335577
 30
0.0
 11
8959.463382853535
 21
36742.60911335577
 31
0.0
1001
REVIT
1002
{
1070
     1
1000
1602579
1002
}
1002
{
1070
     5
1000
1602304
1002
}
  0
LINE
  5
41F
330
361
100
AcDbEntity
  8
Q-CASE
100
AcDbLine
 10
8959.463382853535
 20
36732.60911335577
 30
0.0
 11
9009.463382853533
 21
36732.60911335577
 31
0.0
1001
REVIT
1002
{
1070
     1
1000
1602579
1002
}
1002
{
1070
     5
1000
1602304
1002
}
  0
LINE
  5
420
330
361
100
AcDbEntity
  8
Q-CASE
100
AcDbLine
 10
9009.463382853533
 20
36742.60911335577
 30
0.0
 11
8959.463382853535
 21
36742.60911335577
 31
0.0
1001
REVIT
1002
{
1070
     1
1000
1602579
1002
}
1002
{
1070
     5
1000
1602304
1002
}
  0
LINE
  5
421
330
361
100
AcDbEntity
  8
Q-CASE
100
AcDbLine
 10
8959.463382853535
 20
36777.22449797116
 30
0.0
 11
8959.463382853535
 21
36787.22449797116
 31
0.0
1001
REVIT
1002
{
1070
     1
1000
1602579
1002
}
1002
{
1070
     5
1000
1602304
1002
}
  0
LINE
  5
422
330
361
100
AcDbEntity
  8
Q-CASE
100
AcDbLine
 10
8959.463382853535
 20
36777.22449797116
 30
0.0
 11
9009.463382853533
 21
36777.22449797116
 31
0.0
1001
REVIT
1002
{
1070
     1
1000
1602579
1002
}
1002
{
1070
     5
1000
1602304
1002
}
  0
LINE
  5
423
330
361
100
AcDbEntity
  8
Q-CASE
100
AcDbLine
 10
9009.463382853533
 20
36787.22449797116
 30
0.0
 11
8959.463382853535
 21
36787.22449797116
 31
0.0
1001
REVIT
1002
{
1070
     1
1000
1602579
1002
}
1002
{
1070
     5
1000
1602304
1002
}
  0
LINE
  5
424
330
361
100
AcDbEntity
  8
Q-CASE
100
AcDbLine
 10
8959.463382853535
 20
36821.83988258654
 30
0.0
 11
8959.463382853535
 21
36831.83988258654
 31
0.0
1001
REVIT
1002
{
1070
     1
1000
1602579
1002
}
1002
{
1070
     5
1000
1602304
1002
}
  0
LINE
  5
425
330
361
100
AcDbEntity
  8
Q-CASE
100
AcDbLine
 10
8959.463382853535
 20
36821.83988258654
 30
0.0
 11
9009.463382853533
 21
36821.83988258654
 31
0.0
1001
REVIT
1002
{
1070
     1
1000
1602579
1002
}
1002
{
1070
     5
1000
1602304
1002
}
  0
LINE
  5
426
330
361
100
AcDbEntity
  8
Q-CASE
100
AcDbLine
 10
9009.463382853533
 20
36831.83988258654
 30
0.0
 11
8959.463382853535
 21
36831.83988258654
 31
0.0
1001
REVIT
1002
{
1070
     1
1000
1602579
1002
}
1002
{
1070
     5
1000
1602304
1002
}
  0
LINE
  5
427
330
361
100
AcDbEntity
  8
Q-CASE
100
AcDbLine
 10
8959.463382853535
 20
36866.45526720192
 30
0.0
 11
8959.463382853535
 21
36876.45526720192
 31
0.0
1001
REVIT
1002
{
1070
     1
1000
1602579
1002
}
1002
{
1070
     5
1000
1602304
1002
}
  0
LINE
  5
428
330
361
100
AcDbEntity
  8
Q-CASE
100
AcDbLine
 10
8959.463382853535
 20
36866.45526720192
 30
0.0
 11
9009.463382853533
 21
36866.45526720192
 31
0.0
1001
REVIT
1002
{
1070
     1
1000
1602579
1002
}
1002
{
1070
     5
1000
1602304
1002
}
  0
LINE
  5
429
330
361
100
AcDbEntity
  8
Q-CASE
100
AcDbLine
 10
9009.463382853533
 20
36876.45526720192
 30
0.0
 11
8959.463382853535
 21
36876.45526720192
 31
0.0
1001
REVIT
1002
{
1070
     1
1000
1602579
1002
}
1002
{
1070
     5
1000
1602304
1002
}
  0
LINE
  5
42A
330
361
100
AcDbEntity
  8
Q-CASE
100
AcDbLine
 10
8959.463382853535
 20
36911.07065181731
 30
0.0
 11
8959.463382853535
 21
36921.07065181731
 31
0.0
1001
REVIT
1002
{
1070
     1
1000
1602579
1002
}
1002
{
1070
     5
1000
1602304
1002
}
  0
LINE
  5
42B
330
361
100
AcDbEntity
  8
Q-CASE
100
AcDbLine
 10
8959.463382853535
 20
36911.07065181731
 30
0.0
 11
9009.463382853533
 21
36911.07065181731
 31
0.0
1001
REVIT
1002
{
1070
     1
1000
1602579
1002
}
1002
{
1070
     5
1000
1602304
1002
}
  0
LINE
  5
42C
330
361
100
AcDbEntity
  8
Q-CASE
100
AcDbLine
 10
9009.463382853533
 20
36921.07065181731
 30
0.0
 11
8959.463382853535
 21
36921.07065181731
 31
0.0
1001
REVIT
1002
{
1070
     1
1000
1602579
1002
}
1002
{
1070
     5
1000
1602304
1002
}
  0
LINE
  5
42D
330
361
100
AcDbEntity
  8
Q-CASE
100
AcDbLine
 10
8959.463382853535
 20
36955.6860364327
 30
0.0
 11
8959.463382853535
 21
36965.6860364327
 31
0.0
1001
REVIT
1002
{
1070
     1
1000
1602579
1002
}
1002
{
1070
     5
1000
1602304
1002
}
  0
LINE
  5
42E
330
361
100
AcDbEntity
  8
Q-CASE
100
AcDbLine
 10
8959.463382853535
 20
36955.6860364327
 30
0.0
 11
9009.463382853533
 21
36955.6860364327
 31
0.0
1001
REVIT
1002
{
1070
     1
1000
1602579
1002
}
1002
{
1070
     5
1000
1602304
1002
}
  0
LINE
  5
42F
330
361
100
AcDbEntity
  8
Q-CASE
100
AcDbLine
 10
9009.463382853533
 20
36965.6860364327
 30
0.0
 11
8959.463382853535
 21
36965.6860364327
 31
0.0
1001
REVIT
1002
{
1070
     1
1000
1602579
1002
}
1002
{
1070
     5
1000
1602304
1002
}
  0
LINE
  5
430
330
361
100
AcDbEntity
  8
Q-CASE
100
AcDbLine
 10
8959.463382853535
 20
37000.30142104808
 30
0.0
 11
8959.463382853535
 21
37010.30142104808
 31
0.0
1001
REVIT
1002
{
1070
     1
1000
1602579
1002
}
1002
{
1070
     5
1000
1602304
1002
}
  0
LINE
  5
431
330
361
100
AcDbEntity
  8
Q-CASE
100
AcDbLine
 10
8959.463382853535
 20
37000.30142104808
 30
0.0
 11
9009.463382853533
 21
37000.30142104808
 31
0.0
1001
REVIT
1002
{
1070
     1
1000
1602579
1002
}
1002
{
1070
     5
1000
1602304
1002
}
  0
LINE
  5
432
330
361
100
AcDbEntity
  8
Q-CASE
100
AcDbLine
 10
9009.463382853533
 20
37010.30142104808
 30
0.0
 11
8959.463382853535
 21
37010.30142104808
 31
0.0
1001
REVIT
1002
{
1070
     1
1000
1602579
1002
}
1002
{
1070
     5
1000
1602304
1002
}
  0
LINE
  5
433
330
361
100
AcDbEntity
  8
Q-CASE
100
AcDbLine
 10
8959.463382853535
 20
37044.91680566346
 30
0.0
 11
8959.463382853535
 21
37054.91680566346
 31
0.0
1001
REVIT
1002
{
1070
     1
1000
1602579
1002
}
1002
{
1070
     5
1000
1602304
1002
}
  0
LINE
  5
434
330
361
100
AcDbEntity
  8
Q-CASE
100
AcDbLine
 10
8959.463382853535
 20
37044.91680566346
 30
0.0
 11
9009.463382853533
 21
37044.91680566346
 31
0.0
1001
REVIT
1002
{
1070
     1
1000
1602579
1002
}
1002
{
1070
     5
1000
1602304
1002
}
  0
LINE
  5
435
330
361
100
AcDbEntity
  8
Q-CASE
100
AcDbLine
 10
9009.463382853533
 20
37054.91680566346
 30
0.0
 11
8959.463382853535
 21
37054.91680566346
 31
0.0
1001
REVIT
1002
{
1070
     1
1000
1602579
1002
}
1002
{
1070
     5
1000
1602304
1002
}
  0
LINE
  5
436
330
361
100
AcDbEntity
  8
Q-CASE
100
AcDbLine
 10
8959.463382853535
 20
37089.53219027884
 30
0.0
 11
8959.463382853535
 21
37099.53219027885
 31
0.0
1001
REVIT
1002
{
1070
     1
1000
1602579
1002
}
1002
{
1070
     5
1000
1602304
1002
}
  0
LINE
  5
437
330
361
100
AcDbEntity
  8
Q-CASE
100
AcDbLine
 10
8959.463382853535
 20
37089.53219027884
 30
0.0
 11
9009.463382853533
 21
37089.53219027884
 31
0.0
1001
REVIT
1002
{
1070
     1
1000
1602579
1002
}
1002
{
1070
     5
1000
1602304
1002
}
  0
LINE
  5
438
330
361
100
AcDbEntity
  8
Q-CASE
100
AcDbLine
 10
9009.463382853533
 20
37099.53219027885
 30
0.0
 11
8959.463382853535
 21
37099.53219027885
 31
0.0
1001
REVIT
1002
{
1070
     1
1000
1602579
1002
}
1002
{
1070
     5
1000
1602304
1002
}
  0
LINE
  5
439
330
361
100
AcDbEntity
  8
Q-CASE
100
AcDbLine
 10
8959.463382853535
 20
37134.14757489423
 30
0.0
 11
8959.463382853535
 21
37144.14757489423
 31
0.0
1001
REVIT
1002
{
1070
     1
1000
1602579
1002
}
1002
{
1070
     5
1000
1602304
1002
}
  0
LINE
  5
43A
330
361
100
AcDbEntity
  8
Q-CASE
100
AcDbLine
 10
8959.463382853535
 20
37134.14757489423
 30
0.0
 11
9009.463382853533
 21
37134.14757489423
 31
0.0
1001
REVIT
1002
{
1070
     1
1000
1602579
1002
}
1002
{
1070
     5
1000
1602304
1002
}
  0
LINE
  5
43B
330
361
100
AcDbEntity
  8
Q-CASE
100
AcDbLine
 10
9009.463382853533
 20
37144.14757489423
 30
0.0
 11
8959.463382853535
 21
37144.14757489423
 31
0.0
1001
REVIT
1002
{
1070
     1
1000
1602579
1002
}
1002
{
1070
     5
1000
1602304
1002
}
  0
LINE
  5
43C
330
361
100
AcDbEntity
  8
Q-CASE
100
AcDbLine
 10
8959.463382853535
 20
37178.76295950962
 30
0.0
 11
8959.463382853535
 21
37188.76295950962
 31
0.0
1001
REVIT
1002
{
1070
     1
1000
1602579
1002
}
1002
{
1070
     5
1000
1602304
1002
}
  0
LINE
  5
43D
330
361
100
AcDbEntity
  8
Q-CASE
100
AcDbLine
 10
8959.463382853535
 20
37178.76295950962
 30
0.0
 11
9009.463382853533
 21
37178.76295950962
 31
0.0
1001
REVIT
1002
{
1070
     1
1000
1602579
1002
}
1002
{
1070
     5
1000
1602304
1002
}
  0
LINE
  5
43E
330
361
100
AcDbEntity
  8
Q-CASE
100
AcDbLine
 10
9009.463382853533
 20
37188.76295950962
 30
0.0
 11
8959.463382853535
 21
37188.76295950962
 31
0.0
1001
REVIT
1002
{
1070
     1
1000
1602579
1002
}
1002
{
1070
     5
1000
1602304
1002
}
  0
LINE
  5
43F
330
361
100
AcDbEntity
  8
Q-CASE
100
AcDbLine
 10
8959.463382853535
 20
37223.378344125
 30
0.0
 11
8959.463382853535
 21
37233.378344125
 31
0.0
1001
REVIT
1002
{
1070
     1
1000
1602579
1002
}
1002
{
1070
     5
1000
1602304
1002
}
  0
LINE
  5
440
330
361
100
AcDbEntity
  8
Q-CASE
100
AcDbLine
 10
8959.463382853535
 20
37223.378344125
 30
0.0
 11
9009.463382853533
 21
37223.378344125
 31
0.0
1001
REVIT
1002
{
1070
     1
1000
1602579
1002
}
1002
{
1070
     5
1000
1602304
1002
}
  0
LINE
  5
441
330
361
100
AcDbEntity
  8
Q-CASE
100
AcDbLine
 10
9009.463382853533
 20
37233.378344125
 30
0.0
 11
8959.463382853535
 21
37233.378344125
 31
0.0
1001
REVIT
1002
{
1070
     1
1000
1602579
1002
}
1002
{
1070
     5
1000
1602304
1002
}
  0
LINE
  5
442
330
361
100
AcDbEntity
  8
Q-CASE
100
AcDbLine
 10
8959.463382853535
 20
37267.99372874038
 30
0.0
 11
8959.463382853535
 21
37277.99372874039
 31
0.0
1001
REVIT
1002
{
1070
     1
1000
1602579
1002
}
1002
{
1070
     5
1000
1602304
1002
}
  0
LINE
  5
443
330
361
100
AcDbEntity
  8
Q-CASE
100
AcDbLine
 10
8959.463382853535
 20
37267.99372874038
 30
0.0
 11
9009.463382853533
 21
37267.99372874038
 31
0.0
1001
REVIT
1002
{
1070
     1
1000
1602579
1002
}
1002
{
1070
     5
1000
1602304
1002
}
  0
LINE
  5
444
330
361
100
AcDbEntity
  8
Q-CASE
100
AcDbLine
 10
9009.463382853533
 20
37277.99372874039
 30
0.0
 11
8959.463382853535
 21
37277.99372874039
 31
0.0
1001
REVIT
1002
{
1070
     1
1000
1602579
1002
}
1002
{
1070
     5
1000
1602304
1002
}
  0
LINE
  5
445
330
361
100
AcDbEntity
  8
Q-CASE
100
AcDbLine
 10
8959.463382853535
 20
37312.60911335577
 30
0.0
 11
8959.463382853535
 21
37322.60911335577
 31
0.0
1001
REVIT
1002
{
1070
     1
1000
1602579
1002
}
1002
{
1070
     5
1000
1602304
1002
}
  0
LINE
  5
446
330
361
100
AcDbEntity
  8
Q-CASE
100
AcDbLine
 10
8959.463382853535
 20
37312.60911335577
 30
0.0
 11
9009.463382853533
 21
37312.60911335577
 31
0.0
1001
REVIT
1002
{
1070
     1
1000
1602579
1002
}
1002
{
1070
     5
1000
1602304
1002
}
  0
LINE
  5
447
330
361
100
AcDbEntity
  8
Q-CASE
100
AcDbLine
 10
9009.463382853533
 20
37322.60911335577
 30
0.0
 11
8959.463382853535
 21
37322.60911335577
 31
0.0
1001
REVIT
1002
{
1070
     1
1000
1602579
1002
}
1002
{
1070
     5
1000
1602304
1002
}
  0
LINE
  5
448
330
361
100
AcDbEntity
  8
Q-CASE
100
AcDbLine
 10
8959.463382853535
 20
37357.22449797116
 30
0.0
 11
8959.463382853535
 21
37367.22449797116
 31
0.0
1001
REVIT
1002
{
1070
     1
1000
1602579
1002
}
1002
{
1070
     5
1000
1602304
1002
}
  0
LINE
  5
449
330
361
100
AcDbEntity
  8
Q-CASE
100
AcDbLine
 10
8959.463382853535
 20
37357.22449797116
 30
0.0
 11
9009.463382853533
 21
37357.22449797116
 31
0.0
1001
REVIT
1002
{
1070
     1
1000
1602579
1002
}
1002
{
1070
     5
1000
1602304
1002
}
  0
LINE
  5
44A
330
361
100
AcDbEntity
  8
Q-CASE
100
AcDbLine
 10
9009.463382853533
 20
37367.22449797116
 30
0.0
 11
8959.463382853535
 21
37367.22449797116
 31
0.0
1001
REVIT
1002
{
1070
     1
1000
1602579
1002
}
1002
{
1070
     5
1000
1602304
1002
}
  0
LINE
  5
44B
330
361
100
AcDbEntity
  8
Q-CASE
100
AcDbLine
 10
8959.463382853535
 20
37401.83988258654
 30
0.0
 11
8959.463382853535
 21
37411.83988258654
 31
0.0
1001
REVIT
1002
{
1070
     1
1000
1602579
1002
}
1002
{
1070
     5
1000
1602304
1002
}
  0
LINE
  5
44C
330
361
100
AcDbEntity
  8
Q-CASE
100
AcDbLine
 10
8959.463382853535
 20
37401.83988258654
 30
0.0
 11
9009.463382853533
 21
37401.83988258654
 31
0.0
1001
REVIT
1002
{
1070
     1
1000
1602579
1002
}
1002
{
1070
     5
1000
1602304
1002
}
  0
LINE
  5
44D
330
361
100
AcDbEntity
  8
Q-CASE
100
AcDbLine
 10
9009.463382853533
 20
37411.83988258654
 30
0.0
 11
8959.463382853535
 21
37411.83988258654
 31
0.0
1001
REVIT
1002
{
1070
     1
1000
1602579
1002
}
1002
{
1070
     5
1000
1602304
1002
}
  0
LINE
  5
44E
330
361
100
AcDbEntity
  8
Q-CASE
100
AcDbLine
 10
8959.463382853535
 20
37446.45526720192
 30
0.0
 11
8959.463382853535
 21
37456.45526720192
 31
0.0
1001
REVIT
1002
{
1070
     1
1000
1602579
1002
}
1002
{
1070
     5
1000
1602304
1002
}
  0
LINE
  5
44F
330
361
100
AcDbEntity
  8
Q-CASE
100
AcDbLine
 10
8959.463382853535
 20
37446.45526720192
 30
0.0
 11
9009.463382853533
 21
37446.45526720192
 31
0.0
1001
REVIT
1002
{
1070
     1
1000
1602579
1002
}
1002
{
1070
     5
1000
1602304
1002
}
  0
LINE
  5
450
330
361
100
AcDbEntity
  8
Q-CASE
100
AcDbLine
 10
9009.463382853533
 20
37456.45526720192
 30
0.0
 11
8959.463382853535
 21
37456.45526720192
 31
0.0
1001
REVIT
1002
{
1070
     1
1000
1602579
1002
}
1002
{
1070
     5
1000
1602304
1002
}
  0
LINE
  5
451
330
361
100
AcDbEntity
  8
Q-CASE
100
AcDbLine
 10
8959.463382853535
 20
37491.07065181731
 30
0.0
 11
8959.463382853535
 21
37501.07065181731
 31
0.0
1001
REVIT
1002
{
1070
     1
1000
1602579
1002
}
1002
{
1070
     5
1000
1602304
1002
}
  0
LINE
  5
452
330
361
100
AcDbEntity
  8
Q-CASE
100
AcDbLine
 10
8959.463382853535
 20
37491.07065181731
 30
0.0
 11
9009.463382853533
 21
37491.07065181731
 31
0.0
1001
REVIT
1002
{
1070
     1
1000
1602579
1002
}
1002
{
1070
     5
1000
1602304
1002
}
  0
LINE
  5
453
330
361
100
AcDbEntity
  8
Q-CASE
100
AcDbLine
 10
9009.463382853533
 20
37501.07065181731
 30
0.0
 11
8959.463382853535
 21
37501.07065181731
 31
0.0
1001
REVIT
1002
{
1070
     1
1000
1602579
1002
}
1002
{
1070
     5
1000
1602304
1002
}
  0
LINE
  5
454
330
361
100
AcDbEntity
  8
Q-CASE
100
AcDbLine
 10
8959.463382853535
 20
37535.6860364327
 30
0.0
 11
8959.463382853535
 21
37545.6860364327
 31
0.0
1001
REVIT
1002
{
1070
     1
1000
1602579
1002
}
1002
{
1070
     5
1000
1602304
1002
}
  0
LINE
  5
455
330
361
100
AcDbEntity
  8
Q-CASE
100
AcDbLine
 10
8959.463382853535
 20
37535.6860364327
 30
0.0
 11
9009.463382853533
 21
37535.6860364327
 31
0.0
1001
REVIT
1002
{
1070
     1
1000
1602579
1002
}
1002
{
1070
     5
1000
1602304
1002
}
  0
LINE
  5
456
330
361
100
AcDbEntity
  8
Q-CASE
100
AcDbLine
 10
9009.463382853533
 20
37545.6860364327
 30
0.0
 11
8959.463382853535
 21
37545.6860364327
 31
0.0
1001
REVIT
1002
{
1070
     1
1000
1602579
1002
}
1002
{
1070
     5
1000
1602304
1002
}
  0
LINE
  5
457
330
361
100
AcDbEntity
  8
Q-CASE
100
AcDbLine
 10
8959.463382853535
 20
37580.30142104808
 30
0.0
 11
8959.463382853535
 21
37590.30142104808
 31
0.0
1001
REVIT
1002
{
1070
     1
1000
1602579
1002
}
1002
{
1070
     5
1000
1602304
1002
}
  0
LINE
  5
458
330
361
100
AcDbEntity
  8
Q-CASE
100
AcDbLine
 10
8959.463382853535
 20
37580.30142104808
 30
0.0
 11
9009.463382853533
 21
37580.30142104808
 31
0.0
1001
REVIT
1002
{
1070
     1
1000
1602579
1002
}
1002
{
1070
     5
1000
1602304
1002
}
  0
LINE
  5
459
330
361
100
AcDbEntity
  8
Q-CASE
100
AcDbLine
 10
9009.463382853533
 20
37590.30142104808
 30
0.0
 11
8959.463382853535
 21
37590.30142104808
 31
0.0
1001
REVIT
1002
{
1070
     1
1000
1602579
1002
}
1002
{
1070
     5
1000
1602304
1002
}
  0
LINE
  5
45A
330
361
100
AcDbEntity
  8
Q-CASE
100
AcDbLine
 10
8959.463382853535
 20
37624.91680566346
 30
0.0
 11
8959.463382853535
 21
37634.91680566346
 31
0.0
1001
REVIT
1002
{
1070
     1
1000
1602579
1002
}
1002
{
1070
     5
1000
1602304
1002
}
  0
LINE
  5
45B
330
361
100
AcDbEntity
  8
Q-CASE
100
AcDbLine
 10
8959.463382853535
 20
37624.91680566346
 30
0.0
 11
9009.463382853533
 21
37624.91680566346
 31
0.0
1001
REVIT
1002
{
1070
     1
1000
1602579
1002
}
1002
{
1070
     5
1000
1602304
1002
}
  0
LINE
  5
45C
330
361
100
AcDbEntity
  8
Q-CASE
100
AcDbLine
 10
9009.463382853533
 20
37634.91680566346
 30
0.0
 11
8959.463382853535
 21
37634.91680566346
 31
0.0
1001
REVIT
1002
{
1070
     1
1000
1602579
1002
}
1002
{
1070
     5
1000
1602304
1002
}
  0
LINE
  5
45D
330
361
100
AcDbEntity
  8
Q-CASE
100
AcDbLine
 10
8959.463382853535
 20
37669.53219027884
 30
0.0
 11
8959.463382853535
 21
37679.53219027884
 31
0.0
1001
REVIT
1002
{
1070
     1
1000
1602579
1002
}
1002
{
1070
     5
1000
1602304
1002
}
  0
LINE
  5
45E
330
361
100
AcDbEntity
  8
Q-CASE
100
AcDbLine
 10
8959.463382853535
 20
37669.53219027884
 30
0.0
 11
9009.463382853533
 21
37669.53219027884
 31
0.0
1001
REVIT
1002
{
1070
     1
1000
1602579
1002
}
1002
{
1070
     5
1000
1602304
1002
}
  0
LINE
  5
45F
330
361
100
AcDbEntity
  8
Q-CASE
100
AcDbLine
 10
9009.463382853533
 20
37679.53219027884
 30
0.0
 11
8959.463382853535
 21
37679.53219027884
 31
0.0
1001
REVIT
1002
{
1070
     1
1000
1602579
1002
}
1002
{
1070
     5
1000
1602304
1002
}
  0
LINE
  5
460
330
361
100
AcDbEntity
  8
Q-CASE
100
AcDbLine
 10
8959.463382853535
 20
37714.14757489423
 30
0.0
 11
8959.463382853535
 21
37724.14757489423
 31
0.0
1001
REVIT
1002
{
1070
     1
1000
1602579
1002
}
1002
{
1070
     5
1000
1602304
1002
}
  0
LINE
  5
461
330
361
100
AcDbEntity
  8
Q-CASE
100
AcDbLine
 10
8959.463382853535
 20
37714.14757489423
 30
0.0
 11
9009.463382853533
 21
37714.14757489423
 31
0.0
1001
REVIT
1002
{
1070
     1
1000
1602579
1002
}
1002
{
1070
     5
1000
1602304
1002
}
  0
LINE
  5
462
330
361
100
AcDbEntity
  8
Q-CASE
100
AcDbLine
 10
9009.463382853533
 20
37724.14757489423
 30
0.0
 11
8959.463382853535
 21
37724.14757489423
 31
0.0
1001
REVIT
1002
{
1070
     1
1000
1602579
1002
}
1002
{
1070
     5
1000
1602304
1002
}
  0
LINE
  5
463
330
361
100
AcDbEntity
  8
Q-CASE
100
AcDbLine
 10
8959.463382853535
 20
37758.76295950962
 30
0.0
 11
8959.463382853535
 21
37768.76295950962
 31
0.0
1001
REVIT
1002
{
1070
     1
1000
1602579
1002
}
1002
{
1070
     5
1000
1602304
1002
}
  0
LINE
  5
464
330
361
100
AcDbEntity
  8
Q-CASE
100
AcDbLine
 10
8959.463382853535
 20
37758.76295950962
 30
0.0
 11
9009.463382853533
 21
37758.76295950962
 31
0.0
1001
REVIT
1002
{
1070
     1
1000
1602579
1002
}
1002
{
1070
     5
1000
1602304
1002
}
  0
LINE
  5
465
330
361
100
AcDbEntity
  8
Q-CASE
100
AcDbLine
 10
9009.463382853533
 20
37768.76295950962
 30
0.0
 11
8959.463382853535
 21
37768.76295950962
 31
0.0
1001
REVIT
1002
{
1070
     1
1000
1602579
1002
}
1002
{
1070
     5
1000
1602304
1002
}
  0
LINE
  5
466
330
361
100
AcDbEntity
  8
Q-CASE
100
AcDbLine
 10
8959.463382853535
 20
37803.378344125
 30
0.0
 11
8959.463382853535
 21
37813.378344125
 31
0.0
1001
REVIT
1002
{
1070
     1
1000
1602579
1002
}
1002
{
1070
     5
1000
1602304
1002
}
  0
LINE
  5
467
330
361
100
AcDbEntity
  8
Q-CASE
100
AcDbLine
 10
8959.463382853535
 20
37803.378344125
 30
0.0
 11
9009.463382853533
 21
37803.378344125
 31
0.0
1001
REVIT
1002
{
1070
     1
1000
1602579
1002
}
1002
{
1070
     5
1000
1602304
1002
}
  0
LINE
  5
468
330
361
100
AcDbEntity
  8
Q-CASE
100
AcDbLine
 10
9009.463382853533
 20
37813.378344125
 30
0.0
 11
8959.463382853535
 21
37813.378344125
 31
0.0
1001
REVIT
1002
{
1070
     1
1000
1602579
1002
}
1002
{
1070
     5
1000
1602304
1002
}
  0
LINE
  5
469
330
361
100
AcDbEntity
  8
Q-CASE
100
AcDbLine
 10
8959.463382853535
 20
37847.99372874038
 30
0.0
 11
8959.463382853535
 21
37857.99372874038
 31
0.0
1001
REVIT
1002
{
1070
     1
1000
1602579
1002
}
1002
{
1070
     5
1000
1602304
1002
}
  0
LINE
  5
46A
330
361
100
AcDbEntity
  8
Q-CASE
100
AcDbLine
 10
8959.463382853535
 20
37847.99372874038
 30
0.0
 11
9009.463382853533
 21
37847.99372874038
 31
0.0
1001
REVIT
1002
{
1070
     1
1000
1602579
1002
}
1002
{
1070
     5
1000
1602304
1002
}
  0
LINE
  5
46B
330
361
100
AcDbEntity
  8
Q-CASE
100
AcDbLine
 10
9009.463382853533
 20
37857.99372874038
 30
0.0
 11
8959.463382853535
 21
37857.99372874038
 31
0.0
1001
REVIT
1002
{
1070
     1
1000
1602579
1002
}
1002
{
1070
     5
1000
1602304
1002
}
  0
LINE
  5
46C
330
361
100
AcDbEntity
  8
Q-CASE
100
AcDbLine
 10
8959.463382853535
 20
36152.60911335577
 30
0.0
 11
8959.463382853535
 21
36162.60911335577
 31
0.0
1001
REVIT
1002
{
1070
     1
1000
1602579
1002
}
1002
{
1070
     5
1000
1602304
1002
}
  0
LINE
  5
46D
330
361
100
AcDbEntity
  8
Q-CASE
100
AcDbLine
 10
8959.463382853535
 20
36152.60911335577
 30
0.0
 11
9009.463382853533
 21
36152.60911335577
 31
0.0
1001
REVIT
1002
{
1070
     1
1000
1602579
1002
}
1002
{
1070
     5
1000
1602304
1002
}
  0
LINE
  5
46E
330
361
100
AcDbEntity
  8
Q-CASE
100
AcDbLine
 10
9009.463382853533
 20
36162.60911335577
 30
0.0
 11
8959.463382853535
 21
36162.60911335577
 31
0.0
1001
REVIT
1002
{
1070
     1
1000
1602579
1002
}
1002
{
1070
     5
1000
1602304
1002
}
  0
LINE
  5
46F
330
361
100
AcDbEntity
  8
Q-CASE
100
AcDbLine
 10
8959.463382853535
 20
37892.60911335577
 30
0.0
 11
8959.463382853535
 21
37902.60911335577
 31
0.0
1001
REVIT
1002
{
1070
     1
1000
1602579
1002
}
1002
{
1070
     5
1000
1602304
1002
}
  0
LINE
  5
470
330
361
100
AcDbEntity
  8
Q-CASE
100
AcDbLine
 10
8959.463382853535
 20
37892.60911335577
 30
0.0
 11
9009.463382853533
 21
37892.60911335577
 31
0.0
1001
REVIT
1002
{
1070
     1
1000
1602579
1002
}
1002
{
1070
     5
1000
1602304
1002
}
  0
LINE
  5
471
330
361
100
AcDbEntity
  8
Q-CASE
100
AcDbLine
 10
9009.463382853533
 20
37902.60911335577
 30
0.0
 11
8959.463382853535
 21
37902.60911335577
 31
0.0
1001
REVIT
1002
{
1070
     1
1000
1602579
1002
}
1002
{
1070
     5
1000
1602304
1002
}
  0
LINE
  5
472
330
361
100
AcDbEntity
  8
Q-CASE
100
AcDbLine
 10
8959.46338285356
 20
37953.07512425736
 30
0.0
 11
8959.46338285356
 21
38040.00000000001
 31
0.0
1001
REVIT
1002
{
1070
     1
1000
1602579
1002
}
1002
{
1070
     5
1000
1602304
1002
}
  0
LINE
  5
473
330
361
100
AcDbEntity
  8
Q-CASE
100
AcDbLine
 10
8959.46338285356
 20
37953.07512425736
 30
0.0
 11
9009.46338285356
 21
37953.07512425736
 31
0.0
1001
REVIT
1002
{
1070
     1
1000
1602579
1002
}
1002
{
1070
     5
1000
1602304
1002
}
  0
LINE
  5
474
330
361
100
AcDbEntity
  8
Q-CASE
100
AcDbLine
 10
9009.46338285356
 20
38040.00000000001
 30
0.0
 11
8959.46338285356
 21
38040.00000000001
 31
0.0
1001
REVIT
1002
{
1070
     1
1000
1602579
1002
}
1002
{
1070
     5
1000
1602304
1002
}
  0
ENDBLK
  5
476
330
361
100
AcDbEntity
  8
0
100
AcDbBlockEnd
  0
BLOCK
  5
495
330
492
100
AcDbEntity
  8
0
100
AcDbBlockBegin
  2
Single - Timber Frame  - 870x2400-V1-SECTION C-C
 70
     0
 10
0.0
 20
0.0
 30
0.0
  3
Single - Timber Frame  - 870x2400-V1-SECTION C-C
  1

  0
LINE
  5
493
330
492
100
AcDbEntity
  8
A-DOOR
  6
Dashed - Tight 0_18 Pen
100
AcDbLine
 10
15310.7612550165
 20
28895.00000000001
 30
0.0
 11
15314.46338267608
 21
28890.0
 31
0.0
1001
REVIT
1002
{
1070
     1
1000
1635319
1002
}
1002
{
1070
     5
1000
2599461
1002
}
1002
{
1070
     3
1000
942652
1002
}
  0
LINE
  5
494
330
492
100
AcDbEntity
  8
A-DOOR-FRAM
100
AcDbLine
 10
15302.46338267608
 20
28895.00000000001
 30
0.0
 11
15302.46338267608
 21
28890.0
 31
0.0
1001
REVIT
1002
{
1070
     1
1000
1635319
1002
}
1002
{
1070
     5
1000
2599461
1002
}
1002
{
1070
     3
1000
-2000029
1002
}
  0
ENDBLK
  5
496
330
492
100
AcDbEntity
  8
0
100
AcDbBlockEnd
  0
BLOCK
  5
4EF
330
4E0
100
AcDbEntity
  8
0
100
AcDbBlockBegin
  2
3 PANEL 2 transom - AFA1842 SP-1980656-SECTION C-C
 70
     0
 10
0.0
 20
0.0
 30
0.0
  3
3 PANEL 2 transom - AFA1842 SP-1980656-SECTION C-C
  1

  0
LINE
  5
4E1
330
4E0
100
AcDbEntity
  8
A-GLAZ
370
    25
100
AcDbLine
 10
28126.96338208718
 20
34690.00000000001
 30
0.0
 11
28126.96338208718
 21
32990.00000000001
 31
0.0
1001
REVIT
1002
{
1070
     1
1000
1705447
1002
}
1002
{
1070
     5
1000
1747809
1002
}
  0
LINE
  5
4E2
330
4E0
100
AcDbEntity
  8
A-GLAZ
370
    25
100
AcDbLine
 10
28126.96338208718
 20
32990.00000000001
 30
0.0
 11
28151.96338208718
 21
32990.00000000001
 31
0.0
1001
REVIT
1002
{
1070
     1
1000
1705447
1002
}
1002
{
1070
     5
1000
1747809
1002
}
  0
LINE
  5
4E3
330
4E0
100
AcDbEntity
  8
A-GLAZ
370
    25
100
AcDbLine
 10
28151.96338208718
 20
32990.00000000001
 30
0.0
 11
28151.96338208718
 21
34690.00000000001
 31
0.0
1001
REVIT
1002
{
1070
     1
1000
1705447
1002
}
1002
{
1070
     5
1000
1747809
1002
}
  0
LINE
  5
4E4
330
4E0
100
AcDbEntity
  8
A-GLAZ
370
    25
100
AcDbLine
 10
28151.96338208718
 20
34690.00000000001
 30
0.0
 11
28126.96338208718
 21
34690.00000000001
 31
0.0
1001
REVIT
1002
{
1070
     1
1000
1705447
1002
}
1002
{
1070
     5
1000
1747809
1002
}
  0
LINE
  5
4E5
330
4E0
100
AcDbEntity
  8
A-GLAZ
370
    25
100
AcDbLine
 10
28029.46338208718
 20
34740.0
 30
0.0
 11
28029.46338208718
 21
34690.00000000001
 31
0.0
1001
REVIT
1002
{
1070
     1
1000
1705447
1002
}
1002
{
1070
     5
1000
1747809
1002
}
  0
LINE
  5
4E6
330
4E0
100
AcDbEntity
  8
A-GLAZ
370
    25
100
AcDbLine
 10
28029.46338208718
 20
34690.00000000001
 30
0.0
 11
28179.46338208718
 21
34690.00000000001
 31
0.0
1001
REVIT
1002
{
1070
     1
1000
1705447
1002
}
1002
{
1070
     5
1000
1747809
1002
}
  0
LINE
  5
4E7
330
4E0
100
AcDbEntity
  8
A-GLAZ
370
    25
100
AcDbLine
 10
28179.46338208718
 20
34690.00000000001
 30
0.0
 11
28179.46338208718
 21
34740.0
 31
0.0
1001
REVIT
1002
{
1070
     1
1000
1705447
1002
}
1002
{
1070
     5
1000
1747809
1002
}
  0
LINE
  5
4E8
330
4E0
100
AcDbEntity
  8
A-GLAZ
370
    25
100
AcDbLine
 10
28179.46338208718
 20
34740.0
 30
0.0
 11
28029.46338208718
 21
34740.0
 31
0.0
1001
REVIT
1002
{
1070
     1
1000
1705447
1002
}
1002
{
1070
     5
1000
1747809
1002
}
  0
LINE
  5
4E9
330
4E0
100
AcDbEntity
  8
A-GLAZ
370
    25
100
AcDbLine
 10
28029.46338208718
 20
32990.00000000001
 30
0.0
 11
28029.46338208718
 21
32940.00000000001
 31
0.0
1001
REVIT
1002
{
1070
     1
1000
1705447
1002
}
1002
{
1070
     5
1000
1747809
1002
}
  0
LINE
  5
4EA
330
4E0
100
AcDbEntity
  8
A-GLAZ
370
    25
100
AcDbLine
 10
28029.46338208718
 20
32940.00000000001
 30
0.0
 11
28179.46338208718
 21
32940.00000000001
 31
0.0
1001
REVIT
1002
{
1070
     1
1000
1705447
1002
}
1002
{
1070
     5
1000
1747809
1002
}
  0
LINE
  5
4EB
330
4E0
100
AcDbEntity
  8
A-GLAZ
370
    25
100
AcDbLine
 10
28179.46338208718
 20
32940.00000000001
 30
0.0
 11
28179.46338208718
 21
32990.00000000001
 31
0.0
1001
REVIT
1002
{
1070
     1
1000
1705447
1002
}
1002
{
1070
     5
1000
1747809
1002
}
  0
LINE
  5
4EC
330
4E0
100
AcDbEntity
  8
A-GLAZ
370
    25
100
AcDbLine
 10
28179.46338208718
 20
32990.00000000001
 30
0.0
 11
28029.46338208718
 21
32990.00000000001
 31
0.0
1001
REVIT
1002
{
1070
     1
1000
1705447
1002
}
1002
{
1070
     5
1000
1747809
1002
}
  0
LINE
  5
4ED
330
4E0
100
AcDbEntity
  8
A-GLAZ
100
AcDbLine
 10
28029.46338208718
 20
32990.00000000001
 30
0.0
 11
28029.46338208718
 21
34690.00000000001
 31
0.0
1001
REVIT
1002
{
1070
     1
1000
1705447
1002
}
1002
{
1070
     5
1000
1747809
1002
}
  0
LINE
  5
4EE
330
4E0
100
AcDbEntity
  8
A-GLAZ
100
AcDbLine
 10
28179.46338208718
 20
32990.00000000001
 30
0.0
 11
28179.46338208718
 21
34690.00000000001
 31
0.0
1001
REVIT
1002
{
1070
     1
1000
1705447
1002
}
1002
{
1070
     5
1000
1747809
1002
}
  0
ENDBLK
  5
4F0
330
4E0
100
AcDbEntity
  8
0
100
AcDbBlockEnd
  0
BLOCK
  5
512
330
4F5
100
AcDbEntity
  8
0
100
AcDbBlockBegin
  2
VELUX FS   deck mounted   fixed - C01-1726125-SECTION C-C
 70
     0
 10
0.0
 20
0.0
 30
0.0
  3
VELUX FS   deck mounted   fixed - C01-1726125-SECTION C-C
  1

  0
LINE
  5
4F6
330
4F5
100
AcDbEntity
  8
A-GLAZ
100
AcDbLine
 10
22009.62628255086
 20
36110.8075209712
 30
0.0
 11
21500.72510318728
 21
36155.33060502049
 31
0.0
1001
REVIT
1002
{
1070
     1
1000
1726131
1002
}
1002
{
1070
     5
1000
1503254
1002
}
  0
LINE
  5
4F7
330
4F5
100
AcDbEntity
  8
A-GLAZ
100
AcDbLine
 10
21458.59052267179
 20
36097.66749270902
 30
0.0
 11
22041.10764974099
 21
36046.70384778078
 31
0.0
1001
REVIT
1002
{
1070
     1
1000
1726131
1002
}
1002
{
1070
     5
1000
1503254
1002
}
  0
LINE
  5
4F8
330
4F5
100
AcDbEntity
  8
A-GLAZ
100
AcDbLine
 10
22009.62628255085
 20
36110.8075209712
 30
0.0
 11
21500.72510318728
 21
36155.33060502049
 31
0.0
1001
REVIT
1002
{
1070
     1
1000
1726131
1002
}
1002
{
1070
     5
1000
1503254
1002
}
  0
SPLINE
  5
4F9
330
4F5
100
AcDbEntity
  8
A-GLAZ
100
AcDbSpline
210
0.0
220
0.0
230
1.0
 70
     8
 71
     3
 72
     9
 73
     5
 74
     0
 42
0.000000001
 43
0.0000000001
 40
0.3333333333333333
 40
0.3333333333333333
 40
0.3333333333333333
 40
0.3333333333333333
 40
0.6666666666666666
 40
1.0
 40
1.0
 40
1.0
 40
1.0
 10
21506.2469658786
 20
36154.57477599033
 30
0.0
 10
21502.29977739837
 20
36155.3136850303
 30
0.0
 10
21494.17791691292
 20
36155.95828657327
 30
0.0
 10
21486.24224291604
 20
36154.88329569301
 30
0.0
 10
21482.26924907023
 20
36153.94006027193
 30
0.0
1001
REVIT
1002
{
1070
     1
1000
1726131
1002
}
1002
{
1070
     5
1000
1503254
1002
}
  0
SPLINE
  5
4FA
330
4F5
100
AcDbEntity
  8
A-GLAZ
100
AcDbSpline
210
0.0
220
0.0
230
1.0
 70
     8
 71
     3
 72
    14
 73
    10
 74
     0
 42
0.000000001
 43
0.0000000001
 40
0.0
 40
0.0
 40
0.0
 40
0.0
 40
0.2
 40
0.3
 40
0.4
 40
0.5
 40
0.6
 40
0.8
 40
1.0
 40
1.0
 40
1.0
 40
1.0
 10
21482.26924907023
 20
36153.94006027193
 30
0.0
 10
21482.03907120333
 20
36153.88566498488
 30
0.0
 10
21481.71528759381
 20
36153.76061778553
 30
0.0
 10
21481.31716732331
 20
36153.51740089264
 30
0.0
 10
21481.04378837827
 20
36153.29936421301
 30
0.0
 10
21480.80032578356
 20
36153.04900527456
 30
0.0
 10
21480.51856501189
 20
36152.6774852505
 30
0.0
 10
21480.25768827028
 20
36152.15278033653
 30
0.0
 10
21480.16037241374
 20
36151.69441934749
 30
0.0
 10
21480.1392172336
 20
36151.46282717188
 30
0.0
1001
REVIT
1002
{
1070
     1
1000
1726131
1002
}
1002
{
1070
     5
1000
1503254
1002
}
  0
LINE
  5
4FB
330
4F5
100
AcDbEntity
  8
A-GLAZ
100
AcDbLine
 10
21480.13919074308
 20
36151.4628294895
 30
0.0
 11
21479.8603617369
 21
36148.27579936532
 31
0.0
1001
REVIT
1002
{
1070
     1
1000
1726131
1002
}
1002
{
1070
     5
1000
1503254
1002
}
  0
LINE
  5
4FC
330
4F5
100
AcDbEntity
  8
A-GLAZ
100
AcDbLine
 10
21479.8603617369
 20
36148.27579936532
 30
0.0
 11
22028.94898754997
 21
36100.23676933565
 31
0.0
1001
REVIT
1002
{
1070
     1
1000
1726131
1002
}
1002
{
1070
     5
1000
1503254
1002
}
  0
SPLINE
  5
4FD
330
4F5
100
AcDbEntity
  8
A-GLAZ
100
AcDbSpline
210
0.0
220
0.0
230
1.0
 70
     8
 71
     3
 72
    11
 73
     7
 74
     0
 42
0.000000001
 43
0.0000000001
 40
0.0
 40
0.0
 40
0.0
 40
0.0
 40
0.25
 40
0.5
 40
0.75
 40
1.0
 40
1.0
 40
1.0
 40
1.0
 10
21479.8603617369
 20
36148.27579936532
 30
0.0
 10
21479.84841761108
 20
36148.07672728424
 30
0.0
 10
21479.86536821957
 20
36147.67607224576
 30
0.0
 10
21480.01875957509
 20
36147.09428009787
 30
0.0
 10
21480.29309937236
 20
36146.55814690237
 30
0.0
 10
21480.54401389522
 20
36146.24779619953
 30
0.0
 10
21480.68792417327
 20
36146.10753781114
 30
0.0
1001
REVIT
1002
{
1070
     1
1000
1726131
1002
}
1002
{
1070
     5
1000
1503254
1002
}
  0
LINE
  5
4FE
330
4F5
100
AcDbEntity
  8
A-GLAZ
100
AcDbLine
 10
21480.68792417327
 20
36146.10753781118
 30
0.0
 11
22027.75748297895
 21
36098.24515325556
 31
0.0
1001
REVIT
1002
{
1070
     1
1000
1726131
1002
}
1002
{
1070
     5
1000
1503254
1002
}
  0
LINE
  5
4FF
330
4F5
100
AcDbEntity
  8
A-GLAZ
100
AcDbLine
 10
21480.68792417327
 20
36146.10753781118
 30
0.0
 11
21462.30411903622
 21
36145.82206086051
 31
0.0
1001
REVIT
1002
{
1070
     1
1000
1726131
1002
}
1002
{
1070
     5
1000
1503254
1002
}
  0
SPLINE
  5
500
330
4F5
100
AcDbEntity
  8
A-GLAZ
100
AcDbSpline
210
0.0
220
0.0
230
1.0
 70
     8
 71
     3
 72
    13
 73
     9
 74
     0
 42
0.000000001
 43
0.0000000001
 40
0.0
 40
0.0
 40
0.0
 40
0.0
 40
0.1666666666666667
 40
0.3333333333333333
 40
0.5
 40
0.6666666666666666
 40
0.8333333333333334
 40
1.0
 40
1.0
 40
1.0
 40
1.0
 10
21462.30411882985
 20
36145.82205940934
 30
0.0
 10
21462.22517888551
 20
36145.82098516076
 30
0.0
 10
21462.07269645027
 20
36145.79934212797
 30
0.0
 10
21461.85457926635
 20
36145.71200625727
 30
0.0
 10
21461.66519022468
 20
36145.57455279265
 30
0.0
 10
21461.51450066127
 20
36145.39528380832
 30
0.0
 10
21461.4115941919
 20
36145.18486640962
 30
0.0
 10
21461.37951670545
 20
36145.0321305014
 30
0.0
 10
21461.37248425681
 20
36144.95497189785
 30
0.0
1001
REVIT
1002
{
1070
     1
1000
1726131
1002
}
1002
{
1070
     5
1000
1503254
1002
}
  0
LINE
  5
501
330
4F5
100
AcDbEntity
  8
A-GLAZ
100
AcDbLine
 10
21461.37248425681
 20
36144.95497189786
 30
0.0
 11
21457.3633200911
 21
36099.13001579337
 31
0.0
1001
REVIT
1002
{
1070
     1
1000
1726131
1002
}
1002
{
1070
     5
1000
1503254
1002
}
  0
SPLINE
  5
502
330
4F5
100
AcDbEntity
  8
A-GLAZ
100
AcDbSpline
210
0.0
220
0.0
230
1.0
 70
     8
 71
     3
 72
    18
 73
    14
 74
     0
 42
0.000000001
 43
0.0000000001
 40
0.0
 40
0.0
 40
0.0
 40
0.0
 40
0.0909090909090909
 40
0.1363636363636364
 40
0.1818181818181818
 40
0.2272727272727273
 40
0.2727272727272727
 40
0.3181818181818182
 40
0.3636363636363636
 40
0.4090909090909091
 40
0.4545454545454545
 40
0.5
 40
0.5454545454545454
 40
0.5454545454545454
 40
0.5454545454545454
 40
0.5454545454545454
 10
21457.3633200911
 20
36099.13001579337
 30
0.0
 10
21457.35357278117
 20
36099.01260883507
 30
0.0
 10
21457.36057951434
 20
36098.83462210531
 30
0.0
 10
21457.4172539492
 20
36098.60521839169
 30
0.0
 10
21457.48104248768
 20
36098.44020015277
 30
0.0
 10
21457.56658061738
 20
36098.28490635894
 30
0.0
 10
21457.67096272934
 20
36098.14211956068
 30
0.0
 10
21457.79370605549
 20
36098.01416905679
 30
0.0
 10
21457.93156768973
 20
36097.90334403966
 30
0.0
 10
21458.08315161363
 20
36097.81145653321
 30
0.0
 10
21458.24509768603
 20
36097.74014581424
 30
0.0
 10
21458.41519202414
 20
36097.69058329363
 30
0.0
 10
21458.53185479326
 20
36097.6726254834
 30
0.0
 10
21458.59052266769
 20
36097.66749270935
 30
0.0
1001
REVIT
1002
{
1070
     1
1000
1726131
1002
}
1002
{
1070
     5
1000
1503254
1002
}
  0
SPLINE
  5
503
330
4F5
100
AcDbEntity
  8
A-GLAZ
100
AcDbSpline
210
0.0
220
0.0
230
1.0
 70
     8
 71
     3
 72
     8
 73
     4
 74
     0
 42
0.000000001
 43
0.0000000001
 40
0.3333333333333333
 40
0.3333333333333333
 40
0.3333333333333333
 40
0.3333333333333333
 40
0.6666666666666666
 40
0.6666666666666666
 40
0.6666666666666666
 40
0.6666666666666666
 10
21506.2469658786
 20
36154.57477599033
 30
0.0
 10
21502.28800273372
 20
36155.31471517997
 30
0.0
 10
21498.25057104421
 20
36155.63496009445
 30
0.0
 10
21494.22446353506
 20
36155.52838846746
 30
0.0
1001
REVIT
1002
{
1070
     1
1000
1726131
1002
}
1002
{
1070
     5
1000
1503254
1002
}
  0
SPLINE
  5
504
330
4F5
100
AcDbEntity
  8
A-GLAZ
100
AcDbSpline
210
0.0
220
0.0
230
1.0
 70
     8
 71
     3
 72
     8
 73
     4
 74
     0
 42
0.000000001
 43
0.0000000001
 40
0.3333333333333333
 40
0.3333333333333333
 40
0.3333333333333333
 40
0.3333333333333333
 40
0.6666666666666666
 40
0.6666666666666666
 40
0.6666666666666666
 40
0.6666666666666666
 10
22004.05706102765
 20
36111.02203607603
 30
0.0
 10
22008.07259305383
 20
36111.06429734086
 30
0.0
 10
22012.12779558294
 20
36110.67652850314
 30
0.0
 10
22016.06250761503
 20
36109.87347541392
 30
0.0
1001
REVIT
1002
{
1070
     1
1000
1726131
1002
}
1002
{
1070
     5
1000
1503254
1002
}
  0
SPLINE
  5
505
330
4F5
100
AcDbEntity
  8
A-GLAZ
100
AcDbSpline
210
0.0
220
0.0
230
1.0
 70
     8
 71
     3
 72
     9
 73
     5
 74
     0
 42
0.000000001
 43
0.0000000001
 40
-1.0
 40
-1.0
 40
-1.0
 40
-1.0
 40
-0.6666666666666666
 40
-0.3333333333333333
 40
-0.3333333333333333
 40
-0.3333333333333333
 40
-0.3333333333333333
 10
22027.56028521224
 20
36106.2332762872
 30
0.0
 10
22023.87011140109
 20
36107.84695200496
 30
0.0
 10
22016.14777567028
 20
36110.29184122978
 30
0.0
 10
22008.08436771849
 20
36111.06326719119
 30
0.0
 10
22004.05706102766
 20
36111.02203607603
 30
0.0
1001
REVIT
1002
{
1070
     1
1000
1726131
1002
}
1002
{
1070
     5
1000
1503254
1002
}
  0
SPLINE
  5
506
330
4F5
100
AcDbEntity
  8
A-GLAZ
100
AcDbSpline
210
0.0
220
0.0
230
1.0
 70
     8
 71
     3
 72
    14
 73
    10
 74
     0
 42
0.000000001
 43
0.0000000001
 40
-1.0
 40
-1.0
 40
-1.0
 40
-1.0
 40
-0.8
 40
-0.6000000000000001
 40
-0.5
 40
-0.4
 40
-0.3
 40
-0.2
 40
0.0
 40
0.0
 40
0.0
 40
0.0
 10
22029.22779006563
 20
36103.42380177744
 30
0.0
 10
22029.24805854263
 20
36103.65547152953
 30
0.0
 10
22029.23057980077
 20
36104.12387574457
 30
0.0
 10
22029.06497770806
 20
36104.68589272178
 30
0.0
 10
22028.85250340815
 20
36105.10065271172
 30
0.0
 10
22028.65575721873
 20
36105.38952492836
 30
0.0
 10
22028.42462935956
 20
36105.65170023404
 30
0.0
 10
22028.0754309292
 20
36105.96029904128
 30
0.0
 10
22027.7733583359
 20
36106.14010156337
 30
0.0
 10
22027.56028521224
 20
36106.23327628721
 30
0.0
1001
REVIT
1002
{
1070
     1
1000
1726131
1002
}
1002
{
1070
     5
1000
1503254
1002
}
  0
LINE
  5
507
330
4F5
100
AcDbEntity
  8
A-GLAZ
100
AcDbLine
 10
22028.94898754997
 20
36100.23676933565
 30
0.0
 11
22029.22781655615
 21
36103.42379945983
 31
0.0
1001
REVIT
1002
{
1070
     1
1000
1726131
1002
}
1002
{
1070
     5
1000
1503254
1002
}
  0
SPLINE
  5
508
330
4F5
100
AcDbEntity
  8
A-GLAZ
100
AcDbSpline
210
0.0
220
0.0
230
1.0
 70
     8
 71
     3
 72
    11
 73
     7
 74
     0
 42
0.000000001
 43
0.0000000001
 40
-1.0
 40
-1.0
 40
-1.0
 40
-1.0
 40
-0.75
 40
-0.5
 40
-0.25
 40
0.0
 40
0.0
 40
0.0
 40
0.0
 10
22027.75748297895
 20
36098.24515325553
 30
0.0
 10
22027.92157784462
 20
36098.35846468553
 30
0.0
 10
22028.22545864953
 20
36098.62027708661
 30
0.0
 10
22028.5876485782
 20
36099.1007211471
 30
0.0
 10
22028.83972944753
 20
36099.64703907193
 30
0.0
 10
22028.92673533907
 20
36100.03859909516
 30
0.0
 10
22028.94898754997
 20
36100.23676933565
 30
0.0
1001
REVIT
1002
{
1070
     1
1000
1726131
1002
}
1002
{
1070
     5
1000
1503254
1002
}
  0
LINE
  5
509
330
4F5
100
AcDbEntity
  8
A-GLAZ
100
AcDbLine
 10
22045.81242425552
 20
36094.7716990806
 30
0.0
 11
22027.75748297895
 21
36098.24515325556
 31
0.0
1001
REVIT
1002
{
1070
     1
1000
1726131
1002
}
1002
{
1070
     5
1000
1503254
1002
}
  0
SPLINE
  5
50A
330
4F5
100
AcDbEntity
  8
A-GLAZ
100
AcDbSpline
210
0.0
220
0.0
230
1.0
 70
     8
 71
     3
 72
    13
 73
     9
 74
     0
 42
0.000000001
 43
0.0000000001
 40
-1.0
 40
-1.0
 40
-1.0
 40
-1.0
 40
-0.8333333333333333
 40
-0.6666666666666666
 40
-0.5
 40
-0.3333333333333333
 40
-0.1666666666666667
 40
0.0
 40
0.0
 40
0.0
 40
0.0
 10
22046.57933699103
 20
36093.75600646593
 30
0.0
 10
22046.58608963583
 20
36093.83318954914
 30
0.0
 10
22046.58061590183
 20
36093.98921076345
 30
0.0
 10
22046.51595908719
 20
36094.21428804991
 30
0.0
 10
22046.39870669683
 20
36094.41699891769
 30
0.0
 10
22046.23584325739
 20
36094.58527048111
 30
0.0
 10
22046.03706809689
 20
36094.70907970586
 30
0.0
 10
22045.88850696068
 20
36094.75706063836
 30
0.0
 10
22045.81242420678
 20
36094.77169761564
 30
0.0
1001
REVIT
1002
{
1070
     1
1000
1726131
1002
}
1002
{
1070
     5
1000
1503254
1002
}
  0
LINE
  5
50B
330
4F5
100
AcDbEntity
  8
A-GLAZ
100
AcDbLine
 10
22042.57017282531
 20
36047.93105036144
 30
0.0
 11
22046.57933699103
 21
36093.75600646593
 31
0.0
1001
REVIT
1002
{
1070
     1
1000
1726131
1002
}
1002
{
1070
     5
1000
1503254
1002
}
  0
SPLINE
  5
50C
330
4F5
100
AcDbEntity
  8
A-GLAZ
100
AcDbSpline
210
0.0
220
0.0
230
1.0
 70
     8
 71
     3
 72
    18
 73
    14
 74
     0
 42
0.000000001
 43
0.0000000001
 40
-0.5454545454545454
 40
-0.5454545454545454
 40
-0.5454545454545454
 40
-0.5454545454545454
 40
-0.5
 40
-0.4545454545454545
 40
-0.4090909090909091
 40
-0.3636363636363636
 40
-0.3181818181818182
 40
-0.2727272727272727
 40
-0.2272727272727273
 40
-0.1818181818181818
 40
-0.1363636363636364
 40
-0.0909090909090909
 40
0.0
 40
0.0
 40
0.0
 40
0.0
 10
22041.10764974504
 20
36046.7038477804
 30
0.0
 10
22041.1663303599
 20
36046.69871389195
 30
0.0
 10
22041.28436457577
 20
36046.69613837663
 30
0.0
 10
22041.4604054593
 20
36046.7154179893
 30
0.0
 10
22041.63242379272
 20
36046.75751060873
 30
0.0
 10
22041.79747630222
 20
36046.82169601681
 30
0.0
 10
22041.95273886493
 20
36046.90687598969
 30
0.0
 10
22042.09555500249
 20
36047.01159305102
 30
0.0
 10
22042.2234806914
 20
36047.13405555026
 30
0.0
 10
22042.33432857979
 20
36047.27216779383
 30
0.0
 10
22042.42619646079
 20
36047.42356786064
 30
0.0
 10
22042.5213121564
 20
36047.6396916586
 30
0.0
 10
22042.55990503137
 20
36047.81368893959
 30
0.0
 10
22042.57017282531
 20
36047.93105036144
 30
0.0
1001
REVIT
1002
{
1070
     1
1000
1726131
1002
}
1002
{
1070
     5
1000
1503254
1002
}
  0
LINE
  5
50D
330
4F5
100
AcDbEntity
  8
A-GLAZ
100
AcDbLine
 10
22059.79294848381
 20
36013.73078804563
 30
0.0
 11
21434.46338386734
 21
36068.44003591717
 31
0.0
1001
REVIT
1002
{
1070
     1
1000
1726131
1002
}
1002
{
1070
     5
1000
1503254
1002
}
1002
{
1070
     3
1000
-2000018
1002
}
  0
LINE
  5
50E
330
4F5
100
AcDbEntity
  8
A-GLAZ
100
AcDbLine
 10
21434.46338386734
 20
36068.44003591717
 30
0.0
 11
21434.27430610972
 21
36066.2788672582
 31
0.0
1001
REVIT
1002
{
1070
     1
1000
1726131
1002
}
1002
{
1070
     5
1000
1503254
1002
}
1002
{
1070
     3
1000
-2000018
1002
}
  0
LINE
  5
50F
330
4F5
100
AcDbEntity
  8
A-GLAZ
100
AcDbLine
 10
21468.19650321145
 20
36096.9390249648
 30
0.0
 11
21465.46586351435
 21
36065.72767040686
 31
0.0
1001
REVIT
1002
{
1070
     1
1000
1726131
1002
}
1002
{
1070
     5
1000
1503254
1002
}
1002
{
1070
     3
1000
-2000018
1002
}
  0
LINE
  5
510
330
4F5
100
AcDbEntity
  8
A-GLAZ
100
AcDbLine
 10
22059.60387072618
 20
36011.56961938666
 30
0.0
 11
22059.79294848381
 21
36013.73078804563
 31
0.0
1001
REVIT
1002
{
1070
     1
1000
1726131
1002
}
1002
{
1070
     5
1000
1503254
1002
}
1002
{
1070
     3
1000
-2000018
1002
}
  0
LINE
  5
511
330
4F5
100
AcDbEntity
  8
A-GLAZ
100
AcDbLine
 10
22028.79046883681
 20
36016.44315355594
 30
0.0
 11
22031.52110853392
 21
36047.65450811388
 31
0.0
1001
REVIT
1002
{
1070
     1
1000
1726131
1002
}
1002
{
1070
     5
1000
1503254
1002
}
1002
{
1070
     3
1000
-2000018
1002
}
  0
ENDBLK
  5
513
330
4F5
100
AcDbEntity
  8
0
100
AcDbBlockEnd
  0
BLOCK
  5
52D
330
520
100
AcDbEntity
  8
0
100
AcDbBlockBegin
  2
AS_AA 0606 - 1518_2 PANEL HORIZONTAL_ - AA1818-1980610-SECTION C-C
 70
     0
 10
0.0
 20
0.0
 30
0.0
  3
AS_AA 0606 - 1518_2 PANEL HORIZONTAL_ - AA1818-1980610-SECTION C-C
  1

  0
LINE
  5
521
330
520
100
AcDbEntity
  8
A-GLAZ
100
AcDbLine
 10
25859.46338208718
 20
32940.00000000001
 30
0.0
 11
25859.46338208718
 21
34740.00000000001
 31
0.0
1001
REVIT
1002
{
1070
     1
1000
1749225
1002
}
1002
{
1070
     5
1000
1749307
1002
}
1002
{
1070
     3
1000
-2000018
1002
}
  0
LINE
  5
522
330
520
100
AcDbEntity
  8
A-GLAZ
100
AcDbLine
 10
27579.46338208719
 20
32940.00000000001
 30
0.0
 11
25859.46338208718
 21
32940.00000000001
 31
0.0
1001
REVIT
1002
{
1070
     1
1000
1749225
1002
}
1002
{
1070
     5
1000
1749307
1002
}
1002
{
1070
     3
1000
-2000018
1002
}
  0
LINE
  5
523
330
520
100
AcDbEntity
  8
A-GLAZ
100
AcDbLine
 10
27669.46338208718
 20
34740.00000000001
 30
0.0
 11
27669.46338208718
 21
32940.00000000001
 31
0.0
1001
REVIT
1002
{
1070
     1
1000
1749225
1002
}
1002
{
1070
     5
1000
1749307
1002
}
1002
{
1070
     3
1000
-2000018
1002
}
  0
LINE
  5
524
330
520
100
AcDbEntity
  8
A-GLAZ
100
AcDbLine
 10
27669.46338208718
 20
34740.00000000001
 30
0.0
 11
25859.46338208718
 21
34740.00000000001
 31
0.0
1001
REVIT
1002
{
1070
     1
1000
1749225
1002
}
1002
{
1070
     5
1000
1749307
1002
}
1002
{
1070
     3
1000
-2000018
1002
}
  0
LINE
  5
525
330
520
100
AcDbEntity
  8
A-GLAZ
100
AcDbLine
 10
25909.46338208718
 20
32990.00000000002
 30
0.0
 11
26739.46338208718
 21
32990.00000000002
 31
0.0
1001
REVIT
1002
{
1070
     1
1000
1749225
1002
}
1002
{
1070
     5
1000
1749307
1002
}
1002
{
1070
     3
1000
-2000018
1002
}
  0
LINE
  5
526
330
520
100
AcDbEntity
  8
A-GLAZ
100
AcDbLine
 10
25909.46338208718
 20
34690.00000000001
 30
0.0
 11
25909.46338208718
 21
32990.00000000002
 31
0.0
1001
REVIT
1002
{
1070
     1
1000
1749225
1002
}
1002
{
1070
     5
1000
1749307
1002
}
1002
{
1070
     3
1000
-2000018
1002
}
  0
LINE
  5
527
330
520
100
AcDbEntity
  8
A-GLAZ
100
AcDbLine
 10
25909.46338208718
 20
34690.00000000001
 30
0.0
 11
26739.46338208718
 21
34690.00000000001
 31
0.0
1001
REVIT
1002
{
1070
     1
1000
1749225
1002
}
1002
{
1070
     5
1000
1749307
1002
}
1002
{
1070
     3
1000
-2000018
1002
}
  0
LINE
  5
528
330
520
100
AcDbEntity
  8
A-GLAZ
100
AcDbLine
 10
26739.46338208718
 20
32990.00000000002
 30
0.0
 11
26739.46338208718
 21
34690.00000000001
 31
0.0
1001
REVIT
1002
{
1070
     1
1000
1749225
1002
}
1002
{
1070
     5
1000
1749307
1002
}
1002
{
1070
     3
1000
-2000018
1002
}
  0
LINE
  5
529
330
520
100
AcDbEntity
  8
A-GLAZ
100
AcDbLine
 10
26789.46338208718
 20
34690.00000000001
 30
0.0
 11
27619.46338208719
 21
34690.00000000001
 31
0.0
1001
REVIT
1002
{
1070
     1
1000
1749225
1002
}
1002
{
1070
     5
1000
1749307
1002
}
1002
{
1070
     3
1000
-2000018
1002
}
  0
LINE
  5
52A
330
520
100
AcDbEntity
  8
A-GLAZ
100
AcDbLine
 10
27619.46338208719
 20
32990.00000000002
 30
0.0
 11
27619.46338208719
 21
34690.00000000001
 31
0.0
1001
REVIT
1002
{
1070
     1
1000
1749225
1002
}
1002
{
1070
     5
1000
1749307
1002
}
1002
{
1070
     3
1000
-2000018
1002
}
  0
LINE
  5
52B
330
520
100
AcDbEntity
  8
A-GLAZ
100
AcDbLine
 10
26789.46338208718
 20
32990.00000000002
 30
0.0
 11
27619.46338208719
 21
32990.00000000002
 31
0.0
1001
REVIT
1002
{
1070
     1
1000
1749225
1002
}
1002
{
1070
     5
1000
1749307
1002
}
1002
{
1070
     3
1000
-2000018
1002
}
  0
LINE
  5
52C
330
520
100
AcDbEntity
  8
A-GLAZ
100
AcDbLine
 10
26789.46338208718
 20
34690.00000000001
 30
0.0
 11
26789.46338208718
 21
32990.00000000002
 31
0.0
1001
REVIT
1002
{
1070
     1
1000
1749225
1002
}
1002
{
1070
     5
1000
1749307
1002
}
1002
{
1070
     3
1000
-2000018
1002
}
  0
ENDBLK
  5
52E
330
520
100
AcDbEntity
  8
0
100
AcDbBlockEnd
  0
BLOCK
  5
541
330
532
100
AcDbEntity
  8
0
100
AcDbBlockBegin
  2
Single - Timber Frame  - 720x2400-1926410-SECTION C-C
 70
     0
 10
0.0
 20
0.0
 30
0.0
  3
Single - Timber Frame  - 720x2400-1926410-SECTION C-C
  1

  0
LINE
  5
533
330
532
100
AcDbEntity
  8
A-DOOR
  6
Dashed - Tight 0_18 Pen
100
AcDbLine
 10
16909.46338386735
 20
33515.00000000001
 30
0.0
 11
17629.46338386735
 21
32340.00000000001
 31
0.0
1001
REVIT
1002
{
1070
     1
1000
1775925
1002
}
1002
{
1070
     5
1000
1342414
1002
}
1002
{
1070
     3
1000
942652
1002
}
  0
LINE
  5
534
330
532
100
AcDbEntity
  8
A-DOOR
  6
Dashed - Tight 0_18 Pen
100
AcDbLine
 10
17629.46338386735
 20
34685.00000000001
 30
0.0
 11
16909.46338386735
 21
33515.00000000001
 31
0.0
1001
REVIT
1002
{
1070
     1
1000
1775925
1002
}
1002
{
1070
     5
1000
1342414
1002
}
1002
{
1070
     3
1000
942652
1002
}
  0
LINE
  5
535
330
532
100
AcDbEntity
  8
A-DOOR
100
AcDbLine
 10
16909.46338386735
 20
34685.00000000001
 30
0.0
 11
16909.46338386735
 21
32345.0
 31
0.0
1001
REVIT
1002
{
1070
     1
1000
1775925
1002
}
1002
{
1070
     5
1000
1342414
1002
}
1002
{
1070
     3
1000
-2000025
1002
}
  0
LINE
  5
536
330
532
100
AcDbEntity
  8
A-DOOR
100
AcDbLine
 10
16909.46338386735
 20
32345.0
 30
0.0
 11
17629.46338386735
 21
32345.0
 31
0.0
1001
REVIT
1002
{
1070
     1
1000
1775925
1002
}
1002
{
1070
     5
1000
1342414
1002
}
1002
{
1070
     3
1000
-2000025
1002
}
  0
LINE
  5
537
330
532
100
AcDbEntity
  8
A-DOOR
100
AcDbLine
 10
17629.46338386735
 20
32345.0
 30
0.0
 11
17629.46338386735
 21
34685.00000000001
 31
0.0
1001
REVIT
1002
{
1070
     1
1000
1775925
1002
}
1002
{
1070
     5
1000
1342414
1002
}
1002
{
1070
     3
1000
-2000025
1002
}
  0
LINE
  5
538
330
532
100
AcDbEntity
  8
A-DOOR
100
AcDbLine
 10
17629.46338386735
 20
34685.00000000001
 30
0.0
 11
16909.46338386735
 21
34685.00000000001
 31
0.0
1001
REVIT
1002
{
1070
     1
1000
1775925
1002
}
1002
{
1070
     5
1000
1342414
1002
}
1002
{
1070
     3
1000
-2000025
1002
}
  0
LINE
  5
539
330
532
100
AcDbEntity
  8
A-DOOR-FRAM
100
AcDbLine
 10
16921.46338386735
 20
32345.00000000001
 30
0.0
 11
16921.46338386735
 21
32340.00000000001
 31
0.0
1001
REVIT
1002
{
1070
     1
1000
1775925
1002
}
1002
{
1070
     5
1000
1342414
1002
}
1002
{
1070
     3
1000
-2000029
1002
}
  0
LINE
  5
53A
330
532
100
AcDbEntity
  8
A-DOOR-FRAM
100
AcDbLine
 10
17617.46338386736
 20
32345.00000000001
 30
0.0
 11
17617.46338386736
 21
32340.00000000001
 31
0.0
1001
REVIT
1002
{
1070
     1
1000
1775925
1002
}
1002
{
1070
     5
1000
1342414
1002
}
1002
{
1070
     3
1000
-2000029
1002
}
  0
LINE
  5
53B
330
532
100
AcDbEntity
  8
A-DOOR-FRAM
100
AcDbLine
 10
16906.46338386735
 20
34688.00000000001
 30
0.0
 11
16906.46338386735
 21
32340.00000000001
 31
0.0
1001
REVIT
1002
{
1070
     1
1000
1775925
1002
}
1002
{
1070
     5
1000
1342414
1002
}
1002
{
1070
     3
1000
-2000029
1002
}
  0
LINE
  5
53C
330
532
100
AcDbEntity
  8
A-DOOR-FRAM
100
AcDbLine
 10
16906.46338386735
 20
34688.00000000001
 30
0.0
 11
17632.46338386736
 21
34688.00000000001
 31
0.0
1001
REVIT
1002
{
1070
     1
1000
1775925
1002
}
1002
{
1070
     5
1000
1342414
1002
}
1002
{
1070
     3
1000
-2000029
1002
}
  0
LINE
  5
53D
330
532
100
AcDbEntity
  8
A-DOOR-FRAM
100
AcDbLine
 10
17632.46338386736
 20
34688.00000000001
 30
0.0
 11
17632.46338386736
 21
32340.00000000001
 31
0.0
1001
REVIT
1002
{
1070
     1
1000
1775925
1002
}
1002
{
1070
     5
1000
1342414
1002
}
1002
{
1070
     3
1000
-2000029
1002
}
  0
LINE
  5
53E
330
532
100
AcDbEntity
  8
A-DOOR-FRAM
100
AcDbLine
 10
16879.46338386735
 20
34715.00000000001
 30
0.0
 11
16879.46338386735
 21
32340.00000000001
 31
0.0
1001
REVIT
1002
{
1070
     1
1000
1775925
1002
}
1002
{
1070
     5
1000
1342414
1002
}
1002
{
1070
     3
1000
-2000029
1002
}
  0
LINE
  5
53F
330
532
100
AcDbEntity
  8
A-DOOR-FRAM
100
AcDbLine
 10
17659.46338386736
 20
34715.00000000001
 30
0.0
 11
16879.46338386735
 21
34715.00000000001
 31
0.0
1001
REVIT
1002
{
1070
     1
1000
1775925
1002
}
1002
{
1070
     5
1000
1342414
1002
}
1002
{
1070
     3
1000
-2000029
1002
}
  0
LINE
  5
540
330
532
100
AcDbEntity
  8
A-DOOR-FRAM
100
AcDbLine
 10
17659.46338386736
 20
32340.00000000001
 30
0.0
 11
17659.46338386736
 21
34715.00000000001
 31
0.0
1001
REVIT
1002
{
1070
     1
1000
1775925
1002
}
1002
{
1070
     5
1000
1342414
1002
}
1002
{
1070
     3
1000
-2000029
1002
}
  0
ENDBLK
  5
542
330
532
100
AcDbEntity
  8
0
100
AcDbBlockEnd
  0
BLOCK
  5
56D
330
55A
100
AcDbEntity
  8
0
100
AcDbBlockBegin
  2
Stacker Door - 3 Panel - XXF3032 SP-2545091-SECTION C-C
 70
     0
 10
0.0
 20
0.0
 30
0.0
  3
Stacker Door - 3 Panel - XXF3032 SP-2545091-SECTION C-C
  1

  0
LINE
  5
55B
330
55A
100
AcDbEntity
  8
A-DOOR-FRAM
100
AcDbLine
 10
26655.29671542048
 20
28890.0
 30
0.0
 11
26655.29671542048
 21
31888.70472548371
 31
0.0
1001
REVIT
1002
{
1070
     1
1000
1783162
1002
}
1002
{
1070
     5
1000
1813212
1002
}
1002
{
1070
     3
1000
-2000029
1002
}
  0
LINE
  5
55C
330
55A
100
AcDbEntity
  8
A-DOOR-FRAM
100
AcDbLine
 10
25641.13004875382
 20
31835.0
 30
0.0
 11
26600.29671542048
 21
31835.0
 31
0.0
1001
REVIT
1002
{
1070
     1
1000
1783162
1002
}
1002
{
1070
     5
1000
1813212
1002
}
1002
{
1070
     3
1000
-2000029
1002
}
  0
LINE
  5
55D
330
55A
100
AcDbEntity
  8
A-DOOR-FRAM
100
AcDbLine
 10
26600.29671542048
 20
31835.0
 30
0.0
 11
26600.29671542048
 21
28945.0
 31
0.0
1001
REVIT
1002
{
1070
     1
1000
1783162
1002
}
1002
{
1070
     5
1000
1813212
1002
}
1002
{
1070
     3
1000
-2000029
1002
}
  0
LINE
  5
55E
330
55A
100
AcDbEntity
  8
A-DOOR-FRAM
100
AcDbLine
 10
26600.29671542048
 20
28945.0
 30
0.0
 11
25641.13004875382
 21
28945.0
 31
0.0
1001
REVIT
1002
{
1070
     1
1000
1783162
1002
}
1002
{
1070
     5
1000
1813212
1002
}
1002
{
1070
     3
1000
-2000029
1002
}
  0
LINE
  5
55F
330
55A
100
AcDbEntity
  8
A-DOOR-FRAM
100
AcDbLine
 10
25641.13004875381
 20
28890.0
 30
0.0
 11
25641.13004875381
 21
31888.70472548371
 31
0.0
1001
REVIT
1002
{
1070
     1
1000
1783162
1002
}
1002
{
1070
     5
1000
1813212
1002
}
1002
{
1070
     3
1000
-2000029
1002
}
  0
LINE
  5
560
330
55A
100
AcDbEntity
  8
A-DOOR-FRAM
100
AcDbLine
 10
24594.46338208715
 20
28945.0
 30
0.0
 11
24594.46338208715
 21
31835.0
 31
0.0
1001
REVIT
1002
{
1070
     1
1000
1783162
1002
}
1002
{
1070
     5
1000
1813212
1002
}
1002
{
1070
     3
1000
-2000029
1002
}
  0
LINE
  5
561
330
55A
100
AcDbEntity
  8
A-DOOR-FRAM
100
AcDbLine
 10
24594.46338208715
 20
31835.0
 30
0.0
 11
25586.13004875382
 21
31835.0
 31
0.0
1001
REVIT
1002
{
1070
     1
1000
1783162
1002
}
1002
{
1070
     5
1000
1813212
1002
}
1002
{
1070
     3
1000
-2000029
1002
}
  0
LINE
  5
562
330
55A
100
AcDbEntity
  8
A-DOOR-FRAM
100
AcDbLine
 10
25586.13004875382
 20
31835.0
 30
0.0
 11
25586.13004875382
 21
28945.0
 31
0.0
1001
REVIT
1002
{
1070
     1
1000
1783162
1002
}
1002
{
1070
     5
1000
1813212
1002
}
1002
{
1070
     3
1000
-2000029
1002
}
  0
LINE
  5
563
330
55A
100
AcDbEntity
  8
A-DOOR-FRAM
100
AcDbLine
 10
25586.13004875382
 20
28945.0
 30
0.0
 11
24594.46338208715
 21
28945.0
 31
0.0
1001
REVIT
1002
{
1070
     1
1000
1783162
1002
}
1002
{
1070
     5
1000
1813212
1002
}
1002
{
1070
     3
1000
-2000029
1002
}
  0
LINE
  5
564
330
55A
100
AcDbEntity
  8
A-DOOR-FRAM
100
AcDbLine
 10
26662.79671542048
 20
28945.0
 30
0.0
 11
26662.79671542048
 21
31835.0
 31
0.0
1001
REVIT
1002
{
1070
     1
1000
1783162
1002
}
1002
{
1070
     5
1000
1813212
1002
}
1002
{
1070
     3
1000
-2000029
1002
}
  0
LINE
  5
565
330
55A
100
AcDbEntity
  8
A-DOOR-FRAM
100
AcDbLine
 10
26662.79671542048
 20
31835.0
 30
0.0
 11
27654.46338208715
 21
31835.0
 31
0.0
1001
REVIT
1002
{
1070
     1
1000
1783162
1002
}
1002
{
1070
     5
1000
1813212
1002
}
1002
{
1070
     3
1000
-2000029
1002
}
  0
LINE
  5
566
330
55A
100
AcDbEntity
  8
A-DOOR-FRAM
100
AcDbLine
 10
27654.46338208715
 20
31835.0
 30
0.0
 11
27654.46338208715
 21
28945.0
 31
0.0
1001
REVIT
1002
{
1070
     1
1000
1783162
1002
}
1002
{
1070
     5
1000
1813212
1002
}
1002
{
1070
     3
1000
-2000029
1002
}
  0
LINE
  5
567
330
55A
100
AcDbEntity
  8
A-DOOR-FRAM
100
AcDbLine
 10
27654.46338208715
 20
28945.0
 30
0.0
 11
26662.79671542048
 21
28945.0
 31
0.0
1001
REVIT
1002
{
1070
     1
1000
1783162
1002
}
1002
{
1070
     5
1000
1813212
1002
}
1002
{
1070
     3
1000
-2000029
1002
}
  0
LINE
  5
568
330
55A
100
AcDbEntity
  8
A-DOOR
100
AcDbLine
 10
27709.46338208715
 20
28890.0
 30
0.0
 11
27709.46338208715
 21
31888.70472548371
 31
0.0
1001
REVIT
1002
{
1070
     1
1000
1783162
1002
}
1002
{
1070
     5
1000
1813212
1002
}
  0
LINE
  5
569
330
55A
100
AcDbEntity
  8
A-DOOR
100
AcDbLine
 10
27749.46338208715
 20
31890.00000000001
 30
0.0
 11
27749.46338208715
 21
28890.0
 31
0.0
1001
REVIT
1002
{
1070
     1
1000
1783162
1002
}
1002
{
1070
     5
1000
1813212
1002
}
  0
LINE
  5
56A
330
55A
100
AcDbEntity
  8
A-DOOR
100
AcDbLine
 10
24499.46338208715
 20
31890.00000000001
 30
0.0
 11
24499.46338208715
 21
28890.0
 31
0.0
1001
REVIT
1002
{
1070
     1
1000
1783162
1002
}
1002
{
1070
     5
1000
1813212
1002
}
  0
LINE
  5
56B
330
55A
100
AcDbEntity
  8
A-DOOR
100
AcDbLine
 10
24539.46338208715
 20
28890.0
 30
0.0
 11
24539.46338208715
 21
31888.70472548371
 31
0.0
1001
REVIT
1002
{
1070
     1
1000
1783162
1002
}
1002
{
1070
     5
1000
1813212
1002
}
  0
LINE
  5
56C
330
55A
100
AcDbEntity
  8
A-DOOR
100
AcDbLine
 10
24539.46338208715
 20
31888.70472548371
 30
0.0
 11
27709.46338208715
 21
31888.70472548371
 31
0.0
1001
REVIT
1002
{
1070
     1
1000
1783162
1002
}
1002
{
1070
     5
1000
1813212
1002
}
  0
ENDBLK
  5
56E
330
55A
100
AcDbEntity
  8
0
100
AcDbBlockEnd
  0
BLOCK
  5
594
330
582
100
AcDbEntity
  8
0
100
AcDbBlockBegin
  2
Refrigerator - Refrigerator-1143319-SECTION C-C
 70
     0
 10
0.0
 20
0.0
 30
0.0
  3
Refrigerator - Refrigerator-1143319-SECTION C-C
  1

  0
LINE
  5
583
330
582
100
AcDbEntity
  8
A-GENM
100
AcDbLine
 10
18951.96338385018
 20
30162.95
 30
0.0
 11
19002.76338385018
 21
30162.95
 31
0.0
1001
REVIT
1002
{
1070
     1
1000
1789789
1002
}
1002
{
1070
     5
1000
1143319
1002
}
  0
LINE
  5
584
330
582
100
AcDbEntity
  8
A-GENM
100
AcDbLine
 10
19002.76338385018
 20
28940.8
 30
0.0
 11
18951.96338385018
 21
28940.8
 31
0.0
1001
REVIT
1002
{
1070
     1
1000
1789789
1002
}
1002
{
1070
     5
1000
1143319
1002
}
  0
LINE
  5
585
330
582
100
AcDbEntity
  8
A-GENM
100
AcDbLine
 10
19002.76338385018
 20
28940.8
 30
0.0
 11
19002.76338385018
 21
30162.95
 31
0.0
1001
REVIT
1002
{
1070
     1
1000
1789789
1002
}
1002
{
1070
     5
1000
1143319
1002
}
  0
LINE
  5
586
330
582
100
AcDbEntity
  8
A-GENM
100
AcDbLine
 10
18951.96338385018
 20
30664.6
 30
0.0
 11
19002.76338385018
 21
30664.6
 31
0.0
1001
REVIT
1002
{
1070
     1
1000
1789789
1002
}
1002
{
1070
     5
1000
1143319
1002
}
  0
LINE
  5
587
330
582
100
AcDbEntity
  8
A-GENM
100
AcDbLine
 10
19002.76338385018
 20
30182.0
 30
0.0
 11
18951.96338385018
 21
30182.0
 31
0.0
1001
REVIT
1002
{
1070
     1
1000
1789789
1002
}
1002
{
1070
     5
1000
1143319
1002
}
  0
LINE
  5
588
330
582
100
AcDbEntity
  8
A-GENM
100
AcDbLine
 10
19002.76338385018
 20
30182.0
 30
0.0
 11
19002.76338385018
 21
30664.6
 31
0.0
1001
REVIT
1002
{
1070
     1
1000
1789789
1002
}
1002
{
1070
     5
1000
1143319
1002
}
  0
LINE
  5
589
330
582
100
AcDbEntity
  8
A-GENM
100
AcDbLine
 10
18901.16338385019
 20
30162.95
 30
0.0
 11
18951.96338385018
 21
30162.95
 31
0.0
1001
REVIT
1002
{
1070
     1
1000
1789789
1002
}
1002
{
1070
     5
1000
1143319
1002
}
  0
LINE
  5
58A
330
582
100
AcDbEntity
  8
A-GENM
100
AcDbLine
 10
18951.96338385018
 20
28940.8
 30
0.0
 11
18901.16338385019
 21
28940.8
 31
0.0
1001
REVIT
1002
{
1070
     1
1000
1789789
1002
}
1002
{
1070
     5
1000
1143319
1002
}
  0
LINE
  5
58B
330
582
100
AcDbEntity
  8
A-GENM
100
AcDbLine
 10
18901.16338385019
 20
28940.8
 30
0.0
 11
18901.16338385019
 21
30162.95
 31
0.0
1001
REVIT
1002
{
1070
     1
1000
1789789
1002
}
1002
{
1070
     5
1000
1143319
1002
}
  0
LINE
  5
58C
330
582
100
AcDbEntity
  8
A-GENM
100
AcDbLine
 10
18951.96338385018
 20
28940.8
 30
0.0
 11
18951.96338385018
 21
30162.95
 31
0.0
1001
REVIT
1002
{
1070
     1
1000
1789789
1002
}
1002
{
1070
     5
1000
1143319
1002
}
  0
LINE
  5
58D
330
582
100
AcDbEntity
  8
A-GENM
100
AcDbLine
 10
18901.16338385019
 20
30690.0
 30
0.0
 11
18951.96338385018
 21
30690.0
 31
0.0
1001
REVIT
1002
{
1070
     1
1000
1789789
1002
}
1002
{
1070
     5
1000
1143319
1002
}
  0
LINE
  5
58E
330
582
100
AcDbEntity
  8
A-GENM
100
AcDbLine
 10
18951.96338385018
 20
30182.0
 30
0.0
 11
18901.16338385019
 21
30182.0
 31
0.0
1001
REVIT
1002
{
1070
     1
1000
1789789
1002
}
1002
{
1070
     5
1000
1143319
1002
}
  0
LINE
  5
58F
330
582
100
AcDbEntity
  8
A-GENM
100
AcDbLine
 10
18901.16338385019
 20
30182.0
 30
0.0
 11
18901.16338385019
 21
30690.0
 31
0.0
1001
REVIT
1002
{
1070
     1
1000
1789789
1002
}
1002
{
1070
     5
1000
1143319
1002
}
  0
LINE
  5
590
330
582
100
AcDbEntity
  8
A-GENM
100
AcDbLine
 10
18951.96338385018
 20
30182.0
 30
0.0
 11
18951.96338385018
 21
30690.0
 31
0.0
1001
REVIT
1002
{
1070
     1
1000
1789789
1002
}
1002
{
1070
     5
1000
1143319
1002
}
  0
LINE
  5
591
330
582
100
AcDbEntity
  8
A-GENM
100
AcDbLine
 10
18288.46338385018
 20
30690.0
 30
0.0
 11
18888.46338385018
 21
30690.0
 31
0.0
1001
REVIT
1002
{
1070
     1
1000
1789789
1002
}
1002
{
1070
     5
1000
1143319
1002
}
  0
LINE
  5
592
330
582
100
AcDbEntity
  8
A-GENM
100
AcDbLine
 10
18288.46338385018
 20
28890.0
 30
0.0
 11
18288.46338385018
 21
30690.0
 31
0.0
1001
REVIT
1002
{
1070
     1
1000
1789789
1002
}
1002
{
1070
     5
1000
1143319
1002
}
  0
LINE
  5
593
330
582
100
AcDbEntity
  8
A-GENM
100
AcDbLine
 10
18888.46338385018
 20
28890.0
 30
0.0
 11
18888.46338385018
 21
30690.0
 31
0.0
1001
REVIT
1002
{
1070
     1
1000
1789789
1002
}
1002
{
1070
     5
1000
1143319
1002
}
  0
ENDBLK
  5
595
330
582
100
AcDbEntity
  8
0
100
AcDbBlockEnd
  0
BLOCK
  5
5B0
330
597
100
AcDbEntity
  8
0
100
AcDbBlockBegin
  2
custom - equal Panel M_6 PANEL HORIZONTAL_ - AFA3042T SP-2001726-SECTION C-C
 70
     0
 10
0.0
 20
0.0
 30
0.0
  3
custom - equal Panel M_6 PANEL HORIZONTAL_ - AFA3042T SP-2001726-SECTION C-C
  1

  0
LINE
  5
598
330
597
100
AcDbEntity
  8
A-GLAZ
370
    18
100
AcDbLine
 10
28116.96338208717
 20
28940.00000000002
 30
0.0
 11
28116.96338208717
 21
29839.99999999998
 31
0.0
1001
REVIT
1002
{
1070
     1
1000
1791104
1002
}
1002
{
1070
     5
1000
2001708
1002
}
1002
{
1070
     3
1000
-2000016
1002
}
  0
LINE
  5
599
330
597
100
AcDbEntity
  8
A-GLAZ
370
    18
100
AcDbLine
 10
28116.96338208717
 20
29839.99999999998
 30
0.0
 11
28091.96338208717
 21
29839.99999999998
 31
0.0
1001
REVIT
1002
{
1070
     1
1000
1791104
1002
}
1002
{
1070
     5
1000
2001708
1002
}
1002
{
1070
     3
1000
-2000016
1002
}
  0
LINE
  5
59A
330
597
100
AcDbEntity
  8
A-GLAZ
370
    18
100
AcDbLine
 10
28091.96338208717
 20
29839.99999999998
 30
0.0
 11
28091.96338208717
 21
28940.00000000002
 31
0.0
1001
REVIT
1002
{
1070
     1
1000
1791104
1002
}
1002
{
1070
     5
1000
2001708
1002
}
1002
{
1070
     3
1000
-2000016
1002
}
  0
LINE
  5
59B
330
597
100
AcDbEntity
  8
A-GLAZ
370
    18
100
AcDbLine
 10
28091.96338208717
 20
28940.00000000002
 30
0.0
 11
28116.96338208717
 21
28940.00000000002
 31
0.0
1001
REVIT
1002
{
1070
     1
1000
1791104
1002
}
1002
{
1070
     5
1000
2001708
1002
}
1002
{
1070
     3
1000
-2000016
1002
}
  0
LINE
  5
59C
330
597
100
AcDbEntity
  8
A-GLAZ
370
    18
100
AcDbLine
 10
28116.96338208717
 20
29890.0
 30
0.0
 11
28116.96338208717
 21
31840.00000000001
 31
0.0
1001
REVIT
1002
{
1070
     1
1000
1791104
1002
}
1002
{
1070
     5
1000
2001708
1002
}
1002
{
1070
     3
1000
-2000016
1002
}
  0
LINE
  5
59D
330
597
100
AcDbEntity
  8
A-GLAZ
370
    18
100
AcDbLine
 10
28116.96338208717
 20
31840.00000000001
 30
0.0
 11
28091.96338208717
 21
31840.00000000001
 31
0.0
1001
REVIT
1002
{
1070
     1
1000
1791104
1002
}
1002
{
1070
     5
1000
2001708
1002
}
1002
{
1070
     3
1000
-2000016
1002
}
  0
LINE
  5
59E
330
597
100
AcDbEntity
  8
A-GLAZ
370
    18
100
AcDbLine
 10
28091.96338208717
 20
31840.00000000001
 30
0.0
 11
28091.96338208717
 21
29890.0
 31
0.0
1001
REVIT
1002
{
1070
     1
1000
1791104
1002
}
1002
{
1070
     5
1000
2001708
1002
}
1002
{
1070
     3
1000
-2000016
1002
}
  0
LINE
  5
59F
330
597
100
AcDbEntity
  8
A-GLAZ
370
    18
100
AcDbLine
 10
28091.96338208717
 20
29890.0
 30
0.0
 11
28116.96338208717
 21
29890.0
 31
0.0
1001
REVIT
1002
{
1070
     1
1000
1791104
1002
}
1002
{
1070
     5
1000
2001708
1002
}
1002
{
1070
     3
1000
-2000016
1002
}
  0
LINE
  5
5A0
330
597
100
AcDbEntity
  8
A-GLAZ
370
    18
100
AcDbLine
 10
28179.46338208718
 20
28890.00000000001
 30
0.0
 11
28179.46338208718
 21
28940.00000000003
 31
0.0
1001
REVIT
1002
{
1070
     1
1000
1791104
1002
}
1002
{
1070
     5
1000
2001708
1002
}
1002
{
1070
     3
1000
-2000018
1002
}
  0
LINE
  5
5A1
330
597
100
AcDbEntity
  8
A-GLAZ
370
    18
100
AcDbLine
 10
28179.46338208718
 20
28940.00000000003
 30
0.0
 11
28029.46338208718
 21
28940.00000000003
 31
0.0
1001
REVIT
1002
{
1070
     1
1000
1791104
1002
}
1002
{
1070
     5
1000
2001708
1002
}
1002
{
1070
     3
1000
-2000018
1002
}
  0
LINE
  5
5A2
330
597
100
AcDbEntity
  8
A-GLAZ
370
    18
100
AcDbLine
 10
28029.46338208718
 20
28940.00000000003
 30
0.0
 11
28029.46338208718
 21
28890.00000000001
 31
0.0
1001
REVIT
1002
{
1070
     1
1000
1791104
1002
}
1002
{
1070
     5
1000
2001708
1002
}
1002
{
1070
     3
1000
-2000018
1002
}
  0
LINE
  5
5A3
330
597
100
AcDbEntity
  8
A-GLAZ
370
    18
100
AcDbLine
 10
28029.46338208718
 20
28890.00000000001
 30
0.0
 11
28179.46338208718
 21
28890.00000000001
 31
0.0
1001
REVIT
1002
{
1070
     1
1000
1791104
1002
}
1002
{
1070
     5
1000
2001708
1002
}
1002
{
1070
     3
1000
-2000018
1002
}
  0
LINE
  5
5A4
330
597
100
AcDbEntity
  8
A-GLAZ
370
    18
100
AcDbLine
 10
28179.46338208718
 20
29839.99999999998
 30
0.0
 11
28179.46338208718
 21
29890.0
 31
0.0
1001
REVIT
1002
{
1070
     1
1000
1791104
1002
}
1002
{
1070
     5
1000
2001708
1002
}
1002
{
1070
     3
1000
-2000018
1002
}
  0
LINE
  5
5A5
330
597
100
AcDbEntity
  8
A-GLAZ
370
    18
100
AcDbLine
 10
28179.46338208718
 20
29890.0
 30
0.0
 11
28029.46338208718
 21
29890.0
 31
0.0
1001
REVIT
1002
{
1070
     1
1000
1791104
1002
}
1002
{
1070
     5
1000
2001708
1002
}
1002
{
1070
     3
1000
-2000018
1002
}
  0
LINE
  5
5A6
330
597
100
AcDbEntity
  8
A-GLAZ
370
    18
100
AcDbLine
 10
28029.46338208718
 20
29890.0
 30
0.0
 11
28029.46338208718
 21
29839.99999999998
 31
0.0
1001
REVIT
1002
{
1070
     1
1000
1791104
1002
}
1002
{
1070
     5
1000
2001708
1002
}
1002
{
1070
     3
1000
-2000018
1002
}
  0
LINE
  5
5A7
330
597
100
AcDbEntity
  8
A-GLAZ
370
    18
100
AcDbLine
 10
28029.46338208718
 20
29839.99999999998
 30
0.0
 11
28179.46338208718
 21
29839.99999999998
 31
0.0
1001
REVIT
1002
{
1070
     1
1000
1791104
1002
}
1002
{
1070
     5
1000
2001708
1002
}
1002
{
1070
     3
1000
-2000018
1002
}
  0
LINE
  5
5A8
330
597
100
AcDbEntity
  8
A-GLAZ
370
    18
100
AcDbLine
 10
28179.46338208718
 20
31840.00000000001
 30
0.0
 11
28179.46338208718
 21
31890.0
 31
0.0
1001
REVIT
1002
{
1070
     1
1000
1791104
1002
}
1002
{
1070
     5
1000
2001708
1002
}
1002
{
1070
     3
1000
-2000018
1002
}
  0
LINE
  5
5A9
330
597
100
AcDbEntity
  8
A-GLAZ
370
    18
100
AcDbLine
 10
28179.46338208718
 20
31890.0
 30
0.0
 11
28139.4633820872
 21
31890.0
 31
0.0
1001
REVIT
1002
{
1070
     1
1000
1791104
1002
}
1002
{
1070
     5
1000
2001708
1002
}
1002
{
1070
     3
1000
-2000018
1002
}
  0
LINE
  5
5AA
330
597
100
AcDbEntity
  8
A-GLAZ
370
    18
100
AcDbLine
 10
28029.46338208718
 20
31890.0
 30
0.0
 11
28029.46338208718
 21
31840.00000000001
 31
0.0
1001
REVIT
1002
{
1070
     1
1000
1791104
1002
}
1002
{
1070
     5
1000
2001708
1002
}
1002
{
1070
     3
1000
-2000018
1002
}
  0
LINE
  5
5AB
330
597
100
AcDbEntity
  8
A-GLAZ
370
    18
100
AcDbLine
 10
28029.46338208718
 20
31840.00000000001
 30
0.0
 11
28179.46338208718
 21
31840.00000000001
 31
0.0
1001
REVIT
1002
{
1070
     1
1000
1791104
1002
}
1002
{
1070
     5
1000
2001708
1002
}
1002
{
1070
     3
1000
-2000018
1002
}
  0
LINE
  5
5AC
330
597
100
AcDbEntity
  8
A-GLAZ
100
AcDbLine
 10
28179.46338208718
 20
31840.00000000001
 30
0.0
 11
28179.46338208718
 21
29890.0
 31
0.0
1001
REVIT
1002
{
1070
     1
1000
1791104
1002
}
1002
{
1070
     5
1000
2001708
1002
}
1002
{
1070
     3
1000
-2000018
1002
}
  0
LINE
  5
5AD
330
597
100
AcDbEntity
  8
A-GLAZ
100
AcDbLine
 10
28179.46338208718
 20
29839.99999999998
 30
0.0
 11
28179.46338208718
 21
28940.00000000003
 31
0.0
1001
REVIT
1002
{
1070
     1
1000
1791104
1002
}
1002
{
1070
     5
1000
2001708
1002
}
1002
{
1070
     3
1000
-2000018
1002
}
  0
LINE
  5
5AE
330
597
100
AcDbEntity
  8
A-GLAZ
100
AcDbLine
 10
28029.46338208718
 20
31840.00000000001
 30
0.0
 11
28029.46338208718
 21
29890.0
 31
0.0
1001
REVIT
1002
{
1070
     1
1000
1791104
1002
}
1002
{
1070
     5
1000
2001708
1002
}
1002
{
1070
     3
1000
-2000018
1002
}
  0
LINE
  5
5AF
330
597
100
AcDbEntity
  8
A-GLAZ
100
AcDbLine
 10
28029.46338208718
 20
29839.99999999998
 30
0.0
 11
28029.46338208718
 21
28940.00000000003
 31
0.0
1001
REVIT
1002
{
1070
     1
1000
1791104
1002
}
1002
{
1070
     5
1000
2001708
1002
}
1002
{
1070
     3
1000
-2000018
1002
}
  0
ENDBLK
  5
5B1
330
597
100
AcDbEntity
  8
0
100
AcDbBlockEnd
  0
BLOCK
  5
5B7
330
5B3
100
AcDbEntity
  8
0
100
AcDbBlockBegin
  2
Single - Timber Frame  - 870x2400-V2-SECTION C-C
 70
     0
 10
0.0
 20
0.0
 30
0.0
  3
Single - Timber Frame  - 870x2400-V2-SECTION C-C
  1

  0
LINE
  5
5B4
330
5B3
100
AcDbEntity
  8
A-DOOR
  6
Dashed - Tight 0_18 Pen
100
AcDbLine
 10
11332.21905591587
 20
28895.00000000001
 30
0.0
 11
11335.92118357544
 21
28890.00000000001
 31
0.0
1001
REVIT
1002
{
1070
     1
1000
1802990
1002
}
1002
{
1070
     5
1000
2599461
1002
}
1002
{
1070
     3
1000
942652
1002
}
  0
LINE
  5
5B5
330
5B3
100
AcDbEntity
  8
A-DOOR-FRAM
100
AcDbLine
 10
11384.43182187332
 20
28890.00000000001
 30
0.0
 11
11384.43182187332
 21
28895.00000000001
 31
0.0
1001
REVIT
1002
{
1070
     1
1000
1802990
1002
}
1002
{
1070
     5
1000
2599461
1002
}
1002
{
1070
     3
1000
-2000029
1002
}
  0
LINE
  5
5B6
330
5B3
100
AcDbEntity
  8
A-DOOR-FRAM
100
AcDbLine
 10
11342.43182187332
 20
28895.00000000001
 30
0.0
 11
11342.43182187332
 21
28890.00000000001
 31
0.0
1001
REVIT
1002
{
1070
     1
1000
1802990
1002
}
1002
{
1070
     5
1000
2599461
1002
}
1002
{
1070
     3
1000
-2000029
1002
}
  0
ENDBLK
  5
5B8
330
5B3
100
AcDbEntity
  8
0
100
AcDbBlockEnd
  0
BLOCK
  5
5CB
330
5BB
100
AcDbEntity
  8
0
100
AcDbBlockBegin
  2
Custom - Equal Panel T _ M_4 PANEL VERTICAL_ - AF1815T SP-2446615-SECTION C-C
 70
     0
 10
0.0
 20
0.0
 30
0.0
  3
Custom - Equal Panel T _ M_4 PANEL VERTICAL_ - AF1815T SP-2446615-SECTION C-C
  1

  0
LINE
  5
5BC
330
5BB
100
AcDbEntity
  8
A-GLAZ
100
AcDbLine
 10
19159.46338393946
 20
31015.00000000002
 30
0.0
 11
18864.46338384979
 21
31015.00000000002
 31
0.0
1001
REVIT
1002
{
1070
     1
1000
1807319
1002
}
1002
{
1070
     5
1000
2446478
1002
}
1002
{
1070
     3
1000
-2000018
1002
}
  0
LINE
  5
5BD
330
5BB
100
AcDbEntity
  8
A-GLAZ
100
AcDbLine
 10
18864.46338384979
 20
31840.00000000001
 30
0.0
 11
19159.46338393946
 21
31840.00000000001
 31
0.0
1001
REVIT
1002
{
1070
     1
1000
1807319
1002
}
1002
{
1070
     5
1000
2446478
1002
}
1002
{
1070
     3
1000
-2000018
1002
}
  0
LINE
  5
5BE
330
5BB
100
AcDbEntity
  8
A-GLAZ
100
AcDbLine
 10
19159.46338393946
 20
31840.00000000001
 30
0.0
 11
19159.46338393946
 21
31015.00000000002
 31
0.0
1001
REVIT
1002
{
1070
     1
1000
1807319
1002
}
1002
{
1070
     5
1000
2446478
1002
}
1002
{
1070
     3
1000
-2000018
1002
}
  0
LINE
  5
5BF
330
5BB
100
AcDbEntity
  8
A-GLAZ
100
AcDbLine
 10
19919.46338393947
 20
30965.0
 30
0.0
 11
19919.46338393947
 21
30140.00000000002
 31
0.0
1001
REVIT
1002
{
1070
     1
1000
1807319
1002
}
1002
{
1070
     5
1000
2446478
1002
}
1002
{
1070
     3
1000
-2000018
1002
}
  0
LINE
  5
5C0
330
5BB
100
AcDbEntity
  8
A-GLAZ
100
AcDbLine
 10
19919.46338393947
 20
30140.00000000002
 30
0.0
 11
19209.46338393946
 21
30140.00000000002
 31
0.0
1001
REVIT
1002
{
1070
     1
1000
1807319
1002
}
1002
{
1070
     5
1000
2446478
1002
}
1002
{
1070
     3
1000
-2000018
1002
}
  0
LINE
  5
5C1
330
5BB
100
AcDbEntity
  8
A-GLAZ
100
AcDbLine
 10
19209.46338393946
 20
30140.00000000002
 30
0.0
 11
19209.46338393946
 21
30965.0
 31
0.0
1001
REVIT
1002
{
1070
     1
1000
1807319
1002
}
1002
{
1070
     5
1000
2446478
1002
}
1002
{
1070
     3
1000
-2000018
1002
}
  0
LINE
  5
5C2
330
5BB
100
AcDbEntity
  8
A-GLAZ
100
AcDbLine
 10
19209.46338393946
 20
30965.0
 30
0.0
 11
19919.46338393947
 21
30965.0
 31
0.0
1001
REVIT
1002
{
1070
     1
1000
1807319
1002
}
1002
{
1070
     5
1000
2446478
1002
}
1002
{
1070
     3
1000
-2000018
1002
}
  0
LINE
  5
5C3
330
5BB
100
AcDbEntity
  8
A-GLAZ
100
AcDbLine
 10
19159.46338393946
 20
30965.0
 30
0.0
 11
19159.46338393946
 21
30140.00000000002
 31
0.0
1001
REVIT
1002
{
1070
     1
1000
1807319
1002
}
1002
{
1070
     5
1000
2446478
1002
}
1002
{
1070
     3
1000
-2000018
1002
}
  0
LINE
  5
5C4
330
5BB
100
AcDbEntity
  8
A-GLAZ
100
AcDbLine
 10
19159.46338393946
 20
30140.00000000002
 30
0.0
 11
19002.76338385018
 21
30140.00000000002
 31
0.0
1001
REVIT
1002
{
1070
     1
1000
1807319
1002
}
1002
{
1070
     5
1000
2446478
1002
}
1002
{
1070
     3
1000
-2000018
1002
}
  0
LINE
  5
5C5
330
5BB
100
AcDbEntity
  8
A-GLAZ
100
AcDbLine
 10
18901.16338385019
 20
30140.00000000002
 30
0.0
 11
18888.46338385018
 21
30140.00000000002
 31
0.0
1001
REVIT
1002
{
1070
     1
1000
1807319
1002
}
1002
{
1070
     5
1000
2446478
1002
}
1002
{
1070
     3
1000
-2000018
1002
}
  0
LINE
  5
5C6
330
5BB
100
AcDbEntity
  8
A-GLAZ
100
AcDbLine
 10
18864.46338384979
 20
30965.0
 30
0.0
 11
19159.46338393946
 21
30965.0
 31
0.0
1001
REVIT
1002
{
1070
     1
1000
1807319
1002
}
1002
{
1070
     5
1000
2446478
1002
}
1002
{
1070
     3
1000
-2000018
1002
}
  0
LINE
  5
5C7
330
5BB
100
AcDbEntity
  8
A-GLAZ
100
AcDbLine
 10
19209.46338393946
 20
31840.00000000001
 30
0.0
 11
19919.46338393946
 21
31840.00000000001
 31
0.0
1001
REVIT
1002
{
1070
     1
1000
1807319
1002
}
1002
{
1070
     5
1000
2446478
1002
}
1002
{
1070
     3
1000
-2000018
1002
}
  0
LINE
  5
5C8
330
5BB
100
AcDbEntity
  8
A-GLAZ
100
AcDbLine
 10
19919.46338393946
 20
31840.00000000001
 30
0.0
 11
19919.46338393946
 21
31015.00000000002
 31
0.0
1001
REVIT
1002
{
1070
     1
1000
1807319
1002
}
1002
{
1070
     5
1000
2446478
1002
}
1002
{
1070
     3
1000
-2000018
1002
}
  0
LINE
  5
5C9
330
5BB
100
AcDbEntity
  8
A-GLAZ
100
AcDbLine
 10
19919.46338393946
 20
31015.00000000002
 30
0.0
 11
19209.46338393946
 21
31015.00000000002
 31
0.0
1001
REVIT
1002
{
1070
     1
1000
1807319
1002
}
1002
{
1070
     5
1000
2446478
1002
}
1002
{
1070
     3
1000
-2000018
1002
}
  0
LINE
  5
5CA
330
5BB
100
AcDbEntity
  8
A-GLAZ
100
AcDbLine
 10
19209.46338393946
 20
31015.00000000002
 30
0.0
 11
19209.46338393946
 21
31840.00000000001
 31
0.0
1001
REVIT
1002
{
1070
     1
1000
1807319
1002
}
1002
{
1070
     5
1000
2446478
1002
}
1002
{
1070
     3
1000
-2000018
1002
}
  0
ENDBLK
  5
5CC
330
5BB
100
AcDbEntity
  8
0
100
AcDbBlockEnd
  0
BLOCK
  5
5DF
330
5CE
100
AcDbEntity
  8
0
100
AcDbBlockBegin
  2
Custom - Equal Panel T _ M_4 PANEL VERTICAL_ - AF1815T SP-2446777-SECTION C-C
 70
     0
 10
0.0
 20
0.0
 30
0.0
  3
Custom - Equal Panel T _ M_4 PANEL VERTICAL_ - AF1815T SP-2446777-SECTION C-C
  1

  0
LINE
  5
5CF
330
5CE
100
AcDbEntity
  8
A-GLAZ
100
AcDbLine
 10
23039.46338393949
 20
31840.00000000001
 30
0.0
 11
23039.46338393949
 21
31015.00000000002
 31
0.0
1001
REVIT
1002
{
1070
     1
1000
1807647
1002
}
1002
{
1070
     5
1000
2446478
1002
}
1002
{
1070
     3
1000
-2000018
1002
}
  0
LINE
  5
5D0
330
5CE
100
AcDbEntity
  8
A-GLAZ
100
AcDbLine
 10
23039.46338393949
 20
31015.00000000002
 30
0.0
 11
22329.46338393948
 21
31015.00000000002
 31
0.0
1001
REVIT
1002
{
1070
     1
1000
1807647
1002
}
1002
{
1070
     5
1000
2446478
1002
}
1002
{
1070
     3
1000
-2000018
1002
}
  0
LINE
  5
5D1
330
5CE
100
AcDbEntity
  8
A-GLAZ
100
AcDbLine
 10
22329.46338393948
 20
31015.00000000002
 30
0.0
 11
22329.46338393948
 21
31840.00000000001
 31
0.0
1001
REVIT
1002
{
1070
     1
1000
1807647
1002
}
1002
{
1070
     5
1000
2446478
1002
}
1002
{
1070
     3
1000
-2000018
1002
}
  0
LINE
  5
5D2
330
5CE
100
AcDbEntity
  8
A-GLAZ
100
AcDbLine
 10
22329.46338393948
 20
31840.00000000001
 30
0.0
 11
23039.46338393949
 21
31840.00000000001
 31
0.0
1001
REVIT
1002
{
1070
     1
1000
1807647
1002
}
1002
{
1070
     5
1000
2446478
1002
}
1002
{
1070
     3
1000
-2000018
1002
}
  0
LINE
  5
5D3
330
5CE
100
AcDbEntity
  8
A-GLAZ
100
AcDbLine
 10
23089.46338393949
 20
31015.00000000002
 30
0.0
 11
23089.46338393949
 21
31840.00000000001
 31
0.0
1001
REVIT
1002
{
1070
     1
1000
1807647
1002
}
1002
{
1070
     5
1000
2446478
1002
}
1002
{
1070
     3
1000
-2000018
1002
}
  0
LINE
  5
5D4
330
5CE
100
AcDbEntity
  8
A-GLAZ
100
AcDbLine
 10
23089.46338393949
 20
31840.00000000001
 30
0.0
 11
23799.4633839395
 21
31840.00000000001
 31
0.0
1001
REVIT
1002
{
1070
     1
1000
1807647
1002
}
1002
{
1070
     5
1000
2446478
1002
}
1002
{
1070
     3
1000
-2000018
1002
}
  0
LINE
  5
5D5
330
5CE
100
AcDbEntity
  8
A-GLAZ
100
AcDbLine
 10
23799.4633839395
 20
31840.00000000001
 30
0.0
 11
23799.4633839395
 21
31015.00000000002
 31
0.0
1001
REVIT
1002
{
1070
     1
1000
1807647
1002
}
1002
{
1070
     5
1000
2446478
1002
}
1002
{
1070
     3
1000
-2000018
1002
}
  0
LINE
  5
5D6
330
5CE
100
AcDbEntity
  8
A-GLAZ
100
AcDbLine
 10
23799.4633839395
 20
31015.00000000002
 30
0.0
 11
23089.46338393949
 21
31015.00000000002
 31
0.0
1001
REVIT
1002
{
1070
     1
1000
1807647
1002
}
1002
{
1070
     5
1000
2446478
1002
}
1002
{
1070
     3
1000
-2000018
1002
}
  0
LINE
  5
5D7
330
5CE
100
AcDbEntity
  8
A-GLAZ
100
AcDbLine
 10
22329.46338393948
 20
30965.0
 30
0.0
 11
23039.46338393949
 21
30965.0
 31
0.0
1001
REVIT
1002
{
1070
     1
1000
1807647
1002
}
1002
{
1070
     5
1000
2446478
1002
}
1002
{
1070
     3
1000
-2000018
1002
}
  0
LINE
  5
5D8
330
5CE
100
AcDbEntity
  8
A-GLAZ
100
AcDbLine
 10
23039.46338393949
 20
30965.0
 30
0.0
 11
23039.46338393949
 21
30140.00000000002
 31
0.0
1001
REVIT
1002
{
1070
     1
1000
1807647
1002
}
1002
{
1070
     5
1000
2446478
1002
}
1002
{
1070
     3
1000
-2000018
1002
}
  0
LINE
  5
5D9
330
5CE
100
AcDbEntity
  8
A-GLAZ
100
AcDbLine
 10
23039.46338393949
 20
30140.00000000002
 30
0.0
 11
22329.46338393948
 21
30140.00000000002
 31
0.0
1001
REVIT
1002
{
1070
     1
1000
1807647
1002
}
1002
{
1070
     5
1000
2446478
1002
}
1002
{
1070
     3
1000
-2000018
1002
}
  0
LINE
  5
5DA
330
5CE
100
AcDbEntity
  8
A-GLAZ
100
AcDbLine
 10
22329.46338393948
 20
30140.00000000002
 30
0.0
 11
22329.46338393948
 21
30965.0
 31
0.0
1001
REVIT
1002
{
1070
     1
1000
1807647
1002
}
1002
{
1070
     5
1000
2446478
1002
}
1002
{
1070
     3
1000
-2000018
1002
}
  0
LINE
  5
5DB
330
5CE
100
AcDbEntity
  8
A-GLAZ
100
AcDbLine
 10
23089.46338393949
 20
30965.0
 30
0.0
 11
23799.4633839395
 21
30965.0
 31
0.0
1001
REVIT
1002
{
1070
     1
1000
1807647
1002
}
1002
{
1070
     5
1000
2446478
1002
}
1002
{
1070
     3
1000
-2000018
1002
}
  0
LINE
  5
5DC
330
5CE
100
AcDbEntity
  8
A-GLAZ
100
AcDbLine
 10
23799.4633839395
 20
30965.0
 30
0.0
 11
23799.4633839395
 21
30140.00000000002
 31
0.0
1001
REVIT
1002
{
1070
     1
1000
1807647
1002
}
1002
{
1070
     5
1000
2446478
1002
}
1002
{
1070
     3
1000
-2000018
1002
}
  0
LINE
  5
5DD
330
5CE
100
AcDbEntity
  8
A-GLAZ
100
AcDbLine
 10
23799.4633839395
 20
30140.00000000002
 30
0.0
 11
23089.46338393949
 21
30140.00000000002
 31
0.0
1001
REVIT
1002
{
1070
     1
1000
1807647
1002
}
1002
{
1070
     5
1000
2446478
1002
}
1002
{
1070
     3
1000
-2000018
1002
}
  0
LINE
  5
5DE
330
5CE
100
AcDbEntity
  8
A-GLAZ
100
AcDbLine
 10
23089.46338393949
 20
30140.00000000002
 30
0.0
 11
23089.46338393949
 21
30965.0
 31
0.0
1001
REVIT
1002
{
1070
     1
1000
1807647
1002
}
1002
{
1070
     5
1000
2446478
1002
}
1002
{
1070
     3
1000
-2000018
1002
}
  0
ENDBLK
  5
5E0
330
5CE
100
AcDbEntity
  8
0
100
AcDbBlockEnd
  0
BLOCK
  5
60B
330
600
100
AcDbEntity
  8
0
100
AcDbBlockBegin
  2
Downpipe - 450 Eave-1917949-SECTION C-C
 70
     0
 10
0.0
 20
0.0
 30
0.0
  3
Downpipe - 450 Eave-1917949-SECTION C-C
  1

  0
LINE
  5
601
330
600
100
AcDbEntity
  8
A-GENM
100
AcDbLine
 10
28379.46338208726
 20
28590.00000000001
 30
0.0
 11
28379.46338208726
 21
28905.45279315397
 31
0.0
1001
REVIT
1002
{
1070
     1
1000
1906281
1002
}
1002
{
1070
     5
1000
1893368
1002
}
1002
{
1070
     3
1000
1893352
1002
}
  0
LINE
  5
602
330
600
100
AcDbEntity
  8
A-GENM
100
AcDbLine
 10
28379.46338208726
 20
28961.65215069072
 30
0.0
 11
28379.46338208726
 21
28963.23966280238
 31
0.0
1001
REVIT
1002
{
1070
     1
1000
1906281
1002
}
1002
{
1070
     5
1000
1893368
1002
}
1002
{
1070
     3
1000
1893352
1002
}
  0
LINE
  5
603
330
600
100
AcDbEntity
  8
A-GENM
100
AcDbLine
 10
28379.46338208726
 20
28994.98965069072
 30
0.0
 11
28379.46338208726
 21
29018.08839071916
 31
0.0
1001
REVIT
1002
{
1070
     1
1000
1906281
1002
}
1002
{
1070
     5
1000
1893368
1002
}
1002
{
1070
     3
1000
1893352
1002
}
  0
LINE
  5
604
330
600
100
AcDbEntity
  8
A-GENM
100
AcDbLine
 10
28379.46338208726
 20
29035.39095910893
 30
0.0
 11
28379.46338208726
 21
35020.0742876804
 31
0.0
1001
REVIT
1002
{
1070
     1
1000
1906281
1002
}
1002
{
1070
     5
1000
1893368
1002
}
1002
{
1070
     3
1000
1893352
1002
}
  0
LINE
  5
605
330
600
100
AcDbEntity
  8
A-GENM
100
AcDbLine
 10
28379.46338208726
 20
35020.07428768041
 30
0.0
 11
28889.46338208726
 21
35064.69350607863
 31
0.0
1001
REVIT
1002
{
1070
     1
1000
1906281
1002
}
1002
{
1070
     5
1000
1893368
1002
}
1002
{
1070
     3
1000
1893352
1002
}
  0
LINE
  5
606
330
600
100
AcDbEntity
  8
A-GENM
100
AcDbLine
 10
28809.46338208726
 20
35138.00000000002
 30
0.0
 11
28299.46338208725
 21
35093.3807816018
 31
0.0
1001
REVIT
1002
{
1070
     1
1000
1906281
1002
}
1002
{
1070
     5
1000
1893368
1002
}
1002
{
1070
     3
1000
1893352
1002
}
  0
LINE
  5
607
330
600
100
AcDbEntity
  8
A-GENM
100
AcDbLine
 10
28889.46338208726
 20
35064.69350607863
 30
0.0
 11
28889.46338208726
 21
35212.26655132191
 31
0.0
1001
REVIT
1002
{
1070
     1
1000
1906281
1002
}
1002
{
1070
     5
1000
1893368
1002
}
1002
{
1070
     3
1000
1893352
1002
}
  0
LINE
  5
608
330
600
100
AcDbEntity
  8
A-GENM
100
AcDbLine
 10
28809.46338208726
 20
35219.26564440398
 30
0.0
 11
28809.46338208726
 21
35138.00000000002
 31
0.0
1001
REVIT
1002
{
1070
     1
1000
1906281
1002
}
1002
{
1070
     5
1000
1893368
1002
}
1002
{
1070
     3
1000
1893352
1002
}
  0
SPLINE
  5
609
330
600
100
AcDbEntity
  8
A-GENM
100
AcDbSpline
210
0.0
220
0.0
230
1.0
 70
     8
 71
     3
 72
    40
 73
    36
 74
     0
 42
0.000000001
 43
0.0000000001
 40
0.0
 40
0.0
 40
0.0
 40
0.0
 40
0.0833333333333333
 40
0.125
 40
0.1666666666666667
 40
0.2083333333333333
 40
0.2291666666666667
 40
0.25
 40
0.2916666666666666
 40
0.3333333333333333
 40
0.3541666666666666
 40
0.375
 40
0.3958333333333334
 40
0.4166666666666667
 40
0.4375
 40
0.4583333333333334
 40
0.4791666666666667
 40
0.5
 40
0.5208333333333334
 40
0.5416666666666667
 40
0.5625
 40
0.5833333333333334
 40
0.6041666666666667
 40
0.625
 40
0.6458333333333333
 40
0.6666666666666666
 40
0.6875
 40
0.7083333333333333
 40
0.75
 40
0.7708333333333334
 40
0.7916666666666667
 40
0.8333333333333334
 40
0.875
 40
0.9166666666666666
 40
1.0
 40
1.0
 40
1.0
 40
1.0
 10
28379.46338208724
 20
35020.07428768039
 30
0.0
 10
28379.46338208724
 20
35020.08847308946
 30
0.0
 10
28378.77357134021
 20
35020.69950363884
 30
0.0
 10
28376.52416582033
 20
35022.77431992531
 30
0.0
 10
28374.20349708465
 20
35024.89285496102
 30
0.0
 10
28371.77411224148
 20
35027.11848422867
 30
0.0
 10
28369.5584456451
 20
35029.16338363928
 30
0.0
 10
28367.17100897916
 20
35031.33052955275
 30
0.0
 10
28363.88349098267
 20
35034.35494326901
 30
0.0
 10
28360.2477143108
 20
35037.6891122047
 30
0.0
 10
28357.16756230576
 20
35040.49134285996
 30
0.0
 10
28354.78165264346
 20
35042.69271822645
 30
0.0
 10
28352.3301434115
 20
35044.95266311227
 30
0.0
 10
28349.82353790675
 20
35047.23401924204
 30
0.0
 10
28347.27256830955
 20
35049.55711749637
 30
0.0
 10
28344.68815866238
 20
35051.94046656582
 30
0.0
 10
28342.08137569721
 20
35054.34411397344
 30
0.0
 10
28339.46338208749
 20
35056.72753470265
 30
0.0
 10
28336.84538847632
 20
35059.1109550625
 30
0.0
 10
28334.23860551549
 20
35061.51460357817
 30
0.0
 10
28331.6541958524
 20
35063.89794858476
 30
0.0
 10
28329.10322631453
 20
35066.22106198244
 30
0.0
 10
28326.59662058836
 20
35068.50236160172
 30
0.0
 10
28324.14511218274
 20
35070.76251738609
 30
0.0
 10
28321.75919943654
 20
35072.96310566886
 30
0.0
 10
28319.44909694202
 20
35075.06771609663
 30
0.0
 10
28317.22470531885
 20
35077.09097867323
 30
0.0
 10
28314.38578940219
 20
35079.71006465086
 30
0.0
 10
28311.75575203204
 20
35082.12373238262
 30
0.0
 10
28309.36831911273
 20
35084.29183452626
 30
0.0
 10
28307.15265159624
 20
35086.33649910023
 30
0.0
 10
28304.72326720411
 20
35088.5622434839
 30
0.0
 10
28302.4025983241
 20
35090.68074168248
 30
0.0
 10
28300.15319285232
 20
35092.75557024796
 30
0.0
 10
28299.46338208725
 20
35093.3665961927
 30
0.0
 10
28299.46338208725
 20
35093.38078160177
 30
0.0
1001
REVIT
1002
{
1070
     1
1000
1906281
1002
}
1002
{
1070
     5
1000
1893368
1002
}
1002
{
1070
     3
1000
1893352
1002
}
  0
SPLINE
  5
60A
330
600
100
AcDbEntity
  8
A-GENM
100
AcDbSpline
210
0.0
220
0.0
230
1.0
 70
     8
 71
     3
 72
    40
 73
    36
 74
     0
 42
0.000000001
 43
0.0000000001
 40
0.0
 40
0.0
 40
0.0
 40
0.0
 40
0.0833333333333333
 40
0.125
 40
0.1666666666666667
 40
0.2083333333333333
 40
0.2291666666666667
 40
0.25
 40
0.2916666666666666
 40
0.3333333333333333
 40
0.3541666666666666
 40
0.375
 40
0.3958333333333334
 40
0.4166666666666667
 40
0.4375
 40
0.4583333333333334
 40
0.4791666666666667
 40
0.5
 40
0.5208333333333334
 40
0.5416666666666667
 40
0.5625
 40
0.5833333333333334
 40
0.6041666666666667
 40
0.625
 40
0.6458333333333333
 40
0.6666666666666666
 40
0.6875
 40
0.7083333333333333
 40
0.75
 40
0.7708333333333334
 40
0.7916666666666667
 40
0.8333333333333334
 40
0.875
 40
0.9166666666666666
 40
1.0
 40
1.0
 40
1.0
 40
1.0
 10
28889.46338208725
 20
35064.69350607861
 30
0.0
 10
28889.44925065794
 20
35064.69226973874
 30
0.0
 10
28888.78042429627
 20
35065.32620072626
 30
0.0
 10
28886.51745470334
 20
35067.38621442451
 30
0.0
 10
28884.20472172571
 20
35069.51340982045
 30
0.0
 10
28881.77582680896
 20
35071.73957374894
 30
0.0
 10
28879.54560079008
 20
35073.768584338
 30
0.0
 10
28877.1786227052
 20
35075.95805687492
 30
0.0
 10
28873.87919172349
 20
35078.96946984912
 30
0.0
 10
28870.24083149087
 20
35082.30081932302
 30
0.0
 10
28867.18081123349
 20
35085.12501992565
 30
0.0
 10
28864.77986703613
 20
35087.3099879762
 30
0.0
 10
28862.31485881494
 20
35089.55520130033
 30
0.0
 10
28859.82371886945
 20
35091.85343512638
 30
0.0
 10
28857.28712905538
 20
35094.19222616028
 30
0.0
 10
28854.68760320632
 20
35096.55907879012
 30
0.0
 10
28852.06590629729
 20
35098.94645048402
 30
0.0
 10
28849.46338202595
 20
35101.3467530337
 30
0.0
 10
28846.86085812242
 20
35103.74705561705
 30
0.0
 10
28844.23916010994
 20
35106.13442720999
 30
0.0
 10
28841.63963830688
 20
35108.50128020982
 30
0.0
 10
28839.10303341228
 20
35110.84006986478
 30
0.0
 10
28836.61194974292
 20
35113.13830883664
 30
0.0
 10
28834.14673149773
 20
35115.38350295653
 30
0.0
 10
28831.74657112021
 20
35117.56854267812
 30
0.0
 10
28829.44863067181
 20
35119.68642565021
 30
0.0
 10
28827.23919871605
 20
35121.72601383904
 30
0.0
 10
28824.38265132599
 20
35124.32585843985
 30
0.0
 10
28821.74894546823
 20
35126.73552271986
 30
0.0
 10
28819.38101511846
 20
35128.92490818344
 30
0.0
 10
28817.15102296239
 20
35130.95394015649
 30
0.0
 10
28814.72201340701
 20
35133.18009360269
 30
0.0
 10
28812.40931711373
 20
35135.30729235291
 30
0.0
 10
28810.14633529269
 20
35137.36730493306
 30
0.0
 10
28809.47751351657
 20
35138.00123633985
 30
0.0
 10
28809.46338208725
 20
35138.0
 30
0.0
1001
REVIT
1002
{
1070
     1
1000
1906281
1002
}
1002
{
1070
     5
1000
1893368
1002
}
1002
{
1070
     3
1000
1893352
1002
}
  0
ENDBLK
  5
60C
330
600
100
AcDbEntity
  8
0
100
AcDbBlockEnd
  0
BLOCK
  5
611
330
60E
100
AcDbEntity
  8
0
100
AcDbBlockBegin
  2
Downpipe - 450 Eave-1907690-SECTION C-C
 70
     0
 10
0.0
 20
0.0
 30
0.0
  3
Downpipe - 450 Eave-1907690-SECTION C-C
  1

  0
LINE
  5
60F
330
60E
100
AcDbEntity
  8
A-GENM
100
AcDbLine
 10
8124.463382628439
 20
35090.00000000002
 30
0.0
 11
8124.463382628439
 21
32038.84047277643
 31
0.0
1001
REVIT
1002
{
1070
     1
1000
1907666
1002
}
1002
{
1070
     5
1000
1893368
1002
}
1002
{
1070
     3
1000
1893352
1002
}
  0
LINE
  5
610
330
60E
100
AcDbEntity
  8
A-GENM
100
AcDbLine
 10
8204.463382628439
 20
32038.84047277643
 30
0.0
 11
8204.463382628439
 21
35090.00000000002
 31
0.0
1001
REVIT
1002
{
1070
     1
1000
1907666
1002
}
1002
{
1070
     5
1000
1893368
1002
}
1002
{
1070
     3
1000
1893352
1002
}
  0
ENDBLK
  5
612
330
60E
100
AcDbEntity
  8
0
100
AcDbBlockEnd
  0
BLOCK
  5
615
330
614
100
AcDbEntity
  8
0
100
AcDbBlockBegin
  2
Solar Panel_ Face Based - Solar Panel_ Face Based-1931305-SECTION C-C
 70
     0
 10
0.0
 20
0.0
 30
0.0
  3
Solar Panel_ Face Based - Solar Panel_ Face Based-1931305-SECTION C-C
  1

  0
ENDBLK
  5
616
330
614
100
AcDbEntity
  8
0
100
AcDbBlockEnd
  0
BLOCK
  5
622
330
619
100
AcDbEntity
  8
0
100
AcDbBlockBegin
  2
Solar Panel_ Face Based - Solar Panel_ Face Based-V3-SECTION C-C
 70
     0
 10
0.0
 20
0.0
 30
0.0
  3
Solar Panel_ Face Based - Solar Panel_ Face Based-V3-SECTION C-C
  1

  0
HATCH
  5
61F
330
619
100
AcDbEntity
  8
E-ELEC-FIXT
100
AcDbHatch
 10
0.0
 20
0.0
 30
0.0
210
0.0
220
0.0
230
1.0
  2
FP_11
 70
     0
 71
     0
 91
        1
 92
        1
 93
        5
 72
     1
 10
18214.45632658058
 20
38126.54629243571
 11
18218.81411371796
 21
38176.35602734029
 72
     1
 10
18218.81411371796
 20
38176.35602734029
 11
16465.51144507649
 21
38329.75013457617
 72
     1
 10
16465.51144507649
 20
38329.75013457617
 11
16461.15365793911
 21
38279.94039967158
 72
     1
 10
16461.15365793911
 20
38279.94039967158
 11
18077.30427940077
 21
38138.54554174331
 72
     1
 10
18077.30427940077
 20
38138.54554174331
 11
18214.45632658058
 21
38126.54629243571
 97
        0
 75
     0
 76
     2
 52
0.0
 41
1.0
 77
     0
 78
     2
 53
0.0
 43
17970.973
 44
19353.85
 45
0.0
 46
300.0
 79
     0
 53
90.0
 43
17970.973
 44
19353.85
 45
-300.0
 46
0.0000000000000184
 79
     0
 98
        1
 10
0.0
 20
0.0
1001
REVIT
1002
{
1070
     1
1000
1931648
1002
}
1002
{
1070
     5
1000
1931305
1002
}
  0
LINE
  5
620
330
619
100
AcDbEntity
  8
E-ELEC-FIXT
100
AcDbLine
 10
16465.51144507649
 20
38329.75013457614
 30
0.0
 11
18218.81411371797
 21
38176.35602734026
 31
0.0
1001
REVIT
1002
{
1070
     1
1000
1931648
1002
}
1002
{
1070
     5
1000
1931305
1002
}
  0
LINE
  5
621
330
619
100
AcDbEntity
  8
E-ELEC-FIXT
100
AcDbLine
 10
18214.45632658059
 20
38126.54629243568
 30
0.0
 11
18218.81411371797
 21
38176.35602734026
 31
0.0
1001
REVIT
1002
{
1070
     1
1000
1931648
1002
}
1002
{
1070
     5
1000
1931305
1002
}
  0
ENDBLK
  5
623
330
619
100
AcDbEntity
  8
0
100
AcDbBlockEnd
  0
BLOCK
  5
634
330
62A
100
AcDbEntity
  8
0
100
AcDbBlockBegin
  2
Solar Panel_ Face Based - Solar Panel_ Face Based-V4-SECTION C-C
 70
     0
 10
0.0
 20
0.0
 30
0.0
  3
Solar Panel_ Face Based - Solar Panel_ Face Based-V4-SECTION C-C
  1

  0
HATCH
  5
630
330
62A
100
AcDbEntity
  8
E-ELEC-FIXT
100
AcDbHatch
 10
0.0
 20
0.0
 30
0.0
210
0.0
220
0.0
230
1.0
  2
FP_12
 70
     0
 71
     0
 91
        1
 92
        1
 93
        5
 72
     1
 10
16461.15365793911
 20
38279.94039967157
 11
16465.51144507649
 21
38329.75013457617
 72
     1
 10
16465.51144507649
 20
38329.75013457617
 11
14712.20877643501
 21
38483.14424181203
 72
     1
 10
14712.20877643501
 20
38483.14424181203
 11
14707.85098929763
 21
38433.33450690744
 72
     1
 10
14707.85098929763
 20
38433.33450690744
 11
15811.16503632214
 21
38336.8070354839
 72
     1
 10
15811.16503632214
 20
38336.8070354839
 11
16461.15365793911
 21
38279.94039967157
 97
        0
 75
     0
 76
     2
 52
0.0
 41
1.0
 77
     0
 78
     2
 53
0.0
 43
17970.973
 44
19353.85
 45
0.0
 46
300.0
 79
     0
 53
90.0
 43
17970.973
 44
19353.85
 45
-300.0
 46
0.0000000000000184
 79
     0
 98
        1
 10
0.0
 20
0.0
1001
REVIT
1002
{
1070
     1
1000
1931811
1002
}
1002
{
1070
     5
1000
1931305
1002
}
  0
LINE
  5
631
330
62A
100
AcDbEntity
  8
E-ELEC-FIXT
100
AcDbLine
 10
14712.20877643502
 20
38483.14424181201
 30
0.0
 11
16465.51144507649
 21
38329.75013457614
 31
0.0
1001
REVIT
1002
{
1070
     1
1000
1931811
1002
}
1002
{
1070
     5
1000
1931305
1002
}
  0
LINE
  5
632
330
62A
100
AcDbEntity
  8
E-ELEC-FIXT
100
AcDbLine
 10
14707.85098929763
 20
38433.33450690742
 30
0.0
 11
14712.20877643502
 21
38483.14424181201
 31
0.0
1001
REVIT
1002
{
1070
     1
1000
1931811
1002
}
1002
{
1070
     5
1000
1931305
1002
}
  0
LINE
  5
633
330
62A
100
AcDbEntity
  8
E-ELEC-FIXT
100
AcDbLine
 10
16461.15365793911
 20
38279.94039967155
 30
0.0
 11
16465.51144507649
 21
38329.75013457614
 31
0.0
1001
REVIT
1002
{
1070
     1
1000
1931811
1002
}
1002
{
1070
     5
1000
1931305
1002
}
  0
ENDBLK
  5
635
330
62A
100
AcDbEntity
  8
0
100
AcDbBlockEnd
  0
BLOCK
  5
646
330
63C
100
AcDbEntity
  8
0
100
AcDbBlockBegin
  2
Solar Panel_ Face Based - Solar Panel_ Face Based-V5-SECTION C-C
 70
     0
 10
0.0
 20
0.0
 30
0.0
  3
Solar Panel_ Face Based - Solar Panel_ Face Based-V5-SECTION C-C
  1

  0
HATCH
  5
642
330
63C
100
AcDbEntity
  8
E-ELEC-FIXT
100
AcDbHatch
 10
0.0
 20
0.0
 30
0.0
210
0.0
220
0.0
230
1.0
  2
FP_11
 70
     0
 71
     0
 91
        1
 92
        1
 93
        5
 72
     1
 10
14707.85098929763
 20
38433.33450690744
 11
14712.20877643501
 21
38483.14424181203
 72
     1
 10
14712.20877643501
 20
38483.14424181203
 11
12958.90610779353
 21
38636.5383490479
 72
     1
 10
12958.90610779353
 20
38636.5383490479
 11
12954.54832065615
 21
38586.72861414331
 72
     1
 10
12954.54832065615
 20
38586.72861414331
 11
14300.40554093639
 21
38468.98136464429
 72
     1
 10
14300.40554093639
 20
38468.98136464429
 11
14707.85098929763
 21
38433.33450690744
 97
        0
 75
     0
 76
     2
 52
0.0
 41
1.0
 77
     0
 78
     2
 53
0.0
 43
17970.973
 44
19353.85
 45
0.0
 46
300.0
 79
     0
 53
90.0
 43
17970.973
 44
19353.85
 45
-300.0
 46
0.0000000000000184
 79
     0
 98
        1
 10
0.0
 20
0.0
1001
REVIT
1002
{
1070
     1
1000
1931959
1002
}
1002
{
1070
     5
1000
1931305
1002
}
  0
LINE
  5
643
330
63C
100
AcDbEntity
  8
E-ELEC-FIXT
100
AcDbLine
 10
12958.90610779354
 20
38636.53834904788
 30
0.0
 11
14712.20877643501
 21
38483.14424181201
 31
0.0
1001
REVIT
1002
{
1070
     1
1000
1931959
1002
}
1002
{
1070
     5
1000
1931305
1002
}
  0
LINE
  5
644
330
63C
100
AcDbEntity
  8
E-ELEC-FIXT
100
AcDbLine
 10
12954.54832065616
 20
38586.72861414329
 30
0.0
 11
12958.90610779354
 21
38636.53834904788
 31
0.0
1001
REVIT
1002
{
1070
     1
1000
1931959
1002
}
1002
{
1070
     5
1000
1931305
1002
}
  0
LINE
  5
645
330
63C
100
AcDbEntity
  8
E-ELEC-FIXT
100
AcDbLine
 10
14707.85098929763
 20
38433.33450690743
 30
0.0
 11
14712.20877643501
 21
38483.14424181201
 31
0.0
1001
REVIT
1002
{
1070
     1
1000
1931959
1002
}
1002
{
1070
     5
1000
1931305
1002
}
  0
ENDBLK
  5
647
330
63C
100
AcDbEntity
  8
0
100
AcDbBlockEnd
  0
BLOCK
  5
653
330
64A
100
AcDbEntity
  8
0
100
AcDbBlockBegin
  2
Solar Panel_ Face Based - Solar Panel_ Face Based-V6-SECTION C-C
 70
     0
 10
0.0
 20
0.0
 30
0.0
  3
Solar Panel_ Face Based - Solar Panel_ Face Based-V6-SECTION C-C
  1

  0
HATCH
  5
650
330
64A
100
AcDbEntity
  8
E-ELEC-FIXT
100
AcDbHatch
 10
0.0
 20
0.0
 30
0.0
210
0.0
220
0.0
230
1.0
  2
FP_11
 70
     0
 71
     0
 91
        1
 92
        1
 93
        5
 72
     1
 10
12954.54832065615
 20
38586.72861414331
 11
12958.90610779353
 21
38636.5383490479
 72
     1
 10
12958.90610779353
 20
38636.5383490479
 11
11205.60343915206
 21
38789.93245628377
 72
     1
 10
11205.60343915206
 20
38789.93245628377
 11
11201.24565201467
 21
38740.12272137918
 72
     1
 10
11201.24565201467
 20
38740.12272137918
 11
12789.64604555064
 21
38601.15569380467
 72
     1
 10
12789.64604555064
 20
38601.15569380467
 11
12954.54832065615
 21
38586.72861414331
 97
        0
 75
     0
 76
     2
 52
0.0
 41
1.0
 77
     0
 78
     2
 53
0.0
 43
17970.973
 44
19353.85
 45
0.0
 46
300.0
 79
     0
 53
90.0
 43
17970.973
 44
19353.85
 45
-300.0
 46
0.0000000000000184
 79
     0
 98
        1
 10
0.0
 20
0.0
1001
REVIT
1002
{
1070
     1
1000
1932024
1002
}
1002
{
1070
     5
1000
1931305
1002
}
  0
LINE
  5
651
330
64A
100
AcDbEntity
  8
E-ELEC-FIXT
100
AcDbLine
 10
11205.60343915206
 20
38789.93245628375
 30
0.0
 11
12958.90610779354
 21
38636.53834904788
 31
0.0
1001
REVIT
1002
{
1070
     1
1000
1932024
1002
}
1002
{
1070
     5
1000
1931305
1002
}
  0
LINE
  5
652
330
64A
100
AcDbEntity
  8
E-ELEC-FIXT
100
AcDbLine
 10
11201.24565201468
 20
38740.12272137917
 30
0.0
 11
11205.60343915206
 21
38789.93245628375
 31
0.0
1001
REVIT
1002
{
1070
     1
1000
1932024
1002
}
1002
{
1070
     5
1000
1931305
1002
}
  0
ENDBLK
  5
654
330
64A
100
AcDbEntity
  8
0
100
AcDbBlockEnd
  0
BLOCK
  5
65C
330
656
100
AcDbEntity
  8
0
100
AcDbBlockBegin
  2
Downpipe - 450 Eave-1976548-SECTION C-C
 70
     0
 10
0.0
 20
0.0
 30
0.0
  3
Downpipe - 450 Eave-1976548-SECTION C-C
  1

  0
LINE
  5
657
330
656
100
AcDbEntity
  8
A-GENM
100
AcDbLine
 10
18294.46338422806
 20
37715.8843503376
 30
0.0
 11
18589.46338423822
 21
37741.69350607864
 31
0.0
1001
REVIT
1002
{
1070
     1
1000
1976077
1002
}
1002
{
1070
     5
1000
1893368
1002
}
1002
{
1070
     3
1000
1893352
1002
}
  0
LINE
  5
658
330
656
100
AcDbEntity
  8
A-GENM
100
AcDbLine
 10
18509.46338423823
 20
37815.00000000003
 30
0.0
 11
18294.46338422806
 21
37796.18993734107
 31
0.0
1001
REVIT
1002
{
1070
     1
1000
1976077
1002
}
1002
{
1070
     5
1000
1893368
1002
}
1002
{
1070
     3
1000
1893352
1002
}
  0
LINE
  5
659
330
656
100
AcDbEntity
  8
A-GENM
100
AcDbLine
 10
18589.46338423822
 20
37741.69350607864
 30
0.0
 11
18589.46338423822
 21
37891.96963880224
 31
0.0
1001
REVIT
1002
{
1070
     1
1000
1976077
1002
}
1002
{
1070
     5
1000
1893368
1002
}
1002
{
1070
     3
1000
1893352
1002
}
  0
LINE
  5
65A
330
656
100
AcDbEntity
  8
A-GENM
100
AcDbLine
 10
18509.46338423823
 20
37898.96873188431
 30
0.0
 11
18509.46338423823
 21
37815.00000000003
 31
0.0
1001
REVIT
1002
{
1070
     1
1000
1976077
1002
}
1002
{
1070
     5
1000
1893368
1002
}
1002
{
1070
     3
1000
1893352
1002
}
  0
SPLINE
  5
65B
330
656
100
AcDbEntity
  8
A-GENM
100
AcDbSpline
210
0.0
220
0.0
230
1.0
 70
     8
 71
     3
 72
    40
 73
    36
 74
     0
 42
0.000000001
 43
0.0000000001
 40
0.0
 40
0.0
 40
0.0
 40
0.0
 40
0.0833333333333333
 40
0.125
 40
0.1666666666666667
 40
0.2083333333333333
 40
0.2291666666666667
 40
0.25
 40
0.2916666666666666
 40
0.3333333333333333
 40
0.3541666666666666
 40
0.375
 40
0.3958333333333334
 40
0.4166666666666667
 40
0.4375
 40
0.4583333333333334
 40
0.4791666666666667
 40
0.5
 40
0.5208333333333334
 40
0.5416666666666667
 40
0.5625
 40
0.5833333333333334
 40
0.6041666666666667
 40
0.625
 40
0.6458333333333333
 40
0.6666666666666666
 40
0.6875
 40
0.7083333333333333
 40
0.75
 40
0.7708333333333334
 40
0.7916666666666667
 40
0.8333333333333334
 40
0.875
 40
0.9166666666666666
 40
1.0
 40
1.0
 40
1.0
 40
1.0
 10
18589.46338423822
 20
37741.69350607862
 30
0.0
 10
18589.44925280891
 20
37741.69226973875
 30
0.0
 10
18588.78042644724
 20
37742.32620072626
 30
0.0
 10
18586.51745685431
 20
37744.38621442452
 30
0.0
 10
18584.20472387668
 20
37746.51340982045
 30
0.0
 10
18581.77582895993
 20
37748.73957374894
 30
0.0
 10
18579.54560294105
 20
37750.76858433802
 30
0.0
 10
18577.17862485617
 20
37752.95805687492
 30
0.0
 10
18573.87919387446
 20
37755.96946984909
 30
0.0
 10
18570.24083364184
 20
37759.30081932301
 30
0.0
 10
18567.18081338447
 20
37762.12501992565
 30
0.0
 10
18564.7798691871
 20
37764.30998797622
 30
0.0
 10
18562.31486096591
 20
37766.55520130034
 30
0.0
 10
18559.82372102042
 20
37768.8534351264
 30
0.0
 10
18557.28713120635
 20
37771.19222616028
 30
0.0
 10
18554.68760535729
 20
37773.55907879013
 30
0.0
 10
18552.06590844826
 20
37775.94645048398
 30
0.0
 10
18549.46338417692
 20
37778.34675303372
 30
0.0
 10
18546.8608602734
 20
37780.74705561705
 30
0.0
 10
18544.23916226092
 20
37783.13442721003
 30
0.0
 10
18541.63964045785
 20
37785.5012802098
 30
0.0
 10
18539.10303556325
 20
37787.84006986477
 30
0.0
 10
18536.61195189389
 20
37790.13830883662
 30
0.0
 10
18534.14673364871
 20
37792.38350295654
 30
0.0
 10
18531.74657327118
 20
37794.56854267814
 30
0.0
 10
18529.44863282278
 20
37796.6864256502
 30
0.0
 10
18527.23920086702
 20
37798.72601383904
 30
0.0
 10
18524.38265347697
 20
37801.32585843984
 30
0.0
 10
18521.74894761921
 20
37803.7355227199
 30
0.0
 10
18519.38101726943
 20
37805.92490818346
 30
0.0
 10
18517.15102511337
 20
37807.95394015651
 30
0.0
 10
18514.72201555798
 20
37810.18009360265
 30
0.0
 10
18512.40931926471
 20
37812.30729235292
 30
0.0
 10
18510.14633744365
 20
37814.36730493306
 30
0.0
 10
18509.47751566754
 20
37815.00123633984
 30
0.0
 10
18509.46338423823
 20
37815.0
 30
0.0
1001
REVIT
1002
{
1070
     1
1000
1976077
1002
}
1002
{
1070
     5
1000
1893368
1002
}
1002
{
1070
     3
1000
1893352
1002
}
  0
ENDBLK
  5
65D
330
656
100
AcDbEntity
  8
0
100
AcDbBlockEnd
  0
BLOCK
  5
66A
330
65F
100
AcDbEntity
  8
0
100
AcDbBlockBegin
  2
Timber_Screen_Adjustable_21388 - Type 1-2542742-SECTION C-C
 70
     0
 10
0.0
 20
0.0
 30
0.0
  3
Timber_Screen_Adjustable_21388 - Type 1-2542742-SECTION C-C
  1

  0
LINE
  5
660
330
65F
100
AcDbEntity
  8
A-GENM
100
AcDbLine
 10
18294.46338394466
 20
36892.66666666667
 30
0.0
 11
20529.44058451086
 21
36892.66666666667
 31
0.0
1001
REVIT
1002
{
1070
     1
1000
2012846
1002
}
1002
{
1070
     5
1000
2012895
1002
}
  0
LINE
  5
661
330
65F
100
AcDbEntity
  8
A-GENM
100
AcDbLine
 10
20529.44058451086
 20
36812.66666666667
 30
0.0
 11
18294.46338394466
 21
36812.66666666667
 31
0.0
1001
REVIT
1002
{
1070
     1
1000
2012846
1002
}
1002
{
1070
     5
1000
2012895
1002
}
  0
LINE
  5
662
330
65F
100
AcDbEntity
  8
A-GENM
100
AcDbLine
 10
18294.46338394466
 20
36781.33333333334
 30
0.0
 11
20529.44058451086
 21
36781.33333333334
 31
0.0
1001
REVIT
1002
{
1070
     1
1000
2012846
1002
}
1002
{
1070
     5
1000
2012895
1002
}
  0
LINE
  5
663
330
65F
100
AcDbEntity
  8
A-GENM
100
AcDbLine
 10
20529.44058451086
 20
36701.33333333334
 30
0.0
 11
18294.46338394466
 21
36701.33333333334
 31
0.0
1001
REVIT
1002
{
1070
     1
1000
2012846
1002
}
1002
{
1070
     5
1000
2012895
1002
}
  0
LINE
  5
664
330
65F
100
AcDbEntity
  8
A-GENM
100
AcDbLine
 10
18294.46338394466
 20
37004.00000000001
 30
0.0
 11
20529.44058451086
 21
37004.00000000001
 31
0.0
1001
REVIT
1002
{
1070
     1
1000
2012846
1002
}
1002
{
1070
     5
1000
2012895
1002
}
  0
LINE
  5
665
330
65F
100
AcDbEntity
  8
A-GENM
100
AcDbLine
 10
20529.44058451086
 20
36924.0
 30
0.0
 11
18294.46338394466
 21
36924.0
 31
0.0
1001
REVIT
1002
{
1070
     1
1000
2012846
1002
}
1002
{
1070
     5
1000
2012895
1002
}
  0
LINE
  5
666
330
65F
100
AcDbEntity
  8
A-GENM
100
AcDbLine
 10
18294.46338394466
 20
36670.0
 30
0.0
 11
20529.44058451086
 21
36670.0
 31
0.0
1001
REVIT
1002
{
1070
     1
1000
2012846
1002
}
1002
{
1070
     5
1000
2012895
1002
}
  0
LINE
  5
667
330
65F
100
AcDbEntity
  8
A-GENM
100
AcDbLine
 10
20579.44058451086
 20
37004.0
 30
0.0
 11
20529.44058451086
 21
37004.0
 31
0.0
1001
REVIT
1002
{
1070
     1
1000
2012846
1002
}
1002
{
1070
     5
1000
2012895
1002
}
  0
LINE
  5
668
330
65F
100
AcDbEntity
  8
A-GENM
100
AcDbLine
 10
20529.44058451086
 20
37004.0
 30
0.0
 11
20529.44058451086
 21
36590.0
 31
0.0
1001
REVIT
1002
{
1070
     1
1000
2012846
1002
}
1002
{
1070
     5
1000
2012895
1002
}
  0
LINE
  5
669
330
65F
100
AcDbEntity
  8
A-GENM
100
AcDbLine
 10
20579.44058451086
 20
36590.0
 30
0.0
 11
20579.44058451086
 21
37004.0
 31
0.0
1001
REVIT
1002
{
1070
     1
1000
2012846
1002
}
1002
{
1070
     5
1000
2012895
1002
}
  0
ENDBLK
  5
66B
330
65F
100
AcDbEntity
  8
0
100
AcDbBlockEnd
  0
BLOCK
  5
6B4
330
66D
100
AcDbEntity
  8
0
100
AcDbBlockBegin
  2
Tap - Tap-1959228-SECTION C-C
 70
     0
 10
0.0
 20
0.0
 30
0.0
  3
Tap - Tap-1959228-SECTION C-C
  1

  0
LINE
  5
66E
330
66D
100
AcDbEntity
  8
P-SANR-FIXT
100
AcDbLine
 10
28299.46338208719
 20
28907.94914098995
 30
0.0
 11
28318.51338208719
 21
28907.94914098995
 31
0.0
1001
REVIT
1002
{
1070
     1
1000
2024455
1002
}
1002
{
1070
     5
1000
1959228
1002
}
  0
LINE
  5
66F
330
66D
100
AcDbEntity
  8
P-SANR-FIXT
100
AcDbLine
 10
28318.51338208719
 20
28938.94914098995
 30
0.0
 11
28299.46338208719
 21
28938.94914098995
 31
0.0
1001
REVIT
1002
{
1070
     1
1000
2024455
1002
}
1002
{
1070
     5
1000
1959228
1002
}
  0
LINE
  5
670
330
66D
100
AcDbEntity
  8
P-SANR-FIXT
100
AcDbLine
 10
28318.51338208718
 20
28906.9323439242
 30
0.0
 11
28318.51338208718
 21
28916.60766178385
 31
0.0
1001
REVIT
1002
{
1070
     1
1000
2024455
1002
}
1002
{
1070
     5
1000
1959228
1002
}
  0
LINE
  5
671
330
66D
100
AcDbEntity
  8
P-SANR-FIXT
100
AcDbLine
 10
28318.51338208718
 20
28916.60766178385
 30
0.0
 11
28318.51338208718
 21
28930.29062019602
 31
0.0
1001
REVIT
1002
{
1070
     1
1000
2024455
1002
}
1002
{
1070
     5
1000
1959228
1002
}
  0
LINE
  5
672
330
66D
100
AcDbEntity
  8
P-SANR-FIXT
100
AcDbLine
 10
28318.51338208718
 20
28930.29062019602
 30
0.0
 11
28318.51338208718
 21
28939.96593805567
 31
0.0
1001
REVIT
1002
{
1070
     1
1000
2024455
1002
}
1002
{
1070
     5
1000
1959228
1002
}
  0
LINE
  5
673
330
66D
100
AcDbEntity
  8
P-SANR-FIXT
100
AcDbLine
 10
28324.86328519387
 20
28939.96593805567
 30
0.0
 11
28324.86328519387
 21
28930.29062019602
 31
0.0
1001
REVIT
1002
{
1070
     1
1000
2024455
1002
}
1002
{
1070
     5
1000
1959228
1002
}
  0
LINE
  5
674
330
66D
100
AcDbEntity
  8
P-SANR-FIXT
100
AcDbLine
 10
28324.86328519387
 20
28930.29062019602
 30
0.0
 11
28324.86328519387
 21
28916.60766178385
 31
0.0
1001
REVIT
1002
{
1070
     1
1000
2024455
1002
}
1002
{
1070
     5
1000
1959228
1002
}
  0
LINE
  5
675
330
66D
100
AcDbEntity
  8
P-SANR-FIXT
100
AcDbLine
 10
28324.86328519387
 20
28916.60766178385
 30
0.0
 11
28324.86328519387
 21
28906.9323439242
 31
0.0
1001
REVIT
1002
{
1070
     1
1000
2024455
1002
}
1002
{
1070
     5
1000
1959228
1002
}
  0
LINE
  5
676
330
66D
100
AcDbEntity
  8
P-SANR-FIXT
100
AcDbLine
 10
28324.86328519387
 20
28906.9323439242
 30
0.0
 11
28318.51338208718
 21
28906.9323439242
 31
0.0
1001
REVIT
1002
{
1070
     1
1000
2024455
1002
}
1002
{
1070
     5
1000
1959228
1002
}
  0
LINE
  5
677
330
66D
100
AcDbEntity
  8
P-SANR-FIXT
100
AcDbLine
 10
28324.86328519387
 20
28916.60766178385
 30
0.0
 11
28318.51338208718
 21
28916.60766178385
 31
0.0
1001
REVIT
1002
{
1070
     1
1000
2024455
1002
}
1002
{
1070
     5
1000
1959228
1002
}
  0
LINE
  5
678
330
66D
100
AcDbEntity
  8
P-SANR-FIXT
100
AcDbLine
 10
28324.86328519387
 20
28930.29062019602
 30
0.0
 11
28318.51338208718
 21
28930.29062019602
 31
0.0
1001
REVIT
1002
{
1070
     1
1000
2024455
1002
}
1002
{
1070
     5
1000
1959228
1002
}
  0
LINE
  5
679
330
66D
100
AcDbEntity
  8
P-SANR-FIXT
100
AcDbLine
 10
28324.86328519387
 20
28939.96593805567
 30
0.0
 11
28318.51338208718
 21
28939.96593805567
 31
0.0
1001
REVIT
1002
{
1070
     1
1000
2024455
1002
}
1002
{
1070
     5
1000
1959228
1002
}
  0
LINE
  5
67A
330
66D
100
AcDbEntity
  8
P-SANR-FIXT
100
AcDbLine
 10
28371.1309159617
 20
28994.98965069072
 30
0.0
 11
28371.1309159617
 21
29017.75944544094
 31
0.0
1001
REVIT
1002
{
1070
     1
1000
2024455
1002
}
1002
{
1070
     5
1000
1959228
1002
}
  0
LINE
  5
67B
330
66D
100
AcDbEntity
  8
P-SANR-FIXT
100
AcDbLine
 10
28358.1309159617
 20
29017.75944544094
 30
0.0
 11
28358.1309159617
 21
28994.98965069072
 31
0.0
1001
REVIT
1002
{
1070
     1
1000
2024455
1002
}
1002
{
1070
     5
1000
1959228
1002
}
  0
LINE
  5
67C
330
66D
100
AcDbEntity
  8
P-SANR-FIXT
100
AcDbLine
 10
28371.1309159617
 20
29017.75944544094
 30
0.0
 11
28377.33072217508
 21
29017.75944544094
 31
0.0
1001
REVIT
1002
{
1070
     1
1000
2024455
1002
}
1002
{
1070
     5
1000
1959228
1002
}
  0
LINE
  5
67D
330
66D
100
AcDbEntity
  8
P-SANR-FIXT
100
AcDbLine
 10
28351.93110974832
 20
29017.75944544094
 30
0.0
 11
28358.1309159617
 21
29017.75944544094
 31
0.0
1001
REVIT
1002
{
1070
     1
1000
2024455
1002
}
1002
{
1070
     5
1000
1959228
1002
}
  0
LINE
  5
67E
330
66D
100
AcDbEntity
  8
P-SANR-FIXT
100
AcDbLine
 10
28377.33072217508
 20
29035.71990438716
 30
0.0
 11
28351.93110974832
 21
29035.71990438717
 31
0.0
1001
REVIT
1002
{
1070
     1
1000
2024455
1002
}
1002
{
1070
     5
1000
1959228
1002
}
  0
LWPOLYLINE
  5
67F
330
66D
100
AcDbEntity
  8
P-SANR-FIXT
100
AcDbPolyline
 90
        5
 70
   128
 43
0.0
 10
28351.93110974832
 20
29017.75944544094
 10
28341.88009876384
 20
29019.30973134722
 10
28331.45632791702
 20
29017.78780102037
 10
28324.07342622395
 20
29018.70380357836
 10
28320.21531308694
 20
29026.73967491405
1001
REVIT
1002
{
1070
     1
1000
2024455
1002
}
1002
{
1070
     5
1000
1959228
1002
}
  0
LWPOLYLINE
  5
680
330
66D
100
AcDbEntity
  8
P-SANR-FIXT
100
AcDbPolyline
 90
        5
 70
   128
 43
0.0
 10
28320.21531308694
 20
29026.73967491405
 10
28324.07342622395
 20
29034.77554624974
 10
28331.45632791702
 20
29035.69154880773
 10
28341.88009876384
 20
29034.16961848089
 10
28351.93110974832
 20
29035.71990438716
1001
REVIT
1002
{
1070
     1
1000
2024455
1002
}
1002
{
1070
     5
1000
1959228
1002
}
  0
LWPOLYLINE
  5
681
330
66D
100
AcDbEntity
  8
P-SANR-FIXT
100
AcDbPolyline
 90
        5
 70
   128
 43
0.0
 10
28351.93110974832
 20
29035.71990438716
 10
28341.88009876384
 20
29034.16961848089
 10
28331.45632791702
 20
29035.69154880773
 10
28324.07342622395
 20
29034.77554624974
 10
28320.21531308694
 20
29026.73967491405
1001
REVIT
1002
{
1070
     1
1000
2024455
1002
}
1002
{
1070
     5
1000
1959228
1002
}
  0
LWPOLYLINE
  5
682
330
66D
100
AcDbEntity
  8
P-SANR-FIXT
100
AcDbPolyline
 90
        5
 70
   128
 43
0.0
 10
28320.21531308694
 20
29026.73967491405
 10
28324.07342622395
 20
29018.70380357836
 10
28331.45632791702
 20
29017.78780102037
 10
28341.88009876384
 20
29019.30973134722
 10
28351.93110974832
 20
29017.75944544094
1001
REVIT
1002
{
1070
     1
1000
2024455
1002
}
1002
{
1070
     5
1000
1959228
1002
}
  0
LWPOLYLINE
  5
683
330
66D
100
AcDbEntity
  8
P-SANR-FIXT
100
AcDbPolyline
 90
        5
 70
   128
 43
0.0
 10
28377.33072217508
 20
29035.71990438716
 10
28387.38173315956
 20
29034.16961848089
 10
28397.80550400638
 20
29035.69154880773
 10
28405.18840569945
 20
29034.77554624974
 10
28409.04651883646
 20
29026.73967491405
1001
REVIT
1002
{
1070
     1
1000
2024455
1002
}
1002
{
1070
     5
1000
1959228
1002
}
  0
LWPOLYLINE
  5
684
330
66D
100
AcDbEntity
  8
P-SANR-FIXT
100
AcDbPolyline
 90
        5
 70
   128
 43
0.0
 10
28409.04651883646
 20
29026.73967491405
 10
28405.18840569945
 20
29018.70380357836
 10
28397.80550400638
 20
29017.78780102037
 10
28387.38173315956
 20
29019.30973134722
 10
28377.33072217508
 20
29017.75944544094
1001
REVIT
1002
{
1070
     1
1000
2024455
1002
}
1002
{
1070
     5
1000
1959228
1002
}
  0
LWPOLYLINE
  5
685
330
66D
100
AcDbEntity
  8
P-SANR-FIXT
100
AcDbPolyline
 90
        5
 70
   128
 43
0.0
 10
28377.33072217508
 20
29017.75944544094
 10
28387.38173315956
 20
29019.30973134722
 10
28397.80550400638
 20
29017.78780102037
 10
28405.18840569945
 20
29018.70380357836
 10
28409.04651883646
 20
29026.73967491405
1001
REVIT
1002
{
1070
     1
1000
2024455
1002
}
1002
{
1070
     5
1000
1959228
1002
}
  0
LWPOLYLINE
  5
686
330
66D
100
AcDbEntity
  8
P-SANR-FIXT
100
AcDbPolyline
 90
        5
 70
   128
 43
0.0
 10
28409.04651883646
 20
29026.73967491405
 10
28405.18840569945
 20
29034.77554624974
 10
28397.80550400638
 20
29035.69154880773
 10
28387.38173315956
 20
29034.16961848089
 10
28377.33072217508
 20
29035.71990438716
1001
REVIT
1002
{
1070
     1
1000
2024455
1002
}
1002
{
1070
     5
1000
1959228
1002
}
  0
LINE
  5
687
330
66D
100
AcDbEntity
  8
P-SANR-FIXT
100
AcDbLine
 10
28380.1309159617
 20
28975.93965069072
 30
0.0
 11
28380.1309159617
 21
28994.98965069072
 31
0.0
1001
REVIT
1002
{
1070
     1
1000
2024455
1002
}
1002
{
1070
     5
1000
1959228
1002
}
  0
LINE
  5
688
330
66D
100
AcDbEntity
  8
P-SANR-FIXT
100
AcDbLine
 10
28349.1309159617
 20
28994.98965069072
 30
0.0
 11
28349.1309159617
 21
28975.93965069072
 31
0.0
1001
REVIT
1002
{
1070
     1
1000
2024455
1002
}
1002
{
1070
     5
1000
1959228
1002
}
  0
LINE
  5
689
330
66D
100
AcDbEntity
  8
P-SANR-FIXT
100
AcDbLine
 10
28384.6309159617
 20
28961.65215069073
 30
0.0
 11
28384.6309159617
 21
28963.23966280239
 31
0.0
1001
REVIT
1002
{
1070
     1
1000
2024455
1002
}
1002
{
1070
     5
1000
1959228
1002
}
  0
LINE
  5
68A
330
66D
100
AcDbEntity
  8
P-SANR-FIXT
100
AcDbLine
 10
28344.6309159617
 20
28963.23966280239
 30
0.0
 11
28344.6309159617
 21
28961.65215069073
 31
0.0
1001
REVIT
1002
{
1070
     1
1000
2024455
1002
}
1002
{
1070
     5
1000
1959228
1002
}
  0
LINE
  5
68B
330
66D
100
AcDbEntity
  8
P-SANR-FIXT
100
AcDbLine
 10
28364.63091596169
 20
29020.38966280237
 30
0.0
 11
28363.24234387911
 21
29020.38966280237
 31
0.0
1001
REVIT
1002
{
1070
     1
1000
2024455
1002
}
1002
{
1070
     5
1000
1959228
1002
}
  0
LINE
  5
68C
330
66D
100
AcDbEntity
  8
P-SANR-FIXT
100
AcDbLine
 10
28366.01948804426
 20
29020.38966280237
 30
0.0
 11
28364.63091596169
 21
29020.38966280237
 31
0.0
1001
REVIT
1002
{
1070
     1
1000
2024455
1002
}
1002
{
1070
     5
1000
1959228
1002
}
  0
SPLINE
  5
68D
330
66D
100
AcDbEntity
  8
P-SANR-FIXT
100
AcDbSpline
210
0.0
220
0.0
230
1.0
 70
     8
 71
     3
 72
    26
 73
    22
 74
     0
 42
0.000000001
 43
0.0000000001
 40
0.1666666666666667
 40
0.1666666666666667
 40
0.1666666666666667
 40
0.1666666666666667
 40
0.25
 40
0.2916666666666666
 40
0.3333333333333333
 40
0.375
 40
0.4166666666666666
 40
0.4583333333333333
 40
0.5
 40
0.5416666666666666
 40
0.5833333333333333
 40
0.625
 40
0.6666666666666666
 40
0.6875
 40
0.7083333333333333
 40
0.75
 40
0.7916666666666667
 40
0.8333333333333334
 40
0.875
 40
0.9166666666666667
 40
1.0
 40
1.0
 40
1.0
 40
1.0
 10
28370.95071225197
 20
29017.88900564327
 30
0.0
 10
28370.89156353717
 20
29017.9308041222
 30
0.0
 10
28370.78169378387
 20
29018.0094104468
 30
0.0
 10
28370.59616975597
 20
29018.14105939097
 30
0.0
 10
28370.43872125695
 20
29018.2471955318
 30
0.0
 10
28370.26436297849
 20
29018.36386347124
 30
0.0
 10
28370.07388512141
 20
29018.4930197328
 30
0.0
 10
28369.86792591034
 20
29018.62964269104
 30
0.0
 10
28369.64655582175
 20
29018.768363079
 30
0.0
 10
28369.41148878803
 20
29018.91218034475
 30
0.0
 10
28369.16406643371
 20
29019.06365152759
 30
0.0
 10
28368.90375140951
 20
29019.21693127638
 30
0.0
 10
28368.67536357798
 20
29019.3416883339
 30
0.0
 10
28368.48623311682
 20
29019.44028860153
 30
0.0
 10
28368.29382619255
 20
29019.54091956784
 30
0.0
 10
28368.04643804945
 20
29019.66692338821
 30
0.0
 10
28367.73800153832
 20
29019.8137031121
 30
0.0
 10
28367.41652372026
 20
29019.94892202125
 30
0.0
 10
28367.08238702257
 20
29020.07174771673
 30
0.0
 10
28366.62312005256
 20
29020.22535725765
 30
0.0
 10
28366.26399373575
 20
29020.32734610094
 30
0.0
 10
28366.01948804426
 20
29020.38966280237
 30
0.0
1001
REVIT
1002
{
1070
     1
1000
2024455
1002
}
1002
{
1070
     5
1000
1959228
1002
}
  0
SPLINE
  5
68E
330
66D
100
AcDbEntity
  8
P-SANR-FIXT
100
AcDbSpline
210
0.0
220
0.0
230
1.0
 70
     8
 71
     3
 72
    27
 73
    23
 74
     0
 42
0.000000001
 43
0.0000000001
 40
0.0
 40
0.0
 40
0.0
 40
0.0
 40
0.0833333333333333
 40
0.125
 40
0.1666666666666667
 40
0.2083333333333333
 40
0.25
 40
0.2916666666666666
 40
0.3125
 40
0.3333333333333333
 40
0.3541666666666666
 40
0.375
 40
0.4166666666666666
 40
0.4583333333333333
 40
0.5
 40
0.5416666666666666
 40
0.5833333333333333
 40
0.625
 40
0.6666666666666666
 40
0.7083333333333333
 40
0.75
 40
0.8333333333333334
 40
0.8333333333333334
 40
0.8333333333333334
 40
0.8333333333333334
 10
28363.24234387911
 20
29020.38966280237
 30
0.0
 10
28362.99783818763
 20
29020.32734610094
 30
0.0
 10
28362.63871185503
 20
29020.22535731269
 30
0.0
 10
28362.17944492711
 20
29020.07174762498
 30
0.0
 10
28361.84530810314
 20
29019.94892236988
 30
0.0
 10
28361.52383075866
 20
29019.81370180933
 30
0.0
 10
28361.21539247948
 20
29019.66692825063
 30
0.0
 10
28360.96800983522
 20
29019.5409052558
 30
0.0
 10
28360.77559169754
 20
29019.44031339071
 30
0.0
 10
28360.6337780957
 20
29019.36624378082
 30
0.0
 10
28360.49501178172
 20
29019.29213920167
 30
0.0
 10
28360.31475323775
 20
29019.19118044811
 30
0.0
 10
28360.09774559372
 20
29019.0637209049
 30
0.0
 10
28359.85034846645
 20
29018.91216175516
 30
0.0
 10
28359.61527467316
 20
29018.76836806007
 30
0.0
 10
28359.39390639579
 20
29018.62964135637
 30
0.0
 10
28359.18794669941
 20
29018.49302009042
 30
0.0
 10
28358.99746897237
 20
29018.36386337543
 30
0.0
 10
28358.82311065908
 20
29018.24719555743
 30
0.0
 10
28358.66566216932
 20
29018.14105938426
 30
0.0
 10
28358.48013813841
 20
29018.00941045063
 30
0.0
 10
28358.37026838594
 20
29017.93080412317
 30
0.0
 10
28358.3111196714
 20
29017.88900564327
 30
0.0
1001
REVIT
1002
{
1070
     1
1000
2024455
1002
}
1002
{
1070
     5
1000
1959228
1002
}
  0
LINE
  5
68F
330
66D
100
AcDbEntity
  8
P-SANR-FIXT
100
AcDbLine
 10
28377.33072217506
 20
29035.71990438715
 30
0.0
 11
28377.33072217506
 21
29017.75944544093
 31
0.0
1001
REVIT
1002
{
1070
     1
1000
2024455
1002
}
1002
{
1070
     5
1000
1959228
1002
}
  0
LINE
  5
690
330
66D
100
AcDbEntity
  8
P-SANR-FIXT
100
AcDbLine
 10
28351.93110974831
 20
29017.75944544093
 30
0.0
 11
28351.93110974831
 21
29035.71990438715
 31
0.0
1001
REVIT
1002
{
1070
     1
1000
2024455
1002
}
1002
{
1070
     5
1000
1959228
1002
}
  0
LINE
  5
691
330
66D
100
AcDbEntity
  8
P-SANR-FIXT
100
AcDbLine
 10
28364.63091596169
 20
28975.93965069071
 30
0.0
 11
28380.13091596169
 21
28975.93965069071
 31
0.0
1001
REVIT
1002
{
1070
     1
1000
2024455
1002
}
1002
{
1070
     5
1000
1959228
1002
}
  0
LINE
  5
692
330
66D
100
AcDbEntity
  8
P-SANR-FIXT
100
AcDbLine
 10
28349.13091596169
 20
28975.93965069071
 30
0.0
 11
28364.63091596169
 21
28975.93965069071
 31
0.0
1001
REVIT
1002
{
1070
     1
1000
2024455
1002
}
1002
{
1070
     5
1000
1959228
1002
}
  0
LINE
  5
693
330
66D
100
AcDbEntity
  8
P-SANR-FIXT
100
AcDbLine
 10
28364.63091596169
 20
28994.98965069071
 30
0.0
 11
28349.13091596169
 21
28994.98965069071
 31
0.0
1001
REVIT
1002
{
1070
     1
1000
2024455
1002
}
1002
{
1070
     5
1000
1959228
1002
}
  0
LINE
  5
694
330
66D
100
AcDbEntity
  8
P-SANR-FIXT
100
AcDbLine
 10
28380.13091596169
 20
28994.98965069071
 30
0.0
 11
28364.63091596169
 21
28994.98965069071
 31
0.0
1001
REVIT
1002
{
1070
     1
1000
2024455
1002
}
1002
{
1070
     5
1000
1959228
1002
}
  0
LINE
  5
695
330
66D
100
AcDbEntity
  8
P-SANR-FIXT
100
AcDbLine
 10
28379.92620328468
 20
28975.93965069071
 30
0.0
 11
28379.92620328468
 21
28963.23966280237
 31
0.0
1001
REVIT
1002
{
1070
     1
1000
2024455
1002
}
1002
{
1070
     5
1000
1959228
1002
}
  0
LINE
  5
696
330
66D
100
AcDbEntity
  8
P-SANR-FIXT
100
AcDbLine
 10
28375.44624417824
 20
28975.93965069071
 30
0.0
 11
28375.44624417824
 21
28963.23966280237
 31
0.0
1001
REVIT
1002
{
1070
     1
1000
2024455
1002
}
1002
{
1070
     5
1000
1959228
1002
}
  0
LINE
  5
697
330
66D
100
AcDbEntity
  8
P-SANR-FIXT
100
AcDbLine
 10
28364.63091596169
 20
28975.93965069071
 30
0.0
 11
28364.63091596169
 21
28963.23966280237
 31
0.0
1001
REVIT
1002
{
1070
     1
1000
2024455
1002
}
1002
{
1070
     5
1000
1959228
1002
}
  0
LINE
  5
698
330
66D
100
AcDbEntity
  8
P-SANR-FIXT
100
AcDbLine
 10
28353.8152970652
 20
28975.93965069071
 30
0.0
 11
28353.8152970652
 21
28963.23966280237
 31
0.0
1001
REVIT
1002
{
1070
     1
1000
2024455
1002
}
1002
{
1070
     5
1000
1959228
1002
}
  0
LINE
  5
699
330
66D
100
AcDbEntity
  8
P-SANR-FIXT
100
AcDbLine
 10
28349.33533795876
 20
28975.93965069071
 30
0.0
 11
28349.33533795876
 21
28963.23966280237
 31
0.0
1001
REVIT
1002
{
1070
     1
1000
2024455
1002
}
1002
{
1070
     5
1000
1959228
1002
}
  0
LINE
  5
69A
330
66D
100
AcDbEntity
  8
P-SANR-FIXT
100
AcDbLine
 10
28364.63091596169
 20
28963.23966280237
 30
0.0
 11
28344.63091596169
 21
28963.23966280237
 31
0.0
1001
REVIT
1002
{
1070
     1
1000
2024455
1002
}
1002
{
1070
     5
1000
1959228
1002
}
  0
LINE
  5
69B
330
66D
100
AcDbEntity
  8
P-SANR-FIXT
100
AcDbLine
 10
28384.63091596169
 20
28963.23966280237
 30
0.0
 11
28364.63091596169
 21
28963.23966280237
 31
0.0
1001
REVIT
1002
{
1070
     1
1000
2024455
1002
}
1002
{
1070
     5
1000
1959228
1002
}
  0
LWPOLYLINE
  5
69C
330
66D
100
AcDbEntity
  8
P-SANR-FIXT
100
AcDbPolyline
 90
        4
 70
   128
 43
0.0
 10
28398.0483529429
 20
28913.8716369273
 10
28377.24975398333
 20
28904.52448250076
 10
28356.13214762957
 20
28903.70455919525
 10
28334.69553388162
 20
28911.41186701076
1001
REVIT
1002
{
1070
     1
1000
2024455
1002
}
1002
{
1070
     5
1000
1959228
1002
}
  0
LWPOLYLINE
  5
69D
330
66D
100
AcDbEntity
  8
P-SANR-FIXT
100
AcDbPolyline
 90
        3
 70
   128
 43
0.0
 10
28334.69553388162
 20
28935.48641496914
 10
28339.17009326802
 20
28937.7869165071
 10
28343.6309159617
 20
28939.72022920961
1001
REVIT
1002
{
1070
     1
1000
2024455
1002
}
1002
{
1070
     5
1000
1959228
1002
}
  0
LWPOLYLINE
  5
69E
330
66D
100
AcDbEntity
  8
P-SANR-FIXT
100
AcDbPolyline
 90
        3
 70
   128
 43
0.0
 10
28385.6309159617
 20
28939.64864079183
 10
28391.85393598605
 20
28936.71993024808
 10
28398.0483529429
 20
28933.0266450526
1001
REVIT
1002
{
1070
     1
1000
2024455
1002
}
1002
{
1070
     5
1000
1959228
1002
}
  0
LWPOLYLINE
  5
69F
330
66D
100
AcDbEntity
  8
P-SANR-FIXT
100
AcDbPolyline
 90
        3
 70
   128
 43
0.0
 10
28398.0483529429
 20
28933.0266450526
 10
28391.85393598605
 20
28936.71993024808
 10
28385.6309159617
 20
28939.64864079183
1001
REVIT
1002
{
1070
     1
1000
2024455
1002
}
1002
{
1070
     5
1000
1959228
1002
}
  0
LWPOLYLINE
  5
6A0
330
66D
100
AcDbEntity
  8
P-SANR-FIXT
100
AcDbPolyline
 90
        3
 70
   128
 43
0.0
 10
28343.6309159617
 20
28939.72022920961
 10
28339.17009326802
 20
28937.7869165071
 10
28334.69553388162
 20
28935.48641496914
1001
REVIT
1002
{
1070
     1
1000
2024455
1002
}
1002
{
1070
     5
1000
1959228
1002
}
  0
LWPOLYLINE
  5
6A1
330
66D
100
AcDbEntity
  8
P-SANR-FIXT
100
AcDbPolyline
 90
        4
 70
   128
 43
0.0
 10
28334.69553388162
 20
28911.41186701076
 10
28356.13214762957
 20
28903.70455919525
 10
28377.24975398333
 20
28904.52448250076
 10
28398.0483529429
 20
28913.8716369273
1001
REVIT
1002
{
1070
     1
1000
2024455
1002
}
1002
{
1070
     5
1000
1959228
1002
}
  0
LWPOLYLINE
  5
6A2
330
66D
100
AcDbEntity
  8
P-SANR-FIXT
100
AcDbPolyline
 90
       37
 70
   128
 43
0.0
 10
28398.0483529429
 20
28915.29323766165
 10
28399.16805715539
 20
28915.01723069016
 10
28400.27582838891
 20
28914.69666826886
 10
28401.36989444582
 20
28914.33206322925
 10
28402.44850505379
 20
28913.92399886161
 10
28403.50993466596
 20
28913.47312798188
 10
28404.55248522137
 20
28912.98017188729
 10
28405.57448886153
 20
28912.44591920242
 10
28406.57431059862
 20
28911.87122461762
 10
28407.55035093117
 20
28911.25700752161
 10
28408.50104840283
 20
28910.60425053073
 10
28409.42488210047
 20
28909.91399791691
 10
28410.32037408724
 20
28909.1873539371
 10
28411.186091767
 20
28908.42548106664
 10
28412.02065017612
 20
28907.62959813961
 10
28412.82271419919
 20
28906.80097839891
 10
28413.59100070486
 20
28905.94094745937
 10
28414.32428059863
 20
28905.05088118701
 10
28415.02138078907
 20
28904.13220349802
 10
28415.68118606461
 20
28903.18638408071
 10
28416.30264087754
 20
28902.21493604439
 10
28416.88475103273
 20
28901.2194134987
 10
28417.42658527812
 20
28900.20140906732
 10
28417.9272767945
 20
28899.16255134019
 10
28418.38602458224
 20
28898.10450226808
 10
28418.80209474276
 20
28897.02895450377
 10
28419.17482165254
 20
28895.93762869426
 10
28419.50360902805
 20
28894.83227072804
 10
28419.78793087961
 20
28893.71464894206
 10
28420.02733235294
 20
28892.58655129277
 10
28420.22143045672
 20
28891.44978249574
 10
28420.36991467541
 20
28890.30616113857
 10
28420.47254746592
 20
28889.15751677146
 10
28420.52916463769
 20
28888.00568698038
 10
28420.53967561532
 20
28886.85251444726
 10
28420.50406358349
 20
28885.69984400218
 10
28420.48608803387
 20
28885.38154595522
1001
REVIT
1002
{
1070
     1
1000
2024455
1002
}
1002
{
1070
     5
1000
1959228
1002
}
  0
LWPOLYLINE
  5
6A3
330
66D
100
AcDbEntity
  8
P-SANR-FIXT
100
AcDbPolyline
 90
       39
 70
   128
 43
0.0
 10
28436.45540271481
 20
28884.39109725856
 10
28436.53059128762
 20
28886.1826979927
 10
28436.53407479711
 20
28887.9758723783
 10
28436.46584767039
 20
28889.76775171888
 10
28436.32601905634
 20
28891.55546938974
 10
28436.11481265088
 20
28893.33616542397
 10
28435.83256633922
 20
28895.10699108777
 10
28435.47973165526
 20
28896.86511343784
 10
28435.0568730592
 20
28898.60771985346
 10
28434.56466703462
 20
28900.33202253611
 10
28434.00390100613
 20
28902.03526296932
 10
28433.37547207978
 20
28903.71471633174
 10
28432.68038560777
 20
28905.36769585625
 10
28431.9197535802
 20
28906.99155712824
 10
28431.09479284604
 20
28908.58370231606
 10
28430.20682316648
 20
28910.14158432706
 10
28429.25726510361
 20
28911.66271088237
 10
28428.24763774773
 20
28913.14464850396
 10
28427.17955628726
 20
28914.58502640778
 10
28426.05472942469
 20
28915.98154029645
 10
28424.87495664304
 20
28917.33195604565
 10
28423.64212532709
 20
28918.63411327827
 10
28422.35820774396
 20
28919.88592882049
 10
28421.0252578879
 20
28921.08540003451
 10
28419.64540819432
 20
28922.23060802224
 10
28418.22086612839
 20
28923.3197206952
 10
28416.75391065352
 20
28924.35099570545
 10
28415.24688858554
 20
28925.32278323297
 10
28413.70221083828
 20
28926.23352862502
 10
28412.12234856662
 20
28927.08177488325
 10
28410.50982921317
 20
28927.8661649946
 10
28408.86723246491
 20
28928.58544410222
 10
28407.19718612625
 20
28929.23846151297
 10
28405.50236191507
 20
28929.82417253829
 10
28403.78547118854
 20
28930.3416401655
 10
28402.04926060561
 20
28930.79003655678
 10
28400.29650773281
 20
28931.16864437355
 10
28398.53001660084
 20
28931.47685792407
 10
28398.0483529429
 20
28931.54832869887
1001
REVIT
1002
{
1070
     1
1000
2024455
1002
}
1002
{
1070
     5
1000
1959228
1002
}
  0
LINE
  5
6A4
330
66D
100
AcDbEntity
  8
P-SANR-FIXT
100
AcDbLine
 10
28385.6309159617
 20
28939.64864079183
 30
0.0
 11
28385.6309159617
 21
28961.65215069073
 31
0.0
1001
REVIT
1002
{
1070
     1
1000
2024455
1002
}
1002
{
1070
     5
1000
1959228
1002
}
  0
LINE
  5
6A5
330
66D
100
AcDbEntity
  8
P-SANR-FIXT
100
AcDbLine
 10
28343.6309159617
 20
28961.65215069073
 30
0.0
 11
28343.6309159617
 21
28939.72022920961
 31
0.0
1001
REVIT
1002
{
1070
     1
1000
2024455
1002
}
1002
{
1070
     5
1000
1959228
1002
}
  0
LINE
  5
6A6
330
66D
100
AcDbEntity
  8
P-SANR-FIXT
100
AcDbLine
 10
28334.68299630943
 20
28935.45121826903
 30
0.0
 11
28324.86328519388
 21
28938.94914098995
 31
0.0
1001
REVIT
1002
{
1070
     1
1000
2024455
1002
}
1002
{
1070
     5
1000
1959228
1002
}
  0
LINE
  5
6A7
330
66D
100
AcDbEntity
  8
P-SANR-FIXT
100
AcDbLine
 10
28324.86328519388
 20
28907.94914098995
 30
0.0
 11
28334.68299630943
 21
28911.44706371087
 31
0.0
1001
REVIT
1002
{
1070
     1
1000
2024455
1002
}
1002
{
1070
     5
1000
1959228
1002
}
  0
LINE
  5
6A8
330
66D
100
AcDbEntity
  8
P-SANR-FIXT
100
AcDbLine
 10
28398.04835294289
 20
28931.74350281305
 30
0.0
 11
28398.04835294289
 21
28933.02664505259
 31
0.0
1001
REVIT
1002
{
1070
     1
1000
2024455
1002
}
1002
{
1070
     5
1000
1959228
1002
}
  0
LINE
  5
6A9
330
66D
100
AcDbEntity
  8
P-SANR-FIXT
100
AcDbLine
 10
28398.04835294289
 20
28913.87163692728
 30
0.0
 11
28398.04835294289
 21
28930.22145905948
 31
0.0
1001
REVIT
1002
{
1070
     1
1000
2024455
1002
}
1002
{
1070
     5
1000
1959228
1002
}
  0
SPLINE
  5
6AA
330
66D
100
AcDbEntity
  8
P-SANR-FIXT
100
AcDbSpline
210
0.0
220
0.0
230
1.0
 70
     8
 71
     3
 72
    10
 73
     6
 74
     0
 42
0.000000001
 43
0.0000000001
 40
-1.0
 40
-1.0
 40
-1.0
 40
-1.0
 40
-0.6666666666666666
 40
-0.3333333333333333
 40
0.0
 40
0.0
 40
0.0
 40
0.0
 10
28385.63091596169
 20
28939.64864079182
 30
0.0
 10
28385.63091596169
 20
28939.63912749791
 30
0.0
 10
28385.34797843753
 20
28939.40351895019
 30
0.0
 10
28384.14388022976
 20
28938.32244423226
 30
0.0
 10
28382.92885714298
 20
28937.27245185602
 30
0.0
 10
28382.24250976476
 20
28936.65215069071
 30
0.0
1001
REVIT
1002
{
1070
     1
1000
2024455
1002
}
1002
{
1070
     5
1000
1959228
1002
}
  0
SPLINE
  5
6AB
330
66D
100
AcDbEntity
  8
P-SANR-FIXT
100
AcDbSpline
210
0.0
220
0.0
230
1.0
 70
     8
 71
     3
 72
    10
 73
     6
 74
     0
 42
0.000000001
 43
0.0000000001
 40
-1.0
 40
-1.0
 40
-1.0
 40
-1.0
 40
-0.6666666666666666
 40
-0.3333333333333333
 40
0.0
 40
0.0
 40
0.0
 40
0.0
 10
28347.06180658836
 20
28936.65215069071
 30
0.0
 10
28346.36860227698
 20
28937.28615106081
 30
0.0
 10
28345.13954520084
 20
28938.35975845981
 30
0.0
 10
28343.91830364274
 20
28939.46867777051
 30
0.0
 10
28343.63091596169
 20
28939.71025298094
 30
0.0
 10
28343.63091596169
 20
28939.7202292096
 30
0.0
1001
REVIT
1002
{
1070
     1
1000
2024455
1002
}
1002
{
1070
     5
1000
1959228
1002
}
  0
LWPOLYLINE
  5
6AC
330
66D
100
AcDbEntity
  8
P-SANR-FIXT
100
AcDbPolyline
 90
        6
 70
   128
 43
0.0
 10
28334.65199212393
 20
28935.05342264791
 10
28334.65199212393
 20
28933.85326459833
 10
28334.65199212393
 20
28931.94360171758
 10
28334.65199212393
 20
28929.45467081724
 10
28334.65199212393
 20
28926.55620110319
 10
28334.67871000061
 20
28923.44914098994
1001
REVIT
1002
{
1070
     1
1000
2024455
1002
}
1002
{
1070
     5
1000
1959228
1002
}
  0
LWPOLYLINE
  5
6AD
330
66D
100
AcDbEntity
  8
P-SANR-FIXT
100
AcDbPolyline
 90
        7
 70
   128
 43
0.0
 10
28334.67871000061
 20
28923.44914098994
 10
28334.65199212393
 20
28920.34208087668
 10
28334.65199212393
 20
28917.44361116263
 10
28334.65199212393
 20
28914.9546802623
 10
28334.65199212393
 20
28913.04501738154
 10
28334.65199212393
 20
28911.84485933197
 10
28334.68882785062
 20
28911.41558462701
1001
REVIT
1002
{
1070
     1
1000
2024455
1002
}
1002
{
1070
     5
1000
1959228
1002
}
  0
LINE
  5
6AE
330
66D
100
AcDbEntity
  8
P-SANR-FIXT
100
AcDbLine
 10
28420.7581586351
 20
28885.36467159474
 30
0.0
 11
28436.45540271481
 21
28884.39109725855
 31
0.0
1001
REVIT
1002
{
1070
     1
1000
2024455
1002
}
1002
{
1070
     5
1000
1959228
1002
}
  0
LINE
  5
6AF
330
66D
100
AcDbEntity
  8
P-SANR-FIXT
100
AcDbLine
 10
28435.3856614717
 20
28884.45744474065
 30
0.0
 11
28436.45540271481
 21
28884.39109725855
 31
0.0
1001
REVIT
1002
{
1070
     1
1000
2024455
1002
}
1002
{
1070
     5
1000
1959228
1002
}
  0
LINE
  5
6B0
330
66D
100
AcDbEntity
  8
P-SANR-FIXT
100
AcDbLine
 10
28364.63091596169
 20
28936.65215069071
 30
0.0
 11
28382.24250976476
 21
28936.65215069071
 31
0.0
1001
REVIT
1002
{
1070
     1
1000
2024455
1002
}
1002
{
1070
     5
1000
1959228
1002
}
  0
LINE
  5
6B1
330
66D
100
AcDbEntity
  8
P-SANR-FIXT
100
AcDbLine
 10
28347.06180658836
 20
28936.65215069071
 30
0.0
 11
28364.63091596169
 21
28936.65215069071
 31
0.0
1001
REVIT
1002
{
1070
     1
1000
2024455
1002
}
1002
{
1070
     5
1000
1959228
1002
}
  0
LINE
  5
6B2
330
66D
100
AcDbEntity
  8
P-SANR-FIXT
100
AcDbLine
 10
28364.63091596169
 20
28961.65215069071
 30
0.0
 11
28343.63091596169
 21
28961.65215069071
 31
0.0
1001
REVIT
1002
{
1070
     1
1000
2024455
1002
}
1002
{
1070
     5
1000
1959228
1002
}
  0
LINE
  5
6B3
330
66D
100
AcDbEntity
  8
P-SANR-FIXT
100
AcDbLine
 10
28385.63091596169
 20
28961.65215069071
 30
0.0
 11
28364.63091596169
 21
28961.65215069071
 31
0.0
1001
REVIT
1002
{
1070
     1
1000
2024455
1002
}
1002
{
1070
     5
1000
1959228
1002
}
  0
ENDBLK
  5
6B5
330
66D
100
AcDbEntity
  8
0
100
AcDbBlockEnd
  0
BLOCK
  5
6BD
330
6B7
100
AcDbEntity
  8
0
100
AcDbBlockBegin
  2
Linear grate - 1000x80-2174343-SECTION C-C
 70
     0
 10
0.0
 20
0.0
 30
0.0
  3
Linear grate - 1000x80-2174343-SECTION C-C
  1

  0
LINE
  5
6B8
330
6B7
100
AcDbEntity
  8
P-SANR-FIXT
100
AcDbLine
 10
20444.46338386739
 20
35390.0
 30
0.0
 11
20364.46338386739
 21
35390.0
 31
0.0
1001
REVIT
1002
{
1070
     1
1000
2174114
1002
}
1002
{
1070
     5
1000
2174013
1002
}
1002
{
1070
     3
1000
1020373
1002
}
  0
LINE
  5
6B9
330
6B7
100
AcDbEntity
  8
P-SANR-FIXT
100
AcDbLine
 10
20364.46338386739
 20
35420.00000000001
 30
0.0
 11
20444.46338386739
 21
35420.00000000001
 31
0.0
1001
REVIT
1002
{
1070
     1
1000
2174114
1002
}
1002
{
1070
     5
1000
2174013
1002
}
1002
{
1070
     3
1000
1020373
1002
}
  0
LINE
  5
6BA
330
6B7
100
AcDbEntity
  8
P-SANR-FIXT
100
AcDbLine
 10
20364.46338386739
 20
35420.00000000001
 30
0.0
 11
20364.46338386739
 21
35390.0
 31
0.0
1001
REVIT
1002
{
1070
     1
1000
2174114
1002
}
1002
{
1070
     5
1000
2174013
1002
}
1002
{
1070
     3
1000
1020373
1002
}
  0
LINE
  5
6BB
330
6B7
100
AcDbEntity
  8
P-SANR-FIXT
100
AcDbLine
 10
20444.46338386739
 20
35390.0
 30
0.0
 11
20444.46338386739
 21
35420.00000000001
 31
0.0
1001
REVIT
1002
{
1070
     1
1000
2174114
1002
}
1002
{
1070
     5
1000
2174013
1002
}
1002
{
1070
     3
1000
1020373
1002
}
  0
LINE
  5
6BC
330
6B7
100
AcDbEntity
  8
P-SANR-FIXT
100
AcDbLine
 10
20364.46338386739
 20
35410.0
 30
0.0
 11
20356.72486938047
 21
35410.0
 31
0.0
1001
REVIT
1002
{
1070
     1
1000
2174114
1002
}
1002
{
1070
     5
1000
2174013
1002
}
  0
ENDBLK
  5
6BE
330
6B7
100
AcDbEntity
  8
0
100
AcDbBlockEnd
  0
BLOCK
  5
6C7
330
6C0
100
AcDbEntity
  8
0
100
AcDbBlockBegin
  2
Linear grate - 1000x80-2344629-SECTION C-C
 70
     0
 10
0.0
 20
0.0
 30
0.0
  3
Linear grate - 1000x80-2344629-SECTION C-C
  1

  0
LINE
  5
6C1
330
6C0
100
AcDbEntity
  8
P-SANR-FIXT
100
AcDbLine
 10
18249.46338386145
 20
35417.68749999903
 30
0.0
 11
18169.46338386145
 21
35417.68749999903
 31
0.0
1001
REVIT
1002
{
1070
     1
1000
2174402
1002
}
1002
{
1070
     5
1000
2174013
1002
}
1002
{
1070
     3
1000
1020373
1002
}
  0
LINE
  5
6C2
330
6C0
100
AcDbEntity
  8
P-SANR-FIXT
100
AcDbLine
 10
18169.46338386145
 20
35447.68749999903
 30
0.0
 11
18249.46338386145
 21
35447.68749999903
 31
0.0
1001
REVIT
1002
{
1070
     1
1000
2174402
1002
}
1002
{
1070
     5
1000
2174013
1002
}
1002
{
1070
     3
1000
1020373
1002
}
  0
LINE
  5
6C3
330
6C0
100
AcDbEntity
  8
P-SANR-FIXT
100
AcDbLine
 10
18169.46338386145
 20
35447.68749999903
 30
0.0
 11
18169.46338386145
 21
35417.68749999903
 31
0.0
1001
REVIT
1002
{
1070
     1
1000
2174402
1002
}
1002
{
1070
     5
1000
2174013
1002
}
1002
{
1070
     3
1000
1020373
1002
}
  0
LINE
  5
6C4
330
6C0
100
AcDbEntity
  8
P-SANR-FIXT
100
AcDbLine
 10
18249.46338386145
 20
35417.68749999903
 30
0.0
 11
18249.46338386145
 21
35447.68749999903
 31
0.0
1001
REVIT
1002
{
1070
     1
1000
2174402
1002
}
1002
{
1070
     5
1000
2174013
1002
}
1002
{
1070
     3
1000
1020373
1002
}
  0
LINE
  5
6C5
330
6C0
100
AcDbEntity
  8
P-SANR-FIXT
100
AcDbLine
 10
18259.46338386144
 20
35437.68749999903
 30
0.0
 11
18249.46338386144
 21
35437.68749999903
 31
0.0
1001
REVIT
1002
{
1070
     1
1000
2174402
1002
}
1002
{
1070
     5
1000
2174013
1002
}
  0
LINE
  5
6C6
330
6C0
100
AcDbEntity
  8
P-SANR-FIXT
100
AcDbLine
 10
18169.46338386145
 20
35437.68749999903
 30
0.0
 11
18161.72486937454
 21
35437.68749999903
 31
0.0
1001
REVIT
1002
{
1070
     1
1000
2174402
1002
}
1002
{
1070
     5
1000
2174013
1002
}
  0
ENDBLK
  5
6C8
330
6C0
100
AcDbEntity
  8
0
100
AcDbBlockEnd
  0
BLOCK
  5
6DF
330
6DA
100
AcDbEntity
  8
0
100
AcDbBlockBegin
  2
tile grate 80 - 1000x80-2561614-SECTION C-C
 70
     0
 10
0.0
 20
0.0
 30
0.0
  3
tile grate 80 - 1000x80-2561614-SECTION C-C
  1

  0
LINE
  5
6DB
330
6DA
100
AcDbEntity
  8
P-SANR-FIXT
100
AcDbLine
 10
14379.46338386735
 20
35545.0
 30
0.0
 11
14379.46338386735
 21
35540.0
 31
0.0
1001
REVIT
1002
{
1070
     1
1000
2562088
1002
}
1002
{
1070
     5
1000
2561614
1002
}
1002
{
1070
     3
1000
1020373
1002
}
  0
LINE
  5
6DC
330
6DA
100
AcDbEntity
  8
P-SANR-FIXT
100
AcDbLine
 10
14299.46338386736
 20
35540.0
 30
0.0
 11
14299.46338386736
 21
35545.0
 31
0.0
1001
REVIT
1002
{
1070
     1
1000
2562088
1002
}
1002
{
1070
     5
1000
2561614
1002
}
1002
{
1070
     3
1000
1020373
1002
}
  0
LINE
  5
6DD
330
6DA
100
AcDbEntity
  8
P-SANR-FIXT
100
AcDbLine
 10
14289.46338386736
 20
35541.0
 30
0.0
 11
14299.46338386735
 21
35541.0
 31
0.0
1001
REVIT
1002
{
1070
     1
1000
2562088
1002
}
1002
{
1070
     5
1000
2561614
1002
}
  0
LINE
  5
6DE
330
6DA
100
AcDbEntity
  8
P-SANR-FIXT
100
AcDbLine
 10
14379.46338386735
 20
35541.0
 30
0.0
 11
14387.98293369288
 21
35541.0
 31
0.0
1001
REVIT
1002
{
1070
     1
1000
2562088
1002
}
1002
{
1070
     5
1000
2561614
1002
}
  0
ENDBLK
  5
6E0
330
6DA
100
AcDbEntity
  8
0
100
AcDbBlockEnd
  0
BLOCK
  5
6E6
330
6E2
100
AcDbEntity
  8
0
100
AcDbBlockBegin
  2
Railing - 25mm-1549699-SECTION C-C
 70
     0
 10
0.0
 20
0.0
 30
0.0
  3
Railing - 25mm-1549699-SECTION C-C
  1

  0
LINE
  5
6E3
330
6E2
100
AcDbEntity
  8
A-FLOR-HRAL
100
AcDbLine
 10
16601.96338267606
 20
35540.0
 30
0.0
 11
16601.96338267606
 21
36290.0
 31
0.0
1001
REVIT
1002
{
1070
     1
1000
2601279
1002
}
1002
{
1070
     5
1000
78969
1002
}
1002
{
1070
     3
1000
-2000127
1002
}
  0
LINE
  5
6E4
330
6E2
100
AcDbEntity
  8
A-FLOR-HRAL
100
AcDbLine
 10
16626.96338267606
 20
36290.0
 30
0.0
 11
16601.96338267606
 21
36290.0
 31
0.0
1001
REVIT
1002
{
1070
     1
1000
2601279
1002
}
1002
{
1070
     5
1000
78969
1002
}
1002
{
1070
     3
1000
-2000127
1002
}
  0
LINE
  5
6E5
330
6E2
100
AcDbEntity
  8
A-FLOR-HRAL
100
AcDbLine
 10
16626.96338267606
 20
35540.0
 30
0.0
 11
16626.96338267606
 21
36290.0
 31
0.0
1001
REVIT
1002
{
1070
     1
1000
2601279
1002
}
1002
{
1070
     5
1000
78969
1002
}
1002
{
1070
     3
1000
-2000127
1002
}
  0
ENDBLK
  5
6E7
330
6E2
100
AcDbEntity
  8
0
100
AcDbBlockEnd
  0
BLOCK
  5
6EA
330
6E8
100
AcDbEntity
  8
0
100
AcDbBlockBegin
  2
Railing - Railing-2601280-SECTION C-C
 70
     0
 10
0.0
 20
0.0
 30
0.0
  3
Railing - Railing-2601280-SECTION C-C
  1

  0
INSERT
  5
6E9
330
6E8
100
AcDbEntity
  8
0
100
AcDbBlockReference
  2
Railing - 25mm-1549699-SECTION C-C
 10
0.0
 20
0.0
 30
0.0
  0
ENDBLK
  5
6EB
330
6E8
100
AcDbEntity
  8
0
100
AcDbBlockEnd
  0
BLOCK
  5
6F2
330
6ED
100
AcDbEntity
  8
0
100
AcDbBlockBegin
  2
Top Rail Type - Top Rail_Internal_-2601392-SECTION C-C
 70
     0
 10
0.0
 20
0.0
 30
0.0
  3
Top Rail Type - Top Rail_Internal_-2601392-SECTION C-C
  1

  0
LINE
  5
6EE
330
6ED
100
AcDbEntity
  8
A-FLOR-HRAL
100
AcDbLine
 10
16639.46338267606
 20
36340.0
 30
0.0
 11
16589.46338267606
 21
36340.0
 31
0.0
1001
REVIT
1002
{
1070
     1
1000
2601391
1002
}
1002
{
1070
     5
1000
199972
1002
}
  0
LINE
  5
6EF
330
6ED
100
AcDbEntity
  8
A-FLOR-HRAL
100
AcDbLine
 10
16589.46338267606
 20
36340.0
 30
0.0
 11
16589.46338267606
 21
36290.0
 31
0.0
1001
REVIT
1002
{
1070
     1
1000
2601391
1002
}
1002
{
1070
     5
1000
199972
1002
}
  0
LINE
  5
6F0
330
6ED
100
AcDbEntity
  8
A-FLOR-HRAL
100
AcDbLine
 10
16589.46338267606
 20
36290.0
 30
0.0
 11
16639.46338267606
 21
36290.0
 31
0.0
1001
REVIT
1002
{
1070
     1
1000
2601391
1002
}
1002
{
1070
     5
1000
199972
1002
}
  0
LINE
  5
6F1
330
6ED
100
AcDbEntity
  8
A-FLOR-HRAL
100
AcDbLine
 10
16639.46338267606
 20
36290.0
 30
0.0
 11
16639.46338267606
 21
36340.0
 31
0.0
1001
REVIT
1002
{
1070
     1
1000
2601391
1002
}
1002
{
1070
     5
1000
199972
1002
}
  0
ENDBLK
  5
6F3
330
6ED
100
AcDbEntity
  8
0
100
AcDbBlockEnd
  0
BLOCK
  5
8B3
330
8B1
100
AcDbEntity
  8
0
100
AcDbBlockBegin
  2
_Oblique
 70
     0
 10
0.0
 20
0.0
 30
0.0
  3
_Oblique
  1

  0
LINE
  5
8B2
330
8B1
100
AcDbEntity
  8
0
  6
ByBlock
 62
     0
370
    -2
100
AcDbLine
 10
-0.5
 20
-0.5
 30
0.0
 11
0.5
 21
0.5
 31
0.0
  0
ENDBLK
  5
8B4
330
8B1
100
AcDbEntity
  8
0
100
AcDbBlockEnd
  0
BLOCK
  5
8AE
330
8B8
100
AcDbEntity
  8
0
100
AcDbBlockBegin
  2
DIMBLOCK1-SECTION C-C
 70
     0
 10
0.0
 20
0.0
 30
0.0
  3
DIMBLOCK1-SECTION C-C
  1

  0
LINE
  5
8A2
330
8B8
100
AcDbEntity
  8
A-ANNO-DIMS-100
100
AcDbLine
 10
21003.06340501848
 20
35640.0
 30
0.0
 11
21003.06340501848
 21
35290.0
 31
0.0
1001
REVIT
1002
{
1070
     1
1000
2178226
1002
}
1002
{
1070
     5
1000
2173208
1002
}
1002
{
1070
     2
1000
-2000260
1002
}
  0
LINE
  5
8A3
330
8B8
100
AcDbEntity
  8
A-ANNO-DIMS-100
100
AcDbLine
 10
21003.06340501848
 20
35390.0
 30
0.0
 11
20928.06340501848
 21
35465.0
 31
0.0
1001
REVIT
1002
{
1070
     1
1000
2178226
1002
}
1002
{
1070
     5
1000
2173208
1002
}
1002
{
1070
     2
1000
-2000260
1002
}
  0
LINE
  5
8A4
330
8B8
100
AcDbEntity
  8
A-ANNO-DIMS-100
100
AcDbLine
 10
21003.06340501848
 20
35390.0
 30
0.0
 11
21078.06340501848
 21
35315.0
 31
0.0
1001
REVIT
1002
{
1070
     1
1000
2178226
1002
}
1002
{
1070
     5
1000
2173208
1002
}
1002
{
1070
     2
1000
-2000260
1002
}
  0
LINE
  5
8A5
330
8B8
100
AcDbEntity
  8
A-ANNO-DIMS-100
100
AcDbLine
 10
21003.06340501847
 20
35390.0
 30
0.0
 11
21103.06340501847
 21
35390.0
 31
0.0
1001
REVIT
1002
{
1070
     1
1000
2178226
1002
}
1002
{
1070
     5
1000
2173208
1002
}
1002
{
1070
     2
1000
-2000260
1002
}
  0
LINE
  5
8A6
330
8B8
100
AcDbEntity
  8
A-ANNO-DIMS-100
100
AcDbLine
 10
21003.06340501847
 20
35390.0
 30
0.0
 11
20703.06340501847
 21
35390.0
 31
0.0
1001
REVIT
1002
{
1070
     1
1000
2178226
1002
}
1002
{
1070
     5
1000
2173208
1002
}
1002
{
1070
     2
1000
-2000260
1002
}
  0
LINE
  5
8A7
330
8B8
100
AcDbEntity
  8
A-ANNO-DIMS-100
100
AcDbLine
 10
21003.06340501848
 20
35540.0
 30
0.0
 11
20928.06340501848
 21
35615.0
 31
0.0
1001
REVIT
1002
{
1070
     1
1000
2178226
1002
}
1002
{
1070
     5
1000
2173208
1002
}
1002
{
1070
     2
1000
-2000260
1002
}
  0
LINE
  5
8A8
330
8B8
100
AcDbEntity
  8
A-ANNO-DIMS-100
100
AcDbLine
 10
21003.06340501848
 20
35540.0
 30
0.0
 11
21078.06340501848
 21
35465.0
 31
0.0
1001
REVIT
1002
{
1070
     1
1000
2178226
1002
}
1002
{
1070
     5
1000
2173208
1002
}
1002
{
1070
     2
1000
-2000260
1002
}
  0
LINE
  5
8A9
330
8B8
100
AcDbEntity
  8
A-ANNO-DIMS-100
100
AcDbLine
 10
21003.06340501847
 20
35540.0
 30
0.0
 11
21103.06340501847
 21
35540.0
 31
0.0
1001
REVIT
1002
{
1070
     1
1000
2178226
1002
}
1002
{
1070
     5
1000
2173208
1002
}
1002
{
1070
     2
1000
-2000260
1002
}
  0
LINE
  5
8AA
330
8B8
100
AcDbEntity
  8
A-ANNO-DIMS-100
100
AcDbLine
 10
21003.06340501847
 20
35540.0
 30
0.0
 11
20703.06340501847
 21
35540.0
 31
0.0
1001
REVIT
1002
{
1070
     1
1000
2178226
1002
}
1002
{
1070
     5
1000
2173208
1002
}
1002
{
1070
     2
1000
-2000260
1002
}
  0
MTEXT
  5
8AC
330
8B8
100
AcDbEntity
  8
A-ANNO-DIMS-100
 62
     0
100
AcDbMText
 10
21084.67293101939
 20
35247.86606937414
 30
0.0
 40
150.0
 41
521.1214335020708
 46
0.0
 71
     1
 72
     1
  1
HOB
  7
Calibri
 11
0.0
 21
1.0
 31
0.0
 73
     2
 44
1.158047630004602
 90
        3
 63
     9
421
 13158600
 45
1.25
441
        0
1001
REVIT
1002
{
1070
     1
1000
2178226
1002
}
1002
{
1070
     5
1000
2173208
1002
}
1002
{
1070
     2
1000
-2000260
1002
}
  0
MTEXT
  5
8AD
330
8B8
100
AcDbEntity
  8
A-ANNO-DIMS-100
 62
     0
100
AcDbMText
 10
20795.16102351824
 20
35282.60749827428
 30
0.0
 40
150.0
 41
437.7420041417395
 46
0.0
 71
     1
 72
     1
  1
150
  7
Calibri
 11
0.0
 21
1.0
 31
0.0
 73
     2
 44
1.158047630004602
 90
        3
 63
     9
421
 13158600
 45
1.25
441
        0
1001
REVIT
1002
{
1070
     1
1000
2178226
1002
}
1002
{
1070
     5
1000
2173208
1002
}
1002
{
1070
     2
1000
-2000260
1002
}
  0
ENDBLK
  5
8AF
330
8B8
100
AcDbEntity
  8
0
100
AcDbBlockEnd
  0
BLOCK
  5
92E
330
932
100
AcDbEntity
  8
0
100
AcDbBlockBegin
  2
DIMBLOCK2-SECTION C-C
 70
     0
 10
0.0
 20
0.0
 30
0.0
  3
DIMBLOCK2-SECTION C-C
  1

  0
LINE
  5
924
330
932
100
AcDbEntity
  8
A-ANNO-DIMS-100
100
AcDbLine
 10
28199.46338208719
 20
35940.64103403686
 30
0.0
 11
28999.46338208719
 21
35940.64103403686
 31
0.0
1001
REVIT
1002
{
1070
     1
1000
2299912
1002
}
1002
{
1070
     5
1000
2148925
1002
}
1002
{
1070
     2
1000
-2000260
1002
}
  0
LINE
  5
925
330
932
100
AcDbEntity
  8
A-ANNO-DIMS-100
100
AcDbLine
 10
28899.46338208718
 20
35940.64103403686
 30
0.0
 11
28824.46338208718
 21
35865.64103403686
 31
0.0
1001
REVIT
1002
{
1070
     1
1000
2299912
1002
}
1002
{
1070
     5
1000
2148925
1002
}
1002
{
1070
     2
1000
-2000260
1002
}
  0
LINE
  5
926
330
932
100
AcDbEntity
  8
A-ANNO-DIMS-100
100
AcDbLine
 10
28899.46338208718
 20
35940.64103403686
 30
0.0
 11
28974.46338208719
 21
36015.64103403686
 31
0.0
1001
REVIT
1002
{
1070
     1
1000
2299912
1002
}
1002
{
1070
     5
1000
2148925
1002
}
1002
{
1070
     2
1000
-2000260
1002
}
  0
LINE
  5
927
330
932
100
AcDbEntity
  8
A-ANNO-DIMS-100
100
AcDbLine
 10
28899.46338208718
 20
35940.64103403686
 30
0.0
 11
28899.46338208718
 21
36040.64103403686
 31
0.0
1001
REVIT
1002
{
1070
     1
1000
2299912
1002
}
1002
{
1070
     5
1000
2148925
1002
}
1002
{
1070
     2
1000
-2000260
1002
}
  0
LINE
  5
928
330
932
100
AcDbEntity
  8
A-ANNO-DIMS-100
100
AcDbLine
 10
28899.46338208718
 20
35940.64103403686
 30
0.0
 11
28899.46338208718
 21
35640.64103403686
 31
0.0
1001
REVIT
1002
{
1070
     1
1000
2299912
1002
}
1002
{
1070
     5
1000
2148925
1002
}
1002
{
1070
     2
1000
-2000260
1002
}
  0
LINE
  5
929
330
932
100
AcDbEntity
  8
A-ANNO-DIMS-100
100
AcDbLine
 10
28299.46338208718
 20
35940.64103403686
 30
0.0
 11
28224.46338208718
 21
35865.64103403686
 31
0.0
1001
REVIT
1002
{
1070
     1
1000
2299912
1002
}
1002
{
1070
     5
1000
2148925
1002
}
1002
{
1070
     2
1000
-2000260
1002
}
  0
LINE
  5
92A
330
932
100
AcDbEntity
  8
A-ANNO-DIMS-100
100
AcDbLine
 10
28299.46338208718
 20
35940.64103403686
 30
0.0
 11
28374.46338208718
 21
36015.64103403686
 31
0.0
1001
REVIT
1002
{
1070
     1
1000
2299912
1002
}
1002
{
1070
     5
1000
2148925
1002
}
1002
{
1070
     2
1000
-2000260
1002
}
  0
LINE
  5
92B
330
932
100
AcDbEntity
  8
A-ANNO-DIMS-100
100
AcDbLine
 10
28299.46338208718
 20
35940.64103403686
 30
0.0
 11
28299.46338208718
 21
36040.64103403686
 31
0.0
1001
REVIT
1002
{
1070
     1
1000
2299912
1002
}
1002
{
1070
     5
1000
2148925
1002
}
1002
{
1070
     2
1000
-2000260
1002
}
  0
LINE
  5
92C
330
932
100
AcDbEntity
  8
A-ANNO-DIMS-100
100
AcDbLine
 10
28299.46338208718
 20
35940.64103403686
 30
0.0
 11
28299.46338208718
 21
35640.64103403686
 31
0.0
1001
REVIT
1002
{
1070
     1
1000
2299912
1002
}
1002
{
1070
     5
1000
2148925
1002
}
1002
{
1070
     2
1000
-2000260
1002
}
  0
MTEXT
  5
92D
330
932
100
AcDbEntity
  8
A-ANNO-DIMS-100
 62
     0
100
AcDbMText
 10
28356.27337978622
 20
36217.8442093705
 30
0.0
 40
200.0
 41
583.6560055223194
 46
0.0
 71
     1
 72
     1
  1
600
  7
Calibri_1
 73
     2
 44
1.158047630004602
1001
REVIT
1002
{
1070
     1
1000
2299912
1002
}
1002
{
1070
     5
1000
2148925
1002
}
1002
{
1070
     2
1000
-2000260
1002
}
  0
ENDBLK
  5
92F
330
932
100
AcDbEntity
  8
0
100
AcDbBlockEnd
  0
BLOCK
  5
949
330
94C
100
AcDbEntity
  8
0
100
AcDbBlockBegin
  2
DIMBLOCK3-SECTION C-C
 70
     0
 10
0.0
 20
0.0
 30
0.0
  3
DIMBLOCK3-SECTION C-C
  1

  0
LINE
  5
93F
330
94C
100
AcDbEntity
  8
A-ANNO-DIMS-100
100
AcDbLine
 10
18194.46338386143
 20
38552.52606269068
 30
0.0
 11
18694.46338394466
 21
38552.52606269068
 31
0.0
1001
REVIT
1002
{
1070
     1
1000
2299920
1002
}
1002
{
1070
     5
1000
2148925
1002
}
1002
{
1070
     2
1000
-2000260
1002
}
  0
LINE
  5
940
330
94C
100
AcDbEntity
  8
A-ANNO-DIMS-100
100
AcDbLine
 10
18594.46338394466
 20
38552.52606269068
 30
0.0
 11
18519.46338394466
 21
38477.52606269068
 31
0.0
1001
REVIT
1002
{
1070
     1
1000
2299920
1002
}
1002
{
1070
     5
1000
2148925
1002
}
1002
{
1070
     2
1000
-2000260
1002
}
  0
LINE
  5
941
330
94C
100
AcDbEntity
  8
A-ANNO-DIMS-100
100
AcDbLine
 10
18594.46338394466
 20
38552.52606269068
 30
0.0
 11
18669.46338394466
 21
38627.52606269068
 31
0.0
1001
REVIT
1002
{
1070
     1
1000
2299920
1002
}
1002
{
1070
     5
1000
2148925
1002
}
1002
{
1070
     2
1000
-2000260
1002
}
  0
LINE
  5
942
330
94C
100
AcDbEntity
  8
A-ANNO-DIMS-100
100
AcDbLine
 10
18594.46338394466
 20
38552.52606269068
 30
0.0
 11
18594.46338394466
 21
38652.52606269068
 31
0.0
1001
REVIT
1002
{
1070
     1
1000
2299920
1002
}
1002
{
1070
     5
1000
2148925
1002
}
1002
{
1070
     2
1000
-2000260
1002
}
  0
LINE
  5
943
330
94C
100
AcDbEntity
  8
A-ANNO-DIMS-100
100
AcDbLine
 10
18594.46338394466
 20
38552.52606269068
 30
0.0
 11
18594.46338394466
 21
38252.52606269068
 31
0.0
1001
REVIT
1002
{
1070
     1
1000
2299920
1002
}
1002
{
1070
     5
1000
2148925
1002
}
1002
{
1070
     2
1000
-2000260
1002
}
  0
LINE
  5
944
330
94C
100
AcDbEntity
  8
A-ANNO-DIMS-100
100
AcDbLine
 10
18294.46338386144
 20
38552.52606269068
 30
0.0
 11
18219.46338386144
 21
38477.52606269068
 31
0.0
1001
REVIT
1002
{
1070
     1
1000
2299920
1002
}
1002
{
1070
     5
1000
2148925
1002
}
1002
{
1070
     2
1000
-2000260
1002
}
  0
LINE
  5
945
330
94C
100
AcDbEntity
  8
A-ANNO-DIMS-100
100
AcDbLine
 10
18294.46338386144
 20
38552.52606269068
 30
0.0
 11
18369.46338386144
 21
38627.52606269068
 31
0.0
1001
REVIT
1002
{
1070
     1
1000
2299920
1002
}
1002
{
1070
     5
1000
2148925
1002
}
1002
{
1070
     2
1000
-2000260
1002
}
  0
LINE
  5
946
330
94C
100
AcDbEntity
  8
A-ANNO-DIMS-100
100
AcDbLine
 10
18294.46338386143
 20
38552.52606269068
 30
0.0
 11
18294.46338386143
 21
38652.52606269068
 31
0.0
1001
REVIT
1002
{
1070
     1
1000
2299920
1002
}
1002
{
1070
     5
1000
2148925
1002
}
1002
{
1070
     2
1000
-2000260
1002
}
  0
LINE
  5
947
330
94C
100
AcDbEntity
  8
A-ANNO-DIMS-100
100
AcDbLine
 10
18294.46338386143
 20
38552.52606269068
 30
0.0
 11
18294.46338386143
 21
38252.52606269068
 31
0.0
1001
REVIT
1002
{
1070
     1
1000
2299920
1002
}
1002
{
1070
     5
1000
2148925
1002
}
1002
{
1070
     2
1000
-2000260
1002
}
  0
MTEXT
  5
948
330
94C
100
AcDbEntity
  8
A-ANNO-DIMS-100
 62
     0
100
AcDbMText
 10
18201.27338160208
 20
38829.72923802432
 30
0.0
 40
200.0
 41
583.6560055223194
 46
0.0
 71
     1
 72
     1
  1
300
  7
Calibri_1
 73
     2
 44
1.158047630004602
1001
REVIT
1002
{
1070
     1
1000
2299920
1002
}
1002
{
1070
     5
1000
2148925
1002
}
1002
{
1070
     2
1000
-2000260
1002
}
  0
ENDBLK
  5
94A
330
94C
100
AcDbEntity
  8
0
100
AcDbBlockEnd
  0
BLOCK
  5
978
330
97C
100
AcDbEntity
  8
0
100
AcDbBlockBegin
  2
DIMBLOCK4-SECTION C-C
 70
     0
 10
0.0
 20
0.0
 30
0.0
  3
DIMBLOCK4-SECTION C-C
  1

  0
LINE
  5
96E
330
97C
100
AcDbEntity
  8
A-ANNO-DIMS-100
100
AcDbLine
 10
28813.06026002065
 20
32690.0
 30
0.0
 11
28813.06026002065
 21
31790.0
 31
0.0
1001
REVIT
1002
{
1070
     1
1000
2346018
1002
}
1002
{
1070
     5
1000
2159605
1002
}
1002
{
1070
     2
1000
-2000260
1002
}
  0
LINE
  5
96F
330
97C
100
AcDbEntity
  8
A-ANNO-DIMS-100
100
AcDbLine
 10
28813.06026002065
 20
31890.0
 30
0.0
 11
28738.06026002065
 21
31965.0
 31
0.0
1001
REVIT
1002
{
1070
     1
1000
2346018
1002
}
1002
{
1070
     5
1000
2159605
1002
}
1002
{
1070
     2
1000
-2000260
1002
}
  0
LINE
  5
970
330
97C
100
AcDbEntity
  8
A-ANNO-DIMS-100
100
AcDbLine
 10
28813.06026002065
 20
31890.0
 30
0.0
 11
28888.06026002065
 21
31815.0
 31
0.0
1001
REVIT
1002
{
1070
     1
1000
2346018
1002
}
1002
{
1070
     5
1000
2159605
1002
}
1002
{
1070
     2
1000
-2000260
1002
}
  0
LINE
  5
971
330
97C
100
AcDbEntity
  8
A-ANNO-DIMS-100
100
AcDbLine
 10
28813.06026002065
 20
31890.0
 30
0.0
 11
28913.06026002065
 21
31890.0
 31
0.0
1001
REVIT
1002
{
1070
     1
1000
2346018
1002
}
1002
{
1070
     5
1000
2159605
1002
}
1002
{
1070
     2
1000
-2000260
1002
}
  0
LINE
  5
972
330
97C
100
AcDbEntity
  8
A-ANNO-DIMS-100
100
AcDbLine
 10
28813.06026002065
 20
31890.0
 30
0.0
 11
28513.06026002065
 21
31890.0
 31
0.0
1001
REVIT
1002
{
1070
     1
1000
2346018
1002
}
1002
{
1070
     5
1000
2159605
1002
}
1002
{
1070
     2
1000
-2000260
1002
}
  0
LINE
  5
973
330
97C
100
AcDbEntity
  8
A-ANNO-DIMS-100
100
AcDbLine
 10
28813.06026002065
 20
32590.00000000001
 30
0.0
 11
28738.06026002065
 21
32665.00000000001
 31
0.0
1001
REVIT
1002
{
1070
     1
1000
2346018
1002
}
1002
{
1070
     5
1000
2159605
1002
}
1002
{
1070
     2
1000
-2000260
1002
}
  0
LINE
  5
974
330
97C
100
AcDbEntity
  8
A-ANNO-DIMS-100
100
AcDbLine
 10
28813.06026002065
 20
32590.00000000001
 30
0.0
 11
28888.06026002065
 21
32515.00000000001
 31
0.0
1001
REVIT
1002
{
1070
     1
1000
2346018
1002
}
1002
{
1070
     5
1000
2159605
1002
}
1002
{
1070
     2
1000
-2000260
1002
}
  0
LINE
  5
975
330
97C
100
AcDbEntity
  8
A-ANNO-DIMS-100
100
AcDbLine
 10
28813.06026002065
 20
32590.00000000001
 30
0.0
 11
28913.06026002065
 21
32590.00000000001
 31
0.0
1001
REVIT
1002
{
1070
     1
1000
2346018
1002
}
1002
{
1070
     5
1000
2159605
1002
}
1002
{
1070
     2
1000
-2000260
1002
}
  0
LINE
  5
976
330
97C
100
AcDbEntity
  8
A-ANNO-DIMS-100
100
AcDbLine
 10
28813.06026002065
 20
32590.00000000001
 30
0.0
 11
28513.06026002065
 21
32590.00000000001
 31
0.0
1001
REVIT
1002
{
1070
     1
1000
2346018
1002
}
1002
{
1070
     5
1000
2159605
1002
}
1002
{
1070
     2
1000
-2000260
1002
}
  0
MTEXT
  5
977
330
97C
100
AcDbEntity
  8
A-ANNO-DIMS-100
 62
     0
100
AcDbMText
 10
28605.15787852042
 20
32057.60749827427
 30
0.0
 40
150.0
 41
437.7420041417395
 46
0.0
 71
     1
 72
     1
  1
700
  7
Calibri
 11
0.0
 21
1.0
 31
0.0
 73
     2
 44
1.158047630004602
1001
REVIT
1002
{
1070
     1
1000
2346018
1002
}
1002
{
1070
     5
1000
2159605
1002
}
1002
{
1070
     2
1000
-2000260
1002
}
  0
ENDBLK
  5
979
330
97C
100
AcDbEntity
  8
0
100
AcDbBlockEnd
  0
BLOCK
  5
998
330
99C
100
AcDbEntity
  8
0
100
AcDbBlockBegin
  2
DIMBLOCK5-SECTION C-C
 70
     0
 10
0.0
 20
0.0
 30
0.0
  3
DIMBLOCK5-SECTION C-C
  1

  0
LINE
  5
98E
330
99C
100
AcDbEntity
  8
A-ANNO-DIMS-100
100
AcDbLine
 10
15644.03858401968
 20
34785.00000000001
 30
0.0
 11
15644.03858401968
 21
32245.00000000001
 31
0.0
1001
REVIT
1002
{
1070
     1
1000
2600637
1002
}
1002
{
1070
     5
1000
2510899
1002
}
1002
{
1070
     2
1000
-2000260
1002
}
  0
LINE
  5
98F
330
99C
100
AcDbEntity
  8
A-ANNO-DIMS-100
100
AcDbLine
 10
15644.03858401968
 20
32345.0
 30
0.0
 11
15569.03858401968
 21
32420.00000000001
 31
0.0
1001
REVIT
1002
{
1070
     1
1000
2600637
1002
}
1002
{
1070
     5
1000
2510899
1002
}
1002
{
1070
     2
1000
-2000260
1002
}
  0
LINE
  5
990
330
99C
100
AcDbEntity
  8
A-ANNO-DIMS-100
100
AcDbLine
 10
15644.03858401968
 20
32345.0
 30
0.0
 11
15719.03858401968
 21
32270.0
 31
0.0
1001
REVIT
1002
{
1070
     1
1000
2600637
1002
}
1002
{
1070
     5
1000
2510899
1002
}
1002
{
1070
     2
1000
-2000260
1002
}
  0
LINE
  5
991
330
99C
100
AcDbEntity
  8
A-ANNO-DIMS-100
100
AcDbLine
 10
15644.03858401968
 20
32345.0
 30
0.0
 11
15744.03858401967
 21
32345.0
 31
0.0
1001
REVIT
1002
{
1070
     1
1000
2600637
1002
}
1002
{
1070
     5
1000
2510899
1002
}
1002
{
1070
     2
1000
-2000260
1002
}
  0
LINE
  5
992
330
99C
100
AcDbEntity
  8
A-ANNO-DIMS-100
100
AcDbLine
 10
15644.03858401968
 20
32345.0
 30
0.0
 11
15344.03858401968
 21
32345.0
 31
0.0
1001
REVIT
1002
{
1070
     1
1000
2600637
1002
}
1002
{
1070
     5
1000
2510899
1002
}
1002
{
1070
     2
1000
-2000260
1002
}
  0
LINE
  5
993
330
99C
100
AcDbEntity
  8
A-ANNO-DIMS-100
100
AcDbLine
 10
15644.03858401968
 20
34685.00000000001
 30
0.0
 11
15569.03858401968
 21
34760.00000000001
 31
0.0
1001
REVIT
1002
{
1070
     1
1000
2600637
1002
}
1002
{
1070
     5
1000
2510899
1002
}
1002
{
1070
     2
1000
-2000260
1002
}
  0
LINE
  5
994
330
99C
100
AcDbEntity
  8
A-ANNO-DIMS-100
100
AcDbLine
 10
15644.03858401968
 20
34685.00000000001
 30
0.0
 11
15719.03858401968
 21
34610.00000000001
 31
0.0
1001
REVIT
1002
{
1070
     1
1000
2600637
1002
}
1002
{
1070
     5
1000
2510899
1002
}
1002
{
1070
     2
1000
-2000260
1002
}
  0
LINE
  5
995
330
99C
100
AcDbEntity
  8
A-ANNO-DIMS-100
100
AcDbLine
 10
15644.03858401968
 20
34685.00000000001
 30
0.0
 11
15744.03858401967
 21
34685.00000000001
 31
0.0
1001
REVIT
1002
{
1070
     1
1000
2600637
1002
}
1002
{
1070
     5
1000
2510899
1002
}
1002
{
1070
     2
1000
-2000260
1002
}
  0
LINE
  5
996
330
99C
100
AcDbEntity
  8
A-ANNO-DIMS-100
100
AcDbLine
 10
15644.03858401968
 20
34685.00000000001
 30
0.0
 11
15344.03858401968
 21
34685.00000000001
 31
0.0
1001
REVIT
1002
{
1070
     1
1000
2600637
1002
}
1002
{
1070
     5
1000
2510899
1002
}
1002
{
1070
     2
1000
-2000260
1002
}
  0
MTEXT
  5
997
330
99C
100
AcDbEntity
  8
A-ANNO-DIMS-100
 62
     0
100
AcDbMText
 10
15436.13620251944
 20
33271.80999769904
 30
0.0
 40
150.0
 41
583.6560055223194
 46
0.0
 71
     1
 72
     1
  1
2340
  7
Calibri
 11
0.0
 21
1.0
 31
0.0
 73
     2
 44
1.158047630004602
1001
REVIT
1002
{
1070
     1
1000
2600637
1002
}
1002
{
1070
     5
1000
2510899
1002
}
1002
{
1070
     2
1000
-2000260
1002
}
  0
ENDBLK
  5
999
330
99C
100
AcDbEntity
  8
0
100
AcDbBlockEnd
  0
BLOCK
  5
9B3
330
9B6
100
AcDbEntity
  8
0
100
AcDbBlockBegin
  2
DIMBLOCK6-SECTION C-C
 70
     0
 10
0.0
 20
0.0
 30
0.0
  3
DIMBLOCK6-SECTION C-C
  1

  0
LINE
  5
9A9
330
9B6
100
AcDbEntity
  8
A-ANNO-DIMS-100
100
AcDbLine
 10
15875.65833206463
 20
31335.00000000001
 30
0.0
 11
15875.65833206463
 21
28795.0
 31
0.0
1001
REVIT
1002
{
1070
     1
1000
2600644
1002
}
1002
{
1070
     5
1000
2510899
1002
}
1002
{
1070
     2
1000
-2000260
1002
}
  0
LINE
  5
9AA
330
9B6
100
AcDbEntity
  8
A-ANNO-DIMS-100
100
AcDbLine
 10
15875.65833206463
 20
28895.0
 30
0.0
 11
15800.65833206463
 21
28970.0
 31
0.0
1001
REVIT
1002
{
1070
     1
1000
2600644
1002
}
1002
{
1070
     5
1000
2510899
1002
}
1002
{
1070
     2
1000
-2000260
1002
}
  0
LINE
  5
9AB
330
9B6
100
AcDbEntity
  8
A-ANNO-DIMS-100
100
AcDbLine
 10
15875.65833206463
 20
28895.0
 30
0.0
 11
15950.65833206463
 21
28820.0
 31
0.0
1001
REVIT
1002
{
1070
     1
1000
2600644
1002
}
1002
{
1070
     5
1000
2510899
1002
}
1002
{
1070
     2
1000
-2000260
1002
}
  0
LINE
  5
9AC
330
9B6
100
AcDbEntity
  8
A-ANNO-DIMS-100
100
AcDbLine
 10
15875.65833206463
 20
28895.0
 30
0.0
 11
15975.65833206463
 21
28895.0
 31
0.0
1001
REVIT
1002
{
1070
     1
1000
2600644
1002
}
1002
{
1070
     5
1000
2510899
1002
}
1002
{
1070
     2
1000
-2000260
1002
}
  0
LINE
  5
9AD
330
9B6
100
AcDbEntity
  8
A-ANNO-DIMS-100
100
AcDbLine
 10
15875.65833206463
 20
28895.0
 30
0.0
 11
15575.65833206463
 21
28895.0
 31
0.0
1001
REVIT
1002
{
1070
     1
1000
2600644
1002
}
1002
{
1070
     5
1000
2510899
1002
}
1002
{
1070
     2
1000
-2000260
1002
}
  0
LINE
  5
9AE
330
9B6
100
AcDbEntity
  8
A-ANNO-DIMS-100
100
AcDbLine
 10
15875.65833206463
 20
31235.00000000001
 30
0.0
 11
15800.65833206463
 21
31310.00000000001
 31
0.0
1001
REVIT
1002
{
1070
     1
1000
2600644
1002
}
1002
{
1070
     5
1000
2510899
1002
}
1002
{
1070
     2
1000
-2000260
1002
}
  0
LINE
  5
9AF
330
9B6
100
AcDbEntity
  8
A-ANNO-DIMS-100
100
AcDbLine
 10
15875.65833206463
 20
31235.00000000001
 30
0.0
 11
15950.65833206463
 21
31160.00000000001
 31
0.0
1001
REVIT
1002
{
1070
     1
1000
2600644
1002
}
1002
{
1070
     5
1000
2510899
1002
}
1002
{
1070
     2
1000
-2000260
1002
}
  0
LINE
  5
9B0
330
9B6
100
AcDbEntity
  8
A-ANNO-DIMS-100
100
AcDbLine
 10
15875.65833206463
 20
31235.00000000001
 30
0.0
 11
15975.65833206463
 21
31235.00000000001
 31
0.0
1001
REVIT
1002
{
1070
     1
1000
2600644
1002
}
1002
{
1070
     5
1000
2510899
1002
}
1002
{
1070
     2
1000
-2000260
1002
}
  0
LINE
  5
9B1
330
9B6
100
AcDbEntity
  8
A-ANNO-DIMS-100
100
AcDbLine
 10
15875.65833206463
 20
31235.00000000001
 30
0.0
 11
15575.65833206463
 21
31235.00000000001
 31
0.0
1001
REVIT
1002
{
1070
     1
1000
2600644
1002
}
1002
{
1070
     5
1000
2510899
1002
}
1002
{
1070
     2
1000
-2000260
1002
}
  0
MTEXT
  5
9B2
330
9B6
100
AcDbEntity
  8
A-ANNO-DIMS-100
 62
     0
100
AcDbMText
 10
15667.7559505644
 20
29821.80999769904
 30
0.0
 40
150.0
 41
583.6560055223194
 46
0.0
 71
     1
 72
     1
  1
2340
  7
Calibri
 11
0.0
 21
1.0
 31
0.0
 73
     2
 44
1.158047630004602
1001
REVIT
1002
{
1070
     1
1000
2600644
1002
}
1002
{
1070
     5
1000
2510899
1002
}
1002
{
1070
     2
1000
-2000260
1002
}
  0
ENDBLK
  5
9B4
330
9B6
100
AcDbEntity
  8
0
100
AcDbBlockEnd
  0
BLOCK
  5
9CD
330
9D0
100
AcDbEntity
  8
0
100
AcDbBlockBegin
  2
DIMBLOCK7-SECTION C-C
 70
     0
 10
0.0
 20
0.0
 30
0.0
  3
DIMBLOCK7-SECTION C-C
  1

  0
LINE
  5
9C3
330
9D0
100
AcDbEntity
  8
A-ANNO-DIMS-100
100
AcDbLine
 10
15036.60271817178
 20
35445.0
 30
0.0
 11
15036.60271817178
 21
37985.00000000001
 31
0.0
1001
REVIT
1002
{
1070
     1
1000
2600652
1002
}
1002
{
1070
     5
1000
2510899
1002
}
1002
{
1070
     2
1000
-2000260
1002
}
  0
LINE
  5
9C4
330
9D0
100
AcDbEntity
  8
A-ANNO-DIMS-100
100
AcDbLine
 10
15036.60271817178
 20
37885.00000000001
 30
0.0
 11
15111.60271817178
 21
37810.00000000001
 31
0.0
1001
REVIT
1002
{
1070
     1
1000
2600652
1002
}
1002
{
1070
     5
1000
2510899
1002
}
1002
{
1070
     2
1000
-2000260
1002
}
  0
LINE
  5
9C5
330
9D0
100
AcDbEntity
  8
A-ANNO-DIMS-100
100
AcDbLine
 10
15036.60271817178
 20
37885.00000000001
 30
0.0
 11
14961.60271817178
 21
37960.00000000001
 31
0.0
1001
REVIT
1002
{
1070
     1
1000
2600652
1002
}
1002
{
1070
     5
1000
2510899
1002
}
1002
{
1070
     2
1000
-2000260
1002
}
  0
LINE
  5
9C6
330
9D0
100
AcDbEntity
  8
A-ANNO-DIMS-100
100
AcDbLine
 10
15036.60271817178
 20
37885.00000000001
 30
0.0
 11
15136.60271817178
 21
37885.00000000001
 31
0.0
1001
REVIT
1002
{
1070
     1
1000
2600652
1002
}
1002
{
1070
     5
1000
2510899
1002
}
1002
{
1070
     2
1000
-2000260
1002
}
  0
LINE
  5
9C7
330
9D0
100
AcDbEntity
  8
A-ANNO-DIMS-100
100
AcDbLine
 10
15036.60271817178
 20
37885.00000000001
 30
0.0
 11
14736.60271817178
 21
37885.00000000001
 31
0.0
1001
REVIT
1002
{
1070
     1
1000
2600652
1002
}
1002
{
1070
     5
1000
2510899
1002
}
1002
{
1070
     2
1000
-2000260
1002
}
  0
LINE
  5
9C8
330
9D0
100
AcDbEntity
  8
A-ANNO-DIMS-100
100
AcDbLine
 10
15036.60271817178
 20
35545.0
 30
0.0
 11
15111.60271817178
 21
35470.0
 31
0.0
1001
REVIT
1002
{
1070
     1
1000
2600652
1002
}
1002
{
1070
     5
1000
2510899
1002
}
1002
{
1070
     2
1000
-2000260
1002
}
  0
LINE
  5
9C9
330
9D0
100
AcDbEntity
  8
A-ANNO-DIMS-100
100
AcDbLine
 10
15036.60271817178
 20
35545.0
 30
0.0
 11
14961.60271817178
 21
35620.0
 31
0.0
1001
REVIT
1002
{
1070
     1
1000
2600652
1002
}
1002
{
1070
     5
1000
2510899
1002
}
1002
{
1070
     2
1000
-2000260
1002
}
  0
LINE
  5
9CA
330
9D0
100
AcDbEntity
  8
A-ANNO-DIMS-100
100
AcDbLine
 10
15036.60271817178
 20
35545.0
 30
0.0
 11
15136.60271817178
 21
35545.0
 31
0.0
1001
REVIT
1002
{
1070
     1
1000
2600652
1002
}
1002
{
1070
     5
1000
2510899
1002
}
1002
{
1070
     2
1000
-2000260
1002
}
  0
LINE
  5
9CB
330
9D0
100
AcDbEntity
  8
A-ANNO-DIMS-100
100
AcDbLine
 10
15036.60271817178
 20
35545.0
 30
0.0
 11
14736.60271817178
 21
35545.0
 31
0.0
1001
REVIT
1002
{
1070
     1
1000
2600652
1002
}
1002
{
1070
     5
1000
2510899
1002
}
1002
{
1070
     2
1000
-2000260
1002
}
  0
MTEXT
  5
9CC
330
9D0
100
AcDbEntity
  8
A-ANNO-DIMS-100
 62
     0
100
AcDbMText
 10
14828.70033667155
 20
36471.80999769904
 30
0.0
 40
150.0
 41
583.6560055223194
 46
0.0
 71
     1
 72
     1
  1
2340
  7
Calibri
 11
0.0
 21
1.0
 31
0.0
 73
     2
 44
1.158047630004602
1001
REVIT
1002
{
1070
     1
1000
2600652
1002
}
1002
{
1070
     5
1000
2510899
1002
}
1002
{
1070
     2
1000
-2000260
1002
}
  0
ENDBLK
  5
9CE
330
9D0
100
AcDbEntity
  8
0
100
AcDbBlockEnd
  0
ENDSEC
  0
SECTION
  2
ENTITIES
  0
HATCH
  5
D2
330
70
100
AcDbEntity
  8
A-WALL-PATT
370
     9
100
AcDbHatch
 10
0.0
 20
0.0
 30
0.0
210
0.0
220
0.0
230
1.0
  2
SOLID
 70
     1
 71
     0
 91
        1
 92
        1
 93
        8
 72
     1
 10
19629.46338386735
 20
32340.00000000002
 11
19629.46338386735
 21
34679.99999999807
 72
     1
 10
19629.46338386735
 20
34679.99999999807
 11
19679.46338386735
 21
34679.99999999807
 72
     1
 10
19679.46338386735
 20
34679.99999999807
 11
19679.46338386735
 21
32340.00000000002
 72
     1
 10
19679.46338386735
 20
32340.00000000002
 11
19699.46338386734
 21
32340.00000000002
 72
     1
 10
19699.46338386734
 20
32340.00000000002
 11
19699.46338386734
 21
35090.00000000002
 72
     1
 10
19699.46338386734
 20
35090.00000000002
 11
19609.46338386735
 21
35090.00000000002
 72
     1
 10
19609.46338386735
 20
35090.00000000002
 11
19609.46338386735
 21
32340.00000000002
 72
     1
 10
19609.46338386735
 20
32340.00000000002
 11
19629.46338386735
 21
32340.00000000002
 97
        0
 75
     0
 76
     1
 98
        1
 10
0.0
 20
0.0
1001
REVIT
1002
{
1070
     1
1000
1423261
1002
}
1002
{
1070
     5
1000
2338323
1002
}
1002
{
1070
     2
1000
-2000011
1002
}
1002
{
1070
     3
1000
-2000588
1002
}
  0
HATCH
  5
DB
330
70
100
AcDbEntity
  8
A-WALL-PATT
370
     9
100
AcDbHatch
 10
0.0
 20
0.0
 30
0.0
210
0.0
220
0.0
230
1.0
  2
SOLID
 70
     1
 71
     0
 91
        1
 92
        1
 93
        8
 72
     1
 10
23179.46338393946
 20
32340.00000000002
 11
23179.46338393946
 21
35090.00000000002
 72
     1
 10
23179.46338393946
 20
35090.00000000002
 11
23089.46338393947
 21
35090.00000000002
 72
     1
 10
23089.46338393947
 20
35090.00000000002
 11
23089.46338393947
 21
32340.00000000002
 72
     1
 10
23089.46338393947
 20
32340.00000000002
 11
23109.46338393946
 21
32340.00000000002
 72
     1
 10
23109.46338393946
 20
32340.00000000002
 11
23109.46338393947
 21
34679.99999999807
 72
     1
 10
23109.46338393947
 20
34679.99999999807
 11
23159.46338393947
 21
34679.99999999807
 72
     1
 10
23159.46338393947
 20
34679.99999999807
 11
23159.46338393947
 21
32340.00000000002
 72
     1
 10
23159.46338393947
 20
32340.00000000002
 11
23179.46338393946
 21
32340.00000000002
 97
        0
 75
     0
 76
     1
 98
        1
 10
0.0
 20
0.0
1001
REVIT
1002
{
1070
     1
1000
1698327
1002
}
1002
{
1070
     5
1000
2338323
1002
}
1002
{
1070
     2
1000
-2000011
1002
}
1002
{
1070
     3
1000
-2000588
1002
}
  0
HATCH
  5
FC
330
70
100
AcDbEntity
  8
A-DETL-GENF
 62
   254
100
AcDbHatch
 10
0.0
 20
0.0
 30
0.0
210
0.0
220
0.0
230
1.0
  2
SOLID
 70
     1
 71
     0
 91
        1
 92
        1
 93
        8
 72
     1
 10
17888.45934247756
 20
35390.00000000002
 11
18249.46338386144
 21
35390.00000000002
 72
     1
 10
18249.46338386144
 20
35390.00000000002
 11
18249.46338386144
 21
35417.99999999904
 72
     1
 10
18249.46338386144
 20
35417.99999999904
 11
18169.46338393656
 21
35417.99999999904
 72
     1
 10
18169.46338393656
 20
35417.99999999904
 11
18169.46338393656
 21
35436.10153324117
 72
     1
 10
18169.46338393656
 20
35436.10153324117
 11
17699.46338393946
 21
35442.1244962055
 72
     1
 10
17699.46338393946
 20
35442.1244962055
 11
17699.61440555434
 21
35390.00000000002
 72
     1
 10
17699.61440555434
 20
35390.00000000002
 11
17794.03687401595
 21
35390.00000000002
 72
     1
 10
17794.03687401595
 20
35390.00000000002
 11
17888.45934247756
 21
35390.00000000002
 97
        0
 75
     0
 76
     1
 98
        1
 10
0.0
 20
0.0
1001
REVIT
1002
{
1070
     1
1000
2183688
1002
}
1002
{
1070
     5
1000
2163039
1002
}
1002
{
1070
     2
1000
-2002000
1002
}
  0
HATCH
  5
102
330
70
100
AcDbEntity
  8
A-DETL-GENF
 62
   254
100
AcDbHatch
 10
0.0
 20
0.0
 30
0.0
210
0.0
220
0.0
230
1.0
  2
SOLID
 70
     1
 71
     0
 91
        1
 92
        1
 93
        5
 72
     1
 10
20369.46338386707
 20
35390.00000000002
 11
20369.46338386707
 21
35408.10153324215
 72
     1
 10
20369.46338386707
 20
35408.10153324215
 11
18249.46338386144
 21
35435.58301472363
 72
     1
 10
18249.46338386144
 20
35435.58301472363
 11
18249.46338386144
 21
35390.00000000002
 72
     1
 10
18249.46338386144
 20
35390.00000000002
 11
20343.4435224794
 21
35390.00000000002
 72
     1
 10
20343.4435224794
 20
35390.00000000002
 11
20369.46338386707
 21
35390.00000000002
 97
        0
 75
     0
 76
     1
 98
        1
 10
0.0
 20
0.0
1001
REVIT
1002
{
1070
     1
1000
2184338
1002
}
1002
{
1070
     5
1000
2163039
1002
}
1002
{
1070
     2
1000
-2002000
1002
}
  0
HATCH
  5
108
330
70
100
AcDbEntity
  8
A-DETL-GENF
 62
     7
100
AcDbHatch
 10
0.0
 20
0.0
 30
0.0
210
0.0
220
0.0
230
1.0
  2
SOLID
 70
     1
 71
     0
 91
        1
 92
        1
 93
        5
 72
     1
 10
15989.46338393945
 20
35540.00000000002
 11
15989.46338393945
 21
35560.00000000002
 72
     1
 10
15989.46338393945
 20
35560.00000000002
 11
13449.46338338875
 21
35560.00000000002
 72
     1
 10
13449.46338338875
 20
35560.00000000002
 11
13449.46338338875
 21
35540.00000000002
 72
     1
 10
13449.46338338875
 20
35540.00000000002
 11
15811.16503632214
 21
35540.00000000002
 72
     1
 10
15811.16503632214
 20
35540.00000000002
 11
15989.46338393945
 21
35540.00000000002
 97
        0
 75
     0
 76
     1
 98
        1
 10
0.0
 20
0.0
1001
REVIT
1002
{
1070
     1
1000
2185253
1002
}
1002
{
1070
     5
1000
2160638
1002
}
1002
{
1070
     2
1000
-2002000
1002
}
  0
HATCH
  5
11B
330
70
100
AcDbEntity
  8
A-DETL-GENF
 62
     7
100
AcDbHatch
 10
0.0
 20
0.0
 30
0.0
210
0.0
220
0.0
230
1.0
  2
SOLID
 70
     1
 71
     0
 91
        4
 92
        1
 93
        5
 72
     1
 10
20369.46338386707
 20
35408.10153324215
 11
20369.46338386707
 21
35420.10254143024
 72
     1
 10
20369.46338386707
 20
35420.10254143024
 11
18249.46338386144
 21
35447.58402291173
 72
     1
 10
18249.46338386144
 20
35447.58402291173
 11
18249.46338386144
 21
35435.58301472363
 72
     1
 10
18249.46338386144
 20
35435.58301472363
 11
20343.4435224794
 21
35408.43882774162
 72
     1
 10
20343.4435224794
 20
35408.43882774162
 11
20369.46338386707
 21
35408.10153324215
 97
        0
 92
        1
 93
        4
 72
     1
 10
20377.46338386739
 20
35408.10153324215
 11
20441.46338386739
 21
35408.10153324215
 72
     1
 10
20441.46338386739
 20
35408.10153324215
 11
20441.46338386739
 21
35420.10153324215
 72
     1
 10
20441.46338386739
 20
35420.10153324215
 11
20377.46338386739
 21
35420.10153324215
 72
     1
 10
20377.46338386739
 20
35420.10153324215
 11
20377.46338386739
 21
35408.10153324215
 97
        0
 92
        1
 93
        5
 72
     1
 10
18169.46338386144
 20
35435.58894064942
 11
18169.46338386144
 21
35447.58992592585
 72
     1
 10
18169.46338386144
 20
35447.58992592585
 11
17699.46338393946
 21
35453.61288888922
 72
     1
 10
17699.46338393946
 20
35453.61288888922
 11
17699.61440555434
 21
35441.60996829876
 72
     1
 10
17699.61440555434
 20
35441.60996829876
 11
18077.30427940078
 21
35436.76994250686
 72
     1
 10
18077.30427940078
 20
35436.76994250686
 11
18169.46338386144
 21
35435.58894064942
 97
        0
 92
        1
 93
        4
 72
     1
 10
18177.46338393654
 20
35435.78903324214
 11
18241.46338393654
 21
35435.78903324214
 72
     1
 10
18241.46338393654
 20
35435.78903324214
 11
18241.46338393654
 21
35447.68749999905
 72
     1
 10
18241.46338393654
 20
35447.68749999905
 11
18177.46338393654
 21
35447.68749999905
 72
     1
 10
18177.46338393654
 20
35447.68749999905
 11
18177.46338393654
 21
35435.78903324214
 97
        0
 75
     0
 76
     1
 98
        1
 10
0.0
 20
0.0
1001
REVIT
1002
{
1070
     1
1000
2185722
1002
}
1002
{
1070
     5
1000
2160638
1002
}
1002
{
1070
     2
1000
-2002000
1002
}
  0
HATCH
  5
120
330
70
100
AcDbEntity
  8
A-DETL-GENF
 62
     8
100
AcDbHatch
 10
0.0
 20
0.0
 30
0.0
210
0.0
220
0.0
230
1.0
  2
SOLID
 70
     1
 71
     0
 91
        1
 92
        1
 93
        4
 72
     1
 10
17720.09150487256
 20
35179.24667074676
 11
17830.09150487257
 21
35179.24667074676
 72
     1
 10
17830.09150487257
 20
35179.24667074676
 11
17830.09150487257
 21
35209.24667074676
 72
     1
 10
17830.09150487257
 20
35209.24667074676
 11
17720.09150487256
 21
35209.24667074676
 72
     1
 10
17720.09150487256
 20
35209.24667074676
 11
17720.09150487256
 21
35179.24667074676
 97
        0
 75
     0
 76
     1
 98
        1
 10
0.0
 20
0.0
1001
REVIT
1002
{
1070
     1
1000
2293930
1002
}
1002
{
1070
     5
1000
1417103
1002
}
1002
{
1070
     2
1000
-2002000
1002
}
  0
HATCH
  5
125
330
70
100
AcDbEntity
  8
A-DETL-GENF
 62
     8
100
AcDbHatch
 10
0.0
 20
0.0
 30
0.0
210
0.0
220
0.0
230
1.0
  2
SOLID
 70
     1
 71
     0
 91
        1
 92
        1
 93
        4
 72
     1
 10
13659.46338285362
 20
35310.00000000003
 11
13769.46338285362
 21
35310.00000000003
 72
     1
 10
13769.46338285362
 20
35310.00000000003
 11
13769.46338285362
 21
35340.00000000004
 72
     1
 10
13769.46338285362
 20
35340.00000000004
 11
13659.46338285362
 21
35340.00000000004
 72
     1
 10
13659.46338285362
 20
35340.00000000004
 11
13659.46338285362
 21
35310.00000000003
 97
        0
 75
     0
 76
     1
 98
        1
 10
0.0
 20
0.0
1001
REVIT
1002
{
1070
     1
1000
2296956
1002
}
1002
{
1070
     5
1000
1417103
1002
}
1002
{
1070
     2
1000
-2002000
1002
}
  0
HATCH
  5
12A
330
70
100
AcDbEntity
  8
A-DETL-GENF
 62
     8
100
AcDbHatch
 10
0.0
 20
0.0
 30
0.0
210
0.0
220
0.0
230
1.0
  2
SOLID
 70
     1
 71
     0
 91
        1
 92
        1
 93
        4
 72
     1
 10
16049.46338384978
 20
32080.00000000001
 11
16159.4633838498
 21
32080.00000000001
 72
     1
 10
16159.4633838498
 20
32080.00000000001
 11
16159.4633838498
 21
32110.00000000001
 72
     1
 10
16159.4633838498
 20
32110.00000000001
 11
16049.46338384978
 21
32110.00000000001
 72
     1
 10
16049.46338384978
 20
32110.00000000001
 11
16049.46338384978
 21
32080.00000000001
 97
        0
 75
     0
 76
     1
 98
        1
 10
0.0
 20
0.0
1001
REVIT
1002
{
1070
     1
1000
2296994
1002
}
1002
{
1070
     5
1000
1417103
1002
}
1002
{
1070
     2
1000
-2002000
1002
}
  0
HATCH
  5
12F
330
70
100
AcDbEntity
  8
A-DETL-GENF
 62
     8
100
AcDbHatch
 10
0.0
 20
0.0
 30
0.0
210
0.0
220
0.0
230
1.0
  2
SOLID
 70
     1
 71
     0
 91
        1
 92
        1
 93
        4
 72
     1
 10
18159.46338384979
 20
32080.0
 11
18269.4633838498
 21
32080.0
 72
     1
 10
18269.4633838498
 20
32080.0
 11
18269.4633838498
 21
32110.00000000001
 72
     1
 10
18269.4633838498
 20
32110.00000000001
 11
18159.46338384979
 21
32110.00000000001
 72
     1
 10
18159.46338384979
 20
32110.00000000001
 11
18159.46338384979
 21
32080.0
 97
        0
 75
     0
 76
     1
 98
        1
 10
0.0
 20
0.0
1001
REVIT
1002
{
1070
     1
1000
2297013
1002
}
1002
{
1070
     5
1000
1417103
1002
}
1002
{
1070
     2
1000
-2002000
1002
}
  0
HATCH
  5
134
330
70
100
AcDbEntity
  8
A-DETL-GENF
 62
     8
100
AcDbHatch
 10
0.0
 20
0.0
 30
0.0
210
0.0
220
0.0
230
1.0
  2
SOLID
 70
     1
 71
     0
 91
        1
 92
        1
 93
        4
 72
     1
 10
14229.46338386735
 20
32080.00000000002
 11
14339.46338386736
 21
32080.00000000002
 72
     1
 10
14339.46338386736
 20
32080.00000000002
 11
14339.46338386736
 21
32110.00000000002
 72
     1
 10
14339.46338386736
 20
32110.00000000002
 11
14229.46338386735
 21
32110.00000000002
 72
     1
 10
14229.46338386735
 20
32110.00000000002
 11
14229.46338386735
 21
32080.00000000002
 97
        0
 75
     0
 76
     1
 98
        1
 10
0.0
 20
0.0
1001
REVIT
1002
{
1070
     1
1000
2297036
1002
}
1002
{
1070
     5
1000
1417103
1002
}
1002
{
1070
     2
1000
-2002000
1002
}
  0
HATCH
  5
139
330
70
100
AcDbEntity
  8
A-DETL-GENF
 62
     8
100
AcDbHatch
 10
0.0
 20
0.0
 30
0.0
210
0.0
220
0.0
230
1.0
  2
SOLID
 70
     1
 71
     0
 91
        1
 92
        1
 93
        4
 72
     1
 10
12269.4633838849
 20
32050.00000000001
 11
12379.46338388491
 21
32050.00000000001
 72
     1
 10
12379.46338388491
 20
32050.00000000001
 11
12379.46338388491
 21
32080.00000000001
 72
     1
 10
12379.46338388491
 20
32080.00000000001
 11
12269.4633838849
 21
32080.00000000001
 72
     1
 10
12269.4633838849
 20
32080.00000000001
 11
12269.4633838849
 21
32050.00000000001
 97
        0
 75
     0
 76
     1
 98
        1
 10
0.0
 20
0.0
1001
REVIT
1002
{
1070
     1
1000
2297055
1002
}
1002
{
1070
     5
1000
1417103
1002
}
1002
{
1070
     2
1000
-2002000
1002
}
  0
HATCH
  5
13E
330
70
100
AcDbEntity
  8
A-DETL-GENF
 62
     8
100
AcDbHatch
 10
0.0
 20
0.0
 30
0.0
210
0.0
220
0.0
230
1.0
  2
SOLID
 70
     1
 71
     0
 91
        1
 92
        1
 93
        4
 72
     1
 10
19609.46338386735
 20
35180.00000000002
 11
19719.46338386736
 21
35180.00000000002
 72
     1
 10
19719.46338386736
 20
35180.00000000002
 11
19719.46338386736
 21
35210.00000000002
 72
     1
 10
19719.46338386736
 20
35210.00000000002
 11
19609.46338386735
 21
35210.00000000002
 72
     1
 10
19609.46338386735
 20
35210.00000000002
 11
19609.46338386735
 21
35180.00000000002
 97
        0
 75
     0
 76
     1
 98
        1
 10
0.0
 20
0.0
1001
REVIT
1002
{
1070
     1
1000
2297120
1002
}
1002
{
1070
     5
1000
1417103
1002
}
1002
{
1070
     2
1000
-2002000
1002
}
  0
HATCH
  5
144
330
70
100
AcDbEntity
  8
A-DETL-GENF
 62
    31
100
AcDbHatch
 10
0.0
 20
0.0
 30
0.0
210
0.0
220
0.0
230
1.0
  2
SOLID
 70
     1
 71
     0
 91
        1
 92
        1
 93
        5
 72
     1
 10
8539.46338285362
 20
28090.00000000001
 11
8989.46338285362
 21
28090.00000000001
 72
     1
 10
8989.46338285362
 20
28090.00000000001
 11
8989.46338285364
 21
31890.00000000002
 72
     1
 10
8989.46338285364
 20
31890.00000000002
 11
8539.46338285364
 21
31890.00000000002
 72
     1
 10
8539.46338285364
 20
31890.00000000002
 11
8539.46338285362
 21
28326.07376550263
 72
     1
 10
8539.46338285362
 20
28326.07376550263
 11
8539.46338285362
 21
28090.00000000001
 97
        0
 75
     0
 76
     1
 98
        1
 10
0.0
 20
0.0
1001
REVIT
1002
{
1070
     1
1000
2312583
1002
}
1002
{
1070
     5
1000
2388960
1002
}
1002
{
1070
     2
1000
-2002000
1002
}
  0
HATCH
  5
14E
330
70
100
AcDbEntity
  8
A-WALL-PATT
370
     9
100
AcDbHatch
 10
0.0
 20
0.0
 30
0.0
210
0.0
220
0.0
230
1.0
  2
FP_1
 70
     0
 71
     0
 91
        2
 92
        1
 93
        5
 72
     1
 10
9768.12705477913
 20
32340.00000000002
 11
9859.463382853624
 21
32340.00000000002
 72
     1
 10
9859.463382853624
 20
32340.00000000002
 11
9859.463382853624
 21
32940.00000000002
 72
     1
 10
9859.463382853624
 20
32940.00000000002
 11
9749.463382853619
 21
32940.00000000002
 72
     1
 10
9749.463382853619
 20
32940.00000000002
 11
9749.463382853619
 21
32340.00000000002
 72
     1
 10
9749.463382853619
 20
32340.00000000002
 11
9768.12705477913
 21
32340.00000000002
 97
        0
 92
        1
 93
        4
 72
     1
 10
9749.463382853619
 20
34740.00000000002
 11
9859.463382853624
 21
34740.00000000002
 72
     1
 10
9859.463382853624
 20
34740.00000000002
 11
9859.463382853624
 21
35090.00000000002
 72
     1
 10
9859.463382853624
 20
35090.00000000002
 11
9749.463382853619
 21
35090.00000000002
 72
     1
 10
9749.463382853619
 20
35090.00000000002
 11
9749.463382853619
 21
34740.00000000002
 97
        0
 75
     0
 76
     2
 52
0.0
 41
1.0
 77
     0
 78
     2
 53
45.0
 43
17970.973
 44
19353.85
 45
-251.4471713899363
 46
251.4471713899363
 79
     0
 53
45.0
 43
17970.973
 44
19734.85
 45
-251.4471713899363
 46
251.4471713899363
 79
     0
 98
        1
 10
0.0
 20
0.0
1001
REVIT
1002
{
1070
     1
1000
1421391
1002
}
1002
{
1070
     5
1000
1220569
1002
}
1002
{
1070
     4
1000
24
1002
}
1002
{
1070
     2
1000
-2000011
1002
}
1002
{
1070
     3
1000
-2000588
1002
}
  0
HATCH
  5
158
330
70
100
AcDbEntity
  8
A-WALL-PATT
370
     9
100
AcDbHatch
 10
0.0
 20
0.0
 30
0.0
210
0.0
220
0.0
230
1.0
  2
FP_1
 70
     0
 71
     0
 91
        2
 92
        1
 93
        5
 72
     1
 10
9683.818938409177
 20
32168.00000000002
 11
9699.46338285362
 21
32168.00000000002
 72
     1
 10
9699.46338285362
 20
32168.00000000002
 11
9699.46338285362
 21
32940.00000000002
 72
     1
 10
9699.46338285362
 20
32940.00000000002
 11
9589.46338285362
 21
32940.00000000002
 72
     1
 10
9589.46338285362
 20
32940.00000000002
 11
9589.46338285362
 21
32168.00000000002
 72
     1
 10
9589.46338285362
 20
32168.00000000002
 11
9683.818938409177
 21
32168.00000000002
 97
        0
 92
        1
 93
        4
 72
     1
 10
9699.46338285362
 20
34740.00000000002
 11
9699.46338285362
 21
35090.00000000002
 72
     1
 10
9699.46338285362
 20
35090.00000000002
 11
9589.46338285362
 21
35090.00000000002
 72
     1
 10
9589.46338285362
 20
35090.00000000002
 11
9589.46338285362
 21
34740.00000000002
 72
     1
 10
9589.46338285362
 20
34740.00000000002
 11
9699.46338285362
 21
34740.00000000002
 97
        0
 75
     0
 76
     2
 52
0.0
 41
1.0
 77
     0
 78
     2
 53
45.0
 43
17970.973
 44
19353.85
 45
-251.4471713899363
 46
251.4471713899363
 79
     0
 53
45.0
 43
17970.973
 44
19734.85
 45
-251.4471713899363
 46
251.4471713899363
 79
     0
 98
        1
 10
0.0
 20
0.0
1001
REVIT
1002
{
1070
     1
1000
1421391
1002
}
1002
{
1070
     5
1000
1220569
1002
}
1002
{
1070
     2
1000
-2000011
1002
}
1002
{
1070
     3
1000
-2000588
1002
}
  0
LINE
  5
159
330
70
100
AcDbEntity
  8
A-WALL
370
    25
100
AcDbLine
 10
9859.463382853632
 20
32340.00000000001
 30
0.0
 11
9859.463382853632
 21
32940.0
 31
0.0
1001
REVIT
1002
{
1070
     1
1000
1421391
1002
}
1002
{
1070
     5
1000
1220569
1002
}
1002
{
1070
     2
1000
-2000011
1002
}
  0
LINE
  5
15A
330
70
100
AcDbEntity
  8
A-WALL
370
    25
100
AcDbLine
 10
9859.463382853632
 20
32940.0
 30
0.0
 11
9589.46338285363
 21
32940.0
 31
0.0
1001
REVIT
1002
{
1070
     1
1000
1421391
1002
}
1002
{
1070
     5
1000
1220569
1002
}
1002
{
1070
     2
1000
-2000011
1002
}
  0
LINE
  5
15B
330
70
100
AcDbEntity
  8
A-WALL
370
    25
100
AcDbLine
 10
9589.46338285363
 20
32940.0
 30
0.0
 11
9589.46338285363
 21
32168.00000000001
 31
0.0
1001
REVIT
1002
{
1070
     1
1000
1421391
1002
}
1002
{
1070
     5
1000
1220569
1002
}
1002
{
1070
     2
1000
-2000011
1002
}
  0
LINE
  5
15C
330
70
100
AcDbEntity
  8
A-WALL
370
    25
100
AcDbLine
 10
9859.463382853632
 20
34740.0
 30
0.0
 11
9859.463382853632
 21
35090.0
 31
0.0
1001
REVIT
1002
{
1070
     1
1000
1421391
1002
}
1002
{
1070
     5
1000
1220569
1002
}
1002
{
1070
     2
1000
-2000011
1002
}
  0
LINE
  5
15D
330
70
100
AcDbEntity
  8
A-WALL
370
    25
100
AcDbLine
 10
9859.463382853632
 20
35090.0
 30
0.0
 11
9589.46338285363
 21
35090.0
 31
0.0
1001
REVIT
1002
{
1070
     1
1000
1421391
1002
}
1002
{
1070
     5
1000
1220569
1002
}
1002
{
1070
     2
1000
-2000011
1002
}
  0
LINE
  5
15E
330
70
100
AcDbEntity
  8
A-WALL
370
    25
100
AcDbLine
 10
9589.46338285363
 20
35090.0
 30
0.0
 11
9589.46338285363
 21
34740.0
 31
0.0
1001
REVIT
1002
{
1070
     1
1000
1421391
1002
}
1002
{
1070
     5
1000
1220569
1002
}
1002
{
1070
     2
1000
-2000011
1002
}
  0
LINE
  5
15F
330
70
100
AcDbEntity
  8
A-WALL
370
    25
100
AcDbLine
 10
9589.46338285363
 20
34740.0
 30
0.0
 11
9859.463382853632
 21
34740.0
 31
0.0
1001
REVIT
1002
{
1070
     1
1000
1421391
1002
}
1002
{
1070
     5
1000
1220569
1002
}
1002
{
1070
     2
1000
-2000011
1002
}
  0
LINE
  5
160
330
70
100
AcDbEntity
  8
A-WALL
100
AcDbLine
 10
9749.46338285363
 20
34740.0
 30
0.0
 11
9749.46338285363
 21
35090.0
 31
0.0
1001
REVIT
1002
{
1070
     1
1000
1421391
1002
}
1002
{
1070
     5
1000
1220569
1002
}
1002
{
1070
     2
1000
-2000011
1002
}
1002
{
1070
     3
1000
-2000586
1002
}
  0
LINE
  5
161
330
70
100
AcDbEntity
  8
A-WALL
100
AcDbLine
 10
9749.46338285363
 20
32340.00000000001
 30
0.0
 11
9749.46338285363
 21
32940.0
 31
0.0
1001
REVIT
1002
{
1070
     1
1000
1421391
1002
}
1002
{
1070
     5
1000
1220569
1002
}
1002
{
1070
     2
1000
-2000011
1002
}
1002
{
1070
     3
1000
-2000586
1002
}
  0
LINE
  5
162
330
70
100
AcDbEntity
  8
A-WALL
100
AcDbLine
 10
9699.46338285363
 20
34740.0
 30
0.0
 11
9699.46338285363
 21
35090.0
 31
0.0
1001
REVIT
1002
{
1070
     1
1000
1421391
1002
}
1002
{
1070
     5
1000
1220569
1002
}
1002
{
1070
     2
1000
-2000011
1002
}
1002
{
1070
     3
1000
-2000586
1002
}
  0
LINE
  5
163
330
70
100
AcDbEntity
  8
A-WALL
100
AcDbLine
 10
9699.46338285363
 20
32168.00000000001
 30
0.0
 11
9699.46338285363
 21
32940.0
 31
0.0
1001
REVIT
1002
{
1070
     1
1000
1421391
1002
}
1002
{
1070
     5
1000
1220569
1002
}
1002
{
1070
     2
1000
-2000011
1002
}
1002
{
1070
     3
1000
-2000586
1002
}
  0
LINE
  5
164
330
70
100
AcDbEntity
  8
A-WALL
100
AcDbLine
 10
9589.463382853632
 20
32940.0
 30
0.0
 11
9589.463382853632
 21
34740.0
 31
0.0
1001
REVIT
1002
{
1070
     1
1000
1421391
1002
}
1002
{
1070
     5
1000
1220569
1002
}
1002
{
1070
     2
1000
-2000011
1002
}
  0
LINE
  5
166
330
70
100
AcDbEntity
  8
A-WALL
100
AcDbLine
 10
9009.463382853639
 20
35890.0
 30
0.0
 11
7279.463382628456
 21
35890.0
 31
0.0
1001
REVIT
1002
{
1070
     1
1000
1421444
1002
}
1002
{
1070
     5
1000
1220569
1002
}
1002
{
1070
     2
1000
-2000011
1002
}
  0
LINE
  5
167
330
70
100
AcDbEntity
  8
A-WALL
100
AcDbLine
 10
7509.463382628455
 20
32040.0
 30
0.0
 11
7989.463382628453
 21
32040.0
 31
0.0
1001
REVIT
1002
{
1070
     1
1000
1421444
1002
}
1002
{
1070
     5
1000
1220569
1002
}
1002
{
1070
     2
1000
-2000011
1002
}
  0
LINE
  5
168
330
70
100
AcDbEntity
  8
A-WALL
100
AcDbLine
 10
7279.463382628456
 20
32254.0
 30
0.0
 11
7279.463382628456
 21
35890.0
 31
0.0
1001
REVIT
1002
{
1070
     1
1000
1422116
1002
}
1002
{
1070
     5
1000
1364090
1002
}
1002
{
1070
     2
1000
-2000011
1002
}
  0
LINE
  5
16B
330
70
100
AcDbEntity
  8
A-WALL
100
AcDbLine
 10
15939.46338393946
 20
35890.0
 30
0.0
 11
15579.86338267607
 21
35890.0
 31
0.0
1001
REVIT
1002
{
1070
     1
1000
1422608
1002
}
1002
{
1070
     5
1000
1220569
1002
}
1002
{
1070
     2
1000
-2000011
1002
}
  0
LINE
  5
16C
330
70
100
AcDbEntity
  8
A-WALL
100
AcDbLine
 10
14709.46338267607
 20
32345.0
 30
0.0
 11
14709.46338267607
 21
32340.00000000001
 31
0.0
1001
REVIT
1002
{
1070
     1
1000
1422804
1002
}
1002
{
1070
     5
1000
1222731
1002
}
1002
{
1070
     2
1000
-2000011
1002
}
  0
LINE
  5
16D
330
70
100
AcDbEntity
  8
A-WALL
100
AcDbLine
 10
16879.46338386735
 20
32340.00000000001
 30
0.0
 11
16879.46338386735
 21
34715.0
 31
0.0
1001
REVIT
1002
{
1070
     1
1000
1422967
1002
}
1002
{
1070
     5
1000
1222731
1002
}
1002
{
1070
     2
1000
-2000011
1002
}
  0
LINE
  5
16E
330
70
100
AcDbEntity
  8
A-WALL
100
AcDbLine
 10
16879.46338386735
 20
34715.0
 30
0.0
 11
17659.46338386734
 21
34715.0
 31
0.0
1001
REVIT
1002
{
1070
     1
1000
1422967
1002
}
1002
{
1070
     5
1000
1222731
1002
}
1002
{
1070
     2
1000
-2000011
1002
}
  0
LINE
  5
16F
330
70
100
AcDbEntity
  8
A-WALL
100
AcDbLine
 10
17659.46338386734
 20
34715.0
 30
0.0
 11
17659.46338386734
 21
32340.00000000001
 31
0.0
1001
REVIT
1002
{
1070
     1
1000
1422967
1002
}
1002
{
1070
     5
1000
1222731
1002
}
1002
{
1070
     2
1000
-2000011
1002
}
  0
LINE
  5
170
330
70
100
AcDbEntity
  8
A-WALL
100
AcDbLine
 10
23089.46338393945
 20
35190.00000000001
 30
0.0
 11
23089.46338393945
 21
35310.0
 31
0.0
1001
REVIT
1002
{
1070
     1
1000
1422967
1002
}
1002
{
1070
     5
1000
1222731
1002
}
1002
{
1070
     2
1000
-2000011
1002
}
  0
LINE
  5
171
330
70
100
AcDbEntity
  8
A-WALL
100
AcDbLine
 10
23089.46338393945
 20
35310.0
 30
0.0
 11
20579.46338386737
 21
35310.0
 31
0.0
1001
REVIT
1002
{
1070
     1
1000
1422967
1002
}
1002
{
1070
     5
1000
1222731
1002
}
1002
{
1070
     2
1000
-2000011
1002
}
  0
LINE
  5
172
330
70
100
AcDbEntity
  8
A-WALL
100
AcDbLine
 10
13659.46338285362
 20
35310.0
 30
0.0
 11
13059.46338285362
 21
35310.0
 31
0.0
1001
REVIT
1002
{
1070
     1
1000
1422967
1002
}
1002
{
1070
     5
1000
1222731
1002
}
1002
{
1070
     2
1000
-2000011
1002
}
  0
LINE
  5
173
330
70
100
AcDbEntity
  8
A-WALL
100
AcDbLine
 10
11914.46338285364
 20
32340.00000000001
 30
0.0
 11
11914.46338285364
 21
34715.0
 31
0.0
1001
REVIT
1002
{
1070
     1
1000
1422967
1002
}
1002
{
1070
     5
1000
1222731
1002
}
1002
{
1070
     2
1000
-2000011
1002
}
  0
LINE
  5
174
330
70
100
AcDbEntity
  8
A-WALL
100
AcDbLine
 10
11914.46338285364
 20
34715.0
 30
0.0
 11
12844.46338285362
 21
34715.0
 31
0.0
1001
REVIT
1002
{
1070
     1
1000
1422967
1002
}
1002
{
1070
     5
1000
1222731
1002
}
1002
{
1070
     2
1000
-2000011
1002
}
  0
LINE
  5
175
330
70
100
AcDbEntity
  8
A-WALL
100
AcDbLine
 10
12844.46338285362
 20
34715.0
 30
0.0
 11
12844.46338285362
 21
32340.00000000001
 31
0.0
1001
REVIT
1002
{
1070
     1
1000
1422967
1002
}
1002
{
1070
     5
1000
1222731
1002
}
1002
{
1070
     2
1000
-2000011
1002
}
  0
LINE
  5
176
330
70
100
AcDbEntity
  8
A-WALL
100
AcDbLine
 10
14104.46338285362
 20
32340.00000000001
 30
0.0
 11
14104.46338285362
 21
34715.0
 31
0.0
1001
REVIT
1002
{
1070
     1
1000
1422967
1002
}
1002
{
1070
     5
1000
1222731
1002
}
1002
{
1070
     2
1000
-2000011
1002
}
  0
LINE
  5
177
330
70
100
AcDbEntity
  8
A-WALL
100
AcDbLine
 10
14104.46338285362
 20
34715.0
 30
0.0
 11
15034.46338285361
 21
34715.0
 31
0.0
1001
REVIT
1002
{
1070
     1
1000
1422967
1002
}
1002
{
1070
     5
1000
1222731
1002
}
1002
{
1070
     2
1000
-2000011
1002
}
  0
LINE
  5
178
330
70
100
AcDbEntity
  8
A-WALL
100
AcDbLine
 10
15034.46338285361
 20
34715.0
 30
0.0
 11
15034.46338285361
 21
32340.00000000001
 31
0.0
1001
REVIT
1002
{
1070
     1
1000
1422967
1002
}
1002
{
1070
     5
1000
1222731
1002
}
1002
{
1070
     2
1000
-2000011
1002
}
  0
LINE
  5
179
330
70
100
AcDbEntity
  8
I-WALL
370
    25
100
AcDbLine
 10
19609.46338386734
 20
35090.0
 30
0.0
 11
19609.46338386734
 21
32340.00000000001
 31
0.0
1001
REVIT
1002
{
1070
     1
1000
1423261
1002
}
1002
{
1070
     5
1000
2338323
1002
}
1002
{
1070
     2
1000
-2000011
1002
}
  0
LINE
  5
17A
330
70
100
AcDbEntity
  8
I-WALL
370
    25
100
AcDbLine
 10
19629.46338386735
 20
32340.00000000001
 30
0.0
 11
19629.46338386734
 21
34679.99999999805
 31
0.0
1001
REVIT
1002
{
1070
     1
1000
1423261
1002
}
1002
{
1070
     5
1000
2338323
1002
}
1002
{
1070
     2
1000
-2000011
1002
}
  0
LINE
  5
17B
330
70
100
AcDbEntity
  8
I-WALL
370
    25
100
AcDbLine
 10
19629.46338386734
 20
34679.99999999805
 30
0.0
 11
19679.46338386734
 21
34679.99999999805
 31
0.0
1001
REVIT
1002
{
1070
     1
1000
1423261
1002
}
1002
{
1070
     5
1000
2338323
1002
}
1002
{
1070
     2
1000
-2000011
1002
}
  0
LINE
  5
17C
330
70
100
AcDbEntity
  8
I-WALL
370
    25
100
AcDbLine
 10
19679.46338386734
 20
34679.99999999805
 30
0.0
 11
19679.46338386734
 21
32340.00000000001
 31
0.0
1001
REVIT
1002
{
1070
     1
1000
1423261
1002
}
1002
{
1070
     5
1000
2338323
1002
}
1002
{
1070
     2
1000
-2000011
1002
}
  0
LINE
  5
17D
330
70
100
AcDbEntity
  8
I-WALL
370
    25
100
AcDbLine
 10
19699.46338386734
 20
32340.00000000001
 30
0.0
 11
19699.46338386734
 21
35090.0
 31
0.0
1001
REVIT
1002
{
1070
     1
1000
1423261
1002
}
1002
{
1070
     5
1000
2338323
1002
}
1002
{
1070
     2
1000
-2000011
1002
}
  0
LINE
  5
17F
330
70
100
AcDbEntity
  8
I-WALL
100
AcDbLine
 10
19654.46338386734
 20
34679.99999999805
 30
0.0
 11
19654.46338386734
 21
32340.00000000001
 31
0.0
1001
REVIT
1002
{
1070
     1
1000
1423261
1002
}
1002
{
1070
     5
1000
2338323
1002
}
1002
{
1070
     2
1000
-2000011
1002
}
  0
HATCH
  5
184
330
70
100
AcDbEntity
  8
A-WALL-PATT
370
     9
100
AcDbHatch
 10
0.0
 20
0.0
 30
0.0
210
0.0
220
0.0
230
1.0
  2
FP_1
 70
     0
 71
     0
 91
        1
 92
        1
 93
        4
 72
     1
 10
16159.4633838498
 20
32340.00000000002
 11
16159.4633838498
 21
35340.00000000002
 72
     1
 10
16159.4633838498
 20
35340.00000000002
 11
16049.46338384979
 21
35340.00000000002
 72
     1
 10
16049.46338384979
 20
35340.00000000002
 11
16049.46338384979
 21
32340.00000000002
 72
     1
 10
16049.46338384979
 20
32340.00000000002
 11
16159.4633838498
 21
32340.00000000002
 97
        0
 75
     0
 76
     2
 52
0.0
 41
1.0
 77
     0
 78
     2
 53
45.0
 43
17970.973
 44
19353.85
 45
-251.4471713899363
 46
251.4471713899363
 79
     0
 53
45.0
 43
17970.973
 44
19734.85
 45
-251.4471713899363
 46
251.4471713899363
 79
     0
 98
        1
 10
0.0
 20
0.0
1001
REVIT
1002
{
1070
     1
1000
1423389
1002
}
1002
{
1070
     5
1000
1222731
1002
}
1002
{
1070
     4
1000
24
1002
}
1002
{
1070
     2
1000
-2000011
1002
}
1002
{
1070
     3
1000
-2000588
1002
}
  0
LINE
  5
185
330
70
100
AcDbEntity
  8
A-WALL
370
    25
100
AcDbLine
 10
16049.4633838498
 20
35090.0
 30
0.0
 11
16049.4633838498
 21
32340.00000000001
 31
0.0
1001
REVIT
1002
{
1070
     1
1000
1423389
1002
}
1002
{
1070
     5
1000
1222731
1002
}
1002
{
1070
     2
1000
-2000011
1002
}
  0
LINE
  5
186
330
70
100
AcDbEntity
  8
A-WALL
370
    25
100
AcDbLine
 10
16159.4633838498
 20
32340.00000000001
 30
0.0
 11
16159.4633838498
 21
35090.0
 31
0.0
1001
REVIT
1002
{
1070
     1
1000
1423389
1002
}
1002
{
1070
     5
1000
1222731
1002
}
1002
{
1070
     2
1000
-2000011
1002
}
  0
HATCH
  5
18B
330
70
100
AcDbEntity
  8
A-WALL-PATT
370
     9
100
AcDbHatch
 10
0.0
 20
0.0
 30
0.0
210
0.0
220
0.0
230
1.0
  2
FP_1
 70
     0
 71
     0
 91
        1
 92
        1
 93
        4
 72
     1
 10
13769.46338285362
 20
32340.00000000002
 11
13769.46338285362
 21
35310.00000000003
 72
     1
 10
13769.46338285362
 20
35310.00000000003
 11
13659.46338285362
 21
35310.00000000003
 72
     1
 10
13659.46338285362
 20
35310.00000000003
 11
13659.46338285362
 21
32340.00000000002
 72
     1
 10
13659.46338285362
 20
32340.00000000002
 11
13769.46338285362
 21
32340.00000000002
 97
        0
 75
     0
 76
     2
 52
0.0
 41
1.0
 77
     0
 78
     2
 53
45.0
 43
17970.973
 44
19353.85
 45
-251.4471713899363
 46
251.4471713899363
 79
     0
 53
45.0
 43
17970.973
 44
19734.85
 45
-251.4471713899363
 46
251.4471713899363
 79
     0
 98
        1
 10
0.0
 20
0.0
1001
REVIT
1002
{
1070
     1
1000
1423625
1002
}
1002
{
1070
     5
1000
1222731
1002
}
1002
{
1070
     4
1000
24
1002
}
1002
{
1070
     2
1000
-2000011
1002
}
1002
{
1070
     3
1000
-2000588
1002
}
  0
LINE
  5
18C
330
70
100
AcDbEntity
  8
A-WALL
370
    25
100
AcDbLine
 10
13659.46338285362
 20
35310.00000000002
 30
0.0
 11
13659.46338285362
 21
32340.00000000001
 31
0.0
1001
REVIT
1002
{
1070
     1
1000
1423625
1002
}
1002
{
1070
     5
1000
1222731
1002
}
1002
{
1070
     2
1000
-2000011
1002
}
  0
LINE
  5
18D
330
70
100
AcDbEntity
  8
A-WALL
370
    25
100
AcDbLine
 10
13769.46338285362
 20
32340.00000000001
 30
0.0
 11
13769.46338285362
 21
35090.0
 31
0.0
1001
REVIT
1002
{
1070
     1
1000
1423625
1002
}
1002
{
1070
     5
1000
1222731
1002
}
1002
{
1070
     2
1000
-2000011
1002
}
  0
LINE
  5
18E
330
70
100
AcDbEntity
  8
A-WALL
370
    25
100
AcDbLine
 10
13769.46338285362
 20
35310.00000000002
 30
0.0
 11
13659.46338285362
 21
35310.00000000002
 31
0.0
1001
REVIT
1002
{
1070
     1
1000
1423625
1002
}
1002
{
1070
     5
1000
1222731
1002
}
1002
{
1070
     2
1000
-2000011
1002
}
  0
LINE
  5
18F
330
70
100
AcDbEntity
  8
A-COLS
100
AcDbLine
 10
8339.463382628453
 20
32254.0
 30
0.0
 11
8289.463382628455
 21
32254.0
 31
0.0
1001
REVIT
1002
{
1070
     1
1000
1426538
1002
}
1002
{
1070
     5
1000
1426535
1002
}
1002
{
1070
     2
1000
-2000100
1002
}
  0
LINE
  5
190
330
70
100
AcDbEntity
  8
A-COLS
100
AcDbLine
 10
8339.463382628453
 20
35090.0
 30
0.0
 11
8339.463382628453
 21
32254.0
 31
0.0
1001
REVIT
1002
{
1070
     1
1000
1426538
1002
}
1002
{
1070
     5
1000
1426535
1002
}
1002
{
1070
     2
1000
-2000100
1002
}
  0
LINE
  5
191
330
70
100
AcDbEntity
  8
A-COLS
100
AcDbLine
 10
8289.463382628455
 20
32254.0
 30
0.0
 11
8289.463382628455
 21
35090.0
 31
0.0
1001
REVIT
1002
{
1070
     1
1000
1426538
1002
}
1002
{
1070
     5
1000
1426535
1002
}
1002
{
1070
     2
1000
-2000100
1002
}
  0
LINE
  5
192
330
70
100
AcDbEntity
  8
A-COLS
100
AcDbLine
 10
8039.463382628454
 20
32254.0
 30
0.0
 11
7989.463382628455
 21
32254.0
 31
0.0
1001
REVIT
1002
{
1070
     1
1000
1426676
1002
}
1002
{
1070
     5
1000
1426535
1002
}
1002
{
1070
     2
1000
-2000100
1002
}
  0
LINE
  5
193
330
70
100
AcDbEntity
  8
A-COLS
100
AcDbLine
 10
8039.463382628454
 20
35090.0
 30
0.0
 11
8039.463382628454
 21
32254.0
 31
0.0
1001
REVIT
1002
{
1070
     1
1000
1426676
1002
}
1002
{
1070
     5
1000
1426535
1002
}
1002
{
1070
     2
1000
-2000100
1002
}
  0
LINE
  5
194
330
70
100
AcDbEntity
  8
A-COLS
100
AcDbLine
 10
7989.463382628455
 20
32254.0
 30
0.0
 11
7989.463382628455
 21
35090.0
 31
0.0
1001
REVIT
1002
{
1070
     1
1000
1426676
1002
}
1002
{
1070
     5
1000
1426535
1002
}
1002
{
1070
     2
1000
-2000100
1002
}
  0
INSERT
  5
1A8
330
70
100
AcDbEntity
  8
A-DOOR
100
AcDbBlockReference
  2
Single - Timber Frame  - 870x2400-2599501-SECTION C-C
 10
0.0
 20
0.0
 30
0.0
1001
REVIT
1002
{
1070
     1
1000
1426687
1002
}
1002
{
1070
     5
1000
2599461
1002
}
1002
{
1070
     2
1000
-2000023
1002
}
  0
INSERT
  5
1BA
330
70
100
AcDbEntity
  8
A-DOOR
100
AcDbBlockReference
  2
Single - Timber Frame  - 870x2400-2599487-SECTION C-C
 10
0.0
 20
0.0
 30
0.0
1001
REVIT
1002
{
1070
     1
1000
1426885
1002
}
1002
{
1070
     5
1000
2599461
1002
}
1002
{
1070
     2
1000
-2000023
1002
}
  0
INSERT
  5
1BE
330
70
100
AcDbEntity
  8
A-DOOR
100
AcDbBlockReference
  2
Panelift Door - 5000-2447540-SECTION C-C
 10
0.0
 20
0.0
 30
0.0
1001
REVIT
1002
{
1070
     1
1000
1428507
1002
}
1002
{
1070
     5
1000
1305703
1002
}
1002
{
1070
     2
1000
-2000023
1002
}
1002
{
1070
     3
1000
-2000025
1002
}
  0
INSERT
  5
1C5
330
70
100
AcDbEntity
  8
A-DOOR
100
AcDbBlockReference
  2
3 panel robe door _stretchable_ - 2400-2340459-SECTION C-C
 10
0.0
 20
0.0
 30
0.0
1001
REVIT
1002
{
1070
     1
1000
1429935
1002
}
1002
{
1070
     5
1000
1413698
1002
}
1002
{
1070
     2
1000
-2000023
1002
}
  0
LINE
  5
1C6
330
70
100
AcDbEntity
  8
A-FLOR
100
AcDbLine
 10
8489.46338285362
 20
32039.00000000001
 30
0.0
 11
8204.46338262845
 21
32039.00000000001
 31
0.0
1001
REVIT
1002
{
1070
     1
1000
1431015
1002
}
1002
{
1070
     5
1000
1227169
1002
}
1002
{
1070
     2
1000
-2000032
1002
}
  0
LINE
  5
1C7
330
70
100
AcDbEntity
  8
A-FLOR
100
AcDbLine
 10
8124.467088580879
 20
32039.00000000001
 30
0.0
 11
7989.463382628453
 21
32039.00000000001
 31
0.0
1001
REVIT
1002
{
1070
     1
1000
1431015
1002
}
1002
{
1070
     5
1000
1227169
1002
}
1002
{
1070
     2
1000
-2000032
1002
}
  0
LINE
  5
1C9
330
70
100
AcDbEntity
  8
A-FLOR
100
AcDbLine
 10
8204.46338262845
 20
32254.0
 30
0.0
 11
9589.46338285363
 21
32254.0
 31
0.0
1001
REVIT
1002
{
1070
     1
1000
1431015
1002
}
1002
{
1070
     5
1000
1227169
1002
}
1002
{
1070
     2
1000
-2000032
1002
}
  0
LINE
  5
1CA
330
70
100
AcDbEntity
  8
A-FLOR
100
AcDbLine
 10
7989.463382628453
 20
32039.00000000001
 30
0.0
 11
7989.463382628453
 21
32254.0
 31
0.0
1001
REVIT
1002
{
1070
     1
1000
1431015
1002
}
1002
{
1070
     5
1000
1227169
1002
}
1002
{
1070
     2
1000
-2000032
1002
}
  0
LINE
  5
1CC
330
70
100
AcDbEntity
  8
A-WALL
100
AcDbLine
 10
15939.46338393946
 20
35540.0
 30
0.0
 11
15939.46338393946
 21
37640.0
 31
0.0
1001
REVIT
1002
{
1070
     1
1000
1431284
1002
}
1002
{
1070
     5
1000
1602992
1002
}
1002
{
1070
     2
1000
-2000011
1002
}
  0
LINE
  5
1CD
330
70
100
AcDbEntity
  8
A-WALL
100
AcDbLine
 10
15939.46338393946
 20
37640.0
 30
0.0
 11
16729.46338425164
 21
37640.0
 31
0.0
1001
REVIT
1002
{
1070
     1
1000
1431284
1002
}
1002
{
1070
     5
1000
1602992
1002
}
1002
{
1070
     2
1000
-2000011
1002
}
  0
HATCH
  5
1D6
330
70
100
AcDbEntity
  8
A-WALL-PATT
370
     9
100
AcDbHatch
 10
0.0
 20
0.0
 30
0.0
210
0.0
220
0.0
230
1.0
  2
FP_2
 70
     0
 71
     0
 91
        2
 92
        1
 93
        4
 72
     1
 10
16914.46338425164
 20
35390.00000000002
 11
16914.46338425164
 21
35540.00000000002
 72
     1
 10
16914.46338425164
 20
35540.00000000002
 11
16839.46338425164
 21
35540.00000000002
 72
     1
 10
16839.46338425164
 20
35540.00000000002
 11
16839.46338425164
 21
35390.00000000002
 72
     1
 10
16839.46338425164
 20
35390.00000000002
 11
16914.46338425164
 21
35390.00000000002
 97
        0
 92
        1
 93
        4
 72
     1
 10
16839.46338425164
 20
37680.00000000003
 11
16914.46338425164
 21
37680.00000000003
 72
     1
 10
16914.46338425164
 20
37680.00000000003
 11
16914.46338425164
 21
38038.51315020698
 72
     1
 10
16914.46338425164
 20
38038.51315020698
 11
16839.46338425164
 21
38045.07479997142
 72
     1
 10
16839.46338425164
 20
38045.07479997142
 11
16839.46338425164
 21
37680.00000000003
 97
        0
 75
     0
 76
     2
 52
225.0000000000003
 41
1.0
 77
     0
 78
     2
 53
135.0000000000003
 43
16914.46372488474
 44
36714.25687141178
 45
-70.71067811865439
 46
-70.71067811865511
 79
     0
 53
225.0000000000003
 43
16914.46372488474
 44
36714.25687141178
 45
70.71067811865512
 46
-70.71067811865437
 79
     0
 98
        1
 10
0.0
 20
0.0
1001
REVIT
1002
{
1070
     1
1000
1431495
1002
}
1002
{
1070
     5
1000
1602992
1002
}
1002
{
1070
     2
1000
-2000011
1002
}
1002
{
1070
     3
1000
-2000588
1002
}
  0
LINE
  5
1D7
330
70
100
AcDbEntity
  8
A-WALL
370
    25
100
AcDbLine
 10
16914.46338425164
 20
35390.0
 30
0.0
 11
16914.46338425164
 21
35540.0
 31
0.0
1001
REVIT
1002
{
1070
     1
1000
1431495
1002
}
1002
{
1070
     5
1000
1602992
1002
}
1002
{
1070
     2
1000
-2000011
1002
}
  0
LINE
  5
1D8
330
70
100
AcDbEntity
  8
A-WALL
370
    25
100
AcDbLine
 10
16914.46338425164
 20
35540.0
 30
0.0
 11
16819.46338425165
 21
35540.0
 31
0.0
1001
REVIT
1002
{
1070
     1
1000
1431495
1002
}
1002
{
1070
     5
1000
1602992
1002
}
1002
{
1070
     2
1000
-2000011
1002
}
  0
LINE
  5
1DA
330
70
100
AcDbEntity
  8
A-WALL
370
    25
100
AcDbLine
 10
16914.46338425164
 20
37680.0
 30
0.0
 11
16914.46338425164
 21
38038.51315020696
 31
0.0
1001
REVIT
1002
{
1070
     1
1000
1431495
1002
}
1002
{
1070
     5
1000
1602992
1002
}
1002
{
1070
     2
1000
-2000011
1002
}
  0
LINE
  5
1DB
330
70
100
AcDbEntity
  8
A-WALL
370
    25
100
AcDbLine
 10
16729.46338425164
 20
38054.69855295925
 30
0.0
 11
16729.46338425164
 21
37680.0
 31
0.0
1001
REVIT
1002
{
1070
     1
1000
1431495
1002
}
1002
{
1070
     5
1000
1602992
1002
}
1002
{
1070
     2
1000
-2000011
1002
}
  0
LINE
  5
1DC
330
70
100
AcDbEntity
  8
A-WALL
370
    25
100
AcDbLine
 10
16729.46338425164
 20
37680.0
 30
0.0
 11
16914.46338425164
 21
37680.0
 31
0.0
1001
REVIT
1002
{
1070
     1
1000
1431495
1002
}
1002
{
1070
     5
1000
1602992
1002
}
1002
{
1070
     2
1000
-2000011
1002
}
  0
LINE
  5
1DD
330
70
100
AcDbEntity
  8
A-WALL
100
AcDbLine
 10
16914.46338425164
 20
38038.51315020696
 30
0.0
 11
16729.46338425164
 21
38054.69855295925
 31
0.0
1001
REVIT
1002
{
1070
     1
1000
1431495
1002
}
1002
{
1070
     5
1000
1602992
1002
}
1002
{
1070
     2
1000
-2000011
1002
}
1002
{
1070
     3
1000
-2000586
1002
}
  0
LINE
  5
1DF
330
70
100
AcDbEntity
  8
A-WALL
100
AcDbLine
 10
16819.46338425164
 20
38046.82457324192
 30
0.0
 11
16819.46338425164
 21
37680.0
 31
0.0
1001
REVIT
1002
{
1070
     1
1000
1431495
1002
}
1002
{
1070
     5
1000
1602992
1002
}
1002
{
1070
     2
1000
-2000011
1002
}
1002
{
1070
     3
1000
-2000586
1002
}
  0
LINE
  5
1E1
330
70
100
AcDbEntity
  8
A-WALL
100
AcDbLine
 10
16839.46338425164
 20
38045.0747999714
 30
0.0
 11
16839.46338425164
 21
37680.0
 31
0.0
1001
REVIT
1002
{
1070
     1
1000
1431495
1002
}
1002
{
1070
     5
1000
1602992
1002
}
1002
{
1070
     2
1000
-2000011
1002
}
1002
{
1070
     3
1000
-2000586
1002
}
  0
LINE
  5
1E2
330
70
100
AcDbEntity
  8
A-WALL
100
AcDbLine
 10
16839.46338425164
 20
35540.0
 30
0.0
 11
16839.46338425164
 21
35390.0
 31
0.0
1001
REVIT
1002
{
1070
     1
1000
1431495
1002
}
1002
{
1070
     5
1000
1602992
1002
}
1002
{
1070
     2
1000
-2000011
1002
}
1002
{
1070
     3
1000
-2000586
1002
}
  0
LINE
  5
1E3
330
70
100
AcDbEntity
  8
A-WALL
100
AcDbLine
 10
18294.46338393392
 20
35390.0
 30
0.0
 11
18294.46338393392
 21
37917.77879456898
 31
0.0
1001
REVIT
1002
{
1070
     1
1000
1431580
1002
}
1002
{
1070
     5
1000
1602992
1002
}
1002
{
1070
     2
1000
-2000011
1002
}
  0
LINE
  5
1E4
330
70
100
AcDbEntity
  8
I-WALL
100
AcDbLine
 10
14619.46338338873
 20
37915.0
 30
0.0
 11
14619.46338338873
 21
35540.0
 31
0.0
1001
REVIT
1002
{
1070
     1
1000
1431852
1002
}
1002
{
1070
     5
1000
319528
1002
}
1002
{
1070
     2
1000
-2000011
1002
}
  0
LINE
  5
1E5
330
70
100
AcDbEntity
  8
I-WALL
100
AcDbLine
 10
15579.86338267607
 20
35540.0
 30
0.0
 11
15579.86338267607
 21
38140.0
 31
0.0
1001
REVIT
1002
{
1070
     1
1000
1431852
1002
}
1002
{
1070
     5
1000
319528
1002
}
1002
{
1070
     2
1000
-2000011
1002
}
  0
LINE
  5
1E6
330
70
100
AcDbEntity
  8
I-WALL
100
AcDbLine
 10
12489.46338338877
 20
35540.0
 30
0.0
 11
12489.46338338877
 21
37915.0
 31
0.0
1001
REVIT
1002
{
1070
     1
1000
1431852
1002
}
1002
{
1070
     5
1000
319528
1002
}
1002
{
1070
     2
1000
-2000011
1002
}
  0
LINE
  5
1E7
330
70
100
AcDbEntity
  8
I-WALL
100
AcDbLine
 10
12489.46338338877
 20
37915.0
 30
0.0
 11
13419.46338338876
 21
37915.0
 31
0.0
1001
REVIT
1002
{
1070
     1
1000
1431852
1002
}
1002
{
1070
     5
1000
319528
1002
}
1002
{
1070
     2
1000
-2000011
1002
}
  0
LINE
  5
1E8
330
70
100
AcDbEntity
  8
I-WALL
100
AcDbLine
 10
13419.46338338876
 20
37915.0
 30
0.0
 11
13419.46338338876
 21
35540.0
 31
0.0
1001
REVIT
1002
{
1070
     1
1000
1431852
1002
}
1002
{
1070
     5
1000
319528
1002
}
1002
{
1070
     2
1000
-2000011
1002
}
  0
LINE
  5
1E9
330
70
100
AcDbEntity
  8
I-WALL
100
AcDbLine
 10
13689.46338338875
 20
35540.0
 30
0.0
 11
13689.46338338875
 21
37915.0
 31
0.0
1001
REVIT
1002
{
1070
     1
1000
1431852
1002
}
1002
{
1070
     5
1000
319528
1002
}
1002
{
1070
     2
1000
-2000011
1002
}
  0
LINE
  5
1EA
330
70
100
AcDbEntity
  8
I-WALL
100
AcDbLine
 10
13689.46338338875
 20
37915.0
 30
0.0
 11
14619.46338338873
 21
37915.0
 31
0.0
1001
REVIT
1002
{
1070
     1
1000
1431852
1002
}
1002
{
1070
     5
1000
319528
1002
}
1002
{
1070
     2
1000
-2000011
1002
}
  0
LINE
  5
1EB
330
70
100
AcDbEntity
  8
A-WALL
100
AcDbLine
 10
24029.46338208714
 20
28890.0
 30
0.0
 11
24029.46338208714
 21
31890.0
 31
0.0
1001
REVIT
1002
{
1070
     1
1000
1432262
1002
}
1002
{
1070
     5
1000
1220569
1002
}
1002
{
1070
     2
1000
-2000011
1002
}
  0
LINE
  5
1EC
330
70
100
AcDbEntity
  8
A-WALL
100
AcDbLine
 10
10694.46338388492
 20
28890.0
 30
0.0
 11
10694.46338388492
 21
31265.0
 31
0.0
1001
REVIT
1002
{
1070
     1
1000
1433020
1002
}
1002
{
1070
     5
1000
1222731
1002
}
1002
{
1070
     2
1000
-2000011
1002
}
  0
LINE
  5
1ED
330
70
100
AcDbEntity
  8
A-WALL
100
AcDbLine
 10
10694.46338388492
 20
31265.0
 30
0.0
 11
11624.46338388491
 21
31265.0
 31
0.0
1001
REVIT
1002
{
1070
     1
1000
1433020
1002
}
1002
{
1070
     5
1000
1222731
1002
}
1002
{
1070
     2
1000
-2000011
1002
}
  0
LINE
  5
1EE
330
70
100
AcDbEntity
  8
A-WALL
100
AcDbLine
 10
11624.46338388491
 20
31265.0
 30
0.0
 11
11624.46338388491
 21
28890.0
 31
0.0
1001
REVIT
1002
{
1070
     1
1000
1433020
1002
}
1002
{
1070
     5
1000
1222731
1002
}
1002
{
1070
     2
1000
-2000011
1002
}
  0
LINE
  5
1EF
330
70
100
AcDbEntity
  8
A-WALL
100
AcDbLine
 10
13199.46338386736
 20
28890.0
 30
0.0
 11
13199.46338386736
 21
31265.0
 31
0.0
1001
REVIT
1002
{
1070
     1
1000
1433020
1002
}
1002
{
1070
     5
1000
1222731
1002
}
1002
{
1070
     2
1000
-2000011
1002
}
  0
LINE
  5
1F0
330
70
100
AcDbEntity
  8
A-WALL
100
AcDbLine
 10
13199.46338386736
 20
31265.0
 30
0.0
 11
14129.46338386735
 21
31265.0
 31
0.0
1001
REVIT
1002
{
1070
     1
1000
1433020
1002
}
1002
{
1070
     5
1000
1222731
1002
}
1002
{
1070
     2
1000
-2000011
1002
}
  0
LINE
  5
1F1
330
70
100
AcDbEntity
  8
A-WALL
100
AcDbLine
 10
14129.46338386735
 20
31265.0
 30
0.0
 11
14129.46338386735
 21
28890.0
 31
0.0
1001
REVIT
1002
{
1070
     1
1000
1433020
1002
}
1002
{
1070
     5
1000
1222731
1002
}
1002
{
1070
     2
1000
-2000011
1002
}
  0
LINE
  5
1F2
330
70
100
AcDbEntity
  8
A-WALL
100
AcDbLine
 10
14439.46338267608
 20
28890.0
 30
0.0
 11
14439.46338267608
 21
31265.0
 31
0.0
1001
REVIT
1002
{
1070
     1
1000
1433020
1002
}
1002
{
1070
     5
1000
1222731
1002
}
1002
{
1070
     2
1000
-2000011
1002
}
  0
LINE
  5
1F3
330
70
100
AcDbEntity
  8
A-WALL
100
AcDbLine
 10
14439.46338267608
 20
31265.0
 30
0.0
 11
15369.46338267606
 21
31265.0
 31
0.0
1001
REVIT
1002
{
1070
     1
1000
1433020
1002
}
1002
{
1070
     5
1000
1222731
1002
}
1002
{
1070
     2
1000
-2000011
1002
}
  0
LINE
  5
1F4
330
70
100
AcDbEntity
  8
A-WALL
100
AcDbLine
 10
15369.46338267606
 20
31265.0
 30
0.0
 11
15369.46338267606
 21
28890.0
 31
0.0
1001
REVIT
1002
{
1070
     1
1000
1433020
1002
}
1002
{
1070
     5
1000
1222731
1002
}
1002
{
1070
     2
1000
-2000011
1002
}
  0
HATCH
  5
1F9
330
70
100
AcDbEntity
  8
A-WALL-PATT
370
     9
100
AcDbHatch
 10
0.0
 20
0.0
 30
0.0
210
0.0
220
0.0
230
1.0
  2
FP_1
 70
     0
 71
     0
 91
        1
 92
        1
 93
        4
 72
     1
 10
16159.46338384979
 20
28890.00000000001
 11
16159.46338384979
 21
32110.00000000002
 72
     1
 10
16159.46338384979
 20
32110.00000000002
 11
16049.46338384978
 21
32110.00000000002
 72
     1
 10
16049.46338384978
 20
32110.00000000002
 11
16049.46338384978
 21
28890.00000000001
 72
     1
 10
16049.46338384978
 20
28890.00000000001
 11
16159.46338384979
 21
28890.00000000001
 97
        0
 75
     0
 76
     2
 52
0.0
 41
1.0
 77
     0
 78
     2
 53
45.0
 43
17970.973
 44
19353.85
 45
-251.4471713899363
 46
251.4471713899363
 79
     0
 53
45.0
 43
17970.973
 44
19734.85
 45
-251.4471713899363
 46
251.4471713899363
 79
     0
 98
        1
 10
0.0
 20
0.0
1001
REVIT
1002
{
1070
     1
1000
1433072
1002
}
1002
{
1070
     5
1000
1222731
1002
}
1002
{
1070
     4
1000
24
1002
}
1002
{
1070
     2
1000
-2000011
1002
}
1002
{
1070
     3
1000
-2000588
1002
}
  0
LINE
  5
1FA
330
70
100
AcDbEntity
  8
A-WALL
370
    25
100
AcDbLine
 10
16049.46338384979
 20
31890.0
 30
0.0
 11
16049.46338384978
 21
28891.0
 31
0.0
1001
REVIT
1002
{
1070
     1
1000
1433072
1002
}
1002
{
1070
     5
1000
1222731
1002
}
1002
{
1070
     2
1000
-2000011
1002
}
  0
LINE
  5
1FC
330
70
100
AcDbEntity
  8
A-WALL
370
    25
100
AcDbLine
 10
16159.46338384979
 20
28890.0
 30
0.0
 11
16159.46338384979
 21
31890.0
 31
0.0
1001
REVIT
1002
{
1070
     1
1000
1433072
1002
}
1002
{
1070
     5
1000
1222731
1002
}
1002
{
1070
     2
1000
-2000011
1002
}
  0
HATCH
  5
209
330
70
100
AcDbEntity
  8
A-FLOR-PATT
370
     9
100
AcDbHatch
 10
0.0
 20
0.0
 30
0.0
210
0.0
220
0.0
230
1.0
  2
FP_3
 70
     0
 71
     0
 91
        2
 92
        1
 93
        6
 72
     1
 10
18077.30427940078
 20
32310.00000000002
 11
19609.46338386735
 21
32310.00000000002
 72
     1
 10
19609.46338386735
 20
32310.00000000002
 11
19609.46338386735
 21
32340.00000000002
 72
     1
 10
19609.46338386735
 20
32340.00000000002
 11
17829.46338386734
 21
32340.00000000002
 72
     1
 10
17829.46338386734
 20
32340.00000000002
 11
17829.46338386734
 21
32310.00000000002
 72
     1
 10
17829.46338386734
 20
32310.00000000002
 11
17888.45934247756
 21
32310.00000000002
 72
     1
 10
17888.45934247756
 20
32310.00000000002
 11
18077.30427940078
 21
32310.00000000002
 97
        0
 92
        1
 93
        5
 72
     1
 10
16049.46338384977
 20
32310.00000000002
 11
16049.46338384977
 21
32340.00000000002
 72
     1
 10
16049.46338384977
 20
32340.00000000002
 11
13769.46338285362
 21
32340.00000000002
 72
     1
 10
13769.46338285362
 20
32340.00000000002
 11
13769.46338285362
 21
32310.00000000002
 72
     1
 10
13769.46338285362
 20
32310.00000000002
 11
15811.16503632214
 21
32310.00000000002
 72
     1
 10
15811.16503632214
 20
32310.00000000002
 11
16049.46338384977
 21
32310.00000000002
 97
        0
 75
     0
 76
     2
 52
0.0
 41
1.0
 77
     0
 78
    17
 53
49.99999999999999
 43
17970.973
 44
19353.85
 45
582.9890969798607
 46
-51.00509307516802
 79
     2
 49
60.96
 49
-670.56
 53
355.0
 43
17970.973
 44
19353.85
 45
-112.7767293253219
 46
611.3816312972472
 79
     2
 49
48.768
 49
-536.448
 53
100.451
 43
18019.555
 44
19349.6
 45
470.2160778888968
 46
560.3730076607749
 79
     2
 49
51.808
 49
-569.888
 53
46.184
 43
17970.973
 44
19516.41
 45
867.4527089478838
 46
-134.5367748274727
 79
     2
 49
91.44
 49
-1005.84
 53
96.636
 43
18043.261
 44
19505.199
 45
759.6879071721903
 46
791.7680757907189
 79
     2
 49
77.712
 49
-854.832
 53
351.184
 43
17970.973
 44
19516.41
 45
759.6960163844116
 46
791.7607861511301
 79
     2
 49
73.152
 49
-804.672
 53
21.0
 43
18052.253
 44
19475.77
 45
485.1659934615853
 46
-327.2487822825823
 79
     2
 49
60.96
 49
-670.56
 53
325.9999999999999
 43
18052.253
 44
19475.77
 45
197.7669465201526
 46
589.4016666324376
 79
     2
 49
48.768
 49
-536.448
 53
71.45100000000001
 43
18092.683
 44
19448.499
 45
682.9344733757403
 46
262.1479976940511
 79
     2
 49
51.808
 49
-569.888
 53
37.5
 43
17970.973
 44
19353.85
 45
9.883035223681148
 46
270.5760469438628
 79
     5
 49
26.822
 49
-503.123
 49
26.822
 49
-517.754
 49
-538.48
 53
37.5
 43
17970.973
 44
19353.85
 45
9.883035223681148
 46
270.5760469438628
 79
     3
 49
-1074.522
 49
26.822
 49
-511.658
 53
7.5
 43
17970.973
 44
19353.85
 45
213.8224524709532
 46
320.5780199332246
 79
     5
 49
26.822
 49
-283.667
 49
26.822
 49
-490.931
 49
-205.232
 53
7.5
 43
17970.973
 44
19353.85
 45
213.8224524709532
 46
320.5780199332246
 79
     3
 49
-828.243
 49
26.822
 49
-178.41
 53
327.5
 43
17789.719
 44
19353.85
 45
433.8910025716608
 46
-18.33249059345368
 79
     5
 49
26.822
 49
-176.378
 49
26.822
 49
-607.1619999999999
 49
-841.248
 53
327.5
 43
17789.719
 44
19353.85
 45
433.8910025716608
 46
-18.33249059345368
 79
     3
 49
-837.184
 49
26.822
 49
-814.426
 53
317.5
 43
17708.439
 44
19353.85
 45
474.0138619252369
 46
81.36541517575179
 79
     5
 49
26.822
 49
-237.338
 49
26.822
 49
-394.208
 49
-597.408
 53
317.5
 43
17708.439
 44
19353.85
 45
474.0138619252369
 46
81.36541517575179
 79
     3
 49
-685.19
 49
26.822
 49
-570.586
 98
        1
 10
0.0
 20
0.0
1001
REVIT
1002
{
1070
     1
1000
1433789
1002
}
1002
{
1070
     5
1000
1482782
1002
}
1002
{
1070
     4
1000
758
1002
}
1002
{
1070
     2
1000
-2000032
1002
}
1002
{
1070
     3
1000
-2000608
1002
}
  0
LINE
  5
20A
330
70
100
AcDbEntity
  8
A-FLOR
370
    35
100
AcDbLine
 10
19609.46338386735
 20
32340.00000000001
 30
0.0
 11
17829.46338386734
 21
32340.00000000001
 31
0.0
1001
REVIT
1002
{
1070
     1
1000
1433789
1002
}
1002
{
1070
     5
1000
1482782
1002
}
1002
{
1070
     2
1000
-2000032
1002
}
  0
LINE
  5
20B
330
70
100
AcDbEntity
  8
A-FLOR
370
    35
100
AcDbLine
 10
16049.46338384978
 20
32340.00000000001
 30
0.0
 11
13769.46338285362
 21
32340.00000000001
 31
0.0
1001
REVIT
1002
{
1070
     1
1000
1433789
1002
}
1002
{
1070
     5
1000
1482782
1002
}
1002
{
1070
     2
1000
-2000032
1002
}
  0
LINE
  5
20C
330
70
100
AcDbEntity
  8
A-CLNG
370
    25
100
AcDbLine
 10
28029.46338208709
 20
35190.0
 30
0.0
 11
19609.46338386735
 21
35190.0
 31
0.0
1001
REVIT
1002
{
1070
     1
1000
1435700
1002
}
1002
{
1070
     5
1000
19847
1002
}
1002
{
1070
     2
1000
-2000038
1002
}
  0
LINE
  5
20E
330
70
100
AcDbEntity
  8
A-CLNG
370
    25
100
AcDbLine
 10
19609.46338386735
 20
35090.0
 30
0.0
 11
28029.46338208709
 21
35090.0
 31
0.0
1001
REVIT
1002
{
1070
     1
1000
1435700
1002
}
1002
{
1070
     5
1000
19847
1002
}
1002
{
1070
     2
1000
-2000038
1002
}
  0
LINE
  5
210
330
70
100
AcDbEntity
  8
A-CLNG
370
    25
100
AcDbLine
 10
17719.91941729711
 20
35090.0
 30
0.0
 11
17719.91941729711
 21
35190.0
 31
0.0
1001
REVIT
1002
{
1070
     1
1000
1435700
1002
}
1002
{
1070
     5
1000
19847
1002
}
1002
{
1070
     2
1000
-2000038
1002
}
  0
LINE
  5
211
330
70
100
AcDbEntity
  8
A-CLNG
370
    25
100
AcDbLine
 10
13659.46338285362
 20
35190.0
 30
0.0
 11
13059.46338285363
 21
35190.0
 31
0.0
1001
REVIT
1002
{
1070
     1
1000
1435700
1002
}
1002
{
1070
     5
1000
19847
1002
}
1002
{
1070
     2
1000
-2000038
1002
}
  0
LINE
  5
213
330
70
100
AcDbEntity
  8
A-CLNG
370
    25
100
AcDbLine
 10
13059.46338285363
 20
35090.0
 30
0.0
 11
13659.46338285362
 21
35090.0
 31
0.0
1001
REVIT
1002
{
1070
     1
1000
1435700
1002
}
1002
{
1070
     5
1000
19847
1002
}
1002
{
1070
     2
1000
-2000038
1002
}
  0
LINE
  5
215
330
70
100
AcDbEntity
  8
A-CLNG
100
AcDbLine
 10
9219.463382853635
 20
35190.0
 30
0.0
 11
9859.463382853382
 21
35190.0
 31
0.0
1001
REVIT
1002
{
1070
     1
1000
1435700
1002
}
1002
{
1070
     5
1000
19847
1002
}
1002
{
1070
     2
1000
-2000038
1002
}
  0
INSERT
  5
222
330
70
100
AcDbEntity
  8
A-DOOR
100
AcDbBlockReference
  2
Single - Timber Frame  - 870x2400-2599626-SECTION C-C
 10
0.0
 20
0.0
 30
0.0
1001
REVIT
1002
{
1070
     1
1000
1437304
1002
}
1002
{
1070
     5
1000
2599461
1002
}
1002
{
1070
     2
1000
-2000023
1002
}
  0
INSERT
  5
22F
330
70
100
AcDbEntity
  8
A-DOOR
100
AcDbBlockReference
  2
Single - Timber Frame  - 870x2400-2599564-SECTION C-C
 10
0.0
 20
0.0
 30
0.0
1001
REVIT
1002
{
1070
     1
1000
1437387
1002
}
1002
{
1070
     5
1000
2599461
1002
}
1002
{
1070
     2
1000
-2000023
1002
}
  0
LINE
  5
230
330
70
100
AcDbEntity
  8
A-WALL
100
AcDbLine
 10
18864.46338384979
 20
30690.0
 30
0.0
 11
18864.46338384979
 21
31890.0
 31
0.0
1001
REVIT
1002
{
1070
     1
1000
1441038
1002
}
1002
{
1070
     5
1000
1222731
1002
}
1002
{
1070
     2
1000
-2000011
1002
}
  0
LINE
  5
232
330
70
100
AcDbEntity
  8
A-FLOR
370
    35
100
AcDbLine
 10
22969.46338208714
 20
28890.0
 30
0.0
 11
22969.46338208714
 21
29810.0
 31
0.0
1001
REVIT
1002
{
1070
     1
1000
1441562
1002
}
1002
{
1070
     5
1000
1276167
1002
}
1002
{
1070
     2
1000
-2000032
1002
}
  0
LINE
  5
233
330
70
100
AcDbEntity
  8
A-FLOR
370
    35
100
AcDbLine
 10
22969.46338208714
 20
29810.0
 30
0.0
 11
19969.46338384979
 21
29810.0
 31
0.0
1001
REVIT
1002
{
1070
     1
1000
1441562
1002
}
1002
{
1070
     5
1000
1276167
1002
}
1002
{
1070
     2
1000
-2000032
1002
}
  0
LINE
  5
234
330
70
100
AcDbEntity
  8
A-FLOR
370
    35
100
AcDbLine
 10
19969.46338384979
 20
29810.0
 30
0.0
 11
19969.46338384979
 21
28890.0
 31
0.0
1001
REVIT
1002
{
1070
     1
1000
1441562
1002
}
1002
{
1070
     5
1000
1276167
1002
}
1002
{
1070
     2
1000
-2000032
1002
}
  0
LINE
  5
236
330
70
100
AcDbEntity
  8
A-FLOR
100
AcDbLine
 10
16839.46338384978
 20
29810.0
 30
0.0
 11
18159.46338384977
 21
29810.0
 31
0.0
1001
REVIT
1002
{
1070
     1
1000
1441562
1002
}
1002
{
1070
     5
1000
1276167
1002
}
1002
{
1070
     2
1000
-2000032
1002
}
  0
LINE
  5
237
330
70
100
AcDbEntity
  8
A-FLOR
370
    35
100
AcDbLine
 10
9749.46338285366
 20
28660.0
 30
0.0
 11
10039.46338285363
 21
28660.0
 31
0.0
1001
REVIT
1002
{
1070
     1
1000
1445199
1002
}
1002
{
1070
     5
1000
2615715
1002
}
1002
{
1070
     2
1000
-2000032
1002
}
  0
LINE
  5
238
330
70
100
AcDbEntity
  8
A-FLOR
370
    35
100
AcDbLine
 10
27849.46338208718
 20
28660.0
 30
0.0
 11
28029.46338208717
 21
28660.0
 31
0.0
1001
REVIT
1002
{
1070
     1
1000
1445199
1002
}
1002
{
1070
     5
1000
2615715
1002
}
1002
{
1070
     2
1000
-2000032
1002
}
  0
LINE
  5
239
330
70
100
AcDbEntity
  8
A-FLOR
370
    35
100
AcDbLine
 10
28139.46338208718
 20
28890.0
 30
0.0
 11
9749.46338285366
 21
28890.0
 31
0.0
1001
REVIT
1002
{
1070
     1
1000
1445199
1002
}
1002
{
1070
     5
1000
2615715
1002
}
1002
{
1070
     2
1000
-2000032
1002
}
  0
LINE
  5
23A
330
70
100
AcDbEntity
  8
A-FLOR
370
    35
100
AcDbLine
 10
9749.46338285366
 20
28890.0
 30
0.0
 11
9749.46338285366
 21
28660.0
 31
0.0
1001
REVIT
1002
{
1070
     1
1000
1445199
1002
}
1002
{
1070
     5
1000
2615715
1002
}
1002
{
1070
     2
1000
-2000032
1002
}
  0
LINE
  5
23C
330
70
100
AcDbEntity
  8
A-FLOR-MCUT
100
AcDbLine
 10
28029.46338208717
 20
28660.0
 30
0.0
 11
28139.46338208718
 21
28660.0
 31
0.0
1001
REVIT
1002
{
1070
     1
1000
1445199
1002
}
1002
{
1070
     5
1000
2615715
1002
}
1002
{
1070
     2
1000
-2000032
1002
}
1002
{
1070
     3
1000
-2000606
1002
}
  0
LINE
  5
23F
330
70
100
AcDbEntity
  8
A-FLOR
370
    35
100
AcDbLine
 10
16049.46338384978
 20
28890.0
 30
0.0
 11
16049.46338384978
 21
28891.0
 31
0.0
1001
REVIT
1002
{
1070
     1
1000
1445303
1002
}
1002
{
1070
     5
1000
1226766
1002
}
1002
{
1070
     2
1000
-2000032
1002
}
  0
LINE
  5
240
330
70
100
AcDbEntity
  8
A-FLOR
370
    35
100
AcDbLine
 10
16049.46338384978
 20
28891.0
 30
0.0
 11
12379.46338388491
 21
28891.0
 31
0.0
1001
REVIT
1002
{
1070
     1
1000
1445303
1002
}
1002
{
1070
     5
1000
1226766
1002
}
1002
{
1070
     2
1000
-2000032
1002
}
  0
LINE
  5
241
330
70
100
AcDbEntity
  8
A-FLOR
370
    35
100
AcDbLine
 10
12379.46338388491
 20
28891.0
 30
0.0
 11
12379.46338388491
 21
28890.0
 31
0.0
1001
REVIT
1002
{
1070
     1
1000
1445303
1002
}
1002
{
1070
     5
1000
1226766
1002
}
1002
{
1070
     2
1000
-2000032
1002
}
  0
LINE
  5
242
330
70
100
AcDbEntity
  8
A-WALL
100
AcDbLine
 10
11384.4318218733
 20
28895.0
 30
0.0
 11
11384.4318218733
 21
28890.0
 31
0.0
1001
REVIT
1002
{
1070
     1
1000
1446067
1002
}
1002
{
1070
     5
1000
1222731
1002
}
1002
{
1070
     2
1000
-2000011
1002
}
  0
LINE
  5
243
330
70
100
AcDbEntity
  8
I-WALL
100
AcDbLine
 10
22124.46338393946
 20
29810.0
 30
0.0
 11
22124.46338393946
 21
31890.0
 31
0.0
1001
REVIT
1002
{
1070
     1
1000
1449943
1002
}
1002
{
1070
     5
1000
2338323
1002
}
1002
{
1070
     2
1000
-2000011
1002
}
  0
LINE
  5
244
330
70
100
AcDbEntity
  8
I-WALL
100
AcDbLine
 10
20124.46338393946
 20
31890.0
 30
0.0
 11
20124.46338393946
 21
29810.0
 31
0.0
1001
REVIT
1002
{
1070
     1
1000
1449943
1002
}
1002
{
1070
     5
1000
2338323
1002
}
1002
{
1070
     2
1000
-2000011
1002
}
  0
LINE
  5
245
330
70
100
AcDbEntity
  8
A-ROOF
370
    35
100
AcDbLine
 10
8409.463382853624
 20
38782.60423361722
 30
0.0
 11
9009.463382853632
 21
38730.11103550167
 31
0.0
1001
REVIT
1002
{
1070
     1
1000
1462892
1002
}
1002
{
1070
     5
1000
1378895
1002
}
1002
{
1070
     2
1000
-2000035
1002
}
  0
LINE
  5
246
330
70
100
AcDbEntity
  8
A-ROOF
370
    35
100
AcDbLine
 10
9194.46338285363
 20
38713.92563274937
 30
0.0
 11
16729.46338425164
 21
38054.69855295925
 31
0.0
1001
REVIT
1002
{
1070
     1
1000
1462892
1002
}
1002
{
1070
     5
1000
1378895
1002
}
1002
{
1070
     2
1000
-2000035
1002
}
  0
LINE
  5
247
330
70
100
AcDbEntity
  8
A-ROOF
370
    35
100
AcDbLine
 10
16914.46338425164
 20
38038.51315020696
 30
0.0
 11
18594.46338394466
 21
37891.53219551027
 31
0.0
1001
REVIT
1002
{
1070
     1
1000
1462892
1002
}
1002
{
1070
     5
1000
1378895
1002
}
1002
{
1070
     2
1000
-2000035
1002
}
  0
LINE
  5
248
330
70
100
AcDbEntity
  8
A-ROOF
370
    35
100
AcDbLine
 10
18594.46338394466
 20
37891.53219551027
 30
0.0
 11
18594.46338394466
 21
37968.3877503288
 31
0.0
1001
REVIT
1002
{
1070
     1
1000
1462892
1002
}
1002
{
1070
     5
1000
1378895
1002
}
1002
{
1070
     2
1000
-2000035
1002
}
  0
LINE
  5
249
330
70
100
AcDbEntity
  8
A-ROOF
370
    35
100
AcDbLine
 10
18594.46338394466
 20
38093.29998285648
 30
0.0
 11
8409.463382853624
 21
38984.37202096343
 31
0.0
1001
REVIT
1002
{
1070
     1
1000
1462892
1002
}
1002
{
1070
     5
1000
1378895
1002
}
1002
{
1070
     2
1000
-2000035
1002
}
  0
LINE
  5
24A
330
70
100
AcDbEntity
  8
A-ROOF
370
    35
100
AcDbLine
 10
8409.463382853624
 20
38984.37202096343
 30
0.0
 11
8409.463382853624
 21
38782.60423361722
 31
0.0
1001
REVIT
1002
{
1070
     1
1000
1462892
1002
}
1002
{
1070
     5
1000
1378895
1002
}
1002
{
1070
     2
1000
-2000035
1002
}
  0
LINE
  5
24B
330
70
100
AcDbEntity
  8
A-ROOF
100
AcDbLine
 10
8409.463382853626
 20
38983.3682011259
 30
0.0
 11
18594.46338394467
 21
38092.29616301894
 31
0.0
1001
REVIT
1002
{
1070
     1
1000
1462892
1002
}
1002
{
1070
     5
1000
1378895
1002
}
1002
{
1070
     2
1000
-2000035
1002
}
1002
{
1070
     3
1000
-2000596
1002
}
  0
LINE
  5
24C
330
70
100
AcDbEntity
  8
A-ROOF
100
AcDbLine
 10
8409.463382853626
 20
38882.98621737155
 30
0.0
 11
18594.46338394467
 21
37991.91417926461
 31
0.0
1001
REVIT
1002
{
1070
     1
1000
1462892
1002
}
1002
{
1070
     5
1000
1378895
1002
}
1002
{
1070
     2
1000
-2000035
1002
}
1002
{
1070
     3
1000
-2000596
1002
}
  0
HATCH
  5
252
330
70
100
AcDbEntity
  8
A-WALL-PATT
370
     9
100
AcDbHatch
 10
0.0
 20
0.0
 30
0.0
210
0.0
220
0.0
230
1.0
  2
FP_4
 70
     0
 71
     0
 91
        1
 92
        1
 93
        5
 72
     1
 10
7690.832748623719
 20
35090.00000000002
 11
7787.225854429333
 21
35090.00000000002
 72
     1
 10
7787.225854429333
 20
35090.00000000002
 11
7787.225854429333
 21
35540.00000000002
 72
     1
 10
7787.225854429333
 20
35540.00000000002
 11
7602.225854429333
 21
35540.00000000002
 72
     1
 10
7602.225854429333
 20
35540.00000000002
 11
7602.225854429333
 21
35090.00000000002
 72
     1
 10
7602.225854429333
 20
35090.00000000002
 11
7690.832748623719
 21
35090.00000000002
 97
        0
 75
     0
 76
     2
 52
0.0
 41
1.0
 77
     0
 78
    10
 53
0.0
 43
17970.973
 44
19353.85
 45
406.4
 46
101.6
 79
     5
 49
33.528
 49
-271.272
 49
33.528
 49
-271.272
 49
-1625.6
 53
0.0
 43
17970.973
 44
19353.85
 45
406.4
 46
101.6
 79
     6
 49
-609.6
 49
33.528
 49
-576.072
 49
33.528
 49
-271.272
 49
-711.2
 53
0.0
 43
17970.973
 44
19353.85
 45
406.4
 46
101.6
 79
     5
 49
-1524.0
 49
33.528
 49
-169.672
 49
33.528
 49
-474.472
 53
120.0
 43
18123.373
 44
19404.65
 45
-291.1881810244989
 46
301.1527240979959
 79
     5
 49
33.52799999999999
 49
-271.2719999999999
 49
33.52799999999999
 49
-271.2719999999999
 49
-1625.6
 53
120.0
 43
18123.373
 44
19404.65
 45
-291.1881810244989
 46
301.1527240979959
 79
     6
 49
-609.5999999999999
 49
33.52799999999999
 49
-576.0719999999999
 49
33.52799999999999
 49
-271.2719999999999
 49
-711.1999999999999
 53
120.0
 43
18123.373
 44
19404.65
 45
-291.1881810244989
 46
301.1527240979959
 79
     5
 49
-1524.0
 49
33.52799999999999
 49
-169.672
 49
33.52799999999999
 49
-474.4719999999999
 53
240.0
 43
18174.173
 44
19607.85
 45
-115.2118189755009
 46
-402.7527240979958
 79
     4
 49
33.528
 49
-271.272
 49
33.528
 49
-1896.872
 53
240.0
 43
18174.173
 44
19607.85
 45
-115.2118189755009
 46
-402.7527240979958
 79
     5
 49
-338.328
 49
-271.272
 49
33.528
 49
-576.072
 49
-1016.0
 53
240.0
 43
18174.173
 44
19607.85
 45
-115.2118189755009
 46
-402.7527240979958
 79
     5
 49
-1219.2
 49
33.528
 49
-271.272
 49
33.528
 49
-677.672
 53
240.0
 43
18174.173
 44
19607.85
 45
-115.2118189755009
 46
-402.7527240979958
 79
     4
 49
-1557.528
 49
-169.672
 49
33.528
 49
-474.472
 98
        1
 10
0.0
 20
0.0
1001
REVIT
1002
{
1070
     1
1000
1465609
1002
}
1002
{
1070
     5
1000
1602992
1002
}
1002
{
1070
     2
1000
-2000011
1002
}
1002
{
1070
     3
1000
-2000540
1002
}
  0
LINE
  5
253
330
70
100
AcDbEntity
  8
A-WALL
100
AcDbLine
 10
7602.225854429345
 20
35090.0
 30
0.0
 11
7602.225854429345
 21
35540.0
 31
0.0
1001
REVIT
1002
{
1070
     1
1000
1465609
1002
}
1002
{
1070
     5
1000
1602992
1002
}
1002
{
1070
     2
1000
-2000011
1002
}
  0
HATCH
  5
25C
330
70
100
AcDbEntity
  8
A-WALL-PATT
370
     9
100
AcDbHatch
 10
0.0
 20
0.0
 30
0.0
210
0.0
220
0.0
230
1.0
  2
FP_4
 70
     0
 71
     0
 91
        1
 92
        1
 93
        6
 72
     1
 10
8257.367559393377
 20
35090.00000000002
 11
9034.46338285362
 21
35090.00000000002
 72
     1
 10
9034.46338285362
 20
35090.00000000002
 11
9034.46338285362
 21
35540.00000000002
 72
     1
 10
9034.46338285362
 20
35540.00000000002
 11
7787.225854429333
 21
35540.00000000002
 72
     1
 10
7787.225854429333
 20
35540.00000000002
 11
7787.225854429333
 21
35090.00000000002
 72
     1
 10
7787.225854429333
 20
35090.00000000002
 11
8162.945090931767
 21
35090.00000000002
 72
     1
 10
8162.945090931767
 20
35090.00000000002
 11
8257.367559393377
 21
35090.00000000002
 97
        0
 75
     0
 76
     2
 52
0.0
 41
1.0
 77
     0
 78
    10
 53
0.0
 43
17970.973
 44
19353.85
 45
406.4
 46
101.6
 79
     5
 49
33.528
 49
-271.272
 49
33.528
 49
-271.272
 49
-1625.6
 53
0.0
 43
17970.973
 44
19353.85
 45
406.4
 46
101.6
 79
     6
 49
-609.6
 49
33.528
 49
-576.072
 49
33.528
 49
-271.272
 49
-711.2
 53
0.0
 43
17970.973
 44
19353.85
 45
406.4
 46
101.6
 79
     5
 49
-1524.0
 49
33.528
 49
-169.672
 49
33.528
 49
-474.472
 53
120.0
 43
18123.373
 44
19404.65
 45
-291.1881810244989
 46
301.1527240979959
 79
     5
 49
33.52799999999999
 49
-271.2719999999999
 49
33.52799999999999
 49
-271.2719999999999
 49
-1625.6
 53
120.0
 43
18123.373
 44
19404.65
 45
-291.1881810244989
 46
301.1527240979959
 79
     6
 49
-609.5999999999999
 49
33.52799999999999
 49
-576.0719999999999
 49
33.52799999999999
 49
-271.2719999999999
 49
-711.1999999999999
 53
120.0
 43
18123.373
 44
19404.65
 45
-291.1881810244989
 46
301.1527240979959
 79
     5
 49
-1524.0
 49
33.52799999999999
 49
-169.672
 49
33.52799999999999
 49
-474.4719999999999
 53
240.0
 43
18174.173
 44
19607.85
 45
-115.2118189755009
 46
-402.7527240979958
 79
     4
 49
33.528
 49
-271.272
 49
33.528
 49
-1896.872
 53
240.0
 43
18174.173
 44
19607.85
 45
-115.2118189755009
 46
-402.7527240979958
 79
     5
 49
-338.328
 49
-271.272
 49
33.528
 49
-576.072
 49
-1016.0
 53
240.0
 43
18174.173
 44
19607.85
 45
-115.2118189755009
 46
-402.7527240979958
 79
     5
 49
-1219.2
 49
33.528
 49
-271.272
 49
33.528
 49
-677.672
 53
240.0
 43
18174.173
 44
19607.85
 45
-115.2118189755009
 46
-402.7527240979958
 79
     4
 49
-1557.528
 49
-169.672
 49
33.528
 49
-474.472
 98
        1
 10
0.0
 20
0.0
1001
REVIT
1002
{
1070
     1
1000
1465654
1002
}
1002
{
1070
     5
1000
1602992
1002
}
1002
{
1070
     4
1000
24
1002
}
1002
{
1070
     2
1000
-2000011
1002
}
1002
{
1070
     3
1000
-2000540
1002
}
  0
LINE
  5
25D
330
70
100
AcDbEntity
  8
A-WALL
100
AcDbLine
 10
7602.225854429345
 20
35090.0
 30
0.0
 11
9034.463382853632
 21
35090.0
 31
0.0
1001
REVIT
1002
{
1070
     1
1000
1465654
1002
}
1002
{
1070
     5
1000
1602992
1002
}
1002
{
1070
     2
1000
-2000011
1002
}
  0
LINE
  5
25E
330
70
100
AcDbEntity
  8
A-WALL
100
AcDbLine
 10
9034.463382853632
 20
35540.0
 30
0.0
 11
7602.225854429345
 21
35540.0
 31
0.0
1001
REVIT
1002
{
1070
     1
1000
1465654
1002
}
1002
{
1070
     5
1000
1602992
1002
}
1002
{
1070
     2
1000
-2000011
1002
}
  0
HATCH
  5
264
330
70
100
AcDbEntity
  8
A-WALL-PATT
370
     9
100
AcDbHatch
 10
0.0
 20
0.0
 30
0.0
210
0.0
220
0.0
230
1.0
  2
FP_5
 70
     0
 71
     0
 91
        1
 92
        1
 93
        5
 72
     1
 10
9034.463382853619
 20
35090.00000000002
 11
9109.463382853619
 21
35090.00000000002
 72
     1
 10
9109.463382853619
 20
35090.00000000002
 11
9109.463382853619
 21
35890.00000000002
 72
     1
 10
9109.463382853619
 20
35890.00000000002
 11
9034.463382853619
 21
35890.00000000002
 72
     1
 10
9034.463382853619
 20
35890.00000000002
 11
9034.463382853619
 21
35467.06519860117
 72
     1
 10
9034.463382853619
 20
35467.06519860117
 11
9034.463382853619
 21
35090.00000000002
 97
        0
 75
     0
 76
     2
 52
-134.9999999999997
 41
1.0
 77
     0
 78
     2
 53
315.0000000000002
 43
9034.46363402152
 44
35489.9997676298
 45
70.7106781186544
 46
70.7106781186551
 79
     0
 53
45.00000000000028
 43
9034.46363402152
 44
35489.9997676298
 45
-70.71067811865508
 46
70.71067811865441
 79
     0
 98
        1
 10
0.0
 20
0.0
1001
REVIT
1002
{
1070
     1
1000
1465755
1002
}
1002
{
1070
     5
1000
1602992
1002
}
1002
{
1070
     2
1000
-2000011
1002
}
1002
{
1070
     3
1000
-2000588
1002
}
  0
LINE
  5
265
330
70
100
AcDbEntity
  8
A-WALL
370
    25
100
AcDbLine
 10
9034.46338285363
 20
35890.0
 30
0.0
 11
9034.46338285363
 21
35090.0
 31
0.0
1001
REVIT
1002
{
1070
     1
1000
1465755
1002
}
1002
{
1070
     5
1000
1602992
1002
}
1002
{
1070
     2
1000
-2000011
1002
}
  0
LINE
  5
266
330
70
100
AcDbEntity
  8
A-WALL
370
    25
100
AcDbLine
 10
9034.46338285363
 20
35090.0
 30
0.0
 11
9219.46338285363
 21
35090.0
 31
0.0
1001
REVIT
1002
{
1070
     1
1000
1465755
1002
}
1002
{
1070
     5
1000
1602992
1002
}
1002
{
1070
     2
1000
-2000011
1002
}
  0
LINE
  5
267
330
70
100
AcDbEntity
  8
A-WALL
370
    25
100
AcDbLine
 10
9219.46338285362
 20
35140.0
 30
0.0
 11
9219.46338285363
 21
35890.0
 31
0.0
1001
REVIT
1002
{
1070
     1
1000
1465755
1002
}
1002
{
1070
     5
1000
1602992
1002
}
1002
{
1070
     2
1000
-2000011
1002
}
  0
LINE
  5
268
330
70
100
AcDbEntity
  8
A-WALL
370
    25
100
AcDbLine
 10
9219.46338285363
 20
35890.0
 30
0.0
 11
9034.46338285363
 21
35890.0
 31
0.0
1001
REVIT
1002
{
1070
     1
1000
1465755
1002
}
1002
{
1070
     5
1000
1602992
1002
}
1002
{
1070
     2
1000
-2000011
1002
}
  0
LINE
  5
269
330
70
100
AcDbEntity
  8
A-WALL
100
AcDbLine
 10
9129.463382853632
 20
35090.0
 30
0.0
 11
9129.463382853632
 21
35890.0
 31
0.0
1001
REVIT
1002
{
1070
     1
1000
1465755
1002
}
1002
{
1070
     5
1000
1602992
1002
}
1002
{
1070
     2
1000
-2000011
1002
}
1002
{
1070
     3
1000
-2000586
1002
}
  0
LINE
  5
26A
330
70
100
AcDbEntity
  8
A-WALL
100
AcDbLine
 10
9109.46338285363
 20
35090.0
 30
0.0
 11
9109.46338285363
 21
35890.0
 31
0.0
1001
REVIT
1002
{
1070
     1
1000
1465755
1002
}
1002
{
1070
     5
1000
1602992
1002
}
1002
{
1070
     2
1000
-2000011
1002
}
1002
{
1070
     3
1000
-2000586
1002
}
  0
LINE
  5
26B
330
70
100
AcDbEntity
  8
A-FLOR
100
AcDbLine
 10
8124.555619666653
 20
32254.0
 30
0.0
 11
6746.608064007637
 21
32254.0
 31
0.0
1001
REVIT
1002
{
1070
     1
1000
1466052
1002
}
1002
{
1070
     5
1000
1270503
1002
}
1002
{
1070
     2
1000
-2000032
1002
}
  0
LINE
  5
26C
330
70
100
AcDbEntity
  8
A-FLOR
100
AcDbLine
 10
7299.463382629027
 20
32054.0
 30
0.0
 11
7989.463382628448
 21
32054.0
 31
0.0
1001
REVIT
1002
{
1070
     1
1000
1466052
1002
}
1002
{
1070
     5
1000
1270503
1002
}
1002
{
1070
     2
1000
-2000032
1002
}
  0
LINE
  5
26D
330
70
100
AcDbEntity
  8
C-TOPO
370
    70
100
AcDbLine
 10
8489.46338285362
 20
32038.84047277641
 30
0.0
 11
7299.463382629028
 21
32038.84047277641
 31
0.0
1001
REVIT
1002
{
1070
     1
1000
1467487
1002
}
1002
{
1070
     2
1000
-2001340
1002
}
  0
LINE
  5
26E
330
70
100
AcDbEntity
  8
C-TOPO
100
AcDbLine
 10
7299.463382629016
 20
32038.83973388674
 30
0.0
 11
8489.46338285361
 21
32038.83973388674
 31
0.0
1001
REVIT
1002
{
1070
     1
1000
1467487
1002
}
1002
{
1070
     2
1000
-2001340
1002
}
  0
LINE
  5
26F
330
70
100
AcDbEntity
  8
A-FLOR
100
AcDbLine
 10
13731.46338338873
 20
35541.0
 30
0.0
 11
14577.46338338873
 21
35541.0
 31
0.0
1001
REVIT
1002
{
1070
     1
1000
1476340
1002
}
1002
{
1070
     5
1000
1226766
1002
}
1002
{
1070
     2
1000
-2000032
1002
}
  0
LINE
  5
270
330
70
100
AcDbEntity
  8
A-WALL
100
AcDbLine
 10
23849.46338393949
 20
31890.0
 30
0.0
 11
23849.46338393949
 21
30090.0
 31
0.0
1001
REVIT
1002
{
1070
     1
1000
1480447
1002
}
1002
{
1070
     5
1000
1220569
1002
}
1002
{
1070
     2
1000
-2000011
1002
}
  0
LINE
  5
271
330
70
100
AcDbEntity
  8
A-WALL
100
AcDbLine
 10
23849.46338393949
 20
30090.0
 30
0.0
 11
22279.46338393949
 21
30090.0
 31
0.0
1001
REVIT
1002
{
1070
     1
1000
1480447
1002
}
1002
{
1070
     5
1000
1220569
1002
}
1002
{
1070
     2
1000
-2000011
1002
}
  0
LINE
  5
272
330
70
100
AcDbEntity
  8
A-WALL
100
AcDbLine
 10
22279.46338393949
 20
30090.0
 30
0.0
 11
22279.46338393949
 21
31890.0
 31
0.0
1001
REVIT
1002
{
1070
     1
1000
1480447
1002
}
1002
{
1070
     5
1000
1220569
1002
}
1002
{
1070
     2
1000
-2000011
1002
}
  0
LINE
  5
273
330
70
100
AcDbEntity
  8
A-WALL
100
AcDbLine
 10
19969.46338393946
 20
31890.0
 30
0.0
 11
19969.46338393946
 21
30090.0
 31
0.0
1001
REVIT
1002
{
1070
     1
1000
1480447
1002
}
1002
{
1070
     5
1000
1220569
1002
}
1002
{
1070
     2
1000
-2000011
1002
}
  0
LINE
  5
274
330
70
100
AcDbEntity
  8
A-WALL
100
AcDbLine
 10
19969.46338393946
 20
30090.0
 30
0.0
 11
19002.76338385018
 21
30090.0
 31
0.0
1001
REVIT
1002
{
1070
     1
1000
1480447
1002
}
1002
{
1070
     5
1000
1220569
1002
}
1002
{
1070
     2
1000
-2000011
1002
}
  0
LINE
  5
275
330
70
100
AcDbEntity
  8
A-WALL
100
AcDbLine
 10
18901.16338385019
 20
30090.0
 30
0.0
 11
18888.46338385018
 21
30090.0
 31
0.0
1001
REVIT
1002
{
1070
     1
1000
1480447
1002
}
1002
{
1070
     5
1000
1220569
1002
}
1002
{
1070
     2
1000
-2000011
1002
}
  0
INSERT
  5
290
330
70
100
AcDbEntity
  8
A-DOOR
100
AcDbBlockReference
  2
Stacker Door - 3 Panel - FXX2436-2545093-SECTION C-C
 10
0.0
 20
0.0
 30
0.0
1001
REVIT
1002
{
1070
     1
1000
1486116
1002
}
1002
{
1070
     5
1000
1546861
1002
}
1002
{
1070
     2
1000
-2000023
1002
}
  0
INSERT
  5
2A8
330
70
100
AcDbEntity
  8
A-GLAZ
100
AcDbBlockReference
  2
2 panel 1 mullion_900 - AF1822-2344114-SECTION C-C
 10
0.0
 20
0.0
 30
0.0
1001
REVIT
1002
{
1070
     1
1000
1486155
1002
}
1002
{
1070
     5
1000
2344090
1002
}
1002
{
1070
     2
1000
-2000014
1002
}
  0
INSERT
  5
2C1
330
70
100
AcDbEntity
  8
A-DOOR
100
AcDbBlockReference
  2
Sliding Door - 2 Panel - XF2118-2140165-SECTION C-C
 10
0.0
 20
0.0
 30
0.0
1001
REVIT
1002
{
1070
     1
1000
1486956
1002
}
1002
{
1070
     5
1000
1400861
1002
}
1002
{
1070
     2
1000
-2000023
1002
}
  0
LINE
  5
2C3
330
70
100
AcDbEntity
  8
A-ROOF-MCUT
100
AcDbLine
 10
9589.463382853599
 20
35140.0
 30
0.0
 11
9219.46338285362
 21
35140.0
 31
0.0
1001
REVIT
1002
{
1070
     1
1000
1488785
1002
}
1002
{
1070
     5
1000
19878
1002
}
1002
{
1070
     2
1000
-2000035
1002
}
1002
{
1070
     3
1000
-2001393
1002
}
  0
LINE
  5
2C4
330
70
100
AcDbEntity
  8
A-ROOF-MCUT
100
AcDbLine
 10
9219.46338285362
 20
35140.0
 30
0.0
 11
9219.46338285362
 21
35090.0
 31
0.0
1001
REVIT
1002
{
1070
     1
1000
1488785
1002
}
1002
{
1070
     5
1000
19878
1002
}
1002
{
1070
     2
1000
-2000035
1002
}
1002
{
1070
     3
1000
-2001393
1002
}
  0
LINE
  5
2C5
330
70
100
AcDbEntity
  8
A-ROOF-MCUT
100
AcDbLine
 10
9219.46338285362
 20
35090.0
 30
0.0
 11
9589.463382853599
 21
35090.0
 31
0.0
1001
REVIT
1002
{
1070
     1
1000
1488785
1002
}
1002
{
1070
     5
1000
19878
1002
}
1002
{
1070
     2
1000
-2000035
1002
}
1002
{
1070
     3
1000
-2001393
1002
}
  0
LINE
  5
2C6
330
70
100
AcDbEntity
  8
A-ROOF-MCUT
100
AcDbLine
 10
9589.463382853599
 20
35090.0
 30
0.0
 11
9589.463382853599
 21
35140.0
 31
0.0
1001
REVIT
1002
{
1070
     1
1000
1488785
1002
}
1002
{
1070
     5
1000
19878
1002
}
1002
{
1070
     2
1000
-2000035
1002
}
1002
{
1070
     3
1000
-2001393
1002
}
  0
LINE
  5
2C7
330
70
100
AcDbEntity
  8
A-CLNG
370
    25
100
AcDbLine
 10
16729.46338425164
 20
38240.0
 30
0.0
 11
9194.463382853639
 21
38240.0
 31
0.0
1001
REVIT
1002
{
1070
     1
1000
1493205
1002
}
1002
{
1070
     5
1000
19847
1002
}
1002
{
1070
     2
1000
-2000038
1002
}
  0
LINE
  5
2C9
330
70
100
AcDbEntity
  8
A-CLNG
370
    25
100
AcDbLine
 10
9194.463382853639
 20
38140.0
 30
0.0
 11
10324.46338455287
 21
38140.0
 31
0.0
1001
REVIT
1002
{
1070
     1
1000
1493205
1002
}
1002
{
1070
     5
1000
19847
1002
}
1002
{
1070
     2
1000
-2000038
1002
}
  0
LINE
  5
2CA
330
70
100
AcDbEntity
  8
A-CLNG
370
    25
100
AcDbLine
 10
10509.46338455286
 20
38140.0
 30
0.0
 11
16729.46338425164
 21
38140.0
 31
0.0
1001
REVIT
1002
{
1070
     1
1000
1493205
1002
}
1002
{
1070
     5
1000
19847
1002
}
1002
{
1070
     2
1000
-2000038
1002
}
  0
LINE
  5
2CB
330
70
100
AcDbEntity
  8
A-CLNG
370
    25
100
AcDbLine
 10
16729.46338425164
 20
38140.0
 30
0.0
 11
16729.46338425164
 21
38240.0
 31
0.0
1001
REVIT
1002
{
1070
     1
1000
1493205
1002
}
1002
{
1070
     5
1000
19847
1002
}
1002
{
1070
     2
1000
-2000038
1002
}
  0
HATCH
  5
2D1
330
70
100
AcDbEntity
  8
A-WALL-PATT
370
     9
100
AcDbHatch
 10
0.0
 20
0.0
 30
0.0
210
0.0
220
0.0
230
1.0
  2
FP_6
 70
     0
 71
     0
 91
        1
 92
        1
 93
        5
 72
     1
 10
28369.35334171622
 20
31890.00000000002
 11
28374.46338208719
 21
31890.00000000002
 72
     1
 10
28374.46338208719
 20
31890.00000000002
 11
28374.46338208719
 21
32590.00000000002
 72
     1
 10
28374.46338208719
 20
32590.00000000002
 11
28299.46338208719
 21
32590.00000000002
 72
     1
 10
28299.46338208719
 20
32590.00000000002
 11
28299.46338208719
 21
31890.00000000002
 72
     1
 10
28299.46338208719
 20
31890.00000000002
 11
28369.35334171622
 21
31890.00000000002
 97
        0
 75
     0
 76
     2
 52
224.9999999999994
 41
1.0
 77
     0
 78
     2
 53
134.9999999999994
 43
28374.46342450935
 44
32239.99982258056
 45
-70.71067811865545
 46
-70.71067811865404
 79
     0
 53
224.9999999999994
 43
28374.46342450935
 44
32239.99982258056
 45
70.71067811865406
 46
-70.71067811865544
 79
     0
 98
        1
 10
0.0
 20
0.0
1001
REVIT
1002
{
1070
     1
1000
1494979
1002
}
1002
{
1070
     5
1000
2345580
1002
}
1002
{
1070
     4
1000
24
1002
}
1002
{
1070
     2
1000
-2000011
1002
}
1002
{
1070
     3
1000
-2000588
1002
}
  0
LINE
  5
2D2
330
70
100
AcDbEntity
  8
A-WALL
370
    25
100
AcDbLine
 10
28374.46338208718
 20
31890.0
 30
0.0
 11
28374.46338208718
 21
32590.00000000001
 31
0.0
1001
REVIT
1002
{
1070
     1
1000
1494979
1002
}
1002
{
1070
     5
1000
2345580
1002
}
1002
{
1070
     2
1000
-2000011
1002
}
  0
LINE
  5
2D3
330
70
100
AcDbEntity
  8
A-WALL
370
    25
100
AcDbLine
 10
28374.46338208718
 20
32590.00000000001
 30
0.0
 11
28299.46338208718
 21
32590.00000000001
 31
0.0
1001
REVIT
1002
{
1070
     1
1000
1494979
1002
}
1002
{
1070
     5
1000
2345580
1002
}
1002
{
1070
     2
1000
-2000011
1002
}
  0
INSERT
  5
2EA
330
70
100
AcDbEntity
  8
A-GLAZ
100
AcDbBlockReference
  2
F_AA 0606 - 1509_1 PANEL_ - F3718-2099822-SECTION C-C
 10
0.0
 20
0.0
 30
0.0
1001
REVIT
1002
{
1070
     1
1000
1495634
1002
}
1002
{
1070
     5
1000
1779118
1002
}
1002
{
1070
     2
1000
-2000014
1002
}
1002
{
1070
     3
1000
-2000016
1002
}
  0
LINE
  5
2EB
330
70
100
AcDbEntity
  8
A-FLOR
100
AcDbLine
 10
24029.46338208714
 20
29040.0
 30
0.0
 11
22969.46338208713
 21
29040.0
 31
0.0
1001
REVIT
1002
{
1070
     1
1000
1501285
1002
}
1002
{
1070
     5
1000
1374337
1002
}
1002
{
1070
     2
1000
-2000032
1002
}
  0
LINE
  5
2EC
330
70
100
AcDbEntity
  8
A-FLOR
100
AcDbLine
 10
19969.46338384979
 20
29040.0
 30
0.0
 11
19002.76338385019
 21
29040.0
 31
0.0
1001
REVIT
1002
{
1070
     1
1000
1501285
1002
}
1002
{
1070
     5
1000
1374337
1002
}
1002
{
1070
     2
1000
-2000032
1002
}
  0
LINE
  5
2ED
330
70
100
AcDbEntity
  8
A-FLOR
100
AcDbLine
 10
18901.16338385019
 20
29040.0
 30
0.0
 11
18888.46338385019
 21
29040.0
 31
0.0
1001
REVIT
1002
{
1070
     1
1000
1501285
1002
}
1002
{
1070
     5
1000
1374337
1002
}
1002
{
1070
     2
1000
-2000032
1002
}
  0
LINE
  5
2EE
330
70
100
AcDbEntity
  8
A-FLOR
100
AcDbLine
 10
18888.46338385018
 20
29490.0
 30
0.0
 11
18901.16338385019
 21
29490.0
 31
0.0
1001
REVIT
1002
{
1070
     1
1000
1501285
1002
}
1002
{
1070
     5
1000
1374337
1002
}
1002
{
1070
     2
1000
-2000032
1002
}
  0
LINE
  5
2EF
330
70
100
AcDbEntity
  8
A-FLOR
100
AcDbLine
 10
19002.76338385019
 20
29490.0
 30
0.0
 11
19969.46338384979
 21
29490.0
 31
0.0
1001
REVIT
1002
{
1070
     1
1000
1501285
1002
}
1002
{
1070
     5
1000
1374337
1002
}
1002
{
1070
     2
1000
-2000032
1002
}
  0
LINE
  5
2F0
330
70
100
AcDbEntity
  8
A-FLOR
100
AcDbLine
 10
22969.46338208713
 20
29490.0
 30
0.0
 11
24029.46338208714
 21
29490.0
 31
0.0
1001
REVIT
1002
{
1070
     1
1000
1501285
1002
}
1002
{
1070
     5
1000
1374337
1002
}
1002
{
1070
     2
1000
-2000032
1002
}
  0
LINE
  5
2F1
330
70
100
AcDbEntity
  8
A-ROOF-MCUT
100
AcDbLine
 10
18594.46338394466
 20
37968.3877503288
 30
0.0
 11
18668.66338394466
 21
37968.3877503288
 31
0.0
1001
REVIT
1002
{
1070
     1
1000
1518197
1002
}
1002
{
1070
     5
1000
19886
1002
}
1002
{
1070
     2
1000
-2000035
1002
}
1002
{
1070
     3
1000
-2001391
1002
}
  0
LINE
  5
2F2
330
70
100
AcDbEntity
  8
A-ROOF-MCUT
100
AcDbLine
 10
18668.66338394466
 20
37968.3877503288
 30
0.0
 11
18706.76338394467
 21
38067.89998285648
 31
0.0
1001
REVIT
1002
{
1070
     1
1000
1518197
1002
}
1002
{
1070
     5
1000
19886
1002
}
1002
{
1070
     2
1000
-2000035
1002
}
1002
{
1070
     3
1000
-2001391
1002
}
  0
LINE
  5
2F3
330
70
100
AcDbEntity
  8
A-ROOF-MCUT
100
AcDbLine
 10
18706.76338394467
 20
38067.89998285648
 30
0.0
 11
18719.46338394467
 21
38067.89998285648
 31
0.0
1001
REVIT
1002
{
1070
     1
1000
1518197
1002
}
1002
{
1070
     5
1000
19886
1002
}
1002
{
1070
     2
1000
-2000035
1002
}
1002
{
1070
     3
1000
-2001391
1002
}
  0
LINE
  5
2F4
330
70
100
AcDbEntity
  8
A-ROOF-MCUT
100
AcDbLine
 10
18719.46338394467
 20
38067.89998285648
 30
0.0
 11
18719.46338394466
 21
38080.59998285648
 31
0.0
1001
REVIT
1002
{
1070
     1
1000
1518197
1002
}
1002
{
1070
     5
1000
19886
1002
}
1002
{
1070
     2
1000
-2000035
1002
}
1002
{
1070
     3
1000
-2001391
1002
}
  0
LINE
  5
2F5
330
70
100
AcDbEntity
  8
A-ROOF-MCUT
100
AcDbLine
 10
18719.46338394466
 20
38080.59998285648
 30
0.0
 11
18706.76338394467
 21
38080.59998285648
 31
0.0
1001
REVIT
1002
{
1070
     1
1000
1518197
1002
}
1002
{
1070
     5
1000
19886
1002
}
1002
{
1070
     2
1000
-2000035
1002
}
1002
{
1070
     3
1000
-2001391
1002
}
  0
LINE
  5
2F6
330
70
100
AcDbEntity
  8
A-ROOF-MCUT
100
AcDbLine
 10
18706.76338394467
 20
38080.59998285648
 30
0.0
 11
18706.76338394467
 21
38077.42498285648
 31
0.0
1001
REVIT
1002
{
1070
     1
1000
1518197
1002
}
1002
{
1070
     5
1000
19886
1002
}
1002
{
1070
     2
1000
-2000035
1002
}
1002
{
1070
     3
1000
-2001391
1002
}
  0
LINE
  5
2F7
330
70
100
AcDbEntity
  8
A-ROOF-MCUT
100
AcDbLine
 10
18706.76338394467
 20
38077.42498285648
 30
0.0
 11
18716.28838394466
 21
38077.42498285648
 31
0.0
1001
REVIT
1002
{
1070
     1
1000
1518197
1002
}
1002
{
1070
     5
1000
19886
1002
}
1002
{
1070
     2
1000
-2000035
1002
}
1002
{
1070
     3
1000
-2001391
1002
}
  0
LINE
  5
2F8
330
70
100
AcDbEntity
  8
A-ROOF-MCUT
100
AcDbLine
 10
18716.28838394466
 20
38077.42498285648
 30
0.0
 11
18716.28838394466
 21
38071.07498285648
 31
0.0
1001
REVIT
1002
{
1070
     1
1000
1518197
1002
}
1002
{
1070
     5
1000
19886
1002
}
1002
{
1070
     2
1000
-2000035
1002
}
1002
{
1070
     3
1000
-2001391
1002
}
  0
LINE
  5
2F9
330
70
100
AcDbEntity
  8
A-ROOF-MCUT
100
AcDbLine
 10
18716.28838394466
 20
38071.07498285648
 30
0.0
 11
18704.40108662809
 21
38071.07498285648
 31
0.0
1001
REVIT
1002
{
1070
     1
1000
1518197
1002
}
1002
{
1070
     5
1000
19886
1002
}
1002
{
1070
     2
1000
-2000035
1002
}
1002
{
1070
     3
1000
-2001391
1002
}
  0
LINE
  5
2FA
330
70
100
AcDbEntity
  8
A-ROOF-MCUT
100
AcDbLine
 10
18704.40108662809
 20
38071.07498285648
 30
0.0
 11
18666.30108662809
 21
37971.5627503288
 31
0.0
1001
REVIT
1002
{
1070
     1
1000
1518197
1002
}
1002
{
1070
     5
1000
19886
1002
}
1002
{
1070
     2
1000
-2000035
1002
}
1002
{
1070
     3
1000
-2001391
1002
}
  0
LINE
  5
2FB
330
70
100
AcDbEntity
  8
A-ROOF-MCUT
100
AcDbLine
 10
18666.30108662809
 20
37971.5627503288
 30
0.0
 11
18597.63838394466
 21
37971.5627503288
 31
0.0
1001
REVIT
1002
{
1070
     1
1000
1518197
1002
}
1002
{
1070
     5
1000
19886
1002
}
1002
{
1070
     2
1000
-2000035
1002
}
1002
{
1070
     3
1000
-2001391
1002
}
  0
LINE
  5
2FC
330
70
100
AcDbEntity
  8
A-ROOF-MCUT
100
AcDbLine
 10
18597.63838394466
 20
37971.5627503288
 30
0.0
 11
18597.63838394466
 21
38093.29998285648
 31
0.0
1001
REVIT
1002
{
1070
     1
1000
1518197
1002
}
1002
{
1070
     5
1000
19886
1002
}
1002
{
1070
     2
1000
-2000035
1002
}
1002
{
1070
     3
1000
-2001391
1002
}
  0
LINE
  5
2FD
330
70
100
AcDbEntity
  8
A-ROOF-MCUT
100
AcDbLine
 10
18597.63838394466
 20
38093.29998285648
 30
0.0
 11
18594.46338394466
 21
38093.29998285648
 31
0.0
1001
REVIT
1002
{
1070
     1
1000
1518197
1002
}
1002
{
1070
     5
1000
19886
1002
}
1002
{
1070
     2
1000
-2000035
1002
}
1002
{
1070
     3
1000
-2001391
1002
}
  0
LINE
  5
2FE
330
70
100
AcDbEntity
  8
A-ROOF-MCUT
100
AcDbLine
 10
18594.46338394466
 20
38093.29998285648
 30
0.0
 11
18594.46338394466
 21
37968.3877503288
 31
0.0
1001
REVIT
1002
{
1070
     1
1000
1518197
1002
}
1002
{
1070
     5
1000
19886
1002
}
1002
{
1070
     2
1000
-2000035
1002
}
1002
{
1070
     3
1000
-2001391
1002
}
  0
LINE
  5
2FF
330
70
100
AcDbEntity
  8
A-ROOF
370
    35
100
AcDbLine
 10
20579.46338386737
 20
36141.06513241276
 30
0.0
 11
20579.46338386737
 21
35939.29734506655
 31
0.0
1001
REVIT
1002
{
1070
     1
1000
1532125
1002
}
1002
{
1070
     5
1000
1378895
1002
}
1002
{
1070
     2
1000
-2000035
1002
}
  0
LINE
  5
300
330
70
100
AcDbEntity
  8
A-ROOF
370
    35
100
AcDbLine
 10
20579.46338386737
 20
35939.29734506655
 30
0.0
 11
28029.46338208718
 21
35287.50680195419
 31
0.0
1001
REVIT
1002
{
1070
     1
1000
1532125
1002
}
1002
{
1070
     5
1000
1378895
1002
}
1002
{
1070
     2
1000
-2000035
1002
}
  0
LINE
  5
301
330
70
100
AcDbEntity
  8
A-ROOF
370
    35
100
AcDbLine
 10
28299.46338208718
 20
35263.88486280219
 30
0.0
 11
28899.46338208718
 21
35211.39166468664
 31
0.0
1001
REVIT
1002
{
1070
     1
1000
1532125
1002
}
1002
{
1070
     5
1000
1378895
1002
}
1002
{
1070
     2
1000
-2000035
1002
}
  0
LINE
  5
302
330
70
100
AcDbEntity
  8
A-ROOF
370
    35
100
AcDbLine
 10
28899.46338208718
 20
35211.39166468664
 30
0.0
 11
28899.46338208718
 21
35288.24721950518
 31
0.0
1001
REVIT
1002
{
1070
     1
1000
1532125
1002
}
1002
{
1070
     5
1000
1378895
1002
}
1002
{
1070
     2
1000
-2000035
1002
}
  0
LINE
  5
303
330
70
100
AcDbEntity
  8
A-ROOF
370
    35
100
AcDbLine
 10
28899.46338208718
 20
35413.15945203285
 30
0.0
 11
20579.46338386737
 21
36141.06513241276
 31
0.0
1001
REVIT
1002
{
1070
     1
1000
1532125
1002
}
1002
{
1070
     5
1000
1378895
1002
}
1002
{
1070
     2
1000
-2000035
1002
}
  0
LINE
  5
304
330
70
100
AcDbEntity
  8
A-ROOF
100
AcDbLine
 10
20579.46338386737
 20
36140.06131257522
 30
0.0
 11
28899.4633820872
 21
35412.15563219531
 31
0.0
1001
REVIT
1002
{
1070
     1
1000
1532125
1002
}
1002
{
1070
     5
1000
1378895
1002
}
1002
{
1070
     2
1000
-2000035
1002
}
1002
{
1070
     3
1000
-2000596
1002
}
  0
LINE
  5
305
330
70
100
AcDbEntity
  8
A-ROOF
100
AcDbLine
 10
20579.46338386737
 20
36039.67932882089
 30
0.0
 11
28899.4633820872
 21
35311.77364844098
 31
0.0
1001
REVIT
1002
{
1070
     1
1000
1532125
1002
}
1002
{
1070
     5
1000
1378895
1002
}
1002
{
1070
     2
1000
-2000035
1002
}
1002
{
1070
     3
1000
-2000596
1002
}
  0
LINE
  5
306
330
70
100
AcDbEntity
  8
A-ROOF-MCUT
100
AcDbLine
 10
28899.46338208718
 20
35288.24721950518
 30
0.0
 11
28973.66338208719
 21
35288.24721950518
 31
0.0
1001
REVIT
1002
{
1070
     1
1000
1534116
1002
}
1002
{
1070
     5
1000
19886
1002
}
1002
{
1070
     2
1000
-2000035
1002
}
1002
{
1070
     3
1000
-2001391
1002
}
  0
LINE
  5
307
330
70
100
AcDbEntity
  8
A-ROOF-MCUT
100
AcDbLine
 10
28973.66338208719
 20
35288.24721950518
 30
0.0
 11
29011.76338208719
 21
35387.75945203285
 31
0.0
1001
REVIT
1002
{
1070
     1
1000
1534116
1002
}
1002
{
1070
     5
1000
19886
1002
}
1002
{
1070
     2
1000
-2000035
1002
}
1002
{
1070
     3
1000
-2001391
1002
}
  0
LINE
  5
308
330
70
100
AcDbEntity
  8
A-ROOF-MCUT
100
AcDbLine
 10
29011.76338208719
 20
35387.75945203285
 30
0.0
 11
29024.46338208719
 21
35387.75945203285
 31
0.0
1001
REVIT
1002
{
1070
     1
1000
1534116
1002
}
1002
{
1070
     5
1000
19886
1002
}
1002
{
1070
     2
1000
-2000035
1002
}
1002
{
1070
     3
1000
-2001391
1002
}
  0
LINE
  5
309
330
70
100
AcDbEntity
  8
A-ROOF-MCUT
100
AcDbLine
 10
29024.46338208719
 20
35387.75945203285
 30
0.0
 11
29024.46338208719
 21
35400.45945203285
 31
0.0
1001
REVIT
1002
{
1070
     1
1000
1534116
1002
}
1002
{
1070
     5
1000
19886
1002
}
1002
{
1070
     2
1000
-2000035
1002
}
1002
{
1070
     3
1000
-2001391
1002
}
  0
LINE
  5
30A
330
70
100
AcDbEntity
  8
A-ROOF-MCUT
100
AcDbLine
 10
29024.46338208719
 20
35400.45945203285
 30
0.0
 11
29011.76338208719
 21
35400.45945203286
 31
0.0
1001
REVIT
1002
{
1070
     1
1000
1534116
1002
}
1002
{
1070
     5
1000
19886
1002
}
1002
{
1070
     2
1000
-2000035
1002
}
1002
{
1070
     3
1000
-2001391
1002
}
  0
LINE
  5
30B
330
70
100
AcDbEntity
  8
A-ROOF-MCUT
100
AcDbLine
 10
29011.76338208719
 20
35400.45945203286
 30
0.0
 11
29011.76338208719
 21
35397.28445203285
 31
0.0
1001
REVIT
1002
{
1070
     1
1000
1534116
1002
}
1002
{
1070
     5
1000
19886
1002
}
1002
{
1070
     2
1000
-2000035
1002
}
1002
{
1070
     3
1000
-2001391
1002
}
  0
LINE
  5
30C
330
70
100
AcDbEntity
  8
A-ROOF-MCUT
100
AcDbLine
 10
29011.76338208719
 20
35397.28445203285
 30
0.0
 11
29021.28838208719
 21
35397.28445203285
 31
0.0
1001
REVIT
1002
{
1070
     1
1000
1534116
1002
}
1002
{
1070
     5
1000
19886
1002
}
1002
{
1070
     2
1000
-2000035
1002
}
1002
{
1070
     3
1000
-2001391
1002
}
  0
LINE
  5
30D
330
70
100
AcDbEntity
  8
A-ROOF-MCUT
100
AcDbLine
 10
29021.28838208719
 20
35397.28445203285
 30
0.0
 11
29021.28838208719
 21
35390.93445203285
 31
0.0
1001
REVIT
1002
{
1070
     1
1000
1534116
1002
}
1002
{
1070
     5
1000
19886
1002
}
1002
{
1070
     2
1000
-2000035
1002
}
1002
{
1070
     3
1000
-2001391
1002
}
  0
LINE
  5
30E
330
70
100
AcDbEntity
  8
A-ROOF-MCUT
100
AcDbLine
 10
29021.28838208719
 20
35390.93445203285
 30
0.0
 11
29009.40108477061
 21
35390.93445203285
 31
0.0
1001
REVIT
1002
{
1070
     1
1000
1534116
1002
}
1002
{
1070
     5
1000
19886
1002
}
1002
{
1070
     2
1000
-2000035
1002
}
1002
{
1070
     3
1000
-2001391
1002
}
  0
LINE
  5
30F
330
70
100
AcDbEntity
  8
A-ROOF-MCUT
100
AcDbLine
 10
29009.40108477061
 20
35390.93445203285
 30
0.0
 11
28971.30108477061
 21
35291.42221950517
 31
0.0
1001
REVIT
1002
{
1070
     1
1000
1534116
1002
}
1002
{
1070
     5
1000
19886
1002
}
1002
{
1070
     2
1000
-2000035
1002
}
1002
{
1070
     3
1000
-2001391
1002
}
  0
LINE
  5
310
330
70
100
AcDbEntity
  8
A-ROOF-MCUT
100
AcDbLine
 10
28971.30108477061
 20
35291.42221950517
 30
0.0
 11
28902.63838208719
 21
35291.42221950517
 31
0.0
1001
REVIT
1002
{
1070
     1
1000
1534116
1002
}
1002
{
1070
     5
1000
19886
1002
}
1002
{
1070
     2
1000
-2000035
1002
}
1002
{
1070
     3
1000
-2001391
1002
}
  0
LINE
  5
311
330
70
100
AcDbEntity
  8
A-ROOF-MCUT
100
AcDbLine
 10
28902.63838208719
 20
35291.42221950517
 30
0.0
 11
28902.63838208719
 21
35413.15945203285
 31
0.0
1001
REVIT
1002
{
1070
     1
1000
1534116
1002
}
1002
{
1070
     5
1000
19886
1002
}
1002
{
1070
     2
1000
-2000035
1002
}
1002
{
1070
     3
1000
-2001391
1002
}
  0
LINE
  5
312
330
70
100
AcDbEntity
  8
A-ROOF-MCUT
100
AcDbLine
 10
28902.63838208719
 20
35413.15945203285
 30
0.0
 11
28899.46338208718
 21
35413.15945203285
 31
0.0
1001
REVIT
1002
{
1070
     1
1000
1534116
1002
}
1002
{
1070
     5
1000
19886
1002
}
1002
{
1070
     2
1000
-2000035
1002
}
1002
{
1070
     3
1000
-2001391
1002
}
  0
LINE
  5
313
330
70
100
AcDbEntity
  8
A-ROOF-MCUT
100
AcDbLine
 10
28899.46338208718
 20
35413.15945203285
 30
0.0
 11
28899.46338208718
 21
35288.24721950518
 31
0.0
1001
REVIT
1002
{
1070
     1
1000
1534116
1002
}
1002
{
1070
     5
1000
19886
1002
}
1002
{
1070
     2
1000
-2000035
1002
}
1002
{
1070
     3
1000
-2001391
1002
}
  0
LINE
  5
314
330
70
100
AcDbEntity
  8
A-ROOF-OTLN
100
AcDbLine
 10
25902.63838386737
 20
35675.62544245487
 30
0.0
 11
25899.46338386737
 21
35675.62544245487
 31
0.0
1001
REVIT
1002
{
1070
     1
1000
1534116
1002
}
1002
{
1070
     5
1000
19886
1002
}
1002
{
1070
     2
1000
-2000035
1002
}
1002
{
1070
     3
1000
-2001391
1002
}
  0
HATCH
  5
319
330
70
100
AcDbEntity
  8
A-WALL-PATT
370
     9
100
AcDbHatch
 10
0.0
 20
0.0
 30
0.0
210
0.0
220
0.0
230
1.0
  2
FP_7
 70
     0
 71
     0
 91
        1
 92
        1
 93
        4
 72
     1
 10
10399.46338455286
 20
38140.00000000002
 11
10324.46338455286
 21
38140.00000000002
 72
     1
 10
10324.46338455286
 20
38140.00000000002
 11
10324.46338455286
 21
37980.00000000002
 72
     1
 10
10324.46338455286
 20
37980.00000000002
 11
10399.46338455286
 21
37980.00000000002
 72
     1
 10
10399.46338455286
 20
37980.00000000002
 11
10399.46338455286
 21
38140.00000000002
 97
        0
 75
     0
 76
     2
 52
-135.0000000000003
 41
1.0
 77
     0
 78
     2
 53
314.9999999999997
 43
10324.46328367786
 44
37077.53156603266
 45
70.71067811865512
 46
70.71067811865439
 79
     0
 53
44.99999999999969
 43
10324.46328367786
 44
37077.53156603266
 45
-70.71067811865437
 46
70.71067811865514
 79
     0
 98
        1
 10
0.0
 20
0.0
1001
REVIT
1002
{
1070
     1
1000
1564238
1002
}
1002
{
1070
     5
1000
1602992
1002
}
1002
{
1070
     2
1000
-2000011
1002
}
1002
{
1070
     3
1000
-2000588
1002
}
  0
LINE
  5
31A
330
70
100
AcDbEntity
  8
A-WALL
370
    25
100
AcDbLine
 10
10324.46338455287
 20
38140.0
 30
0.0
 11
10324.46338455287
 21
37980.0
 31
0.0
1001
REVIT
1002
{
1070
     1
1000
1564238
1002
}
1002
{
1070
     5
1000
1602992
1002
}
1002
{
1070
     2
1000
-2000011
1002
}
  0
LINE
  5
31B
330
70
100
AcDbEntity
  8
A-WALL
370
    25
100
AcDbLine
 10
10324.46338455287
 20
37980.0
 30
0.0
 11
10509.46338455286
 21
37980.0
 31
0.0
1001
REVIT
1002
{
1070
     1
1000
1564238
1002
}
1002
{
1070
     5
1000
1602992
1002
}
1002
{
1070
     2
1000
-2000011
1002
}
  0
LINE
  5
31C
330
70
100
AcDbEntity
  8
A-WALL
370
    25
100
AcDbLine
 10
10509.46338455286
 20
37980.0
 30
0.0
 11
10509.46338455286
 21
38140.0
 31
0.0
1001
REVIT
1002
{
1070
     1
1000
1564238
1002
}
1002
{
1070
     5
1000
1602992
1002
}
1002
{
1070
     2
1000
-2000011
1002
}
  0
LINE
  5
31D
330
70
100
AcDbEntity
  8
A-WALL
100
AcDbLine
 10
10509.46338455286
 20
38140.0
 30
0.0
 11
10324.46338455287
 21
38140.0
 31
0.0
1001
REVIT
1002
{
1070
     1
1000
1564238
1002
}
1002
{
1070
     5
1000
1602992
1002
}
1002
{
1070
     2
1000
-2000011
1002
}
1002
{
1070
     3
1000
-2000586
1002
}
  0
LINE
  5
31E
330
70
100
AcDbEntity
  8
A-WALL
100
AcDbLine
 10
10419.46338455287
 20
37980.0
 30
0.0
 11
10419.46338455287
 21
38140.0
 31
0.0
1001
REVIT
1002
{
1070
     1
1000
1564238
1002
}
1002
{
1070
     5
1000
1602992
1002
}
1002
{
1070
     2
1000
-2000011
1002
}
1002
{
1070
     3
1000
-2000586
1002
}
  0
LINE
  5
320
330
70
100
AcDbEntity
  8
A-WALL
100
AcDbLine
 10
10399.46338455286
 20
37980.0
 30
0.0
 11
10399.46338455286
 21
38140.0
 31
0.0
1001
REVIT
1002
{
1070
     1
1000
1564238
1002
}
1002
{
1070
     5
1000
1602992
1002
}
1002
{
1070
     2
1000
-2000011
1002
}
1002
{
1070
     3
1000
-2000586
1002
}
  0
LINE
  5
322
330
70
100
AcDbEntity
  8
A-WALL
100
AcDbLine
 10
10324.46338455287
 20
37978.7047254837
 30
0.0
 11
10324.46338455287
 21
37980.0
 31
0.0
1001
REVIT
1002
{
1070
     1
1000
1564238
1002
}
1002
{
1070
     5
1000
1602992
1002
}
1002
{
1070
     2
1000
-2000011
1002
}
  0
LINE
  5
323
330
70
100
AcDbEntity
  8
A-WALL
100
AcDbLine
 10
10509.46338455287
 20
37980.0
 30
0.0
 11
10509.46338455287
 21
37978.7047254837
 31
0.0
1001
REVIT
1002
{
1070
     1
1000
1564238
1002
}
1002
{
1070
     5
1000
1602992
1002
}
1002
{
1070
     2
1000
-2000011
1002
}
  0
HATCH
  5
336
330
70
100
AcDbEntity
  8
A-WALL-PATT
370
     9
100
AcDbHatch
 10
0.0
 20
0.0
 30
0.0
210
0.0
220
0.0
230
1.0
  2
FP_8
 70
     0
 71
     0
 91
        1
 92
        1
 93
       18
 72
     1
 10
9219.463382853624
 20
35540.00000000002
 11
10324.46338455286
 21
35540.00000000002
 72
     1
 10
10324.46338455286
 20
35540.00000000002
 11
10324.46338455286
 21
38140.00000000002
 72
     1
 10
10324.46338455286
 20
38140.00000000002
 11
9194.463382853623
 21
38140.00000000002
 72
     1
 10
9194.463382853623
 20
38140.00000000002
 11
9194.463382853619
 21
37940.00000000002
 72
     1
 10
9194.463382853619
 20
37940.00000000002
 11
9009.463382853628
 21
37940.00000000002
 72
     1
 10
9009.463382853628
 20
37940.00000000002
 11
9009.463382853628
 21
35540.00000000002
 72
     1
 10
9009.463382853628
 20
35540.00000000002
 11
9034.463382853624
 21
35540.00000000002
 72
     1
 10
9034.463382853624
 20
35540.00000000002
 11
9034.463382853619
 21
35890.00000000002
 72
     1
 10
9034.463382853619
 20
35890.00000000002
 11
9121.488971686194
 21
35890.00000000002
 72
     1
 10
9121.488971686194
 20
35890.00000000002
 11
9121.488971686194
 21
36540.00000000002
 72
     1
 10
9121.488971686194
 20
36540.00000000002
 11
9083.98897168619
 21
36540.00000000002
 72
     1
 10
9083.98897168619
 20
36540.00000000002
 11
9083.98897168619
 21
36590.00000000002
 72
     1
 10
9083.98897168619
 20
36590.00000000002
 11
9133.988971686187
 21
36590.00000000002
 72
     1
 10
9133.988971686187
 20
36590.00000000002
 11
9133.988971686187
 21
36540.00000000002
 72
     1
 10
9133.988971686187
 20
36540.00000000002
 11
9146.488971686194
 21
36540.00000000002
 72
     1
 10
9146.488971686194
 20
36540.00000000002
 11
9146.488971686194
 21
35890.00000000002
 72
     1
 10
9146.488971686194
 20
35890.00000000002
 11
9219.463382853624
 21
35890.00000000002
 72
     1
 10
9219.463382853624
 20
35890.00000000002
 11
9219.463382853624
 21
35540.00000000002
 97
        0
 75
     0
 76
     2
 52
0.0
 41
1.0
 77
     0
 78
     1
 53
90.0
 43
10416.963
 44
35540.0
 45
-75.0
 46
0.0000000000000046
 79
     0
 98
        1
 10
0.0
 20
0.0
1001
REVIT
1002
{
1070
     1
1000
1564402
1002
}
1002
{
1070
     5
1000
1602992
1002
}
1002
{
1070
     2
1000
-2000011
1002
}
1002
{
1070
     3
1000
-2000540
1002
}
  0
LINE
  5
337
330
70
100
AcDbEntity
  8
A-WALL
100
AcDbLine
 10
9009.463382853639
 20
37940.0
 30
0.0
 11
9009.463382853639
 21
35540.0
 31
0.0
1001
REVIT
1002
{
1070
     1
1000
1564402
1002
}
1002
{
1070
     5
1000
1602992
1002
}
1002
{
1070
     2
1000
-2000011
1002
}
  0
LINE
  5
338
330
70
100
AcDbEntity
  8
A-WALL
100
AcDbLine
 10
9219.463382853635
 20
35540.0
 30
0.0
 11
10324.46338455287
 21
35540.0
 31
0.0
1001
REVIT
1002
{
1070
     1
1000
1564402
1002
}
1002
{
1070
     5
1000
1602992
1002
}
1002
{
1070
     2
1000
-2000011
1002
}
  0
HATCH
  5
33D
330
70
100
AcDbEntity
  8
A-WALL-PATT
370
     9
100
AcDbHatch
 10
0.0
 20
0.0
 30
0.0
210
0.0
220
0.0
230
1.0
  2
FP_9
 70
     0
 71
     0
 91
        1
 92
        1
 93
        4
 72
     1
 10
9084.46338285362
 20
37940.00000000002
 11
9084.46338285362
 21
38723.54938573724
 72
     1
 10
9084.46338285362
 20
38723.54938573724
 11
9009.46338285362
 21
38730.11103550169
 72
     1
 10
9009.46338285362
 20
38730.11103550169
 11
9009.46338285362
 21
37940.00000000002
 72
     1
 10
9009.46338285362
 20
37940.00000000002
 11
9084.46338285362
 21
37940.00000000002
 97
        0
 75
     0
 76
     2
 52
-135.0000000000003
 41
1.0
 77
     0
 78
     2
 53
314.9999999999997
 43
9009.46316666626
 44
38335.05521544229
 45
70.71067811865512
 46
70.71067811865439
 79
     0
 53
44.99999999999969
 43
9009.46316666626
 44
38335.05521544229
 45
-70.71067811865437
 46
70.71067811865514
 79
     0
 98
        1
 10
0.0
 20
0.0
1001
REVIT
1002
{
1070
     1
1000
1567430
1002
}
1002
{
1070
     5
1000
1602992
1002
}
1002
{
1070
     2
1000
-2000011
1002
}
1002
{
1070
     3
1000
-2000588
1002
}
  0
LINE
  5
33E
330
70
100
AcDbEntity
  8
A-WALL
370
    25
100
AcDbLine
 10
9009.46338285363
 20
38730.11103550167
 30
0.0
 11
9009.46338285363
 21
37940.0
 31
0.0
1001
REVIT
1002
{
1070
     1
1000
1567430
1002
}
1002
{
1070
     5
1000
1602992
1002
}
1002
{
1070
     2
1000
-2000011
1002
}
  0
LINE
  5
33F
330
70
100
AcDbEntity
  8
A-WALL
370
    25
100
AcDbLine
 10
9009.46338285363
 20
37940.0
 30
0.0
 11
9194.46338285363
 21
37940.0
 31
0.0
1001
REVIT
1002
{
1070
     1
1000
1567430
1002
}
1002
{
1070
     5
1000
1602992
1002
}
1002
{
1070
     2
1000
-2000011
1002
}
  0
LINE
  5
340
330
70
100
AcDbEntity
  8
A-WALL
370
    25
100
AcDbLine
 10
9194.46338285363
 20
37940.0
 30
0.0
 11
9194.46338285363
 21
38713.92563274937
 31
0.0
1001
REVIT
1002
{
1070
     1
1000
1567430
1002
}
1002
{
1070
     5
1000
1602992
1002
}
1002
{
1070
     2
1000
-2000011
1002
}
  0
LINE
  5
341
330
70
100
AcDbEntity
  8
A-WALL
100
AcDbLine
 10
9194.46338285363
 20
38713.92563274937
 30
0.0
 11
9009.46338285363
 21
38730.11103550167
 31
0.0
1001
REVIT
1002
{
1070
     1
1000
1567430
1002
}
1002
{
1070
     5
1000
1602992
1002
}
1002
{
1070
     2
1000
-2000011
1002
}
1002
{
1070
     3
1000
-2000586
1002
}
  0
LINE
  5
342
330
70
100
AcDbEntity
  8
A-WALL
100
AcDbLine
 10
9104.463382853632
 20
37940.0
 30
0.0
 11
9104.463382853632
 21
38721.7996124667
 31
0.0
1001
REVIT
1002
{
1070
     1
1000
1567430
1002
}
1002
{
1070
     5
1000
1602992
1002
}
1002
{
1070
     2
1000
-2000011
1002
}
1002
{
1070
     3
1000
-2000586
1002
}
  0
LINE
  5
344
330
70
100
AcDbEntity
  8
A-WALL
100
AcDbLine
 10
9084.463382853632
 20
37940.0
 30
0.0
 11
9084.463382853632
 21
38723.54938573722
 31
0.0
1001
REVIT
1002
{
1070
     1
1000
1567430
1002
}
1002
{
1070
     5
1000
1602992
1002
}
1002
{
1070
     2
1000
-2000011
1002
}
1002
{
1070
     3
1000
-2000586
1002
}
  0
INSERT
  5
34D
330
70
100
AcDbEntity
  8
A-GLAZ-CURT
100
AcDbBlockReference
  2
System Panel - Glazed-1629629-SECTION C-C
 10
0.0
 20
0.0
 30
0.0
1001
REVIT
1002
{
1070
     1
1000
1569836
1002
}
1002
{
1070
     5
1000
1321568
1002
}
1002
{
1070
     2
1000
-2000170
1002
}
  0
INSERT
  5
355
330
70
100
AcDbEntity
  8
A-GLAZ-CWMG
100
AcDbBlockReference
  2
Rectangular Mullion - 25x25-1570824-SECTION C-C
 10
0.0
 20
0.0
 30
0.0
1001
REVIT
1002
{
1070
     1
1000
1570801
1002
}
1002
{
1070
     5
1000
1560816
1002
}
1002
{
1070
     2
1000
-2000171
1002
}
  0
HATCH
  5
35D
330
70
100
AcDbEntity
  8
A-FLOR-PATT
370
     9
100
AcDbHatch
 10
0.0
 20
0.0
 30
0.0
210
0.0
220
0.0
230
1.0
  2
FP_3
 70
     0
 71
     0
 91
        1
 92
        1
 93
        7
 72
     1
 10
9859.463382853619
 20
35304.00000000002
 11
9859.463382853619
 21
35340.00000000002
 72
     1
 10
9859.463382853619
 20
35340.00000000002
 11
10333.46338455286
 21
35340.00000000002
 72
     1
 10
10333.46338455286
 20
35340.00000000002
 11
10333.46338455286
 21
35454.00000000002
 72
     1
 10
10333.46338455286
 20
35454.00000000002
 11
9219.463382853615
 21
35454.00000000002
 72
     1
 10
9219.463382853615
 20
35454.00000000002
 11
9219.463382853615
 21
35304.00000000002
 72
     1
 10
9219.463382853615
 20
35304.00000000002
 11
9768.12705477913
 21
35304.00000000002
 72
     1
 10
9768.12705477913
 20
35304.00000000002
 11
9859.463382853619
 21
35304.00000000002
 97
        0
 75
     0
 76
     2
 52
0.0
 41
1.0
 77
     0
 78
    17
 53
49.99999999999999
 43
17970.973
 44
19353.85
 45
582.9890969798607
 46
-51.00509307516802
 79
     2
 49
60.96
 49
-670.56
 53
355.0
 43
17970.973
 44
19353.85
 45
-112.7767293253219
 46
611.3816312972472
 79
     2
 49
48.768
 49
-536.448
 53
100.451
 43
18019.555
 44
19349.6
 45
470.2160778888968
 46
560.3730076607749
 79
     2
 49
51.808
 49
-569.888
 53
46.184
 43
17970.973
 44
19516.41
 45
867.4527089478838
 46
-134.5367748274727
 79
     2
 49
91.44
 49
-1005.84
 53
96.636
 43
18043.261
 44
19505.199
 45
759.6879071721903
 46
791.7680757907189
 79
     2
 49
77.712
 49
-854.832
 53
351.184
 43
17970.973
 44
19516.41
 45
759.6960163844116
 46
791.7607861511301
 79
     2
 49
73.152
 49
-804.672
 53
21.0
 43
18052.253
 44
19475.77
 45
485.1659934615853
 46
-327.2487822825823
 79
     2
 49
60.96
 49
-670.56
 53
325.9999999999999
 43
18052.253
 44
19475.77
 45
197.7669465201526
 46
589.4016666324376
 79
     2
 49
48.768
 49
-536.448
 53
71.45100000000001
 43
18092.683
 44
19448.499
 45
682.9344733757403
 46
262.1479976940511
 79
     2
 49
51.808
 49
-569.888
 53
37.5
 43
17970.973
 44
19353.85
 45
9.883035223681148
 46
270.5760469438628
 79
     5
 49
26.822
 49
-503.123
 49
26.822
 49
-517.754
 49
-538.48
 53
37.5
 43
17970.973
 44
19353.85
 45
9.883035223681148
 46
270.5760469438628
 79
     3
 49
-1074.522
 49
26.822
 49
-511.658
 53
7.5
 43
17970.973
 44
19353.85
 45
213.8224524709532
 46
320.5780199332246
 79
     5
 49
26.822
 49
-283.667
 49
26.822
 49
-490.931
 49
-205.232
 53
7.5
 43
17970.973
 44
19353.85
 45
213.8224524709532
 46
320.5780199332246
 79
     3
 49
-828.243
 49
26.822
 49
-178.41
 53
327.5
 43
17789.719
 44
19353.85
 45
433.8910025716608
 46
-18.33249059345368
 79
     5
 49
26.822
 49
-176.378
 49
26.822
 49
-607.1619999999999
 49
-841.248
 53
327.5
 43
17789.719
 44
19353.85
 45
433.8910025716608
 46
-18.33249059345368
 79
     3
 49
-837.184
 49
26.822
 49
-814.426
 53
317.5
 43
17708.439
 44
19353.85
 45
474.0138619252369
 46
81.36541517575179
 79
     5
 49
26.822
 49
-237.338
 49
26.822
 49
-394.208
 49
-597.408
 53
317.5
 43
17708.439
 44
19353.85
 45
474.0138619252369
 46
81.36541517575179
 79
     3
 49
-685.19
 49
26.822
 49
-570.586
 98
        1
 10
0.0
 20
0.0
1001
REVIT
1002
{
1070
     1
1000
1587646
1002
}
1002
{
1070
     5
1000
2174665
1002
}
1002
{
1070
     4
1000
758
1002
}
1002
{
1070
     2
1000
-2000032
1002
}
1002
{
1070
     3
1000
-2000608
1002
}
  0
LINE
  5
35E
330
70
100
AcDbEntity
  8
A-FLOR
370
    35
100
AcDbLine
 10
9219.463382853626
 20
35304.0
 30
0.0
 11
9859.46338285363
 21
35304.0
 31
0.0
1001
REVIT
1002
{
1070
     1
1000
1587646
1002
}
1002
{
1070
     5
1000
2174665
1002
}
1002
{
1070
     2
1000
-2000032
1002
}
  0
LINE
  5
35F
330
70
100
AcDbEntity
  8
A-FLOR
370
    35
100
AcDbLine
 10
10333.46338455287
 20
35454.0
 30
0.0
 11
9219.463382853626
 21
35454.0
 31
0.0
1001
REVIT
1002
{
1070
     1
1000
1587646
1002
}
1002
{
1070
     5
1000
2174665
1002
}
1002
{
1070
     2
1000
-2000032
1002
}
  0
LINE
  5
360
330
70
100
AcDbEntity
  8
A-FLOR
370
    35
100
AcDbLine
 10
9219.463382853626
 20
35454.0
 30
0.0
 11
9219.463382853626
 21
35304.0
 31
0.0
1001
REVIT
1002
{
1070
     1
1000
1587646
1002
}
1002
{
1070
     5
1000
2174665
1002
}
1002
{
1070
     2
1000
-2000032
1002
}
  0
INSERT
  5
477
330
70
100
AcDbEntity
  8
Q-CASE
100
AcDbBlockReference
  2
Windows 1 - Windows 1-1602304-SECTION C-C
 10
0.0
 20
0.0
 30
0.0
1001
REVIT
1002
{
1070
     1
1000
1602579
1002
}
1002
{
1070
     5
1000
1602304
1002
}
1002
{
1070
     2
1000
-2001000
1002
}
  0
HATCH
  5
47D
330
70
100
AcDbEntity
  8
A-WALL-PATT
370
     9
100
AcDbHatch
 10
0.0
 20
0.0
 30
0.0
210
0.0
220
0.0
230
1.0
  2
FP_1
 70
     0
 71
     0
 91
        1
 92
        1
 93
        5
 72
     1
 10
9768.12705477913
 20
28718.00000000001
 11
9859.463382853624
 21
28718.00000000001
 72
     1
 10
9859.463382853624
 20
28718.00000000001
 11
9859.463382853624
 21
31938.00000000002
 72
     1
 10
9859.463382853624
 20
31938.00000000002
 11
9749.463382853619
 21
31938.00000000002
 72
     1
 10
9749.463382853619
 20
31938.00000000002
 11
9749.463382853619
 21
28718.00000000001
 72
     1
 10
9749.463382853619
 20
28718.00000000001
 11
9768.12705477913
 21
28718.00000000001
 97
        0
 75
     0
 76
     2
 52
0.0
 41
1.0
 77
     0
 78
     2
 53
45.0
 43
17970.973
 44
19353.85
 45
-251.4471713899363
 46
251.4471713899363
 79
     0
 53
45.0
 43
17970.973
 44
19734.85
 45
-251.4471713899363
 46
251.4471713899363
 79
     0
 98
        1
 10
0.0
 20
0.0
1001
REVIT
1002
{
1070
     1
1000
1630665
1002
}
1002
{
1070
     5
1000
1220569
1002
}
1002
{
1070
     4
1000
24
1002
}
1002
{
1070
     2
1000
-2000011
1002
}
1002
{
1070
     3
1000
-2000588
1002
}
  0
HATCH
  5
482
330
70
100
AcDbEntity
  8
A-WALL-PATT
370
     9
100
AcDbHatch
 10
0.0
 20
0.0
 30
0.0
210
0.0
220
0.0
230
1.0
  2
FP_1
 70
     0
 71
     0
 91
        1
 92
        1
 93
        4
 72
     1
 10
9699.46338285362
 20
28718.00000000001
 11
9699.46338285362
 21
31938.00000000002
 72
     1
 10
9699.46338285362
 20
31938.00000000002
 11
9589.463382853623
 21
31938.00000000002
 72
     1
 10
9589.463382853623
 20
31938.00000000002
 11
9589.463382853623
 21
28718.00000000001
 72
     1
 10
9589.463382853623
 20
28718.00000000001
 11
9699.46338285362
 21
28718.00000000001
 97
        0
 75
     0
 76
     2
 52
0.0
 41
1.0
 77
     0
 78
     2
 53
45.0
 43
17970.973
 44
19353.85
 45
-251.4471713899363
 46
251.4471713899363
 79
     0
 53
45.0
 43
17970.973
 44
19734.85
 45
-251.4471713899363
 46
251.4471713899363
 79
     0
 98
        1
 10
0.0
 20
0.0
1001
REVIT
1002
{
1070
     1
1000
1630665
1002
}
1002
{
1070
     5
1000
1220569
1002
}
1002
{
1070
     2
1000
-2000011
1002
}
1002
{
1070
     3
1000
-2000588
1002
}
  0
LINE
  5
483
330
70
100
AcDbEntity
  8
A-WALL
370
    25
100
AcDbLine
 10
9859.463382853632
 20
28718.0
 30
0.0
 11
9859.463382853632
 21
31890.00000000001
 31
0.0
1001
REVIT
1002
{
1070
     1
1000
1630665
1002
}
1002
{
1070
     5
1000
1220569
1002
}
1002
{
1070
     2
1000
-2000011
1002
}
  0
LINE
  5
484
330
70
100
AcDbEntity
  8
A-WALL
370
    25
100
AcDbLine
 10
9589.463382853632
 20
31938.00000000001
 30
0.0
 11
9589.463382853632
 21
28718.0
 31
0.0
1001
REVIT
1002
{
1070
     1
1000
1630665
1002
}
1002
{
1070
     5
1000
1220569
1002
}
1002
{
1070
     2
1000
-2000011
1002
}
  0
LINE
  5
485
330
70
100
AcDbEntity
  8
A-WALL
370
    25
100
AcDbLine
 10
9589.463382853632
 20
28718.0
 30
0.0
 11
9859.463382853632
 21
28718.0
 31
0.0
1001
REVIT
1002
{
1070
     1
1000
1630665
1002
}
1002
{
1070
     5
1000
1220569
1002
}
1002
{
1070
     2
1000
-2000011
1002
}
  0
LINE
  5
486
330
70
100
AcDbEntity
  8
A-WALL
100
AcDbLine
 10
9749.46338285366
 20
28890.0
 30
0.0
 11
9749.46338285363
 21
31938.00000000001
 31
0.0
1001
REVIT
1002
{
1070
     1
1000
1630665
1002
}
1002
{
1070
     5
1000
1220569
1002
}
1002
{
1070
     2
1000
-2000011
1002
}
1002
{
1070
     3
1000
-2000586
1002
}
  0
LINE
  5
487
330
70
100
AcDbEntity
  8
A-WALL
100
AcDbLine
 10
9699.46338285363
 20
28718.0
 30
0.0
 11
9699.46338285363
 21
31938.00000000001
 31
0.0
1001
REVIT
1002
{
1070
     1
1000
1630665
1002
}
1002
{
1070
     5
1000
1220569
1002
}
1002
{
1070
     2
1000
-2000011
1002
}
1002
{
1070
     3
1000
-2000586
1002
}
  0
HATCH
  5
48D
330
70
100
AcDbEntity
  8
A-WALL-PATT
370
     9
100
AcDbHatch
 10
0.0
 20
0.0
 30
0.0
210
0.0
220
0.0
230
1.0
  2
FP_1
 70
     0
 71
     0
 91
        1
 92
        1
 93
        5
 72
     1
 10
14339.46338386735
 20
28890.00000000001
 11
14339.46338386735
 21
32110.00000000002
 72
     1
 10
14339.46338386735
 20
32110.00000000002
 11
14229.46338386734
 21
32110.00000000002
 72
     1
 10
14229.46338386734
 20
32110.00000000002
 11
14229.46338386734
 21
28890.00000000001
 72
     1
 10
14229.46338386734
 20
28890.00000000001
 11
14300.40554093639
 21
28890.00000000001
 72
     1
 10
14300.40554093639
 20
28890.00000000001
 11
14339.46338386735
 21
28890.00000000001
 97
        0
 75
     0
 76
     2
 52
0.0
 41
1.0
 77
     0
 78
     2
 53
45.0
 43
17970.973
 44
19353.85
 45
-251.4471713899363
 46
251.4471713899363
 79
     0
 53
45.0
 43
17970.973
 44
19734.85
 45
-251.4471713899363
 46
251.4471713899363
 79
     0
 98
        1
 10
0.0
 20
0.0
1001
REVIT
1002
{
1070
     1
1000
1631965
1002
}
1002
{
1070
     5
1000
1222731
1002
}
1002
{
1070
     4
1000
24
1002
}
1002
{
1070
     2
1000
-2000011
1002
}
1002
{
1070
     3
1000
-2000588
1002
}
  0
LINE
  5
48E
330
70
100
AcDbEntity
  8
A-WALL
370
    25
100
AcDbLine
 10
14339.46338386735
 20
28890.0
 30
0.0
 11
14339.46338386735
 21
31890.0
 31
0.0
1001
REVIT
1002
{
1070
     1
1000
1631965
1002
}
1002
{
1070
     5
1000
1222731
1002
}
1002
{
1070
     2
1000
-2000011
1002
}
  0
LINE
  5
48F
330
70
100
AcDbEntity
  8
A-WALL
370
    25
100
AcDbLine
 10
14229.46338386735
 20
31890.0
 30
0.0
 11
14229.46338386735
 21
28890.0
 31
0.0
1001
REVIT
1002
{
1070
     1
1000
1631965
1002
}
1002
{
1070
     5
1000
1222731
1002
}
1002
{
1070
     2
1000
-2000011
1002
}
  0
INSERT
  5
491
330
70
100
AcDbEntity
  8
A-DOOR
100
AcDbBlockReference
  2
Single - Timber Frame  - 870x2400-2599487-SECTION C-C
 10
334.9999998224039
 20
-3450.000000000005
 30
0.0
1001
REVIT
1002
{
1070
     1
1000
1634756
1002
}
1002
{
1070
     5
1000
2599461
1002
}
1002
{
1070
     2
1000
-2000023
1002
}
  0
INSERT
  5
497
330
70
100
AcDbEntity
  8
A-DOOR
100
AcDbBlockReference
  2
Single - Timber Frame  - 870x2400-V1-SECTION C-C
 10
0.0
 20
0.0
 30
0.0
1001
REVIT
1002
{
1070
     1
1000
1635319
1002
}
1002
{
1070
     5
1000
2599461
1002
}
1002
{
1070
     2
1000
-2000023
1002
}
  0
HATCH
  5
49F
330
70
100
AcDbEntity
  8
A-FLOR-PATT
370
     9
100
AcDbHatch
 10
0.0
 20
0.0
 30
0.0
210
0.0
220
0.0
230
1.0
  2
FP_3
 70
     0
 71
     0
 91
        1
 92
        1
 93
        7
 72
     1
 10
20579.46338386738
 20
35240.00000000002
 11
20579.46338386738
 21
35390.00000000002
 72
     1
 10
20579.46338386738
 20
35390.00000000002
 11
16819.46338425165
 21
35390.00000000002
 72
     1
 10
16819.46338425165
 20
35390.00000000002
 11
16819.46338425165
 21
35340.00000000002
 72
     1
 10
16819.46338425165
 20
35340.00000000002
 11
17719.46338386734
 21
35340.00000000002
 72
     1
 10
17719.46338386734
 20
35340.00000000002
 11
17719.46338386734
 21
35240.00000000002
 72
     1
 10
17719.46338386734
 20
35240.00000000002
 11
20444.46338386739
 21
35240.00000000002
 72
     1
 10
20444.46338386739
 20
35240.00000000002
 11
20579.46338386738
 21
35240.00000000002
 97
        0
 75
     0
 76
     2
 52
0.0
 41
1.0
 77
     0
 78
    17
 53
49.99999999999999
 43
17970.973
 44
19353.85
 45
582.9890969798607
 46
-51.00509307516802
 79
     2
 49
60.96
 49
-670.56
 53
355.0
 43
17970.973
 44
19353.85
 45
-112.7767293253219
 46
611.3816312972472
 79
     2
 49
48.768
 49
-536.448
 53
100.451
 43
18019.555
 44
19349.6
 45
470.2160778888968
 46
560.3730076607749
 79
     2
 49
51.808
 49
-569.888
 53
46.184
 43
17970.973
 44
19516.41
 45
867.4527089478838
 46
-134.5367748274727
 79
     2
 49
91.44
 49
-1005.84
 53
96.636
 43
18043.261
 44
19505.199
 45
759.6879071721903
 46
791.7680757907189
 79
     2
 49
77.712
 49
-854.832
 53
351.184
 43
17970.973
 44
19516.41
 45
759.6960163844116
 46
791.7607861511301
 79
     2
 49
73.152
 49
-804.672
 53
21.0
 43
18052.253
 44
19475.77
 45
485.1659934615853
 46
-327.2487822825823
 79
     2
 49
60.96
 49
-670.56
 53
325.9999999999999
 43
18052.253
 44
19475.77
 45
197.7669465201526
 46
589.4016666324376
 79
     2
 49
48.768
 49
-536.448
 53
71.45100000000001
 43
18092.683
 44
19448.499
 45
682.9344733757403
 46
262.1479976940511
 79
     2
 49
51.808
 49
-569.888
 53
37.5
 43
17970.973
 44
19353.85
 45
9.883035223681148
 46
270.5760469438628
 79
     5
 49
26.822
 49
-503.123
 49
26.822
 49
-517.754
 49
-538.48
 53
37.5
 43
17970.973
 44
19353.85
 45
9.883035223681148
 46
270.5760469438628
 79
     3
 49
-1074.522
 49
26.822
 49
-511.658
 53
7.5
 43
17970.973
 44
19353.85
 45
213.8224524709532
 46
320.5780199332246
 79
     5
 49
26.822
 49
-283.667
 49
26.822
 49
-490.931
 49
-205.232
 53
7.5
 43
17970.973
 44
19353.85
 45
213.8224524709532
 46
320.5780199332246
 79
     3
 49
-828.243
 49
26.822
 49
-178.41
 53
327.5
 43
17789.719
 44
19353.85
 45
433.8910025716608
 46
-18.33249059345368
 79
     5
 49
26.822
 49
-176.378
 49
26.822
 49
-607.1619999999999
 49
-841.248
 53
327.5
 43
17789.719
 44
19353.85
 45
433.8910025716608
 46
-18.33249059345368
 79
     3
 49
-837.184
 49
26.822
 49
-814.426
 53
317.5
 43
17708.439
 44
19353.85
 45
474.0138619252369
 46
81.36541517575179
 79
     5
 49
26.822
 49
-237.338
 49
26.822
 49
-394.208
 49
-597.408
 53
317.5
 43
17708.439
 44
19353.85
 45
474.0138619252369
 46
81.36541517575179
 79
     3
 49
-685.19
 49
26.822
 49
-570.586
 98
        1
 10
0.0
 20
0.0
1001
REVIT
1002
{
1070
     1
1000
1648572
1002
}
1002
{
1070
     5
1000
2174665
1002
}
1002
{
1070
     4
1000
758
1002
}
1002
{
1070
     2
1000
-2000032
1002
}
1002
{
1070
     3
1000
-2000608
1002
}
  0
LINE
  5
4A0
330
70
100
AcDbEntity
  8
A-FLOR
370
    35
100
AcDbLine
 10
17719.46338386734
 20
35240.0
 30
0.0
 11
17830.09150487256
 21
35240.0
 31
0.0
1001
REVIT
1002
{
1070
     1
1000
1648572
1002
}
1002
{
1070
     5
1000
2174665
1002
}
1002
{
1070
     2
1000
-2000032
1002
}
  0
LINE
  5
4A1
330
70
100
AcDbEntity
  8
A-FLOR
370
    35
100
AcDbLine
 10
19609.46338386735
 20
35240.0
 30
0.0
 11
20579.46338386737
 21
35240.0
 31
0.0
1001
REVIT
1002
{
1070
     1
1000
1648572
1002
}
1002
{
1070
     5
1000
2174665
1002
}
1002
{
1070
     2
1000
-2000032
1002
}
  0
LINE
  5
4A2
330
70
100
AcDbEntity
  8
A-FLOR
370
    35
100
AcDbLine
 10
20579.46338386737
 20
35240.0
 30
0.0
 11
20579.46338386737
 21
35540.0
 31
0.0
1001
REVIT
1002
{
1070
     1
1000
1648572
1002
}
1002
{
1070
     5
1000
2174665
1002
}
1002
{
1070
     2
1000
-2000032
1002
}
  0
LINE
  5
4A3
330
70
100
AcDbEntity
  8
A-FLOR
370
    35
100
AcDbLine
 10
20364.46338386739
 20
35390.0
 30
0.0
 11
16819.46338425165
 21
35390.0
 31
0.0
1001
REVIT
1002
{
1070
     1
1000
1648572
1002
}
1002
{
1070
     5
1000
2174665
1002
}
1002
{
1070
     2
1000
-2000032
1002
}
  0
HATCH
  5
4A9
330
70
100
AcDbEntity
  8
A-WALL-PATT
370
     9
100
AcDbHatch
 10
0.0
 20
0.0
 30
0.0
210
0.0
220
0.0
230
1.0
  2
FP_10
 70
     0
 71
     0
 91
        1
 92
        1
 93
        5
 72
     1
 10
20504.46338386736
 20
35540.00000000002
 11
20579.46338386736
 21
35540.00000000002
 72
     1
 10
20579.46338386736
 20
35540.00000000002
 11
20579.46338386736
 21
36590.00000000002
 72
     1
 10
20579.46338386736
 20
36590.00000000002
 11
20504.46338386736
 21
36590.00000000002
 72
     1
 10
20504.46338386736
 20
36590.00000000002
 11
20504.46338386736
 21
36260.50869116767
 72
     1
 10
20504.46338386736
 20
36260.50869116767
 11
20504.46338386736
 21
35540.00000000002
 97
        0
 75
     0
 76
     2
 52
225.0
 41
1.0
 77
     0
 78
     2
 53
135.0
 43
20579.46322559868
 44
36064.99991020757
 45
-70.71067811865477
 46
-70.71067811865474
 79
     0
 53
225.0
 43
20579.46322559868
 44
36064.99991020757
 45
70.71067811865476
 46
-70.71067811865476
 79
     0
 98
        1
 10
0.0
 20
0.0
1001
REVIT
1002
{
1070
     1
1000
1650078
1002
}
1002
{
1070
     5
1000
1602992
1002
}
1002
{
1070
     2
1000
-2000011
1002
}
1002
{
1070
     3
1000
-2000588
1002
}
  0
LINE
  5
4AA
330
70
100
AcDbEntity
  8
A-WALL
370
    25
100
AcDbLine
 10
20394.46338386735
 20
36590.0
 30
0.0
 11
20394.46338386735
 21
35540.0
 31
0.0
1001
REVIT
1002
{
1070
     1
1000
1650078
1002
}
1002
{
1070
     5
1000
1602992
1002
}
1002
{
1070
     2
1000
-2000011
1002
}
  0
LINE
  5
4AC
330
70
100
AcDbEntity
  8
A-WALL
370
    25
100
AcDbLine
 10
20579.46338386735
 20
35540.0
 30
0.0
 11
20579.46338386735
 21
36590.0
 31
0.0
1001
REVIT
1002
{
1070
     1
1000
1650078
1002
}
1002
{
1070
     5
1000
1602992
1002
}
1002
{
1070
     2
1000
-2000011
1002
}
  0
LINE
  5
4AD
330
70
100
AcDbEntity
  8
A-WALL
370
    25
100
AcDbLine
 10
20579.46338386735
 20
36590.0
 30
0.0
 11
20394.46338386735
 21
36590.0
 31
0.0
1001
REVIT
1002
{
1070
     1
1000
1650078
1002
}
1002
{
1070
     5
1000
1602992
1002
}
1002
{
1070
     2
1000
-2000011
1002
}
  0
LINE
  5
4AE
330
70
100
AcDbEntity
  8
A-WALL
100
AcDbLine
 10
20484.46338386735
 20
36590.0
 30
0.0
 11
20484.46338386735
 21
35540.0
 31
0.0
1001
REVIT
1002
{
1070
     1
1000
1650078
1002
}
1002
{
1070
     5
1000
1602992
1002
}
1002
{
1070
     2
1000
-2000011
1002
}
1002
{
1070
     3
1000
-2000586
1002
}
  0
LINE
  5
4AF
330
70
100
AcDbEntity
  8
A-WALL
100
AcDbLine
 10
20504.46338386735
 20
36590.0
 30
0.0
 11
20504.46338386735
 21
35540.0
 31
0.0
1001
REVIT
1002
{
1070
     1
1000
1650078
1002
}
1002
{
1070
     5
1000
1602992
1002
}
1002
{
1070
     2
1000
-2000011
1002
}
1002
{
1070
     3
1000
-2000586
1002
}
  0
HATCH
  5
4BA
330
70
100
AcDbEntity
  8
A-WALL-PATT
370
     9
100
AcDbHatch
 10
0.0
 20
0.0
 30
0.0
210
0.0
220
0.0
230
1.0
  2
FP_1
 70
     0
 71
     0
 91
        2
 92
        1
 93
        5
 72
     1
 10
28076.60623923006
 20
32340.00000000002
 11
28139.4633820872
 21
32340.00000000002
 72
     1
 10
28139.4633820872
 20
32340.00000000002
 11
28139.4633820872
 21
32940.00000000002
 72
     1
 10
28139.4633820872
 20
32940.00000000002
 11
28029.46338208719
 21
32940.00000000002
 72
     1
 10
28029.46338208719
 20
32940.00000000002
 11
28029.46338208719
 21
32340.00000000002
 72
     1
 10
28029.46338208719
 20
32340.00000000002
 11
28076.60623923006
 21
32340.00000000002
 97
        0
 92
        1
 93
        5
 72
     1
 10
28029.46338208719
 20
34740.00000000002
 11
28139.4633820872
 21
34740.00000000002
 72
     1
 10
28139.4633820872
 20
34740.00000000002
 11
28139.4633820872
 21
35277.88304896636
 72
     1
 10
28139.4633820872
 20
35277.88304896636
 11
28029.46338208719
 21
35287.50680195421
 72
     1
 10
28029.46338208719
 20
35287.50680195421
 11
28029.46338208719
 21
35070.34345231791
 72
     1
 10
28029.46338208719
 20
35070.34345231791
 11
28029.46338208719
 21
34740.00000000002
 97
        0
 75
     0
 76
     2
 52
0.0
 41
1.0
 77
     0
 78
     2
 53
45.0
 43
17970.973
 44
19353.85
 45
-251.4471713899363
 46
251.4471713899363
 79
     0
 53
45.0
 43
17970.973
 44
19734.85
 45
-251.4471713899363
 46
251.4471713899363
 79
     0
 98
        1
 10
0.0
 20
0.0
1001
REVIT
1002
{
1070
     1
1000
1697173
1002
}
1002
{
1070
     5
1000
1220569
1002
}
1002
{
1070
     4
1000
24
1002
}
1002
{
1070
     2
1000
-2000011
1002
}
1002
{
1070
     3
1000
-2000588
1002
}
  0
HATCH
  5
4C5
330
70
100
AcDbEntity
  8
A-WALL-PATT
370
     9
100
AcDbHatch
 10
0.0
 20
0.0
 30
0.0
210
0.0
220
0.0
230
1.0
  2
FP_1
 70
     0
 71
     0
 91
        2
 92
        1
 93
        5
 72
     1
 10
28299.46338208719
 20
31890.00000000002
 11
28299.46338208719
 21
32940.00000000002
 72
     1
 10
28299.46338208719
 20
32940.00000000002
 11
28189.46338208719
 21
32940.00000000002
 72
     1
 10
28189.46338208719
 20
32940.00000000002
 11
28189.46338208719
 21
31890.00000000002
 72
     1
 10
28189.46338208719
 20
31890.00000000002
 11
28274.93087325461
 21
31890.00000000002
 72
     1
 10
28274.93087325461
 20
31890.00000000002
 11
28299.46338208719
 21
31890.00000000002
 97
        0
 92
        1
 93
        5
 72
     1
 10
28299.46338208719
 20
34740.00000000002
 11
28299.46338208719
 21
35263.88486280221
 72
     1
 10
28299.46338208719
 20
35263.88486280221
 11
28189.46338208719
 21
35273.50861579006
 72
     1
 10
28189.46338208719
 20
35273.50861579006
 11
28189.46338208719
 21
34740.00000000002
 72
     1
 10
28189.46338208719
 20
34740.00000000002
 11
28274.93087325461
 21
34740.00000000002
 72
     1
 10
28274.93087325461
 20
34740.00000000002
 11
28299.46338208719
 21
34740.00000000002
 97
        0
 75
     0
 76
     2
 52
0.0
 41
1.0
 77
     0
 78
     2
 53
45.0
 43
17970.973
 44
19353.85
 45
-251.4471713899363
 46
251.4471713899363
 79
     0
 53
45.0
 43
17970.973
 44
19734.85
 45
-251.4471713899363
 46
251.4471713899363
 79
     0
 98
        1
 10
0.0
 20
0.0
1001
REVIT
1002
{
1070
     1
1000
1697173
1002
}
1002
{
1070
     5
1000
1220569
1002
}
1002
{
1070
     2
1000
-2000011
1002
}
1002
{
1070
     3
1000
-2000588
1002
}
  0
LINE
  5
4C6
330
70
100
AcDbEntity
  8
A-WALL
370
    25
100
AcDbLine
 10
28299.46338208718
 20
31890.0
 30
0.0
 11
28299.46338208718
 21
32940.00000000001
 31
0.0
1001
REVIT
1002
{
1070
     1
1000
1697173
1002
}
1002
{
1070
     5
1000
1220569
1002
}
1002
{
1070
     2
1000
-2000011
1002
}
  0
LINE
  5
4C7
330
70
100
AcDbEntity
  8
A-WALL
370
    25
100
AcDbLine
 10
28299.46338208718
 20
32940.00000000001
 30
0.0
 11
28029.46338208718
 21
32940.00000000001
 31
0.0
1001
REVIT
1002
{
1070
     1
1000
1697173
1002
}
1002
{
1070
     5
1000
1220569
1002
}
1002
{
1070
     2
1000
-2000011
1002
}
  0
LINE
  5
4C9
330
70
100
AcDbEntity
  8
A-WALL
370
    25
100
AcDbLine
 10
28139.46338208719
 20
31890.0
 30
0.0
 11
28374.46338208718
 21
31890.0
 31
0.0
1001
REVIT
1002
{
1070
     1
1000
1697173
1002
}
1002
{
1070
     5
1000
1220569
1002
}
1002
{
1070
     2
1000
-2000011
1002
}
  0
LINE
  5
4CA
330
70
100
AcDbEntity
  8
A-WALL
370
    25
100
AcDbLine
 10
28299.46338208718
 20
34740.0
 30
0.0
 11
28299.46338208718
 21
35263.88486280219
 31
0.0
1001
REVIT
1002
{
1070
     1
1000
1697173
1002
}
1002
{
1070
     5
1000
1220569
1002
}
1002
{
1070
     2
1000
-2000011
1002
}
  0
LINE
  5
4CB
330
70
100
AcDbEntity
  8
A-WALL
370
    25
100
AcDbLine
 10
28029.46338208718
 20
35287.50680195419
 30
0.0
 11
28029.46338208718
 21
34740.0
 31
0.0
1001
REVIT
1002
{
1070
     1
1000
1697173
1002
}
1002
{
1070
     5
1000
1220569
1002
}
1002
{
1070
     2
1000
-2000011
1002
}
  0
LINE
  5
4CC
330
70
100
AcDbEntity
  8
A-WALL
370
    25
100
AcDbLine
 10
28029.46338208718
 20
34740.0
 30
0.0
 11
28299.46338208718
 21
34740.0
 31
0.0
1001
REVIT
1002
{
1070
     1
1000
1697173
1002
}
1002
{
1070
     5
1000
1220569
1002
}
1002
{
1070
     2
1000
-2000011
1002
}
  0
LINE
  5
4CD
330
70
100
AcDbEntity
  8
A-WALL
100
AcDbLine
 10
28299.46338208718
 20
35263.88486280219
 30
0.0
 11
28029.46338208718
 21
35287.50680195419
 31
0.0
1001
REVIT
1002
{
1070
     1
1000
1697173
1002
}
1002
{
1070
     5
1000
1220569
1002
}
1002
{
1070
     2
1000
-2000011
1002
}
1002
{
1070
     3
1000
-2000586
1002
}
  0
LINE
  5
4CF
330
70
100
AcDbEntity
  8
A-WALL
100
AcDbLine
 10
28139.46338208718
 20
35277.88304896634
 30
0.0
 11
28139.46338208718
 21
34740.0
 31
0.0
1001
REVIT
1002
{
1070
     1
1000
1697173
1002
}
1002
{
1070
     5
1000
1220569
1002
}
1002
{
1070
     2
1000
-2000011
1002
}
1002
{
1070
     3
1000
-2000586
1002
}
  0
LINE
  5
4D0
330
70
100
AcDbEntity
  8
A-WALL
100
AcDbLine
 10
28139.46338208718
 20
32940.00000000001
 30
0.0
 11
28139.46338208718
 21
32340.00000000001
 31
0.0
1001
REVIT
1002
{
1070
     1
1000
1697173
1002
}
1002
{
1070
     5
1000
1220569
1002
}
1002
{
1070
     2
1000
-2000011
1002
}
1002
{
1070
     3
1000
-2000586
1002
}
  0
LINE
  5
4D2
330
70
100
AcDbEntity
  8
A-WALL
100
AcDbLine
 10
28189.46338208718
 20
35273.50861579005
 30
0.0
 11
28189.46338208718
 21
34740.0
 31
0.0
1001
REVIT
1002
{
1070
     1
1000
1697173
1002
}
1002
{
1070
     5
1000
1220569
1002
}
1002
{
1070
     2
1000
-2000011
1002
}
1002
{
1070
     3
1000
-2000586
1002
}
  0
LINE
  5
4D3
330
70
100
AcDbEntity
  8
A-WALL
100
AcDbLine
 10
28189.46338208718
 20
32940.00000000001
 30
0.0
 11
28189.46338208718
 21
31890.0
 31
0.0
1001
REVIT
1002
{
1070
     1
1000
1697173
1002
}
1002
{
1070
     5
1000
1220569
1002
}
1002
{
1070
     2
1000
-2000011
1002
}
1002
{
1070
     3
1000
-2000586
1002
}
  0
LINE
  5
4D4
330
70
100
AcDbEntity
  8
A-WALL
100
AcDbLine
 10
28299.46338208718
 20
34740.0
 30
0.0
 11
28299.46338208718
 21
32940.00000000001
 31
0.0
1001
REVIT
1002
{
1070
     1
1000
1697173
1002
}
1002
{
1070
     5
1000
1220569
1002
}
1002
{
1070
     2
1000
-2000011
1002
}
  0
LINE
  5
4D5
330
70
100
AcDbEntity
  8
A-WALL
100
AcDbLine
 10
27669.46338208718
 20
34740.00000000001
 30
0.0
 11
27669.46338208718
 21
32940.00000000001
 31
0.0
1001
REVIT
1002
{
1070
     1
1000
1697286
1002
}
1002
{
1070
     5
1000
1220569
1002
}
1002
{
1070
     2
1000
-2000011
1002
}
  0
LINE
  5
4D6
330
70
100
AcDbEntity
  8
A-WALL
100
AcDbLine
 10
27579.46338208718
 20
32940.00000000001
 30
0.0
 11
25859.46338208718
 21
32940.00000000001
 31
0.0
1001
REVIT
1002
{
1070
     1
1000
1697286
1002
}
1002
{
1070
     5
1000
1220569
1002
}
1002
{
1070
     2
1000
-2000011
1002
}
  0
LINE
  5
4D7
330
70
100
AcDbEntity
  8
A-WALL
100
AcDbLine
 10
25859.46338208718
 20
32940.00000000001
 30
0.0
 11
25859.46338208718
 21
34740.00000000001
 31
0.0
1001
REVIT
1002
{
1070
     1
1000
1697286
1002
}
1002
{
1070
     5
1000
1220569
1002
}
1002
{
1070
     2
1000
-2000011
1002
}
  0
LINE
  5
4D8
330
70
100
AcDbEntity
  8
A-WALL
100
AcDbLine
 10
25859.46338208718
 20
34740.00000000001
 30
0.0
 11
27669.46338208718
 21
34740.00000000001
 31
0.0
1001
REVIT
1002
{
1070
     1
1000
1697286
1002
}
1002
{
1070
     5
1000
1220569
1002
}
1002
{
1070
     2
1000
-2000011
1002
}
  0
LINE
  5
4D9
330
70
100
AcDbEntity
  8
I-WALL
370
    25
100
AcDbLine
 10
23089.46338393945
 20
35090.0
 30
0.0
 11
23089.46338393945
 21
32340.00000000001
 31
0.0
1001
REVIT
1002
{
1070
     1
1000
1698327
1002
}
1002
{
1070
     5
1000
2338323
1002
}
1002
{
1070
     2
1000
-2000011
1002
}
  0
LINE
  5
4DA
330
70
100
AcDbEntity
  8
I-WALL
370
    25
100
AcDbLine
 10
23109.46338393945
 20
32340.00000000001
 30
0.0
 11
23109.46338393945
 21
34679.99999999805
 31
0.0
1001
REVIT
1002
{
1070
     1
1000
1698327
1002
}
1002
{
1070
     5
1000
2338323
1002
}
1002
{
1070
     2
1000
-2000011
1002
}
  0
LINE
  5
4DB
330
70
100
AcDbEntity
  8
I-WALL
370
    25
100
AcDbLine
 10
23109.46338393945
 20
34679.99999999805
 30
0.0
 11
23159.46338393945
 21
34679.99999999805
 31
0.0
1001
REVIT
1002
{
1070
     1
1000
1698327
1002
}
1002
{
1070
     5
1000
2338323
1002
}
1002
{
1070
     2
1000
-2000011
1002
}
  0
LINE
  5
4DC
330
70
100
AcDbEntity
  8
I-WALL
370
    25
100
AcDbLine
 10
23159.46338393945
 20
34679.99999999805
 30
0.0
 11
23159.46338393945
 21
32340.00000000001
 31
0.0
1001
REVIT
1002
{
1070
     1
1000
1698327
1002
}
1002
{
1070
     5
1000
2338323
1002
}
1002
{
1070
     2
1000
-2000011
1002
}
  0
LINE
  5
4DD
330
70
100
AcDbEntity
  8
I-WALL
370
    25
100
AcDbLine
 10
23179.46338393945
 20
32340.00000000001
 30
0.0
 11
23179.46338393945
 21
35090.0
 31
0.0
1001
REVIT
1002
{
1070
     1
1000
1698327
1002
}
1002
{
1070
     5
1000
2338323
1002
}
1002
{
1070
     2
1000
-2000011
1002
}
  0
LINE
  5
4DF
330
70
100
AcDbEntity
  8
I-WALL
100
AcDbLine
 10
23134.46338393945
 20
34679.99999999805
 30
0.0
 11
23134.46338393945
 21
32340.00000000001
 31
0.0
1001
REVIT
1002
{
1070
     1
1000
1698327
1002
}
1002
{
1070
     5
1000
2338323
1002
}
1002
{
1070
     2
1000
-2000011
1002
}
  0
INSERT
  5
4F1
330
70
100
AcDbEntity
  8
A-GLAZ
100
AcDbBlockReference
  2
3 PANEL 2 transom - AFA1842 SP-1980656-SECTION C-C
 10
0.0
 20
0.0
 30
0.0
1001
REVIT
1002
{
1070
     1
1000
1705447
1002
}
1002
{
1070
     5
1000
1747809
1002
}
1002
{
1070
     2
1000
-2000014
1002
}
  0
LINE
  5
4F2
330
70
100
AcDbEntity
  8
A-FLOR
370
    35
100
AcDbLine
 10
28029.46338208714
 20
32340.00000000001
 30
0.0
 11
28029.46338208714
 21
32940.00000000001
 31
0.0
1001
REVIT
1002
{
1070
     1
1000
1707166
1002
}
1002
{
1070
     5
1000
1664455
1002
}
1002
{
1070
     2
1000
-2000032
1002
}
  0
LINE
  5
4F3
330
70
100
AcDbEntity
  8
A-FLOR
370
    35
100
AcDbLine
 10
28029.46338208714
 20
32940.00000000001
 30
0.0
 11
27579.46338208718
 21
32940.00000000001
 31
0.0
1001
REVIT
1002
{
1070
     1
1000
1707166
1002
}
1002
{
1070
     5
1000
1664455
1002
}
1002
{
1070
     2
1000
-2000032
1002
}
  0
LINE
  5
4F4
330
70
100
AcDbEntity
  8
A-FLOR
370
    35
100
AcDbLine
 10
27579.46338208718
 20
32940.00000000001
 30
0.0
 11
27579.46338208718
 21
32340.00000000001
 31
0.0
1001
REVIT
1002
{
1070
     1
1000
1707166
1002
}
1002
{
1070
     5
1000
1664455
1002
}
1002
{
1070
     2
1000
-2000032
1002
}
  0
INSERT
  5
514
330
70
100
AcDbEntity
  8
A-GLAZ
100
AcDbBlockReference
  2
VELUX FS   deck mounted   fixed - C01-1726125-SECTION C-C
 10
0.0
 20
0.0
 30
0.0
1001
REVIT
1002
{
1070
     1
1000
1726131
1002
}
1002
{
1070
     5
1000
1503254
1002
}
1002
{
1070
     2
1000
-2000014
1002
}
  0
LINE
  5
515
330
70
100
AcDbEntity
  8
A-WALL
100
AcDbLine
 10
20394.46338386735
 20
36590.0
 30
0.0
 11
18294.46338394466
 21
36590.0
 31
0.0
1001
REVIT
1002
{
1070
     1
1000
1735197
1002
}
1002
{
1070
     5
1000
1602992
1002
}
1002
{
1070
     2
1000
-2000011
1002
}
  0
LINE
  5
516
330
70
100
AcDbEntity
  8
A-WALL
100
AcDbLine
 10
18294.46338394466
 20
35540.0
 30
0.0
 11
20394.46338386735
 21
35540.0
 31
0.0
1001
REVIT
1002
{
1070
     1
1000
1735197
1002
}
1002
{
1070
     5
1000
1602992
1002
}
1002
{
1070
     2
1000
-2000011
1002
}
  0
HATCH
  5
51C
330
70
100
AcDbEntity
  8
A-WALL-PATT
370
     9
100
AcDbHatch
 10
0.0
 20
0.0
 30
0.0
210
0.0
220
0.0
230
1.0
  2
FP_1
 70
     0
 71
     0
 91
        1
 92
        1
 93
        5
 72
     1
 10
17794.03687401595
 20
32340.00000000002
 11
17829.46338386734
 21
32340.00000000002
 72
     1
 10
17829.46338386734
 20
32340.00000000002
 11
17829.46338386734
 21
35240.00000000002
 72
     1
 10
17829.46338386734
 20
35240.00000000002
 11
17719.46338386734
 21
35240.00000000002
 72
     1
 10
17719.46338386734
 20
35240.00000000002
 11
17719.46338386734
 21
32340.00000000002
 72
     1
 10
17719.46338386734
 20
32340.00000000002
 11
17794.03687401595
 21
32340.00000000002
 97
        0
 75
     0
 76
     2
 52
0.0
 41
1.0
 77
     0
 78
     2
 53
45.0
 43
17970.973
 44
19353.85
 45
-251.4471713899363
 46
251.4471713899363
 79
     0
 53
45.0
 43
17970.973
 44
19734.85
 45
-251.4471713899363
 46
251.4471713899363
 79
     0
 98
        1
 10
0.0
 20
0.0
1001
REVIT
1002
{
1070
     1
1000
1746482
1002
}
1002
{
1070
     5
1000
1222731
1002
}
1002
{
1070
     4
1000
24
1002
}
1002
{
1070
     2
1000
-2000011
1002
}
1002
{
1070
     3
1000
-2000588
1002
}
  0
LINE
  5
51D
330
70
100
AcDbEntity
  8
A-WALL
370
    25
100
AcDbLine
 10
17719.46338386734
 20
35090.0
 30
0.0
 11
17719.46338386734
 21
32340.00000000001
 31
0.0
1001
REVIT
1002
{
1070
     1
1000
1746482
1002
}
1002
{
1070
     5
1000
1222731
1002
}
1002
{
1070
     2
1000
-2000011
1002
}
  0
LINE
  5
51E
330
70
100
AcDbEntity
  8
A-WALL
370
    25
100
AcDbLine
 10
17829.46338386734
 20
32340.00000000001
 30
0.0
 11
17829.46338386734
 21
35240.0
 31
0.0
1001
REVIT
1002
{
1070
     1
1000
1746482
1002
}
1002
{
1070
     5
1000
1222731
1002
}
1002
{
1070
     2
1000
-2000011
1002
}
  0
INSERT
  5
52F
330
70
100
AcDbEntity
  8
A-GLAZ
100
AcDbBlockReference
  2
AS_AA 0606 - 1518_2 PANEL HORIZONTAL_ - AA1818-1980610-SECTION C-C
 10
0.0
 20
0.0
 30
0.0
1001
REVIT
1002
{
1070
     1
1000
1749225
1002
}
1002
{
1070
     5
1000
1749307
1002
}
1002
{
1070
     2
1000
-2000014
1002
}
1002
{
1070
     3
1000
-2000018
1002
}
  0
LINE
  5
530
330
70
100
AcDbEntity
  8
I-WALL
100
AcDbLine
 10
16819.46338386734
 20
35090.0
 30
0.0
 11
16819.46338386734
 21
32340.00000000001
 31
0.0
1001
REVIT
1002
{
1070
     1
1000
1750495
1002
}
1002
{
1070
     5
1000
2338323
1002
}
1002
{
1070
     2
1000
-2000011
1002
}
  0
LINE
  5
531
330
70
100
AcDbEntity
  8
I-WALL
100
AcDbLine
 10
23969.46338393946
 20
35090.0
 30
0.0
 11
23969.46338393946
 21
32340.00000000001
 31
0.0
1001
REVIT
1002
{
1070
     1
1000
1753467
1002
}
1002
{
1070
     5
1000
2338323
1002
}
1002
{
1070
     2
1000
-2000011
1002
}
  0
INSERT
  5
543
330
70
100
AcDbEntity
  8
A-DOOR
100
AcDbBlockReference
  2
Single - Timber Frame  - 720x2400-1926410-SECTION C-C
 10
0.0
 20
0.0
 30
0.0
1001
REVIT
1002
{
1070
     1
1000
1775925
1002
}
1002
{
1070
     5
1000
1342414
1002
}
1002
{
1070
     2
1000
-2000023
1002
}
  0
LINE
  5
544
330
70
100
AcDbEntity
  8
I-WALL
100
AcDbLine
 10
12909.46338338875
 20
35545.0
 30
0.0
 11
12909.46338338875
 21
35540.0
 31
0.0
1001
REVIT
1002
{
1070
     1
1000
1779805
1002
}
1002
{
1070
     5
1000
319528
1002
}
1002
{
1070
     2
1000
-2000011
1002
}
  0
LINE
  5
545
330
70
100
AcDbEntity
  8
A-WALL
100
AcDbLine
 10
27749.46338208715
 20
31890.0
 30
0.0
 11
27749.46338208715
 21
28890.0
 31
0.0
1001
REVIT
1002
{
1070
     1
1000
1782713
1002
}
1002
{
1070
     5
1000
1220569
1002
}
1002
{
1070
     2
1000
-2000011
1002
}
  0
LINE
  5
546
330
70
100
AcDbEntity
  8
A-WALL
100
AcDbLine
 10
24499.46338208716
 20
28890.0
 30
0.0
 11
24499.46338208716
 21
31890.0
 31
0.0
1001
REVIT
1002
{
1070
     1
1000
1782713
1002
}
1002
{
1070
     5
1000
1220569
1002
}
1002
{
1070
     2
1000
-2000011
1002
}
  0
HATCH
  5
54B
330
70
100
AcDbEntity
  8
A-WALL-PATT
370
     9
100
AcDbHatch
 10
0.0
 20
0.0
 30
0.0
210
0.0
220
0.0
230
1.0
  2
FP_1
 70
     0
 71
     0
 91
        1
 92
        1
 93
        4
 72
     1
 10
28139.4633820872
 20
28590.00000000001
 11
28139.4633820872
 21
28660.00000000001
 72
     1
 10
28139.4633820872
 20
28660.00000000001
 11
28029.46338208718
 21
28660.00000000001
 72
     1
 10
28029.46338208718
 20
28660.00000000001
 11
28029.46338208718
 21
28590.00000000001
 72
     1
 10
28029.46338208718
 20
28590.00000000001
 11
28139.4633820872
 21
28590.00000000001
 97
        0
 75
     0
 76
     2
 52
0.0
 41
1.0
 77
     0
 78
     2
 53
45.0
 43
17970.973
 44
19353.85
 45
-251.4471713899363
 46
251.4471713899363
 79
     0
 53
45.0
 43
17970.973
 44
19734.85
 45
-251.4471713899363
 46
251.4471713899363
 79
     0
 98
        1
 10
0.0
 20
0.0
1001
REVIT
1002
{
1070
     1
1000
1782963
1002
}
1002
{
1070
     5
1000
1220569
1002
}
1002
{
1070
     4
1000
24
1002
}
1002
{
1070
     2
1000
-2000011
1002
}
1002
{
1070
     3
1000
-2000588
1002
}
  0
HATCH
  5
551
330
70
100
AcDbEntity
  8
A-WALL-PATT
370
     9
100
AcDbHatch
 10
0.0
 20
0.0
 30
0.0
210
0.0
220
0.0
230
1.0
  2
FP_1
 70
     0
 71
     0
 91
        1
 92
        1
 93
        5
 72
     1
 10
28189.46338208718
 20
28590.00000000001
 11
28299.46338208718
 21
28590.00000000001
 72
     1
 10
28299.46338208718
 20
28590.00000000001
 11
28299.46338208718
 21
28890.00000000001
 72
     1
 10
28299.46338208718
 20
28890.00000000001
 11
28189.46338208719
 21
28890.00000000001
 72
     1
 10
28189.46338208719
 20
28890.00000000001
 11
28189.46338208719
 21
28722.79551178589
 72
     1
 10
28189.46338208719
 20
28722.79551178589
 11
28189.46338208718
 21
28590.00000000001
 97
        0
 75
     0
 76
     2
 52
0.0
 41
1.0
 77
     0
 78
     2
 53
45.0
 43
17970.973
 44
19353.85
 45
-251.4471713899363
 46
251.4471713899363
 79
     0
 53
45.0
 43
17970.973
 44
19734.85
 45
-251.4471713899363
 46
251.4471713899363
 79
     0
 98
        1
 10
0.0
 20
0.0
1001
REVIT
1002
{
1070
     1
1000
1782963
1002
}
1002
{
1070
     5
1000
1220569
1002
}
1002
{
1070
     2
1000
-2000011
1002
}
1002
{
1070
     3
1000
-2000588
1002
}
  0
LINE
  5
552
330
70
100
AcDbEntity
  8
A-WALL
370
    25
100
AcDbLine
 10
28029.46338208717
 20
28660.0
 30
0.0
 11
28029.46338208717
 21
28590.0
 31
0.0
1001
REVIT
1002
{
1070
     1
1000
1782963
1002
}
1002
{
1070
     5
1000
1220569
1002
}
1002
{
1070
     2
1000
-2000011
1002
}
  0
LINE
  5
553
330
70
100
AcDbEntity
  8
A-WALL
370
    25
100
AcDbLine
 10
28299.46338208717
 20
28590.0
 30
0.0
 11
28299.46338208717
 21
28890.0
 31
0.0
1001
REVIT
1002
{
1070
     1
1000
1782963
1002
}
1002
{
1070
     5
1000
1220569
1002
}
1002
{
1070
     2
1000
-2000011
1002
}
  0
LINE
  5
554
330
70
100
AcDbEntity
  8
A-WALL
370
    25
100
AcDbLine
 10
28299.46338208717
 20
28890.0
 30
0.0
 11
28139.46338208718
 21
28890.0
 31
0.0
1001
REVIT
1002
{
1070
     1
1000
1782963
1002
}
1002
{
1070
     5
1000
1220569
1002
}
1002
{
1070
     2
1000
-2000011
1002
}
  0
LINE
  5
556
330
70
100
AcDbEntity
  8
A-WALL
100
AcDbLine
 10
28139.46338208718
 20
28890.0
 30
0.0
 11
28139.46338208718
 21
28590.0
 31
0.0
1001
REVIT
1002
{
1070
     1
1000
1782963
1002
}
1002
{
1070
     5
1000
1220569
1002
}
1002
{
1070
     2
1000
-2000011
1002
}
1002
{
1070
     3
1000
-2000586
1002
}
  0
LINE
  5
558
330
70
100
AcDbEntity
  8
A-WALL
100
AcDbLine
 10
28189.46338208717
 20
28890.0
 30
0.0
 11
28189.46338208717
 21
28590.0
 31
0.0
1001
REVIT
1002
{
1070
     1
1000
1782963
1002
}
1002
{
1070
     5
1000
1220569
1002
}
1002
{
1070
     2
1000
-2000011
1002
}
1002
{
1070
     3
1000
-2000586
1002
}
  0
LINE
  5
559
330
70
100
AcDbEntity
  8
A-WALL
100
AcDbLine
 10
28299.46338208717
 20
31890.0
 30
0.0
 11
28299.46338208717
 21
28890.0
 31
0.0
1001
REVIT
1002
{
1070
     1
1000
1782963
1002
}
1002
{
1070
     5
1000
1220569
1002
}
1002
{
1070
     2
1000
-2000011
1002
}
  0
INSERT
  5
56F
330
70
100
AcDbEntity
  8
A-DOOR
100
AcDbBlockReference
  2
Stacker Door - 3 Panel - XXF3032 SP-2545091-SECTION C-C
 10
0.0
 20
0.0
 30
0.0
1001
REVIT
1002
{
1070
     1
1000
1783162
1002
}
1002
{
1070
     5
1000
1813212
1002
}
1002
{
1070
     2
1000
-2000023
1002
}
  0
INSERT
  5
570
330
70
100
AcDbEntity
  8
A-DOOR
100
AcDbBlockReference
  2
Single - Timber Frame  - 870x2400-2599501-SECTION C-C
 10
1285.000001013676
 20
-3450.000000000003
 30
0.0
1001
REVIT
1002
{
1070
     1
1000
1785128
1002
}
1002
{
1070
     5
1000
2599461
1002
}
1002
{
1070
     2
1000
-2000023
1002
}
  0
HATCH
  5
575
330
70
100
AcDbEntity
  8
A-WALL-PATT
370
     9
100
AcDbHatch
 10
0.0
 20
0.0
 30
0.0
210
0.0
220
0.0
230
1.0
  2
FP_1
 70
     0
 71
     0
 91
        1
 92
        1
 93
        4
 72
     1
 10
12379.4633838849
 20
28890.00000000001
 11
12379.4633838849
 21
32110.00000000002
 72
     1
 10
12379.4633838849
 20
32110.00000000002
 11
12269.4633838849
 21
32110.00000000002
 72
     1
 10
12269.4633838849
 20
32110.00000000002
 11
12269.4633838849
 21
28890.00000000001
 72
     1
 10
12269.4633838849
 20
28890.00000000001
 11
12379.4633838849
 21
28890.00000000001
 97
        0
 75
     0
 76
     2
 52
0.0
 41
1.0
 77
     0
 78
     2
 53
45.0
 43
17970.973
 44
19353.85
 45
-251.4471713899363
 46
251.4471713899363
 79
     0
 53
45.0
 43
17970.973
 44
19734.85
 45
-251.4471713899363
 46
251.4471713899363
 79
     0
 98
        1
 10
0.0
 20
0.0
1001
REVIT
1002
{
1070
     1
1000
1785135
1002
}
1002
{
1070
     5
1000
1222731
1002
}
1002
{
1070
     4
1000
24
1002
}
1002
{
1070
     2
1000
-2000011
1002
}
1002
{
1070
     3
1000
-2000588
1002
}
  0
LINE
  5
576
330
70
100
AcDbEntity
  8
A-WALL
370
    25
100
AcDbLine
 10
12269.46338388491
 20
31890.0
 30
0.0
 11
12269.46338388491
 21
28890.0
 31
0.0
1001
REVIT
1002
{
1070
     1
1000
1785135
1002
}
1002
{
1070
     5
1000
1222731
1002
}
1002
{
1070
     2
1000
-2000011
1002
}
  0
LINE
  5
578
330
70
100
AcDbEntity
  8
A-WALL
370
    25
100
AcDbLine
 10
12379.46338388491
 20
28891.0
 30
0.0
 11
12379.46338388491
 21
31890.0
 31
0.0
1001
REVIT
1002
{
1070
     1
1000
1785135
1002
}
1002
{
1070
     5
1000
1222731
1002
}
1002
{
1070
     2
1000
-2000011
1002
}
  0
HATCH
  5
57E
330
70
100
AcDbEntity
  8
A-WALL-PATT
370
     9
100
AcDbHatch
 10
0.0
 20
0.0
 30
0.0
210
0.0
220
0.0
230
1.0
  2
FP_1
 70
     0
 71
     0
 91
        1
 92
        1
 93
        5
 72
     1
 10
18171.72674786238
 20
28890.00000000001
 11
18269.46338384979
 21
28890.00000000001
 72
     1
 10
18269.46338384979
 20
28890.00000000001
 11
18269.46338384979
 21
32110.00000000002
 72
     1
 10
18269.46338384979
 20
32110.00000000002
 11
18159.46338384979
 21
32110.00000000002
 72
     1
 10
18159.46338384979
 20
32110.00000000002
 11
18159.46338384979
 21
28890.00000000001
 72
     1
 10
18159.46338384979
 20
28890.00000000001
 11
18171.72674786238
 21
28890.00000000001
 97
        0
 75
     0
 76
     2
 52
0.0
 41
1.0
 77
     0
 78
     2
 53
45.0
 43
17970.973
 44
19353.85
 45
-251.4471713899363
 46
251.4471713899363
 79
     0
 53
45.0
 43
17970.973
 44
19734.85
 45
-251.4471713899363
 46
251.4471713899363
 79
     0
 98
        1
 10
0.0
 20
0.0
1001
REVIT
1002
{
1070
     1
1000
1789786
1002
}
1002
{
1070
     5
1000
1222731
1002
}
1002
{
1070
     4
1000
24
1002
}
1002
{
1070
     2
1000
-2000011
1002
}
1002
{
1070
     3
1000
-2000588
1002
}
  0
LINE
  5
57F
330
70
100
AcDbEntity
  8
A-WALL
370
    25
100
AcDbLine
 10
18269.46338384979
 20
28890.0
 30
0.0
 11
18269.46338384979
 21
31890.0
 31
0.0
1001
REVIT
1002
{
1070
     1
1000
1789786
1002
}
1002
{
1070
     5
1000
1222731
1002
}
1002
{
1070
     2
1000
-2000011
1002
}
  0
LINE
  5
580
330
70
100
AcDbEntity
  8
A-WALL
370
    25
100
AcDbLine
 10
18159.46338384979
 20
31890.0
 30
0.0
 11
18159.46338384979
 21
28890.0
 31
0.0
1001
REVIT
1002
{
1070
     1
1000
1789786
1002
}
1002
{
1070
     5
1000
1222731
1002
}
1002
{
1070
     2
1000
-2000011
1002
}
  0
INSERT
  5
596
330
70
100
AcDbEntity
  8
A-GENM
100
AcDbBlockReference
  2
Refrigerator - Refrigerator-1143319-SECTION C-C
 10
0.0
 20
0.0
 30
0.0
1001
REVIT
1002
{
1070
     1
1000
1789789
1002
}
1002
{
1070
     5
1000
1143319
1002
}
1002
{
1070
     2
1000
-2000151
1002
}
  0
INSERT
  5
5B2
330
70
100
AcDbEntity
  8
A-GLAZ
100
AcDbBlockReference
  2
custom - equal Panel M_6 PANEL HORIZONTAL_ - AFA3042T SP-2001726-SECTION C-C
 10
0.0
 20
0.0
 30
0.0
1001
REVIT
1002
{
1070
     1
1000
1791104
1002
}
1002
{
1070
     5
1000
2001708
1002
}
1002
{
1070
     2
1000
-2000014
1002
}
1002
{
1070
     3
1000
-2000022
1002
}
  0
INSERT
  5
5B9
330
70
100
AcDbEntity
  8
A-DOOR
100
AcDbBlockReference
  2
Single - Timber Frame  - 870x2400-V2-SECTION C-C
 10
0.0
 20
0.0
 30
0.0
1001
REVIT
1002
{
1070
     1
1000
1802990
1002
}
1002
{
1070
     5
1000
2599461
1002
}
1002
{
1070
     2
1000
-2000023
1002
}
  0
INSERT
  5
5BA
330
70
100
AcDbEntity
  8
A-DOOR
100
AcDbBlockReference
  2
Single - Timber Frame  - 870x2400-2599501-SECTION C-C
 10
-1219.999998968765
 20
-3450.000000000003
 30
0.0
1001
REVIT
1002
{
1070
     1
1000
1803120
1002
}
1002
{
1070
     5
1000
2599461
1002
}
1002
{
1070
     2
1000
-2000023
1002
}
  0
INSERT
  5
5CD
330
70
100
AcDbEntity
  8
A-GLAZ
100
AcDbBlockReference
  2
Custom - Equal Panel T _ M_4 PANEL VERTICAL_ - AF1815T SP-2446615-SECTION C-C
 10
0.0
 20
0.0
 30
0.0
1001
REVIT
1002
{
1070
     1
1000
1807319
1002
}
1002
{
1070
     5
1000
2446478
1002
}
1002
{
1070
     2
1000
-2000014
1002
}
1002
{
1070
     3
1000
-2000018
1002
}
  0
INSERT
  5
5E1
330
70
100
AcDbEntity
  8
A-GLAZ
100
AcDbBlockReference
  2
Custom - Equal Panel T _ M_4 PANEL VERTICAL_ - AF1815T SP-2446777-SECTION C-C
 10
0.0
 20
0.0
 30
0.0
1001
REVIT
1002
{
1070
     1
1000
1807647
1002
}
1002
{
1070
     5
1000
2446478
1002
}
1002
{
1070
     2
1000
-2000014
1002
}
1002
{
1070
     3
1000
-2000018
1002
}
  0
LINE
  5
5E2
330
70
100
AcDbEntity
  8
I-WALL
100
AcDbLine
 10
16839.46338384978
 20
28890.0
 30
0.0
 11
16839.46338384978
 21
31890.0
 31
0.0
1001
REVIT
1002
{
1070
     1
1000
1815322
1002
}
1002
{
1070
     5
1000
2338323
1002
}
1002
{
1070
     2
1000
-2000011
1002
}
  0
LINE
  5
5E3
330
70
100
AcDbEntity
  8
I-WALL
100
AcDbLine
 10
22539.46338393945
 20
32340.00000000001
 30
0.0
 11
22539.46338393945
 21
32710.0
 31
0.0
1001
REVIT
1002
{
1070
     1
1000
1891896
1002
}
1002
{
1070
     5
1000
2338323
1002
}
1002
{
1070
     2
1000
-2000011
1002
}
  0
LINE
  5
5E4
330
70
100
AcDbEntity
  8
I-WALL
100
AcDbLine
 10
22539.46338393945
 20
32790.0
 30
0.0
 11
22539.46338393945
 21
33110.0
 31
0.0
1001
REVIT
1002
{
1070
     1
1000
1891896
1002
}
1002
{
1070
     5
1000
2338323
1002
}
1002
{
1070
     2
1000
-2000011
1002
}
  0
LINE
  5
5E5
330
70
100
AcDbEntity
  8
I-WALL
100
AcDbLine
 10
22539.46338393945
 20
33190.0
 30
0.0
 11
22539.46338393945
 21
33510.00000000001
 31
0.0
1001
REVIT
1002
{
1070
     1
1000
1891896
1002
}
1002
{
1070
     5
1000
2338323
1002
}
1002
{
1070
     2
1000
-2000011
1002
}
  0
LINE
  5
5E6
330
70
100
AcDbEntity
  8
I-WALL
100
AcDbLine
 10
22539.46338393945
 20
33590.00000000001
 30
0.0
 11
22539.46338393945
 21
33910.00000000001
 31
0.0
1001
REVIT
1002
{
1070
     1
1000
1891896
1002
}
1002
{
1070
     5
1000
2338323
1002
}
1002
{
1070
     2
1000
-2000011
1002
}
  0
LINE
  5
5E7
330
70
100
AcDbEntity
  8
I-WALL
100
AcDbLine
 10
22539.46338393945
 20
33990.0
 30
0.0
 11
22539.46338393945
 21
34110.00000000002
 31
0.0
1001
REVIT
1002
{
1070
     1
1000
1891896
1002
}
1002
{
1070
     5
1000
2338323
1002
}
1002
{
1070
     2
1000
-2000011
1002
}
  0
LINE
  5
5E8
330
70
100
AcDbEntity
  8
I-WALL
100
AcDbLine
 10
22539.46338393945
 20
34140.00000000001
 30
0.0
 11
22539.46338393945
 21
35090.0
 31
0.0
1001
REVIT
1002
{
1070
     1
1000
1891896
1002
}
1002
{
1070
     5
1000
2338323
1002
}
1002
{
1070
     2
1000
-2000011
1002
}
  0
LINE
  5
5E9
330
70
100
AcDbEntity
  8
Q-CASE
370
    25
100
AcDbLine
 10
23089.46338393946
 20
32790.0
 30
0.0
 11
22489.46338393848
 21
32790.0
 31
0.0
1001
REVIT
1002
{
1070
     1
1000
1892522
1002
}
1002
{
1070
     5
1000
1366206
1002
}
1002
{
1070
     2
1000
-2001000
1002
}
  0
LINE
  5
5EA
330
70
100
AcDbEntity
  8
Q-CASE
370
    25
100
AcDbLine
 10
22489.46338393848
 20
32790.0
 30
0.0
 11
22489.46338393848
 21
32710.0
 31
0.0
1001
REVIT
1002
{
1070
     1
1000
1892522
1002
}
1002
{
1070
     5
1000
1366206
1002
}
1002
{
1070
     2
1000
-2001000
1002
}
  0
LINE
  5
5EB
330
70
100
AcDbEntity
  8
Q-CASE
370
    25
100
AcDbLine
 10
22489.46338393848
 20
32710.0
 30
0.0
 11
23089.46338393946
 21
32710.0
 31
0.0
1001
REVIT
1002
{
1070
     1
1000
1892522
1002
}
1002
{
1070
     5
1000
1366206
1002
}
1002
{
1070
     2
1000
-2001000
1002
}
  0
LINE
  5
5EC
330
70
100
AcDbEntity
  8
Q-CASE
370
    25
100
AcDbLine
 10
23089.46338393946
 20
32710.0
 30
0.0
 11
23089.46338393946
 21
32790.0
 31
0.0
1001
REVIT
1002
{
1070
     1
1000
1892522
1002
}
1002
{
1070
     5
1000
1366206
1002
}
1002
{
1070
     2
1000
-2001000
1002
}
  0
LINE
  5
5ED
330
70
100
AcDbEntity
  8
Q-CASE
370
    25
100
AcDbLine
 10
23089.46338393947
 20
33190.0
 30
0.0
 11
22489.46338393848
 21
33190.0
 31
0.0
1001
REVIT
1002
{
1070
     1
1000
1892522
1002
}
1002
{
1070
     5
1000
1366206
1002
}
1002
{
1070
     2
1000
-2001000
1002
}
  0
LINE
  5
5EE
330
70
100
AcDbEntity
  8
Q-CASE
370
    25
100
AcDbLine
 10
22489.46338393848
 20
33190.0
 30
0.0
 11
22489.46338393848
 21
33110.0
 31
0.0
1001
REVIT
1002
{
1070
     1
1000
1892522
1002
}
1002
{
1070
     5
1000
1366206
1002
}
1002
{
1070
     2
1000
-2001000
1002
}
  0
LINE
  5
5EF
330
70
100
AcDbEntity
  8
Q-CASE
370
    25
100
AcDbLine
 10
22489.46338393848
 20
33110.0
 30
0.0
 11
23089.46338393947
 21
33110.0
 31
0.0
1001
REVIT
1002
{
1070
     1
1000
1892522
1002
}
1002
{
1070
     5
1000
1366206
1002
}
1002
{
1070
     2
1000
-2001000
1002
}
  0
LINE
  5
5F0
330
70
100
AcDbEntity
  8
Q-CASE
370
    25
100
AcDbLine
 10
23089.46338393947
 20
33110.0
 30
0.0
 11
23089.46338393947
 21
33190.0
 31
0.0
1001
REVIT
1002
{
1070
     1
1000
1892522
1002
}
1002
{
1070
     5
1000
1366206
1002
}
1002
{
1070
     2
1000
-2001000
1002
}
  0
LINE
  5
5F1
330
70
100
AcDbEntity
  8
Q-CASE
370
    25
100
AcDbLine
 10
23089.46338393947
 20
33590.00000000001
 30
0.0
 11
22489.46338393848
 21
33590.00000000001
 31
0.0
1001
REVIT
1002
{
1070
     1
1000
1892522
1002
}
1002
{
1070
     5
1000
1366206
1002
}
1002
{
1070
     2
1000
-2001000
1002
}
  0
LINE
  5
5F2
330
70
100
AcDbEntity
  8
Q-CASE
370
    25
100
AcDbLine
 10
22489.46338393848
 20
33590.00000000001
 30
0.0
 11
22489.46338393848
 21
33510.0
 31
0.0
1001
REVIT
1002
{
1070
     1
1000
1892522
1002
}
1002
{
1070
     5
1000
1366206
1002
}
1002
{
1070
     2
1000
-2001000
1002
}
  0
LINE
  5
5F3
330
70
100
AcDbEntity
  8
Q-CASE
370
    25
100
AcDbLine
 10
22489.46338393848
 20
33510.0
 30
0.0
 11
23089.46338393947
 21
33510.0
 31
0.0
1001
REVIT
1002
{
1070
     1
1000
1892522
1002
}
1002
{
1070
     5
1000
1366206
1002
}
1002
{
1070
     2
1000
-2001000
1002
}
  0
LINE
  5
5F4
330
70
100
AcDbEntity
  8
Q-CASE
370
    25
100
AcDbLine
 10
23089.46338393947
 20
33510.0
 30
0.0
 11
23089.46338393947
 21
33590.00000000001
 31
0.0
1001
REVIT
1002
{
1070
     1
1000
1892522
1002
}
1002
{
1070
     5
1000
1366206
1002
}
1002
{
1070
     2
1000
-2001000
1002
}
  0
LINE
  5
5F5
330
70
100
AcDbEntity
  8
Q-CASE
370
    25
100
AcDbLine
 10
23089.46338393947
 20
33990.0
 30
0.0
 11
22489.46338393848
 21
33990.0
 31
0.0
1001
REVIT
1002
{
1070
     1
1000
1892522
1002
}
1002
{
1070
     5
1000
1366206
1002
}
1002
{
1070
     2
1000
-2001000
1002
}
  0
LINE
  5
5F6
330
70
100
AcDbEntity
  8
Q-CASE
370
    25
100
AcDbLine
 10
22489.46338393848
 20
33990.0
 30
0.0
 11
22489.46338393848
 21
33910.0
 31
0.0
1001
REVIT
1002
{
1070
     1
1000
1892522
1002
}
1002
{
1070
     5
1000
1366206
1002
}
1002
{
1070
     2
1000
-2001000
1002
}
  0
LINE
  5
5F7
330
70
100
AcDbEntity
  8
Q-CASE
370
    25
100
AcDbLine
 10
22489.46338393848
 20
33910.0
 30
0.0
 11
23089.46338393947
 21
33910.0
 31
0.0
1001
REVIT
1002
{
1070
     1
1000
1892522
1002
}
1002
{
1070
     5
1000
1366206
1002
}
1002
{
1070
     2
1000
-2001000
1002
}
  0
LINE
  5
5F8
330
70
100
AcDbEntity
  8
Q-CASE
370
    25
100
AcDbLine
 10
23089.46338393947
 20
33910.0
 30
0.0
 11
23089.46338393947
 21
33990.0
 31
0.0
1001
REVIT
1002
{
1070
     1
1000
1892522
1002
}
1002
{
1070
     5
1000
1366206
1002
}
1002
{
1070
     2
1000
-2001000
1002
}
  0
LINE
  5
5F9
330
70
100
AcDbEntity
  8
Q-CASE
370
    25
100
AcDbLine
 10
20296.26719030717
 20
34140.00000000001
 30
0.0
 11
19696.26719030717
 21
34140.00000000001
 31
0.0
1001
REVIT
1002
{
1070
     1
1000
1892712
1002
}
1002
{
1070
     5
1000
2341617
1002
}
1002
{
1070
     2
1000
-2001000
1002
}
  0
LINE
  5
5FA
330
70
100
AcDbEntity
  8
Q-CASE
370
    25
100
AcDbLine
 10
19696.26719030717
 20
34140.00000000001
 30
0.0
 11
19696.26719030717
 21
34110.00000000001
 31
0.0
1001
REVIT
1002
{
1070
     1
1000
1892712
1002
}
1002
{
1070
     5
1000
2341617
1002
}
1002
{
1070
     2
1000
-2001000
1002
}
  0
LINE
  5
5FB
330
70
100
AcDbEntity
  8
Q-CASE
370
    25
100
AcDbLine
 10
19696.26719030717
 20
34110.00000000001
 30
0.0
 11
20296.26719030717
 21
34110.00000000001
 31
0.0
1001
REVIT
1002
{
1070
     1
1000
1892712
1002
}
1002
{
1070
     5
1000
2341617
1002
}
1002
{
1070
     2
1000
-2001000
1002
}
  0
LINE
  5
5FC
330
70
100
AcDbEntity
  8
Q-CASE
370
    25
100
AcDbLine
 10
20296.26719030717
 20
34110.00000000001
 30
0.0
 11
20296.26719030717
 21
34140.00000000001
 31
0.0
1001
REVIT
1002
{
1070
     1
1000
1892712
1002
}
1002
{
1070
     5
1000
2341617
1002
}
1002
{
1070
     2
1000
-2001000
1002
}
  0
LINE
  5
5FD
330
70
100
AcDbEntity
  8
Q-CASE
100
AcDbLine
 10
20296.26719030718
 20
34140.00000000001
 30
0.0
 11
22539.46338393945
 21
34140.00000000001
 31
0.0
1001
REVIT
1002
{
1070
     1
1000
1892712
1002
}
1002
{
1070
     5
1000
2341617
1002
}
1002
{
1070
     2
1000
-2001000
1002
}
  0
LINE
  5
5FE
330
70
100
AcDbEntity
  8
Q-CASE
100
AcDbLine
 10
22539.46338393945
 20
34140.00000000001
 30
0.0
 11
22539.46338393945
 21
34110.00000000001
 31
0.0
1001
REVIT
1002
{
1070
     1
1000
1892712
1002
}
1002
{
1070
     5
1000
2341617
1002
}
1002
{
1070
     2
1000
-2001000
1002
}
  0
LINE
  5
5FF
330
70
100
AcDbEntity
  8
Q-CASE
100
AcDbLine
 10
22539.46338393945
 20
34110.00000000001
 30
0.0
 11
20296.26719030718
 21
34110.00000000001
 31
0.0
1001
REVIT
1002
{
1070
     1
1000
1892712
1002
}
1002
{
1070
     5
1000
2341617
1002
}
1002
{
1070
     2
1000
-2001000
1002
}
  0
INSERT
  5
60D
330
70
100
AcDbEntity
  8
A-GENM
100
AcDbBlockReference
  2
Downpipe - 450 Eave-1917949-SECTION C-C
 10
0.0
 20
0.0
 30
0.0
1001
REVIT
1002
{
1070
     1
1000
1906281
1002
}
1002
{
1070
     5
1000
1893368
1002
}
1002
{
1070
     2
1000
-2000151
1002
}
1002
{
1070
     3
1000
1893352
1002
}
  0
INSERT
  5
613
330
70
100
AcDbEntity
  8
A-GENM
100
AcDbBlockReference
  2
Downpipe - 450 Eave-1907690-SECTION C-C
 10
0.0
 20
0.0
 30
0.0
1001
REVIT
1002
{
1070
     1
1000
1907666
1002
}
1002
{
1070
     5
1000
1893368
1002
}
1002
{
1070
     2
1000
-2000151
1002
}
1002
{
1070
     3
1000
1893352
1002
}
  0
INSERT
  5
617
330
70
100
AcDbEntity
  8
E-ELEC-FIXT
100
AcDbBlockReference
  2
Solar Panel_ Face Based - Solar Panel_ Face Based-1931305-SECTION C-C
 10
0.0
 20
0.0
 30
0.0
1001
REVIT
1002
{
1070
     1
1000
1931511
1002
}
1002
{
1070
     5
1000
1931305
1002
}
1002
{
1070
     2
1000
-2001060
1002
}
  0
INSERT
  5
618
330
70
100
AcDbEntity
  8
E-ELEC-FIXT
100
AcDbBlockReference
  2
Solar Panel_ Face Based - Solar Panel_ Face Based-1931305-SECTION C-C
 10
0.0
 20
0.0
 30
0.0
 41
1.0
 42
1.0
 43
1.0
1001
REVIT
1002
{
1070
     1
1000
1931637
1002
}
1002
{
1070
     5
1000
1931305
1002
}
1002
{
1070
     2
1000
-2001060
1002
}
  0
INSERT
  5
624
330
70
100
AcDbEntity
  8
E-ELEC-FIXT
100
AcDbBlockReference
  2
Solar Panel_ Face Based - Solar Panel_ Face Based-V3-SECTION C-C
 10
0.0
 20
0.0
 30
0.0
1001
REVIT
1002
{
1070
     1
1000
1931648
1002
}
1002
{
1070
     5
1000
1931305
1002
}
1002
{
1070
     2
1000
-2001060
1002
}
  0
INSERT
  5
625
330
70
100
AcDbEntity
  8
E-ELEC-FIXT
100
AcDbBlockReference
  2
Solar Panel_ Face Based - Solar Panel_ Face Based-1931305-SECTION C-C
 10
-1753.302668641481
 20
153.3941072358646
 30
0.0
 41
1.0
 42
1.0
 43
1.0
1001
REVIT
1002
{
1070
     1
1000
1931738
1002
}
1002
{
1070
     5
1000
1931305
1002
}
1002
{
1070
     2
1000
-2001060
1002
}
  0
INSERT
  5
626
330
70
100
AcDbEntity
  8
E-ELEC-FIXT
100
AcDbBlockReference
  2
Solar Panel_ Face Based - Solar Panel_ Face Based-1931305-SECTION C-C
 10
-1753.302668641481
 20
153.3941072358646
 30
0.0
 41
1.0
 42
1.0
 43
1.0
1001
REVIT
1002
{
1070
     1
1000
1931740
1002
}
1002
{
1070
     5
1000
1931305
1002
}
1002
{
1070
     2
1000
-2001060
1002
}
  0
INSERT
  5
627
330
70
100
AcDbEntity
  8
E-ELEC-FIXT
100
AcDbBlockReference
  2
Solar Panel_ Face Based - Solar Panel_ Face Based-1931305-SECTION C-C
 10
-1753.302668641479
 20
153.3941072358646
 30
0.0
 41
1.0
 42
1.0
 43
1.0
1001
REVIT
1002
{
1070
     1
1000
1931741
1002
}
1002
{
1070
     5
1000
1931305
1002
}
1002
{
1070
     2
1000
-2001060
1002
}
  0
INSERT
  5
628
330
70
100
AcDbEntity
  8
E-ELEC-FIXT
100
AcDbBlockReference
  2
Solar Panel_ Face Based - Solar Panel_ Face Based-1931305-SECTION C-C
 10
-1753.302668641486
 20
153.3941072358646
 30
0.0
 41
1.0
 42
1.0
 43
1.0
1001
REVIT
1002
{
1070
     1
1000
1931809
1002
}
1002
{
1070
     5
1000
1931305
1002
}
1002
{
1070
     2
1000
-2001060
1002
}
  0
INSERT
  5
629
330
70
100
AcDbEntity
  8
E-ELEC-FIXT
100
AcDbBlockReference
  2
Solar Panel_ Face Based - Solar Panel_ Face Based-1931305-SECTION C-C
 10
-1753.302668641483
 20
153.3941072358646
 30
0.0
 41
1.0
 42
1.0
 43
1.0
1001
REVIT
1002
{
1070
     1
1000
1931810
1002
}
1002
{
1070
     5
1000
1931305
1002
}
1002
{
1070
     2
1000
-2001060
1002
}
  0
INSERT
  5
636
330
70
100
AcDbEntity
  8
E-ELEC-FIXT
100
AcDbBlockReference
  2
Solar Panel_ Face Based - Solar Panel_ Face Based-V4-SECTION C-C
 10
0.0
 20
0.0
 30
0.0
1001
REVIT
1002
{
1070
     1
1000
1931811
1002
}
1002
{
1070
     5
1000
1931305
1002
}
1002
{
1070
     2
1000
-2001060
1002
}
  0
INSERT
  5
637
330
70
100
AcDbEntity
  8
E-ELEC-FIXT
100
AcDbBlockReference
  2
Solar Panel_ Face Based - Solar Panel_ Face Based-1931305-SECTION C-C
 10
-3506.605337282958
 20
306.7882144717395
 30
0.0
 41
1.0
 42
1.0
 43
1.0
1001
REVIT
1002
{
1070
     1
1000
1931954
1002
}
1002
{
1070
     5
1000
1931305
1002
}
1002
{
1070
     2
1000
-2001060
1002
}
  0
INSERT
  5
638
330
70
100
AcDbEntity
  8
E-ELEC-FIXT
100
AcDbBlockReference
  2
Solar Panel_ Face Based - Solar Panel_ Face Based-1931305-SECTION C-C
 10
-3506.605337282958
 20
306.7882144717395
 30
0.0
 41
1.0
 42
1.0
 43
1.0
1001
REVIT
1002
{
1070
     1
1000
1931955
1002
}
1002
{
1070
     5
1000
1931305
1002
}
1002
{
1070
     2
1000
-2001060
1002
}
  0
INSERT
  5
639
330
70
100
AcDbEntity
  8
E-ELEC-FIXT
100
AcDbBlockReference
  2
Solar Panel_ Face Based - Solar Panel_ Face Based-1931305-SECTION C-C
 10
-3506.605337282956
 20
306.7882144717395
 30
0.0
 41
1.0
 42
1.0
 43
1.0
1001
REVIT
1002
{
1070
     1
1000
1931956
1002
}
1002
{
1070
     5
1000
1931305
1002
}
1002
{
1070
     2
1000
-2001060
1002
}
  0
INSERT
  5
63A
330
70
100
AcDbEntity
  8
E-ELEC-FIXT
100
AcDbBlockReference
  2
Solar Panel_ Face Based - Solar Panel_ Face Based-1931305-SECTION C-C
 10
-3506.605337282963
 20
306.7882144717395
 30
0.0
 41
1.0
 42
1.0
 43
1.0
1001
REVIT
1002
{
1070
     1
1000
1931957
1002
}
1002
{
1070
     5
1000
1931305
1002
}
1002
{
1070
     2
1000
-2001060
1002
}
  0
INSERT
  5
63B
330
70
100
AcDbEntity
  8
E-ELEC-FIXT
100
AcDbBlockReference
  2
Solar Panel_ Face Based - Solar Panel_ Face Based-1931305-SECTION C-C
 10
-3506.60533728296
 20
306.7882144717395
 30
0.0
 41
1.0
 42
1.0
 43
1.0
1001
REVIT
1002
{
1070
     1
1000
1931958
1002
}
1002
{
1070
     5
1000
1931305
1002
}
1002
{
1070
     2
1000
-2001060
1002
}
  0
INSERT
  5
648
330
70
100
AcDbEntity
  8
E-ELEC-FIXT
100
AcDbBlockReference
  2
Solar Panel_ Face Based - Solar Panel_ Face Based-V5-SECTION C-C
 10
0.0
 20
0.0
 30
0.0
1001
REVIT
1002
{
1070
     1
1000
1931959
1002
}
1002
{
1070
     5
1000
1931305
1002
}
1002
{
1070
     2
1000
-2001060
1002
}
  0
INSERT
  5
649
330
70
100
AcDbEntity
  8
E-ELEC-FIXT
100
AcDbBlockReference
  2
Solar Panel_ Face Based - Solar Panel_ Face Based-1931305-SECTION C-C
 10
-5259.908005924433
 20
460.18232170761
 30
0.0
 41
1.0
 42
1.0
 43
1.0
1001
REVIT
1002
{
1070
     1
1000
1932023
1002
}
1002
{
1070
     5
1000
1931305
1002
}
1002
{
1070
     2
1000
-2001060
1002
}
  0
INSERT
  5
655
330
70
100
AcDbEntity
  8
E-ELEC-FIXT
100
AcDbBlockReference
  2
Solar Panel_ Face Based - Solar Panel_ Face Based-V6-SECTION C-C
 10
0.0
 20
0.0
 30
0.0
1001
REVIT
1002
{
1070
     1
1000
1932024
1002
}
1002
{
1070
     5
1000
1931305
1002
}
1002
{
1070
     2
1000
-2001060
1002
}
  0
INSERT
  5
65E
330
70
100
AcDbEntity
  8
A-GENM
100
AcDbBlockReference
  2
Downpipe - 450 Eave-1976548-SECTION C-C
 10
0.0
 20
0.0
 30
0.0
1001
REVIT
1002
{
1070
     1
1000
1976077
1002
}
1002
{
1070
     5
1000
1893368
1002
}
1002
{
1070
     2
1000
-2000151
1002
}
1002
{
1070
     3
1000
1893352
1002
}
  0
INSERT
  5
66C
330
70
100
AcDbEntity
  8
A-GENM
100
AcDbBlockReference
  2
Timber_Screen_Adjustable_21388 - Type 1-2542742-SECTION C-C
 10
0.0
 20
0.0
 30
0.0
1001
REVIT
1002
{
1070
     1
1000
2012846
1002
}
1002
{
1070
     5
1000
2012895
1002
}
1002
{
1070
     2
1000
-2000151
1002
}
  0
INSERT
  5
6B6
330
70
100
AcDbEntity
  8
P-SANR-FIXT
100
AcDbBlockReference
  2
Tap - Tap-1959228-SECTION C-C
 10
0.0
 20
0.0
 30
0.0
1001
REVIT
1002
{
1070
     1
1000
2024455
1002
}
1002
{
1070
     5
1000
1959228
1002
}
1002
{
1070
     2
1000
-2001160
1002
}
  0
INSERT
  5
6BF
330
70
100
AcDbEntity
  8
P-SANR-FIXT
100
AcDbBlockReference
  2
Linear grate - 1000x80-2174343-SECTION C-C
 10
0.0
 20
0.0
 30
0.0
1001
REVIT
1002
{
1070
     1
1000
2174114
1002
}
1002
{
1070
     5
1000
2174013
1002
}
1002
{
1070
     2
1000
-2001160
1002
}
  0
INSERT
  5
6C9
330
70
100
AcDbEntity
  8
P-SANR-FIXT
100
AcDbBlockReference
  2
Linear grate - 1000x80-2344629-SECTION C-C
 10
0.0
 20
0.0
 30
0.0
1001
REVIT
1002
{
1070
     1
1000
2174402
1002
}
1002
{
1070
     5
1000
2174013
1002
}
1002
{
1070
     2
1000
-2001160
1002
}
  0
HATCH
  5
6D0
330
70
100
AcDbEntity
  8
A-FLOR-PATT
370
     9
100
AcDbHatch
 10
0.0
 20
0.0
 30
0.0
210
0.0
220
0.0
230
1.0
  2
FP_3
 70
     0
 71
     0
 91
        1
 92
        1
 93
        6
 72
     1
 10
20579.46338386738
 20
35390.00000000002
 11
20579.46338386738
 21
35540.00000000002
 72
     1
 10
20579.46338386738
 20
35540.00000000002
 11
20394.46338386737
 21
35540.00000000002
 72
     1
 10
20394.46338386737
 20
35540.00000000002
 11
20394.46338386737
 21
35420.00000000002
 72
     1
 10
20394.46338386737
 20
35420.00000000002
 11
20444.46338386739
 21
35420.00000000002
 72
     1
 10
20444.46338386739
 20
35420.00000000002
 11
20444.46338386739
 21
35390.00000000002
 72
     1
 10
20444.46338386739
 20
35390.00000000002
 11
20579.46338386738
 21
35390.00000000002
 97
        0
 75
     0
 76
     2
 52
0.0
 41
1.0
 77
     0
 78
    17
 53
49.99999999999999
 43
17970.973
 44
19353.85
 45
582.9890969798607
 46
-51.00509307516802
 79
     2
 49
60.96
 49
-670.56
 53
355.0
 43
17970.973
 44
19353.85
 45
-112.7767293253219
 46
611.3816312972472
 79
     2
 49
48.768
 49
-536.448
 53
100.451
 43
18019.555
 44
19349.6
 45
470.2160778888968
 46
560.3730076607749
 79
     2
 49
51.808
 49
-569.888
 53
46.184
 43
17970.973
 44
19516.41
 45
867.4527089478838
 46
-134.5367748274727
 79
     2
 49
91.44
 49
-1005.84
 53
96.636
 43
18043.261
 44
19505.199
 45
759.6879071721903
 46
791.7680757907189
 79
     2
 49
77.712
 49
-854.832
 53
351.184
 43
17970.973
 44
19516.41
 45
759.6960163844116
 46
791.7607861511301
 79
     2
 49
73.152
 49
-804.672
 53
21.0
 43
18052.253
 44
19475.77
 45
485.1659934615853
 46
-327.2487822825823
 79
     2
 49
60.96
 49
-670.56
 53
325.9999999999999
 43
18052.253
 44
19475.77
 45
197.7669465201526
 46
589.4016666324376
 79
     2
 49
48.768
 49
-536.448
 53
71.45100000000001
 43
18092.683
 44
19448.499
 45
682.9344733757403
 46
262.1479976940511
 79
     2
 49
51.808
 49
-569.888
 53
37.5
 43
17970.973
 44
19353.85
 45
9.883035223681148
 46
270.5760469438628
 79
     5
 49
26.822
 49
-503.123
 49
26.822
 49
-517.754
 49
-538.48
 53
37.5
 43
17970.973
 44
19353.85
 45
9.883035223681148
 46
270.5760469438628
 79
     3
 49
-1074.522
 49
26.822
 49
-511.658
 53
7.5
 43
17970.973
 44
19353.85
 45
213.8224524709532
 46
320.5780199332246
 79
     5
 49
26.822
 49
-283.667
 49
26.822
 49
-490.931
 49
-205.232
 53
7.5
 43
17970.973
 44
19353.85
 45
213.8224524709532
 46
320.5780199332246
 79
     3
 49
-828.243
 49
26.822
 49
-178.41
 53
327.5
 43
17789.719
 44
19353.85
 45
433.8910025716608
 46
-18.33249059345368
 79
     5
 49
26.822
 49
-176.378
 49
26.822
 49
-607.1619999999999
 49
-841.248
 53
327.5
 43
17789.719
 44
19353.85
 45
433.8910025716608
 46
-18.33249059345368
 79
     3
 49
-837.184
 49
26.822
 49
-814.426
 53
317.5
 43
17708.439
 44
19353.85
 45
474.0138619252369
 46
81.36541517575179
 79
     5
 49
26.822
 49
-237.338
 49
26.822
 49
-394.208
 49
-597.408
 53
317.5
 43
17708.439
 44
19353.85
 45
474.0138619252369
 46
81.36541517575179
 79
     3
 49
-685.19
 49
26.822
 49
-570.586
 98
        1
 10
0.0
 20
0.0
1001
REVIT
1002
{
1070
     1
1000
2177991
1002
}
1002
{
1070
     5
1000
2174665
1002
}
1002
{
1070
     4
1000
758
1002
}
1002
{
1070
     2
1000
-2000032
1002
}
1002
{
1070
     3
1000
-2000608
1002
}
  0
LINE
  5
6D2
330
70
100
AcDbEntity
  8
A-FLOR
370
    35
100
AcDbLine
 10
20579.46338386737
 20
35540.0
 30
0.0
 11
20394.46338386736
 21
35540.0
 31
0.0
1001
REVIT
1002
{
1070
     1
1000
2177991
1002
}
1002
{
1070
     5
1000
2174665
1002
}
1002
{
1070
     2
1000
-2000032
1002
}
  0
LINE
  5
6D3
330
70
100
AcDbEntity
  8
A-FLOR
370
    35
100
AcDbLine
 10
20394.46338386736
 20
35540.0
 30
0.0
 11
20394.46338386736
 21
35420.0
 31
0.0
1001
REVIT
1002
{
1070
     1
1000
2177991
1002
}
1002
{
1070
     5
1000
2174665
1002
}
1002
{
1070
     2
1000
-2000032
1002
}
  0
LINE
  5
6D5
330
70
100
AcDbEntity
  8
I-WALL
370
    25
100
AcDbLine
 10
12969.46338285362
 20
35090.0
 30
0.0
 11
12969.46338285362
 21
34740.0
 31
0.0
1001
REVIT
1002
{
1070
     1
1000
2340454
1002
}
1002
{
1070
     5
1000
2338323
1002
}
1002
{
1070
     2
1000
-2000011
1002
}
  0
LINE
  5
6D6
330
70
100
AcDbEntity
  8
I-WALL
370
    25
100
AcDbLine
 10
12969.46338285362
 20
34740.0
 30
0.0
 11
13059.46338285362
 21
34740.0
 31
0.0
1001
REVIT
1002
{
1070
     1
1000
2340454
1002
}
1002
{
1070
     5
1000
2338323
1002
}
1002
{
1070
     2
1000
-2000011
1002
}
  0
LINE
  5
6D7
330
70
100
AcDbEntity
  8
I-WALL
370
    25
100
AcDbLine
 10
13059.46338285362
 20
34740.0
 30
0.0
 11
13059.46338285362
 21
35340.00000000001
 31
0.0
1001
REVIT
1002
{
1070
     1
1000
2340454
1002
}
1002
{
1070
     5
1000
2338323
1002
}
1002
{
1070
     2
1000
-2000011
1002
}
  0
LINE
  5
6D8
330
70
100
AcDbEntity
  8
I-WALL
100
AcDbLine
 10
13059.46338285362
 20
34740.0
 30
0.0
 11
13059.46338285362
 21
32340.00000000001
 31
0.0
1001
REVIT
1002
{
1070
     1
1000
2340454
1002
}
1002
{
1070
     5
1000
2338323
1002
}
1002
{
1070
     2
1000
-2000011
1002
}
  0
LINE
  5
6D9
330
70
100
AcDbEntity
  8
A-FLOR
100
AcDbLine
 10
9859.463382853626
 20
35254.0
 30
0.0
 11
9219.463382853635
 21
35254.0
 31
0.0
1001
REVIT
1002
{
1070
     1
1000
2410763
1002
}
1002
{
1070
     5
1000
2173373
1002
}
1002
{
1070
     2
1000
-2000032
1002
}
  0
INSERT
  5
6E1
330
70
100
AcDbEntity
  8
P-SANR-FIXT
100
AcDbBlockReference
  2
tile grate 80 - 1000x80-2561614-SECTION C-C
 10
0.0
 20
0.0
 30
0.0
1001
REVIT
1002
{
1070
     1
1000
2562088
1002
}
1002
{
1070
     5
1000
2561614
1002
}
1002
{
1070
     2
1000
-2001160
1002
}
  0
INSERT
  5
6EC
330
70
100
AcDbEntity
  8
A-FLOR-HRAL
100
AcDbBlockReference
  2
Railing - Railing-2601280-SECTION C-C
 10
0.0
 20
0.0
 30
0.0
1001
REVIT
1002
{
1070
     1
1000
2601279
1002
}
1002
{
1070
     5
1000
78969
1002
}
1002
{
1070
     2
1000
-2000126
1002
}
1002
{
1070
     3
1000
-2000127
1002
}
  0
INSERT
  5
6F4
330
70
100
AcDbEntity
  8
A-FLOR-HRAL
100
AcDbBlockReference
  2
Top Rail Type - Top Rail_Internal_-2601392-SECTION C-C
 10
0.0
 20
0.0
 30
0.0
1001
REVIT
1002
{
1070
     1
1000
2601391
1002
}
1002
{
1070
     5
1000
199972
1002
}
1002
{
1070
     2
1000
-2000126
1002
}
1002
{
1070
     3
1000
-2000946
1002
}
  0
HATCH
  5
712
330
70
100
AcDbEntity
  8
A-FLOR-PATT
370
     9
100
AcDbHatch
 10
0.0
 20
0.0
 30
0.0
210
0.0
220
0.0
230
1.0
  2
FP_3
 70
     0
 71
     0
 91
        1
 92
        1
 93
        5
 72
     1
 10
8489.463382853606
 20
31890.00000000001
 11
8989.463382853606
 21
31890.00000000002
 72
     1
 10
8989.463382853606
 20
31890.00000000002
 11
8989.463382853606
 21
31938.00000000002
 72
     1
 10
8989.463382853606
 20
31938.00000000002
 11
8489.463382853606
 21
31938.00000000002
 72
     1
 10
8489.463382853606
 20
31938.00000000002
 11
8489.463382853606
 21
31896.5694820519
 72
     1
 10
8489.463382853606
 20
31896.5694820519
 11
8489.463382853606
 21
31890.00000000001
 97
        0
 75
     0
 76
     2
 52
0.0
 41
1.0
 77
     0
 78
    17
 53
49.99999999999999
 43
17970.973
 44
19353.85
 45
582.9890969798607
 46
-51.00509307516802
 79
     2
 49
60.96
 49
-670.56
 53
355.0
 43
17970.973
 44
19353.85
 45
-112.7767293253219
 46
611.3816312972472
 79
     2
 49
48.768
 49
-536.448
 53
100.451
 43
18019.555
 44
19349.6
 45
470.2160778888968
 46
560.3730076607749
 79
     2
 49
51.808
 49
-569.888
 53
46.184
 43
17970.973
 44
19516.41
 45
867.4527089478838
 46
-134.5367748274727
 79
     2
 49
91.44
 49
-1005.84
 53
96.636
 43
18043.261
 44
19505.199
 45
759.6879071721903
 46
791.7680757907189
 79
     2
 49
77.712
 49
-854.832
 53
351.184
 43
17970.973
 44
19516.41
 45
759.6960163844116
 46
791.7607861511301
 79
     2
 49
73.152
 49
-804.672
 53
21.0
 43
18052.253
 44
19475.77
 45
485.1659934615853
 46
-327.2487822825823
 79
     2
 49
60.96
 49
-670.56
 53
325.9999999999999
 43
18052.253
 44
19475.77
 45
197.7669465201526
 46
589.4016666324376
 79
     2
 49
48.768
 49
-536.448
 53
71.45100000000001
 43
18092.683
 44
19448.499
 45
682.9344733757403
 46
262.1479976940511
 79
     2
 49
51.808
 49
-569.888
 53
37.5
 43
17970.973
 44
19353.85
 45
9.883035223681148
 46
270.5760469438628
 79
     5
 49
26.822
 49
-503.123
 49
26.822
 49
-517.754
 49
-538.48
 53
37.5
 43
17970.973
 44
19353.85
 45
9.883035223681148
 46
270.5760469438628
 79
     3
 49
-1074.522
 49
26.822
 49
-511.658
 53
7.5
 43
17970.973
 44
19353.85
 45
213.8224524709532
 46
320.5780199332246
 79
     5
 49
26.822
 49
-283.667
 49
26.822
 49
-490.931
 49
-205.232
 53
7.5
 43
17970.973
 44
19353.85
 45
213.8224524709532
 46
320.5780199332246
 79
     3
 49
-828.243
 49
26.822
 49
-178.41
 53
327.5
 43
17789.719
 44
19353.85
 45
433.8910025716608
 46
-18.33249059345368
 79
     5
 49
26.822
 49
-176.378
 49
26.822
 49
-607.1619999999999
 49
-841.248
 53
327.5
 43
17789.719
 44
19353.85
 45
433.8910025716608
 46
-18.33249059345368
 79
     3
 49
-837.184
 49
26.822
 49
-814.426
 53
317.5
 43
17708.439
 44
19353.85
 45
474.0138619252369
 46
81.36541517575179
 79
     5
 49
26.822
 49
-237.338
 49
26.822
 49
-394.208
 49
-597.408
 53
317.5
 43
17708.439
 44
19353.85
 45
474.0138619252369
 46
81.36541517575179
 79
     3
 49
-685.19
 49
26.822
 49
-570.586
 98
        1
 10
0.0
 20
0.0
1001
REVIT
1002
{
1070
     1
1000
2615192
1002
}
1002
{
1070
     5
1000
2613863
1002
}
1002
{
1070
     4
1000
758
1002
}
1002
{
1070
     2
1000
-2000032
1002
}
1002
{
1070
     3
1000
-2000608
1002
}
  0
LINE
  5
713
330
70
100
AcDbEntity
  8
A-FLOR
370
    35
100
AcDbLine
 10
8989.463382853617
 20
31890.00000000001
 30
0.0
 11
8989.463382853617
 21
31938.00000000001
 31
0.0
1001
REVIT
1002
{
1070
     1
1000
2615192
1002
}
1002
{
1070
     5
1000
2613863
1002
}
1002
{
1070
     2
1000
-2000032
1002
}
  0
LINE
  5
714
330
70
100
AcDbEntity
  8
A-FLOR
370
    35
100
AcDbLine
 10
8489.463382853617
 20
31938.00000000001
 30
0.0
 11
8489.463382853617
 21
31890.0
 31
0.0
1001
REVIT
1002
{
1070
     1
1000
2615192
1002
}
1002
{
1070
     5
1000
2613863
1002
}
1002
{
1070
     2
1000
-2000032
1002
}
  0
LINE
  5
715
330
70
100
AcDbEntity
  8
A-DETL
100
AcDbLine
 10
12969.46338285362
 20
35090.0
 30
0.0
 11
12969.46338285362
 21
35340.00000000001
 31
0.0
1001
REVIT
1002
{
1070
     1
1000
2298200
1002
}
1002
{
1070
     5
1000
1363608
1002
}
1002
{
1070
     2
1000
-2000051
1002
}
1002
{
1070
     3
1000
1933725
1002
}
  0
LINE
  5
716
330
70
100
AcDbEntity
  8
A-DETL
100
AcDbLine
 10
10333.46338455287
 20
35340.00000000001
 30
0.0
 11
9859.46338285363
 21
35340.00000000001
 31
0.0
1001
REVIT
1002
{
1070
     1
1000
2298200
1002
}
1002
{
1070
     5
1000
1363608
1002
}
1002
{
1070
     2
1000
-2000051
1002
}
1002
{
1070
     3
1000
1933725
1002
}
  0
LINE
  5
717
330
70
100
AcDbEntity
  8
A-DETL
100
AcDbLine
 10
9859.46338285363
 20
35340.00000000001
 30
0.0
 11
9859.46338285363
 21
35090.0
 31
0.0
1001
REVIT
1002
{
1070
     1
1000
2298200
1002
}
1002
{
1070
     5
1000
1363608
1002
}
1002
{
1070
     2
1000
-2000051
1002
}
1002
{
1070
     3
1000
1933725
1002
}
  0
LINE
  5
718
330
70
100
AcDbEntity
  8
A-DETL
100
AcDbLine
 10
9859.46338285363
 20
35090.0
 30
0.0
 11
12969.46338285362
 21
35090.0
 31
0.0
1001
REVIT
1002
{
1070
     1
1000
2298200
1002
}
1002
{
1070
     5
1000
1363608
1002
}
1002
{
1070
     2
1000
-2000051
1002
}
1002
{
1070
     3
1000
1933725
1002
}
  0
LINE
  5
719
330
70
100
AcDbEntity
  8
A-DETL
100
AcDbLine
 10
16159.4633838498
 20
35340.00000000001
 30
0.0
 11
16159.4633838498
 21
35090.0
 31
0.0
1001
REVIT
1002
{
1070
     1
1000
2298200
1002
}
1002
{
1070
     5
1000
1363608
1002
}
1002
{
1070
     2
1000
-2000051
1002
}
1002
{
1070
     3
1000
1933725
1002
}
  0
LINE
  5
71A
330
70
100
AcDbEntity
  8
A-DETL
100
AcDbLine
 10
16159.4633838498
 20
35090.0
 30
0.0
 11
17719.46338386734
 21
35090.0
 31
0.0
1001
REVIT
1002
{
1070
     1
1000
2298200
1002
}
1002
{
1070
     5
1000
1363608
1002
}
1002
{
1070
     2
1000
-2000051
1002
}
1002
{
1070
     3
1000
1933725
1002
}
  0
LINE
  5
71B
330
70
100
AcDbEntity
  8
A-DETL
100
AcDbLine
 10
17719.46338386734
 20
35090.0
 30
0.0
 11
17719.46338386734
 21
35340.00000000001
 31
0.0
1001
REVIT
1002
{
1070
     1
1000
2298200
1002
}
1002
{
1070
     5
1000
1363608
1002
}
1002
{
1070
     2
1000
-2000051
1002
}
1002
{
1070
     3
1000
1933725
1002
}
  0
LINE
  5
71C
330
70
100
AcDbEntity
  8
A-DETL
100
AcDbLine
 10
17719.46338386734
 20
35340.00000000001
 30
0.0
 11
16819.46338425165
 21
35340.00000000001
 31
0.0
1001
REVIT
1002
{
1070
     1
1000
2298200
1002
}
1002
{
1070
     5
1000
1363608
1002
}
1002
{
1070
     2
1000
-2000051
1002
}
1002
{
1070
     3
1000
1933725
1002
}
  0
LINE
  5
71D
330
70
100
AcDbEntity
  8
A-DETL
100
AcDbLine
 10
16049.4633838498
 20
35090.0
 30
0.0
 11
16049.4633838498
 21
35340.00000000001
 31
0.0
1001
REVIT
1002
{
1070
     1
1000
2298200
1002
}
1002
{
1070
     5
1000
1363608
1002
}
1002
{
1070
     2
1000
-2000051
1002
}
1002
{
1070
     3
1000
1933725
1002
}
  0
LINE
  5
71E
330
70
100
AcDbEntity
  8
A-DETL
100
AcDbLine
 10
13769.46338285362
 20
35340.00000000001
 30
0.0
 11
13769.46338285362
 21
35090.0
 31
0.0
1001
REVIT
1002
{
1070
     1
1000
2298200
1002
}
1002
{
1070
     5
1000
1363608
1002
}
1002
{
1070
     2
1000
-2000051
1002
}
1002
{
1070
     3
1000
1933725
1002
}
  0
LINE
  5
71F
330
70
100
AcDbEntity
  8
A-DETL
100
AcDbLine
 10
13769.46338285362
 20
35090.0
 30
0.0
 11
16049.4633838498
 21
35090.0
 31
0.0
1001
REVIT
1002
{
1070
     1
1000
2298200
1002
}
1002
{
1070
     5
1000
1363608
1002
}
1002
{
1070
     2
1000
-2000051
1002
}
1002
{
1070
     3
1000
1933725
1002
}
  0
LINE
  5
720
330
70
100
AcDbEntity
  8
A-DETL
100
AcDbLine
 10
19609.46338386735
 20
35090.0
 30
0.0
 11
19609.46338386735
 21
35240.0
 31
0.0
1001
REVIT
1002
{
1070
     1
1000
2298200
1002
}
1002
{
1070
     5
1000
1363608
1002
}
1002
{
1070
     2
1000
-2000051
1002
}
1002
{
1070
     3
1000
1933725
1002
}
  0
LINE
  5
721
330
70
100
AcDbEntity
  8
A-DETL
100
AcDbLine
 10
19609.46338386735
 20
35240.0
 30
0.0
 11
17830.09150487256
 21
35240.0
 31
0.0
1001
REVIT
1002
{
1070
     1
1000
2298200
1002
}
1002
{
1070
     5
1000
1363608
1002
}
1002
{
1070
     2
1000
-2000051
1002
}
1002
{
1070
     3
1000
1933725
1002
}
  0
LINE
  5
722
330
70
100
AcDbEntity
  8
A-DETL
100
AcDbLine
 10
17830.09150487256
 20
35240.0
 30
0.0
 11
17830.09150487256
 21
35090.0
 31
0.0
1001
REVIT
1002
{
1070
     1
1000
2298200
1002
}
1002
{
1070
     5
1000
1363608
1002
}
1002
{
1070
     2
1000
-2000051
1002
}
1002
{
1070
     3
1000
1933725
1002
}
  0
LINE
  5
723
330
70
100
AcDbEntity
  8
A-DETL
100
AcDbLine
 10
17830.09150487256
 20
35090.0
 30
0.0
 11
19609.46338386735
 21
35090.0
 31
0.0
1001
REVIT
1002
{
1070
     1
1000
2298200
1002
}
1002
{
1070
     5
1000
1363608
1002
}
1002
{
1070
     2
1000
-2000051
1002
}
1002
{
1070
     3
1000
1933725
1002
}
  0
LINE
  5
724
330
70
100
AcDbEntity
  8
A-DETL
100
AcDbLine
 10
20379.33090252053
 20
35407.0
 30
0.0
 11
20439.59586521389
 21
35407.0
 31
0.0
1001
REVIT
1002
{
1070
     1
1000
2175715
1002
}
1002
{
1070
     2
1000
-2000051
1002
}
1002
{
1070
     3
1000
1933725
1002
}
  0
LINE
  5
725
330
70
100
AcDbEntity
  8
A-DETL
100
AcDbLine
 10
20374.46338386738
 20
35408.71989507236
 30
0.0
 11
20374.46338386738
 21
35420.00000000001
 31
0.0
1001
REVIT
1002
{
1070
     1
1000
2175857
1002
}
1002
{
1070
     2
1000
-2000051
1002
}
1002
{
1070
     3
1000
1933725
1002
}
  0
LINE
  5
726
330
70
100
AcDbEntity
  8
A-DETL
100
AcDbLine
 10
20444.46338386738
 20
35408.71989507704
 30
0.0
 11
20444.46338386738
 21
35420.00000000001
 31
0.0
1001
REVIT
1002
{
1070
     1
1000
2175933
1002
}
1002
{
1070
     2
1000
-2000051
1002
}
1002
{
1070
     3
1000
1933725
1002
}
  0
LINE
  5
727
330
70
100
AcDbEntity
  8
A-DETL
100
AcDbLine
 10
20377.46338386738
 20
35420.00000000001
 30
0.0
 11
20377.46338386738
 21
35408.84825392333
 31
0.0
1001
REVIT
1002
{
1070
     1
1000
2176030
1002
}
1002
{
1070
     2
1000
-2000051
1002
}
1002
{
1070
     3
1000
1933725
1002
}
  0
LINE
  5
728
330
70
100
AcDbEntity
  8
A-DETL
100
AcDbLine
 10
20441.46338386738
 20
35408.84825392632
 30
0.0
 11
20441.46338386738
 21
35420.00000000001
 31
0.0
1001
REVIT
1002
{
1070
     1
1000
2176033
1002
}
1002
{
1070
     2
1000
-2000051
1002
}
1002
{
1070
     3
1000
1933725
1002
}
  0
LINE
  5
729
330
70
100
AcDbEntity
  8
A-DETL
100
AcDbLine
 10
20439.71206384164
 20
35404.0
 30
0.0
 11
20379.21470389278
 21
35404.0
 31
0.0
1001
REVIT
1002
{
1070
     1
1000
2176039
1002
}
1002
{
1070
     2
1000
-2000051
1002
}
1002
{
1070
     3
1000
1933725
1002
}
  0
ARC
  5
72A
330
70
100
AcDbEntity
  8
A-DETL
100
AcDbCircle
 10
20439.3892745467
 20
35409.07636305739
 30
0.0
 40
5.086615261571091
100
AcDbArc
 50
273.6383525592963
 51
355.9814406128731
1001
REVIT
1002
{
1070
     1
1000
2176276
1002
}
1002
{
1070
     2
1000
-2000051
1002
}
1002
{
1070
     3
1000
1933725
1002
}
  0
ARC
  5
72B
330
70
100
AcDbEntity
  8
A-DETL
100
AcDbCircle
 10
20379.53749318773
 20
35409.07636305739
 30
0.0
 40
5.086615261571091
100
AcDbArc
 50
184.0185594400349
 51
266.3616474407029
1001
REVIT
1002
{
1070
     1
1000
2176325
1002
}
1002
{
1070
     2
1000
-2000051
1002
}
1002
{
1070
     3
1000
1933725
1002
}
  0
LINE
  5
72C
330
70
100
AcDbEntity
  8
A-DETL
100
AcDbLine
 10
18179.3309025897
 20
35435.0
 30
0.0
 11
18239.59586528306
 21
35435.0
 31
0.0
1001
REVIT
1002
{
1070
     1
1000
2176372
1002
}
1002
{
1070
     2
1000
-2000051
1002
}
1002
{
1070
     3
1000
1933725
1002
}
  0
LINE
  5
72D
330
70
100
AcDbEntity
  8
A-DETL
100
AcDbLine
 10
18174.46338393654
 20
35436.71989507235
 30
0.0
 11
18174.46338393654
 21
35448.0
 31
0.0
1001
REVIT
1002
{
1070
     1
1000
2176373
1002
}
1002
{
1070
     2
1000
-2000051
1002
}
1002
{
1070
     3
1000
1933725
1002
}
  0
LINE
  5
72E
330
70
100
AcDbEntity
  8
A-DETL
100
AcDbLine
 10
18244.46338393654
 20
35436.71989507704
 30
0.0
 11
18244.46338393654
 21
35448.0
 31
0.0
1001
REVIT
1002
{
1070
     1
1000
2176374
1002
}
1002
{
1070
     2
1000
-2000051
1002
}
1002
{
1070
     3
1000
1933725
1002
}
  0
LINE
  5
72F
330
70
100
AcDbEntity
  8
A-DETL
100
AcDbLine
 10
18177.46338393654
 20
35448.0
 30
0.0
 11
18177.46338393654
 21
35436.84825392332
 31
0.0
1001
REVIT
1002
{
1070
     1
1000
2176375
1002
}
1002
{
1070
     2
1000
-2000051
1002
}
1002
{
1070
     3
1000
1933725
1002
}
  0
LINE
  5
730
330
70
100
AcDbEntity
  8
A-DETL
100
AcDbLine
 10
18241.46338393654
 20
35436.84825392632
 30
0.0
 11
18241.46338393654
 21
35448.0
 31
0.0
1001
REVIT
1002
{
1070
     1
1000
2176376
1002
}
1002
{
1070
     2
1000
-2000051
1002
}
1002
{
1070
     3
1000
1933725
1002
}
  0
LINE
  5
731
330
70
100
AcDbEntity
  8
A-DETL
100
AcDbLine
 10
18239.71206391081
 20
35432.0
 30
0.0
 11
18179.21470396195
 21
35432.0
 31
0.0
1001
REVIT
1002
{
1070
     1
1000
2176377
1002
}
1002
{
1070
     2
1000
-2000051
1002
}
1002
{
1070
     3
1000
1933725
1002
}
  0
ARC
  5
732
330
70
100
AcDbEntity
  8
A-DETL
100
AcDbCircle
 10
18239.38927461586
 20
35437.07636305738
 30
0.0
 40
5.086615261574953
100
AcDbArc
 50
273.6383525593348
 51
355.9814406128676
1001
REVIT
1002
{
1070
     1
1000
2176379
1002
}
1002
{
1070
     2
1000
-2000051
1002
}
1002
{
1070
     3
1000
1933725
1002
}
  0
ARC
  5
733
330
70
100
AcDbEntity
  8
A-DETL
100
AcDbCircle
 10
18179.5374932569
 20
35437.07636305738
 30
0.0
 40
5.086615261571322
100
AcDbArc
 50
184.0185594400405
 51
266.3616474406618
1001
REVIT
1002
{
1070
     1
1000
2176381
1002
}
1002
{
1070
     2
1000
-2000051
1002
}
1002
{
1070
     3
1000
1933725
1002
}
  0
HATCH
  5
757
330
70
100
AcDbEntity
  8
A-DETL-GENF
 62
     7
100
AcDbHatch
 10
0.0
 20
0.0
 30
0.0
210
0.0
220
0.0
230
1.0
  2
FP_3
 70
     0
 71
     0
 91
        1
 92
        1
 93
       35
 72
     1
 10
27849.4633820872
 20
28590.00000000001
 11
28299.46338208993
 21
28590.00000000001
 72
     1
 10
28299.46338208993
 20
28590.00000000001
 11
28299.46338208993
 21
28804.0
 72
     1
 10
28299.46338208993
 20
28804.0
 11
28139.46338208718
 21
28804.0
 72
     1
 10
28139.46338208718
 20
28804.0
 11
28139.46338208718
 21
28890.00000000001
 72
     1
 10
28139.46338208718
 20
28890.00000000001
 11
9749.463382853619
 21
28890.00000000001
 72
     1
 10
9749.463382853619
 20
28890.00000000001
 11
9749.463382853619
 21
28730.00000000003
 72
     1
 10
9749.463382853619
 20
28730.00000000003
 11
9589.46338285362
 21
28730.00000000003
 72
     1
 10
9589.46338285362
 20
28730.00000000003
 11
9590.598134626687
 21
28590.00000000001
 72
     1
 10
9590.598134626687
 20
28590.00000000001
 11
10039.46338285361
 21
28590.00000000001
 72
     1
 10
10039.46338285361
 20
28590.00000000001
 11
10039.46338285361
 21
28689.00000000004
 72
     1
 10
10039.46338285361
 20
28689.00000000004
 11
10139.46338285362
 21
28789.00000000004
 72
     1
 10
10139.46338285362
 20
28789.00000000004
 11
12114.4633838849
 21
28789.00000000004
 72
     1
 10
12114.4633838849
 20
28789.00000000004
 11
12174.4633838849
 21
28729.00000000005
 72
     1
 10
12174.4633838849
 20
28729.00000000005
 11
12474.4633838849
 21
28729.00000000005
 72
     1
 10
12474.4633838849
 20
28729.00000000005
 11
12534.4633838849
 21
28789.00000000004
 72
     1
 10
12534.4633838849
 20
28789.00000000004
 11
14074.46338386734
 21
28789.00000000004
 72
     1
 10
14074.46338386734
 20
28789.00000000004
 11
14134.46338386734
 21
28729.00000000004
 72
     1
 10
14134.46338386734
 20
28729.00000000004
 11
14434.46338386734
 21
28729.00000000004
 72
     1
 10
14434.46338386734
 20
28729.00000000004
 11
14494.46338386735
 21
28789.00000000004
 72
     1
 10
14494.46338386735
 20
28789.00000000004
 11
15894.46338384978
 21
28789.00000000004
 72
     1
 10
15894.46338384978
 20
28789.00000000004
 11
15954.46338384978
 21
28729.00000000004
 72
     1
 10
15954.46338384978
 20
28729.00000000004
 11
16254.46338384979
 21
28729.00000000004
 72
     1
 10
16254.46338384979
 20
28729.00000000004
 11
16314.4633838498
 21
28789.00000000004
 72
     1
 10
16314.4633838498
 20
28789.00000000004
 11
18003.40603042689
 21
28789.00000000004
 72
     1
 10
18003.40603042689
 20
28789.00000000004
 11
18063.40603042691
 21
28729.00000000004
 72
     1
 10
18063.40603042691
 20
28729.00000000004
 11
18964.46338384978
 21
28729.00000000003
 72
     1
 10
18964.46338384978
 20
28729.00000000003
 11
19024.4633838498
 21
28789.00000000004
 72
     1
 10
19024.4633838498
 20
28789.00000000004
 11
23879.46338208712
 21
28789.00000000004
 72
     1
 10
23879.46338208712
 20
28789.00000000004
 11
23939.46338208714
 21
28729.00000000001
 72
     1
 10
23939.46338208714
 20
28729.00000000001
 11
24389.46338208714
 21
28729.00000000001
 72
     1
 10
24389.46338208714
 20
28729.00000000001
 11
24449.46338208718
 21
28789.00000000004
 72
     1
 10
24449.46338208718
 20
28789.00000000004
 11
27749.46338208719
 21
28789.00000000004
 72
     1
 10
27749.46338208719
 20
28789.00000000004
 11
27849.4633820872
 21
28689.00000000003
 72
     1
 10
27849.4633820872
 20
28689.00000000003
 11
27849.4633820872
 21
28592.42048517536
 72
     1
 10
27849.4633820872
 20
28592.42048517536
 11
27849.4633820872
 21
28590.00000000001
 97
        0
 75
     0
 76
     2
 52
0.0
 41
1.0
 77
     0
 78
    17
 53
49.99999999999999
 43
17970.973
 44
19353.85
 45
582.9890969798607
 46
-51.00509307516802
 79
     2
 49
60.96
 49
-670.56
 53
355.0
 43
17970.973
 44
19353.85
 45
-112.7767293253219
 46
611.3816312972472
 79
     2
 49
48.768
 49
-536.448
 53
100.451
 43
18019.555
 44
19349.6
 45
470.2160778888968
 46
560.3730076607749
 79
     2
 49
51.808
 49
-569.888
 53
46.184
 43
17970.973
 44
19516.41
 45
867.4527089478838
 46
-134.5367748274727
 79
     2
 49
91.44
 49
-1005.84
 53
96.636
 43
18043.261
 44
19505.199
 45
759.6879071721903
 46
791.7680757907189
 79
     2
 49
77.712
 49
-854.832
 53
351.184
 43
17970.973
 44
19516.41
 45
759.6960163844116
 46
791.7607861511301
 79
     2
 49
73.152
 49
-804.672
 53
21.0
 43
18052.253
 44
19475.77
 45
485.1659934615853
 46
-327.2487822825823
 79
     2
 49
60.96
 49
-670.56
 53
325.9999999999999
 43
18052.253
 44
19475.77
 45
197.7669465201526
 46
589.4016666324376
 79
     2
 49
48.768
 49
-536.448
 53
71.45100000000001
 43
18092.683
 44
19448.499
 45
682.9344733757403
 46
262.1479976940511
 79
     2
 49
51.808
 49
-569.888
 53
37.5
 43
17970.973
 44
19353.85
 45
9.883035223681148
 46
270.5760469438628
 79
     5
 49
26.822
 49
-503.123
 49
26.822
 49
-517.754
 49
-538.48
 53
37.5
 43
17970.973
 44
19353.85
 45
9.883035223681148
 46
270.5760469438628
 79
     3
 49
-1074.522
 49
26.822
 49
-511.658
 53
7.5
 43
17970.973
 44
19353.85
 45
213.8224524709532
 46
320.5780199332246
 79
     5
 49
26.822
 49
-283.667
 49
26.822
 49
-490.931
 49
-205.232
 53
7.5
 43
17970.973
 44
19353.85
 45
213.8224524709532
 46
320.5780199332246
 79
     3
 49
-828.243
 49
26.822
 49
-178.41
 53
327.5
 43
17789.719
 44
19353.85
 45
433.8910025716608
 46
-18.33249059345368
 79
     5
 49
26.822
 49
-176.378
 49
26.822
 49
-607.1619999999999
 49
-841.248
 53
327.5
 43
17789.719
 44
19353.85
 45
433.8910025716608
 46
-18.33249059345368
 79
     3
 49
-837.184
 49
26.822
 49
-814.426
 53
317.5
 43
17708.439
 44
19353.85
 45
474.0138619252369
 46
81.36541517575179
 79
     5
 49
26.822
 49
-237.338
 49
26.822
 49
-394.208
 49
-597.408
 53
317.5
 43
17708.439
 44
19353.85
 45
474.0138619252369
 46
81.36541517575179
 79
     3
 49
-685.19
 49
26.822
 49
-570.586
 98
        1
 10
0.0
 20
0.0
1001
REVIT
1002
{
1070
     1
1000
2179943
1002
}
1002
{
1070
     5
1000
1607638
1002
}
1002
{
1070
     2
1000
-2002000
1002
}
  0
LINE
  5
759
330
70
100
AcDbEntity
  8
A-DETL-MEDM
100
AcDbLine
 10
9749.46338285363
 20
28730.00000000002
 30
0.0
 11
9589.46338285363
 21
28730.00000000002
 31
0.0
1001
REVIT
1002
{
1070
     1
1000
2179943
1002
}
1002
{
1070
     5
1000
1607638
1002
}
1002
{
1070
     2
1000
-2000051
1002
}
1002
{
1070
     3
1000
-2000043
1002
}
  0
LINE
  5
75A
330
70
100
AcDbEntity
  8
A-DETL-MEDM
100
AcDbLine
 10
9589.46338285363
 20
28730.00000000002
 30
0.0
 11
9589.46338285363
 21
28590.0
 31
0.0
1001
REVIT
1002
{
1070
     1
1000
2179943
1002
}
1002
{
1070
     5
1000
1607638
1002
}
1002
{
1070
     2
1000
-2000051
1002
}
1002
{
1070
     3
1000
-2000043
1002
}
  0
LINE
  5
75B
330
70
100
AcDbEntity
  8
A-DETL-MEDM
100
AcDbLine
 10
28299.46338208991
 20
28590.0
 30
0.0
 11
28299.46338208991
 21
28803.99999999999
 31
0.0
1001
REVIT
1002
{
1070
     1
1000
2179943
1002
}
1002
{
1070
     5
1000
1607638
1002
}
1002
{
1070
     2
1000
-2000051
1002
}
1002
{
1070
     3
1000
-2000043
1002
}
  0
LINE
  5
75C
330
70
100
AcDbEntity
  8
A-DETL-MEDM
100
AcDbLine
 10
28299.46338208991
 20
28803.99999999999
 30
0.0
 11
28139.46338208717
 21
28803.99999999999
 31
0.0
1001
REVIT
1002
{
1070
     1
1000
2179943
1002
}
1002
{
1070
     5
1000
1607638
1002
}
1002
{
1070
     2
1000
-2000051
1002
}
1002
{
1070
     3
1000
-2000043
1002
}
  0
LINE
  5
75D
330
70
100
AcDbEntity
  8
A-DETL-MEDM
100
AcDbLine
 10
28139.46338208717
 20
28803.99999999999
 30
0.0
 11
28139.46338208717
 21
28890.0
 31
0.0
1001
REVIT
1002
{
1070
     1
1000
2179943
1002
}
1002
{
1070
     5
1000
1607638
1002
}
1002
{
1070
     2
1000
-2000051
1002
}
1002
{
1070
     3
1000
-2000043
1002
}
  0
LINE
  5
75E
330
70
100
AcDbEntity
  8
A-DETL-MEDM
100
AcDbLine
 10
28139.46338208717
 20
28890.0
 30
0.0
 11
9749.46338285363
 21
28890.0
 31
0.0
1001
REVIT
1002
{
1070
     1
1000
2179943
1002
}
1002
{
1070
     5
1000
1607638
1002
}
1002
{
1070
     2
1000
-2000051
1002
}
1002
{
1070
     3
1000
-2000043
1002
}
  0
LINE
  5
75F
330
70
100
AcDbEntity
  8
A-DETL-MEDM
100
AcDbLine
 10
9749.46338285363
 20
28890.0
 30
0.0
 11
9749.46338285363
 21
28730.00000000002
 31
0.0
1001
REVIT
1002
{
1070
     1
1000
2179943
1002
}
1002
{
1070
     5
1000
1607638
1002
}
1002
{
1070
     2
1000
-2000051
1002
}
1002
{
1070
     3
1000
-2000043
1002
}
  0
HATCH
  5
777
330
70
100
AcDbEntity
  8
A-DETL-GENF
 62
     8
100
AcDbHatch
 10
0.0
 20
0.0
 30
0.0
210
0.0
220
0.0
230
1.0
  2
FP_13
 70
     0
 71
     0
 91
        1
 92
        1
 93
       23
 72
     1
 10
29435.94947674732
 20
27532.63027293613
 11
29753.77798655198
 21
27532.63027293613
 72
     1
 10
29753.77798655198
 20
27532.63027293613
 11
30918.75999017967
 21
27614.09375042158
 72
     1
 10
30918.75999017967
 20
27614.09375042158
 11
30918.75999017967
 21
28590.00000000001
 72
     1
 10
30918.75999017967
 20
28590.00000000001
 11
9589.463382853613
 21
28590.00000000001
 72
     1
 10
9589.463382853613
 20
28590.00000000001
 11
9589.463382853613
 21
28575.9951117227
 72
     1
 10
9589.463382853613
 20
28575.9951117227
 11
8989.46338285362
 21
28575.9951117227
 72
     1
 10
8989.46338285362
 20
28575.9951117227
 11
8989.46338285362
 21
28090.00000000001
 72
     1
 10
8989.46338285362
 20
28090.00000000001
 11
8539.46338285362
 21
28090.00000000001
 72
     1
 10
8539.46338285362
 20
28090.00000000001
 11
8539.46338285364
 21
31890.00000000001
 72
     1
 10
8539.46338285364
 20
31890.00000000001
 11
7299.463382629016
 21
31890.00000000001
 72
     1
 10
7299.463382629016
 20
31890.00000000001
 11
7299.463382629016
 21
32054.00000000003
 72
     1
 10
7299.463382629016
 20
32054.00000000003
 11
6746.608064007624
 21
32069.1015861495
 72
     1
 10
6746.608064007624
 20
32069.1015861495
 11
6746.608064007624
 21
29173.78266845789
 72
     1
 10
6746.608064007624
 20
29173.78266845789
 11
8608.742238731475
 21
27975.9951117227
 72
     1
 10
8608.742238731475
 20
27975.9951117227
 11
13980.93102714112
 21
27975.9951117227
 72
     1
 10
13980.93102714112
 20
27975.9951117227
 11
14780.78236932031
 21
27532.63027293613
 72
     1
 10
14780.78236932031
 20
27532.63027293613
 11
17427.02181191976
 21
27532.63027293613
 72
     1
 10
17427.02181191976
 20
27532.63027293613
 11
17699.46338394001
 21
27570.91943887549
 72
     1
 10
17699.46338394001
 20
27570.91943887549
 11
23139.46338275136
 21
27760.88842486907
 72
     1
 10
23139.46338275136
 20
27760.88842486907
 11
26930.20677373903
 21
28025.96302509676
 72
     1
 10
26930.20677373903
 20
28025.96302509676
 11
29251.15489354576
 21
27532.63027293613
 72
     1
 10
29251.15489354576
 20
27532.63027293613
 11
29408.00049479392
 21
27532.63027293613
 72
     1
 10
29408.00049479392
 20
27532.63027293613
 11
29435.94947674732
 21
27532.63027293613
 97
        0
 75
     0
 76
     2
 52
0.0
 41
1.0
 77
     0
 78
     6
 53
0.0
 43
17970.973
 44
19353.85
 45
317.5
 46
317.5
 79
     2
 49
317.5
 49
-317.5
 53
0.0
 43
17970.973
 44
19472.912
 45
317.5
 46
317.5
 79
     2
 49
317.5
 49
-317.5
 53
0.0
 43
17970.973
 44
19591.975
 45
317.5
 46
317.5
 79
     2
 49
317.5
 49
-317.5
 53
90.0
 43
18010.66
 44
19631.662
 45
-317.5
 46
317.5
 79
     2
 49
317.5
 49
-317.5
 53
90.0
 43
18129.723
 44
19631.662
 45
-317.5
 46
317.5
 79
     2
 49
317.5
 49
-317.5
 53
90.0
 43
18248.785
 44
19631.662
 45
-317.5
 46
317.5
 79
     2
 49
317.5
 49
-317.5
 98
        1
 10
0.0
 20
0.0
1001
REVIT
1002
{
1070
     1
1000
2179954
1002
}
1002
{
1070
     5
1000
1616962
1002
}
1002
{
1070
     2
1000
-2002000
1002
}
  0
LINE
  5
778
330
70
100
AcDbEntity
  8
A-DETL
100
AcDbLine
 10
7299.463382629028
 20
31890.0
 30
0.0
 11
7299.463382629028
 21
32054.00000000001
 31
0.0
1001
REVIT
1002
{
1070
     1
1000
2179954
1002
}
1002
{
1070
     5
1000
1616962
1002
}
1002
{
1070
     2
1000
-2000051
1002
}
1002
{
1070
     3
1000
1933725
1002
}
  0
LINE
  5
77A
330
70
100
AcDbEntity
  8
A-DETL-WIDE
100
AcDbLine
 10
7299.463382629028
 20
32054.00000000001
 30
0.0
 11
6746.608064007637
 21
32069.10158614948
 31
0.0
1001
REVIT
1002
{
1070
     1
1000
2179954
1002
}
1002
{
1070
     5
1000
1616962
1002
}
1002
{
1070
     2
1000
-2000051
1002
}
1002
{
1070
     3
1000
-2000044
1002
}
  0
LINE
  5
77B
330
70
100
AcDbEntity
  8
A-DETL-WIDE
100
AcDbLine
 10
30918.75999017966
 20
28590.0
 30
0.0
 11
28289.78059081942
 21
28590.0
 31
0.0
1001
REVIT
1002
{
1070
     1
1000
2179954
1002
}
1002
{
1070
     5
1000
1616962
1002
}
1002
{
1070
     2
1000
-2000051
1002
}
1002
{
1070
     3
1000
-2000044
1002
}
  0
LINE
  5
77C
330
70
100
AcDbEntity
  8
A-DETL
100
AcDbLine
 10
10039.46338285362
 20
28590.0
 30
0.0
 11
9589.463382853623
 21
28590.0
 31
0.0
1001
REVIT
1002
{
1070
     1
1000
2179954
1002
}
1002
{
1070
     5
1000
1616962
1002
}
1002
{
1070
     2
1000
-2000051
1002
}
1002
{
1070
     3
1000
1933725
1002
}
  0
LINE
  5
77D
330
70
100
AcDbEntity
  8
A-DETL
100
AcDbLine
 10
9589.463382853623
 20
28590.0
 30
0.0
 11
9589.463382853623
 21
28575.99511172269
 31
0.0
1001
REVIT
1002
{
1070
     1
1000
2179954
1002
}
1002
{
1070
     5
1000
1616962
1002
}
1002
{
1070
     2
1000
-2000051
1002
}
1002
{
1070
     3
1000
1933725
1002
}
  0
LINE
  5
77E
330
70
100
AcDbEntity
  8
A-DETL
100
AcDbLine
 10
9589.463382853623
 20
28575.99511172269
 30
0.0
 11
8989.463382853633
 21
28575.99511172269
 31
0.0
1001
REVIT
1002
{
1070
     1
1000
2179954
1002
}
1002
{
1070
     5
1000
1616962
1002
}
1002
{
1070
     2
1000
-2000051
1002
}
1002
{
1070
     3
1000
1933725
1002
}
  0
LINE
  5
77F
330
70
100
AcDbEntity
  8
A-DETL
100
AcDbLine
 10
8539.463382853652
 20
31890.0
 30
0.0
 11
7299.463382629028
 21
31890.0
 31
0.0
1001
REVIT
1002
{
1070
     1
1000
2179954
1002
}
1002
{
1070
     5
1000
1616962
1002
}
1002
{
1070
     2
1000
-2000051
1002
}
1002
{
1070
     3
1000
1933725
1002
}
  0
HATCH
  5
785
330
70
100
AcDbEntity
  8
A-DETL-GENF
 62
     7
100
AcDbHatch
 10
0.0
 20
0.0
 30
0.0
210
0.0
220
0.0
230
1.0
  2
FP_14
 70
     0
 71
     0
 91
        1
 92
        1
 93
        5
 72
     1
 10
18424.34355862981
 20
37999.36119896984
 11
18433.4949116183
 21
38103.96164226948
 72
     1
 10
18433.4949116183
 20
38103.96164226948
 11
8418.614735842148
 21
38980.15012422029
 72
     1
 10
8418.614735842148
 20
38980.15012422029
 11
8409.463382853646
 21
38875.54968092065
 72
     1
 10
8409.463382853646
 20
38875.54968092065
 11
18077.30427940077
 21
38029.72320170059
 72
     1
 10
18077.30427940077
 20
38029.72320170059
 11
18424.34355862981
 21
37999.36119896984
 97
        0
 75
     0
 76
     2
 52
0.0
 41
1.0
 77
     0
 78
     6
 53
355.0
 43
4004.958
 44
42774.263
 45
-8.715574274765817
 46
-99.61946980917456
 79
     2
 49
80.0
 49
-290.0
 53
85.00000000000001
 43
4075.938
 44
42667.671
 45
-368.5920382939458
 46
32.24762481663351
 79
     4
 49
100.0
 49
0.0
 49
0.0
 49
0.0
 53
175.0
 43
4075.938
 44
42667.671
 45
-8.71557427476582
 46
-99.61946980917456
 79
     2
 49
80.0
 49
-290.0
 53
85.00000000000001
 43
3996.243
 44
42674.644
 45
-368.5920382939458
 46
32.24762481663351
 79
     4
 49
100.0
 49
0.0
 49
0.0
 49
0.0
 53
46.34000000000002
 43
3996.243
 44
42674.644
 45
1227.798385940069
 46
1297.925927912669
 79
     2
 49
128.062
 49
-4610.249
 53
123.66
 43
4075.938
 44
42667.671
 45
-983.7628974809602
 46
1491.412468904852
 79
     2
 49
128.062
 49
-4610.249
 98
        1
 10
0.0
 20
0.0
1001
REVIT
1002
{
1070
     1
1000
2183464
1002
}
1002
{
1070
     5
1000
1420168
1002
}
1002
{
1070
     2
1000
-2002000
1002
}
  0
LINE
  5
787
330
70
100
AcDbEntity
  8
A-DETL-THIN
100
AcDbLine
 10
12478.11073353729
 20
38425.33138446693
 30
0.0
 11
12319.34706018021
 21
38236.12420637017
 31
0.0
1001
REVIT
1002
{
1070
     1
1000
2183471
1002
}
1002
{
1070
     2
1000
-2000051
1002
}
1002
{
1070
     3
1000
-2000042
1002
}
  0
LINE
  5
788
330
70
100
AcDbEntity
  8
A-DETL-THIN
100
AcDbLine
 10
12436.83371622012
 20
38236.12420637017
 30
0.0
 11
12587.56235913744
 21
38415.75560807373
 31
0.0
1001
REVIT
1002
{
1070
     1
1000
2183472
1002
}
1002
{
1070
     2
1000
-2000051
1002
}
1002
{
1070
     3
1000
-2000042
1002
}
  0
LINE
  5
789
330
70
100
AcDbEntity
  8
A-DETL-THIN
100
AcDbLine
 10
9149.463382853648
 20
38710.42608615716
 30
0.0
 11
9623.765262640653
 21
38236.12420637015
 31
0.0
1001
REVIT
1002
{
1070
     1
1000
2183473
1002
}
1002
{
1070
     2
1000
-2000051
1002
}
1002
{
1070
     3
1000
-2000042
1002
}
  0
LINE
  5
78A
330
70
100
AcDbEntity
  8
A-DETL-THIN
100
AcDbLine
 10
9751.04448325423
 20
38236.12420637015
 30
0.0
 11
9282.234351718032
 21
38704.93433790634
 31
0.0
1001
REVIT
1002
{
1070
     1
1000
2183474
1002
}
1002
{
1070
     2
1000
-2000051
1002
}
1002
{
1070
     3
1000
-2000042
1002
}
  0
LINE
  5
78B
330
70
100
AcDbEntity
  8
A-DETL-THIN
100
AcDbLine
 10
10255.83096272358
 20
38613.63146522593
 30
0.0
 11
9878.323703867805
 21
38236.12420637016
 31
0.0
1001
REVIT
1002
{
1070
     1
1000
2183475
1002
}
1002
{
1070
     2
1000
-2000051
1002
}
1002
{
1070
     3
1000
-2000042
1002
}
  0
LINE
  5
78C
330
70
100
AcDbEntity
  8
A-DETL-THIN
100
AcDbLine
 10
9751.04448325423
 20
38236.12420637015
 30
0.0
 11
10144.42289171841
 21
38629.50261483435
 31
0.0
1001
REVIT
1002
{
1070
     1
1000
2183476
1002
}
1002
{
1070
     2
1000
-2000051
1002
}
1002
{
1070
     3
1000
-2000042
1002
}
  0
LINE
  5
78D
330
70
100
AcDbEntity
  8
A-DETL-THIN
100
AcDbLine
 10
10255.83096272358
 20
38613.63146522593
 30
0.0
 11
10633.33822157935
 21
38236.12420637016
 31
0.0
1001
REVIT
1002
{
1070
     1
1000
2183477
1002
}
1002
{
1070
     2
1000
-2000051
1002
}
1002
{
1070
     3
1000
-2000042
1002
}
  0
LINE
  5
78E
330
70
100
AcDbEntity
  8
A-DETL-THIN
100
AcDbLine
 10
11184.18359093893
 20
38532.41113450259
 30
0.0
 11
10887.8966628065
 21
38236.12420637016
 31
0.0
1001
REVIT
1002
{
1070
     1
1000
2183478
1002
}
1002
{
1070
     2
1000
-2000051
1002
}
1002
{
1070
     3
1000
-2000042
1002
}
  0
LINE
  5
78F
330
70
100
AcDbEntity
  8
A-DETL-THIN
100
AcDbLine
 10
10760.61744219292
 20
38236.12420637016
 30
0.0
 11
11072.77551993377
 21
38548.28228411101
 31
0.0
1001
REVIT
1002
{
1070
     1
1000
2183479
1002
}
1002
{
1070
     2
1000
-2000051
1002
}
1002
{
1070
     3
1000
-2000042
1002
}
  0
LINE
  5
790
330
70
100
AcDbEntity
  8
A-DETL-THIN
100
AcDbLine
 10
11184.18359093893
 20
38532.41113450259
 30
0.0
 11
11480.47051907136
 21
38236.12420637017
 31
0.0
1001
REVIT
1002
{
1070
     1
1000
2183480
1002
}
1002
{
1070
     2
1000
-2000051
1002
}
1002
{
1070
     3
1000
-2000042
1002
}
  0
LINE
  5
791
330
70
100
AcDbEntity
  8
A-DETL-THIN
100
AcDbLine
 10
11963.16393887689
 20
38464.25918494854
 30
0.0
 11
11735.02896029851
 21
38236.12420637016
 31
0.0
1001
REVIT
1002
{
1070
     1
1000
2183481
1002
}
1002
{
1070
     2
1000
-2000051
1002
}
1002
{
1070
     3
1000
-2000042
1002
}
  0
LINE
  5
792
330
70
100
AcDbEntity
  8
A-DETL-THIN
100
AcDbLine
 10
11607.74973968493
 20
38236.12420637017
 30
0.0
 11
11851.75586787172
 21
38480.13033455696
 31
0.0
1001
REVIT
1002
{
1070
     1
1000
2183482
1002
}
1002
{
1070
     2
1000
-2000051
1002
}
1002
{
1070
     3
1000
-2000042
1002
}
  0
LINE
  5
793
330
70
100
AcDbEntity
  8
A-DETL-THIN
100
AcDbLine
 10
11963.16393887689
 20
38464.25918494854
 30
0.0
 11
12191.29891745527
 21
38236.12420637017
 31
0.0
1001
REVIT
1002
{
1070
     1
1000
2183483
1002
}
1002
{
1070
     2
1000
-2000051
1002
}
1002
{
1070
     3
1000
-2000042
1002
}
  0
LINE
  5
794
330
70
100
AcDbEntity
  8
A-DETL-THIN
100
AcDbLine
 10
10760.61744219292
 20
38236.12420637016
 30
0.0
 11
10395.31330724477
 21
38601.4283413183
 31
0.0
1001
REVIT
1002
{
1070
     1
1000
2183484
1002
}
1002
{
1070
     2
1000
-2000051
1002
}
1002
{
1070
     3
1000
-2000042
1002
}
  0
LINE
  5
795
330
70
100
AcDbEntity
  8
A-DETL-THIN
100
AcDbLine
 10
11607.74973968493
 20
38236.12420637017
 30
0.0
 11
11316.9545597471
 21
38526.919386308
 31
0.0
1001
REVIT
1002
{
1070
     1
1000
2183485
1002
}
1002
{
1070
     2
1000
-2000051
1002
}
1002
{
1070
     3
1000
-2000042
1002
}
  0
LINE
  5
796
330
70
100
AcDbEntity
  8
A-DETL-THIN
100
AcDbLine
 10
12095.93490768506
 20
38458.76743675395
 30
0.0
 11
12318.57813806884
 21
38236.12420637016
 31
0.0
1001
REVIT
1002
{
1070
     1
1000
2183486
1002
}
1002
{
1070
     2
1000
-2000051
1002
}
1002
{
1070
     3
1000
-2000042
1002
}
  0
LINE
  5
797
330
70
100
AcDbEntity
  8
A-DETL-THIN
100
AcDbLine
 10
12587.43249564179
 20
38415.60084278624
 30
0.0
 11
12766.90913205787
 21
38236.12420637017
 31
0.0
1001
REVIT
1002
{
1070
     1
1000
2183487
1002
}
1002
{
1070
     2
1000
-2000051
1002
}
1002
{
1070
     3
1000
-2000042
1002
}
  0
LINE
  5
798
330
70
100
AcDbEntity
  8
A-DETL-THIN
100
AcDbLine
 10
12726.73278557965
 20
38403.57977346197
 30
0.0
 11
12894.18835267145
 21
38236.12420637017
 31
0.0
1001
REVIT
1002
{
1070
     1
1000
2183488
1002
}
1002
{
1070
     2
1000
-2000051
1002
}
1002
{
1070
     3
1000
-2000042
1002
}
  0
LINE
  5
799
330
70
100
AcDbEntity
  8
A-DETL
100
AcDbLine
 10
18169.46338393656
 20
35436.10153324115
 30
0.0
 11
16914.46338425164
 21
35452.18412583346
 31
0.0
1001
REVIT
1002
{
1070
     1
1000
2183688
1002
}
1002
{
1070
     5
1000
2163039
1002
}
1002
{
1070
     2
1000
-2000051
1002
}
1002
{
1070
     3
1000
1933725
1002
}
  0
LINE
  5
79A
330
70
100
AcDbEntity
  8
A-DETL
100
AcDbLine
 10
16914.46338425164
 20
35452.18412583346
 30
0.0
 11
16914.46338425164
 21
35390.0
 31
0.0
1001
REVIT
1002
{
1070
     1
1000
2183688
1002
}
1002
{
1070
     5
1000
2163039
1002
}
1002
{
1070
     2
1000
-2000051
1002
}
1002
{
1070
     3
1000
1933725
1002
}
  0
LINE
  5
79B
330
70
100
AcDbEntity
  8
A-DETL
100
AcDbLine
 10
16914.46338425164
 20
35390.0
 30
0.0
 11
18249.46338386144
 21
35390.0
 31
0.0
1001
REVIT
1002
{
1070
     1
1000
2183688
1002
}
1002
{
1070
     5
1000
2163039
1002
}
1002
{
1070
     2
1000
-2000051
1002
}
1002
{
1070
     3
1000
1933725
1002
}
  0
LINE
  5
79C
330
70
100
AcDbEntity
  8
A-DETL
100
AcDbLine
 10
18249.46338386144
 20
35390.0
 30
0.0
 11
18249.46338386144
 21
35417.99999999903
 31
0.0
1001
REVIT
1002
{
1070
     1
1000
2183688
1002
}
1002
{
1070
     5
1000
2163039
1002
}
1002
{
1070
     2
1000
-2000051
1002
}
1002
{
1070
     3
1000
1933725
1002
}
  0
LINE
  5
79D
330
70
100
AcDbEntity
  8
A-DETL
100
AcDbLine
 10
18249.46338386144
 20
35417.99999999903
 30
0.0
 11
18169.46338393656
 21
35417.99999999903
 31
0.0
1001
REVIT
1002
{
1070
     1
1000
2183688
1002
}
1002
{
1070
     5
1000
2163039
1002
}
1002
{
1070
     2
1000
-2000051
1002
}
1002
{
1070
     3
1000
1933725
1002
}
  0
LINE
  5
79E
330
70
100
AcDbEntity
  8
A-DETL
100
AcDbLine
 10
18169.46338393656
 20
35417.99999999903
 30
0.0
 11
18169.46338393656
 21
35436.10153324115
 31
0.0
1001
REVIT
1002
{
1070
     1
1000
2183688
1002
}
1002
{
1070
     5
1000
2163039
1002
}
1002
{
1070
     2
1000
-2000051
1002
}
1002
{
1070
     3
1000
1933725
1002
}
  0
LINE
  5
79F
330
70
100
AcDbEntity
  8
A-DETL
100
AcDbLine
 10
18249.46338386144
 20
35390.0
 30
0.0
 11
20369.46338386706
 21
35390.0
 31
0.0
1001
REVIT
1002
{
1070
     1
1000
2184338
1002
}
1002
{
1070
     5
1000
2163039
1002
}
1002
{
1070
     2
1000
-2000051
1002
}
1002
{
1070
     3
1000
1933725
1002
}
  0
LINE
  5
7A0
330
70
100
AcDbEntity
  8
A-DETL
100
AcDbLine
 10
20369.46338386706
 20
35390.0
 30
0.0
 11
20369.46338386706
 21
35408.10153324213
 31
0.0
1001
REVIT
1002
{
1070
     1
1000
2184338
1002
}
1002
{
1070
     5
1000
2163039
1002
}
1002
{
1070
     2
1000
-2000051
1002
}
1002
{
1070
     3
1000
1933725
1002
}
  0
LINE
  5
7A1
330
70
100
AcDbEntity
  8
A-DETL
100
AcDbLine
 10
20369.46338386706
 20
35408.10153324213
 30
0.0
 11
18249.46338386144
 21
35435.58301472361
 31
0.0
1001
REVIT
1002
{
1070
     1
1000
2184338
1002
}
1002
{
1070
     5
1000
2163039
1002
}
1002
{
1070
     2
1000
-2000051
1002
}
1002
{
1070
     3
1000
1933725
1002
}
  0
LINE
  5
7A2
330
70
100
AcDbEntity
  8
A-DETL
100
AcDbLine
 10
18249.46338386144
 20
35435.58301472361
 30
0.0
 11
18249.46338386144
 21
35390.0
 31
0.0
1001
REVIT
1002
{
1070
     1
1000
2184338
1002
}
1002
{
1070
     5
1000
2163039
1002
}
1002
{
1070
     2
1000
-2000051
1002
}
1002
{
1070
     3
1000
1933725
1002
}
  0
LINE
  5
7A3
330
70
100
AcDbEntity
  8
A-DETL
100
AcDbLine
 10
16819.46338425165
 20
35540.0
 30
0.0
 11
16914.46338425164
 21
35540.0
 31
0.0
1001
REVIT
1002
{
1070
     1
1000
2185253
1002
}
1002
{
1070
     5
1000
2160638
1002
}
1002
{
1070
     2
1000
-2000051
1002
}
1002
{
1070
     3
1000
1933725
1002
}
  0
LINE
  5
7A4
330
70
100
AcDbEntity
  8
A-DETL
100
AcDbLine
 10
16914.46338425164
 20
35540.0
 30
0.0
 11
16914.46338425164
 21
35560.0
 31
0.0
1001
REVIT
1002
{
1070
     1
1000
2185253
1002
}
1002
{
1070
     5
1000
2160638
1002
}
1002
{
1070
     2
1000
-2000051
1002
}
1002
{
1070
     3
1000
1933725
1002
}
  0
LINE
  5
7A5
330
70
100
AcDbEntity
  8
A-DETL
100
AcDbLine
 10
16914.46338425164
 20
35560.0
 30
0.0
 11
13449.46338338876
 21
35560.0
 31
0.0
1001
REVIT
1002
{
1070
     1
1000
2185253
1002
}
1002
{
1070
     5
1000
2160638
1002
}
1002
{
1070
     2
1000
-2000051
1002
}
1002
{
1070
     3
1000
1933725
1002
}
  0
LINE
  5
7A6
330
70
100
AcDbEntity
  8
A-DETL
100
AcDbLine
 10
13449.46338338876
 20
35560.0
 30
0.0
 11
13449.46338338876
 21
35540.0
 31
0.0
1001
REVIT
1002
{
1070
     1
1000
2185253
1002
}
1002
{
1070
     5
1000
2160638
1002
}
1002
{
1070
     2
1000
-2000051
1002
}
1002
{
1070
     3
1000
1933725
1002
}
  0
LINE
  5
7A7
330
70
100
AcDbEntity
  8
A-DETL
100
AcDbLine
 10
16914.46338425164
 20
35451.67153324074
 30
0.0
 11
18169.46338386144
 21
35435.5889406494
 31
0.0
1001
REVIT
1002
{
1070
     1
1000
2185722
1002
}
1002
{
1070
     5
1000
2160638
1002
}
1002
{
1070
     2
1000
-2000051
1002
}
1002
{
1070
     3
1000
1933725
1002
}
  0
LINE
  5
7A8
330
70
100
AcDbEntity
  8
A-DETL
100
AcDbLine
 10
18169.46338386144
 20
35435.5889406494
 30
0.0
 11
18169.46338386144
 21
35447.58992592582
 31
0.0
1001
REVIT
1002
{
1070
     1
1000
2185722
1002
}
1002
{
1070
     5
1000
2160638
1002
}
1002
{
1070
     2
1000
-2000051
1002
}
1002
{
1070
     3
1000
1933725
1002
}
  0
LINE
  5
7A9
330
70
100
AcDbEntity
  8
A-DETL
100
AcDbLine
 10
18169.46338386144
 20
35447.58992592582
 30
0.0
 11
16914.46338425164
 21
35463.67251851717
 31
0.0
1001
REVIT
1002
{
1070
     1
1000
2185722
1002
}
1002
{
1070
     5
1000
2160638
1002
}
1002
{
1070
     2
1000
-2000051
1002
}
1002
{
1070
     3
1000
1933725
1002
}
  0
LINE
  5
7AA
330
70
100
AcDbEntity
  8
A-DETL
100
AcDbLine
 10
16914.46338425164
 20
35463.67251851717
 30
0.0
 11
16914.46338425164
 21
35451.67153324074
 31
0.0
1001
REVIT
1002
{
1070
     1
1000
2185722
1002
}
1002
{
1070
     5
1000
2160638
1002
}
1002
{
1070
     2
1000
-2000051
1002
}
1002
{
1070
     3
1000
1933725
1002
}
  0
LINE
  5
7AB
330
70
100
AcDbEntity
  8
A-DETL
100
AcDbLine
 10
18249.46338386144
 20
35435.58301472361
 30
0.0
 11
20369.46338386706
 21
35408.10153324213
 31
0.0
1001
REVIT
1002
{
1070
     1
1000
2185722
1002
}
1002
{
1070
     5
1000
2160638
1002
}
1002
{
1070
     2
1000
-2000051
1002
}
1002
{
1070
     3
1000
1933725
1002
}
  0
LINE
  5
7AC
330
70
100
AcDbEntity
  8
A-DETL
100
AcDbLine
 10
20369.46338386706
 20
35408.10153324213
 30
0.0
 11
20369.46338386706
 21
35420.10254143022
 31
0.0
1001
REVIT
1002
{
1070
     1
1000
2185722
1002
}
1002
{
1070
     5
1000
2160638
1002
}
1002
{
1070
     2
1000
-2000051
1002
}
1002
{
1070
     3
1000
1933725
1002
}
  0
LINE
  5
7AD
330
70
100
AcDbEntity
  8
A-DETL
100
AcDbLine
 10
20369.46338386706
 20
35420.10254143022
 30
0.0
 11
18249.46338386144
 21
35447.5840229117
 31
0.0
1001
REVIT
1002
{
1070
     1
1000
2185722
1002
}
1002
{
1070
     5
1000
2160638
1002
}
1002
{
1070
     2
1000
-2000051
1002
}
1002
{
1070
     3
1000
1933725
1002
}
  0
LINE
  5
7AE
330
70
100
AcDbEntity
  8
A-DETL
100
AcDbLine
 10
18249.46338386144
 20
35447.5840229117
 30
0.0
 11
18249.46338386144
 21
35435.58301472361
 31
0.0
1001
REVIT
1002
{
1070
     1
1000
2185722
1002
}
1002
{
1070
     5
1000
2160638
1002
}
1002
{
1070
     2
1000
-2000051
1002
}
1002
{
1070
     3
1000
1933725
1002
}
  0
LINE
  5
7AF
330
70
100
AcDbEntity
  8
A-DETL
100
AcDbLine
 10
18177.46338393654
 20
35447.68749999903
 30
0.0
 11
18177.46338393654
 21
35435.78903324213
 31
0.0
1001
REVIT
1002
{
1070
     1
1000
2185722
1002
}
1002
{
1070
     5
1000
2160638
1002
}
1002
{
1070
     2
1000
-2000051
1002
}
1002
{
1070
     3
1000
1933725
1002
}
  0
LINE
  5
7B0
330
70
100
AcDbEntity
  8
A-DETL
100
AcDbLine
 10
18177.46338393654
 20
35435.78903324213
 30
0.0
 11
18241.46338393654
 21
35435.78903324213
 31
0.0
1001
REVIT
1002
{
1070
     1
1000
2185722
1002
}
1002
{
1070
     5
1000
2160638
1002
}
1002
{
1070
     2
1000
-2000051
1002
}
1002
{
1070
     3
1000
1933725
1002
}
  0
LINE
  5
7B1
330
70
100
AcDbEntity
  8
A-DETL
100
AcDbLine
 10
18241.46338393654
 20
35435.78903324213
 30
0.0
 11
18241.46338393654
 21
35447.68749999903
 31
0.0
1001
REVIT
1002
{
1070
     1
1000
2185722
1002
}
1002
{
1070
     5
1000
2160638
1002
}
1002
{
1070
     2
1000
-2000051
1002
}
1002
{
1070
     3
1000
1933725
1002
}
  0
LINE
  5
7B2
330
70
100
AcDbEntity
  8
A-DETL
100
AcDbLine
 10
18241.46338393654
 20
35447.68749999903
 30
0.0
 11
18177.46338393654
 21
35447.68749999903
 31
0.0
1001
REVIT
1002
{
1070
     1
1000
2185722
1002
}
1002
{
1070
     5
1000
2160638
1002
}
1002
{
1070
     2
1000
-2000051
1002
}
1002
{
1070
     3
1000
1933725
1002
}
  0
LINE
  5
7B3
330
70
100
AcDbEntity
  8
A-DETL
100
AcDbLine
 10
20377.46338386738
 20
35420.10153324213
 30
0.0
 11
20377.46338386738
 21
35408.10153324213
 31
0.0
1001
REVIT
1002
{
1070
     1
1000
2185722
1002
}
1002
{
1070
     5
1000
2160638
1002
}
1002
{
1070
     2
1000
-2000051
1002
}
1002
{
1070
     3
1000
1933725
1002
}
  0
LINE
  5
7B4
330
70
100
AcDbEntity
  8
A-DETL
100
AcDbLine
 10
20377.46338386738
 20
35408.10153324213
 30
0.0
 11
20441.46338386739
 21
35408.10153324213
 31
0.0
1001
REVIT
1002
{
1070
     1
1000
2185722
1002
}
1002
{
1070
     5
1000
2160638
1002
}
1002
{
1070
     2
1000
-2000051
1002
}
1002
{
1070
     3
1000
1933725
1002
}
  0
LINE
  5
7B5
330
70
100
AcDbEntity
  8
A-DETL
100
AcDbLine
 10
20441.46338386739
 20
35408.10153324213
 30
0.0
 11
20441.46338386739
 21
35420.10153324213
 31
0.0
1001
REVIT
1002
{
1070
     1
1000
2185722
1002
}
1002
{
1070
     5
1000
2160638
1002
}
1002
{
1070
     2
1000
-2000051
1002
}
1002
{
1070
     3
1000
1933725
1002
}
  0
LINE
  5
7B6
330
70
100
AcDbEntity
  8
A-DETL
100
AcDbLine
 10
20441.46338386739
 20
35420.10153324213
 30
0.0
 11
20377.46338386738
 21
35420.10153324213
 31
0.0
1001
REVIT
1002
{
1070
     1
1000
2185722
1002
}
1002
{
1070
     5
1000
2160638
1002
}
1002
{
1070
     2
1000
-2000051
1002
}
1002
{
1070
     3
1000
1933725
1002
}
  0
LINE
  5
7B7
330
70
100
AcDbEntity
  8
A-DETL
100
AcDbLine
 10
9859.463382853632
 20
31938.0
 30
0.0
 11
9859.463382853632
 21
31890.0
 31
0.0
1001
REVIT
1002
{
1070
     1
1000
2188277
1002
}
1002
{
1070
     5
1000
1363608
1002
}
1002
{
1070
     2
1000
-2000051
1002
}
1002
{
1070
     3
1000
1933725
1002
}
  0
LINE
  5
7B8
330
70
100
AcDbEntity
  8
A-DETL
100
AcDbLine
 10
9859.463382853632
 20
31890.0
 30
0.0
 11
12269.4633838849
 21
31890.0
 31
0.0
1001
REVIT
1002
{
1070
     1
1000
2188277
1002
}
1002
{
1070
     5
1000
1363608
1002
}
1002
{
1070
     2
1000
-2000051
1002
}
1002
{
1070
     3
1000
1933725
1002
}
  0
LINE
  5
7B9
330
70
100
AcDbEntity
  8
A-DETL
100
AcDbLine
 10
12269.4633838849
 20
31890.0
 30
0.0
 11
12269.4633838849
 21
32110.00000000001
 31
0.0
1001
REVIT
1002
{
1070
     1
1000
2188277
1002
}
1002
{
1070
     5
1000
1363608
1002
}
1002
{
1070
     2
1000
-2000051
1002
}
1002
{
1070
     3
1000
1933725
1002
}
  0
LINE
  5
7BA
330
70
100
AcDbEntity
  8
A-DETL
100
AcDbLine
 10
18269.46338384979
 20
31890.0
 30
0.0
 11
28139.46338208718
 21
31890.0
 31
0.0
1001
REVIT
1002
{
1070
     1
1000
2188277
1002
}
1002
{
1070
     5
1000
1363608
1002
}
1002
{
1070
     2
1000
-2000051
1002
}
1002
{
1070
     3
1000
1933725
1002
}
  0
LINE
  5
7BB
330
70
100
AcDbEntity
  8
A-DETL
100
AcDbLine
 10
28139.46338208718
 20
31890.0
 30
0.0
 11
28139.46338208718
 21
32110.00000000001
 31
0.0
1001
REVIT
1002
{
1070
     1
1000
2188277
1002
}
1002
{
1070
     5
1000
1363608
1002
}
1002
{
1070
     2
1000
-2000051
1002
}
1002
{
1070
     3
1000
1933725
1002
}
  0
LINE
  5
7BC
330
70
100
AcDbEntity
  8
A-DETL
100
AcDbLine
 10
18269.46338384979
 20
32110.00000000001
 30
0.0
 11
18269.46338384979
 21
31890.0
 31
0.0
1001
REVIT
1002
{
1070
     1
1000
2188277
1002
}
1002
{
1070
     5
1000
1363608
1002
}
1002
{
1070
     2
1000
-2000051
1002
}
1002
{
1070
     3
1000
1933725
1002
}
  0
LINE
  5
7BD
330
70
100
AcDbEntity
  8
A-DETL
100
AcDbLine
 10
14339.46338386735
 20
32110.00000000001
 30
0.0
 11
14339.46338386735
 21
31890.0
 31
0.0
1001
REVIT
1002
{
1070
     1
1000
2188277
1002
}
1002
{
1070
     5
1000
1363608
1002
}
1002
{
1070
     2
1000
-2000051
1002
}
1002
{
1070
     3
1000
1933725
1002
}
  0
LINE
  5
7BE
330
70
100
AcDbEntity
  8
A-DETL
100
AcDbLine
 10
14339.46338386735
 20
31890.0
 30
0.0
 11
16049.46338384979
 21
31890.0
 31
0.0
1001
REVIT
1002
{
1070
     1
1000
2188277
1002
}
1002
{
1070
     5
1000
1363608
1002
}
1002
{
1070
     2
1000
-2000051
1002
}
1002
{
1070
     3
1000
1933725
1002
}
  0
LINE
  5
7BF
330
70
100
AcDbEntity
  8
A-DETL
100
AcDbLine
 10
16049.46338384979
 20
31890.0
 30
0.0
 11
16049.46338384979
 21
32110.00000000001
 31
0.0
1001
REVIT
1002
{
1070
     1
1000
2188277
1002
}
1002
{
1070
     5
1000
1363608
1002
}
1002
{
1070
     2
1000
-2000051
1002
}
1002
{
1070
     3
1000
1933725
1002
}
  0
LINE
  5
7C0
330
70
100
AcDbEntity
  8
A-DETL
100
AcDbLine
 10
12379.46338388491
 20
32110.00000000001
 30
0.0
 11
12379.46338388491
 21
31890.0
 31
0.0
1001
REVIT
1002
{
1070
     1
1000
2188277
1002
}
1002
{
1070
     5
1000
1363608
1002
}
1002
{
1070
     2
1000
-2000051
1002
}
1002
{
1070
     3
1000
1933725
1002
}
  0
LINE
  5
7C1
330
70
100
AcDbEntity
  8
A-DETL
100
AcDbLine
 10
12379.46338388491
 20
31890.0
 30
0.0
 11
14229.46338386735
 21
31890.0
 31
0.0
1001
REVIT
1002
{
1070
     1
1000
2188277
1002
}
1002
{
1070
     5
1000
1363608
1002
}
1002
{
1070
     2
1000
-2000051
1002
}
1002
{
1070
     3
1000
1933725
1002
}
  0
LINE
  5
7C2
330
70
100
AcDbEntity
  8
A-DETL
100
AcDbLine
 10
14229.46338386735
 20
31890.0
 30
0.0
 11
14229.46338386735
 21
32110.00000000001
 31
0.0
1001
REVIT
1002
{
1070
     1
1000
2188277
1002
}
1002
{
1070
     5
1000
1363608
1002
}
1002
{
1070
     2
1000
-2000051
1002
}
1002
{
1070
     3
1000
1933725
1002
}
  0
LINE
  5
7C3
330
70
100
AcDbEntity
  8
A-DETL
100
AcDbLine
 10
16159.46338384979
 20
32110.00000000001
 30
0.0
 11
16159.46338384979
 21
31890.0
 31
0.0
1001
REVIT
1002
{
1070
     1
1000
2188277
1002
}
1002
{
1070
     5
1000
1363608
1002
}
1002
{
1070
     2
1000
-2000051
1002
}
1002
{
1070
     3
1000
1933725
1002
}
  0
LINE
  5
7C4
330
70
100
AcDbEntity
  8
A-DETL
100
AcDbLine
 10
16159.46338384979
 20
31890.0
 30
0.0
 11
18159.46338384979
 21
31890.0
 31
0.0
1001
REVIT
1002
{
1070
     1
1000
2188277
1002
}
1002
{
1070
     5
1000
1363608
1002
}
1002
{
1070
     2
1000
-2000051
1002
}
1002
{
1070
     3
1000
1933725
1002
}
  0
LINE
  5
7C5
330
70
100
AcDbEntity
  8
A-DETL
100
AcDbLine
 10
18159.46338384979
 20
31890.0
 30
0.0
 11
18159.46338384979
 21
32110.00000000001
 31
0.0
1001
REVIT
1002
{
1070
     1
1000
2188277
1002
}
1002
{
1070
     5
1000
1363608
1002
}
1002
{
1070
     2
1000
-2000051
1002
}
1002
{
1070
     3
1000
1933725
1002
}
  0
LINE
  5
7C6
330
70
100
AcDbEntity
  8
A-DETL-THIN
100
AcDbLine
 10
17830.09150487257
 20
35179.24667074674
 30
0.0
 11
17830.09150487257
 21
35209.24667074674
 31
0.0
1001
REVIT
1002
{
1070
     1
1000
2293930
1002
}
1002
{
1070
     5
1000
1417103
1002
}
1002
{
1070
     2
1000
-2000051
1002
}
1002
{
1070
     3
1000
-2000042
1002
}
  0
LINE
  5
7C7
330
70
100
AcDbEntity
  8
A-DETL-THIN
100
AcDbLine
 10
17830.09150487257
 20
35209.24667074674
 30
0.0
 11
17720.09150487256
 21
35209.24667074674
 31
0.0
1001
REVIT
1002
{
1070
     1
1000
2293930
1002
}
1002
{
1070
     5
1000
1417103
1002
}
1002
{
1070
     2
1000
-2000051
1002
}
1002
{
1070
     3
1000
-2000042
1002
}
  0
LINE
  5
7C8
330
70
100
AcDbEntity
  8
A-DETL-THIN
100
AcDbLine
 10
17720.09150487256
 20
35209.24667074674
 30
0.0
 11
17720.09150487256
 21
35179.24667074674
 31
0.0
1001
REVIT
1002
{
1070
     1
1000
2293930
1002
}
1002
{
1070
     5
1000
1417103
1002
}
1002
{
1070
     2
1000
-2000051
1002
}
1002
{
1070
     3
1000
-2000042
1002
}
  0
LINE
  5
7C9
330
70
100
AcDbEntity
  8
A-DETL-THIN
100
AcDbLine
 10
17720.09150487256
 20
35179.24667074674
 30
0.0
 11
17830.09150487257
 21
35179.24667074674
 31
0.0
1001
REVIT
1002
{
1070
     1
1000
2293930
1002
}
1002
{
1070
     5
1000
1417103
1002
}
1002
{
1070
     2
1000
-2000051
1002
}
1002
{
1070
     3
1000
-2000042
1002
}
  0
LINE
  5
7CA
330
70
100
AcDbEntity
  8
A-DETL-THIN
100
AcDbLine
 10
16159.46338384981
 20
35310.0
 30
0.0
 11
16159.46338384981
 21
35340.00000000001
 31
0.0
1001
REVIT
1002
{
1070
     1
1000
2296937
1002
}
1002
{
1070
     5
1000
1417103
1002
}
1002
{
1070
     2
1000
-2000051
1002
}
1002
{
1070
     3
1000
-2000042
1002
}
  0
LINE
  5
7CB
330
70
100
AcDbEntity
  8
A-DETL-THIN
100
AcDbLine
 10
16049.4633838498
 20
35340.00000000001
 30
0.0
 11
16049.4633838498
 21
35310.0
 31
0.0
1001
REVIT
1002
{
1070
     1
1000
2296937
1002
}
1002
{
1070
     5
1000
1417103
1002
}
1002
{
1070
     2
1000
-2000051
1002
}
1002
{
1070
     3
1000
-2000042
1002
}
  0
LINE
  5
7CC
330
70
100
AcDbEntity
  8
A-DETL-THIN
100
AcDbLine
 10
16049.4633838498
 20
35310.0
 30
0.0
 11
16159.46338384981
 21
35310.0
 31
0.0
1001
REVIT
1002
{
1070
     1
1000
2296937
1002
}
1002
{
1070
     5
1000
1417103
1002
}
1002
{
1070
     2
1000
-2000051
1002
}
1002
{
1070
     3
1000
-2000042
1002
}
  0
LINE
  5
7CD
330
70
100
AcDbEntity
  8
A-DETL-THIN
100
AcDbLine
 10
13769.46338285362
 20
35310.00000000002
 30
0.0
 11
13769.46338285362
 21
35340.00000000002
 31
0.0
1001
REVIT
1002
{
1070
     1
1000
2296956
1002
}
1002
{
1070
     5
1000
1417103
1002
}
1002
{
1070
     2
1000
-2000051
1002
}
1002
{
1070
     3
1000
-2000042
1002
}
  0
LINE
  5
7CE
330
70
100
AcDbEntity
  8
A-DETL-THIN
100
AcDbLine
 10
13659.46338285362
 20
35340.00000000002
 30
0.0
 11
13659.46338285362
 21
35310.00000000002
 31
0.0
1001
REVIT
1002
{
1070
     1
1000
2296956
1002
}
1002
{
1070
     5
1000
1417103
1002
}
1002
{
1070
     2
1000
-2000051
1002
}
1002
{
1070
     3
1000
-2000042
1002
}
  0
LINE
  5
7CF
330
70
100
AcDbEntity
  8
A-DETL-THIN
100
AcDbLine
 10
13659.46338285362
 20
35310.00000000002
 30
0.0
 11
13769.46338285362
 21
35310.00000000002
 31
0.0
1001
REVIT
1002
{
1070
     1
1000
2296956
1002
}
1002
{
1070
     5
1000
1417103
1002
}
1002
{
1070
     2
1000
-2000051
1002
}
1002
{
1070
     3
1000
-2000042
1002
}
  0
LINE
  5
7D0
330
70
100
AcDbEntity
  8
A-DETL-THIN
100
AcDbLine
 10
16159.4633838498
 20
32080.0
 30
0.0
 11
16159.4633838498
 21
32110.0
 31
0.0
1001
REVIT
1002
{
1070
     1
1000
2296994
1002
}
1002
{
1070
     5
1000
1417103
1002
}
1002
{
1070
     2
1000
-2000051
1002
}
1002
{
1070
     3
1000
-2000042
1002
}
  0
LINE
  5
7D1
330
70
100
AcDbEntity
  8
A-DETL-THIN
100
AcDbLine
 10
16049.46338384979
 20
32110.0
 30
0.0
 11
16049.46338384979
 21
32080.0
 31
0.0
1001
REVIT
1002
{
1070
     1
1000
2296994
1002
}
1002
{
1070
     5
1000
1417103
1002
}
1002
{
1070
     2
1000
-2000051
1002
}
1002
{
1070
     3
1000
-2000042
1002
}
  0
LINE
  5
7D2
330
70
100
AcDbEntity
  8
A-DETL-THIN
100
AcDbLine
 10
16049.46338384979
 20
32080.0
 30
0.0
 11
16159.4633838498
 21
32080.0
 31
0.0
1001
REVIT
1002
{
1070
     1
1000
2296994
1002
}
1002
{
1070
     5
1000
1417103
1002
}
1002
{
1070
     2
1000
-2000051
1002
}
1002
{
1070
     3
1000
-2000042
1002
}
  0
LINE
  5
7D3
330
70
100
AcDbEntity
  8
A-DETL-THIN
100
AcDbLine
 10
18269.4633838498
 20
32079.99999999999
 30
0.0
 11
18269.4633838498
 21
32109.99999999999
 31
0.0
1001
REVIT
1002
{
1070
     1
1000
2297013
1002
}
1002
{
1070
     5
1000
1417103
1002
}
1002
{
1070
     2
1000
-2000051
1002
}
1002
{
1070
     3
1000
-2000042
1002
}
  0
LINE
  5
7D4
330
70
100
AcDbEntity
  8
A-DETL-THIN
100
AcDbLine
 10
18159.46338384979
 20
32109.99999999999
 30
0.0
 11
18159.46338384979
 21
32079.99999999999
 31
0.0
1001
REVIT
1002
{
1070
     1
1000
2297013
1002
}
1002
{
1070
     5
1000
1417103
1002
}
1002
{
1070
     2
1000
-2000051
1002
}
1002
{
1070
     3
1000
-2000042
1002
}
  0
LINE
  5
7D5
330
70
100
AcDbEntity
  8
A-DETL-THIN
100
AcDbLine
 10
18159.46338384979
 20
32079.99999999999
 30
0.0
 11
18269.4633838498
 21
32079.99999999999
 31
0.0
1001
REVIT
1002
{
1070
     1
1000
2297013
1002
}
1002
{
1070
     5
1000
1417103
1002
}
1002
{
1070
     2
1000
-2000051
1002
}
1002
{
1070
     3
1000
-2000042
1002
}
  0
LINE
  5
7D6
330
70
100
AcDbEntity
  8
A-DETL-THIN
100
AcDbLine
 10
14339.46338386736
 20
32080.0
 30
0.0
 11
14339.46338386736
 21
32110.0
 31
0.0
1001
REVIT
1002
{
1070
     1
1000
2297036
1002
}
1002
{
1070
     5
1000
1417103
1002
}
1002
{
1070
     2
1000
-2000051
1002
}
1002
{
1070
     3
1000
-2000042
1002
}
  0
LINE
  5
7D7
330
70
100
AcDbEntity
  8
A-DETL-THIN
100
AcDbLine
 10
14229.46338386735
 20
32110.0
 30
0.0
 11
14229.46338386735
 21
32080.0
 31
0.0
1001
REVIT
1002
{
1070
     1
1000
2297036
1002
}
1002
{
1070
     5
1000
1417103
1002
}
1002
{
1070
     2
1000
-2000051
1002
}
1002
{
1070
     3
1000
-2000042
1002
}
  0
LINE
  5
7D8
330
70
100
AcDbEntity
  8
A-DETL-THIN
100
AcDbLine
 10
14229.46338386735
 20
32080.0
 30
0.0
 11
14339.46338386736
 21
32080.0
 31
0.0
1001
REVIT
1002
{
1070
     1
1000
2297036
1002
}
1002
{
1070
     5
1000
1417103
1002
}
1002
{
1070
     2
1000
-2000051
1002
}
1002
{
1070
     3
1000
-2000042
1002
}
  0
LINE
  5
7D9
330
70
100
AcDbEntity
  8
A-DETL-THIN
100
AcDbLine
 10
12379.46338388492
 20
32049.99999999999
 30
0.0
 11
12379.46338388492
 21
32080.0
 31
0.0
1001
REVIT
1002
{
1070
     1
1000
2297055
1002
}
1002
{
1070
     5
1000
1417103
1002
}
1002
{
1070
     2
1000
-2000051
1002
}
1002
{
1070
     3
1000
-2000042
1002
}
  0
LINE
  5
7DA
330
70
100
AcDbEntity
  8
A-DETL-THIN
100
AcDbLine
 10
12379.46338388492
 20
32080.0
 30
0.0
 11
12269.4633838849
 21
32080.0
 31
0.0
1001
REVIT
1002
{
1070
     1
1000
2297055
1002
}
1002
{
1070
     5
1000
1417103
1002
}
1002
{
1070
     2
1000
-2000051
1002
}
1002
{
1070
     3
1000
-2000042
1002
}
  0
LINE
  5
7DB
330
70
100
AcDbEntity
  8
A-DETL-THIN
100
AcDbLine
 10
12269.4633838849
 20
32080.0
 30
0.0
 11
12269.4633838849
 21
32049.99999999999
 31
0.0
1001
REVIT
1002
{
1070
     1
1000
2297055
1002
}
1002
{
1070
     5
1000
1417103
1002
}
1002
{
1070
     2
1000
-2000051
1002
}
1002
{
1070
     3
1000
-2000042
1002
}
  0
LINE
  5
7DC
330
70
100
AcDbEntity
  8
A-DETL-THIN
100
AcDbLine
 10
12269.4633838849
 20
32049.99999999999
 30
0.0
 11
12379.46338388492
 21
32049.99999999999
 31
0.0
1001
REVIT
1002
{
1070
     1
1000
2297055
1002
}
1002
{
1070
     5
1000
1417103
1002
}
1002
{
1070
     2
1000
-2000051
1002
}
1002
{
1070
     3
1000
-2000042
1002
}
  0
LINE
  5
7DD
330
70
100
AcDbEntity
  8
A-DETL-THIN
100
AcDbLine
 10
19719.46338386736
 20
35180.0
 30
0.0
 11
19719.46338386736
 21
35210.0
 31
0.0
1001
REVIT
1002
{
1070
     1
1000
2297120
1002
}
1002
{
1070
     5
1000
1417103
1002
}
1002
{
1070
     2
1000
-2000051
1002
}
1002
{
1070
     3
1000
-2000042
1002
}
  0
LINE
  5
7DE
330
70
100
AcDbEntity
  8
A-DETL-THIN
100
AcDbLine
 10
19719.46338386736
 20
35210.0
 30
0.0
 11
19609.46338386735
 21
35210.0
 31
0.0
1001
REVIT
1002
{
1070
     1
1000
2297120
1002
}
1002
{
1070
     5
1000
1417103
1002
}
1002
{
1070
     2
1000
-2000051
1002
}
1002
{
1070
     3
1000
-2000042
1002
}
  0
LINE
  5
7DF
330
70
100
AcDbEntity
  8
A-DETL-THIN
100
AcDbLine
 10
19609.46338386735
 20
35210.0
 30
0.0
 11
19609.46338386735
 21
35180.0
 31
0.0
1001
REVIT
1002
{
1070
     1
1000
2297120
1002
}
1002
{
1070
     5
1000
1417103
1002
}
1002
{
1070
     2
1000
-2000051
1002
}
1002
{
1070
     3
1000
-2000042
1002
}
  0
LINE
  5
7E0
330
70
100
AcDbEntity
  8
A-DETL-THIN
100
AcDbLine
 10
19609.46338386735
 20
35180.0
 30
0.0
 11
19719.46338386736
 21
35180.0
 31
0.0
1001
REVIT
1002
{
1070
     1
1000
2297120
1002
}
1002
{
1070
     5
1000
1417103
1002
}
1002
{
1070
     2
1000
-2000051
1002
}
1002
{
1070
     3
1000
-2000042
1002
}
  0
HATCH
  5
7F2
330
70
100
AcDbEntity
  8
A-DETL-GENF
 62
     7
100
AcDbHatch
 10
0.0
 20
0.0
 30
0.0
210
0.0
220
0.0
230
1.0
  2
FP_15
 70
     0
 71
     0
 91
        1
 92
        1
 93
       17
 72
     1
 10
9012.747307086252
 20
31938.00000000002
 11
10027.46338285362
 21
31938.00000000002
 72
     1
 10
10027.46338285362
 20
31938.00000000002
 11
10199.46338285362
 21
32110.00000000002
 72
     1
 10
10199.46338285362
 20
32110.00000000002
 11
28139.46338208721
 21
32110.00000000002
 72
     1
 10
28139.4633820872
 20
32110.00000000002
 11
28139.4633820872
 21
32340.00000000002
 72
     1
 10
28139.4633820872
 20
32340.00000000002
 11
19609.46338386735
 21
32340.00000000002
 72
     1
 10
19609.46338386735
 20
32340.00000000002
 11
19609.46338386735
 21
32310.00000000002
 72
     1
 10
19609.46338386735
 20
32310.00000000002
 11
17829.46338386734
 21
32310.00000000002
 72
     1
 10
17829.46338386734
 20
32310.00000000002
 11
17829.46338386734
 21
32340.00000000002
 72
     1
 10
17829.46338386734
 20
32340.00000000002
 11
16049.46338384977
 21
32340.00000000002
 72
     1
 10
16049.46338384977
 20
32340.00000000002
 11
16049.46338384977
 21
32310.00000000002
 72
     1
 10
16049.46338384977
 20
32310.00000000002
 11
13769.46338285362
 21
32310.00000000004
 72
     1
 10
13769.46338285362
 20
32310.00000000004
 11
13769.46338285362
 21
32340.00000000002
 72
     1
 10
13769.46338285362
 20
32340.00000000002
 11
9749.463382853608
 21
32340.00000000002
 72
     1
 10
9749.463382853608
 20
32340.00000000002
 11
9749.463382853608
 21
32168.00000000002
 72
     1
 10
9749.463382853608
 20
32168.00000000002
 11
8489.46338285361
 21
32168.00000000002
 72
     1
 10
8489.46338285361
 20
32168.00000000002
 11
8489.46338285361
 21
31938.00000000002
 72
     1
 10
8489.46338285361
 20
31938.00000000002
 11
9012.747307086252
 21
31938.00000000002
 97
        0
 75
     0
 76
     2
 52
0.0
 41
1.0
 77
     0
 78
    17
 53
49.99999999999999
 43
17970.973
 44
19353.85
 45
728.73650110752
 46
-63.75582262483607
 79
     2
 49
76.2
 49
-838.2
 53
355.0
 43
17970.973
 44
19353.85
 45
-140.9716152248045
 46
764.2276025857151
 79
     2
 49
60.96
 49
-670.56
 53
100.451
 43
18031.701
 44
19348.537
 45
587.770006663837
 46
700.4667512811675
 79
     2
 49
64.76
 49
-712.36
 53
46.184
 43
17970.973
 44
19557.05
 45
1084.316239662759
 46
-168.1709612287867
 79
     2
 49
114.3
 49
-1257.3
 53
96.636
 43
18061.333
 44
19543.036
 45
949.6099128555585
 46
989.7098464133105
 79
     2
 49
97.14
 49
-1068.54
 53
351.184
 43
17970.973
 44
19557.05
 45
949.620552888774
 46
989.7011531044203
 79
     2
 49
91.44
 49
-1005.84
 53
21.0
 43
18072.573
 44
19506.25
 45
606.4578690252075
 46
-409.0605652741465
 79
     2
 49
76.2
 49
-838.2
 53
325.9999999999999
 43
18072.573
 44
19506.25
 45
247.208340968463
 46
736.752917204011
 79
     2
 49
60.96
 49
-670.56
 53
71.45100000000001
 43
18123.111
 44
19472.162
 45
853.6682507774542
 46
327.6854711435369
 79
     2
 49
64.76
 49
-712.36
 53
37.5
 43
17970.973
 44
19353.85
 45
12.35469342532113
 46
338.2201185742302
 79
     5
 49
33.528
 49
-628.904
 49
33.528
 49
-647.192
 49
-673.1
 53
37.5
 43
17970.973
 44
19353.85
 45
12.35469342532113
 46
338.2201185742302
 79
     3
 49
-1343.152
 49
33.528
 49
-639.572
 53
7.5
 43
17970.973
 44
19353.85
 45
267.2788744354337
 46
400.7221270887442
 79
     5
 49
33.528
 49
-354.584
 49
33.528
 49
-613.664
 49
-256.54
 53
7.5
 43
17970.973
 44
19353.85
 45
267.2788744354337
 46
400.7221270887442
 79
     3
 49
-1035.304
 49
33.528
 49
-223.012
 53
327.5
 43
17744.405
 44
19353.85
 45
542.363331518853
 46
-22.91534459201296
 79
     4
 49
33.528
 49
-220.472
 49
33.528
 49
-1810.512
 53
327.5
 43
17744.405
 44
19353.85
 45
542.363331518853
 46
-22.91534459201296
 79
     4
 49
-287.528
 49
-758.952
 49
33.528
 49
-1018.032
 53
317.5
 43
17642.805
 44
19353.85
 45
592.5169587678777
 46
101.7071067647936
 79
     5
 49
33.528
 49
-296.672
 49
33.528
 49
-492.76
 49
-746.76
 53
317.5
 43
17642.805
 44
19353.85
 45
592.5169587678777
 46
101.7071067647936
 79
     3
 49
-856.488
 49
33.528
 49
-713.232
 98
        1
 10
0.0
 20
0.0
1001
REVIT
1002
{
1070
     1
1000
2297341
1002
}
1002
{
1070
     5
1000
1936996
1002
}
1002
{
1070
     2
1000
-2002000
1002
}
  0
LINE
  5
7F3
330
70
100
AcDbEntity
  8
A-DETL-THIN
100
AcDbLine
 10
13769.46338285362
 20
32340.00000000001
 30
0.0
 11
9749.463382853619
 21
32340.00000000001
 31
0.0
1001
REVIT
1002
{
1070
     1
1000
2297341
1002
}
1002
{
1070
     5
1000
1936996
1002
}
1002
{
1070
     2
1000
-2000051
1002
}
1002
{
1070
     3
1000
-2000042
1002
}
  0
LINE
  5
7F4
330
70
100
AcDbEntity
  8
A-DETL-THIN
100
AcDbLine
 10
9749.463382853619
 20
32340.00000000001
 30
0.0
 11
9749.463382853619
 21
32168.00000000001
 31
0.0
1001
REVIT
1002
{
1070
     1
1000
2297341
1002
}
1002
{
1070
     5
1000
1936996
1002
}
1002
{
1070
     2
1000
-2000051
1002
}
1002
{
1070
     3
1000
-2000042
1002
}
  0
LINE
  5
7F5
330
70
100
AcDbEntity
  8
A-DETL
100
AcDbLine
 10
9749.463382853619
 20
32168.00000000001
 30
0.0
 11
8489.46338285362
 21
32168.00000000001
 31
0.0
1001
REVIT
1002
{
1070
     1
1000
2297341
1002
}
1002
{
1070
     5
1000
1936996
1002
}
1002
{
1070
     2
1000
-2000051
1002
}
1002
{
1070
     3
1000
1933725
1002
}
  0
LINE
  5
7F6
330
70
100
AcDbEntity
  8
A-DETL
100
AcDbLine
 10
8489.46338285362
 20
32168.00000000001
 30
0.0
 11
8489.46338285362
 21
31938.00000000001
 31
0.0
1001
REVIT
1002
{
1070
     1
1000
2297341
1002
}
1002
{
1070
     5
1000
1936996
1002
}
1002
{
1070
     2
1000
-2000051
1002
}
1002
{
1070
     3
1000
1933725
1002
}
  0
LINE
  5
7F7
330
70
100
AcDbEntity
  8
A-DETL
100
AcDbLine
 10
8489.46338285362
 20
31938.00000000001
 30
0.0
 11
10027.46338285362
 21
31938.00000000001
 31
0.0
1001
REVIT
1002
{
1070
     1
1000
2297341
1002
}
1002
{
1070
     5
1000
1936996
1002
}
1002
{
1070
     2
1000
-2000051
1002
}
1002
{
1070
     3
1000
1933725
1002
}
  0
LINE
  5
7F8
330
70
100
AcDbEntity
  8
A-DETL
100
AcDbLine
 10
10027.46338285362
 20
31938.00000000001
 30
0.0
 11
10199.46338285362
 21
32110.00000000001
 31
0.0
1001
REVIT
1002
{
1070
     1
1000
2297341
1002
}
1002
{
1070
     5
1000
1936996
1002
}
1002
{
1070
     2
1000
-2000051
1002
}
1002
{
1070
     3
1000
1933725
1002
}
  0
LINE
  5
7F9
330
70
100
AcDbEntity
  8
A-DETL-THIN
100
AcDbLine
 10
10199.46338285362
 20
32110.00000000001
 30
0.0
 11
28139.46338208718
 21
32110.00000000001
 31
0.0
1001
REVIT
1002
{
1070
     1
1000
2297341
1002
}
1002
{
1070
     5
1000
1936996
1002
}
1002
{
1070
     2
1000
-2000051
1002
}
1002
{
1070
     3
1000
-2000042
1002
}
  0
LINE
  5
7FA
330
70
100
AcDbEntity
  8
A-DETL
100
AcDbLine
 10
28139.46338208718
 20
32110.00000000001
 30
0.0
 11
28139.46338208718
 21
32340.00000000001
 31
0.0
1001
REVIT
1002
{
1070
     1
1000
2297341
1002
}
1002
{
1070
     5
1000
1936996
1002
}
1002
{
1070
     2
1000
-2000051
1002
}
1002
{
1070
     3
1000
1933725
1002
}
  0
LINE
  5
7FB
330
70
100
AcDbEntity
  8
A-DETL-THIN
100
AcDbLine
 10
28139.46338208718
 20
32340.00000000001
 30
0.0
 11
19609.46338386735
 21
32340.00000000001
 31
0.0
1001
REVIT
1002
{
1070
     1
1000
2297341
1002
}
1002
{
1070
     5
1000
1936996
1002
}
1002
{
1070
     2
1000
-2000051
1002
}
1002
{
1070
     3
1000
-2000042
1002
}
  0
LINE
  5
7FC
330
70
100
AcDbEntity
  8
A-DETL
100
AcDbLine
 10
19609.46338386735
 20
32340.00000000001
 30
0.0
 11
19609.46338386735
 21
32310.0
 31
0.0
1001
REVIT
1002
{
1070
     1
1000
2297341
1002
}
1002
{
1070
     5
1000
1936996
1002
}
1002
{
1070
     2
1000
-2000051
1002
}
1002
{
1070
     3
1000
1933725
1002
}
  0
LINE
  5
7FD
330
70
100
AcDbEntity
  8
A-DETL
100
AcDbLine
 10
19609.46338386735
 20
32310.0
 30
0.0
 11
17829.46338386734
 21
32310.0
 31
0.0
1001
REVIT
1002
{
1070
     1
1000
2297341
1002
}
1002
{
1070
     5
1000
1936996
1002
}
1002
{
1070
     2
1000
-2000051
1002
}
1002
{
1070
     3
1000
1933725
1002
}
  0
LINE
  5
7FE
330
70
100
AcDbEntity
  8
A-DETL
100
AcDbLine
 10
17829.46338386734
 20
32310.0
 30
0.0
 11
17829.46338386734
 21
32340.00000000001
 31
0.0
1001
REVIT
1002
{
1070
     1
1000
2297341
1002
}
1002
{
1070
     5
1000
1936996
1002
}
1002
{
1070
     2
1000
-2000051
1002
}
1002
{
1070
     3
1000
1933725
1002
}
  0
LINE
  5
7FF
330
70
100
AcDbEntity
  8
A-DETL-THIN
100
AcDbLine
 10
17829.46338386734
 20
32340.00000000001
 30
0.0
 11
16049.46338384978
 21
32340.00000000001
 31
0.0
1001
REVIT
1002
{
1070
     1
1000
2297341
1002
}
1002
{
1070
     5
1000
1936996
1002
}
1002
{
1070
     2
1000
-2000051
1002
}
1002
{
1070
     3
1000
-2000042
1002
}
  0
LINE
  5
800
330
70
100
AcDbEntity
  8
A-DETL
100
AcDbLine
 10
16049.46338384978
 20
32340.00000000001
 30
0.0
 11
16049.46338384978
 21
32310.00000000001
 31
0.0
1001
REVIT
1002
{
1070
     1
1000
2297341
1002
}
1002
{
1070
     5
1000
1936996
1002
}
1002
{
1070
     2
1000
-2000051
1002
}
1002
{
1070
     3
1000
1933725
1002
}
  0
LINE
  5
801
330
70
100
AcDbEntity
  8
A-DETL
100
AcDbLine
 10
16049.46338384978
 20
32310.00000000001
 30
0.0
 11
13769.46338285362
 21
32310.00000000002
 31
0.0
1001
REVIT
1002
{
1070
     1
1000
2297341
1002
}
1002
{
1070
     5
1000
1936996
1002
}
1002
{
1070
     2
1000
-2000051
1002
}
1002
{
1070
     3
1000
1933725
1002
}
  0
LINE
  5
802
330
70
100
AcDbEntity
  8
A-DETL
100
AcDbLine
 10
13769.46338285362
 20
32310.00000000002
 30
0.0
 11
13769.46338285362
 21
32340.00000000001
 31
0.0
1001
REVIT
1002
{
1070
     1
1000
2297341
1002
}
1002
{
1070
     5
1000
1936996
1002
}
1002
{
1070
     2
1000
-2000051
1002
}
1002
{
1070
     3
1000
1933725
1002
}
  0
LINE
  5
803
330
70
100
AcDbEntity
  8
A-DETL
  6
Dash 1_16_
100
AcDbLine
 10
20401.72486938047
 20
35450.0
 30
0.0
 11
20281.72486938047
 21
35450.0
 31
0.0
1001
REVIT
1002
{
1070
     1
1000
2178303
1002
}
1002
{
1070
     2
1000
-2000051
1002
}
1002
{
1070
     3
1000
2107313
1002
}
  0
LINE
  5
804
330
70
100
AcDbEntity
  8
A-DETL
  6
Dash 1_16_
100
AcDbLine
 10
20401.72486938047
 20
35510.0
 30
0.0
 11
20401.72486938047
 21
35450.0
 31
0.0
1001
REVIT
1002
{
1070
     1
1000
2178304
1002
}
1002
{
1070
     2
1000
-2000051
1002
}
1002
{
1070
     3
1000
2107313
1002
}
  0
LINE
  5
805
330
70
100
AcDbEntity
  8
A-DETL
  6
Dash 1_16_
100
AcDbLine
 10
20281.72486938047
 20
35510.0
 30
0.0
 11
20401.72486938047
 21
35510.0
 31
0.0
1001
REVIT
1002
{
1070
     1
1000
2178305
1002
}
1002
{
1070
     2
1000
-2000051
1002
}
1002
{
1070
     3
1000
2107313
1002
}
  0
LINE
  5
806
330
70
100
AcDbEntity
  8
A-DETL
  6
Dash 1_16_
100
AcDbLine
 10
20281.72486938047
 20
35450.0
 30
0.0
 11
20281.72486938047
 21
35510.0
 31
0.0
1001
REVIT
1002
{
1070
     1
1000
2178306
1002
}
1002
{
1070
     2
1000
-2000051
1002
}
1002
{
1070
     3
1000
2107313
1002
}
  0
LINE
  5
807
330
70
100
AcDbEntity
  8
A-DETL
100
AcDbLine
 10
18149.0633838498
 20
35459.53298863336
 30
0.0
 11
18029.0633838498
 21
35459.53298863336
 31
0.0
1001
REVIT
1002
{
1070
     1
1000
2178411
1002
}
1002
{
1070
     2
1000
-2000051
1002
}
1002
{
1070
     3
1000
2107313
1002
}
  0
LINE
  5
808
330
70
100
AcDbEntity
  8
A-DETL
100
AcDbLine
 10
18149.0633838498
 20
35519.53298863335
 30
0.0
 11
18149.0633838498
 21
35459.53298863336
 31
0.0
1001
REVIT
1002
{
1070
     1
1000
2178412
1002
}
1002
{
1070
     2
1000
-2000051
1002
}
1002
{
1070
     3
1000
2107313
1002
}
  0
LINE
  5
809
330
70
100
AcDbEntity
  8
A-DETL
100
AcDbLine
 10
18029.0633838498
 20
35519.53298863335
 30
0.0
 11
18149.0633838498
 21
35519.53298863335
 31
0.0
1001
REVIT
1002
{
1070
     1
1000
2178413
1002
}
1002
{
1070
     2
1000
-2000051
1002
}
1002
{
1070
     3
1000
2107313
1002
}
  0
LINE
  5
80A
330
70
100
AcDbEntity
  8
A-DETL
100
AcDbLine
 10
18029.0633838498
 20
35459.53298863336
 30
0.0
 11
18029.0633838498
 21
35519.53298863335
 31
0.0
1001
REVIT
1002
{
1070
     1
1000
2178414
1002
}
1002
{
1070
     2
1000
-2000051
1002
}
1002
{
1070
     3
1000
2107313
1002
}
  0
LINE
  5
80B
330
70
100
AcDbEntity
  8
A-DETL
100
AcDbLine
 10
14339.46338386735
 20
31990.0
 30
0.0
 11
16049.46338384979
 21
31990.0
 31
0.0
1001
REVIT
1002
{
1070
     1
1000
2189461
1002
}
1002
{
1070
     2
1000
-2000051
1002
}
1002
{
1070
     3
1000
2107288
1002
}
  0
LINE
  5
80C
330
70
100
AcDbEntity
  8
A-DETL
100
AcDbLine
 10
18269.46338384979
 20
31990.0
 30
0.0
 11
28139.46338208718
 21
31990.0
 31
0.0
1001
REVIT
1002
{
1070
     1
1000
2189464
1002
}
1002
{
1070
     2
1000
-2000051
1002
}
1002
{
1070
     3
1000
2107288
1002
}
  0
LINE
  5
80D
330
70
100
AcDbEntity
  8
A-DETL
100
AcDbLine
 10
12379.46338388491
 20
31990.0
 30
0.0
 11
14229.46338386735
 21
31990.0
 31
0.0
1001
REVIT
1002
{
1070
     1
1000
2189467
1002
}
1002
{
1070
     2
1000
-2000051
1002
}
1002
{
1070
     3
1000
2107288
1002
}
  0
LINE
  5
80E
330
70
100
AcDbEntity
  8
A-DETL
100
AcDbLine
 10
9859.463382853632
 20
31990.0
 30
0.0
 11
12269.46338388491
 21
31990.0
 31
0.0
1001
REVIT
1002
{
1070
     1
1000
2189556
1002
}
1002
{
1070
     2
1000
-2000051
1002
}
1002
{
1070
     3
1000
2107288
1002
}
  0
LINE
  5
80F
330
70
100
AcDbEntity
  8
A-DETL
100
AcDbLine
 10
16159.46338384979
 20
31990.0
 30
0.0
 11
18159.46338384979
 21
31990.0
 31
0.0
1001
REVIT
1002
{
1070
     1
1000
2190071
1002
}
1002
{
1070
     2
1000
-2000051
1002
}
1002
{
1070
     3
1000
2107288
1002
}
  0
LINE
  5
810
330
70
100
AcDbEntity
  8
A-DETL
  6
Dash 2_5mm
370
    25
100
AcDbLine
 10
10891.39971716262
 20
30801.15605083283
 30
0.0
 11
13599.46338338873
 21
30420.5625227542
 31
0.0
1001
REVIT
1002
{
1070
     1
1000
2298931
1002
}
1002
{
1070
     2
1000
-2000051
1002
}
1002
{
1070
     3
1000
1363851
1002
}
  0
LINE
  5
811
330
70
100
AcDbEntity
  8
A-DETL
  6
Dash 2_5mm
370
    25
100
AcDbLine
 10
27638.43961561631
 20
29241.68819292516
 30
0.0
 11
23162.64766071192
 21
29435.81798556397
 31
0.0
1001
REVIT
1002
{
1070
     1
1000
2298970
1002
}
1002
{
1070
     2
1000
-2000051
1002
}
1002
{
1070
     3
1000
1363851
1002
}
  0
LINE
  5
812
330
70
100
AcDbEntity
  8
A-DETL
  6
Dash 2_5mm
370
    25
100
AcDbLine
 10
9982.726443814996
 20
30945.07575866987
 30
0.0
 11
10891.39971716317
 21
30801.15605083275
 31
0.0
1001
REVIT
1002
{
1070
     1
1000
2298973
1002
}
1002
{
1070
     2
1000
-2000051
1002
}
1002
{
1070
     3
1000
1363851
1002
}
  0
LINE
  5
813
330
70
100
AcDbEntity
  8
A-DETL
  6
Dash 2_5mm
370
    25
100
AcDbLine
 10
9982.726443814996
 20
30945.07575866987
 30
0.0
 11
8989.463382853648
 21
31327.6512595076
 31
0.0
1001
REVIT
1002
{
1070
     1
1000
2298976
1002
}
1002
{
1070
     2
1000
-2000051
1002
}
1002
{
1070
     3
1000
1363851
1002
}
  0
LINE
  5
814
330
70
100
AcDbEntity
  8
A-DETL
  6
Dash 2_5mm
370
    25
100
AcDbLine
 10
8539.46338285365
 20
31500.97792607099
 30
0.0
 11
7529.46338262854
 21
31889.99999999996
 31
0.0
1001
REVIT
1002
{
1070
     1
1000
2298976
1002
}
1002
{
1070
     2
1000
-2000051
1002
}
1002
{
1070
     3
1000
1363851
1002
}
  0
LINE
  5
815
330
70
100
AcDbEntity
  8
A-DETL
  6
Dash 2_5mm
370
    25
100
AcDbLine
 10
7529.463382628876
 20
31889.99999999985
 30
0.0
 11
6746.608064007637
 21
32152.60504106008
 31
0.0
1001
REVIT
1002
{
1070
     1
1000
2298977
1002
}
1002
{
1070
     2
1000
-2000051
1002
}
1002
{
1070
     3
1000
1363851
1002
}
  0
LINE
  5
816
330
70
100
AcDbEntity
  8
A-DETL
  6
Dash 2_5mm
370
    25
100
AcDbLine
 10
18700.01957226403
 20
29581.33617762306
 30
0.0
 11
23162.64766071531
 21
29435.81798556389
 31
0.0
1001
REVIT
1002
{
1070
     1
1000
2298979
1002
}
1002
{
1070
     2
1000
-2000051
1002
}
1002
{
1070
     3
1000
1363851
1002
}
  0
LINE
  5
817
330
70
100
AcDbEntity
  8
A-DETL
  6
Dash 2_5mm
370
    25
100
AcDbLine
 10
13599.463383389
 20
30420.56252275415
 30
0.0
 11
15918.08481853372
 21
29980.56861315275
 31
0.0
1001
REVIT
1002
{
1070
     1
1000
2298980
1002
}
1002
{
1070
     2
1000
-2000051
1002
}
1002
{
1070
     3
1000
1363851
1002
}
  0
LINE
  5
818
330
70
100
AcDbEntity
  8
A-DETL
  6
Dash 2_5mm
370
    25
100
AcDbLine
 10
15918.08481853368
 20
29980.56861315276
 30
0.0
 11
18700.01957226414
 21
29581.33617762305
 31
0.0
1001
REVIT
1002
{
1070
     1
1000
2298981
1002
}
1002
{
1070
     2
1000
-2000051
1002
}
1002
{
1070
     3
1000
1363851
1002
}
  0
LINE
  5
819
330
70
100
AcDbEntity
  8
A-DETL
  6
Dash 2_5mm
370
    25
100
AcDbLine
 10
10891.39971716243
 20
39301.15605083286
 30
0.0
 11
13599.46338338854
 21
38920.56252275424
 31
0.0
1001
REVIT
1002
{
1070
     1
1000
2299406
1002
}
1002
{
1070
     2
1000
-2000051
1002
}
1002
{
1070
     3
1000
1363851
1002
}
  0
LINE
  5
81A
330
70
100
AcDbEntity
  8
A-DETL
  6
Dash 2_5mm
370
    25
100
AcDbLine
 10
27638.43961561632
 20
37741.68819292516
 30
0.0
 11
23162.64766070854
 21
37935.81798556412
 31
0.0
1001
REVIT
1002
{
1070
     1
1000
2299407
1002
}
1002
{
1070
     2
1000
-2000051
1002
}
1002
{
1070
     3
1000
1363851
1002
}
  0
LINE
  5
81B
330
70
100
AcDbEntity
  8
A-DETL
  6
Dash 2_5mm
370
    25
100
AcDbLine
 10
9982.726443815023
 20
39445.07575866986
 30
0.0
 11
10891.39971716271
 21
39301.15605083283
 31
0.0
1001
REVIT
1002
{
1070
     1
1000
2299408
1002
}
1002
{
1070
     2
1000
-2000051
1002
}
1002
{
1070
     3
1000
1363851
1002
}
  0
LINE
  5
81C
330
70
100
AcDbEntity
  8
A-DETL
  6
Dash 2_5mm
370
    25
100
AcDbLine
 10
9982.726443815041
 20
39445.07575866986
 30
0.0
 11
7950.767087253469
 21
40227.72629614787
 31
0.0
1001
REVIT
1002
{
1070
     1
1000
2299409
1002
}
1002
{
1070
     2
1000
-2000051
1002
}
1002
{
1070
     3
1000
1363851
1002
}
  0
LINE
  5
81D
330
70
100
AcDbEntity
  8
A-DETL
  6
Dash 2_5mm
370
    25
100
AcDbLine
 10
18700.01957226404
 20
38081.33617762307
 30
0.0
 11
23162.64766071535
 21
37935.81798556389
 31
0.0
1001
REVIT
1002
{
1070
     1
1000
2299412
1002
}
1002
{
1070
     2
1000
-2000051
1002
}
1002
{
1070
     3
1000
1363851
1002
}
  0
LINE
  5
81E
330
70
100
AcDbEntity
  8
A-DETL
  6
Dash 2_5mm
370
    25
100
AcDbLine
 10
13599.46338338876
 20
38920.5625227542
 30
0.0
 11
15918.08481853382
 21
38480.56861315274
 31
0.0
1001
REVIT
1002
{
1070
     1
1000
2299413
1002
}
1002
{
1070
     2
1000
-2000051
1002
}
1002
{
1070
     3
1000
1363851
1002
}
  0
LINE
  5
81F
330
70
100
AcDbEntity
  8
A-DETL
  6
Dash 2_5mm
370
    25
100
AcDbLine
 10
15918.08481853372
 20
38480.56861315276
 30
0.0
 11
18700.01957226416
 21
38081.33617762305
 31
0.0
1001
REVIT
1002
{
1070
     1
1000
2299414
1002
}
1002
{
1070
     2
1000
-2000051
1002
}
1002
{
1070
     3
1000
1363851
1002
}
  0
LINE
  5
820
330
70
100
AcDbEntity
  8
A-DETL-THIN
100
AcDbLine
 10
20729.46338386737
 20
35190.0
 30
0.0
 11
21381.56823458427
 21
35865.27434068722
 31
0.0
1001
REVIT
1002
{
1070
     1
1000
2299654
1002
}
1002
{
1070
     2
1000
-2000051
1002
}
1002
{
1070
     3
1000
-2000042
1002
}
  0
LINE
  5
821
330
70
100
AcDbEntity
  8
A-DETL-THIN
100
AcDbLine
 10
20846.50005071919
 20
35190.0
 30
0.0
 11
21425.64427968495
 21
35789.72140515091
 31
0.0
1001
REVIT
1002
{
1070
     1
1000
2299655
1002
}
1002
{
1070
     2
1000
-2000051
1002
}
1002
{
1070
     3
1000
-2000042
1002
}
  0
LINE
  5
822
330
70
100
AcDbEntity
  8
A-DETL-THIN
100
AcDbLine
 10
21425.64427968495
 20
35789.72140515091
 30
0.0
 11
21928.87028955619
 21
35190.0
 31
0.0
1001
REVIT
1002
{
1070
     1
1000
2299656
1002
}
1002
{
1070
     2
1000
-2000051
1002
}
1002
{
1070
     3
1000
-2000042
1002
}
  0
LINE
  5
823
330
70
100
AcDbEntity
  8
A-DETL-THIN
100
AcDbLine
 10
21488.26451249095
 20
35855.1086621527
 30
0.0
 11
22046.35694559609
 21
35190.0
 31
0.0
1001
REVIT
1002
{
1070
     1
1000
2299657
1002
}
1002
{
1070
     2
1000
-2000051
1002
}
1002
{
1070
     3
1000
-2000042
1002
}
  0
LINE
  5
824
330
70
100
AcDbEntity
  8
A-DETL-THIN
100
AcDbLine
 10
22063.44080928606
 20
35190.0
 30
0.0
 11
22560.09528675601
 21
35761.3356201863
 31
0.0
1001
REVIT
1002
{
1070
     1
1000
2299658
1002
}
1002
{
1070
     2
1000
-2000051
1002
}
1002
{
1070
     3
1000
-2000042
1002
}
  0
LINE
  5
825
330
70
100
AcDbEntity
  8
A-DETL-THIN
100
AcDbLine
 10
22182.69197868745
 20
35190.0
 30
0.0
 11
22613.66929129261
 21
35685.78268464998
 31
0.0
1001
REVIT
1002
{
1070
     1
1000
2299659
1002
}
1002
{
1070
     2
1000
-2000051
1002
}
1002
{
1070
     3
1000
-2000042
1002
}
  0
LINE
  5
826
330
70
100
AcDbEntity
  8
A-DETL-THIN
100
AcDbLine
 10
22613.66929129261
 20
35685.78268464998
 30
0.0
 11
23029.68035912649
 21
35190.0
 31
0.0
1001
REVIT
1002
{
1070
     1
1000
2299660
1002
}
1002
{
1070
     2
1000
-2000051
1002
}
1002
{
1070
     3
1000
-2000042
1002
}
  0
LINE
  5
827
330
70
100
AcDbEntity
  8
A-DETL-THIN
100
AcDbLine
 10
22676.28952409861
 20
35751.16994165178
 30
0.0
 11
23147.1670151664
 21
35190.0
 31
0.0
1001
REVIT
1002
{
1070
     1
1000
2299661
1002
}
1002
{
1070
     2
1000
-2000051
1002
}
1002
{
1070
     3
1000
-2000042
1002
}
  0
LINE
  5
828
330
70
100
AcDbEntity
  8
A-DETL-THIN
100
AcDbLine
 10
23164.25087885636
 20
35190.0
 30
0.0
 11
23583.10283448551
 21
35671.83405705852
 31
0.0
1001
REVIT
1002
{
1070
     1
1000
2299662
1002
}
1002
{
1070
     2
1000
-2000051
1002
}
1002
{
1070
     3
1000
-2000042
1002
}
  0
LINE
  5
829
330
70
100
AcDbEntity
  8
A-DETL-THIN
100
AcDbLine
 10
23283.50204825775
 20
35190.0
 30
0.0
 11
23636.6768390221
 21
35596.2811215222
 31
0.0
1001
REVIT
1002
{
1070
     1
1000
2299663
1002
}
1002
{
1070
     2
1000
-2000051
1002
}
1002
{
1070
     3
1000
-2000042
1002
}
  0
LINE
  5
82A
330
70
100
AcDbEntity
  8
A-DETL-THIN
100
AcDbLine
 10
23623.83866795574
 20
35597.40431595092
 30
0.0
 11
23965.69147921018
 21
35190.0
 31
0.0
1001
REVIT
1002
{
1070
     1
1000
2299664
1002
}
1002
{
1070
     2
1000
-2000051
1002
}
1002
{
1070
     3
1000
-2000042
1002
}
  0
LINE
  5
82B
330
70
100
AcDbEntity
  8
A-DETL-THIN
100
AcDbLine
 10
23686.45890076174
 20
35662.79157295271
 30
0.0
 11
24083.17813525008
 21
35190.0
 31
0.0
1001
REVIT
1002
{
1070
     1
1000
2299665
1002
}
1002
{
1070
     2
1000
-2000051
1002
}
1002
{
1070
     3
1000
-2000042
1002
}
  0
LINE
  5
82C
330
70
100
AcDbEntity
  8
A-DETL-THIN
100
AcDbLine
 10
24100.26199894004
 20
35190.0
 30
0.0
 11
24452.95901319772
 21
35595.73150252322
 31
0.0
1001
REVIT
1002
{
1070
     1
1000
2299666
1002
}
1002
{
1070
     2
1000
-2000051
1002
}
1002
{
1070
     3
1000
-2000042
1002
}
  0
LINE
  5
82D
330
70
100
AcDbEntity
  8
A-DETL-THIN
100
AcDbLine
 10
24219.51316834143
 20
35190.0
 30
0.0
 11
24506.53301773431
 21
35520.17856698691
 31
0.0
1001
REVIT
1002
{
1070
     1
1000
2299667
1002
}
1002
{
1070
     2
1000
-2000051
1002
}
1002
{
1070
     3
1000
-2000042
1002
}
  0
LINE
  5
82E
330
70
100
AcDbEntity
  8
A-DETL-THIN
100
AcDbLine
 10
24506.53301773431
 20
35520.17856698691
 30
0.0
 11
24791.97672782745
 21
35180.0
 31
0.0
1001
REVIT
1002
{
1070
     1
1000
2299668
1002
}
1002
{
1070
     2
1000
-2000051
1002
}
1002
{
1070
     3
1000
-2000042
1002
}
  0
LINE
  5
82F
330
70
100
AcDbEntity
  8
A-DETL-THIN
100
AcDbLine
 10
24569.15325054031
 20
35585.5658239887
 30
0.0
 11
24909.46338386735
 21
35180.0
 31
0.0
1001
REVIT
1002
{
1070
     1
1000
2299669
1002
}
1002
{
1070
     2
1000
-2000051
1002
}
1002
{
1070
     3
1000
-2000042
1002
}
  0
LINE
  5
830
330
70
100
AcDbEntity
  8
A-DETL-THIN
100
AcDbLine
 10
25978.97593666308
 20
35459.02722841369
 30
0.0
 11
25753.2352885245
 21
35190.0
 31
0.0
1001
REVIT
1002
{
1070
     1
1000
2299840
1002
}
1002
{
1070
     2
1000
-2000051
1002
}
1002
{
1070
     3
1000
-2000042
1002
}
  0
LINE
  5
831
330
70
100
AcDbEntity
  8
A-DETL-THIN
100
AcDbLine
 10
25869.52431110304
 20
35468.60300485468
 30
0.0
 11
25635.7486324846
 21
35190.0
 31
0.0
1001
REVIT
1002
{
1070
     1
1000
2299841
1002
}
1002
{
1070
     2
1000
-2000051
1002
}
1002
{
1070
     3
1000
-2000042
1002
}
  0
LINE
  5
832
330
70
100
AcDbEntity
  8
A-DETL-THIN
100
AcDbLine
 10
25633.35524090954
 20
35190.0
 30
0.0
 11
25351.7945818159
 21
35513.89848693765
 31
0.0
1001
REVIT
1002
{
1070
     1
1000
2299842
1002
}
1002
{
1070
     2
1000
-2000051
1002
}
1002
{
1070
     3
1000
-2000042
1002
}
  0
LINE
  5
833
330
70
100
AcDbEntity
  8
A-DETL-THIN
100
AcDbLine
 10
25514.10407150815
 20
35190.0
 30
0.0
 11
25263.80259028922
 21
35477.93891627488
 31
0.0
1001
REVIT
1002
{
1070
     1
1000
2299843
1002
}
1002
{
1070
     2
1000
-2000051
1002
}
1002
{
1070
     3
1000
-2000042
1002
}
  0
LINE
  5
834
330
70
100
AcDbEntity
  8
A-DETL-THIN
100
AcDbLine
 10
25271.20933158814
 20
35471.0968883852
 30
0.0
 11
25026.95003990725
 21
35180.0
 31
0.0
1001
REVIT
1002
{
1070
     1
1000
2299844
1002
}
1002
{
1070
     2
1000
-2000051
1002
}
1002
{
1070
     3
1000
-2000042
1002
}
  0
LINE
  5
835
330
70
100
AcDbEntity
  8
A-DETL-THIN
100
AcDbLine
 10
25200.72756819164
 20
35527.11513806249
 30
0.0
 11
24909.46338386735
 21
35180.0
 31
0.0
1001
REVIT
1002
{
1070
     1
1000
2299845
1002
}
1002
{
1070
     2
1000
-2000051
1002
}
1002
{
1070
     3
1000
-2000042
1002
}
  0
HATCH
  5
851
330
70
100
AcDbEntity
  8
A-DETL-GENF
 62
     8
100
AcDbHatch
 10
0.0
 20
0.0
 30
0.0
210
0.0
220
0.0
230
1.0
  2
FP_13
 70
     0
 71
     0
 91
        1
 92
        1
 93
       27
 72
     1
 10
27849.4633820872
 20
28588.99999999998
 11
27849.4633820872
 21
28689.00000000003
 72
     1
 10
27849.4633820872
 20
28689.00000000003
 11
27749.46338208719
 21
28789.00000000004
 72
     1
 10
27749.46338208719
 20
28789.00000000004
 11
24449.46338208718
 21
28789.00000000004
 72
     1
 10
24449.46338208718
 20
28789.00000000004
 11
24389.46338208714
 21
28729.00000000001
 72
     1
 10
24389.46338208714
 20
28729.00000000001
 11
23939.46338208714
 21
28729.00000000001
 72
     1
 10
23939.46338208714
 20
28729.00000000001
 11
23879.46338208712
 21
28789.00000000004
 72
     1
 10
23879.46338208712
 20
28789.00000000004
 11
19024.4633838498
 21
28789.00000000004
 72
     1
 10
19024.4633838498
 20
28789.00000000004
 11
18964.46338384978
 21
28729.00000000003
 72
     1
 10
18964.46338384978
 20
28729.00000000003
 11
18063.40603042691
 21
28729.00000000003
 72
     1
 10
18063.40603042691
 20
28729.00000000003
 11
18003.40603042689
 21
28789.00000000004
 72
     1
 10
18003.40603042689
 20
28789.00000000004
 11
16314.4633838498
 21
28789.00000000004
 72
     1
 10
16314.4633838498
 20
28789.00000000004
 11
16254.46338384979
 21
28729.00000000004
 72
     1
 10
16254.46338384979
 20
28729.00000000004
 11
15954.46338384978
 21
28729.00000000004
 72
     1
 10
15954.46338384978
 20
28729.00000000004
 11
15894.46338384978
 21
28789.00000000004
 72
     1
 10
15894.46338384978
 20
28789.00000000004
 11
14494.46338386735
 21
28789.00000000004
 72
     1
 10
14494.46338386735
 20
28789.00000000004
 11
14434.46338386734
 21
28729.00000000004
 72
     1
 10
14434.46338386734
 20
28729.00000000004
 11
14134.46338386734
 21
28729.00000000004
 72
     1
 10
14134.46338386734
 20
28729.00000000004
 11
14074.46338386734
 21
28789.00000000004
 72
     1
 10
14074.46338386734
 20
28789.00000000004
 11
12534.4633838849
 21
28789.00000000004
 72
     1
 10
12534.4633838849
 20
28789.00000000004
 11
12474.4633838849
 21
28729.00000000005
 72
     1
 10
12474.4633838849
 20
28729.00000000005
 11
12174.4633838849
 21
28729.00000000005
 72
     1
 10
12174.4633838849
 20
28729.00000000005
 11
12114.4633838849
 21
28789.00000000004
 72
     1
 10
12114.4633838849
 20
28789.00000000004
 11
10139.46338285362
 21
28789.00000000004
 72
     1
 10
10139.46338285362
 20
28789.00000000004
 11
10039.46338285363
 21
28689.00000000005
 72
     1
 10
10039.46338285363
 20
28689.00000000005
 11
10039.46338285363
 21
28589.00000000004
 72
     1
 10
10039.46338285363
 20
28589.00000000004
 11
27141.86125171529
 21
28588.99999999998
 72
     1
 10
27141.86125171529
 20
28588.99999999998
 11
27849.4633820872
 21
28588.99999999998
 97
        0
 75
     0
 76
     2
 52
0.0
 41
1.0
 77
     0
 78
     6
 53
0.0
 43
17970.973
 44
19353.85
 45
317.5
 46
317.5
 79
     2
 49
317.5
 49
-317.5
 53
0.0
 43
17970.973
 44
19472.912
 45
317.5
 46
317.5
 79
     2
 49
317.5
 49
-317.5
 53
0.0
 43
17970.973
 44
19591.975
 45
317.5
 46
317.5
 79
     2
 49
317.5
 49
-317.5
 53
90.0
 43
18010.66
 44
19631.662
 45
-317.5
 46
317.5
 79
     2
 49
317.5
 49
-317.5
 53
90.0
 43
18129.723
 44
19631.662
 45
-317.5
 46
317.5
 79
     2
 49
317.5
 49
-317.5
 53
90.0
 43
18248.785
 44
19631.662
 45
-317.5
 46
317.5
 79
     2
 49
317.5
 49
-317.5
 98
        1
 10
0.0
 20
0.0
1001
REVIT
1002
{
1070
     1
1000
2392358
1002
}
1002
{
1070
     5
1000
1616962
1002
}
1002
{
1070
     2
1000
-2002000
1002
}
  0
LINE
  5
852
330
70
100
AcDbEntity
  8
A-DETL-MEDM
100
AcDbLine
 10
10039.46338285364
 20
28689.00000000004
 30
0.0
 11
10039.46338285364
 21
28589.00000000004
 31
0.0
1001
REVIT
1002
{
1070
     1
1000
2392358
1002
}
1002
{
1070
     5
1000
1616962
1002
}
1002
{
1070
     2
1000
-2000051
1002
}
1002
{
1070
     3
1000
-2000043
1002
}
  0
LINE
  5
853
330
70
100
AcDbEntity
  8
A-DETL-MEDM
100
AcDbLine
 10
27849.46338208718
 20
28588.99999999997
 30
0.0
 11
27849.46338208718
 21
28689.00000000002
 31
0.0
1001
REVIT
1002
{
1070
     1
1000
2392358
1002
}
1002
{
1070
     5
1000
1616962
1002
}
1002
{
1070
     2
1000
-2000051
1002
}
1002
{
1070
     3
1000
-2000043
1002
}
  0
LINE
  5
854
330
70
100
AcDbEntity
  8
A-DETL
100
AcDbLine
 10
27849.46338208718
 20
28689.00000000002
 30
0.0
 11
27749.46338208717
 21
28789.00000000003
 31
0.0
1001
REVIT
1002
{
1070
     1
1000
2392358
1002
}
1002
{
1070
     5
1000
1616962
1002
}
1002
{
1070
     2
1000
-2000051
1002
}
1002
{
1070
     3
1000
1933725
1002
}
  0
LINE
  5
855
330
70
100
AcDbEntity
  8
A-DETL-MEDM
100
AcDbLine
 10
27749.46338208717
 20
28789.00000000003
 30
0.0
 11
24449.46338208717
 21
28789.00000000003
 31
0.0
1001
REVIT
1002
{
1070
     1
1000
2392358
1002
}
1002
{
1070
     5
1000
1616962
1002
}
1002
{
1070
     2
1000
-2000051
1002
}
1002
{
1070
     3
1000
-2000043
1002
}
  0
LINE
  5
856
330
70
100
AcDbEntity
  8
A-DETL
100
AcDbLine
 10
24449.46338208717
 20
28789.00000000003
 30
0.0
 11
24389.46338208714
 21
28729.0
 31
0.0
1001
REVIT
1002
{
1070
     1
1000
2392358
1002
}
1002
{
1070
     5
1000
1616962
1002
}
1002
{
1070
     2
1000
-2000051
1002
}
1002
{
1070
     3
1000
1933725
1002
}
  0
LINE
  5
857
330
70
100
AcDbEntity
  8
A-DETL
100
AcDbLine
 10
24389.46338208714
 20
28729.0
 30
0.0
 11
23939.46338208714
 21
28729.0
 31
0.0
1001
REVIT
1002
{
1070
     1
1000
2392358
1002
}
1002
{
1070
     5
1000
1616962
1002
}
1002
{
1070
     2
1000
-2000051
1002
}
1002
{
1070
     3
1000
1933725
1002
}
  0
LINE
  5
858
330
70
100
AcDbEntity
  8
A-DETL
100
AcDbLine
 10
23939.46338208714
 20
28729.0
 30
0.0
 11
23879.4633820871
 21
28789.00000000003
 31
0.0
1001
REVIT
1002
{
1070
     1
1000
2392358
1002
}
1002
{
1070
     5
1000
1616962
1002
}
1002
{
1070
     2
1000
-2000051
1002
}
1002
{
1070
     3
1000
1933725
1002
}
  0
LINE
  5
859
330
70
100
AcDbEntity
  8
A-DETL-MEDM
100
AcDbLine
 10
23879.4633820871
 20
28789.00000000003
 30
0.0
 11
19024.4633838498
 21
28789.00000000003
 31
0.0
1001
REVIT
1002
{
1070
     1
1000
2392358
1002
}
1002
{
1070
     5
1000
1616962
1002
}
1002
{
1070
     2
1000
-2000051
1002
}
1002
{
1070
     3
1000
-2000043
1002
}
  0
LINE
  5
85A
330
70
100
AcDbEntity
  8
A-DETL
100
AcDbLine
 10
19024.4633838498
 20
28789.00000000003
 30
0.0
 11
18964.46338384978
 21
28729.00000000002
 31
0.0
1001
REVIT
1002
{
1070
     1
1000
2392358
1002
}
1002
{
1070
     5
1000
1616962
1002
}
1002
{
1070
     2
1000
-2000051
1002
}
1002
{
1070
     3
1000
1933725
1002
}
  0
LINE
  5
85B
330
70
100
AcDbEntity
  8
A-DETL
100
AcDbLine
 10
18964.46338384978
 20
28729.00000000002
 30
0.0
 11
18063.40603042691
 21
28729.00000000002
 31
0.0
1001
REVIT
1002
{
1070
     1
1000
2392358
1002
}
1002
{
1070
     5
1000
1616962
1002
}
1002
{
1070
     2
1000
-2000051
1002
}
1002
{
1070
     3
1000
1933725
1002
}
  0
LINE
  5
85C
330
70
100
AcDbEntity
  8
A-DETL
100
AcDbLine
 10
18063.40603042691
 20
28729.00000000002
 30
0.0
 11
18003.40603042689
 21
28789.00000000003
 31
0.0
1001
REVIT
1002
{
1070
     1
1000
2392358
1002
}
1002
{
1070
     5
1000
1616962
1002
}
1002
{
1070
     2
1000
-2000051
1002
}
1002
{
1070
     3
1000
1933725
1002
}
  0
LINE
  5
85D
330
70
100
AcDbEntity
  8
A-DETL-MEDM
100
AcDbLine
 10
18003.40603042689
 20
28789.00000000003
 30
0.0
 11
16314.4633838498
 21
28789.00000000003
 31
0.0
1001
REVIT
1002
{
1070
     1
1000
2392358
1002
}
1002
{
1070
     5
1000
1616962
1002
}
1002
{
1070
     2
1000
-2000051
1002
}
1002
{
1070
     3
1000
-2000043
1002
}
  0
LINE
  5
85E
330
70
100
AcDbEntity
  8
A-DETL
100
AcDbLine
 10
16314.4633838498
 20
28789.00000000003
 30
0.0
 11
16254.46338384979
 21
28729.00000000002
 31
0.0
1001
REVIT
1002
{
1070
     1
1000
2392358
1002
}
1002
{
1070
     5
1000
1616962
1002
}
1002
{
1070
     2
1000
-2000051
1002
}
1002
{
1070
     3
1000
1933725
1002
}
  0
LINE
  5
85F
330
70
100
AcDbEntity
  8
A-DETL
100
AcDbLine
 10
16254.46338384979
 20
28729.00000000002
 30
0.0
 11
15954.46338384979
 21
28729.00000000002
 31
0.0
1001
REVIT
1002
{
1070
     1
1000
2392358
1002
}
1002
{
1070
     5
1000
1616962
1002
}
1002
{
1070
     2
1000
-2000051
1002
}
1002
{
1070
     3
1000
1933725
1002
}
  0
LINE
  5
860
330
70
100
AcDbEntity
  8
A-DETL
100
AcDbLine
 10
15954.46338384979
 20
28729.00000000002
 30
0.0
 11
15894.46338384978
 21
28789.00000000003
 31
0.0
1001
REVIT
1002
{
1070
     1
1000
2392358
1002
}
1002
{
1070
     5
1000
1616962
1002
}
1002
{
1070
     2
1000
-2000051
1002
}
1002
{
1070
     3
1000
1933725
1002
}
  0
LINE
  5
861
330
70
100
AcDbEntity
  8
A-DETL-MEDM
100
AcDbLine
 10
15894.46338384978
 20
28789.00000000003
 30
0.0
 11
14494.46338386735
 21
28789.00000000003
 31
0.0
1001
REVIT
1002
{
1070
     1
1000
2392358
1002
}
1002
{
1070
     5
1000
1616962
1002
}
1002
{
1070
     2
1000
-2000051
1002
}
1002
{
1070
     3
1000
-2000043
1002
}
  0
LINE
  5
862
330
70
100
AcDbEntity
  8
A-DETL
100
AcDbLine
 10
14494.46338386735
 20
28789.00000000003
 30
0.0
 11
14434.46338386735
 21
28729.00000000003
 31
0.0
1001
REVIT
1002
{
1070
     1
1000
2392358
1002
}
1002
{
1070
     5
1000
1616962
1002
}
1002
{
1070
     2
1000
-2000051
1002
}
1002
{
1070
     3
1000
1933725
1002
}
  0
LINE
  5
863
330
70
100
AcDbEntity
  8
A-DETL
100
AcDbLine
 10
14434.46338386735
 20
28729.00000000003
 30
0.0
 11
14134.46338386735
 21
28729.00000000003
 31
0.0
1001
REVIT
1002
{
1070
     1
1000
2392358
1002
}
1002
{
1070
     5
1000
1616962
1002
}
1002
{
1070
     2
1000
-2000051
1002
}
1002
{
1070
     3
1000
1933725
1002
}
  0
LINE
  5
864
330
70
100
AcDbEntity
  8
A-DETL
100
AcDbLine
 10
14134.46338386735
 20
28729.00000000003
 30
0.0
 11
14074.46338386734
 21
28789.00000000003
 31
0.0
1001
REVIT
1002
{
1070
     1
1000
2392358
1002
}
1002
{
1070
     5
1000
1616962
1002
}
1002
{
1070
     2
1000
-2000051
1002
}
1002
{
1070
     3
1000
1933725
1002
}
  0
LINE
  5
865
330
70
100
AcDbEntity
  8
A-DETL-MEDM
100
AcDbLine
 10
14074.46338386734
 20
28789.00000000003
 30
0.0
 11
12534.46338388491
 21
28789.00000000003
 31
0.0
1001
REVIT
1002
{
1070
     1
1000
2392358
1002
}
1002
{
1070
     5
1000
1616962
1002
}
1002
{
1070
     2
1000
-2000051
1002
}
1002
{
1070
     3
1000
-2000043
1002
}
  0
LINE
  5
866
330
70
100
AcDbEntity
  8
A-DETL
100
AcDbLine
 10
12534.46338388491
 20
28789.00000000003
 30
0.0
 11
12474.46338388491
 21
28729.00000000004
 31
0.0
1001
REVIT
1002
{
1070
     1
1000
2392358
1002
}
1002
{
1070
     5
1000
1616962
1002
}
1002
{
1070
     2
1000
-2000051
1002
}
1002
{
1070
     3
1000
1933725
1002
}
  0
LINE
  5
867
330
70
100
AcDbEntity
  8
A-DETL
100
AcDbLine
 10
12474.46338388491
 20
28729.00000000004
 30
0.0
 11
12174.4633838849
 21
28729.00000000004
 31
0.0
1001
REVIT
1002
{
1070
     1
1000
2392358
1002
}
1002
{
1070
     5
1000
1616962
1002
}
1002
{
1070
     2
1000
-2000051
1002
}
1002
{
1070
     3
1000
1933725
1002
}
  0
LINE
  5
868
330
70
100
AcDbEntity
  8
A-DETL
100
AcDbLine
 10
12174.4633838849
 20
28729.00000000004
 30
0.0
 11
12114.46338388491
 21
28789.00000000003
 31
0.0
1001
REVIT
1002
{
1070
     1
1000
2392358
1002
}
1002
{
1070
     5
1000
1616962
1002
}
1002
{
1070
     2
1000
-2000051
1002
}
1002
{
1070
     3
1000
1933725
1002
}
  0
LINE
  5
869
330
70
100
AcDbEntity
  8
A-DETL-MEDM
100
AcDbLine
 10
12114.46338388491
 20
28789.00000000003
 30
0.0
 11
10139.46338285363
 21
28789.00000000003
 31
0.0
1001
REVIT
1002
{
1070
     1
1000
2392358
1002
}
1002
{
1070
     5
1000
1616962
1002
}
1002
{
1070
     2
1000
-2000051
1002
}
1002
{
1070
     3
1000
-2000043
1002
}
  0
LINE
  5
86A
330
70
100
AcDbEntity
  8
A-DETL
100
AcDbLine
 10
10139.46338285363
 20
28789.00000000003
 30
0.0
 11
10039.46338285364
 21
28689.00000000004
 31
0.0
1001
REVIT
1002
{
1070
     1
1000
2392358
1002
}
1002
{
1070
     5
1000
1616962
1002
}
1002
{
1070
     2
1000
-2000051
1002
}
1002
{
1070
     3
1000
1933725
1002
}
  0
HATCH
  5
872
330
70
100
AcDbEntity
  8
A-DETL-GENF
 62
     7
100
AcDbHatch
 10
0.0
 20
0.0
 30
0.0
210
0.0
220
0.0
230
1.0
  2
FP_15
 70
     0
 71
     0
 91
        1
 92
        1
 93
        7
 72
     1
 10
16566.54478401502
 20
35254.00000000002
 11
16819.46338425165
 21
35254.00000000002
 72
     1
 10
16819.46338425165
 20
35254.00000000002
 11
16819.46338425165
 21
35540.00000000002
 72
     1
 10
16819.46338425165
 20
35540.00000000002
 11
10333.46338455286
 21
35540.00000000002
 72
     1
 10
10333.46338455286
 20
35540.00000000002
 11
10333.46338455286
 21
35340.00000000002
 72
     1
 10
10333.46338455286
 20
35340.00000000002
 11
16339.46338425164
 21
35340.00000000002
 72
     1
 10
16339.46338425164
 20
35340.00000000002
 11
16425.46338425164
 21
35254.00000000002
 72
     1
 10
16425.46338425164
 20
35254.00000000002
 11
16566.54478401502
 21
35254.00000000002
 97
        0
 75
     0
 76
     2
 52
0.0
 41
1.0
 77
     0
 78
    17
 53
49.99999999999999
 43
17970.973
 44
19353.85
 45
728.73650110752
 46
-63.75582262483607
 79
     2
 49
76.2
 49
-838.2
 53
355.0
 43
17970.973
 44
19353.85
 45
-140.9716152248045
 46
764.2276025857151
 79
     2
 49
60.96
 49
-670.56
 53
100.451
 43
18031.701
 44
19348.537
 45
587.770006663837
 46
700.4667512811675
 79
     2
 49
64.76
 49
-712.36
 53
46.184
 43
17970.973
 44
19557.05
 45
1084.316239662759
 46
-168.1709612287867
 79
     2
 49
114.3
 49
-1257.3
 53
96.636
 43
18061.333
 44
19543.036
 45
949.6099128555585
 46
989.7098464133105
 79
     2
 49
97.14
 49
-1068.54
 53
351.184
 43
17970.973
 44
19557.05
 45
949.620552888774
 46
989.7011531044203
 79
     2
 49
91.44
 49
-1005.84
 53
21.0
 43
18072.573
 44
19506.25
 45
606.4578690252075
 46
-409.0605652741465
 79
     2
 49
76.2
 49
-838.2
 53
325.9999999999999
 43
18072.573
 44
19506.25
 45
247.208340968463
 46
736.752917204011
 79
     2
 49
60.96
 49
-670.56
 53
71.45100000000001
 43
18123.111
 44
19472.162
 45
853.6682507774542
 46
327.6854711435369
 79
     2
 49
64.76
 49
-712.36
 53
37.5
 43
17970.973
 44
19353.85
 45
12.35469342532113
 46
338.2201185742302
 79
     5
 49
33.528
 49
-628.904
 49
33.528
 49
-647.192
 49
-673.1
 53
37.5
 43
17970.973
 44
19353.85
 45
12.35469342532113
 46
338.2201185742302
 79
     3
 49
-1343.152
 49
33.528
 49
-639.572
 53
7.5
 43
17970.973
 44
19353.85
 45
267.2788744354337
 46
400.7221270887442
 79
     5
 49
33.528
 49
-354.584
 49
33.528
 49
-613.664
 49
-256.54
 53
7.5
 43
17970.973
 44
19353.85
 45
267.2788744354337
 46
400.7221270887442
 79
     3
 49
-1035.304
 49
33.528
 49
-223.012
 53
327.5
 43
17744.405
 44
19353.85
 45
542.363331518853
 46
-22.91534459201296
 79
     4
 49
33.528
 49
-220.472
 49
33.528
 49
-1810.512
 53
327.5
 43
17744.405
 44
19353.85
 45
542.363331518853
 46
-22.91534459201296
 79
     4
 49
-287.528
 49
-758.952
 49
33.528
 49
-1018.032
 53
317.5
 43
17642.805
 44
19353.85
 45
592.5169587678777
 46
101.7071067647936
 79
     5
 49
33.528
 49
-296.672
 49
33.528
 49
-492.76
 49
-746.76
 53
317.5
 43
17642.805
 44
19353.85
 45
592.5169587678777
 46
101.7071067647936
 79
     3
 49
-856.488
 49
33.528
 49
-713.232
 98
        1
 10
0.0
 20
0.0
1001
REVIT
1002
{
1070
     1
1000
2396665
1002
}
1002
{
1070
     5
1000
1936996
1002
}
1002
{
1070
     2
1000
-2002000
1002
}
  0
LINE
  5
873
330
70
100
AcDbEntity
  8
A-DETL-THIN
100
AcDbLine
 10
16819.46338425165
 20
35540.0
 30
0.0
 11
10333.46338455287
 21
35540.0
 31
0.0
1001
REVIT
1002
{
1070
     1
1000
2396665
1002
}
1002
{
1070
     5
1000
1936996
1002
}
1002
{
1070
     2
1000
-2000051
1002
}
1002
{
1070
     3
1000
-2000042
1002
}
  0
LINE
  5
874
330
70
100
AcDbEntity
  8
A-DETL-THIN
100
AcDbLine
 10
10333.46338455287
 20
35540.0
 30
0.0
 11
10333.46338455287
 21
35454.0
 31
0.0
1001
REVIT
1002
{
1070
     1
1000
2396665
1002
}
1002
{
1070
     5
1000
1936996
1002
}
1002
{
1070
     2
1000
-2000051
1002
}
1002
{
1070
     3
1000
-2000042
1002
}
  0
LINE
  5
875
330
70
100
AcDbEntity
  8
A-DETL-THIN
100
AcDbLine
 10
10333.46338455287
 20
35340.00000000001
 30
0.0
 11
16339.46338425164
 21
35340.00000000001
 31
0.0
1001
REVIT
1002
{
1070
     1
1000
2396665
1002
}
1002
{
1070
     5
1000
1936996
1002
}
1002
{
1070
     2
1000
-2000051
1002
}
1002
{
1070
     3
1000
-2000042
1002
}
  0
LINE
  5
876
330
70
100
AcDbEntity
  8
A-DETL
100
AcDbLine
 10
16339.46338425164
 20
35340.00000000001
 30
0.0
 11
16425.46338425164
 21
35254.0
 31
0.0
1001
REVIT
1002
{
1070
     1
1000
2396665
1002
}
1002
{
1070
     5
1000
1936996
1002
}
1002
{
1070
     2
1000
-2000051
1002
}
1002
{
1070
     3
1000
1933725
1002
}
  0
LINE
  5
877
330
70
100
AcDbEntity
  8
A-DETL
100
AcDbLine
 10
16425.46338425164
 20
35254.0
 30
0.0
 11
16819.46338425165
 21
35254.0
 31
0.0
1001
REVIT
1002
{
1070
     1
1000
2396665
1002
}
1002
{
1070
     5
1000
1936996
1002
}
1002
{
1070
     2
1000
-2000051
1002
}
1002
{
1070
     3
1000
1933725
1002
}
  0
LINE
  5
878
330
70
100
AcDbEntity
  8
A-DETL-THIN
100
AcDbLine
 10
16819.46338425165
 20
35254.0
 30
0.0
 11
16819.46338425165
 21
35540.0
 31
0.0
1001
REVIT
1002
{
1070
     1
1000
2396665
1002
}
1002
{
1070
     5
1000
1936996
1002
}
1002
{
1070
     2
1000
-2000051
1002
}
1002
{
1070
     3
1000
-2000042
1002
}
  0
LINE
  5
879
330
70
100
AcDbEntity
  8
A-DETL-THIN
100
AcDbLine
 10
8539.463382853652
 20
31890.00000000001
 30
0.0
 11
8539.463382853632
 21
28090.0
 31
0.0
1001
REVIT
1002
{
1070
     1
1000
2312583
1002
}
1002
{
1070
     5
1000
2388960
1002
}
1002
{
1070
     2
1000
-2000051
1002
}
1002
{
1070
     3
1000
-2000042
1002
}
  0
LINE
  5
87A
330
70
100
AcDbEntity
  8
A-DETL-THIN
100
AcDbLine
 10
8539.463382853632
 20
28090.0
 30
0.0
 11
8989.463382853632
 21
28090.0
 31
0.0
1001
REVIT
1002
{
1070
     1
1000
2312583
1002
}
1002
{
1070
     5
1000
2388960
1002
}
1002
{
1070
     2
1000
-2000051
1002
}
1002
{
1070
     3
1000
-2000042
1002
}
  0
LINE
  5
87B
330
70
100
AcDbEntity
  8
A-DETL-THIN
100
AcDbLine
 10
8989.463382853632
 20
28090.0
 30
0.0
 11
8989.463382853652
 21
31890.0
 31
0.0
1001
REVIT
1002
{
1070
     1
1000
2312583
1002
}
1002
{
1070
     5
1000
2388960
1002
}
1002
{
1070
     2
1000
-2000051
1002
}
1002
{
1070
     3
1000
-2000042
1002
}
  0
LINE
  5
87C
330
70
100
AcDbEntity
  8
A-DETL-THIN
100
AcDbLine
 10
8989.463382853652
 20
31890.0
 30
0.0
 11
8539.463382853652
 21
31890.00000000001
 31
0.0
1001
REVIT
1002
{
1070
     1
1000
2312583
1002
}
1002
{
1070
     5
1000
2388960
1002
}
1002
{
1070
     2
1000
-2000051
1002
}
1002
{
1070
     3
1000
-2000042
1002
}
  0
HATCH
  5
881
330
70
100
AcDbEntity
  8
A-DETL-GENF
 62
     7
100
AcDbHatch
 10
0.0
 20
0.0
 30
0.0
210
0.0
220
0.0
230
1.0
  2
FP_3
 70
     0
 71
     0
 91
        1
 92
        1
 93
        4
 72
     1
 10
20629.46338386736
 20
35409.07636305741
 11
20629.46338386736
 21
36590.00000000002
 72
     1
 10
20629.46338386736
 20
36590.00000000002
 11
20439.3892745467
 21
36590.00000000002
 72
     1
 10
20439.3892745467
 20
36590.00000000002
 11
20439.3892745467
 21
35409.07636305741
 72
     1
 10
20439.3892745467
 20
35409.07636305741
 11
20629.46338386736
 21
35409.07636305741
 97
        0
 75
     0
 76
     2
 52
0.0
 41
1.0
 77
     0
 78
    17
 53
49.99999999999999
 43
17970.973
 44
19353.85
 45
582.9890969798607
 46
-51.00509307516802
 79
     2
 49
60.96
 49
-670.56
 53
355.0
 43
17970.973
 44
19353.85
 45
-112.7767293253219
 46
611.3816312972472
 79
     2
 49
48.768
 49
-536.448
 53
100.451
 43
18019.555
 44
19349.6
 45
470.2160778888968
 46
560.3730076607749
 79
     2
 49
51.808
 49
-569.888
 53
46.184
 43
17970.973
 44
19516.41
 45
867.4527089478838
 46
-134.5367748274727
 79
     2
 49
91.44
 49
-1005.84
 53
96.636
 43
18043.261
 44
19505.199
 45
759.6879071721903
 46
791.7680757907189
 79
     2
 49
77.712
 49
-854.832
 53
351.184
 43
17970.973
 44
19516.41
 45
759.6960163844116
 46
791.7607861511301
 79
     2
 49
73.152
 49
-804.672
 53
21.0
 43
18052.253
 44
19475.77
 45
485.1659934615853
 46
-327.2487822825823
 79
     2
 49
60.96
 49
-670.56
 53
325.9999999999999
 43
18052.253
 44
19475.77
 45
197.7669465201526
 46
589.4016666324376
 79
     2
 49
48.768
 49
-536.448
 53
71.45100000000001
 43
18092.683
 44
19448.499
 45
682.9344733757403
 46
262.1479976940511
 79
     2
 49
51.808
 49
-569.888
 53
37.5
 43
17970.973
 44
19353.85
 45
9.883035223681148
 46
270.5760469438628
 79
     5
 49
26.822
 49
-503.123
 49
26.822
 49
-517.754
 49
-538.48
 53
37.5
 43
17970.973
 44
19353.85
 45
9.883035223681148
 46
270.5760469438628
 79
     3
 49
-1074.522
 49
26.822
 49
-511.658
 53
7.5
 43
17970.973
 44
19353.85
 45
213.8224524709532
 46
320.5780199332246
 79
     5
 49
26.822
 49
-283.667
 49
26.822
 49
-490.931
 49
-205.232
 53
7.5
 43
17970.973
 44
19353.85
 45
213.8224524709532
 46
320.5780199332246
 79
     3
 49
-828.243
 49
26.822
 49
-178.41
 53
327.5
 43
17789.719
 44
19353.85
 45
433.8910025716608
 46
-18.33249059345368
 79
     5
 49
26.822
 49
-176.378
 49
26.822
 49
-607.1619999999999
 49
-841.248
 53
327.5
 43
17789.719
 44
19353.85
 45
433.8910025716608
 46
-18.33249059345368
 79
     3
 49
-837.184
 49
26.822
 49
-814.426
 53
317.5
 43
17708.439
 44
19353.85
 45
474.0138619252369
 46
81.36541517575179
 79
     5
 49
26.822
 49
-237.338
 49
26.822
 49
-394.208
 49
-597.408
 53
317.5
 43
17708.439
 44
19353.85
 45
474.0138619252369
 46
81.36541517575179
 79
     3
 49
-685.19
 49
26.822
 49
-570.586
 98
        1
 10
0.0
 20
0.0
1001
REVIT
1002
{
1070
     1
1000
2397033
1002
}
1002
{
1070
     5
1000
1607638
1002
}
1002
{
1070
     2
1000
-2002000
1002
}
  0
LINE
  5
882
330
70
100
AcDbEntity
  8
A-DETL
100
AcDbLine
 10
20629.46338386735
 20
35409.07636305739
 30
0.0
 11
20629.46338386735
 21
36590.0
 31
0.0
1001
REVIT
1002
{
1070
     1
1000
2397033
1002
}
1002
{
1070
     5
1000
1607638
1002
}
1002
{
1070
     2
1000
-2000051
1002
}
1002
{
1070
     3
1000
1933725
1002
}
  0
LINE
  5
883
330
70
100
AcDbEntity
  8
A-DETL
100
AcDbLine
 10
20629.46338386735
 20
36590.0
 30
0.0
 11
20439.3892745467
 21
36590.0
 31
0.0
1001
REVIT
1002
{
1070
     1
1000
2397033
1002
}
1002
{
1070
     5
1000
1607638
1002
}
1002
{
1070
     2
1000
-2000051
1002
}
1002
{
1070
     3
1000
1933725
1002
}
  0
LINE
  5
884
330
70
100
AcDbEntity
  8
A-DETL
100
AcDbLine
 10
20439.3892745467
 20
36590.0
 30
0.0
 11
20439.3892745467
 21
35409.07636305739
 31
0.0
1001
REVIT
1002
{
1070
     1
1000
2397033
1002
}
1002
{
1070
     5
1000
1607638
1002
}
1002
{
1070
     2
1000
-2000051
1002
}
1002
{
1070
     3
1000
1933725
1002
}
  0
LINE
  5
885
330
70
100
AcDbEntity
  8
A-DETL-THIN
100
AcDbLine
 10
20729.46338386737
 20
35926.39694272416
 30
0.0
 11
20729.46338386737
 21
35190.0
 31
0.0
1001
REVIT
1002
{
1070
     1
1000
2342209
1002
}
1002
{
1070
     2
1000
-2000051
1002
}
1002
{
1070
     3
1000
-2000042
1002
}
  0
LINE
  5
886
330
70
100
AcDbEntity
  8
A-DETL-THIN
100
AcDbLine
 10
20629.46338386735
 20
35926.39694272416
 30
0.0
 11
20629.46338386735
 21
35190.0
 31
0.0
1001
REVIT
1002
{
1070
     1
1000
2342254
1002
}
1002
{
1070
     2
1000
-2000051
1002
}
1002
{
1070
     3
1000
-2000042
1002
}
  0
MTEXT
  5
889
330
70
100
AcDbEntity
  8
A-FLOR-LEVL
100
AcDbMText
 10
4613.685760810165
 20
33111.39910834364
 30
0.0
 40
199.9999999999998
 41
3920.251874999996
 46
0.0
 71
     1
 72
     1
  1
GROUND FLOOR LEVEL RL
  7
ISOCPEUR
 73
     2
 44
1.0
 90
        3
 63
     9
421
 13158600
 45
1.25
441
        0
1001
REVIT
1002
{
1070
     1
1000
694
1002
}
1002
{
1070
     5
1000
787266
1002
}
1002
{
1070
     2
1000
-2006020
1002
}
  0
MTEXT
  5
88A
330
70
100
AcDbEntity
  8
A-FLOR-LEVL
100
AcDbMText
 10
4613.685760810165
 20
32727.39910834364
 30
0.0
 40
199.9999999999998
 41
905.9068749999992
 46
0.0
 71
     1
 72
     1
  1
32340
  7
ISOCPEUR
 73
     2
 44
1.0
 90
        3
 63
     9
421
 13158600
 45
1.25
441
        0
1001
REVIT
1002
{
1070
     1
1000
694
1002
}
1002
{
1070
     5
1000
787266
1002
}
1002
{
1070
     2
1000
-2006020
1002
}
  0
LINE
  5
88C
330
70
100
AcDbEntity
  8
A-FLOR-LEVL
  6
Centre
100
AcDbLine
 10
4188.893786540705
 20
32340.00000000001
 30
0.0
 11
32125.68439220776
 21
32340.00000000001
 31
0.0
1001
REVIT
1002
{
1070
     1
1000
694
1002
}
1002
{
1070
     5
1000
787266
1002
}
1002
{
1070
     2
1000
-2000240
1002
}
  0
MTEXT
  5
88D
330
70
100
AcDbEntity
  8
A-FLOR-LEVL
100
AcDbMText
 10
4613.685760810165
 20
34963.75188124804
 30
0.0
 40
199.9999999999998
 41
4168.774999999995
 46
0.0
 71
     1
 72
     1
  1
G/FLOOR CEILING LEVEL RL
  7
ISOCPEUR
 73
     2
 44
1.0
 90
        3
 63
     9
421
 13158600
 45
1.25
441
        0
1001
REVIT
1002
{
1070
     1
1000
310295
1002
}
1002
{
1070
     5
1000
787246
1002
}
1002
{
1070
     2
1000
-2006020
1002
}
  0
MTEXT
  5
88E
330
70
100
AcDbEntity
  8
A-FLOR-LEVL
100
AcDbMText
 10
4613.685760810165
 20
34579.75188124804
 30
0.0
 40
199.9999999999998
 41
881.8562499999989
 46
0.0
 71
     1
 72
     1
  1
35090
  7
ISOCPEUR
 73
     2
 44
1.0
 90
        3
 63
     9
421
 13158600
 45
1.25
441
        0
1001
REVIT
1002
{
1070
     1
1000
310295
1002
}
1002
{
1070
     5
1000
787246
1002
}
1002
{
1070
     2
1000
-2006020
1002
}
  0
LINE
  5
88F
330
70
100
AcDbEntity
  8
A-FLOR-LEVL
  6
Centre
100
AcDbLine
 10
4188.893786540705
 20
35090.0
 30
0.0
 11
32125.68439220776
 21
35090.0
 31
0.0
1001
REVIT
1002
{
1070
     1
1000
310295
1002
}
1002
{
1070
     5
1000
787246
1002
}
1002
{
1070
     2
1000
-2000240
1002
}
  0
MTEXT
  5
890
330
70
100
AcDbEntity
  8
A-FLOR-LEVL
100
AcDbMText
 10
4613.685760810165
 20
36311.39910834364
 30
0.0
 40
199.9999999999998
 41
3567.509374999996
 46
0.0
 71
     1
 72
     1
  1
FIRST FLOOR LEVEL RL
  7
ISOCPEUR
 73
     2
 44
1.0
 90
        3
 63
     9
421
 13158600
 45
1.25
441
        0
1001
REVIT
1002
{
1070
     1
1000
835393
1002
}
1002
{
1070
     5
1000
787266
1002
}
1002
{
1070
     2
1000
-2006020
1002
}
  0
MTEXT
  5
891
330
70
100
AcDbEntity
  8
A-FLOR-LEVL
100
AcDbMText
 10
4613.685760810165
 20
35927.39910834364
 30
0.0
 40
199.9999999999998
 41
905.9068749999992
 46
0.0
 71
     1
 72
     1
  1
35540
  7
ISOCPEUR
 73
     2
 44
1.0
 90
        3
 63
     9
421
 13158600
 45
1.25
441
        0
1001
REVIT
1002
{
1070
     1
1000
835393
1002
}
1002
{
1070
     5
1000
787266
1002
}
1002
{
1070
     2
1000
-2006020
1002
}
  0
LINE
  5
892
330
70
100
AcDbEntity
  8
A-FLOR-LEVL
  6
Centre
100
AcDbLine
 10
4188.893786540705
 20
35540.0
 30
0.0
 11
32125.68439220776
 21
35540.0
 31
0.0
1001
REVIT
1002
{
1070
     1
1000
835393
1002
}
1002
{
1070
     5
1000
787266
1002
}
1002
{
1070
     2
1000
-2000240
1002
}
  0
MTEXT
  5
893
330
70
100
AcDbEntity
  8
A-FLOR-LEVL
100
AcDbMText
 10
4613.685760810165
 20
38013.75188124804
 30
0.0
 40
199.9999999999998
 41
4144.724374999995
 46
0.0
 71
     1
 72
     1
  1
F/FLOOR CEILING LEVEL RL
  7
ISOCPEUR
 73
     2
 44
1.0
 90
        3
 63
     9
421
 13158600
 45
1.25
441
        0
1001
REVIT
1002
{
1070
     1
1000
1252310
1002
}
1002
{
1070
     5
1000
787246
1002
}
1002
{
1070
     2
1000
-2006020
1002
}
  0
MTEXT
  5
894
330
70
100
AcDbEntity
  8
A-FLOR-LEVL
100
AcDbMText
 10
4613.685760810165
 20
37629.75188124804
 30
0.0
 40
199.9999999999998
 41
849.7887499999993
 46
0.0
 71
     1
 72
     1
  1
38140
  7
ISOCPEUR
 73
     2
 44
1.0
 90
        3
 63
     9
421
 13158600
 45
1.25
441
        0
1001
REVIT
1002
{
1070
     1
1000
1252310
1002
}
1002
{
1070
     5
1000
787246
1002
}
1002
{
1070
     2
1000
-2006020
1002
}
  0
LINE
  5
895
330
70
100
AcDbEntity
  8
A-FLOR-LEVL
  6
Centre
100
AcDbLine
 10
4188.893786540705
 20
38140.0
 30
0.0
 11
32125.68439220776
 21
38140.0
 31
0.0
1001
REVIT
1002
{
1070
     1
1000
1252310
1002
}
1002
{
1070
     5
1000
787246
1002
}
1002
{
1070
     2
1000
-2000240
1002
}
  0
MTEXT
  5
896
330
70
100
AcDbEntity
  8
A-FLOR-LEVL
100
AcDbMText
 10
4613.685760810165
 20
39741.38300201673
 30
0.0
 40
199.9999999999998
 41
3383.121249999996
 46
0.0
 71
     1
 72
     1
  1
FINISHED RIDGE LEVEL
  7
ISOCPEUR
 73
     2
 44
1.0
 90
        3
 63
     9
421
 13158600
 45
1.25
441
        0
1001
REVIT
1002
{
1070
     1
1000
1252451
1002
}
1002
{
1070
     5
1000
787266
1002
}
1002
{
1070
     2
1000
-2006020
1002
}
  0
MTEXT
  5
897
330
70
100
AcDbEntity
  8
A-FLOR-LEVL
100
AcDbMText
 10
4613.685760810165
 20
39357.38300201673
 30
0.0
 40
199.9999999999998
 41
881.8562499999989
 46
0.0
 71
     1
 72
     1
  1
38970
  7
ISOCPEUR
 73
     2
 44
1.0
 90
        3
 63
     9
421
 13158600
 45
1.25
441
        0
1001
REVIT
1002
{
1070
     1
1000
1252451
1002
}
1002
{
1070
     5
1000
787266
1002
}
1002
{
1070
     2
1000
-2006020
1002
}
  0
LINE
  5
898
330
70
100
AcDbEntity
  8
A-FLOR-LEVL
  6
Centre
100
AcDbLine
 10
4188.893786540705
 20
38969.9838936731
 30
0.0
 11
32125.68439220775
 21
38969.9838936731
 31
0.0
1001
REVIT
1002
{
1070
     1
1000
1252451
1002
}
1002
{
1070
     5
1000
787266
1002
}
1002
{
1070
     2
1000
-2000240
1002
}
  0
MTEXT
  5
899
330
70
100
AcDbEntity
  8
A-FLOR-LEVL
100
AcDbMText
 10
4613.685760810165
 20
31763.75188124804
 30
0.0
 40
199.9999999999998
 41
3888.184374999996
 46
0.0
 71
     1
 72
     1
  1
LOWER FLOOR CEILING RL
  7
ISOCPEUR
 73
     2
 44
1.0
 90
        3
 63
     9
421
 13158600
 45
1.25
441
        0
1001
REVIT
1002
{
1070
     1
1000
1421624
1002
}
1002
{
1070
     5
1000
787246
1002
}
1002
{
1070
     2
1000
-2006020
1002
}
  0
MTEXT
  5
89A
330
70
100
AcDbEntity
  8
A-FLOR-LEVL
100
AcDbMText
 10
4613.685760810165
 20
31379.75188124804
 30
0.0
 40
199.9999999999998
 41
825.7381249999991
 46
0.0
 71
     1
 72
     1
  1
31890
  7
ISOCPEUR
 73
     2
 44
1.0
 90
        3
 63
     9
421
 13158600
 45
1.25
441
        0
1001
REVIT
1002
{
1070
     1
1000
1421624
1002
}
1002
{
1070
     5
1000
787246
1002
}
1002
{
1070
     2
1000
-2006020
1002
}
  0
LINE
  5
89B
330
70
100
AcDbEntity
  8
A-FLOR-LEVL
  6
Centre
100
AcDbLine
 10
4188.893786540705
 20
31890.0
 30
0.0
 11
32125.68439220758
 21
31890.0
 31
0.0
1001
REVIT
1002
{
1070
     1
1000
1421624
1002
}
1002
{
1070
     5
1000
787246
1002
}
1002
{
1070
     2
1000
-2000240
1002
}
  0
MTEXT
  5
89C
330
70
100
AcDbEntity
  8
A-FLOR-LEVL
100
AcDbMText
 10
4613.685760810165
 20
29661.39910834364
 30
0.0
 40
199.9999999999998
 41
3743.880624999996
 46
0.0
 71
     1
 72
     1
  1
LOWER FLOOR LEVEL RL
  7
ISOCPEUR
 73
     2
 44
1.0
 90
        3
 63
     9
421
 13158600
 45
1.25
441
        0
1001
REVIT
1002
{
1070
     1
1000
1421755
1002
}
1002
{
1070
     5
1000
787266
1002
}
1002
{
1070
     2
1000
-2006020
1002
}
  0
MTEXT
  5
89D
330
70
100
AcDbEntity
  8
A-FLOR-LEVL
100
AcDbMText
 10
4613.685760810165
 20
29277.39910834364
 30
0.0
 40
199.9999999999998
 41
881.8562499999989
 46
0.0
 71
     1
 72
     1
  1
28890
  7
ISOCPEUR
 73
     2
 44
1.0
 90
        3
 63
     9
421
 13158600
 45
1.25
441
        0
1001
REVIT
1002
{
1070
     1
1000
1421755
1002
}
1002
{
1070
     5
1000
787266
1002
}
1002
{
1070
     2
1000
-2006020
1002
}
  0
LINE
  5
89E
330
70
100
AcDbEntity
  8
A-FLOR-LEVL
  6
Centre
100
AcDbLine
 10
4188.893786540705
 20
28890.0
 30
0.0
 11
32125.68439220758
 21
28890.0
 31
0.0
1001
REVIT
1002
{
1070
     1
1000
1421755
1002
}
1002
{
1070
     5
1000
787266
1002
}
1002
{
1070
     2
1000
-2000240
1002
}
  0
DIMENSION
  5
8B5
330
70
100
AcDbEntity
  8
A-ANNO-DIMS
100
AcDbDimension
280
     0
  2
DIMBLOCK1-SECTION C-C
 10
21003.06340501848
 20
35390.00000000002
 30
0.0
 11
21003.06340501849
 21
35465.0
 31
0.0
 70
    32
  1
<>\XHOB
 71
     5
 42
150.0
 73
     0
 74
     0
 75
     0
  3
1_5mm_Calibri_Orange
100
AcDbAlignedDimension
 13
20703.06340501847
 23
35540.0
 33
0.0
 14
20703.06340501847
 24
35390.0
 34
0.0
 50
89.99999999999991
100
AcDbRotatedDimension
1001
ACAD
1000
DSTYLE
1002
{
1070
    49
1040
150.0
1002
}
1001
REVIT
1002
{
1070
     1
1000
2178226
1002
}
1002
{
1070
     5
1000
2173208
1002
}
1002
{
1070
     2
1000
-2000260
1002
}
  0
LINE
  5
8C8
330
70
100
AcDbEntity
  8
G-ANNO-TEXT
 62
     7
100
AcDbLine
 10
20301.63710077912
 20
35513.62257445659
 30
0.0
 11
20556.50417603395
 21
35676.72587964058
 31
0.0
1001
REVIT
1002
{
1070
     1
1000
2178426
1002
}
1002
{
1070
     5
1000
2108266
1002
}
1002
{
1070
     2
1000
-2000300
1002
}
  0
LINE
  5
8C9
330
70
100
AcDbEntity
  8
G-ANNO-TEXT
 62
     7
100
AcDbLine
 10
20556.50417603395
 20
35676.72587964058
 30
0.0
 11
20505.60554933773
 21
35737.13272233244
 31
0.0
1001
REVIT
1002
{
1070
     1
1000
2178426
1002
}
1002
{
1070
     5
1000
2108266
1002
}
1002
{
1070
     2
1000
-2000300
1002
}
  0
LINE
  5
8CA
330
70
100
AcDbEntity
  8
G-ANNO-TEXT
 62
     7
100
AcDbLine
 10
20505.60554933773
 20
35737.13272233244
 30
0.0
 11
20301.63710077912
 21
35513.62257445659
 31
0.0
1001
REVIT
1002
{
1070
     1
1000
2178426
1002
}
1002
{
1070
     5
1000
2108266
1002
}
1002
{
1070
     2
1000
-2000300
1002
}
  0
HATCH
  5
8CB
330
70
100
AcDbEntity
  8
G-ANNO-TEXT
 62
     7
100
AcDbHatch
 10
0.0
 20
0.0
 30
0.0
210
0.0
220
0.0
230
1.0
  2
SOLID
 70
     1
 71
     0
 91
        1
 92
        1
 93
        3
 72
     1
 10
20301.63710077912
 20
35513.62257445659
 11
20556.50417603395
 21
35676.72587964058
 72
     1
 10
20556.50417603395
 20
35676.72587964058
 11
20505.60554933773
 21
35737.13272233244
 72
     1
 10
20505.60554933773
 20
35737.13272233244
 11
20301.63710077912
 21
35513.62257445659
 97
        0
 75
     0
 76
     1
 98
        1
 10
0.0
 20
0.0
1001
REVIT
1002
{
1070
     1
1000
2178426
1002
}
1002
{
1070
     5
1000
2108266
1002
}
1002
{
1070
     2
1000
-2000300
1002
}
  0
LINE
  5
8CC
330
70
100
AcDbEntity
  8
G-ANNO-TEXT
 62
     7
100
AcDbLine
 10
21520.41810158117
 20
36540.56383508007
 30
0.0
 11
22739.19910238323
 21
36540.56383508007
 31
0.0
1001
REVIT
1002
{
1070
     1
1000
2178426
1002
}
1002
{
1070
     5
1000
2108266
1002
}
1002
{
1070
     2
1000
-2000300
1002
}
  0
LINE
  5
8CD
330
70
100
AcDbEntity
  8
G-ANNO-TEXT
 62
     7
100
AcDbLine
 10
20301.63710077912
 20
35513.62257445659
 30
0.0
 11
21520.41810158117
 21
36540.56383508007
 31
0.0
1001
REVIT
1002
{
1070
     1
1000
2178426
1002
}
1002
{
1070
     5
1000
2108266
1002
}
1002
{
1070
     2
1000
-2000300
1002
}
  0
LINE
  5
8CE
330
70
100
AcDbEntity
  8
G-ANNO-TEXT
 62
     7
100
AcDbLine
 10
18113.18895323072
 20
35503.86078379604
 30
0.0
 11
18411.69448700297
 21
35553.40228678323
 31
0.0
1001
REVIT
1002
{
1070
     1
1000
2178426
1002
}
1002
{
1070
     5
1000
2108266
1002
}
1002
{
1070
     2
1000
-2000300
1002
}
  0
LINE
  5
8CF
330
70
100
AcDbEntity
  8
G-ANNO-TEXT
 62
     7
100
AcDbLine
 10
18411.69448700297
 20
35553.40228678323
 30
0.0
 11
18388.70087309545
 21
35628.9731182133
 31
0.0
1001
REVIT
1002
{
1070
     1
1000
2178426
1002
}
1002
{
1070
     5
1000
2108266
1002
}
1002
{
1070
     2
1000
-2000300
1002
}
  0
LINE
  5
8D0
330
70
100
AcDbEntity
  8
G-ANNO-TEXT
 62
     7
100
AcDbLine
 10
18388.70087309545
 20
35628.9731182133
 30
0.0
 11
18113.18895323072
 21
35503.86078379604
 31
0.0
1001
REVIT
1002
{
1070
     1
1000
2178426
1002
}
1002
{
1070
     5
1000
2108266
1002
}
1002
{
1070
     2
1000
-2000300
1002
}
  0
HATCH
  5
8D1
330
70
100
AcDbEntity
  8
G-ANNO-TEXT
 62
     7
100
AcDbHatch
 10
0.0
 20
0.0
 30
0.0
210
0.0
220
0.0
230
1.0
  2
SOLID
 70
     1
 71
     0
 91
        1
 92
        1
 93
        3
 72
     1
 10
18113.18895323072
 20
35503.86078379604
 11
18411.69448700297
 21
35553.40228678323
 72
     1
 10
18411.69448700297
 20
35553.40228678323
 11
18388.70087309545
 21
35628.9731182133
 72
     1
 10
18388.70087309545
 20
35628.9731182133
 11
18113.18895323072
 21
35503.86078379604
 97
        0
 75
     0
 76
     1
 98
        1
 10
0.0
 20
0.0
1001
REVIT
1002
{
1070
     1
1000
2178426
1002
}
1002
{
1070
     5
1000
2108266
1002
}
1002
{
1070
     2
1000
-2000300
1002
}
  0
LINE
  5
8D2
330
70
100
AcDbEntity
  8
G-ANNO-TEXT
 62
     7
100
AcDbLine
 10
21520.41810158117
 20
36540.56383508007
 30
0.0
 11
22739.19910238323
 21
36540.56383508007
 31
0.0
1001
REVIT
1002
{
1070
     1
1000
2178426
1002
}
1002
{
1070
     5
1000
2108266
1002
}
1002
{
1070
     2
1000
-2000300
1002
}
  0
LINE
  5
8D3
330
70
100
AcDbEntity
  8
G-ANNO-TEXT
 62
     7
100
AcDbLine
 10
18113.18895323072
 20
35503.86078379604
 30
0.0
 11
21520.41810158117
 21
36540.56383508007
 31
0.0
1001
REVIT
1002
{
1070
     1
1000
2178426
1002
}
1002
{
1070
     5
1000
2108266
1002
}
1002
{
1070
     2
1000
-2000300
1002
}
  0
MTEXT
  5
8D5
330
70
100
AcDbEntity
  8
G-ANNO-TEXT
 62
     7
100
AcDbMText
 10
22939.19910238323
 20
36640.56383508007
 30
0.0
 40
200.0
 41
3383.12125
 46
0.0
 71
     1
 72
     1
  1
BALCONY OVERFLOW
  7
Calibri_1
 73
     2
 44
1.0
1001
REVIT
1002
{
1070
     1
1000
2178426
1002
}
1002
{
1070
     5
1000
2108266
1002
}
1002
{
1070
     2
1000
-2000300
1002
}
  0
MTEXT
  5
8D8
330
70
100
AcDbEntity
  8
A-AREA-IDEN
100
AcDbMText
 10
21147.97057327101
 20
33537.42682563958
 30
0.0
 40
179.9999999999998
 41
577.2149999999995
 46
0.0
 71
     1
 72
     1
  1
WIR
  7
Calibri_2
 73
     2
 44
1.0
1001
REVIT
1002
{
1070
     1
1000
2178428
1002
}
1002
{
1070
     5
1000
2144162
1002
}
1002
{
1070
     2
1000
-2000480
1002
}
  0
MTEXT
  5
8D9
330
70
100
AcDbEntity
  8
A-AREA-IDEN
100
AcDbMText
 10
18466.64497905187
 20
33537.42682563958
 30
0.0
 40
179.9999999999998
 41
553.1643749999994
 46
0.0
 71
     1
 72
     1
  1
ENS
  7
Calibri_2
 73
     2
 44
1.0
1001
REVIT
1002
{
1070
     1
1000
2178429
1002
}
1002
{
1070
     5
1000
2144162
1002
}
1002
{
1070
     2
1000
-2000480
1002
}
  0
MTEXT
  5
8DA
330
70
100
AcDbEntity
  8
A-AREA-IDEN
100
AcDbMText
 10
16950.66344601176
 20
33537.42682563958
 30
0.0
 40
179.9999999999998
 41
537.1306249999994
 46
0.0
 71
     1
 72
     1
  1
WIL
  7
Calibri_2
 73
     2
 44
1.0
1001
REVIT
1002
{
1070
     1
1000
2178430
1002
}
1002
{
1070
     5
1000
2144162
1002
}
1002
{
1070
     2
1000
-2000480
1002
}
  0
MTEXT
  5
8DB
330
70
100
AcDbEntity
  8
A-AREA-IDEN
100
AcDbMText
 10
14437.93831346475
 20
33537.42682563958
 30
0.0
 40
179.9999999999998
 41
769.6199999999992
 46
0.0
 71
     1
 72
     1
  1
BATH
  7
Calibri_2
 73
     2
 44
1.0
1001
REVIT
1002
{
1070
     1
1000
2178431
1002
}
1002
{
1070
     5
1000
2144162
1002
}
1002
{
1070
     2
1000
-2000480
1002
}
  0
MTEXT
  5
8DC
330
70
100
AcDbEntity
  8
A-AREA-IDEN
100
AcDbMText
 10
25034.74069034117
 20
33537.42682563958
 30
0.0
 40
179.9999999999998
 41
1178.480624999999
 46
0.0
 71
     1
 72
     1
  1
MASTER
  7
Calibri_2
 73
     2
 44
1.0
1001
REVIT
1002
{
1070
     1
1000
2178432
1002
}
1002
{
1070
     5
1000
2144162
1002
}
1002
{
1070
     2
1000
-2000480
1002
}
  0
MTEXT
  5
8DD
330
70
100
AcDbEntity
  8
A-AREA-IDEN
100
AcDbMText
 10
25659.19572066524
 20
30113.03396167253
 30
0.0
 40
179.9999999999998
 41
1050.210624999999
 46
0.0
 71
     1
 72
     1
  1
DINING
  7
Calibri_2
 73
     2
 44
1.0
1001
REVIT
1002
{
1070
     1
1000
2178433
1002
}
1002
{
1070
     5
1000
2144162
1002
}
1002
{
1070
     2
1000
-2000480
1002
}
  0
MTEXT
  5
8DE
330
70
100
AcDbEntity
  8
A-AREA-IDEN
100
AcDbMText
 10
20611.97057327102
 20
30113.03396167253
 30
0.0
 40
179.9999999999998
 41
1226.581874999999
 46
0.0
 71
     1
 72
     1
  1
KITCHEN
  7
Calibri_2
 73
     2
 44
1.0
1001
REVIT
1002
{
1070
     1
1000
2178434
1002
}
1002
{
1070
     5
1000
2144162
1002
}
1002
{
1070
     2
1000
-2000480
1002
}
  0
MTEXT
  5
8DF
330
70
100
AcDbEntity
  8
A-AREA-IDEN
100
AcDbMText
 10
16508.82409693928
 20
30113.03396167253
 30
0.0
 40
179.9999999999998
 41
1122.362499999999
 46
0.0
 71
     1
 72
     1
  1
PANTRY
  7
Calibri_2
 73
     2
 44
1.0
1001
REVIT
1002
{
1070
     1
1000
2178435
1002
}
1002
{
1070
     5
1000
2144162
1002
}
1002
{
1070
     2
1000
-2000480
1002
}
  0
MTEXT
  5
8E0
330
70
100
AcDbEntity
  8
A-AREA-IDEN
100
AcDbMText
 10
14837.69192924879
 20
30113.03396167253
 30
0.0
 40
179.9999999999998
 41
777.6368749999992
 46
0.0
 71
     1
 72
     1
  1
L'DRY
  7
Calibri_2
 73
     2
 44
1.0
1001
REVIT
1002
{
1070
     1
1000
2178436
1002
}
1002
{
1070
     5
1000
2144162
1002
}
1002
{
1070
     2
1000
-2000480
1002
}
  0
MTEXT
  5
8E1
330
70
100
AcDbEntity
  8
A-AREA-IDEN
100
AcDbMText
 10
12999.47367421752
 20
30113.03396167253
 30
0.0
 40
179.9999999999998
 41
769.6199999999992
 46
0.0
 71
     1
 72
     1
  1
BATH
  7
Calibri_2
 73
     2
 44
1.0
1001
REVIT
1002
{
1070
     1
1000
2178437
1002
}
1002
{
1070
     5
1000
2144162
1002
}
1002
{
1070
     2
1000
-2000480
1002
}
  0
MTEXT
  5
8E2
330
70
100
AcDbEntity
  8
A-AREA-IDEN
100
AcDbMText
 10
10114.05316002326
 20
30113.03396167253
 30
0.0
 40
179.9999999999998
 41
1996.201874999998
 46
0.0
 71
     1
 72
     1
  1
WIL/STORAGE
  7
Calibri_2
 73
     2
 44
1.0
1001
REVIT
1002
{
1070
     1
1000
2178438
1002
}
1002
{
1070
     5
1000
2144162
1002
}
1002
{
1070
     2
1000
-2000480
1002
}
  0
MTEXT
  5
8E3
330
70
100
AcDbEntity
  8
A-AREA-IDEN
100
AcDbMText
 10
10550.1128977615
 20
33537.42682563958
 30
0.0
 40
179.9999999999998
 41
2004.218749999998
 46
0.0
 71
     1
 72
     1
  1
GUEST/STUDY
  7
Calibri_2
 73
     2
 44
1.0
1001
REVIT
1002
{
1070
     1
1000
2178439
1002
}
1002
{
1070
     5
1000
2144162
1002
}
1002
{
1070
     2
1000
-2000480
1002
}
  0
MTEXT
  5
8E4
330
70
100
AcDbEntity
  8
A-AREA-IDEN
100
AcDbMText
 10
13106.06445583819
 20
36826.39898386348
 30
0.0
 40
179.9999999999998
 41
1266.666249999999
 46
0.0
 71
     1
 72
     1
  1
RUMPUS
  7
Calibri_2
 73
     2
 44
1.0
1001
REVIT
1002
{
1070
     1
1000
2178440
1002
}
1002
{
1070
     5
1000
2144162
1002
}
1002
{
1070
     2
1000
-2000480
1002
}
  0
MTEXT
  5
8E5
330
70
100
AcDbEntity
  8
A-AREA-IDEN
100
AcDbMText
 10
9203.822207004516
 20
36826.39898386348
 30
0.0
 40
179.9999999999998
 41
1330.801249999999
 46
0.0
 71
     1
 72
     1
  1
BALCONY
  7
Calibri_2
 73
     2
 44
1.0
1001
REVIT
1002
{
1070
     1
1000
2178441
1002
}
1002
{
1070
     5
1000
2144162
1002
}
1002
{
1070
     2
1000
-2000480
1002
}
  0
MTEXT
  5
8E6
330
70
100
AcDbEntity
  8
A-AREA-IDEN
100
AcDbMText
 10
18827.29419394586
 20
36475.39898386349
 30
0.0
 40
179.9999999999998
 41
1330.801249999999
 46
0.0
 71
     1
 72
     1
  1
BALCONY
  7
Calibri_2
 73
     2
 44
1.0
1001
REVIT
1002
{
1070
     1
1000
2178442
1002
}
1002
{
1070
     5
1000
2144162
1002
}
1002
{
1070
     2
1000
-2000480
1002
}
  0
LINE
  5
8E7
330
70
100
AcDbEntity
  8
G-ANNO-TEXT
 62
     7
100
AcDbLine
 10
18264.73767038835
 20
34624.96323559251
 30
0.0
 11
18324.26892038835
 21
34624.96323559251
 31
0.0
1001
REVIT
1002
{
1070
     1
1000
2293937
1002
}
1002
{
1070
     5
1000
744073
1002
}
1002
{
1070
     2
1000
-2000300
1002
}
  0
LINE
  5
8E8
330
70
100
AcDbEntity
  8
G-ANNO-TEXT
 62
     7
100
AcDbLine
 10
17775.48777576878
 20
35225.26786220813
 30
0.0
 11
17880.83216119309
 21
34933.09621790502
 31
0.0
1001
REVIT
1002
{
1070
     1
1000
2293937
1002
}
1002
{
1070
     5
1000
744073
1002
}
1002
{
1070
     2
1000
-2000300
1002
}
  0
LINE
  5
8E9
330
70
100
AcDbEntity
  8
G-ANNO-TEXT
 62
     7
100
AcDbLine
 10
17880.83216119309
 20
34933.09621790502
 30
0.0
 11
18012.80451184384
 21
35024.91198868832
 31
0.0
1001
REVIT
1002
{
1070
     1
1000
2293937
1002
}
1002
{
1070
     5
1000
744073
1002
}
1002
{
1070
     2
1000
-2000300
1002
}
  0
LINE
  5
8EA
330
70
100
AcDbEntity
  8
G-ANNO-TEXT
 62
     7
100
AcDbLine
 10
18012.80451184384
 20
35024.91198868832
 30
0.0
 11
17775.48777576878
 21
35225.26786220813
 31
0.0
1001
REVIT
1002
{
1070
     1
1000
2293937
1002
}
1002
{
1070
     5
1000
744073
1002
}
1002
{
1070
     2
1000
-2000300
1002
}
  0
HATCH
  5
8EB
330
70
100
AcDbEntity
  8
G-ANNO-TEXT
 62
     7
100
AcDbHatch
 10
0.0
 20
0.0
 30
0.0
210
0.0
220
0.0
230
1.0
  2
SOLID
 70
     1
 71
     0
 91
        1
 92
        1
 93
        3
 72
     1
 10
17775.48777576878
 20
35225.26786220813
 11
17880.83216119309
 21
34933.09621790502
 72
     1
 10
17880.83216119309
 20
34933.09621790502
 11
18012.80451184384
 21
35024.91198868832
 72
     1
 10
18012.80451184384
 20
35024.91198868832
 11
17775.48777576878
 21
35225.26786220813
 97
        0
 75
     0
 76
     1
 98
        1
 10
0.0
 20
0.0
1001
REVIT
1002
{
1070
     1
1000
2293937
1002
}
1002
{
1070
     5
1000
744073
1002
}
1002
{
1070
     2
1000
-2000300
1002
}
  0
LINE
  5
8EC
330
70
100
AcDbEntity
  8
G-ANNO-TEXT
 62
     7
100
AcDbLine
 10
18193.13156043812
 20
34624.96323559252
 30
0.0
 11
18264.73767038835
 21
34624.96323559251
 31
0.0
1001
REVIT
1002
{
1070
     1
1000
2293937
1002
}
1002
{
1070
     5
1000
744073
1002
}
1002
{
1070
     2
1000
-2000300
1002
}
  0
LINE
  5
8ED
330
70
100
AcDbEntity
  8
G-ANNO-TEXT
 62
     7
100
AcDbLine
 10
17775.48777576878
 20
35225.26786220813
 30
0.0
 11
18193.13156043812
 21
34624.96323559252
 31
0.0
1001
REVIT
1002
{
1070
     1
1000
2293937
1002
}
1002
{
1070
     5
1000
744073
1002
}
1002
{
1070
     2
1000
-2000300
1002
}
  0
MTEXT
  5
8EF
330
70
100
AcDbEntity
  8
G-ANNO-TEXT
 62
     7
100
AcDbMText
 10
18474.26892038835
 20
34699.96323559251
 30
0.0
 40
150.0
 41
1186.4975
 46
0.0
 71
     1
 72
     1
  1
SLIP JOINT
  7
ISOCPEUR_1
 73
     2
 44
1.0
1001
REVIT
1002
{
1070
     1
1000
2293937
1002
}
1002
{
1070
     5
1000
744073
1002
}
1002
{
1070
     2
1000
-2000300
1002
}
  0
LINE
  5
8F0
330
70
100
AcDbEntity
  8
G-ANNO-TEXT
 62
     7
100
AcDbLine
 10
14685.87863266993
 20
31579.67954531574
 30
0.0
 11
14745.40988266993
 21
31579.67954531574
 31
0.0
1001
REVIT
1002
{
1070
     1
1000
2297149
1002
}
1002
{
1070
     5
1000
744073
1002
}
1002
{
1070
     2
1000
-2000300
1002
}
  0
LINE
  5
8F1
330
70
100
AcDbEntity
  8
G-ANNO-TEXT
 62
     7
100
AcDbLine
 10
14268.54363981932
 20
32120.76013518046
 30
0.0
 11
14362.33545100635
 21
31824.67770505422
 31
0.0
1001
REVIT
1002
{
1070
     1
1000
2297149
1002
}
1002
{
1070
     5
1000
744073
1002
}
1002
{
1070
     2
1000
-2000300
1002
}
  0
LINE
  5
8F2
330
70
100
AcDbEntity
  8
G-ANNO-TEXT
 62
     7
100
AcDbLine
 10
14362.33545100635
 20
31824.67770505422
 30
0.0
 11
14497.81094603736
 21
31911.24113467042
 31
0.0
1001
REVIT
1002
{
1070
     1
1000
2297149
1002
}
1002
{
1070
     5
1000
744073
1002
}
1002
{
1070
     2
1000
-2000300
1002
}
  0
LINE
  5
8F3
330
70
100
AcDbEntity
  8
G-ANNO-TEXT
 62
     7
100
AcDbLine
 10
14497.81094603736
 20
31911.24113467042
 30
0.0
 11
14268.54363981932
 21
32120.76013518046
 31
0.0
1001
REVIT
1002
{
1070
     1
1000
2297149
1002
}
1002
{
1070
     5
1000
744073
1002
}
1002
{
1070
     2
1000
-2000300
1002
}
  0
HATCH
  5
8F4
330
70
100
AcDbEntity
  8
G-ANNO-TEXT
 62
     7
100
AcDbHatch
 10
0.0
 20
0.0
 30
0.0
210
0.0
220
0.0
230
1.0
  2
SOLID
 70
     1
 71
     0
 91
        1
 92
        1
 93
        3
 72
     1
 10
14268.54363981932
 20
32120.76013518046
 11
14362.33545100635
 21
31824.67770505422
 72
     1
 10
14362.33545100635
 20
31824.67770505422
 11
14497.81094603736
 21
31911.24113467042
 72
     1
 10
14497.81094603736
 20
31911.24113467042
 11
14268.54363981932
 21
32120.76013518046
 97
        0
 75
     0
 76
     1
 98
        1
 10
0.0
 20
0.0
1001
REVIT
1002
{
1070
     1
1000
2297149
1002
}
1002
{
1070
     5
1000
744073
1002
}
1002
{
1070
     2
1000
-2000300
1002
}
  0
LINE
  5
8F5
330
70
100
AcDbEntity
  8
G-ANNO-TEXT
 62
     7
100
AcDbLine
 10
14614.2725227197
 20
31579.67954531575
 30
0.0
 11
14685.87863266993
 21
31579.67954531574
 31
0.0
1001
REVIT
1002
{
1070
     1
1000
2297149
1002
}
1002
{
1070
     5
1000
744073
1002
}
1002
{
1070
     2
1000
-2000300
1002
}
  0
LINE
  5
8F6
330
70
100
AcDbEntity
  8
G-ANNO-TEXT
 62
     7
100
AcDbLine
 10
14268.54363981932
 20
32120.76013518046
 30
0.0
 11
14614.2725227197
 21
31579.67954531575
 31
0.0
1001
REVIT
1002
{
1070
     1
1000
2297149
1002
}
1002
{
1070
     5
1000
744073
1002
}
1002
{
1070
     2
1000
-2000300
1002
}
  0
MTEXT
  5
8F7
330
70
100
AcDbEntity
  8
G-ANNO-TEXT
 62
     7
100
AcDbMText
 10
14895.40988266993
 20
31654.67954531574
 30
0.0
 40
150.0
 41
1186.4975
 46
0.0
 71
     1
 72
     1
  1
SLIP JOINT
  7
ISOCPEUR_1
 73
     2
 44
1.0
1001
REVIT
1002
{
1070
     1
1000
2297149
1002
}
1002
{
1070
     5
1000
744073
1002
}
1002
{
1070
     2
1000
-2000300
1002
}
  0
LINE
  5
8F8
330
70
100
AcDbEntity
  8
G-ANNO-TEXT
 62
     7
100
AcDbLine
 10
22318.64058434409
 20
28809.9746376119
 30
0.0
 11
22238.25582661475
 21
28509.9746376119
 31
0.0
1001
REVIT
1002
{
1070
     1
1000
2298840
1002
}
1002
{
1070
     5
1000
744073
1002
}
1002
{
1070
     2
1000
-2000300
1002
}
  0
LINE
  5
8F9
330
70
100
AcDbEntity
  8
G-ANNO-TEXT
 62
     7
100
AcDbLine
 10
22238.25582661475
 20
28509.9746376119
 30
0.0
 11
22399.02534207343
 21
28509.9746376119
 31
0.0
1001
REVIT
1002
{
1070
     1
1000
2298840
1002
}
1002
{
1070
     5
1000
744073
1002
}
1002
{
1070
     2
1000
-2000300
1002
}
  0
LINE
  5
8FA
330
70
100
AcDbEntity
  8
G-ANNO-TEXT
 62
     7
100
AcDbLine
 10
22399.02534207343
 20
28509.9746376119
 30
0.0
 11
22318.64058434409
 21
28809.9746376119
 31
0.0
1001
REVIT
1002
{
1070
     1
1000
2298840
1002
}
1002
{
1070
     5
1000
744073
1002
}
1002
{
1070
     2
1000
-2000300
1002
}
  0
HATCH
  5
8FB
330
70
100
AcDbEntity
  8
G-ANNO-TEXT
 62
     7
100
AcDbHatch
 10
0.0
 20
0.0
 30
0.0
210
0.0
220
0.0
230
1.0
  2
SOLID
 70
     1
 71
     0
 91
        1
 92
        1
 93
        3
 72
     1
 10
22318.64058434409
 20
28809.9746376119
 11
22238.25582661475
 21
28509.9746376119
 72
     1
 10
22238.25582661475
 20
28509.9746376119
 11
22399.02534207343
 21
28509.9746376119
 72
     1
 10
22399.02534207343
 20
28509.9746376119
 11
22318.64058434409
 21
28809.9746376119
 97
        0
 75
     0
 76
     1
 98
        1
 10
0.0
 20
0.0
1001
REVIT
1002
{
1070
     1
1000
2298840
1002
}
1002
{
1070
     5
1000
744073
1002
}
1002
{
1070
     2
1000
-2000300
1002
}
  0
LINE
  5
8FC
330
70
100
AcDbEntity
  8
G-ANNO-TEXT
 62
     7
100
AcDbLine
 10
22318.64058434409
 20
27322.90390802183
 30
0.0
 11
21301.43089756398
 21
27322.90390802183
 31
0.0
1001
REVIT
1002
{
1070
     1
1000
2298840
1002
}
1002
{
1070
     5
1000
744073
1002
}
1002
{
1070
     2
1000
-2000300
1002
}
  0
LINE
  5
8FD
330
70
100
AcDbEntity
  8
G-ANNO-TEXT
 62
     7
100
AcDbLine
 10
22318.64058434409
 20
28809.9746376119
 30
0.0
 11
22318.64058434409
 21
27322.90390802183
 31
0.0
1001
REVIT
1002
{
1070
     1
1000
2298840
1002
}
1002
{
1070
     5
1000
744073
1002
}
1002
{
1070
     2
1000
-2000300
1002
}
  0
MTEXT
  5
8FE
330
70
100
AcDbEntity
  8
G-ANNO-TEXT
 62
     7
100
AcDbMText
 10
18978.82763215289
 20
27532.5080746885
 30
0.0
 40
150.0
 41
2637.551874999999
 46
0.0
 71
     1
 72
     1
  1
RC RAFT SLAB TO ENG. 
  7
ISOCPEUR_1
 73
     2
 44
1.0
1001
REVIT
1002
{
1070
     1
1000
2298840
1002
}
1002
{
1070
     5
1000
744073
1002
}
1002
{
1070
     2
1000
-2000300
1002
}
  0
MTEXT
  5
8FF
330
70
100
AcDbEntity
  8
G-ANNO-TEXT
 62
     7
100
AcDbMText
 10
20407.5776321529
 20
27248.08099135517
 30
0.0
 40
150.0
 41
905.906875
 46
0.0
 71
     1
 72
     1
  1
DETAILS 
  7
ISOCPEUR_1
 73
     2
 44
1.0
1001
REVIT
1002
{
1070
     1
1000
2298840
1002
}
1002
{
1070
     5
1000
744073
1002
}
1002
{
1070
     2
1000
-2000300
1002
}
  0
MTEXT
  5
900
330
70
100
AcDbEntity
  8
G-ANNO-TEXT
 62
     7
100
AcDbMText
 10
7911.38610595615
 20
40486.22905728812
 30
0.0
 40
150.0
 41
1795.78
 46
0.0
 71
     1
 72
     1
  1
MAX 8.5M BUILD 
  7
ISOCPEUR_1
 11
0.9348073414209435
 21
-0.3551552258175398
 31
0.0
 73
     2
 44
1.0
1001
REVIT
1002
{
1070
     1
1000
2299469
1002
}
1002
{
1070
     5
1000
1417245
1002
}
1002
{
1070
     2
1000
-2000300
1002
}
  0
MTEXT
  5
901
330
70
100
AcDbEntity
  8
G-ANNO-TEXT
 62
     7
100
AcDbMText
 10
7389.901788836313
 20
40380.09039263502
 30
0.0
 40
150.0
 41
2340.9275
 46
0.0
 71
     1
 72
     1
  1
HEIGHT ABOVE RIDGE
  7
ISOCPEUR_1
 11
0.9348073414209435
 21
-0.3551552258175398
 31
0.0
 73
     2
 44
1.0
1001
REVIT
1002
{
1070
     1
1000
2299469
1002
}
1002
{
1070
     5
1000
1417245
1002
}
1002
{
1070
     2
1000
-2000300
1002
}
  0
MTEXT
  5
902
330
70
100
AcDbEntity
  8
G-ANNO-TEXT
 62
     7
100
AcDbMText
 10
8129.733289262991
 20
31857.63934847202
 30
0.0
 40
150.0
 41
1563.290625
 46
0.0
 71
     1
 72
     1
  1
NGL DIRECTLY 
  7
ISOCPEUR_1
 11
0.926245450670537
 21
-0.3769209003386969
 31
0.0
 73
     2
 44
1.0
1001
REVIT
1002
{
1070
     1
1000
2299470
1002
}
1002
{
1070
     5
1000
1417245
1002
}
1002
{
1070
     2
1000
-2000300
1002
}
  0
MTEXT
  5
903
330
70
100
AcDbEntity
  8
G-ANNO-TEXT
 62
     7
100
AcDbMText
 10
8089.920781858675
 20
31566.76513472801
 30
0.0
 40
150.0
 41
1475.105
 46
0.0
 71
     1
 72
     1
  1
BELOW RIDGE
  7
ISOCPEUR_1
 11
0.926245450670537
 21
-0.3769209003386969
 31
0.0
 73
     2
 44
1.0
1001
REVIT
1002
{
1070
     1
1000
2299470
1002
}
1002
{
1070
     5
1000
1417245
1002
}
1002
{
1070
     2
1000
-2000300
1002
}
  0
LINE
  5
904
330
70
100
AcDbEntity
  8
G-ANNO-TEXT
 62
     7
100
AcDbLine
 10
9987.23408920699
 20
38538.31219735807
 30
0.0
 11
9687.234089206991
 21
38618.6969550874
 31
0.0
1001
REVIT
1002
{
1070
     1
1000
2299483
1002
}
1002
{
1070
     5
1000
744073
1002
}
1002
{
1070
     2
1000
-2000300
1002
}
  0
LINE
  5
905
330
70
100
AcDbEntity
  8
G-ANNO-TEXT
 62
     7
100
AcDbLine
 10
9687.234089206991
 20
38618.6969550874
 30
0.0
 11
9687.234089206991
 21
38457.92743962872
 31
0.0
1001
REVIT
1002
{
1070
     1
1000
2299483
1002
}
1002
{
1070
     5
1000
744073
1002
}
1002
{
1070
     2
1000
-2000300
1002
}
  0
LINE
  5
906
330
70
100
AcDbEntity
  8
G-ANNO-TEXT
 62
     7
100
AcDbLine
 10
9687.234089206991
 20
38457.92743962872
 30
0.0
 11
9987.23408920699
 21
38538.31219735807
 31
0.0
1001
REVIT
1002
{
1070
     1
1000
2299483
1002
}
1002
{
1070
     5
1000
744073
1002
}
1002
{
1070
     2
1000
-2000300
1002
}
  0
HATCH
  5
907
330
70
100
AcDbEntity
  8
G-ANNO-TEXT
 62
     7
100
AcDbHatch
 10
0.0
 20
0.0
 30
0.0
210
0.0
220
0.0
230
1.0
  2
SOLID
 70
     1
 71
     0
 91
        1
 92
        1
 93
        3
 72
     1
 10
9987.23408920699
 20
38538.31219735807
 11
9687.234089206991
 21
38618.6969550874
 72
     1
 10
9687.234089206991
 20
38618.6969550874
 11
9687.234089206991
 21
38457.92743962872
 72
     1
 10
9687.234089206991
 20
38457.92743962872
 11
9987.23408920699
 21
38538.31219735807
 97
        0
 75
     0
 76
     1
 98
        1
 10
0.0
 20
0.0
1001
REVIT
1002
{
1070
     1
1000
2299483
1002
}
1002
{
1070
     5
1000
744073
1002
}
1002
{
1070
     2
1000
-2000300
1002
}
  0
LINE
  5
908
330
70
100
AcDbEntity
  8
G-ANNO-TEXT
 62
     7
100
AcDbLine
 10
9987.23408920699
 20
38538.31219735807
 30
0.0
 11
8002.872190062309
 21
38538.31219735807
 31
0.0
1001
REVIT
1002
{
1070
     1
1000
2299483
1002
}
1002
{
1070
     5
1000
744073
1002
}
1002
{
1070
     2
1000
-2000300
1002
}
  0
MTEXT
  5
909
330
70
100
AcDbEntity
  8
G-ANNO-TEXT
 62
     7
100
AcDbMText
 10
5742.872190062312
 20
39182.16636402472
 30
0.0
 40
150.0
 41
2557.383125
 46
0.0
 71
     1
 72
     1
  1
TIMBER ROOF TRUSSES
  7
ISOCPEUR_1
 73
     2
 44
1.0
1001
REVIT
1002
{
1070
     1
1000
2299483
1002
}
1002
{
1070
     5
1000
744073
1002
}
1002
{
1070
     2
1000
-2000300
1002
}
  0
MTEXT
  5
90A
330
70
100
AcDbEntity
  8
G-ANNO-TEXT
 62
     7
100
AcDbMText
 10
6278.653440062313
 20
38897.73928069139
 30
0.0
 40
150.0
 41
1908.01625
 46
0.0
 71
     1
 72
     1
  1
AT MAX 600 C/S
  7
ISOCPEUR_1
 73
     2
 44
1.0
1001
REVIT
1002
{
1070
     1
1000
2299483
1002
}
1002
{
1070
     5
1000
744073
1002
}
1002
{
1070
     2
1000
-2000300
1002
}
  0
MTEXT
  5
90B
330
70
100
AcDbEntity
  8
G-ANNO-TEXT
 62
     7
100
AcDbMText
 10
6278.653440062313
 20
38613.31219735806
 30
0.0
 40
150.0
 41
1908.01625
 46
0.0
 71
     1
 72
     1
  1
TO MANUF. SPEC.
  7
ISOCPEUR_1
 73
     2
 44
1.0
1001
REVIT
1002
{
1070
     1
1000
2299483
1002
}
1002
{
1070
     5
1000
744073
1002
}
1002
{
1070
     2
1000
-2000300
1002
}
  0
MTEXT
  5
90C
330
70
100
AcDbEntity
  8
G-ANNO-TEXT
 62
     7
100
AcDbMText
 10
18705.17121233066
 20
38651.2934769599
 30
0.0
 40
150.0
 41
673.4174999999999
 46
0.0
 71
     1
 72
     1
  1
EAVE 
  7
ISOCPEUR_1
 73
     2
 44
1.0
1001
REVIT
1002
{
1070
     1
1000
2299544
1002
}
1002
{
1070
     5
1000
1417245
1002
}
1002
{
1070
     2
1000
-2000300
1002
}
  0
MTEXT
  5
90D
330
70
100
AcDbEntity
  8
G-ANNO-TEXT
 62
     7
100
AcDbMText
 10
18771.317045664
 20
38366.86639362656
 30
0.0
 40
150.0
 41
416.8775
 46
0.0
 71
     1
 72
     1
  1
O/H
  7
ISOCPEUR_1
 73
     2
 44
1.0
1001
REVIT
1002
{
1070
     1
1000
2299544
1002
}
1002
{
1070
     5
1000
1417245
1002
}
1002
{
1070
     2
1000
-2000300
1002
}
  0
MTEXT
  5
90E
330
70
100
AcDbEntity
  8
G-ANNO-TEXT
 62
     7
100
AcDbMText
 10
28945.32618658484
 20
36200.23026567717
 30
0.0
 40
150.0
 41
673.4174999999999
 46
0.0
 71
     1
 72
     1
  1
EAVE 
  7
ISOCPEUR_1
 73
     2
 44
1.0
1001
REVIT
1002
{
1070
     1
1000
2299553
1002
}
1002
{
1070
     5
1000
1417245
1002
}
1002
{
1070
     2
1000
-2000300
1002
}
  0
MTEXT
  5
90F
330
70
100
AcDbEntity
  8
G-ANNO-TEXT
 62
     7
100
AcDbMText
 10
29011.47201991818
 20
35915.80318234384
 30
0.0
 40
150.0
 41
416.8775
 46
0.0
 71
     1
 72
     1
  1
O/H
  7
ISOCPEUR_1
 73
     2
 44
1.0
1001
REVIT
1002
{
1070
     1
1000
2299553
1002
}
1002
{
1070
     5
1000
1417245
1002
}
1002
{
1070
     2
1000
-2000300
1002
}
  0
LINE
  5
910
330
70
100
AcDbEntity
  8
G-ANNO-TEXT
 62
     7
100
AcDbLine
 10
12236.0495336633
 20
40244.62818034232
 30
0.0
 11
12513.8620336633
 21
40244.62818034232
 31
0.0
1001
REVIT
1002
{
1070
     1
1000
2299600
1002
}
1002
{
1070
     5
1000
744073
1002
}
1002
{
1070
     2
1000
-2000300
1002
}
  0
LINE
  5
911
330
70
100
AcDbEntity
  8
G-ANNO-TEXT
 62
     7
100
AcDbLine
 10
11702.61257834364
 20
38589.39674792429
 30
0.0
 11
11782.99733607298
 21
38889.39674792429
 31
0.0
1001
REVIT
1002
{
1070
     1
1000
2299600
1002
}
1002
{
1070
     5
1000
744073
1002
}
1002
{
1070
     2
1000
-2000300
1002
}
  0
LINE
  5
912
330
70
100
AcDbEntity
  8
G-ANNO-TEXT
 62
     7
100
AcDbLine
 10
11782.99733607298
 20
38889.39674792429
 30
0.0
 11
11622.22782061431
 21
38889.39674792429
 31
0.0
1001
REVIT
1002
{
1070
     1
1000
2299600
1002
}
1002
{
1070
     5
1000
744073
1002
}
1002
{
1070
     2
1000
-2000300
1002
}
  0
LINE
  5
913
330
70
100
AcDbEntity
  8
G-ANNO-TEXT
 62
     7
100
AcDbLine
 10
11622.22782061431
 20
38889.39674792429
 30
0.0
 11
11702.61257834364
 21
38589.39674792429
 31
0.0
1001
REVIT
1002
{
1070
     1
1000
2299600
1002
}
1002
{
1070
     5
1000
744073
1002
}
1002
{
1070
     2
1000
-2000300
1002
}
  0
HATCH
  5
914
330
70
100
AcDbEntity
  8
G-ANNO-TEXT
 62
     7
100
AcDbHatch
 10
0.0
 20
0.0
 30
0.0
210
0.0
220
0.0
230
1.0
  2
SOLID
 70
     1
 71
     0
 91
        1
 92
        1
 93
        3
 72
     1
 10
11702.61257834364
 20
38589.39674792429
 11
11782.99733607298
 21
38889.39674792429
 72
     1
 10
11782.99733607298
 20
38889.39674792429
 11
11622.22782061431
 21
38889.39674792429
 72
     1
 10
11622.22782061431
 20
38889.39674792429
 11
11702.61257834364
 21
38589.39674792429
 97
        0
 75
     0
 76
     1
 98
        1
 10
0.0
 20
0.0
1001
REVIT
1002
{
1070
     1
1000
2299600
1002
}
1002
{
1070
     5
1000
744073
1002
}
1002
{
1070
     2
1000
-2000300
1002
}
  0
LINE
  5
915
330
70
100
AcDbEntity
  8
G-ANNO-TEXT
 62
     7
100
AcDbLine
 10
11702.61257834364
 20
40244.6281803425
 30
0.0
 11
12236.04953366329
 21
40244.62818034232
 31
0.0
1001
REVIT
1002
{
1070
     1
1000
2299600
1002
}
1002
{
1070
     5
1000
744073
1002
}
1002
{
1070
     2
1000
-2000300
1002
}
  0
LINE
  5
916
330
70
100
AcDbEntity
  8
G-ANNO-TEXT
 62
     7
100
AcDbLine
 10
11702.61257834364
 20
38589.39674792429
 30
0.0
 11
11702.61257834364
 21
40244.6281803425
 31
0.0
1001
REVIT
1002
{
1070
     1
1000
2299600
1002
}
1002
{
1070
     5
1000
744073
1002
}
1002
{
1070
     2
1000
-2000300
1002
}
  0
MTEXT
  5
917
330
70
100
AcDbEntity
  8
G-ANNO-TEXT
 62
     7
100
AcDbMText
 10
12663.8620336633
 20
40319.62818034233
 30
0.0
 40
150.0
 41
1964.134375
 46
0.0
 71
     1
 72
     1
  1
      ROOF PITCH
  7
ISOCPEUR_1
 73
     2
 44
1.0
1001
REVIT
1002
{
1070
     1
1000
2299600
1002
}
1002
{
1070
     5
1000
744073
1002
}
1002
{
1070
     2
1000
-2000300
1002
}
  0
MTEXT
  5
918
330
70
100
AcDbEntity
  8
G-ANNO-TEXT
 62
     7
100
AcDbMText
 10
12677.09120032996
 20
40035.20109700899
 30
0.0
 40
150.0
 41
1940.08375
 46
0.0
 71
     1
 72
     1
  1
COLORBOND ROOF
  7
ISOCPEUR_1
 73
     2
 44
1.0
1001
REVIT
1002
{
1070
     1
1000
2299600
1002
}
1002
{
1070
     5
1000
744073
1002
}
1002
{
1070
     2
1000
-2000300
1002
}
  0
MTEXT
  5
919
330
70
100
AcDbEntity
  8
G-ANNO-TEXT
 62
     7
100
AcDbMText
 10
12386.0495336633
 20
39750.77401367566
 30
0.0
 40
150.0
 41
2637.551875000001
 46
0.0
 71
     1
 72
     1
  1
SHEETING AS SELECTED
  7
ISOCPEUR_1
 73
     2
 44
1.0
1001
REVIT
1002
{
1070
     1
1000
2299600
1002
}
1002
{
1070
     5
1000
744073
1002
}
1002
{
1070
     2
1000
-2000300
1002
}
  0
MTEXT
  5
91B
330
70
100
AcDbEntity
  8
G-ANNO-TEXT
 62
     7
100
AcDbMText
 10
12779.95175408409
 20
40370.91590291871
 30
0.0
 40
250.0
 41
400.8437499999999
 46
0.0
 71
     1
 72
     1
  1
5°
  7
ISOCPEUR_2
 73
     2
 44
1.0
1001
REVIT
1002
{
1070
     1
1000
2299601
1002
}
1002
{
1070
     5
1000
732082
1002
}
1002
{
1070
     2
1000
-2000300
1002
}
  0
LINE
  5
91C
330
70
100
AcDbEntity
  8
G-ANNO-TEXT
 62
     7
100
AcDbLine
 10
16115.21581313599
 20
38096.14943240643
 30
0.0
 11
16195.60057086533
 21
38396.14943240644
 31
0.0
1001
REVIT
1002
{
1070
     1
1000
2299637
1002
}
1002
{
1070
     5
1000
744073
1002
}
1002
{
1070
     2
1000
-2000300
1002
}
  0
LINE
  5
91D
330
70
100
AcDbEntity
  8
G-ANNO-TEXT
 62
     7
100
AcDbLine
 10
16195.60057086533
 20
38396.14943240644
 30
0.0
 11
16034.83105540666
 21
38396.14943240644
 31
0.0
1001
REVIT
1002
{
1070
     1
1000
2299637
1002
}
1002
{
1070
     5
1000
744073
1002
}
1002
{
1070
     2
1000
-2000300
1002
}
  0
LINE
  5
91E
330
70
100
AcDbEntity
  8
G-ANNO-TEXT
 62
     7
100
AcDbLine
 10
16034.83105540666
 20
38396.14943240644
 30
0.0
 11
16115.21581313599
 21
38096.14943240643
 31
0.0
1001
REVIT
1002
{
1070
     1
1000
2299637
1002
}
1002
{
1070
     5
1000
744073
1002
}
1002
{
1070
     2
1000
-2000300
1002
}
  0
HATCH
  5
91F
330
70
100
AcDbEntity
  8
G-ANNO-TEXT
 62
     7
100
AcDbHatch
 10
0.0
 20
0.0
 30
0.0
210
0.0
220
0.0
230
1.0
  2
SOLID
 70
     1
 71
     0
 91
        1
 92
        1
 93
        3
 72
     1
 10
16115.21581313599
 20
38096.14943240643
 11
16195.60057086533
 21
38396.14943240644
 72
     1
 10
16195.60057086533
 20
38396.14943240644
 11
16034.83105540666
 21
38396.14943240644
 72
     1
 10
16034.83105540666
 20
38396.14943240644
 11
16115.21581313599
 21
38096.14943240643
 97
        0
 75
     0
 76
     1
 98
        1
 10
0.0
 20
0.0
1001
REVIT
1002
{
1070
     1
1000
2299637
1002
}
1002
{
1070
     5
1000
744073
1002
}
1002
{
1070
     2
1000
-2000300
1002
}
  0
LINE
  5
920
330
70
100
AcDbEntity
  8
G-ANNO-TEXT
 62
     7
100
AcDbLine
 10
16115.21581313601
 20
39523.04024625703
 30
0.0
 11
16794.36093148797
 21
39523.04024625702
 31
0.0
1001
REVIT
1002
{
1070
     1
1000
2299637
1002
}
1002
{
1070
     5
1000
744073
1002
}
1002
{
1070
     2
1000
-2000300
1002
}
  0
LINE
  5
921
330
70
100
AcDbEntity
  8
G-ANNO-TEXT
 62
     7
100
AcDbLine
 10
16115.21581313599
 20
38096.14943240643
 30
0.0
 11
16115.21581313601
 21
39523.04024625703
 31
0.0
1001
REVIT
1002
{
1070
     1
1000
2299637
1002
}
1002
{
1070
     5
1000
744073
1002
}
1002
{
1070
     2
1000
-2000300
1002
}
  0
MTEXT
  5
922
330
70
100
AcDbEntity
  8
G-ANNO-TEXT
 62
     7
100
AcDbMText
 10
16944.36093148797
 20
39598.04024625702
 30
0.0
 40
150.0
 41
3182.699375000001
 46
0.0
 71
     1
 72
     1
  1
RAKED CEILING AS REQUIRED
  7
ISOCPEUR_1
 73
     2
 44
1.0
1001
REVIT
1002
{
1070
     1
1000
2299637
1002
}
1002
{
1070
     5
1000
744073
1002
}
1002
{
1070
     2
1000
-2000300
1002
}
  0
DIMENSION
  5
931
330
70
100
AcDbEntity
  8
A-ANNO-DIMS
100
AcDbDimension
280
     0
  2
DIMBLOCK2-SECTION C-C
 10
28899.46338208718
 20
35940.64103403686
 30
0.0
 11
28599.46338208718
 21
36043.10257259383
 31
0.0
 70
    32
 71
     5
 42
600.0
 73
     0
 74
     0
 75
     0
  3
2_0mm_Calibrii
100
AcDbAlignedDimension
 13
28299.46338208718
 23
35640.64103403686
 33
0.0
 14
28899.46338208718
 24
35640.64103403686
 34
0.0
100
AcDbRotatedDimension
1001
ACAD
1000
DSTYLE
1002
{
1070
    49
1040
600.0
1002
}
1001
REVIT
1002
{
1070
     1
1000
2299912
1002
}
1002
{
1070
     5
1000
2148925
1002
}
1002
{
1070
     2
1000
-2000260
1002
}
  0
DIMENSION
  5
94B
330
70
100
AcDbEntity
  8
A-ANNO-DIMS
100
AcDbDimension
280
     0
  2
DIMBLOCK3-SECTION C-C
 10
18594.46338394466
 20
38552.52606269068
 30
0.0
 11
18444.46338390305
 21
38654.98760124764
 31
0.0
 70
    32
 71
     5
 42
300.0000000832297
 73
     0
 74
     0
 75
     0
  3
2_0mm_Calibrii
100
AcDbAlignedDimension
 13
18294.46338386143
 23
38252.52606269068
 33
0.0
 14
18594.46338394466
 24
38252.52606269068
 34
0.0
100
AcDbRotatedDimension
1001
ACAD
1000
DSTYLE
1002
{
1070
    49
1040
300.0000000832297
1002
}
1001
REVIT
1002
{
1070
     1
1000
2299920
1002
}
1002
{
1070
     5
1000
2148925
1002
}
1002
{
1070
     2
1000
-2000260
1002
}
  0
LINE
  5
95A
330
70
100
AcDbEntity
  8
G-ANNO-TEXT
 62
     7
100
AcDbLine
 10
26631.25324843453
 20
37249.65291082616
 30
0.0
 11
26909.06574843453
 21
37249.65291082616
 31
0.0
1001
REVIT
1002
{
1070
     1
1000
2313156
1002
}
1002
{
1070
     5
1000
744073
1002
}
1002
{
1070
     2
1000
-2000300
1002
}
  0
LINE
  5
95B
330
70
100
AcDbEntity
  8
G-ANNO-TEXT
 62
     7
100
AcDbLine
 10
26097.81629311488
 20
35594.42147840812
 30
0.0
 11
26178.20105084421
 21
35894.42147840812
 31
0.0
1001
REVIT
1002
{
1070
     1
1000
2313156
1002
}
1002
{
1070
     5
1000
744073
1002
}
1002
{
1070
     2
1000
-2000300
1002
}
  0
LINE
  5
95C
330
70
100
AcDbEntity
  8
G-ANNO-TEXT
 62
     7
100
AcDbLine
 10
26178.20105084421
 20
35894.42147840812
 30
0.0
 11
26017.43153538553
 21
35894.42147840812
 31
0.0
1001
REVIT
1002
{
1070
     1
1000
2313156
1002
}
1002
{
1070
     5
1000
744073
1002
}
1002
{
1070
     2
1000
-2000300
1002
}
  0
LINE
  5
95D
330
70
100
AcDbEntity
  8
G-ANNO-TEXT
 62
     7
100
AcDbLine
 10
26017.43153538553
 20
35894.42147840812
 30
0.0
 11
26097.81629311488
 21
35594.42147840812
 31
0.0
1001
REVIT
1002
{
1070
     1
1000
2313156
1002
}
1002
{
1070
     5
1000
744073
1002
}
1002
{
1070
     2
1000
-2000300
1002
}
  0
HATCH
  5
95E
330
70
100
AcDbEntity
  8
G-ANNO-TEXT
 62
     7
100
AcDbHatch
 10
0.0
 20
0.0
 30
0.0
210
0.0
220
0.0
230
1.0
  2
SOLID
 70
     1
 71
     0
 91
        1
 92
        1
 93
        3
 72
     1
 10
26097.81629311488
 20
35594.42147840812
 11
26178.20105084421
 21
35894.42147840812
 72
     1
 10
26178.20105084421
 20
35894.42147840812
 11
26017.43153538553
 21
35894.42147840812
 72
     1
 10
26017.43153538553
 20
35894.42147840812
 11
26097.81629311488
 21
35594.42147840812
 97
        0
 75
     0
 76
     1
 98
        1
 10
0.0
 20
0.0
1001
REVIT
1002
{
1070
     1
1000
2313156
1002
}
1002
{
1070
     5
1000
744073
1002
}
1002
{
1070
     2
1000
-2000300
1002
}
  0
LINE
  5
95F
330
70
100
AcDbEntity
  8
G-ANNO-TEXT
 62
     7
100
AcDbLine
 10
26097.81629311488
 20
37249.65291082634
 30
0.0
 11
26631.25324843453
 21
37249.65291082616
 31
0.0
1001
REVIT
1002
{
1070
     1
1000
2313156
1002
}
1002
{
1070
     5
1000
744073
1002
}
1002
{
1070
     2
1000
-2000300
1002
}
  0
LINE
  5
960
330
70
100
AcDbEntity
  8
G-ANNO-TEXT
 62
     7
100
AcDbLine
 10
26097.81629311488
 20
35594.42147840812
 30
0.0
 11
26097.81629311488
 21
37249.65291082634
 31
0.0
1001
REVIT
1002
{
1070
     1
1000
2313156
1002
}
1002
{
1070
     5
1000
744073
1002
}
1002
{
1070
     2
1000
-2000300
1002
}
  0
MTEXT
  5
961
330
70
100
AcDbEntity
  8
G-ANNO-TEXT
 62
     7
100
AcDbMText
 10
27059.06574843453
 20
37324.65291082616
 30
0.0
 40
150.0
 41
1964.134375
 46
0.0
 71
     1
 72
     1
  1
      ROOF PITCH
  7
ISOCPEUR_1
 73
     2
 44
1.0
1001
REVIT
1002
{
1070
     1
1000
2313156
1002
}
1002
{
1070
     5
1000
744073
1002
}
1002
{
1070
     2
1000
-2000300
1002
}
  0
MTEXT
  5
962
330
70
100
AcDbEntity
  8
G-ANNO-TEXT
 62
     7
100
AcDbMText
 10
27072.2949151012
 20
37040.22582749283
 30
0.0
 40
150.0
 41
1940.08375
 46
0.0
 71
     1
 72
     1
  1
COLORBOND ROOF
  7
ISOCPEUR_1
 73
     2
 44
1.0
1001
REVIT
1002
{
1070
     1
1000
2313156
1002
}
1002
{
1070
     5
1000
744073
1002
}
1002
{
1070
     2
1000
-2000300
1002
}
  0
MTEXT
  5
963
330
70
100
AcDbEntity
  8
G-ANNO-TEXT
 62
     7
100
AcDbMText
 10
26781.25324843453
 20
36755.7987441595
 30
0.0
 40
150.0
 41
2637.551875000001
 46
0.0
 71
     1
 72
     1
  1
SHEETING AS SELECTED
  7
ISOCPEUR_1
 73
     2
 44
1.0
1001
REVIT
1002
{
1070
     1
1000
2313156
1002
}
1002
{
1070
     5
1000
744073
1002
}
1002
{
1070
     2
1000
-2000300
1002
}
  0
MTEXT
  5
964
330
70
100
AcDbEntity
  8
G-ANNO-TEXT
 62
     7
100
AcDbMText
 10
27175.15546885532
 20
37375.94063340254
 30
0.0
 40
250.0
 41
400.8437499999999
 46
0.0
 71
     1
 72
     1
  1
5°
  7
ISOCPEUR_2
 73
     2
 44
1.0
1001
REVIT
1002
{
1070
     1
1000
2313157
1002
}
1002
{
1070
     5
1000
732082
1002
}
1002
{
1070
     2
1000
-2000300
1002
}
  0
LINE
  5
965
330
70
100
AcDbEntity
  8
G-ANNO-TEXT
 62
     7
100
AcDbLine
 10
8880.671932252997
 20
29104.70258203209
 30
0.0
 11
9010.945353990537
 21
28822.76190588905
 31
0.0
1001
REVIT
1002
{
1070
     1
1000
2336270
1002
}
1002
{
1070
     5
1000
744073
1002
}
1002
{
1070
     2
1000
-2000300
1002
}
  0
LINE
  5
966
330
70
100
AcDbEntity
  8
G-ANNO-TEXT
 62
     7
100
AcDbLine
 10
9010.945353990537
 20
28822.76190588905
 30
0.0
 11
9134.462362987155
 21
28925.67150500083
 31
0.0
1001
REVIT
1002
{
1070
     1
1000
2336270
1002
}
1002
{
1070
     5
1000
744073
1002
}
1002
{
1070
     2
1000
-2000300
1002
}
  0
LINE
  5
967
330
70
100
AcDbEntity
  8
G-ANNO-TEXT
 62
     7
100
AcDbLine
 10
9134.462362987155
 20
28925.67150500083
 30
0.0
 11
8880.671932252997
 21
29104.70258203209
 31
0.0
1001
REVIT
1002
{
1070
     1
1000
2336270
1002
}
1002
{
1070
     5
1000
744073
1002
}
1002
{
1070
     2
1000
-2000300
1002
}
  0
HATCH
  5
968
330
70
100
AcDbEntity
  8
G-ANNO-TEXT
 62
     7
100
AcDbHatch
 10
0.0
 20
0.0
 30
0.0
210
0.0
220
0.0
230
1.0
  2
SOLID
 70
     1
 71
     0
 91
        1
 92
        1
 93
        3
 72
     1
 10
8880.671932252997
 20
29104.70258203209
 11
9010.945353990537
 21
28822.76190588905
 72
     1
 10
9010.945353990537
 20
28822.76190588905
 11
9134.462362987155
 21
28925.67150500083
 72
     1
 10
9134.462362987155
 20
28925.67150500083
 11
8880.671932252997
 21
29104.70258203209
 97
        0
 75
     0
 76
     1
 98
        1
 10
0.0
 20
0.0
1001
REVIT
1002
{
1070
     1
1000
2336270
1002
}
1002
{
1070
     5
1000
744073
1002
}
1002
{
1070
     2
1000
-2000300
1002
}
  0
LINE
  5
969
330
70
100
AcDbEntity
  8
G-ANNO-TEXT
 62
     7
100
AcDbLine
 10
10149.27134353553
 20
27582.06906437267
 30
0.0
 11
10348.27531763029
 21
27582.06906437267
 31
0.0
1001
REVIT
1002
{
1070
     1
1000
2336270
1002
}
1002
{
1070
     5
1000
744073
1002
}
1002
{
1070
     2
1000
-2000300
1002
}
  0
LINE
  5
96A
330
70
100
AcDbEntity
  8
G-ANNO-TEXT
 62
     7
100
AcDbLine
 10
8880.671932252997
 20
29104.70258203209
 30
0.0
 11
10149.27134353553
 21
27582.06906437267
 31
0.0
1001
REVIT
1002
{
1070
     1
1000
2336270
1002
}
1002
{
1070
     5
1000
744073
1002
}
1002
{
1070
     2
1000
-2000300
1002
}
  0
MTEXT
  5
96B
330
70
100
AcDbEntity
  8
G-ANNO-TEXT
 62
     7
100
AcDbMText
 10
10498.27531763029
 20
27657.06906437267
 30
0.0
 40
150.0
 41
2733.754375
 46
0.0
 71
     1
 72
     1
  1
SHORING PILES TO ENG. 
  7
ISOCPEUR_1
 73
     2
 44
1.0
1001
REVIT
1002
{
1070
     1
1000
2336270
1002
}
1002
{
1070
     5
1000
744073
1002
}
1002
{
1070
     2
1000
-2000300
1002
}
  0
MTEXT
  5
96C
330
70
100
AcDbEntity
  8
G-ANNO-TEXT
 62
     7
100
AcDbMText
 10
10498.27531763029
 20
27372.64198103933
 30
0.0
 40
150.0
 41
1018.143125
 46
0.0
 71
     1
 72
     1
  1
DETAILS 
  7
ISOCPEUR_1
 73
     2
 44
1.0
1001
REVIT
1002
{
1070
     1
1000
2336270
1002
}
1002
{
1070
     5
1000
744073
1002
}
1002
{
1070
     2
1000
-2000300
1002
}
  0
DIMENSION
  5
97B
330
70
100
AcDbEntity
  8
A-ANNO-DIMS
100
AcDbDimension
280
     0
  2
DIMBLOCK4-SECTION C-C
 10
28813.06026002066
 20
31890.00000000002
 30
0.0
 11
28736.21410610295
 21
32240.0
 31
0.0
 70
    32
 71
     5
 42
700.0000000000036
 73
     0
 74
     0
 75
     0
  3
1_5mm_Calibrii
100
AcDbAlignedDimension
 13
28513.06026002065
 23
32590.00000000001
 33
0.0
 14
28513.06026002065
 24
31890.0
 34
0.0
 50
89.99999999999991
100
AcDbRotatedDimension
1001
ACAD
1000
DSTYLE
1002
{
1070
    49
1040
700.0000000000036
1002
}
1001
REVIT
1002
{
1070
     1
1000
2346018
1002
}
1002
{
1070
     5
1000
2159605
1002
}
1002
{
1070
     2
1000
-2000260
1002
}
  0
MTEXT
  5
989
330
70
100
AcDbEntity
  8
G-ANNO-TEXT
 62
     7
100
AcDbMText
 10
23507.41584604015
 20
40184.31540597045
 30
0.0
 40
150.0
 41
1988.185
 46
0.0
 71
     1
 72
     1
  1
 ALL HANDRAILS
  7
Calibri_B
 73
     2
 44
1.0
1001
REVIT
1002
{
1070
     1
1000
2486484
1002
}
1002
{
1070
     5
1000
2108198
1002
}
1002
{
1070
     2
1000
-2000300
1002
}
  0
MTEXT
  5
98A
330
70
100
AcDbEntity
  8
G-ANNO-TEXT
 62
     7
100
AcDbMText
 10
25147.83251270682
 20
40184.31540597045
 30
0.0
 40
150.0
 41
4802.108125
 46
0.0
 71
     1
 72
     1
  1
 WILL BE A MINIUMUM HEIGHT OF 1m -
  7
Calibri
 73
     2
 44
1.0
1001
REVIT
1002
{
1070
     1
1000
2486484
1002
}
1002
{
1070
     5
1000
2108198
1002
}
1002
{
1070
     2
1000
-2000300
1002
}
  0
MTEXT
  5
98B
330
70
100
AcDbEntity
  8
G-ANNO-TEXT
 62
     7
100
AcDbMText
 10
23712.46792937348
 20
39886.65915597045
 30
0.0
 40
150.0
 41
6349.365000000001
 46
0.0
 71
     1
 72
     1
  1
THE HANDRAIL WILL BE CONTINUOUS AND COMPLY 
  7
Calibri
 73
     2
 44
1.0
1001
REVIT
1002
{
1070
     1
1000
2486484
1002
}
1002
{
1070
     5
1000
2108198
1002
}
1002
{
1070
     2
1000
-2000300
1002
}
  0
MTEXT
  5
98C
330
70
100
AcDbEntity
  8
G-ANNO-TEXT
 62
     7
100
AcDbMText
 10
24446.68667937348
 20
39589.00290597045
 30
0.0
 40
150.0
 41
4513.500625000001
 46
0.0
 71
     1
 72
     1
  1
WITH PART 11.53.5 OF THE NCC 2022
  7
Calibri
 73
     2
 44
1.0
1001
REVIT
1002
{
1070
     1
1000
2486484
1002
}
1002
{
1070
     5
1000
2108198
1002
}
1002
{
1070
     2
1000
-2000300
1002
}
  0
DIMENSION
  5
99B
330
70
100
AcDbEntity
  8
A-ANNO-DIMS
100
AcDbDimension
280
     0
  2
DIMBLOCK5-SECTION C-C
 10
15644.03858401968
 20
32345.00000000002
 30
0.0
 11
15567.19243010197
 21
33515.00000000001
 31
0.0
 70
    32
 71
     5
 42
2340.000000000011
 73
     0
 74
     0
 75
     0
  3
1_5mm_Calibri_Orange_2
100
AcDbAlignedDimension
 13
15344.03858401968
 23
34685.00000000001
 33
0.0
 14
15344.03858401968
 24
32345.0
 34
0.0
 50
89.99999999999991
100
AcDbRotatedDimension
1001
ACAD
1000
DSTYLE
1002
{
1070
    49
1040
2340.000000000008
1002
}
1001
REVIT
1002
{
1070
     1
1000
2600637
1002
}
1002
{
1070
     5
1000
2510899
1002
}
1002
{
1070
     2
1000
-2000260
1002
}
  0
DIMENSION
  5
9B5
330
70
100
AcDbEntity
  8
A-ANNO-DIMS
100
AcDbDimension
280
     0
  2
DIMBLOCK6-SECTION C-C
 10
15875.65833206463
 20
28895.00000000001
 30
0.0
 11
15798.81217814692
 21
30065.00000000001
 31
0.0
 70
    32
 71
     5
 42
2340.000000000008
 73
     0
 74
     0
 75
     0
  3
1_5mm_Calibri_Orange_2
100
AcDbAlignedDimension
 13
15575.65833206463
 23
31235.00000000001
 33
0.0
 14
15575.65833206463
 24
28895.0
 34
0.0
 50
89.99999999999991
100
AcDbRotatedDimension
1001
ACAD
1000
DSTYLE
1002
{
1070
    49
1040
2340.000000000008
1002
}
1001
REVIT
1002
{
1070
     1
1000
2600644
1002
}
1002
{
1070
     5
1000
2510899
1002
}
1002
{
1070
     2
1000
-2000260
1002
}
  0
DIMENSION
  5
9CF
330
70
100
AcDbEntity
  8
A-ANNO-DIMS
100
AcDbDimension
280
     0
  2
DIMBLOCK7-SECTION C-C
 10
15036.60271817179
 20
37885.00000000002
 30
0.0
 11
14959.75656425407
 21
36715.00000000002
 31
0.0
 70
    32
 71
     5
 42
2340.000000000008
 73
     0
 74
     0
 75
     0
  3
1_5mm_Calibri_Orange_2
100
AcDbAlignedDimension
 13
14736.60271817178
 23
35545.0
 33
0.0
 14
14736.60271817178
 24
37885.00000000001
 34
0.0
 50
89.99999999999991
100
AcDbRotatedDimension
1001
ACAD
1000
DSTYLE
1002
{
1070
    49
1040
2340.000000000008
1002
}
1001
REVIT
1002
{
1070
     1
1000
2600652
1002
}
1002
{
1070
     5
1000
2510899
1002
}
1002
{
1070
     2
1000
-2000260
1002
}
  0
ENDSEC
  0
SECTION
  2
OBJECTS
  0
DICTIONARY
  5
C
330
0
100
AcDbDictionary
281
     1
  3
ACAD_CIP_PREVIOUS_PRODUCT_INFO
350
79
  3
ACAD_COLOR
350
63
  3
ACAD_DETAILVIEWSTYLE
350
6A
  3
ACAD_GROUP
350
D
  3
ACAD_IMAGE_VARS
350
7A
  3
ACAD_LAYOUT
350
62
  3
ACAD_MATERIAL
350
10
  3
ACAD_MLEADERSTYLE
350
66
  3
ACAD_MLINESTYLE
350
5F
  3
ACAD_PLOTSETTINGS
350
61
  3
ACAD_PLOTSTYLENAME
350
E
  3
ACAD_SCALELIST
350
42
  3
ACAD_SECTIONVIEWSTYLE
350
68
  3
ACAD_TABLESTYLE
350
64
  3
ACAD_VISUALSTYLE
350
29
  3
ACDB_RECOMPOSE_DATA
350
9ED
  3
AcDbVariableDictionary
350
9E5
  3
REVIT_DICTIONARY
350
9DC
  0
DICTIONARY
  5
9E1
330
70
100
AcDbDictionary
280
     1
281
     1
  3
ACAD_SORTENTS
360
9E2
  0
XRECORD
  5
79
102
{ACAD_REACTORS
330
C
102
}
330
C
100
AcDbXrecord
280
     1
300
RVT
300
2026
300
RVT2026
  0
DICTIONARY
  5
63
102
{ACAD_REACTORS
330
C
102
}
330
C
100
AcDbDictionary
281
     1
  0
DICTIONARY
  5
6A
102
{ACAD_REACTORS
330
C
102
}
330
C
100
AcDbDictionary
281
     1
  3
Imperial24
350
6B
  0
DICTIONARY
  5
D
102
{ACAD_REACTORS
330
C
102
}
330
C
100
AcDbDictionary
281
     1
  0
RASTERVARIABLES
  5
7A
102
{ACAD_REACTORS
330
C
102
}
330
C
100
AcDbRasterVariables
 90
        0
 70
     0
 71
     1
 72
     1
  0
DICTIONARY
  5
62
102
{ACAD_REACTORS
330
C
102
}
330
C
100
AcDbDictionary
281
     1
  3
Layout1
350
6F
  3
Layout2
350
77
  3
Model
350
73
  0
DICTIONARY
  5
10
102
{ACAD_REACTORS
330
C
102
}
330
C
100
AcDbDictionary
281
     1
  3
ByBlock
350
19
  3
ByLayer
350
11
  3
Global
350
21
  0
DICTIONARY
  5
66
102
{ACAD_REACTORS
330
C
102
}
330
C
100
AcDbDictionary
281
     1
  3
Standard
350
67
  0
DICTIONARY
  5
5F
102
{ACAD_REACTORS
330
C
102
}
330
C
100
AcDbDictionary
281
     1
  3
Standard
350
60
  0
DICTIONARY
  5
61
102
{ACAD_REACTORS
330
C
102
}
330
C
100
AcDbDictionary
281
     1
  0
ACDBDICTIONARYWDFLT
  5
E
102
{ACAD_REACTORS
330
C
102
}
330
C
100
AcDbDictionary
281
     1
  3
Normal
350
F
100
AcDbDictionaryWithDefault
340
F
  0
DICTIONARY
  5
42
102
{ACAD_REACTORS
330
C
102
}
330
C
100
AcDbDictionary
281
     1
  3
A0
350
43
  3
A1
350
44
  3
A2
350
45
  3
A3
350
46
  3
A4
350
47
  3
A5
350
48
  3
A6
350
49
  3
A7
350
4A
  3
A8
350
4B
  3
A9
350
4C
  3
B0
350
4D
  3
B1
350
4E
  3
B2
350
4F
  3
B3
350
50
  3
B4
350
51
  3
B5
350
52
  3
B6
350
53
  0
DICTIONARY
  5
68
102
{ACAD_REACTORS
330
C
102
}
330
C
100
AcDbDictionary
281
     1
  3
Imperial24
350
69
  0
DICTIONARY
  5
64
102
{ACAD_REACTORS
330
C
102
}
330
C
100
AcDbDictionary
281
     1
  3
Standard
350
65
  0
DICTIONARY
  5
29
102
{ACAD_REACTORS
330
C
102
}
330
C
100
AcDbDictionary
281
     1
  3
2dWireframe
350
2F
  3
Basic
350
2E
  3
Brighten
350
35
  3
ColorChange
350
39
  3
Conceptual
350
32
  3
Dim
350
34
  3
EdgeColorOff
350
41
  3
Facepattern
350
38
  3
Flat
350
2A
  3
FlatWithEdges
350
2B
  3
Gouraud
350
2C
  3
GouraudWithEdges
350
2D
  3
Hidden
350
31
  3
JitterOff
350
3F
  3
Linepattern
350
37
  3
OverhangOff
350
40
  3
Realistic
350
33
  3
Shaded
350
3E
  3
Shaded with edges
350
3D
  3
Shades of Gray
350
3A
  3
Sketchy
350
3B
  3
Thicken
350
36
  3
Wireframe
350
30
  3
X-Ray
350
3C
  0
XRECORD
  5
9ED
102
{ACAD_REACTORS
330
C
102
}
330
C
100
AcDbXrecord
280
     1
 90
        1
330
65
  0
DICTIONARY
  5
9E5
102
{ACAD_REACTORS
330
C
102
}
330
C
100
AcDbDictionary
281
     1
  3
CANNOSCALE
350
9EA
  3
CMLEADERSTYLE
350
9E7
  3
CTABLESTYLE
350
9E6
  3
CVIEWDETAILSTYLE
350
9E8
  3
CVIEWSECTIONSTYLE
350
9E9
  0
DICTIONARY
  5
9DC
102
{ACAD_REACTORS
330
C
102
}
330
C
100
AcDbDictionary
281
     1
  3
DRAWING_TOOL
350
9E0
  3
REVIT_CATEGORY_MAPPING
350
9DE
  3
REVIT_SUB_CATEGORY_MAPPING
350
9DF
  3
REVIT_TYPE_MAPPING
350
9DD
  0
SORTENTSTABLE
  5
9E2
102
{ACAD_REACTORS
330
9E1
102
}
330
9E1
100
AcDbSortentsTable
330
70
  0
ACDBDETAILVIEWSTYLE
  5
6B
102
{ACAD_REACTORS
330
6A
102
}
330
6A
100
AcDbModelDocViewStyle
 70
     0
  3
Imperial24
290
     0
300
Imperial24
 90
        0
100
AcDbDetailViewStyle
 70
     0
 71
     0
 90
        3
 71
     1
340
55
 62
   256
 40
0.24
340
0
 62
   256
 40
0.24
300

 40
0.36
280
     3
 71
     2
340
5D
 90
       25
 62
   256
 71
     3
340
55
 62
   256
 40
0.24
 90
        1
 40
0.75
 90
        1
300
%<\AcVar ViewType \f "%tc1">% %<\AcVar ViewDetailId>%\PSCALE %<\AcVar ViewScale \f "%sn">%
 71
     4
340
5D
 90
       25
 62
   256
340
5D
 90
       25
 62
   256
280
     0
  0
LAYOUT
  5
6F
102
{ACAD_REACTORS
330
62
102
}
330
62
100
AcDbPlotSettings
  1

  2

  4

  6

 40
0.0
 41
0.0
 42
0.0
 43
0.0
 44
0.0
 45
0.0
 46
0.0
 47
0.0
 48
0.0
 49
0.0
140
0.0
141
0.0
142
1.0
143
1.0
 70
   688
 72
     0
 73
     0
 74
     5
  7

 75
    16
 76
     0
 77
     2
 78
   300
147
1.0
148
0.0
149
0.0
100
AcDbLayout
  1
Layout1
 70
     1
 71
     1
 10
0.0
 20
0.0
 11
12.0
 21
9.0
 12
0.0
 22
0.0
 32
0.0
 14
0.0
 24
0.0
 34
0.0
 15
0.0
 25
0.0
 35
0.0
146
0.0
 13
0.0
 23
0.0
 33
0.0
 16
1.0
 26
0.0
 36
0.0
 17
0.0
 27
1.0
 37
0.0
 76
     0
330
6C
  0
LAYOUT
  5
77
102
{ACAD_REACTORS
330
62
102
}
330
62
100
AcDbPlotSettings
  1

  2

  4

  6

 40
0.0
 41
0.0
 42
0.0
 43
0.0
 44
0.0
 45
0.0
 46
0.0
 47
0.0
 48
0.0
 49
0.0
140
0.0
141
0.0
142
1.0
143
1.0
 70
   688
 72
     0
 73
     0
 74
     5
  7

 75
    16
 76
     0
 77
     2
 78
   300
147
1.0
148
0.0
149
0.0
100
AcDbLayout
  1
Layout2
 70
     1
 71
     2
 10
0.0
 20
0.0
 11
12.0
 21
9.0
 12
0.0
 22
0.0
 32
0.0
 14
0.0
 24
0.0
 34
0.0
 15
0.0
 25
0.0
 35
0.0
146
0.0
 13
0.0
 23
0.0
 33
0.0
 16
1.0
 26
0.0
 36
0.0
 17
0.0
 27
1.0
 37
0.0
 76
     0
330
74
  0
LAYOUT
  5
73
102
{ACAD_REACTORS
330
62
102
}
330
62
100
AcDbPlotSettings
  1

  2

  4

  6

 40
0.0
 41
0.0
 42
0.0
 43
0.0
 44
0.0
 45
0.0
 46
0.0
 47
0.0
 48
0.0
 49
0.0
140
0.0
141
0.0
142
1.0
143
1.0
 70
  1712
 72
     0
 73
     0
 74
     0
  7

 75
     0
 76
     0
 77
     2
 78
   300
147
1.0
148
0.0
149
0.0
100
AcDbLayout
  1
Model
 70
     1
 71
     0
 10
0.0
 20
0.0
 11
12.0
 21
9.0
 12
0.0
 22
0.0
 32
0.0
 14
0.0
 24
0.0
 34
0.0
 15
0.0
 25
0.0
 35
0.0
146
0.0
 13
0.0
 23
0.0
 33
0.0
 16
1.0
 26
0.0
 36
0.0
 17
0.0
 27
1.0
 37
0.0
 76
     0
330
70
331
57
  0
MATERIAL
  5
19
102
{ACAD_REACTORS
330
10
102
}
330
10
100
AcDbMaterial
  1
ByBlock
 72
     0
 73
     2
 43
0.0208333333333333
 43
0.0
 43
0.0
 43
0.0
 43
0.0
 43
0.0208333333333333
 43
0.0
 43
0.0
 43
0.0
 43
0.0
 43
1.0
 43
0.0
 43
0.0
 43
0.0
 43
0.0
 43
1.0
 77
     0
 78
     2
 47
0.0208333333333333
 47
0.0
 47
0.0
 47
0.0
 47
0.0
 47
0.0208333333333333
 47
0.0
 47
0.0
 47
0.0
 47
0.0
 47
1.0
 47
0.0
 47
0.0
 47
0.0
 47
0.0
 47
1.0
171
     0
172
     2
 49
0.0208333333333333
 49
0.0
 49
0.0
 49
0.0
 49
0.0
 49
0.0208333333333333
 49
0.0
 49
0.0
 49
0.0
 49
0.0
 49
1.0
 49
0.0
 49
0.0
 49
0.0
 49
0.0
 49
1.0
175
     0
176
     2
142
0.0208333333333333
142
0.0
142
0.0
142
0.0
142
0.0
142
0.0208333333333333
142
0.0
142
0.0
142
0.0
142
0.0
142
1.0
142
0.0
142
0.0
142
0.0
142
0.0
142
1.0
179
     0
270
     2
144
0.0208333333333333
144
0.0
144
0.0
144
0.0
144
0.0
144
0.0208333333333333
144
0.0
144
0.0
144
0.0
144
0.0
144
1.0
144
0.0
144
0.0
144
0.0
144
0.0
144
1.0
274
     2
147
0.0208333333333333
147
0.0
147
0.0
147
0.0
147
0.0
147
0.0208333333333333
147
0.0
147
0.0
147
0.0
147
0.0
147
1.0
147
0.0
147
0.0
147
0.0
147
0.0
147
1.0
 94
      127
  0
MATERIAL
  5
11
102
{ACAD_REACTORS
330
10
102
}
330
10
100
AcDbMaterial
  1
ByLayer
 72
     0
 73
     2
 43
0.0208333333333333
 43
0.0
 43
0.0
 43
0.0
 43
0.0
 43
0.0208333333333333
 43
0.0
 43
0.0
 43
0.0
 43
0.0
 43
1.0
 43
0.0
 43
0.0
 43
0.0
 43
0.0
 43
1.0
 77
     0
 78
     2
 47
0.0208333333333333
 47
0.0
 47
0.0
 47
0.0
 47
0.0
 47
0.0208333333333333
 47
0.0
 47
0.0
 47
0.0
 47
0.0
 47
1.0
 47
0.0
 47
0.0
 47
0.0
 47
0.0
 47
1.0
171
     0
172
     2
 49
0.0208333333333333
 49
0.0
 49
0.0
 49
0.0
 49
0.0
 49
0.0208333333333333
 49
0.0
 49
0.0
 49
0.0
 49
0.0
 49
1.0
 49
0.0
 49
0.0
 49
0.0
 49
0.0
 49
1.0
175
     0
176
     2
142
0.0208333333333333
142
0.0
142
0.0
142
0.0
142
0.0
142
0.0208333333333333
142
0.0
142
0.0
142
0.0
142
0.0
142
1.0
142
0.0
142
0.0
142
0.0
142
0.0
142
1.0
179
     0
270
     2
144
0.0208333333333333
144
0.0
144
0.0
144
0.0
144
0.0
144
0.0208333333333333
144
0.0
144
0.0
144
0.0
144
0.0
144
1.0
144
0.0
144
0.0
144
0.0
144
0.0
144
1.0
274
     2
147
0.0208333333333333
147
0.0
147
0.0
147
0.0
147
0.0
147
0.0208333333333333
147
0.0
147
0.0
147
0.0
147
0.0
147
1.0
147
0.0
147
0.0
147
0.0
147
0.0
147
1.0
 94
      127
  0
MATERIAL
  5
21
102
{ACAD_REACTORS
330
10
102
}
330
10
100
AcDbMaterial
  1
Global
 72
     0
 73
     2
 43
0.0208333333333333
 43
0.0
 43
0.0
 43
0.0
 43
0.0
 43
0.0208333333333333
 43
0.0
 43
0.0
 43
0.0
 43
0.0
 43
1.0
 43
0.0
 43
0.0
 43
0.0
 43
0.0
 43
1.0
 77
     0
 78
     2
 47
0.0208333333333333
 47
0.0
 47
0.0
 47
0.0
 47
0.0
 47
0.0208333333333333
 47
0.0
 47
0.0
 47
0.0
 47
0.0
 47
1.0
 47
0.0
 47
0.0
 47
0.0
 47
0.0
 47
1.0
171
     0
172
     2
 49
0.0208333333333333
 49
0.0
 49
0.0
 49
0.0
 49
0.0
 49
0.0208333333333333
 49
0.0
 49
0.0
 49
0.0
 49
0.0
 49
1.0
 49
0.0
 49
0.0
 49
0.0
 49
0.0
 49
1.0
175
     0
176
     2
142
0.0208333333333333
142
0.0
142
0.0
142
0.0
142
0.0
142
0.0208333333333333
142
0.0
142
0.0
142
0.0
142
0.0
142
1.0
142
0.0
142
0.0
142
0.0
142
0.0
142
1.0
179
     0
270
     2
144
0.0208333333333333
144
0.0
144
0.0
144
0.0
144
0.0
144
0.0208333333333333
144
0.0
144
0.0
144
0.0
144
0.0
144
1.0
144
0.0
144
0.0
144
0.0
144
0.0
144
1.0
274
     2
147
0.0208333333333333
147
0.0
147
0.0
147
0.0
147
0.0
147
0.0208333333333333
147
0.0
147
0.0
147
0.0
147
0.0
147
1.0
147
0.0
147
0.0
147
0.0
147
0.0
147
1.0
 94
      127
  0
MLEADERSTYLE
  5
67
102
{ACAD_REACTORS
330
66
102
}
330
66
100
AcDbMLeaderStyle
179
     2
170
     2
171
     1
172
     0
 90
        2
 40
0.0
 41
0.0
173
     1
 91
-1056964608
340
5B
 92
       -2
290
     1
 42
0.09
291
     1
 43
0.36
  3
Standard
341
0
 44
0.18
300

342
55
174
     1
178
     6
175
     1
176
     0
 93
-1056964608
 45
0.18
292
     0
297
     0
 46
0.18
343
0
 94
-1056964608
 47
1.0
 49
1.0
140
1.0
293
     1
141
0.0
294
     1
177
     0
142
1.0
295
     1
296
     0
143
0.125
271
     0
272
     9
273
     9
298
     1
  0
MLINESTYLE
  5
60
102
{ACAD_REACTORS
330
5F
102
}
330
5F
100
AcDbMlineStyle
  2
STANDARD
 70
     0
  3

 62
   256
 51
90.0
 52
90.0
 71
     2
 49
0.5
 62
   256
  6
BYLAYER
 49
-0.5
 62
   256
  6
BYLAYER
  0
ACDBPLACEHOLDER
  5
F
102
{ACAD_REACTORS
330
E
102
}
330
E
  0
SCALE
  5
43
102
{ACAD_REACTORS
330
42
102
}
330
42
100
AcDbScale
 70
     0
300
1:1
140
1.0
141
1.0
290
     1
  0
SCALE
  5
44
102
{ACAD_REACTORS
330
42
102
}
330
42
100
AcDbScale
 70
     0
300
1/128" = 1'-0"
140
0.0078125
141
12.0
290
     0
  0
SCALE
  5
45
102
{ACAD_REACTORS
330
42
102
}
330
42
100
AcDbScale
 70
     0
300
1/64" = 1'-0"
140
0.015625
141
12.0
290
     0
  0
SCALE
  5
46
102
{ACAD_REACTORS
330
42
102
}
330
42
100
AcDbScale
 70
     0
300
1/32" = 1'-0"
140
0.03125
141
12.0
290
     0
  0
SCALE
  5
47
102
{ACAD_REACTORS
330
42
102
}
330
42
100
AcDbScale
 70
     0
300
1/16" = 1'-0"
140
0.0625
141
12.0
290
     0
  0
SCALE
  5
48
102
{ACAD_REACTORS
330
42
102
}
330
42
100
AcDbScale
 70
     0
300
3/32" = 1'-0"
140
0.09375
141
12.0
290
     0
  0
SCALE
  5
49
102
{ACAD_REACTORS
330
42
102
}
330
42
100
AcDbScale
 70
     0
300
1/8" = 1'-0"
140
0.125
141
12.0
290
     0
  0
SCALE
  5
4A
102
{ACAD_REACTORS
330
42
102
}
330
42
100
AcDbScale
 70
     0
300
3/16" = 1'-0"
140
0.1875
141
12.0
290
     0
  0
SCALE
  5
4B
102
{ACAD_REACTORS
330
42
102
}
330
42
100
AcDbScale
 70
     0
300
1/4" = 1'-0"
140
0.25
141
12.0
290
     0
  0
SCALE
  5
4C
102
{ACAD_REACTORS
330
42
102
}
330
42
100
AcDbScale
 70
     0
300
3/8" = 1'-0"
140
0.375
141
12.0
290
     0
  0
SCALE
  5
4D
102
{ACAD_REACTORS
330
42
102
}
330
42
100
AcDbScale
 70
     0
300
1/2" = 1'-0"
140
0.5
141
12.0
290
     0
  0
SCALE
  5
4E
102
{ACAD_REACTORS
330
42
102
}
330
42
100
AcDbScale
 70
     0
300
3/4" = 1'-0"
140
0.75
141
12.0
290
     0
  0
SCALE
  5
4F
102
{ACAD_REACTORS
330
42
102
}
330
42
100
AcDbScale
 70
     0
300
1" = 1'-0"
140
1.0
141
12.0
290
     0
  0
SCALE
  5
50
102
{ACAD_REACTORS
330
42
102
}
330
42
100
AcDbScale
 70
     0
300
1-1/2" = 1'-0"
140
1.5
141
12.0
290
     0
  0
SCALE
  5
51
102
{ACAD_REACTORS
330
42
102
}
330
42
100
AcDbScale
 70
     0
300
3" = 1'-0"
140
3.0
141
12.0
290
     0
  0
SCALE
  5
52
102
{ACAD_REACTORS
330
42
102
}
330
42
100
AcDbScale
 70
     0
300
6" = 1'-0"
140
6.0
141
12.0
290
     0
  0
SCALE
  5
53
102
{ACAD_REACTORS
330
42
102
}
330
42
100
AcDbScale
 70
     0
300
1'-0" = 1'-0"
140
12.0
141
12.0
290
     0
  0
ACDBSECTIONVIEWSTYLE
  5
69
102
{ACAD_REACTORS
330
68
102
}
330
68
100
AcDbModelDocViewStyle
 70
     0
  3
Imperial24
290
     0
300
Imperial24
 90
        0
100
AcDbSectionViewStyle
 70
     0
 71
     0
 90
       78
 71
     1
340
55
 62
   256
 40
0.24
340
0
340
0
 62
   256
 40
0.24
300
I, O, Q, S, X, Z
 40
0.48
 90
        3
 40
0.18
 90
        1
 71
     2
340
5D
 90
       25
 62
   256
340
5D
 90
       50
 62
   256
 40
0.24
 40
0.0
 40
0.24
 71
     3
340
55
 62
   256
 40
0.24
 90
        1
 40
0.75
 90
        1
300
%<\AcVar ViewType \f "%tc1">% %<\AcVar ViewSectionStartId>%-%<\AcVar ViewSectionEndId>%\PSCALE %<\AcVar ViewScale \f "%sn">%
 71
     4
 62
   256
 62
   257
300
ANSI31
 40
1.0
 90
        0
290
     0
290
     0
 90
        6
 40
0.0
 40
1.570796326794897
 40
0.2617993877991494
 40
1.308996938995747
 40
-0.2617993877991494
 40
1.832595714594046
  0
TABLESTYLE
  5
65
102
{ACAD_REACTORS
330
64
102
}
102
{ACAD_XDICTIONARY
360
9EB
102
}
330
64
100
AcDbTableStyle
  3
Standard
 70
     0
 71
     0
 40
0.06
 41
0.06
280
     0
281
     0
  7
Standard
140
0.18
170
     2
 62
     0
 63
   257
283
     0
 90
      512
 91
        0
  1

274
    -2
284
     1
 64
     0
275
    -2
285
     1
 65
     0
276
    -2
286
     1
 66
     0
277
    -2
287
     1
 67
     0
278
    -2
288
     1
 68
     0
279
    -2
289
     1
 69
     0
  7
Standard
140
0.25
170
     5
 62
     0
 63
   257
283
     0
 90
      512
 91
        0
  1

274
    -2
284
     1
 64
     0
275
    -2
285
     1
 65
     0
276
    -2
286
     1
 66
     0
277
    -2
287
     1
 67
     0
278
    -2
288
     1
 68
     0
279
    -2
289
     1
 69
     0
  7
Standard
140
0.18
170
     5
 62
     0
 63
   257
283
     0
 90
      512
 91
        0
  1

274
    -2
284
     1
 64
     0
275
    -2
285
     1
 65
     0
276
    -2
286
     1
 66
     0
277
    -2
287
     1
 67
     0
278
    -2
288
     1
 68
     0
279
    -2
289
     1
 69
     0
  0
VISUALSTYLE
  5
2F
102
{ACAD_REACTORS
330
29
102
}
330
29
100
AcDbVisualStyle
  2
2dWireframe
 70
     4
177
     3
291
     0
 70
    58
 90
        0
176
     1
 90
        2
176
     1
 90
        0
176
     1
 90
        0
176
     1
 40
0.6
176
     1
 40
30.0
176
     1
 62
     7
420
 16777215
176
     1
 90
        1
176
     1
 90
        4
176
     1
 62
     7
176
     1
 62
   257
176
     1
 90
        1
176
     1
 90
        1
176
     1
 40
1.0
176
     1
 90
        0
176
     1
 62
   257
176
     1
 40
1.0
176
     1
 90
        1
176
     1
 90
        6
176
     1
 90
        2
176
     1
 62
     7
176
     1
 90
        5
176
     1
 90
        0
176
     1
 90
        0
176
     1
290
     0
176
     1
 90
        1
176
     1
 40
0.0
176
     1
 90
        0
176
     1
290
     1
176
     1
290
     1
176
     1
290
     0
176
     1
290
     0
176
     1
290
     0
176
     1
290
     0
176
     1
290
     0
176
     1
290
     0
176
     1
290
     0
176
     1
 90
       50
176
     1
 40
0.0
176
     1
 40
1.0
176
     1
 90
        0
176
     1
 62
    18
420
        0
176
     1
 90
       50
176
     1
 90
        3
176
     1
 62
     5
420
      255
176
     1
290
     0
176
     1
 90
       50
176
     1
 90
       50
176
     1
 90
       50
176
     1
290
     0
176
     1
 90
       50
176
     1
 62
   256
176
     0
 40
1.0
176
     0
 90
        2
176
     1
  1
strokes_ogs.tif
176
     1
290
     0
176
     1
 40
1.0
176
     1
 40
1.0
176
     1
  0
VISUALSTYLE
  5
2E
102
{ACAD_REACTORS
330
29
102
}
330
29
100
AcDbVisualStyle
  2
Basic
 70
     7
177
     3
291
     1
 70
    58
 90
        1
176
     1
 90
        0
176
     1
 90
        1
176
     1
 90
        0
176
     1
 40
0.6
176
     1
 40
30.0
176
     1
 62
     7
420
 16777215
176
     1
 90
        0
176
     1
 90
        4
176
     1
 62
     7
176
     1
 62
   257
176
     1
 90
        1
176
     1
 90
        1
176
     1
 40
1.0
176
     1
 90
        8
176
     1
 62
     7
176
     1
 40
1.0
176
     1
 90
        1
176
     1
 90
        6
176
     1
 90
        2
176
     1
 62
     7
176
     1
 90
        5
176
     1
 90
        0
176
     1
 90
        0
176
     1
290
     0
176
     1
 90
        1
176
     1
 40
0.0
176
     1
 90
        0
176
     1
290
     0
176
     1
290
     1
176
     1
290
     1
176
     1
290
     0
176
     1
290
     0
176
     1
290
     0
176
     1
290
     0
176
     1
290
     0
176
     1
290
     0
176
     1
 90
       50
176
     1
 40
0.0
176
     1
 40
1.0
176
     1
 90
        0
176
     1
 62
    18
420
        0
176
     1
 90
       50
176
     1
 90
        3
176
     1
 62
     5
420
      255
176
     1
290
     0
176
     1
 90
       50
176
     1
 90
       50
176
     1
 90
       50
176
     1
290
     0
176
     1
 90
       50
176
     1
 62
   256
176
     0
 40
1.0
176
     0
 90
        2
176
     1
  1
strokes_ogs.tif
176
     1
290
     0
176
     1
 40
1.0
176
     1
 40
1.0
176
     1
  0
VISUALSTYLE
  5
35
102
{ACAD_REACTORS
330
29
102
}
330
29
100
AcDbVisualStyle
  2
Brighten
 70
    12
177
     3
291
     1
 70
    58
 90
        2
176
     1
 90
        2
176
     1
 90
        0
176
     1
 90
        0
176
     1
 40
0.6
176
     1
 40
30.0
176
     1
 62
     7
420
 16777215
176
     1
 90
        1
176
     1
 90
        4
176
     1
 62
     7
176
     1
 62
   257
176
     1
 90
        1
176
     1
 90
        1
176
     1
 40
1.0
176
     1
 90
        8
176
     1
 62
     7
176
     1
 40
1.0
176
     1
 90
        1
176
     1
 90
        6
176
     1
 90
        2
176
     1
 62
     7
176
     1
 90
        5
176
     1
 90
        0
176
     1
 90
        0
176
     1
290
     0
176
     1
 90
        1
176
     1
 40
50.0
176
     1
 90
        0
176
     1
290
     0
176
     1
290
     1
176
     1
290
     1
176
     1
290
     0
176
     1
290
     0
176
     1
290
     0
176
     1
290
     0
176
     1
290
     0
176
     1
290
     0
176
     1
 90
       50
176
     1
 40
0.0
176
     1
 40
1.0
176
     1
 90
        0
176
     1
 62
    18
420
        0
176
     1
 90
       50
176
     1
 90
        3
176
     1
 62
     5
420
      255
176
     1
290
     0
176
     1
 90
       50
176
     1
 90
       50
176
     1
 90
       50
176
     1
290
     0
176
     1
 90
       50
176
     1
 62
   256
176
     0
 40
1.0
176
     0
 90
        2
176
     1
  1
strokes_ogs.tif
176
     1
290
     0
176
     1
 40
1.0
176
     1
 40
1.0
176
     1
  0
VISUALSTYLE
  5
39
102
{ACAD_REACTORS
330
29
102
}
330
29
100
AcDbVisualStyle
  2
ColorChange
 70
    16
177
     3
291
     1
 70
    58
 90
        2
176
     1
 90
        2
176
     1
 90
        3
176
     1
 90
        0
176
     1
 40
0.6
176
     1
 40
30.0
176
     1
 62
     8
420
  8421504
176
     1
 90
        1
176
     1
 90
        4
176
     1
 62
     7
176
     1
 62
   257
176
     1
 90
        1
176
     1
 90
        1
176
     1
 40
1.0
176
     1
 90
        8
176
     1
 62
     8
420
  8421504
176
     1
 40
1.0
176
     1
 90
        1
176
     1
 90
        6
176
     1
 90
        2
176
     1
 62
     7
176
     1
 90
        5
176
     1
 90
        0
176
     1
 90
        0
176
     1
290
     0
176
     1
 90
        1
176
     1
 40
0.0
176
     1
 90
        0
176
     1
290
     0
176
     1
290
     1
176
     1
290
     1
176
     1
290
     0
176
     1
290
     0
176
     1
290
     0
176
     1
290
     0
176
     1
290
     0
176
     1
290
     0
176
     1
 90
       50
176
     1
 40
0.0
176
     1
 40
1.0
176
     1
 90
        0
176
     1
 62
    18
420
        0
176
     1
 90
       50
176
     1
 90
        3
176
     1
 62
     5
420
      255
176
     1
290
     0
176
     1
 90
       50
176
     1
 90
       50
176
     1
 90
       50
176
     1
290
     0
176
     1
 90
       50
176
     1
 62
   256
176
     0
 40
1.0
176
     0
 90
        2
176
     1
  1
strokes_ogs.tif
176
     1
290
     0
176
     1
 40
1.0
176
     1
 40
1.0
176
     1
  0
VISUALSTYLE
  5
32
102
{ACAD_REACTORS
330
29
102
}
330
29
100
AcDbVisualStyle
  2
Conceptual
 70
     9
177
     3
291
     0
 70
    58
 90
        3
176
     1
 90
        2
176
     1
 90
        0
176
     1
 90
        0
176
     1
 40
0.6
176
     1
 40
30.0
176
     1
 62
     7
420
 16777215
176
     1
 90
        2
176
     1
 90
        2
176
     1
 62
     7
176
     1
 62
   257
176
     1
 90
        1
176
     1
 90
        1
176
     1
 40
179.0
176
     1
 90
        8
176
     1
 62
     7
176
     1
 40
1.0
176
     1
 90
        1
176
     1
 90
        6
176
     1
 90
        2
176
     1
 62
     7
176
     1
 90
        3
176
     1
 90
        0
176
     1
 90
        0
176
     1
290
     0
176
     1
 90
        1
176
     1
 40
0.0
176
     1
 90
        0
176
     1
290
     0
176
     1
290
     1
176
     1
290
     1
176
     1
290
     0
176
     1
290
     0
176
     1
290
     0
176
     1
290
     0
176
     1
290
     0
176
     1
290
     0
176
     1
 90
       50
176
     1
 40
0.0
176
     1
 40
1.0
176
     1
 90
        0
176
     1
 62
    18
420
        0
176
     1
 90
       50
176
     1
 90
        3
176
     1
 62
     5
420
      255
176
     1
290
     0
176
     1
 90
       50
176
     1
 90
       50
176
     1
 90
       50
176
     1
290
     0
176
     1
 90
       50
176
     1
 62
   256
176
     0
 40
1.0
176
     0
 90
        2
176
     1
  1
strokes_ogs.tif
176
     1
290
     0
176
     1
 40
1.0
176
     1
 40
1.0
176
     1
  0
VISUALSTYLE
  5
34
102
{ACAD_REACTORS
330
29
102
}
330
29
100
AcDbVisualStyle
  2
Dim
 70
    11
177
     3
291
     1
 70
    58
 90
        2
176
     1
 90
        2
176
     1
 90
        0
176
     1
 90
        0
176
     1
 40
0.6
176
     1
 40
30.0
176
     1
 62
     7
420
 16777215
176
     1
 90
        1
176
     1
 90
        4
176
     1
 62
     7
176
     1
 62
   257
176
     1
 90
        1
176
     1
 90
        1
176
     1
 40
1.0
176
     1
 90
        8
176
     1
 62
     7
176
     1
 40
1.0
176
     1
 90
        1
176
     1
 90
        6
176
     1
 90
        2
176
     1
 62
     7
176
     1
 90
        5
176
     1
 90
        0
176
     1
 90
        0
176
     1
290
     0
176
     1
 90
        1
176
     1
 40
-50.0
176
     1
 90
        0
176
     1
290
     0
176
     1
290
     1
176
     1
290
     1
176
     1
290
     0
176
     1
290
     0
176
     1
290
     0
176
     1
290
     0
176
     1
290
     0
176
     1
290
     0
176
     1
 90
       50
176
     1
 40
0.0
176
     1
 40
1.0
176
     1
 90
        0
176
     1
 62
    18
420
        0
176
     1
 90
       50
176
     1
 90
        3
176
     1
 62
     5
420
      255
176
     1
290
     0
176
     1
 90
       50
176
     1
 90
       50
176
     1
 90
       50
176
     1
290
     0
176
     1
 90
       50
176
     1
 62
   256
176
     0
 40
1.0
176
     0
 90
        2
176
     1
  1
strokes_ogs.tif
176
     1
290
     0
176
     1
 40
1.0
176
     1
 40
1.0
176
     1
  0
VISUALSTYLE
  5
41
102
{ACAD_REACTORS
330
29
102
}
330
29
100
AcDbVisualStyle
  2
EdgeColorOff
 70
    22
177
     3
291
     1
 70
    58
 90
        2
176
     0
 90
        2
176
     0
 90
        0
176
     0
 90
        0
176
     0
 40
0.6
176
     0
 40
30.0
176
     0
 62
     7
420
 16777215
176
     0
 90
        1
176
     0
 90
        4
176
     0
 62
     7
176
     0
 62
   257
176
     0
 90
        1
176
     0
 90
        1
176
     0
 40
1.0
176
     0
 90
        8
176
     2
 62
     7
176
     0
 40
1.0
176
     0
 90
        1
176
     0
 90
        6
176
     0
 90
        2
176
     0
 62
     7
176
     0
 90
        5
176
     0
 90
        0
176
     0
 90
        0
176
     0
290
     0
176
     0
 90
        1
176
     0
 40
0.0
176
     0
 90
        0
176
     0
290
     0
176
     0
290
     1
176
     0
290
     1
176
     0
290
     0
176
     0
290
     0
176
     0
290
     0
176
     0
290
     0
176
     0
290
     0
176
     0
290
     0
176
     0
 90
       50
176
     0
 40
0.0
176
     0
 40
1.0
176
     0
 90
        0
176
     0
 62
    18
420
        0
176
     0
 90
       50
176
     0
 90
        3
176
     0
 62
     5
420
      255
176
     0
290
     0
176
     0
 90
       50
176
     0
 90
       50
176
     0
 90
       50
176
     0
290
     0
176
     0
 90
       50
176
     0
 62
   256
176
     0
 40
1.0
176
     0
 90
        2
176
     0
  1
strokes_ogs.tif
176
     0
290
     0
176
     0
 40
1.0
176
     0
 40
1.0
176
     0
  0
VISUALSTYLE
  5
38
102
{ACAD_REACTORS
330
29
102
}
330
29
100
AcDbVisualStyle
  2
Facepattern
 70
    15
177
     3
291
     1
 70
    58
 90
        2
176
     1
 90
        2
176
     1
 90
        0
176
     1
 90
        0
176
     1
 40
0.6
176
     1
 40
30.0
176
     1
 62
     7
420
 16777215
176
     1
 90
        1
176
     1
 90
        4
176
     1
 62
     7
176
     1
 62
   257
176
     1
 90
        1
176
     1
 90
        1
176
     1
 40
1.0
176
     1
 90
        8
176
     1
 62
     7
176
     1
 40
1.0
176
     1
 90
        1
176
     1
 90
        6
176
     1
 90
        2
176
     1
 62
     7
176
     1
 90
        5
176
     1
 90
        0
176
     1
 90
        0
176
     1
290
     0
176
     1
 90
        1
176
     1
 40
0.0
176
     1
 90
        0
176
     1
290
     0
176
     1
290
     1
176
     1
290
     1
176
     1
290
     0
176
     1
290
     0
176
     1
290
     0
176
     1
290
     0
176
     1
290
     0
176
     1
290
     0
176
     1
 90
       50
176
     1
 40
0.0
176
     1
 40
1.0
176
     1
 90
        0
176
     1
 62
    18
420
        0
176
     1
 90
       50
176
     1
 90
        3
176
     1
 62
     5
420
      255
176
     1
290
     0
176
     1
 90
       50
176
     1
 90
       50
176
     1
 90
       50
176
     1
290
     0
176
     1
 90
       50
176
     1
 62
   256
176
     0
 40
1.0
176
     0
 90
        2
176
     1
  1
strokes_ogs.tif
176
     1
290
     0
176
     1
 40
1.0
176
     1
 40
1.0
176
     1
  0
VISUALSTYLE
  5
2A
102
{ACAD_REACTORS
330
29
102
}
330
29
100
AcDbVisualStyle
  2
Flat
 70
     0
177
     3
291
     1
 70
    58
 90
        2
176
     1
 90
        1
176
     1
 90
        1
176
     1
 90
        2
176
     1
 40
0.6
176
     1
 40
30.0
176
     1
 62
     7
420
 16777215
176
     1
 90
        0
176
     1
 90
        0
176
     1
 62
     7
176
     1
 62
   257
176
     1
 90
        1
176
     1
 90
        1
176
     1
 40
1.0
176
     1
 90
        8
176
     1
 62
     7
176
     1
 40
1.0
176
     1
 90
        1
176
     1
 90
        6
176
     1
 90
        2
176
     1
 62
     7
176
     1
 90
        5
176
     1
 90
        0
176
     1
 90
        0
176
     1
290
     0
176
     1
 90
       13
176
     1
 40
0.0
176
     1
 90
        0
176
     1
290
     0
176
     1
290
     1
176
     1
290
     1
176
     1
290
     0
176
     1
290
     0
176
     1
290
     0
176
     1
290
     0
176
     1
290
     0
176
     1
290
     0
176
     1
 90
       50
176
     1
 40
0.0
176
     1
 40
1.0
176
     1
 90
        0
176
     1
 62
    18
420
        0
176
     1
 90
       50
176
     1
 90
        3
176
     1
 62
     5
420
      255
176
     1
290
     0
176
     1
 90
       50
176
     1
 90
       50
176
     1
 90
       50
176
     1
290
     0
176
     1
 90
       50
176
     1
 62
   256
176
     0
 40
1.0
176
     0
 90
        2
176
     1
  1
strokes_ogs.tif
176
     1
290
     0
176
     1
 40
1.0
176
     1
 40
1.0
176
     1
  0
VISUALSTYLE
  5
2B
102
{ACAD_REACTORS
330
29
102
}
330
29
100
AcDbVisualStyle
  2
FlatWithEdges
 70
     1
177
     3
291
     1
 70
    58
 90
        2
176
     1
 90
        1
176
     1
 90
        1
176
     1
 90
        2
176
     1
 40
0.6
176
     1
 40
30.0
176
     1
 62
     7
420
 16777215
176
     1
 90
        1
176
     1
 90
        0
176
     1
 62
     7
176
     1
 62
   257
176
     1
 90
        1
176
     1
 90
        1
176
     1
 40
1.0
176
     1
 90
        0
176
     1
 62
   257
176
     1
 40
1.0
176
     1
 90
        1
176
     1
 90
        6
176
     1
 90
        2
176
     1
 62
     7
176
     1
 90
        5
176
     1
 90
        0
176
     1
 90
        0
176
     1
290
     0
176
     1
 90
       13
176
     1
 40
0.0
176
     1
 90
        0
176
     1
290
     0
176
     1
290
     1
176
     1
290
     1
176
     1
290
     0
176
     1
290
     0
176
     1
290
     0
176
     1
290
     0
176
     1
290
     0
176
     1
290
     0
176
     1
 90
       50
176
     1
 40
0.0
176
     1
 40
1.0
176
     1
 90
        0
176
     1
 62
    18
420
        0
176
     1
 90
       50
176
     1
 90
        3
176
     1
 62
     5
420
      255
176
     1
290
     0
176
     1
 90
       50
176
     1
 90
       50
176
     1
 90
       50
176
     1
290
     0
176
     1
 90
       50
176
     1
 62
   256
176
     0
 40
1.0
176
     0
 90
        2
176
     1
  1
strokes_ogs.tif
176
     1
290
     0
176
     1
 40
1.0
176
     1
 40
1.0
176
     1
  0
VISUALSTYLE
  5
2C
102
{ACAD_REACTORS
330
29
102
}
330
29
100
AcDbVisualStyle
  2
Gouraud
 70
     2
177
     3
291
     1
 70
    58
 90
        2
176
     1
 90
        2
176
     1
 90
        1
176
     1
 90
        2
176
     1
 40
0.6
176
     1
 40
30.0
176
     1
 62
     7
420
 16777215
176
     1
 90
        0
176
     1
 90
        0
176
     1
 62
     7
176
     1
 62
   257
176
     1
 90
        1
176
     1
 90
        1
176
     1
 40
1.0
176
     1
 90
        0
176
     1
 62
     7
176
     1
 40
1.0
176
     1
 90
        1
176
     1
 90
        6
176
     1
 90
        2
176
     1
 62
     7
176
     1
 90
        5
176
     1
 90
        0
176
     1
 90
        0
176
     1
290
     0
176
     1
 90
       13
176
     1
 40
0.0
176
     1
 90
        0
176
     1
290
     0
176
     1
290
     1
176
     1
290
     1
176
     1
290
     0
176
     1
290
     0
176
     1
290
     0
176
     1
290
     0
176
     1
290
     0
176
     1
290
     0
176
     1
 90
       50
176
     1
 40
0.0
176
     1
 40
1.0
176
     1
 90
        0
176
     1
 62
    18
420
        0
176
     1
 90
       50
176
     1
 90
        3
176
     1
 62
     5
420
      255
176
     1
290
     0
176
     1
 90
       50
176
     1
 90
       50
176
     1
 90
       50
176
     1
290
     0
176
     1
 90
       50
176
     1
 62
   256
176
     0
 40
1.0
176
     0
 90
        2
176
     1
  1
strokes_ogs.tif
176
     1
290
     0
176
     1
 40
1.0
176
     1
 40
1.0
176
     1
  0
VISUALSTYLE
  5
2D
102
{ACAD_REACTORS
330
29
102
}
330
29
100
AcDbVisualStyle
  2
GouraudWithEdges
 70
     3
177
     3
291
     1
 70
    58
 90
        2
176
     1
 90
        2
176
     1
 90
        1
176
     1
 90
        2
176
     1
 40
0.6
176
     1
 40
30.0
176
     1
 62
     7
420
 16777215
176
     1
 90
        1
176
     1
 90
        0
176
     1
 62
     7
176
     1
 62
   257
176
     1
 90
        1
176
     1
 90
        1
176
     1
 40
1.0
176
     1
 90
        0
176
     1
 62
   257
176
     1
 40
1.0
176
     1
 90
        1
176
     1
 90
        6
176
     1
 90
        2
176
     1
 62
     7
176
     1
 90
        5
176
     1
 90
        0
176
     1
 90
        0
176
     1
290
     0
176
     1
 90
       13
176
     1
 40
0.0
176
     1
 90
        0
176
     1
290
     0
176
     1
290
     1
176
     1
290
     1
176
     1
290
     0
176
     1
290
     0
176
     1
290
     0
176
     1
290
     0
176
     1
290
     0
176
     1
290
     0
176
     1
 90
       50
176
     1
 40
0.0
176
     1
 40
1.0
176
     1
 90
        0
176
     1
 62
    18
420
        0
176
     1
 90
       50
176
     1
 90
        3
176
     1
 62
     5
420
      255
176
     1
290
     0
176
     1
 90
       50
176
     1
 90
       50
176
     1
 90
       50
176
     1
290
     0
176
     1
 90
       50
176
     1
 62
   256
176
     0
 40
1.0
176
     0
 90
        2
176
     1
  1
strokes_ogs.tif
176
     1
290
     0
176
     1
 40
1.0
176
     1
 40
1.0
176
     1
  0
VISUALSTYLE
  5
31
102
{ACAD_REACTORS
330
29
102
}
330
29
100
AcDbVisualStyle
  2
Hidden
 70
     6
177
     3
291
     0
 70
    58
 90
        1
176
     1
 90
        2
176
     1
 90
        2
176
     1
 90
        0
176
     1
 40
0.6
176
     1
 40
30.0
176
     1
 62
     7
420
 16777215
176
     1
 90
        2
176
     1
 90
        2
176
     1
 62
     7
176
     1
 62
   257
176
     1
 90
        2
176
     1
 90
        1
176
     1
 40
40.0
176
     1
 90
        0
176
     1
 62
   257
176
     1
 40
1.0
176
     1
 90
        1
176
     1
 90
        6
176
     1
 90
        2
176
     1
 62
     7
176
     1
 90
        3
176
     1
 90
        0
176
     1
 90
        0
176
     1
290
     0
176
     1
 90
        1
176
     1
 40
0.0
176
     1
 90
        0
176
     1
290
     0
176
     1
290
     1
176
     1
290
     1
176
     1
290
     0
176
     1
290
     0
176
     1
290
     0
176
     1
290
     0
176
     1
290
     0
176
     1
290
     0
176
     1
 90
       50
176
     1
 40
0.0
176
     1
 40
1.0
176
     1
 90
        0
176
     1
 62
    18
420
        0
176
     1
 90
       50
176
     1
 90
        3
176
     1
 62
     5
420
      255
176
     1
290
     0
176
     1
 90
       50
176
     1
 90
       50
176
     1
 90
       50
176
     1
290
     0
176
     1
 90
       50
176
     1
 62
   256
176
     0
 40
1.0
176
     0
 90
        2
176
     1
  1
strokes_ogs.tif
176
     1
290
     0
176
     1
 40
1.0
176
     1
 40
1.0
176
     1
  0
VISUALSTYLE
  5
3F
102
{ACAD_REACTORS
330
29
102
}
330
29
100
AcDbVisualStyle
  2
JitterOff
 70
    20
177
     3
291
     1
 70
    58
 90
        2
176
     0
 90
        2
176
     0
 90
        0
176
     0
 90
        0
176
     0
 40
0.6
176
     0
 40
30.0
176
     0
 62
     7
420
 16777215
176
     0
 90
        1
176
     0
 90
        4
176
     0
 62
     7
176
     0
 62
   257
176
     0
 90
        1
176
     0
 90
        1
176
     0
 40
1.0
176
     0
 90
       10
176
     2
 62
     7
176
     0
 40
1.0
176
     0
 90
        1
176
     0
 90
        6
176
     0
 90
        2
176
     0
 62
     7
176
     0
 90
        5
176
     0
 90
        0
176
     0
 90
        0
176
     0
290
     0
176
     0
 90
        1
176
     0
 40
0.0
176
     0
 90
        0
176
     0
290
     0
176
     0
290
     1
176
     0
290
     1
176
     0
290
     0
176
     0
290
     0
176
     0
290
     0
176
     0
290
     0
176
     0
290
     0
176
     0
290
     0
176
     0
 90
       50
176
     0
 40
0.0
176
     0
 40
1.0
176
     0
 90
        0
176
     0
 62
    18
420
        0
176
     0
 90
       50
176
     0
 90
        3
176
     0
 62
     5
420
      255
176
     0
290
     0
176
     0
 90
       50
176
     0
 90
       50
176
     0
 90
       50
176
     0
290
     0
176
     0
 90
       50
176
     0
 62
   256
176
     0
 40
1.0
176
     0
 90
        2
176
     0
  1
strokes_ogs.tif
176
     0
290
     0
176
     0
 40
1.0
176
     0
 40
1.0
176
     0
  0
VISUALSTYLE
  5
37
102
{ACAD_REACTORS
330
29
102
}
330
29
100
AcDbVisualStyle
  2
Linepattern
 70
    14
177
     3
291
     1
 70
    58
 90
        2
176
     1
 90
        2
176
     1
 90
        0
176
     1
 90
        0
176
     1
 40
0.6
176
     1
 40
30.0
176
     1
 62
     7
420
 16777215
176
     1
 90
        1
176
     1
 90
        4
176
     1
 62
     7
176
     1
 62
   257
176
     1
 90
        7
176
     1
 90
        7
176
     1
 40
1.0
176
     1
 90
        8
176
     1
 62
     7
176
     1
 40
1.0
176
     1
 90
        1
176
     1
 90
        6
176
     1
 90
        2
176
     1
 62
     7
176
     1
 90
        5
176
     1
 90
        0
176
     1
 90
        0
176
     1
290
     0
176
     1
 90
        1
176
     1
 40
0.0
176
     1
 90
        0
176
     1
290
     0
176
     1
290
     1
176
     1
290
     1
176
     1
290
     0
176
     1
290
     0
176
     1
290
     0
176
     1
290
     0
176
     1
290
     0
176
     1
290
     0
176
     1
 90
       50
176
     1
 40
0.0
176
     1
 40
1.0
176
     1
 90
        0
176
     1
 62
    18
420
        0
176
     1
 90
       50
176
     1
 90
        3
176
     1
 62
     5
420
      255
176
     1
290
     0
176
     1
 90
       50
176
     1
 90
       50
176
     1
 90
       50
176
     1
290
     0
176
     1
 90
       50
176
     1
 62
   256
176
     0
 40
1.0
176
     0
 90
        2
176
     1
  1
strokes_ogs.tif
176
     1
290
     0
176
     1
 40
1.0
176
     1
 40
1.0
176
     1
  0
VISUALSTYLE
  5
40
102
{ACAD_REACTORS
330
29
102
}
330
29
100
AcDbVisualStyle
  2
OverhangOff
 70
    21
177
     3
291
     1
 70
    58
 90
        2
176
     0
 90
        2
176
     0
 90
        0
176
     0
 90
        0
176
     0
 40
0.6
176
     0
 40
30.0
176
     0
 62
     7
420
 16777215
176
     0
 90
        1
176
     0
 90
        4
176
     0
 62
     7
176
     0
 62
   257
176
     0
 90
        1
176
     0
 90
        1
176
     0
 40
1.0
176
     0
 90
        9
176
     2
 62
     7
176
     0
 40
1.0
176
     0
 90
        1
176
     0
 90
        6
176
     0
 90
        2
176
     0
 62
     7
176
     0
 90
        5
176
     0
 90
        0
176
     0
 90
        0
176
     0
290
     0
176
     0
 90
        1
176
     0
 40
0.0
176
     0
 90
        0
176
     0
290
     0
176
     0
290
     1
176
     0
290
     1
176
     0
290
     0
176
     0
290
     0
176
     0
290
     0
176
     0
290
     0
176
     0
290
     0
176
     0
290
     0
176
     0
 90
       50
176
     0
 40
0.0
176
     0
 40
1.0
176
     0
 90
        0
176
     0
 62
    18
420
        0
176
     0
 90
       50
176
     0
 90
        3
176
     0
 62
     5
420
      255
176
     0
290
     0
176
     0
 90
       50
176
     0
 90
       50
176
     0
 90
       50
176
     0
290
     0
176
     0
 90
       50
176
     0
 62
   256
176
     0
 40
1.0
176
     0
 90
        2
176
     0
  1
strokes_ogs.tif
176
     0
290
     0
176
     0
 40
1.0
176
     0
 40
1.0
176
     0
  0
VISUALSTYLE
  5
33
102
{ACAD_REACTORS
330
29
102
}
330
29
100
AcDbVisualStyle
  2
Realistic
 70
     8
177
     3
291
     0
 70
    58
 90
        2
176
     1
 90
        3
176
     1
 90
        0
176
     1
 90
        2
176
     1
 40
0.6
176
     1
 40
30.0
176
     1
 62
     7
420
 16777215
176
     1
 90
        0
176
     1
 90
        0
176
     1
 62
     7
176
     1
 62
   257
176
     1
 90
        1
176
     1
 90
        1
176
     1
 40
1.0
176
     1
 90
        8
176
     1
 62
   257
176
     1
 40
1.0
176
     1
 90
        1
176
     1
 90
        6
176
     1
 90
        2
176
     1
 62
     7
176
     1
 90
        3
176
     1
 90
        0
176
     1
 90
        0
176
     1
290
     0
176
     1
 90
       13
176
     1
 40
0.0
176
     1
 90
        0
176
     1
290
     0
176
     1
290
     1
176
     1
290
     1
176
     1
290
     0
176
     1
290
     0
176
     1
290
     0
176
     1
290
     0
176
     1
290
     0
176
     1
290
     0
176
     1
 90
       50
176
     1
 40
0.0
176
     1
 40
1.0
176
     1
 90
        0
176
     1
 62
    18
420
        0
176
     1
 90
       50
176
     1
 90
        3
176
     1
 62
     5
420
      255
176
     1
290
     0
176
     1
 90
       50
176
     1
 90
       50
176
     1
 90
       50
176
     1
290
     0
176
     1
 90
       50
176
     1
 62
   256
176
     0
 40
1.0
176
     0
 90
        2
176
     1
  1
strokes_ogs.tif
176
     1
290
     0
176
     1
 40
1.0
176
     1
 40
1.0
176
     1
  0
VISUALSTYLE
  5
3E
102
{ACAD_REACTORS
330
29
102
}
330
29
100
AcDbVisualStyle
  2
Shaded
 70
    27
177
     3
291
     0
 70
    58
 90
        2
176
     1
 90
        2
176
     1
 90
        1
176
     1
 90
        2
176
     1
 40
0.6
176
     1
 40
30.0
176
     1
 62
     7
420
 16777215
176
     1
 90
        0
176
     1
 90
        4
176
     1
 62
     7
176
     1
 62
   257
176
     1
 90
        1
176
     1
 90
        1
176
     1
 40
1.0
176
     1
 90
        8
176
     1
 62
   257
176
     1
 40
1.0
176
     1
 90
        1
176
     1
 90
        6
176
     1
 90
        2
176
     1
 62
     8
420
  7895160
176
     1
 90
        3
176
     1
 90
        0
176
     1
 90
        0
176
     1
290
     0
176
     1
 90
        5
176
     1
 40
0.0
176
     1
 90
        0
176
     1
290
     0
176
     1
290
     1
176
     1
290
     1
176
     1
290
     0
176
     1
290
     0
176
     1
290
     0
176
     1
290
     0
176
     1
290
     0
176
     1
290
     0
176
     1
 90
       50
176
     1
 40
0.0
176
     1
 40
1.0
176
     1
 90
        0
176
     1
 62
    18
420
        0
176
     1
 90
       50
176
     1
 90
        3
176
     1
 62
     5
420
      255
176
     1
290
     0
176
     1
 90
       50
176
     1
 90
       50
176
     1
 90
       50
176
     1
290
     0
176
     1
 90
       50
176
     1
 62
   256
176
     0
 40
1.0
176
     0
 90
        2
176
     1
  1
strokes_ogs.tif
176
     1
290
     0
176
     1
 40
1.0
176
     1
 40
1.0
176
     1
  0
VISUALSTYLE
  5
3D
102
{ACAD_REACTORS
330
29
102
}
330
29
100
AcDbVisualStyle
  2
Shaded with edges
 70
    26
177
     3
291
     0
 70
    58
 90
        2
176
     1
 90
        2
176
     1
 90
        1
176
     1
 90
        2
176
     1
 40
0.6
176
     1
 40
30.0
176
     1
 62
     7
420
 16777215
176
     1
 90
        1
176
     1
 90
        2
176
     1
 62
     7
176
     1
 62
   257
176
     1
 90
        2
176
     1
 90
        1
176
     1
 40
1.0
176
     1
 90
        8
176
     1
 62
   257
176
     1
 40
1.0
176
     1
 90
        1
176
     1
 90
        6
176
     1
 90
        2
176
     1
 62
     7
176
     1
 90
        3
176
     1
 90
        0
176
     1
 90
        0
176
     1
290
     0
176
     1
 90
        5
176
     1
 40
0.0
176
     1
 90
        0
176
     1
290
     0
176
     1
290
     1
176
     1
290
     1
176
     1
290
     0
176
     1
290
     0
176
     1
290
     0
176
     1
290
     0
176
     1
290
     0
176
     1
290
     0
176
     1
 90
       50
176
     1
 40
0.0
176
     1
 40
1.0
176
     1
 90
        0
176
     1
 62
    18
420
        0
176
     1
 90
       50
176
     1
 90
        3
176
     1
 62
     5
420
      255
176
     1
290
     0
176
     1
 90
       50
176
     1
 90
       50
176
     1
 90
       50
176
     1
290
     0
176
     1
 90
       50
176
     1
 62
   256
176
     0
 40
1.0
176
     0
 90
        2
176
     1
  1
strokes_ogs.tif
176
     1
290
     0
176
     1
 40
1.0
176
     1
 40
1.0
176
     1
  0
VISUALSTYLE
  5
3A
102
{ACAD_REACTORS
330
29
102
}
330
29
100
AcDbVisualStyle
  2
Shades of Gray
 70
    23
177
     3
291
     0
 70
    58
 90
        2
176
     1
 90
        2
176
     1
 90
        3
176
     1
 90
        0
176
     1
 40
0.6
176
     1
 40
30.0
176
     1
 62
     7
420
 16777215
176
     1
 90
        2
176
     1
 90
        2
176
     1
 62
     7
176
     1
 62
     7
176
     1
 90
        1
176
     1
 90
        1
176
     1
 40
40.0
176
     1
 90
        8
176
     1
 62
     7
176
     1
 40
1.0
176
     1
 90
        1
176
     1
 90
        6
176
     1
 90
        2
176
     1
 62
     7
176
     1
 90
        3
176
     1
 90
        0
176
     1
 90
        0
176
     1
290
     0
176
     1
 90
        1
176
     1
 40
0.0
176
     1
 90
        0
176
     1
290
     0
176
     1
290
     1
176
     1
290
     1
176
     1
290
     0
176
     1
290
     0
176
     1
290
     0
176
     1
290
     0
176
     1
290
     0
176
     1
290
     0
176
     1
 90
       50
176
     1
 40
0.0
176
     1
 40
1.0
176
     1
 90
        0
176
     1
 62
    18
420
        0
176
     1
 90
       50
176
     1
 90
        3
176
     1
 62
     5
420
      255
176
     1
290
     0
176
     1
 90
       50
176
     1
 90
       50
176
     1
 90
       50
176
     1
290
     0
176
     1
 90
       50
176
     1
 62
   256
176
     0
 40
1.0
176
     0
 90
        2
176
     1
  1
strokes_ogs.tif
176
     1
290
     0
176
     1
 40
1.0
176
     1
 40
1.0
176
     1
  0
VISUALSTYLE
  5
3B
102
{ACAD_REACTORS
330
29
102
}
330
29
100
AcDbVisualStyle
  2
Sketchy
 70
    24
177
     3
291
     0
 70
    58
 90
        1
176
     1
 90
        2
176
     1
 90
        2
176
     1
 90
        0
176
     1
 40
0.6
176
     1
 40
30.0
176
     1
 62
     7
420
 16777215
176
     1
 90
        2
176
     1
 90
        2
176
     1
 62
     7
176
     1
 62
     7
176
     1
 90
        1
176
     1
 90
        1
176
     1
 40
40.0
176
     1
 90
       11
176
     1
 62
     7
176
     1
 40
1.0
176
     1
 90
        1
176
     1
 90
        6
176
     1
 90
        2
176
     1
 62
     7
176
     1
 90
        6
176
     1
 90
        0
176
     1
 90
        0
176
     1
290
     0
176
     1
 90
        1
176
     1
 40
0.0
176
     1
 90
        0
176
     1
290
     0
176
     1
290
     1
176
     1
290
     1
176
     1
290
     0
176
     1
290
     0
176
     1
290
     0
176
     1
290
     0
176
     1
290
     0
176
     1
290
     0
176
     1
 90
       50
176
     1
 40
0.0
176
     1
 40
1.0
176
     1
 90
        0
176
     1
 62
    18
420
        0
176
     1
 90
       50
176
     1
 90
        3
176
     1
 62
     5
420
      255
176
     1
290
     0
176
     1
 90
       50
176
     1
 90
       50
176
     1
 90
       50
176
     1
290
     0
176
     1
 90
       50
176
     1
 62
   256
176
     0
 40
1.0
176
     0
 90
        2
176
     1
  1
strokes_ogs.tif
176
     1
290
     0
176
     1
 40
1.0
176
     1
 40
1.0
176
     1
  0
VISUALSTYLE
  5
36
102
{ACAD_REACTORS
330
29
102
}
330
29
100
AcDbVisualStyle
  2
Thicken
 70
    13
177
     3
291
     1
 70
    58
 90
        2
176
     1
 90
        2
176
     1
 90
        0
176
     1
 90
        0
176
     1
 40
0.6
176
     1
 40
30.0
176
     1
 62
     7
420
 16777215
176
     1
 90
        1
176
     1
 90
        4
176
     1
 62
     7
176
     1
 62
   257
176
     1
 90
        1
176
     1
 90
        1
176
     1
 40
1.0
176
     1
 90
       12
176
     1
 62
     7
176
     1
 40
1.0
176
     1
 90
        1
176
     1
 90
        6
176
     1
 90
        2
176
     1
 62
     7
176
     1
 90
        5
176
     1
 90
        0
176
     1
 90
        0
176
     1
290
     0
176
     1
 90
        1
176
     1
 40
0.0
176
     1
 90
        0
176
     1
290
     0
176
     1
290
     1
176
     1
290
     1
176
     1
290
     0
176
     1
290
     0
176
     1
290
     0
176
     1
290
     0
176
     1
290
     0
176
     1
290
     0
176
     1
 90
       50
176
     1
 40
0.0
176
     1
 40
1.0
176
     1
 90
        0
176
     1
 62
    18
420
        0
176
     1
 90
       50
176
     1
 90
        3
176
     1
 62
     5
420
      255
176
     1
290
     0
176
     1
 90
       50
176
     1
 90
       50
176
     1
 90
       50
176
     1
290
     0
176
     1
 90
       50
176
     1
 62
   256
176
     0
 40
1.0
176
     0
 90
        2
176
     1
  1
strokes_ogs.tif
176
     1
290
     0
176
     1
 40
1.0
176
     1
 40
1.0
176
     1
  0
VISUALSTYLE
  5
30
102
{ACAD_REACTORS
330
29
102
}
330
29
100
AcDbVisualStyle
  2
Wireframe
 70
     5
177
     3
291
     0
 70
    58
 90
        0
176
     1
 90
        2
176
     1
 90
        0
176
     1
 90
        0
176
     1
 40
0.6
176
     1
 40
30.0
176
     1
 62
     7
420
 16777215
176
     1
 90
        1
176
     1
 90
        4
176
     1
 62
     7
176
     1
 62
   257
176
     1
 90
        1
176
     1
 90
        1
176
     1
 40
1.0
176
     1
 90
        0
176
     1
 62
   257
176
     1
 40
1.0
176
     1
 90
        1
176
     1
 90
        6
176
     1
 90
        2
176
     1
 62
     7
176
     1
 90
        3
176
     1
 90
        0
176
     1
 90
        0
176
     1
290
     0
176
     1
 90
        1
176
     1
 40
0.0
176
     1
 90
        0
176
     1
290
     0
176
     1
290
     1
176
     1
290
     1
176
     1
290
     0
176
     1
290
     0
176
     1
290
     0
176
     1
290
     0
176
     1
290
     0
176
     1
290
     0
176
     1
 90
       50
176
     1
 40
0.0
176
     1
 40
1.0
176
     1
 90
        0
176
     1
 62
    18
420
        0
176
     1
 90
       50
176
     1
 90
        3
176
     1
 62
     5
420
      255
176
     1
290
     0
176
     1
 90
       50
176
     1
 90
       50
176
     1
 90
       50
176
     1
290
     0
176
     1
 90
       50
176
     1
 62
   256
176
     0
 40
1.0
176
     0
 90
        2
176
     1
  1
strokes_ogs.tif
176
     1
290
     0
176
     1
 40
1.0
176
     1
 40
1.0
176
     1
  0
VISUALSTYLE
  5
3C
102
{ACAD_REACTORS
330
29
102
}
330
29
100
AcDbVisualStyle
  2
X-Ray
 70
    25
177
     3
291
     0
 70
    58
 90
        2
176
     1
 90
        2
176
     1
 90
        1
176
     1
 90
        1
176
     1
 40
0.5
176
     1
 40
30.0
176
     1
 62
     7
420
 16777215
176
     1
 90
        1
176
     1
 90
        0
176
     1
 62
     7
176
     1
 62
   257
176
     1
 90
        1
176
     1
 90
        1
176
     1
 40
1.0
176
     1
 90
        8
176
     1
 62
     7
176
     1
 40
1.0
176
     1
 90
        1
176
     1
 90
        6
176
     1
 90
        2
176
     1
 62
     7
176
     1
 90
        3
176
     1
 90
        0
176
     1
 90
        0
176
     1
290
     0
176
     1
 90
       13
176
     1
 40
0.0
176
     1
 90
        0
176
     1
290
     0
176
     1
290
     1
176
     1
290
     1
176
     1
290
     0
176
     1
290
     0
176
     1
290
     0
176
     1
290
     0
176
     1
290
     0
176
     1
290
     0
176
     1
 90
       50
176
     1
 40
0.0
176
     1
 40
1.0
176
     1
 90
        0
176
     1
 62
    18
420
        0
176
     1
 90
       50
176
     1
 90
        3
176
     1
 62
     5
420
      255
176
     1
290
     0
176
     1
 90
       50
176
     1
 90
       50
176
     1
 90
       50
176
     1
290
     0
176
     1
 90
       50
176
     1
 62
   256
176
     0
 40
1.0
176
     0
 90
        2
176
     1
  1
strokes_ogs.tif
176
     1
290
     0
176
     1
 40
1.0
176
     1
 40
1.0
176
     1
  0
DICTIONARYVAR
  5
9EA
102
{ACAD_REACTORS
330
9E5
102
}
330
9E5
100
DictionaryVariables
280
     0
  1
1:1
  0
DICTIONARYVAR
  5
9E7
102
{ACAD_REACTORS
330
9E5
102
}
330
9E5
100
DictionaryVariables
280
     0
  1
Standard
  0
DICTIONARYVAR
  5
9E6
102
{ACAD_REACTORS
330
9E5
102
}
330
9E5
100
DictionaryVariables
280
     0
  1
Standard
  0
DICTIONARYVAR
  5
9E8
102
{ACAD_REACTORS
330
9E5
102
}
330
9E5
100
DictionaryVariables
280
     0
  1
Imperial24
  0
DICTIONARYVAR
  5
9E9
102
{ACAD_REACTORS
330
9E5
102
}
330
9E5
100
DictionaryVariables
280
     0
  1
Imperial24
  0
XRECORD
  5
9E0
102
{ACAD_REACTORS
330
9DC
102
}
330
9DC
100
AcDbXrecord
280
     1
  1
BUILDING_ID
  1
J1672 -HH - Lot 29, No
  1
FLOOR_ID
  1
2175306
  0
XRECORD
  5
9DE
102
{ACAD_REACTORS
330
9DC
102
}
330
9DC
100
AcDbXrecord
280
     1
  1
-2000011
  1
Walls
  1
-2000014
  1
Windows
  1
-2000023
  1
Doors
  1
-2000032
  1
Floors
  1
-2000035
  1
Roofs
  1
-2000038
  1
Ceilings
  1
-2000051
  1
Lines
  1
-2000100
  1
Columns
  1
-2000126
  1
Railings
  1
-2000151
  1
Generic Models
  1
-2000170
  1
Curtain Panels
  1
-2000171
  1
Curtain Wall Mullions
  1
-2000240
  1
Levels
  1
-2000260
  1
Dimensions
  1
-2000300
  1
Text Notes
  1
-2000480
  1
Room Tags
  1
-2001000
  1
Casework
  1
-2001060
  1
Electrical Fixtures
  1
-2001160
  1
Plumbing Fixtures
  1
-2001340
  1
Topography
  1
-2002000
  1
Detail Items
  1
-2006020
  1
Level Heads
  0
XRECORD
  5
9DF
102
{ACAD_REACTORS
330
9DC
102
}
330
9DC
100
AcDbXrecord
280
     1
  1
-2000016
  1
Glass
  1
-2000018
  1
Frame/Mullion
  1
-2000022
  1
Opening
  1
-2000025
  1
Panel
  1
-2000029
  1
Frame/Mullion
  1
-2000031
  1
Glass
  1
-2000042
  1
<Thin Lines>
  1
-2000043
  1
<Medium Lines>
  1
-2000044
  1
<Wide Lines>
  1
-2000127
  1
Balusters
  1
-2000540
  1
Surface Pattern
  1
-2000586
  1
Common Edges
  1
-2000588
  1
Cut Pattern
  1
-2000596
  1
Common Edges
  1
-2000606
  1
Common Edges
  1
-2000608
  1
Cut Pattern
  1
-2000946
  1
Top Rails
  1
-2001391
  1
Gutters
  1
-2001393
  1
Roof Soffits
  1
1020373
  1
Model
  1
1363851
  1
G/F BLUE DASH
  1
1893352
  1
DOWNPIPES
  1
1933725
  1
0
  1
2107288
  1
0.1 pen
  1
2107313
  1
0.1 pen ORANGE
  1
942652
  1
Door Swing
  0
XRECORD
  5
9DD
102
{ACAD_REACTORS
330
9DC
102
}
330
9DC
100
AcDbXrecord
280
     1
  1
1143319
  1
Refrigerator : Refrigerator
  1
1220569
  1
Basic Wall : 270 double brick : 270 double brick
  1
1222731
  1
Basic Wall : 110 brick wall : 110 brick wall
  1
1226766
  1
Floor : bathroomm tiles
  1
1227169
  1
Floor : 214 slab w/ alfresco tile
  1
1270503
  1
Floor : 200mm slab on ground
  1
1276167
  1
Floor : kitchen bench
  1
1305703
  1
Panelift Door : 5000
  1
1321568
  1
System Panel : Glazed
  1
1342414
  1
Single - Timber Frame  : 720x2400
  1
1363608
  1
Filled region : WHITE
  1
1364090
  1
Basic Wall : 230 brick wall : 230 brick wall
  1
1366206
  1
Linen shelves : Linen shelves
  1
1374337
  1
Floor : media console
  1
1378895
  1
Basic Roof : Metal Sheet Roof (100mm)
  1
1400861
  1
Sliding Door - 2 Panel : XF2118
  1
1413698
  1
3 panel robe door (stretchable) : 2400
  1
1417103
  1
Filled region : LETTER BOX - GREY
  1
1417245
  1
Text : 1.5 ISO
  1
1420168
  1
Filled region : Roof Batten
  1
1426535
  1
M_Rectangular Column : 150 X 50
  1
1482782
  1
Floor : 450MM SUS SLAB
  1
1503254
  1
VELUX FS   deck mounted   fixed : C01
  1
1546861
  1
Stacker Door - 3 Panel : FXX2436
  1
1560816
  1
Rectangular Mullion : 25x25
  1
1602304
  1
Windows 1 : Windows 1
  1
1602992
  1
Basic Wall : 185mm EPS wall : 185mm EPS wall
  1
1607638
  1
Filled region : Conc.
  1
1616962
  1
Filled region : Earth
  1
1664455
  1
Floor : 600 SEAT
  1
1747809
  1
3 PANEL 2 transom : AFA1842 SP
  1
1749307
  1
AS.AA 0606 - 1518(2 PANEL HORIZONTAL) : AA1818
  1
1779118
  1
F.AA 0606 - 1509(1 PANEL) : F3718
  1
1813212
  1
Stacker Door - 3 Panel : XXF3032 SP
  1
1893368
  1
Downpipe : 450 Eave
  1
1931305
  1
Solar Panel_ Face Based : Solar Panel_ Face Based
  1
1936996
  1
Filled region : Concrete
  1
1959228
  1
Tap : Tap
  1
19847
  1
Compound Ceiling : 600x1200mm_Grid
  1
19878
  1
Roof Soffit : 50MM_GENERIC
  1
19886
  1
Gutter : Standard
  1
199972
  1
Top Rail Type : 50x50mm_Rectangular
  1
2001708
  1
custom - equal Panel M(6 PANEL HORIZONTAL) : AFA3042T SP
  1
2012895
  1
Timber_Screen_Adjustable_21388 : Type 1
  1
2108198
  1
Text : 1.5mm Calibri
  1
2108266
  1
Text : 2.0mm Calibri TRANS
  1
2144162
  1
RoomTag : Room Tag
  1
2148925
  1
Linear Dimension Style : 2.0mm Calibrii
  1
2159605
  1
Linear Dimension Style : 1.5mm Calibrii
  1
2160638
  1
Filled region : PURPLE -  NO MASK
  1
2163039
  1
Filled region : ORANGE -  NO MASK
  1
2173208
  1
Linear Dimension Style : 1.5mm Calibri Orange
  1
2173373
  1
Floor : 200MM SUS SLAB
  1
2174013
  1
Linear grate : 1000x80
  1
2174665
  1
Floor : 150MM SUS SLAB
  1
2338323
  1
Basic Wall : 90mm Stud Wall coloured : 90mm Stud Wall coloured
  1
2341617
  1
Linen shelves 2 sides : WIR Shelf 2
  1
2344090
  1
2 panel 1 mullion@900 : AF1822
  1
2345580
  1
Basic Wall : 75mm EPS wall : 75mm EPS wall
  1
2388960
  1
Filled region : intergrated retaining MASKED
  1
2446478
  1
Custom - Equal Panel T & M(4 PANEL VERTICAL) : AF1815T SP
  1
2510899
  1
Linear Dimension Style : 1.5mm Calibri Orange 2
  1
2561614
  1
tile grate 80 : 1000x80
  1
2599461
  1
Single - Timber Frame  : 870x2400
  1
2613863
  1
Floor : Capping beam
  1
2615715
  1
Floor : 230mm slab on ground
  1
319528
  1
Basic Wall : 90mm Stud Wall : 90mm Stud Wall
  1
732082
  1
Text : 2.5mm ISO
  1
744073
  1
Text : 1.5mm ISO
  1
787246
  1
Level : UNDER
  1
787266
  1
Level : OVER
  1
78969
  1
Railing : 1100mm
  0
DICTIONARY
  5
9EB
330
65
100
AcDbDictionary
280
     1
281
     1
  3
ACAD_ROUNDTRIP_2008_TABLESTYLE_CELLSTYLEMAP
360
9EC
  0
CELLSTYLEMAP
  5
9EC
102
{ACAD_REACTORS
330
9EB
102
}
330
9EB
100
AcDbCellStyleMap
 90
        3
300
CELLSTYLE
  1
TABLEFORMAT_BEGIN
 90
        5
170
     1
 91
        0
 92
    32768
 62
   257
 93
        1
300
CONTENTFORMAT
  1
CONTENTFORMAT_BEGIN
 90
        0
 91
        0
 92
      512
 93
        0
300

 40
0.0
140
1.0
 94
        5
 62
     0
340
55
144
0.25
309
CONTENTFORMAT_END
171
     0
 94
        0
309
TABLEFORMAT_END
  1
CELLSTYLE_BEGIN
 90
        1
 91
        1
300
_TITLE
309
CELLSTYLE_END
300
CELLSTYLE
  1
TABLEFORMAT_BEGIN
 90
        5
170
     1
 91
        0
 92
        0
 62
   257
 93
        1
300
CONTENTFORMAT
  1
CONTENTFORMAT_BEGIN
 90
        0
 91
        0
 92
      512
 93
        0
300

 40
0.0
140
1.0
 94
        5
 62
     0
340
55
144
0.18
309
CONTENTFORMAT_END
171
     0
 94
        0
309
TABLEFORMAT_END
  1
CELLSTYLE_BEGIN
 90
        2
 91
        1
300
_HEADER
309
CELLSTYLE_END
300
CELLSTYLE
  1
TABLEFORMAT_BEGIN
 90
        5
170
     1
 91
        0
 92
        0
 62
   257
 93
        1
300
CONTENTFORMAT
  1
CONTENTFORMAT_BEGIN
 90
        0
 91
        0
 92
      512
 93
        0
300

 40
0.0
140
1.0
 94
        2
 62
     0
340
55
144
0.18
309
CONTENTFORMAT_END
171
     0
 94
        0
309
TABLEFORMAT_END
  1
CELLSTYLE_BEGIN
 90
        3
 91
        2
300
_DATA
309
CELLSTYLE_END
  0
ENDSEC
  0
EOF
