  0
SECTION
  2
HEADER
  9
$ACADVER
  1
AC1032
  9
$ACADMAINTVER
 90
       55
  9
$DWGCODEPAGE
  3
ANSI_1252
  9
$LASTSAVEDBY
  1
bj-su
  9
$REQUIREDVERSIONS
160
                 0
  9
$INSBASE
 10
0.0
 20
0.0
 30
0.0
  9
$EXTMIN
 10
21428.80685711394
 20
26915.17797547166
 30
0.0
  9
$EXTMAX
 10
43897.29057507144
 20
37799.48520438125
 30
0.0
  9
$LIMMIN
 10
0.0
 20
0.0
  9
$LIMMAX
 10
12.0
 20
9.0
  9
$ORTHOMODE
 70
     0
  9
$REGENMODE
 70
     1
  9
$FILLMODE
 70
     1
  9
$QTEXTMODE
 70
     0
  9
$MIRRTEXT
 70
     0
  9
$LTSCALE
 40
1.0
  9
$ATTMODE
 70
     1
  9
$TEXTSIZE
 40
0.2
  9
$TRACEWID
 40
0.05
  9
$TEXTSTYLE
  7
Standard
  9
$CLAYER
  8
0
  9
$CELTYPE
  6
ByLayer
  9
$CECOLOR
 62
   256
  9
$CELTSCALE
 40
1.0
  9
$DISPSILH
 70
     0
  9
$DIMSCALE
 40
1.0
  9
$DIMASZ
 40
0.18
  9
$DIMEXO
 40
0.0625
  9
$DIMDLI
 40
0.38
  9
$DIMRND
 40
0.0
  9
$DIMDLE
 40
0.0
  9
$DIMEXE
 40
0.18
  9
$DIMTP
 40
0.0
  9
$DIMTM
 40
0.0
  9
$DIMTXT
 40
0.18
  9
$DIMCEN
 40
0.09
  9
$DIMTSZ
 40
0.0
  9
$DIMTOL
 70
     0
  9
$DIMLIM
 70
     0
  9
$DIMTIH
 70
     1
  9
$DIMTOH
 70
     1
  9
$DIMSE1
 70
     0
  9
$DIMSE2
 70
     0
  9
$DIMTAD
 70
     0
  9
$DIMZIN
 70
     0
  9
$DIMBLK
  1

  9
$DIMASO
 70
     1
  9
$DIMSHO
 70
     1
  9
$DIMPOST
  1

  9
$DIMAPOST
  1

  9
$DIMALT
 70
     0
  9
$DIMALTD
 70
     2
  9
$DIMALTF
 40
25.4
  9
$DIMLFAC
 40
1.0
  9
$DIMTOFL
 70
     0
  9
$DIMTVP
 40
0.0
  9
$DIMTIX
 70
     0
  9
$DIMSOXD
 70
     0
  9
$DIMSAH
 70
     0
  9
$DIMBLK1
  1

  9
$DIMBLK2
  1

  9
$DIMSTYLE
  2
Standard
  9
$DIMCLRD
 70
     0
  9
$DIMCLRE
 70
     0
  9
$DIMCLRT
 70
     0
  9
$DIMTFAC
 40
1.0
  9
$DIMGAP
 40
0.09
  9
$DIMJUST
 70
     0
  9
$DIMSD1
 70
     0
  9
$DIMSD2
 70
     0
  9
$DIMTOLJ
 70
     1
  9
$DIMTZIN
 70
     0
  9
$DIMALTZ
 70
     0
  9
$DIMALTTZ
 70
     0
  9
$DIMUPT
 70
     0
  9
$DIMDEC
 70
     4
  9
$DIMTDEC
 70
     4
  9
$DIMALTU
 70
     2
  9
$DIMALTTD
 70
     2
  9
$DIMTXSTY
  7
Standard
  9
$DIMAUNIT
 70
     0
  9
$DIMADEC
 70
     0
  9
$DIMALTRND
 40
0.0
  9
$DIMAZIN
 70
     0
  9
$DIMDSEP
 70
    46
  9
$DIMATFIT
 70
     3
  9
$DIMFRAC
 70
     0
  9
$DIMLDRBLK
  1

  9
$DIMLUNIT
 70
     2
  9
$DIMLWD
 70
    -2
  9
$DIMLWE
 70
    -2
  9
$DIMTMOVE
 70
     0
  9
$DIMFXL
 40
1.0
  9
$DIMFXLON
 70
     0
  9
$DIMJOGANG
 40
0.7853981633974483
  9
$DIMTFILL
 70
     0
  9
$DIMTFILLCLR
 70
     0
  9
$DIMARCSYM
 70
     0
  9
$DIMLTYPE
  6

  9
$DIMLTEX1
  6

  9
$DIMLTEX2
  6

  9
$DIMTXTDIRECTION
 70
     0
  9
$LUNITS
 70
     2
  9
$LUPREC
 70
     4
  9
$SKETCHINC
 40
0.1
  9
$FILLETRAD
 40
0.0
  9
$AUNITS
 70
     0
  9
$AUPREC
 70
     0
  9
$MENU
  1
.
  9
$ELEVATION
 40
0.0
  9
$PELEVATION
 40
0.0
  9
$THICKNESS
 40
0.0
  9
$LIMCHECK
 70
     0
  9
$CHAMFERA
 40
0.0
  9
$CHAMFERB
 40
0.0
  9
$CHAMFERC
 40
0.0
  9
$CHAMFERD
 40
0.0
  9
$SKPOLY
 70
     0
  9
$TDCREATE
 40
2461148.34837963
  9
$TDUCREATE
 40
2461147.931712963
  9
$TDUPDATE
 40
2461232.606664236
  9
$TDUUPDATE
 40
2461232.18999757
  9
$TDINDWG
 40
0.0000115741
  9
$TDUSRTIMER
 40
0.0000115741
  9
$USRTIMER
 70
     1
  9
$ANGBASE
 50
0.0
  9
$ANGDIR
 70
     0
  9
$PDMODE
 70
     0
  9
$PDSIZE
 40
0.0
  9
$PLINEWID
 40
0.0
  9
$SPLFRAME
 70
     0
  9
$SPLINETYPE
 70
     6
  9
$SPLINESEGS
 70
     8
  9
$HANDSEED
  5
5D6
  9
$SURFTAB1
 70
     6
  9
$SURFTAB2
 70
     6
  9
$SURFTYPE
 70
     6
  9
$SURFU
 70
     6
  9
$SURFV
 70
     6
  9
$UCSBASE
  2

  9
$UCSNAME
  2

  9
$UCSORG
 10
0.0
 20
0.0
 30
0.0
  9
$UCSXDIR
 10
1.0
 20
0.0
 30
0.0
  9
$UCSYDIR
 10
0.0
 20
1.0
 30
0.0
  9
$UCSORTHOREF
  2

  9
$UCSORTHOVIEW
 70
     0
  9
$UCSORGTOP
 10
0.0
 20
0.0
 30
0.0
  9
$UCSORGBOTTOM
 10
0.0
 20
0.0
 30
0.0
  9
$UCSORGLEFT
 10
0.0
 20
0.0
 30
0.0
  9
$UCSORGRIGHT
 10
0.0
 20
0.0
 30
0.0
  9
$UCSORGFRONT
 10
0.0
 20
0.0
 30
0.0
  9
$UCSORGBACK
 10
0.0
 20
0.0
 30
0.0
  9
$PUCSBASE
  2

  9
$PUCSNAME
  2

  9
$PUCSORG
 10
0.0
 20
0.0
 30
0.0
  9
$PUCSXDIR
 10
1.0
 20
0.0
 30
0.0
  9
$PUCSYDIR
 10
0.0
 20
1.0
 30
0.0
  9
$PUCSORTHOREF
  2

  9
$PUCSORTHOVIEW
 70
     0
  9
$PUCSORGTOP
 10
0.0
 20
0.0
 30
0.0
  9
$PUCSORGBOTTOM
 10
0.0
 20
0.0
 30
0.0
  9
$PUCSORGLEFT
 10
0.0
 20
0.0
 30
0.0
  9
$PUCSORGRIGHT
 10
0.0
 20
0.0
 30
0.0
  9
$PUCSORGFRONT
 10
0.0
 20
0.0
 30
0.0
  9
$PUCSORGBACK
 10
0.0
 20
0.0
 30
0.0
  9
$USERI1
 70
     0
  9
$USERI2
 70
     0
  9
$USERI3
 70
     0
  9
$USERI4
 70
     0
  9
$USERI5
 70
     0
  9
$USERR1
 40
0.0
  9
$USERR2
 40
0.0
  9
$USERR3
 40
0.0
  9
$USERR4
 40
0.0
  9
$USERR5
 40
0.0
  9
$WORLDVIEW
 70
     1
  9
$SHADEDGE
 70
     3
  9
$SHADEDIF
 70
    70
  9
$TILEMODE
 70
     1
  9
$MAXACTVP
 70
    64
  9
$PINSBASE
 10
0.0
 20
0.0
 30
0.0
  9
$PLIMCHECK
 70
     0
  9
$PEXTMIN
 10
1.000000000000000E+20
 20
1.000000000000000E+20
 30
1.000000000000000E+20
  9
$PEXTMAX
 10
-1.000000000000000E+20
 20
-1.000000000000000E+20
 30
-1.000000000000000E+20
  9
$PLIMMIN
 10
0.0
 20
0.0
  9
$PLIMMAX
 10
12.0
 20
9.0
  9
$UNITMODE
 70
     0
  9
$VISRETAIN
 70
     1
  9
$PLINEGEN
 70
     0
  9
$PSLTSCALE
 70
     1
  9
$TREEDEPTH
 70
  3020
  9
$CMLSTYLE
  2
Standard
  9
$CMLJUST
 70
     0
  9
$CMLSCALE
 40
1.0
  9
$PROXYGRAPHICS
 70
     1
  9
$MEASUREMENT
 70
     1
  9
$CELWEIGHT
370
    -1
  9
$ENDCAPS
280
     0
  9
$JOINSTYLE
280
     0
  9
$LWDISPLAY
290
     0
  9
$INSUNITS
 70
     4
  9
$HYPERLINKBASE
  1

  9
$STYLESHEET
  1

  9
$XEDIT
290
     1
  9
$CEPSNTYPE
380
     0
  9
$PSTYLEMODE
290
     1
  9
$FINGERPRINTGUID
  2
{03441242-1FC1-1A4B-A311-B7371BC87FBD}
  9
$VERSIONGUID
  2
{5F6BB898-2439-9248-8C13-A20EEA8537AA}
  9
$EXTNAMES
290
     1
  9
$PSVPSCALE
 40
0.0
  9
$OLESTARTUP
290
     0
  9
$SORTENTS
280
   127
  9
$INDEXCTL
280
     0
  9
$HIDETEXT
280
     1
  9
$XCLIPFRAME
280
     2
  9
$HALOGAP
280
     0
  9
$OBSCOLOR
 70
   257
  9
$OBSLTYPE
280
     0
  9
$INTERSECTIONDISPLAY
280
     0
  9
$INTERSECTIONCOLOR
 70
   257
  9
$DIMASSOC
280
     2
  9
$PROJECTNAME
  1

  9
$CAMERADISPLAY
290
     0
  9
$LENSLENGTH
 40
50.0
  9
$CAMERAHEIGHT
 40
0.0
  9
$STEPSPERSEC
 40
2.0
  9
$STEPSIZE
 40
6.0
  9
$3DDWFPREC
 40
2.0
  9
$PSOLWIDTH
 40
0.25
  9
$PSOLHEIGHT
 40
4.0
  9
$LOFTANG1
 40
1.570796326794897
  9
$LOFTANG2
 40
1.570796326794897
  9
$LOFTMAG1
 40
0.0
  9
$LOFTMAG2
 40
0.0
  9
$LOFTPARAM
 70
     7
  9
$LOFTNORMALS
280
     1
  9
$LATITUDE
 40
37.795
  9
$LONGITUDE
 40
-122.394
  9
$NORTHDIRECTION
 40
0.0
  9
$TIMEZONE
 70
 -8000
  9
$LIGHTGLYPHDISPLAY
280
     1
  9
$TILEMODELIGHTSYNCH
280
     1
  9
$CMATERIAL
347
11
  9
$SOLIDHIST
280
     0
  9
$SHOWHIST
280
     1
  9
$DWFFRAME
280
     2
  9
$DGNFRAME
280
     0
  9
$REALWORLDSCALE
290
     1
  9
$INTERFERECOLOR
 62
     1
  9
$CSHADOW
280
     0
  9
$SHADOWPLANELOCATION
 40
0.0
  0
ENDSEC
  0
SECTION
  2
CLASSES
  0
CLASS
  1
ACDBDICTIONARYWDFLT
  2
AcDbDictionaryWithDefault
  3
ObjectDBX Classes
 90
        0
 91
        3
280
     0
281
     0
  0
CLASS
  1
MATERIAL
  2
AcDbMaterial
  3
ObjectDBX Classes
 90
     1153
 91
        3
280
     0
281
     0
  0
CLASS
  1
VISUALSTYLE
  2
AcDbVisualStyle
  3
ObjectDBX Classes
 90
     4095
 91
        3
280
     0
281
     0
  0
CLASS
  1
SCALE
  2
AcDbScale
  3
ObjectDBX Classes
 90
     1153
 91
        3
280
     0
281
     0
  0
CLASS
  1
TABLESTYLE
  2
AcDbTableStyle
  3
ObjectDBX Classes
 90
     4095
 91
        3
280
     0
281
     0
  0
CLASS
  1
MLEADERSTYLE
  2
AcDbMLeaderStyle
  3
ACDB_MLEADERSTYLE_CLASS
 90
     4095
 91
        3
280
     0
281
     0
  0
CLASS
  1
ACDBSECTIONVIEWSTYLE
  2
AcDbSectionViewStyle
  3
ObjectDBX Classes
 90
     1025
 91
        3
280
     0
281
     0
  0
CLASS
  1
ACDBDETAILVIEWSTYLE
  2
AcDbDetailViewStyle
  3
ObjectDBX Classes
 90
     1025
 91
        3
280
     0
281
     0
  0
CLASS
  1
RASTERVARIABLES
  2
AcDbRasterVariables
  3
ISM
 90
        0
 91
        3
280
     0
281
     0
  0
CLASS
  1
DICTIONARYVAR
  2
AcDbDictionaryVar
  3
ObjectDBX Classes
 90
        0
 91
        3
280
     0
281
     0
  0
CLASS
  1
SORTENTSTABLE
  2
AcDbSortentsTable
  3
ObjectDBX Classes
 90
        0
 91
        3
280
     0
281
     0
  0
CLASS
  1
CELLSTYLEMAP
  2
AcDbCellStyleMap
  3
ObjectDBX Classes
 90
     1152
 91
        3
280
     0
281
     0
  0
ENDSEC
  0
SECTION
  2
TABLES
  0
TABLE
  2
VPORT
  5
8
330
0
100
AcDbSymbolTable
 70
     1
  0
VPORT
  5
57
330
8
100
AcDbSymbolTableRecord
100
AcDbViewportTableRecord
  2
*Active
 70
     0
 10
0.0
 20
0.0
 11
1.0
 21
1.0
 12
32663.04871609269
 22
32357.33158992646
 13
0.0
 23
0.0
 14
1.0
 24
1.0
 15
0.0
 25
0.0
 16
0.0
 26
0.0
 36
1.0
 17
0.0
 27
0.0
 37
0.0
 40
10884.30722890959
 41
2.064300763054483
 42
50.0
 43
0.0
 44
0.0
 50
0.0
 51
0.0
 71
     0
 72
  1000
 73
     1
 74
     1
 75
     0
 76
     0
 77
     0
 78
     0
281
     0
 65
     1
110
0.0
120
0.0
130
0.0
111
1.0
121
0.0
131
0.0
112
0.0
122
1.0
132
0.0
 79
     0
146
0.0
348
2F
 60
     3
 61
     5
292
     1
282
     1
141
0.0
142
0.0
 63
   250
421
  3355443
  0
ENDTAB
  0
TABLE
  2
LTYPE
  5
5
330
0
100
AcDbSymbolTable
 70
     5
  0
LTYPE
  5
5B
330
5
100
AcDbSymbolTableRecord
100
AcDbLinetypeTableRecord
  2
ByBlock
 70
     0
  3

 72
    65
 73
     0
 40
0.0
  0
LTYPE
  5
5C
330
5
100
AcDbSymbolTableRecord
100
AcDbLinetypeTableRecord
  2
ByLayer
 70
     0
  3

 72
    65
 73
     0
 40
0.0
  0
LTYPE
  5
5D
330
5
100
AcDbSymbolTableRecord
100
AcDbLinetypeTableRecord
  2
Continuous
 70
     0
  3
Solid line
 72
    65
 73
     0
 40
0.0
  0
LTYPE
  5
90
330
5
100
AcDbSymbolTableRecord
100
AcDbLinetypeTableRecord
  2
Dash dot
 70
     0
  3

 72
    65
 73
     4
 40
8.0
 49
4.0
 74
     0
 49
-2.0
 74
     0
 49
0.0
 74
     0
 49
-2.0
 74
     0
  0
LTYPE
  5
91
330
5
100
AcDbSymbolTableRecord
100
AcDbLinetypeTableRecord
  2
Dash - Tight
 70
     0
  3

 72
    65
 73
     2
 40
4.499999999999999
 49
3.0
 74
     0
 49
-1.5
 74
     0
  0
LTYPE
  5
201
330
5
100
AcDbSymbolTableRecord
100
AcDbLinetypeTableRecord
  2
Dashed - Tight 0_18 Pen
 70
     0
  3

 72
    65
 73
     4
 40
3.46
 49
1.2
 74
     0
 49
-0.5299999999999999
 74
     0
 49
1.2
 74
     0
 49
-0.5299999999999999
 74
     0
  0
LTYPE
  5
527
330
5
100
AcDbSymbolTableRecord
100
AcDbLinetypeTableRecord
  2
Centre
 70
     0
  3

 72
    65
 73
     4
 40
30.0
 49
12.0
 74
     0
 49
-6.0
 74
     0
 49
6.0
 74
     0
 49
-6.0
 74
     0
  0
ENDTAB
  0
TABLE
  2
LAYER
  5
2
330
0
100
AcDbSymbolTable
 70
    26
  0
LAYER
  5
54
330
2
100
AcDbSymbolTableRecord
100
AcDbLayerTableRecord
  2
0
 70
     0
 62
     7
  6
Continuous
370
    -3
390
F
347
21
348
0
  0
LAYER
  5
81
330
2
100
AcDbSymbolTableRecord
100
AcDbLayerTableRecord
  2
A-WALL
 70
     0
 62
   113
  6
Continuous
370
     9
390
F
347
21
348
0
  0
LAYER
  5
82
330
2
100
AcDbSymbolTableRecord
100
AcDbLayerTableRecord
  2
A-FLOR
 70
     0
 62
   192
  6
Continuous
370
     9
390
F
347
21
348
0
  0
LAYER
  5
83
330
2
100
AcDbSymbolTableRecord
100
AcDbLayerTableRecord
  2
A-CLNG
 70
     0
 62
    13
  6
Continuous
370
     9
390
F
347
21
348
0
  0
LAYER
  5
84
330
2
100
AcDbSymbolTableRecord
100
AcDbLayerTableRecord
  2
I-WALL
 70
     0
 62
     2
  6
Continuous
370
     9
390
F
347
21
348
0
  0
LAYER
  5
85
330
2
100
AcDbSymbolTableRecord
100
AcDbLayerTableRecord
  2
A-DOOR
 70
     0
 62
    31
  6
Continuous
370
     9
390
F
347
21
348
0
  0
LAYER
  5
86
330
2
100
AcDbSymbolTableRecord
100
AcDbLayerTableRecord
  2
A-ROOF
 70
     0
 62
   132
  6
Continuous
370
     9
390
F
347
21
348
0
  0
LAYER
  5
89
330
2
100
AcDbSymbolTableRecord
100
AcDbLayerTableRecord
  2
Q-CASE
 70
     0
 62
    31
  6
Continuous
370
     9
390
F
347
21
348
0
  0
LAYER
  5
8A
330
2
100
AcDbSymbolTableRecord
100
AcDbLayerTableRecord
  2
A-GLAZ
 70
     0
 62
   151
  6
Continuous
370
     9
390
F
347
21
348
0
  0
LAYER
  5
8B
330
2
100
AcDbSymbolTableRecord
100
AcDbLayerTableRecord
  2
Q-SPCQ
 70
     0
 62
    91
  6
Continuous
370
     9
390
F
347
21
348
0
  0
LAYER
  5
8C
330
2
100
AcDbSymbolTableRecord
100
AcDbLayerTableRecord
  2
P-SANR-FIXT
 70
     0
 62
     6
  6
Continuous
370
     9
390
F
347
21
348
0
  0
LAYER
  5
8E
330
2
100
AcDbSymbolTableRecord
100
AcDbLayerTableRecord
  2
A-DETL-GENF
 70
     0
 62
    92
  6
Continuous
370
     9
390
F
347
21
348
0
  0
LAYER
  5
8F
330
2
100
AcDbSymbolTableRecord
100
AcDbLayerTableRecord
  2
A-DETL
 70
     0
 62
    90
  6
Continuous
370
     9
390
F
347
21
348
0
  0
LAYER
  5
92
330
2
100
AcDbSymbolTableRecord
100
AcDbLayerTableRecord
  2
A-WALL-PATT
 70
     0
 62
   111
  6
Continuous
370
    25
390
F
347
21
348
0
  0
LAYER
  5
DE
330
2
100
AcDbSymbolTableRecord
100
AcDbLayerTableRecord
  2
A-FLOR-PATT
 70
     0
 62
     8
  6
Continuous
370
    35
390
F
347
21
348
0
  0
LAYER
  5
FB
330
2
100
AcDbSymbolTableRecord
100
AcDbLayerTableRecord
  2
A-DOOR-FRAM
 70
     0
 62
    31
  6
Continuous
370
     9
390
F
347
21
348
0
  0
LAYER
  5
4A0
330
2
100
AcDbSymbolTableRecord
100
AcDbLayerTableRecord
  2
A-DETL-MEDM
 70
     0
 62
    33
  6
Continuous
370
    25
390
F
347
21
348
0
  0
LAYER
  5
4BC
330
2
100
AcDbSymbolTableRecord
100
AcDbLayerTableRecord
  2
A-DETL-WIDE
 70
     0
 62
   214
  6
Continuous
370
    50
390
F
347
21
348
0
  0
LAYER
  5
4CA
330
2
100
AcDbSymbolTableRecord
100
AcDbLayerTableRecord
  2
A-DETL-THIN
 70
     0
 62
   151
  6
Continuous
370
     9
390
F
347
21
348
0
  0
LAYER
  5
523
330
2
100
AcDbSymbolTableRecord
100
AcDbLayerTableRecord
  2
A-FLOR-LEVL
 70
     0
 62
    51
  6
Continuous
370
     9
390
F
347
21
348
0
  0
LAYER
  5
535
330
2
100
AcDbSymbolTableRecord
100
AcDbLayerTableRecord
  2
G-ANNO-TEXT
 70
     0
 62
   231
  6
Continuous
370
     9
390
F
347
21
348
0
  0
LAYER
  5
539
330
2
100
AcDbSymbolTableRecord
100
AcDbLayerTableRecord
  2
A-AREA-IDEN
 70
     0
 62
     2
  6
Continuous
370
     9
390
F
347
21
348
0
  0
LAYER
  5
540
330
2
100
AcDbSymbolTableRecord
100
AcDbLayerTableRecord
  2
A-ROOF-IDEN
 70
     0
 62
   132
  6
Continuous
370
     9
390
F
347
21
348
0
  0
LAYER
  5
57E
330
2
100
AcDbSymbolTableRecord
100
AcDbLayerTableRecord
  2
A-ANNO-DIMS
 70
     0
 62
   211
  6
Continuous
370
     9
390
F
347
21
348
0
  0
LAYER
  5
580
330
2
100
AcDbSymbolTableRecord
100
AcDbLayerTableRecord
  2
A-ANNO-DIMS-100
 70
     0
 62
   211
  6
Continuous
370
     9
390
F
347
21
348
0
  0
LAYER
  5
594
330
2
100
AcDbSymbolTableRecord
100
AcDbLayerTableRecord
  2
Defpoints
 70
     0
 62
     7
  6
Continuous
290
     0
370
    -3
390
F
347
21
348
0
  0
ENDTAB
  0
TABLE
  2
STYLE
  5
3
330
0
100
AcDbSymbolTable
 70
     7
  0
STYLE
  5
55
330
3
100
AcDbSymbolTableRecord
100
AcDbTextStyleTableRecord
  2
Standard
 70
     0
 40
0.0
 41
1.0
 50
0.0
 71
     0
 42
0.2
  3
txt
  4

  0
STYLE
  5
5A
330
3
100
AcDbSymbolTableRecord
100
AcDbTextStyleTableRecord
  2
Annotative
 70
     0
 40
0.0
 41
1.0
 50
0.0
 71
     0
 42
0.2
  3
txt
  4

1001
AcadAnnotative
1000
AnnotativeData
1002
{
1070
     1
1070
     1
1002
}
  0
STYLE
  5
524
330
3
100
AcDbSymbolTableRecord
100
AcDbTextStyleTableRecord
  2
ISOCPEUR
 70
     0
 40
199.9999999999998
 41
1.0
 50
0.0
 71
     0
 42
0.2
  3
ISOCPEUR.ttf
  4

1001
ACAD
1000
ISOCPEUR
1071
       34
  0
STYLE
  5
536
330
3
100
AcDbSymbolTableRecord
100
AcDbTextStyleTableRecord
  2
Calibri
 70
     0
 40
150.0
 41
1.0
 50
0.0
 71
     0
 42
0.2
  3
calibri.ttf
  4

1001
ACAD
1000
Calibri
1071
       34
  0
STYLE
  5
53A
330
3
100
AcDbSymbolTableRecord
100
AcDbTextStyleTableRecord
  2
Calibri_1
 70
     0
 40
179.9999999999998
 41
1.0
 50
0.0
 71
     0
 42
0.2
  3
calibri.ttf
  4

1001
ACAD
1000
Calibri
1071
       34
  0
STYLE
  5
549
330
3
100
AcDbSymbolTableRecord
100
AcDbTextStyleTableRecord
  2
ISOCPEUR_B
 70
     0
 40
249.9999999999997
 41
1.0
 50
0.0
 71
     0
 42
0.2
  3

  4

1001
ACAD
1000
ISOCPEUR
1071
 33554466
  0
STYLE
  5
551
330
3
100
AcDbSymbolTableRecord
100
AcDbTextStyleTableRecord
  2
ISOCPEUR_1
 70
     0
 40
150.0
 41
1.0
 50
0.0
 71
     0
 42
0.2
  3
ISOCPEUR.ttf
  4

1001
ACAD
1000
ISOCPEUR
1071
       34
  0
ENDTAB
  0
TABLE
  2
VIEW
  5
6
330
0
100
AcDbSymbolTable
 70
     0
  0
ENDTAB
  0
TABLE
  2
UCS
  5
7
330
0
100
AcDbSymbolTable
 70
     0
  0
ENDTAB
  0
TABLE
  2
APPID
  5
9
330
0
100
AcDbSymbolTable
 70
     3
  0
APPID
  5
56
330
9
100
AcDbSymbolTableRecord
100
AcDbRegAppTableRecord
  2
ACAD
 70
     0
  0
APPID
  5
5E
330
9
100
AcDbSymbolTableRecord
100
AcDbRegAppTableRecord
  2
AcadAnnotative
 70
     0
  0
APPID
  5
78
330
9
100
AcDbSymbolTableRecord
100
AcDbRegAppTableRecord
  2
REVIT
 70
     0
  0
ENDTAB
  0
TABLE
  2
DIMSTYLE
  5
A
330
0
100
AcDbSymbolTable
 70
     3
100
AcDbDimStyleTable
  0
DIMSTYLE
105
58
330
A
100
AcDbSymbolTableRecord
100
AcDbDimStyleTableRecord
  2
Standard
 70
     0
178
     0
340
55
  0
DIMSTYLE
105
59
330
A
100
AcDbSymbolTableRecord
100
AcDbDimStyleTableRecord
  2
Annotative
 70
     0
178
     0
340
55
1001
AcadAnnotative
1000
AnnotativeData
1002
{
1070
     1
1070
     1
1002
}
  0
DIMSTYLE
105
58D
102
{ACAD_REACTORS
330
592
102
}
330
A
100
AcDbSymbolTableRecord
100
AcDbDimStyleTableRecord
  2
1_5mm_Calibrii
 70
     0
  3
<>
 40
304.8
 41
0.4921259842519685
 44
0.3280839895013123
 46
0.3280839895013123
 49
0.9842519685039369
 90
        2
290
     1
 73
     0
 74
     0
 77
     1
140
176.6022635757018
145
1.0
147
0.0
172
     1
173
     1
174
     1
178
     0
179
     2
271
     0
340
536
343
58E
344
58E
  0
ENDTAB
  0
TABLE
  2
BLOCK_RECORD
  5
1
330
0
100
AcDbSymbolTable
 70
    17
  0
BLOCK_RECORD
  5
70
102
{ACAD_XDICTIONARY
360
5C9
102
}
330
1
100
AcDbSymbolTableRecord
100
AcDbBlockTableRecord
  2
*Model_Space
340
73
 70
     0
280
     1
281
     0
  0
BLOCK_RECORD
  5
6C
330
1
100
AcDbSymbolTableRecord
100
AcDbBlockTableRecord
  2
*Paper_Space
340
6F
 70
     0
280
     1
281
     0
  0
BLOCK_RECORD
  5
74
330
1
100
AcDbSymbolTableRecord
100
AcDbBlockTableRecord
  2
*Paper_Space0
340
77
 70
     0
280
     1
281
     0
  0
BLOCK_RECORD
  5
FA
330
1
100
AcDbSymbolTableRecord
100
AcDbBlockTableRecord
  2
Stacker Door - 3 Panel - FXX3047 SP-2545092-SECTION E-E
340
0
102
{BLKREFS
331
110
102
}
 70
     0
280
     1
281
     0
  0
BLOCK_RECORD
  5
15E
330
1
100
AcDbSymbolTableRecord
100
AcDbBlockTableRecord
  2
3 PANEL 2 transom - AFA1842 SP-1980656-SECTION E-E
340
0
102
{BLKREFS
331
162
102
}
 70
     0
280
     1
281
     0
  0
BLOCK_RECORD
  5
164
330
1
100
AcDbSymbolTableRecord
100
AcDbBlockTableRecord
  2
VELUX FS   deck mounted   fixed - C01-1726125-SECTION E-E
340
0
102
{BLKREFS
331
1FE
102
}
 70
     0
280
     1
281
     0
  0
BLOCK_RECORD
  5
200
330
1
100
AcDbSymbolTableRecord
100
AcDbBlockTableRecord
  2
Single - Timber Frame  - 870x2400-2599501-SECTION E-E
340
0
102
{BLKREFS
331
20D
102
}
 70
     0
280
     1
281
     0
  0
BLOCK_RECORD
  5
20E
330
1
100
AcDbSymbolTableRecord
100
AcDbBlockTableRecord
  2
Linen shelves - Linen shelves-2457071-SECTION E-E
340
0
102
{BLKREFS
331
221
102
}
 70
     0
280
     1
281
     0
  0
BLOCK_RECORD
  5
223
330
1
100
AcDbSymbolTableRecord
100
AcDbBlockTableRecord
  2
AS_AA 0622 - 1527_3 PANEL HORIZONTAL_ - AA1430 SP-1980709-SECTION E-E
340
0
102
{BLKREFS
331
236
102
}
 70
     0
280
     1
281
     0
  0
BLOCK_RECORD
  5
237
330
1
100
AcDbSymbolTableRecord
100
AcDbBlockTableRecord
  2
Single - Timber Frame  - 870x2400-V1-SECTION E-E
340
0
102
{BLKREFS
331
248
102
}
 70
     0
280
     1
281
     0
  0
BLOCK_RECORD
  5
24B
330
1
100
AcDbSymbolTableRecord
100
AcDbBlockTableRecord
  2
custom - equal Panel M_6 PANEL HORIZONTAL_ - AFA3042T SP-2001726-SECTION E-E
340
0
102
{BLKREFS
331
266
102
}
 70
     0
280
     1
281
     0
  0
BLOCK_RECORD
  5
281
330
1
100
AcDbSymbolTableRecord
100
AcDbBlockTableRecord
  2
Tap - Tap-1959228-SECTION E-E
340
0
102
{BLKREFS
331
2CA
102
}
 70
     0
280
     1
281
     0
  0
BLOCK_RECORD
  5
2CB
330
1
100
AcDbSymbolTableRecord
100
AcDbBlockTableRecord
  2
Shower_Twin_Phoenix_NXQuil_FaceBased - Chrome _606-6500-00_-1739590-SECTION E-E
340
0
102
{BLKREFS
331
3C9
102
}
 70
     0
280
     1
281
     0
  0
BLOCK_RECORD
  5
3D0
330
1
100
AcDbSymbolTableRecord
100
AcDbBlockTableRecord
  2
89563_Cavity_Sliding_Door_single - 820CSD-2448972-SECTION E-E
340
0
102
{BLKREFS
331
3DE
102
}
 70
     0
280
     1
281
     0
  0
BLOCK_RECORD
  5
3DF
330
1
100
AcDbSymbolTableRecord
100
AcDbBlockTableRecord
  2
Gas instantaneous hws - Type 1-1979205-SECTION E-E
340
0
102
{BLKREFS
331
3E5
102
}
 70
     0
280
     1
281
     0
  0
BLOCK_RECORD
  5
3E6
330
1
100
AcDbSymbolTableRecord
100
AcDbBlockTableRecord
  2
Induction Cooktop - WCE77US6HB-2571816-SECTION E-E
340
0
102
{BLKREFS
331
48B
102
}
 70
     0
280
     1
281
     0
  0
BLOCK_RECORD
  5
58E
330
1
100
AcDbSymbolTableRecord
100
AcDbBlockTableRecord
  2
_Oblique
340
0
 70
     0
280
     1
281
     0
  0
BLOCK_RECORD
  5
595
330
1
100
AcDbSymbolTableRecord
100
AcDbBlockTableRecord
  2
DIMBLOCK1-SECTION E-E
340
0
 70
     0
280
     1
281
     0
  0
BLOCK_RECORD
  5
5B8
330
1
100
AcDbSymbolTableRecord
100
AcDbBlockTableRecord
  2
DIMBLOCK2-SECTION E-E
340
0
 70
     0
280
     1
281
     0
  0
ENDTAB
  0
ENDSEC
  0
SECTION
  2
BLOCKS
  0
BLOCK
  5
71
330
70
100
AcDbEntity
  8
0
100
AcDbBlockBegin
  2
*Model_Space
 70
     0
 10
0.0
 20
0.0
 30
0.0
  3
*Model_Space
  1

  0
ENDBLK
  5
72
330
70
100
AcDbEntity
  8
0
100
AcDbBlockEnd
  0
BLOCK
  5
6D
330
6C
100
AcDbEntity
 67
     1
  8
0
100
AcDbBlockBegin
  2
*Paper_Space
 70
     0
 10
0.0
 20
0.0
 30
0.0
  3
*Paper_Space
  1

  0
ENDBLK
  5
6E
330
6C
100
AcDbEntity
 67
     1
  8
0
100
AcDbBlockEnd
  0
BLOCK
  5
75
330
74
100
AcDbEntity
  8
0
100
AcDbBlockBegin
  2
*Paper_Space0
 70
     0
 10
0.0
 20
0.0
 30
0.0
  3
*Paper_Space0
  1

  0
ENDBLK
  5
76
330
74
100
AcDbEntity
  8
0
100
AcDbBlockEnd
  0
BLOCK
  5
10E
330
FA
100
AcDbEntity
  8
0
100
AcDbBlockBegin
  2
Stacker Door - 3 Panel - FXX3047 SP-2545092-SECTION E-E
 70
     0
 10
0.0
 20
0.0
 30
0.0
  3
Stacker Door - 3 Panel - FXX3047 SP-2545092-SECTION E-E
  1

  0
LINE
  5
FC
330
FA
100
AcDbEntity
  8
A-DOOR-FRAM
100
AcDbLine
 10
30642.9455052217
 20
31888.7047254837
 30
0.0
 11
30642.9455052217
 21
28890.0
 31
0.0
1001
REVIT
1002
{
1070
     1
1000
1453001
1002
}
1002
{
1070
     5
1000
1812943
1002
}
1002
{
1070
     3
1000
-2000029
1002
}
  0
LINE
  5
FD
330
FA
100
AcDbEntity
  8
A-DOOR-FRAM
100
AcDbLine
 10
32140.44550522169
 20
28945.0
 30
0.0
 11
30697.9455052217
 21
28945.0
 31
0.0
1001
REVIT
1002
{
1070
     1
1000
1453001
1002
}
1002
{
1070
     5
1000
1812943
1002
}
1002
{
1070
     3
1000
-2000029
1002
}
  0
LINE
  5
FE
330
FA
100
AcDbEntity
  8
A-DOOR-FRAM
100
AcDbLine
 10
30697.9455052217
 20
28945.0
 30
0.0
 11
30697.9455052217
 21
31835.0
 31
0.0
1001
REVIT
1002
{
1070
     1
1000
1453001
1002
}
1002
{
1070
     5
1000
1812943
1002
}
1002
{
1070
     3
1000
-2000029
1002
}
  0
LINE
  5
FF
330
FA
100
AcDbEntity
  8
A-DOOR-FRAM
100
AcDbLine
 10
30697.9455052217
 20
31835.0
 30
0.0
 11
32140.44550522169
 21
31835.0
 31
0.0
1001
REVIT
1002
{
1070
     1
1000
1453001
1002
}
1002
{
1070
     5
1000
1812943
1002
}
1002
{
1070
     3
1000
-2000029
1002
}
  0
LINE
  5
100
330
FA
100
AcDbEntity
  8
A-DOOR-FRAM
100
AcDbLine
 10
32140.44550522169
 20
31888.7047254837
 30
0.0
 11
32140.44550522169
 21
28890.0
 31
0.0
1001
REVIT
1002
{
1070
     1
1000
1453001
1002
}
1002
{
1070
     5
1000
1812943
1002
}
1002
{
1070
     3
1000
-2000029
1002
}
  0
LINE
  5
101
330
FA
100
AcDbEntity
  8
A-DOOR-FRAM
100
AcDbLine
 10
33670.4455052217
 20
28945.0
 30
0.0
 11
32195.4455052217
 21
28945.0
 31
0.0
1001
REVIT
1002
{
1070
     1
1000
1453001
1002
}
1002
{
1070
     5
1000
1812943
1002
}
1002
{
1070
     3
1000
-2000029
1002
}
  0
LINE
  5
102
330
FA
100
AcDbEntity
  8
A-DOOR-FRAM
100
AcDbLine
 10
32195.4455052217
 20
28945.0
 30
0.0
 11
32195.4455052217
 21
31835.0
 31
0.0
1001
REVIT
1002
{
1070
     1
1000
1453001
1002
}
1002
{
1070
     5
1000
1812943
1002
}
1002
{
1070
     3
1000
-2000029
1002
}
  0
LINE
  5
103
330
FA
100
AcDbEntity
  8
A-DOOR-FRAM
100
AcDbLine
 10
32195.4455052217
 20
31835.0
 30
0.0
 11
33670.4455052217
 21
31835.0
 31
0.0
1001
REVIT
1002
{
1070
     1
1000
1453001
1002
}
1002
{
1070
     5
1000
1812943
1002
}
1002
{
1070
     3
1000
-2000029
1002
}
  0
LINE
  5
104
330
FA
100
AcDbEntity
  8
A-DOOR-FRAM
100
AcDbLine
 10
33670.4455052217
 20
31835.0
 30
0.0
 11
33670.4455052217
 21
28945.0
 31
0.0
1001
REVIT
1002
{
1070
     1
1000
1453001
1002
}
1002
{
1070
     5
1000
1812943
1002
}
1002
{
1070
     3
1000
-2000029
1002
}
  0
LINE
  5
105
330
FA
100
AcDbEntity
  8
A-DOOR-FRAM
100
AcDbLine
 10
30635.44550522169
 20
28945.0
 30
0.0
 11
29160.4455052217
 21
28945.0
 31
0.0
1001
REVIT
1002
{
1070
     1
1000
1453001
1002
}
1002
{
1070
     5
1000
1812943
1002
}
1002
{
1070
     3
1000
-2000029
1002
}
  0
LINE
  5
106
330
FA
100
AcDbEntity
  8
A-DOOR-FRAM
100
AcDbLine
 10
29160.4455052217
 20
28945.0
 30
0.0
 11
29160.4455052217
 21
31835.0
 31
0.0
1001
REVIT
1002
{
1070
     1
1000
1453001
1002
}
1002
{
1070
     5
1000
1812943
1002
}
1002
{
1070
     3
1000
-2000029
1002
}
  0
LINE
  5
107
330
FA
100
AcDbEntity
  8
A-DOOR-FRAM
100
AcDbLine
 10
29160.4455052217
 20
31835.0
 30
0.0
 11
30635.44550522169
 21
31835.0
 31
0.0
1001
REVIT
1002
{
1070
     1
1000
1453001
1002
}
1002
{
1070
     5
1000
1812943
1002
}
1002
{
1070
     3
1000
-2000029
1002
}
  0
LINE
  5
108
330
FA
100
AcDbEntity
  8
A-DOOR-FRAM
100
AcDbLine
 10
30635.44550522169
 20
31835.0
 30
0.0
 11
30635.44550522169
 21
28945.0
 31
0.0
1001
REVIT
1002
{
1070
     1
1000
1453001
1002
}
1002
{
1070
     5
1000
1812943
1002
}
1002
{
1070
     3
1000
-2000029
1002
}
  0
LINE
  5
109
330
FA
100
AcDbEntity
  8
A-DOOR
100
AcDbLine
 10
29105.4455052217
 20
31888.7047254837
 30
0.0
 11
29105.4455052217
 21
28890.0
 31
0.0
1001
REVIT
1002
{
1070
     1
1000
1453001
1002
}
1002
{
1070
     5
1000
1812943
1002
}
  0
LINE
  5
10A
330
FA
100
AcDbEntity
  8
A-DOOR
100
AcDbLine
 10
33765.4455052217
 20
28890.0
 30
0.0
 11
33765.4455052217
 21
31890.0
 31
0.0
1001
REVIT
1002
{
1070
     1
1000
1453001
1002
}
1002
{
1070
     5
1000
1812943
1002
}
  0
LINE
  5
10B
330
FA
100
AcDbEntity
  8
A-DOOR
100
AcDbLine
 10
29065.4455052217
 20
28890.0
 30
0.0
 11
29065.4455052217
 21
31890.0
 31
0.0
1001
REVIT
1002
{
1070
     1
1000
1453001
1002
}
1002
{
1070
     5
1000
1812943
1002
}
  0
LINE
  5
10C
330
FA
100
AcDbEntity
  8
A-DOOR
100
AcDbLine
 10
33725.4455052217
 20
31888.7047254837
 30
0.0
 11
33725.4455052217
 21
28890.0
 31
0.0
1001
REVIT
1002
{
1070
     1
1000
1453001
1002
}
1002
{
1070
     5
1000
1812943
1002
}
  0
LINE
  5
10D
330
FA
100
AcDbEntity
  8
A-DOOR
100
AcDbLine
 10
29105.4455052217
 20
31888.7047254837
 30
0.0
 11
33725.4455052217
 21
31888.7047254837
 31
0.0
1001
REVIT
1002
{
1070
     1
1000
1453001
1002
}
1002
{
1070
     5
1000
1812943
1002
}
  0
ENDBLK
  5
10F
330
FA
100
AcDbEntity
  8
0
100
AcDbBlockEnd
  0
BLOCK
  5
160
330
15E
100
AcDbEntity
  8
0
100
AcDbBlockBegin
  2
3 PANEL 2 transom - AFA1842 SP-1980656-SECTION E-E
 70
     0
 10
0.0
 20
0.0
 30
0.0
  3
3 PANEL 2 transom - AFA1842 SP-1980656-SECTION E-E
  1

  0
LINE
  5
15F
330
15E
100
AcDbEntity
  8
A-GLAZ
100
AcDbLine
 10
38630.44550649941
 20
32990.00000000001
 30
0.0
 11
38250.44550649942
 21
32990.00000000001
 31
0.0
1001
REVIT
1002
{
1070
     1
1000
1705447
1002
}
1002
{
1070
     5
1000
1747809
1002
}
  0
ENDBLK
  5
161
330
15E
100
AcDbEntity
  8
0
100
AcDbBlockEnd
  0
BLOCK
  5
1FC
330
164
100
AcDbEntity
  8
0
100
AcDbBlockBegin
  2
VELUX FS   deck mounted   fixed - C01-1726125-SECTION E-E
 70
     0
 10
0.0
 20
0.0
 30
0.0
  3
VELUX FS   deck mounted   fixed - C01-1726125-SECTION E-E
  1

  0
LINE
  5
165
330
164
100
AcDbEntity
  8
A-GLAZ
370
    25
100
AcDbLine
 10
35185.95871341948
 20
36103.57010753853
 30
0.0
 11
35185.95871341948
 21
36120.23351684175
 31
0.0
1001
REVIT
1002
{
1070
     1
1000
1726131
1002
}
1002
{
1070
     5
1000
1503254
1002
}
  0
LINE
  5
166
330
164
100
AcDbEntity
  8
A-GLAZ
370
    25
100
AcDbLine
 10
35185.95871341948
 20
36120.23351684175
 30
0.0
 11
34664.9322996205
 21
36120.23351684175
 31
0.0
1001
REVIT
1002
{
1070
     1
1000
1726131
1002
}
1002
{
1070
     5
1000
1503254
1002
}
  0
LINE
  5
167
330
164
100
AcDbEntity
  8
A-GLAZ
370
    25
100
AcDbLine
 10
34664.9322996205
 20
36120.23351684175
 30
0.0
 11
34664.9322996205
 21
36103.57010753853
 31
0.0
1001
REVIT
1002
{
1070
     1
1000
1726131
1002
}
1002
{
1070
     5
1000
1503254
1002
}
  0
LINE
  5
168
330
164
100
AcDbEntity
  8
A-GLAZ
370
    25
100
AcDbLine
 10
34664.9322996205
 20
36103.57010753853
 30
0.0
 11
35185.95871341948
 21
36103.57010753853
 31
0.0
1001
REVIT
1002
{
1070
     1
1000
1726131
1002
}
1002
{
1070
     5
1000
1503254
1002
}
  0
LINE
  5
169
330
164
100
AcDbEntity
  8
A-GLAZ
100
AcDbLine
 10
35219.16663044043
 20
36047.93105036146
 30
0.0
 11
35219.16663044043
 21
36064.04978759083
 31
0.0
1001
REVIT
1002
{
1070
     1
1000
1726131
1002
}
1002
{
1070
     5
1000
1503254
1002
}
  0
LINE
  5
16A
330
164
100
AcDbEntity
  8
A-GLAZ
100
AcDbLine
 10
34632.95703211565
 20
36046.69871062324
 30
0.0
 11
34642.70729962049
 21
36046.69871062324
 31
0.0
1001
REVIT
1002
{
1070
     1
1000
1726131
1002
}
1002
{
1070
     5
1000
1503254
1002
}
  0
LINE
  5
16B
330
164
100
AcDbEntity
  8
A-GLAZ
100
AcDbLine
 10
35208.18371341946
 20
36046.69871062324
 30
0.0
 11
35217.9339809243
 21
36046.69871062324
 31
0.0
1001
REVIT
1002
{
1070
     1
1000
1726131
1002
}
1002
{
1070
     5
1000
1503254
1002
}
  0
LINE
  5
16C
330
164
100
AcDbEntity
  8
A-GLAZ
100
AcDbLine
 10
34631.72438259952
 20
36064.04978759083
 30
0.0
 11
34631.72438259952
 21
36047.93105036146
 31
0.0
1001
REVIT
1002
{
1070
     1
1000
1726131
1002
}
1002
{
1070
     5
1000
1503254
1002
}
  0
LINE
  5
16D
330
164
100
AcDbEntity
  8
A-GLAZ
370
    25
100
AcDbLine
 10
35215.98523879879
 20
36068.75334637039
 30
0.0
 11
35215.21853515602
 21
36068.54712408305
 31
0.0
1001
REVIT
1002
{
1070
     1
1000
1726131
1002
}
1002
{
1070
     5
1000
1503254
1002
}
  0
LINE
  5
16E
330
164
100
AcDbEntity
  8
A-GLAZ
370
    25
100
AcDbLine
 10
35215.21853515602
 20
36068.54712408305
 30
0.0
 11
35216.51263022519
 21
36063.69904542436
 31
0.0
1001
REVIT
1002
{
1070
     1
1000
1726131
1002
}
1002
{
1070
     5
1000
1503254
1002
}
  0
LWPOLYLINE
  5
16F
330
164
100
AcDbEntity
  8
A-GLAZ
370
    25
100
AcDbPolyline
 90
       13
 70
   128
 43
0.0
 10
35216.5126310147
 20
36063.69904563511
 10
35216.63305005475
 20
36063.39797109409
 10
35216.8213069671
 20
36063.13425594534
 10
35217.06661165382
 20
36062.92301523692
 10
35217.35490427743
 20
36062.77635640172
 10
35217.6696611119
 20
36062.70268531009
 10
35217.99284161345
 20
36062.70622448049
 10
35218.30592242897
 20
36062.78677106252
 10
35218.59095907708
 20
36062.93970846336
 10
35218.83161445063
 20
36063.15627095158
 10
35219.01409519129
 20
36063.42404607217
 10
35219.12794226712
 20
36063.72768607645
 10
35219.16663044042
 20
36064.04978759081
1001
REVIT
1002
{
1070
     1
1000
1726131
1002
}
1002
{
1070
     5
1000
1503254
1002
}
  0
LINE
  5
170
330
164
100
AcDbEntity
  8
A-GLAZ
370
    25
100
AcDbLine
 10
35219.16663044042
 20
36064.04978759081
 30
0.0
 11
35219.16663044042
 21
36110.22550011
 31
0.0
1001
REVIT
1002
{
1070
     1
1000
1726131
1002
}
1002
{
1070
     5
1000
1503254
1002
}
  0
LWPOLYLINE
  5
171
330
164
100
AcDbEntity
  8
A-GLAZ
370
    25
100
AcDbPolyline
 90
        7
 70
   128
 43
0.0
 10
35219.16663044042
 20
36110.22550011001
 10
35219.13833756089
 20
36110.45650080793
 10
35219.05514415817
 20
36110.67374219
 10
35218.92200556059
 20
36110.86428449972
 10
35218.74685202998
 20
36111.01677828298
 10
35218.54011640384
 20
36111.12214040649
 10
35218.31411267429
 20
36111.17409508517
1001
REVIT
1002
{
1070
     1
1000
1726131
1002
}
1002
{
1070
     5
1000
1503254
1002
}
  0
LINE
  5
172
330
164
100
AcDbEntity
  8
A-GLAZ
370
    25
100
AcDbLine
 10
35218.31411267429
 20
36111.17409508517
 30
0.0
 11
35200.02514434258
 21
36113.06794804703
 31
0.0
1001
REVIT
1002
{
1070
     1
1000
1726131
1002
}
1002
{
1070
     5
1000
1503254
1002
}
  0
LWPOLYLINE
  5
173
330
164
100
AcDbEntity
  8
A-GLAZ
370
    25
100
AcDbPolyline
 90
        5
 70
   128
 43
0.0
 10
35200.0251443426
 20
36113.06794804702
 10
35200.44182490152
 20
36113.49727007465
 10
35200.75834469825
 20
36114.00551944568
 10
35200.96030934934
 20
36114.56958248312
 10
35201.03853410026
 20
36115.16380726963
1001
REVIT
1002
{
1070
     1
1000
1726131
1002
}
1002
{
1070
     5
1000
1503254
1002
}
  0
LINE
  5
174
330
164
100
AcDbEntity
  8
A-GLAZ
370
    25
100
AcDbLine
 10
35201.03853410026
 20
36115.16380726963
 30
0.0
 11
35201.03853410026
 21
36118.37523177091
 31
0.0
1001
REVIT
1002
{
1070
     1
1000
1726131
1002
}
1002
{
1070
     5
1000
1503254
1002
}
  0
LWPOLYLINE
  5
175
330
164
100
AcDbEntity
  8
A-GLAZ
370
    25
100
AcDbPolyline
 90
        6
 70
   128
 43
0.0
 10
35201.03850750855
 20
36118.37523177091
 10
35200.95203926136
 20
36119.0683367867
 10
35200.69797506106
 20
36119.71863353404
 10
35200.29200668341
 20
36120.28595771301
 10
35199.759207967
 20
36120.73526966119
 10
35199.13248617693
 20
36121.03881850963
1001
REVIT
1002
{
1070
     1
1000
1726131
1002
}
1002
{
1070
     5
1000
1503254
1002
}
  0
LWPOLYLINE
  5
176
330
164
100
AcDbEntity
  8
A-GLAZ
370
    25
100
AcDbPolyline
 90
        4
 70
   128
 43
0.0
 10
35199.13248617692
 20
36121.03881850962
 10
35187.36119683612
 20
36123.67309244084
 10
35175.30133093995
 20
36123.77131262599
 10
35163.48901090372
 20
36121.32911267793
1001
REVIT
1002
{
1070
     1
1000
1726131
1002
}
1002
{
1070
     5
1000
1503254
1002
}
  0
LINE
  5
177
330
164
100
AcDbEntity
  8
A-GLAZ
370
    25
100
AcDbLine
 10
35163.48901090372
 20
36121.32911267793
 30
0.0
 11
35163.73019944832
 21
36120.57000506245
 31
0.0
1001
REVIT
1002
{
1070
     1
1000
1726131
1002
}
1002
{
1070
     5
1000
1503254
1002
}
  0
LWPOLYLINE
  5
178
330
164
100
AcDbEntity
  8
A-GLAZ
370
    25
100
AcDbPolyline
 90
        4
 70
   128
 43
0.0
 10
35163.73019944832
 20
36120.57000506247
 10
35175.37860289314
 20
36122.97831521665
 10
35187.27111706631
 20
36122.88145800829
 10
35198.87905918834
 20
36120.28373923324
1001
REVIT
1002
{
1070
     1
1000
1726131
1002
}
1002
{
1070
     5
1000
1503254
1002
}
  0
LWPOLYLINE
  5
179
330
164
100
AcDbEntity
  8
A-GLAZ
370
    25
100
AcDbPolyline
 90
        6
 70
   128
 43
0.0
 10
35198.87905918835
 20
36120.28373923325
 10
35199.32811654239
 20
36120.06624106283
 10
35199.70987633696
 20
36119.74430102852
 10
35200.00075992898
 20
36119.33780312351
 10
35200.18280146536
 20
36118.87185389161
 10
35200.24475750855
 20
36118.37523177091
1001
REVIT
1002
{
1070
     1
1000
1726131
1002
}
1002
{
1070
     5
1000
1503254
1002
}
  0
LINE
  5
17A
330
164
100
AcDbEntity
  8
A-GLAZ
370
    25
100
AcDbLine
 10
35200.24475750855
 20
36118.37523177091
 30
0.0
 11
35200.24478410026
 21
36115.17440316071
 31
0.0
1001
REVIT
1002
{
1070
     1
1000
1726131
1002
}
1002
{
1070
     5
1000
1503254
1002
}
  0
LWPOLYLINE
  5
17B
330
164
100
AcDbEntity
  8
A-GLAZ
370
    25
100
AcDbPolyline
 90
        5
 70
   128
 43
0.0
 10
35200.24478410025
 20
36115.17440316071
 10
35200.19286270877
 20
36114.773970577
 10
35200.06240273966
 20
36114.39198544382
 10
35199.85864925104
 20
36114.04380522481
 10
35199.58979401927
 20
36113.74342827897
1001
REVIT
1002
{
1070
     1
1000
1726131
1002
}
1002
{
1070
     5
1000
1503254
1002
}
  0
LINE
  5
17C
330
164
100
AcDbEntity
  8
A-GLAZ
370
    25
100
AcDbLine
 10
35199.58979401926
 20
36113.74342827897
 30
0.0
 11
35199.94369527441
 21
36112.27537198094
 31
0.0
1001
REVIT
1002
{
1070
     1
1000
1726131
1002
}
1002
{
1070
     5
1000
1503254
1002
}
  0
LINE
  5
17D
330
164
100
AcDbEntity
  8
A-GLAZ
370
    25
100
AcDbLine
 10
35199.94369527441
 20
36112.27537198094
 30
0.0
 11
35218.37288044043
 21
36110.36700080592
 31
0.0
1001
REVIT
1002
{
1070
     1
1000
1726131
1002
}
1002
{
1070
     5
1000
1503254
1002
}
  0
LINE
  5
17E
330
164
100
AcDbEntity
  8
A-GLAZ
370
    25
100
AcDbLine
 10
35218.37288044043
 20
36110.36700080592
 30
0.0
 11
35218.37288044043
 21
36064.04978759081
 31
0.0
1001
REVIT
1002
{
1070
     1
1000
1726131
1002
}
1002
{
1070
     5
1000
1503254
1002
}
  0
LWPOLYLINE
  5
17F
330
164
100
AcDbEntity
  8
A-GLAZ
370
    25
100
AcDbPolyline
 90
       13
 70
   128
 43
0.0
 10
35218.37288044043
 20
36064.04978759081
 10
35218.35693946719
 20
36063.91706978485
 10
35218.31003021808
 20
36063.79195881406
 10
35218.23484133704
 20
36063.6816255213
 10
35218.13568233943
 20
36063.5923937541
 10
35218.01823660848
 20
36063.52937790795
 10
35217.88923564722
 20
36063.49618979023
 10
35217.75607325667
 20
36063.49473160647
 10
35217.62638175375
 20
36063.5250869337
 10
35217.50759451845
 20
36063.58551593025
 10
35217.40651994332
 20
36063.67255505622
 10
35217.32895120453
 20
36063.78121558927
 10
35217.27933422103
 20
36063.90526955752
1001
REVIT
1002
{
1070
     1
1000
1726131
1002
}
1002
{
1070
     5
1000
1503254
1002
}
  0
LINE
  5
180
330
164
100
AcDbEntity
  8
A-GLAZ
370
    25
100
AcDbLine
 10
35217.27933422103
 20
36063.90526955752
 30
0.0
 11
35215.98523879879
 21
36068.75334637039
 31
0.0
1001
REVIT
1002
{
1070
     1
1000
1726131
1002
}
1002
{
1070
     5
1000
1503254
1002
}
  0
LINE
  5
181
330
164
100
AcDbEntity
  8
A-GLAZ
370
    25
100
AcDbLine
 10
34635.67247788392
 20
36068.54712408304
 30
0.0
 11
34634.90577424113
 21
36068.75334637039
 31
0.0
1001
REVIT
1002
{
1070
     1
1000
1726131
1002
}
1002
{
1070
     5
1000
1503254
1002
}
  0
LINE
  5
182
330
164
100
AcDbEntity
  8
A-GLAZ
370
    25
100
AcDbLine
 10
34634.90577424113
 20
36068.75334637039
 30
0.0
 11
34633.61167881891
 21
36063.90526955752
 31
0.0
1001
REVIT
1002
{
1070
     1
1000
1726131
1002
}
1002
{
1070
     5
1000
1503254
1002
}
  0
LWPOLYLINE
  5
183
330
164
100
AcDbEntity
  8
A-GLAZ
370
    25
100
AcDbPolyline
 90
       13
 70
   128
 43
0.0
 10
34633.61167881891
 20
36063.90526955752
 10
34633.56206183541
 20
36063.78121558927
 10
34633.48449309662
 20
36063.67255505622
 10
34633.38341852148
 20
36063.58551593025
 10
34633.26463128619
 20
36063.5250869337
 10
34633.13493978326
 20
36063.49473160647
 10
34633.00177739272
 20
36063.49618979023
 10
34632.87277643146
 20
36063.52937790795
 10
34632.7553307005
 20
36063.5923937541
 10
34632.65617170289
 20
36063.68162552129
 10
34632.58098282185
 20
36063.79195881406
 10
34632.53407357275
 20
36063.91706978485
 10
34632.51813259951
 20
36064.04978759081
1001
REVIT
1002
{
1070
     1
1000
1726131
1002
}
1002
{
1070
     5
1000
1503254
1002
}
  0
LINE
  5
184
330
164
100
AcDbEntity
  8
A-GLAZ
370
    25
100
AcDbLine
 10
34632.51813259951
 20
36064.04978759081
 30
0.0
 11
34632.51813259951
 21
36110.36700080592
 31
0.0
1001
REVIT
1002
{
1070
     1
1000
1726131
1002
}
1002
{
1070
     5
1000
1503254
1002
}
  0
LINE
  5
185
330
164
100
AcDbEntity
  8
A-GLAZ
370
    25
100
AcDbLine
 10
34632.51813259951
 20
36110.36700080592
 30
0.0
 11
34650.94731776553
 21
36112.27537198094
 31
0.0
1001
REVIT
1002
{
1070
     1
1000
1726131
1002
}
1002
{
1070
     5
1000
1503254
1002
}
  0
LINE
  5
186
330
164
100
AcDbEntity
  8
A-GLAZ
370
    25
100
AcDbLine
 10
34650.94731776553
 20
36112.27537198094
 30
0.0
 11
34651.30121902067
 21
36113.74342827897
 31
0.0
1001
REVIT
1002
{
1070
     1
1000
1726131
1002
}
1002
{
1070
     5
1000
1503254
1002
}
  0
LWPOLYLINE
  5
187
330
164
100
AcDbEntity
  8
A-GLAZ
370
    25
100
AcDbPolyline
 90
        5
 70
   128
 43
0.0
 10
34651.30121902067
 20
36113.74342827897
 10
34651.0323637889
 20
36114.04380522481
 10
34650.82861030028
 20
36114.39198544382
 10
34650.69815033116
 20
36114.773970577
 10
34650.64622893968
 20
36115.17440316071
1001
REVIT
1002
{
1070
     1
1000
1726131
1002
}
1002
{
1070
     5
1000
1503254
1002
}
  0
LINE
  5
188
330
164
100
AcDbEntity
  8
A-GLAZ
370
    25
100
AcDbLine
 10
34650.64622893968
 20
36115.17440316071
 30
0.0
 11
34650.64625553139
 21
36118.37523177091
 31
0.0
1001
REVIT
1002
{
1070
     1
1000
1726131
1002
}
1002
{
1070
     5
1000
1503254
1002
}
  0
LWPOLYLINE
  5
189
330
164
100
AcDbEntity
  8
A-GLAZ
370
    25
100
AcDbPolyline
 90
        6
 70
   128
 43
0.0
 10
34650.64625553139
 20
36118.37523177091
 10
34650.70821157457
 20
36118.87185389161
 10
34650.89025311095
 20
36119.33780312351
 10
34651.18113670298
 20
36119.74430102852
 10
34651.56289649754
 20
36120.06624106283
 10
34652.01195385158
 20
36120.28373923325
1001
REVIT
1002
{
1070
     1
1000
1726131
1002
}
1002
{
1070
     5
1000
1503254
1002
}
  0
LWPOLYLINE
  5
18A
330
164
100
AcDbEntity
  8
A-GLAZ
370
    25
100
AcDbPolyline
 90
        4
 70
   128
 43
0.0
 10
34652.01195385159
 20
36120.28373923324
 10
34663.61989597362
 20
36122.88145800829
 10
34675.5124101468
 20
36122.97831521665
 10
34687.16081359161
 20
36120.57000506247
1001
REVIT
1002
{
1070
     1
1000
1726131
1002
}
1002
{
1070
     5
1000
1503254
1002
}
  0
LINE
  5
18B
330
164
100
AcDbEntity
  8
A-GLAZ
370
    25
100
AcDbLine
 10
34687.16081359161
 20
36120.57000506245
 30
0.0
 11
34687.40200213622
 21
36121.32911267793
 31
0.0
1001
REVIT
1002
{
1070
     1
1000
1726131
1002
}
1002
{
1070
     5
1000
1503254
1002
}
  0
LWPOLYLINE
  5
18C
330
164
100
AcDbEntity
  8
A-GLAZ
370
    25
100
AcDbPolyline
 90
        4
 70
   128
 43
0.0
 10
34687.40200213622
 20
36121.32911267793
 10
34675.58968209999
 20
36123.77131262598
 10
34663.52981620382
 20
36123.67309244084
 10
34651.75852686302
 20
36121.03881850962
1001
REVIT
1002
{
1070
     1
1000
1726131
1002
}
1002
{
1070
     5
1000
1503254
1002
}
  0
LWPOLYLINE
  5
18D
330
164
100
AcDbEntity
  8
A-GLAZ
370
    25
100
AcDbPolyline
 90
        6
 70
   128
 43
0.0
 10
34651.75852686301
 20
36121.03881850963
 10
34651.13180507293
 20
36120.73526966119
 10
34650.59900635653
 20
36120.28595771301
 10
34650.19303797888
 20
36119.71863353404
 10
34649.93897377858
 20
36119.0683367867
 10
34649.85250553138
 20
36118.37523177091
1001
REVIT
1002
{
1070
     1
1000
1726131
1002
}
1002
{
1070
     5
1000
1503254
1002
}
  0
LINE
  5
18E
330
164
100
AcDbEntity
  8
A-GLAZ
370
    25
100
AcDbLine
 10
34649.85247893968
 20
36118.37523177091
 30
0.0
 11
34649.85247893968
 21
36115.16380726963
 31
0.0
1001
REVIT
1002
{
1070
     1
1000
1726131
1002
}
1002
{
1070
     5
1000
1503254
1002
}
  0
LWPOLYLINE
  5
18F
330
164
100
AcDbEntity
  8
A-GLAZ
370
    25
100
AcDbPolyline
 90
        5
 70
   128
 43
0.0
 10
34649.85247893968
 20
36115.16380726963
 10
34649.93070369059
 20
36114.56958248312
 10
34650.13266834169
 20
36114.00551944568
 10
34650.44918813842
 20
36113.49727007465
 10
34650.86586869734
 20
36113.06794804702
1001
REVIT
1002
{
1070
     1
1000
1726131
1002
}
1002
{
1070
     5
1000
1503254
1002
}
  0
LINE
  5
190
330
164
100
AcDbEntity
  8
A-GLAZ
370
    25
100
AcDbLine
 10
34650.86586869735
 20
36113.06794804703
 30
0.0
 11
34632.57690036563
 21
36111.17409508517
 31
0.0
1001
REVIT
1002
{
1070
     1
1000
1726131
1002
}
1002
{
1070
     5
1000
1503254
1002
}
  0
LWPOLYLINE
  5
191
330
164
100
AcDbEntity
  8
A-GLAZ
370
    25
100
AcDbPolyline
 90
        7
 70
   128
 43
0.0
 10
34632.57690036563
 20
36111.17409508517
 10
34632.3508966361
 20
36111.12214040649
 10
34632.14416100996
 20
36111.01677828298
 10
34631.96900747934
 20
36110.86428449972
 10
34631.83586888177
 20
36110.67374219
 10
34631.75267547905
 20
36110.45650080793
 10
34631.72438259951
 20
36110.22550011001
1001
REVIT
1002
{
1070
     1
1000
1726131
1002
}
1002
{
1070
     5
1000
1503254
1002
}
  0
LINE
  5
192
330
164
100
AcDbEntity
  8
A-GLAZ
370
    25
100
AcDbLine
 10
34631.72438259951
 20
36110.22550011
 30
0.0
 11
34631.72438259951
 21
36064.04978759081
 31
0.0
1001
REVIT
1002
{
1070
     1
1000
1726131
1002
}
1002
{
1070
     5
1000
1503254
1002
}
  0
LWPOLYLINE
  5
193
330
164
100
AcDbEntity
  8
A-GLAZ
370
    25
100
AcDbPolyline
 90
       13
 70
   128
 43
0.0
 10
34631.72438259951
 20
36064.04978759081
 10
34631.76307077281
 20
36063.72768607645
 10
34631.87691784864
 20
36063.42404607217
 10
34632.05939858931
 20
36063.15627095158
 10
34632.30005396286
 20
36062.93970846336
 10
34632.58509061096
 20
36062.78677106252
 10
34632.89817142648
 20
36062.70622448049
 10
34633.22135192804
 20
36062.70268531009
 10
34633.5361087625
 20
36062.77635640172
 10
34633.82440138611
 20
36062.92301523692
 10
34634.06970607284
 20
36063.13425594534
 10
34634.25796298519
 20
36063.39797109409
 10
34634.37838202523
 20
36063.69904563511
1001
REVIT
1002
{
1070
     1
1000
1726131
1002
}
1002
{
1070
     5
1000
1503254
1002
}
  0
LINE
  5
194
330
164
100
AcDbEntity
  8
A-GLAZ
370
    25
100
AcDbLine
 10
34634.37838281475
 20
36063.69904542436
 30
0.0
 11
34635.67247788392
 21
36068.54712408304
 31
0.0
1001
REVIT
1002
{
1070
     1
1000
1726131
1002
}
1002
{
1070
     5
1000
1503254
1002
}
  0
LINE
  5
195
330
164
100
AcDbEntity
  8
A-GLAZ
100
AcDbLine
 10
34635.67247788392
 20
36052.73832370725
 30
0.0
 11
34642.70729962048
 21
36052.73832370725
 31
0.0
1001
REVIT
1002
{
1070
     1
1000
1726131
1002
}
1002
{
1070
     5
1000
1503254
1002
}
  0
LINE
  5
196
330
164
100
AcDbEntity
  8
A-GLAZ
100
AcDbLine
 10
35208.18371341945
 20
36052.73832370725
 30
0.0
 11
35215.21853515602
 21
36052.73832370725
 31
0.0
1001
REVIT
1002
{
1070
     1
1000
1726131
1002
}
1002
{
1070
     5
1000
1503254
1002
}
  0
LINE
  5
197
330
164
100
AcDbEntity
  8
A-GLAZ
100
AcDbLine
 10
35215.21853515602
 20
36052.73832370725
 30
0.0
 11
35215.21853515602
 21
36068.54712408305
 31
0.0
1001
REVIT
1002
{
1070
     1
1000
1726131
1002
}
1002
{
1070
     5
1000
1503254
1002
}
  0
LINE
  5
198
330
164
100
AcDbEntity
  8
A-GLAZ
100
AcDbLine
 10
35215.98523879879
 20
36068.75334637038
 30
0.0
 11
35215.98523879879
 21
36065.67481612312
 31
0.0
1001
REVIT
1002
{
1070
     1
1000
1726131
1002
}
1002
{
1070
     5
1000
1503254
1002
}
  0
LINE
  5
199
330
164
100
AcDbEntity
  8
A-GLAZ
100
AcDbLine
 10
35215.98523879879
 20
36052.87615687918
 30
0.0
 11
35208.18371341945
 21
36052.87615687918
 31
0.0
1001
REVIT
1002
{
1070
     1
1000
1726131
1002
}
1002
{
1070
     5
1000
1503254
1002
}
  0
LINE
  5
19A
330
164
100
AcDbEntity
  8
A-GLAZ
100
AcDbLine
 10
34642.70729962048
 20
36052.87615687918
 30
0.0
 11
34634.90577424113
 21
36052.87615687918
 31
0.0
1001
REVIT
1002
{
1070
     1
1000
1726131
1002
}
1002
{
1070
     5
1000
1503254
1002
}
  0
LINE
  5
19B
330
164
100
AcDbEntity
  8
A-GLAZ
100
AcDbLine
 10
35217.27933386796
 20
36047.95211700774
 30
0.0
 11
35216.51263022519
 21
36050.86942918715
 31
0.0
1001
REVIT
1002
{
1070
     1
1000
1726131
1002
}
1002
{
1070
     5
1000
1503254
1002
}
  0
SPLINE
  5
19C
330
164
100
AcDbEntity
  8
A-GLAZ
100
AcDbSpline
210
0.0
220
0.0
230
1.0
 70
     8
 71
     3
 72
     9
 73
     5
 74
     0
 42
0.000000001
 43
0.0000000001
 40
-1.0
 40
-1.0
 40
-1.0
 40
-1.0
 40
-0.8636363636363636
 40
-0.7727272727272727
 40
-0.7727272727272727
 40
-0.7727272727272727
 40
-0.7727272727272727
 10
35218.37288044043
 20
36048.00023023225
 30
0.0
 10
35218.3725575236
 20
36047.92769435443
 30
0.0
 10
35218.34873455351
 20
36047.80895758424
 30
0.0
 10
35218.28744550909
 20
36047.70870059869
 30
0.0
 10
35218.25788492853
 20
36047.67291356827
 30
0.0
1001
REVIT
1002
{
1070
     1
1000
1726131
1002
}
1002
{
1070
     5
1000
1503254
1002
}
  0
SPLINE
  5
19D
330
164
100
AcDbEntity
  8
A-GLAZ
100
AcDbSpline
210
0.0
220
0.0
230
1.0
 70
     8
 71
     3
 72
     9
 73
     5
 74
     0
 42
0.000000001
 43
0.0000000001
 40
-0.2272727272727273
 40
-0.2272727272727273
 40
-0.2272727272727273
 40
-0.2272727272727273
 40
-0.1363636363636364
 40
0.0
 40
0.0
 40
0.0
 40
0.0
 10
35217.47804398611
 20
36047.63860009807
 30
0.0
 10
35217.43950839577
 20
36047.67139245916
 30
0.0
 10
35217.35276471961
 20
36047.76514686038
 30
0.0
 10
35217.29891180811
 20
36047.88041204822
 30
0.0
 10
35217.27933422103
 20
36047.95211880877
 30
0.0
1001
REVIT
1002
{
1070
     1
1000
1726131
1002
}
1002
{
1070
     5
1000
1503254
1002
}
  0
LINE
  5
19E
330
164
100
AcDbEntity
  8
A-GLAZ
100
AcDbLine
 10
35218.37288044043
 20
36064.04978759081
 30
0.0
 11
35218.37288044043
 21
36048.00023023225
 31
0.0
1001
REVIT
1002
{
1070
     1
1000
1726131
1002
}
1002
{
1070
     5
1000
1503254
1002
}
  0
LINE
  5
19F
330
164
100
AcDbEntity
  8
A-GLAZ
100
AcDbLine
 10
35218.37288044043
 20
36093.96561217588
 30
0.0
 11
35208.18371341945
 21
36093.96561217588
 31
0.0
1001
REVIT
1002
{
1070
     1
1000
1726131
1002
}
1002
{
1070
     5
1000
1503254
1002
}
  0
LINE
  5
1A0
330
164
100
AcDbEntity
  8
A-GLAZ
100
AcDbLine
 10
34642.70729962048
 20
36093.96561217588
 30
0.0
 11
34632.51813259951
 21
36093.96561217588
 31
0.0
1001
REVIT
1002
{
1070
     1
1000
1726131
1002
}
1002
{
1070
     5
1000
1503254
1002
}
  0
LINE
  5
1A1
330
164
100
AcDbEntity
  8
A-GLAZ
100
AcDbLine
 10
35207.99050776902
 20
36095.9374399577
 30
0.0
 11
35218.37288044043
 21
36093.96561217588
 31
0.0
1001
REVIT
1002
{
1070
     1
1000
1726131
1002
}
1002
{
1070
     5
1000
1503254
1002
}
  0
LINE
  5
1A2
330
164
100
AcDbEntity
  8
A-GLAZ
100
AcDbLine
 10
35199.94369527441
 20
36112.27537198094
 30
0.0
 11
35199.94369527441
 21
36107.13303373131
 31
0.0
1001
REVIT
1002
{
1070
     1
1000
1726131
1002
}
1002
{
1070
     5
1000
1503254
1002
}
  0
LINE
  5
1A3
330
164
100
AcDbEntity
  8
A-GLAZ
100
AcDbLine
 10
35199.58979401926
 20
36113.74342827896
 30
0.0
 11
35199.58979401926
 21
36107.13303373131
 31
0.0
1001
REVIT
1002
{
1070
     1
1000
1726131
1002
}
1002
{
1070
     5
1000
1503254
1002
}
  0
LINE
  5
1A4
330
164
100
AcDbEntity
  8
A-GLAZ
100
AcDbLine
 10
35200.24478410026
 20
36115.17440316071
 30
0.0
 11
35200.24478410026
 21
36113.2942513484
 31
0.0
1001
REVIT
1002
{
1070
     1
1000
1726131
1002
}
1002
{
1070
     5
1000
1503254
1002
}
  0
SPLINE
  5
1A5
330
164
100
AcDbEntity
  8
A-GLAZ
100
AcDbSpline
210
0.0
220
0.0
230
1.0
 70
     8
 71
     3
 72
     8
 73
     4
 74
     0
 42
0.000000001
 43
0.0000000001
 40
-0.3333333333333333
 40
-0.3333333333333333
 40
-0.3333333333333333
 40
-0.3333333333333333
 40
-0.1510822841655326
 40
-0.1510822841655326
 40
-0.1510822841655326
 40
-0.1510822841655326
 10
35187.27111706631
 20
36109.09570530353
 30
0.0
 10
35189.4222437733
 20
36108.66217336177
 30
0.0
 10
35191.54865593911
 20
36108.10531106704
 30
0.0
 10
35193.6589946639
 20
36107.42949193078
 30
0.0
1001
REVIT
1002
{
1070
     1
1000
1726131
1002
}
1002
{
1070
     5
1000
1503254
1002
}
  0
LINE
  5
1A6
330
164
100
AcDbEntity
  8
A-GLAZ
100
AcDbLine
 10
35201.03853410026
 20
36115.16380726963
 30
0.0
 11
35201.03853410026
 21
36112.96300985918
 31
0.0
1001
REVIT
1002
{
1070
     1
1000
1726131
1002
}
1002
{
1070
     5
1000
1503254
1002
}
  0
SPLINE
  5
1A7
330
164
100
AcDbEntity
  8
A-GLAZ
100
AcDbSpline
210
0.0
220
0.0
230
1.0
 70
     8
 71
     3
 72
    27
 73
    23
 74
     0
 42
0.000000001
 43
0.0000000001
 40
-1.0
 40
-1.0
 40
-1.0
 40
-1.0
 40
-0.9090909090909091
 40
-0.8636363636363636
 40
-0.8181818181818182
 40
-0.7727272727272727
 40
-0.7272727272727273
 40
-0.6818181818181819
 40
-0.6363636363636364
 40
-0.5909090909090908
 40
-0.5454545454545454
 40
-0.5
 40
-0.4545454545454545
 40
-0.4090909090909091
 40
-0.3636363636363636
 40
-0.3181818181818182
 40
-0.2727272727272727
 40
-0.2272727272727273
 40
-0.1818181818181818
 40
-0.1363636363636364
 40
-0.0909090909090909
 40
0.0
 40
0.0
 40
0.0
 40
0.0
 10
35216.51263059641
 20
36047.81428556775
 30
0.0
 10
35216.54430669187
 20
36047.69826563887
 30
0.0
 10
35216.61094935421
 20
36047.52829406104
 30
0.0
 10
35216.74280401421
 20
36047.32128255911
 30
0.0
 10
35216.85919512895
 20
36047.17846542924
 30
0.0
 10
35216.99263331283
 20
36047.05053977519
 30
0.0
 10
35217.13962661631
 20
36046.93969274193
 30
0.0
 10
35217.29864298235
 20
36046.84782140803
 30
0.0
 10
35217.46618774144
 20
36046.77649759554
 30
0.0
 10
35217.63995453192
 20
36046.72694170733
 30
0.0
 10
35217.81663045147
 20
36046.7000016496
 30
0.0
 10
35217.99330638901
 20
36046.69613837663
 30
0.0
 10
35218.1670731251
 20
36046.7154179893
 30
0.0
 10
35218.33461808248
 20
36046.75751060873
 30
0.0
 10
35218.49363370767
 20
36046.82169601681
 30
0.0
 10
35218.64062977344
 20
36046.90687598969
 30
0.0
 10
35218.77405764539
 20
36047.01159305102
 30
0.0
 10
35218.89048724134
 20
36047.13405555026
 30
0.0
 10
35218.98923461859
 20
36047.27216779383
 30
0.0
 10
35219.0671627096
 20
36047.42356786064
 30
0.0
 10
35219.14361533217
 20
36047.6396916586
 30
0.0
 10
35219.16610796824
 20
36047.81368893959
 30
0.0
 10
35219.16663044042
 20
36047.93105036144
 30
0.0
1001
REVIT
1002
{
1070
     1
1000
1726131
1002
}
1002
{
1070
     5
1000
1503254
1002
}
  0
LINE
  5
1A8
330
164
100
AcDbEntity
  8
A-GLAZ
100
AcDbLine
 10
35215.21853515602
 20
36052.73832370725
 30
0.0
 11
35216.51263022519
 21
36047.81428383582
 31
0.0
1001
REVIT
1002
{
1070
     1
1000
1726131
1002
}
1002
{
1070
     5
1000
1503254
1002
}
  0
LINE
  5
1A9
330
164
100
AcDbEntity
  8
A-GLAZ
100
AcDbLine
 10
34635.67247788392
 20
36068.54712408304
 30
0.0
 11
34635.67247788392
 21
36052.73832370725
 31
0.0
1001
REVIT
1002
{
1070
     1
1000
1726131
1002
}
1002
{
1070
     5
1000
1503254
1002
}
  0
LINE
  5
1AA
330
164
100
AcDbEntity
  8
A-GLAZ
100
AcDbLine
 10
34634.37838281475
 20
36047.81428383582
 30
0.0
 11
34635.67247788392
 21
36052.73832370725
 31
0.0
1001
REVIT
1002
{
1070
     1
1000
1726131
1002
}
1002
{
1070
     5
1000
1503254
1002
}
  0
LINE
  5
1AB
330
164
100
AcDbEntity
  8
A-GLAZ
100
AcDbLine
 10
34634.90577424113
 20
36065.67481612312
 30
0.0
 11
34634.90577424113
 21
36068.75334637038
 31
0.0
1001
REVIT
1002
{
1070
     1
1000
1726131
1002
}
1002
{
1070
     5
1000
1503254
1002
}
  0
LINE
  5
1AC
330
164
100
AcDbEntity
  8
A-GLAZ
100
AcDbLine
 10
34634.37838281474
 20
36050.86942918715
 30
0.0
 11
34633.61167917196
 21
36047.95211700774
 31
0.0
1001
REVIT
1002
{
1070
     1
1000
1726131
1002
}
1002
{
1070
     5
1000
1503254
1002
}
  0
SPLINE
  5
1AD
330
164
100
AcDbEntity
  8
A-GLAZ
100
AcDbSpline
210
0.0
220
0.0
230
1.0
 70
     8
 71
     3
 72
     8
 73
     4
 74
     0
 42
0.000000001
 43
0.0000000001
 40
0.0
 40
0.0
 40
0.0
 40
0.0
 40
0.1363636363636364
 40
0.1363636363636364
 40
0.1363636363636364
 40
0.1363636363636364
 10
34633.61167881891
 20
36047.95211880877
 30
0.0
 10
34633.59283343896
 20
36047.88034823216
 30
0.0
 10
34633.55998954586
 20
36047.81123549905
 30
0.0
 10
34633.51568537327
 20
36047.74983349546
 30
0.0
1001
REVIT
1002
{
1070
     1
1000
1726131
1002
}
1002
{
1070
     5
1000
1503254
1002
}
  0
SPLINE
  5
1AE
330
164
100
AcDbEntity
  8
A-GLAZ
100
AcDbSpline
210
0.0
220
0.0
230
1.0
 70
     8
 71
     3
 72
    10
 73
     6
 74
     0
 42
0.000000001
 43
0.0000000001
 40
0.6818181818181819
 40
0.6818181818181819
 40
0.6818181818181819
 40
0.6818181818181819
 40
0.7727272727272727
 40
0.8636363636363636
 40
1.0
 40
1.0
 40
1.0
 40
1.0
 10
34632.73575904883
 20
36047.57957736208
 30
0.0
 10
34632.69725018585
 20
36047.60565911039
 30
0.0
 10
34632.62801666916
 20
36047.66860359854
 30
0.0
 10
34632.54229993698
 20
36047.8089557147
 30
0.0
 10
34632.51813259951
 20
36047.92772249849
 30
0.0
 10
34632.51813259951
 20
36048.00023023225
 30
0.0
1001
REVIT
1002
{
1070
     1
1000
1726131
1002
}
1002
{
1070
     5
1000
1503254
1002
}
  0
LINE
  5
1AF
330
164
100
AcDbEntity
  8
A-GLAZ
100
AcDbLine
 10
34632.51813259951
 20
36048.00023023225
 30
0.0
 11
34632.51813259951
 21
36064.0497875908
 31
0.0
1001
REVIT
1002
{
1070
     1
1000
1726131
1002
}
1002
{
1070
     5
1000
1503254
1002
}
  0
LINE
  5
1B0
330
164
100
AcDbEntity
  8
A-GLAZ
100
AcDbLine
 10
34632.51813259951
 20
36093.96561217588
 30
0.0
 11
34642.90050527092
 21
36095.9374399577
 31
0.0
1001
REVIT
1002
{
1070
     1
1000
1726131
1002
}
1002
{
1070
     5
1000
1503254
1002
}
  0
LINE
  5
1B1
330
164
100
AcDbEntity
  8
A-GLAZ
100
AcDbLine
 10
34650.94731776553
 20
36107.13303373131
 30
0.0
 11
34650.94731776553
 21
36112.27537198094
 31
0.0
1001
REVIT
1002
{
1070
     1
1000
1726131
1002
}
1002
{
1070
     5
1000
1503254
1002
}
  0
LINE
  5
1B2
330
164
100
AcDbEntity
  8
A-GLAZ
100
AcDbLine
 10
34651.30121902067
 20
36107.13303373131
 30
0.0
 11
34651.30121902067
 21
36113.74342827896
 31
0.0
1001
REVIT
1002
{
1070
     1
1000
1726131
1002
}
1002
{
1070
     5
1000
1503254
1002
}
  0
LINE
  5
1B3
330
164
100
AcDbEntity
  8
A-GLAZ
100
AcDbLine
 10
34650.64622893968
 20
36113.2942513484
 30
0.0
 11
34650.64622893968
 21
36115.17440316071
 31
0.0
1001
REVIT
1002
{
1070
     1
1000
1726131
1002
}
1002
{
1070
     5
1000
1503254
1002
}
  0
SPLINE
  5
1B4
330
164
100
AcDbEntity
  8
A-GLAZ
100
AcDbSpline
210
0.0
220
0.0
230
1.0
 70
     8
 71
     3
 72
     8
 73
     4
 74
     0
 42
0.000000001
 43
0.0000000001
 40
0.151082284165505
 40
0.151082284165505
 40
0.151082284165505
 40
0.151082284165505
 40
0.3333333333333333
 40
0.3333333333333333
 40
0.3333333333333333
 40
0.3333333333333333
 10
34657.20450066264
 20
36107.43189025753
 30
0.0
 10
34659.31924365481
 20
36108.10732553659
 30
0.0
 10
34661.46242399897
 20
36108.66272638829
 30
0.0
 10
34663.61989597362
 20
36109.09570530353
 30
0.0
1001
REVIT
1002
{
1070
     1
1000
1726131
1002
}
1002
{
1070
     5
1000
1503254
1002
}
  0
LINE
  5
1B5
330
164
100
AcDbEntity
  8
A-GLAZ
100
AcDbLine
 10
34649.85247893968
 20
36112.96300985919
 30
0.0
 11
34649.85247893968
 21
36115.16380726963
 31
0.0
1001
REVIT
1002
{
1070
     1
1000
1726131
1002
}
1002
{
1070
     5
1000
1503254
1002
}
  0
SPLINE
  5
1B6
330
164
100
AcDbEntity
  8
A-GLAZ
100
AcDbSpline
210
0.0
220
0.0
230
1.0
 70
     8
 71
     3
 72
    27
 73
    23
 74
     0
 42
0.000000001
 43
0.0000000001
 40
0.0
 40
0.0
 40
0.0
 40
0.0
 40
0.0909090909090909
 40
0.1363636363636364
 40
0.1818181818181818
 40
0.2272727272727273
 40
0.2727272727272727
 40
0.3181818181818182
 40
0.3636363636363636
 40
0.4090909090909091
 40
0.4545454545454545
 40
0.5
 40
0.5454545454545454
 40
0.5909090909090908
 40
0.6363636363636364
 40
0.6818181818181819
 40
0.7272727272727273
 40
0.7727272727272727
 40
0.8181818181818182
 40
0.8636363636363636
 40
0.9090909090909091
 40
1.0
 40
1.0
 40
1.0
 40
1.0
 10
34631.72438259951
 20
36047.93105036144
 30
0.0
 10
34631.72438259951
 20
36047.81373447604
 30
0.0
 10
34631.74766375467
 20
36047.63966847109
 30
0.0
 10
34631.82358107622
 20
36047.42359132768
 30
0.0
 10
34631.90190398691
 20
36047.27215685007
 30
0.0
 10
34632.00029279045
 20
36047.13407585825
 30
0.0
 10
34632.11705837341
 20
36047.01158407582
 30
0.0
 10
34632.2502043592
 20
36046.9068915825
 30
0.0
 10
34632.39745217718
 20
36046.82168966795
 30
0.0
 10
34632.55628248512
 20
36046.75752041135
 30
0.0
 10
34632.72397762335
 20
36046.71541470279
 30
0.0
 10
34632.89766828921
 20
36046.69614172008
 30
0.0
 10
34633.07438258569
 20
36046.70000164985
 30
0.0
 10
34633.25109688083
 20
36046.72693836291
 30
0.0
 10
34633.42478755117
 20
36046.77650088544
 30
0.0
 10
34633.59248267407
 20
36046.84781159286
 30
0.0
 10
34633.7513130409
 20
36046.93969913766
 30
0.0
 10
34633.89856064152
 20
36047.05052400745
 30
0.0
 10
34634.03170744147
 20
36047.17847505729
 30
0.0
 10
34634.14846998937
 20
36047.32125981462
 30
0.0
 10
34634.2796701686
 20
36047.52832835831
 30
0.0
 10
34634.34789104277
 20
36047.69816238591
 30
0.0
 10
34634.37838244352
 20
36047.81428556775
 30
0.0
1001
REVIT
1002
{
1070
     1
1000
1726131
1002
}
1002
{
1070
     5
1000
1503254
1002
}
  0
LINE
  5
1B7
330
164
100
AcDbEntity
  8
A-GLAZ
370
    18
100
AcDbLine
 10
35239.30461750215
 20
36029.17861208027
 30
0.0
 11
35239.30461750215
 21
36031.35632289956
 31
0.0
1001
REVIT
1002
{
1070
     1
1000
1726131
1002
}
1002
{
1070
     5
1000
1503254
1002
}
1002
{
1070
     3
1000
-2000018
1002
}
  0
LINE
  5
1B8
330
164
100
AcDbEntity
  8
A-GLAZ
370
    18
100
AcDbLine
 10
35239.30461750215
 20
36031.35632289956
 30
0.0
 11
35208.18371341945
 21
36031.35632289956
 31
0.0
1001
REVIT
1002
{
1070
     1
1000
1726131
1002
}
1002
{
1070
     5
1000
1503254
1002
}
1002
{
1070
     3
1000
-2000018
1002
}
  0
LINE
  5
1B9
330
164
100
AcDbEntity
  8
A-GLAZ
370
    18
100
AcDbLine
 10
35208.18371341945
 20
36031.35632289956
 30
0.0
 11
35208.18371341945
 21
36062.80657747516
 31
0.0
1001
REVIT
1002
{
1070
     1
1000
1726131
1002
}
1002
{
1070
     5
1000
1503254
1002
}
1002
{
1070
     3
1000
-2000018
1002
}
  0
LINE
  5
1BA
330
164
100
AcDbEntity
  8
A-GLAZ
370
    18
100
AcDbLine
 10
35208.18371341945
 20
36062.80657747516
 30
0.0
 11
35207.18371337196
 21
36062.80657747516
 31
0.0
1001
REVIT
1002
{
1070
     1
1000
1726131
1002
}
1002
{
1070
     5
1000
1503254
1002
}
1002
{
1070
     3
1000
-2000018
1002
}
  0
LINE
  5
1BB
330
164
100
AcDbEntity
  8
A-GLAZ
370
    18
100
AcDbLine
 10
35207.18371337196
 20
36062.80657747516
 30
0.0
 11
35207.18371337196
 21
36029.17861208027
 31
0.0
1001
REVIT
1002
{
1070
     1
1000
1726131
1002
}
1002
{
1070
     5
1000
1503254
1002
}
1002
{
1070
     3
1000
-2000018
1002
}
  0
LINE
  5
1BC
330
164
100
AcDbEntity
  8
A-GLAZ
370
    18
100
AcDbLine
 10
35207.18371337196
 20
36029.17861208027
 30
0.0
 11
35239.30461750215
 21
36029.17861208027
 31
0.0
1001
REVIT
1002
{
1070
     1
1000
1726131
1002
}
1002
{
1070
     5
1000
1503254
1002
}
1002
{
1070
     3
1000
-2000018
1002
}
  0
LINE
  5
1BD
330
164
100
AcDbEntity
  8
A-GLAZ
370
    18
100
AcDbLine
 10
34611.58639553779
 20
36031.35632289956
 30
0.0
 11
34611.58639553779
 21
36029.17861208027
 31
0.0
1001
REVIT
1002
{
1070
     1
1000
1726131
1002
}
1002
{
1070
     5
1000
1503254
1002
}
1002
{
1070
     3
1000
-2000018
1002
}
  0
LINE
  5
1BE
330
164
100
AcDbEntity
  8
A-GLAZ
370
    18
100
AcDbLine
 10
34611.58639553779
 20
36029.17861208027
 30
0.0
 11
34643.70729966798
 21
36029.17861208027
 31
0.0
1001
REVIT
1002
{
1070
     1
1000
1726131
1002
}
1002
{
1070
     5
1000
1503254
1002
}
1002
{
1070
     3
1000
-2000018
1002
}
  0
LINE
  5
1BF
330
164
100
AcDbEntity
  8
A-GLAZ
370
    18
100
AcDbLine
 10
34643.70729966798
 20
36029.17861208027
 30
0.0
 11
34643.70729966798
 21
36062.80657747516
 31
0.0
1001
REVIT
1002
{
1070
     1
1000
1726131
1002
}
1002
{
1070
     5
1000
1503254
1002
}
1002
{
1070
     3
1000
-2000018
1002
}
  0
LINE
  5
1C0
330
164
100
AcDbEntity
  8
A-GLAZ
370
    18
100
AcDbLine
 10
34643.70729966798
 20
36062.80657747516
 30
0.0
 11
34642.70729962048
 21
36062.80657747516
 31
0.0
1001
REVIT
1002
{
1070
     1
1000
1726131
1002
}
1002
{
1070
     5
1000
1503254
1002
}
1002
{
1070
     3
1000
-2000018
1002
}
  0
LINE
  5
1C1
330
164
100
AcDbEntity
  8
A-GLAZ
370
    18
100
AcDbLine
 10
34642.70729962048
 20
36062.80657747516
 30
0.0
 11
34642.70729962048
 21
36031.35632289956
 31
0.0
1001
REVIT
1002
{
1070
     1
1000
1726131
1002
}
1002
{
1070
     5
1000
1503254
1002
}
1002
{
1070
     3
1000
-2000018
1002
}
  0
LINE
  5
1C2
330
164
100
AcDbEntity
  8
A-GLAZ
370
    18
100
AcDbLine
 10
34642.70729962048
 20
36031.35632289956
 30
0.0
 11
34611.58639553779
 21
36031.35632289956
 31
0.0
1001
REVIT
1002
{
1070
     1
1000
1726131
1002
}
1002
{
1070
     5
1000
1503254
1002
}
1002
{
1070
     3
1000
-2000018
1002
}
  0
LINE
  5
1C3
330
164
100
AcDbEntity
  8
A-GLAZ
100
AcDbLine
 10
35172.78343046152
 20
36047.74166386076
 30
0.0
 11
35171.29164577843
 21
36047.74166386076
 31
0.0
1001
REVIT
1002
{
1070
     1
1000
1726131
1002
}
1002
{
1070
     5
1000
1503254
1002
}
1002
{
1070
     3
1000
-2000018
1002
}
  0
LINE
  5
1C4
330
164
100
AcDbEntity
  8
A-GLAZ
100
AcDbLine
 10
34679.5993672615
 20
36047.74166386076
 30
0.0
 11
34678.10758257842
 21
36047.74166386076
 31
0.0
1001
REVIT
1002
{
1070
     1
1000
1726131
1002
}
1002
{
1070
     5
1000
1503254
1002
}
1002
{
1070
     3
1000
-2000018
1002
}
  0
LINE
  5
1C5
330
164
100
AcDbEntity
  8
A-GLAZ
370
    25
100
AcDbLine
 10
35208.18371341945
 20
36103.87139420757
 30
0.0
 11
35201.21572089763
 21
36107.13303373131
 31
0.0
1001
REVIT
1002
{
1070
     1
1000
1726131
1002
}
1002
{
1070
     5
1000
1503254
1002
}
  0
LINE
  5
1C6
330
164
100
AcDbEntity
  8
A-GLAZ
370
    25
100
AcDbLine
 10
35201.21572089763
 20
36107.13303373131
 30
0.0
 11
35191.76048242869
 21
36107.13303373131
 31
0.0
1001
REVIT
1002
{
1070
     1
1000
1726131
1002
}
1002
{
1070
     5
1000
1503254
1002
}
  0
LINE
  5
1C7
330
164
100
AcDbEntity
  8
A-GLAZ
370
    25
100
AcDbLine
 10
35191.76048242869
 20
36107.13303373131
 30
0.0
 11
35191.76048242869
 21
36103.56166469902
 31
0.0
1001
REVIT
1002
{
1070
     1
1000
1726131
1002
}
1002
{
1070
     5
1000
1503254
1002
}
  0
LINE
  5
1C8
330
164
100
AcDbEntity
  8
A-GLAZ
370
    25
100
AcDbLine
 10
35191.76048242869
 20
36103.56166469902
 30
0.0
 11
35165.74668654076
 21
36103.56166469902
 31
0.0
1001
REVIT
1002
{
1070
     1
1000
1726131
1002
}
1002
{
1070
     5
1000
1503254
1002
}
  0
LINE
  5
1C9
330
164
100
AcDbEntity
  8
A-GLAZ
370
    25
100
AcDbLine
 10
35165.74668654076
 20
36103.56166469902
 30
0.0
 11
35171.29164577843
 21
36050.60334665063
 31
0.0
1001
REVIT
1002
{
1070
     1
1000
1726131
1002
}
1002
{
1070
     5
1000
1503254
1002
}
  0
LWPOLYLINE
  5
1CA
330
164
100
AcDbEntity
  8
A-GLAZ
370
    25
100
AcDbPolyline
 90
        7
 70
   128
 43
0.0
 10
35171.29164763155
 20
36050.60334684466
 10
35171.373891566
 20
36050.24574858169
 10
35171.53987414934
 20
36049.91874512342
 10
35171.77973459848
 20
36049.64176326813
 10
35172.07922315417
 20
36049.43125810364
 10
35172.42054763835
 20
36049.29973543459
 10
35172.78343046151
 20
36049.25500883082
1001
REVIT
1002
{
1070
     1
1000
1726131
1002
}
1002
{
1070
     5
1000
1503254
1002
}
  0
LINE
  5
1CB
330
164
100
AcDbEntity
  8
A-GLAZ
370
    25
100
AcDbLine
 10
35172.78343046151
 20
36049.25500883082
 30
0.0
 11
35176.03371308567
 21
36049.25500838263
 31
0.0
1001
REVIT
1002
{
1070
     1
1000
1726131
1002
}
1002
{
1070
     5
1000
1503254
1002
}
  0
LINE
  5
1CC
330
164
100
AcDbEntity
  8
A-GLAZ
370
    25
100
AcDbLine
 10
35176.03371308567
 20
36049.25500838263
 30
0.0
 11
35176.03371308567
 21
36030.18243196572
 31
0.0
1001
REVIT
1002
{
1070
     1
1000
1726131
1002
}
1002
{
1070
     5
1000
1503254
1002
}
  0
LINE
  5
1CD
330
164
100
AcDbEntity
  8
A-GLAZ
370
    25
100
AcDbLine
 10
35176.03371308567
 20
36030.18243196572
 30
0.0
 11
35183.03371237041
 21
36030.18243196572
 31
0.0
1001
REVIT
1002
{
1070
     1
1000
1726131
1002
}
1002
{
1070
     5
1000
1503254
1002
}
  0
LINE
  5
1CE
330
164
100
AcDbEntity
  8
A-GLAZ
370
    25
100
AcDbLine
 10
35183.03371237041
 20
36030.18243196572
 30
0.0
 11
35183.03371237041
 21
36041.72636023677
 31
0.0
1001
REVIT
1002
{
1070
     1
1000
1726131
1002
}
1002
{
1070
     5
1000
1503254
1002
}
  0
LINE
  5
1CF
330
164
100
AcDbEntity
  8
A-GLAZ
370
    25
100
AcDbLine
 10
35183.03371237041
 20
36041.72636023677
 30
0.0
 11
35196.03371263863
 21
36041.72636023677
 31
0.0
1001
REVIT
1002
{
1070
     1
1000
1726131
1002
}
1002
{
1070
     5
1000
1503254
1002
}
  0
LINE
  5
1D0
330
164
100
AcDbEntity
  8
A-GLAZ
370
    25
100
AcDbLine
 10
35196.03371263863
 20
36041.72636023677
 30
0.0
 11
35200.44550651997
 21
36029.17861208049
 31
0.0
1001
REVIT
1002
{
1070
     1
1000
1726131
1002
}
1002
{
1070
     5
1000
1503254
1002
}
  0
LINE
  5
1D1
330
164
100
AcDbEntity
  8
A-GLAZ
370
    25
100
AcDbLine
 10
35200.44550651997
 20
36029.17861208049
 30
0.0
 11
35207.18371337196
 21
36029.17861208049
 31
0.0
1001
REVIT
1002
{
1070
     1
1000
1726131
1002
}
1002
{
1070
     5
1000
1503254
1002
}
  0
LINE
  5
1D2
330
164
100
AcDbEntity
  8
A-GLAZ
370
    25
100
AcDbLine
 10
35207.18371337196
 20
36029.17861208049
 30
0.0
 11
35207.18371337196
 21
36062.80657747539
 31
0.0
1001
REVIT
1002
{
1070
     1
1000
1726131
1002
}
1002
{
1070
     5
1000
1503254
1002
}
  0
LINE
  5
1D3
330
164
100
AcDbEntity
  8
A-GLAZ
370
    25
100
AcDbLine
 10
35207.18371337196
 20
36062.80657747539
 30
0.0
 11
35208.18371341945
 21
36062.80657747539
 31
0.0
1001
REVIT
1002
{
1070
     1
1000
1726131
1002
}
1002
{
1070
     5
1000
1503254
1002
}
  0
LINE
  5
1D4
330
164
100
AcDbEntity
  8
A-GLAZ
370
    25
100
AcDbLine
 10
35208.18371341945
 20
36062.80657747539
 30
0.0
 11
35208.18371341945
 21
36103.87139420757
 31
0.0
1001
REVIT
1002
{
1070
     1
1000
1726131
1002
}
1002
{
1070
     5
1000
1503254
1002
}
  0
LINE
  5
1D5
330
164
100
AcDbEntity
  8
A-GLAZ
370
    25
100
AcDbLine
 10
34649.67529214231
 20
36107.13303373131
 30
0.0
 11
34642.70729962048
 21
36103.87139420757
 31
0.0
1001
REVIT
1002
{
1070
     1
1000
1726131
1002
}
1002
{
1070
     5
1000
1503254
1002
}
  0
LINE
  5
1D6
330
164
100
AcDbEntity
  8
A-GLAZ
370
    25
100
AcDbLine
 10
34642.70729962048
 20
36103.87139420757
 30
0.0
 11
34642.70729962048
 21
36062.80657747539
 31
0.0
1001
REVIT
1002
{
1070
     1
1000
1726131
1002
}
1002
{
1070
     5
1000
1503254
1002
}
  0
LINE
  5
1D7
330
164
100
AcDbEntity
  8
A-GLAZ
370
    25
100
AcDbLine
 10
34642.70729962048
 20
36062.80657747539
 30
0.0
 11
34643.70729966798
 21
36062.80657747539
 31
0.0
1001
REVIT
1002
{
1070
     1
1000
1726131
1002
}
1002
{
1070
     5
1000
1503254
1002
}
  0
LINE
  5
1D8
330
164
100
AcDbEntity
  8
A-GLAZ
370
    25
100
AcDbLine
 10
34643.70729966798
 20
36062.80657747539
 30
0.0
 11
34643.70729966798
 21
36029.17861208049
 31
0.0
1001
REVIT
1002
{
1070
     1
1000
1726131
1002
}
1002
{
1070
     5
1000
1503254
1002
}
  0
LINE
  5
1D9
330
164
100
AcDbEntity
  8
A-GLAZ
370
    25
100
AcDbLine
 10
34643.70729966798
 20
36029.17861208049
 30
0.0
 11
34650.44550651997
 21
36029.17861208049
 31
0.0
1001
REVIT
1002
{
1070
     1
1000
1726131
1002
}
1002
{
1070
     5
1000
1503254
1002
}
  0
LINE
  5
1DA
330
164
100
AcDbEntity
  8
A-GLAZ
370
    25
100
AcDbLine
 10
34650.44550651997
 20
36029.17861208049
 30
0.0
 11
34654.8573004013
 21
36041.72636023677
 31
0.0
1001
REVIT
1002
{
1070
     1
1000
1726131
1002
}
1002
{
1070
     5
1000
1503254
1002
}
  0
LINE
  5
1DB
330
164
100
AcDbEntity
  8
A-GLAZ
370
    25
100
AcDbLine
 10
34654.8573004013
 20
36041.72636023677
 30
0.0
 11
34667.85730066952
 21
36041.72636023677
 31
0.0
1001
REVIT
1002
{
1070
     1
1000
1726131
1002
}
1002
{
1070
     5
1000
1503254
1002
}
  0
LINE
  5
1DC
330
164
100
AcDbEntity
  8
A-GLAZ
370
    25
100
AcDbLine
 10
34667.85730066952
 20
36041.72636023677
 30
0.0
 11
34667.85730066952
 21
36030.18243196572
 31
0.0
1001
REVIT
1002
{
1070
     1
1000
1726131
1002
}
1002
{
1070
     5
1000
1503254
1002
}
  0
LINE
  5
1DD
330
164
100
AcDbEntity
  8
A-GLAZ
370
    25
100
AcDbLine
 10
34667.85730066952
 20
36030.18243196572
 30
0.0
 11
34674.85729995427
 21
36030.18243196572
 31
0.0
1001
REVIT
1002
{
1070
     1
1000
1726131
1002
}
1002
{
1070
     5
1000
1503254
1002
}
  0
LINE
  5
1DE
330
164
100
AcDbEntity
  8
A-GLAZ
370
    25
100
AcDbLine
 10
34674.85729995427
 20
36030.18243196572
 30
0.0
 11
34674.85729995427
 21
36049.25500838263
 31
0.0
1001
REVIT
1002
{
1070
     1
1000
1726131
1002
}
1002
{
1070
     5
1000
1503254
1002
}
  0
LINE
  5
1DF
330
164
100
AcDbEntity
  8
A-GLAZ
370
    25
100
AcDbLine
 10
34674.85729995427
 20
36049.25500838263
 30
0.0
 11
34678.10758257842
 21
36049.25500883082
 31
0.0
1001
REVIT
1002
{
1070
     1
1000
1726131
1002
}
1002
{
1070
     5
1000
1503254
1002
}
  0
LWPOLYLINE
  5
1E0
330
164
100
AcDbEntity
  8
A-GLAZ
370
    25
100
AcDbPolyline
 90
        6
 70
   128
 43
0.0
 10
34678.10758257842
 20
36049.25500883082
 10
34678.47046540158
 20
36049.29973543459
 10
34678.81178988576
 20
36049.43125810364
 10
34679.11127844145
 20
36049.64176326813
 10
34679.3511388906
 20
36049.91874512342
 10
34679.51712147393
 20
36050.24574858169
1001
REVIT
1002
{
1070
     1
1000
1726131
1002
}
1002
{
1070
     5
1000
1503254
1002
}
  0
LINE
  5
1E1
330
164
100
AcDbEntity
  8
A-GLAZ
370
    25
100
AcDbLine
 10
34679.5993672615
 20
36050.60334665063
 30
0.0
 11
34685.14432649916
 21
36103.56166469902
 31
0.0
1001
REVIT
1002
{
1070
     1
1000
1726131
1002
}
1002
{
1070
     5
1000
1503254
1002
}
  0
LINE
  5
1E2
330
164
100
AcDbEntity
  8
A-GLAZ
370
    25
100
AcDbLine
 10
34685.14432649916
 20
36103.56166469902
 30
0.0
 11
34659.13053061125
 21
36103.56166469902
 31
0.0
1001
REVIT
1002
{
1070
     1
1000
1726131
1002
}
1002
{
1070
     5
1000
1503254
1002
}
  0
LINE
  5
1E3
330
164
100
AcDbEntity
  8
A-GLAZ
370
    25
100
AcDbLine
 10
34659.13053061125
 20
36103.56166469902
 30
0.0
 11
34659.13053061125
 21
36107.13303373131
 31
0.0
1001
REVIT
1002
{
1070
     1
1000
1726131
1002
}
1002
{
1070
     5
1000
1503254
1002
}
  0
LINE
  5
1E4
330
164
100
AcDbEntity
  8
A-GLAZ
370
    25
100
AcDbLine
 10
34659.13053061125
 20
36107.13303373131
 30
0.0
 11
34649.67529214231
 21
36107.13303373131
 31
0.0
1001
REVIT
1002
{
1070
     1
1000
1726131
1002
}
1002
{
1070
     5
1000
1503254
1002
}
  0
LINE
  5
1E5
330
164
100
AcDbEntity
  8
A-GLAZ
100
AcDbLine
 10
35172.78343046152
 20
36047.741663861
 30
0.0
 11
35171.29164577843
 21
36047.741663861
 31
0.0
1001
REVIT
1002
{
1070
     1
1000
1726131
1002
}
1002
{
1070
     5
1000
1503254
1002
}
  0
LINE
  5
1E6
330
164
100
AcDbEntity
  8
A-GLAZ
100
AcDbLine
 10
34679.5993672615
 20
36047.741663861
 30
0.0
 11
34678.10758257842
 21
36047.741663861
 31
0.0
1001
REVIT
1002
{
1070
     1
1000
1726131
1002
}
1002
{
1070
     5
1000
1503254
1002
}
  0
LINE
  5
1E7
330
164
100
AcDbEntity
  8
A-GLAZ
100
AcDbLine
 10
35200.44550651997
 20
36014.95641406705
 30
0.0
 11
34650.44550651997
 21
36014.95641406705
 31
0.0
1001
REVIT
1002
{
1070
     1
1000
1726131
1002
}
1002
{
1070
     5
1000
1503254
1002
}
  0
LINE
  5
1E8
330
164
100
AcDbEntity
  8
A-GLAZ
100
AcDbLine
 10
35196.03371263863
 20
36027.79336115133
 30
0.0
 11
35200.44550651997
 21
36014.95641406705
 31
0.0
1001
REVIT
1002
{
1070
     1
1000
1726131
1002
}
1002
{
1070
     5
1000
1503254
1002
}
  0
LINE
  5
1E9
330
164
100
AcDbEntity
  8
A-GLAZ
100
AcDbLine
 10
34654.8573004013
 20
36027.79336115133
 30
0.0
 11
34654.8573004013
 21
36041.72636023677
 31
0.0
1001
REVIT
1002
{
1070
     1
1000
1726131
1002
}
1002
{
1070
     5
1000
1503254
1002
}
  0
LINE
  5
1EA
330
164
100
AcDbEntity
  8
A-GLAZ
100
AcDbLine
 10
35196.03371263863
 20
36027.79336115133
 30
0.0
 11
35183.03371237041
 21
36027.79336115133
 31
0.0
1001
REVIT
1002
{
1070
     1
1000
1726131
1002
}
1002
{
1070
     5
1000
1503254
1002
}
  0
LINE
  5
1EB
330
164
100
AcDbEntity
  8
A-GLAZ
100
AcDbLine
 10
34667.85730066952
 20
36027.79336115133
 30
0.0
 11
34654.8573004013
 21
36027.79336115133
 31
0.0
1001
REVIT
1002
{
1070
     1
1000
1726131
1002
}
1002
{
1070
     5
1000
1503254
1002
}
  0
LINE
  5
1EC
330
164
100
AcDbEntity
  8
A-GLAZ
100
AcDbLine
 10
35196.03371263863
 20
36041.72636023677
 30
0.0
 11
35196.03371263863
 21
36027.79336115133
 31
0.0
1001
REVIT
1002
{
1070
     1
1000
1726131
1002
}
1002
{
1070
     5
1000
1503254
1002
}
  0
LINE
  5
1ED
330
164
100
AcDbEntity
  8
A-GLAZ
100
AcDbLine
 10
34667.85730066952
 20
36017.47014666414
 30
0.0
 11
34667.85730066952
 21
36030.18243196572
 31
0.0
1001
REVIT
1002
{
1070
     1
1000
1726131
1002
}
1002
{
1070
     5
1000
1503254
1002
}
  0
LINE
  5
1EE
330
164
100
AcDbEntity
  8
A-GLAZ
100
AcDbLine
 10
35183.03371237041
 20
36017.47014666414
 30
0.0
 11
34667.85730066952
 21
36017.47014666414
 31
0.0
1001
REVIT
1002
{
1070
     1
1000
1726131
1002
}
1002
{
1070
     5
1000
1503254
1002
}
  0
LINE
  5
1EF
330
164
100
AcDbEntity
  8
A-GLAZ
100
AcDbLine
 10
35183.03371237041
 20
36030.18243196572
 30
0.0
 11
35183.03371237041
 21
36017.47014666414
 31
0.0
1001
REVIT
1002
{
1070
     1
1000
1726131
1002
}
1002
{
1070
     5
1000
1503254
1002
}
  0
LINE
  5
1F0
330
164
100
AcDbEntity
  8
A-GLAZ
100
AcDbLine
 10
35176.03371308567
 20
36018.08023680103
 30
0.0
 11
34674.85729995427
 21
36018.08023680103
 31
0.0
1001
REVIT
1002
{
1070
     1
1000
1726131
1002
}
1002
{
1070
     5
1000
1503254
1002
}
  0
LINE
  5
1F1
330
164
100
AcDbEntity
  8
A-GLAZ
100
AcDbLine
 10
35176.03371308567
 20
36018.08023680103
 30
0.0
 11
35176.03371308567
 21
36030.18243196572
 31
0.0
1001
REVIT
1002
{
1070
     1
1000
1726131
1002
}
1002
{
1070
     5
1000
1503254
1002
}
  0
LINE
  5
1F2
330
164
100
AcDbEntity
  8
A-GLAZ
100
AcDbLine
 10
35176.03371308567
 20
36037.00793557213
 30
0.0
 11
34674.85729995427
 21
36037.00793557213
 31
0.0
1001
REVIT
1002
{
1070
     1
1000
1726131
1002
}
1002
{
1070
     5
1000
1503254
1002
}
  0
SPLINE
  5
1F3
330
164
100
AcDbEntity
  8
A-GLAZ
100
AcDbSpline
210
0.0
220
0.0
230
1.0
 70
     8
 71
     3
 72
    17
 73
    13
 74
     0
 42
0.000000001
 43
0.0000000001
 40
-1.0
 40
-1.0
 40
-1.0
 40
-1.0
 40
-0.8333333333333333
 40
-0.75
 40
-0.6666666666666666
 40
-0.5833333333333333
 40
-0.5
 40
-0.4166666666666666
 40
-0.3333333333333333
 40
-0.25
 40
-0.1666666666666667
 40
0.0
 40
0.0
 40
0.0
 40
0.0
 10
35171.29164761846
 20
36038.75933025064
 30
0.0
 10
35171.30510581234
 20
36038.63717581055
 30
0.0
 10
35171.34568917081
 20
36038.45434955309
 30
0.0
 10
35171.44382403554
 20
36038.22219968593
 30
0.0
 10
35171.53667166837
 20
36038.05648299105
 30
0.0
 10
35171.64873390708
 20
36037.90163492946
 30
0.0
 10
35171.77715391989
 20
36037.75996318228
 30
0.0
 10
35171.92105772523
 20
36037.63358026266
 30
0.0
 10
35172.07743916784
 20
36037.52436894079
 30
0.0
 10
35172.24452430744
 20
36037.43396202444
 30
0.0
 10
35172.47849583682
 20
36037.34026560057
 30
0.0
 10
35172.65887645661
 20
36037.30186489587
 30
0.0
 10
35172.78343046151
 20
36037.29121681315
 30
0.0
1001
REVIT
1002
{
1070
     1
1000
1726131
1002
}
1002
{
1070
     5
1000
1503254
1002
}
  0
LINE
  5
1F4
330
164
100
AcDbEntity
  8
A-GLAZ
100
AcDbLine
 10
35165.74668654076
 20
36091.79864525979
 30
0.0
 11
35171.29164577843
 21
36038.75933009445
 31
0.0
1001
REVIT
1002
{
1070
     1
1000
1726131
1002
}
1002
{
1070
     5
1000
1503254
1002
}
  0
LINE
  5
1F5
330
164
100
AcDbEntity
  8
A-GLAZ
100
AcDbLine
 10
34685.14432649916
 20
36091.79864525979
 30
0.0
 11
34685.14432649916
 21
36103.56166469902
 31
0.0
1001
REVIT
1002
{
1070
     1
1000
1726131
1002
}
1002
{
1070
     5
1000
1503254
1002
}
  0
LINE
  5
1F6
330
164
100
AcDbEntity
  8
A-GLAZ
100
AcDbLine
 10
35165.74668654076
 20
36091.79864525979
 30
0.0
 11
34685.14432649916
 21
36091.79864525979
 31
0.0
1001
REVIT
1002
{
1070
     1
1000
1726131
1002
}
1002
{
1070
     5
1000
1503254
1002
}
  0
LINE
  5
1F7
330
164
100
AcDbEntity
  8
A-GLAZ
100
AcDbLine
 10
35165.74668654076
 20
36103.56166469902
 30
0.0
 11
35165.74668654076
 21
36091.79864525979
 31
0.0
1001
REVIT
1002
{
1070
     1
1000
1726131
1002
}
1002
{
1070
     5
1000
1503254
1002
}
  0
LINE
  5
1F8
330
164
100
AcDbEntity
  8
A-GLAZ
100
AcDbLine
 10
34650.44550651997
 20
36014.95641406705
 30
0.0
 11
34654.8573004013
 21
36027.79336115133
 31
0.0
1001
REVIT
1002
{
1070
     1
1000
1726131
1002
}
1002
{
1070
     5
1000
1503254
1002
}
  0
LINE
  5
1F9
330
164
100
AcDbEntity
  8
A-GLAZ
100
AcDbLine
 10
34674.85729995427
 20
36030.18243196572
 30
0.0
 11
34674.85729995427
 21
36018.08023680103
 31
0.0
1001
REVIT
1002
{
1070
     1
1000
1726131
1002
}
1002
{
1070
     5
1000
1503254
1002
}
  0
SPLINE
  5
1FA
330
164
100
AcDbEntity
  8
A-GLAZ
100
AcDbSpline
210
0.0
220
0.0
230
1.0
 70
     8
 71
     3
 72
    17
 73
    13
 74
     0
 42
0.000000001
 43
0.0000000001
 40
0.0
 40
0.0
 40
0.0
 40
0.0
 40
0.1666666666666667
 40
0.25
 40
0.3333333333333333
 40
0.4166666666666666
 40
0.5
 40
0.5833333333333333
 40
0.6666666666666666
 40
0.75
 40
0.8333333333333334
 40
1.0
 40
1.0
 40
1.0
 40
1.0
 10
34678.10758257842
 20
36037.29121681315
 30
0.0
 10
34678.22975562606
 20
36037.30207240996
 30
0.0
 10
34678.41300273987
 20
36037.34022328326
 30
0.0
 10
34678.64647315698
 20
36037.43396338193
 30
0.0
 10
34678.81354404434
 20
36037.52437154045
 30
0.0
 10
34678.97009020125
 20
36037.63356850652
 30
0.0
 10
34679.11377854833
 20
36037.75997020457
 30
0.0
 10
34679.24246653316
 20
36037.90161859644
 30
0.0
 10
34679.35423701155
 20
36038.05649208663
 30
0.0
 10
34679.44741904416
 20
36038.22217963664
 30
0.0
 10
34679.54504831867
 20
36038.4543735689
 30
0.0
 10
34679.58659486054
 20
36038.63711587939
 30
0.0
 10
34679.59936542147
 20
36038.75933025064
 30
0.0
1001
REVIT
1002
{
1070
     1
1000
1726131
1002
}
1002
{
1070
     5
1000
1503254
1002
}
  0
LINE
  5
1FB
330
164
100
AcDbEntity
  8
A-GLAZ
100
AcDbLine
 10
34679.5993672615
 20
36038.75933009445
 30
0.0
 11
34685.14432649916
 21
36091.79864525979
 31
0.0
1001
REVIT
1002
{
1070
     1
1000
1726131
1002
}
1002
{
1070
     5
1000
1503254
1002
}
  0
ENDBLK
  5
1FD
330
164
100
AcDbEntity
  8
0
100
AcDbBlockEnd
  0
BLOCK
  5
20B
330
200
100
AcDbEntity
  8
0
100
AcDbBlockBegin
  2
Single - Timber Frame  - 870x2400-2599501-SECTION E-E
 70
     0
 10
0.0
 20
0.0
 30
0.0
  3
Single - Timber Frame  - 870x2400-2599501-SECTION E-E
  1

  0
LINE
  5
202
330
200
100
AcDbEntity
  8
A-DOOR
  6
Dashed - Tight 0_18 Pen
100
AcDbLine
 10
35465.44550578967
 20
33515.00000000001
 30
0.0
 11
34595.44550578967
 21
32340.00000000001
 31
0.0
1001
REVIT
1002
{
1070
     1
1000
1744211
1002
}
1002
{
1070
     5
1000
2599461
1002
}
1002
{
1070
     3
1000
942652
1002
}
  0
LINE
  5
203
330
200
100
AcDbEntity
  8
A-DOOR
  6
Dashed - Tight 0_18 Pen
100
AcDbLine
 10
34595.44550578967
 20
34685.00000000001
 30
0.0
 11
35465.44550578967
 21
33515.00000000001
 31
0.0
1001
REVIT
1002
{
1070
     1
1000
1744211
1002
}
1002
{
1070
     5
1000
2599461
1002
}
1002
{
1070
     3
1000
942652
1002
}
  0
LINE
  5
204
330
200
100
AcDbEntity
  8
A-DOOR
100
AcDbLine
 10
34607.44550578966
 20
32345.0
 30
0.0
 11
35453.44550578967
 21
32345.0
 31
0.0
1001
REVIT
1002
{
1070
     1
1000
1744211
1002
}
1002
{
1070
     5
1000
2599461
1002
}
1002
{
1070
     3
1000
-2000025
1002
}
  0
LINE
  5
205
330
200
100
AcDbEntity
  8
A-DOOR-FRAM
100
AcDbLine
 10
35495.44550578967
 20
32340.00000000001
 30
0.0
 11
35495.44550578967
 21
34715.00000000001
 31
0.0
1001
REVIT
1002
{
1070
     1
1000
1744211
1002
}
1002
{
1070
     5
1000
2599461
1002
}
1002
{
1070
     3
1000
-2000029
1002
}
  0
LINE
  5
206
330
200
100
AcDbEntity
  8
A-DOOR-FRAM
100
AcDbLine
 10
35495.44550578967
 20
34715.00000000001
 30
0.0
 11
34565.44550578966
 21
34715.00000000001
 31
0.0
1001
REVIT
1002
{
1070
     1
1000
1744211
1002
}
1002
{
1070
     5
1000
2599461
1002
}
1002
{
1070
     3
1000
-2000029
1002
}
  0
LINE
  5
207
330
200
100
AcDbEntity
  8
A-DOOR-FRAM
100
AcDbLine
 10
34565.44550578966
 20
34715.00000000001
 30
0.0
 11
34565.44550578966
 21
32340.00000000001
 31
0.0
1001
REVIT
1002
{
1070
     1
1000
1744211
1002
}
1002
{
1070
     5
1000
2599461
1002
}
1002
{
1070
     3
1000
-2000029
1002
}
  0
LINE
  5
208
330
200
100
AcDbEntity
  8
A-DOOR-FRAM
100
AcDbLine
 10
35453.44550578967
 20
34673.00000000001
 30
0.0
 11
35453.44550578967
 21
32340.00000000001
 31
0.0
1001
REVIT
1002
{
1070
     1
1000
1744211
1002
}
1002
{
1070
     5
1000
2599461
1002
}
1002
{
1070
     3
1000
-2000029
1002
}
  0
LINE
  5
209
330
200
100
AcDbEntity
  8
A-DOOR-FRAM
100
AcDbLine
 10
34607.44550578966
 20
34673.00000000001
 30
0.0
 11
35453.44550578967
 21
34673.00000000001
 31
0.0
1001
REVIT
1002
{
1070
     1
1000
1744211
1002
}
1002
{
1070
     5
1000
2599461
1002
}
1002
{
1070
     3
1000
-2000029
1002
}
  0
LINE
  5
20A
330
200
100
AcDbEntity
  8
A-DOOR-FRAM
100
AcDbLine
 10
34607.44550578966
 20
32340.00000000001
 30
0.0
 11
34607.44550578966
 21
34673.00000000001
 31
0.0
1001
REVIT
1002
{
1070
     1
1000
1744211
1002
}
1002
{
1070
     5
1000
2599461
1002
}
1002
{
1070
     3
1000
-2000029
1002
}
  0
ENDBLK
  5
20C
330
200
100
AcDbEntity
  8
0
100
AcDbBlockEnd
  0
BLOCK
  5
21F
330
20E
100
AcDbEntity
  8
0
100
AcDbBlockBegin
  2
Linen shelves - Linen shelves-2457071-SECTION E-E
 70
     0
 10
0.0
 20
0.0
 30
0.0
  3
Linen shelves - Linen shelves-2457071-SECTION E-E
  1

  0
LINE
  5
20F
330
20E
100
AcDbEntity
  8
Q-CASE
370
    25
100
AcDbLine
 10
39310.44550649943
 20
34040.00000000001
 30
0.0
 11
38710.44550649844
 21
34040.00000000001
 31
0.0
1001
REVIT
1002
{
1070
     1
1000
1751297
1002
}
1002
{
1070
     5
1000
1366206
1002
}
  0
LINE
  5
210
330
20E
100
AcDbEntity
  8
Q-CASE
370
    25
100
AcDbLine
 10
38710.44550649844
 20
34040.00000000001
 30
0.0
 11
38710.44550649844
 21
33960.00000000002
 31
0.0
1001
REVIT
1002
{
1070
     1
1000
1751297
1002
}
1002
{
1070
     5
1000
1366206
1002
}
  0
LINE
  5
211
330
20E
100
AcDbEntity
  8
Q-CASE
370
    25
100
AcDbLine
 10
38710.44550649844
 20
33960.00000000002
 30
0.0
 11
39310.44550649943
 21
33960.00000000001
 31
0.0
1001
REVIT
1002
{
1070
     1
1000
1751297
1002
}
1002
{
1070
     5
1000
1366206
1002
}
  0
LINE
  5
212
330
20E
100
AcDbEntity
  8
Q-CASE
370
    25
100
AcDbLine
 10
39310.44550649943
 20
33960.00000000001
 30
0.0
 11
39310.44550649943
 21
34040.00000000001
 31
0.0
1001
REVIT
1002
{
1070
     1
1000
1751297
1002
}
1002
{
1070
     5
1000
1366206
1002
}
  0
LINE
  5
213
330
20E
100
AcDbEntity
  8
Q-CASE
370
    25
100
AcDbLine
 10
39310.44550649943
 20
33640.00000000001
 30
0.0
 11
38710.44550649844
 21
33640.00000000001
 31
0.0
1001
REVIT
1002
{
1070
     1
1000
1751297
1002
}
1002
{
1070
     5
1000
1366206
1002
}
  0
LINE
  5
214
330
20E
100
AcDbEntity
  8
Q-CASE
370
    25
100
AcDbLine
 10
38710.44550649844
 20
33640.00000000001
 30
0.0
 11
38710.44550649844
 21
33560.00000000002
 31
0.0
1001
REVIT
1002
{
1070
     1
1000
1751297
1002
}
1002
{
1070
     5
1000
1366206
1002
}
  0
LINE
  5
215
330
20E
100
AcDbEntity
  8
Q-CASE
370
    25
100
AcDbLine
 10
38710.44550649844
 20
33560.00000000002
 30
0.0
 11
39310.44550649943
 21
33560.00000000002
 31
0.0
1001
REVIT
1002
{
1070
     1
1000
1751297
1002
}
1002
{
1070
     5
1000
1366206
1002
}
  0
LINE
  5
216
330
20E
100
AcDbEntity
  8
Q-CASE
370
    25
100
AcDbLine
 10
39310.44550649943
 20
33560.00000000002
 30
0.0
 11
39310.44550649943
 21
33640.00000000001
 31
0.0
1001
REVIT
1002
{
1070
     1
1000
1751297
1002
}
1002
{
1070
     5
1000
1366206
1002
}
  0
LINE
  5
217
330
20E
100
AcDbEntity
  8
Q-CASE
370
    25
100
AcDbLine
 10
39310.44550649941
 20
33240.00000000001
 30
0.0
 11
38710.44550649844
 21
33240.00000000001
 31
0.0
1001
REVIT
1002
{
1070
     1
1000
1751297
1002
}
1002
{
1070
     5
1000
1366206
1002
}
  0
LINE
  5
218
330
20E
100
AcDbEntity
  8
Q-CASE
370
    25
100
AcDbLine
 10
38710.44550649844
 20
33240.00000000001
 30
0.0
 11
38710.44550649844
 21
33160.00000000001
 31
0.0
1001
REVIT
1002
{
1070
     1
1000
1751297
1002
}
1002
{
1070
     5
1000
1366206
1002
}
  0
LINE
  5
219
330
20E
100
AcDbEntity
  8
Q-CASE
370
    25
100
AcDbLine
 10
38710.44550649844
 20
33160.00000000001
 30
0.0
 11
39310.44550649941
 21
33160.00000000001
 31
0.0
1001
REVIT
1002
{
1070
     1
1000
1751297
1002
}
1002
{
1070
     5
1000
1366206
1002
}
  0
LINE
  5
21A
330
20E
100
AcDbEntity
  8
Q-CASE
370
    25
100
AcDbLine
 10
39310.44550649941
 20
33160.00000000001
 30
0.0
 11
39310.44550649941
 21
33240.00000000001
 31
0.0
1001
REVIT
1002
{
1070
     1
1000
1751297
1002
}
1002
{
1070
     5
1000
1366206
1002
}
  0
LINE
  5
21B
330
20E
100
AcDbEntity
  8
Q-CASE
370
    25
100
AcDbLine
 10
39310.44550649941
 20
32840.00000000001
 30
0.0
 11
38710.44550649844
 21
32840.00000000001
 31
0.0
1001
REVIT
1002
{
1070
     1
1000
1751297
1002
}
1002
{
1070
     5
1000
1366206
1002
}
  0
LINE
  5
21C
330
20E
100
AcDbEntity
  8
Q-CASE
370
    25
100
AcDbLine
 10
38710.44550649844
 20
32840.00000000001
 30
0.0
 11
38710.44550649844
 21
32760.00000000001
 31
0.0
1001
REVIT
1002
{
1070
     1
1000
1751297
1002
}
1002
{
1070
     5
1000
1366206
1002
}
  0
LINE
  5
21D
330
20E
100
AcDbEntity
  8
Q-CASE
370
    25
100
AcDbLine
 10
38710.44550649844
 20
32760.00000000001
 30
0.0
 11
39310.44550649941
 21
32760.00000000001
 31
0.0
1001
REVIT
1002
{
1070
     1
1000
1751297
1002
}
1002
{
1070
     5
1000
1366206
1002
}
  0
LINE
  5
21E
330
20E
100
AcDbEntity
  8
Q-CASE
370
    25
100
AcDbLine
 10
39310.44550649941
 20
32760.00000000001
 30
0.0
 11
39310.44550649941
 21
32840.00000000001
 31
0.0
1001
REVIT
1002
{
1070
     1
1000
1751297
1002
}
1002
{
1070
     5
1000
1366206
1002
}
  0
ENDBLK
  5
220
330
20E
100
AcDbEntity
  8
0
100
AcDbBlockEnd
  0
BLOCK
  5
234
330
223
100
AcDbEntity
  8
0
100
AcDbBlockBegin
  2
AS_AA 0622 - 1527_3 PANEL HORIZONTAL_ - AA1430 SP-1980709-SECTION E-E
 70
     0
 10
0.0
 20
0.0
 30
0.0
  3
AS_AA 0622 - 1527_3 PANEL HORIZONTAL_ - AA1430 SP-1980709-SECTION E-E
  1

  0
LINE
  5
224
330
223
100
AcDbEntity
  8
A-GLAZ
100
AcDbLine
 10
31605.44550578963
 20
34690.00000000001
 30
0.0
 11
31605.44550578963
 21
33420.00000000002
 31
0.0
1001
REVIT
1002
{
1070
     1
1000
1769078
1002
}
1002
{
1070
     5
1000
1815695
1002
}
1002
{
1070
     3
1000
-2000018
1002
}
  0
LINE
  5
225
330
223
100
AcDbEntity
  8
A-GLAZ
100
AcDbLine
 10
31605.44550578963
 20
34690.00000000001
 30
0.0
 11
32355.4455057896
 21
34690.00000000001
 31
0.0
1001
REVIT
1002
{
1070
     1
1000
1769078
1002
}
1002
{
1070
     5
1000
1815695
1002
}
1002
{
1070
     3
1000
-2000018
1002
}
  0
LINE
  5
226
330
223
100
AcDbEntity
  8
A-GLAZ
100
AcDbLine
 10
32355.4455057896
 20
33420.00000000002
 30
0.0
 11
32355.4455057896
 21
34690.00000000001
 31
0.0
1001
REVIT
1002
{
1070
     1
1000
1769078
1002
}
1002
{
1070
     5
1000
1815695
1002
}
1002
{
1070
     3
1000
-2000018
1002
}
  0
LINE
  5
227
330
223
100
AcDbEntity
  8
A-GLAZ
100
AcDbLine
 10
31605.44550578963
 20
33420.00000000002
 30
0.0
 11
32355.4455057896
 21
33420.00000000002
 31
0.0
1001
REVIT
1002
{
1070
     1
1000
1769078
1002
}
1002
{
1070
     5
1000
1815695
1002
}
1002
{
1070
     3
1000
-2000018
1002
}
  0
LINE
  5
228
330
223
100
AcDbEntity
  8
A-GLAZ
100
AcDbLine
 10
30205.44550578969
 20
33420.00000000002
 30
0.0
 11
30205.44550578969
 21
34690.00000000001
 31
0.0
1001
REVIT
1002
{
1070
     1
1000
1769078
1002
}
1002
{
1070
     5
1000
1815695
1002
}
1002
{
1070
     3
1000
-2000018
1002
}
  0
LINE
  5
229
330
223
100
AcDbEntity
  8
A-GLAZ
100
AcDbLine
 10
29455.44550578967
 20
33420.00000000002
 30
0.0
 11
30205.44550578969
 21
33420.00000000002
 31
0.0
1001
REVIT
1002
{
1070
     1
1000
1769078
1002
}
1002
{
1070
     5
1000
1815695
1002
}
1002
{
1070
     3
1000
-2000018
1002
}
  0
LINE
  5
22A
330
223
100
AcDbEntity
  8
A-GLAZ
100
AcDbLine
 10
29455.44550578967
 20
34690.00000000001
 30
0.0
 11
29455.44550578967
 21
33420.00000000002
 31
0.0
1001
REVIT
1002
{
1070
     1
1000
1769078
1002
}
1002
{
1070
     5
1000
1815695
1002
}
1002
{
1070
     3
1000
-2000018
1002
}
  0
LINE
  5
22B
330
223
100
AcDbEntity
  8
A-GLAZ
100
AcDbLine
 10
29455.44550578967
 20
34690.00000000001
 30
0.0
 11
30205.44550578969
 21
34690.00000000001
 31
0.0
1001
REVIT
1002
{
1070
     1
1000
1769078
1002
}
1002
{
1070
     5
1000
1815695
1002
}
1002
{
1070
     3
1000
-2000018
1002
}
  0
LINE
  5
22C
330
223
100
AcDbEntity
  8
A-GLAZ
100
AcDbLine
 10
30255.44550578969
 20
33420.00000000002
 30
0.0
 11
31555.44550578962
 21
33420.00000000002
 31
0.0
1001
REVIT
1002
{
1070
     1
1000
1769078
1002
}
1002
{
1070
     5
1000
1815695
1002
}
1002
{
1070
     3
1000
-2000018
1002
}
  0
LINE
  5
22D
330
223
100
AcDbEntity
  8
A-GLAZ
100
AcDbLine
 10
30255.44550578969
 20
34690.00000000001
 30
0.0
 11
30255.44550578969
 21
33420.00000000002
 31
0.0
1001
REVIT
1002
{
1070
     1
1000
1769078
1002
}
1002
{
1070
     5
1000
1815695
1002
}
1002
{
1070
     3
1000
-2000018
1002
}
  0
LINE
  5
22E
330
223
100
AcDbEntity
  8
A-GLAZ
100
AcDbLine
 10
30255.44550578969
 20
34690.00000000001
 30
0.0
 11
31555.44550578962
 21
34690.00000000001
 31
0.0
1001
REVIT
1002
{
1070
     1
1000
1769078
1002
}
1002
{
1070
     5
1000
1815695
1002
}
1002
{
1070
     3
1000
-2000018
1002
}
  0
LINE
  5
22F
330
223
100
AcDbEntity
  8
A-GLAZ
100
AcDbLine
 10
31555.44550578962
 20
33420.00000000002
 30
0.0
 11
31555.44550578962
 21
34690.00000000001
 31
0.0
1001
REVIT
1002
{
1070
     1
1000
1769078
1002
}
1002
{
1070
     5
1000
1815695
1002
}
1002
{
1070
     3
1000
-2000018
1002
}
  0
LINE
  5
230
330
223
100
AcDbEntity
  8
A-GLAZ
100
AcDbLine
 10
32405.44550578967
 20
34740.0
 30
0.0
 11
29405.44550578967
 21
34740.0
 31
0.0
1001
REVIT
1002
{
1070
     1
1000
1769078
1002
}
1002
{
1070
     5
1000
1815695
1002
}
1002
{
1070
     3
1000
-2000018
1002
}
  0
LINE
  5
231
330
223
100
AcDbEntity
  8
A-GLAZ
100
AcDbLine
 10
29405.44550578967
 20
33370.00000000001
 30
0.0
 11
29405.44550578967
 21
34740.0
 31
0.0
1001
REVIT
1002
{
1070
     1
1000
1769078
1002
}
1002
{
1070
     5
1000
1815695
1002
}
1002
{
1070
     3
1000
-2000018
1002
}
  0
LINE
  5
232
330
223
100
AcDbEntity
  8
A-GLAZ
100
AcDbLine
 10
32405.44550578967
 20
33370.00000000001
 30
0.0
 11
29405.44550578967
 21
33370.00000000001
 31
0.0
1001
REVIT
1002
{
1070
     1
1000
1769078
1002
}
1002
{
1070
     5
1000
1815695
1002
}
1002
{
1070
     3
1000
-2000018
1002
}
  0
LINE
  5
233
330
223
100
AcDbEntity
  8
A-GLAZ
100
AcDbLine
 10
32405.44550578967
 20
34740.0
 30
0.0
 11
32405.44550578967
 21
33370.00000000001
 31
0.0
1001
REVIT
1002
{
1070
     1
1000
1769078
1002
}
1002
{
1070
     5
1000
1815695
1002
}
1002
{
1070
     3
1000
-2000018
1002
}
  0
ENDBLK
  5
235
330
223
100
AcDbEntity
  8
0
100
AcDbBlockEnd
  0
BLOCK
  5
246
330
237
100
AcDbEntity
  8
0
100
AcDbBlockBegin
  2
Single - Timber Frame  - 870x2400-V1-SECTION E-E
 70
     0
 10
0.0
 20
0.0
 30
0.0
  3
Single - Timber Frame  - 870x2400-V1-SECTION E-E
  1

  0
LINE
  5
238
330
237
100
AcDbEntity
  8
A-DOOR
370
    18
100
AcDbLine
 10
34185.44550578968
 20
34685.00000000001
 30
0.0
 11
34185.44550578968
 21
32345.0
 31
0.0
1001
REVIT
1002
{
1070
     1
1000
1780489
1002
}
1002
{
1070
     5
1000
2599461
1002
}
1002
{
1070
     3
1000
-2000025
1002
}
  0
LINE
  5
239
330
237
100
AcDbEntity
  8
A-DOOR
370
    18
100
AcDbLine
 10
34185.44550578968
 20
32345.0
 30
0.0
 11
34215.44550578968
 21
32345.0
 31
0.0
1001
REVIT
1002
{
1070
     1
1000
1780489
1002
}
1002
{
1070
     5
1000
2599461
1002
}
1002
{
1070
     3
1000
-2000025
1002
}
  0
LINE
  5
23A
330
237
100
AcDbEntity
  8
A-DOOR
370
    18
100
AcDbLine
 10
34215.44550578968
 20
32345.0
 30
0.0
 11
34215.44550578968
 21
34685.00000000001
 31
0.0
1001
REVIT
1002
{
1070
     1
1000
1780489
1002
}
1002
{
1070
     5
1000
2599461
1002
}
1002
{
1070
     3
1000
-2000025
1002
}
  0
LINE
  5
23B
330
237
100
AcDbEntity
  8
A-DOOR
370
    18
100
AcDbLine
 10
34215.44550578968
 20
34685.00000000001
 30
0.0
 11
34185.44550578968
 21
34685.00000000001
 31
0.0
1001
REVIT
1002
{
1070
     1
1000
1780489
1002
}
1002
{
1070
     5
1000
2599461
1002
}
1002
{
1070
     3
1000
-2000025
1002
}
  0
LINE
  5
23C
330
237
100
AcDbEntity
  8
A-DOOR-FRAM
370
    18
100
AcDbLine
 10
34295.44550579065
 20
34673.00000000001
 30
0.0
 11
34295.44550579065
 21
34715.00000000001
 31
0.0
1001
REVIT
1002
{
1070
     1
1000
1780489
1002
}
1002
{
1070
     5
1000
2599461
1002
}
1002
{
1070
     3
1000
-2000029
1002
}
  0
LINE
  5
23D
330
237
100
AcDbEntity
  8
A-DOOR-FRAM
370
    18
100
AcDbLine
 10
34295.44550579065
 20
34715.00000000001
 30
0.0
 11
34185.44550578968
 21
34715.00000000001
 31
0.0
1001
REVIT
1002
{
1070
     1
1000
1780489
1002
}
1002
{
1070
     5
1000
2599461
1002
}
1002
{
1070
     3
1000
-2000029
1002
}
  0
LINE
  5
23E
330
237
100
AcDbEntity
  8
A-DOOR-FRAM
370
    18
100
AcDbLine
 10
34185.44550578968
 20
34715.00000000001
 30
0.0
 11
34185.44550578968
 21
34688.00000000001
 31
0.0
1001
REVIT
1002
{
1070
     1
1000
1780489
1002
}
1002
{
1070
     5
1000
2599461
1002
}
1002
{
1070
     3
1000
-2000029
1002
}
  0
LINE
  5
23F
330
237
100
AcDbEntity
  8
A-DOOR-FRAM
370
    18
100
AcDbLine
 10
34185.44550578968
 20
34688.00000000001
 30
0.0
 11
34215.44550578968
 21
34688.00000000001
 31
0.0
1001
REVIT
1002
{
1070
     1
1000
1780489
1002
}
1002
{
1070
     5
1000
2599461
1002
}
1002
{
1070
     3
1000
-2000029
1002
}
  0
LINE
  5
240
330
237
100
AcDbEntity
  8
A-DOOR-FRAM
370
    18
100
AcDbLine
 10
34215.44550578968
 20
34688.00000000001
 30
0.0
 11
34215.44550578968
 21
34673.00000000001
 31
0.0
1001
REVIT
1002
{
1070
     1
1000
1780489
1002
}
1002
{
1070
     5
1000
2599461
1002
}
1002
{
1070
     3
1000
-2000029
1002
}
  0
LINE
  5
241
330
237
100
AcDbEntity
  8
A-DOOR-FRAM
370
    18
100
AcDbLine
 10
34215.44550578968
 20
34673.00000000001
 30
0.0
 11
34295.44550579065
 21
34673.00000000001
 31
0.0
1001
REVIT
1002
{
1070
     1
1000
1780489
1002
}
1002
{
1070
     5
1000
2599461
1002
}
1002
{
1070
     3
1000
-2000029
1002
}
  0
LINE
  5
242
330
237
100
AcDbEntity
  8
A-DOOR-FRAM
100
AcDbLine
 10
34295.44550579065
 20
34673.00000000001
 30
0.0
 11
34295.44550579065
 21
32340.00000000001
 31
0.0
1001
REVIT
1002
{
1070
     1
1000
1780489
1002
}
1002
{
1070
     5
1000
2599461
1002
}
1002
{
1070
     3
1000
-2000029
1002
}
  0
LINE
  5
243
330
237
100
AcDbEntity
  8
A-DOOR-FRAM
100
AcDbLine
 10
34215.44550578968
 20
32345.00000000001
 30
0.0
 11
34215.44550578968
 21
32340.00000000001
 31
0.0
1001
REVIT
1002
{
1070
     1
1000
1780489
1002
}
1002
{
1070
     5
1000
2599461
1002
}
1002
{
1070
     3
1000
-2000029
1002
}
  0
LINE
  5
244
330
237
100
AcDbEntity
  8
A-DOOR-FRAM
100
AcDbLine
 10
34185.44550578968
 20
34688.00000000001
 30
0.0
 11
34185.44550578968
 21
34685.0
 31
0.0
1001
REVIT
1002
{
1070
     1
1000
1780489
1002
}
1002
{
1070
     5
1000
2599461
1002
}
1002
{
1070
     3
1000
-2000029
1002
}
  0
LINE
  5
245
330
237
100
AcDbEntity
  8
A-DOOR-FRAM
100
AcDbLine
 10
34185.44550578968
 20
32345.00000000001
 30
0.0
 11
34185.44550578968
 21
32340.00000000001
 31
0.0
1001
REVIT
1002
{
1070
     1
1000
1780489
1002
}
1002
{
1070
     5
1000
2599461
1002
}
1002
{
1070
     3
1000
-2000029
1002
}
  0
ENDBLK
  5
247
330
237
100
AcDbEntity
  8
0
100
AcDbBlockEnd
  0
BLOCK
  5
264
330
24B
100
AcDbEntity
  8
0
100
AcDbBlockBegin
  2
custom - equal Panel M_6 PANEL HORIZONTAL_ - AFA3042T SP-2001726-SECTION E-E
 70
     0
 10
0.0
 20
0.0
 30
0.0
  3
custom - equal Panel M_6 PANEL HORIZONTAL_ - AFA3042T SP-2001726-SECTION E-E
  1

  0
LINE
  5
24C
330
24B
100
AcDbEntity
  8
A-GLAZ
100
AcDbLine
 10
37751.41217316602
 20
31840.00000000001
 30
0.0
 11
37751.41217316602
 21
29890.0
 31
0.0
1001
REVIT
1002
{
1070
     1
1000
1791104
1002
}
1002
{
1070
     5
1000
2001708
1002
}
1002
{
1070
     3
1000
-2000018
1002
}
  0
LINE
  5
24D
330
24B
100
AcDbEntity
  8
A-GLAZ
100
AcDbLine
 10
37751.41217316602
 20
31840.00000000001
 30
0.0
 11
38610.44550649941
 21
31840.00000000001
 31
0.0
1001
REVIT
1002
{
1070
     1
1000
1791104
1002
}
1002
{
1070
     5
1000
2001708
1002
}
1002
{
1070
     3
1000
-2000018
1002
}
  0
LINE
  5
24E
330
24B
100
AcDbEntity
  8
A-GLAZ
100
AcDbLine
 10
37751.41217316602
 20
29890.0
 30
0.0
 11
38610.44550649941
 21
29890.0
 31
0.0
1001
REVIT
1002
{
1070
     1
1000
1791104
1002
}
1002
{
1070
     5
1000
2001708
1002
}
1002
{
1070
     3
1000
-2000018
1002
}
  0
LINE
  5
24F
330
24B
100
AcDbEntity
  8
A-GLAZ
100
AcDbLine
 10
36384.47883983279
 20
29839.99999999998
 30
0.0
 11
35117.94550649944
 21
29839.99999999998
 31
0.0
1001
REVIT
1002
{
1070
     1
1000
1791104
1002
}
1002
{
1070
     5
1000
2001708
1002
}
1002
{
1070
     3
1000
-2000018
1002
}
  0
LINE
  5
250
330
24B
100
AcDbEntity
  8
A-GLAZ
100
AcDbLine
 10
36384.47883983279
 20
28940.00000000002
 30
0.0
 11
36384.47883983279
 21
29839.99999999998
 31
0.0
1001
REVIT
1002
{
1070
     1
1000
1791104
1002
}
1002
{
1070
     5
1000
2001708
1002
}
1002
{
1070
     3
1000
-2000018
1002
}
  0
LINE
  5
251
330
24B
100
AcDbEntity
  8
A-GLAZ
100
AcDbLine
 10
35117.94550649944
 20
28940.00000000002
 30
0.0
 11
36384.47883983279
 21
28940.00000000002
 31
0.0
1001
REVIT
1002
{
1070
     1
1000
1791104
1002
}
1002
{
1070
     5
1000
2001708
1002
}
1002
{
1070
     3
1000
-2000018
1002
}
  0
LINE
  5
252
330
24B
100
AcDbEntity
  8
A-GLAZ
100
AcDbLine
 10
35117.94550649944
 20
29839.99999999998
 30
0.0
 11
35117.94550649944
 21
28940.00000000002
 31
0.0
1001
REVIT
1002
{
1070
     1
1000
1791104
1002
}
1002
{
1070
     5
1000
2001708
1002
}
1002
{
1070
     3
1000
-2000018
1002
}
  0
LINE
  5
253
330
24B
100
AcDbEntity
  8
A-GLAZ
100
AcDbLine
 10
36384.4788398328
 20
29890.0
 30
0.0
 11
36384.4788398328
 21
31840.00000000001
 31
0.0
1001
REVIT
1002
{
1070
     1
1000
1791104
1002
}
1002
{
1070
     5
1000
2001708
1002
}
1002
{
1070
     3
1000
-2000018
1002
}
  0
LINE
  5
254
330
24B
100
AcDbEntity
  8
A-GLAZ
100
AcDbLine
 10
35117.94550649944
 20
29890.0
 30
0.0
 11
36384.4788398328
 21
29890.0
 31
0.0
1001
REVIT
1002
{
1070
     1
1000
1791104
1002
}
1002
{
1070
     5
1000
2001708
1002
}
1002
{
1070
     3
1000
-2000018
1002
}
  0
LINE
  5
255
330
24B
100
AcDbEntity
  8
A-GLAZ
100
AcDbLine
 10
35117.94550649944
 20
31840.00000000001
 30
0.0
 11
35117.94550649944
 21
29890.0
 31
0.0
1001
REVIT
1002
{
1070
     1
1000
1791104
1002
}
1002
{
1070
     5
1000
2001708
1002
}
1002
{
1070
     3
1000
-2000018
1002
}
  0
LINE
  5
256
330
24B
100
AcDbEntity
  8
A-GLAZ
100
AcDbLine
 10
35117.94550649944
 20
31840.00000000001
 30
0.0
 11
36384.4788398328
 21
31840.00000000001
 31
0.0
1001
REVIT
1002
{
1070
     1
1000
1791104
1002
}
1002
{
1070
     5
1000
2001708
1002
}
1002
{
1070
     3
1000
-2000018
1002
}
  0
LINE
  5
257
330
24B
100
AcDbEntity
  8
A-GLAZ
100
AcDbLine
 10
36434.4788398328
 20
29890.0
 30
0.0
 11
37701.41217316602
 21
29890.0
 31
0.0
1001
REVIT
1002
{
1070
     1
1000
1791104
1002
}
1002
{
1070
     5
1000
2001708
1002
}
1002
{
1070
     3
1000
-2000018
1002
}
  0
LINE
  5
258
330
24B
100
AcDbEntity
  8
A-GLAZ
100
AcDbLine
 10
36434.4788398328
 20
31840.00000000001
 30
0.0
 11
36434.4788398328
 21
29890.0
 31
0.0
1001
REVIT
1002
{
1070
     1
1000
1791104
1002
}
1002
{
1070
     5
1000
2001708
1002
}
1002
{
1070
     3
1000
-2000018
1002
}
  0
LINE
  5
259
330
24B
100
AcDbEntity
  8
A-GLAZ
100
AcDbLine
 10
36434.4788398328
 20
31840.00000000001
 30
0.0
 11
37701.41217316602
 21
31840.00000000001
 31
0.0
1001
REVIT
1002
{
1070
     1
1000
1791104
1002
}
1002
{
1070
     5
1000
2001708
1002
}
1002
{
1070
     3
1000
-2000018
1002
}
  0
LINE
  5
25A
330
24B
100
AcDbEntity
  8
A-GLAZ
100
AcDbLine
 10
37701.41217316602
 20
29890.0
 30
0.0
 11
37701.41217316602
 21
31840.00000000001
 31
0.0
1001
REVIT
1002
{
1070
     1
1000
1791104
1002
}
1002
{
1070
     5
1000
2001708
1002
}
1002
{
1070
     3
1000
-2000018
1002
}
  0
LINE
  5
25B
330
24B
100
AcDbEntity
  8
A-GLAZ
100
AcDbLine
 10
38610.44550649941
 20
29839.99999999999
 30
0.0
 11
37751.41217316602
 21
29839.99999999999
 31
0.0
1001
REVIT
1002
{
1070
     1
1000
1791104
1002
}
1002
{
1070
     5
1000
2001708
1002
}
1002
{
1070
     3
1000
-2000018
1002
}
  0
LINE
  5
25C
330
24B
100
AcDbEntity
  8
A-GLAZ
100
AcDbLine
 10
37751.41217316602
 20
28940.00000000002
 30
0.0
 11
38610.44550649941
 21
28940.00000000002
 31
0.0
1001
REVIT
1002
{
1070
     1
1000
1791104
1002
}
1002
{
1070
     5
1000
2001708
1002
}
1002
{
1070
     3
1000
-2000018
1002
}
  0
LINE
  5
25D
330
24B
100
AcDbEntity
  8
A-GLAZ
100
AcDbLine
 10
37751.41217316602
 20
29839.99999999999
 30
0.0
 11
37751.41217316602
 21
28940.00000000002
 31
0.0
1001
REVIT
1002
{
1070
     1
1000
1791104
1002
}
1002
{
1070
     5
1000
2001708
1002
}
1002
{
1070
     3
1000
-2000018
1002
}
  0
LINE
  5
25E
330
24B
100
AcDbEntity
  8
A-GLAZ
100
AcDbLine
 10
36434.47883983279
 20
28940.00000000003
 30
0.0
 11
36510.44550649941
 21
28940.00000000003
 31
0.0
1001
REVIT
1002
{
1070
     1
1000
1791104
1002
}
1002
{
1070
     5
1000
2001708
1002
}
1002
{
1070
     3
1000
-2000018
1002
}
  0
LINE
  5
25F
330
24B
100
AcDbEntity
  8
A-GLAZ
100
AcDbLine
 10
37510.44550649941
 20
28940.00000000003
 30
0.0
 11
37701.41217316604
 21
28940.00000000003
 31
0.0
1001
REVIT
1002
{
1070
     1
1000
1791104
1002
}
1002
{
1070
     5
1000
2001708
1002
}
1002
{
1070
     3
1000
-2000018
1002
}
  0
LINE
  5
260
330
24B
100
AcDbEntity
  8
A-GLAZ
100
AcDbLine
 10
36434.47883983279
 20
29839.99999999998
 30
0.0
 11
36434.47883983279
 21
28940.00000000003
 31
0.0
1001
REVIT
1002
{
1070
     1
1000
1791104
1002
}
1002
{
1070
     5
1000
2001708
1002
}
1002
{
1070
     3
1000
-2000018
1002
}
  0
LINE
  5
261
330
24B
100
AcDbEntity
  8
A-GLAZ
100
AcDbLine
 10
37701.41217316604
 20
29839.99999999998
 30
0.0
 11
36434.47883983279
 21
29839.99999999998
 31
0.0
1001
REVIT
1002
{
1070
     1
1000
1791104
1002
}
1002
{
1070
     5
1000
2001708
1002
}
1002
{
1070
     3
1000
-2000018
1002
}
  0
LINE
  5
262
330
24B
100
AcDbEntity
  8
A-GLAZ
100
AcDbLine
 10
37701.41217316604
 20
28940.00000000003
 30
0.0
 11
37701.41217316604
 21
29839.99999999998
 31
0.0
1001
REVIT
1002
{
1070
     1
1000
1791104
1002
}
1002
{
1070
     5
1000
2001708
1002
}
1002
{
1070
     3
1000
-2000018
1002
}
  0
LINE
  5
263
330
24B
100
AcDbEntity
  8
A-GLAZ
100
AcDbLine
 10
35067.94550649942
 20
28890.00000000001
 30
0.0
 11
35067.94550649942
 21
31890.0
 31
0.0
1001
REVIT
1002
{
1070
     1
1000
1791104
1002
}
1002
{
1070
     5
1000
2001708
1002
}
1002
{
1070
     3
1000
-2000018
1002
}
  0
ENDBLK
  5
265
330
24B
100
AcDbEntity
  8
0
100
AcDbBlockEnd
  0
BLOCK
  5
2C8
330
281
100
AcDbEntity
  8
0
100
AcDbBlockBegin
  2
Tap - Tap-1959228-SECTION E-E
 70
     0
 10
0.0
 20
0.0
 30
0.0
  3
Tap - Tap-1959228-SECTION E-E
  1

  0
LINE
  5
282
330
281
100
AcDbEntity
  8
P-SANR-FIXT
100
AcDbLine
 10
39580.44550649941
 20
29207.94914098995
 30
0.0
 11
39599.49550649941
 21
29207.94914098995
 31
0.0
1001
REVIT
1002
{
1070
     1
1000
1960352
1002
}
1002
{
1070
     5
1000
1959228
1002
}
  0
LINE
  5
283
330
281
100
AcDbEntity
  8
P-SANR-FIXT
100
AcDbLine
 10
39599.49550649941
 20
29238.94914098995
 30
0.0
 11
39580.44550649941
 21
29238.94914098995
 31
0.0
1001
REVIT
1002
{
1070
     1
1000
1960352
1002
}
1002
{
1070
     5
1000
1959228
1002
}
  0
LINE
  5
284
330
281
100
AcDbEntity
  8
P-SANR-FIXT
100
AcDbLine
 10
39599.49550649941
 20
29206.9323439242
 30
0.0
 11
39599.49550649941
 21
29216.60766178385
 31
0.0
1001
REVIT
1002
{
1070
     1
1000
1960352
1002
}
1002
{
1070
     5
1000
1959228
1002
}
  0
LINE
  5
285
330
281
100
AcDbEntity
  8
P-SANR-FIXT
100
AcDbLine
 10
39599.49550649941
 20
29216.60766178385
 30
0.0
 11
39599.49550649941
 21
29230.29062019602
 31
0.0
1001
REVIT
1002
{
1070
     1
1000
1960352
1002
}
1002
{
1070
     5
1000
1959228
1002
}
  0
LINE
  5
286
330
281
100
AcDbEntity
  8
P-SANR-FIXT
100
AcDbLine
 10
39599.49550649941
 20
29230.29062019602
 30
0.0
 11
39599.49550649941
 21
29239.96593805567
 31
0.0
1001
REVIT
1002
{
1070
     1
1000
1960352
1002
}
1002
{
1070
     5
1000
1959228
1002
}
  0
LINE
  5
287
330
281
100
AcDbEntity
  8
P-SANR-FIXT
100
AcDbLine
 10
39605.8454096061
 20
29239.96593805567
 30
0.0
 11
39605.8454096061
 21
29230.29062019602
 31
0.0
1001
REVIT
1002
{
1070
     1
1000
1960352
1002
}
1002
{
1070
     5
1000
1959228
1002
}
  0
LINE
  5
288
330
281
100
AcDbEntity
  8
P-SANR-FIXT
100
AcDbLine
 10
39605.8454096061
 20
29230.29062019602
 30
0.0
 11
39605.8454096061
 21
29216.60766178385
 31
0.0
1001
REVIT
1002
{
1070
     1
1000
1960352
1002
}
1002
{
1070
     5
1000
1959228
1002
}
  0
LINE
  5
289
330
281
100
AcDbEntity
  8
P-SANR-FIXT
100
AcDbLine
 10
39605.8454096061
 20
29216.60766178385
 30
0.0
 11
39605.8454096061
 21
29206.9323439242
 31
0.0
1001
REVIT
1002
{
1070
     1
1000
1960352
1002
}
1002
{
1070
     5
1000
1959228
1002
}
  0
LINE
  5
28A
330
281
100
AcDbEntity
  8
P-SANR-FIXT
100
AcDbLine
 10
39605.8454096061
 20
29206.9323439242
 30
0.0
 11
39599.49550649941
 21
29206.9323439242
 31
0.0
1001
REVIT
1002
{
1070
     1
1000
1960352
1002
}
1002
{
1070
     5
1000
1959228
1002
}
  0
LINE
  5
28B
330
281
100
AcDbEntity
  8
P-SANR-FIXT
100
AcDbLine
 10
39605.8454096061
 20
29216.60766178385
 30
0.0
 11
39599.49550649941
 21
29216.60766178385
 31
0.0
1001
REVIT
1002
{
1070
     1
1000
1960352
1002
}
1002
{
1070
     5
1000
1959228
1002
}
  0
LINE
  5
28C
330
281
100
AcDbEntity
  8
P-SANR-FIXT
100
AcDbLine
 10
39605.8454096061
 20
29230.29062019602
 30
0.0
 11
39599.49550649941
 21
29230.29062019602
 31
0.0
1001
REVIT
1002
{
1070
     1
1000
1960352
1002
}
1002
{
1070
     5
1000
1959228
1002
}
  0
LINE
  5
28D
330
281
100
AcDbEntity
  8
P-SANR-FIXT
100
AcDbLine
 10
39605.8454096061
 20
29239.96593805567
 30
0.0
 11
39599.49550649941
 21
29239.96593805567
 31
0.0
1001
REVIT
1002
{
1070
     1
1000
1960352
1002
}
1002
{
1070
     5
1000
1959228
1002
}
  0
LINE
  5
28E
330
281
100
AcDbEntity
  8
P-SANR-FIXT
100
AcDbLine
 10
39652.11304037393
 20
29294.98965069073
 30
0.0
 11
39652.11304037393
 21
29317.75944544094
 31
0.0
1001
REVIT
1002
{
1070
     1
1000
1960352
1002
}
1002
{
1070
     5
1000
1959228
1002
}
  0
LINE
  5
28F
330
281
100
AcDbEntity
  8
P-SANR-FIXT
100
AcDbLine
 10
39639.11304037393
 20
29317.75944544094
 30
0.0
 11
39639.11304037393
 21
29294.98965069073
 31
0.0
1001
REVIT
1002
{
1070
     1
1000
1960352
1002
}
1002
{
1070
     5
1000
1959228
1002
}
  0
LINE
  5
290
330
281
100
AcDbEntity
  8
P-SANR-FIXT
100
AcDbLine
 10
39652.11304037393
 20
29317.75944544094
 30
0.0
 11
39658.3128465873
 21
29317.75944544094
 31
0.0
1001
REVIT
1002
{
1070
     1
1000
1960352
1002
}
1002
{
1070
     5
1000
1959228
1002
}
  0
LINE
  5
291
330
281
100
AcDbEntity
  8
P-SANR-FIXT
100
AcDbLine
 10
39632.91323416055
 20
29317.75944544094
 30
0.0
 11
39639.11304037393
 21
29317.75944544094
 31
0.0
1001
REVIT
1002
{
1070
     1
1000
1960352
1002
}
1002
{
1070
     5
1000
1959228
1002
}
  0
LINE
  5
292
330
281
100
AcDbEntity
  8
P-SANR-FIXT
100
AcDbLine
 10
39658.3128465873
 20
29335.71990438717
 30
0.0
 11
39632.91323416055
 21
29335.71990438717
 31
0.0
1001
REVIT
1002
{
1070
     1
1000
1960352
1002
}
1002
{
1070
     5
1000
1959228
1002
}
  0
LWPOLYLINE
  5
293
330
281
100
AcDbEntity
  8
P-SANR-FIXT
100
AcDbPolyline
 90
        5
 70
   128
 43
0.0
 10
39632.91323416055
 20
29317.75944544094
 10
39622.86222317607
 20
29319.30973134722
 10
39612.43845232924
 20
29317.78780102037
 10
39605.05555063618
 20
29318.70380357836
 10
39601.19743749916
 20
29326.73967491405
1001
REVIT
1002
{
1070
     1
1000
1960352
1002
}
1002
{
1070
     5
1000
1959228
1002
}
  0
LWPOLYLINE
  5
294
330
281
100
AcDbEntity
  8
P-SANR-FIXT
100
AcDbPolyline
 90
        5
 70
   128
 43
0.0
 10
39601.19743749916
 20
29326.73967491405
 10
39605.05555063618
 20
29334.77554624974
 10
39612.43845232924
 20
29335.69154880773
 10
39622.86222317607
 20
29334.16961848088
 10
39632.91323416055
 20
29335.71990438717
1001
REVIT
1002
{
1070
     1
1000
1960352
1002
}
1002
{
1070
     5
1000
1959228
1002
}
  0
LWPOLYLINE
  5
295
330
281
100
AcDbEntity
  8
P-SANR-FIXT
100
AcDbPolyline
 90
        5
 70
   128
 43
0.0
 10
39632.91323416055
 20
29335.71990438717
 10
39622.86222317607
 20
29334.16961848088
 10
39612.43845232924
 20
29335.69154880773
 10
39605.05555063618
 20
29334.77554624974
 10
39601.19743749916
 20
29326.73967491405
1001
REVIT
1002
{
1070
     1
1000
1960352
1002
}
1002
{
1070
     5
1000
1959228
1002
}
  0
LWPOLYLINE
  5
296
330
281
100
AcDbEntity
  8
P-SANR-FIXT
100
AcDbPolyline
 90
        5
 70
   128
 43
0.0
 10
39601.19743749916
 20
29326.73967491405
 10
39605.05555063618
 20
29318.70380357836
 10
39612.43845232924
 20
29317.78780102037
 10
39622.86222317607
 20
29319.30973134722
 10
39632.91323416055
 20
29317.75944544094
1001
REVIT
1002
{
1070
     1
1000
1960352
1002
}
1002
{
1070
     5
1000
1959228
1002
}
  0
LWPOLYLINE
  5
297
330
281
100
AcDbEntity
  8
P-SANR-FIXT
100
AcDbPolyline
 90
        5
 70
   128
 43
0.0
 10
39658.3128465873
 20
29335.71990438717
 10
39668.36385757179
 20
29334.16961848088
 10
39678.7876284186
 20
29335.69154880773
 10
39686.17053011168
 20
29334.77554624974
 10
39690.02864324869
 20
29326.73967491405
1001
REVIT
1002
{
1070
     1
1000
1960352
1002
}
1002
{
1070
     5
1000
1959228
1002
}
  0
LWPOLYLINE
  5
298
330
281
100
AcDbEntity
  8
P-SANR-FIXT
100
AcDbPolyline
 90
        5
 70
   128
 43
0.0
 10
39690.02864324869
 20
29326.73967491405
 10
39686.17053011168
 20
29318.70380357836
 10
39678.7876284186
 20
29317.78780102037
 10
39668.36385757179
 20
29319.30973134722
 10
39658.3128465873
 20
29317.75944544094
1001
REVIT
1002
{
1070
     1
1000
1960352
1002
}
1002
{
1070
     5
1000
1959228
1002
}
  0
LWPOLYLINE
  5
299
330
281
100
AcDbEntity
  8
P-SANR-FIXT
100
AcDbPolyline
 90
        5
 70
   128
 43
0.0
 10
39658.3128465873
 20
29317.75944544094
 10
39668.36385757179
 20
29319.30973134722
 10
39678.7876284186
 20
29317.78780102037
 10
39686.17053011168
 20
29318.70380357836
 10
39690.02864324869
 20
29326.73967491405
1001
REVIT
1002
{
1070
     1
1000
1960352
1002
}
1002
{
1070
     5
1000
1959228
1002
}
  0
LWPOLYLINE
  5
29A
330
281
100
AcDbEntity
  8
P-SANR-FIXT
100
AcDbPolyline
 90
        5
 70
   128
 43
0.0
 10
39690.02864324869
 20
29326.73967491405
 10
39686.17053011168
 20
29334.77554624974
 10
39678.7876284186
 20
29335.69154880773
 10
39668.36385757179
 20
29334.16961848088
 10
39658.3128465873
 20
29335.71990438717
1001
REVIT
1002
{
1070
     1
1000
1960352
1002
}
1002
{
1070
     5
1000
1959228
1002
}
  0
LINE
  5
29B
330
281
100
AcDbEntity
  8
P-SANR-FIXT
100
AcDbLine
 10
39661.11304037393
 20
29275.93965069072
 30
0.0
 11
39661.11304037393
 21
29294.98965069073
 31
0.0
1001
REVIT
1002
{
1070
     1
1000
1960352
1002
}
1002
{
1070
     5
1000
1959228
1002
}
  0
LINE
  5
29C
330
281
100
AcDbEntity
  8
P-SANR-FIXT
100
AcDbLine
 10
39630.11304037393
 20
29294.98965069073
 30
0.0
 11
39630.11304037393
 21
29275.93965069072
 31
0.0
1001
REVIT
1002
{
1070
     1
1000
1960352
1002
}
1002
{
1070
     5
1000
1959228
1002
}
  0
LINE
  5
29D
330
281
100
AcDbEntity
  8
P-SANR-FIXT
100
AcDbLine
 10
39665.61304037393
 20
29261.65215069073
 30
0.0
 11
39665.61304037393
 21
29263.23966280239
 31
0.0
1001
REVIT
1002
{
1070
     1
1000
1960352
1002
}
1002
{
1070
     5
1000
1959228
1002
}
  0
LINE
  5
29E
330
281
100
AcDbEntity
  8
P-SANR-FIXT
100
AcDbLine
 10
39625.61304037393
 20
29263.23966280239
 30
0.0
 11
39625.61304037393
 21
29261.65215069073
 31
0.0
1001
REVIT
1002
{
1070
     1
1000
1960352
1002
}
1002
{
1070
     5
1000
1959228
1002
}
  0
LINE
  5
29F
330
281
100
AcDbEntity
  8
P-SANR-FIXT
100
AcDbLine
 10
39645.61304037392
 20
29320.38966280237
 30
0.0
 11
39644.22446829135
 21
29320.38966280237
 31
0.0
1001
REVIT
1002
{
1070
     1
1000
1960352
1002
}
1002
{
1070
     5
1000
1959228
1002
}
  0
LINE
  5
2A0
330
281
100
AcDbEntity
  8
P-SANR-FIXT
100
AcDbLine
 10
39647.00161245649
 20
29320.38966280237
 30
0.0
 11
39645.61304037392
 21
29320.38966280237
 31
0.0
1001
REVIT
1002
{
1070
     1
1000
1960352
1002
}
1002
{
1070
     5
1000
1959228
1002
}
  0
SPLINE
  5
2A1
330
281
100
AcDbEntity
  8
P-SANR-FIXT
100
AcDbSpline
210
0.0
220
0.0
230
1.0
 70
     8
 71
     3
 72
    26
 73
    22
 74
     0
 42
0.000000001
 43
0.0000000001
 40
0.1666666666666667
 40
0.1666666666666667
 40
0.1666666666666667
 40
0.1666666666666667
 40
0.25
 40
0.2916666666666666
 40
0.3333333333333333
 40
0.375
 40
0.4166666666666666
 40
0.4583333333333333
 40
0.5
 40
0.5416666666666666
 40
0.5833333333333333
 40
0.625
 40
0.6666666666666666
 40
0.6875
 40
0.7083333333333333
 40
0.75
 40
0.7916666666666667
 40
0.8333333333333334
 40
0.875
 40
0.9166666666666667
 40
1.0
 40
1.0
 40
1.0
 40
1.0
 10
39651.93283666421
 20
29317.88900564327
 30
0.0
 10
39651.8736879494
 20
29317.93080412221
 30
0.0
 10
39651.7638181961
 20
29318.0094104468
 30
0.0
 10
39651.57829416821
 20
29318.14105939097
 30
0.0
 10
39651.42084566918
 20
29318.2471955318
 30
0.0
 10
39651.24648739071
 20
29318.36386347124
 30
0.0
 10
39651.05600953364
 20
29318.4930197328
 30
0.0
 10
39650.85005032257
 20
29318.62964269104
 30
0.0
 10
39650.62868023398
 20
29318.768363079
 30
0.0
 10
39650.39361320027
 20
29318.91218034476
 30
0.0
 10
39650.14619084594
 20
29319.06365152759
 30
0.0
 10
39649.88587582174
 20
29319.21693127638
 30
0.0
 10
39649.65748799021
 20
29319.3416883339
 30
0.0
 10
39649.46835752905
 20
29319.44028860153
 30
0.0
 10
39649.27595060478
 20
29319.54091956784
 30
0.0
 10
39649.02856246168
 20
29319.66692338821
 30
0.0
 10
39648.72012595056
 20
29319.8137031121
 30
0.0
 10
39648.39864813249
 20
29319.94892202125
 30
0.0
 10
39648.0645114348
 20
29320.07174771673
 30
0.0
 10
39647.60524446479
 20
29320.22535725765
 30
0.0
 10
39647.24611814798
 20
29320.32734610094
 30
0.0
 10
39647.00161245649
 20
29320.38966280237
 30
0.0
1001
REVIT
1002
{
1070
     1
1000
1960352
1002
}
1002
{
1070
     5
1000
1959228
1002
}
  0
SPLINE
  5
2A2
330
281
100
AcDbEntity
  8
P-SANR-FIXT
100
AcDbSpline
210
0.0
220
0.0
230
1.0
 70
     8
 71
     3
 72
    27
 73
    23
 74
     0
 42
0.000000001
 43
0.0000000001
 40
0.0
 40
0.0
 40
0.0
 40
0.0
 40
0.0833333333333333
 40
0.125
 40
0.1666666666666667
 40
0.2083333333333333
 40
0.25
 40
0.2916666666666666
 40
0.3125
 40
0.3333333333333333
 40
0.3541666666666666
 40
0.375
 40
0.4166666666666666
 40
0.4583333333333333
 40
0.5
 40
0.5416666666666666
 40
0.5833333333333333
 40
0.625
 40
0.6666666666666666
 40
0.7083333333333333
 40
0.75
 40
0.8333333333333334
 40
0.8333333333333334
 40
0.8333333333333334
 40
0.8333333333333334
 10
39644.22446829135
 20
29320.38966280237
 30
0.0
 10
39643.97996259986
 20
29320.32734610094
 30
0.0
 10
39643.62083626726
 20
29320.22535731269
 30
0.0
 10
39643.16156933934
 20
29320.07174762499
 30
0.0
 10
39642.82743251536
 20
29319.94892236988
 30
0.0
 10
39642.50595517089
 20
29319.81370180933
 30
0.0
 10
39642.19751689171
 20
29319.66692825063
 30
0.0
 10
39641.95013424745
 20
29319.5409052558
 30
0.0
 10
39641.75771610977
 20
29319.44031339071
 30
0.0
 10
39641.61590250793
 20
29319.36624378082
 30
0.0
 10
39641.47713619395
 20
29319.29213920167
 30
0.0
 10
39641.29687764998
 20
29319.19118044811
 30
0.0
 10
39641.07987000595
 20
29319.0637209049
 30
0.0
 10
39640.83247287868
 20
29318.91216175516
 30
0.0
 10
39640.59739908538
 20
29318.76836806007
 30
0.0
 10
39640.37603080803
 20
29318.62964135637
 30
0.0
 10
39640.17007111163
 20
29318.49302009042
 30
0.0
 10
39639.97959338459
 20
29318.36386337543
 30
0.0
 10
39639.80523507131
 20
29318.24719555743
 30
0.0
 10
39639.64778658156
 20
29318.14105938426
 30
0.0
 10
39639.46226255064
 20
29318.00941045063
 30
0.0
 10
39639.35239279817
 20
29317.93080412317
 30
0.0
 10
39639.29324408363
 20
29317.88900564327
 30
0.0
1001
REVIT
1002
{
1070
     1
1000
1960352
1002
}
1002
{
1070
     5
1000
1959228
1002
}
  0
LINE
  5
2A3
330
281
100
AcDbEntity
  8
P-SANR-FIXT
100
AcDbLine
 10
39658.3128465873
 20
29335.71990438715
 30
0.0
 11
39658.3128465873
 21
29317.75944544093
 31
0.0
1001
REVIT
1002
{
1070
     1
1000
1960352
1002
}
1002
{
1070
     5
1000
1959228
1002
}
  0
LINE
  5
2A4
330
281
100
AcDbEntity
  8
P-SANR-FIXT
100
AcDbLine
 10
39632.91323416054
 20
29317.75944544093
 30
0.0
 11
39632.91323416054
 21
29335.71990438715
 31
0.0
1001
REVIT
1002
{
1070
     1
1000
1960352
1002
}
1002
{
1070
     5
1000
1959228
1002
}
  0
LINE
  5
2A5
330
281
100
AcDbEntity
  8
P-SANR-FIXT
100
AcDbLine
 10
39645.61304037392
 20
29275.93965069071
 30
0.0
 11
39661.11304037392
 21
29275.93965069071
 31
0.0
1001
REVIT
1002
{
1070
     1
1000
1960352
1002
}
1002
{
1070
     5
1000
1959228
1002
}
  0
LINE
  5
2A6
330
281
100
AcDbEntity
  8
P-SANR-FIXT
100
AcDbLine
 10
39630.11304037393
 20
29275.93965069071
 30
0.0
 11
39645.61304037392
 21
29275.93965069071
 31
0.0
1001
REVIT
1002
{
1070
     1
1000
1960352
1002
}
1002
{
1070
     5
1000
1959228
1002
}
  0
LINE
  5
2A7
330
281
100
AcDbEntity
  8
P-SANR-FIXT
100
AcDbLine
 10
39645.61304037392
 20
29294.98965069071
 30
0.0
 11
39630.11304037393
 21
29294.98965069071
 31
0.0
1001
REVIT
1002
{
1070
     1
1000
1960352
1002
}
1002
{
1070
     5
1000
1959228
1002
}
  0
LINE
  5
2A8
330
281
100
AcDbEntity
  8
P-SANR-FIXT
100
AcDbLine
 10
39661.11304037392
 20
29294.98965069071
 30
0.0
 11
39645.61304037392
 21
29294.98965069071
 31
0.0
1001
REVIT
1002
{
1070
     1
1000
1960352
1002
}
1002
{
1070
     5
1000
1959228
1002
}
  0
LINE
  5
2A9
330
281
100
AcDbEntity
  8
P-SANR-FIXT
100
AcDbLine
 10
39660.90832769692
 20
29275.93965069071
 30
0.0
 11
39660.90832769692
 21
29263.23966280238
 31
0.0
1001
REVIT
1002
{
1070
     1
1000
1960352
1002
}
1002
{
1070
     5
1000
1959228
1002
}
  0
LINE
  5
2AA
330
281
100
AcDbEntity
  8
P-SANR-FIXT
100
AcDbLine
 10
39656.42836859047
 20
29275.93965069071
 30
0.0
 11
39656.42836859047
 21
29263.23966280238
 31
0.0
1001
REVIT
1002
{
1070
     1
1000
1960352
1002
}
1002
{
1070
     5
1000
1959228
1002
}
  0
LINE
  5
2AB
330
281
100
AcDbEntity
  8
P-SANR-FIXT
100
AcDbLine
 10
39645.61304037392
 20
29275.93965069071
 30
0.0
 11
39645.61304037392
 21
29263.23966280238
 31
0.0
1001
REVIT
1002
{
1070
     1
1000
1960352
1002
}
1002
{
1070
     5
1000
1959228
1002
}
  0
LINE
  5
2AC
330
281
100
AcDbEntity
  8
P-SANR-FIXT
100
AcDbLine
 10
39634.79742147743
 20
29275.93965069071
 30
0.0
 11
39634.79742147743
 21
29263.23966280238
 31
0.0
1001
REVIT
1002
{
1070
     1
1000
1960352
1002
}
1002
{
1070
     5
1000
1959228
1002
}
  0
LINE
  5
2AD
330
281
100
AcDbEntity
  8
P-SANR-FIXT
100
AcDbLine
 10
39630.31746237099
 20
29275.93965069071
 30
0.0
 11
39630.31746237099
 21
29263.23966280238
 31
0.0
1001
REVIT
1002
{
1070
     1
1000
1960352
1002
}
1002
{
1070
     5
1000
1959228
1002
}
  0
LINE
  5
2AE
330
281
100
AcDbEntity
  8
P-SANR-FIXT
100
AcDbLine
 10
39645.61304037392
 20
29263.23966280238
 30
0.0
 11
39625.61304037392
 21
29263.23966280238
 31
0.0
1001
REVIT
1002
{
1070
     1
1000
1960352
1002
}
1002
{
1070
     5
1000
1959228
1002
}
  0
LINE
  5
2AF
330
281
100
AcDbEntity
  8
P-SANR-FIXT
100
AcDbLine
 10
39665.61304037393
 20
29263.23966280238
 30
0.0
 11
39645.61304037392
 21
29263.23966280238
 31
0.0
1001
REVIT
1002
{
1070
     1
1000
1960352
1002
}
1002
{
1070
     5
1000
1959228
1002
}
  0
LWPOLYLINE
  5
2B0
330
281
100
AcDbEntity
  8
P-SANR-FIXT
100
AcDbPolyline
 90
        4
 70
   128
 43
0.0
 10
39679.03047735512
 20
29213.8716369273
 10
39658.23187839556
 20
29204.52448250076
 10
39637.11427204179
 20
29203.70455919525
 10
39615.67765829384
 20
29211.41186701076
1001
REVIT
1002
{
1070
     1
1000
1960352
1002
}
1002
{
1070
     5
1000
1959228
1002
}
  0
LWPOLYLINE
  5
2B1
330
281
100
AcDbEntity
  8
P-SANR-FIXT
100
AcDbPolyline
 90
        3
 70
   128
 43
0.0
 10
39615.67765829384
 20
29235.48641496914
 10
39620.15221768023
 20
29237.7869165071
 10
39624.61304037393
 20
29239.72022920961
1001
REVIT
1002
{
1070
     1
1000
1960352
1002
}
1002
{
1070
     5
1000
1959228
1002
}
  0
LWPOLYLINE
  5
2B2
330
281
100
AcDbEntity
  8
P-SANR-FIXT
100
AcDbPolyline
 90
        3
 70
   128
 43
0.0
 10
39666.61304037393
 20
29239.64864079183
 10
39672.83606039827
 20
29236.71993024808
 10
39679.03047735512
 20
29233.0266450526
1001
REVIT
1002
{
1070
     1
1000
1960352
1002
}
1002
{
1070
     5
1000
1959228
1002
}
  0
LWPOLYLINE
  5
2B3
330
281
100
AcDbEntity
  8
P-SANR-FIXT
100
AcDbPolyline
 90
        3
 70
   128
 43
0.0
 10
39679.03047735512
 20
29233.0266450526
 10
39672.83606039827
 20
29236.71993024808
 10
39666.61304037393
 20
29239.64864079183
1001
REVIT
1002
{
1070
     1
1000
1960352
1002
}
1002
{
1070
     5
1000
1959228
1002
}
  0
LWPOLYLINE
  5
2B4
330
281
100
AcDbEntity
  8
P-SANR-FIXT
100
AcDbPolyline
 90
        3
 70
   128
 43
0.0
 10
39624.61304037393
 20
29239.72022920961
 10
39620.15221768023
 20
29237.7869165071
 10
39615.67765829384
 20
29235.48641496914
1001
REVIT
1002
{
1070
     1
1000
1960352
1002
}
1002
{
1070
     5
1000
1959228
1002
}
  0
LWPOLYLINE
  5
2B5
330
281
100
AcDbEntity
  8
P-SANR-FIXT
100
AcDbPolyline
 90
        4
 70
   128
 43
0.0
 10
39615.67765829384
 20
29211.41186701076
 10
39637.11427204179
 20
29203.70455919525
 10
39658.23187839556
 20
29204.52448250076
 10
39679.03047735512
 20
29213.8716369273
1001
REVIT
1002
{
1070
     1
1000
1960352
1002
}
1002
{
1070
     5
1000
1959228
1002
}
  0
LWPOLYLINE
  5
2B6
330
281
100
AcDbEntity
  8
P-SANR-FIXT
100
AcDbPolyline
 90
       37
 70
   128
 43
0.0
 10
39679.03047735512
 20
29215.29323766165
 10
39680.15018156761
 20
29215.01723069016
 10
39681.25795280114
 20
29214.69666826886
 10
39682.35201885805
 20
29214.33206322925
 10
39683.43062946602
 20
29213.92399886161
 10
39684.49205907819
 20
29213.47312798188
 10
39685.53460963359
 20
29212.98017188729
 10
39686.55661327375
 20
29212.44591920242
 10
39687.55643501084
 20
29211.87122461762
 10
39688.53247534339
 20
29211.25700752161
 10
39689.48317281506
 20
29210.60425053073
 10
39690.4070065127
 20
29209.91399791691
 10
39691.30249849947
 20
29209.1873539371
 10
39692.16821617921
 20
29208.42548106664
 10
39693.00277458834
 20
29207.62959813961
 10
39693.80483861141
 20
29206.80097839891
 10
39694.57312511709
 20
29205.94094745937
 10
39695.30640501085
 20
29205.05088118701
 10
39696.00350520129
 20
29204.13220349802
 10
39696.66331047683
 20
29203.18638408071
 10
39697.28476528976
 20
29202.21493604439
 10
39697.86687544496
 20
29201.2194134987
 10
39698.40870969035
 20
29200.20140906732
 10
39698.90940120672
 20
29199.16255134019
 10
39699.36814899447
 20
29198.10450226808
 10
39699.78421915499
 20
29197.02895450377
 10
39700.15694606477
 20
29195.93762869426
 10
39700.48573344027
 20
29194.83227072804
 10
39700.77005529184
 20
29193.71464894206
 10
39701.00945676516
 20
29192.58655129276
 10
39701.20355486895
 20
29191.44978249574
 10
39701.35203908763
 20
29190.30616113857
 10
39701.45467187815
 20
29189.15751677146
 10
39701.51128904992
 20
29188.00568698037
 10
39701.52180002754
 20
29186.85251444726
 10
39701.48618799571
 20
29185.69984400218
 10
39701.46821244608
 20
29185.38154595522
1001
REVIT
1002
{
1070
     1
1000
1960352
1002
}
1002
{
1070
     5
1000
1959228
1002
}
  0
LWPOLYLINE
  5
2B7
330
281
100
AcDbEntity
  8
P-SANR-FIXT
100
AcDbPolyline
 90
       39
 70
   128
 43
0.0
 10
39717.43752712704
 20
29184.39109725856
 10
39717.51271569985
 20
29186.18269799269
 10
39717.51619920933
 20
29187.9758723783
 10
39717.44797208262
 20
29189.76775171888
 10
39717.30814346856
 20
29191.55546938974
 10
39717.0969370631
 20
29193.33616542397
 10
39716.81469075145
 20
29195.10699108777
 10
39716.46185606748
 20
29196.86511343784
 10
39716.03899747143
 20
29198.60771985346
 10
39715.54679144685
 20
29200.33202253611
 10
39714.98602541836
 20
29202.03526296932
 10
39714.357596492
 20
29203.71471633174
 10
39713.66251002
 20
29205.36769585625
 10
39712.90187799243
 20
29206.99155712824
 10
39712.07691725827
 20
29208.58370231606
 10
39711.18894757871
 20
29210.14158432706
 10
39710.23938951583
 20
29211.66271088237
 10
39709.22976215995
 20
29213.14464850396
 10
39708.16168069948
 20
29214.58502640778
 10
39707.03685383691
 20
29215.98154029645
 10
39705.85708105526
 20
29217.33195604566
 10
39704.62424973932
 20
29218.63411327827
 10
39703.34033215619
 20
29219.88592882049
 10
39702.00738230012
 20
29221.08540003451
 10
39700.62753260655
 20
29222.23060802224
 10
39699.20299054062
 20
29223.31972069519
 10
39697.73603506574
 20
29224.35099570545
 10
39696.22901299776
 20
29225.32278323297
 10
39694.6843352505
 20
29226.23352862502
 10
39693.10447297884
 20
29227.08177488325
 10
39691.49195362539
 20
29227.8661649946
 10
39689.84935687714
 20
29228.58544410222
 10
39688.17931053847
 20
29229.23846151296
 10
39686.48448632729
 20
29229.82417253829
 10
39684.76759560077
 20
29230.3416401655
 10
39683.03138501783
 20
29230.79003655678
 10
39681.27863214503
 20
29231.16864437355
 10
39679.51214101307
 20
29231.47685792407
 10
39679.03047735512
 20
29231.54832869887
1001
REVIT
1002
{
1070
     1
1000
1960352
1002
}
1002
{
1070
     5
1000
1959228
1002
}
  0
LINE
  5
2B8
330
281
100
AcDbEntity
  8
P-SANR-FIXT
100
AcDbLine
 10
39666.61304037393
 20
29239.64864079183
 30
0.0
 11
39666.61304037393
 21
29261.65215069073
 31
0.0
1001
REVIT
1002
{
1070
     1
1000
1960352
1002
}
1002
{
1070
     5
1000
1959228
1002
}
  0
LINE
  5
2B9
330
281
100
AcDbEntity
  8
P-SANR-FIXT
100
AcDbLine
 10
39624.61304037393
 20
29261.65215069073
 30
0.0
 11
39624.61304037393
 21
29239.72022920961
 31
0.0
1001
REVIT
1002
{
1070
     1
1000
1960352
1002
}
1002
{
1070
     5
1000
1959228
1002
}
  0
LINE
  5
2BA
330
281
100
AcDbEntity
  8
P-SANR-FIXT
100
AcDbLine
 10
39615.66512072165
 20
29235.45121826903
 30
0.0
 11
39605.84540960611
 21
29238.94914098995
 31
0.0
1001
REVIT
1002
{
1070
     1
1000
1960352
1002
}
1002
{
1070
     5
1000
1959228
1002
}
  0
LINE
  5
2BB
330
281
100
AcDbEntity
  8
P-SANR-FIXT
100
AcDbLine
 10
39605.84540960611
 20
29207.94914098995
 30
0.0
 11
39615.66512072165
 21
29211.44706371087
 31
0.0
1001
REVIT
1002
{
1070
     1
1000
1960352
1002
}
1002
{
1070
     5
1000
1959228
1002
}
  0
LINE
  5
2BC
330
281
100
AcDbEntity
  8
P-SANR-FIXT
100
AcDbLine
 10
39679.03047735512
 20
29231.74350281304
 30
0.0
 11
39679.03047735512
 21
29233.02664505259
 31
0.0
1001
REVIT
1002
{
1070
     1
1000
1960352
1002
}
1002
{
1070
     5
1000
1959228
1002
}
  0
LINE
  5
2BD
330
281
100
AcDbEntity
  8
P-SANR-FIXT
100
AcDbLine
 10
39679.03047735512
 20
29213.87163692728
 30
0.0
 11
39679.03047735512
 21
29230.22145905948
 31
0.0
1001
REVIT
1002
{
1070
     1
1000
1960352
1002
}
1002
{
1070
     5
1000
1959228
1002
}
  0
SPLINE
  5
2BE
330
281
100
AcDbEntity
  8
P-SANR-FIXT
100
AcDbSpline
210
0.0
220
0.0
230
1.0
 70
     8
 71
     3
 72
    10
 73
     6
 74
     0
 42
0.000000001
 43
0.0000000001
 40
-1.0
 40
-1.0
 40
-1.0
 40
-1.0
 40
-0.6666666666666666
 40
-0.3333333333333333
 40
0.0
 40
0.0
 40
0.0
 40
0.0
 10
39666.61304037393
 20
29239.64864079182
 30
0.0
 10
39666.61304037393
 20
29239.63912749791
 30
0.0
 10
39666.33010284975
 20
29239.40351895019
 30
0.0
 10
39665.12600464199
 20
29238.32244423226
 30
0.0
 10
39663.91098155522
 20
29237.27245185602
 30
0.0
 10
39663.22463417699
 20
29236.65215069071
 30
0.0
1001
REVIT
1002
{
1070
     1
1000
1960352
1002
}
1002
{
1070
     5
1000
1959228
1002
}
  0
SPLINE
  5
2BF
330
281
100
AcDbEntity
  8
P-SANR-FIXT
100
AcDbSpline
210
0.0
220
0.0
230
1.0
 70
     8
 71
     3
 72
    10
 73
     6
 74
     0
 42
0.000000001
 43
0.0000000001
 40
-1.0
 40
-1.0
 40
-1.0
 40
-1.0
 40
-0.6666666666666666
 40
-0.3333333333333333
 40
0.0
 40
0.0
 40
0.0
 40
0.0
 10
39628.04393100059
 20
29236.65215069071
 30
0.0
 10
39627.35072668921
 20
29237.28615106081
 30
0.0
 10
39626.12166961307
 20
29238.35975845981
 30
0.0
 10
39624.90042805498
 20
29239.46867777051
 30
0.0
 10
39624.61304037392
 20
29239.71025298094
 30
0.0
 10
39624.61304037392
 20
29239.7202292096
 30
0.0
1001
REVIT
1002
{
1070
     1
1000
1960352
1002
}
1002
{
1070
     5
1000
1959228
1002
}
  0
LWPOLYLINE
  5
2C0
330
281
100
AcDbEntity
  8
P-SANR-FIXT
100
AcDbPolyline
 90
        6
 70
   128
 43
0.0
 10
39615.63411653615
 20
29235.05342264791
 10
39615.63411653615
 20
29233.85326459833
 10
39615.63411653615
 20
29231.94360171758
 10
39615.63411653615
 20
29229.45467081725
 10
39615.63411653615
 20
29226.55620110319
 10
39615.66083441284
 20
29223.44914098994
1001
REVIT
1002
{
1070
     1
1000
1960352
1002
}
1002
{
1070
     5
1000
1959228
1002
}
  0
LWPOLYLINE
  5
2C1
330
281
100
AcDbEntity
  8
P-SANR-FIXT
100
AcDbPolyline
 90
        7
 70
   128
 43
0.0
 10
39615.66083441284
 20
29223.44914098994
 10
39615.63411653615
 20
29220.34208087668
 10
39615.63411653615
 20
29217.44361116263
 10
39615.63411653615
 20
29214.9546802623
 10
39615.63411653615
 20
29213.04501738154
 10
39615.63411653615
 20
29211.84485933197
 10
39615.67095226285
 20
29211.41558462701
1001
REVIT
1002
{
1070
     1
1000
1960352
1002
}
1002
{
1070
     5
1000
1959228
1002
}
  0
LINE
  5
2C2
330
281
100
AcDbEntity
  8
P-SANR-FIXT
100
AcDbLine
 10
39701.74028304733
 20
29185.36467159475
 30
0.0
 11
39717.43752712704
 21
29184.39109725856
 31
0.0
1001
REVIT
1002
{
1070
     1
1000
1960352
1002
}
1002
{
1070
     5
1000
1959228
1002
}
  0
LINE
  5
2C3
330
281
100
AcDbEntity
  8
P-SANR-FIXT
100
AcDbLine
 10
39716.36778588394
 20
29184.45744474066
 30
0.0
 11
39717.43752712704
 21
29184.39109725856
 31
0.0
1001
REVIT
1002
{
1070
     1
1000
1960352
1002
}
1002
{
1070
     5
1000
1959228
1002
}
  0
LINE
  5
2C4
330
281
100
AcDbEntity
  8
P-SANR-FIXT
100
AcDbLine
 10
39645.61304037392
 20
29236.65215069071
 30
0.0
 11
39663.22463417699
 21
29236.65215069071
 31
0.0
1001
REVIT
1002
{
1070
     1
1000
1960352
1002
}
1002
{
1070
     5
1000
1959228
1002
}
  0
LINE
  5
2C5
330
281
100
AcDbEntity
  8
P-SANR-FIXT
100
AcDbLine
 10
39628.04393100059
 20
29236.65215069071
 30
0.0
 11
39645.61304037392
 21
29236.65215069071
 31
0.0
1001
REVIT
1002
{
1070
     1
1000
1960352
1002
}
1002
{
1070
     5
1000
1959228
1002
}
  0
LINE
  5
2C6
330
281
100
AcDbEntity
  8
P-SANR-FIXT
100
AcDbLine
 10
39645.61304037392
 20
29261.65215069071
 30
0.0
 11
39624.61304037392
 21
29261.65215069071
 31
0.0
1001
REVIT
1002
{
1070
     1
1000
1960352
1002
}
1002
{
1070
     5
1000
1959228
1002
}
  0
LINE
  5
2C7
330
281
100
AcDbEntity
  8
P-SANR-FIXT
100
AcDbLine
 10
39666.61304037393
 20
29261.65215069071
 30
0.0
 11
39645.61304037392
 21
29261.65215069071
 31
0.0
1001
REVIT
1002
{
1070
     1
1000
1960352
1002
}
1002
{
1070
     5
1000
1959228
1002
}
  0
ENDBLK
  5
2C9
330
281
100
AcDbEntity
  8
0
100
AcDbBlockEnd
  0
BLOCK
  5
3C7
330
2CB
100
AcDbEntity
  8
0
100
AcDbBlockBegin
  2
Shower_Twin_Phoenix_NXQuil_FaceBased - Chrome _606-6500-00_-1739590-SECTION E-E
 70
     0
 10
0.0
 20
0.0
 30
0.0
  3
Shower_Twin_Phoenix_NXQuil_FaceBased - Chrome _606-6500-00_-1739590-SECTION E-E
  1

  0
LINE
  5
2CC
330
2CB
100
AcDbEntity
  8
P-SANR-FIXT
100
AcDbLine
 10
39675.32558485509
 20
30192.0796995525
 30
0.0
 11
39678.69806361605
 21
30198.10910985433
 31
0.0
1001
REVIT
1002
{
1070
     1
1000
1961636
1002
}
1002
{
1070
     5
1000
1739590
1002
}
1002
{
1070
     3
1000
1035229
1002
}
  0
LINE
  5
2CD
330
2CB
100
AcDbEntity
  8
P-SANR-FIXT
100
AcDbLine
 10
39666.91680966423
 20
30203.60279879473
 30
0.0
 11
39663.54358362362
 21
30197.57373695513
 31
0.0
1001
REVIT
1002
{
1070
     1
1000
1961636
1002
}
1002
{
1070
     5
1000
1739590
1002
}
1002
{
1070
     3
1000
1035229
1002
}
  0
LINE
  5
2CE
330
2CB
100
AcDbEntity
  8
P-SANR-FIXT
100
AcDbLine
 10
39678.69806361605
 20
30198.10910985433
 30
0.0
 11
39676.8921954455
 21
30194.88052906169
 31
0.0
1001
REVIT
1002
{
1070
     1
1000
1961636
1002
}
1002
{
1070
     5
1000
1739590
1002
}
1002
{
1070
     3
1000
1035229
1002
}
  0
LINE
  5
2CF
330
2CB
100
AcDbEntity
  8
P-SANR-FIXT
100
AcDbLine
 10
39676.40814222623
 20
30194.01512540051
 30
0.0
 11
39675.32558485509
 21
30192.0796995525
 31
0.0
1001
REVIT
1002
{
1070
     1
1000
1961636
1002
}
1002
{
1070
     5
1000
1739590
1002
}
1002
{
1070
     3
1000
1035229
1002
}
  0
LINE
  5
2D0
330
2CB
100
AcDbEntity
  8
P-SANR-FIXT
100
AcDbLine
 10
39678.69806361605
 20
30198.10910985432
 30
0.0
 11
39677.79175582902
 21
30198.53172811607
 31
0.0
1001
REVIT
1002
{
1070
     1
1000
1961636
1002
}
1002
{
1070
     5
1000
1739590
1002
}
1002
{
1070
     3
1000
1035229
1002
}
  0
LINE
  5
2D1
330
2CB
100
AcDbEntity
  8
P-SANR-FIXT
100
AcDbLine
 10
39674.41927706805
 20
30192.50231781422
 30
0.0
 11
39675.32558485509
 21
30192.07969955249
 31
0.0
1001
REVIT
1002
{
1070
     1
1000
1961636
1002
}
1002
{
1070
     5
1000
1739590
1002
}
1002
{
1070
     3
1000
1035229
1002
}
  0
LINE
  5
2D2
330
2CB
100
AcDbEntity
  8
P-SANR-FIXT
100
AcDbLine
 10
39670.46506573796
 20
30201.94821981444
 30
0.0
 11
39677.791755829
 21
30198.53172811606
 31
0.0
1001
REVIT
1002
{
1070
     1
1000
1961636
1002
}
1002
{
1070
     5
1000
1739590
1002
}
1002
{
1070
     3
1000
1035229
1002
}
  0
LINE
  5
2D3
330
2CB
100
AcDbEntity
  8
P-SANR-FIXT
100
AcDbLine
 10
39674.41927706804
 20
30192.50231781423
 30
0.0
 11
39664.44989141064
 21
30197.15111869337
 31
0.0
1001
REVIT
1002
{
1070
     1
1000
1961636
1002
}
1002
{
1070
     5
1000
1739590
1002
}
1002
{
1070
     3
1000
1035229
1002
}
  0
LINE
  5
2D4
330
2CB
100
AcDbEntity
  8
P-SANR-FIXT
100
AcDbLine
 10
39663.5435836236
 20
30197.57373695512
 30
0.0
 11
39664.44989141064
 21
30197.15111869337
 31
0.0
1001
REVIT
1002
{
1070
     1
1000
1961636
1002
}
1002
{
1070
     5
1000
1739590
1002
}
1002
{
1070
     3
1000
1035229
1002
}
  0
LINE
  5
2D5
330
2CB
100
AcDbEntity
  8
P-SANR-FIXT
100
AcDbLine
 10
39663.54358362362
 20
30197.57373695511
 30
0.0
 11
39664.44989141064
 21
30197.15111869337
 31
0.0
1001
REVIT
1002
{
1070
     1
1000
1961636
1002
}
1002
{
1070
     5
1000
1739590
1002
}
1002
{
1070
     3
1000
1035229
1002
}
  0
LINE
  5
2D6
330
2CB
100
AcDbEntity
  8
P-SANR-FIXT
100
AcDbLine
 10
39678.69806361605
 20
30198.10910985432
 30
0.0
 11
39678.57664139624
 21
30198.16572996529
 31
0.0
1001
REVIT
1002
{
1070
     1
1000
1961636
1002
}
1002
{
1070
     5
1000
1739590
1002
}
1002
{
1070
     3
1000
1035229
1002
}
  0
LINE
  5
2D7
330
2CB
100
AcDbEntity
  8
P-SANR-FIXT
100
AcDbLine
 10
39674.41927706805
 20
30192.50231781422
 30
0.0
 11
39675.32558485509
 21
30192.07969955249
 31
0.0
1001
REVIT
1002
{
1070
     1
1000
1961636
1002
}
1002
{
1070
     5
1000
1739590
1002
}
1002
{
1070
     3
1000
1035229
1002
}
  0
LINE
  5
2D8
330
2CB
100
AcDbEntity
  8
P-SANR-FIXT
100
AcDbLine
 10
39663.51202407516
 20
30197.50505004032
 30
0.0
 11
39655.44550649909
 21
30178.45941360015
 31
0.0
1001
REVIT
1002
{
1070
     1
1000
1961636
1002
}
1002
{
1070
     5
1000
1739590
1002
}
1002
{
1070
     3
1000
1035229
1002
}
  0
LINE
  5
2D9
330
2CB
100
AcDbEntity
  8
P-SANR-FIXT
100
AcDbLine
 10
39637.73018429918
 20
30090.00000000001
 30
0.0
 11
39637.50767046726
 21
30087.76895466468
 31
0.0
1001
REVIT
1002
{
1070
     1
1000
1961636
1002
}
1002
{
1070
     5
1000
1739590
1002
}
1002
{
1070
     3
1000
1035229
1002
}
  0
LINE
  5
2DA
330
2CB
100
AcDbEntity
  8
P-SANR-FIXT
100
AcDbLine
 10
39637.43580571684
 20
30087.77095621076
 30
0.0
 11
39637.66838138332
 21
30090.00000000001
 31
0.0
1001
REVIT
1002
{
1070
     1
1000
1961636
1002
}
1002
{
1070
     5
1000
1739590
1002
}
1002
{
1070
     3
1000
1035229
1002
}
  0
LINE
  5
2DB
330
2CB
100
AcDbEntity
  8
P-SANR-FIXT
100
AcDbLine
 10
39655.4455064991
 20
30178.51244193117
 30
0.0
 11
39663.51202407516
 21
30197.50505004032
 31
0.0
1001
REVIT
1002
{
1070
     1
1000
1961636
1002
}
1002
{
1070
     5
1000
1739590
1002
}
1002
{
1070
     3
1000
1035229
1002
}
  0
LINE
  5
2DC
330
2CB
100
AcDbEntity
  8
P-SANR-FIXT
100
AcDbLine
 10
39663.51202407516
 20
30197.50505004032
 30
0.0
 11
39655.44550649909
 21
30178.51234222472
 31
0.0
1001
REVIT
1002
{
1070
     1
1000
1961636
1002
}
1002
{
1070
     5
1000
1739590
1002
}
1002
{
1070
     3
1000
1035229
1002
}
  0
LINE
  5
2DD
330
2CB
100
AcDbEntity
  8
P-SANR-FIXT
100
AcDbLine
 10
39637.66838540673
 20
30090.00000000001
 30
0.0
 11
39637.09034164148
 21
30084.46002792996
 31
0.0
1001
REVIT
1002
{
1070
     1
1000
1961636
1002
}
1002
{
1070
     5
1000
1739590
1002
}
1002
{
1070
     3
1000
1035229
1002
}
  0
LWPOLYLINE
  5
2DE
330
2CB
100
AcDbEntity
  8
P-SANR-FIXT
100
AcDbPolyline
 90
        5
 70
   128
 43
0.0
 10
39661.81549730384
 20
30084.46002743202
 10
39662.20273644518
 20
30115.13614649727
 10
39665.37372422654
 20
30145.84693829791
 10
39670.18451464534
 20
30172.78801794509
 10
39675.35515538619
 20
30192.14405752495
1001
REVIT
1002
{
1070
     1
1000
1961636
1002
}
1002
{
1070
     5
1000
1739590
1002
}
1002
{
1070
     3
1000
1035229
1002
}
  0
LWPOLYLINE
  5
2DF
330
2CB
100
AcDbEntity
  8
P-SANR-FIXT
100
AcDbPolyline
 90
        5
 70
   128
 43
0.0
 10
39675.35515538619
 20
30192.14405752495
 10
39670.18456702573
 20
30172.78800642773
 10
39665.37358351225
 20
30145.84695831691
 10
39662.20279805001
 20
30115.13614264517
 10
39661.81549037015
 20
30084.46002743199
1001
REVIT
1002
{
1070
     1
1000
1961636
1002
}
1002
{
1070
     5
1000
1739590
1002
}
1002
{
1070
     3
1000
1035229
1002
}
  0
LWPOLYLINE
  5
2E0
330
2CB
100
AcDbEntity
  8
P-SANR-FIXT
100
AcDbPolyline
 90
        5
 70
   128
 43
0.0
 10
39661.90043047105
 20
30083.52772347592
 10
39662.12435998614
 20
30113.84399409942
 10
39665.25915306766
 20
30145.03620496534
 10
39670.11261080078
 20
30172.45998744586
 10
39675.35515538619
 20
30192.14405752495
1001
REVIT
1002
{
1070
     1
1000
1961636
1002
}
1002
{
1070
     5
1000
1739590
1002
}
1002
{
1070
     3
1000
1035229
1002
}
  0
LWPOLYLINE
  5
2E1
330
2CB
100
AcDbEntity
  8
P-SANR-FIXT
100
AcDbPolyline
 90
        5
 70
   128
 43
0.0
 10
39675.35515538619
 20
30192.14405752495
 10
39670.11258793333
 20
30172.4599924484
 10
39665.25921064808
 20
30145.03619689697
 10
39662.12433534934
 20
30113.84399554902
 10
39661.90043123652
 20
30083.52772347592
1001
REVIT
1002
{
1070
     1
1000
1961636
1002
}
1002
{
1070
     5
1000
1739590
1002
}
1002
{
1070
     3
1000
1035229
1002
}
  0
LINE
  5
2E2
330
2CB
100
AcDbEntity
  8
P-SANR-FIXT
100
AcDbLine
 10
39637.50767276749
 20
30087.76895461278
 30
0.0
 11
39637.73018826757
 21
30090.00000000001
 31
0.0
1001
REVIT
1002
{
1070
     1
1000
1961636
1002
}
1002
{
1070
     5
1000
1739590
1002
}
1002
{
1070
     3
1000
1035229
1002
}
  0
LINE
  5
2E3
330
2CB
100
AcDbEntity
  8
P-SANR-FIXT
100
AcDbLine
 10
39655.44550649909
 20
30178.45936640109
 30
0.0
 11
39663.51202407516
 21
30197.50505004032
 31
0.0
1001
REVIT
1002
{
1070
     1
1000
1961636
1002
}
1002
{
1070
     5
1000
1739590
1002
}
1002
{
1070
     3
1000
1035229
1002
}
  0
LINE
  5
2E4
330
2CB
100
AcDbEntity
  8
P-SANR-FIXT
100
AcDbLine
 10
39636.97077867815
 20
30081.6816173597
 30
0.0
 11
39643.4455064991
 21
30081.6816173597
 31
0.0
1001
REVIT
1002
{
1070
     1
1000
1961636
1002
}
1002
{
1070
     5
1000
1739590
1002
}
1002
{
1070
     3
1000
1035229
1002
}
  0
LINE
  5
2E5
330
2CB
100
AcDbEntity
  8
P-SANR-FIXT
100
AcDbLine
 10
39655.44550649909
 20
30081.6816173597
 30
0.0
 11
39661.96173400727
 21
30081.6816173597
 31
0.0
1001
REVIT
1002
{
1070
     1
1000
1961636
1002
}
1002
{
1070
     5
1000
1739590
1002
}
1002
{
1070
     3
1000
1035229
1002
}
  0
LINE
  5
2E6
330
2CB
100
AcDbEntity
  8
P-SANR-FIXT
100
AcDbLine
 10
39636.97587844014
 20
30081.81657062206
 30
0.0
 11
39636.97077867814
 21
30081.68161735961
 31
0.0
1001
REVIT
1002
{
1070
     1
1000
1961636
1002
}
1002
{
1070
     5
1000
1739590
1002
}
1002
{
1070
     3
1000
1035229
1002
}
  0
LWPOLYLINE
  5
2E7
330
2CB
100
AcDbEntity
  8
P-SANR-FIXT
100
AcDbPolyline
 90
        6
 70
   128
 43
0.0
 10
39636.97077867815
 20
30081.68161735969
 10
39636.97540834436
 20
30081.80421126282
 10
39636.98944109527
 20
30082.16646395916
 10
39637.01317128482
 20
30082.75056419751
 10
39637.04684299038
 20
30083.52781110347
 10
39637.09034756331
 20
30084.46002792998
1001
REVIT
1002
{
1070
     1
1000
1961636
1002
}
1002
{
1070
     5
1000
1739590
1002
}
1002
{
1070
     3
1000
1035229
1002
}
  0
LWPOLYLINE
  5
2E8
330
2CB
100
AcDbEntity
  8
P-SANR-FIXT
100
AcDbPolyline
 90
        7
 70
   128
 43
0.0
 10
39663.51202407515
 20
30197.50505004031
 10
39663.54384031383
 20
30197.49064788492
 10
39663.63495181492
 20
30197.44940473203
 10
39663.77885275596
 20
30197.38426555155
 10
39663.96758546939
 20
30197.29883251551
 10
39664.18738490714
 20
30197.19933660436
 10
39664.42303417599
 20
30197.09266600067
1001
REVIT
1002
{
1070
     1
1000
1961636
1002
}
1002
{
1070
     5
1000
1739590
1002
}
1002
{
1070
     3
1000
1035229
1002
}
  0
SPLINE
  5
2E9
330
2CB
100
AcDbEntity
  8
P-SANR-FIXT
100
AcDbSpline
210
0.0
220
0.0
230
1.0
 70
     8
 71
     3
 72
    17
 73
    13
 74
     0
 42
0.000000001
 43
0.0000000001
 40
-1.0
 40
-1.0
 40
-1.0
 40
-1.0
 40
-0.8333333333333333
 40
-0.75
 40
-0.6666666666666666
 40
-0.5833333333333333
 40
-0.5
 40
-0.4166666666666666
 40
-0.3333333333333333
 40
-0.25
 40
-0.1666666666666667
 40
0.0
 40
0.0
 40
0.0
 40
0.0
 10
39637.09034164146
 20
30084.46002792995
 30
0.0
 10
39637.10080640958
 20
30084.57489868977
 30
0.0
 10
39637.11841848408
 20
30084.75031512431
 30
0.0
 10
39637.14605691701
 20
30084.98930713721
 30
0.0
 10
39637.1682119305
 20
30085.1709147057
 30
0.0
 10
39637.19439971155
 20
30085.35427310124
 30
0.0
 10
39637.2240966171
 20
30085.53916544266
 30
0.0
 10
39637.25370696483
 20
30085.7257902827
 30
0.0
 10
39637.27963507237
 20
30085.91436138204
 30
0.0
 10
39637.3013572967
 20
30086.10468557957
 30
0.0
 10
39637.32818785653
 20
30086.35995588488
 30
0.0
 10
39637.34493435269
 20
30086.552814478
 30
0.0
 10
39637.35470665815
 20
30086.68161735969
 30
0.0
1001
REVIT
1002
{
1070
     1
1000
1961636
1002
}
1002
{
1070
     5
1000
1739590
1002
}
1002
{
1070
     3
1000
1035229
1002
}
  0
ARC
  5
2EA
330
2CB
100
AcDbEntity
  8
P-SANR-FIXT
100
AcDbCircle
 10
39907.27785692088
 20
30071.305503283
 30
0.0
 40
270.3607440658787
100
AcDbArc
 50
176.5084238737139
 51
176.7396817858975
1001
REVIT
1002
{
1070
     1
1000
1961636
1002
}
1002
{
1070
     5
1000
1739590
1002
}
1002
{
1070
     3
1000
1035229
1002
}
  0
LWPOLYLINE
  5
2EB
330
2CB
100
AcDbEntity
  8
P-SANR-FIXT
100
AcDbPolyline
 90
        5
 70
   128
 43
0.0
 10
39637.41896640264
 20
30087.77095621075
 10
39637.5778962857
 20
30087.77095621075
 10
39637.78296785504
 20
30087.77095621075
 10
39638.01914625694
 20
30087.77095621075
 10
39638.27258105208
 20
30087.77095621075
1001
REVIT
1002
{
1070
     1
1000
1961636
1002
}
1002
{
1070
     5
1000
1739590
1002
}
1002
{
1070
     3
1000
1035229
1002
}
  0
LINE
  5
2EC
330
2CB
100
AcDbEntity
  8
P-SANR-FIXT
100
AcDbLine
 10
39664.42303417599
 20
30197.09266600067
 30
0.0
 11
39674.44414528532
 21
30192.55644156458
 31
0.0
1001
REVIT
1002
{
1070
     1
1000
1961636
1002
}
1002
{
1070
     5
1000
1739590
1002
}
1002
{
1070
     3
1000
1035229
1002
}
  0
LINE
  5
2ED
330
2CB
100
AcDbEntity
  8
P-SANR-FIXT
100
AcDbLine
 10
39638.26902526419
 20
30087.77095621075
 30
0.0
 11
39643.44535287145
 21
30087.77081579968
 31
0.0
1001
REVIT
1002
{
1070
     1
1000
1961636
1002
}
1002
{
1070
     5
1000
1739590
1002
}
1002
{
1070
     3
1000
1035229
1002
}
  0
LINE
  5
2EE
330
2CB
100
AcDbEntity
  8
P-SANR-FIXT
100
AcDbLine
 10
39655.44566051261
 20
30087.77109575632
 30
0.0
 11
39660.69230090238
 21
30087.77095621075
 31
0.0
1001
REVIT
1002
{
1070
     1
1000
1961636
1002
}
1002
{
1070
     5
1000
1739590
1002
}
1002
{
1070
     3
1000
1035229
1002
}
  0
LWPOLYLINE
  5
2EF
330
2CB
100
AcDbEntity
  8
P-SANR-FIXT
100
AcDbPolyline
 90
        7
 70
   128
 43
0.0
 10
39674.44414528532
 20
30192.55644156458
 10
39674.67979455419
 20
30192.44977096088
 10
39674.89959399193
 20
30192.35027504974
 10
39675.08832670536
 20
30192.26484201369
 10
39675.23222764641
 20
30192.19970283322
 10
39675.3233391475
 20
30192.15845968033
 10
39675.35515538617
 20
30192.14405752494
1001
REVIT
1002
{
1070
     1
1000
1961636
1002
}
1002
{
1070
     5
1000
1739590
1002
}
1002
{
1070
     3
1000
1035229
1002
}
  0
SPLINE
  5
2F0
330
2CB
100
AcDbEntity
  8
P-SANR-FIXT
100
AcDbSpline
210
0.0
220
0.0
230
1.0
 70
    24
 71
     3
 72
    11
 73
     7
 74
     0
 42
0.000000001
 43
0.0000000001
 40
-1.0
 40
-1.0
 40
-1.0
 40
-1.0
 40
-0.75
 40
-0.5
 40
-0.25
 40
0.0
 40
0.0
 40
0.0
 40
0.0
 10
39660.688544359
 20
30087.77095621075
 30
0.0
 10
39660.77559129775
 20
30087.77095621075
 30
0.0
 10
39660.94342706466
 20
30087.77095621075
 30
0.0
 10
39661.18277707414
 20
30087.77095621075
 30
0.0
 10
39661.39061137006
 20
30087.77095621075
 30
0.0
 10
39661.49563915211
 20
30087.77095621075
 30
0.0
 10
39661.54081410095
 20
30087.77095621075
 30
0.0
1001
REVIT
1002
{
1070
     1
1000
1961636
1002
}
1002
{
1070
     5
1000
1739590
1002
}
1002
{
1070
     3
1000
1035229
1002
}
  0
ARC
  5
2F1
330
2CB
100
AcDbEntity
  8
P-SANR-FIXT
100
AcDbCircle
 10
39891.82979446076
 20
30094.96245472974
 30
0.0
 40
230.4012415897727
100
AcDbArc
 50
181.7886598406677
 51
182.0597078167976
1001
REVIT
1002
{
1070
     1
1000
1961636
1002
}
1002
{
1070
     5
1000
1739590
1002
}
1002
{
1070
     3
1000
1035229
1002
}
  0
LWPOLYLINE
  5
2F2
330
2CB
100
AcDbEntity
  8
P-SANR-FIXT
100
AcDbPolyline
 90
        4
 70
   128
 43
0.0
 10
39661.57741150118
 20
30086.68161735969
 10
39661.6395222275
 20
30085.91419430835
 10
39661.74093911767
 20
30085.17060959179
 10
39661.81549730383
 20
30084.46002743201
1001
REVIT
1002
{
1070
     1
1000
1961636
1002
}
1002
{
1070
     5
1000
1739590
1002
}
1002
{
1070
     3
1000
1035229
1002
}
  0
SPLINE
  5
2F3
330
2CB
100
AcDbEntity
  8
P-SANR-FIXT
100
AcDbSpline
210
0.0
220
0.0
230
1.0
 70
     8
 71
     3
 72
    10
 73
     6
 74
     0
 42
0.000000001
 43
0.0000000001
 40
-1.0
 40
-1.0
 40
-1.0
 40
-1.0
 40
-0.7
 40
-0.4
 40
0.0
 40
0.0
 40
0.0
 40
0.0
 10
39661.81549037015
 20
30084.46002743197
 30
0.0
 10
39661.83905068824
 20
30083.96244696103
 30
0.0
 10
39661.8835756221
 20
30083.05073007064
 30
0.0
 10
39661.94420563358
 20
30081.9741766603
 30
0.0
 10
39661.96147927091
 20
30081.68161735969
 30
0.0
 10
39661.96173400725
 20
30081.68161735969
 30
0.0
1001
REVIT
1002
{
1070
     1
1000
1961636
1002
}
1002
{
1070
     5
1000
1739590
1002
}
1002
{
1070
     3
1000
1035229
1002
}
  0
LINE
  5
2F4
330
2CB
100
AcDbEntity
  8
P-SANR-FIXT
100
AcDbLine
 10
39661.96173400725
 20
30081.68161735968
 30
0.0
 11
39661.95374110839
 21
30081.81697328692
 31
0.0
1001
REVIT
1002
{
1070
     1
1000
1961636
1002
}
1002
{
1070
     5
1000
1739590
1002
}
1002
{
1070
     3
1000
1035229
1002
}
  0
LWPOLYLINE
  5
2F5
330
2CB
100
AcDbEntity
  8
P-SANR-FIXT
100
AcDbPolyline
 90
        6
 70
   128
 43
0.0
 10
39675.35515538617
 20
30192.14405752494
 10
39675.3233391475
 20
30192.15845968033
 10
39675.23222764641
 20
30192.19970283322
 10
39675.08832670536
 20
30192.26484201369
 10
39674.89959399193
 20
30192.35027504973
 10
39674.67979455419
 20
30192.44977096088
1001
REVIT
1002
{
1070
     1
1000
1961636
1002
}
1002
{
1070
     5
1000
1739590
1002
}
1002
{
1070
     3
1000
1035229
1002
}
  0
LWPOLYLINE
  5
2F6
330
2CB
100
AcDbEntity
  8
P-SANR-FIXT
100
AcDbPolyline
 90
        7
 70
   128
 43
0.0
 10
39664.42303417599
 20
30197.09266600067
 10
39664.18738490714
 20
30197.19933660436
 10
39663.96758546939
 20
30197.29883251551
 10
39663.77885275596
 20
30197.38426555155
 10
39663.63495181492
 20
30197.44940473203
 10
39663.54384031383
 20
30197.49064788492
 10
39663.51202407515
 20
30197.50505004031
1001
REVIT
1002
{
1070
     1
1000
1961636
1002
}
1002
{
1070
     5
1000
1739590
1002
}
1002
{
1070
     3
1000
1035229
1002
}
  0
LINE
  5
2F7
330
2CB
100
AcDbEntity
  8
P-SANR-FIXT
100
AcDbLine
 10
39640.45745647667
 20
30064.99999999991
 30
0.0
 11
39640.79645739993
 21
30058.53147704599
 31
0.0
1001
REVIT
1002
{
1070
     1
1000
1961636
1002
}
1002
{
1070
     5
1000
1739590
1002
}
1002
{
1070
     3
1000
1035229
1002
}
  0
LINE
  5
2F8
330
2CB
100
AcDbEntity
  8
P-SANR-FIXT
100
AcDbLine
 10
39658.12796325443
 20
30058.53147704599
 30
0.0
 11
39658.46696417768
 21
30064.99999999991
 31
0.0
1001
REVIT
1002
{
1070
     1
1000
1961636
1002
}
1002
{
1070
     5
1000
1739590
1002
}
1002
{
1070
     3
1000
1035229
1002
}
  0
LWPOLYLINE
  5
2F9
330
2CB
100
AcDbEntity
  8
P-SANR-FIXT
100
AcDbPolyline
 90
       40
 70
   128
 43
0.0
 10
39639.63497295945
 20
30080.69392041544
 10
39639.63418439253
 20
30080.73334350429
 10
39639.6318199533
 20
30080.77270352462
 10
39639.62788342437
 20
30080.81193750877
 10
39639.62238110333
 20
30080.85098269076
 10
39639.61532179274
 20
30080.8897766066
 10
39639.60671678597
 20
30080.92825719432
 10
39639.59657984921
 20
30080.96636289319
 10
39639.5849271994
 20
30081.00403274221
 10
39639.57177747827
 20
30081.04120647766
 10
39639.55715172259
 20
30081.07782462949
 10
39639.54107333045
 20
30081.11382861647
 10
39639.52356802383
 20
30081.14916083991
 10
39639.5046638075
 20
30081.18376477578
 10
39639.48439092417
 20
30081.21758506518
 10
39639.46278180615
 20
30081.25056760284
 10
39639.43987102338
 20
30081.28265962375
 10
39639.41569522825
 20
30081.31380978751
 10
39639.39029309686
 20
30081.34396826051
 10
39639.36370526722
 20
30081.37308679564
 10
39639.33597427418
 20
30081.40111880943
 10
39639.30714448139
 20
30081.42801945666
 10
39639.2772620104
 20
30081.45374570201
 10
39639.24637466677
 20
30081.478256389
 10
39639.21453186368
 20
30081.50151230574
 10
39639.1817845428
 20
30081.52347624774
 10
39639.14818509286
 20
30081.54411307737
 10
39639.11378726583
 20
30081.56338978011
 10
39639.07864609089
 20
30081.58127551734
 10
39639.0428177864
 20
30081.59774167569
 10
39639.00635967005
 20
30081.61276191284
 10
39638.969330067
 20
30081.6263121996
 10
39638.93178821675
 20
30081.63837085841
 10
39638.89379417823
 20
30081.64891859797
 10
39638.85540873381
 20
30081.65793854417
 10
39638.81669329201
 20
30081.665416267
 10
39638.77770978927
 20
30081.67133980372
 10
39638.73852059089
 20
30081.67569967792
 10
39638.69918839121
 20
30081.67848891474
 10
39638.68353819137
 20
30081.67915995937
1001
REVIT
1002
{
1070
     1
1000
1961636
1002
}
1002
{
1070
     5
1000
1739590
1002
}
1002
{
1070
     3
1000
1035229
1002
}
  0
LWPOLYLINE
  5
2FA
330
2CB
100
AcDbEntity
  8
P-SANR-FIXT
100
AcDbPolyline
 90
       40
 70
   128
 43
0.0
 10
39660.24088246298
 20
30081.67915995937
 10
39660.2015109102
 20
30081.67699602687
 10
39660.16225738467
 20
30081.67325938309
 10
39660.12318468368
 20
30081.66795600588
 10
39660.0843553152
 20
30081.66109437952
 10
39660.04583139795
 20
30081.65268548112
 10
39660.00767456196
 20
30081.64274276315
 10
39659.96994585006
 20
30081.63128213182
 10
39659.93270562011
 20
30081.61832192171
 10
39659.89601344854
 20
30081.60388286639
 10
39659.85992803501
 20
30081.58798806525
 10
39659.82450710847
 20
30081.57066294661
 10
39659.78980733486
 20
30081.55193522694
 10
39659.75588422641
 20
30081.5318348666
 10
39659.72279205284
 20
30081.51039402189
 10
39659.6905837546
 20
30081.48764699358
 10
39659.65931085807
 20
30081.46363017207
 10
39659.62902339323
 20
30081.43838197914
 10
39659.59976981355
 20
30081.41194280652
 10
39659.57159691852
 20
30081.38435495124
 10
39659.54454977878
 20
30081.35566254799
 10
39659.51867166396
 20
30081.3259114985
 10
39659.49400397353
 20
30081.29514939809
 10
39659.47058617055
 20
30081.26342545955
 10
39659.44845571846
 20
30081.23079043444
 10
39659.42764802133
 20
30081.19729653182
 10
39659.40819636699
 20
30081.1629973348
 10
39659.39013187395
 20
30081.12794771478
 10
39659.37348344155
 20
30081.09220374365
 10
39659.35827770373
 20
30081.05582260417
 10
39659.34453898642
 20
30081.01886249839
 10
39659.33228926864
 20
30080.98138255459
 10
39659.32154814732
 20
30080.94344273269
 10
39659.31233280597
 20
30080.90510372832
 10
39659.30465798717
 20
30080.86642687569
 10
39659.29853596899
 20
30080.82747404952
 10
39659.29397654536
 20
30080.78830756603
 10
39659.29098701038
 20
30080.74899008324
 10
39659.28957214666
 20
30080.70958450072
 10
39659.28944769491
 20
30080.69392041544
1001
REVIT
1002
{
1070
     1
1000
1961636
1002
}
1002
{
1070
     5
1000
1739590
1002
}
1002
{
1070
     3
1000
1035229
1002
}
  0
LINE
  5
2FB
330
2CB
100
AcDbEntity
  8
P-SANR-FIXT
100
AcDbLine
 10
39642.72680939876
 20
30081.67915995936
 30
0.0
 11
39640.1276064385
 21
30081.67915995936
 31
0.0
1001
REVIT
1002
{
1070
     1
1000
1961636
1002
}
1002
{
1070
     5
1000
1739590
1002
}
1002
{
1070
     3
1000
1035229
1002
}
  0
LINE
  5
2FC
330
2CB
100
AcDbEntity
  8
P-SANR-FIXT
100
AcDbLine
 10
39642.72680939876
 20
30081.67915995936
 30
0.0
 11
39640.1276064385
 21
30081.67915995936
 31
0.0
1001
REVIT
1002
{
1070
     1
1000
1961636
1002
}
1002
{
1070
     5
1000
1739590
1002
}
1002
{
1070
     3
1000
1035229
1002
}
  0
LINE
  5
2FD
330
2CB
100
AcDbEntity
  8
P-SANR-FIXT
100
AcDbLine
 10
39658.79681421584
 20
30081.67915995936
 30
0.0
 11
39656.16602569233
 21
30081.67915995936
 31
0.0
1001
REVIT
1002
{
1070
     1
1000
1961636
1002
}
1002
{
1070
     5
1000
1739590
1002
}
1002
{
1070
     3
1000
1035229
1002
}
  0
LINE
  5
2FE
330
2CB
100
AcDbEntity
  8
P-SANR-FIXT
100
AcDbLine
 10
39658.79681421584
 20
30081.67915995936
 30
0.0
 11
39656.16602569233
 21
30081.67915995936
 31
0.0
1001
REVIT
1002
{
1070
     1
1000
1961636
1002
}
1002
{
1070
     5
1000
1739590
1002
}
1002
{
1070
     3
1000
1035229
1002
}
  0
LINE
  5
2FF
330
2CB
100
AcDbEntity
  8
P-SANR-FIXT
100
AcDbLine
 10
39640.79645739991
 20
30058.53147704598
 30
0.0
 11
39643.01187854431
 21
30058.53147704598
 31
0.0
1001
REVIT
1002
{
1070
     1
1000
1961636
1002
}
1002
{
1070
     5
1000
1739590
1002
}
1002
{
1070
     3
1000
1035229
1002
}
  0
LINE
  5
300
330
2CB
100
AcDbEntity
  8
P-SANR-FIXT
100
AcDbLine
 10
39655.885495629
 20
30058.53147704598
 30
0.0
 11
39658.12796325442
 21
30058.53147704598
 31
0.0
1001
REVIT
1002
{
1070
     1
1000
1961636
1002
}
1002
{
1070
     5
1000
1739590
1002
}
1002
{
1070
     3
1000
1035229
1002
}
  0
LINE
  5
301
330
2CB
100
AcDbEntity
  8
P-SANR-FIXT
100
AcDbLine
 10
39639.63497295944
 20
30080.69392041542
 30
0.0
 11
39642.83343063826
 21
30080.69392041542
 31
0.0
1001
REVIT
1002
{
1070
     1
1000
1961636
1002
}
1002
{
1070
     5
1000
1739590
1002
}
1002
{
1070
     3
1000
1035229
1002
}
  0
LINE
  5
302
330
2CB
100
AcDbEntity
  8
P-SANR-FIXT
100
AcDbLine
 10
39656.06111151465
 20
30080.69392041542
 30
0.0
 11
39659.2894476949
 21
30080.69392041542
 31
0.0
1001
REVIT
1002
{
1070
     1
1000
1961636
1002
}
1002
{
1070
     5
1000
1739590
1002
}
1002
{
1070
     3
1000
1035229
1002
}
  0
LINE
  5
303
330
2CB
100
AcDbEntity
  8
P-SANR-FIXT
100
AcDbLine
 10
39637.46221032718
 20
30077.20072982173
 30
0.0
 11
39637.46221032718
 21
30067.79927017809
 31
0.0
1001
REVIT
1002
{
1070
     1
1000
1961636
1002
}
1002
{
1070
     5
1000
1739590
1002
}
1002
{
1070
     3
1000
1035229
1002
}
  0
LINE
  5
304
330
2CB
100
AcDbEntity
  8
P-SANR-FIXT
100
AcDbLine
 10
39661.46221032719
 20
30067.79927017809
 30
0.0
 11
39661.46221032719
 21
30077.20072982173
 31
0.0
1001
REVIT
1002
{
1070
     1
1000
1961636
1002
}
1002
{
1070
     5
1000
1739590
1002
}
1002
{
1070
     3
1000
1035229
1002
}
  0
LINE
  5
305
330
2CB
100
AcDbEntity
  8
P-SANR-FIXT
100
AcDbLine
 10
39638.26148050537
 20
30077.99999999991
 30
0.0
 11
39637.46221032718
 21
30077.20072982173
 31
0.0
1001
REVIT
1002
{
1070
     1
1000
1961636
1002
}
1002
{
1070
     5
1000
1739590
1002
}
1002
{
1070
     3
1000
1035229
1002
}
  0
LINE
  5
306
330
2CB
100
AcDbEntity
  8
P-SANR-FIXT
100
AcDbLine
 10
39661.46221032719
 20
30077.20072982173
 30
0.0
 11
39660.66294014899
 21
30077.99999999991
 31
0.0
1001
REVIT
1002
{
1070
     1
1000
1961636
1002
}
1002
{
1070
     5
1000
1739590
1002
}
1002
{
1070
     3
1000
1035229
1002
}
  0
LINE
  5
307
330
2CB
100
AcDbEntity
  8
P-SANR-FIXT
100
AcDbLine
 10
39637.46221032718
 20
30067.79927017809
 30
0.0
 11
39638.26148050537
 21
30066.99999999992
 31
0.0
1001
REVIT
1002
{
1070
     1
1000
1961636
1002
}
1002
{
1070
     5
1000
1739590
1002
}
1002
{
1070
     3
1000
1035229
1002
}
  0
LINE
  5
308
330
2CB
100
AcDbEntity
  8
P-SANR-FIXT
100
AcDbLine
 10
39660.66294014899
 20
30066.99999999992
 30
0.0
 11
39661.46221032719
 21
30067.79927017809
 31
0.0
1001
REVIT
1002
{
1070
     1
1000
1961636
1002
}
1002
{
1070
     5
1000
1739590
1002
}
1002
{
1070
     3
1000
1035229
1002
}
  0
LINE
  5
309
330
2CB
100
AcDbEntity
  8
P-SANR-FIXT
100
AcDbLine
 10
39638.26148050536
 20
30066.9999999999
 30
0.0
 11
39639.96221032717
 21
30066.9999999999
 31
0.0
1001
REVIT
1002
{
1070
     1
1000
1961636
1002
}
1002
{
1070
     5
1000
1739590
1002
}
1002
{
1070
     3
1000
1035229
1002
}
  0
LINE
  5
30A
330
2CB
100
AcDbEntity
  8
P-SANR-FIXT
100
AcDbLine
 10
39658.96221032716
 20
30066.9999999999
 30
0.0
 11
39660.66294014899
 21
30066.9999999999
 31
0.0
1001
REVIT
1002
{
1070
     1
1000
1961636
1002
}
1002
{
1070
     5
1000
1739590
1002
}
1002
{
1070
     3
1000
1035229
1002
}
  0
LINE
  5
30B
330
2CB
100
AcDbEntity
  8
P-SANR-FIXT
100
AcDbLine
 10
39658.96221032716
 20
30066.9999999999
 30
0.0
 11
39660.66294014899
 21
30066.9999999999
 31
0.0
1001
REVIT
1002
{
1070
     1
1000
1961636
1002
}
1002
{
1070
     5
1000
1739590
1002
}
1002
{
1070
     3
1000
1035229
1002
}
  0
LINE
  5
30C
330
2CB
100
AcDbEntity
  8
P-SANR-FIXT
100
AcDbLine
 10
39658.96221032716
 20
30066.9999999999
 30
0.0
 11
39639.96221032717
 21
30066.9999999999
 31
0.0
1001
REVIT
1002
{
1070
     1
1000
1961636
1002
}
1002
{
1070
     5
1000
1739590
1002
}
1002
{
1070
     3
1000
1035229
1002
}
  0
LINE
  5
30D
330
2CB
100
AcDbEntity
  8
P-SANR-FIXT
100
AcDbLine
 10
39638.26148050535
 20
30066.9999999999
 30
0.0
 11
39639.96221032717
 21
30066.9999999999
 31
0.0
1001
REVIT
1002
{
1070
     1
1000
1961636
1002
}
1002
{
1070
     5
1000
1739590
1002
}
1002
{
1070
     3
1000
1035229
1002
}
  0
LINE
  5
30E
330
2CB
100
AcDbEntity
  8
P-SANR-FIXT
100
AcDbLine
 10
39660.66294014899
 20
30077.9999999999
 30
0.0
 11
39658.96221032716
 21
30077.9999999999
 31
0.0
1001
REVIT
1002
{
1070
     1
1000
1961636
1002
}
1002
{
1070
     5
1000
1739590
1002
}
1002
{
1070
     3
1000
1035229
1002
}
  0
LINE
  5
30F
330
2CB
100
AcDbEntity
  8
P-SANR-FIXT
100
AcDbLine
 10
39639.96221032717
 20
30077.9999999999
 30
0.0
 11
39638.26148050536
 21
30077.9999999999
 31
0.0
1001
REVIT
1002
{
1070
     1
1000
1961636
1002
}
1002
{
1070
     5
1000
1739590
1002
}
1002
{
1070
     3
1000
1035229
1002
}
  0
LINE
  5
310
330
2CB
100
AcDbEntity
  8
P-SANR-FIXT
100
AcDbLine
 10
39639.96221032717
 20
30077.9999999999
 30
0.0
 11
39638.26148050536
 21
30077.9999999999
 31
0.0
1001
REVIT
1002
{
1070
     1
1000
1961636
1002
}
1002
{
1070
     5
1000
1739590
1002
}
1002
{
1070
     3
1000
1035229
1002
}
  0
LINE
  5
311
330
2CB
100
AcDbEntity
  8
P-SANR-FIXT
100
AcDbLine
 10
39639.96221032717
 20
30077.9999999999
 30
0.0
 11
39658.96221032716
 21
30077.9999999999
 31
0.0
1001
REVIT
1002
{
1070
     1
1000
1961636
1002
}
1002
{
1070
     5
1000
1739590
1002
}
1002
{
1070
     3
1000
1035229
1002
}
  0
LINE
  5
312
330
2CB
100
AcDbEntity
  8
P-SANR-FIXT
100
AcDbLine
 10
39660.66294014898
 20
30077.9999999999
 30
0.0
 11
39658.96221032716
 21
30077.9999999999
 31
0.0
1001
REVIT
1002
{
1070
     1
1000
1961636
1002
}
1002
{
1070
     5
1000
1739590
1002
}
1002
{
1070
     3
1000
1035229
1002
}
  0
LINE
  5
313
330
2CB
100
AcDbEntity
  8
P-SANR-FIXT
100
AcDbLine
 10
39639.96221032717
 20
30067.79927017808
 30
0.0
 11
39637.46221032717
 21
30067.79927017808
 31
0.0
1001
REVIT
1002
{
1070
     1
1000
1961636
1002
}
1002
{
1070
     5
1000
1739590
1002
}
1002
{
1070
     3
1000
1035229
1002
}
  0
LINE
  5
314
330
2CB
100
AcDbEntity
  8
P-SANR-FIXT
100
AcDbLine
 10
39637.46221032717
 20
30077.20072982172
 30
0.0
 11
39639.96221032717
 21
30077.20072982172
 31
0.0
1001
REVIT
1002
{
1070
     1
1000
1961636
1002
}
1002
{
1070
     5
1000
1739590
1002
}
1002
{
1070
     3
1000
1035229
1002
}
  0
LINE
  5
315
330
2CB
100
AcDbEntity
  8
P-SANR-FIXT
100
AcDbLine
 10
39639.96221032717
 20
30067.79927017808
 30
0.0
 11
39658.96221032718
 21
30067.79927017808
 31
0.0
1001
REVIT
1002
{
1070
     1
1000
1961636
1002
}
1002
{
1070
     5
1000
1739590
1002
}
1002
{
1070
     3
1000
1035229
1002
}
  0
LINE
  5
316
330
2CB
100
AcDbEntity
  8
P-SANR-FIXT
100
AcDbLine
 10
39658.96221032718
 20
30077.20072982172
 30
0.0
 11
39639.96221032717
 21
30077.20072982172
 31
0.0
1001
REVIT
1002
{
1070
     1
1000
1961636
1002
}
1002
{
1070
     5
1000
1739590
1002
}
1002
{
1070
     3
1000
1035229
1002
}
  0
LINE
  5
317
330
2CB
100
AcDbEntity
  8
P-SANR-FIXT
100
AcDbLine
 10
39661.46221032717
 20
30067.79927017808
 30
0.0
 11
39658.96221032718
 21
30067.79927017808
 31
0.0
1001
REVIT
1002
{
1070
     1
1000
1961636
1002
}
1002
{
1070
     5
1000
1739590
1002
}
1002
{
1070
     3
1000
1035229
1002
}
  0
LINE
  5
318
330
2CB
100
AcDbEntity
  8
P-SANR-FIXT
100
AcDbLine
 10
39658.96221032718
 20
30077.20072982172
 30
0.0
 11
39661.46221032717
 21
30077.20072982172
 31
0.0
1001
REVIT
1002
{
1070
     1
1000
1961636
1002
}
1002
{
1070
     5
1000
1739590
1002
}
1002
{
1070
     3
1000
1035229
1002
}
  0
LINE
  5
319
330
2CB
100
AcDbEntity
  8
P-SANR-FIXT
100
AcDbLine
 10
39638.26148050536
 20
30066.9999999999
 30
0.0
 11
39637.46221032717
 21
30067.79927017808
 31
0.0
1001
REVIT
1002
{
1070
     1
1000
1961636
1002
}
1002
{
1070
     5
1000
1739590
1002
}
1002
{
1070
     3
1000
1035229
1002
}
  0
LINE
  5
31A
330
2CB
100
AcDbEntity
  8
P-SANR-FIXT
100
AcDbLine
 10
39637.46221032717
 20
30077.20072982172
 30
0.0
 11
39638.26148050536
 21
30077.9999999999
 31
0.0
1001
REVIT
1002
{
1070
     1
1000
1961636
1002
}
1002
{
1070
     5
1000
1739590
1002
}
1002
{
1070
     3
1000
1035229
1002
}
  0
LINE
  5
31B
330
2CB
100
AcDbEntity
  8
P-SANR-FIXT
100
AcDbLine
 10
39660.66294014899
 20
30077.9999999999
 30
0.0
 11
39661.46221032717
 21
30077.20072982172
 31
0.0
1001
REVIT
1002
{
1070
     1
1000
1961636
1002
}
1002
{
1070
     5
1000
1739590
1002
}
1002
{
1070
     3
1000
1035229
1002
}
  0
LINE
  5
31C
330
2CB
100
AcDbEntity
  8
P-SANR-FIXT
100
AcDbLine
 10
39661.46221032717
 20
30067.79927017808
 30
0.0
 11
39661.46221032717
 21
30077.20072982172
 31
0.0
1001
REVIT
1002
{
1070
     1
1000
1961636
1002
}
1002
{
1070
     5
1000
1739590
1002
}
1002
{
1070
     3
1000
1035229
1002
}
  0
LINE
  5
31D
330
2CB
100
AcDbEntity
  8
P-SANR-FIXT
100
AcDbLine
 10
39661.46221032717
 20
30067.79927017808
 30
0.0
 11
39660.66294014899
 21
30066.9999999999
 31
0.0
1001
REVIT
1002
{
1070
     1
1000
1961636
1002
}
1002
{
1070
     5
1000
1739590
1002
}
1002
{
1070
     3
1000
1035229
1002
}
  0
LINE
  5
31E
330
2CB
100
AcDbEntity
  8
P-SANR-FIXT
100
AcDbLine
 10
39637.46221032717
 20
30067.79927017808
 30
0.0
 11
39637.46221032717
 21
30077.20072982172
 31
0.0
1001
REVIT
1002
{
1070
     1
1000
1961636
1002
}
1002
{
1070
     5
1000
1739590
1002
}
1002
{
1070
     3
1000
1035229
1002
}
  0
LINE
  5
31F
330
2CB
100
AcDbEntity
  8
P-SANR-FIXT
100
AcDbLine
 10
39631.96221032718
 20
30079.19999999991
 30
0.0
 11
39631.96221032718
 21
30065.79999999991
 31
0.0
1001
REVIT
1002
{
1070
     1
1000
1961636
1002
}
1002
{
1070
     5
1000
1739590
1002
}
1002
{
1070
     3
1000
1035229
1002
}
  0
LINE
  5
320
330
2CB
100
AcDbEntity
  8
P-SANR-FIXT
100
AcDbLine
 10
39666.96221032719
 20
30065.79999999991
 30
0.0
 11
39666.96221032719
 21
30079.19999999991
 31
0.0
1001
REVIT
1002
{
1070
     1
1000
1961636
1002
}
1002
{
1070
     5
1000
1739590
1002
}
1002
{
1070
     3
1000
1035229
1002
}
  0
LINE
  5
321
330
2CB
100
AcDbEntity
  8
P-SANR-FIXT
100
AcDbLine
 10
39665.46221032716
 20
30064.9999999999
 30
0.0
 11
39666.16221032717
 21
30064.9999999999
 31
0.0
1001
REVIT
1002
{
1070
     1
1000
1961636
1002
}
1002
{
1070
     5
1000
1739590
1002
}
1002
{
1070
     3
1000
1035229
1002
}
  0
LINE
  5
322
330
2CB
100
AcDbEntity
  8
P-SANR-FIXT
100
AcDbLine
 10
39665.46221032716
 20
30064.9999999999
 30
0.0
 11
39633.46221032716
 21
30064.9999999999
 31
0.0
1001
REVIT
1002
{
1070
     1
1000
1961636
1002
}
1002
{
1070
     5
1000
1739590
1002
}
1002
{
1070
     3
1000
1035229
1002
}
  0
LINE
  5
323
330
2CB
100
AcDbEntity
  8
P-SANR-FIXT
100
AcDbLine
 10
39632.76221032717
 20
30064.9999999999
 30
0.0
 11
39633.46221032716
 21
30064.9999999999
 31
0.0
1001
REVIT
1002
{
1070
     1
1000
1961636
1002
}
1002
{
1070
     5
1000
1739590
1002
}
1002
{
1070
     3
1000
1035229
1002
}
  0
LINE
  5
324
330
2CB
100
AcDbEntity
  8
P-SANR-FIXT
100
AcDbLine
 10
39633.46221032718
 20
30079.9999999999
 30
0.0
 11
39632.76221032717
 21
30079.9999999999
 31
0.0
1001
REVIT
1002
{
1070
     1
1000
1961636
1002
}
1002
{
1070
     5
1000
1739590
1002
}
1002
{
1070
     3
1000
1035229
1002
}
  0
LINE
  5
325
330
2CB
100
AcDbEntity
  8
P-SANR-FIXT
100
AcDbLine
 10
39633.46221032718
 20
30079.9999999999
 30
0.0
 11
39665.46221032716
 21
30079.9999999999
 31
0.0
1001
REVIT
1002
{
1070
     1
1000
1961636
1002
}
1002
{
1070
     5
1000
1739590
1002
}
1002
{
1070
     3
1000
1035229
1002
}
  0
LINE
  5
326
330
2CB
100
AcDbEntity
  8
P-SANR-FIXT
100
AcDbLine
 10
39666.16221032717
 20
30079.9999999999
 30
0.0
 11
39665.46221032716
 21
30079.9999999999
 31
0.0
1001
REVIT
1002
{
1070
     1
1000
1961636
1002
}
1002
{
1070
     5
1000
1739590
1002
}
1002
{
1070
     3
1000
1035229
1002
}
  0
LINE
  5
327
330
2CB
100
AcDbEntity
  8
P-SANR-FIXT
100
AcDbLine
 10
39633.46221032717
 20
30065.7999999999
 30
0.0
 11
39631.96221032717
 21
30065.7999999999
 31
0.0
1001
REVIT
1002
{
1070
     1
1000
1961636
1002
}
1002
{
1070
     5
1000
1739590
1002
}
1002
{
1070
     3
1000
1035229
1002
}
  0
LINE
  5
328
330
2CB
100
AcDbEntity
  8
P-SANR-FIXT
100
AcDbLine
 10
39631.96221032717
 20
30079.19999999991
 30
0.0
 11
39633.46221032717
 21
30079.19999999991
 31
0.0
1001
REVIT
1002
{
1070
     1
1000
1961636
1002
}
1002
{
1070
     5
1000
1739590
1002
}
1002
{
1070
     3
1000
1035229
1002
}
  0
LINE
  5
329
330
2CB
100
AcDbEntity
  8
P-SANR-FIXT
100
AcDbLine
 10
39633.46221032717
 20
30065.7999999999
 30
0.0
 11
39665.46221032716
 21
30065.7999999999
 31
0.0
1001
REVIT
1002
{
1070
     1
1000
1961636
1002
}
1002
{
1070
     5
1000
1739590
1002
}
1002
{
1070
     3
1000
1035229
1002
}
  0
LINE
  5
32A
330
2CB
100
AcDbEntity
  8
P-SANR-FIXT
100
AcDbLine
 10
39665.46221032716
 20
30079.1999999999
 30
0.0
 11
39633.46221032717
 21
30079.1999999999
 31
0.0
1001
REVIT
1002
{
1070
     1
1000
1961636
1002
}
1002
{
1070
     5
1000
1739590
1002
}
1002
{
1070
     3
1000
1035229
1002
}
  0
LINE
  5
32B
330
2CB
100
AcDbEntity
  8
P-SANR-FIXT
100
AcDbLine
 10
39666.96221032716
 20
30065.7999999999
 30
0.0
 11
39665.46221032716
 21
30065.7999999999
 31
0.0
1001
REVIT
1002
{
1070
     1
1000
1961636
1002
}
1002
{
1070
     5
1000
1739590
1002
}
1002
{
1070
     3
1000
1035229
1002
}
  0
LINE
  5
32C
330
2CB
100
AcDbEntity
  8
P-SANR-FIXT
100
AcDbLine
 10
39665.46221032716
 20
30079.19999999991
 30
0.0
 11
39666.96221032716
 21
30079.19999999991
 31
0.0
1001
REVIT
1002
{
1070
     1
1000
1961636
1002
}
1002
{
1070
     5
1000
1739590
1002
}
1002
{
1070
     3
1000
1035229
1002
}
  0
LINE
  5
32D
330
2CB
100
AcDbEntity
  8
P-SANR-FIXT
100
AcDbLine
 10
39666.96221032716
 20
30065.7999999999
 30
0.0
 11
39666.96221032716
 21
30079.1999999999
 31
0.0
1001
REVIT
1002
{
1070
     1
1000
1961636
1002
}
1002
{
1070
     5
1000
1739590
1002
}
1002
{
1070
     3
1000
1035229
1002
}
  0
LINE
  5
32E
330
2CB
100
AcDbEntity
  8
P-SANR-FIXT
100
AcDbLine
 10
39666.96221032716
 20
30079.1999999999
 30
0.0
 11
39666.96221032716
 21
30065.7999999999
 31
0.0
1001
REVIT
1002
{
1070
     1
1000
1961636
1002
}
1002
{
1070
     5
1000
1739590
1002
}
1002
{
1070
     3
1000
1035229
1002
}
  0
LINE
  5
32F
330
2CB
100
AcDbEntity
  8
P-SANR-FIXT
100
AcDbLine
 10
39631.96221032717
 20
30079.19999999991
 30
0.0
 11
39631.96221032717
 21
30065.7999999999
 31
0.0
1001
REVIT
1002
{
1070
     1
1000
1961636
1002
}
1002
{
1070
     5
1000
1739590
1002
}
1002
{
1070
     3
1000
1035229
1002
}
  0
LINE
  5
330
330
2CB
100
AcDbEntity
  8
P-SANR-FIXT
100
AcDbLine
 10
39631.96221032717
 20
30065.7999999999
 30
0.0
 11
39631.96221032717
 21
30079.1999999999
 31
0.0
1001
REVIT
1002
{
1070
     1
1000
1961636
1002
}
1002
{
1070
     5
1000
1739590
1002
}
1002
{
1070
     3
1000
1035229
1002
}
  0
LINE
  5
331
330
2CB
100
AcDbEntity
  8
P-SANR-FIXT
100
AcDbLine
 10
39666.96221032716
 20
30079.1999999999
 30
0.0
 11
39666.16221032717
 21
30079.9999999999
 31
0.0
1001
REVIT
1002
{
1070
     1
1000
1961636
1002
}
1002
{
1070
     5
1000
1739590
1002
}
1002
{
1070
     3
1000
1035229
1002
}
  0
LINE
  5
332
330
2CB
100
AcDbEntity
  8
P-SANR-FIXT
100
AcDbLine
 10
39632.76221032717
 20
30079.9999999999
 30
0.0
 11
39631.96221032717
 21
30079.1999999999
 31
0.0
1001
REVIT
1002
{
1070
     1
1000
1961636
1002
}
1002
{
1070
     5
1000
1739590
1002
}
1002
{
1070
     3
1000
1035229
1002
}
  0
LINE
  5
333
330
2CB
100
AcDbEntity
  8
P-SANR-FIXT
100
AcDbLine
 10
39631.96221032717
 20
30065.7999999999
 30
0.0
 11
39632.76221032717
 21
30064.9999999999
 31
0.0
1001
REVIT
1002
{
1070
     1
1000
1961636
1002
}
1002
{
1070
     5
1000
1739590
1002
}
1002
{
1070
     3
1000
1035229
1002
}
  0
LINE
  5
334
330
2CB
100
AcDbEntity
  8
P-SANR-FIXT
100
AcDbLine
 10
39666.16221032717
 20
30064.9999999999
 30
0.0
 11
39666.96221032716
 21
30065.7999999999
 31
0.0
1001
REVIT
1002
{
1070
     1
1000
1961636
1002
}
1002
{
1070
     5
1000
1739590
1002
}
1002
{
1070
     3
1000
1035229
1002
}
  0
LINE
  5
335
330
2CB
100
AcDbEntity
  8
P-SANR-FIXT
100
AcDbLine
 10
39632.76221032717
 20
30064.9999999999
 30
0.0
 11
39631.96221032717
 21
30065.7999999999
 31
0.0
1001
REVIT
1002
{
1070
     1
1000
1961636
1002
}
1002
{
1070
     5
1000
1739590
1002
}
1002
{
1070
     3
1000
1035229
1002
}
  0
LINE
  5
336
330
2CB
100
AcDbEntity
  8
P-SANR-FIXT
100
AcDbLine
 10
39631.96221032717
 20
30079.19999999991
 30
0.0
 11
39632.76221032717
 21
30079.9999999999
 31
0.0
1001
REVIT
1002
{
1070
     1
1000
1961636
1002
}
1002
{
1070
     5
1000
1739590
1002
}
1002
{
1070
     3
1000
1035229
1002
}
  0
LINE
  5
337
330
2CB
100
AcDbEntity
  8
P-SANR-FIXT
100
AcDbLine
 10
39666.16221032717
 20
30079.9999999999
 30
0.0
 11
39666.96221032716
 21
30079.1999999999
 31
0.0
1001
REVIT
1002
{
1070
     1
1000
1961636
1002
}
1002
{
1070
     5
1000
1739590
1002
}
1002
{
1070
     3
1000
1035229
1002
}
  0
LINE
  5
338
330
2CB
100
AcDbEntity
  8
P-SANR-FIXT
100
AcDbLine
 10
39666.96221032716
 20
30065.7999999999
 30
0.0
 11
39666.16221032717
 21
30064.9999999999
 31
0.0
1001
REVIT
1002
{
1070
     1
1000
1961636
1002
}
1002
{
1070
     5
1000
1739590
1002
}
1002
{
1070
     3
1000
1035229
1002
}
  0
LWPOLYLINE
  5
339
330
2CB
100
AcDbEntity
  8
P-SANR-FIXT
100
AcDbPolyline
 90
       41
 70
   128
 43
0.0
 10
40089.94550649912
 20
30636.00000000008
 10
40089.84591977841
 20
30636.00000000008
 10
40089.5473189338
 20
30636.00000000008
 10
40089.05018166292
 20
30636.00000000008
 10
40088.35530327938
 20
30636.00000000008
 10
40087.46379544035
 20
30636.00000000008
 10
40086.37708436819
 20
30636.00000000008
 10
40085.09690856881
 20
30636.00000000008
 10
40083.62531605038
 20
30636.00000000008
 10
40081.96466104703
 20
30636.00000000008
 10
40080.11760025248
 20
30636.00000000008
 10
40078.08708857
 20
30636.00000000008
 10
40075.87637438513
 20
30636.00000000008
 10
40073.48899436898
 20
30636.00000000008
 10
40070.92876782028
 20
30636.00000000008
 10
40068.19979055538
 20
30636.00000000008
 10
40065.30642835571
 20
30636.00000000008
 10
40062.25330998361
 20
30636.00000000008
 10
40059.04531977716
 20
30636.00000000008
 10
40055.68758983636
 20
30636.00000000008
 10
40052.18549181283
 20
30636.00000000008
 10
40048.54462831636
 20
30636.00000000008
 10
40044.77082395183
 20
30636.00000000008
 10
40040.87011600122
 20
30636.00000000008
 10
40036.84874476513
 20
30636.00000000008
 10
40032.71314357969
 20
30636.00000000008
 10
40028.4699285246
 20
30636.00000000008
 10
40024.12588783874
 20
30636.00000000008
 10
40019.68797106057
 20
30636.00000000008
 10
40015.1632779102
 20
30636.00000000008
 10
40010.55904693147
 20
30636.00000000008
 10
40005.88264391174
 20
30636.00000000008
 10
40001.14155009829
 20
30636.00000000008
 10
39996.34335022984
 20
30636.00000000008
 10
39991.4957204026
 20
30636.00000000008
 10
39986.6064157902
 20
30636.00000000008
 10
39981.68325823701
 20
30636.00000000008
 10
39976.73412374492
 20
30636.00000000008
 10
39971.76692987334
 20
30636.00000000008
 10
39966.78962307287
 20
30636.00000000008
 10
39965.44550649912
 20
30636.00000000008
1001
REVIT
1002
{
1070
     1
1000
1961636
1002
}
1002
{
1070
     5
1000
1739590
1002
}
1002
{
1070
     3
1000
1035229
1002
}
  0
LWPOLYLINE
  5
33A
330
2CB
100
AcDbEntity
  8
P-SANR-FIXT
100
AcDbPolyline
 90
       41
 70
   128
 43
0.0
 10
39965.44550649912
 20
30636.00000000008
 10
39970.42417860535
 20
30636.00000000008
 10
39975.39488589828
 20
30636.00000000008
 10
39980.34967630659
 20
30636.00000000008
 10
39985.28062322259
 20
30636.00000000008
 10
39990.17983818311
 20
30636.00000000008
 10
39995.0394834893
 20
30636.00000000008
 10
39999.85178474535
 20
30636.00000000008
 10
40004.60904329583
 20
30636.00000000008
 10
40009.30364854186
 20
30636.00000000008
 10
40013.92809011654
 20
30636.00000000008
 10
40018.47496989983
 20
30636.00000000008
 10
40022.93701385404
 20
30636.00000000008
 10
40027.30708366067
 20
30636.00000000008
 10
40031.57818814026
 20
30636.00000000008
 10
40035.74349443679
 20
30636.00000000008
 10
40039.79633894873
 20
30636.00000000008
 10
40043.73023798941
 20
30636.00000000008
 10
40047.53889815956
 20
30636.00000000008
 10
40051.21622641538
 20
30636.00000000008
 10
40054.7563398161
 20
30636.00000000008
 10
40058.15357493549
 20
30636.00000000008
 10
40061.40249692204
 20
30636.00000000008
 10
40064.49790819364
 20
30636.00000000008
 10
40067.43485675259
 20
30636.00000000008
 10
40070.2086441077
 20
30636.00000000008
 10
40072.81483279091
 20
30636.00000000008
 10
40075.24925345629
 20
30636.00000000008
 10
40077.50801155009
 20
30636.00000000008
 10
40079.58749354121
 20
30636.00000000008
 10
40081.48437270204
 20
30636.00000000008
 10
40083.19561443058
 20
30636.00000000008
 10
40084.71848110512
 20
30636.00000000008
 10
40086.05053646385
 20
30636.00000000008
 10
40087.18964950232
 20
30636.00000000008
 10
40088.13399788268
 20
30636.00000000008
 10
40088.88207084899
 20
30636.00000000008
 10
40089.43267164406
 20
30636.00000000008
 10
40089.78491942408
 20
30636.00000000008
 10
40089.93825066775
 20
30636.00000000008
 10
40089.94550649912
 20
30636.00000000008
1001
REVIT
1002
{
1070
     1
1000
1961636
1002
}
1002
{
1070
     5
1000
1739590
1002
}
1002
{
1070
     3
1000
1035229
1002
}
  0
LWPOLYLINE
  5
33B
330
2CB
100
AcDbEntity
  8
P-SANR-FIXT
100
AcDbPolyline
 90
       41
 70
   128
 43
0.0
 10
40089.94550649912
 20
30636.00000000008
 10
40089.96550116621
 20
30635.99960005341
 10
40089.98546384611
 20
30635.99840085323
 10
40090.00536260276
 20
30635.996404318
 10
40090.02516560242
 20
30635.99361364176
 10
40090.04484116451
 20
30635.99003328899
 10
40090.06435781233
 20
30635.9856689875
 10
40090.0836843234
 20
30635.98052771923
 10
40090.10278977942
 20
30635.97461770912
 10
40090.12164361576
 20
30635.96794841191
 10
40090.14021567027
 20
30635.96053049708
 10
40090.15847623164
 20
30635.95237583169
 10
40090.17639608689
 20
30635.94349746147
 10
40090.19394656804
 20
30635.93390958991
 10
40090.21109959809
 20
30635.92362755558
 10
40090.22782773582
 20
30635.91266780753
 10
40090.2441042198
 20
30635.90104787902
 10
40090.25990301113
 20
30635.88878635945
 10
40090.2751988351
 20
30635.87590286465
 10
40090.28996722168
 20
30635.86241800545
 10
40090.30418454457
 20
30635.84835335475
 10
40090.3178280591
 20
30635.833731413
 10
40090.33087593857
 20
30635.81857557217
 10
40090.34330730913
 20
30635.8029100784
 10
40090.35510228327
 20
30635.78675999311
 10
40090.36624199152
 20
30635.77015115301
 10
40090.37670861274
 20
30635.75311012869
 10
40090.38648540256
 20
30635.73566418216
 10
40090.3955567202
 20
30635.71784122321
 10
40090.40390805351
 20
30635.69966976478
 10
40090.4115260421
 20
30635.68117887732
 10
40090.41839849884
 20
30635.6623981423
 10
40090.42451442926
 20
30635.64335760489
 10
40090.42986404918
 20
30635.6240877259
 10
40090.43443880033
 20
30635.60461933302
 10
40090.43823136411
 20
30635.58498357153
 10
40090.44123567322
 20
30635.56521185444
 10
40090.44344692139
 20
30635.54533581231
 10
40090.44486157111
 20
30635.52538724254
 10
40090.44547735923
 20
30635.5053980586
 10
40090.44550649912
 20
30635.50000000007
1001
REVIT
1002
{
1070
     1
1000
1961636
1002
}
1002
{
1070
     5
1000
1739590
1002
}
1002
{
1070
     3
1000
1035229
1002
}
  0
LWPOLYLINE
  5
33C
330
2CB
100
AcDbEntity
  8
P-SANR-FIXT
100
AcDbPolyline
 90
       41
 70
   128
 43
0.0
 10
39840.94550649912
 20
30636.00000000008
 10
39841.04509321982
 20
30636.00000000008
 10
39841.34369406443
 20
30636.00000000008
 10
39841.8408313353
 20
30636.00000000008
 10
39842.53570971885
 20
30636.00000000008
 10
39843.42721755788
 20
30636.00000000008
 10
39844.51392863004
 20
30636.00000000008
 10
39845.79410442942
 20
30636.00000000008
 10
39847.26569694784
 20
30636.00000000008
 10
39848.92635195121
 20
30636.00000000008
 10
39850.77341274575
 20
30636.00000000008
 10
39852.80392442823
 20
30636.00000000008
 10
39855.01463861309
 20
30636.00000000008
 10
39857.40201862924
 20
30636.00000000008
 10
39859.96224517795
 20
30636.00000000008
 10
39862.69122244286
 20
30636.00000000008
 10
39865.58458464251
 20
30636.00000000008
 10
39868.63770301462
 20
30636.00000000008
 10
39871.84569322106
 20
30636.00000000008
 10
39875.20342316187
 20
30636.00000000008
 10
39878.70552118539
 20
30636.00000000008
 10
39882.34638468187
 20
30636.00000000008
 10
39886.12018904639
 20
30636.00000000008
 10
39890.020896997
 20
30636.00000000008
 10
39894.04226823309
 20
30636.00000000008
 10
39898.17786941853
 20
30636.00000000008
 10
39902.42108447363
 20
30636.00000000008
 10
39906.76512515948
 20
30636.00000000008
 10
39911.20304193766
 20
30636.00000000008
 10
39915.72773508803
 20
30636.00000000008
 10
39920.33196606677
 20
30636.00000000008
 10
39925.00836908648
 20
30636.00000000008
 10
39929.74946289993
 20
30636.00000000008
 10
39934.54766276839
 20
30636.00000000008
 10
39939.39529259563
 20
30636.00000000008
 10
39944.28459720803
 20
30636.00000000008
 10
39949.20775476122
 20
30636.00000000008
 10
39954.15688925331
 20
30636.00000000008
 10
39959.12408312488
 20
30636.00000000008
 10
39964.10138992536
 20
30636.00000000008
 10
39965.44550649912
 20
30636.00000000008
1001
REVIT
1002
{
1070
     1
1000
1961636
1002
}
1002
{
1070
     5
1000
1739590
1002
}
1002
{
1070
     3
1000
1035229
1002
}
  0
LWPOLYLINE
  5
33D
330
2CB
100
AcDbEntity
  8
P-SANR-FIXT
100
AcDbPolyline
 90
       41
 70
   128
 43
0.0
 10
39965.44550649912
 20
30636.00000000008
 10
39960.46683439288
 20
30636.00000000008
 10
39955.49612709996
 20
30636.00000000008
 10
39950.54133669165
 20
30636.00000000008
 10
39945.61038977565
 20
30636.00000000008
 10
39940.71117481512
 20
30636.00000000008
 10
39935.85152950894
 20
30636.00000000008
 10
39931.03922825288
 20
30636.00000000008
 10
39926.2819697024
 20
30636.00000000008
 10
39921.58736445636
 20
30636.00000000008
 10
39916.96292288169
 20
30636.00000000008
 10
39912.41604309839
 20
30636.00000000008
 10
39907.95399914419
 20
30636.00000000008
 10
39903.58392933757
 20
30636.00000000008
 10
39899.31282485796
 20
30636.00000000008
 10
39895.14751856144
 20
30636.00000000008
 10
39891.0946740495
 20
30636.00000000008
 10
39887.16077500881
 20
30636.00000000008
 10
39883.35211483867
 20
30636.00000000008
 10
39879.67478658285
 20
30636.00000000008
 10
39876.13467318212
 20
30636.00000000008
 10
39872.73743806275
 20
30636.00000000008
 10
39869.48851607619
 20
30636.00000000008
 10
39866.39310480459
 20
30636.00000000008
 10
39863.45615624564
 20
30636.00000000008
 10
39860.68236889052
 20
30636.00000000008
 10
39858.07618020732
 20
30636.00000000008
 10
39855.64175954194
 20
30636.00000000008
 10
39853.38300144813
 20
30636.00000000008
 10
39851.30351945702
 20
30636.00000000008
 10
39849.40664029619
 20
30636.00000000008
 10
39847.69539856765
 20
30636.00000000008
 10
39846.17253189311
 20
30636.00000000008
 10
39844.84047653439
 20
30636.00000000008
 10
39843.70136349592
 20
30636.00000000008
 10
39842.75701511555
 20
30636.00000000008
 10
39842.00894214925
 20
30636.00000000008
 10
39841.45834135417
 20
30636.00000000008
 10
39841.10609357415
 20
30636.00000000008
 10
39840.95276233048
 20
30636.00000000008
 10
39840.94550649912
 20
30636.00000000008
1001
REVIT
1002
{
1070
     1
1000
1961636
1002
}
1002
{
1070
     5
1000
1739590
1002
}
1002
{
1070
     3
1000
1035229
1002
}
  0
LWPOLYLINE
  5
33E
330
2CB
100
AcDbEntity
  8
P-SANR-FIXT
100
AcDbPolyline
 90
       41
 70
   128
 43
0.0
 10
39840.44550649912
 20
30635.50000000007
 10
39840.44590644578
 20
30635.51999466717
 10
39840.44710564595
 20
30635.53995734706
 10
39840.44910218119
 20
30635.55985610372
 10
39840.45189285742
 20
30635.57965910338
 10
39840.45547321019
 20
30635.59933466547
 10
39840.45983751169
 20
30635.61885131329
 10
39840.46497877995
 20
30635.63817782436
 10
39840.47088879007
 20
30635.65728328038
 10
39840.47755808728
 20
30635.67613711671
 10
39840.4849760021
 20
30635.69470917123
 10
39840.4931306675
 20
30635.71296973261
 10
39840.50200903772
 20
30635.73088958785
 10
39840.51159690927
 20
30635.748440069
 10
39840.52187894361
 20
30635.76559309904
 10
39840.53283869166
 20
30635.78232123678
 10
39840.54445862017
 20
30635.79859772076
 10
39840.55672013974
 20
30635.81439651208
 10
39840.56960363454
 20
30635.82969233606
 10
39840.58308849374
 20
30635.84446072263
 10
39840.59715314444
 20
30635.85867804553
 10
39840.61177508618
 20
30635.87232156006
 10
39840.62693092702
 20
30635.88536943952
 10
39840.64259642079
 20
30635.89780081009
 10
39840.65874650608
 20
30635.90959578423
 10
39840.67535534618
 20
30635.92073549248
 10
39840.69239637049
 20
30635.9312021137
 10
39840.70984231703
 20
30635.94097890352
 10
39840.72766527597
 20
30635.95005022117
 10
39840.7458367344
 20
30635.95840155446
 10
39840.76432762188
 20
30635.96601954306
 10
39840.78310835688
 20
30635.9728919998
 10
39840.80214889429
 20
30635.97900793022
 10
39840.82141877328
 20
30635.98435755014
 10
39840.84088716616
 20
30635.98893230129
 10
39840.86052292766
 20
30635.99272486507
 10
39840.88029464473
 20
30635.99572917417
 10
39840.90017068688
 20
30635.99794042234
 10
39840.92011925664
 20
30635.99935507206
 10
39840.94010844058
 20
30635.99997086019
 10
39840.94550649912
 20
30636.00000000008
1001
REVIT
1002
{
1070
     1
1000
1961636
1002
}
1002
{
1070
     5
1000
1739590
1002
}
1002
{
1070
     3
1000
1035229
1002
}
  0
LINE
  5
33F
330
2CB
100
AcDbEntity
  8
P-SANR-FIXT
100
AcDbLine
 10
40090.44550649909
 20
30623.51832767232
 30
0.0
 11
40090.44550649909
 21
30635.50000000007
 31
0.0
1001
REVIT
1002
{
1070
     1
1000
1961636
1002
}
1002
{
1070
     5
1000
1739590
1002
}
1002
{
1070
     3
1000
1035229
1002
}
  0
LINE
  5
340
330
2CB
100
AcDbEntity
  8
P-SANR-FIXT
100
AcDbLine
 10
39840.44550649914
 20
30635.50000000007
 30
0.0
 11
39840.44550649914
 21
30623.51832767232
 31
0.0
1001
REVIT
1002
{
1070
     1
1000
1961636
1002
}
1002
{
1070
     5
1000
1739590
1002
}
1002
{
1070
     3
1000
1035229
1002
}
  0
LWPOLYLINE
  5
341
330
2CB
100
AcDbEntity
  8
P-SANR-FIXT
100
AcDbPolyline
 90
       41
 70
   128
 43
0.0
 10
40089.92717882683
 20
30623.00000000008
 10
40089.82760676631
 20
30623.00000000008
 10
40089.52904987878
 20
30623.00000000008
 10
40089.03198579161
 20
30623.00000000008
 10
40088.33720970126
 20
30623.00000000008
 10
40087.4458331013
 20
30623.00000000008
 10
40086.35928200411
 20
30623.00000000008
 10
40085.07929465969
 20
30623.00000000008
 10
40083.60791877472
 20
30623.00000000008
 10
40081.94750823675
 20
30623.00000000008
 10
40080.10071934842
 20
30623.00000000008
 10
40078.07050657802
 20
30623.00000000008
 10
40075.86011783288
 20
30623.00000000008
 10
40073.47308926346
 20
30623.00000000008
 10
40070.91323960627
 20
30623.00000000008
 10
40068.18466407471
 20
30623.00000000008
 10
40065.29172780753
 20
30623.00000000008
 10
40062.23905888564
 20
30623.00000000008
 10
40059.03154092814
 20
30623.00000000008
 10
40055.67430527949
 20
30623.00000000008
 10
40052.17272280059
 20
30623.00000000008
 10
40048.53239527643
 20
30623.00000000008
 10
40044.75914645447
 20
30623.00000000008
 10
40040.85901272793
 20
30623.00000000008
 10
40036.83823347878
 20
30623.00000000008
 10
40032.70324109611
 20
30623.00000000008
 10
40028.46065068562
 20
30623.00000000008
 10
40024.11724948695
 20
30623.00000000008
 10
40019.67998601547
 20
30623.00000000008
 10
40015.15595894616
 20
30623.00000000008
 10
40010.55240575729
 20
30623.00000000008
 10
40005.87669115189
 20
30623.00000000008
 10
40001.1362952759
 20
30623.00000000008
 10
39996.33880175149
 20
30623.00000000008
 10
39991.4918855449
 20
30623.00000000008
 10
39986.6033006881
 20
30623.00000000008
 10
39981.68086787402
 20
30623.00000000008
 10
39976.73246194511
 20
30623.00000000008
 10
39971.76599929523
 20
30623.00000000008
 10
39966.78942520517
 20
30623.00000000008
 10
39965.44550649912
 20
30623.00000000008
1001
REVIT
1002
{
1070
     1
1000
1961636
1002
}
1002
{
1070
     5
1000
1739590
1002
}
1002
{
1070
     3
1000
1035229
1002
}
  0
LWPOLYLINE
  5
342
330
2CB
100
AcDbEntity
  8
P-SANR-FIXT
100
AcDbPolyline
 90
       41
 70
   128
 43
0.0
 10
39965.44550649912
 20
30623.00000000008
 10
39970.42344569394
 20
30623.00000000008
 10
39975.39342124796
 20
30623.00000000008
 10
39980.34748226049
 20
30623.00000000008
 10
39985.27770329071
 20
30623.00000000008
 10
39990.17619703672
 20
30623.00000000008
 10
39995.03512695345
 20
30623.00000000008
 10
39999.84671978959
 20
30623.00000000008
 10
40004.60327802299
 20
30623.00000000008
 10
40009.29719217517
 20
30623.00000000008
 10
40013.92095298478
 20
30623.00000000008
 10
40018.46716342091
 20
30623.00000000008
 10
40022.92855051663
 20
30623.00000000008
 10
40027.29797700433
 20
30623.00000000008
 10
40031.56845273371
 20
30623.00000000008
 10
40035.73314585458
 20
30623.00000000008
 10
40039.78539374639
 20
30623.00000000008
 10
40043.71871367693
 20
30623.00000000008
 10
40047.52681317339
 20
30623.00000000008
 10
40051.2036000889
 20
30623.00000000008
 10
40054.74319234876
 20
30623.00000000008
 10
40058.13992736041
 20
30623.00000000008
 10
40061.38837107245
 20
30623.00000000008
 10
40064.48332666789
 20
30623.00000000008
 10
40067.41984287799
 20
30623.00000000008
 10
40070.19322190326
 20
30623.00000000008
 10
40072.79902692887
 20
30623.00000000008
 10
40075.23308922265
 20
30623.00000000008
 10
40077.49151480416
 20
30623.00000000008
 10
40079.57069067428
 20
30623.00000000008
 10
40081.46729059512
 20
30623.00000000008
 10
40083.17828041139
 20
30623.00000000008
 10
40084.7009229044
 20
30623.00000000008
 10
40086.03278217095
 20
30623.00000000008
 10
40087.17172752034
 20
30623.00000000008
 10
40088.11593688298
 20
30623.00000000008
 10
40088.86389972529
 20
30623.00000000008
 10
40089.4144194663
 20
30623.00000000008
 10
40089.76661539185
 20
30623.00000000008
 10
40089.9199240636
 20
30623.00000000008
 10
40089.92717882683
 20
30623.00000000008
1001
REVIT
1002
{
1070
     1
1000
1961636
1002
}
1002
{
1070
     5
1000
1739590
1002
}
1002
{
1070
     3
1000
1035229
1002
}
  0
LWPOLYLINE
  5
343
330
2CB
100
AcDbEntity
  8
P-SANR-FIXT
100
AcDbPolyline
 90
       41
 70
   128
 43
0.0
 10
40090.44550649909
 20
30623.51832767232
 10
40090.44509189223
 20
30623.49760009382
 10
40090.44384873496
 20
30623.47690567502
 10
40090.44177901605
 20
30623.45627752258
 10
40090.43888604661
 20
30623.43574863714
 10
40090.43517445477
 20
30623.41535186054
 10
40090.43065017831
 20
30623.39511982328
 10
40090.42532045507
 20
30623.37508489229
 10
40090.4191938115
 20
30623.35527911919
 10
40090.41228004892
 20
30623.335734189
 10
40090.40459022785
 20
30623.31648136943
 10
40090.39613665039
 20
30623.29755146088
 10
40090.38693284046
 20
30623.27897474717
 10
40090.37699352217
 20
30623.26078094709
 10
40090.36633459632
 20
30623.24299916682
 10
40090.35497311493
 20
30623.22565785343
 10
40090.34292725394
 20
30623.20878474933
 10
40090.33021628415
 20
30623.19240684786
 10
40090.31686054039
 20
30623.17655035018
 10
40090.30288138904
 20
30623.16124062332
 10
40090.28830119373
 20
30623.14650215956
 10
40090.27314327966
 20
30623.13235853729
 10
40090.25743189628
 20
30623.11883238331
 10
40090.24119217843
 20
30623.10594533657
 10
40090.2244501062
 20
30623.0937180136
 10
40090.20723246335
 20
30623.08216997551
 10
40090.18956679441
 20
30623.07131969668
 10
40090.1714813607
 20
30623.06118453526
 10
40090.15300509506
 20
30623.05178070534
 10
40090.13416755555
 20
30623.04312325104
 10
40090.11499887822
 20
30623.03522602245
 10
40090.0955297289
 20
30623.02810165344
 10
40090.07579125405
 20
30623.02176154148
 10
40090.05581503101
 20
30623.01621582941
 10
40090.03563301747
 20
30623.01147338917
 10
40090.01527750038
 20
30623.00754180766
 10
40089.99478104419
 20
30623.00442737457
 10
40089.97417643888
 20
30623.00213507234
 10
40089.95349664742
 20
30623.00066856815
 10
40089.93277475306
 20
30623.00003020809
 10
40089.92717882683
 20
30623.00000000008
1001
REVIT
1002
{
1070
     1
1000
1961636
1002
}
1002
{
1070
     5
1000
1739590
1002
}
1002
{
1070
     3
1000
1035229
1002
}
  0
LWPOLYLINE
  5
344
330
2CB
100
AcDbEntity
  8
P-SANR-FIXT
100
AcDbPolyline
 90
       41
 70
   128
 43
0.0
 10
39840.96383417139
 20
30623.00000000008
 10
39841.06340623192
 20
30623.00000000008
 10
39841.36196311944
 20
30623.00000000008
 10
39841.85902720662
 20
30623.00000000008
 10
39842.55380329696
 20
30623.00000000008
 10
39843.44517989693
 20
30623.00000000008
 10
39844.53173099411
 20
30623.00000000008
 10
39845.81171833854
 20
30623.00000000008
 10
39847.2830942235
 20
30623.00000000008
 10
39848.94350476148
 20
30623.00000000008
 10
39850.7902936498
 20
30623.00000000008
 10
39852.82050642021
 20
30623.00000000008
 10
39855.03089516534
 20
30623.00000000008
 10
39857.41792373477
 20
30623.00000000008
 10
39859.97777339195
 20
30623.00000000008
 10
39862.70634892353
 20
30623.00000000008
 10
39865.59928519071
 20
30623.00000000008
 10
39868.65195411259
 20
30623.00000000008
 10
39871.8594720701
 20
30623.00000000008
 10
39875.21670771873
 20
30623.00000000008
 10
39878.71829019764
 20
30623.00000000008
 10
39882.3586177218
 20
30623.00000000008
 10
39886.13186654375
 20
30623.00000000008
 10
39890.0320002703
 20
30623.00000000008
 10
39894.05277951945
 20
30623.00000000008
 10
39898.18777190212
 20
30623.00000000008
 10
39902.43036231261
 20
30623.00000000008
 10
39906.77376351127
 20
30623.00000000008
 10
39911.21102698276
 20
30623.00000000008
 10
39915.73505405206
 20
30623.00000000008
 10
39920.33860724094
 20
30623.00000000008
 10
39925.01432184634
 20
30623.00000000008
 10
39929.75471772233
 20
30623.00000000008
 10
39934.55221124675
 20
30623.00000000008
 10
39939.39912745333
 20
30623.00000000008
 10
39944.28771231013
 20
30623.00000000008
 10
39949.2101451242
 20
30623.00000000008
 10
39954.15855105312
 20
30623.00000000008
 10
39959.125013703
 20
30623.00000000008
 10
39964.10158779306
 20
30623.00000000008
 10
39965.44550649912
 20
30623.00000000008
1001
REVIT
1002
{
1070
     1
1000
1961636
1002
}
1002
{
1070
     5
1000
1739590
1002
}
1002
{
1070
     3
1000
1035229
1002
}
  0
LWPOLYLINE
  5
345
330
2CB
100
AcDbEntity
  8
P-SANR-FIXT
100
AcDbPolyline
 90
       41
 70
   128
 43
0.0
 10
39965.44550649912
 20
30623.00000000008
 10
39960.46756730428
 20
30623.00000000008
 10
39955.49759175028
 20
30623.00000000008
 10
39950.54353073774
 20
30623.00000000008
 10
39945.61330970752
 20
30623.00000000008
 10
39940.71481596151
 20
30623.00000000008
 10
39935.85588604477
 20
30623.00000000008
 10
39931.04429320864
 20
30623.00000000008
 10
39926.28773497525
 20
30623.00000000008
 10
39921.59382082307
 20
30623.00000000008
 10
39916.97006001345
 20
30623.00000000008
 10
39912.42384957732
 20
30623.00000000008
 10
39907.96246248159
 20
30623.00000000008
 10
39903.5930359939
 20
30623.00000000008
 10
39899.32256026451
 20
30623.00000000008
 10
39895.15786714364
 20
30623.00000000008
 10
39891.10561925183
 20
30623.00000000008
 10
39887.17229932129
 20
30623.00000000008
 10
39883.36419982484
 20
30623.00000000008
 10
39879.68741290932
 20
30623.00000000008
 10
39876.14782064947
 20
30623.00000000008
 10
39872.75108563781
 20
30623.00000000008
 10
39869.50264192578
 20
30623.00000000008
 10
39866.40768633034
 20
30623.00000000008
 10
39863.47117012023
 20
30623.00000000008
 10
39860.69779109497
 20
30623.00000000008
 10
39858.09198606936
 20
30623.00000000008
 10
39855.65792377559
 20
30623.00000000008
 10
39853.39949819406
 20
30623.00000000008
 10
39851.32032232395
 20
30623.00000000008
 10
39849.4237224031
 20
30623.00000000008
 10
39847.71273258683
 20
30623.00000000008
 10
39846.19009009382
 20
30623.00000000008
 10
39844.85823082728
 20
30623.00000000008
 10
39843.71928547788
 20
30623.00000000008
 10
39842.77507611524
 20
30623.00000000008
 10
39842.02711327293
 20
30623.00000000008
 10
39841.47659353192
 20
30623.00000000008
 10
39841.12439760638
 20
30623.00000000008
 10
39840.97108893463
 20
30623.00000000008
 10
39840.96383417139
 20
30623.00000000008
1001
REVIT
1002
{
1070
     1
1000
1961636
1002
}
1002
{
1070
     5
1000
1739590
1002
}
1002
{
1070
     3
1000
1035229
1002
}
  0
LWPOLYLINE
  5
346
330
2CB
100
AcDbEntity
  8
P-SANR-FIXT
100
AcDbPolyline
 90
       41
 70
   128
 43
0.0
 10
39840.96383417139
 20
30623.00000000008
 10
39840.94310659289
 20
30623.00041460693
 10
39840.92241217409
 20
30623.0016577642
 10
39840.90178402165
 20
30623.00372748311
 10
39840.88125513621
 20
30623.00662045255
 10
39840.86085835962
 20
30623.01033204438
 10
39840.84062632235
 20
30623.01485632085
 10
39840.82059139136
 20
30623.02018604409
 10
39840.80078561825
 20
30623.02631268766
 10
39840.78124068807
 20
30623.03322645024
 10
39840.7619878685
 20
30623.0409162713
 10
39840.74305795995
 20
30623.04936984877
 10
39840.72448124624
 20
30623.0585736587
 10
39840.70628744616
 20
30623.06851297699
 10
39840.6885056659
 20
30623.07917190283
 10
39840.67116435251
 20
30623.09053338422
 10
39840.6542912484
 20
30623.10257924522
 10
39840.63791334693
 20
30623.11529021501
 10
39840.62205684925
 20
30623.12864595876
 10
39840.60674712238
 20
30623.14262511011
 10
39840.59200865862
 20
30623.15720530543
 10
39840.57786503637
 20
30623.17236321949
 10
39840.56433888238
 20
30623.18807460288
 10
39840.55145183564
 20
30623.20431432073
 10
39840.53922451267
 20
30623.22105639296
 10
39840.52767647458
 20
30623.23827403581
 10
39840.51682619575
 20
30623.25593970475
 10
39840.50669103433
 20
30623.27402513846
 10
39840.49728720441
 20
30623.29250140411
 10
39840.48862975012
 20
30623.31133894361
 10
39840.48073252152
 20
30623.33050762092
 10
39840.47360815251
 20
30623.34997677025
 10
39840.46726804055
 20
30623.36971524512
 10
39840.46172232848
 20
30623.38969146816
 10
39840.45697988825
 20
30623.40987348169
 10
39840.45304830673
 20
30623.43022899879
 10
39840.44993387364
 20
30623.45072545497
 10
39840.4476415714
 20
30623.47133006027
 10
39840.44617506722
 20
30623.49200985173
 10
39840.44553670717
 20
30623.5127317461
 10
39840.44550649914
 20
30623.51832767232
1001
REVIT
1002
{
1070
     1
1000
1961636
1002
}
1002
{
1070
     5
1000
1739590
1002
}
1002
{
1070
     3
1000
1035229
1002
}
  0
LINE
  5
347
330
2CB
100
AcDbEntity
  8
P-SANR-FIXT
100
AcDbLine
 10
39976.94926417544
 20
30677.00000000001
 30
0.0
 11
39976.94926417544
 21
30678.00000000007
 31
0.0
1001
REVIT
1002
{
1070
     1
1000
1961636
1002
}
1002
{
1070
     5
1000
1739590
1002
}
1002
{
1070
     3
1000
1035229
1002
}
  0
LINE
  5
348
330
2CB
100
AcDbEntity
  8
P-SANR-FIXT
100
AcDbLine
 10
39953.94174882279
 20
30678.00000000007
 30
0.0
 11
39953.94174882279
 21
30677.00000000001
 31
0.0
1001
REVIT
1002
{
1070
     1
1000
1961636
1002
}
1002
{
1070
     5
1000
1739590
1002
}
1002
{
1070
     3
1000
1035229
1002
}
  0
LINE
  5
349
330
2CB
100
AcDbEntity
  8
P-SANR-FIXT
100
AcDbLine
 10
39975.94926417544
 20
30675.00000000001
 30
0.0
 11
39975.94926417544
 21
30677.00000000001
 31
0.0
1001
REVIT
1002
{
1070
     1
1000
1961636
1002
}
1002
{
1070
     5
1000
1739590
1002
}
1002
{
1070
     3
1000
1035229
1002
}
  0
LINE
  5
34A
330
2CB
100
AcDbEntity
  8
P-SANR-FIXT
100
AcDbLine
 10
39954.94174882279
 20
30677.00000000001
 30
0.0
 11
39954.94174882279
 21
30675.00000000001
 31
0.0
1001
REVIT
1002
{
1070
     1
1000
1961636
1002
}
1002
{
1070
     5
1000
1739590
1002
}
1002
{
1070
     3
1000
1035229
1002
}
  0
LWPOLYLINE
  5
34B
330
2CB
100
AcDbEntity
  8
P-SANR-FIXT
100
AcDbPolyline
 90
       41
 70
   128
 43
0.0
 10
39976.94926417544
 20
30675.00000000001
 10
39976.9400623963
 20
30675.00000000001
 10
39976.91247177977
 20
30675.00000000001
 10
39976.86653646494
 20
30675.00000000001
 10
39976.80232993853
 20
30675.00000000001
 10
39976.71995491728
 20
30675.00000000001
 10
39976.61954318363
 20
30675.00000000001
 10
39976.50125537495
 20
30675.00000000001
 10
39976.36528072652
 20
30675.00000000001
 10
39976.21183676875
 20
30675.00000000001
 10
39976.04116897923
 20
30675.00000000001
 10
39975.85355039005
 20
30675.00000000001
 10
39975.6492811509
 20
30675.00000000001
 10
39975.42868804899
 20
30675.00000000001
 10
39975.19212398624
 20
30675.00000000001
 10
39974.93996741469
 20
30675.00000000001
 10
39974.67262173102
 20
30675.00000000001
 10
39974.39051463135
 20
30675.00000000001
 10
39974.09409742682
 20
30675.00000000001
 10
39973.78384432175
 20
30675.00000000001
 10
39973.46025165492
 20
30675.00000000001
 10
39973.12383710555
 20
30675.00000000001
 10
39972.77513886517
 20
30675.00000000001
 10
39972.41471477657
 20
30675.00000000001
 10
39972.04314144142
 20
30675.00000000001
 10
39971.66101329778
 20
30675.00000000001
 10
39971.26894166916
 20
30675.00000000001
 10
39970.86755378655
 20
30675.00000000001
 10
39970.4574917849
 20
30675.00000000001
 10
39970.03941167599
 20
30675.00000000001
 10
39969.61398229875
 20
30675.00000000001
 10
39969.18188424947
 20
30675.00000000001
 10
39968.74380879284
 20
30675.00000000001
 10
39968.30045675614
 20
30675.00000000001
 10
39967.85253740804
 20
30675.00000000001
 10
39967.40076732397
 20
30675.00000000001
 10
39966.94586923968
 20
30675.00000000001
 10
39966.48857089507
 20
30675.00000000001
 10
39966.02960386993
 20
30675.00000000001
 10
39965.5697024136
 20
30675.00000000001
 10
39965.44550649912
 20
30675.00000000001
1001
REVIT
1002
{
1070
     1
1000
1961636
1002
}
1002
{
1070
     5
1000
1739590
1002
}
1002
{
1070
     3
1000
1035229
1002
}
  0
LWPOLYLINE
  5
34C
330
2CB
100
AcDbEntity
  8
P-SANR-FIXT
100
AcDbPolyline
 90
       17
 70
   128
 43
0.0
 10
39974.59791474291
 20
30675.00000000001
 10
39974.86928779134
 20
30675.00000000001
 10
39975.1255848
 20
30675.00000000001
 10
39975.36639574836
 20
30675.00000000001
 10
39975.59133539027
 20
30675.00000000001
 10
39975.80004387027
 20
30675.00000000001
 10
39975.99218729933
 20
30675.00000000001
 10
39976.16745828895
 20
30675.00000000001
 10
39976.32557644293
 20
30675.00000000001
 10
39976.46628880596
 20
30675.00000000001
 10
39976.58937026827
 20
30675.00000000001
 10
39976.69462392579
 20
30675.00000000001
 10
39976.7818813951
 20
30675.00000000001
 10
39976.85100308288
 20
30675.00000000001
 10
39976.90187840917
 20
30675.00000000001
 10
39976.93442598431
 20
30675.00000000001
 10
39976.9485937391
 20
30675.00000000001
1001
REVIT
1002
{
1070
     1
1000
1961636
1002
}
1002
{
1070
     5
1000
1739590
1002
}
1002
{
1070
     3
1000
1035229
1002
}
  0
LWPOLYLINE
  5
34D
330
2CB
100
AcDbEntity
  8
P-SANR-FIXT
100
AcDbPolyline
 90
       41
 70
   128
 43
0.0
 10
39976.94926417544
 20
30675.00000000001
 10
39976.98925350962
 20
30674.99920010667
 10
39977.02917886941
 20
30674.99680170631
 10
39977.06897638273
 20
30674.99280863586
 10
39977.10858238205
 20
30674.98722728338
 10
39977.14793350624
 20
30674.98006657785
 10
39977.18696680187
 20
30674.97133797486
 10
39977.225619824
 20
30674.96105543832
 10
39977.26383073606
 20
30674.94923541809
 10
39977.30153840871
 20
30674.93589682368
 10
39977.33868251775
 20
30674.92106099401
 10
39977.37520364051
 20
30674.90475166322
 10
39977.41104335099
 20
30674.88699492279
 10
39977.44614431328
 20
30674.86781917969
 10
39977.48045037336
 20
30674.84725511102
 10
39977.51390664884
 20
30674.82533561492
 10
39977.5464596168
 20
30674.80209575789
 10
39977.57805719946
 20
30674.77757271875
 10
39977.60864884742
 20
30674.75180572914
 10
39977.63818562056
 20
30674.72483601075
 10
39977.66662026634
 20
30674.69670670936
 10
39977.69390729541
 20
30674.66746282585
 10
39977.72000305434
 20
30674.6371511442
 10
39977.74486579548
 20
30674.60582015665
 10
39977.76845574374
 20
30674.57351998607
 10
39977.79073516026
 20
30674.54030230587
 10
39977.81166840269
 20
30674.50622025724
 10
39977.83122198233
 20
30674.47132836418
 10
39977.84936461762
 20
30674.43568244628
 10
39977.86606728421
 20
30674.39933952941
 10
39977.88130326141
 20
30674.36235775448
 10
39977.89504817489
 20
30674.32479628444
 10
39977.90728003573
 20
30674.28671520964
 10
39977.91797927556
 20
30674.24817545166
 10
39977.92712877787
 20
30674.2092386659
 10
39977.93471390543
 20
30674.16996714291
 10
39977.94072252362
 20
30674.13042370874
 10
39977.94514501998
 20
30674.09067162447
 10
39977.94797431941
 20
30674.05077448494
 10
39977.94920589566
 20
30674.01079611706
 10
39977.94926417544
 20
30674.0
1001
REVIT
1002
{
1070
     1
1000
1961636
1002
}
1002
{
1070
     5
1000
1739590
1002
}
1002
{
1070
     3
1000
1035229
1002
}
  0
LWPOLYLINE
  5
34E
330
2CB
100
AcDbEntity
  8
P-SANR-FIXT
100
AcDbPolyline
 90
       17
 70
   128
 43
0.0
 10
39953.94174882279
 20
30675.00000000001
 10
39953.95095060192
 20
30675.00000000001
 10
39953.97854121846
 20
30675.00000000001
 10
39954.02447653329
 20
30675.00000000001
 10
39954.0886830597
 20
30675.00000000001
 10
39954.17105808096
 20
30675.00000000001
 10
39954.2714698146
 20
30675.00000000001
 10
39954.38975762327
 20
30675.00000000001
 10
39954.52573227171
 20
30675.00000000001
 10
39954.67917622948
 20
30675.00000000001
 10
39954.84984401899
 20
30675.00000000001
 10
39955.03746260818
 20
30675.00000000001
 10
39955.24173184733
 20
30675.00000000001
 10
39955.46232494923
 20
30675.00000000001
 10
39955.69888901198
 20
30675.00000000001
 10
39955.95104558356
 20
30675.00000000001
 10
39956.2183912672
 20
30675.00000000001
1001
REVIT
1002
{
1070
     1
1000
1961636
1002
}
1002
{
1070
     5
1000
1739590
1002
}
1002
{
1070
     3
1000
1035229
1002
}
  0
LWPOLYLINE
  5
34F
330
2CB
100
AcDbEntity
  8
P-SANR-FIXT
100
AcDbPolyline
 90
       40
 70
   128
 43
0.0
 10
39965.44550649912
 20
30675.00000000001
 10
39964.985478889
 20
30675.00000000001
 10
39964.52618722491
 20
30675.00000000001
 10
39964.06836627556
 20
30675.00000000001
 10
39963.61274845679
 20
30675.00000000001
 10
39963.16006265993
 20
30675.00000000001
 10
39962.71103308567
 20
30675.00000000001
 10
39962.26637808555
 20
30675.00000000001
 10
39961.82680901271
 20
30675.00000000001
 10
39961.39302908389
 20
30675.00000000001
 10
39960.96573225448
 20
30675.00000000001
 10
39960.54560210822
 20
30675.00000000001
 10
39960.13331076371
 20
30675.00000000001
 10
39959.72951779918
 20
30675.00000000001
 10
39959.33486919722
 20
30675.00000000001
 10
39958.94999631142
 20
30675.00000000001
 10
39958.57551485627
 20
30675.00000000001
 10
39958.21202392224
 20
30675.00000000001
 10
39957.86010501727
 20
30675.00000000001
 10
39957.52032113653
 20
30675.00000000001
 10
39957.19321586177
 20
30675.00000000001
 10
39956.87931249162
 20
30675.00000000001
 10
39956.57911320454
 20
30675.00000000001
 10
39956.29309825533
 20
30675.00000000001
 10
39956.02172520689
 20
30675.00000000001
 10
39955.76542819823
 20
30675.00000000001
 10
39955.52461724987
 20
30675.00000000001
 10
39955.29967760796
 20
30675.00000000001
 10
39955.09096912795
 20
30675.00000000001
 10
39954.89882569891
 20
30675.00000000001
 10
39954.72355470928
 20
30675.00000000001
 10
39954.56543655529
 20
30675.00000000001
 10
39954.42472419227
 20
30675.00000000001
 10
39954.30164272995
 20
30675.00000000001
 10
39954.19638907244
 20
30675.00000000001
 10
39954.10913160312
 20
30675.00000000001
 10
39954.04000991534
 20
30675.00000000001
 10
39953.98913458905
 20
30675.00000000001
 10
39953.95658701393
 20
30675.00000000001
 10
39953.94241925913
 20
30675.00000000001
1001
REVIT
1002
{
1070
     1
1000
1961636
1002
}
1002
{
1070
     5
1000
1739590
1002
}
1002
{
1070
     3
1000
1035229
1002
}
  0
LWPOLYLINE
  5
350
330
2CB
100
AcDbEntity
  8
P-SANR-FIXT
100
AcDbPolyline
 90
       41
 70
   128
 43
0.0
 10
39952.94174882279
 20
30674.0
 10
39952.94254871612
 20
30674.03998933419
 10
39952.94494711649
 20
30674.07991469397
 10
39952.94894018693
 20
30674.11971220729
 10
39952.95452153941
 20
30674.15931820662
 10
39952.96168224494
 20
30674.1986693308
 10
39952.97041084794
 20
30674.23770262643
 10
39952.98069338448
 20
30674.27635564857
 10
39952.99251340471
 20
30674.31456656062
 10
39953.00585199911
 20
30674.35227423328
 10
39953.02068782878
 20
30674.38941834231
 10
39953.03699715957
 20
30674.42593946507
 10
39953.05475390001
 20
30674.46177917555
 10
39953.0739296431
 20
30674.49688013785
 10
39953.09449371177
 20
30674.53118619793
 10
39953.11641320788
 20
30674.5646424734
 10
39953.1396530649
 20
30674.59719544137
 10
39953.16417610403
 20
30674.62879302403
 10
39953.18994309364
 20
30674.65938467198
 10
39953.21691281205
 20
30674.68892144512
 10
39953.24504211344
 20
30674.71735609091
 10
39953.27428599695
 20
30674.74464311997
 10
39953.30459767859
 20
30674.77073887891
 10
39953.33592866614
 20
30674.79560162004
 10
39953.36822883672
 20
30674.81919156831
 10
39953.40144651692
 20
30674.84147098481
 10
39953.43552856556
 20
30674.86240422725
 10
39953.47042045861
 20
30674.88195780689
 10
39953.50606637651
 20
30674.90010044218
 10
39953.54240929338
 20
30674.91680310878
 10
39953.57939106831
 20
30674.93203908597
 10
39953.61695253835
 20
30674.94578399946
 10
39953.65503361315
 20
30674.95801586029
 10
39953.69357337113
 20
30674.96871510013
 10
39953.7325101569
 20
30674.97786460244
 10
39953.77178167988
 20
30674.98544973
 10
39953.81132511405
 20
30674.9914583482
 10
39953.85107719832
 20
30674.99588084454
 10
39953.89097433785
 20
30674.99871014398
 10
39953.93095270573
 20
30674.99994172024
 10
39953.94174882279
 20
30675.00000000001
1001
REVIT
1002
{
1070
     1
1000
1961636
1002
}
1002
{
1070
     5
1000
1739590
1002
}
1002
{
1070
     3
1000
1035229
1002
}
  0
LINE
  5
351
330
2CB
100
AcDbEntity
  8
P-SANR-FIXT
100
AcDbLine
 10
39977.94926417544
 20
30662.27362972635
 30
0.0
 11
39977.94926417544
 21
30674.00000000001
 31
0.0
1001
REVIT
1002
{
1070
     1
1000
1961636
1002
}
1002
{
1070
     5
1000
1739590
1002
}
1002
{
1070
     3
1000
1035229
1002
}
  0
LINE
  5
352
330
2CB
100
AcDbEntity
  8
P-SANR-FIXT
100
AcDbLine
 10
39952.94174882279
 20
30674.00000000001
 30
0.0
 11
39952.94174882279
 21
30662.27362972635
 31
0.0
1001
REVIT
1002
{
1070
     1
1000
1961636
1002
}
1002
{
1070
     5
1000
1739590
1002
}
1002
{
1070
     3
1000
1035229
1002
}
  0
LINE
  5
353
330
2CB
100
AcDbEntity
  8
P-SANR-FIXT
100
AcDbLine
 10
39975.41215659502
 20
30659.39273239563
 30
0.0
 11
39977.13616704009
 21
30660.66389012322
 31
0.0
1001
REVIT
1002
{
1070
     1
1000
1961636
1002
}
1002
{
1070
     5
1000
1739590
1002
}
1002
{
1070
     3
1000
1035229
1002
}
  0
LINE
  5
354
330
2CB
100
AcDbEntity
  8
P-SANR-FIXT
100
AcDbLine
 10
39953.75484595814
 20
30660.66389012322
 30
0.0
 11
39955.4788564032
 21
30659.39273239563
 31
0.0
1001
REVIT
1002
{
1070
     1
1000
1961636
1002
}
1002
{
1070
     5
1000
1739590
1002
}
1002
{
1070
     3
1000
1035229
1002
}
  0
LWPOLYLINE
  5
355
330
2CB
100
AcDbEntity
  8
P-SANR-FIXT
100
AcDbPolyline
 90
       40
 70
   128
 43
0.0
 10
39975.41215659502
 20
30659.39273239563
 10
39975.34873357578
 20
30659.34398132034
 10
39975.28731081122
 20
30659.2927329964
 10
39975.22798656468
 20
30659.23906941019
 10
39975.17085574229
 20
30659.18307641202
 10
39975.11600974118
 20
30659.12484357872
 10
39975.06353630326
 20
30659.0644640704
 10
39975.01351937482
 20
30659.00203448141
 10
39974.96603897227
 20
30658.93765468576
 10
39974.92117105417
 20
30658.8714276774
 10
39974.87898739957
 20
30658.80345940541
 10
39974.83955549335
 20
30658.73385860453
 10
39974.80293841813
 20
30658.66273662119
 10
39974.76919475343
 20
30658.59020723539
 10
39974.73837848188
 20
30658.51638647868
 10
39974.710538903
 20
30658.44139244851
 10
39974.68572055414
 20
30658.36534511936
 10
39974.66396313939
 20
30658.28836615071
 10
39974.64530146593
 20
30658.21057869249
 10
39974.62976538849
 20
30658.13210718804
 10
39974.61737976146
 20
30658.05307717504
 10
39974.60816439922
 20
30657.97361508464
 10
39974.60213404437
 20
30657.89384803923
 10
39974.59929834421
 20
30657.81390364908
 10
39974.59966183523
 20
30657.73390980816
 10
39974.60322393593
 20
30657.65399448953
 10
39974.60997894772
 20
30657.57428554067
 10
39974.61991606401
 20
30657.4949104789
 10
39974.63301938754
 20
30657.41599628737
 10
39974.64926795579
 20
30657.33766921196
 10
39974.66863577452
 20
30657.26005455928
 10
39974.69109185932
 20
30657.18327649622
 10
39974.71660028528
 20
30657.10745785131
 10
39974.74512024437
 20
30657.03271991819
 10
39974.77660611069
 20
30656.95918226162
 10
39974.81100751361
 20
30656.88696252616
 10
39974.84826941822
 20
30656.81617624799
 10
39974.88833221339
 20
30656.74693667004
 10
39974.93113180725
 20
30656.67935456088
 10
39974.96075537109
 20
30656.63583991979
1001
REVIT
1002
{
1070
     1
1000
1961636
1002
}
1002
{
1070
     5
1000
1739590
1002
}
1002
{
1070
     3
1000
1035229
1002
}
  0
LWPOLYLINE
  5
356
330
2CB
100
AcDbEntity
  8
P-SANR-FIXT
100
AcDbPolyline
 90
       40
 70
   128
 43
0.0
 10
39955.93025762713
 20
30656.63583991979
 10
39955.97482103819
 20
30656.70227220943
 10
39956.01669222024
 20
30656.77043342146
 10
39956.05580418834
 20
30656.84021451248
 10
39956.09209437166
 20
30656.91150384764
 10
39956.12550471365
 20
30656.9841873792
 10
39956.15598176491
 20
30657.05814882902
 10
39956.18347676863
 20
30657.13326987455
 10
39956.2079457387
 20
30657.20943033816
 10
39956.22934952996
 20
30657.28650837934
 10
39956.24765390092
 20
30657.36438068966
 10
39956.2628295685
 20
30657.44292269005
 10
39956.27485225487
 20
30657.52200873006
 10
39956.28370272628
 20
30657.6015122889
 10
39956.28936682388
 20
30657.68130617784
 10
39956.29183548632
 20
30657.76126274366
 10
39956.29110476425
 20
30657.84125407292
 10
39956.28717582669
 20
30657.92115219657
 10
39956.28005495909
 20
30658.00082929464
 10
39956.26975355333
 20
30658.08015790077
 10
39956.25628808944
 20
30658.15901110613
 10
39956.23968010932
 20
30658.23726276239
 10
39956.21995618217
 20
30658.31478768361
 10
39956.19714786208
 20
30658.39146184645
 10
39956.17129163749
 20
30658.4671625886
 10
39956.14242887285
 20
30658.54176880502
 10
39956.11060574241
 20
30658.61516114169
 10
39956.07587315642
 20
30658.68722218652
 10
39956.03828667958
 20
30658.75783665721
 10
39955.99790644225
 20
30658.82689158567
 10
39955.95479704418
 20
30658.89427649875
 10
39955.90902745123
 20
30658.95988359497
 10
39955.86067088498
 20
30659.02360791695
 10
39955.80980470562
 20
30659.08534751939
 10
39955.75651028817
 20
30659.14500363208
 10
39955.70087289236
 20
30659.20248081798
 10
39955.64298152612
 20
30659.25768712584
 10
39955.58292880332
 20
30659.31053423736
 10
39955.52081079548
 20
30659.36093760842
 10
39955.4788564032
 20
30659.39273239563
1001
REVIT
1002
{
1070
     1
1000
1961636
1002
}
1002
{
1070
     5
1000
1739590
1002
}
1002
{
1070
     3
1000
1035229
1002
}
  0
LINE
  5
357
330
2CB
100
AcDbEntity
  8
P-SANR-FIXT
100
AcDbLine
 10
39975.71921234731
 20
30655.55265110102
 30
0.0
 11
39974.96075537109
 21
30656.63583991979
 31
0.0
1001
REVIT
1002
{
1070
     1
1000
1961636
1002
}
1002
{
1070
     5
1000
1739590
1002
}
1002
{
1070
     3
1000
1035229
1002
}
  0
LINE
  5
358
330
2CB
100
AcDbEntity
  8
P-SANR-FIXT
100
AcDbLine
 10
39955.93025762713
 20
30656.63583991979
 30
0.0
 11
39955.17180065092
 21
30655.55265110102
 31
0.0
1001
REVIT
1002
{
1070
     1
1000
1961636
1002
}
1002
{
1070
     5
1000
1739590
1002
}
1002
{
1070
     3
1000
1035229
1002
}
  0
LWPOLYLINE
  5
359
330
2CB
100
AcDbEntity
  8
P-SANR-FIXT
100
AcDbPolyline
 90
       41
 70
   128
 43
0.0
 10
39980.63705100346
 20
30654.70246618269
 10
39980.6248993882
 20
30654.70246618269
 10
39980.58846398242
 20
30654.70246618269
 10
39980.52780307499
 20
30654.70246618269
 10
39980.44301371042
 20
30654.70246618269
 10
39980.33423153361
 20
30654.70246618269
 10
39980.20163057283
 20
30654.70246618269
 10
39980.04542296135
 20
30654.70246618269
 10
39979.86585859801
 20
30654.70246618269
 10
39979.66322474749
 20
30654.70246618269
 10
39979.43784558073
 20
30654.70246618269
 10
39979.1900816563
 20
30654.70246618269
 10
39978.92032934364
 20
30654.70246618269
 10
39978.62902018892
 20
30654.70246618269
 10
39978.31662022461
 20
30654.70246618269
 10
39977.98362922404
 20
30654.70246618269
 10
39977.63057990175
 20
30654.70246618269
 10
39977.25803706138
 20
30654.70246618269
 10
39976.86659669198
 20
30654.70246618269
 10
39976.45688501464
 20
30654.70246618269
 10
39976.02955748063
 20
30654.70246618269
 10
39975.58529772288
 20
30654.70246618269
 10
39975.1248164622
 20
30654.70246618269
 10
39974.64885037039
 20
30654.70246618269
 10
39974.15816089167
 20
30654.70246618269
 10
39973.65353302451
 20
30654.70246618269
 10
39973.13577406587
 20
30654.70246618269
 10
39972.60571231962
 20
30654.70246618269
 10
39972.06419577149
 20
30654.70246618269
 10
39971.51209073244
 20
30654.70246618269
 10
39970.95028045274
 20
30654.70246618269
 10
39970.37966370902
 20
30654.70246618269
 10
39969.80115336631
 20
30654.70246618269
 10
39969.21567491777
 20
30654.70246618269
 10
39968.62416500403
 20
30654.70246618269
 10
39968.02756991477
 20
30654.70246618269
 10
39967.42684407483
 20
30654.70246618269
 10
39966.82294851745
 20
30654.70246618269
 10
39966.21684934667
 20
30654.70246618269
 10
39965.60951619188
 20
30654.70246618269
 10
39965.44550649912
 20
30654.70246618269
1001
REVIT
1002
{
1070
     1
1000
1961636
1002
}
1002
{
1070
     5
1000
1739590
1002
}
1002
{
1070
     3
1000
1035229
1002
}
  0
LWPOLYLINE
  5
35A
330
2CB
100
AcDbEntity
  8
P-SANR-FIXT
100
AcDbPolyline
 90
       40
 70
   128
 43
0.0
 10
39965.44550649912
 20
30654.70246618269
 10
39966.0530062491
 20
30654.70246618269
 10
39966.65953412909
 20
30654.70246618269
 10
39967.26411982385
 20
30654.70246618269
 10
39967.86579612524
 20
30654.70246618269
 10
39968.46360047953
 20
30654.70246618269
 10
39969.05657652728
 20
30654.70246618269
 10
39969.64377563331
 20
30654.70246618269
 10
39970.22425840429
 20
30654.70246618269
 10
39970.79709619165
 20
30654.70246618269
 10
39971.36137257711
 20
30654.70246618269
 10
39971.91618483882
 20
30654.70246618269
 10
39972.46064539553
 20
30654.70246618269
 10
39972.99388322649
 20
30654.70246618269
 10
39973.51504526492
 20
30654.70246618269
 10
39974.02329776274
 20
30654.70246618269
 10
39974.51782762436
 20
30654.70246618269
 10
39974.99784370751
 20
30654.70246618269
 10
39975.46257808886
 20
30654.70246618269
 10
39975.9112872925
 20
30654.70246618269
 10
39976.34325347948
 20
30654.70246618269
 10
39976.75778559601
 20
30654.70246618269
 10
39977.15422047913
 20
30654.70246618269
 10
39977.53192391762
 20
30654.70246618269
 10
39977.89029166654
 20
30654.70246618269
 10
39978.22875041394
 20
30654.70246618269
 10
39978.54675869801
 20
30654.70246618269
 10
39978.84380777335
 20
30654.70246618269
 10
39979.11942242481
 20
30654.70246618269
 10
39979.37316172774
 20
30654.70246618269
 10
39979.60461975337
 20
30654.70246618269
 10
39979.81342621825
 20
30654.70246618269
 10
39979.99924707657
 20
30654.70246618269
 10
39980.16178505459
 20
30654.70246618269
 10
39980.30078012623
 20
30654.70246618269
 10
39980.41600992903
 20
30654.70246618269
 10
39980.50729011987
 20
30654.70246618269
 10
39980.57447466993
 20
30654.70246618269
 10
39980.61745609826
 20
30654.70246618269
 10
39980.63616564374
 20
30654.70246618269
1001
REVIT
1002
{
1070
     1
1000
1961636
1002
}
1002
{
1070
     5
1000
1739590
1002
}
1002
{
1070
     3
1000
1035229
1002
}
  0
LWPOLYLINE
  5
35B
330
2CB
100
AcDbEntity
  8
P-SANR-FIXT
100
AcDbPolyline
 90
       39
 70
   128
 43
0.0
 10
39980.63705100346
 20
30654.70246618269
 10
39980.71473262638
 20
30654.70091234305
 10
39980.79228997527
 20
30654.69625330994
 10
39980.86959897493
 20
30654.68849653681
 10
39980.94653594745
 20
30654.67765443284
 10
39981.02297781007
 20
30654.66374434311
 10
39981.09880227213
 20
30654.64678852076
 10
39981.17388803065
 20
30654.62681409152
 10
39981.24811496446
 20
30654.60385301019
 10
39981.32136432628
 20
30654.57794200962
 10
39981.39351893277
 20
30654.54912254188
 10
39981.46446335194
 20
30654.51744071197
 10
39981.53408408784
 20
30654.48294720406
 10
39981.60226976218
 20
30654.44569720039
 10
39981.66891129242
 20
30654.40575029305
 10
39981.7339020663
 20
30654.36317038854
 10
39981.79713811246
 20
30654.31802560564
 10
39981.85851826671
 20
30654.27038816636
 10
39981.91794433392
 20
30654.22033428046
 10
39981.97532124504
 20
30654.16794402346
 10
39982.03055720926
 20
30654.11330120861
 10
39982.08356386081
 20
30654.05649325276
 10
39982.13425640037
 20
30653.9976110365
 10
39982.18255373066
 20
30653.93674875883
 10
39982.2283785863
 20
30653.87400378641
 10
39982.27165765725
 20
30653.80947649781
 10
39982.31232170628
 20
30653.74327012292
 10
39982.35030567953
 20
30653.67549057783
 10
39982.3855488108
 20
30653.60624629535
 10
39982.41799471855
 20
30653.53564805155
 10
39982.44759149628
 20
30653.46380878857
 10
39982.47429179545
 20
30653.39084343389
 10
39982.49805290126
 20
30653.31686871654
 10
39982.51883680104
 20
30653.24200298027
 10
39982.53661024497
 20
30653.16636599429
 10
39982.55134479933
 20
30653.09007876164
 10
39982.56301689198
 20
30653.01326332562
 10
39982.57160785005
 20
30652.93604257454
 10
39982.57694734173
 20
30652.86157329457
1001
REVIT
1002
{
1070
     1
1000
1961636
1002
}
1002
{
1070
     5
1000
1739590
1002
}
1002
{
1070
     3
1000
1035229
1002
}
  0
LWPOLYLINE
  5
35C
330
2CB
100
AcDbEntity
  8
P-SANR-FIXT
100
AcDbPolyline
 90
       41
 70
   128
 43
0.0
 10
39950.25396199477
 20
30654.70246618269
 10
39950.26611361002
 20
30654.70246618269
 10
39950.30254901581
 20
30654.70246618269
 10
39950.36320992324
 20
30654.70246618269
 10
39950.44799928781
 20
30654.70246618269
 10
39950.55678146462
 20
30654.70246618269
 10
39950.68938242539
 20
30654.70246618269
 10
39950.84559003687
 20
30654.70246618269
 10
39951.02515440021
 20
30654.70246618269
 10
39951.22778825074
 20
30654.70246618269
 10
39951.45316741751
 20
30654.70246618269
 10
39951.70093134193
 20
30654.70246618269
 10
39951.97068365458
 20
30654.70246618269
 10
39952.26199280932
 20
30654.70246618269
 10
39952.57439277361
 20
30654.70246618269
 10
39952.9073837742
 20
30654.70246618269
 10
39953.26043309647
 20
30654.70246618269
 10
39953.63297593685
 20
30654.70246618269
 10
39954.02441630625
 20
30654.70246618269
 10
39954.43412798358
 20
30654.70246618269
 10
39954.86145551759
 20
30654.70246618269
 10
39955.30571527534
 20
30654.70246618269
 10
39955.76619653603
 20
30654.70246618269
 10
39956.24216262784
 20
30654.70246618269
 10
39956.73285210657
 20
30654.70246618269
 10
39957.23747997371
 20
30654.70246618269
 10
39957.75523893236
 20
30654.70246618269
 10
39958.28530067861
 20
30654.70246618269
 10
39958.82681722674
 20
30654.70246618269
 10
39959.3789222658
 20
30654.70246618269
 10
39959.94073254549
 20
30654.70246618269
 10
39960.51134928921
 20
30654.70246618269
 10
39961.08985963192
 20
30654.70246618269
 10
39961.67533808045
 20
30654.70246618269
 10
39962.2668479942
 20
30654.70246618269
 10
39962.86344308347
 20
30654.70246618269
 10
39963.46416892339
 20
30654.70246618269
 10
39964.06806448078
 20
30654.70246618269
 10
39964.67416365156
 20
30654.70246618269
 10
39965.28149680636
 20
30654.70246618269
 10
39965.44550649912
 20
30654.70246618269
1001
REVIT
1002
{
1070
     1
1000
1961636
1002
}
1002
{
1070
     5
1000
1739590
1002
}
1002
{
1070
     3
1000
1035229
1002
}
  0
LWPOLYLINE
  5
35D
330
2CB
100
AcDbEntity
  8
P-SANR-FIXT
100
AcDbPolyline
 90
       40
 70
   128
 43
0.0
 10
39965.44550649912
 20
30654.70246618269
 10
39964.83800674912
 20
30654.70246618269
 10
39964.23147886913
 20
30654.70246618269
 10
39963.62689317437
 20
30654.70246618269
 10
39963.02521687298
 20
30654.70246618269
 10
39962.4274125187
 20
30654.70246618269
 10
39961.83443647094
 20
30654.70246618269
 10
39961.24723736492
 20
30654.70246618269
 10
39960.66675459393
 20
30654.70246618269
 10
39960.09391680658
 20
30654.70246618269
 10
39959.52964042113
 20
30654.70246618269
 10
39958.9748281594
 20
30654.70246618269
 10
39958.43036760269
 20
30654.70246618269
 10
39957.89712977173
 20
30654.70246618269
 10
39957.3759677333
 20
30654.70246618269
 10
39956.8677152355
 20
30654.70246618269
 10
39956.37318537387
 20
30654.70246618269
 10
39955.89316929072
 20
30654.70246618269
 10
39955.42843490938
 20
30654.70246618269
 10
39954.97972570572
 20
30654.70246618269
 10
39954.54775951875
 20
30654.70246618269
 10
39954.13322740223
 20
30654.70246618269
 10
39953.73679251909
 20
30654.70246618269
 10
39953.3590890806
 20
30654.70246618269
 10
39953.00072133168
 20
30654.70246618269
 10
39952.66226258428
 20
30654.70246618269
 10
39952.34425430021
 20
30654.70246618269
 10
39952.04720522487
 20
30654.70246618269
 10
39951.77159057341
 20
30654.70246618269
 10
39951.51785127048
 20
30654.70246618269
 10
39951.28639324486
 20
30654.70246618269
 10
39951.07758677997
 20
30654.70246618269
 10
39950.89176592166
 20
30654.70246618269
 10
39950.72922794363
 20
30654.70246618269
 10
39950.590232872
 20
30654.70246618269
 10
39950.4750030692
 20
30654.70246618269
 10
39950.38372287836
 20
30654.70246618269
 10
39950.31653832829
 20
30654.70246618269
 10
39950.27355689997
 20
30654.70246618269
 10
39950.2548473545
 20
30654.70246618269
1001
REVIT
1002
{
1070
     1
1000
1961636
1002
}
1002
{
1070
     5
1000
1739590
1002
}
1002
{
1070
     3
1000
1035229
1002
}
  0
LWPOLYLINE
  5
35E
330
2CB
100
AcDbEntity
  8
P-SANR-FIXT
100
AcDbPolyline
 90
       39
 70
   128
 43
0.0
 10
39948.3140656565
 20
30652.86157329457
 10
39948.31968290868
 20
30652.93906713585
 10
39948.32839459476
 20
30653.01627436014
 10
39948.34018677793
 20
30653.09307145236
 10
39948.35504059319
 20
30653.16933555355
 10
39948.37293227761
 20
30653.24494465741
 10
39948.39383320832
 20
30653.3197778055
 10
39948.41770994827
 20
30653.39371528075
 10
39948.4445242998
 20
30653.46663879898
 10
39948.47423336564
 20
30653.5384316981
 10
39948.50678961762
 20
30653.6089791248
 10
39948.54214097271
 20
30653.67816821824
 10
39948.58023087625
 20
30653.74588829064
 10
39948.62099839255
 20
30653.81203100431
 10
39948.66437830226
 20
30653.87649054504
 10
39948.71030120679
 20
30653.93916379131
 10
39948.75869363928
 20
30653.99995047929
 10
39948.80947818217
 20
30654.05875336324
 10
39948.86257359101
 20
30654.1154783711
 10
39948.91789492448
 20
30654.17003475497
 10
39948.97535368026
 20
30654.22233523624
 10
39949.03485793659
 20
30654.27229614533
 10
39949.09631249935
 20
30654.31983755542
 10
39949.15961905435
 20
30654.36488341042
 10
39949.2246763246
 20
30654.40736164654
 10
39949.29138023236
 20
30654.44720430769
 10
39949.3596240656
 20
30654.4843476541
 10
39949.42929864874
 20
30654.51873226434
 10
39949.50029251732
 20
30654.55030313037
 10
39949.57249209629
 20
30654.57900974555
 10
39949.64578188172
 20
30654.60480618539
 10
39949.7200446256
 20
30654.62765118111
 10
39949.79516152337
 20
30654.6475081856
 10
39949.87101240402
 20
30654.66434543186
 10
39949.94747592233
 20
30654.67813598392
 10
39950.02442975296
 20
30654.68885777982
 10
39950.10175078624
 20
30654.69649366697
 10
39950.17931532496
 20
30654.70103142959
 10
39950.25396199477
 20
30654.70246618269
1001
REVIT
1002
{
1070
     1
1000
1961636
1002
}
1002
{
1070
     5
1000
1739590
1002
}
1002
{
1070
     3
1000
1035229
1002
}
  0
LINE
  5
35F
330
2CB
100
AcDbEntity
  8
P-SANR-FIXT
100
AcDbLine
 10
39983.38702720808
 20
30637.40432863681
 30
0.0
 11
39982.57694734173
 21
30652.86157329457
 31
0.0
1001
REVIT
1002
{
1070
     1
1000
1961636
1002
}
1002
{
1070
     5
1000
1739590
1002
}
1002
{
1070
     3
1000
1035229
1002
}
  0
LINE
  5
360
330
2CB
100
AcDbEntity
  8
P-SANR-FIXT
100
AcDbLine
 10
39948.3140656565
 20
30652.86157329457
 30
0.0
 11
39947.50398579015
 21
30637.40432863681
 31
0.0
1001
REVIT
1002
{
1070
     1
1000
1961636
1002
}
1002
{
1070
     5
1000
1739590
1002
}
1002
{
1070
     3
1000
1035229
1002
}
  0
LINE
  5
361
330
2CB
100
AcDbEntity
  8
P-SANR-FIXT
100
AcDbLine
 10
39980.70009080825
 20
30636.00000000004
 30
0.0
 11
39980.70009080825
 21
30637.40432863681
 31
0.0
1001
REVIT
1002
{
1070
     1
1000
1961636
1002
}
1002
{
1070
     5
1000
1739590
1002
}
1002
{
1070
     3
1000
1035229
1002
}
  0
LINE
  5
362
330
2CB
100
AcDbEntity
  8
P-SANR-FIXT
100
AcDbLine
 10
39950.19092218997
 20
30637.40432863681
 30
0.0
 11
39950.19092218997
 21
30636.00000000004
 31
0.0
1001
REVIT
1002
{
1070
     1
1000
1961636
1002
}
1002
{
1070
     5
1000
1739590
1002
}
1002
{
1070
     3
1000
1035229
1002
}
  0
LWPOLYLINE
  5
363
330
2CB
100
AcDbEntity
  8
P-SANR-FIXT
100
AcDbPolyline
 90
       25
 70
   128
 43
0.0
 10
39975.71921234731
 20
30655.55265110102
 10
39975.76639669543
 20
30655.48805401126
 10
39975.8161264957
 20
30655.42539546295
 10
39975.86832219107
 20
30655.3647756964
 10
39975.92290027957
 20
30655.3062916903
 10
39975.97977344787
 20
30655.25003700659
 10
39976.03885071105
 20
30655.19610164076
 10
39976.10003755809
 20
30655.14457187789
 10
39976.16323610308
 20
30655.09553015461
 10
39976.22834524184
 20
30655.04905492721
 10
39976.29526081364
 20
30655.00522054614
 10
39976.36387576784
 20
30654.96409713707
 10
39976.43408033512
 20
30654.92575048867
 10
39976.50576220318
 20
30654.8902419474
 10
39976.57880669632
 20
30654.85762831936
 10
39976.65309695893
 20
30654.82796177938
 10
39976.72851414244
 20
30654.80128978762
 10
39976.80493759542
 20
30654.77765501355
 10
39976.88224505669
 20
30654.75709526778
 10
39976.96031285076
 20
30654.73964344153
 10
39977.03901608584
 20
30654.72532745397
 10
39977.11822885354
 20
30654.71417020765
 10
39977.19782443034
 20
30654.70618955178
 10
39977.27767548026
 20
30654.7013982537
 10
39977.35751643589
 20
30654.69980397372
1001
REVIT
1002
{
1070
     1
1000
1961636
1002
}
1002
{
1070
     5
1000
1739590
1002
}
1002
{
1070
     3
1000
1035229
1002
}
  0
LWPOLYLINE
  5
364
330
2CB
100
AcDbEntity
  8
P-SANR-FIXT
100
AcDbPolyline
 90
       25
 70
   128
 43
0.0
 10
39953.53349656235
 20
30654.69980397372
 10
39953.61347523071
 20
30654.70140376039
 10
39953.69332595029
 20
30654.70620056111
 10
39953.77292097692
 20
30654.71418670201
 10
39953.85213297557
 20
30654.72534940697
 10
39953.93083522393
 20
30654.73967081804
 10
39954.0089018152
 20
30654.75712802401
 10
39954.08620785947
 20
30654.7776930971
 10
39954.16262968358
 20
30654.80133313755
 10
39954.23804502889
 20
30654.82801032636
 10
39954.31233324696
 20
30654.85768198571
 10
39954.38537549248
 20
30654.89030064728
 10
39954.45705491343
 20
30654.92581412816
 10
39954.52725683803
 20
30654.96416561436
 10
39954.59586895818
 20
30655.00529375169
 10
39954.66278150913
 20
30655.0491327439
 10
39954.72788744507
 20
30655.09561245795
 10
39954.79108261038
 20
30655.14465853622
 10
39954.85226590628
 20
30655.19619251543
 10
39954.91133945256
 20
30655.25013195224
 10
39954.96820874414
 20
30655.30639055503
 10
39955.02278280228
 20
30655.36487832204
 10
39955.07497432014
 20
30655.42550168532
 10
39955.12469980241
 20
30655.48816366043
 10
39955.17180065092
 20
30655.55265110102
1001
REVIT
1002
{
1070
     1
1000
1961636
1002
}
1002
{
1070
     5
1000
1739590
1002
}
1002
{
1070
     3
1000
1035229
1002
}
  0
LWPOLYLINE
  5
365
330
2CB
100
AcDbEntity
  8
P-SANR-FIXT
100
AcDbPolyline
 90
       25
 70
   128
 43
0.0
 10
39977.94926417544
 20
30662.27362972635
 10
39977.94766438876
 20
30662.19365105798
 10
39977.94286758805
 20
30662.11380033841
 10
39977.93488144715
 20
30662.03420531177
 10
39977.92371874219
 20
30661.95499331312
 10
39977.90939733113
 20
30661.87629106476
 10
39977.89194012515
 20
30661.79822447349
 10
39977.87137505206
 20
30661.72091842922
 10
39977.84773501161
 20
30661.64449660512
 10
39977.8210578228
 20
30661.5690812598
 10
39977.79138616345
 20
30661.49479304173
 10
39977.75876750188
 20
30661.42175079622
 10
39977.72325402101
 20
30661.35007137526
 10
39977.68490253479
 20
30661.27986945066
 10
39977.64377439747
 20
30661.21125733051
 10
39977.59993540526
 20
30661.14434477956
 10
39977.55345569121
 20
30661.07923884362
 10
39977.50440961294
 20
30661.01604367831
 10
39977.45287563372
 20
30660.95486038241
 10
39977.39893619692
 20
30660.89578683613
 10
39977.34267759414
 20
30660.83891754455
 10
39977.28418982713
 20
30660.7843434864
 10
39977.22356646384
 20
30660.73215196855
 10
39977.16090448873
 20
30660.68242648628
 10
39977.13616704009
 20
30660.66389012322
1001
REVIT
1002
{
1070
     1
1000
1961636
1002
}
1002
{
1070
     5
1000
1739590
1002
}
1002
{
1070
     3
1000
1035229
1002
}
  0
LWPOLYLINE
  5
366
330
2CB
100
AcDbEntity
  8
P-SANR-FIXT
100
AcDbPolyline
 90
       25
 70
   128
 43
0.0
 10
39953.75484595814
 20
30660.66389012322
 10
39953.6914229389
 20
30660.7126411985
 10
39953.63000017433
 20
30660.76388952244
 10
39953.57067592779
 20
30660.81755310865
 10
39953.5135451054
 20
30660.87354610683
 10
39953.4586991043
 20
30660.93177894013
 10
39953.40622566636
 20
30660.99215844844
 10
39953.35620873793
 20
30661.05458803743
 10
39953.30872833539
 20
30661.11896783308
 10
39953.26386041728
 20
30661.18519484144
 10
39953.22167676269
 20
30661.25316311343
 10
39953.18224485646
 20
30661.32276391431
 10
39953.14562778125
 20
30661.39388589766
 10
39953.11188411653
 20
30661.46641528345
 10
39953.081067845
 20
30661.54023604017
 10
39953.05322826612
 20
30661.61523007033
 10
39953.02840991726
 20
30661.69127739948
 10
39953.00665250249
 20
30661.76825636814
 10
39952.98799082905
 20
30661.84604382635
 10
39952.9724547516
 20
30661.9245153308
 10
39952.96006912458
 20
30662.00354534381
 10
39952.95085376234
 20
30662.08300743421
 10
39952.94482340748
 20
30662.16277447961
 10
39952.94198770731
 20
30662.24271886976
 10
39952.94174882279
 20
30662.27362972635
1001
REVIT
1002
{
1070
     1
1000
1961636
1002
}
1002
{
1070
     5
1000
1739590
1002
}
1002
{
1070
     3
1000
1035229
1002
}
  0
LINE
  5
367
330
2CB
100
AcDbEntity
  8
P-SANR-FIXT
100
AcDbLine
 10
39965.4455064991
 20
30636.00000000003
 30
0.0
 11
39980.70009080824
 21
30636.00000000003
 31
0.0
1001
REVIT
1002
{
1070
     1
1000
1961636
1002
}
1002
{
1070
     5
1000
1739590
1002
}
1002
{
1070
     3
1000
1035229
1002
}
  0
LINE
  5
368
330
2CB
100
AcDbEntity
  8
P-SANR-FIXT
100
AcDbLine
 10
39950.19092218996
 20
30636.00000000003
 30
0.0
 11
39965.4455064991
 21
30636.00000000003
 31
0.0
1001
REVIT
1002
{
1070
     1
1000
1961636
1002
}
1002
{
1070
     5
1000
1739590
1002
}
1002
{
1070
     3
1000
1035229
1002
}
  0
LINE
  5
369
330
2CB
100
AcDbEntity
  8
P-SANR-FIXT
100
AcDbLine
 10
39976.94926417543
 20
30677.0
 30
0.0
 11
39965.4455064991
 21
30677.0
 31
0.0
1001
REVIT
1002
{
1070
     1
1000
1961636
1002
}
1002
{
1070
     5
1000
1739590
1002
}
1002
{
1070
     3
1000
1035229
1002
}
  0
LINE
  5
36A
330
2CB
100
AcDbEntity
  8
P-SANR-FIXT
100
AcDbLine
 10
39965.4455064991
 20
30677.0
 30
0.0
 11
39953.94174882278
 21
30677.0
 31
0.0
1001
REVIT
1002
{
1070
     1
1000
1961636
1002
}
1002
{
1070
     5
1000
1739590
1002
}
1002
{
1070
     3
1000
1035229
1002
}
  0
LINE
  5
36B
330
2CB
100
AcDbEntity
  8
P-SANR-FIXT
100
AcDbLine
 10
39975.94926417543
 20
30675.0
 30
0.0
 11
39965.4455064991
 21
30675.0
 31
0.0
1001
REVIT
1002
{
1070
     1
1000
1961636
1002
}
1002
{
1070
     5
1000
1739590
1002
}
1002
{
1070
     3
1000
1035229
1002
}
  0
LINE
  5
36C
330
2CB
100
AcDbEntity
  8
P-SANR-FIXT
100
AcDbLine
 10
39965.4455064991
 20
30675.0
 30
0.0
 11
39954.94174882278
 21
30675.0
 31
0.0
1001
REVIT
1002
{
1070
     1
1000
1961636
1002
}
1002
{
1070
     5
1000
1739590
1002
}
1002
{
1070
     3
1000
1035229
1002
}
  0
LINE
  5
36D
330
2CB
100
AcDbEntity
  8
P-SANR-FIXT
100
AcDbLine
 10
39980.53538534432
 20
30654.69980397371
 30
0.0
 11
39965.4455064991
 21
30654.69980397371
 31
0.0
1001
REVIT
1002
{
1070
     1
1000
1961636
1002
}
1002
{
1070
     5
1000
1739590
1002
}
1002
{
1070
     3
1000
1035229
1002
}
  0
LINE
  5
36E
330
2CB
100
AcDbEntity
  8
P-SANR-FIXT
100
AcDbLine
 10
39965.4455064991
 20
30654.69980397371
 30
0.0
 11
39950.35562765389
 21
30654.69980397371
 31
0.0
1001
REVIT
1002
{
1070
     1
1000
1961636
1002
}
1002
{
1070
     5
1000
1739590
1002
}
1002
{
1070
     3
1000
1035229
1002
}
  0
LINE
  5
36F
330
2CB
100
AcDbEntity
  8
P-SANR-FIXT
100
AcDbLine
 10
39983.38702720807
 20
30637.40432863679
 30
0.0
 11
39965.4455064991
 21
30637.40432863679
 31
0.0
1001
REVIT
1002
{
1070
     1
1000
1961636
1002
}
1002
{
1070
     5
1000
1739590
1002
}
1002
{
1070
     3
1000
1035229
1002
}
  0
LINE
  5
370
330
2CB
100
AcDbEntity
  8
P-SANR-FIXT
100
AcDbLine
 10
39965.4455064991
 20
30637.40432863679
 30
0.0
 11
39947.50398579014
 21
30637.40432863679
 31
0.0
1001
REVIT
1002
{
1070
     1
1000
1961636
1002
}
1002
{
1070
     5
1000
1739590
1002
}
1002
{
1070
     3
1000
1035229
1002
}
  0
LWPOLYLINE
  5
371
330
2CB
100
AcDbEntity
  8
P-SANR-FIXT
100
AcDbPolyline
 90
       80
 70
   128
 43
0.0
 10
39677.19829298193
 20
30194.25962293108
 10
39677.21457097018
 20
30194.30434633624
 10
39677.26337889362
 20
30194.43844500378
 10
39677.34463867
 20
30194.66170440446
 10
39677.45822030097
 20
30194.97376737086
 10
39677.6039420802
 20
30195.37413466881
 10
39677.78157088391
 20
30195.86216579602
 10
39677.99082254389
 20
30196.43708000681
 10
39678.23136230214
 20
30197.09795756109
 10
39678.50280534636
 20
30197.84374119573
 10
39678.80471742557
 20
30198.67323781603
 10
39679.13661554486
 20
30199.58512040433
 10
39679.49796873803
 20
30200.57793014303
 10
39679.88819891706
 20
30201.65007874833
 10
39680.30668179693
 20
30202.79985101117
 10
39680.75274789427
 20
30204.0254075412
 10
39681.2256835985
 20
30205.32478770942
 10
39681.72473231337
 20
30206.69591278473
 10
39682.2490956674
 20
30208.13658925952
 10
39682.79793479108
 20
30209.64451235875
 10
39683.37037165888
 20
30211.21726972713
 10
39683.96549049396
 20
30212.85234528837
 10
39684.5823392331
 20
30214.54712327039
 10
39685.21993104992
 20
30216.29889238993
 10
39685.87724593353
 20
30218.10485019011
 10
39686.55323232032
 20
30219.96210752368
 10
39687.24680877629
 20
30221.86769317512
 10
39687.95686572705
 20
30223.81855861387
 10
39688.68226723297
 20
30225.81158287141
 10
39689.42185280637
 20
30227.84357753406
 10
39690.17443926809
 20
30229.91129184385
 10
39690.93882264036
 20
30232.01141789897
 10
39691.71378007284
 20
30234.14059594574
 10
39692.49807179893
 20
30236.29541975346
 10
39693.29044311921
 20
30238.47244206373
 10
39694.08962640857
 20
30240.66818010526
 10
39694.89434314424
 20
30242.87912116558
 10
39695.70330595112
 20
30245.10172821063
 10
39696.51522066126
 20
30247.33244554328
 10
39697.32878838434
 20
30249.56770449165
 10
39698.14270758556
 20
30251.80392911825
 10
39698.95567616781
 20
30254.03754194072
 10
39699.76639355479
 20
30256.26496965502
 10
39700.57356277164
 20
30258.48264885197
 10
39701.37589251978
 20
30260.68703171793
 10
39702.17209924276
 20
30262.87459171056
 10
39702.96090917969
 20
30265.04182920052
 10
39703.74106040294
 20
30267.18527707015
 10
39704.51130483698
 20
30269.30150626011
 10
39705.270410255
 20
30271.38713125513
 10
39706.01716225029
 20
30273.43881550012
 10
39706.75036617895
 20
30275.45327673797
 10
39707.46884907111
 20
30277.42729226041
 10
39708.17146150738
 20
30279.35770406373
 10
39708.85707945779
 20
30281.24142390082
 10
39709.52460607983
 20
30283.0754382218
 10
39710.17297347334
 20
30284.85681299497
 10
39710.80114438879
 20
30286.58269840072
 10
39711.40811388671
 20
30288.25033339055
 10
39711.99291094538
 20
30289.85705010424
 10
39712.55460001429
 20
30291.40027813778
 10
39713.09228251071
 20
30292.87754865553
 10
39713.60509825735
 20
30294.28649833979
 10
39714.09222685844
 20
30295.62487317164
 10
39714.5528890121
 20
30296.89053203682
 10
39714.98634775717
 20
30298.08145015118
 10
39715.39190965212
 20
30299.19572229976
 10
39715.76892588445
 20
30300.23156588483
 10
39716.11679330859
 20
30301.18732377761
 10
39716.43495541087
 20
30302.06146696937
 10
39716.72290319982
 20
30302.85259701748
 10
39716.98017602039
 20
30303.55944828261
 10
39717.20636229094
 20
30304.18088995354
 10
39717.40110016168
 20
30304.71592785615
 10
39717.5640780936
 20
30305.16370604395
 10
39717.69503535674
 20
30305.52350816734
 10
39717.79376244742
 20
30305.79475861968
 10
39717.86010142337
 20
30305.97702345813
 10
39717.89394615637
 20
30306.0700110978
 10
39717.89869003769
 20
30306.08304480461
1001
REVIT
1002
{
1070
     1
1000
1961636
1002
}
1002
{
1070
     5
1000
1739590
1002
}
1002
{
1070
     3
1000
1035229
1002
}
  0
LWPOLYLINE
  5
372
330
2CB
100
AcDbEntity
  8
P-SANR-FIXT
100
AcDbPolyline
 90
       11
 70
   128
 43
0.0
 10
39717.89869003769
 20
30306.08304480461
 10
39717.88241204944
 20
30306.03832139946
 10
39717.83360412599
 20
30305.90422273192
 10
39717.75234434963
 20
30305.68096333124
 10
39717.63876271864
 20
30305.36890036484
 10
39717.49304093942
 20
30304.96853306689
 10
39717.31541213572
 20
30304.48050193968
 10
39717.10616047573
 20
30303.90558772889
 10
39716.86562071747
 20
30303.24471017461
 10
39716.59417767327
 20
30302.49892653996
 10
39716.29226559405
 20
30301.66942991967
1001
REVIT
1002
{
1070
     1
1000
1961636
1002
}
1002
{
1070
     5
1000
1739590
1002
}
1002
{
1070
     3
1000
1035229
1002
}
  0
LWPOLYLINE
  5
373
330
2CB
100
AcDbEntity
  8
P-SANR-FIXT
100
AcDbPolyline
 90
        4
 70
   128
 43
0.0
 10
39715.96036747477
 20
30300.75754733136
 10
39715.5990142816
 20
30299.76473759266
 10
39715.20878410255
 20
30298.69258898737
 10
39714.79030122269
 20
30297.54281672453
1001
REVIT
1002
{
1070
     1
1000
1961636
1002
}
1002
{
1070
     5
1000
1739590
1002
}
1002
{
1070
     3
1000
1035229
1002
}
  0
LWPOLYLINE
  5
374
330
2CB
100
AcDbEntity
  8
P-SANR-FIXT
100
AcDbPolyline
 90
       15
 70
   128
 43
0.0
 10
39680.11063526244
 20
30202.26121758452
 10
39679.70507336749
 20
30201.14694543594
 10
39679.32805713517
 20
30200.11110185087
 10
39678.98018971103
 20
30199.15534395809
 10
39678.66202760874
 20
30198.28120076632
 10
39678.37407981979
 20
30197.49007071822
 10
39678.11680699924
 20
30196.78321945308
 10
39677.89062072869
 20
30196.16177778216
 10
39677.69588285793
 20
30195.62673987955
 10
39677.53290492602
 20
30195.17896169175
 10
39677.40194766288
 20
30194.81915956836
 10
39677.30322057219
 20
30194.54790911601
 10
39677.23688159625
 20
30194.36564427757
 10
39677.20303686325
 20
30194.27265663789
 10
39677.19829298193
 20
30194.25962293108
1001
REVIT
1002
{
1070
     1
1000
1961636
1002
}
1002
{
1070
     5
1000
1739590
1002
}
1002
{
1070
     3
1000
1035229
1002
}
  0
LWPOLYLINE
  5
375
330
2CB
100
AcDbEntity
  8
P-SANR-FIXT
100
AcDbPolyline
 90
       41
 70
   128
 43
0.0
 10
39677.19829298193
 20
30194.25962293108
 10
39677.19107857609
 20
30194.24097087978
 10
39677.18312405789
 20
30194.22262224741
 10
39677.17444215287
 20
30194.20460638788
 10
39677.16504675021
 20
30194.18695212271
 10
39677.15495288057
 20
30194.16968769497
 10
39677.14417669198
 20
30194.15284072406
 10
39677.13273542404
 20
30194.13643816153
 10
39677.12064738034
 20
30194.120506248
 10
39677.10793189917
 20
30194.10507047111
 10
39677.09460932259
 20
30194.09015552482
 10
39677.08070096388
 20
30194.07578526987
 10
39677.06622907344
 20
30194.06198269559
 10
39677.05121680322
 20
30194.04876988316
 10
39677.03568816963
 20
30194.03616797027
 10
39677.0196680152
 20
30194.02419711728
 10
39677.00318196874
 20
30194.01287647501
 10
39676.9862564044
 20
30194.00222415406
 10
39676.96891839949
 20
30193.99225719587
 10
39676.95119569112
 20
30193.98299154547
 10
39676.93311663183
 20
30193.97444202591
 10
39676.91471014427
 20
30193.96662231459
 10
39676.89600567489
 20
30193.95954492139
 10
39676.87703314684
 20
30193.95322116863
 10
39676.85782291212
 20
30193.94766117296
 10
39676.83840570303
 20
30193.94287382919
 10
39676.81881258294
 20
30193.93886679604
 10
39676.79907489666
 20
30193.93564648392
 10
39676.77922422031
 20
30193.93321804465
 10
39676.7592923107
 20
30193.93158536319
 10
39676.73931105464
 20
30193.9307510515
 10
39676.71931241788
 20
30193.9307164443
 10
39676.69932839399
 20
30193.93148159695
 10
39676.67939095314
 20
30193.93304528536
 10
39676.65953199096
 20
30193.93540500798
 10
39676.63978327757
 20
30193.93855698975
 10
39676.6201764067
 20
30193.94249618816
 10
39676.60074274516
 20
30193.94721630135
 10
39676.58151338266
 20
30193.95270977814
 10
39676.56251908207
 20
30193.95896783014
 10
39676.55743659987
 20
30193.96078669235
1001
REVIT
1002
{
1070
     1
1000
1961636
1002
}
1002
{
1070
     5
1000
1739590
1002
}
1002
{
1070
     3
1000
1035229
1002
}
  0
LWPOLYLINE
  5
376
330
2CB
100
AcDbEntity
  8
P-SANR-FIXT
100
AcDbPolyline
 90
       41
 70
   128
 43
0.0
 10
39717.59985379895
 20
30306.72390118667
 10
39717.61850585026
 20
30306.71668678083
 10
39717.63685448264
 20
30306.70873226263
 10
39717.65487034216
 20
30306.70005035761
 10
39717.67252460733
 20
30306.69065495496
 10
39717.68978903507
 20
30306.68056108532
 10
39717.70663600599
 20
30306.66978489673
 10
39717.72303856851
 20
30306.65834362879
 10
39717.73897048204
 20
30306.64625558508
 10
39717.75440625893
 20
30306.63354010391
 10
39717.76932120521
 20
30306.62021752733
 10
39717.78369146017
 20
30306.60630916861
 10
39717.79749403445
 20
30306.59183727818
 10
39717.81070684688
 20
30306.57682500796
 10
39717.82330875977
 20
30306.56129637438
 10
39717.83527961276
 20
30306.54527621994
 10
39717.84660025504
 20
30306.52879017348
 10
39717.85725257598
 20
30306.51186460914
 10
39717.86721953417
 20
30306.49452660424
 10
39717.87648518457
 20
30306.47680389586
 10
39717.88503470414
 20
30306.45872483658
 10
39717.89285441546
 20
30306.44031834901
 10
39717.89993180865
 20
30306.42161387962
 10
39717.90625556142
 20
30306.40264135158
 10
39717.91181555709
 20
30306.38343111687
 10
39717.91660290085
 20
30306.36401390777
 10
39717.920609934
 20
30306.34442078768
 10
39717.92383024612
 20
30306.32468310141
 10
39717.92625868539
 20
30306.30483242504
 10
39717.92789136685
 20
30306.28490051543
 10
39717.92872567854
 20
30306.26491925937
 10
39717.92876028575
 20
30306.24492062263
 10
39717.92799513309
 20
30306.22493659873
 10
39717.92643144468
 20
30306.20499915787
 10
39717.92407172206
 20
30306.1851401957
 10
39717.92091974029
 20
30306.16539148231
 10
39717.91698054187
 20
30306.14578461144
 10
39717.91226042869
 20
30306.1263509499
 10
39717.9067669519
 20
30306.10712158739
 10
39717.90050889991
 20
30306.08812728681
 10
39717.89869003769
 20
30306.08304480461
1001
REVIT
1002
{
1070
     1
1000
1961636
1002
}
1002
{
1070
     5
1000
1739590
1002
}
1002
{
1070
     3
1000
1035229
1002
}
  0
LINE
  5
377
330
2CB
100
AcDbEntity
  8
P-SANR-FIXT
100
AcDbLine
 10
39716.7645217899
 20
30302.96694315396
 30
0.0
 11
39715.82482916911
 21
30303.30896329729
 31
0.0
1001
REVIT
1002
{
1070
     1
1000
1961636
1002
}
1002
{
1070
     5
1000
1739590
1002
}
1002
{
1070
     3
1000
1035229
1002
}
  0
LINE
  5
378
330
2CB
100
AcDbEntity
  8
P-SANR-FIXT
100
AcDbLine
 10
39677.39276860893
 20
30197.71774472506
 30
0.0
 11
39678.33246122972
 21
30197.37572458174
 31
0.0
1001
REVIT
1002
{
1070
     1
1000
1961636
1002
}
1002
{
1070
     5
1000
1739590
1002
}
1002
{
1070
     3
1000
1035229
1002
}
  0
LWPOLYLINE
  5
379
330
2CB
100
AcDbEntity
  8
P-SANR-FIXT
100
AcDbPolyline
 90
       80
 70
   128
 43
0.0
 10
39705.68035879409
 20
30310.53015368969
 10
39705.66408080584
 20
30310.48543028454
 10
39705.6152728824
 20
30310.35133161699
 10
39705.53401310603
 20
30310.12807221631
 10
39705.42043147504
 20
30309.81600924991
 10
39705.27470969582
 20
30309.41564195197
 10
39705.09708089211
 20
30308.92761082475
 10
39704.88782923214
 20
30308.35269661396
 10
39704.64728947389
 20
30307.69181905969
 10
39704.37584642966
 20
30306.94603542504
 10
39704.07393435046
 20
30306.11653880474
 10
39703.74203623118
 20
30305.20465621643
 10
39703.38068303799
 20
30304.21184647774
 10
39702.99045285896
 20
30303.13969787244
 10
39702.5719699791
 20
30301.9899256096
 10
39702.12590388176
 20
30300.76436907957
 10
39701.65296817753
 20
30299.46498891136
 10
39701.15391946266
 20
30298.09386383604
 10
39700.62955610863
 20
30296.65318736125
 10
39700.08071698495
 20
30295.14526426203
 10
39699.50828011713
 20
30293.57250689365
 10
39698.91316128206
 20
30291.9374313324
 10
39698.29631254292
 20
30290.24265335038
 10
39697.6587207261
 20
30288.49088423083
 10
39697.0014058425
 20
30286.68492643066
 10
39696.3254194557
 20
30284.82766909709
 10
39695.63184299974
 20
30282.92208344566
 10
39694.92178604896
 20
30280.9712180069
 10
39694.19638454305
 20
30278.97819374937
 10
39693.45679896967
 20
30276.94619908671
 10
39692.70421250793
 20
30274.87848477692
 10
39691.93982913567
 20
30272.7783587218
 10
39691.16487170319
 20
30270.64918067504
 10
39690.38057997708
 20
30268.49435686731
 10
39689.58820865681
 20
30266.31733455703
 10
39688.78902536745
 20
30264.1215965155
 10
39687.98430863178
 20
30261.91065545519
 10
39687.17534582491
 20
30259.68804841014
 10
39686.36343111476
 20
30257.45733107749
 10
39685.54986339168
 20
30255.22207212913
 10
39684.73594419046
 20
30252.98584750252
 10
39683.92297560821
 20
30250.75223468005
 10
39683.11225822123
 20
30248.52480696575
 10
39682.30508900438
 20
30246.3071277688
 10
39681.50275925624
 20
30244.10274490284
 10
39680.70655253326
 20
30241.91518491022
 10
39679.91774259633
 20
30239.74794742025
 10
39679.13759137308
 20
30237.60449955062
 10
39678.36734693904
 20
30235.48827036066
 10
39677.60824152102
 20
30233.40264536564
 10
39676.86148952573
 20
30231.35096112065
 10
39676.12828559707
 20
30229.3364998828
 10
39675.40980270493
 20
30227.36248436036
 10
39674.70719026864
 20
30225.43207255704
 10
39674.02157231824
 20
30223.54835271995
 10
39673.35404569619
 20
30221.71433839898
 10
39672.70567830269
 20
30219.9329636258
 10
39672.07750738723
 20
30218.20707822006
 10
39671.47053788931
 20
30216.53944323022
 10
39670.88574083064
 20
30214.93272651654
 10
39670.32405176173
 20
30213.389498483
 10
39669.78636926531
 20
30211.91222796524
 10
39669.27355351867
 20
30210.50327828098
 10
39668.78642491758
 20
30209.16490344914
 10
39668.32576276393
 20
30207.89924458395
 10
39667.89230401885
 20
30206.70832646959
 10
39667.4867421239
 20
30205.59405432101
 10
39667.10972589157
 20
30204.55821073595
 10
39666.76185846744
 20
30203.60245284316
 10
39666.44369636515
 20
30202.7283096514
 10
39666.1557485762
 20
30201.93717960329
 10
39665.89847575564
 20
30201.23032833816
 10
39665.67228948509
 20
30200.60888666723
 10
39665.47755161434
 20
30200.07384876462
 10
39665.31457368243
 20
30199.62607057682
 10
39665.18361641928
 20
30199.26626845343
 10
39665.0848893286
 20
30198.99501800108
 10
39665.01855035265
 20
30198.81275316264
 10
39664.98470561966
 20
30198.71976552297
 10
39664.97996173833
 20
30198.70673181616
1001
REVIT
1002
{
1070
     1
1000
1961636
1002
}
1002
{
1070
     5
1000
1739590
1002
}
1002
{
1070
     3
1000
1035229
1002
}
  0
LWPOLYLINE
  5
37A
330
2CB
100
AcDbEntity
  8
P-SANR-FIXT
100
AcDbPolyline
 90
       11
 70
   128
 43
0.0
 10
39664.97996173833
 20
30198.70673181616
 10
39664.99623972658
 20
30198.75145522131
 10
39665.04504765003
 20
30198.88555388886
 10
39665.12630742639
 20
30199.10881328954
 10
39665.23988905738
 20
30199.42087625593
 10
39665.3856108366
 20
30199.82124355388
 10
39665.56323964031
 20
30200.30927468109
 10
39665.77249130029
 20
30200.88418889189
 10
39666.01303105854
 20
30201.54506644616
 10
39666.28447410276
 20
30202.2908500808
 10
39666.58638618197
 20
30203.1203467011
1001
REVIT
1002
{
1070
     1
1000
1961636
1002
}
1002
{
1070
     5
1000
1739590
1002
}
1002
{
1070
     3
1000
1035229
1002
}
  0
LWPOLYLINE
  5
37B
330
2CB
100
AcDbEntity
  8
P-SANR-FIXT
100
AcDbPolyline
 90
       69
 70
   128
 43
0.0
 10
39666.91828430126
 20
30204.03222928941
 10
39667.27963749443
 20
30205.02503902811
 10
39667.66986767348
 20
30206.0971876334
 10
39668.08835055334
 20
30207.24695989624
 10
39668.53441665067
 20
30208.47251642627
 10
39669.0073523549
 20
30209.77189659449
 10
39669.50640106977
 20
30211.1430216698
 10
39670.03076442379
 20
30212.58369814459
 10
39670.57960354748
 20
30214.09162124382
 10
39671.1520404153
 20
30215.6643786122
 10
39671.74715925036
 20
30217.29945417345
 10
39672.36400798951
 20
30218.99423215546
 10
39673.00159980633
 20
30220.746001275
 10
39673.65891468994
 20
30222.55195907518
 10
39674.33490107673
 20
30224.40921640875
 10
39675.0284775327
 20
30226.31480206019
 10
39675.73853448346
 20
30228.26566749894
 10
39676.46393598937
 20
30230.25869175648
 10
39677.20352156276
 20
30232.29068641913
 10
39677.95610802449
 20
30234.35840072893
 10
39678.72049139677
 20
30236.45852678405
 10
39679.49544882924
 20
30238.58770483081
 10
39680.27974055534
 20
30240.74252863854
 10
39681.07211187561
 20
30242.91955094881
 10
39681.87129516498
 20
30245.11528899033
 10
39682.67601190065
 20
30247.32623005065
 10
39683.48497470752
 20
30249.54883709571
 10
39684.29688941767
 20
30251.77955442835
 10
39685.11045714075
 20
30254.01481337672
 10
39685.92437634197
 20
30256.25103800332
 10
39686.73734492422
 20
30258.48465082579
 10
39687.5480623112
 20
30260.71207854009
 10
39688.35523152805
 20
30262.92975773704
 10
39689.15756127618
 20
30265.134140603
 10
39689.95376799917
 20
30267.32170059563
 10
39690.7425779361
 20
30269.4889380856
 10
39691.52272915935
 20
30271.63238595523
 10
39692.29297359337
 20
30273.74861514518
 10
39693.0520790114
 20
30275.8342401402
 10
39693.7988310067
 20
30277.88592438519
 10
39694.53203493535
 20
30279.90038562304
 10
39695.2505178275
 20
30281.87440114549
 10
39695.95313026379
 20
30283.8048129488
 10
39696.63874821419
 20
30285.68853278589
 10
39697.30627483624
 20
30287.52254710686
 10
39697.95464222975
 20
30289.30392188004
 10
39698.5828131452
 20
30291.02980728579
 10
39699.18978264311
 20
30292.69744227562
 10
39699.77457970179
 20
30294.30415898931
 10
39700.33626877069
 20
30295.84738702285
 10
39700.87395126711
 20
30297.3246575406
 10
39701.38676701376
 20
30298.73360722487
 10
39701.87389561484
 20
30300.07198205671
 10
39702.33455776851
 20
30301.3376409219
 10
39702.76801651358
 20
30302.52855903625
 10
39703.17357840853
 20
30303.64283118483
 10
39703.55059464085
 20
30304.6786747699
 10
39703.89846206499
 20
30305.63443266268
 10
39704.21662416728
 20
30306.50857585444
 10
39704.50457195623
 20
30307.29970590255
 10
39704.76184477678
 20
30308.00655716768
 10
39704.98803104733
 20
30308.62799883861
 10
39705.1827689181
 20
30309.16303674123
 10
39705.34574685
 20
30309.61081492903
 10
39705.47670411314
 20
30309.97061705241
 10
39705.57543120384
 20
30310.24186750476
 10
39705.64177017977
 20
30310.4241323432
 10
39705.67561491277
 20
30310.51711998288
 10
39705.68035879409
 20
30310.53015368969
1001
REVIT
1002
{
1070
     1
1000
1961636
1002
}
1002
{
1070
     5
1000
1739590
1002
}
1002
{
1070
     3
1000
1035229
1002
}
  0
LWPOLYLINE
  5
37C
330
2CB
100
AcDbEntity
  8
P-SANR-FIXT
100
AcDbPolyline
 90
       41
 70
   128
 43
0.0
 10
39665.27879797707
 20
30198.0658754341
 10
39665.26014592576
 20
30198.07308983994
 10
39665.2417972934
 20
30198.08104435814
 10
39665.22378143386
 20
30198.08972626316
 10
39665.2061271687
 20
30198.09912166581
 10
39665.18886274095
 20
30198.10921553545
 10
39665.17201577004
 20
30198.11999172405
 10
39665.15561320751
 20
30198.13143299199
 10
39665.13968129398
 20
30198.14352103569
 10
39665.12424551709
 20
30198.15623651686
 10
39665.10933057081
 20
30198.16955909344
 10
39665.09496031585
 20
30198.18346745215
 10
39665.08115774158
 20
30198.19793934259
 10
39665.06794492915
 20
30198.21295161281
 10
39665.05534301625
 20
30198.22848024639
 10
39665.04337216326
 20
30198.24450040083
 10
39665.03205152098
 20
30198.26098644729
 10
39665.02139920003
 20
30198.27791201162
 10
39665.01143224185
 20
30198.29525001653
 10
39665.00216659145
 20
30198.31297272491
 10
39664.99361707189
 20
30198.3310517842
 10
39664.98579736057
 20
30198.34945827176
 10
39664.97871996737
 20
30198.36816274114
 10
39664.97239621461
 20
30198.38713526919
 10
39664.96683621894
 20
30198.4063455039
 10
39664.96204887517
 20
30198.425762713
 10
39664.95804184202
 20
30198.44535583309
 10
39664.9548215299
 20
30198.46509351936
 10
39664.95239309062
 20
30198.48494419573
 10
39664.95076040917
 20
30198.50487610534
 10
39664.94992609748
 20
30198.52485736139
 10
39664.94989149027
 20
30198.54485599814
 10
39664.95065664292
 20
30198.56484002204
 10
39664.95222033134
 20
30198.5847774629
 10
39664.95458005397
 20
30198.60463642507
 10
39664.95773203572
 20
30198.62438513846
 10
39664.96167123415
 20
30198.64399200934
 10
39664.96639134733
 20
30198.66342567088
 10
39664.97188482412
 20
30198.68265503338
 10
39664.97814287612
 20
30198.70164933396
 10
39664.97996173833
 20
30198.70673181616
1001
REVIT
1002
{
1070
     1
1000
1961636
1002
}
1002
{
1070
     5
1000
1739590
1002
}
1002
{
1070
     3
1000
1035229
1002
}
  0
LWPOLYLINE
  5
37D
330
2CB
100
AcDbEntity
  8
P-SANR-FIXT
100
AcDbPolyline
 90
       41
 70
   128
 43
0.0
 10
39705.68035879409
 20
30310.53015368969
 10
39705.68757319993
 20
30310.54880574099
 10
39705.69552771813
 20
30310.56715437336
 10
39705.70420962315
 20
30310.58517023289
 10
39705.71360502581
 20
30310.60282449806
 10
39705.72369889545
 20
30310.6200889258
 10
39705.73447508404
 20
30310.63693589671
 10
39705.74591635198
 20
30310.65333845924
 10
39705.75800439568
 20
30310.66927037277
 10
39705.77071987685
 20
30310.68470614966
 10
39705.78404245344
 20
30310.69962109595
 10
39705.79795081215
 20
30310.7139913509
 10
39705.81242270258
 20
30310.72779392518
 10
39705.82743497281
 20
30310.7410067376
 10
39705.84296360639
 20
30310.7536086505
 10
39705.85898376083
 20
30310.76557950349
 10
39705.87546980728
 20
30310.77690014577
 10
39705.89239537162
 20
30310.78755246672
 10
39705.90973337653
 20
30310.79751942489
 10
39705.9274560849
 20
30310.8067850753
 10
39705.94553514418
 20
30310.81533459487
 10
39705.96394163175
 20
30310.82315430618
 10
39705.98264610114
 20
30310.83023169938
 10
39706.00161862919
 20
30310.83655545214
 10
39706.0208288639
 20
30310.84211544781
 10
39706.04024607299
 20
30310.84690279159
 10
39706.05983919309
 20
30310.85090982473
 10
39706.07957687936
 20
30310.85413013685
 10
39706.09942755572
 20
30310.85655857612
 10
39706.11935946533
 20
30310.85819125758
 10
39706.13934072139
 20
30310.85902556927
 10
39706.15933935814
 20
30310.85906017648
 10
39706.17932338203
 20
30310.85829502383
 10
39706.19926082289
 20
30310.85673133541
 10
39706.21911978507
 20
30310.85437161279
 10
39706.23886849846
 20
30310.85121963102
 10
39706.25847536933
 20
30310.84728043261
 10
39706.27790903087
 20
30310.84256031942
 10
39706.29713839336
 20
30310.83706684263
 10
39706.31613269396
 20
30310.83080879064
 10
39706.32121517615
 20
30310.82898992842
1001
REVIT
1002
{
1070
     1
1000
1961636
1002
}
1002
{
1070
     5
1000
1739590
1002
}
1002
{
1070
     3
1000
1035229
1002
}
  0
LINE
  5
37E
330
2CB
100
AcDbEntity
  8
P-SANR-FIXT
100
AcDbLine
 10
39717.59985379895
 20
30306.72390118667
 30
0.0
 11
39706.32121517615
 21
30310.82898992842
 31
0.0
1001
REVIT
1002
{
1070
     1
1000
1961636
1002
}
1002
{
1070
     5
1000
1739590
1002
}
1002
{
1070
     3
1000
1035229
1002
}
  0
LINE
  5
37F
330
2CB
100
AcDbEntity
  8
P-SANR-FIXT
100
AcDbLine
 10
39665.27879797707
 20
30198.0658754341
 30
0.0
 11
39676.55743659987
 21
30193.96078669235
 31
0.0
1001
REVIT
1002
{
1070
     1
1000
1961636
1002
}
1002
{
1070
     5
1000
1739590
1002
}
1002
{
1070
     3
1000
1035229
1002
}
  0
LINE
  5
380
330
2CB
100
AcDbEntity
  8
P-SANR-FIXT
100
AcDbLine
 10
39717.10654193322
 20
30303.90663577474
 30
0.0
 11
39677.99044108638
 21
30196.43603196094
 31
0.0
1001
REVIT
1002
{
1070
     1
1000
1961636
1002
}
1002
{
1070
     5
1000
1739590
1002
}
1002
{
1070
     3
1000
1035229
1002
}
  0
LINE
  5
381
330
2CB
100
AcDbEntity
  8
P-SANR-FIXT
100
AcDbLine
 10
39717.10654193322
 20
30303.90663577474
 30
0.0
 11
39715.16968605817
 21
30298.5851679933
 31
0.0
1001
REVIT
1002
{
1070
     1
1000
1961636
1002
}
1002
{
1070
     5
1000
1739590
1002
}
1002
{
1070
     3
1000
1035229
1002
}
  0
LINE
  5
382
330
2CB
100
AcDbEntity
  8
P-SANR-FIXT
100
AcDbLine
 10
39679.92729696143
 20
30201.75749974239
 30
0.0
 11
39677.99044108638
 21
30196.43603196094
 31
0.0
1001
REVIT
1002
{
1070
     1
1000
1961636
1002
}
1002
{
1070
     5
1000
1739590
1002
}
1002
{
1070
     3
1000
1035229
1002
}
  0
LINE
  5
383
330
2CB
100
AcDbEntity
  8
P-SANR-FIXT
100
AcDbLine
 10
39716.76452178989
 20
30302.96694315395
 30
0.0
 11
39678.3324612297
 21
30197.37572458172
 31
0.0
1001
REVIT
1002
{
1070
     1
1000
1961636
1002
}
1002
{
1070
     5
1000
1739590
1002
}
1002
{
1070
     3
1000
1035229
1002
}
  0
LINE
  5
384
330
2CB
100
AcDbEntity
  8
P-SANR-FIXT
100
AcDbLine
 10
39716.76452178989
 20
30302.96694315395
 30
0.0
 11
39714.86153655683
 21
30297.73853419657
 31
0.0
1001
REVIT
1002
{
1070
     1
1000
1961636
1002
}
1002
{
1070
     5
1000
1739590
1002
}
1002
{
1070
     3
1000
1035229
1002
}
  0
LINE
  5
385
330
2CB
100
AcDbEntity
  8
P-SANR-FIXT
100
AcDbLine
 10
39680.23544646275
 20
30202.60413353911
 30
0.0
 11
39678.3324612297
 21
30197.37572458172
 31
0.0
1001
REVIT
1002
{
1070
     1
1000
1961636
1002
}
1002
{
1070
     5
1000
1739590
1002
}
1002
{
1070
     3
1000
1035229
1002
}
  0
LINE
  5
386
330
2CB
100
AcDbEntity
  8
P-SANR-FIXT
100
AcDbLine
 10
39632.8067907298
 20
29521.00000000012
 30
0.0
 11
39632.8067907298
 21
29511.00000000014
 31
0.0
1001
REVIT
1002
{
1070
     1
1000
1961636
1002
}
1002
{
1070
     5
1000
1739590
1002
}
1002
{
1070
     3
1000
1035229
1002
}
  0
LWPOLYLINE
  5
387
330
2CB
100
AcDbEntity
  8
P-SANR-FIXT
100
AcDbPolyline
 90
       18
 70
   128
 43
0.0
 10
39632.80679072982
 20
29521.0000000001
 10
39633.61273887321
 20
29522.38206594464
 10
39634.36277444712
 20
29523.79525571348
 10
39635.05569755463
 20
29525.23730850444
 10
39635.6903996666
 20
29526.70591734071
 10
39636.26586539503
 20
29528.1987327614
 10
39636.78117411751
 20
29529.71336658032
 10
39637.23550145003
 20
29531.24739570644
 10
39637.62812056577
 20
29532.79836602042
 10
39637.95840335789
 20
29534.3637963006
 10
39638.22582144438
 20
29535.94118219247
 10
39638.42994701337
 20
29537.5280002151
 10
39638.57045350746
 20
29539.12171179817
 10
39638.64711614624
 20
29540.7197673431
 10
39638.65981228587
 20
29542.31961030193
 10
39638.60852161522
 20
29543.9186812672
 10
39638.4933261884
 20
29545.51442206649
 10
39638.44550649914
 20
29545.99999999984
1001
REVIT
1002
{
1070
     1
1000
1961636
1002
}
1002
{
1070
     5
1000
1739590
1002
}
1002
{
1070
     3
1000
1035229
1002
}
  0
LINE
  5
388
330
2CB
100
AcDbEntity
  8
P-SANR-FIXT
100
AcDbLine
 10
39632.80679072979
 20
29521.00000000011
 30
0.0
 11
39643.4455064991
 21
29521.00000000011
 31
0.0
1001
REVIT
1002
{
1070
     1
1000
1961636
1002
}
1002
{
1070
     5
1000
1739590
1002
}
1002
{
1070
     3
1000
1035229
1002
}
  0
LINE
  5
389
330
2CB
100
AcDbEntity
  8
P-SANR-FIXT
100
AcDbLine
 10
39636.06551842366
 20
29511.00000000013
 30
0.0
 11
39632.80679072979
 21
29511.00000000013
 31
0.0
1001
REVIT
1002
{
1070
     1
1000
1961636
1002
}
1002
{
1070
     5
1000
1739590
1002
}
1002
{
1070
     3
1000
1035229
1002
}
  0
LINE
  5
38A
330
2CB
100
AcDbEntity
  8
P-SANR-FIXT
100
AcDbLine
 10
39643.4455064991
 20
29511.00000000013
 30
0.0
 11
39640.49934676221
 21
29511.00000000013
 31
0.0
1001
REVIT
1002
{
1070
     1
1000
1961636
1002
}
1002
{
1070
     5
1000
1739590
1002
}
1002
{
1070
     3
1000
1035229
1002
}
  0
LINE
  5
38B
330
2CB
100
AcDbEntity
  8
P-SANR-FIXT
100
AcDbLine
 10
39643.4455064991
 20
29545.99999999982
 30
0.0
 11
39638.44550649912
 21
29545.99999999982
 31
0.0
1001
REVIT
1002
{
1070
     1
1000
1961636
1002
}
1002
{
1070
     5
1000
1739590
1002
}
1002
{
1070
     3
1000
1035229
1002
}
  0
LINE
  5
38C
330
2CB
100
AcDbEntity
  8
P-SANR-FIXT
100
AcDbLine
 10
39636.46998282362
 20
29481.11415905732
 30
0.0
 11
39636.46998282362
 21
29406.11415905732
 31
0.0
1001
REVIT
1002
{
1070
     1
1000
1961636
1002
}
1002
{
1070
     5
1000
1739590
1002
}
1002
{
1070
     3
1000
1035229
1002
}
  0
LINE
  5
38D
330
2CB
100
AcDbEntity
  8
P-SANR-FIXT
100
AcDbLine
 10
39650.46998282363
 20
29406.11415905732
 30
0.0
 11
39650.46998282363
 21
29481.11415905732
 31
0.0
1001
REVIT
1002
{
1070
     1
1000
1961636
1002
}
1002
{
1070
     5
1000
1739590
1002
}
1002
{
1070
     3
1000
1035229
1002
}
  0
LWPOLYLINE
  5
38E
330
2CB
100
AcDbEntity
  8
P-SANR-FIXT
100
AcDbPolyline
 90
       80
 70
   128
 43
0.0
 10
39656.78193442298
 20
29406.11415905732
 10
39656.77936446123
 20
29404.68832478296
 10
39656.7716580353
 20
29403.26465114943
 10
39656.7588255009
 20
29401.84529420193
 10
39656.74088404307
 20
29400.43240077302
 10
39656.71785756188
 20
29399.0281038217
 10
39656.68977650709
 20
29397.63451770324
 10
39656.65667765588
 20
29396.25373334071
 10
39656.6186038257
 20
29394.88781326258
 10
39656.57560351087
 20
29393.53878646331
 10
39656.52773042772
 20
29392.20864303219
 10
39656.47504294816
 20
29390.89932848098
 10
39656.41760339376
 20
29389.6127376811
 10
39656.35547715344
 20
29388.35070829403
 10
39656.2887315737
 20
29387.11501354256
 10
39656.21743455141
 20
29385.90735412108
 10
39656.141652732
 20
29384.72934897551
 10
39656.06144917618
 20
29383.5825245894
 10
39655.97688030047
 20
29382.46830228079
 10
39655.88799181058
 20
29381.38798282738
 10
39655.79481321567
 20
29380.34272746775
 10
39655.6973503102
 20
29379.33353393259
 10
39655.5955746931
 20
29378.36120557638
 10
39655.48940888542
 20
29377.42631079952
 10
39655.37870477321
 20
29376.52912860037
 10
39655.26321169647
 20
29375.66957398441
 10
39655.14252807297
 20
29374.8470935877
 10
39655.01602610544
 20
29374.06051638094
 10
39654.88273111181
 20
29373.30783517927
 10
39654.74112167486
 20
29372.58587914316
 10
39654.58878616967
 20
29371.88981055289
 10
39654.42180718225
 20
29371.21233207525
 10
39654.23360460018
 20
29370.54240922019
 10
39654.01264219811
 20
29369.86318081544
 10
39653.73760841733
 20
29369.14857370896
 10
39653.3666813262
 20
29368.35828868496
 10
39652.81262337154
 20
29367.43336507178
 10
39651.887425366
 20
29366.31027326425
 10
39650.22593866066
 20
29365.03865896087
 10
39647.49280834791
 20
29364.14181123895
 10
39644.3751058962
 20
29364.44616077875
 10
39642.13975291973
 20
29365.6255225662
 10
39640.87406159963
 20
29366.85411688419
 10
39640.15289408197
 20
29367.88017340374
 10
39639.69858242555
 20
29368.73467484752
 10
39639.37903273676
 20
29369.48398750874
 10
39639.13247697144
 20
29370.17830274679
 10
39638.92848818378
 20
29370.85066526479
 10
39638.75111213143
 20
29371.52238433991
 10
39638.59149189978
 20
29372.20731039273
 10
39638.44446898752
 20
29372.91455724684
 10
39638.30692108662
 20
29373.65016682172
 10
39638.17690212152
 20
29374.4181322064
 10
39638.05317422473
 20
29375.22103884751
 10
39637.93494133502
 20
29376.06047623025
 10
39637.82169143798
 20
29376.93730889798
 10
39637.71309981402
 20
29377.85185928817
 10
39637.60896782518
 20
29378.80403400435
 10
39637.50918309237
 20
29379.79341300121
 10
39637.41369292958
 20
29380.81931394917
 10
39637.32248621301
 20
29381.88083967043
 10
39637.23558074647
 20
29382.97691382723
 10
39637.15301428613
 20
29384.10630832784
 10
39637.07483805065
 20
29385.26766480924
 10
39637.00111195052
 20
29386.45951182837
 10
39636.93190102677
 20
29387.68027890789
 10
39636.86727275467
 20
29388.92830825192
 10
39636.8072949751
 20
29390.20186472004
 10
39636.7520342886
 20
29391.49914448848
 10
39636.70155479529
 20
29392.81828271473
 10
39636.65591709707
 20
29394.15736044122
 10
39636.61517750191
 20
29395.51441091526
 10
39636.57938738616
 20
29396.88742545953
 10
39636.54859268227
 20
29398.27435899606
 10
39636.52283346829
 20
29399.67313530313
 10
39636.50214364117
 20
29401.08165206718
 10
39636.48655066058
 20
29402.49778577876
 10
39636.47607535378
 20
29403.91939651178
 10
39636.47073177437
 20
29405.34433261846
 10
39636.46998282362
 20
29406.11415905732
1001
REVIT
1002
{
1070
     1
1000
1961636
1002
}
1002
{
1070
     5
1000
1739590
1002
}
1002
{
1070
     3
1000
1035229
1002
}
  0
LWPOLYLINE
  5
38F
330
2CB
100
AcDbEntity
  8
P-SANR-FIXT
100
AcDbPolyline
 90
       35
 70
   128
 43
0.0
 10
39652.44618844622
 20
29374.5083330405
 10
39652.42491547029
 20
29374.57515859234
 10
39652.37335955831
 20
29374.75923385618
 10
39652.30362214941
 20
29375.04213817827
 10
39652.22275733631
 20
29375.41117848011
 10
39652.13510839972
 20
29375.85727471273
 10
39652.0434844246
 20
29376.37366846586
 10
39651.94978526153
 20
29376.95512336715
 10
39651.85534957186
 20
29377.59741917499
 10
39651.76115689859
 20
29378.29702414037
 10
39651.66794935342
 20
29379.05087797901
 10
39651.57630728861
 20
29379.85624509601
 10
39651.4866977035
 20
29380.7106134689
 10
39651.39950599218
 20
29381.61162386274
 10
39651.31505722912
 20
29382.55701961387
 10
39651.23363072142
 20
29383.54461063229
 10
39651.15547012979
 20
29384.57224740951
 10
39651.08079061532
 20
29385.63780218532
 10
39651.00978395318
 20
29386.73915531631
 10
39650.94262223412
 20
29387.8741854788
 10
39650.87946057051
 20
29389.04076273635
 10
39650.82043909138
 20
29390.23674377397
 10
39650.76568442353
 20
29391.45996879002
 10
39650.71531079743
 20
29392.70825966953
 10
39650.66942087634
 20
29393.97941915729
 10
39650.62810638
 20
29395.27123081724
 10
39650.59144855414
 20
29396.58145961405
 10
39650.5595185243
 20
29397.90785298923
 10
39650.53237756162
 20
29399.24814233103
 10
39650.51007728173
 20
29400.60004475717
 10
39650.49265979218
 20
29401.96126514452
 10
39650.48015779977
 20
29403.3294983508
 10
39650.4725946866
 20
29404.7024315816
 10
39650.46998456045
 20
29406.07774686187
 10
39650.46998282363
 20
29406.11415905732
1001
REVIT
1002
{
1070
     1
1000
1961636
1002
}
1002
{
1070
     5
1000
1739590
1002
}
1002
{
1070
     3
1000
1035229
1002
}
  0
LWPOLYLINE
  5
390
330
2CB
100
AcDbEntity
  8
P-SANR-FIXT
100
AcDbPolyline
 90
        5
 70
   128
 43
0.0
 10
39640.80572880037
 20
29374.5083330405
 10
39640.82700177632
 20
29374.57515859234
 10
39640.87855768829
 20
29374.75923385618
 10
39640.9482950972
 20
29375.04213817827
 10
39641.0291599103
 20
29375.41117848011
1001
REVIT
1002
{
1070
     1
1000
1961636
1002
}
1002
{
1070
     5
1000
1739590
1002
}
1002
{
1070
     3
1000
1035229
1002
}
  0
LINE
  5
391
330
2CB
100
AcDbEntity
  8
P-SANR-FIXT
100
AcDbLine
 10
39656.78193442298
 20
29406.11415905732
 30
0.0
 11
39656.78193442298
 21
30058.531477046
 31
0.0
1001
REVIT
1002
{
1070
     1
1000
1961636
1002
}
1002
{
1070
     5
1000
1739590
1002
}
1002
{
1070
     3
1000
1035229
1002
}
  0
LINE
  5
392
330
2CB
100
AcDbEntity
  8
P-SANR-FIXT
100
AcDbLine
 10
39642.78193442298
 20
30058.531477046
 30
0.0
 11
39642.78193442298
 21
29587.0605989852
 31
0.0
1001
REVIT
1002
{
1070
     1
1000
1961636
1002
}
1002
{
1070
     5
1000
1739590
1002
}
1002
{
1070
     3
1000
1035229
1002
}
  0
LINE
  5
393
330
2CB
100
AcDbEntity
  8
P-SANR-FIXT
100
AcDbLine
 10
39642.78193442298
 20
29554.99999999986
 30
0.0
 11
39642.78193442298
 21
29545.99999999984
 31
0.0
1001
REVIT
1002
{
1070
     1
1000
1961636
1002
}
1002
{
1070
     5
1000
1739590
1002
}
1002
{
1070
     3
1000
1035229
1002
}
  0
LINE
  5
394
330
2CB
100
AcDbEntity
  8
P-SANR-FIXT
100
AcDbLine
 10
39632.8067907298
 20
29511.00000000007
 30
0.0
 11
39635.42146301224
 21
29481.11415905732
 31
0.0
1001
REVIT
1002
{
1070
     1
1000
1961636
1002
}
1002
{
1070
     5
1000
1739590
1002
}
1002
{
1070
     3
1000
1035229
1002
}
  0
LINE
  5
395
330
2CB
100
AcDbEntity
  8
P-SANR-FIXT
100
AcDbLine
 10
39651.46954998599
 20
29481.11415905732
 30
0.0
 11
39652.61175269589
 21
29494.16959577182
 31
0.0
1001
REVIT
1002
{
1070
     1
1000
1961636
1002
}
1002
{
1070
     5
1000
1739590
1002
}
1002
{
1070
     3
1000
1035229
1002
}
  0
LINE
  5
396
330
2CB
100
AcDbEntity
  8
P-SANR-FIXT
100
AcDbLine
 10
39633.22286417801
 20
29511.00000000006
 30
0.0
 11
39632.80679072979
 21
29511.00000000006
 31
0.0
1001
REVIT
1002
{
1070
     1
1000
1961636
1002
}
1002
{
1070
     5
1000
1739590
1002
}
1002
{
1070
     3
1000
1035229
1002
}
  0
LINE
  5
397
330
2CB
100
AcDbEntity
  8
P-SANR-FIXT
100
AcDbLine
 10
39640.88563451429
 20
29511.00000000006
 30
0.0
 11
39635.78273616282
 21
29511.00000000006
 31
0.0
1001
REVIT
1002
{
1070
     1
1000
1961636
1002
}
1002
{
1070
     5
1000
1739590
1002
}
1002
{
1070
     3
1000
1035229
1002
}
  0
LINE
  5
398
330
2CB
100
AcDbEntity
  8
P-SANR-FIXT
100
AcDbLine
 10
39650.09310795933
 20
29481.11415905731
 30
0.0
 11
39651.46954998598
 21
29481.11415905731
 31
0.0
1001
REVIT
1002
{
1070
     1
1000
1961636
1002
}
1002
{
1070
     5
1000
1739590
1002
}
1002
{
1070
     3
1000
1035229
1002
}
  0
LINE
  5
399
330
2CB
100
AcDbEntity
  8
P-SANR-FIXT
100
AcDbLine
 10
39637.42921634986
 20
29481.11415905731
 30
0.0
 11
39649.66519608946
 21
29481.11415905731
 31
0.0
1001
REVIT
1002
{
1070
     1
1000
1961636
1002
}
1002
{
1070
     5
1000
1739590
1002
}
1002
{
1070
     3
1000
1035229
1002
}
  0
LINE
  5
39A
330
2CB
100
AcDbEntity
  8
P-SANR-FIXT
100
AcDbLine
 10
39635.42146301222
 20
29481.11415905731
 30
0.0
 11
39637.29632591664
 21
29481.11415905731
 31
0.0
1001
REVIT
1002
{
1070
     1
1000
1961636
1002
}
1002
{
1070
     5
1000
1739590
1002
}
1002
{
1070
     3
1000
1035229
1002
}
  0
LINE
  5
39B
330
2CB
100
AcDbEntity
  8
P-SANR-FIXT
100
AcDbLine
 10
39585.44550649911
 20
29554.99999999986
 30
0.0
 11
39643.44550649912
 21
29554.99999999986
 31
0.0
1001
REVIT
1002
{
1070
     1
1000
1961636
1002
}
1002
{
1070
     5
1000
1739590
1002
}
1002
{
1070
     3
1000
1035229
1002
}
  0
LINE
  5
39C
330
2CB
100
AcDbEntity
  8
P-SANR-FIXT
100
AcDbLine
 10
39643.44550649912
 20
29586.99999999993
 30
0.0
 11
39585.44550649911
 21
29586.99999999993
 31
0.0
1001
REVIT
1002
{
1070
     1
1000
1961636
1002
}
1002
{
1070
     5
1000
1739590
1002
}
1002
{
1070
     3
1000
1035229
1002
}
  0
LINE
  5
39D
330
2CB
100
AcDbEntity
  8
P-SANR-FIXT
100
AcDbLine
 10
39580.44550649912
 20
29545.99999999986
 30
0.0
 11
39585.44550649911
 21
29545.99999999986
 31
0.0
1001
REVIT
1002
{
1070
     1
1000
1961636
1002
}
1002
{
1070
     5
1000
1739590
1002
}
1002
{
1070
     3
1000
1035229
1002
}
  0
LINE
  5
39E
330
2CB
100
AcDbEntity
  8
P-SANR-FIXT
100
AcDbLine
 10
39585.44550649911
 20
29595.99999999993
 30
0.0
 11
39580.44550649912
 21
29595.99999999993
 31
0.0
1001
REVIT
1002
{
1070
     1
1000
1961636
1002
}
1002
{
1070
     5
1000
1739590
1002
}
1002
{
1070
     3
1000
1035229
1002
}
  0
LINE
  5
39F
330
2CB
100
AcDbEntity
  8
P-SANR-FIXT
100
AcDbLine
 10
39585.4455064991
 20
29545.99999999985
 30
0.0
 11
39585.4455064991
 21
29595.99999999992
 31
0.0
1001
REVIT
1002
{
1070
     1
1000
1961636
1002
}
1002
{
1070
     5
1000
1739590
1002
}
1002
{
1070
     3
1000
1035229
1002
}
  0
LINE
  5
3A0
330
2CB
100
AcDbEntity
  8
P-SANR-FIXT
100
AcDbLine
 10
39990.44550649912
 20
30679.00000000001
 30
0.0
 11
39990.44550649912
 21
30689.00000000001
 31
0.0
1001
REVIT
1002
{
1070
     1
1000
1961636
1002
}
1002
{
1070
     5
1000
1739590
1002
}
1002
{
1070
     3
1000
1035229
1002
}
  0
LINE
  5
3A1
330
2CB
100
AcDbEntity
  8
P-SANR-FIXT
100
AcDbLine
 10
39643.44550649909
 20
29491.00000000007
 30
0.0
 11
39655.44550649909
 21
29491.00000000007
 31
0.0
1001
REVIT
1002
{
1070
     1
1000
1961636
1002
}
1002
{
1070
     5
1000
1739590
1002
}
1002
{
1070
     3
1000
1035229
1002
}
  0
LWPOLYLINE
  5
3A2
330
2CB
100
AcDbEntity
  8
P-SANR-FIXT
100
AcDbPolyline
 90
       80
 70
   128
 43
0.0
 10
39666.50241718412
 20
30336.05691068507
 10
39666.50241718412
 20
30336.06886356267
 10
39666.50241718412
 20
30336.10470307344
 10
39666.50241718412
 20
30336.1643718818
 10
39666.50241718412
 20
30336.24777453038
 10
39666.50241718412
 20
30336.35477759274
 10
39666.50241718412
 20
30336.4852098868
 10
39666.50241718412
 20
30336.63886274872
 10
39666.50241718412
 20
30336.8154903667
 10
39666.50241718412
 20
30337.01481017422
 10
39666.50241718412
 20
30337.23650330212
 10
39666.50241718412
 20
30337.48021508867
 10
39666.50241718412
 20
30337.74555564702
 10
39666.50241718412
 20
30338.03210048887
 10
39666.50241718412
 20
30338.3393912036
 10
39666.50241718412
 20
30338.66693619162
 10
39666.50241718412
 20
30339.01421145082
 10
39666.50241718412
 20
30339.38066141486
 10
39666.50241718412
 20
30339.76569984198
 10
39666.50241718412
 20
30340.16871075284
 10
39666.50241718412
 20
30340.58904941593
 10
39666.50241718412
 20
30341.02604337907
 10
39666.50241718412
 20
30341.47899354515
 10
39666.50241718412
 20
30341.94717529051
 10
39666.50241718412
 20
30342.42983962424
 10
39666.50241718412
 20
30342.92621438638
 10
39666.50241718412
 20
30343.43550548317
 10
39666.50241718412
 20
30343.95689815752
 10
39666.50241718412
 20
30344.48955829237
 10
39666.50241718412
 20
30345.03263374514
 10
39666.50241718412
 20
30345.58525571093
 10
39666.50241718412
 20
30346.14654011251
 10
39666.50241718412
 20
30346.71558901456
 10
39666.50241718412
 20
30347.29149206023
 10
39666.50241718412
 20
30347.87332792749
 10
39666.50241718412
 20
30348.46016580309
 10
39666.50241718412
 20
30349.05106687159
 10
39666.50241718412
 20
30349.64508581735
 10
39666.50241718412
 20
30350.24127233677
 10
39666.50241718412
 20
30350.8386726586
 10
39666.50241718412
 20
30351.43633106977
 10
39666.50241718412
 20
30352.03329144429
 10
39666.50241718412
 20
30352.62859877293
 10
39666.50241718412
 20
30353.22130069095
 10
39666.50241718412
 20
30353.81044900172
 10
39666.50241718412
 20
30354.39510119361
 10
39666.50241718412
 20
30354.97432194785
 10
39666.50241718412
 20
30355.54718463477
 10
39666.50241718412
 20
30356.1127727963
 10
39666.50241718412
 20
30356.67018161202
 10
39666.50241718412
 20
30357.21851934673
 10
39666.50241718412
 20
30357.75690877704
 10
39666.50241718412
 20
30358.2844885947
 10
39666.50241718412
 20
30358.80041478455
 10
39666.50241718412
 20
30359.30386197474
 10
39666.50241718412
 20
30359.79402475718
 10
39666.50241718412
 20
30360.27011897596
 10
39666.50241718412
 20
30360.73138298189
 10
39666.50241718412
 20
30361.17707885098
 10
39666.50241718412
 20
30361.60649356489
 10
39666.50241718412
 20
30362.0189401517
 10
39666.50241718412
 20
30362.41375878486
 10
39666.50241718412
 20
30362.79031783876
 10
39666.50241718412
 20
30363.14801489924
 10
39666.50241718412
 20
30363.48627772734
 10
39666.50241718412
 20
30363.80456517466
 10
39666.50241718412
 20
30364.10236804921
 10
39666.50241718412
 20
30364.37920992989
 10
39666.50241718412
 20
30364.63464792877
 10
39666.50241718412
 20
30364.86827339953
 10
39666.50241718412
 20
30365.07971259125
 10
39666.50241718412
 20
30365.26862724635
 10
39666.50241718412
 20
30365.43471514166
 10
39666.50241718412
 20
30365.57771057198
 10
39666.50241718412
 20
30365.69738477513
 10
39666.50241718412
 20
30365.79354629793
 10
39666.50241718412
 20
30365.86604130244
 10
39666.50241718412
 20
30365.91475381211
 10
39666.50241718412
 20
30365.93960589732
 10
39666.50241718412
 20
30365.94308931505
1001
REVIT
1002
{
1070
     1
1000
1961636
1002
}
1002
{
1070
     5
1000
1739590
1002
}
1002
{
1070
     3
1000
1035229
1002
}
  0
LWPOLYLINE
  5
3A3
330
2CB
100
AcDbEntity
  8
P-SANR-FIXT
100
AcDbPolyline
 90
       80
 70
   128
 43
0.0
 10
39666.50241718412
 20
30365.94308931505
 10
39666.50241718412
 20
30365.93113643744
 10
39666.50241718412
 20
30365.89529692668
 10
39666.50241718412
 20
30365.83562811832
 10
39666.50241718412
 20
30365.75222546974
 10
39666.50241718412
 20
30365.64522240738
 10
39666.50241718412
 20
30365.51479011331
 10
39666.50241718412
 20
30365.36113725139
 10
39666.50241718412
 20
30365.18450963342
 10
39666.50241718412
 20
30364.9851898259
 10
39666.50241718412
 20
30364.763496698
 10
39666.50241718412
 20
30364.51978491144
 10
39666.50241718412
 20
30364.25444435309
 10
39666.50241718412
 20
30363.96789951124
 10
39666.50241718412
 20
30363.66060879652
 10
39666.50241718412
 20
30363.3330638085
 10
39666.50241718412
 20
30362.9857885493
 10
39666.50241718412
 20
30362.61933858526
 10
39666.50241718412
 20
30362.23430015813
 10
39666.50241718412
 20
30361.83128924728
 10
39666.50241718412
 20
30361.41095058419
 10
39666.50241718412
 20
30360.97395662104
 10
39666.50241718412
 20
30360.52100645496
 10
39666.50241718412
 20
30360.0528247096
 10
39666.50241718412
 20
30359.57016037587
 10
39666.50241718412
 20
30359.07378561374
 10
39666.50241718412
 20
30358.56449451695
 10
39666.50241718412
 20
30358.0431018426
 10
39666.50241718412
 20
30357.51044170775
 10
39666.50241718412
 20
30356.96736625498
 10
39666.50241718412
 20
30356.41474428918
 10
39666.50241718412
 20
30355.85345988761
 10
39666.50241718412
 20
30355.28441098555
 10
39666.50241718412
 20
30354.70850793989
 10
39666.50241718412
 20
30354.12667207263
 10
39666.50241718412
 20
30353.53983419703
 10
39666.50241718412
 20
30352.94893312853
 10
39666.50241718412
 20
30352.35491418276
 10
39666.50241718412
 20
30351.75872766334
 10
39666.50241718412
 20
30351.16132734152
 10
39666.50241718412
 20
30350.56366893036
 10
39666.50241718412
 20
30349.96670855583
 10
39666.50241718412
 20
30349.37140122719
 10
39666.50241718412
 20
30348.77869930917
 10
39666.50241718412
 20
30348.1895509984
 10
39666.50241718412
 20
30347.60489880651
 10
39666.50241718412
 20
30347.02567805227
 10
39666.50241718412
 20
30346.45281536535
 10
39666.50241718412
 20
30345.88722720382
 10
39666.50241718412
 20
30345.3298183881
 10
39666.50241718412
 20
30344.78148065338
 10
39666.50241718412
 20
30344.24309122308
 10
39666.50241718412
 20
30343.71551140542
 10
39666.50241718412
 20
30343.19958521557
 10
39666.50241718412
 20
30342.69613802537
 10
39666.50241718412
 20
30342.20597524294
 10
39666.50241718412
 20
30341.72988102416
 10
39666.50241718412
 20
30341.26861701823
 10
39666.50241718412
 20
30340.82292114914
 10
39666.50241718412
 20
30340.39350643523
 10
39666.50241718412
 20
30339.98105984841
 10
39666.50241718412
 20
30339.58624121526
 10
39666.50241718412
 20
30339.20968216136
 10
39666.50241718412
 20
30338.85198510087
 10
39666.50241718412
 20
30338.51372227278
 10
39666.50241718412
 20
30338.19543482545
 10
39666.50241718412
 20
30337.89763195091
 10
39666.50241718412
 20
30337.62079007023
 10
39666.50241718412
 20
30337.36535207135
 10
39666.50241718412
 20
30337.13172660059
 10
39666.50241718412
 20
30336.92028740887
 10
39666.50241718412
 20
30336.73137275377
 10
39666.50241718412
 20
30336.56528485846
 10
39666.50241718412
 20
30336.42228942814
 10
39666.50241718412
 20
30336.30261522498
 10
39666.50241718412
 20
30336.20645370219
 10
39666.50241718412
 20
30336.13395869768
 10
39666.50241718412
 20
30336.08524618801
 10
39666.50241718412
 20
30336.06039410279
 10
39666.50241718412
 20
30336.05691068507
1001
REVIT
1002
{
1070
     1
1000
1961636
1002
}
1002
{
1070
     5
1000
1739590
1002
}
1002
{
1070
     3
1000
1035229
1002
}
  0
LWPOLYLINE
  5
3A4
330
2CB
100
AcDbEntity
  8
P-SANR-FIXT
100
AcDbPolyline
 90
       41
 70
   128
 43
0.0
 10
39665.50241718412
 20
30366.94308931505
 10
39665.54240651831
 20
30366.94228942171
 10
39665.58233187809
 20
30366.93989102136
 10
39665.62212939141
 20
30366.9358979509
 10
39665.66173539073
 20
30366.93031659843
 10
39665.70108651492
 20
30366.92315589289
 10
39665.74011981055
 20
30366.9144272899
 10
39665.77877283268
 20
30366.90414475336
 10
39665.81698374473
 20
30366.89232473314
 10
39665.8546914174
 20
30366.87898613873
 10
39665.89183552643
 20
30366.86415030905
 10
39665.92835664918
 20
30366.84784097827
 10
39665.96419635966
 20
30366.83008423783
 10
39665.99929732196
 20
30366.81090849473
 10
39666.03360338204
 20
30366.79034442607
 10
39666.06705965751
 20
30366.76842492996
 10
39666.09961262548
 20
30366.74518507293
 10
39666.13121020814
 20
30366.7206620338
 10
39666.16180185609
 20
30366.69489504419
 10
39666.19133862922
 20
30366.66792532579
 10
39666.21977327502
 20
30366.6397960244
 10
39666.24706030409
 20
30366.61055214089
 10
39666.27315606302
 20
30366.58024045925
 10
39666.29801880415
 20
30366.54890947169
 10
39666.32160875241
 20
30366.51660930112
 10
39666.34388816892
 20
30366.48339162092
 10
39666.36482141137
 20
30366.44930957228
 10
39666.384374991
 20
30366.41441767923
 10
39666.40251762629
 20
30366.37877176133
 10
39666.41922029289
 20
30366.34242884445
 10
39666.43445627008
 20
30366.30544706953
 10
39666.44820118357
 20
30366.26788559949
 10
39666.46043304441
 20
30366.22980452468
 10
39666.47113228424
 20
30366.1912647667
 10
39666.48028178655
 20
30366.15232798094
 10
39666.48786691411
 20
30366.11305645795
 10
39666.4938755323
 20
30366.07351302379
 10
39666.49829802865
 20
30366.03376093951
 10
39666.5011273281
 20
30365.99386379998
 10
39666.50235890434
 20
30365.95388543211
 10
39666.50241718412
 20
30365.94308931505
1001
REVIT
1002
{
1070
     1
1000
1961636
1002
}
1002
{
1070
     5
1000
1739590
1002
}
1002
{
1070
     3
1000
1035229
1002
}
  0
LWPOLYLINE
  5
3A5
330
2CB
100
AcDbEntity
  8
P-SANR-FIXT
100
AcDbPolyline
 90
       41
 70
   128
 43
0.0
 10
39666.50241718412
 20
30336.05691068507
 10
39666.50161729079
 20
30336.01692135088
 10
39666.49921889042
 20
30335.9769959911
 10
39666.49522581997
 20
30335.93719847778
 10
39666.4896444675
 20
30335.89759247845
 10
39666.48248376196
 20
30335.85824135427
 10
39666.47375515897
 20
30335.81920805864
 10
39666.46347262243
 20
30335.7805550365
 10
39666.45165260219
 20
30335.74234412445
 10
39666.43831400779
 20
30335.70463645179
 10
39666.42347817812
 20
30335.66749234276
 10
39666.40716884734
 20
30335.63097122
 10
39666.3894121069
 20
30335.59513150953
 10
39666.3702363638
 20
30335.56003054722
 10
39666.34967229513
 20
30335.52572448715
 10
39666.32775279902
 20
30335.49226821167
 10
39666.304512942
 20
30335.4597152437
 10
39666.27998990287
 20
30335.42811766105
 10
39666.25422291326
 20
30335.3975260131
 10
39666.22725319486
 20
30335.36798923995
 10
39666.19912389347
 20
30335.33955459417
 10
39666.16988000996
 20
30335.31226756509
 10
39666.13956832831
 20
30335.28617180617
 10
39666.10823734076
 20
30335.26130906503
 10
39666.07593717019
 20
30335.23771911676
 10
39666.04271948998
 20
30335.21543970026
 10
39666.00863744135
 20
30335.19450645782
 10
39665.97374554829
 20
30335.17495287818
 10
39665.9380996304
 20
30335.15681024289
 10
39665.90175671353
 20
30335.1401075763
 10
39665.8647749386
 20
30335.1248715991
 10
39665.82721346856
 20
30335.11112668562
 10
39665.78913239375
 20
30335.09889482478
 10
39665.75059263577
 20
30335.08819558495
 10
39665.71165585001
 20
30335.07904608263
 10
39665.67238432702
 20
30335.07146095508
 10
39665.63284089286
 20
30335.06545233687
 10
39665.59308880858
 20
30335.06102984053
 10
39665.55319166905
 20
30335.05820054109
 10
39665.51321330117
 20
30335.05696896484
 10
39665.50241718412
 20
30335.05691068507
1001
REVIT
1002
{
1070
     1
1000
1961636
1002
}
1002
{
1070
     5
1000
1739590
1002
}
1002
{
1070
     3
1000
1035229
1002
}
  0
LINE
  5
3A6
330
2CB
100
AcDbEntity
  8
P-SANR-FIXT
100
AcDbLine
 10
39656.50241718412
 20
30335.05691068507
 30
0.0
 11
39665.50241718412
 21
30335.05691068507
 31
0.0
1001
REVIT
1002
{
1070
     1
1000
1961636
1002
}
1002
{
1070
     5
1000
1739590
1002
}
1002
{
1070
     3
1000
1035229
1002
}
  0
LINE
  5
3A7
330
2CB
100
AcDbEntity
  8
P-SANR-FIXT
100
AcDbLine
 10
39665.50241718412
 20
30366.94308931505
 30
0.0
 11
39656.50241718412
 21
30366.94308931505
 31
0.0
1001
REVIT
1002
{
1070
     1
1000
1961636
1002
}
1002
{
1070
     5
1000
1739590
1002
}
1002
{
1070
     3
1000
1035229
1002
}
  0
LINE
  5
3A8
330
2CB
100
AcDbEntity
  8
P-SANR-FIXT
100
AcDbLine
 10
39655.44550649909
 20
30334.00000000004
 30
0.0
 11
39656.50241718412
 21
30335.05691068507
 31
0.0
1001
REVIT
1002
{
1070
     1
1000
1961636
1002
}
1002
{
1070
     5
1000
1739590
1002
}
1002
{
1070
     3
1000
1035229
1002
}
  0
LINE
  5
3A9
330
2CB
100
AcDbEntity
  8
P-SANR-FIXT
100
AcDbLine
 10
39656.50241718412
 20
30366.94308931505
 30
0.0
 11
39655.44550649909
 21
30368.00000000008
 31
0.0
1001
REVIT
1002
{
1070
     1
1000
1961636
1002
}
1002
{
1070
     5
1000
1739590
1002
}
1002
{
1070
     3
1000
1035229
1002
}
  0
LWPOLYLINE
  5
3AA
330
2CB
100
AcDbEntity
  8
P-SANR-FIXT
100
AcDbPolyline
 90
       41
 70
   128
 43
0.0
 10
39989.44550649912
 20
30690.00000000001
 10
39989.4854958333
 20
30689.99920010667
 10
39989.52542119308
 20
30689.99680170631
 10
39989.56521870641
 20
30689.99280863586
 10
39989.60482470574
 20
30689.98722728338
 10
39989.64417582991
 20
30689.98006657785
 10
39989.68320912555
 20
30689.97133797486
 10
39989.72186214768
 20
30689.96105543832
 10
39989.76007305973
 20
30689.94923541809
 10
39989.79778073239
 20
30689.93589682369
 10
39989.83492484143
 20
30689.92106099401
 10
39989.87144596418
 20
30689.90475166323
 10
39989.90728567467
 20
30689.88699492279
 10
39989.94238663696
 20
30689.86781917969
 10
39989.97669269704
 20
30689.84725511102
 10
39990.01014897252
 20
30689.82533561492
 10
39990.04270194048
 20
30689.80209575789
 10
39990.07429952313
 20
30689.77757271876
 10
39990.10489117109
 20
30689.75180572915
 10
39990.13442794422
 20
30689.72483601075
 10
39990.16286259002
 20
30689.69670670936
 10
39990.19014961909
 20
30689.66746282585
 10
39990.21624537802
 20
30689.63715114421
 10
39990.24110811916
 20
30689.60582015665
 10
39990.26469806742
 20
30689.57351998608
 10
39990.28697748393
 20
30689.54030230588
 10
39990.30791072636
 20
30689.50622025724
 10
39990.327464306
 20
30689.47132836418
 10
39990.3456069413
 20
30689.43568244629
 10
39990.36230960788
 20
30689.39933952942
 10
39990.37754558509
 20
30689.36235775449
 10
39990.39129049857
 20
30689.32479628445
 10
39990.40352235941
 20
30689.28671520964
 10
39990.41422159923
 20
30689.24817545166
 10
39990.42337110156
 20
30689.2092386659
 10
39990.43095622911
 20
30689.16996714291
 10
39990.43696484731
 20
30689.13042370874
 10
39990.44138734365
 20
30689.09067162447
 10
39990.44421664308
 20
30689.05077448494
 10
39990.44544821935
 20
30689.01079611707
 10
39990.44550649912
 20
30689.00000000001
1001
REVIT
1002
{
1070
     1
1000
1961636
1002
}
1002
{
1070
     5
1000
1739590
1002
}
1002
{
1070
     3
1000
1035229
1002
}
  0
LWPOLYLINE
  5
3AB
330
2CB
100
AcDbEntity
  8
P-SANR-FIXT
100
AcDbPolyline
 90
       41
 70
   128
 43
0.0
 10
39990.44550649912
 20
30679.00000000001
 10
39990.44470660577
 20
30678.96001066582
 10
39990.44230820542
 20
30678.92008530604
 10
39990.43831513497
 20
30678.88028779272
 10
39990.4327337825
 20
30678.84068179339
 10
39990.42557307696
 20
30678.80133066921
 10
39990.41684447397
 20
30678.76229737358
 10
39990.40656193743
 20
30678.72364435145
 10
39990.3947419172
 20
30678.68543343939
 10
39990.3814033228
 20
30678.64772576673
 10
39990.36656749312
 20
30678.6105816577
 10
39990.35025816233
 20
30678.57406053494
 10
39990.3325014219
 20
30678.53822082447
 10
39990.31332567879
 20
30678.50311986217
 10
39990.29276161013
 20
30678.46881380209
 10
39990.27084211403
 20
30678.43535752661
 10
39990.247602257
 20
30678.40280455865
 10
39990.22307921787
 20
30678.37120697599
 10
39990.19731222826
 20
30678.34061532804
 10
39990.17034250986
 20
30678.3110785549
 10
39990.14221320847
 20
30678.28264390911
 10
39990.11296932496
 20
30678.25535688004
 10
39990.08265764331
 20
30678.22926112111
 10
39990.05132665576
 20
30678.20439837997
 10
39990.01902648519
 20
30678.18080843171
 10
39989.98580880499
 20
30678.1585290152
 10
39989.95172675635
 20
30678.13759577276
 10
39989.91683486328
 20
30678.11804219312
 10
39989.8811889454
 20
30678.09989955783
 10
39989.84484602852
 20
30678.08319689124
 10
39989.80786425359
 20
30678.06796091404
 10
39989.77030278356
 20
30678.05421600056
 10
39989.73222170875
 20
30678.04198413972
 10
39989.69368195076
 20
30678.03128489989
 10
39989.65474516501
 20
30678.02213539757
 10
39989.61547364202
 20
30678.01455027002
 10
39989.57593020786
 20
30678.00854165181
 10
39989.53617812358
 20
30678.00411915547
 10
39989.49628098405
 20
30678.00128985603
 10
39989.45630261617
 20
30678.00005827978
 10
39989.44550649912
 20
30678.00000000001
1001
REVIT
1002
{
1070
     1
1000
1961636
1002
}
1002
{
1070
     5
1000
1739590
1002
}
1002
{
1070
     3
1000
1035229
1002
}
  0
LINE
  5
3AC
330
2CB
100
AcDbEntity
  8
P-SANR-FIXT
100
AcDbLine
 10
39979.44550649909
 20
30678.0
 30
0.0
 11
39693.44550649909
 21
30678.0
 31
0.0
1001
REVIT
1002
{
1070
     1
1000
1961636
1002
}
1002
{
1070
     5
1000
1739590
1002
}
1002
{
1070
     3
1000
1035229
1002
}
  0
ARC
  5
3AD
330
2CB
100
AcDbEntity
  8
P-SANR-FIXT
100
AcDbCircle
 10
39693.44550649909
 20
30639.99999999996
 30
0.0
 40
38.0
100
AcDbArc
 50
90.0
 51
180.0
1001
REVIT
1002
{
1070
     1
1000
1961636
1002
}
1002
{
1070
     5
1000
1739590
1002
}
1002
{
1070
     3
1000
1035229
1002
}
  0
LINE
  5
3AE
330
2CB
100
AcDbEntity
  8
P-SANR-FIXT
100
AcDbLine
 10
39979.44550649909
 20
30678.0
 30
0.0
 11
39979.44550649909
 21
30690.0
 31
0.0
1001
REVIT
1002
{
1070
     1
1000
1961636
1002
}
1002
{
1070
     5
1000
1739590
1002
}
1002
{
1070
     3
1000
1035229
1002
}
  0
LINE
  5
3AF
330
2CB
100
AcDbEntity
  8
P-SANR-FIXT
100
AcDbLine
 10
39693.44550649909
 20
30689.99999999996
 30
0.0
 11
39979.44550649909
 21
30690.0
 31
0.0
1001
REVIT
1002
{
1070
     1
1000
1961636
1002
}
1002
{
1070
     5
1000
1739590
1002
}
1002
{
1070
     3
1000
1035229
1002
}
  0
ARC
  5
3B0
330
2CB
100
AcDbEntity
  8
P-SANR-FIXT
100
AcDbCircle
 10
39693.44550649909
 20
30639.99999999996
 30
0.0
 40
49.99999999999272
100
AcDbArc
 50
90.0
 51
164.1102400550462
1001
REVIT
1002
{
1070
     1
1000
1961636
1002
}
1002
{
1070
     5
1000
1739590
1002
}
1002
{
1070
     3
1000
1035229
1002
}
  0
LINE
  5
3B1
330
2CB
100
AcDbEntity
  8
P-SANR-FIXT
100
AcDbLine
 10
39645.44550649941
 20
30391.00000000005
 30
0.0
 11
39655.44550649909
 21
30391.00000000005
 31
0.0
1001
REVIT
1002
{
1070
     1
1000
1961636
1002
}
1002
{
1070
     5
1000
1739590
1002
}
1002
{
1070
     3
1000
1035229
1002
}
  0
LINE
  5
3B2
330
2CB
100
AcDbEntity
  8
P-SANR-FIXT
100
AcDbLine
 10
39645.44550649941
 20
30312.00000000005
 30
0.0
 11
39655.44550649909
 21
30312.00000000005
 31
0.0
1001
REVIT
1002
{
1070
     1
1000
1961636
1002
}
1002
{
1070
     5
1000
1739590
1002
}
1002
{
1070
     3
1000
1035229
1002
}
  0
LINE
  5
3B3
330
2CB
100
AcDbEntity
  8
P-SANR-FIXT
100
AcDbLine
 10
39655.44550649909
 20
30390.00000000005
 30
0.0
 11
39645.44550649941
 21
30390.00000000005
 31
0.0
1001
REVIT
1002
{
1070
     1
1000
1961636
1002
}
1002
{
1070
     5
1000
1739590
1002
}
1002
{
1070
     3
1000
1035229
1002
}
  0
LINE
  5
3B4
330
2CB
100
AcDbEntity
  8
P-SANR-FIXT
100
AcDbLine
 10
39655.44550649909
 20
30311.00000000005
 30
0.0
 11
39645.44550649941
 21
30311.00000000005
 31
0.0
1001
REVIT
1002
{
1070
     1
1000
1961636
1002
}
1002
{
1070
     5
1000
1739590
1002
}
1002
{
1070
     3
1000
1035229
1002
}
  0
LINE
  5
3B5
330
2CB
100
AcDbEntity
  8
P-SANR-FIXT
100
AcDbLine
 10
39643.44550649909
 20
30090.0
 30
0.0
 11
39643.44550649909
 21
30079.9999999999
 31
0.0
1001
REVIT
1002
{
1070
     1
1000
1961636
1002
}
1002
{
1070
     5
1000
1739590
1002
}
1002
{
1070
     3
1000
1035229
1002
}
  0
LINE
  5
3B6
330
2CB
100
AcDbEntity
  8
P-SANR-FIXT
100
AcDbLine
 10
39643.44550649909
 20
30064.9999999999
 30
0.0
 11
39643.44550649908
 21
29511.00000000006
 31
0.0
1001
REVIT
1002
{
1070
     1
1000
1961636
1002
}
1002
{
1070
     5
1000
1739590
1002
}
1002
{
1070
     3
1000
1035229
1002
}
  0
LINE
  5
3B7
330
2CB
100
AcDbEntity
  8
P-SANR-FIXT
100
AcDbLine
 10
39980.44550649909
 20
30689.0
 30
0.0
 11
39980.44550649909
 21
30679.00000021024
 31
0.0
1001
REVIT
1002
{
1070
     1
1000
1961636
1002
}
1002
{
1070
     5
1000
1739590
1002
}
1002
{
1070
     3
1000
1035229
1002
}
  0
LINE
  5
3B8
330
2CB
100
AcDbEntity
  8
P-SANR-FIXT
100
AcDbLine
 10
39655.44550649908
 20
30391.00000000005
 30
0.0
 11
39655.44550649908
 21
30639.99999999996
 31
0.0
1001
REVIT
1002
{
1070
     1
1000
1961636
1002
}
1002
{
1070
     5
1000
1739590
1002
}
1002
{
1070
     3
1000
1035229
1002
}
  0
LINE
  5
3B9
330
2CB
100
AcDbEntity
  8
P-SANR-FIXT
100
AcDbLine
 10
39655.44550649908
 20
29491.00000000006
 30
0.0
 11
39655.44550649908
 21
29511.00000000006
 31
0.0
1001
REVIT
1002
{
1070
     1
1000
1961636
1002
}
1002
{
1070
     5
1000
1739590
1002
}
1002
{
1070
     3
1000
1035229
1002
}
  0
LINE
  5
3BA
330
2CB
100
AcDbEntity
  8
P-SANR-FIXT
100
AcDbLine
 10
39655.44550649908
 20
29511.00000000006
 30
0.0
 11
39655.44550649908
 21
30064.9999999999
 31
0.0
1001
REVIT
1002
{
1070
     1
1000
1961636
1002
}
1002
{
1070
     5
1000
1739590
1002
}
1002
{
1070
     3
1000
1035229
1002
}
  0
LINE
  5
3BB
330
2CB
100
AcDbEntity
  8
P-SANR-FIXT
100
AcDbLine
 10
39655.44550649908
 20
30079.9999999999
 30
0.0
 11
39655.44550649908
 21
30311.00000000005
 31
0.0
1001
REVIT
1002
{
1070
     1
1000
1961636
1002
}
1002
{
1070
     5
1000
1739590
1002
}
1002
{
1070
     3
1000
1035229
1002
}
  0
LINE
  5
3BC
330
2CB
100
AcDbEntity
  8
P-SANR-FIXT
100
AcDbLine
 10
39655.44550649908
 20
30312.00000000005
 30
0.0
 11
39655.44550649908
 21
30390.00000000005
 31
0.0
1001
REVIT
1002
{
1070
     1
1000
1961636
1002
}
1002
{
1070
     5
1000
1739590
1002
}
1002
{
1070
     3
1000
1035229
1002
}
  0
LINE
  5
3BD
330
2CB
100
AcDbEntity
  8
P-SANR-FIXT
100
AcDbLine
 10
39643.44550649908
 20
29511.00000000006
 30
0.0
 11
39643.44550649908
 21
29491.68148347428
 31
0.0
1001
REVIT
1002
{
1070
     1
1000
1961636
1002
}
1002
{
1070
     5
1000
1739590
1002
}
1002
{
1070
     3
1000
1035229
1002
}
  0
LINE
  5
3BE
330
2CB
100
AcDbEntity
  8
P-SANR-FIXT
100
AcDbLine
 10
39654.94550649908
 20
30391.00000000005
 30
0.0
 11
39654.94550649908
 21
30390.00000000005
 31
0.0
1001
REVIT
1002
{
1070
     1
1000
1961636
1002
}
1002
{
1070
     5
1000
1739590
1002
}
1002
{
1070
     3
1000
1035229
1002
}
  0
LINE
  5
3BF
330
2CB
100
AcDbEntity
  8
P-SANR-FIXT
100
AcDbLine
 10
39654.94550649908
 20
30312.00000000005
 30
0.0
 11
39654.94550649908
 21
30311.00000000005
 31
0.0
1001
REVIT
1002
{
1070
     1
1000
1961636
1002
}
1002
{
1070
     5
1000
1739590
1002
}
1002
{
1070
     3
1000
1035229
1002
}
  0
LINE
  5
3C0
330
2CB
100
AcDbEntity
  8
P-SANR-FIXT
100
AcDbLine
 10
39656.50241718411
 20
30335.05691068505
 30
0.0
 11
39656.50241718411
 21
30366.94308931504
 31
0.0
1001
REVIT
1002
{
1070
     1
1000
1961636
1002
}
1002
{
1070
     5
1000
1739590
1002
}
1002
{
1070
     3
1000
1035229
1002
}
  0
LINE
  5
3C1
330
2CB
100
AcDbEntity
  8
P-SANR-FIXT
100
AcDbLine
 10
39980.44550649909
 20
30678.99999999996
 30
0.0
 11
39979.44550649909
 21
30678.99999999996
 31
0.0
1001
REVIT
1002
{
1070
     1
1000
1961636
1002
}
1002
{
1070
     5
1000
1739590
1002
}
1002
{
1070
     3
1000
1035229
1002
}
  0
LINE
  5
3C2
330
2CB
100
AcDbEntity
  8
P-SANR-FIXT
100
AcDbLine
 10
39980.44550649909
 20
30689.00000000004
 30
0.0
 11
39979.44550649909
 21
30689.00000000004
 31
0.0
1001
REVIT
1002
{
1070
     1
1000
1961636
1002
}
1002
{
1070
     5
1000
1739590
1002
}
1002
{
1070
     3
1000
1035229
1002
}
  0
LINE
  5
3C3
330
2CB
100
AcDbEntity
  8
P-SANR-FIXT
100
AcDbLine
 10
39980.4455064991
 20
30690.0
 30
0.0
 11
39980.4455064991
 21
30689.0
 31
0.0
1001
REVIT
1002
{
1070
     1
1000
1961636
1002
}
1002
{
1070
     5
1000
1739590
1002
}
1002
{
1070
     3
1000
1035229
1002
}
  0
LINE
  5
3C4
330
2CB
100
AcDbEntity
  8
P-SANR-FIXT
100
AcDbLine
 10
39980.44550649911
 20
30690.0
 30
0.0
 11
39980.44550649911
 21
30689.0
 31
0.0
1001
REVIT
1002
{
1070
     1
1000
1961636
1002
}
1002
{
1070
     5
1000
1739590
1002
}
1002
{
1070
     3
1000
1035229
1002
}
  0
LINE
  5
3C5
330
2CB
100
AcDbEntity
  8
P-SANR-FIXT
100
AcDbLine
 10
39980.44550649911
 20
30679.0
 30
0.0
 11
39980.44550649911
 21
30678.0
 31
0.0
1001
REVIT
1002
{
1070
     1
1000
1961636
1002
}
1002
{
1070
     5
1000
1739590
1002
}
1002
{
1070
     3
1000
1035229
1002
}
  0
LINE
  5
3C6
330
2CB
100
AcDbEntity
  8
P-SANR-FIXT
100
AcDbLine
 10
39980.4455064991
 20
30679.0
 30
0.0
 11
39980.4455064991
 21
30678.0
 31
0.0
1001
REVIT
1002
{
1070
     1
1000
1961636
1002
}
1002
{
1070
     5
1000
1739590
1002
}
1002
{
1070
     3
1000
1035229
1002
}
  0
ENDBLK
  5
3C8
330
2CB
100
AcDbEntity
  8
0
100
AcDbBlockEnd
  0
BLOCK
  5
3DC
330
3D0
100
AcDbEntity
  8
0
100
AcDbBlockBegin
  2
89563_Cavity_Sliding_Door_single - 820CSD-2448972-SECTION E-E
 70
     0
 10
0.0
 20
0.0
 30
0.0
  3
89563_Cavity_Sliding_Door_single - 820CSD-2448972-SECTION E-E
  1

  0
LINE
  5
3D1
330
3D0
100
AcDbEntity
  8
A-DOOR
100
AcDbLine
 10
38250.44550649942
 20
32340.00000000001
 30
0.0
 11
38250.44550649942
 21
34679.9999999982
 31
0.0
1001
REVIT
1002
{
1070
     1
1000
2448796
1002
}
1002
{
1070
     5
1000
1377398
1002
}
1002
{
1070
     3
1000
-2000025
1002
}
  0
LINE
  5
3D2
330
3D0
100
AcDbEntity
  8
A-DOOR-FRAM
100
AcDbLine
 10
38630.44550649941
 20
32340.00000000001
 30
0.0
 11
38630.44550649941
 21
34679.99999999818
 31
0.0
1001
REVIT
1002
{
1070
     1
1000
2448796
1002
}
1002
{
1070
     5
1000
1377398
1002
}
1002
{
1070
     3
1000
-2000029
1002
}
  0
LINE
  5
3D3
330
3D0
100
AcDbEntity
  8
A-DOOR-FRAM
100
AcDbLine
 10
38720.44550649941
 20
32340.00000000001
 30
0.0
 11
38720.44550649941
 21
32760.00000000001
 31
0.0
1001
REVIT
1002
{
1070
     1
1000
2448796
1002
}
1002
{
1070
     5
1000
1377398
1002
}
1002
{
1070
     3
1000
-2000029
1002
}
  0
LINE
  5
3D4
330
3D0
100
AcDbEntity
  8
A-DOOR-FRAM
100
AcDbLine
 10
38720.44550649941
 20
32840.00000000001
 30
0.0
 11
38720.44550649941
 21
33160.00000000001
 31
0.0
1001
REVIT
1002
{
1070
     1
1000
2448796
1002
}
1002
{
1070
     5
1000
1377398
1002
}
1002
{
1070
     3
1000
-2000029
1002
}
  0
LINE
  5
3D5
330
3D0
100
AcDbEntity
  8
A-DOOR-FRAM
100
AcDbLine
 10
38720.44550649941
 20
33240.00000000001
 30
0.0
 11
38720.44550649941
 21
33560.00000000001
 31
0.0
1001
REVIT
1002
{
1070
     1
1000
2448796
1002
}
1002
{
1070
     5
1000
1377398
1002
}
1002
{
1070
     3
1000
-2000029
1002
}
  0
LINE
  5
3D6
330
3D0
100
AcDbEntity
  8
A-DOOR-FRAM
100
AcDbLine
 10
38720.44550649941
 20
33640.00000000001
 30
0.0
 11
38720.44550649941
 21
33960.00000000001
 31
0.0
1001
REVIT
1002
{
1070
     1
1000
2448796
1002
}
1002
{
1070
     5
1000
1377398
1002
}
1002
{
1070
     3
1000
-2000029
1002
}
  0
LINE
  5
3D7
330
3D0
100
AcDbEntity
  8
A-DOOR-FRAM
100
AcDbLine
 10
38720.44550649941
 20
34040.00000000001
 30
0.0
 11
38720.44550649941
 21
34769.99999999817
 31
0.0
1001
REVIT
1002
{
1070
     1
1000
2448796
1002
}
1002
{
1070
     5
1000
1377398
1002
}
1002
{
1070
     3
1000
-2000029
1002
}
  0
LINE
  5
3D8
330
3D0
100
AcDbEntity
  8
A-DOOR-FRAM
100
AcDbLine
 10
37780.44550649941
 20
32340.00000000001
 30
0.0
 11
37780.44550649941
 21
34769.99999999817
 31
0.0
1001
REVIT
1002
{
1070
     1
1000
2448796
1002
}
1002
{
1070
     5
1000
1377398
1002
}
1002
{
1070
     3
1000
-2000029
1002
}
  0
LINE
  5
3D9
330
3D0
100
AcDbEntity
  8
A-DOOR-FRAM
100
AcDbLine
 10
37870.44550649941
 20
34679.99999999818
 30
0.0
 11
37870.44550649941
 21
32340.00000000001
 31
0.0
1001
REVIT
1002
{
1070
     1
1000
2448796
1002
}
1002
{
1070
     5
1000
1377398
1002
}
1002
{
1070
     3
1000
-2000029
1002
}
  0
LINE
  5
3DA
330
3D0
100
AcDbEntity
  8
A-DOOR-FRAM
100
AcDbLine
 10
38630.44550649941
 20
34679.99999999818
 30
0.0
 11
37870.44550649941
 21
34679.99999999818
 31
0.0
1001
REVIT
1002
{
1070
     1
1000
2448796
1002
}
1002
{
1070
     5
1000
1377398
1002
}
1002
{
1070
     3
1000
-2000029
1002
}
  0
LINE
  5
3DB
330
3D0
100
AcDbEntity
  8
A-DOOR-FRAM
100
AcDbLine
 10
38720.44550649941
 20
34769.99999999817
 30
0.0
 11
37780.44550649941
 21
34769.99999999817
 31
0.0
1001
REVIT
1002
{
1070
     1
1000
2448796
1002
}
1002
{
1070
     5
1000
1377398
1002
}
1002
{
1070
     3
1000
-2000029
1002
}
  0
ENDBLK
  5
3DD
330
3D0
100
AcDbEntity
  8
0
100
AcDbBlockEnd
  0
BLOCK
  5
3E3
330
3DF
100
AcDbEntity
  8
0
100
AcDbBlockBegin
  2
Gas instantaneous hws - Type 1-1979205-SECTION E-E
 70
     0
 10
0.0
 20
0.0
 30
0.0
  3
Gas instantaneous hws - Type 1-1979205-SECTION E-E
  1

  0
LINE
  5
3E0
330
3DF
100
AcDbEntity
  8
P-SANR-FIXT
100
AcDbLine
 10
39645.44550649941
 20
30690.0
 30
0.0
 11
39645.44550649941
 21
30090.0
 31
0.0
1001
REVIT
1002
{
1070
     1
1000
2457588
1002
}
1002
{
1070
     5
1000
1859742
1002
}
  0
LINE
  5
3E1
330
3DF
100
AcDbEntity
  8
P-SANR-FIXT
100
AcDbLine
 10
39645.44550649941
 20
30090.0
 30
0.0
 11
39580.44550649941
 21
30090.0
 31
0.0
1001
REVIT
1002
{
1070
     1
1000
2457588
1002
}
1002
{
1070
     5
1000
1859742
1002
}
  0
LINE
  5
3E2
330
3DF
100
AcDbEntity
  8
P-SANR-FIXT
100
AcDbLine
 10
39645.44550649941
 20
30690.0
 30
0.0
 11
39580.44550649941
 21
30690.0
 31
0.0
1001
REVIT
1002
{
1070
     1
1000
2457588
1002
}
1002
{
1070
     5
1000
1859742
1002
}
  0
ENDBLK
  5
3E4
330
3DF
100
AcDbEntity
  8
0
100
AcDbBlockEnd
  0
BLOCK
  5
489
330
3E6
100
AcDbEntity
  8
0
100
AcDbBlockBegin
  2
Induction Cooktop - WCE77US6HB-2571816-SECTION E-E
 70
     0
 10
0.0
 20
0.0
 30
0.0
  3
Induction Cooktop - WCE77US6HB-2571816-SECTION E-E
  1

  0
LINE
  5
3E7
330
3E6
100
AcDbEntity
  8
Q-SPCQ
100
AcDbLine
 10
38776.57896338942
 20
29903.50625000111
 30
0.0
 11
38776.57896338942
 21
29902.71250000111
 31
0.0
1001
REVIT
1002
{
1070
     1
1000
2575031
1002
}
1002
{
1070
     5
1000
2571816
1002
}
  0
LINE
  5
3E8
330
3E6
100
AcDbEntity
  8
Q-SPCQ
100
AcDbLine
 10
38794.872745025
 20
29902.71250000111
 30
0.0
 11
38794.872745025
 21
29903.50625000111
 31
0.0
1001
REVIT
1002
{
1070
     1
1000
2575031
1002
}
1002
{
1070
     5
1000
2571816
1002
}
  0
LINE
  5
3E9
330
3E6
100
AcDbEntity
  8
Q-SPCQ
100
AcDbLine
 10
38780.95048978816
 20
29903.5062500011
 30
0.0
 11
38781.73717210532
 21
29903.5062500011
 31
0.0
1001
REVIT
1002
{
1070
     1
1000
2575031
1002
}
1002
{
1070
     5
1000
2571816
1002
}
  0
SPLINE
  5
3EA
330
3E6
100
AcDbEntity
  8
Q-SPCQ
100
AcDbSpline
210
0.0
220
0.0
230
1.0
 70
    27
 71
     3
 72
    26
 73
    22
 74
     0
 42
0.000000001
 43
0.0000000001
 40
-1.361498323988371
 40
-1.361498323988371
 40
-1.361498323988371
 40
-1.361498323988371
 40
-1.137613567874939
 40
-0.9137288117615061
 40
-0.6898440556480736
 40
-0.5779016775913575
 40
-0.4659592995346412
 40
-0.3845466609479385
 40
-0.3031340223612359
 40
-0.2217213837745332
 40
-0.1403087451878305
 40
-0.0588961066011278
 40
0.0225165319855749
 40
0.1039291705722776
 40
0.1853418091589802
 40
0.2667544477456829
 40
0.3481670863323856
 40
0.4295797249190884
 40
0.510992363505791
 40
0.6738176406791965
 40
0.8366429178526018
 40
0.8366429178526018
 40
0.8366429178526018
 40
0.8366429178526018
 10
38781.73717210532
 20
29903.5062500011
 30
0.0
 10
38781.15311925479
 20
29903.5062500011
 30
0.0
 10
38780.05763336682
 20
29903.5062500011
 30
0.0
 10
38778.7164159018
 20
29903.5062500011
 30
0.0
 10
38777.90844593725
 20
29903.5062500011
 30
0.0
 10
38777.47242367043
 20
29903.5062500011
 30
0.0
 10
38777.27378104482
 20
29903.5062500011
 30
0.0
 10
38777.17217538534
 20
29903.5062500011
 30
0.0
 10
38777.13814508561
 20
29903.5062500011
 30
0.0
 10
38777.15665361749
 20
29903.5062500011
 30
0.0
 10
38777.2206824407
 20
29903.5062500011
 30
0.0
 10
38777.32112681943
 20
29903.5062500011
 30
0.0
 10
38777.45399618137
 20
29903.5062500011
 30
0.0
 10
38777.62857201101
 20
29903.5062500011
 30
0.0
 10
38777.86010150628
 20
29903.5062500011
 30
0.0
 10
38778.15641388026
 20
29903.5062500011
 30
0.0
 10
38778.51676656673
 20
29903.5062500011
 30
0.0
 10
38778.93648234795
 20
29903.5062500011
 30
0.0
 10
38779.56773527235
 20
29903.5062500011
 30
0.0
 10
38780.47700628241
 20
29903.5062500011
 30
0.0
 10
38781.30479567781
 20
29903.5062500011
 30
0.0
 10
38781.73717210532
 20
29903.5062500011
 30
0.0
1001
REVIT
1002
{
1070
     1
1000
2575031
1002
}
1002
{
1070
     5
1000
2571816
1002
}
  0
LINE
  5
3EB
330
3E6
100
AcDbEntity
  8
Q-SPCQ
100
AcDbLine
 10
38781.73717210532
 20
29903.5062500011
 30
0.0
 11
38781.46794695602
 21
29903.5062500011
 31
0.0
1001
REVIT
1002
{
1070
     1
1000
2575031
1002
}
1002
{
1070
     5
1000
2571816
1002
}
  0
LWPOLYLINE
  5
3EC
330
3E6
100
AcDbEntity
  8
Q-SPCQ
100
AcDbPolyline
 90
       16
 70
   128
 43
0.0
 10
38781.46794695602
 20
29903.5062500011
 10
38780.38119733958
 20
29903.5062500011
 10
38779.39671655876
 20
29903.5062500011
 10
38778.53496097095
 20
29903.5062500011
 10
38777.81383684778
 20
29903.5062500011
 10
38777.24832830382
 20
29903.5062500011
 10
38776.85018594413
 20
29903.5062500011
 10
38776.62768270057
 20
29903.5062500011
 10
38776.58544192991
 20
29903.5062500011
 10
38776.72434134586
 20
29903.5062500011
 10
38777.04149478127
 20
29903.5062500011
 10
38777.53031215928
 20
29903.5062500011
 10
38778.18063642738
 20
29903.5062500011
 10
38778.97895460909
 20
29903.5062500011
 10
38779.90867858774
 20
29903.5062500011
 10
38780.95048978816
 20
29903.5062500011
1001
REVIT
1002
{
1070
     1
1000
2575031
1002
}
1002
{
1070
     5
1000
2571816
1002
}
  0
SPLINE
  5
3ED
330
3E6
100
AcDbEntity
  8
Q-SPCQ
100
AcDbSpline
210
0.0
220
0.0
230
1.0
 70
    24
 71
     3
 72
    25
 73
    21
 74
     0
 42
0.000000001
 43
0.0000000001
 40
-4.388292803659188
 40
-4.388292803659188
 40
-4.388292803659188
 40
-4.388292803659188
 40
-4.344987000010676
 40
-4.186199053299466
 40
-4.027411106588255
 40
-3.868623159877044
 40
-3.709835213165834
 40
-3.551047266454623
 40
-3.471653293099018
 40
-3.392259319743413
 40
-3.312865346387808
 40
-3.233471373032203
 40
-3.154077399676598
 40
-3.074683426320992
 40
-2.995289452965387
 40
-2.915895479609782
 40
-2.836501506254177
 40
-2.757107532898571
 40
-2.598319586187361
 40
-2.43953163947615
 40
-2.43953163947615
 40
-2.43953163947615
 40
-2.43953163947615
 10
38790.40114736703
 20
29903.5062500011
 30
0.0
 10
38790.51538506054
 20
29903.5062500011
 30
0.0
 10
38791.04032947162
 20
29903.5062500011
 30
0.0
 10
38791.90529907683
 20
29903.5062500011
 30
0.0
 10
38792.8671558624
 20
29903.5062500011
 30
0.0
 10
38793.62394560307
 20
29903.5062500011
 30
0.0
 10
38794.15605424864
 20
29903.5062500011
 30
0.0
 10
38794.40157967557
 20
29903.5062500011
 30
0.0
 10
38794.48013512518
 20
29903.5062500011
 30
0.0
 10
38794.4832410594
 20
29903.5062500011
 30
0.0
 10
38794.43622833027
 20
29903.5062500011
 30
0.0
 10
38794.34784042552
 20
29903.5062500011
 30
0.0
 10
38794.22539926776
 20
29903.5062500011
 30
0.0
 10
38794.06560996366
 20
29903.5062500011
 30
0.0
 10
38793.85412217857
 20
29903.5062500011
 30
0.0
 10
38793.57869428038
 20
29903.5062500011
 30
0.0
 10
38793.23627946733
 20
29903.5062500011
 30
0.0
 10
38792.69448308227
 20
29903.5062500011
 30
0.0
 10
38791.87067453724
 20
29903.5062500011
 30
0.0
 10
38791.0849191573
 20
29903.5062500011
 30
0.0
 10
38790.66719541023
 20
29903.5062500011
 30
0.0
1001
REVIT
1002
{
1070
     1
1000
2575031
1002
}
1002
{
1070
     5
1000
2571816
1002
}
  0
LWPOLYLINE
  5
3EE
330
3E6
100
AcDbEntity
  8
Q-SPCQ
100
AcDbPolyline
 90
        8
 70
   128
 43
0.0
 10
38790.54199111259
 20
29903.5062500011
 10
38791.63350629775
 20
29903.5062500011
 10
38792.59483876382
 20
29903.5062500011
 10
38793.40623535802
 20
29903.5062500011
 10
38794.05102376198
 20
29903.5062500011
 10
38794.51595506931
 20
29903.5062500011
 10
38794.79147601981
 20
29903.5062500011
 10
38794.87273459816
 20
29903.5062500011
1001
REVIT
1002
{
1070
     1
1000
2575031
1002
}
1002
{
1070
     5
1000
2571816
1002
}
  0
LWPOLYLINE
  5
3EF
330
3E6
100
AcDbEntity
  8
Q-SPCQ
100
AcDbPolyline
 90
        8
 70
   128
 43
0.0
 10
38794.8719252969
 20
29903.5062500011
 10
38794.75564985451
 20
29903.5062500011
 10
38794.44503888333
 20
29903.5062500011
 10
38793.9464747185
 20
29903.5062500011
 10
38793.27020169741
 20
29903.5062500011
 10
38792.43011566235
 20
29903.5062500011
 10
38791.44347843313
 20
29903.5062500011
 10
38790.33056311678
 20
29903.5062500011
1001
REVIT
1002
{
1070
     1
1000
2575031
1002
}
1002
{
1070
     5
1000
2571816
1002
}
  0
LINE
  5
3F0
330
3E6
100
AcDbEntity
  8
Q-SPCQ
100
AcDbLine
 10
38781.46794695602
 20
29903.5062500011
 30
0.0
 11
38781.46794695602
 21
29902.7125000011
 31
0.0
1001
REVIT
1002
{
1070
     1
1000
2575031
1002
}
1002
{
1070
     5
1000
2571816
1002
}
  0
LINE
  5
3F1
330
3E6
100
AcDbEntity
  8
Q-SPCQ
100
AcDbLine
 10
38780.95048978816
 20
29902.7125000011
 30
0.0
 11
38780.95048978816
 21
29903.5062500011
 31
0.0
1001
REVIT
1002
{
1070
     1
1000
2575031
1002
}
1002
{
1070
     5
1000
2571816
1002
}
  0
LINE
  5
3F2
330
3E6
100
AcDbEntity
  8
Q-SPCQ
100
AcDbLine
 10
38781.5254138876
 20
29903.50625000001
 30
0.0
 11
38781.5254138876
 21
29902.71250000001
 31
0.0
1001
REVIT
1002
{
1070
     1
1000
2575031
1002
}
1002
{
1070
     5
1000
2571816
1002
}
  0
LINE
  5
3F3
330
3E6
100
AcDbEntity
  8
Q-SPCQ
100
AcDbLine
 10
38781.5254138876
 20
29903.50625000001
 30
0.0
 11
38781.5254138876
 21
29902.71250000001
 31
0.0
1001
REVIT
1002
{
1070
     1
1000
2575031
1002
}
1002
{
1070
     5
1000
2571816
1002
}
  0
LINE
  5
3F4
330
3E6
100
AcDbEntity
  8
Q-SPCQ
100
AcDbLine
 10
38781.73717210532
 20
29903.50624999999
 30
0.0
 11
38779.31405706107
 21
29903.50624999999
 31
0.0
1001
REVIT
1002
{
1070
     1
1000
2575031
1002
}
1002
{
1070
     5
1000
2571816
1002
}
  0
LINE
  5
3F5
330
3E6
100
AcDbEntity
  8
Q-SPCQ
100
AcDbLine
 10
38779.31405706107
 20
29903.50624999999
 30
0.0
 11
38781.73717210532
 21
29903.50624999999
 31
0.0
1001
REVIT
1002
{
1070
     1
1000
2575031
1002
}
1002
{
1070
     5
1000
2571816
1002
}
  0
LINE
  5
3F6
330
3E6
100
AcDbEntity
  8
Q-SPCQ
100
AcDbLine
 10
38781.73717210532
 20
29903.50624999999
 30
0.0
 11
38790.46842210533
 21
29903.50624999999
 31
0.0
1001
REVIT
1002
{
1070
     1
1000
2575031
1002
}
1002
{
1070
     5
1000
2571816
1002
}
  0
LINE
  5
3F7
330
3E6
100
AcDbEntity
  8
Q-SPCQ
100
AcDbLine
 10
38781.61871222268
 20
29903.50624999999
 30
0.0
 11
38781.5254138876
 21
29903.50624999999
 31
0.0
1001
REVIT
1002
{
1070
     1
1000
2575031
1002
}
1002
{
1070
     5
1000
2571816
1002
}
  0
LINE
  5
3F8
330
3E6
100
AcDbEntity
  8
Q-SPCQ
100
AcDbLine
 10
38781.5254138876
 20
29903.50624999999
 30
0.0
 11
38781.61871222268
 21
29903.50624999999
 31
0.0
1001
REVIT
1002
{
1070
     1
1000
2575031
1002
}
1002
{
1070
     5
1000
2571816
1002
}
  0
LINE
  5
3F9
330
3E6
100
AcDbEntity
  8
Q-SPCQ
100
AcDbLine
 10
38781.61871222268
 20
29903.50624999999
 30
0.0
 11
38781.5254138876
 21
29903.50624999999
 31
0.0
1001
REVIT
1002
{
1070
     1
1000
2575031
1002
}
1002
{
1070
     5
1000
2571816
1002
}
  0
LINE
  5
3FA
330
3E6
100
AcDbEntity
  8
Q-SPCQ
100
AcDbLine
 10
38781.5254138876
 20
29903.50624999999
 30
0.0
 11
38781.61871222268
 21
29903.50624999999
 31
0.0
1001
REVIT
1002
{
1070
     1
1000
2575031
1002
}
1002
{
1070
     5
1000
2571816
1002
}
  0
LINE
  5
3FB
330
3E6
100
AcDbEntity
  8
Q-SPCQ
100
AcDbLine
 10
38779.31405706107
 20
29902.71249999999
 30
0.0
 11
38779.31405706107
 21
29903.50624999999
 31
0.0
1001
REVIT
1002
{
1070
     1
1000
2575031
1002
}
1002
{
1070
     5
1000
2571816
1002
}
  0
LINE
  5
3FC
330
3E6
100
AcDbEntity
  8
Q-SPCQ
100
AcDbLine
 10
38779.31405706107
 20
29902.71249999999
 30
0.0
 11
38779.31405706107
 21
29903.50624999999
 31
0.0
1001
REVIT
1002
{
1070
     1
1000
2575031
1002
}
1002
{
1070
     5
1000
2571816
1002
}
  0
LINE
  5
3FD
330
3E6
100
AcDbEntity
  8
Q-SPCQ
100
AcDbLine
 10
38781.73717210532
 20
29903.50624999999
 30
0.0
 11
38781.73717210532
 21
29902.71249999999
 31
0.0
1001
REVIT
1002
{
1070
     1
1000
2575031
1002
}
1002
{
1070
     5
1000
2571816
1002
}
  0
LINE
  5
3FE
330
3E6
100
AcDbEntity
  8
Q-SPCQ
100
AcDbLine
 10
38790.46842210533
 20
29902.71249999999
 30
0.0
 11
38790.46842210533
 21
29903.50624999999
 31
0.0
1001
REVIT
1002
{
1070
     1
1000
2575031
1002
}
1002
{
1070
     5
1000
2571816
1002
}
  0
LINE
  5
3FF
330
3E6
100
AcDbEntity
  8
Q-SPCQ
100
AcDbLine
 10
39200.41943751962
 20
29813.38080838052
 30
0.0
 11
39187.98695144606
 21
29813.38080838052
 31
0.0
1001
REVIT
1002
{
1070
     1
1000
2575031
1002
}
1002
{
1070
     5
1000
2571816
1002
}
  0
LINE
  5
400
330
3E6
100
AcDbEntity
  8
Q-SPCQ
100
AcDbLine
 10
39170.54444398602
 20
29813.38080838052
 30
0.0
 11
39158.11195791245
 21
29813.38080838052
 31
0.0
1001
REVIT
1002
{
1070
     1
1000
2575031
1002
}
1002
{
1070
     5
1000
2571816
1002
}
  0
LINE
  5
401
330
3E6
100
AcDbEntity
  8
Q-SPCQ
100
AcDbLine
 10
39158.11195791245
 20
29813.38080838052
 30
0.0
 11
39158.11195791245
 21
29790.0
 31
0.0
1001
REVIT
1002
{
1070
     1
1000
2575031
1002
}
1002
{
1070
     5
1000
2571816
1002
}
  0
LINE
  5
402
330
3E6
100
AcDbEntity
  8
Q-SPCQ
100
AcDbLine
 10
39158.11195791245
 20
29790.0
 30
0.0
 11
39200.41943751962
 21
29790.0
 31
0.0
1001
REVIT
1002
{
1070
     1
1000
2575031
1002
}
1002
{
1070
     5
1000
2571816
1002
}
  0
LINE
  5
403
330
3E6
100
AcDbEntity
  8
Q-SPCQ
100
AcDbLine
 10
39200.41943751962
 20
29790.0
 30
0.0
 11
39200.41943751962
 21
29813.38080838052
 31
0.0
1001
REVIT
1002
{
1070
     1
1000
2575031
1002
}
1002
{
1070
     5
1000
2571816
1002
}
  0
LINE
  5
404
330
3E6
100
AcDbEntity
  8
Q-SPCQ
100
AcDbLine
 10
39237.4955064994
 20
29863.90670526338
 30
0.0
 11
38751.72050649942
 21
29863.90670526338
 31
0.0
1001
REVIT
1002
{
1070
     1
1000
2575031
1002
}
1002
{
1070
     5
1000
2571816
1002
}
  0
LINE
  5
405
330
3E6
100
AcDbEntity
  8
Q-SPCQ
100
AcDbLine
 10
38751.72050649942
 20
29863.90670526338
 30
0.0
 11
38751.72050649942
 21
29896.36249999999
 31
0.0
1001
REVIT
1002
{
1070
     1
1000
2575031
1002
}
1002
{
1070
     5
1000
2571816
1002
}
  0
LINE
  5
406
330
3E6
100
AcDbEntity
  8
Q-SPCQ
100
AcDbLine
 10
39237.4955064994
 20
29863.90670526338
 30
0.0
 11
39237.4955064994
 21
29896.36249999999
 31
0.0
1001
REVIT
1002
{
1070
     1
1000
2575031
1002
}
1002
{
1070
     5
1000
2571816
1002
}
  0
LINE
  5
407
330
3E6
100
AcDbEntity
  8
Q-SPCQ
100
AcDbLine
 10
39233.5267564994
 20
29820.88273564886
 30
0.0
 11
38755.68925649942
 21
29820.88273564886
 31
0.0
1001
REVIT
1002
{
1070
     1
1000
2575031
1002
}
1002
{
1070
     5
1000
2571816
1002
}
  0
LINE
  5
408
330
3E6
100
AcDbEntity
  8
Q-SPCQ
100
AcDbLine
 10
38755.68925649942
 20
29820.88273564886
 30
0.0
 11
38755.68925649942
 21
29863.90670526338
 31
0.0
1001
REVIT
1002
{
1070
     1
1000
2575031
1002
}
1002
{
1070
     5
1000
2571816
1002
}
  0
LINE
  5
409
330
3E6
100
AcDbEntity
  8
Q-SPCQ
100
AcDbLine
 10
39233.5267564994
 20
29820.88273564886
 30
0.0
 11
39233.5267564994
 21
29863.90670526338
 31
0.0
1001
REVIT
1002
{
1070
     1
1000
2575031
1002
}
1002
{
1070
     5
1000
2571816
1002
}
  0
ARC
  5
40A
330
3E6
100
AcDbEntity
  8
Q-SPCQ
100
AcDbCircle
 10
38763.72254648907
 20
29856.26124633994
 30
0.0
 40
4.750474265303637
100
AcDbArc
 50
0.0
 51
180.0
1001
REVIT
1002
{
1070
     1
1000
2575031
1002
}
1002
{
1070
     5
1000
2571816
1002
}
  0
ARC
  5
40B
330
3E6
100
AcDbEntity
  8
Q-SPCQ
100
AcDbCircle
 10
38763.72254648907
 20
29856.26124633994
 30
0.0
 40
4.750474265296361
100
AcDbArc
 50
180.0
 51
0.0
1001
REVIT
1002
{
1070
     1
1000
2575031
1002
}
1002
{
1070
     5
1000
2571816
1002
}
  0
ARC
  5
40C
330
3E6
100
AcDbEntity
  8
Q-SPCQ
100
AcDbCircle
 10
38763.72254648907
 20
29856.26124633994
 30
0.0
 40
4.750474265303637
100
AcDbArc
 50
329.9999999999944
 51
0.0
1001
REVIT
1002
{
1070
     1
1000
2575031
1002
}
1002
{
1070
     5
1000
2571816
1002
}
  0
ARC
  5
40D
330
3E6
100
AcDbEntity
  8
Q-SPCQ
100
AcDbCircle
 10
38763.72254648907
 20
29856.26124633994
 30
0.0
 40
4.750474265296938
100
AcDbArc
 50
255.0000000000259
 51
284.9999999999734
1001
REVIT
1002
{
1070
     1
1000
2575031
1002
}
1002
{
1070
     5
1000
2571816
1002
}
  0
ARC
  5
40E
330
3E6
100
AcDbEntity
  8
Q-SPCQ
100
AcDbCircle
 10
38763.72254648907
 20
29856.26124633994
 30
0.0
 40
4.750474265297488
100
AcDbArc
 50
180.0
 51
210.0000000000203
1001
REVIT
1002
{
1070
     1
1000
2575031
1002
}
1002
{
1070
     5
1000
2571816
1002
}
  0
ARC
  5
40F
330
3E6
100
AcDbEntity
  8
Q-SPCQ
100
AcDbCircle
 10
38763.72254648907
 20
29856.26124633994
 30
0.0
 40
4.750474265296361
100
AcDbArc
 50
150.0000000000269
 51
180.0
1001
REVIT
1002
{
1070
     1
1000
2575031
1002
}
1002
{
1070
     5
1000
2571816
1002
}
  0
ARC
  5
410
330
3E6
100
AcDbEntity
  8
Q-SPCQ
100
AcDbCircle
 10
38763.72254648907
 20
29856.26124633994
 30
0.0
 40
4.750474265296938
100
AcDbArc
 50
75.00000000003118
 51
104.9999999999688
1001
REVIT
1002
{
1070
     1
1000
2575031
1002
}
1002
{
1070
     5
1000
2571816
1002
}
  0
ARC
  5
411
330
3E6
100
AcDbEntity
  8
Q-SPCQ
100
AcDbCircle
 10
38763.72254648907
 20
29856.26124633994
 30
0.0
 40
4.750474265303788
100
AcDbArc
 50
0.0
 51
29.99999999996474
1001
REVIT
1002
{
1070
     1
1000
2575031
1002
}
1002
{
1070
     5
1000
2571816
1002
}
  0
LINE
  5
412
330
3E6
100
AcDbEntity
  8
Q-SPCQ
100
AcDbLine
 10
38755.68925649941
 20
29862.36983427981
 30
0.0
 11
38754.39941274942
 21
29862.36983427981
 31
0.0
1001
REVIT
1002
{
1070
     1
1000
2575031
1002
}
1002
{
1070
     5
1000
2571816
1002
}
  0
LINE
  5
413
330
3E6
100
AcDbEntity
  8
Q-SPCQ
100
AcDbLine
 10
38754.39941274942
 20
29855.16864802962
 30
0.0
 11
38755.68925649941
 21
29855.16864802962
 31
0.0
1001
REVIT
1002
{
1070
     1
1000
2575031
1002
}
1002
{
1070
     5
1000
2571816
1002
}
  0
LINE
  5
414
330
3E6
100
AcDbEntity
  8
Q-SPCQ
100
AcDbLine
 10
38751.72050649941
 20
29890.01249999999
 30
0.0
 11
38726.32050649941
 21
29890.01249999999
 31
0.0
1001
REVIT
1002
{
1070
     1
1000
2575031
1002
}
1002
{
1070
     5
1000
2571816
1002
}
  0
LINE
  5
415
330
3E6
100
AcDbEntity
  8
Q-SPCQ
100
AcDbLine
 10
38726.32050649941
 20
29890.01249999999
 30
0.0
 11
38726.32050649941
 21
29822.15273564887
 31
0.0
1001
REVIT
1002
{
1070
     1
1000
2575031
1002
}
1002
{
1070
     5
1000
2571816
1002
}
  0
LINE
  5
416
330
3E6
100
AcDbEntity
  8
Q-SPCQ
100
AcDbLine
 10
38726.32050649941
 20
29822.15273564887
 30
0.0
 11
38755.68925649941
 21
29822.15273564887
 31
0.0
1001
REVIT
1002
{
1070
     1
1000
2575031
1002
}
1002
{
1070
     5
1000
2571816
1002
}
  0
ARC
  5
417
330
3E6
100
AcDbEntity
  8
Q-SPCQ
100
AcDbCircle
 10
39225.49346650975
 20
29856.26124633994
 30
0.0
 40
4.750474265296361
100
AcDbArc
 50
180.0
 51
0.0
1001
REVIT
1002
{
1070
     1
1000
2575031
1002
}
1002
{
1070
     5
1000
2571816
1002
}
  0
ARC
  5
418
330
3E6
100
AcDbEntity
  8
Q-SPCQ
100
AcDbCircle
 10
39225.49346650975
 20
29856.26124633994
 30
0.0
 40
4.750474265303637
100
AcDbArc
 50
0.0
 51
180.0
1001
REVIT
1002
{
1070
     1
1000
2575031
1002
}
1002
{
1070
     5
1000
2571816
1002
}
  0
ARC
  5
419
330
3E6
100
AcDbEntity
  8
Q-SPCQ
100
AcDbCircle
 10
39225.49346650975
 20
29856.26124633994
 30
0.0
 40
4.750474265296361
100
AcDbArc
 50
165.0000000000194
 51
180.0
1001
REVIT
1002
{
1070
     1
1000
2575031
1002
}
1002
{
1070
     5
1000
2571816
1002
}
  0
ARC
  5
41A
330
3E6
100
AcDbEntity
  8
Q-SPCQ
100
AcDbCircle
 10
39225.49346650975
 20
29856.26124633994
 30
0.0
 40
4.750474265296938
100
AcDbArc
 50
90.0
 51
104.9999999999688
1001
REVIT
1002
{
1070
     1
1000
2575031
1002
}
1002
{
1070
     5
1000
2571816
1002
}
  0
ARC
  5
41B
330
3E6
100
AcDbEntity
  8
Q-SPCQ
100
AcDbCircle
 10
39225.49346650975
 20
29856.26124633994
 30
0.0
 40
4.750474265298821
100
AcDbArc
 50
0.0
 51
14.99999999996391
1001
REVIT
1002
{
1070
     1
1000
2575031
1002
}
1002
{
1070
     5
1000
2571816
1002
}
  0
ARC
  5
41C
330
3E6
100
AcDbEntity
  8
Q-SPCQ
100
AcDbCircle
 10
39225.49346650975
 20
29856.26124633994
 30
0.0
 40
4.750474265303637
100
AcDbArc
 50
344.9999999999351
 51
0.0
1001
REVIT
1002
{
1070
     1
1000
2575031
1002
}
1002
{
1070
     5
1000
2571816
1002
}
  0
ARC
  5
41D
330
3E6
100
AcDbEntity
  8
Q-SPCQ
100
AcDbCircle
 10
39225.49346650975
 20
29856.26124633994
 30
0.0
 40
4.750474265296361
100
AcDbArc
 50
255.0000000000312
 51
269.9999999999997
1001
REVIT
1002
{
1070
     1
1000
2575031
1002
}
1002
{
1070
     5
1000
2571816
1002
}
  0
ARC
  5
41E
330
3E6
100
AcDbEntity
  8
Q-SPCQ
100
AcDbCircle
 10
39225.49346650975
 20
29856.26124633994
 30
0.0
 40
4.750474265291124
100
AcDbArc
 50
180.0
 51
225.0000000000151
1001
REVIT
1002
{
1070
     1
1000
2575031
1002
}
1002
{
1070
     5
1000
2571816
1002
}
  0
LINE
  5
41F
330
3E6
100
AcDbEntity
  8
Q-SPCQ
100
AcDbLine
 10
39262.89550649942
 20
29896.36250000001
 30
0.0
 11
39262.89550649942
 21
29902.71250000001
 31
0.0
1001
REVIT
1002
{
1070
     1
1000
2575031
1002
}
1002
{
1070
     5
1000
2571816
1002
}
  0
LINE
  5
420
330
3E6
100
AcDbEntity
  8
Q-SPCQ
100
AcDbLine
 10
38710.4455064994
 20
29902.71250000001
 30
0.0
 11
38710.4455064994
 21
29896.36250000001
 31
0.0
1001
REVIT
1002
{
1070
     1
1000
2575031
1002
}
1002
{
1070
     5
1000
2571816
1002
}
  0
LINE
  5
421
330
3E6
100
AcDbEntity
  8
Q-SPCQ
100
AcDbLine
 10
38710.87824850552
 20
29902.7125
 30
0.0
 11
38710.44550649939
 21
29902.7125
 31
0.0
1001
REVIT
1002
{
1070
     1
1000
2575031
1002
}
1002
{
1070
     5
1000
2571816
1002
}
  0
LINE
  5
422
330
3E6
100
AcDbEntity
  8
Q-SPCQ
100
AcDbLine
 10
38723.1455064994
 20
29902.71249999999
 30
0.0
 11
38710.44550649939
 21
29902.71249999999
 31
0.0
1001
REVIT
1002
{
1070
     1
1000
2575031
1002
}
1002
{
1070
     5
1000
2571816
1002
}
  0
LINE
  5
423
330
3E6
100
AcDbEntity
  8
Q-SPCQ
100
AcDbLine
 10
38723.1455064994
 20
29902.71249999999
 30
0.0
 11
39250.19550649941
 21
29902.71249999999
 31
0.0
1001
REVIT
1002
{
1070
     1
1000
2575031
1002
}
1002
{
1070
     5
1000
2571816
1002
}
  0
LINE
  5
424
330
3E6
100
AcDbEntity
  8
Q-SPCQ
100
AcDbLine
 10
39262.8955064994
 20
29902.71249999999
 30
0.0
 11
39250.19550649941
 21
29902.71249999999
 31
0.0
1001
REVIT
1002
{
1070
     1
1000
2575031
1002
}
1002
{
1070
     5
1000
2571816
1002
}
  0
LINE
  5
425
330
3E6
100
AcDbEntity
  8
Q-SPCQ
100
AcDbLine
 10
39262.89550649943
 20
29902.7125
 30
0.0
 11
39262.4627644933
 21
29902.7125
 31
0.0
1001
REVIT
1002
{
1070
     1
1000
2575031
1002
}
1002
{
1070
     5
1000
2571816
1002
}
  0
LINE
  5
426
330
3E6
100
AcDbEntity
  8
Q-SPCQ
100
AcDbLine
 10
39262.4627644933
 20
29896.36249999999
 30
0.0
 11
39262.89550649943
 21
29896.36249999999
 31
0.0
1001
REVIT
1002
{
1070
     1
1000
2575031
1002
}
1002
{
1070
     5
1000
2571816
1002
}
  0
LINE
  5
427
330
3E6
100
AcDbEntity
  8
Q-SPCQ
100
AcDbLine
 10
39250.19550649941
 20
29896.36249999999
 30
0.0
 11
39262.8955064994
 21
29896.36249999999
 31
0.0
1001
REVIT
1002
{
1070
     1
1000
2575031
1002
}
1002
{
1070
     5
1000
2571816
1002
}
  0
LINE
  5
428
330
3E6
100
AcDbEntity
  8
Q-SPCQ
100
AcDbLine
 10
39250.19550649941
 20
29896.36249999999
 30
0.0
 11
38723.1455064994
 21
29896.36249999999
 31
0.0
1001
REVIT
1002
{
1070
     1
1000
2575031
1002
}
1002
{
1070
     5
1000
2571816
1002
}
  0
LINE
  5
429
330
3E6
100
AcDbEntity
  8
Q-SPCQ
100
AcDbLine
 10
38710.44550649939
 20
29896.36249999999
 30
0.0
 11
38723.1455064994
 21
29896.36249999999
 31
0.0
1001
REVIT
1002
{
1070
     1
1000
2575031
1002
}
1002
{
1070
     5
1000
2571816
1002
}
  0
LINE
  5
42A
330
3E6
100
AcDbEntity
  8
Q-SPCQ
100
AcDbLine
 10
38710.44550649939
 20
29896.36249999999
 30
0.0
 11
38710.87824850552
 21
29896.36249999999
 31
0.0
1001
REVIT
1002
{
1070
     1
1000
2575031
1002
}
1002
{
1070
     5
1000
2571816
1002
}
  0
LINE
  5
42B
330
3E6
100
AcDbEntity
  8
Q-SPCQ
100
AcDbLine
 10
38847.19600747322
 20
29904.00234375002
 30
0.0
 11
38847.19600747322
 21
29902.71250000001
 31
0.0
1001
REVIT
1002
{
1070
     1
1000
2575031
1002
}
1002
{
1070
     5
1000
2571816
1002
}
  0
LINE
  5
42C
330
3E6
100
AcDbEntity
  8
Q-SPCQ
100
AcDbLine
 10
38870.23853851605
 20
29902.71250000001
 30
0.0
 11
38870.23853851605
 21
29904.00234375002
 31
0.0
1001
REVIT
1002
{
1070
     1
1000
2575031
1002
}
1002
{
1070
     5
1000
2571816
1002
}
  0
LINE
  5
42D
330
3E6
100
AcDbEntity
  8
Q-SPCQ
100
AcDbLine
 10
38870.23853851604
 20
29904.00234375
 30
0.0
 11
38847.19600747322
 21
29904.00234375
 31
0.0
1001
REVIT
1002
{
1070
     1
1000
2575031
1002
}
1002
{
1070
     5
1000
2571816
1002
}
  0
LINE
  5
42E
330
3E6
100
AcDbEntity
  8
Q-SPCQ
100
AcDbLine
 10
38870.23853851604
 20
29904.00234375
 30
0.0
 11
38847.19600747322
 21
29904.00234375
 31
0.0
1001
REVIT
1002
{
1070
     1
1000
2575031
1002
}
1002
{
1070
     5
1000
2571816
1002
}
  0
LINE
  5
42F
330
3E6
100
AcDbEntity
  8
Q-SPCQ
100
AcDbLine
 10
38853.63727299463
 20
29906.66087238526
 30
0.0
 11
38853.63727299463
 21
29904.00234375002
 31
0.0
1001
REVIT
1002
{
1070
     1
1000
2575031
1002
}
1002
{
1070
     5
1000
2571816
1002
}
  0
LINE
  5
430
330
3E6
100
AcDbEntity
  8
Q-SPCQ
100
AcDbLine
 10
38863.79727299464
 20
29904.00234375002
 30
0.0
 11
38863.79727299464
 21
29906.66087238526
 31
0.0
1001
REVIT
1002
{
1070
     1
1000
2575031
1002
}
1002
{
1070
     5
1000
2571816
1002
}
  0
LINE
  5
431
330
3E6
100
AcDbEntity
  8
Q-SPCQ
100
AcDbLine
 10
38853.63727299463
 20
29904.00234375
 30
0.0
 11
38863.79727299463
 21
29904.00234375
 31
0.0
1001
REVIT
1002
{
1070
     1
1000
2575031
1002
}
1002
{
1070
     5
1000
2571816
1002
}
  0
LINE
  5
432
330
3E6
100
AcDbEntity
  8
Q-SPCQ
100
AcDbLine
 10
38853.63727299463
 20
29904.00234375
 30
0.0
 11
38863.79727299463
 21
29904.00234375
 31
0.0
1001
REVIT
1002
{
1070
     1
1000
2575031
1002
}
1002
{
1070
     5
1000
2571816
1002
}
  0
LINE
  5
433
330
3E6
100
AcDbEntity
  8
Q-SPCQ
100
AcDbLine
 10
38847.19600747322
 20
29904.00234375002
 30
0.0
 11
38847.19600747322
 21
29902.71250000001
 31
0.0
1001
REVIT
1002
{
1070
     1
1000
2575031
1002
}
1002
{
1070
     5
1000
2571816
1002
}
  0
LINE
  5
434
330
3E6
100
AcDbEntity
  8
Q-SPCQ
100
AcDbLine
 10
38870.23853851605
 20
29902.71250000001
 30
0.0
 11
38870.23853851605
 21
29904.00234375002
 31
0.0
1001
REVIT
1002
{
1070
     1
1000
2575031
1002
}
1002
{
1070
     5
1000
2571816
1002
}
  0
LINE
  5
435
330
3E6
100
AcDbEntity
  8
Q-SPCQ
100
AcDbLine
 10
38870.23853851604
 20
29904.00234375
 30
0.0
 11
38847.19600747321
 21
29904.00234375
 31
0.0
1001
REVIT
1002
{
1070
     1
1000
2575031
1002
}
1002
{
1070
     5
1000
2571816
1002
}
  0
LINE
  5
436
330
3E6
100
AcDbEntity
  8
Q-SPCQ
100
AcDbLine
 10
38870.23853851604
 20
29904.00234375
 30
0.0
 11
38847.19600747321
 21
29904.00234375
 31
0.0
1001
REVIT
1002
{
1070
     1
1000
2575031
1002
}
1002
{
1070
     5
1000
2571816
1002
}
  0
LINE
  5
437
330
3E6
100
AcDbEntity
  8
Q-SPCQ
100
AcDbLine
 10
38853.63727299463
 20
29906.66087238526
 30
0.0
 11
38853.63727299463
 21
29904.00234375002
 31
0.0
1001
REVIT
1002
{
1070
     1
1000
2575031
1002
}
1002
{
1070
     5
1000
2571816
1002
}
  0
LINE
  5
438
330
3E6
100
AcDbEntity
  8
Q-SPCQ
100
AcDbLine
 10
38863.79727299464
 20
29904.00234375002
 30
0.0
 11
38863.79727299464
 21
29906.66087238526
 31
0.0
1001
REVIT
1002
{
1070
     1
1000
2575031
1002
}
1002
{
1070
     5
1000
2571816
1002
}
  0
LINE
  5
439
330
3E6
100
AcDbEntity
  8
Q-SPCQ
100
AcDbLine
 10
38853.63727299463
 20
29904.00234375
 30
0.0
 11
38863.79727299463
 21
29904.00234375
 31
0.0
1001
REVIT
1002
{
1070
     1
1000
2575031
1002
}
1002
{
1070
     5
1000
2571816
1002
}
  0
LINE
  5
43A
330
3E6
100
AcDbEntity
  8
Q-SPCQ
100
AcDbLine
 10
38853.63727299463
 20
29904.00234375
 30
0.0
 11
38863.79727299463
 21
29904.00234375
 31
0.0
1001
REVIT
1002
{
1070
     1
1000
2575031
1002
}
1002
{
1070
     5
1000
2571816
1002
}
  0
LINE
  5
43B
330
3E6
100
AcDbEntity
  8
Q-SPCQ
100
AcDbLine
 10
38770.34855656763
 20
29904.00234375002
 30
0.0
 11
38770.34855656763
 21
29902.71250000001
 31
0.0
1001
REVIT
1002
{
1070
     1
1000
2575031
1002
}
1002
{
1070
     5
1000
2571816
1002
}
  0
LINE
  5
43C
330
3E6
100
AcDbEntity
  8
Q-SPCQ
100
AcDbLine
 10
38793.39108761044
 20
29902.71250000001
 30
0.0
 11
38793.39108761044
 21
29904.00234375002
 31
0.0
1001
REVIT
1002
{
1070
     1
1000
2575031
1002
}
1002
{
1070
     5
1000
2571816
1002
}
  0
LINE
  5
43D
330
3E6
100
AcDbEntity
  8
Q-SPCQ
100
AcDbLine
 10
38793.39108761044
 20
29904.00234375
 30
0.0
 11
38770.34855656762
 21
29904.00234375
 31
0.0
1001
REVIT
1002
{
1070
     1
1000
2575031
1002
}
1002
{
1070
     5
1000
2571816
1002
}
  0
LINE
  5
43E
330
3E6
100
AcDbEntity
  8
Q-SPCQ
100
AcDbLine
 10
38793.39108761044
 20
29904.00234375
 30
0.0
 11
38770.34855656762
 21
29904.00234375
 31
0.0
1001
REVIT
1002
{
1070
     1
1000
2575031
1002
}
1002
{
1070
     5
1000
2571816
1002
}
  0
LINE
  5
43F
330
3E6
100
AcDbEntity
  8
Q-SPCQ
100
AcDbLine
 10
38776.78982208904
 20
29906.66087238526
 30
0.0
 11
38776.78982208904
 21
29904.00234375002
 31
0.0
1001
REVIT
1002
{
1070
     1
1000
2575031
1002
}
1002
{
1070
     5
1000
2571816
1002
}
  0
LINE
  5
440
330
3E6
100
AcDbEntity
  8
Q-SPCQ
100
AcDbLine
 10
38786.94982208903
 20
29904.00234375002
 30
0.0
 11
38786.94982208903
 21
29906.66087238526
 31
0.0
1001
REVIT
1002
{
1070
     1
1000
2575031
1002
}
1002
{
1070
     5
1000
2571816
1002
}
  0
LINE
  5
441
330
3E6
100
AcDbEntity
  8
Q-SPCQ
100
AcDbLine
 10
38776.78982208903
 20
29904.00234375
 30
0.0
 11
38786.94982208903
 21
29904.00234375
 31
0.0
1001
REVIT
1002
{
1070
     1
1000
2575031
1002
}
1002
{
1070
     5
1000
2571816
1002
}
  0
LINE
  5
442
330
3E6
100
AcDbEntity
  8
Q-SPCQ
100
AcDbLine
 10
38776.78982208903
 20
29904.00234375
 30
0.0
 11
38786.94982208903
 21
29904.00234375
 31
0.0
1001
REVIT
1002
{
1070
     1
1000
2575031
1002
}
1002
{
1070
     5
1000
2571816
1002
}
  0
LINE
  5
443
330
3E6
100
AcDbEntity
  8
Q-SPCQ
100
AcDbLine
 10
38847.19600747322
 20
29904.00234375002
 30
0.0
 11
38847.19600747322
 21
29902.71250000001
 31
0.0
1001
REVIT
1002
{
1070
     1
1000
2575031
1002
}
1002
{
1070
     5
1000
2571816
1002
}
  0
LINE
  5
444
330
3E6
100
AcDbEntity
  8
Q-SPCQ
100
AcDbLine
 10
38870.23853851605
 20
29902.71250000001
 30
0.0
 11
38870.23853851605
 21
29904.00234375002
 31
0.0
1001
REVIT
1002
{
1070
     1
1000
2575031
1002
}
1002
{
1070
     5
1000
2571816
1002
}
  0
LINE
  5
445
330
3E6
100
AcDbEntity
  8
Q-SPCQ
100
AcDbLine
 10
38870.23853851604
 20
29904.00234375
 30
0.0
 11
38847.19600747321
 21
29904.00234375
 31
0.0
1001
REVIT
1002
{
1070
     1
1000
2575031
1002
}
1002
{
1070
     5
1000
2571816
1002
}
  0
LINE
  5
446
330
3E6
100
AcDbEntity
  8
Q-SPCQ
100
AcDbLine
 10
38870.23853851604
 20
29904.00234375
 30
0.0
 11
38847.19600747321
 21
29904.00234375
 31
0.0
1001
REVIT
1002
{
1070
     1
1000
2575031
1002
}
1002
{
1070
     5
1000
2571816
1002
}
  0
LINE
  5
447
330
3E6
100
AcDbEntity
  8
Q-SPCQ
100
AcDbLine
 10
38853.63727299463
 20
29906.66087238526
 30
0.0
 11
38853.63727299463
 21
29904.00234375002
 31
0.0
1001
REVIT
1002
{
1070
     1
1000
2575031
1002
}
1002
{
1070
     5
1000
2571816
1002
}
  0
LINE
  5
448
330
3E6
100
AcDbEntity
  8
Q-SPCQ
100
AcDbLine
 10
38863.79727299464
 20
29904.00234375002
 30
0.0
 11
38863.79727299464
 21
29906.66087238526
 31
0.0
1001
REVIT
1002
{
1070
     1
1000
2575031
1002
}
1002
{
1070
     5
1000
2571816
1002
}
  0
LINE
  5
449
330
3E6
100
AcDbEntity
  8
Q-SPCQ
100
AcDbLine
 10
38853.63727299463
 20
29904.00234375
 30
0.0
 11
38863.79727299463
 21
29904.00234375
 31
0.0
1001
REVIT
1002
{
1070
     1
1000
2575031
1002
}
1002
{
1070
     5
1000
2571816
1002
}
  0
LINE
  5
44A
330
3E6
100
AcDbEntity
  8
Q-SPCQ
100
AcDbLine
 10
38853.63727299463
 20
29904.00234375
 30
0.0
 11
38863.79727299463
 21
29904.00234375
 31
0.0
1001
REVIT
1002
{
1070
     1
1000
2575031
1002
}
1002
{
1070
     5
1000
2571816
1002
}
  0
LINE
  5
44B
330
3E6
100
AcDbEntity
  8
Q-SPCQ
100
AcDbLine
 10
38770.34855656763
 20
29904.00234375002
 30
0.0
 11
38770.34855656763
 21
29902.71250000001
 31
0.0
1001
REVIT
1002
{
1070
     1
1000
2575031
1002
}
1002
{
1070
     5
1000
2571816
1002
}
  0
LINE
  5
44C
330
3E6
100
AcDbEntity
  8
Q-SPCQ
100
AcDbLine
 10
38793.39108761044
 20
29902.71250000001
 30
0.0
 11
38793.39108761044
 21
29904.00234375002
 31
0.0
1001
REVIT
1002
{
1070
     1
1000
2575031
1002
}
1002
{
1070
     5
1000
2571816
1002
}
  0
LINE
  5
44D
330
3E6
100
AcDbEntity
  8
Q-SPCQ
100
AcDbLine
 10
38793.39108761044
 20
29904.00234375
 30
0.0
 11
38770.34855656762
 21
29904.00234375
 31
0.0
1001
REVIT
1002
{
1070
     1
1000
2575031
1002
}
1002
{
1070
     5
1000
2571816
1002
}
  0
LINE
  5
44E
330
3E6
100
AcDbEntity
  8
Q-SPCQ
100
AcDbLine
 10
38793.39108761044
 20
29904.00234375
 30
0.0
 11
38770.34855656762
 21
29904.00234375
 31
0.0
1001
REVIT
1002
{
1070
     1
1000
2575031
1002
}
1002
{
1070
     5
1000
2571816
1002
}
  0
LINE
  5
44F
330
3E6
100
AcDbEntity
  8
Q-SPCQ
100
AcDbLine
 10
38776.78982208904
 20
29906.66087238526
 30
0.0
 11
38776.78982208904
 21
29904.00234375002
 31
0.0
1001
REVIT
1002
{
1070
     1
1000
2575031
1002
}
1002
{
1070
     5
1000
2571816
1002
}
  0
LINE
  5
450
330
3E6
100
AcDbEntity
  8
Q-SPCQ
100
AcDbLine
 10
38786.94982208903
 20
29904.00234375002
 30
0.0
 11
38786.94982208903
 21
29906.66087238526
 31
0.0
1001
REVIT
1002
{
1070
     1
1000
2575031
1002
}
1002
{
1070
     5
1000
2571816
1002
}
  0
LINE
  5
451
330
3E6
100
AcDbEntity
  8
Q-SPCQ
100
AcDbLine
 10
38776.78982208903
 20
29904.00234375
 30
0.0
 11
38786.94982208903
 21
29904.00234375
 31
0.0
1001
REVIT
1002
{
1070
     1
1000
2575031
1002
}
1002
{
1070
     5
1000
2571816
1002
}
  0
LINE
  5
452
330
3E6
100
AcDbEntity
  8
Q-SPCQ
100
AcDbLine
 10
38776.78982208903
 20
29904.00234375
 30
0.0
 11
38786.94982208903
 21
29904.00234375
 31
0.0
1001
REVIT
1002
{
1070
     1
1000
2575031
1002
}
1002
{
1070
     5
1000
2571816
1002
}
  0
LINE
  5
453
330
3E6
100
AcDbEntity
  8
Q-SPCQ
100
AcDbLine
 10
38758.90138619246
 20
29912.23750000002
 30
0.0
 11
38758.90138619246
 21
29906.66087238526
 31
0.0
1001
REVIT
1002
{
1070
     1
1000
2575031
1002
}
1002
{
1070
     5
1000
2571816
1002
}
  0
LINE
  5
454
330
3E6
100
AcDbEntity
  8
Q-SPCQ
100
AcDbLine
 10
38804.8382579856
 20
29906.66087238526
 30
0.0
 11
38804.8382579856
 21
29912.23750000002
 31
0.0
1001
REVIT
1002
{
1070
     1
1000
2575031
1002
}
1002
{
1070
     5
1000
2571816
1002
}
  0
LINE
  5
455
330
3E6
100
AcDbEntity
  8
Q-SPCQ
100
AcDbLine
 10
38758.90138619246
 20
29923.35000000002
 30
0.0
 11
38758.90138619246
 21
29912.23750000002
 31
0.0
1001
REVIT
1002
{
1070
     1
1000
2575031
1002
}
1002
{
1070
     5
1000
2571816
1002
}
  0
LINE
  5
456
330
3E6
100
AcDbEntity
  8
Q-SPCQ
100
AcDbLine
 10
38804.8382579856
 20
29912.23750000002
 30
0.0
 11
38804.8382579856
 21
29923.35000000002
 31
0.0
1001
REVIT
1002
{
1070
     1
1000
2575031
1002
}
1002
{
1070
     5
1000
2571816
1002
}
  0
LINE
  5
457
330
3E6
100
AcDbEntity
  8
Q-SPCQ
100
AcDbLine
 10
38758.90138619246
 20
29906.66087238524
 30
0.0
 11
38759.68401666706
 21
29906.66087238524
 31
0.0
1001
REVIT
1002
{
1070
     1
1000
2575031
1002
}
1002
{
1070
     5
1000
2571816
1002
}
  0
LINE
  5
458
330
3E6
100
AcDbEntity
  8
Q-SPCQ
100
AcDbLine
 10
38804.05562751099
 20
29906.66087238524
 30
0.0
 11
38804.8382579856
 21
29906.66087238524
 31
0.0
1001
REVIT
1002
{
1070
     1
1000
2575031
1002
}
1002
{
1070
     5
1000
2571816
1002
}
  0
LINE
  5
459
330
3E6
100
AcDbEntity
  8
Q-SPCQ
100
AcDbLine
 10
38804.05562751099
 20
29906.66087238524
 30
0.0
 11
38804.8382579856
 21
29906.66087238524
 31
0.0
1001
REVIT
1002
{
1070
     1
1000
2575031
1002
}
1002
{
1070
     5
1000
2571816
1002
}
  0
LINE
  5
45A
330
3E6
100
AcDbEntity
  8
Q-SPCQ
100
AcDbLine
 10
38758.90138619246
 20
29906.66087238524
 30
0.0
 11
38759.68401666706
 21
29906.66087238524
 31
0.0
1001
REVIT
1002
{
1070
     1
1000
2575031
1002
}
1002
{
1070
     5
1000
2571816
1002
}
  0
LINE
  5
45B
330
3E6
100
AcDbEntity
  8
Q-SPCQ
100
AcDbLine
 10
38835.74883709806
 20
29912.23750000002
 30
0.0
 11
38835.74883709806
 21
29906.66087238526
 31
0.0
1001
REVIT
1002
{
1070
     1
1000
2575031
1002
}
1002
{
1070
     5
1000
2571816
1002
}
  0
LINE
  5
45C
330
3E6
100
AcDbEntity
  8
Q-SPCQ
100
AcDbLine
 10
38881.6857088912
 20
29906.66087238526
 30
0.0
 11
38881.6857088912
 21
29912.23750000002
 31
0.0
1001
REVIT
1002
{
1070
     1
1000
2575031
1002
}
1002
{
1070
     5
1000
2571816
1002
}
  0
LINE
  5
45D
330
3E6
100
AcDbEntity
  8
Q-SPCQ
100
AcDbLine
 10
38835.74883709806
 20
29923.35000000002
 30
0.0
 11
38835.74883709806
 21
29912.23750000002
 31
0.0
1001
REVIT
1002
{
1070
     1
1000
2575031
1002
}
1002
{
1070
     5
1000
2571816
1002
}
  0
LINE
  5
45E
330
3E6
100
AcDbEntity
  8
Q-SPCQ
100
AcDbLine
 10
38881.6857088912
 20
29912.23750000002
 30
0.0
 11
38881.6857088912
 21
29923.35000000002
 31
0.0
1001
REVIT
1002
{
1070
     1
1000
2575031
1002
}
1002
{
1070
     5
1000
2571816
1002
}
  0
LINE
  5
45F
330
3E6
100
AcDbEntity
  8
Q-SPCQ
100
AcDbLine
 10
38835.74883709805
 20
29906.66087238524
 30
0.0
 11
38836.53146757266
 21
29906.66087238524
 31
0.0
1001
REVIT
1002
{
1070
     1
1000
2575031
1002
}
1002
{
1070
     5
1000
2571816
1002
}
  0
LINE
  5
460
330
3E6
100
AcDbEntity
  8
Q-SPCQ
100
AcDbLine
 10
38880.90307841659
 20
29906.66087238524
 30
0.0
 11
38881.6857088912
 21
29906.66087238524
 31
0.0
1001
REVIT
1002
{
1070
     1
1000
2575031
1002
}
1002
{
1070
     5
1000
2571816
1002
}
  0
LINE
  5
461
330
3E6
100
AcDbEntity
  8
Q-SPCQ
100
AcDbLine
 10
38880.90307841659
 20
29906.66087238524
 30
0.0
 11
38881.6857088912
 21
29906.66087238524
 31
0.0
1001
REVIT
1002
{
1070
     1
1000
2575031
1002
}
1002
{
1070
     5
1000
2571816
1002
}
  0
LINE
  5
462
330
3E6
100
AcDbEntity
  8
Q-SPCQ
100
AcDbLine
 10
38835.74883709805
 20
29906.66087238524
 30
0.0
 11
38836.53146757266
 21
29906.66087238524
 31
0.0
1001
REVIT
1002
{
1070
     1
1000
2575031
1002
}
1002
{
1070
     5
1000
2571816
1002
}
  0
LINE
  5
463
330
3E6
100
AcDbEntity
  8
Q-SPCQ
100
AcDbLine
 10
38835.74883709806
 20
29912.23750000002
 30
0.0
 11
38835.74883709806
 21
29906.66087238526
 31
0.0
1001
REVIT
1002
{
1070
     1
1000
2575031
1002
}
1002
{
1070
     5
1000
2571816
1002
}
  0
LINE
  5
464
330
3E6
100
AcDbEntity
  8
Q-SPCQ
100
AcDbLine
 10
38881.6857088912
 20
29906.66087238526
 30
0.0
 11
38881.6857088912
 21
29912.23750000002
 31
0.0
1001
REVIT
1002
{
1070
     1
1000
2575031
1002
}
1002
{
1070
     5
1000
2571816
1002
}
  0
LINE
  5
465
330
3E6
100
AcDbEntity
  8
Q-SPCQ
100
AcDbLine
 10
38835.74883709806
 20
29923.35000000002
 30
0.0
 11
38835.74883709806
 21
29912.23750000002
 31
0.0
1001
REVIT
1002
{
1070
     1
1000
2575031
1002
}
1002
{
1070
     5
1000
2571816
1002
}
  0
LINE
  5
466
330
3E6
100
AcDbEntity
  8
Q-SPCQ
100
AcDbLine
 10
38881.6857088912
 20
29912.23750000002
 30
0.0
 11
38881.6857088912
 21
29923.35000000002
 31
0.0
1001
REVIT
1002
{
1070
     1
1000
2575031
1002
}
1002
{
1070
     5
1000
2571816
1002
}
  0
LINE
  5
467
330
3E6
100
AcDbEntity
  8
Q-SPCQ
100
AcDbLine
 10
38835.74883709805
 20
29906.66087238524
 30
0.0
 11
38836.53146757266
 21
29906.66087238524
 31
0.0
1001
REVIT
1002
{
1070
     1
1000
2575031
1002
}
1002
{
1070
     5
1000
2571816
1002
}
  0
LINE
  5
468
330
3E6
100
AcDbEntity
  8
Q-SPCQ
100
AcDbLine
 10
38880.90307841659
 20
29906.66087238524
 30
0.0
 11
38881.6857088912
 21
29906.66087238524
 31
0.0
1001
REVIT
1002
{
1070
     1
1000
2575031
1002
}
1002
{
1070
     5
1000
2571816
1002
}
  0
LINE
  5
469
330
3E6
100
AcDbEntity
  8
Q-SPCQ
100
AcDbLine
 10
38880.90307841659
 20
29906.66087238524
 30
0.0
 11
38881.6857088912
 21
29906.66087238524
 31
0.0
1001
REVIT
1002
{
1070
     1
1000
2575031
1002
}
1002
{
1070
     5
1000
2571816
1002
}
  0
LINE
  5
46A
330
3E6
100
AcDbEntity
  8
Q-SPCQ
100
AcDbLine
 10
38835.74883709805
 20
29906.66087238524
 30
0.0
 11
38836.53146757266
 21
29906.66087238524
 31
0.0
1001
REVIT
1002
{
1070
     1
1000
2575031
1002
}
1002
{
1070
     5
1000
2571816
1002
}
  0
LINE
  5
46B
330
3E6
100
AcDbEntity
  8
Q-SPCQ
100
AcDbLine
 10
38835.74883709806
 20
29912.23750000002
 30
0.0
 11
38835.74883709806
 21
29906.66087238526
 31
0.0
1001
REVIT
1002
{
1070
     1
1000
2575031
1002
}
1002
{
1070
     5
1000
2571816
1002
}
  0
LINE
  5
46C
330
3E6
100
AcDbEntity
  8
Q-SPCQ
100
AcDbLine
 10
38881.6857088912
 20
29906.66087238526
 30
0.0
 11
38881.6857088912
 21
29912.23750000002
 31
0.0
1001
REVIT
1002
{
1070
     1
1000
2575031
1002
}
1002
{
1070
     5
1000
2571816
1002
}
  0
LINE
  5
46D
330
3E6
100
AcDbEntity
  8
Q-SPCQ
100
AcDbLine
 10
38835.74883709806
 20
29923.35000000002
 30
0.0
 11
38835.74883709806
 21
29912.23750000002
 31
0.0
1001
REVIT
1002
{
1070
     1
1000
2575031
1002
}
1002
{
1070
     5
1000
2571816
1002
}
  0
LINE
  5
46E
330
3E6
100
AcDbEntity
  8
Q-SPCQ
100
AcDbLine
 10
38881.6857088912
 20
29912.23750000002
 30
0.0
 11
38881.6857088912
 21
29923.35000000002
 31
0.0
1001
REVIT
1002
{
1070
     1
1000
2575031
1002
}
1002
{
1070
     5
1000
2571816
1002
}
  0
LINE
  5
46F
330
3E6
100
AcDbEntity
  8
Q-SPCQ
100
AcDbLine
 10
38880.95311386724
 20
29912.2375
 30
0.0
 11
38836.48143212201
 21
29912.2375
 31
0.0
1001
REVIT
1002
{
1070
     1
1000
2575031
1002
}
1002
{
1070
     5
1000
2571816
1002
}
  0
LINE
  5
470
330
3E6
100
AcDbEntity
  8
Q-SPCQ
100
AcDbLine
 10
38835.74883709805
 20
29906.66087238524
 30
0.0
 11
38836.53146757266
 21
29906.66087238524
 31
0.0
1001
REVIT
1002
{
1070
     1
1000
2575031
1002
}
1002
{
1070
     5
1000
2571816
1002
}
  0
LINE
  5
471
330
3E6
100
AcDbEntity
  8
Q-SPCQ
100
AcDbLine
 10
38880.90307841659
 20
29906.66087238524
 30
0.0
 11
38881.6857088912
 21
29906.66087238524
 31
0.0
1001
REVIT
1002
{
1070
     1
1000
2575031
1002
}
1002
{
1070
     5
1000
2571816
1002
}
  0
LINE
  5
472
330
3E6
100
AcDbEntity
  8
Q-SPCQ
100
AcDbLine
 10
38835.74883709805
 20
29906.66087238524
 30
0.0
 11
38881.6857088912
 21
29906.66087238524
 31
0.0
1001
REVIT
1002
{
1070
     1
1000
2575031
1002
}
1002
{
1070
     5
1000
2571816
1002
}
  0
LINE
  5
473
330
3E6
100
AcDbEntity
  8
Q-SPCQ
100
AcDbLine
 10
38836.48143212201
 20
29923.35
 30
0.0
 11
38835.74883709805
 21
29923.35
 31
0.0
1001
REVIT
1002
{
1070
     1
1000
2575031
1002
}
1002
{
1070
     5
1000
2571816
1002
}
  0
LINE
  5
474
330
3E6
100
AcDbEntity
  8
Q-SPCQ
100
AcDbLine
 10
38836.48143212201
 20
29923.35
 30
0.0
 11
38880.95311386724
 21
29923.35
 31
0.0
1001
REVIT
1002
{
1070
     1
1000
2575031
1002
}
1002
{
1070
     5
1000
2571816
1002
}
  0
LINE
  5
475
330
3E6
100
AcDbEntity
  8
Q-SPCQ
100
AcDbLine
 10
38881.6857088912
 20
29923.35
 30
0.0
 11
38880.95311386723
 21
29923.35
 31
0.0
1001
REVIT
1002
{
1070
     1
1000
2575031
1002
}
1002
{
1070
     5
1000
2571816
1002
}
  0
LINE
  5
476
330
3E6
100
AcDbEntity
  8
Q-SPCQ
100
AcDbLine
 10
38880.95311386724
 20
29923.35
 30
0.0
 11
38880.95311386724
 21
29912.2375
 31
0.0
1001
REVIT
1002
{
1070
     1
1000
2575031
1002
}
1002
{
1070
     5
1000
2571816
1002
}
  0
LINE
  5
477
330
3E6
100
AcDbEntity
  8
Q-SPCQ
100
AcDbLine
 10
38836.48143212201
 20
29912.2375
 30
0.0
 11
38836.48143212201
 21
29923.35
 31
0.0
1001
REVIT
1002
{
1070
     1
1000
2575031
1002
}
1002
{
1070
     5
1000
2571816
1002
}
  0
LINE
  5
478
330
3E6
100
AcDbEntity
  8
Q-SPCQ
100
AcDbLine
 10
38758.90138619246
 20
29912.23750000002
 30
0.0
 11
38758.90138619246
 21
29906.66087238526
 31
0.0
1001
REVIT
1002
{
1070
     1
1000
2575031
1002
}
1002
{
1070
     5
1000
2571816
1002
}
  0
LINE
  5
479
330
3E6
100
AcDbEntity
  8
Q-SPCQ
100
AcDbLine
 10
38804.8382579856
 20
29906.66087238526
 30
0.0
 11
38804.8382579856
 21
29912.23750000002
 31
0.0
1001
REVIT
1002
{
1070
     1
1000
2575031
1002
}
1002
{
1070
     5
1000
2571816
1002
}
  0
LINE
  5
47A
330
3E6
100
AcDbEntity
  8
Q-SPCQ
100
AcDbLine
 10
38758.90138619246
 20
29923.35000000002
 30
0.0
 11
38758.90138619246
 21
29912.23750000002
 31
0.0
1001
REVIT
1002
{
1070
     1
1000
2575031
1002
}
1002
{
1070
     5
1000
2571816
1002
}
  0
LINE
  5
47B
330
3E6
100
AcDbEntity
  8
Q-SPCQ
100
AcDbLine
 10
38804.8382579856
 20
29912.23750000002
 30
0.0
 11
38804.8382579856
 21
29923.35000000002
 31
0.0
1001
REVIT
1002
{
1070
     1
1000
2575031
1002
}
1002
{
1070
     5
1000
2571816
1002
}
  0
LINE
  5
47C
330
3E6
100
AcDbEntity
  8
Q-SPCQ
100
AcDbLine
 10
38804.10566296164
 20
29912.2375
 30
0.0
 11
38759.63398121642
 21
29912.2375
 31
0.0
1001
REVIT
1002
{
1070
     1
1000
2575031
1002
}
1002
{
1070
     5
1000
2571816
1002
}
  0
LINE
  5
47D
330
3E6
100
AcDbEntity
  8
Q-SPCQ
100
AcDbLine
 10
38758.90138619246
 20
29906.66087238524
 30
0.0
 11
38759.68401666706
 21
29906.66087238524
 31
0.0
1001
REVIT
1002
{
1070
     1
1000
2575031
1002
}
1002
{
1070
     5
1000
2571816
1002
}
  0
LINE
  5
47E
330
3E6
100
AcDbEntity
  8
Q-SPCQ
100
AcDbLine
 10
38804.05562751099
 20
29906.66087238524
 30
0.0
 11
38804.8382579856
 21
29906.66087238524
 31
0.0
1001
REVIT
1002
{
1070
     1
1000
2575031
1002
}
1002
{
1070
     5
1000
2571816
1002
}
  0
LINE
  5
47F
330
3E6
100
AcDbEntity
  8
Q-SPCQ
100
AcDbLine
 10
38758.90138619246
 20
29906.66087238524
 30
0.0
 11
38804.8382579856
 21
29906.66087238524
 31
0.0
1001
REVIT
1002
{
1070
     1
1000
2575031
1002
}
1002
{
1070
     5
1000
2571816
1002
}
  0
LINE
  5
480
330
3E6
100
AcDbEntity
  8
Q-SPCQ
100
AcDbLine
 10
38759.63398121641
 20
29923.35
 30
0.0
 11
38758.90138619245
 21
29923.35
 31
0.0
1001
REVIT
1002
{
1070
     1
1000
2575031
1002
}
1002
{
1070
     5
1000
2571816
1002
}
  0
LINE
  5
481
330
3E6
100
AcDbEntity
  8
Q-SPCQ
100
AcDbLine
 10
38759.63398121641
 20
29923.35
 30
0.0
 11
38804.10566296164
 21
29923.35
 31
0.0
1001
REVIT
1002
{
1070
     1
1000
2575031
1002
}
1002
{
1070
     5
1000
2571816
1002
}
  0
LINE
  5
482
330
3E6
100
AcDbEntity
  8
Q-SPCQ
100
AcDbLine
 10
38804.8382579856
 20
29923.35
 30
0.0
 11
38804.10566296164
 21
29923.35
 31
0.0
1001
REVIT
1002
{
1070
     1
1000
2575031
1002
}
1002
{
1070
     5
1000
2571816
1002
}
  0
LINE
  5
483
330
3E6
100
AcDbEntity
  8
Q-SPCQ
100
AcDbLine
 10
38804.10566296164
 20
29923.35
 30
0.0
 11
38804.10566296164
 21
29912.2375
 31
0.0
1001
REVIT
1002
{
1070
     1
1000
2575031
1002
}
1002
{
1070
     5
1000
2571816
1002
}
  0
LINE
  5
484
330
3E6
100
AcDbEntity
  8
Q-SPCQ
100
AcDbLine
 10
38759.63398121641
 20
29912.2375
 30
0.0
 11
38759.63398121641
 21
29923.35
 31
0.0
1001
REVIT
1002
{
1070
     1
1000
2575031
1002
}
1002
{
1070
     5
1000
2571816
1002
}
  0
LWPOLYLINE
  5
485
330
3E6
100
AcDbEntity
  8
Q-SPCQ
100
AcDbPolyline
 90
       40
 70
   128
 43
0.0
 10
39170.23679146604
 20
29809.065875
 10
39170.23679146604
 20
29808.7002125282
 10
39170.23679146604
 20
29808.33513503835
 10
39170.23679146604
 20
29807.97122657655
 10
39170.23679146604
 20
29807.60906931872
 10
39170.23679146604
 20
29807.24924263921
 10
39170.23679146604
 20
29806.89232218395
 10
39170.23679146604
 20
29806.53887894953
 10
39170.23679146604
 20
29806.18947836973
 10
39170.23679146604
 20
29805.84467941093
 10
39170.23679146604
 20
29805.50503367793
 10
39170.23679146604
 20
29805.17108453144
 10
39170.23679146604
 20
29804.84336621885
 10
39170.23679146604
 20
29804.52240301956
 10
39170.23679146604
 20
29804.20870840621
 10
39170.23679146604
 20
29803.90278422328
 10
39170.23679146604
 20
29803.60511988418
 10
39170.23679146604
 20
29803.31619158837
 10
39170.23679146604
 20
29803.03646155949
 10
39170.23679146604
 20
29802.76637730591
 10
39170.23679146604
 20
29802.50637090481
 10
39170.23679146604
 20
29802.25685831098
 10
39170.23679146604
 20
29802.01823869135
 10
39170.23679146604
 20
29801.79089378639
 10
39170.23679146604
 20
29801.57518729945
 10
39170.23679146604
 20
29801.37146431492
 10
39170.23679146604
 20
29801.18005074609
 10
39170.23679146604
 20
29801.00125281384
 10
39170.23679146604
 20
29800.83535655674
 10
39170.23679146604
 20
29800.68262737339
 10
39170.23679146604
 20
29800.54330959792
 10
39170.23679146604
 20
29800.41762610903
 10
39170.23679146604
 20
29800.30577797352
 10
39170.23679146604
 20
29800.20794412452
 10
39170.23679146604
 20
29800.12428107533
 10
39170.23679146604
 20
29800.05492266899
 10
39170.23679146604
 20
29799.99997986414
 10
39170.23679146604
 20
29799.95954055755
 10
39170.23679146604
 20
29799.93366944348
 10
39170.23679146604
 20
29799.92240791022
1001
REVIT
1002
{
1070
     1
1000
2575031
1002
}
1002
{
1070
     5
1000
2571816
1002
}
  0
LWPOLYLINE
  5
486
330
3E6
100
AcDbEntity
  8
Q-SPCQ
100
AcDbPolyline
 90
       41
 70
   128
 43
0.0
 10
39188.29460396605
 20
29799.921875
 10
39188.29460396605
 20
29799.92918922469
 10
39188.29460396605
 20
29799.95112019757
 10
39188.29460396605
 20
29799.98763283375
 10
39188.29460396605
 20
29800.03866872081
 10
39188.29460396605
 20
29800.10414621222
 10
39188.29460396605
 20
29800.18396055795
 10
39188.29460396605
 20
29800.27798407208
 10
39188.29460396605
 20
29800.38606633706
 10
39188.29460396605
 20
29800.50803444429
 10
39188.29460396605
 20
29800.64369327084
 10
39188.29460396605
 20
29800.79282579151
 10
39188.29460396605
 20
29800.95519342611
 10
39188.29460396605
 20
29801.13053642103
 10
39188.29460396605
 20
29801.31857426489
 10
39188.29460396605
 20
29801.51900613727
 10
39188.29460396605
 20
29801.73151138991
 10
39188.29460396605
 20
29801.95575005974
 10
39188.29460396605
 20
29802.19136341274
 10
39188.29460396605
 20
29802.43797451778
 10
39188.29460396605
 20
29802.69518884973
 10
39188.29460396605
 20
29802.96259492051
 10
39188.29460396605
 20
29803.23976493745
 10
39188.29460396605
 20
29803.52625548765
 10
39188.29460396605
 20
29803.82160824735
 10
39188.29460396605
 20
29804.12535071514
 10
39188.29460396605
 20
29804.43699696786
 10
39188.29460396605
 20
29804.756048438
 10
39188.29460396605
 20
29805.08199471125
 10
39188.29460396605
 20
29805.41431434311
 10
39188.29460396605
 20
29805.75247569306
 10
39188.29460396605
 20
29806.09593777509
 10
39188.29460396605
 20
29806.44415112313
 10
39188.29460396605
 20
29806.79655867009
 10
39188.29460396605
 20
29807.15259663909
 10
39188.29460396605
 20
29807.51169544532
 10
39188.29460396605
 20
29807.8732806073
 10
39188.29460396605
 20
29808.2367736659
 10
39188.29460396605
 20
29808.60159310977
 10
39188.29460396605
 20
29808.96715530562
 10
39188.29460396605
 20
29809.065875
1001
REVIT
1002
{
1070
     1
1000
2575031
1002
}
1002
{
1070
     5
1000
2571816
1002
}
  0
LINE
  5
487
330
3E6
100
AcDbEntity
  8
Q-SPCQ
100
AcDbLine
 10
39170.23679146604
 20
29820.88273564889
 30
0.0
 11
39170.23679146604
 21
29809.065875
 31
0.0
1001
REVIT
1002
{
1070
     1
1000
2575031
1002
}
1002
{
1070
     5
1000
2571816
1002
}
  0
LINE
  5
488
330
3E6
100
AcDbEntity
  8
Q-SPCQ
100
AcDbLine
 10
39188.29460396605
 20
29809.065875
 30
0.0
 11
39188.29460396605
 21
29820.88273564889
 31
0.0
1001
REVIT
1002
{
1070
     1
1000
2575031
1002
}
1002
{
1070
     5
1000
2571816
1002
}
  0
ENDBLK
  5
48A
330
3E6
100
AcDbEntity
  8
0
100
AcDbBlockEnd
  0
BLOCK
  5
590
330
58E
100
AcDbEntity
  8
0
100
AcDbBlockBegin
  2
_Oblique
 70
     0
 10
0.0
 20
0.0
 30
0.0
  3
_Oblique
  1

  0
LINE
  5
58F
330
58E
100
AcDbEntity
  8
0
  6
ByBlock
 62
     0
370
    -2
100
AcDbLine
 10
-0.5
 20
-0.5
 30
0.0
 11
0.5
 21
0.5
 31
0.0
  0
ENDBLK
  5
591
330
58E
100
AcDbEntity
  8
0
100
AcDbBlockEnd
  0
BLOCK
  5
58B
330
595
100
AcDbEntity
  8
0
100
AcDbBlockBegin
  2
DIMBLOCK1-SECTION E-E
 70
     0
 10
0.0
 20
0.0
 30
0.0
  3
DIMBLOCK1-SECTION E-E
  1

  0
LINE
  5
581
330
595
100
AcDbEntity
  8
A-ANNO-DIMS-100
100
AcDbLine
 10
40203.58543642615
 20
32690.0
 30
0.0
 11
40203.58543642615
 21
31790.0
 31
0.0
1001
REVIT
1002
{
1070
     1
1000
2351843
1002
}
1002
{
1070
     5
1000
2159605
1002
}
1002
{
1070
     2
1000
-2000260
1002
}
  0
LINE
  5
582
330
595
100
AcDbEntity
  8
A-ANNO-DIMS-100
100
AcDbLine
 10
40203.58543642615
 20
31890.0
 30
0.0
 11
40128.58543642615
 21
31965.0
 31
0.0
1001
REVIT
1002
{
1070
     1
1000
2351843
1002
}
1002
{
1070
     5
1000
2159605
1002
}
1002
{
1070
     2
1000
-2000260
1002
}
  0
LINE
  5
583
330
595
100
AcDbEntity
  8
A-ANNO-DIMS-100
100
AcDbLine
 10
40203.58543642615
 20
31890.0
 30
0.0
 11
40278.58543642615
 21
31815.0
 31
0.0
1001
REVIT
1002
{
1070
     1
1000
2351843
1002
}
1002
{
1070
     5
1000
2159605
1002
}
1002
{
1070
     2
1000
-2000260
1002
}
  0
LINE
  5
584
330
595
100
AcDbEntity
  8
A-ANNO-DIMS-100
100
AcDbLine
 10
40203.58543642614
 20
31890.0
 30
0.0
 11
40103.58543642614
 21
31890.0
 31
0.0
1001
REVIT
1002
{
1070
     1
1000
2351843
1002
}
1002
{
1070
     5
1000
2159605
1002
}
1002
{
1070
     2
1000
-2000260
1002
}
  0
LINE
  5
585
330
595
100
AcDbEntity
  8
A-ANNO-DIMS-100
100
AcDbLine
 10
40203.58543642614
 20
31890.0
 30
0.0
 11
40503.58543642614
 21
31890.0
 31
0.0
1001
REVIT
1002
{
1070
     1
1000
2351843
1002
}
1002
{
1070
     5
1000
2159605
1002
}
1002
{
1070
     2
1000
-2000260
1002
}
  0
LINE
  5
586
330
595
100
AcDbEntity
  8
A-ANNO-DIMS-100
100
AcDbLine
 10
40203.58543642615
 20
32590.00000000001
 30
0.0
 11
40128.58543642615
 21
32665.00000000001
 31
0.0
1001
REVIT
1002
{
1070
     1
1000
2351843
1002
}
1002
{
1070
     5
1000
2159605
1002
}
1002
{
1070
     2
1000
-2000260
1002
}
  0
LINE
  5
587
330
595
100
AcDbEntity
  8
A-ANNO-DIMS-100
100
AcDbLine
 10
40203.58543642615
 20
32590.00000000001
 30
0.0
 11
40278.58543642615
 21
32515.00000000001
 31
0.0
1001
REVIT
1002
{
1070
     1
1000
2351843
1002
}
1002
{
1070
     5
1000
2159605
1002
}
1002
{
1070
     2
1000
-2000260
1002
}
  0
LINE
  5
588
330
595
100
AcDbEntity
  8
A-ANNO-DIMS-100
100
AcDbLine
 10
40203.58543642614
 20
32590.00000000001
 30
0.0
 11
40303.58543642615
 21
32590.00000000001
 31
0.0
1001
REVIT
1002
{
1070
     1
1000
2351843
1002
}
1002
{
1070
     5
1000
2159605
1002
}
1002
{
1070
     2
1000
-2000260
1002
}
  0
LINE
  5
589
330
595
100
AcDbEntity
  8
A-ANNO-DIMS-100
100
AcDbLine
 10
40203.58543642614
 20
32590.00000000001
 30
0.0
 11
39903.58543642614
 21
32590.00000000001
 31
0.0
1001
REVIT
1002
{
1070
     1
1000
2351843
1002
}
1002
{
1070
     5
1000
2159605
1002
}
1002
{
1070
     2
1000
-2000260
1002
}
  0
MTEXT
  5
58A
330
595
100
AcDbEntity
  8
A-ANNO-DIMS-100
 62
     0
100
AcDbMText
 10
39995.68305492591
 20
32057.60749827427
 30
0.0
 40
150.0
 41
437.7420041417395
 46
0.0
 71
     1
 72
     1
  1
700
  7
Calibri
 11
0.0
 21
1.0
 31
0.0
 73
     2
 44
1.158047630004602
1001
REVIT
1002
{
1070
     1
1000
2351843
1002
}
1002
{
1070
     5
1000
2159605
1002
}
1002
{
1070
     2
1000
-2000260
1002
}
  0
ENDBLK
  5
58C
330
595
100
AcDbEntity
  8
0
100
AcDbBlockEnd
  0
BLOCK
  5
5B5
330
5B8
100
AcDbEntity
  8
0
100
AcDbBlockBegin
  2
DIMBLOCK2-SECTION E-E
 70
     0
 10
0.0
 20
0.0
 30
0.0
  3
DIMBLOCK2-SECTION E-E
  1

  0
LINE
  5
5AB
330
5B8
100
AcDbEntity
  8
A-ANNO-DIMS-100
100
AcDbLine
 10
27462.57448544833
 20
32690.0
 30
0.0
 11
27462.57448544833
 21
31790.0
 31
0.0
1001
REVIT
1002
{
1070
     1
1000
2351884
1002
}
1002
{
1070
     5
1000
2159605
1002
}
1002
{
1070
     2
1000
-2000260
1002
}
  0
LINE
  5
5AC
330
5B8
100
AcDbEntity
  8
A-ANNO-DIMS-100
100
AcDbLine
 10
27462.57448544833
 20
31890.0
 30
0.0
 11
27387.57448544833
 21
31965.0
 31
0.0
1001
REVIT
1002
{
1070
     1
1000
2351884
1002
}
1002
{
1070
     5
1000
2159605
1002
}
1002
{
1070
     2
1000
-2000260
1002
}
  0
LINE
  5
5AD
330
5B8
100
AcDbEntity
  8
A-ANNO-DIMS-100
100
AcDbLine
 10
27462.57448544833
 20
31890.0
 30
0.0
 11
27537.57448544833
 21
31815.0
 31
0.0
1001
REVIT
1002
{
1070
     1
1000
2351884
1002
}
1002
{
1070
     5
1000
2159605
1002
}
1002
{
1070
     2
1000
-2000260
1002
}
  0
LINE
  5
5AE
330
5B8
100
AcDbEntity
  8
A-ANNO-DIMS-100
100
AcDbLine
 10
27462.57448544833
 20
31890.0
 30
0.0
 11
27362.57448544833
 21
31890.0
 31
0.0
1001
REVIT
1002
{
1070
     1
1000
2351884
1002
}
1002
{
1070
     5
1000
2159605
1002
}
1002
{
1070
     2
1000
-2000260
1002
}
  0
LINE
  5
5AF
330
5B8
100
AcDbEntity
  8
A-ANNO-DIMS-100
100
AcDbLine
 10
27462.57448544833
 20
31890.0
 30
0.0
 11
27762.57448544833
 21
31890.0
 31
0.0
1001
REVIT
1002
{
1070
     1
1000
2351884
1002
}
1002
{
1070
     5
1000
2159605
1002
}
1002
{
1070
     2
1000
-2000260
1002
}
  0
LINE
  5
5B0
330
5B8
100
AcDbEntity
  8
A-ANNO-DIMS-100
100
AcDbLine
 10
27462.57448544833
 20
32590.00000000001
 30
0.0
 11
27387.57448544833
 21
32665.00000000001
 31
0.0
1001
REVIT
1002
{
1070
     1
1000
2351884
1002
}
1002
{
1070
     5
1000
2159605
1002
}
1002
{
1070
     2
1000
-2000260
1002
}
  0
LINE
  5
5B1
330
5B8
100
AcDbEntity
  8
A-ANNO-DIMS-100
100
AcDbLine
 10
27462.57448544833
 20
32590.00000000001
 30
0.0
 11
27537.57448544833
 21
32515.00000000001
 31
0.0
1001
REVIT
1002
{
1070
     1
1000
2351884
1002
}
1002
{
1070
     5
1000
2159605
1002
}
1002
{
1070
     2
1000
-2000260
1002
}
  0
LINE
  5
5B2
330
5B8
100
AcDbEntity
  8
A-ANNO-DIMS-100
100
AcDbLine
 10
27462.57448544833
 20
32590.00000000001
 30
0.0
 11
27362.57448544833
 21
32590.00000000001
 31
0.0
1001
REVIT
1002
{
1070
     1
1000
2351884
1002
}
1002
{
1070
     5
1000
2159605
1002
}
1002
{
1070
     2
1000
-2000260
1002
}
  0
LINE
  5
5B3
330
5B8
100
AcDbEntity
  8
A-ANNO-DIMS-100
100
AcDbLine
 10
27462.57448544833
 20
32590.00000000001
 30
0.0
 11
27762.57448544833
 21
32590.00000000001
 31
0.0
1001
REVIT
1002
{
1070
     1
1000
2351884
1002
}
1002
{
1070
     5
1000
2159605
1002
}
1002
{
1070
     2
1000
-2000260
1002
}
  0
MTEXT
  5
5B4
330
5B8
100
AcDbEntity
  8
A-ANNO-DIMS-100
 62
     0
100
AcDbMText
 10
27254.6721039481
 20
32057.60749827427
 30
0.0
 40
150.0
 41
437.7420041417395
 46
0.0
 71
     1
 72
     1
  1
700
  7
Calibri
 11
0.0
 21
1.0
 31
0.0
 73
     2
 44
1.158047630004602
1001
REVIT
1002
{
1070
     1
1000
2351884
1002
}
1002
{
1070
     5
1000
2159605
1002
}
1002
{
1070
     2
1000
-2000260
1002
}
  0
ENDBLK
  5
5B6
330
5B8
100
AcDbEntity
  8
0
100
AcDbBlockEnd
  0
ENDSEC
  0
SECTION
  2
ENTITIES
  0
HATCH
  5
98
330
70
100
AcDbEntity
  8
A-WALL-PATT
370
     9
100
AcDbHatch
 10
0.0
 20
0.0
 30
0.0
210
0.0
220
0.0
230
1.0
  2
SOLID
 70
     1
 71
     0
 91
        1
 92
        1
 93
        5
 72
     1
 10
28845.44550628917
 20
28890.00000000001
 11
28845.44550628917
 21
31990.00000000002
 72
     1
 10
28845.44550628917
 20
31990.00000000002
 11
28755.44550628917
 21
31990.00000000002
 72
     1
 10
28755.44550628917
 20
31990.00000000002
 11
28755.44550628917
 21
28890.00000000001
 72
     1
 10
28755.44550628917
 20
28890.00000000001
 11
28790.86938417682
 21
28890.00000000001
 72
     1
 10
28790.86938417682
 20
28890.00000000001
 11
28845.44550628917
 21
28890.00000000001
 97
        0
 75
     0
 76
     1
 98
        1
 10
0.0
 20
0.0
1001
REVIT
1002
{
1070
     1
1000
1449943
1002
}
1002
{
1070
     5
1000
2338323
1002
}
1002
{
1070
     2
1000
-2000011
1002
}
1002
{
1070
     3
1000
-2000588
1002
}
  0
HATCH
  5
9D
330
70
100
AcDbEntity
  8
A-DETL-GENF
 62
    31
100
AcDbHatch
 10
0.0
 20
0.0
 30
0.0
210
0.0
220
0.0
230
1.0
  2
SOLID
 70
     1
 71
     0
 91
        1
 92
        1
 93
        4
 72
     1
 10
27885.4455052217
 20
28730.00000000003
 11
28085.4455052217
 21
28730.00000000003
 72
     1
 10
28085.4455052217
 20
28730.00000000003
 11
28085.4455052217
 21
29444.32184096636
 72
     1
 10
28085.4455052217
 20
29444.32184096636
 11
27885.4455052217
 21
29444.32184096636
 72
     1
 10
27885.4455052217
 20
29444.32184096636
 11
27885.4455052217
 21
28730.00000000003
 97
        0
 75
     0
 76
     1
 98
        1
 10
0.0
 20
0.0
1001
REVIT
1002
{
1070
     1
1000
2316260
1002
}
1002
{
1070
     5
1000
2388960
1002
}
1002
{
1070
     2
1000
-2002000
1002
}
  0
HATCH
  5
A2
330
70
100
AcDbEntity
  8
A-DETL-GENF
 62
    31
100
AcDbHatch
 10
0.0
 20
0.0
 30
0.0
210
0.0
220
0.0
230
1.0
  2
SOLID
 70
     1
 71
     0
 91
        1
 92
        1
 93
        4
 72
     1
 10
41105.63802391926
 20
29442.02988846647
 11
40655.63802391927
 21
29442.02988846647
 72
     1
 10
40655.63802391927
 20
29442.02988846647
 11
40655.63802391925
 21
27770.00000000001
 72
     1
 10
40655.63802391925
 20
27770.00000000001
 11
41105.63802391925
 21
27770.00000000001
 72
     1
 10
41105.63802391925
 20
27770.00000000001
 11
41105.63802391926
 21
29442.02988846647
 97
        0
 75
     0
 76
     1
 98
        1
 10
0.0
 20
0.0
1001
REVIT
1002
{
1070
     1
1000
2404741
1002
}
1002
{
1070
     5
1000
2388960
1002
}
1002
{
1070
     2
1000
-2002000
1002
}
  0
HATCH
  5
A8
330
70
100
AcDbEntity
  8
A-WALL-PATT
370
     9
100
AcDbHatch
 10
0.0
 20
0.0
 30
0.0
210
0.0
220
0.0
230
1.0
  2
FP_1
 70
     0
 71
     0
 91
        1
 92
        1
 93
        5
 72
     1
 10
39310.44550649941
 20
31890.00000000002
 11
39420.44550649942
 21
31890.00000000002
 72
     1
 10
39420.44550649942
 20
31890.00000000002
 11
39420.44550649942
 21
35827.4108247343
 72
     1
 10
39420.44550649942
 20
35827.4108247343
 11
39310.44550649941
 21
35827.4108247343
 72
     1
 10
39310.44550649941
 20
35827.4108247343
 11
39310.44550649941
 21
31959.72396339823
 72
     1
 10
39310.44550649941
 20
31959.72396339823
 11
39310.44550649941
 21
31890.00000000002
 97
        0
 75
     0
 76
     2
 52
0.0
 41
1.0
 77
     0
 78
     2
 53
45.0
 43
33633.572
 44
18106.883
 45
-251.4471713899363
 46
251.4471713899363
 79
     0
 53
45.0
 43
33633.572
 44
18487.883
 45
-251.4471713899363
 46
251.4471713899363
 79
     0
 98
        1
 10
0.0
 20
0.0
1001
REVIT
1002
{
1070
     1
1000
1421155
1002
}
1002
{
1070
     5
1000
1220569
1002
}
1002
{
1070
     4
1000
24
1002
}
1002
{
1070
     2
1000
-2000011
1002
}
1002
{
1070
     3
1000
-2000588
1002
}
  0
HATCH
  5
AE
330
70
100
AcDbEntity
  8
A-WALL-PATT
370
     9
100
AcDbHatch
 10
0.0
 20
0.0
 30
0.0
210
0.0
220
0.0
230
1.0
  2
FP_1
 70
     0
 71
     0
 91
        1
 92
        1
 93
        5
 72
     1
 10
39470.44550649941
 20
31890.00000000002
 11
39580.44550649943
 21
31890.00000000002
 72
     1
 10
39580.44550649943
 20
31890.00000000002
 11
39580.44550649943
 21
35827.41082473431
 72
     1
 10
39580.44550649943
 20
35827.41082473431
 11
39470.44550649941
 21
35827.4108247343
 72
     1
 10
39470.44550649941
 20
35827.4108247343
 11
39470.44550649941
 21
31959.72396339823
 72
     1
 10
39470.44550649941
 20
31959.72396339823
 11
39470.44550649941
 21
31890.00000000002
 97
        0
 75
     0
 76
     2
 52
0.0
 41
1.0
 77
     0
 78
     2
 53
45.0
 43
33633.572
 44
18106.883
 45
-251.4471713899363
 46
251.4471713899363
 79
     0
 53
45.0
 43
33633.572
 44
18487.883
 45
-251.4471713899363
 46
251.4471713899363
 79
     0
 98
        1
 10
0.0
 20
0.0
1001
REVIT
1002
{
1070
     1
1000
1421155
1002
}
1002
{
1070
     5
1000
1220569
1002
}
1002
{
1070
     2
1000
-2000011
1002
}
1002
{
1070
     3
1000
-2000588
1002
}
  0
LINE
  5
AF
330
70
100
AcDbEntity
  8
A-WALL
370
    25
100
AcDbLine
 10
39310.44550649941
 20
35190.0
 30
0.0
 11
39310.44550649941
 21
32140.00000000001
 31
0.0
1001
REVIT
1002
{
1070
     1
1000
1421155
1002
}
1002
{
1070
     5
1000
1220569
1002
}
1002
{
1070
     2
1000
-2000011
1002
}
  0
LINE
  5
B2
330
70
100
AcDbEntity
  8
A-WALL
370
    25
100
AcDbLine
 10
39580.44550649941
 20
28804.00000000001
 30
0.0
 11
39580.44550649941
 21
35827.41082473428
 31
0.0
1001
REVIT
1002
{
1070
     1
1000
1421155
1002
}
1002
{
1070
     5
1000
1220569
1002
}
1002
{
1070
     2
1000
-2000011
1002
}
  0
LINE
  5
B3
330
70
100
AcDbEntity
  8
A-WALL
100
AcDbLine
 10
39580.44550649941
 20
35827.41082473428
 30
0.0
 11
39310.44550649941
 21
35827.41082473428
 31
0.0
1001
REVIT
1002
{
1070
     1
1000
1421155
1002
}
1002
{
1070
     5
1000
1220569
1002
}
1002
{
1070
     2
1000
-2000011
1002
}
1002
{
1070
     3
1000
-2000586
1002
}
  0
LINE
  5
B5
330
70
100
AcDbEntity
  8
A-WALL
100
AcDbLine
 10
39420.44550649941
 20
35827.41082473428
 30
0.0
 11
39420.44550649941
 21
28890.0
 31
0.0
1001
REVIT
1002
{
1070
     1
1000
1421155
1002
}
1002
{
1070
     5
1000
1220569
1002
}
1002
{
1070
     2
1000
-2000011
1002
}
1002
{
1070
     3
1000
-2000586
1002
}
  0
LINE
  5
B7
330
70
100
AcDbEntity
  8
A-WALL
100
AcDbLine
 10
39470.44550649941
 20
35827.41082473428
 30
0.0
 11
39470.44550649941
 21
28804.00000000001
 31
0.0
1001
REVIT
1002
{
1070
     1
1000
1421155
1002
}
1002
{
1070
     5
1000
1220569
1002
}
1002
{
1070
     2
1000
-2000011
1002
}
1002
{
1070
     3
1000
-2000586
1002
}
  0
HATCH
  5
BC
330
70
100
AcDbEntity
  8
A-WALL-PATT
370
     9
100
AcDbHatch
 10
0.0
 20
0.0
 30
0.0
210
0.0
220
0.0
230
1.0
  2
FP_1
 70
     0
 71
     0
 91
        1
 92
        1
 93
        4
 72
     1
 10
34295.44550578968
 20
34715.00000000002
 11
34295.44550578968
 21
35090.00000000002
 72
     1
 10
34295.44550578968
 20
35090.00000000002
 11
34185.44550578968
 21
35090.00000000002
 72
     1
 10
34185.44550578968
 20
35090.00000000002
 11
34185.44550578968
 21
34715.00000000002
 72
     1
 10
34185.44550578968
 20
34715.00000000002
 11
34295.44550578968
 21
34715.00000000002
 97
        0
 75
     0
 76
     2
 52
0.0
 41
1.0
 77
     0
 78
     2
 53
45.0
 43
33633.572
 44
18106.883
 45
-251.4471713899363
 46
251.4471713899363
 79
     0
 53
45.0
 43
33633.572
 44
18487.883
 45
-251.4471713899363
 46
251.4471713899363
 79
     0
 98
        1
 10
0.0
 20
0.0
1001
REVIT
1002
{
1070
     1
1000
1422278
1002
}
1002
{
1070
     5
1000
1222731
1002
}
1002
{
1070
     4
1000
24
1002
}
1002
{
1070
     2
1000
-2000011
1002
}
1002
{
1070
     3
1000
-2000588
1002
}
  0
LINE
  5
BD
330
70
100
AcDbEntity
  8
A-WALL
370
    25
100
AcDbLine
 10
34185.44550578968
 20
35090.0
 30
0.0
 11
34185.44550578968
 21
34715.0
 31
0.0
1001
REVIT
1002
{
1070
     1
1000
1422278
1002
}
1002
{
1070
     5
1000
1222731
1002
}
1002
{
1070
     2
1000
-2000011
1002
}
  0
LINE
  5
BE
330
70
100
AcDbEntity
  8
A-WALL
370
    25
100
AcDbLine
 10
34185.44550578968
 20
34715.0
 30
0.0
 11
34295.44550578968
 21
34715.0
 31
0.0
1001
REVIT
1002
{
1070
     1
1000
1422278
1002
}
1002
{
1070
     5
1000
1222731
1002
}
1002
{
1070
     2
1000
-2000011
1002
}
  0
LINE
  5
BF
330
70
100
AcDbEntity
  8
A-WALL
370
    25
100
AcDbLine
 10
34295.44550578968
 20
34715.0
 30
0.0
 11
34295.44550578968
 21
35090.0
 31
0.0
1001
REVIT
1002
{
1070
     1
1000
1422278
1002
}
1002
{
1070
     5
1000
1222731
1002
}
1002
{
1070
     2
1000
-2000011
1002
}
  0
HATCH
  5
C6
330
70
100
AcDbEntity
  8
A-WALL-PATT
370
     9
100
AcDbHatch
 10
0.0
 20
0.0
 30
0.0
210
0.0
220
0.0
230
1.0
  2
FP_1
 70
     0
 71
     0
 91
        1
 92
        1
 93
        5
 72
     1
 10
35875.44550645955
 20
32340.00000000002
 11
35875.44550645955
 21
35190.00000000002
 72
     1
 10
35875.44550645955
 20
35190.00000000002
 11
35765.44550645955
 21
35190.00000000002
 72
     1
 10
35765.44550645955
 20
35190.00000000002
 11
35765.44550645955
 21
32340.00000000002
 72
     1
 10
35765.44550645955
 20
32340.00000000002
 11
35828.45596422901
 21
32340.00000000002
 72
     1
 10
35828.45596422901
 20
32340.00000000002
 11
35875.44550645955
 21
32340.00000000002
 97
        0
 75
     0
 76
     2
 52
0.0
 41
1.0
 77
     0
 78
     2
 53
45.0
 43
33633.572
 44
18106.883
 45
-251.4471713899363
 46
251.4471713899363
 79
     0
 53
45.0
 43
33633.572
 44
18487.883
 45
-251.4471713899363
 46
251.4471713899363
 79
     0
 98
        1
 10
0.0
 20
0.0
1001
REVIT
1002
{
1070
     1
1000
1422967
1002
}
1002
{
1070
     5
1000
1222731
1002
}
1002
{
1070
     4
1000
24
1002
}
1002
{
1070
     2
1000
-2000011
1002
}
1002
{
1070
     3
1000
-2000588
1002
}
  0
LINE
  5
C7
330
70
100
AcDbEntity
  8
A-WALL
370
    25
100
AcDbLine
 10
35875.44550645954
 20
32340.00000000001
 30
0.0
 11
35875.44550645954
 21
35190.0
 31
0.0
1001
REVIT
1002
{
1070
     1
1000
1422967
1002
}
1002
{
1070
     5
1000
1222731
1002
}
1002
{
1070
     2
1000
-2000011
1002
}
  0
LINE
  5
C8
330
70
100
AcDbEntity
  8
A-WALL
370
    25
100
AcDbLine
 10
35765.44550645954
 20
35190.0
 30
0.0
 11
35765.44550645954
 21
32340.00000000001
 31
0.0
1001
REVIT
1002
{
1070
     1
1000
1422967
1002
}
1002
{
1070
     5
1000
1222731
1002
}
1002
{
1070
     2
1000
-2000011
1002
}
  0
LINE
  5
CA
330
70
100
AcDbEntity
  8
A-WALL
100
AcDbLine
 10
34825.44550641226
 20
28890.00000000001
 30
0.0
 11
34825.44550641226
 21
31890.0
 31
0.0
1001
REVIT
1002
{
1070
     1
1000
1432262
1002
}
1002
{
1070
     5
1000
1220569
1002
}
1002
{
1070
     2
1000
-2000011
1002
}
  0
LINE
  5
CB
330
70
100
AcDbEntity
  8
A-WALL
100
AcDbLine
 10
33765.4455052217
 20
31890.0
 30
0.0
 11
33765.4455052217
 21
28890.0
 31
0.0
1001
REVIT
1002
{
1070
     1
1000
1432262
1002
}
1002
{
1070
     5
1000
1220569
1002
}
1002
{
1070
     2
1000
-2000011
1002
}
  0
LINE
  5
CC
330
70
100
AcDbEntity
  8
A-WALL
100
AcDbLine
 10
29065.4455052217
 20
28890.0
 30
0.0
 11
29065.4455052217
 21
31890.0
 31
0.0
1001
REVIT
1002
{
1070
     1
1000
1432262
1002
}
1002
{
1070
     5
1000
1220569
1002
}
1002
{
1070
     2
1000
-2000011
1002
}
  0
HATCH
  5
D2
330
70
100
AcDbEntity
  8
A-WALL-PATT
370
     9
100
AcDbHatch
 10
0.0
 20
0.0
 30
0.0
210
0.0
220
0.0
230
1.0
  2
FP_1
 70
     0
 71
     0
 91
        1
 92
        1
 93
        5
 72
     1
 10
39310.44550649941
 20
28890.00000000001
 11
39420.44550649942
 21
28890.00000000001
 72
     1
 10
39420.44550649942
 20
28890.00000000001
 11
39420.44550649942
 21
31890.00000000002
 72
     1
 10
39420.44550649942
 20
31890.00000000002
 11
39310.44550649941
 21
31890.00000000002
 72
     1
 10
39310.44550649941
 20
31890.00000000002
 11
39310.44550649941
 21
28962.67550308703
 72
     1
 10
39310.44550649941
 20
28962.67550308703
 11
39310.44550649941
 21
28890.00000000001
 97
        0
 75
     0
 76
     2
 52
0.0
 41
1.0
 77
     0
 78
     2
 53
45.0
 43
33633.572
 44
18106.883
 45
-251.4471713899363
 46
251.4471713899363
 79
     0
 53
45.0
 43
33633.572
 44
18487.883
 45
-251.4471713899363
 46
251.4471713899363
 79
     0
 98
        1
 10
0.0
 20
0.0
1001
REVIT
1002
{
1070
     1
1000
1432364
1002
}
1002
{
1070
     5
1000
1220569
1002
}
1002
{
1070
     4
1000
24
1002
}
1002
{
1070
     2
1000
-2000011
1002
}
1002
{
1070
     3
1000
-2000588
1002
}
  0
HATCH
  5
D8
330
70
100
AcDbEntity
  8
A-WALL-PATT
370
     9
100
AcDbHatch
 10
0.0
 20
0.0
 30
0.0
210
0.0
220
0.0
230
1.0
  2
FP_1
 70
     0
 71
     0
 91
        1
 92
        1
 93
        5
 72
     1
 10
39470.44550649941
 20
28804.00000000002
 11
39580.44550649943
 21
28804.00000000002
 72
     1
 10
39580.44550649943
 20
28804.00000000002
 11
39580.44550649943
 21
31890.00000000002
 72
     1
 10
39580.44550649943
 20
31890.00000000002
 11
39470.44550649941
 21
31890.00000000002
 72
     1
 10
39470.44550649941
 20
31890.00000000002
 11
39470.44550649941
 21
28962.67550308703
 72
     1
 10
39470.44550649941
 20
28962.67550308703
 11
39470.44550649941
 21
28804.00000000002
 97
        0
 75
     0
 76
     2
 52
0.0
 41
1.0
 77
     0
 78
     2
 53
45.0
 43
33633.572
 44
18106.883
 45
-251.4471713899363
 46
251.4471713899363
 79
     0
 53
45.0
 43
33633.572
 44
18487.883
 45
-251.4471713899363
 46
251.4471713899363
 79
     0
 98
        1
 10
0.0
 20
0.0
1001
REVIT
1002
{
1070
     1
1000
1432364
1002
}
1002
{
1070
     5
1000
1220569
1002
}
1002
{
1070
     2
1000
-2000011
1002
}
1002
{
1070
     3
1000
-2000588
1002
}
  0
LINE
  5
D9
330
70
100
AcDbEntity
  8
A-WALL
370
    25
100
AcDbLine
 10
39310.44550649941
 20
31890.0
 30
0.0
 11
39310.44550649941
 21
28890.0
 31
0.0
1001
REVIT
1002
{
1070
     1
1000
1432364
1002
}
1002
{
1070
     5
1000
1220569
1002
}
1002
{
1070
     2
1000
-2000011
1002
}
  0
LINE
  5
DB
330
70
100
AcDbEntity
  8
A-WALL
370
    25
100
AcDbLine
 10
39655.44550649941
 20
31890.0
 30
0.0
 11
39310.44550649941
 21
31890.0
 31
0.0
1001
REVIT
1002
{
1070
     1
1000
1432364
1002
}
1002
{
1070
     5
1000
1220569
1002
}
1002
{
1070
     2
1000
-2000011
1002
}
  0
HATCH
  5
E5
330
70
100
AcDbEntity
  8
A-FLOR-PATT
370
     9
100
AcDbHatch
 10
0.0
 20
0.0
 30
0.0
210
0.0
220
0.0
230
1.0
  2
FP_2
 70
     0
 71
     0
 91
        1
 92
        1
 93
        6
 72
     1
 10
38740.56075597475
 20
32140.00000000002
 11
39420.44550649943
 21
32140.00000000002
 72
     1
 10
39420.44550649943
 20
32140.00000000002
 11
39420.44550649943
 21
32340.00000000002
 72
     1
 10
39420.44550649943
 20
32340.00000000002
 11
28135.44550635081
 21
32340.00000000002
 72
     1
 10
28135.44550635081
 20
32340.00000000002
 11
28135.44550635081
 21
32140.00000000002
 72
     1
 10
28135.44550635081
 20
32140.00000000002
 11
37769.85915872618
 21
32140.00000000002
 72
     1
 10
37769.85915872618
 20
32140.00000000002
 11
38740.56075597475
 21
32140.00000000002
 97
        0
 75
     0
 76
     2
 52
0.0
 41
1.0
 77
     0
 78
    17
 53
49.99999999999999
 43
33633.572
 44
18106.883
 45
582.9890969798607
 46
-51.00509307516802
 79
     2
 49
60.96
 49
-670.56
 53
355.0
 43
33633.572
 44
18106.883
 45
-112.7767293253219
 46
611.3816312972472
 79
     2
 49
48.768
 49
-536.448
 53
100.451
 43
33682.154
 44
18102.633
 45
470.2160778888968
 46
560.3730076607749
 79
     2
 49
51.808
 49
-569.888
 53
46.184
 43
33633.572
 44
18269.443
 45
867.4527089478838
 46
-134.5367748274727
 79
     2
 49
91.44
 49
-1005.84
 53
96.636
 43
33705.86
 44
18258.232
 45
759.6879071721903
 46
791.7680757907189
 79
     2
 49
77.712
 49
-854.832
 53
351.184
 43
33633.572
 44
18269.443
 45
759.6960163844116
 46
791.7607861511301
 79
     2
 49
73.152
 49
-804.672
 53
21.0
 43
33714.852
 44
18228.803
 45
485.1659934615853
 46
-327.2487822825823
 79
     2
 49
60.96
 49
-670.56
 53
325.9999999999999
 43
33714.852
 44
18228.803
 45
197.7669465201526
 46
589.4016666324376
 79
     2
 49
48.768
 49
-536.448
 53
71.45100000000001
 43
33755.282
 44
18201.533
 45
682.9344733757403
 46
262.1479976940511
 79
     2
 49
51.808
 49
-569.888
 53
37.5
 43
33633.572
 44
18106.883
 45
9.883035223681148
 46
270.5760469438628
 79
     5
 49
26.822
 49
-503.123
 49
26.822
 49
-517.754
 49
-538.48
 53
37.5
 43
33633.572
 44
18106.883
 45
9.883035223681148
 46
270.5760469438628
 79
     3
 49
-1074.522
 49
26.822
 49
-511.658
 53
7.5
 43
33633.572
 44
18106.883
 45
213.8224524709532
 46
320.5780199332246
 79
     5
 49
26.822
 49
-283.667
 49
26.822
 49
-490.931
 49
-205.232
 53
7.5
 43
33633.572
 44
18106.883
 45
213.8224524709532
 46
320.5780199332246
 79
     3
 49
-828.243
 49
26.822
 49
-178.41
 53
327.5
 43
33452.31700000001
 44
18106.883
 45
433.8910025716608
 46
-18.33249059345368
 79
     4
 49
26.822
 49
-176.378
 49
26.822
 49
-1448.41
 53
327.5
 43
33452.31700000001
 44
18106.883
 45
433.8910025716608
 46
-18.33249059345368
 79
     4
 49
-230.022
 49
-607.1619999999999
 49
26.822
 49
-814.426
 53
317.5
 43
33371.03700000001
 44
18106.883
 45
474.0138619252369
 46
81.36541517575179
 79
     4
 49
26.822
 49
-237.338
 49
26.822
 49
-991.6160000000001
 53
317.5
 43
33371.03700000001
 44
18106.883
 45
474.0138619252369
 46
81.36541517575179
 79
     4
 49
-290.982
 49
-394.208
 49
26.822
 49
-570.586
 98
        1
 10
0.0
 20
0.0
1001
REVIT
1002
{
1070
     1
1000
1433789
1002
}
1002
{
1070
     5
1000
1482782
1002
}
1002
{
1070
     4
1000
758
1002
}
1002
{
1070
     2
1000
-2000032
1002
}
1002
{
1070
     3
1000
-2000608
1002
}
  0
LINE
  5
E6
330
70
100
AcDbEntity
  8
A-FLOR
370
    35
100
AcDbLine
 10
28135.44550635081
 20
32140.00000000001
 30
0.0
 11
28245.44550635082
 21
32140.00000000001
 31
0.0
1001
REVIT
1002
{
1070
     1
1000
1433789
1002
}
1002
{
1070
     5
1000
1482782
1002
}
1002
{
1070
     2
1000
-2000032
1002
}
  0
LINE
  5
E7
330
70
100
AcDbEntity
  8
A-FLOR
370
    35
100
AcDbLine
 10
39310.44550649941
 20
32140.00000000001
 30
0.0
 11
39420.44550649942
 21
32140.00000000001
 31
0.0
1001
REVIT
1002
{
1070
     1
1000
1433789
1002
}
1002
{
1070
     5
1000
1482782
1002
}
1002
{
1070
     2
1000
-2000032
1002
}
  0
LINE
  5
E8
330
70
100
AcDbEntity
  8
A-FLOR
370
    35
100
AcDbLine
 10
39420.44550649942
 20
32140.00000000001
 30
0.0
 11
39420.44550649942
 21
32340.00000000001
 31
0.0
1001
REVIT
1002
{
1070
     1
1000
1433789
1002
}
1002
{
1070
     5
1000
1482782
1002
}
1002
{
1070
     2
1000
-2000032
1002
}
  0
LINE
  5
E9
330
70
100
AcDbEntity
  8
A-FLOR
370
    35
100
AcDbLine
 10
39420.44550649942
 20
32340.00000000001
 30
0.0
 11
28135.44550635081
 21
32340.00000000001
 31
0.0
1001
REVIT
1002
{
1070
     1
1000
1433789
1002
}
1002
{
1070
     5
1000
1482782
1002
}
1002
{
1070
     2
1000
-2000032
1002
}
  0
LINE
  5
EA
330
70
100
AcDbEntity
  8
A-FLOR
370
    35
100
AcDbLine
 10
28135.44550635081
 20
32340.00000000001
 30
0.0
 11
28135.44550635081
 21
32140.00000000001
 31
0.0
1001
REVIT
1002
{
1070
     1
1000
1433789
1002
}
1002
{
1070
     5
1000
1482782
1002
}
1002
{
1070
     2
1000
-2000032
1002
}
  0
LINE
  5
EB
330
70
100
AcDbEntity
  8
A-CLNG
370
    25
100
AcDbLine
 10
35200.96951460646
 20
35190.0
 30
0.0
 11
35200.96951460646
 21
35090.0
 31
0.0
1001
REVIT
1002
{
1070
     1
1000
1435700
1002
}
1002
{
1070
     5
1000
19847
1002
}
1002
{
1070
     2
1000
-2000038
1002
}
  0
LINE
  5
EC
330
70
100
AcDbEntity
  8
A-CLNG
370
    25
100
AcDbLine
 10
35200.96951460646
 20
35090.0
 30
0.0
 11
39310.44550658647
 21
35090.0
 31
0.0
1001
REVIT
1002
{
1070
     1
1000
1435700
1002
}
1002
{
1070
     5
1000
19847
1002
}
1002
{
1070
     2
1000
-2000038
1002
}
  0
LINE
  5
ED
330
70
100
AcDbEntity
  8
A-CLNG
370
    25
100
AcDbLine
 10
39310.44550658647
 20
35090.0
 30
0.0
 11
39310.44550658647
 21
35190.0
 31
0.0
1001
REVIT
1002
{
1070
     1
1000
1435700
1002
}
1002
{
1070
     5
1000
19847
1002
}
1002
{
1070
     2
1000
-2000038
1002
}
  0
LINE
  5
EE
330
70
100
AcDbEntity
  8
A-CLNG
370
    25
100
AcDbLine
 10
28245.44550635058
 20
35190.0
 30
0.0
 11
28245.44550635058
 21
35090.0
 31
0.0
1001
REVIT
1002
{
1070
     1
1000
1435700
1002
}
1002
{
1070
     5
1000
19847
1002
}
1002
{
1070
     2
1000
-2000038
1002
}
  0
LINE
  5
EF
330
70
100
AcDbEntity
  8
A-CLNG
370
    25
100
AcDbLine
 10
28245.44550635058
 20
35090.0
 30
0.0
 11
34650.96951460646
 21
35090.0
 31
0.0
1001
REVIT
1002
{
1070
     1
1000
1435700
1002
}
1002
{
1070
     5
1000
19847
1002
}
1002
{
1070
     2
1000
-2000038
1002
}
  0
LINE
  5
F0
330
70
100
AcDbEntity
  8
A-CLNG
370
    25
100
AcDbLine
 10
34650.96951460646
 20
35090.0
 30
0.0
 11
34650.96951460646
 21
35190.0
 31
0.0
1001
REVIT
1002
{
1070
     1
1000
1435700
1002
}
1002
{
1070
     5
1000
19847
1002
}
1002
{
1070
     2
1000
-2000038
1002
}
  0
LINE
  5
F1
330
70
100
AcDbEntity
  8
A-CLNG
100
AcDbLine
 10
35200.96951460646
 20
35090.0
 30
0.0
 11
34650.96951460646
 21
35090.0
 31
0.0
1001
REVIT
1002
{
1070
     1
1000
1435700
1002
}
1002
{
1070
     5
1000
19847
1002
}
1002
{
1070
     2
1000
-2000038
1002
}
  0
LINE
  5
F2
330
70
100
AcDbEntity
  8
A-FLOR
370
    35
100
AcDbLine
 10
37510.44550649941
 20
28890.0
 30
0.0
 11
37510.44550649941
 21
29810.0
 31
0.0
1001
REVIT
1002
{
1070
     1
1000
1441562
1002
}
1002
{
1070
     5
1000
1276167
1002
}
1002
{
1070
     2
1000
-2000032
1002
}
  0
LINE
  5
F3
330
70
100
AcDbEntity
  8
A-FLOR
370
    35
100
AcDbLine
 10
37510.44550649941
 20
29810.0
 30
0.0
 11
36510.44550649941
 21
29810.0
 31
0.0
1001
REVIT
1002
{
1070
     1
1000
1441562
1002
}
1002
{
1070
     5
1000
1276167
1002
}
1002
{
1070
     2
1000
-2000032
1002
}
  0
LINE
  5
F4
330
70
100
AcDbEntity
  8
A-FLOR
370
    35
100
AcDbLine
 10
36510.44550649941
 20
29810.0
 30
0.0
 11
36510.44550649941
 21
28890.0
 31
0.0
1001
REVIT
1002
{
1070
     1
1000
1441562
1002
}
1002
{
1070
     5
1000
1276167
1002
}
1002
{
1070
     2
1000
-2000032
1002
}
  0
LINE
  5
F5
330
70
100
AcDbEntity
  8
A-FLOR
100
AcDbLine
 10
38710.44550649941
 20
29810.0
 30
0.0
 11
38710.44550649941
 21
28890.0
 31
0.0
1001
REVIT
1002
{
1070
     1
1000
1441562
1002
}
1002
{
1070
     5
1000
1276167
1002
}
1002
{
1070
     2
1000
-2000032
1002
}
  0
LINE
  5
F6
330
70
100
AcDbEntity
  8
A-FLOR
100
AcDbLine
 10
38710.44550649941
 20
29810.0
 30
0.0
 11
39158.11195791247
 21
29810.0
 31
0.0
1001
REVIT
1002
{
1070
     1
1000
1441562
1002
}
1002
{
1070
     5
1000
1276167
1002
}
1002
{
1070
     2
1000
-2000032
1002
}
  0
LINE
  5
F7
330
70
100
AcDbEntity
  8
A-FLOR
100
AcDbLine
 10
39200.41943751962
 20
29810.0
 30
0.0
 11
39310.44550649941
 21
29810.0
 31
0.0
1001
REVIT
1002
{
1070
     1
1000
1441562
1002
}
1002
{
1070
     5
1000
1276167
1002
}
1002
{
1070
     2
1000
-2000032
1002
}
  0
LINE
  5
F8
330
70
100
AcDbEntity
  8
I-WALL
370
    25
100
AcDbLine
 10
28755.44550628917
 20
31990.0
 30
0.0
 11
28755.44550628917
 21
28890.0
 31
0.0
1001
REVIT
1002
{
1070
     1
1000
1449943
1002
}
1002
{
1070
     5
1000
2338323
1002
}
1002
{
1070
     2
1000
-2000011
1002
}
  0
LINE
  5
F9
330
70
100
AcDbEntity
  8
I-WALL
370
    25
100
AcDbLine
 10
28845.44550628918
 20
28890.0
 30
0.0
 11
28845.44550628918
 21
31990.0
 31
0.0
1001
REVIT
1002
{
1070
     1
1000
1449943
1002
}
1002
{
1070
     5
1000
2338323
1002
}
1002
{
1070
     2
1000
-2000011
1002
}
  0
INSERT
  5
110
330
70
100
AcDbEntity
  8
A-DOOR
100
AcDbBlockReference
  2
Stacker Door - 3 Panel - FXX3047 SP-2545092-SECTION E-E
 10
0.0
 20
0.0
 30
0.0
1001
REVIT
1002
{
1070
     1
1000
1453001
1002
}
1002
{
1070
     5
1000
1812943
1002
}
1002
{
1070
     2
1000
-2000023
1002
}
  0
HATCH
  5
116
330
70
100
AcDbEntity
  8
A-WALL-PATT
370
     9
100
AcDbHatch
 10
0.0
 20
0.0
 30
0.0
210
0.0
220
0.0
230
1.0
  2
FP_1
 70
     0
 71
     0
 91
        1
 92
        1
 93
        5
 72
     1
 10
28135.44550635082
 20
28890.00000000001
 11
28245.44550635082
 21
28890.00000000001
 72
     1
 10
28245.44550635082
 20
28890.00000000001
 11
28245.44550635082
 21
31890.00000000002
 72
     1
 10
28245.44550635082
 20
31890.00000000002
 11
28135.44550635082
 21
31890.00000000002
 72
     1
 10
28135.44550635082
 20
31890.00000000002
 11
28135.44550635082
 21
28962.67550308703
 72
     1
 10
28135.44550635082
 20
28962.67550308703
 11
28135.44550635082
 21
28890.00000000001
 97
        0
 75
     0
 76
     2
 52
0.0
 41
1.0
 77
     0
 78
     2
 53
45.0
 43
33633.572
 44
18106.883
 45
-251.4471713899363
 46
251.4471713899363
 79
     0
 53
45.0
 43
33633.572
 44
18487.883
 45
-251.4471713899363
 46
251.4471713899363
 79
     0
 98
        1
 10
0.0
 20
0.0
1001
REVIT
1002
{
1070
     1
1000
1480447
1002
}
1002
{
1070
     5
1000
1220569
1002
}
1002
{
1070
     4
1000
24
1002
}
1002
{
1070
     2
1000
-2000011
1002
}
1002
{
1070
     3
1000
-2000588
1002
}
  0
HATCH
  5
11C
330
70
100
AcDbEntity
  8
A-WALL-PATT
370
     9
100
AcDbHatch
 10
0.0
 20
0.0
 30
0.0
210
0.0
220
0.0
230
1.0
  2
FP_1
 70
     0
 71
     0
 91
        1
 92
        1
 93
        5
 72
     1
 10
28062.84318624038
 20
29444.32184096636
 11
28085.4455052217
 21
29444.32184096636
 72
     1
 10
28085.4455052217
 20
29444.32184096636
 11
28085.44550635083
 21
31890.00000000002
 72
     1
 10
28085.44550635083
 20
31890.00000000002
 11
27975.44550635082
 21
31890.00000000002
 72
     1
 10
27975.44550635082
 20
31890.00000000002
 11
27975.44550635082
 21
29444.32184096636
 72
     1
 10
27975.44550635082
 20
29444.32184096636
 11
28062.84318624038
 21
29444.32184096636
 97
        0
 75
     0
 76
     2
 52
0.0
 41
1.0
 77
     0
 78
     2
 53
45.0
 43
33633.572
 44
18106.883
 45
-251.4471713899363
 46
251.4471713899363
 79
     0
 53
45.0
 43
33633.572
 44
18487.883
 45
-251.4471713899363
 46
251.4471713899363
 79
     0
 98
        1
 10
0.0
 20
0.0
1001
REVIT
1002
{
1070
     1
1000
1480447
1002
}
1002
{
1070
     5
1000
1220569
1002
}
1002
{
1070
     2
1000
-2000011
1002
}
1002
{
1070
     3
1000
-2000588
1002
}
  0
LINE
  5
11D
330
70
100
AcDbEntity
  8
A-WALL
370
    25
100
AcDbLine
 10
28245.44550635082
 20
28890.0
 30
0.0
 11
28245.44550635082
 21
31890.0
 31
0.0
1001
REVIT
1002
{
1070
     1
1000
1480447
1002
}
1002
{
1070
     5
1000
1220569
1002
}
1002
{
1070
     2
1000
-2000011
1002
}
  0
HATCH
  5
126
330
70
100
AcDbEntity
  8
A-WALL-PATT
370
     9
100
AcDbHatch
 10
0.0
 20
0.0
 30
0.0
210
0.0
220
0.0
230
1.0
  2
FP_3
 70
     0
 71
     0
 91
        1
 92
        1
 93
        4
 72
     1
 10
39655.44550649943
 20
31890.00000000002
 11
39655.44550649943
 21
32590.00000000002
 72
     1
 10
39655.44550649943
 20
32590.00000000002
 11
39580.44550649943
 21
32590.00000000002
 72
     1
 10
39580.44550649943
 20
32590.00000000002
 11
39580.44550649943
 21
31890.00000000002
 72
     1
 10
39580.44550649943
 20
31890.00000000002
 11
39655.44550649943
 21
31890.00000000002
 97
        0
 75
     0
 76
     2
 52
135.0
 41
1.0
 77
     0
 78
     2
 53
135.0
 43
39655.44560744692
 44
32239.99982258084
 45
-70.71067811865476
 46
-70.71067811865474
 79
     0
 53
225.0
 43
39655.44560744692
 44
32239.99982258084
 45
70.71067811865476
 46
-70.71067811865474
 79
     0
 98
        1
 10
0.0
 20
0.0
1001
REVIT
1002
{
1070
     1
1000
1494906
1002
}
1002
{
1070
     5
1000
2345580
1002
}
1002
{
1070
     4
1000
24
1002
}
1002
{
1070
     2
1000
-2000011
1002
}
1002
{
1070
     3
1000
-2000588
1002
}
  0
LINE
  5
127
330
70
100
AcDbEntity
  8
A-WALL
370
    25
100
AcDbLine
 10
39655.44550649941
 20
31890.0
 30
0.0
 11
39655.44550649941
 21
32590.00000000001
 31
0.0
1001
REVIT
1002
{
1070
     1
1000
1494906
1002
}
1002
{
1070
     5
1000
2345580
1002
}
1002
{
1070
     2
1000
-2000011
1002
}
  0
LINE
  5
128
330
70
100
AcDbEntity
  8
A-WALL
370
    25
100
AcDbLine
 10
39655.44550649941
 20
32590.00000000001
 30
0.0
 11
39580.44550649941
 21
32590.00000000001
 31
0.0
1001
REVIT
1002
{
1070
     1
1000
1494906
1002
}
1002
{
1070
     5
1000
2345580
1002
}
1002
{
1070
     2
1000
-2000011
1002
}
  0
HATCH
  5
12F
330
70
100
AcDbEntity
  8
A-WALL-PATT
370
     9
100
AcDbHatch
 10
0.0
 20
0.0
 30
0.0
210
0.0
220
0.0
230
1.0
  2
FP_4
 70
     0
 71
     0
 91
        1
 92
        1
 93
        4
 72
     1
 10
27975.44550635081
 20
31890.00000000002
 11
27975.44550635081
 21
32590.00000000002
 72
     1
 10
27975.44550635081
 20
32590.00000000002
 11
27900.44550635081
 21
32590.00000000002
 72
     1
 10
27900.44550635081
 20
32590.00000000002
 11
27900.44550635081
 21
31890.00000000002
 72
     1
 10
27900.44550635081
 20
31890.00000000002
 11
27975.44550635081
 21
31890.00000000002
 97
        0
 75
     0
 76
     2
 52
134.9999999999994
 41
1.0
 77
     0
 78
     2
 53
134.9999999999994
 43
27975.4458963129
 44
32239.99982258056
 45
-70.71067811865545
 46
-70.71067811865406
 79
     0
 53
224.9999999999994
 43
27975.4458963129
 44
32239.99982258056
 45
70.71067811865407
 46
-70.71067811865544
 79
     0
 98
        1
 10
0.0
 20
0.0
1001
REVIT
1002
{
1070
     1
1000
1495033
1002
}
1002
{
1070
     5
1000
2345580
1002
}
1002
{
1070
     4
1000
24
1002
}
1002
{
1070
     2
1000
-2000011
1002
}
1002
{
1070
     3
1000
-2000588
1002
}
  0
LINE
  5
130
330
70
100
AcDbEntity
  8
A-WALL
370
    25
100
AcDbLine
 10
27900.44550635081
 20
32590.00000000001
 30
0.0
 11
27900.44550635081
 21
31890.0
 31
0.0
1001
REVIT
1002
{
1070
     1
1000
1495033
1002
}
1002
{
1070
     5
1000
2345580
1002
}
1002
{
1070
     2
1000
-2000011
1002
}
  0
LINE
  5
133
330
70
100
AcDbEntity
  8
A-WALL
370
    25
100
AcDbLine
 10
27975.44550635081
 20
32590.00000000001
 30
0.0
 11
27900.44550635081
 21
32590.00000000001
 31
0.0
1001
REVIT
1002
{
1070
     1
1000
1495033
1002
}
1002
{
1070
     5
1000
2345580
1002
}
1002
{
1070
     2
1000
-2000011
1002
}
  0
LINE
  5
134
330
70
100
AcDbEntity
  8
A-ROOF
370
    35
100
AcDbLine
 10
27375.44550635081
 20
36029.17861208049
 30
0.0
 11
27375.44550635081
 21
35827.41082473428
 31
0.0
1001
REVIT
1002
{
1070
     1
1000
1532125
1002
}
1002
{
1070
     5
1000
1378895
1002
}
1002
{
1070
     2
1000
-2000035
1002
}
  0
LINE
  5
135
330
70
100
AcDbEntity
  8
A-ROOF
370
    35
100
AcDbLine
 10
27375.44550635081
 20
35827.41082473428
 30
0.0
 11
27975.44550635082
 21
35827.41082473428
 31
0.0
1001
REVIT
1002
{
1070
     1
1000
1532125
1002
}
1002
{
1070
     5
1000
1378895
1002
}
1002
{
1070
     2
1000
-2000035
1002
}
  0
LINE
  5
136
330
70
100
AcDbEntity
  8
A-ROOF
370
    35
100
AcDbLine
 10
34650.44550651997
 20
35827.41082473428
 30
0.0
 11
34650.44550651997
 21
36029.17861208049
 31
0.0
1001
REVIT
1002
{
1070
     1
1000
1532125
1002
}
1002
{
1070
     5
1000
1378895
1002
}
1002
{
1070
     2
1000
-2000035
1002
}
  0
LINE
  5
137
330
70
100
AcDbEntity
  8
A-ROOF
370
    35
100
AcDbLine
 10
34650.44550651997
 20
36029.17861208049
 30
0.0
 11
27375.44550635081
 21
36029.17861208049
 31
0.0
1001
REVIT
1002
{
1070
     1
1000
1532125
1002
}
1002
{
1070
     5
1000
1378895
1002
}
1002
{
1070
     2
1000
-2000035
1002
}
  0
LINE
  5
138
330
70
100
AcDbEntity
  8
A-ROOF
370
    35
100
AcDbLine
 10
40180.44550649941
 20
35827.41082473428
 30
0.0
 11
40180.44550649941
 21
36029.17861208049
 31
0.0
1001
REVIT
1002
{
1070
     1
1000
1532125
1002
}
1002
{
1070
     5
1000
1378895
1002
}
1002
{
1070
     2
1000
-2000035
1002
}
  0
LINE
  5
139
330
70
100
AcDbEntity
  8
A-ROOF
370
    35
100
AcDbLine
 10
40180.44550649941
 20
36029.17861208049
 30
0.0
 11
35200.44550651997
 21
36029.17861208049
 31
0.0
1001
REVIT
1002
{
1070
     1
1000
1532125
1002
}
1002
{
1070
     5
1000
1378895
1002
}
1002
{
1070
     2
1000
-2000035
1002
}
  0
LINE
  5
13A
330
70
100
AcDbEntity
  8
A-ROOF
370
    35
100
AcDbLine
 10
35200.44550651997
 20
36029.17861208049
 30
0.0
 11
35200.44550651997
 21
35827.41082473428
 31
0.0
1001
REVIT
1002
{
1070
     1
1000
1532125
1002
}
1002
{
1070
     5
1000
1378895
1002
}
1002
{
1070
     2
1000
-2000035
1002
}
  0
LINE
  5
13B
330
70
100
AcDbEntity
  8
A-ROOF
370
    35
100
AcDbLine
 10
39580.44550649941
 20
35827.41082473428
 30
0.0
 11
40180.44550649941
 21
35827.41082473428
 31
0.0
1001
REVIT
1002
{
1070
     1
1000
1532125
1002
}
1002
{
1070
     5
1000
1378895
1002
}
1002
{
1070
     2
1000
-2000035
1002
}
  0
LINE
  5
13C
330
70
100
AcDbEntity
  8
A-ROOF
100
AcDbLine
 10
27375.44550635081
 20
36028.17479224294
 30
0.0
 11
34650.44550651997
 21
36028.17479224294
 31
0.0
1001
REVIT
1002
{
1070
     1
1000
1532125
1002
}
1002
{
1070
     5
1000
1378895
1002
}
1002
{
1070
     2
1000
-2000035
1002
}
1002
{
1070
     3
1000
-2000596
1002
}
  0
LINE
  5
13D
330
70
100
AcDbEntity
  8
A-ROOF
100
AcDbLine
 10
35200.44550651997
 20
36028.17479224294
 30
0.0
 11
40180.44550649941
 21
36028.17479224295
 31
0.0
1001
REVIT
1002
{
1070
     1
1000
1532125
1002
}
1002
{
1070
     5
1000
1378895
1002
}
1002
{
1070
     2
1000
-2000035
1002
}
1002
{
1070
     3
1000
-2000596
1002
}
  0
LINE
  5
13E
330
70
100
AcDbEntity
  8
A-ROOF
100
AcDbLine
 10
27375.44550635081
 20
35927.79280848861
 30
0.0
 11
34650.44550651997
 21
35927.79280848861
 31
0.0
1001
REVIT
1002
{
1070
     1
1000
1532125
1002
}
1002
{
1070
     5
1000
1378895
1002
}
1002
{
1070
     2
1000
-2000035
1002
}
1002
{
1070
     3
1000
-2000596
1002
}
  0
LINE
  5
13F
330
70
100
AcDbEntity
  8
A-ROOF
100
AcDbLine
 10
35200.44550651997
 20
35927.79280848861
 30
0.0
 11
40180.44550649941
 21
35927.79280848862
 31
0.0
1001
REVIT
1002
{
1070
     1
1000
1532125
1002
}
1002
{
1070
     5
1000
1378895
1002
}
1002
{
1070
     2
1000
-2000035
1002
}
1002
{
1070
     3
1000
-2000596
1002
}
  0
LINE
  5
140
330
70
100
AcDbEntity
  8
A-ROOF
100
AcDbLine
 10
27375.44550635079
 20
35473.85765510865
 30
0.0
 11
27975.44550635081
 21
35473.85765510865
 31
0.0
1001
REVIT
1002
{
1070
     1
1000
1532125
1002
}
1002
{
1070
     5
1000
1378895
1002
}
1002
{
1070
     2
1000
-2000035
1002
}
  0
LINE
  5
141
330
70
100
AcDbEntity
  8
A-ROOF
100
AcDbLine
 10
40180.44550649941
 20
35827.41082473428
 30
0.0
 11
40180.44550649938
 21
35211.39166468664
 31
0.0
1001
REVIT
1002
{
1070
     1
1000
1532125
1002
}
1002
{
1070
     5
1000
1378895
1002
}
1002
{
1070
     2
1000
-2000035
1002
}
  0
LINE
  5
142
330
70
100
AcDbEntity
  8
A-ROOF
100
AcDbLine
 10
27375.44550635079
 20
35473.85765510865
 30
0.0
 11
27375.44550635081
 21
35827.41082473428
 31
0.0
1001
REVIT
1002
{
1070
     1
1000
1532125
1002
}
1002
{
1070
     5
1000
1378895
1002
}
1002
{
1070
     2
1000
-2000035
1002
}
  0
LINE
  5
143
330
70
100
AcDbEntity
  8
A-ROOF
100
AcDbLine
 10
34650.44550651997
 20
36014.95641406705
 30
0.0
 11
35200.44550651997
 21
36014.95641406705
 31
0.0
1001
REVIT
1002
{
1070
     1
1000
1532125
1002
}
1002
{
1070
     5
1000
1378895
1002
}
1002
{
1070
     2
1000
-2000035
1002
}
  0
LINE
  5
144
330
70
100
AcDbEntity
  8
A-ROOF
100
AcDbLine
 10
39580.44550649941
 20
35211.39166468664
 30
0.0
 11
40180.44550649938
 21
35211.39166468664
 31
0.0
1001
REVIT
1002
{
1070
     1
1000
1532125
1002
}
1002
{
1070
     5
1000
1378895
1002
}
1002
{
1070
     2
1000
-2000035
1002
}
  0
HATCH
  5
14A
330
70
100
AcDbEntity
  8
A-WALL-PATT
370
     9
100
AcDbHatch
 10
0.0
 20
0.0
 30
0.0
210
0.0
220
0.0
230
1.0
  2
FP_1
 70
     0
 71
     0
 91
        1
 92
        1
 93
        5
 72
     1
 10
28135.44550635081
 20
31890.00000000002
 11
28245.44550635082
 21
31890.00000000002
 72
     1
 10
28245.44550635082
 20
31890.00000000002
 11
28245.44550635082
 21
35827.4108247343
 72
     1
 10
28245.44550635082
 20
35827.4108247343
 11
28135.44550635081
 21
35827.4108247343
 72
     1
 10
28135.44550635081
 20
35827.4108247343
 11
28135.44550635081
 21
31990.00000000002
 72
     1
 10
28135.44550635081
 20
31990.00000000002
 11
28135.44550635081
 21
31890.00000000002
 97
        0
 75
     0
 76
     2
 52
0.0
 41
1.0
 77
     0
 78
     2
 53
45.0
 43
33633.572
 44
18106.883
 45
-251.4471713899363
 46
251.4471713899363
 79
     0
 53
45.0
 43
33633.572
 44
18487.883
 45
-251.4471713899363
 46
251.4471713899363
 79
     0
 98
        1
 10
0.0
 20
0.0
1001
REVIT
1002
{
1070
     1
1000
1533242
1002
}
1002
{
1070
     5
1000
1220569
1002
}
1002
{
1070
     4
1000
24
1002
}
1002
{
1070
     2
1000
-2000011
1002
}
1002
{
1070
     3
1000
-2000588
1002
}
  0
HATCH
  5
150
330
70
100
AcDbEntity
  8
A-WALL-PATT
370
     9
100
AcDbHatch
 10
0.0
 20
0.0
 30
0.0
210
0.0
220
0.0
230
1.0
  2
FP_1
 70
     0
 71
     0
 91
        1
 92
        1
 93
        5
 72
     1
 10
28085.44550635081
 20
31890.00000000002
 11
28085.44550635081
 21
35827.4108247343
 72
     1
 10
28085.44550635081
 20
35827.4108247343
 11
27975.44550635081
 21
35827.4108247343
 72
     1
 10
27975.44550635081
 20
35827.4108247343
 11
27975.44550635081
 21
31890.00000000002
 72
     1
 10
27975.44550635081
 20
31890.00000000002
 11
28062.84318624038
 21
31890.00000000002
 72
     1
 10
28062.84318624038
 20
31890.00000000002
 11
28085.44550635081
 21
31890.00000000002
 97
        0
 75
     0
 76
     2
 52
0.0
 41
1.0
 77
     0
 78
     2
 53
45.0
 43
33633.572
 44
18106.883
 45
-251.4471713899363
 46
251.4471713899363
 79
     0
 53
45.0
 43
33633.572
 44
18487.883
 45
-251.4471713899363
 46
251.4471713899363
 79
     0
 98
        1
 10
0.0
 20
0.0
1001
REVIT
1002
{
1070
     1
1000
1533242
1002
}
1002
{
1070
     5
1000
1220569
1002
}
1002
{
1070
     2
1000
-2000011
1002
}
1002
{
1070
     3
1000
-2000588
1002
}
  0
LINE
  5
152
330
70
100
AcDbEntity
  8
A-WALL
370
    25
100
AcDbLine
 10
28245.44550635082
 20
32140.00000000001
 30
0.0
 11
28245.44550635082
 21
35190.0
 31
0.0
1001
REVIT
1002
{
1070
     1
1000
1533242
1002
}
1002
{
1070
     5
1000
1220569
1002
}
1002
{
1070
     2
1000
-2000011
1002
}
  0
LINE
  5
153
330
70
100
AcDbEntity
  8
A-WALL
370
    25
100
AcDbLine
 10
27975.44550635082
 20
35827.41082473428
 30
0.0
 11
27975.44550635082
 21
29444.32184096635
 31
0.0
1001
REVIT
1002
{
1070
     1
1000
1533242
1002
}
1002
{
1070
     5
1000
1220569
1002
}
1002
{
1070
     2
1000
-2000011
1002
}
  0
LINE
  5
154
330
70
100
AcDbEntity
  8
A-WALL
370
    25
100
AcDbLine
 10
27900.44550635081
 20
31890.0
 30
0.0
 11
28245.44550635082
 21
31890.0
 31
0.0
1001
REVIT
1002
{
1070
     1
1000
1533242
1002
}
1002
{
1070
     5
1000
1220569
1002
}
1002
{
1070
     2
1000
-2000011
1002
}
  0
LINE
  5
155
330
70
100
AcDbEntity
  8
A-WALL
100
AcDbLine
 10
28245.44550635082
 20
35827.41082473428
 30
0.0
 11
27975.44550635082
 21
35827.41082473428
 31
0.0
1001
REVIT
1002
{
1070
     1
1000
1533242
1002
}
1002
{
1070
     5
1000
1220569
1002
}
1002
{
1070
     2
1000
-2000011
1002
}
1002
{
1070
     3
1000
-2000586
1002
}
  0
LINE
  5
157
330
70
100
AcDbEntity
  8
A-WALL
100
AcDbLine
 10
28135.44550635082
 20
28890.0
 30
0.0
 11
28135.44550635081
 21
35827.41082473428
 31
0.0
1001
REVIT
1002
{
1070
     1
1000
1533242
1002
}
1002
{
1070
     5
1000
1220569
1002
}
1002
{
1070
     2
1000
-2000011
1002
}
1002
{
1070
     3
1000
-2000586
1002
}
  0
LINE
  5
159
330
70
100
AcDbEntity
  8
A-WALL
100
AcDbLine
 10
28085.44550635083
 20
29444.32184096635
 30
0.0
 11
28085.44550635082
 21
35827.41082473428
 31
0.0
1001
REVIT
1002
{
1070
     1
1000
1533242
1002
}
1002
{
1070
     5
1000
1220569
1002
}
1002
{
1070
     2
1000
-2000011
1002
}
1002
{
1070
     3
1000
-2000586
1002
}
  0
LINE
  5
15A
330
70
100
AcDbEntity
  8
A-WALL
100
AcDbLine
 10
29405.44550578967
 20
33370.00000000001
 30
0.0
 11
29405.44550578967
 21
34740.0
 31
0.0
1001
REVIT
1002
{
1070
     1
1000
1697366
1002
}
1002
{
1070
     5
1000
1220569
1002
}
1002
{
1070
     2
1000
-2000011
1002
}
  0
LINE
  5
15B
330
70
100
AcDbEntity
  8
A-WALL
100
AcDbLine
 10
29405.44550578967
 20
34740.0
 30
0.0
 11
32405.44550578967
 21
34740.0
 31
0.0
1001
REVIT
1002
{
1070
     1
1000
1697366
1002
}
1002
{
1070
     5
1000
1220569
1002
}
1002
{
1070
     2
1000
-2000011
1002
}
  0
LINE
  5
15C
330
70
100
AcDbEntity
  8
A-WALL
100
AcDbLine
 10
32405.44550578967
 20
34740.0
 30
0.0
 11
32405.44550578967
 21
33370.00000000001
 31
0.0
1001
REVIT
1002
{
1070
     1
1000
1697366
1002
}
1002
{
1070
     5
1000
1220569
1002
}
1002
{
1070
     2
1000
-2000011
1002
}
  0
LINE
  5
15D
330
70
100
AcDbEntity
  8
A-WALL
100
AcDbLine
 10
32405.44550578967
 20
33370.00000000001
 30
0.0
 11
29405.44550578967
 21
33370.00000000001
 31
0.0
1001
REVIT
1002
{
1070
     1
1000
1697366
1002
}
1002
{
1070
     5
1000
1220569
1002
}
1002
{
1070
     2
1000
-2000011
1002
}
  0
INSERT
  5
162
330
70
100
AcDbEntity
  8
A-GLAZ
100
AcDbBlockReference
  2
3 PANEL 2 transom - AFA1842 SP-1980656-SECTION E-E
 10
0.0
 20
0.0
 30
0.0
1001
REVIT
1002
{
1070
     1
1000
1705447
1002
}
1002
{
1070
     5
1000
1747809
1002
}
1002
{
1070
     2
1000
-2000014
1002
}
  0
LINE
  5
163
330
70
100
AcDbEntity
  8
A-FLOR
100
AcDbLine
 10
38250.44550649942
 20
32940.00000000001
 30
0.0
 11
38630.44550649941
 21
32940.00000000001
 31
0.0
1001
REVIT
1002
{
1070
     1
1000
1707166
1002
}
1002
{
1070
     5
1000
1664455
1002
}
1002
{
1070
     2
1000
-2000032
1002
}
  0
INSERT
  5
1FE
330
70
100
AcDbEntity
  8
A-GLAZ
100
AcDbBlockReference
  2
VELUX FS   deck mounted   fixed - C01-1726125-SECTION E-E
 10
0.0
 20
0.0
 30
0.0
1001
REVIT
1002
{
1070
     1
1000
1726131
1002
}
1002
{
1070
     5
1000
1503254
1002
}
1002
{
1070
     2
1000
-2000014
1002
}
  0
LINE
  5
1FF
330
70
100
AcDbEntity
  8
I-WALL
100
AcDbLine
 10
33585.44550578968
 20
32340.00000000001
 30
0.0
 11
33585.44550578968
 21
35090.0
 31
0.0
1001
REVIT
1002
{
1070
     1
1000
1727487
1002
}
1002
{
1070
     5
1000
2338323
1002
}
1002
{
1070
     2
1000
-2000011
1002
}
  0
INSERT
  5
20D
330
70
100
AcDbEntity
  8
A-DOOR
100
AcDbBlockReference
  2
Single - Timber Frame  - 870x2400-2599501-SECTION E-E
 10
0.0
 20
0.0
 30
0.0
1001
REVIT
1002
{
1070
     1
1000
1744211
1002
}
1002
{
1070
     5
1000
2599461
1002
}
1002
{
1070
     2
1000
-2000023
1002
}
  0
INSERT
  5
221
330
70
100
AcDbEntity
  8
Q-CASE
100
AcDbBlockReference
  2
Linen shelves - Linen shelves-2457071-SECTION E-E
 10
0.0
 20
0.0
 30
0.0
1001
REVIT
1002
{
1070
     1
1000
1751297
1002
}
1002
{
1070
     5
1000
1366206
1002
}
1002
{
1070
     2
1000
-2001000
1002
}
  0
LINE
  5
222
330
70
100
AcDbEntity
  8
I-WALL
100
AcDbLine
 10
34825.44550651987
 20
32345.00000000001
 30
0.0
 11
34825.44550651987
 21
32340.00000000001
 31
0.0
1001
REVIT
1002
{
1070
     1
1000
1753467
1002
}
1002
{
1070
     5
1000
2338323
1002
}
1002
{
1070
     2
1000
-2000011
1002
}
  0
INSERT
  5
236
330
70
100
AcDbEntity
  8
A-GLAZ
100
AcDbBlockReference
  2
AS_AA 0622 - 1527_3 PANEL HORIZONTAL_ - AA1430 SP-1980709-SECTION E-E
 10
0.0
 20
0.0
 30
0.0
1001
REVIT
1002
{
1070
     1
1000
1769078
1002
}
1002
{
1070
     5
1000
1815695
1002
}
1002
{
1070
     2
1000
-2000014
1002
}
1002
{
1070
     3
1000
-2000022
1002
}
  0
INSERT
  5
248
330
70
100
AcDbEntity
  8
A-DOOR
100
AcDbBlockReference
  2
Single - Timber Frame  - 870x2400-V1-SECTION E-E
 10
0.0
 20
0.0
 30
0.0
1001
REVIT
1002
{
1070
     1
1000
1780489
1002
}
1002
{
1070
     5
1000
2599461
1002
}
1002
{
1070
     2
1000
-2000023
1002
}
  0
LINE
  5
249
330
70
100
AcDbEntity
  8
A-WALL
100
AcDbLine
 10
35067.94550649942
 20
28890.0
 30
0.0
 11
35067.94550649942
 21
31890.0
 31
0.0
1001
REVIT
1002
{
1070
     1
1000
1782963
1002
}
1002
{
1070
     5
1000
1220569
1002
}
1002
{
1070
     2
1000
-2000011
1002
}
  0
LINE
  5
24A
330
70
100
AcDbEntity
  8
A-WALL
100
AcDbLine
 10
38610.44550649941
 20
31890.0
 30
0.0
 11
38610.44550649941
 21
28890.0
 31
0.0
1001
REVIT
1002
{
1070
     1
1000
1784201
1002
}
1002
{
1070
     5
1000
1364090
1002
}
1002
{
1070
     2
1000
-2000011
1002
}
  0
INSERT
  5
266
330
70
100
AcDbEntity
  8
A-GLAZ
100
AcDbBlockReference
  2
custom - equal Panel M_6 PANEL HORIZONTAL_ - AFA3042T SP-2001726-SECTION E-E
 10
0.0
 20
0.0
 30
0.0
1001
REVIT
1002
{
1070
     1
1000
1791104
1002
}
1002
{
1070
     5
1000
2001708
1002
}
1002
{
1070
     2
1000
-2000014
1002
}
1002
{
1070
     3
1000
-2000022
1002
}
  0
LINE
  5
267
330
70
100
AcDbEntity
  8
I-WALL
100
AcDbLine
 10
36425.44550645954
 20
32340.00000000001
 30
0.0
 11
36425.44550645954
 21
32710.00000000001
 31
0.0
1001
REVIT
1002
{
1070
     1
1000
1891896
1002
}
1002
{
1070
     5
1000
2338323
1002
}
1002
{
1070
     2
1000
-2000011
1002
}
  0
LINE
  5
268
330
70
100
AcDbEntity
  8
I-WALL
100
AcDbLine
 10
36425.44550645954
 20
32790.00000000001
 30
0.0
 11
36425.44550645954
 21
33110.00000000001
 31
0.0
1001
REVIT
1002
{
1070
     1
1000
1891896
1002
}
1002
{
1070
     5
1000
2338323
1002
}
1002
{
1070
     2
1000
-2000011
1002
}
  0
LINE
  5
269
330
70
100
AcDbEntity
  8
I-WALL
100
AcDbLine
 10
36425.44550645954
 20
33190.00000000001
 30
0.0
 11
36425.44550645954
 21
33510.00000000001
 31
0.0
1001
REVIT
1002
{
1070
     1
1000
1891896
1002
}
1002
{
1070
     5
1000
2338323
1002
}
1002
{
1070
     2
1000
-2000011
1002
}
  0
LINE
  5
26A
330
70
100
AcDbEntity
  8
I-WALL
100
AcDbLine
 10
36425.44550645954
 20
33590.00000000001
 30
0.0
 11
36425.44550645954
 21
33910.00000000001
 31
0.0
1001
REVIT
1002
{
1070
     1
1000
1891896
1002
}
1002
{
1070
     5
1000
2338323
1002
}
1002
{
1070
     2
1000
-2000011
1002
}
  0
LINE
  5
26B
330
70
100
AcDbEntity
  8
I-WALL
100
AcDbLine
 10
36425.44550645954
 20
33990.00000000001
 30
0.0
 11
36425.44550645954
 21
34110.00000000001
 31
0.0
1001
REVIT
1002
{
1070
     1
1000
1891896
1002
}
1002
{
1070
     5
1000
2338323
1002
}
1002
{
1070
     2
1000
-2000011
1002
}
  0
LINE
  5
26C
330
70
100
AcDbEntity
  8
I-WALL
100
AcDbLine
 10
36425.44550645954
 20
34140.00000000001
 30
0.0
 11
36425.44550645954
 21
35090.0
 31
0.0
1001
REVIT
1002
{
1070
     1
1000
1891896
1002
}
1002
{
1070
     5
1000
2338323
1002
}
1002
{
1070
     2
1000
-2000011
1002
}
  0
LINE
  5
26D
330
70
100
AcDbEntity
  8
Q-CASE
100
AcDbLine
 10
36425.44550645953
 20
32790.0
 30
0.0
 11
37760.44550649842
 21
32790.0
 31
0.0
1001
REVIT
1002
{
1070
     1
1000
1892522
1002
}
1002
{
1070
     5
1000
1366206
1002
}
1002
{
1070
     2
1000
-2001000
1002
}
  0
LINE
  5
26E
330
70
100
AcDbEntity
  8
Q-CASE
100
AcDbLine
 10
37760.44550649842
 20
32710.0
 30
0.0
 11
36425.44550645953
 21
32710.0
 31
0.0
1001
REVIT
1002
{
1070
     1
1000
1892522
1002
}
1002
{
1070
     5
1000
1366206
1002
}
1002
{
1070
     2
1000
-2001000
1002
}
  0
LINE
  5
26F
330
70
100
AcDbEntity
  8
Q-CASE
100
AcDbLine
 10
37760.44550649842
 20
32790.00000000001
 30
0.0
 11
37760.44550649842
 21
32710.00000000001
 31
0.0
1001
REVIT
1002
{
1070
     1
1000
1892522
1002
}
1002
{
1070
     5
1000
1366206
1002
}
1002
{
1070
     2
1000
-2001000
1002
}
  0
LINE
  5
270
330
70
100
AcDbEntity
  8
Q-CASE
100
AcDbLine
 10
36425.44550645953
 20
32710.00000000001
 30
0.0
 11
36425.44550645953
 21
32790.00000000001
 31
0.0
1001
REVIT
1002
{
1070
     1
1000
1892522
1002
}
1002
{
1070
     5
1000
1366206
1002
}
1002
{
1070
     2
1000
-2001000
1002
}
  0
LINE
  5
271
330
70
100
AcDbEntity
  8
Q-CASE
100
AcDbLine
 10
36425.44550645953
 20
33190.0
 30
0.0
 11
37760.44550649842
 21
33190.0
 31
0.0
1001
REVIT
1002
{
1070
     1
1000
1892522
1002
}
1002
{
1070
     5
1000
1366206
1002
}
1002
{
1070
     2
1000
-2001000
1002
}
  0
LINE
  5
272
330
70
100
AcDbEntity
  8
Q-CASE
100
AcDbLine
 10
37760.44550649842
 20
33110.0
 30
0.0
 11
36425.44550645953
 21
33110.0
 31
0.0
1001
REVIT
1002
{
1070
     1
1000
1892522
1002
}
1002
{
1070
     5
1000
1366206
1002
}
1002
{
1070
     2
1000
-2001000
1002
}
  0
LINE
  5
273
330
70
100
AcDbEntity
  8
Q-CASE
100
AcDbLine
 10
37760.44550649842
 20
33190.00000000001
 30
0.0
 11
37760.44550649842
 21
33110.00000000001
 31
0.0
1001
REVIT
1002
{
1070
     1
1000
1892522
1002
}
1002
{
1070
     5
1000
1366206
1002
}
1002
{
1070
     2
1000
-2001000
1002
}
  0
LINE
  5
274
330
70
100
AcDbEntity
  8
Q-CASE
100
AcDbLine
 10
36425.44550645953
 20
33110.00000000001
 30
0.0
 11
36425.44550645953
 21
33190.00000000001
 31
0.0
1001
REVIT
1002
{
1070
     1
1000
1892522
1002
}
1002
{
1070
     5
1000
1366206
1002
}
1002
{
1070
     2
1000
-2001000
1002
}
  0
LINE
  5
275
330
70
100
AcDbEntity
  8
Q-CASE
100
AcDbLine
 10
36425.44550645953
 20
33590.00000000001
 30
0.0
 11
37760.44550649842
 21
33590.00000000001
 31
0.0
1001
REVIT
1002
{
1070
     1
1000
1892522
1002
}
1002
{
1070
     5
1000
1366206
1002
}
1002
{
1070
     2
1000
-2001000
1002
}
  0
LINE
  5
276
330
70
100
AcDbEntity
  8
Q-CASE
100
AcDbLine
 10
37760.44550649842
 20
33510.0
 30
0.0
 11
36425.44550645953
 21
33510.0
 31
0.0
1001
REVIT
1002
{
1070
     1
1000
1892522
1002
}
1002
{
1070
     5
1000
1366206
1002
}
1002
{
1070
     2
1000
-2001000
1002
}
  0
LINE
  5
277
330
70
100
AcDbEntity
  8
Q-CASE
100
AcDbLine
 10
37760.44550649842
 20
33590.00000000001
 30
0.0
 11
37760.44550649842
 21
33510.00000000001
 31
0.0
1001
REVIT
1002
{
1070
     1
1000
1892522
1002
}
1002
{
1070
     5
1000
1366206
1002
}
1002
{
1070
     2
1000
-2001000
1002
}
  0
LINE
  5
278
330
70
100
AcDbEntity
  8
Q-CASE
100
AcDbLine
 10
36425.44550645953
 20
33510.00000000001
 30
0.0
 11
36425.44550645953
 21
33590.00000000001
 31
0.0
1001
REVIT
1002
{
1070
     1
1000
1892522
1002
}
1002
{
1070
     5
1000
1366206
1002
}
1002
{
1070
     2
1000
-2001000
1002
}
  0
LINE
  5
279
330
70
100
AcDbEntity
  8
Q-CASE
100
AcDbLine
 10
36425.44550645953
 20
33990.0
 30
0.0
 11
37760.44550649842
 21
33990.0
 31
0.0
1001
REVIT
1002
{
1070
     1
1000
1892522
1002
}
1002
{
1070
     5
1000
1366206
1002
}
1002
{
1070
     2
1000
-2001000
1002
}
  0
LINE
  5
27A
330
70
100
AcDbEntity
  8
Q-CASE
100
AcDbLine
 10
37760.44550649842
 20
33910.0
 30
0.0
 11
36425.44550645953
 21
33910.0
 31
0.0
1001
REVIT
1002
{
1070
     1
1000
1892522
1002
}
1002
{
1070
     5
1000
1366206
1002
}
1002
{
1070
     2
1000
-2001000
1002
}
  0
LINE
  5
27B
330
70
100
AcDbEntity
  8
Q-CASE
100
AcDbLine
 10
37760.44550649842
 20
33990.00000000001
 30
0.0
 11
37760.44550649842
 21
33910.00000000001
 31
0.0
1001
REVIT
1002
{
1070
     1
1000
1892522
1002
}
1002
{
1070
     5
1000
1366206
1002
}
1002
{
1070
     2
1000
-2001000
1002
}
  0
LINE
  5
27C
330
70
100
AcDbEntity
  8
Q-CASE
100
AcDbLine
 10
36425.44550645953
 20
33910.00000000001
 30
0.0
 11
36425.44550645953
 21
33990.00000000001
 31
0.0
1001
REVIT
1002
{
1070
     1
1000
1892522
1002
}
1002
{
1070
     5
1000
1366206
1002
}
1002
{
1070
     2
1000
-2001000
1002
}
  0
LINE
  5
27D
330
70
100
AcDbEntity
  8
Q-CASE
370
    25
100
AcDbLine
 10
36475.44550645954
 20
34140.00000000001
 30
0.0
 11
35875.44550645954
 21
34140.00000000001
 31
0.0
1001
REVIT
1002
{
1070
     1
1000
1892712
1002
}
1002
{
1070
     5
1000
2341617
1002
}
1002
{
1070
     2
1000
-2001000
1002
}
  0
LINE
  5
27E
330
70
100
AcDbEntity
  8
Q-CASE
370
    25
100
AcDbLine
 10
35875.44550645954
 20
34140.00000000001
 30
0.0
 11
35875.44550645954
 21
34110.00000000001
 31
0.0
1001
REVIT
1002
{
1070
     1
1000
1892712
1002
}
1002
{
1070
     5
1000
2341617
1002
}
1002
{
1070
     2
1000
-2001000
1002
}
  0
LINE
  5
27F
330
70
100
AcDbEntity
  8
Q-CASE
370
    25
100
AcDbLine
 10
35875.44550645954
 20
34110.00000000001
 30
0.0
 11
36475.44550645954
 21
34110.00000000001
 31
0.0
1001
REVIT
1002
{
1070
     1
1000
1892712
1002
}
1002
{
1070
     5
1000
2341617
1002
}
1002
{
1070
     2
1000
-2001000
1002
}
  0
LINE
  5
280
330
70
100
AcDbEntity
  8
Q-CASE
370
    25
100
AcDbLine
 10
36475.44550645954
 20
34110.00000000001
 30
0.0
 11
36475.44550645954
 21
34140.00000000001
 31
0.0
1001
REVIT
1002
{
1070
     1
1000
1892712
1002
}
1002
{
1070
     5
1000
2341617
1002
}
1002
{
1070
     2
1000
-2001000
1002
}
  0
INSERT
  5
2CA
330
70
100
AcDbEntity
  8
P-SANR-FIXT
100
AcDbBlockReference
  2
Tap - Tap-1959228-SECTION E-E
 10
0.0
 20
0.0
 30
0.0
1001
REVIT
1002
{
1070
     1
1000
1960352
1002
}
1002
{
1070
     5
1000
1959228
1002
}
1002
{
1070
     2
1000
-2001160
1002
}
  0
INSERT
  5
3C9
330
70
100
AcDbEntity
  8
P-SANR-FIXT
100
AcDbBlockReference
  2
Shower_Twin_Phoenix_NXQuil_FaceBased - Chrome _606-6500-00_-1739590-SECTION E-E
 10
0.0
 20
0.0
 30
0.0
1001
REVIT
1002
{
1070
     1
1000
1961636
1002
}
1002
{
1070
     5
1000
1739590
1002
}
1002
{
1070
     2
1000
-2001160
1002
}
1002
{
1070
     3
1000
1035229
1002
}
  0
LINE
  5
3CA
330
70
100
AcDbEntity
  8
A-CLNG
370
    25
100
AcDbLine
 10
28245.44550635082
 20
31990.0
 30
0.0
 11
28245.44550635082
 21
31890.0
 31
0.0
1001
REVIT
1002
{
1070
     1
1000
2289561
1002
}
1002
{
1070
     5
1000
19847
1002
}
1002
{
1070
     2
1000
-2000038
1002
}
  0
LINE
  5
3CB
330
70
100
AcDbEntity
  8
A-CLNG
370
    25
100
AcDbLine
 10
28245.44550635082
 20
31890.0
 30
0.0
 11
39310.44550649941
 21
31890.0
 31
0.0
1001
REVIT
1002
{
1070
     1
1000
2289561
1002
}
1002
{
1070
     5
1000
19847
1002
}
1002
{
1070
     2
1000
-2000038
1002
}
  0
LINE
  5
3CC
330
70
100
AcDbEntity
  8
A-CLNG
370
    25
100
AcDbLine
 10
39310.44550649941
 20
31890.0
 30
0.0
 11
39310.44550649941
 21
31990.0
 31
0.0
1001
REVIT
1002
{
1070
     1
1000
2289561
1002
}
1002
{
1070
     5
1000
19847
1002
}
1002
{
1070
     2
1000
-2000038
1002
}
  0
LINE
  5
3CD
330
70
100
AcDbEntity
  8
A-WALL
100
AcDbLine
 10
35495.44550578967
 20
34715.0
 30
0.0
 11
35495.44550578967
 21
32340.00000000001
 31
0.0
1001
REVIT
1002
{
1070
     1
1000
2339309
1002
}
1002
{
1070
     5
1000
1222731
1002
}
1002
{
1070
     2
1000
-2000011
1002
}
  0
LINE
  5
3CE
330
70
100
AcDbEntity
  8
A-WALL
100
AcDbLine
 10
34565.44550578968
 20
32340.00000000001
 30
0.0
 11
34565.44550578968
 21
34715.0
 31
0.0
1001
REVIT
1002
{
1070
     1
1000
2339309
1002
}
1002
{
1070
     5
1000
1222731
1002
}
1002
{
1070
     2
1000
-2000011
1002
}
  0
LINE
  5
3CF
330
70
100
AcDbEntity
  8
A-WALL
100
AcDbLine
 10
34565.44550578968
 20
34715.0
 30
0.0
 11
35495.44550578967
 21
34715.0
 31
0.0
1001
REVIT
1002
{
1070
     1
1000
2339309
1002
}
1002
{
1070
     5
1000
1222731
1002
}
1002
{
1070
     2
1000
-2000011
1002
}
  0
INSERT
  5
3DE
330
70
100
AcDbEntity
  8
A-DOOR-FRAM
100
AcDbBlockReference
  2
89563_Cavity_Sliding_Door_single - 820CSD-2448972-SECTION E-E
 10
0.0
 20
0.0
 30
0.0
1001
REVIT
1002
{
1070
     1
1000
2448796
1002
}
1002
{
1070
     5
1000
1377398
1002
}
1002
{
1070
     2
1000
-2000023
1002
}
1002
{
1070
     3
1000
-2000029
1002
}
  0
INSERT
  5
3E5
330
70
100
AcDbEntity
  8
P-SANR-FIXT
100
AcDbBlockReference
  2
Gas instantaneous hws - Type 1-1979205-SECTION E-E
 10
0.0
 20
0.0
 30
0.0
1001
REVIT
1002
{
1070
     1
1000
2457588
1002
}
1002
{
1070
     5
1000
1859742
1002
}
1002
{
1070
     2
1000
-2001160
1002
}
  0
INSERT
  5
48B
330
70
100
AcDbEntity
  8
Q-SPCQ
100
AcDbBlockReference
  2
Induction Cooktop - WCE77US6HB-2571816-SECTION E-E
 10
0.0
 20
0.0
 30
0.0
1001
REVIT
1002
{
1070
     1
1000
2575031
1002
}
1002
{
1070
     5
1000
2571816
1002
}
1002
{
1070
     2
1000
-2001350
1002
}
1002
{
1070
     3
1000
2571851
1002
}
  0
HATCH
  5
49F
330
70
100
AcDbEntity
  8
A-DETL-GENF
 62
     7
100
AcDbHatch
 10
0.0
 20
0.0
 30
0.0
210
0.0
220
0.0
230
1.0
  2
FP_5
 70
     0
 71
     0
 91
        1
 92
        1
 93
       19
 72
     1
 10
27926.68671157863
 20
28540.00000000001
 11
28895.44550635082
 21
28540.00000000001
 72
     1
 10
28895.44550635082
 20
28540.00000000001
 11
28895.44550635082
 21
28688.99999999998
 72
     1
 10
28895.44550635082
 20
28688.99999999998
 11
28995.44550635081
 21
28788.99999999998
 72
     1
 10
28995.44550635081
 20
28788.99999999998
 11
34430.44550628919
 21
28788.99999999998
 72
     1
 10
34430.44550628919
 20
28788.99999999998
 11
34490.44550628919
 21
28728.99999999998
 72
     1
 10
34490.44550628919
 20
28728.99999999998
 11
34790.44550628918
 21
28728.99999999998
 72
     1
 10
34790.44550628918
 20
28728.99999999998
 11
34850.44550628925
 21
28789.00000000007
 72
     1
 10
34850.44550628925
 20
28789.00000000007
 11
39030.44550649941
 21
28789.00000000007
 72
     1
 10
39030.44550649941
 20
28789.00000000007
 11
39130.44550649941
 21
28689.00000000006
 72
     1
 10
39130.44550649941
 20
28689.00000000006
 11
39130.44550649941
 21
28590.00000000001
 72
     1
 10
39130.44550649941
 20
28590.00000000001
 11
39580.44550649941
 21
28590.00000000001
 72
     1
 10
39580.44550649941
 20
28590.00000000001
 11
39580.44550649941
 21
28804.00000000002
 72
     1
 10
39580.44550649941
 20
28804.00000000002
 11
39420.44550649941
 21
28804.00000000002
 72
     1
 10
39420.44550649941
 20
28804.00000000002
 11
39420.44550649941
 21
28890.00000000001
 72
     1
 10
39420.44550649941
 20
28890.00000000001
 11
28135.4455063508
 21
28890.00000000001
 72
     1
 10
28135.4455063508
 20
28890.00000000001
 11
28135.4455063508
 21
28730.00000000003
 72
     1
 10
28135.4455063508
 20
28730.00000000003
 11
27885.44550635089
 21
28730.00000000003
 72
     1
 10
27885.44550635089
 20
28730.00000000003
 11
27885.44550635089
 21
28540.00000000001
 72
     1
 10
27885.44550635089
 20
28540.00000000001
 11
27926.68671157863
 21
28540.00000000001
 97
        0
 75
     0
 76
     2
 52
0.0
 41
1.0
 77
     0
 78
    17
 53
49.99999999999999
 43
33633.572
 44
18106.883
 45
728.73650110752
 46
-63.75582262483607
 79
     2
 49
76.2
 49
-838.2
 53
355.0
 43
33633.572
 44
18106.883
 45
-140.9716152248045
 46
764.2276025857151
 79
     2
 49
60.96
 49
-670.56
 53
100.451
 43
33694.30000000001
 44
18101.57
 45
587.770006663837
 46
700.4667512811675
 79
     2
 49
64.76
 49
-712.36
 53
46.184
 43
33633.572
 44
18310.083
 45
1084.316239662759
 46
-168.1709612287867
 79
     2
 49
114.3
 49
-1257.3
 53
96.636
 43
33723.932
 44
18296.069
 45
949.6099128555585
 46
989.7098464133105
 79
     2
 49
97.14
 49
-1068.54
 53
351.184
 43
33633.572
 44
18310.083
 45
949.620552888774
 46
989.7011531044203
 79
     2
 49
91.44
 49
-1005.84
 53
21.0
 43
33735.172
 44
18259.283
 45
606.4578690252075
 46
-409.0605652741465
 79
     2
 49
76.2
 49
-838.2
 53
325.9999999999999
 43
33735.172
 44
18259.283
 45
247.208340968463
 46
736.752917204011
 79
     2
 49
60.96
 49
-670.56
 53
71.45100000000001
 43
33785.71
 44
18225.195
 45
853.6682507774542
 46
327.6854711435369
 79
     2
 49
64.76
 49
-712.36
 53
37.5
 43
33633.572
 44
18106.883
 45
12.35469342532113
 46
338.2201185742302
 79
     5
 49
33.528
 49
-628.904
 49
33.528
 49
-647.192
 49
-673.1
 53
37.5
 43
33633.572
 44
18106.883
 45
12.35469342532113
 46
338.2201185742302
 79
     3
 49
-1343.152
 49
33.528
 49
-639.572
 53
7.5
 43
33633.572
 44
18106.883
 45
267.2788744354337
 46
400.7221270887442
 79
     5
 49
33.528
 49
-354.584
 49
33.528
 49
-613.664
 49
-256.54
 53
7.5
 43
33633.572
 44
18106.883
 45
267.2788744354337
 46
400.7221270887442
 79
     3
 49
-1035.304
 49
33.528
 49
-223.012
 53
327.5
 43
33407.004
 44
18106.883
 45
542.363331518853
 46
-22.91534459201296
 79
     4
 49
33.528
 49
-220.472
 49
33.528
 49
-1810.512
 53
327.5
 43
33407.004
 44
18106.883
 45
542.363331518853
 46
-22.91534459201296
 79
     4
 49
-287.528
 49
-758.952
 49
33.528
 49
-1018.032
 53
317.5
 43
33305.404
 44
18106.883
 45
592.5169587678777
 46
101.7071067647936
 79
     5
 49
33.528
 49
-296.672
 49
33.528
 49
-492.76
 49
-746.76
 53
317.5
 43
33305.404
 44
18106.883
 45
592.5169587678777
 46
101.7071067647936
 79
     3
 49
-856.488
 49
33.528
 49
-713.232
 98
        1
 10
0.0
 20
0.0
1001
REVIT
1002
{
1070
     1
1000
2196207
1002
}
1002
{
1070
     5
1000
1936996
1002
}
1002
{
1070
     2
1000
-2002000
1002
}
  0
LINE
  5
4A1
330
70
100
AcDbEntity
  8
A-DETL-MEDM
100
AcDbLine
 10
28135.44550635081
 20
28730.00000000002
 30
0.0
 11
28085.4455052217
 21
28730.00000000002
 31
0.0
1001
REVIT
1002
{
1070
     1
1000
2196207
1002
}
1002
{
1070
     5
1000
1936996
1002
}
1002
{
1070
     2
1000
-2000051
1002
}
1002
{
1070
     3
1000
-2000043
1002
}
  0
LINE
  5
4A2
330
70
100
AcDbEntity
  8
A-DETL-MEDM
100
AcDbLine
 10
39580.44550649941
 20
28589.99999999999
 30
0.0
 11
39580.44550649941
 21
28804.00000000001
 31
0.0
1001
REVIT
1002
{
1070
     1
1000
2196207
1002
}
1002
{
1070
     5
1000
1936996
1002
}
1002
{
1070
     2
1000
-2000051
1002
}
1002
{
1070
     3
1000
-2000043
1002
}
  0
LINE
  5
4A3
330
70
100
AcDbEntity
  8
A-DETL-MEDM
100
AcDbLine
 10
39580.44550649941
 20
28804.00000000001
 30
0.0
 11
39420.4455064994
 21
28804.00000000001
 31
0.0
1001
REVIT
1002
{
1070
     1
1000
2196207
1002
}
1002
{
1070
     5
1000
1936996
1002
}
1002
{
1070
     2
1000
-2000051
1002
}
1002
{
1070
     3
1000
-2000043
1002
}
  0
LINE
  5
4A4
330
70
100
AcDbEntity
  8
A-DETL-MEDM
100
AcDbLine
 10
39420.4455064994
 20
28804.00000000001
 30
0.0
 11
39420.4455064994
 21
28890.0
 31
0.0
1001
REVIT
1002
{
1070
     1
1000
2196207
1002
}
1002
{
1070
     5
1000
1936996
1002
}
1002
{
1070
     2
1000
-2000051
1002
}
1002
{
1070
     3
1000
-2000043
1002
}
  0
LINE
  5
4A5
330
70
100
AcDbEntity
  8
A-DETL-MEDM
100
AcDbLine
 10
39420.4455064994
 20
28890.0
 30
0.0
 11
28135.44550635081
 21
28890.0
 31
0.0
1001
REVIT
1002
{
1070
     1
1000
2196207
1002
}
1002
{
1070
     5
1000
1936996
1002
}
1002
{
1070
     2
1000
-2000051
1002
}
1002
{
1070
     3
1000
-2000043
1002
}
  0
LINE
  5
4A6
330
70
100
AcDbEntity
  8
A-DETL-MEDM
100
AcDbLine
 10
28135.44550635081
 20
28890.0
 30
0.0
 11
28135.44550635081
 21
28730.00000000002
 31
0.0
1001
REVIT
1002
{
1070
     1
1000
2196207
1002
}
1002
{
1070
     5
1000
1936996
1002
}
1002
{
1070
     2
1000
-2000051
1002
}
1002
{
1070
     3
1000
-2000043
1002
}
  0
HATCH
  5
4BB
330
70
100
AcDbEntity
  8
A-DETL-GENF
 62
    55
100
AcDbHatch
 10
0.0
 20
0.0
 30
0.0
210
0.0
220
0.0
230
1.0
  2
FP_6
 70
     0
 71
     0
 91
        1
 92
        1
 93
       20
 72
     1
 10
36105.44550630806
 20
27570.91943887548
 11
41545.44550511873
 21
27760.88842486903
 72
     1
 10
41545.44550511873
 20
27760.88842486903
 11
41652.66554772049
 21
27768.38598062462
 72
     1
 10
41652.66554772049
 20
27768.38598062462
 11
41652.66554772049
 21
29442.02988846647
 72
     1
 10
41652.66554772049
 20
29442.02988846647
 11
41105.63802391926
 21
29442.02988846647
 72
     1
 10
41105.63802391926
 20
29442.02988846647
 11
41105.63802391926
 21
27770.00000000001
 72
     1
 10
41105.63802391926
 20
27770.00000000001
 11
40655.63802391927
 21
27770.00000000001
 72
     1
 10
40655.63802391927
 20
27770.00000000001
 11
40655.63802391927
 21
28590.00000000001
 72
     1
 10
40655.63802391927
 20
28590.00000000001
 11
28895.44550635082
 21
28589.00000000001
 72
     1
 10
28895.44550635082
 20
28589.00000000001
 11
28895.44550635082
 21
28540.00000000001
 72
     1
 10
28895.44550635082
 20
28540.00000000001
 11
27885.4455052217
 21
28540.00000000001
 72
     1
 10
27885.4455052217
 20
28540.00000000001
 11
27885.4455052217
 21
28371.77552626668
 72
     1
 10
27885.4455052217
 20
28371.77552626668
 11
27535.2027479317
 21
28298.52494431112
 72
     1
 10
27535.2027479317
 20
28298.52494431112
 11
27302.366340606
 21
29411.81664960732
 72
     1
 10
27302.366340606
 20
29411.81664960732
 11
27302.366340606
 21
29412.47159385221
 72
     1
 10
27302.366340606
 20
29412.47159385221
 11
26121.43999174323
 21
29801.15606155485
 72
     1
 10
26121.43999174323
 20
29801.15606155485
 11
26121.43999174323
 21
28081.85262673264
 72
     1
 10
26121.43999174323
 20
28081.85262673264
 11
31873.45618124961
 21
28081.85262673264
 72
     1
 10
31873.45618124961
 20
28081.85262673264
 11
33674.32764778514
 21
27570.91943887548
 72
     1
 10
33674.32764778514
 20
27570.91943887548
 11
35828.45596422901
 21
27570.91943887548
 72
     1
 10
35828.45596422901
 20
27570.91943887548
 11
36105.44550630806
 21
27570.91943887548
 97
        0
 75
     0
 76
     2
 52
0.0
 41
1.0
 77
     0
 78
     6
 53
0.0
 43
33633.572
 44
18106.883
 45
317.5
 46
317.5
 79
     2
 49
317.5
 49
-317.5
 53
0.0
 43
33633.572
 44
18225.946
 45
317.5
 46
317.5
 79
     2
 49
317.5
 49
-317.5
 53
0.0
 43
33633.572
 44
18345.008
 45
317.5
 46
317.5
 79
     2
 49
317.5
 49
-317.5
 53
90.0
 43
33673.259
 44
18384.696
 45
-317.5
 46
317.5
 79
     2
 49
317.5
 49
-317.5
 53
90.0
 43
33792.322
 44
18384.696
 45
-317.5
 46
317.5
 79
     2
 49
317.5
 49
-317.5
 53
90.0
 43
33911.384
 44
18384.696
 45
-317.5
 46
317.5
 79
     2
 49
317.5
 49
-317.5
 98
        1
 10
0.0
 20
0.0
1001
REVIT
1002
{
1070
     1
1000
2196218
1002
}
1002
{
1070
     5
1000
1616962
1002
}
1002
{
1070
     2
1000
-2002000
1002
}
  0
LINE
  5
4BD
330
70
100
AcDbEntity
  8
A-DETL-WIDE
100
AcDbLine
 10
41652.66554772049
 20
29442.02988846645
 30
0.0
 11
41105.63802391925
 21
29442.02988846645
 31
0.0
1001
REVIT
1002
{
1070
     1
1000
2196218
1002
}
1002
{
1070
     5
1000
1616962
1002
}
1002
{
1070
     2
1000
-2000051
1002
}
1002
{
1070
     3
1000
-2000044
1002
}
  0
LINE
  5
4BE
330
70
100
AcDbEntity
  8
A-DETL-WIDE
100
AcDbLine
 10
40655.63802391925
 20
28589.99999999999
 30
0.0
 11
39580.44550649941
 21
28589.99999999999
 31
0.0
1001
REVIT
1002
{
1070
     1
1000
2196218
1002
}
1002
{
1070
     5
1000
1616962
1002
}
1002
{
1070
     2
1000
-2000051
1002
}
1002
{
1070
     3
1000
-2000044
1002
}
  0
LINE
  5
4BF
330
70
100
AcDbEntity
  8
A-DETL
100
AcDbLine
 10
39580.44550649941
 20
28589.99999999999
 30
0.0
 11
39130.44550649941
 21
28589.99999999999
 31
0.0
1001
REVIT
1002
{
1070
     1
1000
2196218
1002
}
1002
{
1070
     5
1000
1616962
1002
}
1002
{
1070
     2
1000
-2000051
1002
}
1002
{
1070
     3
1000
1933725
1002
}
  0
LINE
  5
4C0
330
70
100
AcDbEntity
  8
A-DETL
100
AcDbLine
 10
28895.44550635082
 20
28588.99999999999
 30
0.0
 11
28895.44550635082
 21
28540.0
 31
0.0
1001
REVIT
1002
{
1070
     1
1000
2196218
1002
}
1002
{
1070
     5
1000
1616962
1002
}
1002
{
1070
     2
1000
-2000051
1002
}
1002
{
1070
     3
1000
1933725
1002
}
  0
LINE
  5
4C1
330
70
100
AcDbEntity
  8
A-DETL
100
AcDbLine
 10
28895.44550635082
 20
28540.0
 30
0.0
 11
27885.4455052217
 21
28540.0
 31
0.0
1001
REVIT
1002
{
1070
     1
1000
2196218
1002
}
1002
{
1070
     5
1000
1616962
1002
}
1002
{
1070
     2
1000
-2000051
1002
}
1002
{
1070
     3
1000
1933725
1002
}
  0
LINE
  5
4C2
330
70
100
AcDbEntity
  8
A-DETL-WIDE
100
AcDbLine
 10
27304.356234672
 20
29411.8166496073
 30
0.0
 11
26121.43999174323
 21
29801.15606155483
 31
0.0
1001
REVIT
1002
{
1070
     1
1000
2196218
1002
}
1002
{
1070
     5
1000
1616962
1002
}
1002
{
1070
     2
1000
-2000051
1002
}
1002
{
1070
     3
1000
-2000044
1002
}
  0
HATCH
  5
4C8
330
70
100
AcDbEntity
  8
A-DETL-GENF
 62
     7
100
AcDbHatch
 10
0.0
 20
0.0
 30
0.0
210
0.0
220
0.0
230
1.0
  2
FP_7
 70
     0
 71
     0
 91
        1
 92
        1
 93
        5
 72
     1
 10
27535.2027479317
 20
28298.52494431112
 11
27885.4455052217
 21
28371.77552626668
 72
     1
 10
27885.4455052217
 20
28371.77552626668
 11
27885.4455052217
 21
29411.81664960732
 72
     1
 10
27885.4455052217
 20
29411.81664960732
 11
27302.366340606
 21
29411.81664960732
 72
     1
 10
27302.366340606
 20
29411.81664960732
 11
27444.9630548312
 21
28730.00000000003
 72
     1
 10
27444.9630548312
 20
28730.00000000003
 11
27535.2027479317
 21
28298.52494431112
 97
        0
 75
     0
 76
     2
 52
0.0
 41
1.0
 77
     0
 78
     1
 53
45.0
 43
33633.572
 44
18106.883
 45
-141.4213562373095
 46
141.4213562373095
 79
     0
 98
        1
 10
0.0
 20
0.0
1001
REVIT
1002
{
1070
     1
1000
2337262
1002
}
1002
{
1070
     5
1000
1690443
1002
}
1002
{
1070
     2
1000
-2002000
1002
}
  0
LINE
  5
4C9
330
70
100
AcDbEntity
  8
A-DETL-WIDE
100
AcDbLine
 10
27885.4455052217
 20
29411.8166496073
 30
0.0
 11
27302.366340606
 21
29411.8166496073
 31
0.0
1001
REVIT
1002
{
1070
     1
1000
2337262
1002
}
1002
{
1070
     5
1000
1690443
1002
}
1002
{
1070
     2
1000
-2000051
1002
}
1002
{
1070
     3
1000
-2000044
1002
}
  0
LINE
  5
4CB
330
70
100
AcDbEntity
  8
A-DETL-THIN
100
AcDbLine
 10
27302.366340606
 20
29411.8166496073
 30
0.0
 11
27535.20274793171
 21
28298.5249443111
 31
0.0
1001
REVIT
1002
{
1070
     1
1000
2337262
1002
}
1002
{
1070
     5
1000
1690443
1002
}
1002
{
1070
     2
1000
-2000051
1002
}
1002
{
1070
     3
1000
-2000042
1002
}
  0
LINE
  5
4CC
330
70
100
AcDbEntity
  8
A-DETL
100
AcDbLine
 10
27535.20274793171
 20
28298.5249443111
 30
0.0
 11
27885.4455052217
 21
28371.77552626667
 31
0.0
1001
REVIT
1002
{
1070
     1
1000
2337262
1002
}
1002
{
1070
     5
1000
1690443
1002
}
1002
{
1070
     2
1000
-2000051
1002
}
1002
{
1070
     3
1000
1933725
1002
}
  0
LINE
  5
4CD
330
70
100
AcDbEntity
  8
A-DETL
100
AcDbLine
 10
27885.4455052217
 20
28371.77552626667
 30
0.0
 11
27885.4455052217
 21
28730.00000000002
 31
0.0
1001
REVIT
1002
{
1070
     1
1000
2337262
1002
}
1002
{
1070
     5
1000
1690443
1002
}
1002
{
1070
     2
1000
-2000051
1002
}
1002
{
1070
     3
1000
1933725
1002
}
  0
CIRCLE
  5
4CE
330
70
100
AcDbEntity
  8
A-DETL-MEDM
100
AcDbCircle
 10
27665.26550897335
 20
28447.7229629132
 30
0.0
 40
100.0
1001
REVIT
1002
{
1070
     1
1000
2337259
1002
}
1002
{
1070
     2
1000
-2000051
1002
}
1002
{
1070
     3
1000
-2000043
1002
}
  0
HATCH
  5
4DA
330
70
100
AcDbEntity
  8
A-DETL-GENF
 62
    55
100
AcDbHatch
 10
0.0
 20
0.0
 30
0.0
210
0.0
220
0.0
230
1.0
  2
FP_6
 70
     0
 71
     0
 91
        1
 92
        1
 93
       11
 72
     1
 10
28895.44550635082
 20
28589.00000000001
 11
39130.44550649941
 21
28589.00000000001
 72
     1
 10
39130.44550649941
 20
28589.00000000001
 11
39130.44550649941
 21
28689.00000000005
 72
     1
 10
39130.44550649941
 20
28689.00000000005
 11
39030.44550649941
 21
28789.00000000007
 72
     1
 10
39030.44550649941
 20
28789.00000000007
 11
34850.44550628925
 21
28789.00000000007
 72
     1
 10
34850.44550628925
 20
28789.00000000007
 11
34790.44550628918
 21
28728.99999999998
 72
     1
 10
34790.44550628918
 20
28728.99999999998
 11
34490.44550628919
 21
28728.99999999998
 72
     1
 10
34490.44550628919
 20
28728.99999999998
 11
34430.44550628918
 21
28788.99999999998
 72
     1
 10
34430.44550628918
 20
28788.99999999998
 11
28995.44550635081
 21
28788.99999999998
 72
     1
 10
28995.44550635081
 20
28788.99999999998
 11
28895.44550635082
 21
28688.99999999998
 72
     1
 10
28895.44550635082
 20
28688.99999999998
 11
28895.44550635082
 21
28629.67011860801
 72
     1
 10
28895.44550635082
 20
28629.67011860801
 11
28895.44550635082
 21
28589.00000000001
 97
        0
 75
     0
 76
     2
 52
0.0
 41
1.0
 77
     0
 78
     6
 53
0.0
 43
33633.572
 44
18106.883
 45
317.5
 46
317.5
 79
     2
 49
317.5
 49
-317.5
 53
0.0
 43
33633.572
 44
18225.946
 45
317.5
 46
317.5
 79
     2
 49
317.5
 49
-317.5
 53
0.0
 43
33633.572
 44
18345.008
 45
317.5
 46
317.5
 79
     2
 49
317.5
 49
-317.5
 53
90.0
 43
33673.259
 44
18384.696
 45
-317.5
 46
317.5
 79
     2
 49
317.5
 49
-317.5
 53
90.0
 43
33792.322
 44
18384.696
 45
-317.5
 46
317.5
 79
     2
 49
317.5
 49
-317.5
 53
90.0
 43
33911.384
 44
18384.696
 45
-317.5
 46
317.5
 79
     2
 49
317.5
 49
-317.5
 98
        1
 10
0.0
 20
0.0
1001
REVIT
1002
{
1070
     1
1000
2403910
1002
}
1002
{
1070
     5
1000
1616962
1002
}
1002
{
1070
     2
1000
-2002000
1002
}
  0
LINE
  5
4DB
330
70
100
AcDbEntity
  8
A-DETL
100
AcDbLine
 10
28895.44550635082
 20
28688.99999999997
 30
0.0
 11
28895.44550635082
 21
28588.99999999999
 31
0.0
1001
REVIT
1002
{
1070
     1
1000
2403910
1002
}
1002
{
1070
     5
1000
1616962
1002
}
1002
{
1070
     2
1000
-2000051
1002
}
1002
{
1070
     3
1000
1933725
1002
}
  0
LINE
  5
4DC
330
70
100
AcDbEntity
  8
A-DETL
100
AcDbLine
 10
39130.44550649941
 20
28588.99999999999
 30
0.0
 11
39130.44550649941
 21
28689.00000000004
 31
0.0
1001
REVIT
1002
{
1070
     1
1000
2403910
1002
}
1002
{
1070
     5
1000
1616962
1002
}
1002
{
1070
     2
1000
-2000051
1002
}
1002
{
1070
     3
1000
1933725
1002
}
  0
LINE
  5
4DD
330
70
100
AcDbEntity
  8
A-DETL
100
AcDbLine
 10
39130.44550649941
 20
28689.00000000004
 30
0.0
 11
39030.4455064994
 21
28789.00000000006
 31
0.0
1001
REVIT
1002
{
1070
     1
1000
2403910
1002
}
1002
{
1070
     5
1000
1616962
1002
}
1002
{
1070
     2
1000
-2000051
1002
}
1002
{
1070
     3
1000
1933725
1002
}
  0
LINE
  5
4DE
330
70
100
AcDbEntity
  8
A-DETL-MEDM
100
AcDbLine
 10
39030.4455064994
 20
28789.00000000006
 30
0.0
 11
34850.44550628925
 21
28789.00000000006
 31
0.0
1001
REVIT
1002
{
1070
     1
1000
2403910
1002
}
1002
{
1070
     5
1000
1616962
1002
}
1002
{
1070
     2
1000
-2000051
1002
}
1002
{
1070
     3
1000
-2000043
1002
}
  0
LINE
  5
4DF
330
70
100
AcDbEntity
  8
A-DETL
100
AcDbLine
 10
34850.44550628925
 20
28789.00000000006
 30
0.0
 11
34790.44550628918
 21
28728.99999999997
 31
0.0
1001
REVIT
1002
{
1070
     1
1000
2403910
1002
}
1002
{
1070
     5
1000
1616962
1002
}
1002
{
1070
     2
1000
-2000051
1002
}
1002
{
1070
     3
1000
1933725
1002
}
  0
LINE
  5
4E0
330
70
100
AcDbEntity
  8
A-DETL
100
AcDbLine
 10
34790.44550628918
 20
28728.99999999997
 30
0.0
 11
34490.44550628919
 21
28728.99999999997
 31
0.0
1001
REVIT
1002
{
1070
     1
1000
2403910
1002
}
1002
{
1070
     5
1000
1616962
1002
}
1002
{
1070
     2
1000
-2000051
1002
}
1002
{
1070
     3
1000
1933725
1002
}
  0
LINE
  5
4E1
330
70
100
AcDbEntity
  8
A-DETL
100
AcDbLine
 10
34490.44550628919
 20
28728.99999999997
 30
0.0
 11
34430.44550628919
 21
28788.99999999997
 31
0.0
1001
REVIT
1002
{
1070
     1
1000
2403910
1002
}
1002
{
1070
     5
1000
1616962
1002
}
1002
{
1070
     2
1000
-2000051
1002
}
1002
{
1070
     3
1000
1933725
1002
}
  0
LINE
  5
4E2
330
70
100
AcDbEntity
  8
A-DETL-MEDM
100
AcDbLine
 10
34430.44550628919
 20
28788.99999999997
 30
0.0
 11
28995.44550635082
 21
28788.99999999997
 31
0.0
1001
REVIT
1002
{
1070
     1
1000
2403910
1002
}
1002
{
1070
     5
1000
1616962
1002
}
1002
{
1070
     2
1000
-2000051
1002
}
1002
{
1070
     3
1000
-2000043
1002
}
  0
LINE
  5
4E3
330
70
100
AcDbEntity
  8
A-DETL
100
AcDbLine
 10
28995.44550635082
 20
28788.99999999997
 30
0.0
 11
28895.44550635082
 21
28688.99999999997
 31
0.0
1001
REVIT
1002
{
1070
     1
1000
2403910
1002
}
1002
{
1070
     5
1000
1616962
1002
}
1002
{
1070
     2
1000
-2000051
1002
}
1002
{
1070
     3
1000
1933725
1002
}
  0
LINE
  5
4E4
330
70
100
AcDbEntity
  8
A-DETL-THIN
100
AcDbLine
 10
27885.4455052217
 20
29444.32184096635
 30
0.0
 11
27885.4455052217
 21
28730.00000000002
 31
0.0
1001
REVIT
1002
{
1070
     1
1000
2316260
1002
}
1002
{
1070
     5
1000
2388960
1002
}
1002
{
1070
     2
1000
-2000051
1002
}
1002
{
1070
     3
1000
-2000042
1002
}
  0
LINE
  5
4E5
330
70
100
AcDbEntity
  8
A-DETL-THIN
100
AcDbLine
 10
27885.4455052217
 20
28730.00000000002
 30
0.0
 11
28085.4455052217
 21
28730.00000000002
 31
0.0
1001
REVIT
1002
{
1070
     1
1000
2316260
1002
}
1002
{
1070
     5
1000
2388960
1002
}
1002
{
1070
     2
1000
-2000051
1002
}
1002
{
1070
     3
1000
-2000042
1002
}
  0
LINE
  5
4E6
330
70
100
AcDbEntity
  8
A-DETL-THIN
100
AcDbLine
 10
28085.4455052217
 20
28730.00000000002
 30
0.0
 11
28085.4455052217
 21
29444.32184096635
 31
0.0
1001
REVIT
1002
{
1070
     1
1000
2316260
1002
}
1002
{
1070
     5
1000
2388960
1002
}
1002
{
1070
     2
1000
-2000051
1002
}
1002
{
1070
     3
1000
-2000042
1002
}
  0
LINE
  5
4E7
330
70
100
AcDbEntity
  8
A-DETL-THIN
100
AcDbLine
 10
28085.4455052217
 20
29444.32184096635
 30
0.0
 11
27885.4455052217
 21
29444.32184096635
 31
0.0
1001
REVIT
1002
{
1070
     1
1000
2316260
1002
}
1002
{
1070
     5
1000
2388960
1002
}
1002
{
1070
     2
1000
-2000051
1002
}
1002
{
1070
     3
1000
-2000042
1002
}
  0
LINE
  5
4E8
330
70
100
AcDbEntity
  8
A-DETL-THIN
100
AcDbLine
 10
34650.44550649941
 20
35827.41082473428
 30
0.0
 11
28245.44550635082
 21
35827.41082473428
 31
0.0
1001
REVIT
1002
{
1070
     1
1000
2348984
1002
}
1002
{
1070
     5
1000
1363608
1002
}
1002
{
1070
     2
1000
-2000051
1002
}
1002
{
1070
     3
1000
-2000042
1002
}
  0
LINE
  5
4E9
330
70
100
AcDbEntity
  8
A-DETL-THIN
100
AcDbLine
 10
28245.44550635082
 20
35827.41082473428
 30
0.0
 11
28245.44550635082
 21
35190.0
 31
0.0
1001
REVIT
1002
{
1070
     1
1000
2348984
1002
}
1002
{
1070
     5
1000
1363608
1002
}
1002
{
1070
     2
1000
-2000051
1002
}
1002
{
1070
     3
1000
-2000042
1002
}
  0
LINE
  5
4EA
330
70
100
AcDbEntity
  8
A-DETL-THIN
100
AcDbLine
 10
28245.44550635082
 20
35190.0
 30
0.0
 11
34650.44550649941
 21
35190.0
 31
0.0
1001
REVIT
1002
{
1070
     1
1000
2348984
1002
}
1002
{
1070
     5
1000
1363608
1002
}
1002
{
1070
     2
1000
-2000051
1002
}
1002
{
1070
     3
1000
-2000042
1002
}
  0
LINE
  5
4EB
330
70
100
AcDbEntity
  8
A-DETL-THIN
100
AcDbLine
 10
35200.44550649941
 20
35190.0
 30
0.0
 11
39310.44550649941
 21
35190.0
 31
0.0
1001
REVIT
1002
{
1070
     1
1000
2348984
1002
}
1002
{
1070
     5
1000
1363608
1002
}
1002
{
1070
     2
1000
-2000051
1002
}
1002
{
1070
     3
1000
-2000042
1002
}
  0
LINE
  5
4EC
330
70
100
AcDbEntity
  8
A-DETL-THIN
100
AcDbLine
 10
39310.44550649941
 20
35190.0
 30
0.0
 11
39310.44550649941
 21
35827.41082473428
 31
0.0
1001
REVIT
1002
{
1070
     1
1000
2348984
1002
}
1002
{
1070
     5
1000
1363608
1002
}
1002
{
1070
     2
1000
-2000051
1002
}
1002
{
1070
     3
1000
-2000042
1002
}
  0
LINE
  5
4ED
330
70
100
AcDbEntity
  8
A-DETL-THIN
100
AcDbLine
 10
39310.44550649941
 20
35827.41082473428
 30
0.0
 11
35200.44550649941
 21
35827.41082473428
 31
0.0
1001
REVIT
1002
{
1070
     1
1000
2348984
1002
}
1002
{
1070
     5
1000
1363608
1002
}
1002
{
1070
     2
1000
-2000051
1002
}
1002
{
1070
     3
1000
-2000042
1002
}
  0
LINE
  5
4EE
330
70
100
AcDbEntity
  8
A-DETL-THIN
100
AcDbLine
 10
34670.44550537029
 20
32140.00000000001
 30
0.0
 11
28245.44550635082
 21
32140.00000000001
 31
0.0
1001
REVIT
1002
{
1070
     1
1000
2350440
1002
}
1002
{
1070
     5
1000
1363608
1002
}
1002
{
1070
     2
1000
-2000051
1002
}
1002
{
1070
     3
1000
-2000042
1002
}
  0
LINE
  5
4EF
330
70
100
AcDbEntity
  8
A-DETL-THIN
100
AcDbLine
 10
28245.44550635082
 20
32140.00000000001
 30
0.0
 11
28245.44550635082
 21
31990.0
 31
0.0
1001
REVIT
1002
{
1070
     1
1000
2350440
1002
}
1002
{
1070
     5
1000
1363608
1002
}
1002
{
1070
     2
1000
-2000051
1002
}
1002
{
1070
     3
1000
-2000042
1002
}
  0
LINE
  5
4F0
330
70
100
AcDbEntity
  8
A-DETL-THIN
100
AcDbLine
 10
28245.44550635082
 20
31990.0
 30
0.0
 11
34670.44550537029
 21
31990.0
 31
0.0
1001
REVIT
1002
{
1070
     1
1000
2350440
1002
}
1002
{
1070
     5
1000
1363608
1002
}
1002
{
1070
     2
1000
-2000051
1002
}
1002
{
1070
     3
1000
-2000042
1002
}
  0
LINE
  5
4F1
330
70
100
AcDbEntity
  8
A-DETL
100
AcDbLine
 10
34670.44550537029
 20
31990.0
 30
0.0
 11
35220.44550537029
 21
31990.0
 31
0.0
1001
REVIT
1002
{
1070
     1
1000
2350440
1002
}
1002
{
1070
     5
1000
1363608
1002
}
1002
{
1070
     2
1000
-2000051
1002
}
1002
{
1070
     3
1000
1933725
1002
}
  0
LINE
  5
4F2
330
70
100
AcDbEntity
  8
A-DETL-THIN
100
AcDbLine
 10
35220.44550537029
 20
31990.0
 30
0.0
 11
39310.44550649941
 21
31990.0
 31
0.0
1001
REVIT
1002
{
1070
     1
1000
2350440
1002
}
1002
{
1070
     5
1000
1363608
1002
}
1002
{
1070
     2
1000
-2000051
1002
}
1002
{
1070
     3
1000
-2000042
1002
}
  0
LINE
  5
4F3
330
70
100
AcDbEntity
  8
A-DETL-THIN
100
AcDbLine
 10
39310.44550649941
 20
31990.0
 30
0.0
 11
39310.44550649941
 21
32140.00000000001
 31
0.0
1001
REVIT
1002
{
1070
     1
1000
2350440
1002
}
1002
{
1070
     5
1000
1363608
1002
}
1002
{
1070
     2
1000
-2000051
1002
}
1002
{
1070
     3
1000
-2000042
1002
}
  0
LINE
  5
4F4
330
70
100
AcDbEntity
  8
A-DETL-THIN
100
AcDbLine
 10
39310.44550649941
 20
32140.00000000001
 30
0.0
 11
35220.44550537029
 21
32140.00000000001
 31
0.0
1001
REVIT
1002
{
1070
     1
1000
2350440
1002
}
1002
{
1070
     5
1000
1363608
1002
}
1002
{
1070
     2
1000
-2000051
1002
}
1002
{
1070
     3
1000
-2000042
1002
}
  0
LINE
  5
4F5
330
70
100
AcDbEntity
  8
A-DETL
100
AcDbLine
 10
35220.44550537029
 20
32140.00000000001
 30
0.0
 11
34670.44550537029
 21
32140.00000000001
 31
0.0
1001
REVIT
1002
{
1070
     1
1000
2350440
1002
}
1002
{
1070
     5
1000
1363608
1002
}
1002
{
1070
     2
1000
-2000051
1002
}
1002
{
1070
     3
1000
1933725
1002
}
  0
LINE
  5
4F6
330
70
100
AcDbEntity
  8
A-DETL-THIN
100
AcDbLine
 10
40655.63802391925
 20
29442.02988846645
 30
0.0
 11
40655.63802391925
 21
27770.0
 31
0.0
1001
REVIT
1002
{
1070
     1
1000
2404741
1002
}
1002
{
1070
     5
1000
2388960
1002
}
1002
{
1070
     2
1000
-2000051
1002
}
1002
{
1070
     3
1000
-2000042
1002
}
  0
LINE
  5
4F7
330
70
100
AcDbEntity
  8
A-DETL-THIN
100
AcDbLine
 10
40655.63802391925
 20
27770.0
 30
0.0
 11
41105.63802391924
 21
27770.0
 31
0.0
1001
REVIT
1002
{
1070
     1
1000
2404741
1002
}
1002
{
1070
     5
1000
2388960
1002
}
1002
{
1070
     2
1000
-2000051
1002
}
1002
{
1070
     3
1000
-2000042
1002
}
  0
LINE
  5
4F8
330
70
100
AcDbEntity
  8
A-DETL-THIN
100
AcDbLine
 10
41105.63802391924
 20
27770.0
 30
0.0
 11
41105.63802391925
 21
29442.02988846645
 31
0.0
1001
REVIT
1002
{
1070
     1
1000
2404741
1002
}
1002
{
1070
     5
1000
2388960
1002
}
1002
{
1070
     2
1000
-2000051
1002
}
1002
{
1070
     3
1000
-2000042
1002
}
  0
LINE
  5
4F9
330
70
100
AcDbEntity
  8
A-DETL-THIN
100
AcDbLine
 10
41105.63802391925
 20
29442.02988846645
 30
0.0
 11
40655.63802391925
 21
29442.02988846645
 31
0.0
1001
REVIT
1002
{
1070
     1
1000
2404741
1002
}
1002
{
1070
     5
1000
2388960
1002
}
1002
{
1070
     2
1000
-2000051
1002
}
1002
{
1070
     3
1000
-2000042
1002
}
  0
LINE
  5
4FA
330
70
100
AcDbEntity
  8
A-DETL
  6
Dash dot
370
    35
100
AcDbLine
 10
41377.29150626205
 20
29442.02988846645
 30
0.0
 11
41377.29150626205
 21
37620.81564170579
 31
0.0
1001
REVIT
1002
{
1070
     1
1000
2324087
1002
}
1002
{
1070
     2
1000
-2000051
1002
}
1002
{
1070
     3
1000
2323259
1002
}
  0
LINE
  5
4FB
330
70
100
AcDbEntity
  8
A-DETL
  6
Dash dot
370
    35
100
AcDbLine
 10
26455.4455052217
 20
29677.46353799629
 30
0.0
 11
26455.4455052217
 21
37620.81564170579
 31
0.0
1001
REVIT
1002
{
1070
     1
1000
2324200
1002
}
1002
{
1070
     2
1000
-2000051
1002
}
1002
{
1070
     3
1000
2323259
1002
}
  0
LINE
  5
4FC
330
70
100
AcDbEntity
  8
A-DETL
  6
Dash - Tight
100
AcDbLine
 10
27995.4455052217
 20
29444.32184096635
 30
0.0
 11
32254.78754829788
 21
29364.60560419091
 31
0.0
1001
REVIT
1002
{
1070
     1
1000
2325219
1002
}
1002
{
1070
     2
1000
-2000051
1002
}
1002
{
1070
     3
1000
2107280
1002
}
  0
LINE
  5
4FD
330
70
100
AcDbEntity
  8
A-DETL
  6
Dash - Tight
100
AcDbLine
 10
32254.78754829812
 20
29364.60560419093
 30
0.0
 11
35854.23925086313
 21
29427.43426736519
 31
0.0
1001
REVIT
1002
{
1070
     1
1000
2325323
1002
}
1002
{
1070
     2
1000
-2000051
1002
}
1002
{
1070
     3
1000
2107280
1002
}
  0
LINE
  5
4FE
330
70
100
AcDbEntity
  8
A-DETL
  6
Dash - Tight
100
AcDbLine
 10
35854.23925085811
 20
29427.43426736514
 30
0.0
 11
41134.23925086032
 21
29427.43426736513
 31
0.0
1001
REVIT
1002
{
1070
     1
1000
2325458
1002
}
1002
{
1070
     2
1000
-2000051
1002
}
1002
{
1070
     3
1000
2107280
1002
}
  0
LINE
  5
4FF
330
70
100
AcDbEntity
  8
A-DETL
100
AcDbLine
 10
29020.44550651996
 20
35827.41082473428
 30
0.0
 11
29020.44550651996
 21
35190.0
 31
0.0
1001
REVIT
1002
{
1070
     1
1000
2349133
1002
}
1002
{
1070
     2
1000
-2000051
1002
}
1002
{
1070
     3
1000
1933725
1002
}
  0
LINE
  5
500
330
70
100
AcDbEntity
  8
A-DETL
100
AcDbLine
 10
29110.44550651996
 20
35827.41082473428
 30
0.0
 11
29110.44550651996
 21
35190.0
 31
0.0
1001
REVIT
1002
{
1070
     1
1000
2349207
1002
}
1002
{
1070
     2
1000
-2000051
1002
}
1002
{
1070
     3
1000
1933725
1002
}
  0
LINE
  5
501
330
70
100
AcDbEntity
  8
A-DETL
100
AcDbLine
 10
29620.44550651995
 20
35827.41082473428
 30
0.0
 11
29620.44550651995
 21
35190.0
 31
0.0
1001
REVIT
1002
{
1070
     1
1000
2349246
1002
}
1002
{
1070
     2
1000
-2000051
1002
}
1002
{
1070
     3
1000
1933725
1002
}
  0
LINE
  5
502
330
70
100
AcDbEntity
  8
A-DETL
100
AcDbLine
 10
29710.44550651996
 20
35827.41082473428
 30
0.0
 11
29710.44550651996
 21
35190.0
 31
0.0
1001
REVIT
1002
{
1070
     1
1000
2349247
1002
}
1002
{
1070
     2
1000
-2000051
1002
}
1002
{
1070
     3
1000
1933725
1002
}
  0
LINE
  5
503
330
70
100
AcDbEntity
  8
A-DETL
100
AcDbLine
 10
30220.44550651996
 20
35827.41082473428
 30
0.0
 11
30220.44550651996
 21
35190.0
 31
0.0
1001
REVIT
1002
{
1070
     1
1000
2349256
1002
}
1002
{
1070
     2
1000
-2000051
1002
}
1002
{
1070
     3
1000
1933725
1002
}
  0
LINE
  5
504
330
70
100
AcDbEntity
  8
A-DETL
100
AcDbLine
 10
30310.44550651996
 20
35827.41082473428
 30
0.0
 11
30310.44550651996
 21
35190.0
 31
0.0
1001
REVIT
1002
{
1070
     1
1000
2349257
1002
}
1002
{
1070
     2
1000
-2000051
1002
}
1002
{
1070
     3
1000
1933725
1002
}
  0
LINE
  5
505
330
70
100
AcDbEntity
  8
A-DETL
100
AcDbLine
 10
30820.44550651996
 20
35827.41082473428
 30
0.0
 11
30820.44550651996
 21
35190.0
 31
0.0
1001
REVIT
1002
{
1070
     1
1000
2349266
1002
}
1002
{
1070
     2
1000
-2000051
1002
}
1002
{
1070
     3
1000
1933725
1002
}
  0
LINE
  5
506
330
70
100
AcDbEntity
  8
A-DETL
100
AcDbLine
 10
30910.44550651996
 20
35827.41082473428
 30
0.0
 11
30910.44550651996
 21
35190.0
 31
0.0
1001
REVIT
1002
{
1070
     1
1000
2349267
1002
}
1002
{
1070
     2
1000
-2000051
1002
}
1002
{
1070
     3
1000
1933725
1002
}
  0
LINE
  5
507
330
70
100
AcDbEntity
  8
A-DETL
100
AcDbLine
 10
31510.44550651996
 20
35827.41082473427
 30
0.0
 11
31510.44550651996
 21
35190.0
 31
0.0
1001
REVIT
1002
{
1070
     1
1000
2349306
1002
}
1002
{
1070
     2
1000
-2000051
1002
}
1002
{
1070
     3
1000
1933725
1002
}
  0
LINE
  5
508
330
70
100
AcDbEntity
  8
A-DETL
100
AcDbLine
 10
31600.44550651996
 20
35827.41082473427
 30
0.0
 11
31600.44550651996
 21
35190.0
 31
0.0
1001
REVIT
1002
{
1070
     1
1000
2349307
1002
}
1002
{
1070
     2
1000
-2000051
1002
}
1002
{
1070
     3
1000
1933725
1002
}
  0
LINE
  5
509
330
70
100
AcDbEntity
  8
A-DETL
100
AcDbLine
 10
32110.44550651996
 20
35827.41082473427
 30
0.0
 11
32110.44550651996
 21
35190.0
 31
0.0
1001
REVIT
1002
{
1070
     1
1000
2349308
1002
}
1002
{
1070
     2
1000
-2000051
1002
}
1002
{
1070
     3
1000
1933725
1002
}
  0
LINE
  5
50A
330
70
100
AcDbEntity
  8
A-DETL
100
AcDbLine
 10
32200.44550651996
 20
35827.41082473427
 30
0.0
 11
32200.44550651996
 21
35190.0
 31
0.0
1001
REVIT
1002
{
1070
     1
1000
2349309
1002
}
1002
{
1070
     2
1000
-2000051
1002
}
1002
{
1070
     3
1000
1933725
1002
}
  0
LINE
  5
50B
330
70
100
AcDbEntity
  8
A-DETL
100
AcDbLine
 10
32710.44550651996
 20
35827.41082473427
 30
0.0
 11
32710.44550651996
 21
35190.0
 31
0.0
1001
REVIT
1002
{
1070
     1
1000
2349310
1002
}
1002
{
1070
     2
1000
-2000051
1002
}
1002
{
1070
     3
1000
1933725
1002
}
  0
LINE
  5
50C
330
70
100
AcDbEntity
  8
A-DETL
100
AcDbLine
 10
32800.44550651996
 20
35827.41082473427
 30
0.0
 11
32800.44550651996
 21
35190.0
 31
0.0
1001
REVIT
1002
{
1070
     1
1000
2349311
1002
}
1002
{
1070
     2
1000
-2000051
1002
}
1002
{
1070
     3
1000
1933725
1002
}
  0
LINE
  5
50D
330
70
100
AcDbEntity
  8
A-DETL
100
AcDbLine
 10
33310.44550651997
 20
35827.41082473427
 30
0.0
 11
33310.44550651997
 21
35190.0
 31
0.0
1001
REVIT
1002
{
1070
     1
1000
2349312
1002
}
1002
{
1070
     2
1000
-2000051
1002
}
1002
{
1070
     3
1000
1933725
1002
}
  0
LINE
  5
50E
330
70
100
AcDbEntity
  8
A-DETL
100
AcDbLine
 10
33400.44550651997
 20
35827.41082473427
 30
0.0
 11
33400.44550651997
 21
35190.0
 31
0.0
1001
REVIT
1002
{
1070
     1
1000
2349313
1002
}
1002
{
1070
     2
1000
-2000051
1002
}
1002
{
1070
     3
1000
1933725
1002
}
  0
LINE
  5
50F
330
70
100
AcDbEntity
  8
A-DETL
100
AcDbLine
 10
34000.44550651997
 20
35827.41082473425
 30
0.0
 11
34000.44550651997
 21
35189.99999999999
 31
0.0
1001
REVIT
1002
{
1070
     1
1000
2349322
1002
}
1002
{
1070
     2
1000
-2000051
1002
}
1002
{
1070
     3
1000
1933725
1002
}
  0
LINE
  5
510
330
70
100
AcDbEntity
  8
A-DETL
100
AcDbLine
 10
34090.44550651997
 20
35827.41082473425
 30
0.0
 11
34090.44550651997
 21
35189.99999999999
 31
0.0
1001
REVIT
1002
{
1070
     1
1000
2349323
1002
}
1002
{
1070
     2
1000
-2000051
1002
}
1002
{
1070
     3
1000
1933725
1002
}
  0
LINE
  5
511
330
70
100
AcDbEntity
  8
A-DETL
100
AcDbLine
 10
34560.44550651997
 20
35827.41082473425
 30
0.0
 11
34560.44550651997
 21
35189.99999999999
 31
0.0
1001
REVIT
1002
{
1070
     1
1000
2349324
1002
}
1002
{
1070
     2
1000
-2000051
1002
}
1002
{
1070
     3
1000
1933725
1002
}
  0
LINE
  5
512
330
70
100
AcDbEntity
  8
A-DETL
100
AcDbLine
 10
34650.44550651997
 20
35827.41082473425
 30
0.0
 11
34650.44550651997
 21
35189.99999999999
 31
0.0
1001
REVIT
1002
{
1070
     1
1000
2349325
1002
}
1002
{
1070
     2
1000
-2000051
1002
}
1002
{
1070
     3
1000
1933725
1002
}
  0
LINE
  5
513
330
70
100
AcDbEntity
  8
A-DETL
100
AcDbLine
 10
35200.44550651997
 20
35827.41082473425
 30
0.0
 11
35200.44550651997
 21
35189.99999999999
 31
0.0
1001
REVIT
1002
{
1070
     1
1000
2349326
1002
}
1002
{
1070
     2
1000
-2000051
1002
}
1002
{
1070
     3
1000
1933725
1002
}
  0
LINE
  5
514
330
70
100
AcDbEntity
  8
A-DETL
100
AcDbLine
 10
35290.44550651997
 20
35827.41082473425
 30
0.0
 11
35290.44550651997
 21
35189.99999999999
 31
0.0
1001
REVIT
1002
{
1070
     1
1000
2349327
1002
}
1002
{
1070
     2
1000
-2000051
1002
}
1002
{
1070
     3
1000
1933725
1002
}
  0
LINE
  5
515
330
70
100
AcDbEntity
  8
A-DETL
100
AcDbLine
 10
35800.44550651997
 20
35827.41082473425
 30
0.0
 11
35800.44550651997
 21
35189.99999999999
 31
0.0
1001
REVIT
1002
{
1070
     1
1000
2349328
1002
}
1002
{
1070
     2
1000
-2000051
1002
}
1002
{
1070
     3
1000
1933725
1002
}
  0
LINE
  5
516
330
70
100
AcDbEntity
  8
A-DETL
100
AcDbLine
 10
35890.44550651997
 20
35827.41082473425
 30
0.0
 11
35890.44550651997
 21
35189.99999999999
 31
0.0
1001
REVIT
1002
{
1070
     1
1000
2349329
1002
}
1002
{
1070
     2
1000
-2000051
1002
}
1002
{
1070
     3
1000
1933725
1002
}
  0
LINE
  5
517
330
70
100
AcDbEntity
  8
A-DETL
100
AcDbLine
 10
36490.44550651998
 20
35827.41082473425
 30
0.0
 11
36490.44550651998
 21
35189.99999999997
 31
0.0
1001
REVIT
1002
{
1070
     1
1000
2349336
1002
}
1002
{
1070
     2
1000
-2000051
1002
}
1002
{
1070
     3
1000
1933725
1002
}
  0
LINE
  5
518
330
70
100
AcDbEntity
  8
A-DETL
100
AcDbLine
 10
36580.44550651998
 20
35827.41082473425
 30
0.0
 11
36580.44550651998
 21
35189.99999999997
 31
0.0
1001
REVIT
1002
{
1070
     1
1000
2349337
1002
}
1002
{
1070
     2
1000
-2000051
1002
}
1002
{
1070
     3
1000
1933725
1002
}
  0
LINE
  5
519
330
70
100
AcDbEntity
  8
A-DETL
100
AcDbLine
 10
37090.44550651997
 20
35827.41082473425
 30
0.0
 11
37090.44550651997
 21
35189.99999999997
 31
0.0
1001
REVIT
1002
{
1070
     1
1000
2349338
1002
}
1002
{
1070
     2
1000
-2000051
1002
}
1002
{
1070
     3
1000
1933725
1002
}
  0
LINE
  5
51A
330
70
100
AcDbEntity
  8
A-DETL
100
AcDbLine
 10
37180.44550651998
 20
35827.41082473425
 30
0.0
 11
37180.44550651998
 21
35189.99999999997
 31
0.0
1001
REVIT
1002
{
1070
     1
1000
2349339
1002
}
1002
{
1070
     2
1000
-2000051
1002
}
1002
{
1070
     3
1000
1933725
1002
}
  0
LINE
  5
51B
330
70
100
AcDbEntity
  8
A-DETL
100
AcDbLine
 10
37690.44550651998
 20
35827.41082473425
 30
0.0
 11
37690.44550651998
 21
35189.99999999997
 31
0.0
1001
REVIT
1002
{
1070
     1
1000
2349340
1002
}
1002
{
1070
     2
1000
-2000051
1002
}
1002
{
1070
     3
1000
1933725
1002
}
  0
LINE
  5
51C
330
70
100
AcDbEntity
  8
A-DETL
100
AcDbLine
 10
37780.44550651998
 20
35827.41082473425
 30
0.0
 11
37780.44550651998
 21
35189.99999999997
 31
0.0
1001
REVIT
1002
{
1070
     1
1000
2349341
1002
}
1002
{
1070
     2
1000
-2000051
1002
}
1002
{
1070
     3
1000
1933725
1002
}
  0
LINE
  5
51D
330
70
100
AcDbEntity
  8
A-DETL
100
AcDbLine
 10
38290.44550651998
 20
35827.41082473425
 30
0.0
 11
38290.44550651998
 21
35189.99999999997
 31
0.0
1001
REVIT
1002
{
1070
     1
1000
2349342
1002
}
1002
{
1070
     2
1000
-2000051
1002
}
1002
{
1070
     3
1000
1933725
1002
}
  0
LINE
  5
51E
330
70
100
AcDbEntity
  8
A-DETL
100
AcDbLine
 10
38380.44550651998
 20
35827.41082473425
 30
0.0
 11
38380.44550651998
 21
35189.99999999997
 31
0.0
1001
REVIT
1002
{
1070
     1
1000
2349343
1002
}
1002
{
1070
     2
1000
-2000051
1002
}
1002
{
1070
     3
1000
1933725
1002
}
  0
LINE
  5
51F
330
70
100
AcDbEntity
  8
A-DETL
100
AcDbLine
 10
38980.44550651998
 20
35827.41082473424
 30
0.0
 11
38980.44550651998
 21
35189.99999999997
 31
0.0
1001
REVIT
1002
{
1070
     1
1000
2349352
1002
}
1002
{
1070
     2
1000
-2000051
1002
}
1002
{
1070
     3
1000
1933725
1002
}
  0
LINE
  5
520
330
70
100
AcDbEntity
  8
A-DETL
100
AcDbLine
 10
39070.44550651998
 20
35827.41082473424
 30
0.0
 11
39070.44550651998
 21
35189.99999999997
 31
0.0
1001
REVIT
1002
{
1070
     1
1000
2349353
1002
}
1002
{
1070
     2
1000
-2000051
1002
}
1002
{
1070
     3
1000
1933725
1002
}
  0
LINE
  5
521
330
70
100
AcDbEntity
  8
A-DETL
100
AcDbLine
 10
28420.44550651995
 20
35827.41082473428
 30
0.0
 11
28420.44550651995
 21
35190.0
 31
0.0
1001
REVIT
1002
{
1070
     1
1000
2349546
1002
}
1002
{
1070
     2
1000
-2000051
1002
}
1002
{
1070
     3
1000
1933725
1002
}
  0
LINE
  5
522
330
70
100
AcDbEntity
  8
A-DETL
100
AcDbLine
 10
28510.44550651996
 20
35827.41082473428
 30
0.0
 11
28510.44550651996
 21
35190.0
 31
0.0
1001
REVIT
1002
{
1070
     1
1000
2349547
1002
}
1002
{
1070
     2
1000
-2000051
1002
}
1002
{
1070
     3
1000
1933725
1002
}
  0
MTEXT
  5
525
330
70
100
AcDbEntity
  8
A-FLOR-LEVL
100
AcDbMText
 10
21853.59883138339
 20
33111.39910834364
 30
0.0
 40
199.9999999999998
 41
3920.251874999996
 46
0.0
 71
     1
 72
     1
  1
GROUND FLOOR LEVEL RL
  7
ISOCPEUR
 73
     2
 44
1.0
 90
        3
 63
     9
421
 13158600
 45
1.25
441
        0
1001
REVIT
1002
{
1070
     1
1000
694
1002
}
1002
{
1070
     5
1000
787266
1002
}
1002
{
1070
     2
1000
-2006020
1002
}
  0
MTEXT
  5
526
330
70
100
AcDbEntity
  8
A-FLOR-LEVL
100
AcDbMText
 10
21853.59883138339
 20
32727.39910834364
 30
0.0
 40
199.9999999999998
 41
905.9068749999992
 46
0.0
 71
     1
 72
     1
  1
32340
  7
ISOCPEUR
 73
     2
 44
1.0
 90
        3
 63
     9
421
 13158600
 45
1.25
441
        0
1001
REVIT
1002
{
1070
     1
1000
694
1002
}
1002
{
1070
     5
1000
787266
1002
}
1002
{
1070
     2
1000
-2006020
1002
}
  0
LINE
  5
528
330
70
100
AcDbEntity
  8
A-FLOR-LEVL
  6
Centre
100
AcDbLine
 10
21428.80685711394
 20
32340.00000000001
 30
0.0
 11
43897.29057507142
 21
32340.00000000001
 31
0.0
1001
REVIT
1002
{
1070
     1
1000
694
1002
}
1002
{
1070
     5
1000
787266
1002
}
1002
{
1070
     2
1000
-2000240
1002
}
  0
MTEXT
  5
529
330
70
100
AcDbEntity
  8
A-FLOR-LEVL
100
AcDbMText
 10
21853.59883138339
 20
34963.75188124804
 30
0.0
 40
199.9999999999998
 41
4168.774999999995
 46
0.0
 71
     1
 72
     1
  1
G/FLOOR CEILING LEVEL RL
  7
ISOCPEUR
 73
     2
 44
1.0
 90
        3
 63
     9
421
 13158600
 45
1.25
441
        0
1001
REVIT
1002
{
1070
     1
1000
310295
1002
}
1002
{
1070
     5
1000
787246
1002
}
1002
{
1070
     2
1000
-2006020
1002
}
  0
MTEXT
  5
52A
330
70
100
AcDbEntity
  8
A-FLOR-LEVL
100
AcDbMText
 10
21853.59883138339
 20
34579.75188124804
 30
0.0
 40
199.9999999999998
 41
881.8562499999989
 46
0.0
 71
     1
 72
     1
  1
35090
  7
ISOCPEUR
 73
     2
 44
1.0
 90
        3
 63
     9
421
 13158600
 45
1.25
441
        0
1001
REVIT
1002
{
1070
     1
1000
310295
1002
}
1002
{
1070
     5
1000
787246
1002
}
1002
{
1070
     2
1000
-2006020
1002
}
  0
LINE
  5
52B
330
70
100
AcDbEntity
  8
A-FLOR-LEVL
  6
Centre
100
AcDbLine
 10
21428.80685711394
 20
35090.0
 30
0.0
 11
43897.29057507142
 21
35090.0
 31
0.0
1001
REVIT
1002
{
1070
     1
1000
310295
1002
}
1002
{
1070
     5
1000
787246
1002
}
1002
{
1070
     2
1000
-2000240
1002
}
  0
MTEXT
  5
52C
330
70
100
AcDbEntity
  8
A-FLOR-LEVL
100
AcDbMText
 10
21853.59883138339
 20
36311.39910834364
 30
0.0
 40
199.9999999999998
 41
3567.509374999996
 46
0.0
 71
     1
 72
     1
  1
FIRST FLOOR LEVEL RL
  7
ISOCPEUR
 73
     2
 44
1.0
 90
        3
 63
     9
421
 13158600
 45
1.25
441
        0
1001
REVIT
1002
{
1070
     1
1000
835393
1002
}
1002
{
1070
     5
1000
787266
1002
}
1002
{
1070
     2
1000
-2006020
1002
}
  0
MTEXT
  5
52D
330
70
100
AcDbEntity
  8
A-FLOR-LEVL
100
AcDbMText
 10
21853.59883138339
 20
35927.39910834364
 30
0.0
 40
199.9999999999998
 41
905.9068749999992
 46
0.0
 71
     1
 72
     1
  1
35540
  7
ISOCPEUR
 73
     2
 44
1.0
 90
        3
 63
     9
421
 13158600
 45
1.25
441
        0
1001
REVIT
1002
{
1070
     1
1000
835393
1002
}
1002
{
1070
     5
1000
787266
1002
}
1002
{
1070
     2
1000
-2006020
1002
}
  0
LINE
  5
52E
330
70
100
AcDbEntity
  8
A-FLOR-LEVL
  6
Centre
100
AcDbLine
 10
21428.80685711394
 20
35540.0
 30
0.0
 11
43897.29057507142
 21
35540.0
 31
0.0
1001
REVIT
1002
{
1070
     1
1000
835393
1002
}
1002
{
1070
     5
1000
787266
1002
}
1002
{
1070
     2
1000
-2000240
1002
}
  0
MTEXT
  5
52F
330
70
100
AcDbEntity
  8
A-FLOR-LEVL
100
AcDbMText
 10
21853.59883138339
 20
31763.75188124804
 30
0.0
 40
199.9999999999998
 41
3888.184374999996
 46
0.0
 71
     1
 72
     1
  1
LOWER FLOOR CEILING RL
  7
ISOCPEUR
 73
     2
 44
1.0
 90
        3
 63
     9
421
 13158600
 45
1.25
441
        0
1001
REVIT
1002
{
1070
     1
1000
1421624
1002
}
1002
{
1070
     5
1000
787246
1002
}
1002
{
1070
     2
1000
-2006020
1002
}
  0
MTEXT
  5
530
330
70
100
AcDbEntity
  8
A-FLOR-LEVL
100
AcDbMText
 10
21853.59883138339
 20
31379.75188124804
 30
0.0
 40
199.9999999999998
 41
825.7381249999991
 46
0.0
 71
     1
 72
     1
  1
31890
  7
ISOCPEUR
 73
     2
 44
1.0
 90
        3
 63
     9
421
 13158600
 45
1.25
441
        0
1001
REVIT
1002
{
1070
     1
1000
1421624
1002
}
1002
{
1070
     5
1000
787246
1002
}
1002
{
1070
     2
1000
-2006020
1002
}
  0
LINE
  5
531
330
70
100
AcDbEntity
  8
A-FLOR-LEVL
  6
Centre
100
AcDbLine
 10
21428.80685711395
 20
31890.0
 30
0.0
 11
43897.29057507144
 21
31890.0
 31
0.0
1001
REVIT
1002
{
1070
     1
1000
1421624
1002
}
1002
{
1070
     5
1000
787246
1002
}
1002
{
1070
     2
1000
-2000240
1002
}
  0
MTEXT
  5
532
330
70
100
AcDbEntity
  8
A-FLOR-LEVL
100
AcDbMText
 10
21853.59883138339
 20
29661.39910834364
 30
0.0
 40
199.9999999999998
 41
3743.880624999996
 46
0.0
 71
     1
 72
     1
  1
LOWER FLOOR LEVEL RL
  7
ISOCPEUR
 73
     2
 44
1.0
 90
        3
 63
     9
421
 13158600
 45
1.25
441
        0
1001
REVIT
1002
{
1070
     1
1000
1421755
1002
}
1002
{
1070
     5
1000
787266
1002
}
1002
{
1070
     2
1000
-2006020
1002
}
  0
MTEXT
  5
533
330
70
100
AcDbEntity
  8
A-FLOR-LEVL
100
AcDbMText
 10
21853.59883138339
 20
29277.39910834364
 30
0.0
 40
199.9999999999998
 41
881.8562499999989
 46
0.0
 71
     1
 72
     1
  1
28890
  7
ISOCPEUR
 73
     2
 44
1.0
 90
        3
 63
     9
421
 13158600
 45
1.25
441
        0
1001
REVIT
1002
{
1070
     1
1000
1421755
1002
}
1002
{
1070
     5
1000
787266
1002
}
1002
{
1070
     2
1000
-2006020
1002
}
  0
LINE
  5
534
330
70
100
AcDbEntity
  8
A-FLOR-LEVL
  6
Centre
100
AcDbLine
 10
21428.80685711395
 20
28890.0
 30
0.0
 11
43897.29057507144
 21
28890.0
 31
0.0
1001
REVIT
1002
{
1070
     1
1000
1421755
1002
}
1002
{
1070
     5
1000
787266
1002
}
1002
{
1070
     2
1000
-2000240
1002
}
  0
MTEXT
  5
537
330
70
100
AcDbEntity
  8
G-ANNO-TEXT
 62
     5
100
AcDbMText
 10
26536.95592188836
 20
35763.08329755968
 30
0.0
 40
150.0
 41
2004.21875
 46
0.0
 71
     1
 72
     1
  1
BOUNDARY LINE
  7
Calibri
 11
0.0
 21
1.0
 31
0.0
 73
     2
 44
1.0
1001
REVIT
1002
{
1070
     1
1000
2324226
1002
}
1002
{
1070
     5
1000
2108305
1002
}
1002
{
1070
     2
1000
-2000300
1002
}
  0
MTEXT
  5
538
330
70
100
AcDbEntity
  8
G-ANNO-TEXT
 62
     5
100
AcDbMText
 10
41470.6048134057
 20
35795.26645438125
 30
0.0
 40
150.0
 41
2004.21875
 46
0.0
 71
     1
 72
     1
  1
BOUNDARY LINE
  7
Calibri
 11
0.0
 21
1.0
 31
0.0
 73
     2
 44
1.0
1001
REVIT
1002
{
1070
     1
1000
2324227
1002
}
1002
{
1070
     5
1000
2108305
1002
}
1002
{
1070
     2
1000
-2000300
1002
}
  0
MTEXT
  5
53B
330
70
100
AcDbEntity
  8
A-AREA-IDEN
100
AcDbMText
 10
38059.44478831397
 20
33675.36911335565
 30
0.0
 40
179.9999999999998
 41
577.2149999999995
 46
0.0
 71
     1
 72
     1
  1
WIR
  7
Calibri_1
 73
     2
 44
1.0
1001
REVIT
1002
{
1070
     1
1000
2324361
1002
}
1002
{
1070
     5
1000
2144162
1002
}
1002
{
1070
     2
1000
-2000480
1002
}
  0
MTEXT
  5
53C
330
70
100
AcDbEntity
  8
A-AREA-IDEN
100
AcDbMText
 10
36417.08932205591
 20
30277.83773509422
 30
0.0
 40
179.9999999999998
 41
1226.581874999999
 46
0.0
 71
     1
 72
     1
  1
KITCHEN
  7
Calibri_1
 73
     2
 44
1.0
1001
REVIT
1002
{
1070
     1
1000
2324362
1002
}
1002
{
1070
     5
1000
2144162
1002
}
1002
{
1070
     2
1000
-2000480
1002
}
  0
MTEXT
  5
53D
330
70
100
AcDbEntity
  8
A-AREA-IDEN
100
AcDbMText
 10
30897.28310686997
 20
30452.83773509422
 30
0.0
 40
179.9999999999998
 41
1274.683124999999
 46
0.0
 71
     1
 72
     1
  1
FAMILY /
  7
Calibri_1
 73
     2
 44
1.0
1001
REVIT
1002
{
1070
     1
1000
2324363
1002
}
1002
{
1070
     5
1000
2144162
1002
}
1002
{
1070
     2
1000
-2000480
1002
}
  0
MTEXT
  5
53E
330
70
100
AcDbEntity
  8
A-AREA-IDEN
100
AcDbMText
 10
30989.88727353664
 20
30102.26481842756
 30
0.0
 40
179.9999999999998
 41
1050.210624999999
 46
0.0
 71
     1
 72
     1
  1
DINING
  7
Calibri_1
 73
     2
 44
1.0
1001
REVIT
1002
{
1070
     1
1000
2324363
1002
}
1002
{
1070
     5
1000
2144162
1002
}
1002
{
1070
     2
1000
-2000480
1002
}
  0
MTEXT
  5
53F
330
70
100
AcDbEntity
  8
A-AREA-IDEN
100
AcDbMText
 10
30364.54358308668
 20
33675.36911335565
 30
0.0
 40
179.9999999999998
 41
817.721249999999
 46
0.0
 71
     1
 72
     1
  1
BED 2
  7
Calibri_1
 73
     2
 44
1.0
1001
REVIT
1002
{
1070
     1
1000
2324364
1002
}
1002
{
1070
     5
1000
2144162
1002
}
1002
{
1070
     2
1000
-2000480
1002
}
  0
LINE
  5
541
330
70
100
AcDbEntity
  8
A-ROOF-IDEN
100
AcDbLine
 10
35899.52858751504
 20
36027.42883880998
 30
0.0
 11
36188.04381368967
 21
36142.41002657826
 31
0.0
1001
REVIT
1002
{
1070
     1
1000
2324676
1002
}
1002
{
1070
     5
1000
1917170
1002
}
1002
{
1070
     2
1000
-2000266
1002
}
  0
LINE
  5
542
330
70
100
AcDbEntity
  8
A-ROOF-IDEN
100
AcDbLine
 10
36188.04381368967
 20
36142.41002657826
 30
0.0
 11
36091.89950887674
 21
36271.26308146193
 31
0.0
1001
REVIT
1002
{
1070
     1
1000
2324676
1002
}
1002
{
1070
     5
1000
1917170
1002
}
1002
{
1070
     2
1000
-2000266
1002
}
  0
LINE
  5
543
330
70
100
AcDbEntity
  8
A-ROOF-IDEN
100
AcDbLine
 10
36091.89950887674
 20
36271.26308146193
 30
0.0
 11
35899.52858751504
 21
36027.42883880998
 31
0.0
1001
REVIT
1002
{
1070
     1
1000
2324676
1002
}
1002
{
1070
     5
1000
1917170
1002
}
1002
{
1070
     2
1000
-2000266
1002
}
  0
HATCH
  5
544
330
70
100
AcDbEntity
  8
A-ROOF-IDEN
100
AcDbHatch
 10
0.0
 20
0.0
 30
0.0
210
0.0
220
0.0
230
1.0
  2
SOLID
 70
     1
 71
     0
 91
        1
 92
        1
 93
        3
 72
     1
 10
35899.52858751504
 20
36027.42883880998
 11
36188.04381368967
 21
36142.41002657826
 72
     1
 10
36188.04381368967
 20
36142.41002657826
 11
36091.89950887674
 21
36271.26308146193
 72
     1
 10
36091.89950887674
 20
36271.26308146193
 11
35899.52858751504
 21
36027.42883880998
 97
        0
 75
     0
 76
     1
 98
        1
 10
0.0
 20
0.0
1001
REVIT
1002
{
1070
     1
1000
2324676
1002
}
1002
{
1070
     5
1000
1917170
1002
}
1002
{
1070
     2
1000
-2000266
1002
}
  0
LINE
  5
545
330
70
100
AcDbEntity
  8
A-ROOF-IDEN
100
AcDbLine
 10
36900.32193326157
 20
36774.1754376785
 30
0.0
 11
37553.19594900359
 21
36774.17543767851
 31
0.0
1001
REVIT
1002
{
1070
     1
1000
2324676
1002
}
1002
{
1070
     5
1000
1917170
1002
}
1002
{
1070
     2
1000
-2000266
1002
}
  0
LINE
  5
546
330
70
100
AcDbEntity
  8
A-ROOF-IDEN
100
AcDbLine
 10
35899.52858751504
 20
36027.42883880998
 30
0.0
 11
36900.32193326157
 21
36774.1754376785
 31
0.0
1001
REVIT
1002
{
1070
     1
1000
2324676
1002
}
1002
{
1070
     5
1000
1917170
1002
}
1002
{
1070
     2
1000
-2000266
1002
}
  0
MTEXT
  5
547
330
70
100
AcDbEntity
  8
A-ROOF-IDEN
100
AcDbMText
 10
38452.77928233693
 20
36910.96851652242
 30
0.0
 40
149.9999999999998
 41
1859.914999999998
 46
0.0
 71
     1
 72
     1
  1
      ROOF PITCH
  7
Calibri
 73
     2
 44
1.0
1001
REVIT
1002
{
1070
     1
1000
2324676
1002
}
1002
{
1070
     5
1000
1917170
1002
}
1002
{
1070
     2
1000
-2000266
1002
}
  0
MTEXT
  5
548
330
70
100
AcDbEntity
  8
A-ROOF-IDEN
100
AcDbMText
 10
37553.1959490036
 20
36613.31226652242
 30
0.0
 40
149.9999999999998
 41
4040.504999999996
 46
0.0
 71
     1
 72
     1
  1
SHEET METAL ROOF AS SELECTED
  7
Calibri
 73
     2
 44
1.0
1001
REVIT
1002
{
1070
     1
1000
2324676
1002
}
1002
{
1070
     5
1000
1917170
1002
}
1002
{
1070
     2
1000
-2000266
1002
}
  0
MTEXT
  5
54A
330
70
100
AcDbEntity
  8
A-ROOF-IDEN
100
AcDbMText
 10
38216.32499919981
 20
37023.84069216792
 30
0.0
 40
249.9999999999997
 41
416.8774999999996
 46
0.0
 71
     1
 72
     1
  1
5°
  7
ISOCPEUR_B
 73
     2
 44
1.0
1001
REVIT
1002
{
1070
     1
1000
2324676
1002
}
1002
{
1070
     5
1000
1917170
1002
}
1002
{
1070
     2
1000
-2000266
1002
}
  0
LINE
  5
54B
330
70
100
AcDbEntity
  8
G-ANNO-TEXT
 62
     7
100
AcDbLine
 10
35470.29122056229
 20
28813.10295738161
 30
0.0
 11
35389.90646283295
 21
28513.10295738161
 31
0.0
1001
REVIT
1002
{
1070
     1
1000
2324678
1002
}
1002
{
1070
     5
1000
744073
1002
}
1002
{
1070
     2
1000
-2000300
1002
}
  0
LINE
  5
54C
330
70
100
AcDbEntity
  8
G-ANNO-TEXT
 62
     7
100
AcDbLine
 10
35389.90646283295
 20
28513.10295738161
 30
0.0
 11
35550.67597829162
 21
28513.10295738161
 31
0.0
1001
REVIT
1002
{
1070
     1
1000
2324678
1002
}
1002
{
1070
     5
1000
744073
1002
}
1002
{
1070
     2
1000
-2000300
1002
}
  0
LINE
  5
54D
330
70
100
AcDbEntity
  8
G-ANNO-TEXT
 62
     7
100
AcDbLine
 10
35550.67597829162
 20
28513.10295738161
 30
0.0
 11
35470.29122056229
 21
28813.10295738161
 31
0.0
1001
REVIT
1002
{
1070
     1
1000
2324678
1002
}
1002
{
1070
     5
1000
744073
1002
}
1002
{
1070
     2
1000
-2000300
1002
}
  0
HATCH
  5
54E
330
70
100
AcDbEntity
  8
G-ANNO-TEXT
 62
     7
100
AcDbHatch
 10
0.0
 20
0.0
 30
0.0
210
0.0
220
0.0
230
1.0
  2
SOLID
 70
     1
 71
     0
 91
        1
 92
        1
 93
        3
 72
     1
 10
35470.29122056229
 20
28813.10295738161
 11
35389.90646283295
 21
28513.10295738161
 72
     1
 10
35389.90646283295
 20
28513.10295738161
 11
35550.67597829162
 21
28513.10295738161
 72
     1
 10
35550.67597829162
 20
28513.10295738161
 11
35470.29122056229
 21
28813.10295738161
 97
        0
 75
     0
 76
     1
 98
        1
 10
0.0
 20
0.0
1001
REVIT
1002
{
1070
     1
1000
2324678
1002
}
1002
{
1070
     5
1000
744073
1002
}
1002
{
1070
     2
1000
-2000300
1002
}
  0
LINE
  5
54F
330
70
100
AcDbEntity
  8
G-ANNO-TEXT
 62
     7
100
AcDbLine
 10
35470.29122056229
 20
27190.00089213834
 30
0.0
 11
34453.08153378217
 21
27190.00089213834
 31
0.0
1001
REVIT
1002
{
1070
     1
1000
2324678
1002
}
1002
{
1070
     5
1000
744073
1002
}
1002
{
1070
     2
1000
-2000300
1002
}
  0
LINE
  5
550
330
70
100
AcDbEntity
  8
G-ANNO-TEXT
 62
     7
100
AcDbLine
 10
35470.29122056229
 20
28813.10295738161
 30
0.0
 11
35470.29122056229
 21
27190.00089213834
 31
0.0
1001
REVIT
1002
{
1070
     1
1000
2324678
1002
}
1002
{
1070
     5
1000
744073
1002
}
1002
{
1070
     2
1000
-2000300
1002
}
  0
MTEXT
  5
552
330
70
100
AcDbEntity
  8
G-ANNO-TEXT
 62
     7
100
AcDbMText
 10
32130.47826837108
 20
27399.605058805
 30
0.0
 40
150.0
 41
2637.551874999999
 46
0.0
 71
     1
 72
     1
  1
RC RAFT SLAB TO ENG. 
  7
ISOCPEUR_1
 73
     2
 44
1.0
1001
REVIT
1002
{
1070
     1
1000
2324678
1002
}
1002
{
1070
     5
1000
744073
1002
}
1002
{
1070
     2
1000
-2000300
1002
}
  0
MTEXT
  5
553
330
70
100
AcDbEntity
  8
G-ANNO-TEXT
 62
     7
100
AcDbMText
 10
33559.22826837108
 20
27115.17797547166
 30
0.0
 40
150.0
 41
905.906875
 46
0.0
 71
     1
 72
     1
  1
DETAILS 
  7
ISOCPEUR_1
 73
     2
 44
1.0
1001
REVIT
1002
{
1070
     1
1000
2324678
1002
}
1002
{
1070
     5
1000
744073
1002
}
1002
{
1070
     2
1000
-2000300
1002
}
  0
LINE
  5
554
330
70
100
AcDbEntity
  8
G-ANNO-TEXT
 62
     7
100
AcDbLine
 10
38509.6216355852
 20
32153.55057026087
 30
0.0
 11
38509.37027941575
 21
31842.96781784972
 31
0.0
1001
REVIT
1002
{
1070
     1
1000
2324679
1002
}
1002
{
1070
     5
1000
744073
1002
}
1002
{
1070
     2
1000
-2000300
1002
}
  0
LINE
  5
555
330
70
100
AcDbEntity
  8
G-ANNO-TEXT
 62
     7
100
AcDbLine
 10
38509.37027941575
 20
31842.96781784972
 30
0.0
 11
38664.69533096263
 21
31884.4523386108
 31
0.0
1001
REVIT
1002
{
1070
     1
1000
2324679
1002
}
1002
{
1070
     5
1000
744073
1002
}
1002
{
1070
     2
1000
-2000300
1002
}
  0
LINE
  5
556
330
70
100
AcDbEntity
  8
G-ANNO-TEXT
 62
     7
100
AcDbLine
 10
38664.69533096263
 20
31884.4523386108
 30
0.0
 11
38509.6216355852
 21
32153.55057026087
 31
0.0
1001
REVIT
1002
{
1070
     1
1000
2324679
1002
}
1002
{
1070
     5
1000
744073
1002
}
1002
{
1070
     2
1000
-2000300
1002
}
  0
HATCH
  5
557
330
70
100
AcDbEntity
  8
G-ANNO-TEXT
 62
     7
100
AcDbHatch
 10
0.0
 20
0.0
 30
0.0
210
0.0
220
0.0
230
1.0
  2
SOLID
 70
     1
 71
     0
 91
        1
 92
        1
 93
        3
 72
     1
 10
38509.6216355852
 20
32153.55057026087
 11
38509.37027941575
 21
31842.96781784972
 72
     1
 10
38509.37027941575
 20
31842.96781784972
 11
38664.69533096263
 21
31884.4523386108
 72
     1
 10
38664.69533096263
 20
31884.4523386108
 11
38509.6216355852
 21
32153.55057026087
 97
        0
 75
     0
 76
     1
 98
        1
 10
0.0
 20
0.0
1001
REVIT
1002
{
1070
     1
1000
2324679
1002
}
1002
{
1070
     5
1000
744073
1002
}
1002
{
1070
     2
1000
-2000300
1002
}
  0
LINE
  5
558
330
70
100
AcDbEntity
  8
G-ANNO-TEXT
 62
     7
100
AcDbLine
 10
38681.27241970019
 20
31510.86104651588
 30
0.0
 11
41472.20687566852
 21
31510.86104651589
 31
0.0
1001
REVIT
1002
{
1070
     1
1000
2324679
1002
}
1002
{
1070
     5
1000
744073
1002
}
1002
{
1070
     2
1000
-2000300
1002
}
  0
LINE
  5
559
330
70
100
AcDbEntity
  8
G-ANNO-TEXT
 62
     7
100
AcDbLine
 10
38509.6216355852
 20
32153.55057026087
 30
0.0
 11
38681.27241970019
 21
31510.86104651588
 31
0.0
1001
REVIT
1002
{
1070
     1
1000
2324679
1002
}
1002
{
1070
     5
1000
744073
1002
}
1002
{
1070
     2
1000
-2000300
1002
}
  0
MTEXT
  5
55A
330
70
100
AcDbEntity
  8
G-ANNO-TEXT
 62
     7
100
AcDbMText
 10
41622.20687566851
 20
31585.86104651589
 30
0.0
 40
150.0
 41
1378.9025
 46
0.0
 71
     1
 72
     1
  1
SUSPENDED 
  7
ISOCPEUR_1
 73
     2
 44
1.0
1001
REVIT
1002
{
1070
     1
1000
2324679
1002
}
1002
{
1070
     5
1000
744073
1002
}
1002
{
1070
     2
1000
-2000300
1002
}
  0
MTEXT
  5
55B
330
70
100
AcDbEntity
  8
G-ANNO-TEXT
 62
     7
100
AcDbMText
 10
41622.20687566851
 20
31301.43396318255
 30
0.0
 40
150.0
 41
1891.9825
 46
0.0
 71
     1
 72
     1
  1
CONCRETE SLAB 
  7
ISOCPEUR_1
 73
     2
 44
1.0
1001
REVIT
1002
{
1070
     1
1000
2324679
1002
}
1002
{
1070
     5
1000
744073
1002
}
1002
{
1070
     2
1000
-2000300
1002
}
  0
MTEXT
  5
55C
330
70
100
AcDbEntity
  8
G-ANNO-TEXT
 62
     7
100
AcDbMText
 10
41622.20687566851
 20
31017.00687984922
 30
0.0
 40
150.0
 41
1891.9825
 46
0.0
 71
     1
 72
     1
  1
TO ENG. DETAILS
  7
ISOCPEUR_1
 73
     2
 44
1.0
1001
REVIT
1002
{
1070
     1
1000
2324679
1002
}
1002
{
1070
     5
1000
744073
1002
}
1002
{
1070
     2
1000
-2000300
1002
}
  0
LINE
  5
55D
330
70
100
AcDbEntity
  8
G-ANNO-TEXT
 62
     7
100
AcDbLine
 10
40901.69790792615
 20
29090.33604188367
 30
0.0
 11
40694.49443662667
 21
28858.97392148222
 31
0.0
1001
REVIT
1002
{
1070
     1
1000
2324758
1002
}
1002
{
1070
     5
1000
744073
1002
}
1002
{
1070
     2
1000
-2000300
1002
}
  0
LINE
  5
55E
330
70
100
AcDbEntity
  8
G-ANNO-TEXT
 62
     7
100
AcDbLine
 10
40694.49443662667
 20
28858.97392148222
 30
0.0
 11
40837.93549822922
 21
28786.36883249285
 31
0.0
1001
REVIT
1002
{
1070
     1
1000
2324758
1002
}
1002
{
1070
     5
1000
744073
1002
}
1002
{
1070
     2
1000
-2000300
1002
}
  0
LINE
  5
55F
330
70
100
AcDbEntity
  8
G-ANNO-TEXT
 62
     7
100
AcDbLine
 10
40837.93549822922
 20
28786.36883249285
 30
0.0
 11
40901.69790792615
 21
29090.33604188367
 31
0.0
1001
REVIT
1002
{
1070
     1
1000
2324758
1002
}
1002
{
1070
     5
1000
744073
1002
}
1002
{
1070
     2
1000
-2000300
1002
}
  0
HATCH
  5
560
330
70
100
AcDbEntity
  8
G-ANNO-TEXT
 62
     7
100
AcDbHatch
 10
0.0
 20
0.0
 30
0.0
210
0.0
220
0.0
230
1.0
  2
SOLID
 70
     1
 71
     0
 91
        1
 92
        1
 93
        3
 72
     1
 10
40901.69790792615
 20
29090.33604188367
 11
40694.49443662667
 21
28858.97392148222
 72
     1
 10
40694.49443662667
 20
28858.97392148222
 11
40837.93549822922
 21
28786.36883249285
 72
     1
 10
40837.93549822922
 20
28786.36883249285
 11
40901.69790792615
 21
29090.33604188367
 97
        0
 75
     0
 76
     1
 98
        1
 10
0.0
 20
0.0
1001
REVIT
1002
{
1070
     1
1000
2324758
1002
}
1002
{
1070
     5
1000
744073
1002
}
1002
{
1070
     2
1000
-2000300
1002
}
  0
LINE
  5
561
330
70
100
AcDbEntity
  8
G-ANNO-TEXT
 62
     7
100
AcDbLine
 10
39980.25955491018
 20
27269.9113664557
 30
0.0
 11
39379.04037139642
 21
27269.9113664557
 31
0.0
1001
REVIT
1002
{
1070
     1
1000
2324758
1002
}
1002
{
1070
     5
1000
744073
1002
}
1002
{
1070
     2
1000
-2000300
1002
}
  0
LINE
  5
562
330
70
100
AcDbEntity
  8
G-ANNO-TEXT
 62
     7
100
AcDbLine
 10
40901.69790792615
 20
29090.33604188367
 30
0.0
 11
39980.25955491018
 21
27269.9113664557
 31
0.0
1001
REVIT
1002
{
1070
     1
1000
2324758
1002
}
1002
{
1070
     5
1000
744073
1002
}
1002
{
1070
     2
1000
-2000300
1002
}
  0
MTEXT
  5
563
330
70
100
AcDbEntity
  8
G-ANNO-TEXT
 62
     7
100
AcDbMText
 10
37069.66627265198
 20
27479.51553312237
 30
0.0
 40
150.0
 41
2621.518125
 46
0.0
 71
     1
 72
     1
  1
SHORING PILES TO ENG. 
  7
ISOCPEUR_1
 73
     2
 44
1.0
1001
REVIT
1002
{
1070
     1
1000
2324758
1002
}
1002
{
1070
     5
1000
744073
1002
}
1002
{
1070
     2
1000
-2000300
1002
}
  0
MTEXT
  5
564
330
70
100
AcDbEntity
  8
G-ANNO-TEXT
 62
     7
100
AcDbMText
 10
38485.18710598532
 20
27195.08844978904
 30
0.0
 40
150.0
 41
905.906875
 46
0.0
 71
     1
 72
     1
  1
DETAILS 
  7
ISOCPEUR_1
 73
     2
 44
1.0
1001
REVIT
1002
{
1070
     1
1000
2324758
1002
}
1002
{
1070
     5
1000
744073
1002
}
1002
{
1070
     2
1000
-2000300
1002
}
  0
LINE
  5
565
330
70
100
AcDbEntity
  8
G-ANNO-TEXT
 62
     7
100
AcDbLine
 10
27512.66250154199
 20
28412.20353144134
 30
0.0
 11
27278.38168653477
 21
28208.3059861036
 31
0.0
1001
REVIT
1002
{
1070
     1
1000
2337265
1002
}
1002
{
1070
     5
1000
744073
1002
}
1002
{
1070
     2
1000
-2000300
1002
}
  0
LINE
  5
566
330
70
100
AcDbEntity
  8
G-ANNO-TEXT
 62
     7
100
AcDbLine
 10
27278.38168653477
 20
28208.3059861036
 30
0.0
 11
27411.71813679529
 21
28118.48266990596
 31
0.0
1001
REVIT
1002
{
1070
     1
1000
2337265
1002
}
1002
{
1070
     5
1000
744073
1002
}
1002
{
1070
     2
1000
-2000300
1002
}
  0
LINE
  5
567
330
70
100
AcDbEntity
  8
G-ANNO-TEXT
 62
     7
100
AcDbLine
 10
27411.71813679529
 20
28118.48266990596
 30
0.0
 11
27512.66250154199
 21
28412.20353144134
 31
0.0
1001
REVIT
1002
{
1070
     1
1000
2337265
1002
}
1002
{
1070
     5
1000
744073
1002
}
1002
{
1070
     2
1000
-2000300
1002
}
  0
HATCH
  5
568
330
70
100
AcDbEntity
  8
G-ANNO-TEXT
 62
     7
100
AcDbHatch
 10
0.0
 20
0.0
 30
0.0
210
0.0
220
0.0
230
1.0
  2
SOLID
 70
     1
 71
     0
 91
        1
 92
        1
 93
        3
 72
     1
 10
27512.66250154199
 20
28412.20353144134
 11
27278.38168653477
 21
28208.3059861036
 72
     1
 10
27278.38168653477
 20
28208.3059861036
 11
27411.71813679529
 21
28118.48266990596
 72
     1
 10
27411.71813679529
 20
28118.48266990596
 11
27512.66250154199
 21
28412.20353144134
 97
        0
 75
     0
 76
     1
 98
        1
 10
0.0
 20
0.0
1001
REVIT
1002
{
1070
     1
1000
2337265
1002
}
1002
{
1070
     5
1000
744073
1002
}
1002
{
1070
     2
1000
-2000300
1002
}
  0
LINE
  5
569
330
70
100
AcDbEntity
  8
G-ANNO-TEXT
 62
     7
100
AcDbLine
 10
27026.04293196646
 20
27689.85070835323
 30
0.0
 11
26840.99567553601
 21
27689.85070835323
 31
0.0
1001
REVIT
1002
{
1070
     1
1000
2337265
1002
}
1002
{
1070
     5
1000
744073
1002
}
1002
{
1070
     2
1000
-2000300
1002
}
  0
LINE
  5
56A
330
70
100
AcDbEntity
  8
G-ANNO-TEXT
 62
     7
100
AcDbLine
 10
27512.66250154199
 20
28412.20353144134
 30
0.0
 11
27026.04293196646
 21
27689.85070835323
 31
0.0
1001
REVIT
1002
{
1070
     1
1000
2337265
1002
}
1002
{
1070
     5
1000
744073
1002
}
1002
{
1070
     2
1000
-2000300
1002
}
  0
MTEXT
  5
56B
330
70
100
AcDbEntity
  8
G-ANNO-TEXT
 62
     7
100
AcDbMText
 10
24679.20202716343
 20
27899.45487501989
 30
0.0
 40
150.0
 41
2437.13
 46
0.0
 71
     1
 72
     1
  1
AG LINE AS REQUIRED
  7
ISOCPEUR_1
 73
     2
 44
1.0
1001
REVIT
1002
{
1070
     1
1000
2337265
1002
}
1002
{
1070
     5
1000
744073
1002
}
1002
{
1070
     2
1000
-2000300
1002
}
  0
MTEXT
  5
56C
330
70
100
AcDbEntity
  8
G-ANNO-TEXT
 62
     7
100
AcDbMText
 10
25036.38952716343
 20
27615.02779168656
 30
0.0
 40
150.0
 41
2004.21875
 46
0.0
 71
     1
 72
     1
  1
 TO ENG. DETAILS 
  7
ISOCPEUR_1
 73
     2
 44
1.0
1001
REVIT
1002
{
1070
     1
1000
2337265
1002
}
1002
{
1070
     5
1000
744073
1002
}
1002
{
1070
     2
1000
-2000300
1002
}
  0
LINE
  5
56D
330
70
100
AcDbEntity
  8
G-ANNO-TEXT
 62
     7
100
AcDbLine
 10
27999.76254398872
 20
29183.45101040223
 30
0.0
 11
28048.36017593846
 21
28876.69381090385
 31
0.0
1001
REVIT
1002
{
1070
     1
1000
2337274
1002
}
1002
{
1070
     5
1000
744073
1002
}
1002
{
1070
     2
1000
-2000300
1002
}
  0
LINE
  5
56E
330
70
100
AcDbEntity
  8
G-ANNO-TEXT
 62
     7
100
AcDbLine
 10
28048.36017593846
 20
28876.69381090385
 30
0.0
 11
28195.22792757015
 21
28942.09029881773
 31
0.0
1001
REVIT
1002
{
1070
     1
1000
2337274
1002
}
1002
{
1070
     5
1000
744073
1002
}
1002
{
1070
     2
1000
-2000300
1002
}
  0
LINE
  5
56F
330
70
100
AcDbEntity
  8
G-ANNO-TEXT
 62
     7
100
AcDbLine
 10
28195.22792757015
 20
28942.09029881773
 30
0.0
 11
27999.76254398872
 21
29183.45101040223
 31
0.0
1001
REVIT
1002
{
1070
     1
1000
2337274
1002
}
1002
{
1070
     5
1000
744073
1002
}
1002
{
1070
     2
1000
-2000300
1002
}
  0
HATCH
  5
570
330
70
100
AcDbEntity
  8
G-ANNO-TEXT
 62
     7
100
AcDbHatch
 10
0.0
 20
0.0
 30
0.0
210
0.0
220
0.0
230
1.0
  2
SOLID
 70
     1
 71
     0
 91
        1
 92
        1
 93
        3
 72
     1
 10
27999.76254398872
 20
29183.45101040223
 11
28048.36017593846
 21
28876.69381090385
 72
     1
 10
28048.36017593846
 20
28876.69381090385
 11
28195.22792757015
 21
28942.09029881773
 72
     1
 10
28195.22792757015
 20
28942.09029881773
 11
27999.76254398872
 21
29183.45101040223
 97
        0
 75
     0
 76
     1
 98
        1
 10
0.0
 20
0.0
1001
REVIT
1002
{
1070
     1
1000
2337274
1002
}
1002
{
1070
     5
1000
744073
1002
}
1002
{
1070
     2
1000
-2000300
1002
}
  0
LINE
  5
571
330
70
100
AcDbEntity
  8
G-ANNO-TEXT
 62
     7
100
AcDbLine
 10
28622.70007004637
 20
27784.4548750199
 30
0.0
 11
28821.70404414113
 21
27784.4548750199
 31
0.0
1001
REVIT
1002
{
1070
     1
1000
2337274
1002
}
1002
{
1070
     5
1000
744073
1002
}
1002
{
1070
     2
1000
-2000300
1002
}
  0
LINE
  5
572
330
70
100
AcDbEntity
  8
G-ANNO-TEXT
 62
     7
100
AcDbLine
 10
27999.76254398872
 20
29183.45101040223
 30
0.0
 11
28622.70007004637
 21
27784.4548750199
 31
0.0
1001
REVIT
1002
{
1070
     1
1000
2337274
1002
}
1002
{
1070
     5
1000
744073
1002
}
1002
{
1070
     2
1000
-2000300
1002
}
  0
MTEXT
  5
573
330
70
100
AcDbEntity
  8
G-ANNO-TEXT
 62
     7
100
AcDbMText
 10
28971.70404414113
 20
27859.45487501989
 30
0.0
 40
150.0
 41
2364.978125
 46
0.0
 71
     1
 72
     1
  1
RETAINING WALL TO 
  7
ISOCPEUR_1
 73
     2
 44
1.0
1001
REVIT
1002
{
1070
     1
1000
2337274
1002
}
1002
{
1070
     5
1000
744073
1002
}
1002
{
1070
     2
1000
-2000300
1002
}
  0
MTEXT
  5
574
330
70
100
AcDbEntity
  8
G-ANNO-TEXT
 62
     7
100
AcDbMText
 10
28971.70404414113
 20
27575.02779168656
 30
0.0
 40
150.0
 41
1603.375
 46
0.0
 71
     1
 72
     1
  1
ENG. DETAILS 
  7
ISOCPEUR_1
 73
     2
 44
1.0
1001
REVIT
1002
{
1070
     1
1000
2337274
1002
}
1002
{
1070
     5
1000
744073
1002
}
1002
{
1070
     2
1000
-2000300
1002
}
  0
LINE
  5
575
330
70
100
AcDbEntity
  8
G-ANNO-TEXT
 62
     7
100
AcDbLine
 10
39663.76740126512
 20
32258.47291259541
 30
0.0
 11
39897.03196941666
 21
32463.53229550748
 31
0.0
1001
REVIT
1002
{
1070
     1
1000
2351842
1002
}
1002
{
1070
     5
1000
744073
1002
}
1002
{
1070
     2
1000
-2000300
1002
}
  0
LINE
  5
576
330
70
100
AcDbEntity
  8
G-ANNO-TEXT
 62
     7
100
AcDbLine
 10
39897.03196941666
 20
32463.53229550748
 30
0.0
 11
39763.25075163113
 21
32552.6918315574
 31
0.0
1001
REVIT
1002
{
1070
     1
1000
2351842
1002
}
1002
{
1070
     5
1000
744073
1002
}
1002
{
1070
     2
1000
-2000300
1002
}
  0
LINE
  5
577
330
70
100
AcDbEntity
  8
G-ANNO-TEXT
 62
     7
100
AcDbLine
 10
39763.25075163113
 20
32552.6918315574
 30
0.0
 11
39663.76740126512
 21
32258.47291259541
 31
0.0
1001
REVIT
1002
{
1070
     1
1000
2351842
1002
}
1002
{
1070
     5
1000
744073
1002
}
1002
{
1070
     2
1000
-2000300
1002
}
  0
HATCH
  5
578
330
70
100
AcDbEntity
  8
G-ANNO-TEXT
 62
     7
100
AcDbHatch
 10
0.0
 20
0.0
 30
0.0
210
0.0
220
0.0
230
1.0
  2
SOLID
 70
     1
 71
     0
 91
        1
 92
        1
 93
        3
 72
     1
 10
39663.76740126512
 20
32258.47291259541
 11
39897.03196941666
 21
32463.53229550748
 72
     1
 10
39897.03196941666
 20
32463.53229550748
 11
39763.25075163113
 21
32552.6918315574
 72
     1
 10
39763.25075163113
 20
32552.6918315574
 11
39663.76740126512
 21
32258.47291259541
 97
        0
 75
     0
 76
     1
 98
        1
 10
0.0
 20
0.0
1001
REVIT
1002
{
1070
     1
1000
2351842
1002
}
1002
{
1070
     5
1000
744073
1002
}
1002
{
1070
     2
1000
-2000300
1002
}
  0
LINE
  5
579
330
70
100
AcDbEntity
  8
G-ANNO-TEXT
 62
     7
100
AcDbLine
 10
40552.38752466613
 20
33591.82083615091
 30
0.0
 11
41472.20687566852
 21
33591.82083615091
 31
0.0
1001
REVIT
1002
{
1070
     1
1000
2351842
1002
}
1002
{
1070
     5
1000
744073
1002
}
1002
{
1070
     2
1000
-2000300
1002
}
  0
LINE
  5
57A
330
70
100
AcDbEntity
  8
G-ANNO-TEXT
 62
     7
100
AcDbLine
 10
39663.76740126512
 20
32258.47291259541
 30
0.0
 11
40552.38752466613
 21
33591.82083615091
 31
0.0
1001
REVIT
1002
{
1070
     1
1000
2351842
1002
}
1002
{
1070
     5
1000
744073
1002
}
1002
{
1070
     2
1000
-2000300
1002
}
  0
MTEXT
  5
57B
330
70
100
AcDbEntity
  8
G-ANNO-TEXT
 62
     7
100
AcDbMText
 10
41622.20687566851
 20
33666.8208361509
 30
0.0
 40
150.0
 41
1779.74625
 46
0.0
 71
     1
 72
     1
  1
75mm EPS CLAD
  7
ISOCPEUR_1
 73
     2
 44
1.0
1001
REVIT
1002
{
1070
     1
1000
2351842
1002
}
1002
{
1070
     5
1000
744073
1002
}
1002
{
1070
     2
1000
-2000300
1002
}
  0
MTEXT
  5
57C
330
70
100
AcDbEntity
  8
G-ANNO-TEXT
 62
     7
100
AcDbMText
 10
41622.20687566851
 20
33382.39375281757
 30
0.0
 40
150.0
 41
1867.931875
 46
0.0
 71
     1
 72
     1
  1
AS DECORATIVE 
  7
ISOCPEUR_1
 73
     2
 44
1.0
1001
REVIT
1002
{
1070
     1
1000
2351842
1002
}
1002
{
1070
     5
1000
744073
1002
}
1002
{
1070
     2
1000
-2000300
1002
}
  0
MTEXT
  5
57D
330
70
100
AcDbEntity
  8
G-ANNO-TEXT
 62
     7
100
AcDbMText
 10
41622.20687566851
 20
33097.96666948423
 30
0.0
 40
150.0
 41
593.24875
 46
0.0
 71
     1
 72
     1
  1
BAND
  7
ISOCPEUR_1
 73
     2
 44
1.0
1001
REVIT
1002
{
1070
     1
1000
2351842
1002
}
1002
{
1070
     5
1000
744073
1002
}
1002
{
1070
     2
1000
-2000300
1002
}
  0
DIMENSION
  5
592
330
70
100
AcDbEntity
  8
A-ANNO-DIMS
100
AcDbDimension
280
     0
  2
DIMBLOCK1-SECTION E-E
 10
40203.58543642616
 20
31890.00000000002
 30
0.0
 11
40126.73928250843
 21
32240.0
 31
0.0
 70
    32
 71
     5
 42
700.0000000000036
 73
     0
 74
     0
 75
     0
  3
1_5mm_Calibrii
100
AcDbAlignedDimension
 13
39903.58543642614
 23
32590.00000000001
 33
0.0
 14
40503.58543642614
 24
31890.0
 34
0.0
 50
89.99999999999991
100
AcDbRotatedDimension
1001
ACAD
1000
DSTYLE
1002
{
1070
    49
1040
921.9544457292915
1002
}
1001
REVIT
1002
{
1070
     1
1000
2351843
1002
}
1002
{
1070
     5
1000
2159605
1002
}
1002
{
1070
     2
1000
-2000260
1002
}
  0
LINE
  5
5A1
330
70
100
AcDbEntity
  8
G-ANNO-TEXT
 62
     7
100
AcDbLine
 10
27902.67492086076
 20
32555.99048713649
 30
0.0
 11
27771.11921384872
 21
32837.33512495241
 31
0.0
1001
REVIT
1002
{
1070
     1
1000
2351850
1002
}
1002
{
1070
     5
1000
744073
1002
}
1002
{
1070
     2
1000
-2000300
1002
}
  0
LINE
  5
5A2
330
70
100
AcDbEntity
  8
G-ANNO-TEXT
 62
     7
100
AcDbLine
 10
27771.11921384872
 20
32837.33512495241
 30
0.0
 11
27648.07201766755
 21
32733.86423719758
 31
0.0
1001
REVIT
1002
{
1070
     1
1000
2351850
1002
}
1002
{
1070
     5
1000
744073
1002
}
1002
{
1070
     2
1000
-2000300
1002
}
  0
LINE
  5
5A3
330
70
100
AcDbEntity
  8
G-ANNO-TEXT
 62
     7
100
AcDbLine
 10
27648.07201766755
 20
32733.86423719758
 30
0.0
 11
27902.67492086076
 21
32555.99048713649
 31
0.0
1001
REVIT
1002
{
1070
     1
1000
2351850
1002
}
1002
{
1070
     5
1000
744073
1002
}
1002
{
1070
     2
1000
-2000300
1002
}
  0
HATCH
  5
5A4
330
70
100
AcDbEntity
  8
G-ANNO-TEXT
 62
     7
100
AcDbHatch
 10
0.0
 20
0.0
 30
0.0
210
0.0
220
0.0
230
1.0
  2
SOLID
 70
     1
 71
     0
 91
        1
 92
        1
 93
        3
 72
     1
 10
27902.67492086076
 20
32555.99048713649
 11
27771.11921384872
 21
32837.33512495241
 72
     1
 10
27771.11921384872
 20
32837.33512495241
 11
27648.07201766755
 21
32733.86423719758
 72
     1
 10
27648.07201766755
 20
32733.86423719758
 11
27902.67492086076
 21
32555.99048713649
 97
        0
 75
     0
 76
     1
 98
        1
 10
0.0
 20
0.0
1001
REVIT
1002
{
1070
     1
1000
2351850
1002
}
1002
{
1070
     5
1000
744073
1002
}
1002
{
1070
     2
1000
-2000300
1002
}
  0
LINE
  5
5A5
330
70
100
AcDbEntity
  8
G-ANNO-TEXT
 62
     7
100
AcDbLine
 10
27014.05479745975
 20
33612.73424402533
 30
0.0
 11
26094.23544645737
 21
33612.73424402531
 31
0.0
1001
REVIT
1002
{
1070
     1
1000
2351850
1002
}
1002
{
1070
     5
1000
744073
1002
}
1002
{
1070
     2
1000
-2000300
1002
}
  0
LINE
  5
5A6
330
70
100
AcDbEntity
  8
G-ANNO-TEXT
 62
     7
100
AcDbLine
 10
27902.67492086076
 20
32555.99048713649
 30
0.0
 11
27014.05479745975
 21
33612.73424402533
 31
0.0
1001
REVIT
1002
{
1070
     1
1000
2351850
1002
}
1002
{
1070
     5
1000
744073
1002
}
1002
{
1070
     2
1000
-2000300
1002
}
  0
MTEXT
  5
5A7
330
70
100
AcDbEntity
  8
G-ANNO-TEXT
 62
     7
100
AcDbMText
 10
24474.35057054547
 20
33964.33841069198
 30
0.0
 40
150.0
 41
1779.74625
 46
0.0
 71
     1
 72
     1
  1
75mm EPS CLAD
  7
ISOCPEUR_1
 73
     2
 44
1.0
1001
REVIT
1002
{
1070
     1
1000
2351850
1002
}
1002
{
1070
     5
1000
744073
1002
}
1002
{
1070
     2
1000
-2000300
1002
}
  0
MTEXT
  5
5A8
330
70
100
AcDbEntity
  8
G-ANNO-TEXT
 62
     7
100
AcDbMText
 10
24494.19432054547
 20
33679.91132735864
 30
0.0
 40
150.0
 41
1755.695625
 46
0.0
 71
     1
 72
     1
  1
AS DECORATIVE 
  7
ISOCPEUR_1
 73
     2
 44
1.0
1001
REVIT
1002
{
1070
     1
1000
2351850
1002
}
1002
{
1070
     5
1000
744073
1002
}
1002
{
1070
     2
1000
-2000300
1002
}
  0
MTEXT
  5
5A9
330
70
100
AcDbEntity
  8
G-ANNO-TEXT
 62
     7
100
AcDbMText
 10
25453.3089038788
 20
33395.48424402531
 30
0.0
 40
150.0
 41
593.2487500000003
 46
0.0
 71
     1
 72
     1
  1
BAND
  7
ISOCPEUR_1
 73
     2
 44
1.0
1001
REVIT
1002
{
1070
     1
1000
2351850
1002
}
1002
{
1070
     5
1000
744073
1002
}
1002
{
1070
     2
1000
-2000300
1002
}
  0
DIMENSION
  5
5B7
330
70
100
AcDbEntity
  8
A-ANNO-DIMS
100
AcDbDimension
280
     0
  2
DIMBLOCK2-SECTION E-E
 10
27462.57448544835
 20
31890.00000000002
 30
0.0
 11
27385.72833153063
 21
32240.0
 31
0.0
 70
    32
 71
     5
 42
700.0000000000036
 73
     0
 74
     0
 75
     0
  3
1_5mm_Calibrii
100
AcDbAlignedDimension
 13
27762.57448544833
 23
32590.00000000001
 33
0.0
 14
27762.57448544833
 24
31890.0
 34
0.0
 50
89.99999999999991
100
AcDbRotatedDimension
1001
ACAD
1000
DSTYLE
1002
{
1070
    49
1040
700.0000000000036
1002
}
1001
REVIT
1002
{
1070
     1
1000
2351884
1002
}
1002
{
1070
     5
1000
2159605
1002
}
1002
{
1070
     2
1000
-2000260
1002
}
  0
ENDSEC
  0
SECTION
  2
OBJECTS
  0
DICTIONARY
  5
C
330
0
100
AcDbDictionary
281
     1
  3
ACAD_CIP_PREVIOUS_PRODUCT_INFO
350
79
  3
ACAD_COLOR
350
63
  3
ACAD_DETAILVIEWSTYLE
350
6A
  3
ACAD_GROUP
350
D
  3
ACAD_IMAGE_VARS
350
7A
  3
ACAD_LAYOUT
350
62
  3
ACAD_MATERIAL
350
10
  3
ACAD_MLEADERSTYLE
350
66
  3
ACAD_MLINESTYLE
350
5F
  3
ACAD_PLOTSETTINGS
350
61
  3
ACAD_PLOTSTYLENAME
350
E
  3
ACAD_SCALELIST
350
42
  3
ACAD_SECTIONVIEWSTYLE
350
68
  3
ACAD_TABLESTYLE
350
64
  3
ACAD_VISUALSTYLE
350
29
  3
ACDB_RECOMPOSE_DATA
350
5D5
  3
AcDbVariableDictionary
350
5CD
  3
REVIT_DICTIONARY
350
5C4
  0
DICTIONARY
  5
5C9
330
70
100
AcDbDictionary
280
     1
281
     1
  3
ACAD_SORTENTS
360
5CA
  0
XRECORD
  5
79
102
{ACAD_REACTORS
330
C
102
}
330
C
100
AcDbXrecord
280
     1
300
RVT
300
2026
300
RVT2026
  0
DICTIONARY
  5
63
102
{ACAD_REACTORS
330
C
102
}
330
C
100
AcDbDictionary
281
     1
  0
DICTIONARY
  5
6A
102
{ACAD_REACTORS
330
C
102
}
330
C
100
AcDbDictionary
281
     1
  3
Imperial24
350
6B
  0
DICTIONARY
  5
D
102
{ACAD_REACTORS
330
C
102
}
330
C
100
AcDbDictionary
281
     1
  0
RASTERVARIABLES
  5
7A
102
{ACAD_REACTORS
330
C
102
}
330
C
100
AcDbRasterVariables
 90
        0
 70
     0
 71
     1
 72
     1
  0
DICTIONARY
  5
62
102
{ACAD_REACTORS
330
C
102
}
330
C
100
AcDbDictionary
281
     1
  3
Layout1
350
6F
  3
Layout2
350
77
  3
Model
350
73
  0
DICTIONARY
  5
10
102
{ACAD_REACTORS
330
C
102
}
330
C
100
AcDbDictionary
281
     1
  3
ByBlock
350
19
  3
ByLayer
350
11
  3
Global
350
21
  0
DICTIONARY
  5
66
102
{ACAD_REACTORS
330
C
102
}
330
C
100
AcDbDictionary
281
     1
  3
Standard
350
67
  0
DICTIONARY
  5
5F
102
{ACAD_REACTORS
330
C
102
}
330
C
100
AcDbDictionary
281
     1
  3
Standard
350
60
  0
DICTIONARY
  5
61
102
{ACAD_REACTORS
330
C
102
}
330
C
100
AcDbDictionary
281
     1
  0
ACDBDICTIONARYWDFLT
  5
E
102
{ACAD_REACTORS
330
C
102
}
330
C
100
AcDbDictionary
281
     1
  3
Normal
350
F
100
AcDbDictionaryWithDefault
340
F
  0
DICTIONARY
  5
42
102
{ACAD_REACTORS
330
C
102
}
330
C
100
AcDbDictionary
281
     1
  3
A0
350
43
  3
A1
350
44
  3
A2
350
45
  3
A3
350
46
  3
A4
350
47
  3
A5
350
48
  3
A6
350
49
  3
A7
350
4A
  3
A8
350
4B
  3
A9
350
4C
  3
B0
350
4D
  3
B1
350
4E
  3
B2
350
4F
  3
B3
350
50
  3
B4
350
51
  3
B5
350
52
  3
B6
350
53
  0
DICTIONARY
  5
68
102
{ACAD_REACTORS
330
C
102
}
330
C
100
AcDbDictionary
281
     1
  3
Imperial24
350
69
  0
DICTIONARY
  5
64
102
{ACAD_REACTORS
330
C
102
}
330
C
100
AcDbDictionary
281
     1
  3
Standard
350
65
  0
DICTIONARY
  5
29
102
{ACAD_REACTORS
330
C
102
}
330
C
100
AcDbDictionary
281
     1
  3
2dWireframe
350
2F
  3
Basic
350
2E
  3
Brighten
350
35
  3
ColorChange
350
39
  3
Conceptual
350
32
  3
Dim
350
34
  3
EdgeColorOff
350
41
  3
Facepattern
350
38
  3
Flat
350
2A
  3
FlatWithEdges
350
2B
  3
Gouraud
350
2C
  3
GouraudWithEdges
350
2D
  3
Hidden
350
31
  3
JitterOff
350
3F
  3
Linepattern
350
37
  3
OverhangOff
350
40
  3
Realistic
350
33
  3
Shaded
350
3E
  3
Shaded with edges
350
3D
  3
Shades of Gray
350
3A
  3
Sketchy
350
3B
  3
Thicken
350
36
  3
Wireframe
350
30
  3
X-Ray
350
3C
  0
XRECORD
  5
5D5
102
{ACAD_REACTORS
330
C
102
}
330
C
100
AcDbXrecord
280
     1
 90
        1
330
65
  0
DICTIONARY
  5
5CD
102
{ACAD_REACTORS
330
C
102
}
330
C
100
AcDbDictionary
281
     1
  3
CANNOSCALE
350
5D2
  3
CMLEADERSTYLE
350
5CF
  3
CTABLESTYLE
350
5CE
  3
CVIEWDETAILSTYLE
350
5D0
  3
CVIEWSECTIONSTYLE
350
5D1
  0
DICTIONARY
  5
5C4
102
{ACAD_REACTORS
330
C
102
}
330
C
100
AcDbDictionary
281
     1
  3
DRAWING_TOOL
350
5C8
  3
REVIT_CATEGORY_MAPPING
350
5C6
  3
REVIT_SUB_CATEGORY_MAPPING
350
5C7
  3
REVIT_TYPE_MAPPING
350
5C5
  0
SORTENTSTABLE
  5
5CA
102
{ACAD_REACTORS
330
5C9
102
}
330
5C9
100
AcDbSortentsTable
330
70
  0
ACDBDETAILVIEWSTYLE
  5
6B
102
{ACAD_REACTORS
330
6A
102
}
330
6A
100
AcDbModelDocViewStyle
 70
     0
  3
Imperial24
290
     0
300
Imperial24
 90
        0
100
AcDbDetailViewStyle
 70
     0
 71
     0
 90
        3
 71
     1
340
55
 62
   256
 40
0.24
340
0
 62
   256
 40
0.24
300

 40
0.36
280
     3
 71
     2
340
5D
 90
       25
 62
   256
 71
     3
340
55
 62
   256
 40
0.24
 90
        1
 40
0.75
 90
        1
300
%<\AcVar ViewType \f "%tc1">% %<\AcVar ViewDetailId>%\PSCALE %<\AcVar ViewScale \f "%sn">%
 71
     4
340
5D
 90
       25
 62
   256
340
5D
 90
       25
 62
   256
280
     0
  0
LAYOUT
  5
6F
102
{ACAD_REACTORS
330
62
102
}
330
62
100
AcDbPlotSettings
  1

  2

  4

  6

 40
0.0
 41
0.0
 42
0.0
 43
0.0
 44
0.0
 45
0.0
 46
0.0
 47
0.0
 48
0.0
 49
0.0
140
0.0
141
0.0
142
1.0
143
1.0
 70
   688
 72
     0
 73
     0
 74
     5
  7

 75
    16
 76
     0
 77
     2
 78
   300
147
1.0
148
0.0
149
0.0
100
AcDbLayout
  1
Layout1
 70
     1
 71
     1
 10
0.0
 20
0.0
 11
12.0
 21
9.0
 12
0.0
 22
0.0
 32
0.0
 14
0.0
 24
0.0
 34
0.0
 15
0.0
 25
0.0
 35
0.0
146
0.0
 13
0.0
 23
0.0
 33
0.0
 16
1.0
 26
0.0
 36
0.0
 17
0.0
 27
1.0
 37
0.0
 76
     0
330
6C
  0
LAYOUT
  5
77
102
{ACAD_REACTORS
330
62
102
}
330
62
100
AcDbPlotSettings
  1

  2

  4

  6

 40
0.0
 41
0.0
 42
0.0
 43
0.0
 44
0.0
 45
0.0
 46
0.0
 47
0.0
 48
0.0
 49
0.0
140
0.0
141
0.0
142
1.0
143
1.0
 70
   688
 72
     0
 73
     0
 74
     5
  7

 75
    16
 76
     0
 77
     2
 78
   300
147
1.0
148
0.0
149
0.0
100
AcDbLayout
  1
Layout2
 70
     1
 71
     2
 10
0.0
 20
0.0
 11
12.0
 21
9.0
 12
0.0
 22
0.0
 32
0.0
 14
0.0
 24
0.0
 34
0.0
 15
0.0
 25
0.0
 35
0.0
146
0.0
 13
0.0
 23
0.0
 33
0.0
 16
1.0
 26
0.0
 36
0.0
 17
0.0
 27
1.0
 37
0.0
 76
     0
330
74
  0
LAYOUT
  5
73
102
{ACAD_REACTORS
330
62
102
}
330
62
100
AcDbPlotSettings
  1

  2

  4

  6

 40
0.0
 41
0.0
 42
0.0
 43
0.0
 44
0.0
 45
0.0
 46
0.0
 47
0.0
 48
0.0
 49
0.0
140
0.0
141
0.0
142
1.0
143
1.0
 70
  1712
 72
     0
 73
     0
 74
     0
  7

 75
     0
 76
     0
 77
     2
 78
   300
147
1.0
148
0.0
149
0.0
100
AcDbLayout
  1
Model
 70
     1
 71
     0
 10
0.0
 20
0.0
 11
12.0
 21
9.0
 12
0.0
 22
0.0
 32
0.0
 14
0.0
 24
0.0
 34
0.0
 15
0.0
 25
0.0
 35
0.0
146
0.0
 13
0.0
 23
0.0
 33
0.0
 16
1.0
 26
0.0
 36
0.0
 17
0.0
 27
1.0
 37
0.0
 76
     0
330
70
331
57
  0
MATERIAL
  5
19
102
{ACAD_REACTORS
330
10
102
}
330
10
100
AcDbMaterial
  1
ByBlock
 72
     0
 73
     2
 43
0.0208333333333333
 43
0.0
 43
0.0
 43
0.0
 43
0.0
 43
0.0208333333333333
 43
0.0
 43
0.0
 43
0.0
 43
0.0
 43
1.0
 43
0.0
 43
0.0
 43
0.0
 43
0.0
 43
1.0
 77
     0
 78
     2
 47
0.0208333333333333
 47
0.0
 47
0.0
 47
0.0
 47
0.0
 47
0.0208333333333333
 47
0.0
 47
0.0
 47
0.0
 47
0.0
 47
1.0
 47
0.0
 47
0.0
 47
0.0
 47
0.0
 47
1.0
171
     0
172
     2
 49
0.0208333333333333
 49
0.0
 49
0.0
 49
0.0
 49
0.0
 49
0.0208333333333333
 49
0.0
 49
0.0
 49
0.0
 49
0.0
 49
1.0
 49
0.0
 49
0.0
 49
0.0
 49
0.0
 49
1.0
175
     0
176
     2
142
0.0208333333333333
142
0.0
142
0.0
142
0.0
142
0.0
142
0.0208333333333333
142
0.0
142
0.0
142
0.0
142
0.0
142
1.0
142
0.0
142
0.0
142
0.0
142
0.0
142
1.0
179
     0
270
     2
144
0.0208333333333333
144
0.0
144
0.0
144
0.0
144
0.0
144
0.0208333333333333
144
0.0
144
0.0
144
0.0
144
0.0
144
1.0
144
0.0
144
0.0
144
0.0
144
0.0
144
1.0
274
     2
147
0.0208333333333333
147
0.0
147
0.0
147
0.0
147
0.0
147
0.0208333333333333
147
0.0
147
0.0
147
0.0
147
0.0
147
1.0
147
0.0
147
0.0
147
0.0
147
0.0
147
1.0
 94
      127
  0
MATERIAL
  5
11
102
{ACAD_REACTORS
330
10
102
}
330
10
100
AcDbMaterial
  1
ByLayer
 72
     0
 73
     2
 43
0.0208333333333333
 43
0.0
 43
0.0
 43
0.0
 43
0.0
 43
0.0208333333333333
 43
0.0
 43
0.0
 43
0.0
 43
0.0
 43
1.0
 43
0.0
 43
0.0
 43
0.0
 43
0.0
 43
1.0
 77
     0
 78
     2
 47
0.0208333333333333
 47
0.0
 47
0.0
 47
0.0
 47
0.0
 47
0.0208333333333333
 47
0.0
 47
0.0
 47
0.0
 47
0.0
 47
1.0
 47
0.0
 47
0.0
 47
0.0
 47
0.0
 47
1.0
171
     0
172
     2
 49
0.0208333333333333
 49
0.0
 49
0.0
 49
0.0
 49
0.0
 49
0.0208333333333333
 49
0.0
 49
0.0
 49
0.0
 49
0.0
 49
1.0
 49
0.0
 49
0.0
 49
0.0
 49
0.0
 49
1.0
175
     0
176
     2
142
0.0208333333333333
142
0.0
142
0.0
142
0.0
142
0.0
142
0.0208333333333333
142
0.0
142
0.0
142
0.0
142
0.0
142
1.0
142
0.0
142
0.0
142
0.0
142
0.0
142
1.0
179
     0
270
     2
144
0.0208333333333333
144
0.0
144
0.0
144
0.0
144
0.0
144
0.0208333333333333
144
0.0
144
0.0
144
0.0
144
0.0
144
1.0
144
0.0
144
0.0
144
0.0
144
0.0
144
1.0
274
     2
147
0.0208333333333333
147
0.0
147
0.0
147
0.0
147
0.0
147
0.0208333333333333
147
0.0
147
0.0
147
0.0
147
0.0
147
1.0
147
0.0
147
0.0
147
0.0
147
0.0
147
1.0
 94
      127
  0
MATERIAL
  5
21
102
{ACAD_REACTORS
330
10
102
}
330
10
100
AcDbMaterial
  1
Global
 72
     0
 73
     2
 43
0.0208333333333333
 43
0.0
 43
0.0
 43
0.0
 43
0.0
 43
0.0208333333333333
 43
0.0
 43
0.0
 43
0.0
 43
0.0
 43
1.0
 43
0.0
 43
0.0
 43
0.0
 43
0.0
 43
1.0
 77
     0
 78
     2
 47
0.0208333333333333
 47
0.0
 47
0.0
 47
0.0
 47
0.0
 47
0.0208333333333333
 47
0.0
 47
0.0
 47
0.0
 47
0.0
 47
1.0
 47
0.0
 47
0.0
 47
0.0
 47
0.0
 47
1.0
171
     0
172
     2
 49
0.0208333333333333
 49
0.0
 49
0.0
 49
0.0
 49
0.0
 49
0.0208333333333333
 49
0.0
 49
0.0
 49
0.0
 49
0.0
 49
1.0
 49
0.0
 49
0.0
 49
0.0
 49
0.0
 49
1.0
175
     0
176
     2
142
0.0208333333333333
142
0.0
142
0.0
142
0.0
142
0.0
142
0.0208333333333333
142
0.0
142
0.0
142
0.0
142
0.0
142
1.0
142
0.0
142
0.0
142
0.0
142
0.0
142
1.0
179
     0
270
     2
144
0.0208333333333333
144
0.0
144
0.0
144
0.0
144
0.0
144
0.0208333333333333
144
0.0
144
0.0
144
0.0
144
0.0
144
1.0
144
0.0
144
0.0
144
0.0
144
0.0
144
1.0
274
     2
147
0.0208333333333333
147
0.0
147
0.0
147
0.0
147
0.0
147
0.0208333333333333
147
0.0
147
0.0
147
0.0
147
0.0
147
1.0
147
0.0
147
0.0
147
0.0
147
0.0
147
1.0
 94
      127
  0
MLEADERSTYLE
  5
67
102
{ACAD_REACTORS
330
66
102
}
330
66
100
AcDbMLeaderStyle
179
     2
170
     2
171
     1
172
     0
 90
        2
 40
0.0
 41
0.0
173
     1
 91
-1056964608
340
5B
 92
       -2
290
     1
 42
0.09
291
     1
 43
0.36
  3
Standard
341
0
 44
0.18
300

342
55
174
     1
178
     6
175
     1
176
     0
 93
-1056964608
 45
0.18
292
     0
297
     0
 46
0.18
343
0
 94
-1056964608
 47
1.0
 49
1.0
140
1.0
293
     1
141
0.0
294
     1
177
     0
142
1.0
295
     1
296
     0
143
0.125
271
     0
272
     9
273
     9
298
     1
  0
MLINESTYLE
  5
60
102
{ACAD_REACTORS
330
5F
102
}
330
5F
100
AcDbMlineStyle
  2
STANDARD
 70
     0
  3

 62
   256
 51
90.0
 52
90.0
 71
     2
 49
0.5
 62
   256
  6
BYLAYER
 49
-0.5
 62
   256
  6
BYLAYER
  0
ACDBPLACEHOLDER
  5
F
102
{ACAD_REACTORS
330
E
102
}
330
E
  0
SCALE
  5
43
102
{ACAD_REACTORS
330
42
102
}
330
42
100
AcDbScale
 70
     0
300
1:1
140
1.0
141
1.0
290
     1
  0
SCALE
  5
44
102
{ACAD_REACTORS
330
42
102
}
330
42
100
AcDbScale
 70
     0
300
1/128" = 1'-0"
140
0.0078125
141
12.0
290
     0
  0
SCALE
  5
45
102
{ACAD_REACTORS
330
42
102
}
330
42
100
AcDbScale
 70
     0
300
1/64" = 1'-0"
140
0.015625
141
12.0
290
     0
  0
SCALE
  5
46
102
{ACAD_REACTORS
330
42
102
}
330
42
100
AcDbScale
 70
     0
300
1/32" = 1'-0"
140
0.03125
141
12.0
290
     0
  0
SCALE
  5
47
102
{ACAD_REACTORS
330
42
102
}
330
42
100
AcDbScale
 70
     0
300
1/16" = 1'-0"
140
0.0625
141
12.0
290
     0
  0
SCALE
  5
48
102
{ACAD_REACTORS
330
42
102
}
330
42
100
AcDbScale
 70
     0
300
3/32" = 1'-0"
140
0.09375
141
12.0
290
     0
  0
SCALE
  5
49
102
{ACAD_REACTORS
330
42
102
}
330
42
100
AcDbScale
 70
     0
300
1/8" = 1'-0"
140
0.125
141
12.0
290
     0
  0
SCALE
  5
4A
102
{ACAD_REACTORS
330
42
102
}
330
42
100
AcDbScale
 70
     0
300
3/16" = 1'-0"
140
0.1875
141
12.0
290
     0
  0
SCALE
  5
4B
102
{ACAD_REACTORS
330
42
102
}
330
42
100
AcDbScale
 70
     0
300
1/4" = 1'-0"
140
0.25
141
12.0
290
     0
  0
SCALE
  5
4C
102
{ACAD_REACTORS
330
42
102
}
330
42
100
AcDbScale
 70
     0
300
3/8" = 1'-0"
140
0.375
141
12.0
290
     0
  0
SCALE
  5
4D
102
{ACAD_REACTORS
330
42
102
}
330
42
100
AcDbScale
 70
     0
300
1/2" = 1'-0"
140
0.5
141
12.0
290
     0
  0
SCALE
  5
4E
102
{ACAD_REACTORS
330
42
102
}
330
42
100
AcDbScale
 70
     0
300
3/4" = 1'-0"
140
0.75
141
12.0
290
     0
  0
SCALE
  5
4F
102
{ACAD_REACTORS
330
42
102
}
330
42
100
AcDbScale
 70
     0
300
1" = 1'-0"
140
1.0
141
12.0
290
     0
  0
SCALE
  5
50
102
{ACAD_REACTORS
330
42
102
}
330
42
100
AcDbScale
 70
     0
300
1-1/2" = 1'-0"
140
1.5
141
12.0
290
     0
  0
SCALE
  5
51
102
{ACAD_REACTORS
330
42
102
}
330
42
100
AcDbScale
 70
     0
300
3" = 1'-0"
140
3.0
141
12.0
290
     0
  0
SCALE
  5
52
102
{ACAD_REACTORS
330
42
102
}
330
42
100
AcDbScale
 70
     0
300
6" = 1'-0"
140
6.0
141
12.0
290
     0
  0
SCALE
  5
53
102
{ACAD_REACTORS
330
42
102
}
330
42
100
AcDbScale
 70
     0
300
1'-0" = 1'-0"
140
12.0
141
12.0
290
     0
  0
ACDBSECTIONVIEWSTYLE
  5
69
102
{ACAD_REACTORS
330
68
102
}
330
68
100
AcDbModelDocViewStyle
 70
     0
  3
Imperial24
290
     0
300
Imperial24
 90
        0
100
AcDbSectionViewStyle
 70
     0
 71
     0
 90
       78
 71
     1
340
55
 62
   256
 40
0.24
340
0
340
0
 62
   256
 40
0.24
300
I, O, Q, S, X, Z
 40
0.48
 90
        3
 40
0.18
 90
        1
 71
     2
340
5D
 90
       25
 62
   256
340
5D
 90
       50
 62
   256
 40
0.24
 40
0.0
 40
0.24
 71
     3
340
55
 62
   256
 40
0.24
 90
        1
 40
0.75
 90
        1
300
%<\AcVar ViewType \f "%tc1">% %<\AcVar ViewSectionStartId>%-%<\AcVar ViewSectionEndId>%\PSCALE %<\AcVar ViewScale \f "%sn">%
 71
     4
 62
   256
 62
   257
300
ANSI31
 40
1.0
 90
        0
290
     0
290
     0
 90
        6
 40
0.0
 40
1.570796326794897
 40
0.2617993877991494
 40
1.308996938995747
 40
-0.2617993877991494
 40
1.832595714594046
  0
TABLESTYLE
  5
65
102
{ACAD_REACTORS
330
64
102
}
102
{ACAD_XDICTIONARY
360
5D3
102
}
330
64
100
AcDbTableStyle
  3
Standard
 70
     0
 71
     0
 40
0.06
 41
0.06
280
     0
281
     0
  7
Standard
140
0.18
170
     2
 62
     0
 63
   257
283
     0
 90
      512
 91
        0
  1

274
    -2
284
     1
 64
     0
275
    -2
285
     1
 65
     0
276
    -2
286
     1
 66
     0
277
    -2
287
     1
 67
     0
278
    -2
288
     1
 68
     0
279
    -2
289
     1
 69
     0
  7
Standard
140
0.25
170
     5
 62
     0
 63
   257
283
     0
 90
      512
 91
        0
  1

274
    -2
284
     1
 64
     0
275
    -2
285
     1
 65
     0
276
    -2
286
     1
 66
     0
277
    -2
287
     1
 67
     0
278
    -2
288
     1
 68
     0
279
    -2
289
     1
 69
     0
  7
Standard
140
0.18
170
     5
 62
     0
 63
   257
283
     0
 90
      512
 91
        0
  1

274
    -2
284
     1
 64
     0
275
    -2
285
     1
 65
     0
276
    -2
286
     1
 66
     0
277
    -2
287
     1
 67
     0
278
    -2
288
     1
 68
     0
279
    -2
289
     1
 69
     0
  0
VISUALSTYLE
  5
2F
102
{ACAD_REACTORS
330
29
102
}
330
29
100
AcDbVisualStyle
  2
2dWireframe
 70
     4
177
     3
291
     0
 70
    58
 90
        0
176
     1
 90
        2
176
     1
 90
        0
176
     1
 90
        0
176
     1
 40
0.6
176
     1
 40
30.0
176
     1
 62
     7
420
 16777215
176
     1
 90
        1
176
     1
 90
        4
176
     1
 62
     7
176
     1
 62
   257
176
     1
 90
        1
176
     1
 90
        1
176
     1
 40
1.0
176
     1
 90
        0
176
     1
 62
   257
176
     1
 40
1.0
176
     1
 90
        1
176
     1
 90
        6
176
     1
 90
        2
176
     1
 62
     7
176
     1
 90
        5
176
     1
 90
        0
176
     1
 90
        0
176
     1
290
     0
176
     1
 90
        1
176
     1
 40
0.0
176
     1
 90
        0
176
     1
290
     1
176
     1
290
     1
176
     1
290
     0
176
     1
290
     0
176
     1
290
     0
176
     1
290
     0
176
     1
290
     0
176
     1
290
     0
176
     1
290
     0
176
     1
 90
       50
176
     1
 40
0.0
176
     1
 40
1.0
176
     1
 90
        0
176
     1
 62
    18
420
        0
176
     1
 90
       50
176
     1
 90
        3
176
     1
 62
     5
420
      255
176
     1
290
     0
176
     1
 90
       50
176
     1
 90
       50
176
     1
 90
       50
176
     1
290
     0
176
     1
 90
       50
176
     1
 62
   256
176
     0
 40
1.0
176
     0
 90
        2
176
     1
  1
strokes_ogs.tif
176
     1
290
     0
176
     1
 40
1.0
176
     1
 40
1.0
176
     1
  0
VISUALSTYLE
  5
2E
102
{ACAD_REACTORS
330
29
102
}
330
29
100
AcDbVisualStyle
  2
Basic
 70
     7
177
     3
291
     1
 70
    58
 90
        1
176
     1
 90
        0
176
     1
 90
        1
176
     1
 90
        0
176
     1
 40
0.6
176
     1
 40
30.0
176
     1
 62
     7
420
 16777215
176
     1
 90
        0
176
     1
 90
        4
176
     1
 62
     7
176
     1
 62
   257
176
     1
 90
        1
176
     1
 90
        1
176
     1
 40
1.0
176
     1
 90
        8
176
     1
 62
     7
176
     1
 40
1.0
176
     1
 90
        1
176
     1
 90
        6
176
     1
 90
        2
176
     1
 62
     7
176
     1
 90
        5
176
     1
 90
        0
176
     1
 90
        0
176
     1
290
     0
176
     1
 90
        1
176
     1
 40
0.0
176
     1
 90
        0
176
     1
290
     0
176
     1
290
     1
176
     1
290
     1
176
     1
290
     0
176
     1
290
     0
176
     1
290
     0
176
     1
290
     0
176
     1
290
     0
176
     1
290
     0
176
     1
 90
       50
176
     1
 40
0.0
176
     1
 40
1.0
176
     1
 90
        0
176
     1
 62
    18
420
        0
176
     1
 90
       50
176
     1
 90
        3
176
     1
 62
     5
420
      255
176
     1
290
     0
176
     1
 90
       50
176
     1
 90
       50
176
     1
 90
       50
176
     1
290
     0
176
     1
 90
       50
176
     1
 62
   256
176
     0
 40
1.0
176
     0
 90
        2
176
     1
  1
strokes_ogs.tif
176
     1
290
     0
176
     1
 40
1.0
176
     1
 40
1.0
176
     1
  0
VISUALSTYLE
  5
35
102
{ACAD_REACTORS
330
29
102
}
330
29
100
AcDbVisualStyle
  2
Brighten
 70
    12
177
     3
291
     1
 70
    58
 90
        2
176
     1
 90
        2
176
     1
 90
        0
176
     1
 90
        0
176
     1
 40
0.6
176
     1
 40
30.0
176
     1
 62
     7
420
 16777215
176
     1
 90
        1
176
     1
 90
        4
176
     1
 62
     7
176
     1
 62
   257
176
     1
 90
        1
176
     1
 90
        1
176
     1
 40
1.0
176
     1
 90
        8
176
     1
 62
     7
176
     1
 40
1.0
176
     1
 90
        1
176
     1
 90
        6
176
     1
 90
        2
176
     1
 62
     7
176
     1
 90
        5
176
     1
 90
        0
176
     1
 90
        0
176
     1
290
     0
176
     1
 90
        1
176
     1
 40
50.0
176
     1
 90
        0
176
     1
290
     0
176
     1
290
     1
176
     1
290
     1
176
     1
290
     0
176
     1
290
     0
176
     1
290
     0
176
     1
290
     0
176
     1
290
     0
176
     1
290
     0
176
     1
 90
       50
176
     1
 40
0.0
176
     1
 40
1.0
176
     1
 90
        0
176
     1
 62
    18
420
        0
176
     1
 90
       50
176
     1
 90
        3
176
     1
 62
     5
420
      255
176
     1
290
     0
176
     1
 90
       50
176
     1
 90
       50
176
     1
 90
       50
176
     1
290
     0
176
     1
 90
       50
176
     1
 62
   256
176
     0
 40
1.0
176
     0
 90
        2
176
     1
  1
strokes_ogs.tif
176
     1
290
     0
176
     1
 40
1.0
176
     1
 40
1.0
176
     1
  0
VISUALSTYLE
  5
39
102
{ACAD_REACTORS
330
29
102
}
330
29
100
AcDbVisualStyle
  2
ColorChange
 70
    16
177
     3
291
     1
 70
    58
 90
        2
176
     1
 90
        2
176
     1
 90
        3
176
     1
 90
        0
176
     1
 40
0.6
176
     1
 40
30.0
176
     1
 62
     8
420
  8421504
176
     1
 90
        1
176
     1
 90
        4
176
     1
 62
     7
176
     1
 62
   257
176
     1
 90
        1
176
     1
 90
        1
176
     1
 40
1.0
176
     1
 90
        8
176
     1
 62
     8
420
  8421504
176
     1
 40
1.0
176
     1
 90
        1
176
     1
 90
        6
176
     1
 90
        2
176
     1
 62
     7
176
     1
 90
        5
176
     1
 90
        0
176
     1
 90
        0
176
     1
290
     0
176
     1
 90
        1
176
     1
 40
0.0
176
     1
 90
        0
176
     1
290
     0
176
     1
290
     1
176
     1
290
     1
176
     1
290
     0
176
     1
290
     0
176
     1
290
     0
176
     1
290
     0
176
     1
290
     0
176
     1
290
     0
176
     1
 90
       50
176
     1
 40
0.0
176
     1
 40
1.0
176
     1
 90
        0
176
     1
 62
    18
420
        0
176
     1
 90
       50
176
     1
 90
        3
176
     1
 62
     5
420
      255
176
     1
290
     0
176
     1
 90
       50
176
     1
 90
       50
176
     1
 90
       50
176
     1
290
     0
176
     1
 90
       50
176
     1
 62
   256
176
     0
 40
1.0
176
     0
 90
        2
176
     1
  1
strokes_ogs.tif
176
     1
290
     0
176
     1
 40
1.0
176
     1
 40
1.0
176
     1
  0
VISUALSTYLE
  5
32
102
{ACAD_REACTORS
330
29
102
}
330
29
100
AcDbVisualStyle
  2
Conceptual
 70
     9
177
     3
291
     0
 70
    58
 90
        3
176
     1
 90
        2
176
     1
 90
        0
176
     1
 90
        0
176
     1
 40
0.6
176
     1
 40
30.0
176
     1
 62
     7
420
 16777215
176
     1
 90
        2
176
     1
 90
        2
176
     1
 62
     7
176
     1
 62
   257
176
     1
 90
        1
176
     1
 90
        1
176
     1
 40
179.0
176
     1
 90
        8
176
     1
 62
     7
176
     1
 40
1.0
176
     1
 90
        1
176
     1
 90
        6
176
     1
 90
        2
176
     1
 62
     7
176
     1
 90
        3
176
     1
 90
        0
176
     1
 90
        0
176
     1
290
     0
176
     1
 90
        1
176
     1
 40
0.0
176
     1
 90
        0
176
     1
290
     0
176
     1
290
     1
176
     1
290
     1
176
     1
290
     0
176
     1
290
     0
176
     1
290
     0
176
     1
290
     0
176
     1
290
     0
176
     1
290
     0
176
     1
 90
       50
176
     1
 40
0.0
176
     1
 40
1.0
176
     1
 90
        0
176
     1
 62
    18
420
        0
176
     1
 90
       50
176
     1
 90
        3
176
     1
 62
     5
420
      255
176
     1
290
     0
176
     1
 90
       50
176
     1
 90
       50
176
     1
 90
       50
176
     1
290
     0
176
     1
 90
       50
176
     1
 62
   256
176
     0
 40
1.0
176
     0
 90
        2
176
     1
  1
strokes_ogs.tif
176
     1
290
     0
176
     1
 40
1.0
176
     1
 40
1.0
176
     1
  0
VISUALSTYLE
  5
34
102
{ACAD_REACTORS
330
29
102
}
330
29
100
AcDbVisualStyle
  2
Dim
 70
    11
177
     3
291
     1
 70
    58
 90
        2
176
     1
 90
        2
176
     1
 90
        0
176
     1
 90
        0
176
     1
 40
0.6
176
     1
 40
30.0
176
     1
 62
     7
420
 16777215
176
     1
 90
        1
176
     1
 90
        4
176
     1
 62
     7
176
     1
 62
   257
176
     1
 90
        1
176
     1
 90
        1
176
     1
 40
1.0
176
     1
 90
        8
176
     1
 62
     7
176
     1
 40
1.0
176
     1
 90
        1
176
     1
 90
        6
176
     1
 90
        2
176
     1
 62
     7
176
     1
 90
        5
176
     1
 90
        0
176
     1
 90
        0
176
     1
290
     0
176
     1
 90
        1
176
     1
 40
-50.0
176
     1
 90
        0
176
     1
290
     0
176
     1
290
     1
176
     1
290
     1
176
     1
290
     0
176
     1
290
     0
176
     1
290
     0
176
     1
290
     0
176
     1
290
     0
176
     1
290
     0
176
     1
 90
       50
176
     1
 40
0.0
176
     1
 40
1.0
176
     1
 90
        0
176
     1
 62
    18
420
        0
176
     1
 90
       50
176
     1
 90
        3
176
     1
 62
     5
420
      255
176
     1
290
     0
176
     1
 90
       50
176
     1
 90
       50
176
     1
 90
       50
176
     1
290
     0
176
     1
 90
       50
176
     1
 62
   256
176
     0
 40
1.0
176
     0
 90
        2
176
     1
  1
strokes_ogs.tif
176
     1
290
     0
176
     1
 40
1.0
176
     1
 40
1.0
176
     1
  0
VISUALSTYLE
  5
41
102
{ACAD_REACTORS
330
29
102
}
330
29
100
AcDbVisualStyle
  2
EdgeColorOff
 70
    22
177
     3
291
     1
 70
    58
 90
        2
176
     0
 90
        2
176
     0
 90
        0
176
     0
 90
        0
176
     0
 40
0.6
176
     0
 40
30.0
176
     0
 62
     7
420
 16777215
176
     0
 90
        1
176
     0
 90
        4
176
     0
 62
     7
176
     0
 62
   257
176
     0
 90
        1
176
     0
 90
        1
176
     0
 40
1.0
176
     0
 90
        8
176
     2
 62
     7
176
     0
 40
1.0
176
     0
 90
        1
176
     0
 90
        6
176
     0
 90
        2
176
     0
 62
     7
176
     0
 90
        5
176
     0
 90
        0
176
     0
 90
        0
176
     0
290
     0
176
     0
 90
        1
176
     0
 40
0.0
176
     0
 90
        0
176
     0
290
     0
176
     0
290
     1
176
     0
290
     1
176
     0
290
     0
176
     0
290
     0
176
     0
290
     0
176
     0
290
     0
176
     0
290
     0
176
     0
290
     0
176
     0
 90
       50
176
     0
 40
0.0
176
     0
 40
1.0
176
     0
 90
        0
176
     0
 62
    18
420
        0
176
     0
 90
       50
176
     0
 90
        3
176
     0
 62
     5
420
      255
176
     0
290
     0
176
     0
 90
       50
176
     0
 90
       50
176
     0
 90
       50
176
     0
290
     0
176
     0
 90
       50
176
     0
 62
   256
176
     0
 40
1.0
176
     0
 90
        2
176
     0
  1
strokes_ogs.tif
176
     0
290
     0
176
     0
 40
1.0
176
     0
 40
1.0
176
     0
  0
VISUALSTYLE
  5
38
102
{ACAD_REACTORS
330
29
102
}
330
29
100
AcDbVisualStyle
  2
Facepattern
 70
    15
177
     3
291
     1
 70
    58
 90
        2
176
     1
 90
        2
176
     1
 90
        0
176
     1
 90
        0
176
     1
 40
0.6
176
     1
 40
30.0
176
     1
 62
     7
420
 16777215
176
     1
 90
        1
176
     1
 90
        4
176
     1
 62
     7
176
     1
 62
   257
176
     1
 90
        1
176
     1
 90
        1
176
     1
 40
1.0
176
     1
 90
        8
176
     1
 62
     7
176
     1
 40
1.0
176
     1
 90
        1
176
     1
 90
        6
176
     1
 90
        2
176
     1
 62
     7
176
     1
 90
        5
176
     1
 90
        0
176
     1
 90
        0
176
     1
290
     0
176
     1
 90
        1
176
     1
 40
0.0
176
     1
 90
        0
176
     1
290
     0
176
     1
290
     1
176
     1
290
     1
176
     1
290
     0
176
     1
290
     0
176
     1
290
     0
176
     1
290
     0
176
     1
290
     0
176
     1
290
     0
176
     1
 90
       50
176
     1
 40
0.0
176
     1
 40
1.0
176
     1
 90
        0
176
     1
 62
    18
420
        0
176
     1
 90
       50
176
     1
 90
        3
176
     1
 62
     5
420
      255
176
     1
290
     0
176
     1
 90
       50
176
     1
 90
       50
176
     1
 90
       50
176
     1
290
     0
176
     1
 90
       50
176
     1
 62
   256
176
     0
 40
1.0
176
     0
 90
        2
176
     1
  1
strokes_ogs.tif
176
     1
290
     0
176
     1
 40
1.0
176
     1
 40
1.0
176
     1
  0
VISUALSTYLE
  5
2A
102
{ACAD_REACTORS
330
29
102
}
330
29
100
AcDbVisualStyle
  2
Flat
 70
     0
177
     3
291
     1
 70
    58
 90
        2
176
     1
 90
        1
176
     1
 90
        1
176
     1
 90
        2
176
     1
 40
0.6
176
     1
 40
30.0
176
     1
 62
     7
420
 16777215
176
     1
 90
        0
176
     1
 90
        0
176
     1
 62
     7
176
     1
 62
   257
176
     1
 90
        1
176
     1
 90
        1
176
     1
 40
1.0
176
     1
 90
        8
176
     1
 62
     7
176
     1
 40
1.0
176
     1
 90
        1
176
     1
 90
        6
176
     1
 90
        2
176
     1
 62
     7
176
     1
 90
        5
176
     1
 90
        0
176
     1
 90
        0
176
     1
290
     0
176
     1
 90
       13
176
     1
 40
0.0
176
     1
 90
        0
176
     1
290
     0
176
     1
290
     1
176
     1
290
     1
176
     1
290
     0
176
     1
290
     0
176
     1
290
     0
176
     1
290
     0
176
     1
290
     0
176
     1
290
     0
176
     1
 90
       50
176
     1
 40
0.0
176
     1
 40
1.0
176
     1
 90
        0
176
     1
 62
    18
420
        0
176
     1
 90
       50
176
     1
 90
        3
176
     1
 62
     5
420
      255
176
     1
290
     0
176
     1
 90
       50
176
     1
 90
       50
176
     1
 90
       50
176
     1
290
     0
176
     1
 90
       50
176
     1
 62
   256
176
     0
 40
1.0
176
     0
 90
        2
176
     1
  1
strokes_ogs.tif
176
     1
290
     0
176
     1
 40
1.0
176
     1
 40
1.0
176
     1
  0
VISUALSTYLE
  5
2B
102
{ACAD_REACTORS
330
29
102
}
330
29
100
AcDbVisualStyle
  2
FlatWithEdges
 70
     1
177
     3
291
     1
 70
    58
 90
        2
176
     1
 90
        1
176
     1
 90
        1
176
     1
 90
        2
176
     1
 40
0.6
176
     1
 40
30.0
176
     1
 62
     7
420
 16777215
176
     1
 90
        1
176
     1
 90
        0
176
     1
 62
     7
176
     1
 62
   257
176
     1
 90
        1
176
     1
 90
        1
176
     1
 40
1.0
176
     1
 90
        0
176
     1
 62
   257
176
     1
 40
1.0
176
     1
 90
        1
176
     1
 90
        6
176
     1
 90
        2
176
     1
 62
     7
176
     1
 90
        5
176
     1
 90
        0
176
     1
 90
        0
176
     1
290
     0
176
     1
 90
       13
176
     1
 40
0.0
176
     1
 90
        0
176
     1
290
     0
176
     1
290
     1
176
     1
290
     1
176
     1
290
     0
176
     1
290
     0
176
     1
290
     0
176
     1
290
     0
176
     1
290
     0
176
     1
290
     0
176
     1
 90
       50
176
     1
 40
0.0
176
     1
 40
1.0
176
     1
 90
        0
176
     1
 62
    18
420
        0
176
     1
 90
       50
176
     1
 90
        3
176
     1
 62
     5
420
      255
176
     1
290
     0
176
     1
 90
       50
176
     1
 90
       50
176
     1
 90
       50
176
     1
290
     0
176
     1
 90
       50
176
     1
 62
   256
176
     0
 40
1.0
176
     0
 90
        2
176
     1
  1
strokes_ogs.tif
176
     1
290
     0
176
     1
 40
1.0
176
     1
 40
1.0
176
     1
  0
VISUALSTYLE
  5
2C
102
{ACAD_REACTORS
330
29
102
}
330
29
100
AcDbVisualStyle
  2
Gouraud
 70
     2
177
     3
291
     1
 70
    58
 90
        2
176
     1
 90
        2
176
     1
 90
        1
176
     1
 90
        2
176
     1
 40
0.6
176
     1
 40
30.0
176
     1
 62
     7
420
 16777215
176
     1
 90
        0
176
     1
 90
        0
176
     1
 62
     7
176
     1
 62
   257
176
     1
 90
        1
176
     1
 90
        1
176
     1
 40
1.0
176
     1
 90
        0
176
     1
 62
     7
176
     1
 40
1.0
176
     1
 90
        1
176
     1
 90
        6
176
     1
 90
        2
176
     1
 62
     7
176
     1
 90
        5
176
     1
 90
        0
176
     1
 90
        0
176
     1
290
     0
176
     1
 90
       13
176
     1
 40
0.0
176
     1
 90
        0
176
     1
290
     0
176
     1
290
     1
176
     1
290
     1
176
     1
290
     0
176
     1
290
     0
176
     1
290
     0
176
     1
290
     0
176
     1
290
     0
176
     1
290
     0
176
     1
 90
       50
176
     1
 40
0.0
176
     1
 40
1.0
176
     1
 90
        0
176
     1
 62
    18
420
        0
176
     1
 90
       50
176
     1
 90
        3
176
     1
 62
     5
420
      255
176
     1
290
     0
176
     1
 90
       50
176
     1
 90
       50
176
     1
 90
       50
176
     1
290
     0
176
     1
 90
       50
176
     1
 62
   256
176
     0
 40
1.0
176
     0
 90
        2
176
     1
  1
strokes_ogs.tif
176
     1
290
     0
176
     1
 40
1.0
176
     1
 40
1.0
176
     1
  0
VISUALSTYLE
  5
2D
102
{ACAD_REACTORS
330
29
102
}
330
29
100
AcDbVisualStyle
  2
GouraudWithEdges
 70
     3
177
     3
291
     1
 70
    58
 90
        2
176
     1
 90
        2
176
     1
 90
        1
176
     1
 90
        2
176
     1
 40
0.6
176
     1
 40
30.0
176
     1
 62
     7
420
 16777215
176
     1
 90
        1
176
     1
 90
        0
176
     1
 62
     7
176
     1
 62
   257
176
     1
 90
        1
176
     1
 90
        1
176
     1
 40
1.0
176
     1
 90
        0
176
     1
 62
   257
176
     1
 40
1.0
176
     1
 90
        1
176
     1
 90
        6
176
     1
 90
        2
176
     1
 62
     7
176
     1
 90
        5
176
     1
 90
        0
176
     1
 90
        0
176
     1
290
     0
176
     1
 90
       13
176
     1
 40
0.0
176
     1
 90
        0
176
     1
290
     0
176
     1
290
     1
176
     1
290
     1
176
     1
290
     0
176
     1
290
     0
176
     1
290
     0
176
     1
290
     0
176
     1
290
     0
176
     1
290
     0
176
     1
 90
       50
176
     1
 40
0.0
176
     1
 40
1.0
176
     1
 90
        0
176
     1
 62
    18
420
        0
176
     1
 90
       50
176
     1
 90
        3
176
     1
 62
     5
420
      255
176
     1
290
     0
176
     1
 90
       50
176
     1
 90
       50
176
     1
 90
       50
176
     1
290
     0
176
     1
 90
       50
176
     1
 62
   256
176
     0
 40
1.0
176
     0
 90
        2
176
     1
  1
strokes_ogs.tif
176
     1
290
     0
176
     1
 40
1.0
176
     1
 40
1.0
176
     1
  0
VISUALSTYLE
  5
31
102
{ACAD_REACTORS
330
29
102
}
330
29
100
AcDbVisualStyle
  2
Hidden
 70
     6
177
     3
291
     0
 70
    58
 90
        1
176
     1
 90
        2
176
     1
 90
        2
176
     1
 90
        0
176
     1
 40
0.6
176
     1
 40
30.0
176
     1
 62
     7
420
 16777215
176
     1
 90
        2
176
     1
 90
        2
176
     1
 62
     7
176
     1
 62
   257
176
     1
 90
        2
176
     1
 90
        1
176
     1
 40
40.0
176
     1
 90
        0
176
     1
 62
   257
176
     1
 40
1.0
176
     1
 90
        1
176
     1
 90
        6
176
     1
 90
        2
176
     1
 62
     7
176
     1
 90
        3
176
     1
 90
        0
176
     1
 90
        0
176
     1
290
     0
176
     1
 90
        1
176
     1
 40
0.0
176
     1
 90
        0
176
     1
290
     0
176
     1
290
     1
176
     1
290
     1
176
     1
290
     0
176
     1
290
     0
176
     1
290
     0
176
     1
290
     0
176
     1
290
     0
176
     1
290
     0
176
     1
 90
       50
176
     1
 40
0.0
176
     1
 40
1.0
176
     1
 90
        0
176
     1
 62
    18
420
        0
176
     1
 90
       50
176
     1
 90
        3
176
     1
 62
     5
420
      255
176
     1
290
     0
176
     1
 90
       50
176
     1
 90
       50
176
     1
 90
       50
176
     1
290
     0
176
     1
 90
       50
176
     1
 62
   256
176
     0
 40
1.0
176
     0
 90
        2
176
     1
  1
strokes_ogs.tif
176
     1
290
     0
176
     1
 40
1.0
176
     1
 40
1.0
176
     1
  0
VISUALSTYLE
  5
3F
102
{ACAD_REACTORS
330
29
102
}
330
29
100
AcDbVisualStyle
  2
JitterOff
 70
    20
177
     3
291
     1
 70
    58
 90
        2
176
     0
 90
        2
176
     0
 90
        0
176
     0
 90
        0
176
     0
 40
0.6
176
     0
 40
30.0
176
     0
 62
     7
420
 16777215
176
     0
 90
        1
176
     0
 90
        4
176
     0
 62
     7
176
     0
 62
   257
176
     0
 90
        1
176
     0
 90
        1
176
     0
 40
1.0
176
     0
 90
       10
176
     2
 62
     7
176
     0
 40
1.0
176
     0
 90
        1
176
     0
 90
        6
176
     0
 90
        2
176
     0
 62
     7
176
     0
 90
        5
176
     0
 90
        0
176
     0
 90
        0
176
     0
290
     0
176
     0
 90
        1
176
     0
 40
0.0
176
     0
 90
        0
176
     0
290
     0
176
     0
290
     1
176
     0
290
     1
176
     0
290
     0
176
     0
290
     0
176
     0
290
     0
176
     0
290
     0
176
     0
290
     0
176
     0
290
     0
176
     0
 90
       50
176
     0
 40
0.0
176
     0
 40
1.0
176
     0
 90
        0
176
     0
 62
    18
420
        0
176
     0
 90
       50
176
     0
 90
        3
176
     0
 62
     5
420
      255
176
     0
290
     0
176
     0
 90
       50
176
     0
 90
       50
176
     0
 90
       50
176
     0
290
     0
176
     0
 90
       50
176
     0
 62
   256
176
     0
 40
1.0
176
     0
 90
        2
176
     0
  1
strokes_ogs.tif
176
     0
290
     0
176
     0
 40
1.0
176
     0
 40
1.0
176
     0
  0
VISUALSTYLE
  5
37
102
{ACAD_REACTORS
330
29
102
}
330
29
100
AcDbVisualStyle
  2
Linepattern
 70
    14
177
     3
291
     1
 70
    58
 90
        2
176
     1
 90
        2
176
     1
 90
        0
176
     1
 90
        0
176
     1
 40
0.6
176
     1
 40
30.0
176
     1
 62
     7
420
 16777215
176
     1
 90
        1
176
     1
 90
        4
176
     1
 62
     7
176
     1
 62
   257
176
     1
 90
        7
176
     1
 90
        7
176
     1
 40
1.0
176
     1
 90
        8
176
     1
 62
     7
176
     1
 40
1.0
176
     1
 90
        1
176
     1
 90
        6
176
     1
 90
        2
176
     1
 62
     7
176
     1
 90
        5
176
     1
 90
        0
176
     1
 90
        0
176
     1
290
     0
176
     1
 90
        1
176
     1
 40
0.0
176
     1
 90
        0
176
     1
290
     0
176
     1
290
     1
176
     1
290
     1
176
     1
290
     0
176
     1
290
     0
176
     1
290
     0
176
     1
290
     0
176
     1
290
     0
176
     1
290
     0
176
     1
 90
       50
176
     1
 40
0.0
176
     1
 40
1.0
176
     1
 90
        0
176
     1
 62
    18
420
        0
176
     1
 90
       50
176
     1
 90
        3
176
     1
 62
     5
420
      255
176
     1
290
     0
176
     1
 90
       50
176
     1
 90
       50
176
     1
 90
       50
176
     1
290
     0
176
     1
 90
       50
176
     1
 62
   256
176
     0
 40
1.0
176
     0
 90
        2
176
     1
  1
strokes_ogs.tif
176
     1
290
     0
176
     1
 40
1.0
176
     1
 40
1.0
176
     1
  0
VISUALSTYLE
  5
40
102
{ACAD_REACTORS
330
29
102
}
330
29
100
AcDbVisualStyle
  2
OverhangOff
 70
    21
177
     3
291
     1
 70
    58
 90
        2
176
     0
 90
        2
176
     0
 90
        0
176
     0
 90
        0
176
     0
 40
0.6
176
     0
 40
30.0
176
     0
 62
     7
420
 16777215
176
     0
 90
        1
176
     0
 90
        4
176
     0
 62
     7
176
     0
 62
   257
176
     0
 90
        1
176
     0
 90
        1
176
     0
 40
1.0
176
     0
 90
        9
176
     2
 62
     7
176
     0
 40
1.0
176
     0
 90
        1
176
     0
 90
        6
176
     0
 90
        2
176
     0
 62
     7
176
     0
 90
        5
176
     0
 90
        0
176
     0
 90
        0
176
     0
290
     0
176
     0
 90
        1
176
     0
 40
0.0
176
     0
 90
        0
176
     0
290
     0
176
     0
290
     1
176
     0
290
     1
176
     0
290
     0
176
     0
290
     0
176
     0
290
     0
176
     0
290
     0
176
     0
290
     0
176
     0
290
     0
176
     0
 90
       50
176
     0
 40
0.0
176
     0
 40
1.0
176
     0
 90
        0
176
     0
 62
    18
420
        0
176
     0
 90
       50
176
     0
 90
        3
176
     0
 62
     5
420
      255
176
     0
290
     0
176
     0
 90
       50
176
     0
 90
       50
176
     0
 90
       50
176
     0
290
     0
176
     0
 90
       50
176
     0
 62
   256
176
     0
 40
1.0
176
     0
 90
        2
176
     0
  1
strokes_ogs.tif
176
     0
290
     0
176
     0
 40
1.0
176
     0
 40
1.0
176
     0
  0
VISUALSTYLE
  5
33
102
{ACAD_REACTORS
330
29
102
}
330
29
100
AcDbVisualStyle
  2
Realistic
 70
     8
177
     3
291
     0
 70
    58
 90
        2
176
     1
 90
        3
176
     1
 90
        0
176
     1
 90
        2
176
     1
 40
0.6
176
     1
 40
30.0
176
     1
 62
     7
420
 16777215
176
     1
 90
        0
176
     1
 90
        0
176
     1
 62
     7
176
     1
 62
   257
176
     1
 90
        1
176
     1
 90
        1
176
     1
 40
1.0
176
     1
 90
        8
176
     1
 62
   257
176
     1
 40
1.0
176
     1
 90
        1
176
     1
 90
        6
176
     1
 90
        2
176
     1
 62
     7
176
     1
 90
        3
176
     1
 90
        0
176
     1
 90
        0
176
     1
290
     0
176
     1
 90
       13
176
     1
 40
0.0
176
     1
 90
        0
176
     1
290
     0
176
     1
290
     1
176
     1
290
     1
176
     1
290
     0
176
     1
290
     0
176
     1
290
     0
176
     1
290
     0
176
     1
290
     0
176
     1
290
     0
176
     1
 90
       50
176
     1
 40
0.0
176
     1
 40
1.0
176
     1
 90
        0
176
     1
 62
    18
420
        0
176
     1
 90
       50
176
     1
 90
        3
176
     1
 62
     5
420
      255
176
     1
290
     0
176
     1
 90
       50
176
     1
 90
       50
176
     1
 90
       50
176
     1
290
     0
176
     1
 90
       50
176
     1
 62
   256
176
     0
 40
1.0
176
     0
 90
        2
176
     1
  1
strokes_ogs.tif
176
     1
290
     0
176
     1
 40
1.0
176
     1
 40
1.0
176
     1
  0
VISUALSTYLE
  5
3E
102
{ACAD_REACTORS
330
29
102
}
330
29
100
AcDbVisualStyle
  2
Shaded
 70
    27
177
     3
291
     0
 70
    58
 90
        2
176
     1
 90
        2
176
     1
 90
        1
176
     1
 90
        2
176
     1
 40
0.6
176
     1
 40
30.0
176
     1
 62
     7
420
 16777215
176
     1
 90
        0
176
     1
 90
        4
176
     1
 62
     7
176
     1
 62
   257
176
     1
 90
        1
176
     1
 90
        1
176
     1
 40
1.0
176
     1
 90
        8
176
     1
 62
   257
176
     1
 40
1.0
176
     1
 90
        1
176
     1
 90
        6
176
     1
 90
        2
176
     1
 62
     8
420
  7895160
176
     1
 90
        3
176
     1
 90
        0
176
     1
 90
        0
176
     1
290
     0
176
     1
 90
        5
176
     1
 40
0.0
176
     1
 90
        0
176
     1
290
     0
176
     1
290
     1
176
     1
290
     1
176
     1
290
     0
176
     1
290
     0
176
     1
290
     0
176
     1
290
     0
176
     1
290
     0
176
     1
290
     0
176
     1
 90
       50
176
     1
 40
0.0
176
     1
 40
1.0
176
     1
 90
        0
176
     1
 62
    18
420
        0
176
     1
 90
       50
176
     1
 90
        3
176
     1
 62
     5
420
      255
176
     1
290
     0
176
     1
 90
       50
176
     1
 90
       50
176
     1
 90
       50
176
     1
290
     0
176
     1
 90
       50
176
     1
 62
   256
176
     0
 40
1.0
176
     0
 90
        2
176
     1
  1
strokes_ogs.tif
176
     1
290
     0
176
     1
 40
1.0
176
     1
 40
1.0
176
     1
  0
VISUALSTYLE
  5
3D
102
{ACAD_REACTORS
330
29
102
}
330
29
100
AcDbVisualStyle
  2
Shaded with edges
 70
    26
177
     3
291
     0
 70
    58
 90
        2
176
     1
 90
        2
176
     1
 90
        1
176
     1
 90
        2
176
     1
 40
0.6
176
     1
 40
30.0
176
     1
 62
     7
420
 16777215
176
     1
 90
        1
176
     1
 90
        2
176
     1
 62
     7
176
     1
 62
   257
176
     1
 90
        2
176
     1
 90
        1
176
     1
 40
1.0
176
     1
 90
        8
176
     1
 62
   257
176
     1
 40
1.0
176
     1
 90
        1
176
     1
 90
        6
176
     1
 90
        2
176
     1
 62
     7
176
     1
 90
        3
176
     1
 90
        0
176
     1
 90
        0
176
     1
290
     0
176
     1
 90
        5
176
     1
 40
0.0
176
     1
 90
        0
176
     1
290
     0
176
     1
290
     1
176
     1
290
     1
176
     1
290
     0
176
     1
290
     0
176
     1
290
     0
176
     1
290
     0
176
     1
290
     0
176
     1
290
     0
176
     1
 90
       50
176
     1
 40
0.0
176
     1
 40
1.0
176
     1
 90
        0
176
     1
 62
    18
420
        0
176
     1
 90
       50
176
     1
 90
        3
176
     1
 62
     5
420
      255
176
     1
290
     0
176
     1
 90
       50
176
     1
 90
       50
176
     1
 90
       50
176
     1
290
     0
176
     1
 90
       50
176
     1
 62
   256
176
     0
 40
1.0
176
     0
 90
        2
176
     1
  1
strokes_ogs.tif
176
     1
290
     0
176
     1
 40
1.0
176
     1
 40
1.0
176
     1
  0
VISUALSTYLE
  5
3A
102
{ACAD_REACTORS
330
29
102
}
330
29
100
AcDbVisualStyle
  2
Shades of Gray
 70
    23
177
     3
291
     0
 70
    58
 90
        2
176
     1
 90
        2
176
     1
 90
        3
176
     1
 90
        0
176
     1
 40
0.6
176
     1
 40
30.0
176
     1
 62
     7
420
 16777215
176
     1
 90
        2
176
     1
 90
        2
176
     1
 62
     7
176
     1
 62
     7
176
     1
 90
        1
176
     1
 90
        1
176
     1
 40
40.0
176
     1
 90
        8
176
     1
 62
     7
176
     1
 40
1.0
176
     1
 90
        1
176
     1
 90
        6
176
     1
 90
        2
176
     1
 62
     7
176
     1
 90
        3
176
     1
 90
        0
176
     1
 90
        0
176
     1
290
     0
176
     1
 90
        1
176
     1
 40
0.0
176
     1
 90
        0
176
     1
290
     0
176
     1
290
     1
176
     1
290
     1
176
     1
290
     0
176
     1
290
     0
176
     1
290
     0
176
     1
290
     0
176
     1
290
     0
176
     1
290
     0
176
     1
 90
       50
176
     1
 40
0.0
176
     1
 40
1.0
176
     1
 90
        0
176
     1
 62
    18
420
        0
176
     1
 90
       50
176
     1
 90
        3
176
     1
 62
     5
420
      255
176
     1
290
     0
176
     1
 90
       50
176
     1
 90
       50
176
     1
 90
       50
176
     1
290
     0
176
     1
 90
       50
176
     1
 62
   256
176
     0
 40
1.0
176
     0
 90
        2
176
     1
  1
strokes_ogs.tif
176
     1
290
     0
176
     1
 40
1.0
176
     1
 40
1.0
176
     1
  0
VISUALSTYLE
  5
3B
102
{ACAD_REACTORS
330
29
102
}
330
29
100
AcDbVisualStyle
  2
Sketchy
 70
    24
177
     3
291
     0
 70
    58
 90
        1
176
     1
 90
        2
176
     1
 90
        2
176
     1
 90
        0
176
     1
 40
0.6
176
     1
 40
30.0
176
     1
 62
     7
420
 16777215
176
     1
 90
        2
176
     1
 90
        2
176
     1
 62
     7
176
     1
 62
     7
176
     1
 90
        1
176
     1
 90
        1
176
     1
 40
40.0
176
     1
 90
       11
176
     1
 62
     7
176
     1
 40
1.0
176
     1
 90
        1
176
     1
 90
        6
176
     1
 90
        2
176
     1
 62
     7
176
     1
 90
        6
176
     1
 90
        0
176
     1
 90
        0
176
     1
290
     0
176
     1
 90
        1
176
     1
 40
0.0
176
     1
 90
        0
176
     1
290
     0
176
     1
290
     1
176
     1
290
     1
176
     1
290
     0
176
     1
290
     0
176
     1
290
     0
176
     1
290
     0
176
     1
290
     0
176
     1
290
     0
176
     1
 90
       50
176
     1
 40
0.0
176
     1
 40
1.0
176
     1
 90
        0
176
     1
 62
    18
420
        0
176
     1
 90
       50
176
     1
 90
        3
176
     1
 62
     5
420
      255
176
     1
290
     0
176
     1
 90
       50
176
     1
 90
       50
176
     1
 90
       50
176
     1
290
     0
176
     1
 90
       50
176
     1
 62
   256
176
     0
 40
1.0
176
     0
 90
        2
176
     1
  1
strokes_ogs.tif
176
     1
290
     0
176
     1
 40
1.0
176
     1
 40
1.0
176
     1
  0
VISUALSTYLE
  5
36
102
{ACAD_REACTORS
330
29
102
}
330
29
100
AcDbVisualStyle
  2
Thicken
 70
    13
177
     3
291
     1
 70
    58
 90
        2
176
     1
 90
        2
176
     1
 90
        0
176
     1
 90
        0
176
     1
 40
0.6
176
     1
 40
30.0
176
     1
 62
     7
420
 16777215
176
     1
 90
        1
176
     1
 90
        4
176
     1
 62
     7
176
     1
 62
   257
176
     1
 90
        1
176
     1
 90
        1
176
     1
 40
1.0
176
     1
 90
       12
176
     1
 62
     7
176
     1
 40
1.0
176
     1
 90
        1
176
     1
 90
        6
176
     1
 90
        2
176
     1
 62
     7
176
     1
 90
        5
176
     1
 90
        0
176
     1
 90
        0
176
     1
290
     0
176
     1
 90
        1
176
     1
 40
0.0
176
     1
 90
        0
176
     1
290
     0
176
     1
290
     1
176
     1
290
     1
176
     1
290
     0
176
     1
290
     0
176
     1
290
     0
176
     1
290
     0
176
     1
290
     0
176
     1
290
     0
176
     1
 90
       50
176
     1
 40
0.0
176
     1
 40
1.0
176
     1
 90
        0
176
     1
 62
    18
420
        0
176
     1
 90
       50
176
     1
 90
        3
176
     1
 62
     5
420
      255
176
     1
290
     0
176
     1
 90
       50
176
     1
 90
       50
176
     1
 90
       50
176
     1
290
     0
176
     1
 90
       50
176
     1
 62
   256
176
     0
 40
1.0
176
     0
 90
        2
176
     1
  1
strokes_ogs.tif
176
     1
290
     0
176
     1
 40
1.0
176
     1
 40
1.0
176
     1
  0
VISUALSTYLE
  5
30
102
{ACAD_REACTORS
330
29
102
}
330
29
100
AcDbVisualStyle
  2
Wireframe
 70
     5
177
     3
291
     0
 70
    58
 90
        0
176
     1
 90
        2
176
     1
 90
        0
176
     1
 90
        0
176
     1
 40
0.6
176
     1
 40
30.0
176
     1
 62
     7
420
 16777215
176
     1
 90
        1
176
     1
 90
        4
176
     1
 62
     7
176
     1
 62
   257
176
     1
 90
        1
176
     1
 90
        1
176
     1
 40
1.0
176
     1
 90
        0
176
     1
 62
   257
176
     1
 40
1.0
176
     1
 90
        1
176
     1
 90
        6
176
     1
 90
        2
176
     1
 62
     7
176
     1
 90
        3
176
     1
 90
        0
176
     1
 90
        0
176
     1
290
     0
176
     1
 90
        1
176
     1
 40
0.0
176
     1
 90
        0
176
     1
290
     0
176
     1
290
     1
176
     1
290
     1
176
     1
290
     0
176
     1
290
     0
176
     1
290
     0
176
     1
290
     0
176
     1
290
     0
176
     1
290
     0
176
     1
 90
       50
176
     1
 40
0.0
176
     1
 40
1.0
176
     1
 90
        0
176
     1
 62
    18
420
        0
176
     1
 90
       50
176
     1
 90
        3
176
     1
 62
     5
420
      255
176
     1
290
     0
176
     1
 90
       50
176
     1
 90
       50
176
     1
 90
       50
176
     1
290
     0
176
     1
 90
       50
176
     1
 62
   256
176
     0
 40
1.0
176
     0
 90
        2
176
     1
  1
strokes_ogs.tif
176
     1
290
     0
176
     1
 40
1.0
176
     1
 40
1.0
176
     1
  0
VISUALSTYLE
  5
3C
102
{ACAD_REACTORS
330
29
102
}
330
29
100
AcDbVisualStyle
  2
X-Ray
 70
    25
177
     3
291
     0
 70
    58
 90
        2
176
     1
 90
        2
176
     1
 90
        1
176
     1
 90
        1
176
     1
 40
0.5
176
     1
 40
30.0
176
     1
 62
     7
420
 16777215
176
     1
 90
        1
176
     1
 90
        0
176
     1
 62
     7
176
     1
 62
   257
176
     1
 90
        1
176
     1
 90
        1
176
     1
 40
1.0
176
     1
 90
        8
176
     1
 62
     7
176
     1
 40
1.0
176
     1
 90
        1
176
     1
 90
        6
176
     1
 90
        2
176
     1
 62
     7
176
     1
 90
        3
176
     1
 90
        0
176
     1
 90
        0
176
     1
290
     0
176
     1
 90
       13
176
     1
 40
0.0
176
     1
 90
        0
176
     1
290
     0
176
     1
290
     1
176
     1
290
     1
176
     1
290
     0
176
     1
290
     0
176
     1
290
     0
176
     1
290
     0
176
     1
290
     0
176
     1
290
     0
176
     1
 90
       50
176
     1
 40
0.0
176
     1
 40
1.0
176
     1
 90
        0
176
     1
 62
    18
420
        0
176
     1
 90
       50
176
     1
 90
        3
176
     1
 62
     5
420
      255
176
     1
290
     0
176
     1
 90
       50
176
     1
 90
       50
176
     1
 90
       50
176
     1
290
     0
176
     1
 90
       50
176
     1
 62
   256
176
     0
 40
1.0
176
     0
 90
        2
176
     1
  1
strokes_ogs.tif
176
     1
290
     0
176
     1
 40
1.0
176
     1
 40
1.0
176
     1
  0
DICTIONARYVAR
  5
5D2
102
{ACAD_REACTORS
330
5CD
102
}
330
5CD
100
DictionaryVariables
280
     0
  1
1:1
  0
DICTIONARYVAR
  5
5CF
102
{ACAD_REACTORS
330
5CD
102
}
330
5CD
100
DictionaryVariables
280
     0
  1
Standard
  0
DICTIONARYVAR
  5
5CE
102
{ACAD_REACTORS
330
5CD
102
}
330
5CD
100
DictionaryVariables
280
     0
  1
Standard
  0
DICTIONARYVAR
  5
5D0
102
{ACAD_REACTORS
330
5CD
102
}
330
5CD
100
DictionaryVariables
280
     0
  1
Imperial24
  0
DICTIONARYVAR
  5
5D1
102
{ACAD_REACTORS
330
5CD
102
}
330
5CD
100
DictionaryVariables
280
     0
  1
Imperial24
  0
XRECORD
  5
5C8
102
{ACAD_REACTORS
330
5C4
102
}
330
5C4
100
AcDbXrecord
280
     1
  1
BUILDING_ID
  1
J1672 -HH - Lot 29, No
  1
FLOOR_ID
  1
2192967
  0
XRECORD
  5
5C6
102
{ACAD_REACTORS
330
5C4
102
}
330
5C4
100
AcDbXrecord
280
     1
  1
-2000011
  1
Walls
  1
-2000014
  1
Windows
  1
-2000023
  1
Doors
  1
-2000032
  1
Floors
  1
-2000035
  1
Roofs
  1
-2000038
  1
Ceilings
  1
-2000051
  1
Lines
  1
-2000240
  1
Levels
  1
-2000260
  1
Dimensions
  1
-2000266
  1
Roof Tags
  1
-2000300
  1
Text Notes
  1
-2000480
  1
Room Tags
  1
-2001000
  1
Casework
  1
-2001160
  1
Plumbing Fixtures
  1
-2001350
  1
Specialty Equipment
  1
-2002000
  1
Detail Items
  1
-2006020
  1
Level Heads
  0
XRECORD
  5
5C7
102
{ACAD_REACTORS
330
5C4
102
}
330
5C4
100
AcDbXrecord
280
     1
  1
-2000018
  1
Frame/Mullion
  1
-2000022
  1
Opening
  1
-2000025
  1
Panel
  1
-2000029
  1
Frame/Mullion
  1
-2000042
  1
<Thin Lines>
  1
-2000043
  1
<Medium Lines>
  1
-2000044
  1
<Wide Lines>
  1
-2000586
  1
Common Edges
  1
-2000588
  1
Cut Pattern
  1
-2000596
  1
Common Edges
  1
-2000608
  1
Cut Pattern
  1
1035229
  1
Baths/Showers
  1
1933725
  1
0
  1
2107280
  1
0.1 pen DASHED
  1
2323259
  1
0.3 BOUNDARY
  1
2571851
  1
Cooktop
  1
942652
  1
Door Swing
  0
XRECORD
  5
5C5
102
{ACAD_REACTORS
330
5C4
102
}
330
5C4
100
AcDbXrecord
280
     1
  1
1220569
  1
Basic Wall : 270 double brick : 270 double brick
  1
1222731
  1
Basic Wall : 110 brick wall : 110 brick wall
  1
1276167
  1
Floor : kitchen bench
  1
1363608
  1
Filled region : WHITE
  1
1364090
  1
Basic Wall : 230 brick wall : 230 brick wall
  1
1366206
  1
Linen shelves : Linen shelves
  1
1377398
  1
89563_Cavity_Sliding_Door_single : 820CSD
  1
1378895
  1
Basic Roof : Metal Sheet Roof (100mm)
  1
1482782
  1
Floor : 450MM SUS SLAB
  1
1503254
  1
VELUX FS   deck mounted   fixed : C01
  1
1616962
  1
Filled region : Earth
  1
1664455
  1
Floor : 600 SEAT
  1
1690443
  1
Filled region : COMPACT FILL
  1
1739590
  1
Shower_Twin_Phoenix_NXQuil_FaceBased : Chrome (606-6500-00)
  1
1747809
  1
3 PANEL 2 transom : AFA1842 SP
  1
1812943
  1
Stacker Door - 3 Panel : FXX3047 SP
  1
1815695
  1
AS.AA 0622 - 1527(3 PANEL HORIZONTAL) : AA1430 SP
  1
1859742
  1
Gas instantaneous hws : Type 1
  1
1917170
  1
roof tag_WIP : roof tag_WIP
  1
1936996
  1
Filled region : Concrete
  1
1959228
  1
Tap : Tap
  1
19847
  1
Compound Ceiling : 600x1200mm_Grid
  1
2001708
  1
custom - equal Panel M(6 PANEL HORIZONTAL) : AFA3042T SP
  1
2108305
  1
Text : 1.5mm Calibri light blue
  1
2144162
  1
RoomTag : Room Tag
  1
2159605
  1
Linear Dimension Style : 1.5mm Calibrii
  1
2338323
  1
Basic Wall : 90mm Stud Wall coloured : 90mm Stud Wall coloured
  1
2341617
  1
Linen shelves 2 sides : WIR Shelf 2
  1
2345580
  1
Basic Wall : 75mm EPS wall : 75mm EPS wall
  1
2388960
  1
Filled region : intergrated retaining MASKED
  1
2571816
  1
Induction Cooktop : WCE77US6HB
  1
2599461
  1
Single - Timber Frame  : 870x2400
  1
744073
  1
Text : 1.5mm ISO
  1
787246
  1
Level : UNDER
  1
787266
  1
Level : OVER
  0
DICTIONARY
  5
5D3
330
65
100
AcDbDictionary
280
     1
281
     1
  3
ACAD_ROUNDTRIP_2008_TABLESTYLE_CELLSTYLEMAP
360
5D4
  0
CELLSTYLEMAP
  5
5D4
102
{ACAD_REACTORS
330
5D3
102
}
330
5D3
100
AcDbCellStyleMap
 90
        3
300
CELLSTYLE
  1
TABLEFORMAT_BEGIN
 90
        5
170
     1
 91
        0
 92
    32768
 62
   257
 93
        1
300
CONTENTFORMAT
  1
CONTENTFORMAT_BEGIN
 90
        0
 91
        0
 92
      512
 93
        0
300

 40
0.0
140
1.0
 94
        5
 62
     0
340
55
144
0.25
309
CONTENTFORMAT_END
171
     0
 94
        0
309
TABLEFORMAT_END
  1
CELLSTYLE_BEGIN
 90
        1
 91
        1
300
_TITLE
309
CELLSTYLE_END
300
CELLSTYLE
  1
TABLEFORMAT_BEGIN
 90
        5
170
     1
 91
        0
 92
        0
 62
   257
 93
        1
300
CONTENTFORMAT
  1
CONTENTFORMAT_BEGIN
 90
        0
 91
        0
 92
      512
 93
        0
300

 40
0.0
140
1.0
 94
        5
 62
     0
340
55
144
0.18
309
CONTENTFORMAT_END
171
     0
 94
        0
309
TABLEFORMAT_END
  1
CELLSTYLE_BEGIN
 90
        2
 91
        1
300
_HEADER
309
CELLSTYLE_END
300
CELLSTYLE
  1
TABLEFORMAT_BEGIN
 90
        5
170
     1
 91
        0
 92
        0
 62
   257
 93
        1
300
CONTENTFORMAT
  1
CONTENTFORMAT_BEGIN
 90
        0
 91
        0
 92
      512
 93
        0
300

 40
0.0
140
1.0
 94
        2
 62
     0
340
55
144
0.18
309
CONTENTFORMAT_END
171
     0
 94
        0
309
TABLEFORMAT_END
  1
CELLSTYLE_BEGIN
 90
        3
 91
        2
300
_DATA
309
CELLSTYLE_END
  0
ENDSEC
  0
EOF
