  0
SECTION
  2
HEADER
  9
$ACADVER
  1
AC1032
  9
$ACADMAINTVER
 90
       55
  9
$DWGCODEPAGE
  3
ANSI_1252
  9
$LASTSAVEDBY
  1
bj-su
  9
$REQUIREDVERSIONS
160
                 0
  9
$INSBASE
 10
0.0
 20
0.0
 30
0.0
  9
$EXTMIN
 10
22424.15283775739
 20
27109.68453607935
 30
0.0
  9
$EXTMAX
 10
44652.04313233253
 20
40408.58506364314
 30
0.0
  9
$LIMMIN
 10
0.0
 20
0.0
  9
$LIMMAX
 10
12.0
 20
9.0
  9
$ORTHOMODE
 70
     0
  9
$REGENMODE
 70
     1
  9
$FILLMODE
 70
     1
  9
$QTEXTMODE
 70
     0
  9
$MIRRTEXT
 70
     0
  9
$LTSCALE
 40
1.0
  9
$ATTMODE
 70
     1
  9
$TEXTSIZE
 40
0.2
  9
$TRACEWID
 40
0.05
  9
$TEXTSTYLE
  7
Standard
  9
$CLAYER
  8
0
  9
$CELTYPE
  6
ByLayer
  9
$CECOLOR
 62
   256
  9
$CELTSCALE
 40
1.0
  9
$DISPSILH
 70
     0
  9
$DIMSCALE
 40
1.0
  9
$DIMASZ
 40
0.18
  9
$DIMEXO
 40
0.0625
  9
$DIMDLI
 40
0.38
  9
$DIMRND
 40
0.0
  9
$DIMDLE
 40
0.0
  9
$DIMEXE
 40
0.18
  9
$DIMTP
 40
0.0
  9
$DIMTM
 40
0.0
  9
$DIMTXT
 40
0.18
  9
$DIMCEN
 40
0.09
  9
$DIMTSZ
 40
0.0
  9
$DIMTOL
 70
     0
  9
$DIMLIM
 70
     0
  9
$DIMTIH
 70
     1
  9
$DIMTOH
 70
     1
  9
$DIMSE1
 70
     0
  9
$DIMSE2
 70
     0
  9
$DIMTAD
 70
     0
  9
$DIMZIN
 70
     0
  9
$DIMBLK
  1

  9
$DIMASO
 70
     1
  9
$DIMSHO
 70
     1
  9
$DIMPOST
  1

  9
$DIMAPOST
  1

  9
$DIMALT
 70
     0
  9
$DIMALTD
 70
     2
  9
$DIMALTF
 40
25.4
  9
$DIMLFAC
 40
1.0
  9
$DIMTOFL
 70
     0
  9
$DIMTVP
 40
0.0
  9
$DIMTIX
 70
     0
  9
$DIMSOXD
 70
     0
  9
$DIMSAH
 70
     0
  9
$DIMBLK1
  1

  9
$DIMBLK2
  1

  9
$DIMSTYLE
  2
Standard
  9
$DIMCLRD
 70
     0
  9
$DIMCLRE
 70
     0
  9
$DIMCLRT
 70
     0
  9
$DIMTFAC
 40
1.0
  9
$DIMGAP
 40
0.09
  9
$DIMJUST
 70
     0
  9
$DIMSD1
 70
     0
  9
$DIMSD2
 70
     0
  9
$DIMTOLJ
 70
     1
  9
$DIMTZIN
 70
     0
  9
$DIMALTZ
 70
     0
  9
$DIMALTTZ
 70
     0
  9
$DIMUPT
 70
     0
  9
$DIMDEC
 70
     4
  9
$DIMTDEC
 70
     4
  9
$DIMALTU
 70
     2
  9
$DIMALTTD
 70
     2
  9
$DIMTXSTY
  7
Standard
  9
$DIMAUNIT
 70
     0
  9
$DIMADEC
 70
     0
  9
$DIMALTRND
 40
0.0
  9
$DIMAZIN
 70
     0
  9
$DIMDSEP
 70
    46
  9
$DIMATFIT
 70
     3
  9
$DIMFRAC
 70
     0
  9
$DIMLDRBLK
  1

  9
$DIMLUNIT
 70
     2
  9
$DIMLWD
 70
    -2
  9
$DIMLWE
 70
    -2
  9
$DIMTMOVE
 70
     0
  9
$DIMFXL
 40
1.0
  9
$DIMFXLON
 70
     0
  9
$DIMJOGANG
 40
0.7853981633974483
  9
$DIMTFILL
 70
     0
  9
$DIMTFILLCLR
 70
     0
  9
$DIMARCSYM
 70
     0
  9
$DIMLTYPE
  6

  9
$DIMLTEX1
  6

  9
$DIMLTEX2
  6

  9
$DIMTXTDIRECTION
 70
     0
  9
$LUNITS
 70
     2
  9
$LUPREC
 70
     4
  9
$SKETCHINC
 40
0.1
  9
$FILLETRAD
 40
0.0
  9
$AUNITS
 70
     0
  9
$AUPREC
 70
     0
  9
$MENU
  1
.
  9
$ELEVATION
 40
0.0
  9
$PELEVATION
 40
0.0
  9
$THICKNESS
 40
0.0
  9
$LIMCHECK
 70
     0
  9
$CHAMFERA
 40
0.0
  9
$CHAMFERB
 40
0.0
  9
$CHAMFERC
 40
0.0
  9
$CHAMFERD
 40
0.0
  9
$SKPOLY
 70
     0
  9
$TDCREATE
 40
2461148.348368056
  9
$TDUCREATE
 40
2461147.931701389
  9
$TDUPDATE
 40
2461232.606663553
  9
$TDUUPDATE
 40
2461232.189996887
  9
$TDINDWG
 40
0.0000115741
  9
$TDUSRTIMER
 40
0.0000115741
  9
$USRTIMER
 70
     1
  9
$ANGBASE
 50
0.0
  9
$ANGDIR
 70
     0
  9
$PDMODE
 70
     0
  9
$PDSIZE
 40
0.0
  9
$PLINEWID
 40
0.0
  9
$SPLFRAME
 70
     0
  9
$SPLINETYPE
 70
     6
  9
$SPLINESEGS
 70
     8
  9
$HANDSEED
  5
831
  9
$SURFTAB1
 70
     6
  9
$SURFTAB2
 70
     6
  9
$SURFTYPE
 70
     6
  9
$SURFU
 70
     6
  9
$SURFV
 70
     6
  9
$UCSBASE
  2

  9
$UCSNAME
  2

  9
$UCSORG
 10
0.0
 20
0.0
 30
0.0
  9
$UCSXDIR
 10
1.0
 20
0.0
 30
0.0
  9
$UCSYDIR
 10
0.0
 20
1.0
 30
0.0
  9
$UCSORTHOREF
  2

  9
$UCSORTHOVIEW
 70
     0
  9
$UCSORGTOP
 10
0.0
 20
0.0
 30
0.0
  9
$UCSORGBOTTOM
 10
0.0
 20
0.0
 30
0.0
  9
$UCSORGLEFT
 10
0.0
 20
0.0
 30
0.0
  9
$UCSORGRIGHT
 10
0.0
 20
0.0
 30
0.0
  9
$UCSORGFRONT
 10
0.0
 20
0.0
 30
0.0
  9
$UCSORGBACK
 10
0.0
 20
0.0
 30
0.0
  9
$PUCSBASE
  2

  9
$PUCSNAME
  2

  9
$PUCSORG
 10
0.0
 20
0.0
 30
0.0
  9
$PUCSXDIR
 10
1.0
 20
0.0
 30
0.0
  9
$PUCSYDIR
 10
0.0
 20
1.0
 30
0.0
  9
$PUCSORTHOREF
  2

  9
$PUCSORTHOVIEW
 70
     0
  9
$PUCSORGTOP
 10
0.0
 20
0.0
 30
0.0
  9
$PUCSORGBOTTOM
 10
0.0
 20
0.0
 30
0.0
  9
$PUCSORGLEFT
 10
0.0
 20
0.0
 30
0.0
  9
$PUCSORGRIGHT
 10
0.0
 20
0.0
 30
0.0
  9
$PUCSORGFRONT
 10
0.0
 20
0.0
 30
0.0
  9
$PUCSORGBACK
 10
0.0
 20
0.0
 30
0.0
  9
$USERI1
 70
     0
  9
$USERI2
 70
     0
  9
$USERI3
 70
     0
  9
$USERI4
 70
     0
  9
$USERI5
 70
     0
  9
$USERR1
 40
0.0
  9
$USERR2
 40
0.0
  9
$USERR3
 40
0.0
  9
$USERR4
 40
0.0
  9
$USERR5
 40
0.0
  9
$WORLDVIEW
 70
     1
  9
$SHADEDGE
 70
     3
  9
$SHADEDIF
 70
    70
  9
$TILEMODE
 70
     1
  9
$MAXACTVP
 70
    64
  9
$PINSBASE
 10
0.0
 20
0.0
 30
0.0
  9
$PLIMCHECK
 70
     0
  9
$PEXTMIN
 10
1.000000000000000E+20
 20
1.000000000000000E+20
 30
1.000000000000000E+20
  9
$PEXTMAX
 10
-1.000000000000000E+20
 20
-1.000000000000000E+20
 30
-1.000000000000000E+20
  9
$PLIMMIN
 10
0.0
 20
0.0
  9
$PLIMMAX
 10
12.0
 20
9.0
  9
$UNITMODE
 70
     0
  9
$VISRETAIN
 70
     1
  9
$PLINEGEN
 70
     0
  9
$PSLTSCALE
 70
     1
  9
$TREEDEPTH
 70
  3020
  9
$CMLSTYLE
  2
Standard
  9
$CMLJUST
 70
     0
  9
$CMLSCALE
 40
1.0
  9
$PROXYGRAPHICS
 70
     1
  9
$MEASUREMENT
 70
     1
  9
$CELWEIGHT
370
    -1
  9
$ENDCAPS
280
     0
  9
$JOINSTYLE
280
     0
  9
$LWDISPLAY
290
     0
  9
$INSUNITS
 70
     4
  9
$HYPERLINKBASE
  1

  9
$STYLESHEET
  1

  9
$XEDIT
290
     1
  9
$CEPSNTYPE
380
     0
  9
$PSTYLEMODE
290
     1
  9
$FINGERPRINTGUID
  2
{4024B902-19CF-4440-A961-F1E6A2A3E7C4}
  9
$VERSIONGUID
  2
{ABAB0255-C488-E24A-95F0-310AD010DC2D}
  9
$EXTNAMES
290
     1
  9
$PSVPSCALE
 40
0.0
  9
$OLESTARTUP
290
     0
  9
$SORTENTS
280
   127
  9
$INDEXCTL
280
     0
  9
$HIDETEXT
280
     1
  9
$XCLIPFRAME
280
     2
  9
$HALOGAP
280
     0
  9
$OBSCOLOR
 70
   257
  9
$OBSLTYPE
280
     0
  9
$INTERSECTIONDISPLAY
280
     0
  9
$INTERSECTIONCOLOR
 70
   257
  9
$DIMASSOC
280
     2
  9
$PROJECTNAME
  1

  9
$CAMERADISPLAY
290
     0
  9
$LENSLENGTH
 40
50.0
  9
$CAMERAHEIGHT
 40
0.0
  9
$STEPSPERSEC
 40
2.0
  9
$STEPSIZE
 40
6.0
  9
$3DDWFPREC
 40
2.0
  9
$PSOLWIDTH
 40
0.25
  9
$PSOLHEIGHT
 40
4.0
  9
$LOFTANG1
 40
1.570796326794897
  9
$LOFTANG2
 40
1.570796326794897
  9
$LOFTMAG1
 40
0.0
  9
$LOFTMAG2
 40
0.0
  9
$LOFTPARAM
 70
     7
  9
$LOFTNORMALS
280
     1
  9
$LATITUDE
 40
37.795
  9
$LONGITUDE
 40
-122.394
  9
$NORTHDIRECTION
 40
0.0
  9
$TIMEZONE
 70
 -8000
  9
$LIGHTGLYPHDISPLAY
280
     1
  9
$TILEMODELIGHTSYNCH
280
     1
  9
$CMATERIAL
347
11
  9
$SOLIDHIST
280
     0
  9
$SHOWHIST
280
     1
  9
$DWFFRAME
280
     2
  9
$DGNFRAME
280
     0
  9
$REALWORLDSCALE
290
     1
  9
$INTERFERECOLOR
 62
     1
  9
$CSHADOW
280
     0
  9
$SHADOWPLANELOCATION
 40
0.0
  0
ENDSEC
  0
SECTION
  2
CLASSES
  0
CLASS
  1
ACDBDICTIONARYWDFLT
  2
AcDbDictionaryWithDefault
  3
ObjectDBX Classes
 90
        0
 91
        3
280
     0
281
     0
  0
CLASS
  1
MATERIAL
  2
AcDbMaterial
  3
ObjectDBX Classes
 90
     1153
 91
        3
280
     0
281
     0
  0
CLASS
  1
VISUALSTYLE
  2
AcDbVisualStyle
  3
ObjectDBX Classes
 90
     4095
 91
        3
280
     0
281
     0
  0
CLASS
  1
SCALE
  2
AcDbScale
  3
ObjectDBX Classes
 90
     1153
 91
        3
280
     0
281
     0
  0
CLASS
  1
TABLESTYLE
  2
AcDbTableStyle
  3
ObjectDBX Classes
 90
     4095
 91
        3
280
     0
281
     0
  0
CLASS
  1
MLEADERSTYLE
  2
AcDbMLeaderStyle
  3
ACDB_MLEADERSTYLE_CLASS
 90
     4095
 91
        3
280
     0
281
     0
  0
CLASS
  1
ACDBSECTIONVIEWSTYLE
  2
AcDbSectionViewStyle
  3
ObjectDBX Classes
 90
     1025
 91
        3
280
     0
281
     0
  0
CLASS
  1
ACDBDETAILVIEWSTYLE
  2
AcDbDetailViewStyle
  3
ObjectDBX Classes
 90
     1025
 91
        3
280
     0
281
     0
  0
CLASS
  1
RASTERVARIABLES
  2
AcDbRasterVariables
  3
ISM
 90
        0
 91
        3
280
     0
281
     0
  0
CLASS
  1
DICTIONARYVAR
  2
AcDbDictionaryVar
  3
ObjectDBX Classes
 90
        0
 91
        3
280
     0
281
     0
  0
CLASS
  1
SORTENTSTABLE
  2
AcDbSortentsTable
  3
ObjectDBX Classes
 90
        0
 91
        3
280
     0
281
     0
  0
CLASS
  1
CELLSTYLEMAP
  2
AcDbCellStyleMap
  3
ObjectDBX Classes
 90
     1152
 91
        3
280
     0
281
     0
  0
ENDSEC
  0
SECTION
  2
TABLES
  0
TABLE
  2
VPORT
  5
8
330
0
100
AcDbSymbolTable
 70
     1
  0
VPORT
  5
57
330
8
100
AcDbSymbolTableRecord
100
AcDbViewportTableRecord
  2
*Active
 70
     0
 10
0.0
 20
0.0
 11
1.0
 21
1.0
 12
33538.09798504496
 22
33759.13479986124
 13
0.0
 23
0.0
 14
1.0
 24
1.0
 15
0.0
 25
0.0
 16
0.0
 26
0.0
 36
1.0
 17
0.0
 27
0.0
 37
0.0
 40
13298.90052756379
 41
1.671408117423302
 42
50.0
 43
0.0
 44
0.0
 50
0.0
 51
0.0
 71
     0
 72
  1000
 73
     1
 74
     1
 75
     0
 76
     0
 77
     0
 78
     0
281
     0
 65
     1
110
0.0
120
0.0
130
0.0
111
1.0
121
0.0
131
0.0
112
0.0
122
1.0
132
0.0
 79
     0
146
0.0
348
2F
 60
     3
 61
     5
292
     1
282
     1
141
0.0
142
0.0
 63
   250
421
  3355443
  0
ENDTAB
  0
TABLE
  2
LTYPE
  5
5
330
0
100
AcDbSymbolTable
 70
     5
  0
LTYPE
  5
5B
330
5
100
AcDbSymbolTableRecord
100
AcDbLinetypeTableRecord
  2
ByBlock
 70
     0
  3

 72
    65
 73
     0
 40
0.0
  0
LTYPE
  5
5C
330
5
100
AcDbSymbolTableRecord
100
AcDbLinetypeTableRecord
  2
ByLayer
 70
     0
  3

 72
    65
 73
     0
 40
0.0
  0
LTYPE
  5
5D
330
5
100
AcDbSymbolTableRecord
100
AcDbLinetypeTableRecord
  2
Continuous
 70
     0
  3
Solid line
 72
    65
 73
     0
 40
0.0
  0
LTYPE
  5
95
330
5
100
AcDbSymbolTableRecord
100
AcDbLinetypeTableRecord
  2
Elevation Swings
 70
     0
  3

 72
    65
 73
     2
 40
3.0
 49
2.0
 74
     0
 49
-1.0
 74
     0
  0
LTYPE
  5
96
330
5
100
AcDbSymbolTableRecord
100
AcDbLinetypeTableRecord
  2
Dash dot
 70
     0
  3

 72
    65
 73
     4
 40
8.0
 49
4.0
 74
     0
 49
-2.0
 74
     0
 49
0.0
 74
     0
 49
-2.0
 74
     0
  0
LTYPE
  5
2FD
330
5
100
AcDbSymbolTableRecord
100
AcDbLinetypeTableRecord
  2
Dashed - Tight 0_18 Pen
 70
     0
  3

 72
    65
 73
     4
 40
3.46
 49
1.2
 74
     0
 49
-0.5299999999999999
 74
     0
 49
1.2
 74
     0
 49
-0.5299999999999999
 74
     0
  0
LTYPE
  5
799
330
5
100
AcDbSymbolTableRecord
100
AcDbLinetypeTableRecord
  2
Centre
 70
     0
  3

 72
    65
 73
     4
 40
30.0
 49
12.0
 74
     0
 49
-6.0
 74
     0
 49
6.0
 74
     0
 49
-6.0
 74
     0
  0
ENDTAB
  0
TABLE
  2
LAYER
  5
2
330
0
100
AcDbSymbolTable
 70
    28
  0
LAYER
  5
54
330
2
100
AcDbSymbolTableRecord
100
AcDbLayerTableRecord
  2
0
 70
     0
 62
     7
  6
Continuous
370
    -3
390
F
347
21
348
0
  0
LAYER
  5
81
330
2
100
AcDbSymbolTableRecord
100
AcDbLayerTableRecord
  2
A-WALL
 70
     0
 62
   113
  6
Continuous
370
     9
390
F
347
21
348
0
  0
LAYER
  5
82
330
2
100
AcDbSymbolTableRecord
100
AcDbLayerTableRecord
  2
I-WALL
 70
     0
 62
     2
  6
Continuous
370
     9
390
F
347
21
348
0
  0
LAYER
  5
83
330
2
100
AcDbSymbolTableRecord
100
AcDbLayerTableRecord
  2
A-DOOR
 70
     0
 62
    31
  6
Continuous
370
     9
390
F
347
21
348
0
  0
LAYER
  5
84
330
2
100
AcDbSymbolTableRecord
100
AcDbLayerTableRecord
  2
P-SANR-FIXT
 70
     0
 62
     6
  6
Continuous
370
     9
390
F
347
21
348
0
  0
LAYER
  5
85
330
2
100
AcDbSymbolTableRecord
100
AcDbLayerTableRecord
  2
S-STRS
 70
     0
 62
    31
  6
Continuous
370
     9
390
F
347
21
348
0
  0
LAYER
  5
86
330
2
100
AcDbSymbolTableRecord
100
AcDbLayerTableRecord
  2
A-FLOR
 70
     0
 62
   192
  6
Continuous
370
     9
390
F
347
21
348
0
  0
LAYER
  5
87
330
2
100
AcDbSymbolTableRecord
100
AcDbLayerTableRecord
  2
A-CLNG
 70
     0
 62
    13
  6
Continuous
370
     9
390
F
347
21
348
0
  0
LAYER
  5
89
330
2
100
AcDbSymbolTableRecord
100
AcDbLayerTableRecord
  2
I-FURN
 70
     0
 62
    30
  6
Continuous
370
     9
390
F
347
21
348
0
  0
LAYER
  5
8A
330
2
100
AcDbSymbolTableRecord
100
AcDbLayerTableRecord
  2
A-GLAZ
 70
     0
 62
   151
  6
Continuous
370
     9
390
F
347
21
348
0
  0
LAYER
  5
8B
330
2
100
AcDbSymbolTableRecord
100
AcDbLayerTableRecord
  2
A-ROOF
 70
     0
 62
   132
  6
Continuous
370
     9
390
F
347
21
348
0
  0
LAYER
  5
8C
330
2
100
AcDbSymbolTableRecord
100
AcDbLayerTableRecord
  2
Q-CASE
 70
     0
 62
    31
  6
Continuous
370
     9
390
F
347
21
348
0
  0
LAYER
  5
8D
330
2
100
AcDbSymbolTableRecord
100
AcDbLayerTableRecord
  2
A-ROOF-OTLN
 70
     0
 62
   132
  6
Continuous
370
     9
390
F
347
21
348
0
  0
LAYER
  5
8E
330
2
100
AcDbSymbolTableRecord
100
AcDbLayerTableRecord
  2
A-GENM
 70
     0
 62
    13
  6
Continuous
370
     9
390
F
347
21
348
0
  0
LAYER
  5
91
330
2
100
AcDbSymbolTableRecord
100
AcDbLayerTableRecord
  2
E-ELEC-FIXT
 70
     0
 62
    91
  6
Continuous
370
     9
390
F
347
21
348
0
  0
LAYER
  5
92
330
2
100
AcDbSymbolTableRecord
100
AcDbLayerTableRecord
  2
A-FLOR-HRAL
 70
     0
 62
    11
  6
Continuous
370
     9
390
F
347
21
348
0
  0
LAYER
  5
93
330
2
100
AcDbSymbolTableRecord
100
AcDbLayerTableRecord
  2
A-DETL
 70
     0
 62
    90
  6
Continuous
370
     9
390
F
347
21
348
0
  0
LAYER
  5
94
330
2
100
AcDbSymbolTableRecord
100
AcDbLayerTableRecord
  2
A-DETL-GENF
 70
     0
 62
    92
  6
Continuous
370
     9
390
F
347
21
348
0
  0
LAYER
  5
CB
330
2
100
AcDbSymbolTableRecord
100
AcDbLayerTableRecord
  2
A-WALL-PATT
 70
     0
 62
   111
  6
Continuous
370
    25
390
F
347
21
348
0
  0
LAYER
  5
12E
330
2
100
AcDbSymbolTableRecord
100
AcDbLayerTableRecord
  2
A-DOOR-FRAM
 70
     0
 62
    31
  6
Continuous
370
    18
390
F
347
21
348
0
  0
LAYER
  5
1F0
330
2
100
AcDbSymbolTableRecord
100
AcDbLayerTableRecord
  2
A-FLOR-PATT
 70
     0
 62
     8
  6
Continuous
370
    35
390
F
347
21
348
0
  0
LAYER
  5
29B
330
2
100
AcDbSymbolTableRecord
100
AcDbLayerTableRecord
  2
A-ROOF-MCUT
 70
     0
 62
   132
  6
Continuous
370
    35
390
F
347
21
348
0
  0
LAYER
  5
6CD
330
2
100
AcDbSymbolTableRecord
100
AcDbLayerTableRecord
  2
A-DETL-MEDM
 70
     0
 62
    33
  6
Continuous
370
    25
390
F
347
21
348
0
  0
LAYER
  5
6EB
330
2
100
AcDbSymbolTableRecord
100
AcDbLayerTableRecord
  2
A-DETL-WIDE
 70
     0
 62
   214
  6
Continuous
370
    50
390
F
347
21
348
0
  0
LAYER
  5
6ED
330
2
100
AcDbSymbolTableRecord
100
AcDbLayerTableRecord
  2
A-DETL-THIN
 70
     0
 62
   151
  6
Continuous
370
     9
390
F
347
21
348
0
  0
LAYER
  5
795
330
2
100
AcDbSymbolTableRecord
100
AcDbLayerTableRecord
  2
A-FLOR-LEVL
 70
     0
 62
    51
  6
Continuous
370
     9
390
F
347
21
348
0
  0
LAYER
  5
7AD
330
2
100
AcDbSymbolTableRecord
100
AcDbLayerTableRecord
  2
A-AREA-IDEN
 70
     0
 62
     2
  6
Continuous
370
     9
390
F
347
21
348
0
  0
LAYER
  5
7B7
330
2
100
AcDbSymbolTableRecord
100
AcDbLayerTableRecord
  2
G-ANNO-TEXT
 70
     0
 62
   231
  6
Continuous
370
     9
390
F
347
21
348
0
  0
ENDTAB
  0
TABLE
  2
STYLE
  5
3
330
0
100
AcDbSymbolTable
 70
     7
  0
STYLE
  5
55
330
3
100
AcDbSymbolTableRecord
100
AcDbTextStyleTableRecord
  2
Standard
 70
     0
 40
0.0
 41
1.0
 50
0.0
 71
     0
 42
0.2
  3
txt
  4

  0
STYLE
  5
5A
330
3
100
AcDbSymbolTableRecord
100
AcDbTextStyleTableRecord
  2
Annotative
 70
     0
 40
0.0
 41
1.0
 50
0.0
 71
     0
 42
0.2
  3
txt
  4

1001
AcadAnnotative
1000
AnnotativeData
1002
{
1070
     1
1070
     1
1002
}
  0
STYLE
  5
796
330
3
100
AcDbSymbolTableRecord
100
AcDbTextStyleTableRecord
  2
ISOCPEUR
 70
     0
 40
199.9999999999998
 41
1.0
 50
0.0
 71
     0
 42
0.2
  3
ISOCPEUR.ttf
  4

1001
ACAD
1000
ISOCPEUR
1071
       34
  0
STYLE
  5
7AE
330
3
100
AcDbSymbolTableRecord
100
AcDbTextStyleTableRecord
  2
Calibri
 70
     0
 40
179.9999999999998
 41
1.0
 50
0.0
 71
     0
 42
0.2
  3
calibri.ttf
  4

1001
ACAD
1000
Calibri
1071
       34
  0
STYLE
  5
7BE
330
3
100
AcDbSymbolTableRecord
100
AcDbTextStyleTableRecord
  2
ISOCPEUR_1
 70
     0
 40
150.0
 41
1.0
 50
0.0
 71
     0
 42
0.2
  3
ISOCPEUR.ttf
  4

1001
ACAD
1000
ISOCPEUR
1071
       34
  0
STYLE
  5
7CB
330
3
100
AcDbSymbolTableRecord
100
AcDbTextStyleTableRecord
  2
ISOCPEUR_2
 70
     0
 40
250.0
 41
1.0
 50
0.0
 71
     0
 42
0.2
  3
ISOCPEUR.ttf
  4

1001
ACAD
1000
ISOCPEUR
1071
       34
  0
STYLE
  5
7EA
330
3
100
AcDbSymbolTableRecord
100
AcDbTextStyleTableRecord
  2
Calibri_1
 70
     0
 40
150.0
 41
1.0
 50
0.0
 71
     0
 42
0.2
  3
calibri.ttf
  4

1001
ACAD
1000
Calibri
1071
       34
  0
ENDTAB
  0
TABLE
  2
VIEW
  5
6
330
0
100
AcDbSymbolTable
 70
     0
  0
ENDTAB
  0
TABLE
  2
UCS
  5
7
330
0
100
AcDbSymbolTable
 70
     0
  0
ENDTAB
  0
TABLE
  2
APPID
  5
9
330
0
100
AcDbSymbolTable
 70
     4
  0
APPID
  5
56
330
9
100
AcDbSymbolTableRecord
100
AcDbRegAppTableRecord
  2
ACAD
 70
     0
  0
APPID
  5
5E
330
9
100
AcDbSymbolTableRecord
100
AcDbRegAppTableRecord
  2
AcadAnnotative
 70
     0
  0
APPID
  5
78
330
9
100
AcDbSymbolTableRecord
100
AcDbRegAppTableRecord
  2
REVIT
 70
     0
  0
APPID
  5
743
330
9
100
AcDbSymbolTableRecord
100
AcDbRegAppTableRecord
  2
HATCHBACKGROUNDCOLOR
 70
     0
  0
ENDTAB
  0
TABLE
  2
DIMSTYLE
  5
A
330
0
100
AcDbSymbolTable
 70
     2
100
AcDbDimStyleTable
  0
DIMSTYLE
105
58
330
A
100
AcDbSymbolTableRecord
100
AcDbDimStyleTableRecord
  2
Standard
 70
     0
178
     0
340
55
  0
DIMSTYLE
105
59
330
A
100
AcDbSymbolTableRecord
100
AcDbDimStyleTableRecord
  2
Annotative
 70
     0
178
     0
340
55
1001
AcadAnnotative
1000
AnnotativeData
1002
{
1070
     1
1070
     1
1002
}
  0
ENDTAB
  0
TABLE
  2
BLOCK_RECORD
  5
1
330
0
100
AcDbSymbolTable
 70
    58
  0
BLOCK_RECORD
  5
70
102
{ACAD_XDICTIONARY
360
824
102
}
330
1
100
AcDbSymbolTableRecord
100
AcDbBlockTableRecord
  2
*Model_Space
340
73
 70
     0
280
     1
281
     0
  0
BLOCK_RECORD
  5
6C
330
1
100
AcDbSymbolTableRecord
100
AcDbBlockTableRecord
  2
*Paper_Space
340
6F
 70
     0
280
     1
281
     0
  0
BLOCK_RECORD
  5
74
330
1
100
AcDbSymbolTableRecord
100
AcDbBlockTableRecord
  2
*Paper_Space0
340
77
 70
     0
280
     1
281
     0
  0
BLOCK_RECORD
  5
129
330
1
100
AcDbSymbolTableRecord
100
AcDbBlockTableRecord
  2
Single - Timber Frame  - 870x2400-2599487-SECTION D-D
340
0
102
{BLKREFS
331
13B
102
}
 70
     0
280
     1
281
     0
  0
BLOCK_RECORD
  5
13C
330
1
100
AcDbSymbolTableRecord
100
AcDbBlockTableRecord
  2
M_Tub-Free Standing-3D - 1570-2592575-SECTION D-D
340
0
102
{BLKREFS
331
165
102
}
 70
     0
280
     1
281
     0
  0
BLOCK_RECORD
  5
166
330
1
100
AcDbSymbolTableRecord
100
AcDbBlockTableRecord
  2
Vanity_Optional_Plinth - Standard Depth-2457422-SECTION D-D
340
0
102
{BLKREFS
331
171
102
}
 70
     0
280
     1
281
     0
  0
BLOCK_RECORD
  5
172
330
1
100
AcDbSymbolTableRecord
100
AcDbBlockTableRecord
  2
RC-Tap Mixer horizontal face - Bath_ Shr Set-1083017-SECTION D-D
340
0
102
{BLKREFS
331
17E
331
219
102
}
 70
     0
280
     1
281
     0
  0
BLOCK_RECORD
  5
20D
330
1
100
AcDbSymbolTableRecord
100
AcDbBlockTableRecord
  2
Vanity_Optional_Plinth - Standard Depth-1437174-SECTION D-D
340
0
102
{BLKREFS
331
218
102
}
 70
     0
280
     1
281
     0
  0
BLOCK_RECORD
  5
225
330
1
100
AcDbSymbolTableRecord
100
AcDbBlockTableRecord
  2
M_Chair-Breuer - M_Chair-Breuer-1362667-SECTION D-D
340
0
102
{BLKREFS
331
22A
102
}
 70
     0
280
     1
281
     0
  0
BLOCK_RECORD
  5
22B
330
1
100
AcDbSymbolTableRecord
100
AcDbBlockTableRecord
  2
M_Chair-Breuer - M_Chair-Breuer-V1-SECTION D-D
340
0
102
{BLKREFS
331
22F
331
230
102
}
 70
     0
280
     1
281
     0
  0
BLOCK_RECORD
  5
231
330
1
100
AcDbSymbolTableRecord
100
AcDbBlockTableRecord
  2
M_Chair-Breuer - M_Chair-Breuer-1393401-SECTION D-D
340
0
102
{BLKREFS
331
238
102
}
 70
     0
280
     1
281
     0
  0
BLOCK_RECORD
  5
239
330
1
100
AcDbSymbolTableRecord
100
AcDbBlockTableRecord
  2
M_Chair-Breuer - M_Chair-Breuer-V2-SECTION D-D
340
0
102
{BLKREFS
331
23D
102
}
 70
     0
280
     1
281
     0
  0
BLOCK_RECORD
  5
23E
330
1
100
AcDbSymbolTableRecord
100
AcDbBlockTableRecord
  2
M_Chair-Breuer - M_Chair-Breuer-V3-SECTION D-D
340
0
102
{BLKREFS
331
247
102
}
 70
     0
280
     1
281
     0
  0
BLOCK_RECORD
  5
248
330
1
100
AcDbSymbolTableRecord
100
AcDbBlockTableRecord
  2
FIXED MOULDING ON AND OFF - A0618-2008251-SECTION D-D
340
0
102
{BLKREFS
331
259
102
}
 70
     0
280
     1
281
     0
  0
BLOCK_RECORD
  5
279
330
1
100
AcDbSymbolTableRecord
100
AcDbBlockTableRecord
  2
Linen shelves - Linen shelves-1981703-SECTION D-D
340
0
102
{BLKREFS
331
288
102
}
 70
     0
280
     1
281
     0
  0
BLOCK_RECORD
  5
289
330
1
100
AcDbSymbolTableRecord
100
AcDbBlockTableRecord
  2
Sliding Door - 2 Panel - XF2118-2140165-SECTION D-D
340
0
102
{BLKREFS
331
29A
102
}
 70
     0
280
     1
281
     0
  0
BLOCK_RECORD
  5
2A5
330
1
100
AcDbSymbolTableRecord
100
AcDbBlockTableRecord
  2
FIXED MOULDING ON AND OFF - A0612-2345004-SECTION D-D
340
0
102
{BLKREFS
331
2B6
102
}
 70
     0
280
     1
281
     0
  0
BLOCK_RECORD
  5
2B7
330
1
100
AcDbSymbolTableRecord
100
AcDbBlockTableRecord
  2
Single - Timber Frame  - 950x2100 EXTERIOR-2625504-SECTION D-D
340
0
102
{BLKREFS
331
2BB
102
}
 70
     0
280
     1
281
     0
  0
BLOCK_RECORD
  5
2CB
330
1
100
AcDbSymbolTableRecord
100
AcDbBlockTableRecord
  2
Cavity slider - 1470CSD-2600546-SECTION D-D
340
0
102
{BLKREFS
331
2DE
102
}
 70
     0
280
     1
281
     0
  0
BLOCK_RECORD
  5
2EA
330
1
100
AcDbSymbolTableRecord
100
AcDbBlockTableRecord
  2
FIXED MOULDING ON AND OFF - A1204-2341869-SECTION D-D
340
0
102
{BLKREFS
331
2FB
102
}
 70
     0
280
     1
281
     0
  0
BLOCK_RECORD
  5
2FC
330
1
100
AcDbSymbolTableRecord
100
AcDbBlockTableRecord
  2
Single - Timber Frame  - 520x2400-2337658-SECTION D-D
340
0
102
{BLKREFS
331
312
102
}
 70
     0
280
     1
281
     0
  0
BLOCK_RECORD
  5
313
330
1
100
AcDbSymbolTableRecord
100
AcDbBlockTableRecord
  2
Single - Timber Frame  - 870x2400-V4-SECTION D-D
340
0
102
{BLKREFS
331
326
102
}
 70
     0
280
     1
281
     0
  0
BLOCK_RECORD
  5
327
330
1
100
AcDbSymbolTableRecord
100
AcDbBlockTableRecord
  2
Single - Timber Frame  - 870x2400-V5-SECTION D-D
340
0
102
{BLKREFS
331
33A
102
}
 70
     0
280
     1
281
     0
  0
BLOCK_RECORD
  5
362
330
1
100
AcDbSymbolTableRecord
100
AcDbBlockTableRecord
  2
custom - equal Panel M_6 PANEL HORIZONTAL_ - AFA3042T SP-2001726-SECTION D-D
340
0
102
{BLKREFS
331
36D
102
}
 70
     0
280
     1
281
     0
  0
BLOCK_RECORD
  5
36E
330
1
100
AcDbSymbolTableRecord
100
AcDbBlockTableRecord
  2
2 panel 1 mullion - AF1218-2343563-SECTION D-D
340
0
102
{BLKREFS
331
379
102
}
 70
     0
280
     1
281
     0
  0
BLOCK_RECORD
  5
37B
330
1
100
AcDbSymbolTableRecord
100
AcDbBlockTableRecord
  2
Downpipe - 450 Eave-1977526-SECTION D-D
340
0
102
{BLKREFS
331
389
102
}
 70
     0
280
     1
281
     0
  0
BLOCK_RECORD
  5
38A
330
1
100
AcDbSymbolTableRecord
100
AcDbBlockTableRecord
  2
Downpipe - 450 Eave-1917928-SECTION D-D
340
0
102
{BLKREFS
331
392
102
}
 70
     0
280
     1
281
     0
  0
BLOCK_RECORD
  5
393
330
1
100
AcDbSymbolTableRecord
100
AcDbBlockTableRecord
  2
Downpipe - RH DP-2028410-SECTION D-D
340
0
102
{BLKREFS
331
39D
102
}
 70
     0
280
     1
281
     0
  0
BLOCK_RECORD
  5
39E
330
1
100
AcDbSymbolTableRecord
100
AcDbBlockTableRecord
  2
Downpipe - 450 Eave-1907276-SECTION D-D
340
0
102
{BLKREFS
331
3A3
102
}
 70
     0
280
     1
281
     0
  0
BLOCK_RECORD
  5
3A4
330
1
100
AcDbSymbolTableRecord
100
AcDbBlockTableRecord
  2
Downpipe - 450 Eave-1907595-SECTION D-D
340
0
102
{BLKREFS
331
3AB
102
}
 70
     0
280
     1
281
     0
  0
BLOCK_RECORD
  5
3AC
330
1
100
AcDbSymbolTableRecord
100
AcDbBlockTableRecord
  2
Solar Panel_ Face Based - Solar Panel_ Face Based-1931305-SECTION D-D
340
0
102
{BLKREFS
331
3AF
331
3B0
331
3B1
102
}
 70
     0
280
     1
281
     0
  0
BLOCK_RECORD
  5
3B2
330
1
100
AcDbSymbolTableRecord
100
AcDbBlockTableRecord
  2
Solar Panel_ Face Based - Solar Panel_ Face Based-V6-SECTION D-D
340
0
102
{BLKREFS
331
3C6
102
}
 70
     0
280
     1
281
     0
  0
BLOCK_RECORD
  5
3C7
330
1
100
AcDbSymbolTableRecord
100
AcDbBlockTableRecord
  2
Solar Panel_ Face Based - Solar Panel_ Face Based-V7-SECTION D-D
340
0
102
{BLKREFS
331
3DB
102
}
 70
     0
280
     1
281
     0
  0
BLOCK_RECORD
  5
3DC
330
1
100
AcDbSymbolTableRecord
100
AcDbBlockTableRecord
  2
Solar Panel_ Face Based - Solar Panel_ Face Based-V8-SECTION D-D
340
0
102
{BLKREFS
331
3EF
102
}
 70
     0
280
     1
281
     0
  0
BLOCK_RECORD
  5
3F0
330
1
100
AcDbSymbolTableRecord
100
AcDbBlockTableRecord
  2
Solar Panel_ Face Based - Solar Panel_ Face Based-V9-SECTION D-D
340
0
102
{BLKREFS
331
404
102
}
 70
     0
280
     1
281
     0
  0
BLOCK_RECORD
  5
405
330
1
100
AcDbSymbolTableRecord
100
AcDbBlockTableRecord
  2
Solar Panel_ Face Based - Solar Panel_ Face Based-V10-SECTION D-D
340
0
102
{BLKREFS
331
418
102
}
 70
     0
280
     1
281
     0
  0
BLOCK_RECORD
  5
419
330
1
100
AcDbSymbolTableRecord
100
AcDbBlockTableRecord
  2
Solar Panel_ Face Based - Solar Panel_ Face Based-V11-SECTION D-D
340
0
102
{BLKREFS
331
42D
102
}
 70
     0
280
     1
281
     0
  0
BLOCK_RECORD
  5
42E
330
1
100
AcDbSymbolTableRecord
100
AcDbBlockTableRecord
  2
Shower_Twin_Phoenix_NXQuil_FaceBased - Chrome _606-6500-00_-1739590-SECTION D-D
340
0
102
{BLKREFS
331
438
102
}
 70
     0
280
     1
281
     0
  0
BLOCK_RECORD
  5
439
330
1
100
AcDbSymbolTableRecord
100
AcDbBlockTableRecord
  2
Downpipe - 450 Eave-1976548-SECTION D-D
340
0
102
{BLKREFS
331
448
102
}
 70
     0
280
     1
281
     0
  0
BLOCK_RECORD
  5
449
330
1
100
AcDbSymbolTableRecord
100
AcDbBlockTableRecord
  2
Downpipe - 450 Eave-1976745-SECTION D-D
340
0
102
{BLKREFS
331
450
102
}
 70
     0
280
     1
281
     0
  0
BLOCK_RECORD
  5
451
330
1
100
AcDbSymbolTableRecord
100
AcDbBlockTableRecord
  2
Downpipe - 450 Eave-2002628-SECTION D-D
340
0
102
{BLKREFS
331
45D
102
}
 70
     0
280
     1
281
     0
  0
BLOCK_RECORD
  5
462
330
1
100
AcDbSymbolTableRecord
100
AcDbBlockTableRecord
  2
3 PANEL 2 transom - FFF0946-1778814-SECTION D-D
340
0
102
{BLKREFS
331
46B
102
}
 70
     0
280
     1
281
     0
  0
BLOCK_RECORD
  5
46C
330
1
100
AcDbSymbolTableRecord
100
AcDbBlockTableRecord
  2
Toilet _ Wall  Hosted 3-D_ - Type 1-1428107-SECTION D-D
340
0
102
{BLKREFS
331
4D1
102
}
 70
     0
280
     1
281
     0
  0
BLOCK_RECORD
  5
4D2
330
1
100
AcDbSymbolTableRecord
100
AcDbBlockTableRecord
  2
Timber_Screen_Adjustable_21388 - Type 1-2543068-SECTION D-D
340
0
102
{BLKREFS
331
4E8
102
}
 70
     0
280
     1
281
     0
  0
BLOCK_RECORD
  5
4F5
330
1
100
AcDbSymbolTableRecord
100
AcDbBlockTableRecord
  2
Handrail Type - Handrail_Internal_-2451903-SECTION D-D
340
0
102
{BLKREFS
331
4FB
102
}
 70
     0
280
     1
281
     0
  0
BLOCK_RECORD
  5
4FC
330
1
100
AcDbSymbolTableRecord
100
AcDbBlockTableRecord
  2
Support_Metal_Circular - Standard-2452612-SECTION D-D
340
0
102
{BLKREFS
331
501
102
}
 70
     0
280
     1
281
     0
  0
BLOCK_RECORD
  5
502
330
1
100
AcDbSymbolTableRecord
100
AcDbBlockTableRecord
  2
BUILDMAT-SNA01004-Willow-600-Stainless_Steel _1_ - Willow 600x450x250mm-2518076-SECTION D-D
340
0
102
{BLKREFS
331
507
102
}
 70
     0
280
     1
281
     0
  0
BLOCK_RECORD
  5
508
330
1
100
AcDbSymbolTableRecord
100
AcDbBlockTableRecord
  2
BUILDMAT-SNA01002-Nala_450-Stainless-Steel - Nala 450x450x250mm-2532806-SECTION D-D
340
0
102
{BLKREFS
331
512
102
}
 70
     0
280
     1
281
     0
  0
BLOCK_RECORD
  5
513
330
1
100
AcDbSymbolTableRecord
100
AcDbBlockTableRecord
  2
874300W_BK_File_Rfa_151277_ori_2016Sep14134925 - Artisan 405 Round Above Counter - 0 Tap Holes-2537396-SECTION D-D
340
0
102
{BLKREFS
331
525
331
526
102
}
 70
     0
280
     1
281
     0
  0
BLOCK_RECORD
  5
527
330
1
100
AcDbSymbolTableRecord
100
AcDbBlockTableRecord
  2
tile grate 80 - 1000x80-2561614-SECTION D-D
340
0
102
{BLKREFS
331
530
102
}
 70
     0
280
     1
281
     0
  0
BLOCK_RECORD
  5
531
330
1
100
AcDbSymbolTableRecord
100
AcDbBlockTableRecord
  2
HH Shower - Wincrest Shower-2580500-SECTION D-D
340
0
102
{BLKREFS
331
5DA
102
}
 70
     0
280
     1
281
     0
  0
BLOCK_RECORD
  5
5DB
330
1
100
AcDbSymbolTableRecord
100
AcDbBlockTableRecord
  2
tile grate - 1000x80-2206945-SECTION D-D
340
0
102
{BLKREFS
331
5E0
102
}
 70
     0
280
     1
281
     0
  0
BLOCK_RECORD
  5
5E1
330
1
100
AcDbSymbolTableRecord
100
AcDbBlockTableRecord
  2
HH Shower - Wincrest Shower-2583850-SECTION D-D
340
0
102
{BLKREFS
331
68A
102
}
 70
     0
280
     1
281
     0
  0
BLOCK_RECORD
  5
68B
330
1
100
AcDbSymbolTableRecord
100
AcDbBlockTableRecord
  2
tile grate - 1000x80-2583848-SECTION D-D
340
0
102
{BLKREFS
331
690
102
}
 70
     0
280
     1
281
     0
  0
BLOCK_RECORD
  5
691
330
1
100
AcDbSymbolTableRecord
100
AcDbBlockTableRecord
  2
stackpoint - stackpoint-2591344-SECTION D-D
340
0
102
{BLKREFS
331
696
102
}
 70
     0
280
     1
281
     0
  0
BLOCK_RECORD
  5
697
330
1
100
AcDbSymbolTableRecord
100
AcDbBlockTableRecord
  2
stackpoint - stackpoint-V12-SECTION D-D
340
0
102
{BLKREFS
331
69D
102
}
 70
     0
280
     1
281
     0
  0
BLOCK_RECORD
  5
69E
330
1
100
AcDbSymbolTableRecord
100
AcDbBlockTableRecord
  2
stackpoint - stackpoint-2594485-SECTION D-D
340
0
102
{BLKREFS
331
6A3
102
}
 70
     0
280
     1
281
     0
  0
BLOCK_RECORD
  5
6A4
330
1
100
AcDbSymbolTableRecord
100
AcDbBlockTableRecord
  2
Railing - 25mm-2601264-SECTION D-D
340
0
102
{BLKREFS
331
6A9
102
}
 70
     0
280
     1
281
     0
  0
BLOCK_RECORD
  5
6A8
330
1
100
AcDbSymbolTableRecord
100
AcDbBlockTableRecord
  2
Railing - Railing-2600954-SECTION D-D
340
0
102
{BLKREFS
331
6AC
102
}
 70
     0
280
     1
281
     0
  0
BLOCK_RECORD
  5
6AD
330
1
100
AcDbSymbolTableRecord
100
AcDbBlockTableRecord
  2
Top Rail Type - Top Rail_Internal_-2601176-SECTION D-D
340
0
102
{BLKREFS
331
6B3
102
}
 70
     0
280
     1
281
     0
  0
ENDTAB
  0
ENDSEC
  0
SECTION
  2
BLOCKS
  0
BLOCK
  5
71
330
70
100
AcDbEntity
  8
0
100
AcDbBlockBegin
  2
*Model_Space
 70
     0
 10
0.0
 20
0.0
 30
0.0
  3
*Model_Space
  1

  0
ENDBLK
  5
72
330
70
100
AcDbEntity
  8
0
100
AcDbBlockEnd
  0
BLOCK
  5
6D
330
6C
100
AcDbEntity
 67
     1
  8
0
100
AcDbBlockBegin
  2
*Paper_Space
 70
     0
 10
0.0
 20
0.0
 30
0.0
  3
*Paper_Space
  1

  0
ENDBLK
  5
6E
330
6C
100
AcDbEntity
 67
     1
  8
0
100
AcDbBlockEnd
  0
BLOCK
  5
75
330
74
100
AcDbEntity
  8
0
100
AcDbBlockBegin
  2
*Paper_Space0
 70
     0
 10
0.0
 20
0.0
 30
0.0
  3
*Paper_Space0
  1

  0
ENDBLK
  5
76
330
74
100
AcDbEntity
  8
0
100
AcDbBlockEnd
  0
BLOCK
  5
139
330
129
100
AcDbEntity
  8
0
100
AcDbBlockBegin
  2
Single - Timber Frame  - 870x2400-2599487-SECTION D-D
 70
     0
 10
0.0
 20
0.0
 30
0.0
  3
Single - Timber Frame  - 870x2400-2599487-SECTION D-D
  1

  0
LINE
  5
12A
330
129
100
AcDbEntity
  8
A-DOOR
370
    18
100
AcDbLine
 10
35875.44550645956
 20
32345.0
 30
0.0
 11
35875.44550645956
 21
34685.00000000001
 31
0.0
1001
REVIT
1002
{
1070
     1
1000
1426885
1002
}
1002
{
1070
     5
1000
2599461
1002
}
1002
{
1070
     3
1000
-2000025
1002
}
  0
LINE
  5
12B
330
129
100
AcDbEntity
  8
A-DOOR
370
    18
100
AcDbLine
 10
35875.44550645956
 20
34685.00000000001
 30
0.0
 11
35845.44550645956
 21
34685.00000000001
 31
0.0
1001
REVIT
1002
{
1070
     1
1000
1426885
1002
}
1002
{
1070
     5
1000
2599461
1002
}
1002
{
1070
     3
1000
-2000025
1002
}
  0
LINE
  5
12C
330
129
100
AcDbEntity
  8
A-DOOR
370
    18
100
AcDbLine
 10
35845.44550645956
 20
34685.00000000001
 30
0.0
 11
35845.44550645956
 21
32345.0
 31
0.0
1001
REVIT
1002
{
1070
     1
1000
1426885
1002
}
1002
{
1070
     5
1000
2599461
1002
}
1002
{
1070
     3
1000
-2000025
1002
}
  0
LINE
  5
12D
330
129
100
AcDbEntity
  8
A-DOOR
370
    18
100
AcDbLine
 10
35845.44550645956
 20
32345.0
 30
0.0
 11
35875.44550645956
 21
32345.0
 31
0.0
1001
REVIT
1002
{
1070
     1
1000
1426885
1002
}
1002
{
1070
     5
1000
2599461
1002
}
1002
{
1070
     3
1000
-2000025
1002
}
  0
LINE
  5
12F
330
129
100
AcDbEntity
  8
A-DOOR-FRAM
100
AcDbLine
 10
35765.44550645858
 20
34715.00000000001
 30
0.0
 11
35765.44550645858
 21
34673.00000000001
 31
0.0
1001
REVIT
1002
{
1070
     1
1000
1426885
1002
}
1002
{
1070
     5
1000
2599461
1002
}
1002
{
1070
     3
1000
-2000029
1002
}
  0
LINE
  5
130
330
129
100
AcDbEntity
  8
A-DOOR-FRAM
100
AcDbLine
 10
35765.44550645858
 20
34673.00000000001
 30
0.0
 11
35845.44550645956
 21
34673.00000000001
 31
0.0
1001
REVIT
1002
{
1070
     1
1000
1426885
1002
}
1002
{
1070
     5
1000
2599461
1002
}
1002
{
1070
     3
1000
-2000029
1002
}
  0
LINE
  5
131
330
129
100
AcDbEntity
  8
A-DOOR-FRAM
100
AcDbLine
 10
35845.44550645956
 20
34673.00000000001
 30
0.0
 11
35845.44550645956
 21
34688.00000000001
 31
0.0
1001
REVIT
1002
{
1070
     1
1000
1426885
1002
}
1002
{
1070
     5
1000
2599461
1002
}
1002
{
1070
     3
1000
-2000029
1002
}
  0
LINE
  5
132
330
129
100
AcDbEntity
  8
A-DOOR-FRAM
100
AcDbLine
 10
35845.44550645956
 20
34688.00000000001
 30
0.0
 11
35875.44550645955
 21
34688.00000000001
 31
0.0
1001
REVIT
1002
{
1070
     1
1000
1426885
1002
}
1002
{
1070
     5
1000
2599461
1002
}
1002
{
1070
     3
1000
-2000029
1002
}
  0
LINE
  5
133
330
129
100
AcDbEntity
  8
A-DOOR-FRAM
100
AcDbLine
 10
35875.44550645955
 20
34688.00000000001
 30
0.0
 11
35875.44550645955
 21
34715.00000000001
 31
0.0
1001
REVIT
1002
{
1070
     1
1000
1426885
1002
}
1002
{
1070
     5
1000
2599461
1002
}
1002
{
1070
     3
1000
-2000029
1002
}
  0
LINE
  5
134
330
129
100
AcDbEntity
  8
A-DOOR-FRAM
100
AcDbLine
 10
35875.44550645955
 20
34715.00000000001
 30
0.0
 11
35765.44550645858
 21
34715.00000000001
 31
0.0
1001
REVIT
1002
{
1070
     1
1000
1426885
1002
}
1002
{
1070
     5
1000
2599461
1002
}
1002
{
1070
     3
1000
-2000029
1002
}
  0
LINE
  5
135
330
129
100
AcDbEntity
  8
A-DOOR-FRAM
370
     9
100
AcDbLine
 10
35875.44550645955
 20
32340.00000000001
 30
0.0
 11
35875.44550645955
 21
32345.00000000001
 31
0.0
1001
REVIT
1002
{
1070
     1
1000
1426885
1002
}
1002
{
1070
     5
1000
2599461
1002
}
1002
{
1070
     3
1000
-2000029
1002
}
  0
LINE
  5
136
330
129
100
AcDbEntity
  8
A-DOOR-FRAM
370
     9
100
AcDbLine
 10
35875.44550645955
 20
34685.00000000001
 30
0.0
 11
35875.44550645955
 21
34688.00000000001
 31
0.0
1001
REVIT
1002
{
1070
     1
1000
1426885
1002
}
1002
{
1070
     5
1000
2599461
1002
}
1002
{
1070
     3
1000
-2000029
1002
}
  0
LINE
  5
137
330
129
100
AcDbEntity
  8
A-DOOR-FRAM
370
     9
100
AcDbLine
 10
35845.44550645956
 20
32340.00000000001
 30
0.0
 11
35845.44550645956
 21
32345.00000000001
 31
0.0
1001
REVIT
1002
{
1070
     1
1000
1426885
1002
}
1002
{
1070
     5
1000
2599461
1002
}
1002
{
1070
     3
1000
-2000029
1002
}
  0
LINE
  5
138
330
129
100
AcDbEntity
  8
A-DOOR-FRAM
370
     9
100
AcDbLine
 10
35765.44550645858
 20
32340.00000000001
 30
0.0
 11
35765.44550645858
 21
34673.00000000001
 31
0.0
1001
REVIT
1002
{
1070
     1
1000
1426885
1002
}
1002
{
1070
     5
1000
2599461
1002
}
1002
{
1070
     3
1000
-2000029
1002
}
  0
ENDBLK
  5
13A
330
129
100
AcDbEntity
  8
0
100
AcDbBlockEnd
  0
BLOCK
  5
163
330
13C
100
AcDbEntity
  8
0
100
AcDbBlockBegin
  2
M_Tub-Free Standing-3D - 1570-2592575-SECTION D-D
 70
     0
 10
0.0
 20
0.0
 30
0.0
  3
M_Tub-Free Standing-3D - 1570-2592575-SECTION D-D
  1

  0
LINE
  5
13D
330
13C
100
AcDbEntity
  8
P-SANR-FIXT
100
AcDbLine
 10
38483.7279300584
 20
32340.00000000001
 30
0.0
 11
38483.7279300584
 21
32406.30000000003
 31
0.0
1001
REVIT
1002
{
1070
     1
1000
1428956
1002
}
1002
{
1070
     5
1000
1687911
1002
}
  0
LINE
  5
13E
330
13C
100
AcDbEntity
  8
P-SANR-FIXT
100
AcDbLine
 10
37957.16308294055
 20
32406.30000000003
 30
0.0
 11
37957.16308294055
 21
32340.00000000001
 31
0.0
1001
REVIT
1002
{
1070
     1
1000
1428956
1002
}
1002
{
1070
     5
1000
1687911
1002
}
  0
LINE
  5
13F
330
13C
100
AcDbEntity
  8
P-SANR-FIXT
100
AcDbLine
 10
37957.16308294054
 20
32340.00000000001
 30
0.0
 11
38220.44550649946
 21
32340.00000000001
 31
0.0
1001
REVIT
1002
{
1070
     1
1000
1428956
1002
}
1002
{
1070
     5
1000
1687911
1002
}
  0
LINE
  5
140
330
13C
100
AcDbEntity
  8
P-SANR-FIXT
100
AcDbLine
 10
38220.44550649946
 20
32340.00000000001
 30
0.0
 11
38483.72793005839
 21
32340.00000000001
 31
0.0
1001
REVIT
1002
{
1070
     1
1000
1428956
1002
}
1002
{
1070
     5
1000
1687911
1002
}
  0
LINE
  5
141
330
13C
100
AcDbEntity
  8
P-SANR-FIXT
100
AcDbLine
 10
38483.72793005839
 20
32340.00000000001
 30
0.0
 11
38483.72793005839
 21
32406.30000000002
 31
0.0
1001
REVIT
1002
{
1070
     1
1000
1428956
1002
}
1002
{
1070
     5
1000
1687911
1002
}
  0
LINE
  5
142
330
13C
100
AcDbEntity
  8
P-SANR-FIXT
100
AcDbLine
 10
37957.16308294054
 20
32340.00000000001
 30
0.0
 11
37957.16308294054
 21
32406.30000000002
 31
0.0
1001
REVIT
1002
{
1070
     1
1000
1428956
1002
}
1002
{
1070
     5
1000
1687911
1002
}
  0
LINE
  5
143
330
13C
100
AcDbEntity
  8
P-SANR-FIXT
100
AcDbLine
 10
38536.55001032196
 20
32454.35612951538
 30
0.0
 11
38562.34550649947
 21
32749.2
 31
0.0
1001
REVIT
1002
{
1070
     1
1000
1428956
1002
}
1002
{
1070
     5
1000
1687911
1002
}
  0
LWPOLYLINE
  5
144
330
13C
100
AcDbEntity
  8
P-SANR-FIXT
100
AcDbPolyline
 90
       41
 70
   128
 43
0.0
 10
38220.44550649947
 20
32405.95361069343
 10
38230.97399532063
 20
32405.95361069343
 10
38241.48564080565
 20
32405.95361069343
 10
38251.96362656408
 20
32405.95361069343
 10
38262.39119005393
 20
32405.95361069343
 10
38272.75164939802
 20
32405.95361069343
 10
38283.02843007152
 20
32405.95361069343
 10
38293.20509141762
 20
32405.95361069343
 10
38303.26535294907
 20
32405.95361069343
 10
38313.1931203935
 20
32405.95361069343
 10
38322.97251144079
 20
32405.95361069343
 10
38332.58788115144
 20
32405.95361069343
 10
38342.02384698508
 20
32405.95361069343
 10
38351.26531340926
 20
32405.95361069343
 10
38360.29749604913
 20
32405.95361069343
 10
38369.10594533922
 20
32405.95361069343
 10
38377.67656963971
 20
32405.95361069343
 10
38385.99565777999
 20
32405.95361069343
 10
38394.04990099372
 20
32405.95361069343
 10
38401.82641420989
 20
32405.95361069342
 10
38409.31275666625
 20
32405.95361069342
 10
38416.49695181188
 20
32405.95361069342
 10
38423.36750646708
 20
32405.95361069342
 10
38429.91342921005
 20
32405.95361069342
 10
38436.12424796079
 20
32405.95361069342
 10
38441.9900267342
 20
32405.95361069342
 10
38447.50138153556
 20
32405.95361069342
 10
38452.64949537285
 20
32405.95361069342
 10
38457.42613236216
 20
32405.95361069342
 10
38461.82365090325
 20
32405.95361069342
 10
38465.83501590457
 20
32405.95361069342
 10
38469.45381003779
 20
32405.95361069342
 10
38472.6742440043
 20
32405.95361069342
 10
38475.49116579673
 20
32405.95361069342
 10
38477.90006894112
 20
32405.95361069342
 10
38479.89709970632
 20
32405.95361069342
 10
38481.4790632691
 20
32405.95361069342
 10
38482.64342882524
 20
32405.95361069342
 10
38483.38833363824
 20
32405.95361069342
 10
38483.71258601929
 20
32405.95361069342
 10
38483.72793005839
 20
32405.95361069342
1001
REVIT
1002
{
1070
     1
1000
1428956
1002
}
1002
{
1070
     5
1000
1687911
1002
}
  0
LWPOLYLINE
  5
145
330
13C
100
AcDbEntity
  8
P-SANR-FIXT
100
AcDbPolyline
 90
       41
 70
   128
 43
0.0
 10
38220.44550649947
 20
32749.2
 10
38234.62572440206
 20
32749.2
 10
38248.78325698094
 20
32749.2
 10
38262.89545520412
 20
32749.2
 10
38276.93974256488
 20
32749.2
 10
38290.8936511994
 20
32749.2
 10
38304.73485783053
 20
32749.2
 10
38318.4412194803
 20
32749.2
 10
38331.99080889394
 20
32749.2
 10
38345.36194961882
 20
32749.2
 10
38358.53325068212
 20
32749.2
 10
38371.48364081187
 20
32749.2
 10
38384.19240214648
 20
32749.2
 10
38396.63920337886
 20
32749.2
 10
38408.80413228221
 20
32749.2
 10
38420.66772756534
 20
32749.2
 10
38432.21101000657
 20
32749.2
 10
38443.41551281642
 20
32749.2
 10
38454.26331118056
 20
32749.2
 10
38464.73705093567
 20
32749.2
 10
38474.81997633244
 20
32749.2
 10
38484.49595684114
 20
32749.2
 10
38493.74951295704
 20
32749.2
 10
38502.56584096437
 20
32749.2
 10
38510.930836619
 20
32749.2
 10
38518.83111771235
 20
32749.2
 10
38526.25404547996
 20
32749.2
 10
38533.18774482087
 20
32749.2
 10
38539.62112329526
 20
32749.2
 10
38545.54388886994
 20
32749.2
 10
38550.94656638345
 20
32749.2
 10
38555.82051270428
 20
32749.2
 10
38560.15793055803
 20
32749.2
 10
38563.95188100141
 20
32749.2
 10
38567.19629452304
 20
32749.2
 10
38569.88598075338
 20
32749.2
 10
38572.01663676823
 20
32749.2
 10
38573.58485397251
 20
32749.2
 10
38574.58812355321
 20
32749.2
 10
38575.02484049301
 20
32749.2
 10
38575.04550649947
 20
32749.2
1001
REVIT
1002
{
1070
     1
1000
1428956
1002
}
1002
{
1070
     5
1000
1687911
1002
}
  0
LWPOLYLINE
  5
146
330
13C
100
AcDbEntity
  8
P-SANR-FIXT
100
AcDbPolyline
 90
       41
 70
   128
 43
0.0
 10
38575.04550649947
 20
32800.0
 10
38574.76186432145
 20
32800.0
 10
38573.91139155437
 20
32800.0
 10
38572.49544877325
 20
32800.0
 10
38570.51630118447
 20
32800.0
 10
38567.97711500197
 20
32800.0
 10
38564.881952382
 20
32800.0
 10
38561.23576492447
 20
32800.0
 10
38557.0443857515
 20
32800.0
 10
38552.31452017567
 20
32800.0
 10
38547.05373497289
 20
32800.0
 10
38541.27044627727
 20
32800.0
 10
38534.97390611701
 20
32800.0
 10
38528.17418761317
 20
32800.0
 10
38520.88216886483
 20
32800.0
 10
38513.10951554645
 20
32800.0
 10
38504.86866224524
 20
32800.0
 10
38496.17279256855
 20
32800.0
 10
38487.03581805283
 20
32800.0
 10
38477.47235590819
 20
32800.0
 10
38467.49770563397
 20
32800.0
 10
38457.1278245428
 20
32800.0
 10
38446.37930223228
 20
32800.0
 10
38435.26933404524
 20
32800.0
 10
38423.81569356076
 20
32800.0
 10
38412.03670416031
 20
32800.0
 10
38399.95120971421
 20
32800.0
 10
38387.57854443547
 20
32800.0
 10
38374.93850194918
 20
32800.0
 10
38362.05130362694
 20
32800.0
 10
38348.93756623689
 20
32800.0
 10
38335.61826896146
 20
32800.0
 10
38322.11471983496
 20
32800.0
 10
38308.4485216554
 20
32800.0
 10
38294.64153742457
 20
32800.0
 10
38280.71585537189
 20
32800.0
 10
38266.69375361801
 20
32800.0
 10
38252.59766453452
 20
32800.0
 10
38238.45013885691
 20
32800.0
 10
38224.27380960833
 20
32800.0
 10
38220.44550649947
 20
32800.0
1001
REVIT
1002
{
1070
     1
1000
1428956
1002
}
1002
{
1070
     5
1000
1687911
1002
}
  0
LINE
  5
147
330
13C
100
AcDbEntity
  8
P-SANR-FIXT
100
AcDbLine
 10
37878.54550649947
 20
32749.2
 30
0.0
 11
37904.34100267698
 21
32454.35612951538
 31
0.0
1001
REVIT
1002
{
1070
     1
1000
1428956
1002
}
1002
{
1070
     5
1000
1687911
1002
}
  0
LWPOLYLINE
  5
148
330
13C
100
AcDbEntity
  8
P-SANR-FIXT
100
AcDbPolyline
 90
       41
 70
   128
 43
0.0
 10
37957.16308294055
 20
32405.95361069342
 10
37957.37368079744
 20
32405.95361069342
 10
37958.00513745645
 20
32405.95361069342
 10
37959.05644272163
 20
32405.95361069342
 10
37960.52591472885
 20
32405.95361069342
 10
37962.41120263633
 20
32405.95361069342
 10
37964.70929038561
 20
32405.95361069342
 10
37967.41650152653
 20
32405.95361069342
 10
37970.52850509876
 20
32405.95361069342
 10
37974.04032256045
 20
32405.95361069342
 10
37977.9463357528
 20
32405.95361069342
 10
37982.24029588796
 20
32405.95361069342
 10
37986.91533354568
 20
32405.95361069343
 10
37991.96396966302
 20
32405.95361069343
 10
37997.37812749917
 20
32405.95361069343
 10
38003.14914555656
 20
32405.95361069343
 10
38009.26779143737
 20
32405.95361069343
 10
38015.72427661342
 20
32405.95361069343
 10
38022.50827208578
 20
32405.95361069343
 10
38029.60892490882
 20
32405.95361069343
 10
38037.01487555279
 20
32405.95361069343
 10
38044.71427607649
 20
32405.95361069343
 10
38052.69480908153
 20
32405.95361069343
 10
38060.94370741753
 20
32405.95361069343
 10
38069.44777460684
 20
32405.95361069343
 10
38078.19340595603
 20
32405.95361069343
 10
38087.1666103206
 20
32405.95361069343
 10
38096.35303248775
 20
32405.95361069343
 10
38105.73797614165
 20
32405.95361069343
 10
38115.30642737451
 20
32405.95361069343
 10
38125.04307870548
 20
32405.95361069343
 10
38134.9323535695
 20
32405.95361069343
 10
38144.95843123636
 20
32405.95361069343
 10
38155.1052721206
 20
32405.95361069343
 10
38165.35664344134
 20
32405.95361069343
 10
38175.6961451913
 20
32405.95361069343
 10
38186.10723637334
 20
32405.95361069343
 10
38196.57326146248
 20
32405.95361069343
 10
38207.0774770512
 20
32405.95361069343
 10
38217.60307863534
 20
32405.95361069343
 10
38220.44550649947
 20
32405.95361069343
1001
REVIT
1002
{
1070
     1
1000
1428956
1002
}
1002
{
1070
     5
1000
1687911
1002
}
  0
LWPOLYLINE
  5
149
330
13C
100
AcDbEntity
  8
P-SANR-FIXT
100
AcDbPolyline
 90
       41
 70
   128
 43
0.0
 10
37865.84550649947
 20
32749.2
 10
37866.12914867749
 20
32749.2
 10
37866.97962144455
 20
32749.2
 10
37868.39556422569
 20
32749.2
 10
37870.37471181447
 20
32749.2
 10
37872.91389799697
 20
32749.2
 10
37876.00906061694
 20
32749.2
 10
37879.65524807447
 20
32749.2
 10
37883.84662724743
 20
32749.2
 10
37888.57649282328
 20
32749.2
 10
37893.83727802605
 20
32749.2
 10
37899.62056672167
 20
32749.2
 10
37905.91710688194
 20
32749.2
 10
37912.71682538578
 20
32749.2
 10
37920.00884413412
 20
32749.2
 10
37927.7814974525
 20
32749.2
 10
37936.0223507537
 20
32749.2
 10
37944.7182204304
 20
32749.2
 10
37953.85519494611
 20
32749.2
 10
37963.41865709074
 20
32749.2
 10
37973.39330736496
 20
32749.2
 10
37983.76318845614
 20
32749.2
 10
37994.51171076665
 20
32749.2
 10
38005.6216789537
 20
32749.2
 10
38017.07531943818
 20
32749.2
 10
38028.85430883863
 20
32749.2
 10
38040.93980328473
 20
32749.2
 10
38053.31246856346
 20
32749.2
 10
38065.95251104974
 20
32749.2
 10
38078.83970937201
 20
32749.2
 10
38091.95344676204
 20
32749.2
 10
38105.27274403748
 20
32749.2
 10
38118.77629316398
 20
32749.2
 10
38132.44249134354
 20
32749.2
 10
38146.24947557437
 20
32749.2
 10
38160.17515762704
 20
32749.2
 10
38174.19725938092
 20
32749.2
 10
38188.29334846443
 20
32749.2
 10
38202.44087414202
 20
32749.2
 10
38216.61720339061
 20
32749.2
 10
38220.44550649947
 20
32749.2
1001
REVIT
1002
{
1070
     1
1000
1428956
1002
}
1002
{
1070
     5
1000
1687911
1002
}
  0
LWPOLYLINE
  5
14A
330
13C
100
AcDbEntity
  8
P-SANR-FIXT
100
AcDbPolyline
 90
       41
 70
   128
 43
0.0
 10
38220.44550649947
 20
32800.0
 10
38206.26528859689
 20
32800.0
 10
38192.107756018
 20
32800.0
 10
38177.99555779482
 20
32800.0
 10
38163.95127043406
 20
32800.0
 10
38149.99736179954
 20
32800.0
 10
38136.15615516841
 20
32800.0
 10
38122.44979351863
 20
32800.0
 10
38108.900204105
 20
32800.0
 10
38095.52906338012
 20
32800.0
 10
38082.35776231683
 20
32800.0
 10
38069.40737218707
 20
32800.0
 10
38056.69861085246
 20
32800.0
 10
38044.25180962008
 20
32800.0
 10
38032.08688071673
 20
32800.0
 10
38020.22328543359
 20
32800.0
 10
38008.68000299237
 20
32800.0
 10
37997.47550018253
 20
32800.0
 10
37986.62770181839
 20
32800.0
 10
37976.15396206327
 20
32800.0
 10
37966.0710366665
 20
32800.0
 10
37956.3950561578
 20
32800.0
 10
37947.1415000419
 20
32800.0
 10
37938.32517203457
 20
32800.0
 10
37929.96017637994
 20
32800.0
 10
37922.05989528659
 20
32800.0
 10
37914.63696751899
 20
32800.0
 10
37907.70326817807
 20
32800.0
 10
37901.26988970369
 20
32800.0
 10
37895.34712412901
 20
32800.0
 10
37889.94444661549
 20
32800.0
 10
37885.07050029467
 20
32800.0
 10
37880.73308244091
 20
32800.0
 10
37876.93913199754
 20
32800.0
 10
37873.69471847591
 20
32800.0
 10
37871.00503224557
 20
32800.0
 10
37868.8743762307
 20
32800.0
 10
37867.30615902642
 20
32800.0
 10
37866.30288944573
 20
32800.0
 10
37865.86617250592
 20
32800.0
 10
37865.84550649947
 20
32800.0
1001
REVIT
1002
{
1070
     1
1000
1428956
1002
}
1002
{
1070
     5
1000
1687911
1002
}
  0
LWPOLYLINE
  5
14B
330
13C
100
AcDbEntity
  8
P-SANR-FIXT
100
AcDbPolyline
 90
       38
 70
   128
 43
0.0
 10
37957.16308294055
 20
32405.95361069342
 10
37955.0426944019
 20
32405.99602411947
 10
37952.9256980326
 20
32406.12319654518
 10
37950.81548057521
 20
32406.33492452179
 10
37948.71541792753
 20
32406.63086932972
 10
37946.62886974179
 20
32407.01055752039
 10
37944.55917405
 20
32407.47338167372
 10
37942.50964192374
 20
32408.01860136976
 10
37940.48355217721
 20
32408.64534437333
 10
37938.48414612178
 20
32409.3526080293
 10
37936.51462238064
 20
32410.13926086672
 10
37934.57813177163
 20
32411.00404440884
 10
37932.67777226662
 20
32411.94557518648
 10
37930.81658403543
 20
32412.96234695125
 10
37928.99754458221
 20
32414.05273308522
 10
37927.22356398203
 20
32415.21498920317
 10
37925.49748022543
 20
32416.44725594325
 10
37923.82205467821
 20
32417.74756194156
 10
37922.19996766382
 20
32419.11382698587
 10
37920.63381417548
 20
32420.54386534357
 10
37919.12609972467
 20
32422.03538925835
 10
37917.67923633289
 20
32423.58601261011
 10
37916.2955386729
 20
32425.19325473229
 10
37914.9772203658
 20
32426.85454438033
 10
37913.72639043965
 20
32428.56722384519
 10
37912.5450499555
 20
32430.32855320509
 10
37911.43508880613
 20
32432.13571470876
 10
37910.39828269257
 20
32433.98581728334
 10
37909.43629028346
 20
32435.87590115934
 10
37908.55065056142
 20
32437.80294260578
 10
37907.74278036109
 20
32439.76385876741
 10
37907.01397210246
 20
32441.75551259669
 10
37906.36539172325
 20
32443.77471787235
 10
37905.79807681374
 20
32445.81824429668
 10
37905.31293495674
 20
32447.88282266335
 10
37904.91074227575
 20
32449.96515008739
 10
37904.59214219324
 20
32452.06189528911
 10
37904.35764440139
 20
32454.16970392349
1001
REVIT
1002
{
1070
     1
1000
1428956
1002
}
1002
{
1070
     5
1000
1687911
1002
}
  0
LWPOLYLINE
  5
14C
330
13C
100
AcDbEntity
  8
P-SANR-FIXT
100
AcDbPolyline
 90
        6
 70
   128
 43
0.0
 10
37871.00503224557
 20
32749.2
 10
37868.8743762307
 20
32749.2
 10
37867.30615902642
 20
32749.2
 10
37866.30288944573
 20
32749.2
 10
37865.86617250592
 20
32749.2
 10
37865.84550649947
 20
32749.2
1001
REVIT
1002
{
1070
     1
1000
1428956
1002
}
1002
{
1070
     5
1000
1687911
1002
}
  0
LWPOLYLINE
  5
14D
330
13C
100
AcDbEntity
  8
P-SANR-FIXT
100
AcDbPolyline
 90
       18
 70
   128
 43
0.0
 10
37866.97962144456
 20
32800.0
 10
37868.39556422569
 20
32800.0
 10
37870.37471181447
 20
32800.0
 10
37872.91389799697
 20
32800.0
 10
37876.00906061694
 20
32800.0
 10
37879.65524807447
 20
32800.0
 10
37883.84662724743
 20
32800.0
 10
37888.57649282328
 20
32800.0
 10
37893.83727802604
 20
32800.0
 10
37899.62056672167
 20
32800.0
 10
37905.91710688194
 20
32800.0
 10
37912.71682538578
 20
32800.0
 10
37920.00884413411
 20
32800.0
 10
37927.78149745249
 20
32800.0
 10
37936.0223507537
 20
32800.0
 10
37944.71822043039
 20
32800.0
 10
37953.8551949461
 20
32800.0
 10
37961.05087768904
 20
32800.0
1001
REVIT
1002
{
1070
     1
1000
1428956
1002
}
1002
{
1070
     5
1000
1687911
1002
}
  0
LWPOLYLINE
  5
14E
330
13C
100
AcDbEntity
  8
P-SANR-FIXT
100
AcDbPolyline
 90
       14
 70
   128
 43
0.0
 10
37996.88823207363
 20
32800.0
 10
38005.62167895369
 20
32800.0
 10
38017.07531943816
 20
32800.0
 10
38028.85430883862
 20
32800.0
 10
38040.93980328472
 20
32800.0
 10
38053.31246856345
 20
32800.0
 10
38065.95251104974
 20
32800.0
 10
38078.839709372
 20
32800.0
 10
38091.95344676203
 20
32800.0
 10
38105.27274403747
 20
32800.0
 10
38118.77629316397
 20
32800.0
 10
38132.44249134353
 20
32800.0
 10
38146.24947557436
 20
32800.0
 10
38160.17515762704
 20
32800.0
1001
REVIT
1002
{
1070
     1
1000
1428956
1002
}
1002
{
1070
     5
1000
1687911
1002
}
  0
LWPOLYLINE
  5
14F
330
13C
100
AcDbEntity
  8
P-SANR-FIXT
100
AcDbPolyline
 90
        6
 70
   128
 43
0.0
 10
38160.75925354885
 20
32800.0
 10
38174.19725938091
 20
32800.0
 10
38188.29334846442
 20
32800.0
 10
38202.44087414201
 20
32800.0
 10
38216.6172033906
 20
32800.0
 10
38220.44550649946
 20
32800.0
1001
REVIT
1002
{
1070
     1
1000
1428956
1002
}
1002
{
1070
     5
1000
1687911
1002
}
  0
LWPOLYLINE
  5
150
330
13C
100
AcDbEntity
  8
P-SANR-FIXT
100
AcDbPolyline
 90
       13
 70
   128
 43
0.0
 10
37865.84550649947
 20
32749.2
 10
37864.82977741113
 20
32749.22031729081
 10
37863.81567327265
 20
32749.28123665991
 10
37862.80481643433
 20
32749.38266064931
 10
37861.79882405147
 20
32749.52442700226
 10
37860.79930549728
 20
32749.70630892283
 10
37859.80785978822
 20
32749.92801543876
 10
37858.82607302595
 20
32750.18919186691
 10
37857.85551585982
 20
32750.4894203807
 10
37856.89774097428
 20
32750.82822067858
 10
37855.95428060484
 20
32751.20505075233
 10
37855.0266440868
 20
32751.61930775421
 10
37854.11631544072
 20
32752.07032896141
1001
REVIT
1002
{
1070
     1
1000
1428956
1002
}
1002
{
1070
     5
1000
1687911
1002
}
  0
LWPOLYLINE
  5
151
330
13C
100
AcDbEntity
  8
P-SANR-FIXT
100
AcDbPolyline
 90
       11
 70
   128
 43
0.0
 10
37852.35337707228
 20
32753.07972018026
 10
37851.50358767523
 20
32753.63647538129
 10
37850.67674228887
 20
32754.22676774974
 10
37849.87416368941
 20
32754.84965294372
 10
37849.0971358314
 20
32755.50413447983
 10
37848.34690179367
 20
32756.18916532718
 10
37847.62466179062
 20
32756.90364958258
 10
37846.93157125221
 20
32757.64644422363
 10
37846.26873897544
 20
32758.41636093736
 10
37845.63722535055
 20
32759.21216802125
 10
37845.03804066463
 20
32760.03259235376
1001
REVIT
1002
{
1070
     1
1000
1428956
1002
}
1002
{
1070
     5
1000
1687911
1002
}
  0
LWPOLYLINE
  5
152
330
13C
100
AcDbEntity
  8
P-SANR-FIXT
100
AcDbPolyline
 90
       12
 70
   128
 43
0.0
 10
37843.94043912749
 20
32761.74200546629
 10
37843.4437782046
 20
32762.62825954999
 10
37842.98295526819
 20
32763.53366586457
 10
37842.55870753667
 20
32764.45677595308
 10
37842.17171371591
 20
32765.39611303629
 10
37841.82259291346
 20
32766.35017437526
 10
37841.51190364813
 20
32767.31743367535
 10
37841.24014295647
 20
32768.29634352803
 10
37841.00774559762
 20
32769.28533788636
 10
37840.81508335777
 20
32770.28283457033
 10
37840.66246445541
 20
32771.28723779805
 10
37840.55013304822
 20
32772.29694073861
1001
REVIT
1002
{
1070
     1
1000
1428956
1002
}
1002
{
1070
     5
1000
1687911
1002
}
  0
LWPOLYLINE
  5
153
330
13C
100
AcDbEntity
  8
P-SANR-FIXT
100
AcDbPolyline
 90
       12
 70
   128
 43
0.0
 10
37840.44698680564
 20
32774.32577862672
 10
37840.45633698222
 20
32775.34166786645
 10
37840.50630441396
 20
32776.35637059581
 10
37840.59680916364
 20
32777.36826350689
 10
37840.72770644295
 20
32778.37572778689
 10
37840.89878684418
 20
32779.37715170787
 10
37841.10977667517
 20
32780.3709332052
 10
37841.3603383972
 20
32781.35548244047
 10
37841.65007116497
 20
32782.32922434492
 10
37841.97851146786
 20
32783.29060113923
 10
37842.34513387145
 20
32784.23807482561
 10
37842.74935185811
 20
32785.1701296483
1001
REVIT
1002
{
1070
     1
1000
1428956
1002
}
1002
{
1070
     5
1000
1687911
1002
}
  0
LWPOLYLINE
  5
154
330
13C
100
AcDbEntity
  8
P-SANR-FIXT
100
AcDbPolyline
 90
       12
 70
   128
 43
0.0
 10
37843.66792881998
 20
32786.98204539929
 10
37844.18081826803
 20
32787.85900764892
 10
37844.7283665957
 20
32788.71475831476
 10
37845.30969784245
 20
32789.54792837828
 10
37845.92388200233
 20
32790.35718494512
 10
37846.56993651168
 20
32791.14123337739
 10
37847.2468278211
 20
32791.89881936488
 10
37847.95347304891
 20
32792.62873093159
 10
37848.68874171347
 20
32793.32980037474
 10
37849.45145754178
 20
32794.00090613278
 10
37850.24040035121
 20
32794.64097457962
 10
37851.05430800156
 20
32795.24898174233
1001
REVIT
1002
{
1070
     1
1000
1428956
1002
}
1002
{
1070
     5
1000
1687911
1002
}
  0
LWPOLYLINE
  5
155
330
13C
100
AcDbEntity
  8
P-SANR-FIXT
100
AcDbPolyline
 90
       12
 70
   128
 43
0.0
 10
37851.89187841422
 20
32795.82395493913
 10
37852.75177165521
 20
32796.36497433557
 10
37853.63261207876
 20
32796.87117441601
 10
37854.53299052811
 20
32797.34174536832
 10
37855.4514665898
 20
32797.77593437935
 10
37856.38657089808
 20
32798.17304683931
 10
37857.33680748551
 20
32798.53244745298
 10
37858.30065617628
 20
32798.85356125604
 10
37859.27657501808
 20
32799.1358745349
 10
37860.26300274895
 20
32799.37893564855
 10
37861.25836129496
 20
32799.58235575105
 10
37862.26105829475
 20
32799.74580941365
1001
REVIT
1002
{
1070
     1
1000
1428956
1002
}
1002
{
1070
     5
1000
1687911
1002
}
  0
LWPOLYLINE
  5
156
330
13C
100
AcDbEntity
  8
P-SANR-FIXT
100
AcDbPolyline
 90
       38
 70
   128
 43
0.0
 10
38536.55001032196
 20
32454.35612951538
 10
38536.32295425381
 20
32452.24750626894
 10
38536.0117573666
 20
32450.14964951717
 10
38535.61691750901
 20
32448.06591538336
 10
38535.13906634055
 20
32445.99963739763
 10
38534.57896832116
 20
32443.95412116396
 10
38533.9375194882
 20
32441.93263907198
 10
38533.21574602295
 20
32439.9384250618
 10
38532.41480260901
 20
32437.97466945043
 10
38531.53597058495
 20
32436.04451382794
 10
38530.58065589456
 20
32434.15104603158
 10
38529.55038683755
 20
32432.29729520591
 10
38528.44681162462
 20
32430.48622695679
 10
38527.27169574071
 20
32428.7207386071
 10
38526.02691912055
 20
32427.00365456156
 10
38524.71447314119
 20
32425.33772178837
 10
38523.33645743624
 20
32423.72560542458
 10
38521.89507653684
 20
32422.16988451247
 10
38520.39263634496
 20
32420.67304787362
 10
38518.83154044442
 20
32419.23749012736
 10
38517.21428625563
 20
32417.86550785986
 10
38515.54346104031
 20
32416.55929595004
 10
38513.82173776235
 20
32415.32094405833
 10
38512.05187081175
 20
32414.1524332836
 10
38510.23669159806
 20
32413.0556329938
 10
38508.3791040208
 20
32412.03229783543
 10
38506.48207982384
 20
32411.08406492644
 10
38504.54865384121
 20
32410.21245123722
 10
38502.58191914205
 20
32409.41885116373
 10
38500.58502208233
 20
32408.70453429679
 10
38498.56115727136
 20
32408.070643391
 10
38496.51356246109
 20
32407.51819253661
 10
38494.44551336645
 20
32407.04806553712
 10
38492.36031842479
 20
32406.66101449546
 10
38490.26131350325
 20
32406.3576586107
 10
38488.15185656189
 20
32406.13848318756
 10
38486.03532228185
 20
32406.00383885997
 10
38483.91509666648
 20
32405.95394103012
1001
REVIT
1002
{
1070
     1
1000
1428956
1002
}
1002
{
1070
     5
1000
1687911
1002
}
  0
LWPOLYLINE
  5
157
330
13C
100
AcDbEntity
  8
P-SANR-FIXT
100
AcDbPolyline
 90
        5
 70
   128
 43
0.0
 10
38575.04550649947
 20
32749.2
 10
38574.76186432145
 20
32749.2
 10
38573.91139155437
 20
32749.2
 10
38572.49544877325
 20
32749.2
 10
38570.51630118447
 20
32749.2
1001
REVIT
1002
{
1070
     1
1000
1428956
1002
}
1002
{
1070
     5
1000
1687911
1002
}
  0
LWPOLYLINE
  5
158
330
13C
100
AcDbEntity
  8
P-SANR-FIXT
100
AcDbPolyline
 90
       20
 70
   128
 43
0.0
 10
38220.44550649946
 20
32800.0
 10
38234.62572440204
 20
32800.0
 10
38248.78325698093
 20
32800.0
 10
38262.89545520411
 20
32800.0
 10
38276.93974256487
 20
32800.0
 10
38290.89365119938
 20
32800.0
 10
38304.73485783052
 20
32800.0
 10
38318.4412194803
 20
32800.0
 10
38331.99080889394
 20
32800.0
 10
38345.36194961881
 20
32800.0
 10
38358.53325068211
 20
32800.0
 10
38371.48364081187
 20
32800.0
 10
38384.19240214647
 20
32800.0
 10
38396.63920337885
 20
32800.0
 10
38408.80413228221
 20
32800.0
 10
38420.66772756534
 20
32800.0
 10
38432.21101000656
 20
32800.0
 10
38443.41551281641
 20
32800.0
 10
38454.26331118054
 20
32800.0
 10
38464.3471719562
 20
32800.0
1001
REVIT
1002
{
1070
     1
1000
1428956
1002
}
1002
{
1070
     5
1000
1687911
1002
}
  0
LWPOLYLINE
  5
159
330
13C
100
AcDbEntity
  8
P-SANR-FIXT
100
AcDbPolyline
 90
       16
 70
   128
 43
0.0
 10
38496.30395111453
 20
32800.0
 10
38502.56584096436
 20
32800.0
 10
38510.930836619
 20
32800.0
 10
38518.83111771234
 20
32800.0
 10
38526.25404547996
 20
32800.0
 10
38533.18774482087
 20
32800.0
 10
38539.62112329525
 20
32800.0
 10
38545.54388886993
 20
32800.0
 10
38550.94656638345
 20
32800.0
 10
38555.82051270427
 20
32800.0
 10
38560.15793055803
 20
32800.0
 10
38563.95188100141
 20
32800.0
 10
38567.19629452303
 20
32800.0
 10
38569.88598075338
 20
32800.0
 10
38572.01663676823
 20
32800.0
 10
38573.58485397251
 20
32800.0
1001
REVIT
1002
{
1070
     1
1000
1428956
1002
}
1002
{
1070
     5
1000
1687911
1002
}
  0
LWPOLYLINE
  5
15A
330
13C
100
AcDbEntity
  8
P-SANR-FIXT
100
AcDbPolyline
 90
       12
 70
   128
 43
0.0
 10
38578.08619656461
 20
32799.81733935068
 10
38579.09218894747
 20
32799.67557299773
 10
38580.09170750166
 20
32799.49369107717
 10
38581.08315321071
 20
32799.27198456123
 10
38582.064939973
 20
32799.01080813309
 10
38583.03549713912
 20
32798.71057961929
 10
38583.99327202465
 20
32798.37177932141
 10
38584.93673239411
 20
32797.99494924767
 10
38585.86436891214
 20
32797.58069224578
 10
38586.77469755822
 20
32797.12967103859
 10
38587.6662620007
 20
32796.64260716381
 10
38588.53763592666
 20
32796.12027981974
1001
REVIT
1002
{
1070
     1
1000
1428956
1002
}
1002
{
1070
     5
1000
1687911
1002
}
  0
LWPOLYLINE
  5
15B
330
13C
100
AcDbEntity
  8
P-SANR-FIXT
100
AcDbPolyline
 90
       12
 70
   128
 43
0.0
 10
38590.21427071007
 20
32794.97323225026
 10
38591.01684930954
 20
32794.35034705627
 10
38591.79387716754
 20
32793.69586552018
 10
38592.54411120527
 20
32793.01083467281
 10
38593.26635120831
 20
32792.29635041741
 10
38593.95944174673
 20
32791.55355577636
 10
38594.6222740235
 20
32790.78363906264
 10
38595.25378764839
 20
32789.98783197874
 10
38595.85297233431
 20
32789.16740764624
 10
38596.41886951358
 20
32788.32367856905
 10
38596.95057387145
 20
32787.45799453371
 10
38597.44723479435
 20
32786.57174045001
1001
REVIT
1002
{
1070
     1
1000
1428956
1002
}
1002
{
1070
     5
1000
1687911
1002
}
  0
LWPOLYLINE
  5
15C
330
13C
100
AcDbEntity
  8
P-SANR-FIXT
100
AcDbPolyline
 90
       12
 70
   128
 43
0.0
 10
38598.33230546227
 20
32784.74322404692
 10
38598.71929928303
 20
32783.8038869637
 10
38599.06842008548
 20
32782.84982562474
 10
38599.37910935081
 20
32781.88256632465
 10
38599.65087004247
 20
32780.90365647197
 10
38599.88326740133
 20
32779.91466211364
 10
38600.07592964117
 20
32778.91716542966
 10
38600.22854854353
 20
32777.91276220195
 10
38600.34087995072
 20
32776.9030592614
 10
38600.41274415644
 20
32775.88967191731
 10
38600.44402619331
 20
32774.87422137328
 10
38600.43467601672
 20
32773.85833213355
1001
REVIT
1002
{
1070
     1
1000
1428956
1002
}
1002
{
1070
     5
1000
1687911
1002
}
  0
LWPOLYLINE
  5
15D
330
13C
100
AcDbEntity
  8
P-SANR-FIXT
100
AcDbPolyline
 90
       12
 70
   128
 43
0.0
 10
38600.38470858497
 20
32772.84362940418
 10
38600.29420383529
 20
32771.8317364931
 10
38600.16330655599
 20
32770.82427221311
 10
38599.99222615476
 20
32769.82284829212
 10
38599.78123632377
 20
32768.82906679479
 10
38599.53067460174
 20
32767.84451755953
 10
38599.24094183397
 20
32766.87077565508
 10
38598.91250153107
 20
32765.90939886076
 10
38598.54587912748
 20
32764.96192517438
 10
38598.14166114084
 20
32764.0298703517
 10
38597.70049423368
 20
32763.11472548162
 10
38597.22308417896
 20
32762.21795460071
1001
REVIT
1002
{
1070
     1
1000
1428956
1002
}
1002
{
1070
     5
1000
1687911
1002
}
  0
LWPOLYLINE
  5
15E
330
13C
100
AcDbEntity
  8
P-SANR-FIXT
100
AcDbPolyline
 90
       12
 70
   128
 43
0.0
 10
38596.16264640325
 20
32760.48524168523
 10
38595.58131515648
 20
32759.65207162172
 10
38594.96713099661
 20
32758.84281505487
 10
38594.32107648726
 20
32758.0587666226
 10
38593.64418517784
 20
32757.30118063512
 10
38592.93753995003
 20
32756.5712690684
 10
38592.20227128547
 20
32755.87019962525
 10
38591.43955545716
 20
32755.19909386722
 10
38590.65061264773
 20
32754.55902542037
 10
38589.83670499738
 20
32753.95101825766
 10
38588.99913458472
 20
32753.37604506086
 10
38588.13924134373
 20
32752.83502566443
1001
REVIT
1002
{
1070
     1
1000
1428956
1002
}
1002
{
1070
     5
1000
1687911
1002
}
  0
LWPOLYLINE
  5
15F
330
13C
100
AcDbEntity
  8
P-SANR-FIXT
100
AcDbPolyline
 90
       13
 70
   128
 43
0.0
 10
38586.35802247083
 20
32751.85825463168
 10
38585.43954640914
 20
32751.42406562064
 10
38584.50444210087
 20
32751.02695316069
 10
38583.55420551343
 20
32750.66755254702
 10
38582.59035682266
 20
32750.34643874396
 10
38581.61443798086
 20
32750.06412546509
 10
38580.62801024998
 20
32749.82106435144
 10
38579.63265170398
 20
32749.61764424894
 10
38578.62995470419
 20
32749.45419058635
 10
38577.62152335191
 20
32749.33096485467
 10
38576.60897092218
 20
32749.24816418879
 10
38575.59391728291
 20
32749.20592105209
 10
38575.04550649947
 20
32749.2
1001
REVIT
1002
{
1070
     1
1000
1428956
1002
}
1002
{
1070
     5
1000
1687911
1002
}
  0
LINE
  5
160
330
13C
100
AcDbEntity
  8
P-SANR-FIXT
100
AcDbLine
 10
38483.72793005838
 20
32405.95361069341
 30
0.0
 11
38220.44550649946
 21
32405.95361069341
 31
0.0
1001
REVIT
1002
{
1070
     1
1000
1428956
1002
}
1002
{
1070
     5
1000
1687911
1002
}
  0
LINE
  5
161
330
13C
100
AcDbEntity
  8
P-SANR-FIXT
100
AcDbLine
 10
37977.20426410341
 20
32405.95361069341
 30
0.0
 11
37957.16308294054
 21
32405.95361069341
 31
0.0
1001
REVIT
1002
{
1070
     1
1000
1428956
1002
}
1002
{
1070
     5
1000
1687911
1002
}
  0
LINE
  5
162
330
13C
100
AcDbEntity
  8
P-SANR-FIXT
100
AcDbLine
 10
38220.44550649946
 20
32405.95361069341
 30
0.0
 11
37977.43509439007
 21
32405.95361069341
 31
0.0
1001
REVIT
1002
{
1070
     1
1000
1428956
1002
}
1002
{
1070
     5
1000
1687911
1002
}
  0
ENDBLK
  5
164
330
13C
100
AcDbEntity
  8
0
100
AcDbBlockEnd
  0
BLOCK
  5
16F
330
166
100
AcDbEntity
  8
0
100
AcDbBlockBegin
  2
Vanity_Optional_Plinth - Standard Depth-2457422-SECTION D-D
 70
     0
 10
0.0
 20
0.0
 30
0.0
  3
Vanity_Optional_Plinth - Standard Depth-2457422-SECTION D-D
  1

  0
LINE
  5
167
330
166
100
AcDbEntity
  8
P-SANR-FIXT
100
AcDbLine
 10
35875.44550645956
 20
33140.00000000002
 30
0.0
 11
37575.44550645956
 21
33140.00000000002
 31
0.0
1001
REVIT
1002
{
1070
     1
1000
1429183
1002
}
1002
{
1070
     5
1000
1198376
1002
}
  0
LINE
  5
168
330
166
100
AcDbEntity
  8
P-SANR-FIXT
100
AcDbLine
 10
37575.44550645956
 20
33080.00000000002
 30
0.0
 11
35875.44550645956
 21
33080.00000000002
 31
0.0
1001
REVIT
1002
{
1070
     1
1000
1429183
1002
}
1002
{
1070
     5
1000
1198376
1002
}
  0
LINE
  5
169
330
166
100
AcDbEntity
  8
P-SANR-FIXT
100
AcDbLine
 10
37575.44550645956
 20
33080.00000000002
 30
0.0
 11
37575.44550645956
 21
33140.00000000002
 31
0.0
1001
REVIT
1002
{
1070
     1
1000
1429183
1002
}
1002
{
1070
     5
1000
1198376
1002
}
  0
LINE
  5
16A
330
166
100
AcDbEntity
  8
P-SANR-FIXT
100
AcDbLine
 10
35875.44550645956
 20
33080.00000000002
 30
0.0
 11
37575.44550645956
 21
33080.00000000002
 31
0.0
1001
REVIT
1002
{
1070
     1
1000
1429183
1002
}
1002
{
1070
     5
1000
1198376
1002
}
1002
{
1070
     3
1000
1080714
1002
}
  0
LINE
  5
16B
330
166
100
AcDbEntity
  8
P-SANR-FIXT
100
AcDbLine
 10
37575.44550645956
 20
32490.00000000002
 30
0.0
 11
35875.44550645956
 21
32490.00000000003
 31
0.0
1001
REVIT
1002
{
1070
     1
1000
1429183
1002
}
1002
{
1070
     5
1000
1198376
1002
}
1002
{
1070
     3
1000
1080714
1002
}
  0
LINE
  5
16C
330
166
100
AcDbEntity
  8
P-SANR-FIXT
100
AcDbLine
 10
37575.44550645956
 20
32490.00000000002
 30
0.0
 11
37575.44550645956
 21
33080.00000000002
 31
0.0
1001
REVIT
1002
{
1070
     1
1000
1429183
1002
}
1002
{
1070
     5
1000
1198376
1002
}
1002
{
1070
     3
1000
1080714
1002
}
  0
LINE
  5
16D
330
166
100
AcDbEntity
  8
P-SANR-FIXT
100
AcDbLine
 10
35915.44550645956
 20
32340.00000000001
 30
0.0
 11
35915.44550645956
 21
32490.00000000003
 31
0.0
1001
REVIT
1002
{
1070
     1
1000
1429183
1002
}
1002
{
1070
     5
1000
1198376
1002
}
1002
{
1070
     3
1000
1080721
1002
}
  0
LINE
  5
16E
330
166
100
AcDbEntity
  8
P-SANR-FIXT
100
AcDbLine
 10
37535.44550645956
 20
32340.0
 30
0.0
 11
37535.44550645956
 21
32490.00000000002
 31
0.0
1001
REVIT
1002
{
1070
     1
1000
1429183
1002
}
1002
{
1070
     5
1000
1198376
1002
}
1002
{
1070
     3
1000
1080721
1002
}
  0
ENDBLK
  5
170
330
166
100
AcDbEntity
  8
0
100
AcDbBlockEnd
  0
BLOCK
  5
17C
330
172
100
AcDbEntity
  8
0
100
AcDbBlockBegin
  2
RC-Tap Mixer horizontal face - Bath_ Shr Set-1083017-SECTION D-D
 70
     0
 10
0.0
 20
0.0
 30
0.0
  3
RC-Tap Mixer horizontal face - Bath_ Shr Set-1083017-SECTION D-D
  1

  0
LINE
  5
173
330
172
100
AcDbEntity
  8
P-SANR-FIXT
100
AcDbLine
 10
36712.94550645956
 20
33285.00000000003
 30
0.0
 11
36712.94550645956
 21
33282.50000000003
 31
0.0
1001
REVIT
1002
{
1070
     1
1000
1429184
1002
}
1002
{
1070
     5
1000
1083017
1002
}
1002
{
1070
     3
1000
942658
1002
}
  0
LINE
  5
174
330
172
100
AcDbEntity
  8
P-SANR-FIXT
100
AcDbLine
 10
36737.94550645956
 20
33282.50000000003
 30
0.0
 11
36737.94550645956
 21
33285.00000000003
 31
0.0
1001
REVIT
1002
{
1070
     1
1000
1429184
1002
}
1002
{
1070
     5
1000
1083017
1002
}
1002
{
1070
     3
1000
942658
1002
}
  0
LINE
  5
175
330
172
100
AcDbEntity
  8
P-SANR-FIXT
100
AcDbLine
 10
36700.44550645956
 20
33285.00000000004
 30
0.0
 11
36700.44550645956
 21
33280.00001084245
 31
0.0
1001
REVIT
1002
{
1070
     1
1000
1429184
1002
}
1002
{
1070
     5
1000
1083017
1002
}
1002
{
1070
     3
1000
942658
1002
}
  0
LINE
  5
176
330
172
100
AcDbEntity
  8
P-SANR-FIXT
100
AcDbLine
 10
36750.44550645956
 20
33280.00001084245
 30
0.0
 11
36750.44550645956
 21
33285.00000000004
 31
0.0
1001
REVIT
1002
{
1070
     1
1000
1429184
1002
}
1002
{
1070
     5
1000
1083017
1002
}
1002
{
1070
     3
1000
942658
1002
}
  0
SPLINE
  5
177
330
172
100
AcDbEntity
  8
P-SANR-FIXT
100
AcDbSpline
210
0.0
220
0.0
230
1.0
 70
     8
 71
     3
 72
     9
 73
     5
 74
     0
 42
0.000000001
 43
0.0000000001
 40
-1.0
 40
-1.0
 40
-1.0
 40
-1.0
 40
-0.8928571428571428
 40
-0.8682876800004942
 40
-0.8682876800004942
 40
-0.8682876800004942
 40
-0.8682876800004942
 10
36712.94550645955
 20
33282.50000000002
 30
0.0
 10
36712.95109788174
 20
33281.80064475179
 30
0.0
 10
36713.02435971927
 20
33280.96016837473
 30
0.0
 10
36713.17877337331
 20
33280.14537590093
 30
0.0
 10
36713.21059720253
 20
33279.99406891746
 30
0.0
1001
REVIT
1002
{
1070
     1
1000
1429184
1002
}
1002
{
1070
     5
1000
1083017
1002
}
1002
{
1070
     3
1000
942658
1002
}
  0
SPLINE
  5
178
330
172
100
AcDbEntity
  8
P-SANR-FIXT
100
AcDbSpline
210
0.0
220
0.0
230
1.0
 70
     8
 71
     3
 72
     8
 73
     4
 74
     0
 42
0.000000001
 43
0.0000000001
 40
-0.1317123199995618
 40
-0.1317123199995618
 40
-0.1317123199995618
 40
-0.1317123199995618
 40
0.0
 40
0.0
 40
0.0
 40
0.0
 10
36737.68074398826
 20
33279.99452038803
 30
0.0
 10
36737.85302748493
 20
33280.80782179934
 30
0.0
 10
36737.93863284046
 20
33281.64027211237
 30
0.0
 10
36737.94550645956
 20
33282.50000000002
 30
0.0
1001
REVIT
1002
{
1070
     1
1000
1429184
1002
}
1002
{
1070
     5
1000
1083017
1002
}
1002
{
1070
     3
1000
942658
1002
}
  0
LINE
  5
179
330
172
100
AcDbEntity
  8
P-SANR-FIXT
100
AcDbLine
 10
36712.94550645955
 20
33285.00000000002
 30
0.0
 11
36737.94550645956
 21
33285.00000000002
 31
0.0
1001
REVIT
1002
{
1070
     1
1000
1429184
1002
}
1002
{
1070
     5
1000
1083017
1002
}
1002
{
1070
     3
1000
942658
1002
}
  0
LINE
  5
17A
330
172
100
AcDbEntity
  8
P-SANR-FIXT
100
AcDbLine
 10
36737.94550645956
 20
33285.00000000002
 30
0.0
 11
36750.44550645956
 21
33285.00000000002
 31
0.0
1001
REVIT
1002
{
1070
     1
1000
1429184
1002
}
1002
{
1070
     5
1000
1083017
1002
}
1002
{
1070
     3
1000
942658
1002
}
  0
LINE
  5
17B
330
172
100
AcDbEntity
  8
P-SANR-FIXT
100
AcDbLine
 10
36700.44550645955
 20
33285.00000000002
 30
0.0
 11
36712.94550645956
 21
33285.00000000002
 31
0.0
1001
REVIT
1002
{
1070
     1
1000
1429184
1002
}
1002
{
1070
     5
1000
1083017
1002
}
1002
{
1070
     3
1000
942658
1002
}
  0
ENDBLK
  5
17D
330
172
100
AcDbEntity
  8
0
100
AcDbBlockEnd
  0
BLOCK
  5
216
330
20D
100
AcDbEntity
  8
0
100
AcDbBlockBegin
  2
Vanity_Optional_Plinth - Standard Depth-1437174-SECTION D-D
 70
     0
 10
0.0
 20
0.0
 30
0.0
  3
Vanity_Optional_Plinth - Standard Depth-1437174-SECTION D-D
  1

  0
LINE
  5
20E
330
20D
100
AcDbEntity
  8
P-SANR-FIXT
100
AcDbLine
 10
33005.44550639289
 20
36340.00000000002
 30
0.0
 11
34205.44550639289
 21
36340.00000000002
 31
0.0
1001
REVIT
1002
{
1070
     1
1000
1436914
1002
}
1002
{
1070
     5
1000
1198376
1002
}
  0
LINE
  5
20F
330
20D
100
AcDbEntity
  8
P-SANR-FIXT
100
AcDbLine
 10
34205.44550639289
 20
36280.00000000002
 30
0.0
 11
33005.44550639289
 21
36280.00000000002
 31
0.0
1001
REVIT
1002
{
1070
     1
1000
1436914
1002
}
1002
{
1070
     5
1000
1198376
1002
}
  0
LINE
  5
210
330
20D
100
AcDbEntity
  8
P-SANR-FIXT
100
AcDbLine
 10
33005.44550639289
 20
36280.00000000002
 30
0.0
 11
33005.44550639289
 21
36340.00000000002
 31
0.0
1001
REVIT
1002
{
1070
     1
1000
1436914
1002
}
1002
{
1070
     5
1000
1198376
1002
}
  0
LINE
  5
211
330
20D
100
AcDbEntity
  8
P-SANR-FIXT
100
AcDbLine
 10
33005.44550639289
 20
36280.00000000002
 30
0.0
 11
34205.44550639289
 21
36280.00000000002
 31
0.0
1001
REVIT
1002
{
1070
     1
1000
1436914
1002
}
1002
{
1070
     5
1000
1198376
1002
}
1002
{
1070
     3
1000
1080714
1002
}
  0
LINE
  5
212
330
20D
100
AcDbEntity
  8
P-SANR-FIXT
100
AcDbLine
 10
34205.44550639289
 20
35690.00000000002
 30
0.0
 11
33005.44550639289
 21
35690.00000000002
 31
0.0
1001
REVIT
1002
{
1070
     1
1000
1436914
1002
}
1002
{
1070
     5
1000
1198376
1002
}
1002
{
1070
     3
1000
1080714
1002
}
  0
LINE
  5
213
330
20D
100
AcDbEntity
  8
P-SANR-FIXT
100
AcDbLine
 10
33005.44550639289
 20
35690.00000000002
 30
0.0
 11
33005.44550639289
 21
36280.00000000002
 31
0.0
1001
REVIT
1002
{
1070
     1
1000
1436914
1002
}
1002
{
1070
     5
1000
1198376
1002
}
1002
{
1070
     3
1000
1080714
1002
}
  0
LINE
  5
214
330
20D
100
AcDbEntity
  8
P-SANR-FIXT
100
AcDbLine
 10
33045.44550639289
 20
35540.0
 30
0.0
 11
33045.44550639289
 21
35690.00000000002
 31
0.0
1001
REVIT
1002
{
1070
     1
1000
1436914
1002
}
1002
{
1070
     5
1000
1198376
1002
}
1002
{
1070
     3
1000
1080721
1002
}
  0
LINE
  5
215
330
20D
100
AcDbEntity
  8
P-SANR-FIXT
100
AcDbLine
 10
34165.44550639289
 20
35540.0
 30
0.0
 11
34165.44550639289
 21
35690.00000000002
 31
0.0
1001
REVIT
1002
{
1070
     1
1000
1436914
1002
}
1002
{
1070
     5
1000
1198376
1002
}
1002
{
1070
     3
1000
1080721
1002
}
  0
ENDBLK
  5
217
330
20D
100
AcDbEntity
  8
0
100
AcDbBlockEnd
  0
BLOCK
  5
228
330
225
100
AcDbEntity
  8
0
100
AcDbBlockBegin
  2
M_Chair-Breuer - M_Chair-Breuer-1362667-SECTION D-D
 70
     0
 10
0.0
 20
0.0
 30
0.0
  3
M_Chair-Breuer - M_Chair-Breuer-1362667-SECTION D-D
  1

  0
LWPOLYLINE
  5
226
330
225
100
AcDbEntity
  8
I-FURN
100
AcDbPolyline
 90
       12
 70
   128
 43
0.0
 10
37282.99665245132
 20
28889.99222402671
 10
37282.63288861016
 20
28889.99222402671
 10
37282.18947557832
 20
28889.99222402671
 10
37281.66712272202
 20
28889.99222402671
 10
37281.06666569442
 20
28889.99222402671
 10
37280.38906509867
 20
28889.99222402671
 10
37279.63540495117
 20
28889.99222402671
 10
37278.8068909474
 20
28889.99222402671
 10
37277.90484853302
 20
28889.99222402671
 10
37276.93072078345
 20
28889.99222402671
 10
37275.88606609532
 20
28889.99222402671
 10
37274.77255569324
 20
28889.99222402671
1001
REVIT
1002
{
1070
     1
1000
1447072
1002
}
1002
{
1070
     5
1000
1362667
1002
}
  0
LINE
  5
227
330
225
100
AcDbEntity
  8
I-FURN
100
AcDbLine
 10
37233.39394920239
 20
28889.99222402671
 30
0.0
 11
37232.84550645583
 21
28889.99222402671
 31
0.0
1001
REVIT
1002
{
1070
     1
1000
1447072
1002
}
1002
{
1070
     5
1000
1362667
1002
}
  0
ENDBLK
  5
229
330
225
100
AcDbEntity
  8
0
100
AcDbBlockEnd
  0
BLOCK
  5
22D
330
22B
100
AcDbEntity
  8
0
100
AcDbBlockBegin
  2
M_Chair-Breuer - M_Chair-Breuer-V1-SECTION D-D
 70
     0
 10
0.0
 20
0.0
 30
0.0
  3
M_Chair-Breuer - M_Chair-Breuer-V1-SECTION D-D
  1

  0
LINE
  5
22C
330
22B
100
AcDbEntity
  8
I-FURN
100
AcDbLine
 10
36477.49706370928
 20
28889.99222402671
 30
0.0
 11
36478.04550645584
 21
28889.99222402671
 31
0.0
1001
REVIT
1002
{
1070
     1
1000
1447221
1002
}
1002
{
1070
     5
1000
1362667
1002
}
  0
ENDBLK
  5
22E
330
22B
100
AcDbEntity
  8
0
100
AcDbBlockEnd
  0
BLOCK
  5
236
330
231
100
AcDbEntity
  8
0
100
AcDbBlockBegin
  2
M_Chair-Breuer - M_Chair-Breuer-1393401-SECTION D-D
 70
     0
 10
0.0
 20
0.0
 30
0.0
  3
M_Chair-Breuer - M_Chair-Breuer-1393401-SECTION D-D
  1

  0
LWPOLYLINE
  5
232
330
231
100
AcDbEntity
  8
I-FURN
100
AcDbPolyline
 90
       16
 70
   128
 43
0.0
 10
36427.24550645584
 20
28889.99222402671
 10
36427.28614103747
 20
28889.99222402671
 10
36427.40797977567
 20
28889.99222402671
 10
36427.61082775447
 20
28889.99222402671
 10
36427.89436046037
 20
28889.99222402671
 10
36428.25812430151
 20
28889.99222402671
 10
36428.70153733336
 20
28889.99222402671
 10
36429.22389018966
 20
28889.99222402671
 10
36429.82434721726
 20
28889.99222402671
 10
36430.501947813
 20
28889.99222402671
 10
36431.2556079605
 20
28889.99222402671
 10
36432.08412196427
 20
28889.99222402671
 10
36432.98616437866
 20
28889.99222402671
 10
36433.96029212822
 20
28889.99222402671
 10
36435.00494681637
 20
28889.99222402671
 10
36436.11845721843
 20
28889.99222402671
1001
REVIT
1002
{
1070
     1
1000
1447414
1002
}
1002
{
1070
     5
1000
1362667
1002
}
  0
LINE
  5
233
330
231
100
AcDbEntity
  8
I-FURN
100
AcDbLine
 10
36450.221656713
 20
28889.99222402671
 30
0.0
 11
36450.59814931774
 21
28889.99222402671
 31
0.0
1001
REVIT
1002
{
1070
     1
1000
1447414
1002
}
1002
{
1070
     5
1000
1362667
1002
}
  0
LINE
  5
234
330
231
100
AcDbEntity
  8
I-FURN
100
AcDbLine
 10
36477.49706370928
 20
28889.99222402671
 30
0.0
 11
36478.04550645584
 21
28889.99222402671
 31
0.0
1001
REVIT
1002
{
1070
     1
1000
1447414
1002
}
1002
{
1070
     5
1000
1362667
1002
}
  0
LINE
  5
235
330
231
100
AcDbEntity
  8
I-FURN
100
AcDbLine
 10
36451.06124760146
 20
28889.99222402671
 30
0.0
 11
36449.36166880737
 21
28889.99222402671
 31
0.0
1001
REVIT
1002
{
1070
     1
1000
1447414
1002
}
1002
{
1070
     5
1000
1362667
1002
}
  0
ENDBLK
  5
237
330
231
100
AcDbEntity
  8
0
100
AcDbBlockEnd
  0
BLOCK
  5
23B
330
239
100
AcDbEntity
  8
0
100
AcDbBlockBegin
  2
M_Chair-Breuer - M_Chair-Breuer-V2-SECTION D-D
 70
     0
 10
0.0
 20
0.0
 30
0.0
  3
M_Chair-Breuer - M_Chair-Breuer-V2-SECTION D-D
  1

  0
LINE
  5
23A
330
239
100
AcDbEntity
  8
I-FURN
100
AcDbLine
 10
37351.56834008709
 20
28889.9959247921
 30
0.0
 11
37352.25389352029
 21
28889.99222402671
 31
0.0
1001
REVIT
1002
{
1070
     1
1000
1447426
1002
}
1002
{
1070
     5
1000
1362667
1002
}
  0
ENDBLK
  5
23C
330
239
100
AcDbEntity
  8
0
100
AcDbBlockEnd
  0
BLOCK
  5
245
330
23E
100
AcDbEntity
  8
0
100
AcDbBlockBegin
  2
M_Chair-Breuer - M_Chair-Breuer-V3-SECTION D-D
 70
     0
 10
0.0
 20
0.0
 30
0.0
  3
M_Chair-Breuer - M_Chair-Breuer-V3-SECTION D-D
  1

  0
LINE
  5
23F
330
23E
100
AcDbEntity
  8
I-FURN
100
AcDbLine
 10
37284.06123364382
 20
28889.99296417979
 30
0.0
 11
37283.92412295719
 21
28889.99222402671
 31
0.0
1001
REVIT
1002
{
1070
     1
1000
1447436
1002
}
1002
{
1070
     5
1000
1362667
1002
}
  0
LINE
  5
240
330
23E
100
AcDbEntity
  8
I-FURN
100
AcDbLine
 10
37283.92412295719
 20
28889.99222402671
 30
0.0
 11
37283.41625841302
 21
28890.00238267211
 31
0.0
1001
REVIT
1002
{
1070
     1
1000
1447436
1002
}
1002
{
1070
     5
1000
1362667
1002
}
  0
LINE
  5
241
330
23E
100
AcDbEntity
  8
I-FURN
100
AcDbLine
 10
37244.3998266725
 20
28889.99222402671
 30
0.0
 11
37244.92079987834
 21
28889.99222402671
 31
0.0
1001
REVIT
1002
{
1070
     1
1000
1447436
1002
}
1002
{
1070
     5
1000
1362667
1002
}
  0
LWPOLYLINE
  5
242
330
23E
100
AcDbEntity
  8
I-FURN
100
AcDbPolyline
 90
       17
 70
   128
 43
0.0
 10
37274.46043812553
 20
28889.99222402671
 10
37275.59223248408
 20
28889.99222402671
 10
37276.65564119981
 20
28889.99222402671
 10
37277.6489630456
 20
28889.99222402671
 10
37278.5706089184
 20
28889.99222402671
 10
37279.41910438145
 20
28889.99222402671
 10
37280.19309202297
 20
28889.99222402671
 10
37280.89133362787
 20
28889.99222402671
 10
37281.51271215853
 20
28889.99222402671
 10
37282.05623354185
 20
28889.99222402671
 10
37282.52102825955
 20
28889.99222402671
 10
37282.90635273925
 20
28889.99222402671
 10
37283.21159054398
 20
28889.99222402671
 10
37283.43625335836
 20
28889.99222402671
 10
37283.57998176979
 20
28889.99222402671
 10
37283.64254584352
 20
28889.99222402671
 10
37283.64550645584
 20
28889.99222402671
1001
REVIT
1002
{
1070
     1
1000
1447436
1002
}
1002
{
1070
     5
1000
1362667
1002
}
  0
LWPOLYLINE
  5
243
330
23E
100
AcDbEntity
  8
I-FURN
100
AcDbPolyline
 90
       16
 70
   128
 43
0.0
 10
36877.24550645584
 20
28889.99222402671
 10
36877.28614103746
 20
28889.99222402671
 10
36877.40797977567
 20
28889.99222402671
 10
36877.61082775447
 20
28889.99222402671
 10
36877.89436046036
 20
28889.99222402671
 10
36878.25812430151
 20
28889.99222402671
 10
36878.70153733336
 20
28889.99222402671
 10
36879.22389018965
 20
28889.99222402671
 10
36879.82434721726
 20
28889.99222402671
 10
36880.50194781301
 20
28889.99222402671
 10
36881.25560796049
 20
28889.99222402671
 10
36882.08412196426
 20
28889.99222402671
 10
36882.98616437865
 20
28889.99222402671
 10
36883.96029212822
 20
28889.99222402671
 10
36885.00494681636
 20
28889.99222402671
 10
36886.11845721843
 20
28889.99222402671
1001
REVIT
1002
{
1070
     1
1000
1447436
1002
}
1002
{
1070
     5
1000
1362667
1002
}
  0
LINE
  5
244
330
23E
100
AcDbEntity
  8
I-FURN
100
AcDbLine
 10
36927.49706370929
 20
28889.99222402671
 30
0.0
 11
36928.04550645584
 21
28889.99222402671
 31
0.0
1001
REVIT
1002
{
1070
     1
1000
1447436
1002
}
1002
{
1070
     5
1000
1362667
1002
}
  0
ENDBLK
  5
246
330
23E
100
AcDbEntity
  8
0
100
AcDbBlockEnd
  0
BLOCK
  5
257
330
248
100
AcDbEntity
  8
0
100
AcDbBlockBegin
  2
FIXED MOULDING ON AND OFF - A0618-2008251-SECTION D-D
 70
     0
 10
0.0
 20
0.0
 30
0.0
  3
FIXED MOULDING ON AND OFF - A0618-2008251-SECTION D-D
  1

  0
LINE
  5
249
330
248
100
AcDbEntity
  8
A-GLAZ
370
    25
100
AcDbLine
 10
39789.94550649941
 20
34190.0
 30
0.0
 11
39789.94550649941
 21
34690.0
 31
0.0
1001
REVIT
1002
{
1070
     1
1000
1458620
1002
}
1002
{
1070
     5
1000
1450930
1002
}
  0
LINE
  5
24A
330
248
100
AcDbEntity
  8
A-GLAZ
370
    25
100
AcDbLine
 10
39789.94550649941
 20
34690.0
 30
0.0
 11
39764.94550649942
 21
34690.0
 31
0.0
1001
REVIT
1002
{
1070
     1
1000
1458620
1002
}
1002
{
1070
     5
1000
1450930
1002
}
  0
LINE
  5
24B
330
248
100
AcDbEntity
  8
A-GLAZ
370
    25
100
AcDbLine
 10
39764.94550649942
 20
34690.0
 30
0.0
 11
39764.94550649942
 21
34190.0
 31
0.0
1001
REVIT
1002
{
1070
     1
1000
1458620
1002
}
1002
{
1070
     5
1000
1450930
1002
}
  0
LINE
  5
24C
330
248
100
AcDbEntity
  8
A-GLAZ
370
    25
100
AcDbLine
 10
39764.94550649942
 20
34190.0
 30
0.0
 11
39789.94550649941
 21
34190.0
 31
0.0
1001
REVIT
1002
{
1070
     1
1000
1458620
1002
}
1002
{
1070
     5
1000
1450930
1002
}
  0
LINE
  5
24D
330
248
100
AcDbEntity
  8
A-GLAZ
370
    25
100
AcDbLine
 10
39864.94550649941
 20
34140.0
 30
0.0
 11
39864.94550649941
 21
34190.0
 31
0.0
1001
REVIT
1002
{
1070
     1
1000
1458620
1002
}
1002
{
1070
     5
1000
1450930
1002
}
  0
LINE
  5
24E
330
248
100
AcDbEntity
  8
A-GLAZ
370
    25
100
AcDbLine
 10
39864.94550649941
 20
34190.0
 30
0.0
 11
39714.94550649941
 21
34190.0
 31
0.0
1001
REVIT
1002
{
1070
     1
1000
1458620
1002
}
1002
{
1070
     5
1000
1450930
1002
}
  0
LINE
  5
24F
330
248
100
AcDbEntity
  8
A-GLAZ
370
    25
100
AcDbLine
 10
39714.94550649941
 20
34190.0
 30
0.0
 11
39714.94550649941
 21
34140.0
 31
0.0
1001
REVIT
1002
{
1070
     1
1000
1458620
1002
}
1002
{
1070
     5
1000
1450930
1002
}
  0
LINE
  5
250
330
248
100
AcDbEntity
  8
A-GLAZ
370
    25
100
AcDbLine
 10
39714.94550649941
 20
34140.0
 30
0.0
 11
39864.94550649941
 21
34140.0
 31
0.0
1001
REVIT
1002
{
1070
     1
1000
1458620
1002
}
1002
{
1070
     5
1000
1450930
1002
}
  0
LINE
  5
251
330
248
100
AcDbEntity
  8
A-GLAZ
370
    25
100
AcDbLine
 10
39864.94550649941
 20
34690.00000000001
 30
0.0
 11
39864.94550649941
 21
34740.0
 31
0.0
1001
REVIT
1002
{
1070
     1
1000
1458620
1002
}
1002
{
1070
     5
1000
1450930
1002
}
  0
LINE
  5
252
330
248
100
AcDbEntity
  8
A-GLAZ
370
    25
100
AcDbLine
 10
39864.94550649941
 20
34740.0
 30
0.0
 11
39714.94550649941
 21
34740.0
 31
0.0
1001
REVIT
1002
{
1070
     1
1000
1458620
1002
}
1002
{
1070
     5
1000
1450930
1002
}
  0
LINE
  5
253
330
248
100
AcDbEntity
  8
A-GLAZ
370
    25
100
AcDbLine
 10
39714.94550649941
 20
34740.0
 30
0.0
 11
39714.94550649941
 21
34690.00000000001
 31
0.0
1001
REVIT
1002
{
1070
     1
1000
1458620
1002
}
1002
{
1070
     5
1000
1450930
1002
}
  0
LINE
  5
254
330
248
100
AcDbEntity
  8
A-GLAZ
370
    25
100
AcDbLine
 10
39714.94550649941
 20
34690.00000000001
 30
0.0
 11
39864.94550649941
 21
34690.00000000001
 31
0.0
1001
REVIT
1002
{
1070
     1
1000
1458620
1002
}
1002
{
1070
     5
1000
1450930
1002
}
  0
LINE
  5
255
330
248
100
AcDbEntity
  8
A-GLAZ
100
AcDbLine
 10
39864.94550649941
 20
34690.0
 30
0.0
 11
39864.94550649941
 21
34190.0
 31
0.0
1001
REVIT
1002
{
1070
     1
1000
1458620
1002
}
1002
{
1070
     5
1000
1450930
1002
}
  0
LINE
  5
256
330
248
100
AcDbEntity
  8
A-GLAZ
100
AcDbLine
 10
39714.9455064994
 20
34190.0
 30
0.0
 11
39714.9455064994
 21
34690.0
 31
0.0
1001
REVIT
1002
{
1070
     1
1000
1458620
1002
}
1002
{
1070
     5
1000
1450930
1002
}
  0
ENDBLK
  5
258
330
248
100
AcDbEntity
  8
0
100
AcDbBlockEnd
  0
BLOCK
  5
286
330
279
100
AcDbEntity
  8
0
100
AcDbBlockBegin
  2
Linen shelves - Linen shelves-1981703-SECTION D-D
 70
     0
 10
0.0
 20
0.0
 30
0.0
  3
Linen shelves - Linen shelves-1981703-SECTION D-D
  1

  0
LINE
  5
27A
330
279
100
AcDbEntity
  8
Q-CASE
100
AcDbLine
 10
31285.44550635093
 20
33990.00000000001
 30
0.0
 11
34165.44550638448
 21
33990.00000000001
 31
0.0
1001
REVIT
1002
{
1070
     1
1000
1474544
1002
}
1002
{
1070
     5
1000
1366206
1002
}
  0
LINE
  5
27B
330
279
100
AcDbEntity
  8
Q-CASE
100
AcDbLine
 10
34165.44550638448
 20
33910.00000000001
 30
0.0
 11
31285.44550635093
 21
33910.00000000001
 31
0.0
1001
REVIT
1002
{
1070
     1
1000
1474544
1002
}
1002
{
1070
     5
1000
1366206
1002
}
  0
LINE
  5
27C
330
279
100
AcDbEntity
  8
Q-CASE
100
AcDbLine
 10
31285.44550635093
 20
33910.00000000001
 30
0.0
 11
31285.44550635093
 21
33990.00000000001
 31
0.0
1001
REVIT
1002
{
1070
     1
1000
1474544
1002
}
1002
{
1070
     5
1000
1366206
1002
}
  0
LINE
  5
27D
330
279
100
AcDbEntity
  8
Q-CASE
100
AcDbLine
 10
31285.44550635093
 20
33590.00000000001
 30
0.0
 11
34165.44550638448
 21
33590.00000000001
 31
0.0
1001
REVIT
1002
{
1070
     1
1000
1474544
1002
}
1002
{
1070
     5
1000
1366206
1002
}
  0
LINE
  5
27E
330
279
100
AcDbEntity
  8
Q-CASE
100
AcDbLine
 10
34165.44550638448
 20
33510.00000000001
 30
0.0
 11
31285.44550635093
 21
33510.00000000001
 31
0.0
1001
REVIT
1002
{
1070
     1
1000
1474544
1002
}
1002
{
1070
     5
1000
1366206
1002
}
  0
LINE
  5
27F
330
279
100
AcDbEntity
  8
Q-CASE
100
AcDbLine
 10
31285.44550635093
 20
33510.00000000001
 30
0.0
 11
31285.44550635093
 21
33590.00000000001
 31
0.0
1001
REVIT
1002
{
1070
     1
1000
1474544
1002
}
1002
{
1070
     5
1000
1366206
1002
}
  0
LINE
  5
280
330
279
100
AcDbEntity
  8
Q-CASE
100
AcDbLine
 10
31285.44550635093
 20
33190.00000000001
 30
0.0
 11
34165.44550638448
 21
33190.00000000001
 31
0.0
1001
REVIT
1002
{
1070
     1
1000
1474544
1002
}
1002
{
1070
     5
1000
1366206
1002
}
  0
LINE
  5
281
330
279
100
AcDbEntity
  8
Q-CASE
100
AcDbLine
 10
34165.44550638448
 20
33110.00000000001
 30
0.0
 11
31285.44550635093
 21
33110.00000000001
 31
0.0
1001
REVIT
1002
{
1070
     1
1000
1474544
1002
}
1002
{
1070
     5
1000
1366206
1002
}
  0
LINE
  5
282
330
279
100
AcDbEntity
  8
Q-CASE
100
AcDbLine
 10
31285.44550635093
 20
33110.00000000001
 30
0.0
 11
31285.44550635093
 21
33190.00000000001
 31
0.0
1001
REVIT
1002
{
1070
     1
1000
1474544
1002
}
1002
{
1070
     5
1000
1366206
1002
}
  0
LINE
  5
283
330
279
100
AcDbEntity
  8
Q-CASE
100
AcDbLine
 10
31285.44550635093
 20
32790.00000000001
 30
0.0
 11
34165.44550638448
 21
32790.00000000001
 31
0.0
1001
REVIT
1002
{
1070
     1
1000
1474544
1002
}
1002
{
1070
     5
1000
1366206
1002
}
  0
LINE
  5
284
330
279
100
AcDbEntity
  8
Q-CASE
100
AcDbLine
 10
34165.44550638448
 20
32710.00000000001
 30
0.0
 11
31285.44550635093
 21
32710.00000000001
 31
0.0
1001
REVIT
1002
{
1070
     1
1000
1474544
1002
}
1002
{
1070
     5
1000
1366206
1002
}
  0
LINE
  5
285
330
279
100
AcDbEntity
  8
Q-CASE
100
AcDbLine
 10
31285.44550635093
 20
32710.00000000001
 30
0.0
 11
31285.44550635093
 21
32790.00000000001
 31
0.0
1001
REVIT
1002
{
1070
     1
1000
1474544
1002
}
1002
{
1070
     5
1000
1366206
1002
}
  0
ENDBLK
  5
287
330
279
100
AcDbEntity
  8
0
100
AcDbBlockEnd
  0
BLOCK
  5
298
330
289
100
AcDbEntity
  8
0
100
AcDbBlockBegin
  2
Sliding Door - 2 Panel - XF2118-2140165-SECTION D-D
 70
     0
 10
0.0
 20
0.0
 30
0.0
  3
Sliding Door - 2 Panel - XF2118-2140165-SECTION D-D
  1

  0
LINE
  5
28A
330
289
100
AcDbEntity
  8
A-DOOR-FRAM
370
     9
100
AcDbLine
 10
36310.44550574213
 20
35595.0
 30
0.0
 11
36310.44550574213
 21
37585.0
 31
0.0
1001
REVIT
1002
{
1070
     1
1000
1486956
1002
}
1002
{
1070
     5
1000
1400861
1002
}
1002
{
1070
     3
1000
-2000029
1002
}
  0
LINE
  5
28B
330
289
100
AcDbEntity
  8
A-DOOR-FRAM
370
     9
100
AcDbLine
 10
36310.44550574213
 20
37585.0
 30
0.0
 11
37052.94550574213
 21
37585.0
 31
0.0
1001
REVIT
1002
{
1070
     1
1000
1486956
1002
}
1002
{
1070
     5
1000
1400861
1002
}
1002
{
1070
     3
1000
-2000029
1002
}
  0
LINE
  5
28C
330
289
100
AcDbEntity
  8
A-DOOR-FRAM
370
     9
100
AcDbLine
 10
37052.94550574213
 20
35595.0
 30
0.0
 11
36310.44550574213
 21
35595.0
 31
0.0
1001
REVIT
1002
{
1070
     1
1000
1486956
1002
}
1002
{
1070
     5
1000
1400861
1002
}
1002
{
1070
     3
1000
-2000029
1002
}
  0
LINE
  5
28D
330
289
100
AcDbEntity
  8
A-DOOR-FRAM
370
     9
100
AcDbLine
 10
37052.94550574213
 20
37640.0
 30
0.0
 11
37052.94550574213
 21
35540.0
 31
0.0
1001
REVIT
1002
{
1070
     1
1000
1486956
1002
}
1002
{
1070
     5
1000
1400861
1002
}
1002
{
1070
     3
1000
-2000029
1002
}
  0
LINE
  5
28E
330
289
100
AcDbEntity
  8
A-DOOR-FRAM
370
     9
100
AcDbLine
 10
37107.94550574213
 20
35595.0
 30
0.0
 11
37107.94550574213
 21
37585.0
 31
0.0
1001
REVIT
1002
{
1070
     1
1000
1486956
1002
}
1002
{
1070
     5
1000
1400861
1002
}
1002
{
1070
     3
1000
-2000029
1002
}
  0
LINE
  5
28F
330
289
100
AcDbEntity
  8
A-DOOR-FRAM
370
     9
100
AcDbLine
 10
37107.94550574213
 20
37585.0
 30
0.0
 11
37930.44550574213
 21
37585.0
 31
0.0
1001
REVIT
1002
{
1070
     1
1000
1486956
1002
}
1002
{
1070
     5
1000
1400861
1002
}
1002
{
1070
     3
1000
-2000029
1002
}
  0
LINE
  5
290
330
289
100
AcDbEntity
  8
A-DOOR-FRAM
370
     9
100
AcDbLine
 10
37930.44550574213
 20
37585.0
 30
0.0
 11
37930.44550574213
 21
35595.0
 31
0.0
1001
REVIT
1002
{
1070
     1
1000
1486956
1002
}
1002
{
1070
     5
1000
1400861
1002
}
1002
{
1070
     3
1000
-2000029
1002
}
  0
LINE
  5
291
330
289
100
AcDbEntity
  8
A-DOOR-FRAM
370
     9
100
AcDbLine
 10
37930.44550574213
 20
35595.0
 30
0.0
 11
37107.94550574213
 21
35595.0
 31
0.0
1001
REVIT
1002
{
1070
     1
1000
1486956
1002
}
1002
{
1070
     5
1000
1400861
1002
}
1002
{
1070
     3
1000
-2000029
1002
}
  0
LINE
  5
292
330
289
100
AcDbEntity
  8
A-DOOR
100
AcDbLine
 10
36255.44550574213
 20
35540.0
 30
0.0
 11
36255.44550574213
 21
37640.0
 31
0.0
1001
REVIT
1002
{
1070
     1
1000
1486956
1002
}
1002
{
1070
     5
1000
1400861
1002
}
  0
LINE
  5
293
330
289
100
AcDbEntity
  8
A-DOOR
100
AcDbLine
 10
36255.44550574213
 20
37640.0
 30
0.0
 11
37985.44550574213
 21
37640.0
 31
0.0
1001
REVIT
1002
{
1070
     1
1000
1486956
1002
}
1002
{
1070
     5
1000
1400861
1002
}
  0
LINE
  5
294
330
289
100
AcDbEntity
  8
A-DOOR
100
AcDbLine
 10
37985.44550574213
 20
35540.0
 30
0.0
 11
37985.44550574213
 21
37640.0
 31
0.0
1001
REVIT
1002
{
1070
     1
1000
1486956
1002
}
1002
{
1070
     5
1000
1400861
1002
}
  0
LINE
  5
295
330
289
100
AcDbEntity
  8
A-DOOR
100
AcDbLine
 10
38025.44550574213
 20
35540.0
 30
0.0
 11
38025.44550574213
 21
37680.0
 31
0.0
1001
REVIT
1002
{
1070
     1
1000
1486956
1002
}
1002
{
1070
     5
1000
1400861
1002
}
  0
LINE
  5
296
330
289
100
AcDbEntity
  8
A-DOOR
100
AcDbLine
 10
36215.44550574213
 20
37680.0
 30
0.0
 11
36215.44550574213
 21
35540.0
 31
0.0
1001
REVIT
1002
{
1070
     1
1000
1486956
1002
}
1002
{
1070
     5
1000
1400861
1002
}
  0
LINE
  5
297
330
289
100
AcDbEntity
  8
A-DOOR
100
AcDbLine
 10
38025.44550574213
 20
37680.0
 30
0.0
 11
36215.44550574213
 21
37680.0
 31
0.0
1001
REVIT
1002
{
1070
     1
1000
1486956
1002
}
1002
{
1070
     5
1000
1400861
1002
}
  0
ENDBLK
  5
299
330
289
100
AcDbEntity
  8
0
100
AcDbBlockEnd
  0
BLOCK
  5
2B4
330
2A5
100
AcDbEntity
  8
0
100
AcDbBlockBegin
  2
FIXED MOULDING ON AND OFF - A0612-2345004-SECTION D-D
 70
     0
 10
0.0
 20
0.0
 30
0.0
  3
FIXED MOULDING ON AND OFF - A0612-2345004-SECTION D-D
  1

  0
LINE
  5
2A6
330
2A5
100
AcDbEntity
  8
A-GLAZ
370
    25
100
AcDbLine
 10
30775.44550576655
 20
37390.0
 30
0.0
 11
30775.44550576655
 21
37890.0
 31
0.0
1001
REVIT
1002
{
1070
     1
1000
1495510
1002
}
1002
{
1070
     5
1000
1495507
1002
}
  0
LINE
  5
2A7
330
2A5
100
AcDbEntity
  8
A-GLAZ
370
    25
100
AcDbLine
 10
30775.44550576655
 20
37890.0
 30
0.0
 11
30750.44550576655
 21
37890.0
 31
0.0
1001
REVIT
1002
{
1070
     1
1000
1495510
1002
}
1002
{
1070
     5
1000
1495507
1002
}
  0
LINE
  5
2A8
330
2A5
100
AcDbEntity
  8
A-GLAZ
370
    25
100
AcDbLine
 10
30750.44550576655
 20
37890.0
 30
0.0
 11
30750.44550576655
 21
37390.0
 31
0.0
1001
REVIT
1002
{
1070
     1
1000
1495510
1002
}
1002
{
1070
     5
1000
1495507
1002
}
  0
LINE
  5
2A9
330
2A5
100
AcDbEntity
  8
A-GLAZ
370
    25
100
AcDbLine
 10
30750.44550576655
 20
37390.0
 30
0.0
 11
30775.44550576655
 21
37390.0
 31
0.0
1001
REVIT
1002
{
1070
     1
1000
1495510
1002
}
1002
{
1070
     5
1000
1495507
1002
}
  0
LINE
  5
2AA
330
2A5
100
AcDbEntity
  8
A-GLAZ
370
    25
100
AcDbLine
 10
30850.44550576655
 20
37340.0
 30
0.0
 11
30850.44550576655
 21
37390.0
 31
0.0
1001
REVIT
1002
{
1070
     1
1000
1495510
1002
}
1002
{
1070
     5
1000
1495507
1002
}
  0
LINE
  5
2AB
330
2A5
100
AcDbEntity
  8
A-GLAZ
370
    25
100
AcDbLine
 10
30850.44550576655
 20
37390.0
 30
0.0
 11
30700.44550576655
 21
37390.0
 31
0.0
1001
REVIT
1002
{
1070
     1
1000
1495510
1002
}
1002
{
1070
     5
1000
1495507
1002
}
  0
LINE
  5
2AC
330
2A5
100
AcDbEntity
  8
A-GLAZ
370
    25
100
AcDbLine
 10
30700.44550576655
 20
37390.0
 30
0.0
 11
30700.44550576655
 21
37340.0
 31
0.0
1001
REVIT
1002
{
1070
     1
1000
1495510
1002
}
1002
{
1070
     5
1000
1495507
1002
}
  0
LINE
  5
2AD
330
2A5
100
AcDbEntity
  8
A-GLAZ
370
    25
100
AcDbLine
 10
30700.44550576655
 20
37340.0
 30
0.0
 11
30850.44550576655
 21
37340.0
 31
0.0
1001
REVIT
1002
{
1070
     1
1000
1495510
1002
}
1002
{
1070
     5
1000
1495507
1002
}
  0
LINE
  5
2AE
330
2A5
100
AcDbEntity
  8
A-GLAZ
370
    25
100
AcDbLine
 10
30850.44550576655
 20
37890.00000000001
 30
0.0
 11
30850.44550576655
 21
37940.0
 31
0.0
1001
REVIT
1002
{
1070
     1
1000
1495510
1002
}
1002
{
1070
     5
1000
1495507
1002
}
  0
LINE
  5
2AF
330
2A5
100
AcDbEntity
  8
A-GLAZ
370
    25
100
AcDbLine
 10
30850.44550576655
 20
37940.0
 30
0.0
 11
30700.44550576655
 21
37940.0
 31
0.0
1001
REVIT
1002
{
1070
     1
1000
1495510
1002
}
1002
{
1070
     5
1000
1495507
1002
}
  0
LINE
  5
2B0
330
2A5
100
AcDbEntity
  8
A-GLAZ
370
    25
100
AcDbLine
 10
30700.44550576655
 20
37940.0
 30
0.0
 11
30700.44550576655
 21
37890.00000000001
 31
0.0
1001
REVIT
1002
{
1070
     1
1000
1495510
1002
}
1002
{
1070
     5
1000
1495507
1002
}
  0
LINE
  5
2B1
330
2A5
100
AcDbEntity
  8
A-GLAZ
370
    25
100
AcDbLine
 10
30700.44550576655
 20
37890.00000000001
 30
0.0
 11
30850.44550576655
 21
37890.00000000001
 31
0.0
1001
REVIT
1002
{
1070
     1
1000
1495510
1002
}
1002
{
1070
     5
1000
1495507
1002
}
  0
LINE
  5
2B2
330
2A5
100
AcDbEntity
  8
A-GLAZ
100
AcDbLine
 10
30850.44550576655
 20
37890.0
 30
0.0
 11
30850.44550576655
 21
37390.0
 31
0.0
1001
REVIT
1002
{
1070
     1
1000
1495510
1002
}
1002
{
1070
     5
1000
1495507
1002
}
  0
LINE
  5
2B3
330
2A5
100
AcDbEntity
  8
A-GLAZ
100
AcDbLine
 10
30700.44550576655
 20
37390.0
 30
0.0
 11
30700.44550576655
 21
37890.0
 31
0.0
1001
REVIT
1002
{
1070
     1
1000
1495510
1002
}
1002
{
1070
     5
1000
1495507
1002
}
  0
ENDBLK
  5
2B5
330
2A5
100
AcDbEntity
  8
0
100
AcDbBlockEnd
  0
BLOCK
  5
2B9
330
2B7
100
AcDbEntity
  8
0
100
AcDbBlockBegin
  2
Single - Timber Frame  - 950x2100 EXTERIOR-2625504-SECTION D-D
 70
     0
 10
0.0
 20
0.0
 30
0.0
  3
Single - Timber Frame  - 950x2100 EXTERIOR-2625504-SECTION D-D
  1

  0
LINE
  5
2B8
330
2B7
100
AcDbEntity
  8
A-DOOR-FRAM
370
     9
100
AcDbLine
 10
39984.94550650039
 20
31050.0
 30
0.0
 11
39984.94550650039
 21
29850.0
 31
0.0
1001
REVIT
1002
{
1070
     1
1000
1502051
1002
}
1002
{
1070
     5
1000
2625478
1002
}
1002
{
1070
     3
1000
-2000029
1002
}
  0
ENDBLK
  5
2BA
330
2B7
100
AcDbEntity
  8
0
100
AcDbBlockEnd
  0
BLOCK
  5
2DC
330
2CB
100
AcDbEntity
  8
0
100
AcDbBlockBegin
  2
Cavity slider - 1470CSD-2600546-SECTION D-D
 70
     0
 10
0.0
 20
0.0
 30
0.0
  3
Cavity slider - 1470CSD-2600546-SECTION D-D
  1

  0
LINE
  5
2CC
330
2CB
100
AcDbEntity
  8
A-DOOR
100
AcDbLine
 10
34325.44550578969
 20
32350.0
 30
0.0
 11
35465.44550578969
 21
32350.0
 31
0.0
1001
REVIT
1002
{
1070
     1
1000
1544565
1002
}
1002
{
1070
     5
1000
1544562
1002
}
1002
{
1070
     3
1000
-2000025
1002
}
  0
LINE
  5
2CD
330
2CB
100
AcDbEntity
  8
A-DOOR
100
AcDbLine
 10
35465.44550578969
 20
32350.0
 30
0.0
 11
35465.44550578969
 21
34639.99999999999
 31
0.0
1001
REVIT
1002
{
1070
     1
1000
1544565
1002
}
1002
{
1070
     5
1000
1544562
1002
}
1002
{
1070
     3
1000
-2000025
1002
}
  0
LINE
  5
2CE
330
2CB
100
AcDbEntity
  8
A-DOOR
100
AcDbLine
 10
35385.44550578969
 20
33430.76431177058
 30
0.0
 11
35425.44550578969
 21
33430.76431177058
 31
0.0
1001
REVIT
1002
{
1070
     1
1000
1544565
1002
}
1002
{
1070
     5
1000
1544562
1002
}
1002
{
1070
     3
1000
-2000025
1002
}
  0
LINE
  5
2CF
330
2CB
100
AcDbEntity
  8
A-DOOR
100
AcDbLine
 10
35425.44550578969
 20
33430.76431177058
 30
0.0
 11
35425.44550578969
 21
33280.76431177058
 31
0.0
1001
REVIT
1002
{
1070
     1
1000
1544565
1002
}
1002
{
1070
     5
1000
1544562
1002
}
1002
{
1070
     3
1000
-2000025
1002
}
  0
LINE
  5
2D0
330
2CB
100
AcDbEntity
  8
A-DOOR
100
AcDbLine
 10
35425.44550578969
 20
33280.76431177058
 30
0.0
 11
35385.44550578969
 21
33280.76431177058
 31
0.0
1001
REVIT
1002
{
1070
     1
1000
1544565
1002
}
1002
{
1070
     5
1000
1544562
1002
}
1002
{
1070
     3
1000
-2000025
1002
}
  0
LINE
  5
2D1
330
2CB
100
AcDbEntity
  8
A-DOOR
100
AcDbLine
 10
35385.44550578969
 20
33280.76431177058
 30
0.0
 11
35385.44550578969
 21
33430.76431177058
 31
0.0
1001
REVIT
1002
{
1070
     1
1000
1544565
1002
}
1002
{
1070
     5
1000
1544562
1002
}
1002
{
1070
     3
1000
-2000025
1002
}
  0
LINE
  5
2D2
330
2CB
100
AcDbEntity
  8
A-DOOR-FRAM
370
     9
100
AcDbLine
 10
35765.44550578969
 20
34679.99999999999
 30
0.0
 11
34295.44550578969
 21
34679.99999999999
 31
0.0
1001
REVIT
1002
{
1070
     1
1000
1544565
1002
}
1002
{
1070
     5
1000
1544562
1002
}
1002
{
1070
     3
1000
-2000029
1002
}
  0
LINE
  5
2D3
330
2CB
100
AcDbEntity
  8
A-DOOR-FRAM
370
     9
100
AcDbLine
 10
35725.44550578969
 20
34639.99999999999
 30
0.0
 11
35725.44550578969
 21
32340.00000000001
 31
0.0
1001
REVIT
1002
{
1070
     1
1000
1544565
1002
}
1002
{
1070
     5
1000
1544562
1002
}
1002
{
1070
     3
1000
-2000029
1002
}
  0
LINE
  5
2D4
330
2CB
100
AcDbEntity
  8
A-DOOR-FRAM
370
     9
100
AcDbLine
 10
34295.44550578969
 20
34679.99999999999
 30
0.0
 11
34295.44550578969
 21
34639.99999999999
 31
0.0
1001
REVIT
1002
{
1070
     1
1000
1544565
1002
}
1002
{
1070
     5
1000
1544562
1002
}
1002
{
1070
     3
1000
-2000029
1002
}
  0
LINE
  5
2D5
330
2CB
100
AcDbEntity
  8
A-DOOR-FRAM
370
     9
100
AcDbLine
 10
34295.44550578969
 20
34639.99999999999
 30
0.0
 11
35725.44550578969
 21
34639.99999999999
 31
0.0
1001
REVIT
1002
{
1070
     1
1000
1544565
1002
}
1002
{
1070
     5
1000
1544562
1002
}
1002
{
1070
     3
1000
-2000029
1002
}
  0
LINE
  5
2D6
330
2CB
100
AcDbEntity
  8
A-DOOR-FRAM
370
     9
100
AcDbLine
 10
34295.44550578969
 20
34679.99999999999
 30
0.0
 11
34295.44550578969
 21
33300.00000000001
 31
0.0
1001
REVIT
1002
{
1070
     1
1000
1544565
1002
}
1002
{
1070
     5
1000
1544562
1002
}
1002
{
1070
     3
1000
-2000029
1002
}
  0
LINE
  5
2D7
330
2CB
100
AcDbEntity
  8
A-DOOR-FRAM
370
     9
100
AcDbLine
 10
34325.44550578969
 20
32340.00000000001
 30
0.0
 11
34325.44550578969
 21
34679.99999999999
 31
0.0
1001
REVIT
1002
{
1070
     1
1000
1544565
1002
}
1002
{
1070
     5
1000
1544562
1002
}
1002
{
1070
     3
1000
-2000029
1002
}
  0
LINE
  5
2D8
330
2CB
100
AcDbEntity
  8
A-DOOR-FRAM
370
     9
100
AcDbLine
 10
34325.44550578969
 20
34679.99999999999
 30
0.0
 11
34295.44550578969
 21
34679.99999999999
 31
0.0
1001
REVIT
1002
{
1070
     1
1000
1544565
1002
}
1002
{
1070
     5
1000
1544562
1002
}
1002
{
1070
     3
1000
-2000029
1002
}
  0
LINE
  5
2D9
330
2CB
100
AcDbEntity
  8
A-DOOR
  6
Elevation Swings
100
AcDbLine
 10
34895.88700352687
 20
33595.76431177058
 30
0.0
 11
35440.88700352687
 21
33595.76431177058
 31
0.0
1001
REVIT
1002
{
1070
     1
1000
1544565
1002
}
1002
{
1070
     5
1000
1544562
1002
}
1002
{
1070
     3
1000
1952
1002
}
  0
LINE
  5
2DA
330
2CB
100
AcDbEntity
  8
A-DOOR
  6
Elevation Swings
100
AcDbLine
 10
34895.88700352687
 20
33595.76431177058
 30
0.0
 11
34980.73981726925
 21
33680.61712551296
 31
0.0
1001
REVIT
1002
{
1070
     1
1000
1544565
1002
}
1002
{
1070
     5
1000
1544562
1002
}
1002
{
1070
     3
1000
1952
1002
}
  0
LINE
  5
2DB
330
2CB
100
AcDbEntity
  8
A-DOOR
  6
Elevation Swings
100
AcDbLine
 10
34895.88700352687
 20
33595.76431177058
 30
0.0
 11
34980.73981726926
 21
33510.91149802819
 31
0.0
1001
REVIT
1002
{
1070
     1
1000
1544565
1002
}
1002
{
1070
     5
1000
1544562
1002
}
1002
{
1070
     3
1000
1952
1002
}
  0
ENDBLK
  5
2DD
330
2CB
100
AcDbEntity
  8
0
100
AcDbBlockEnd
  0
BLOCK
  5
2F9
330
2EA
100
AcDbEntity
  8
0
100
AcDbBlockBegin
  2
FIXED MOULDING ON AND OFF - A1204-2341869-SECTION D-D
 70
     0
 10
0.0
 20
0.0
 30
0.0
  3
FIXED MOULDING ON AND OFF - A1204-2341869-SECTION D-D
  1

  0
LINE
  5
2EB
330
2EA
100
AcDbEntity
  8
A-GLAZ
370
    25
100
AcDbLine
 10
39789.94550649941
 20
29900.0
 30
0.0
 11
39789.94550649941
 21
31000.0
 31
0.0
1001
REVIT
1002
{
1070
     1
1000
1631781
1002
}
1002
{
1070
     5
1000
2341845
1002
}
  0
LINE
  5
2EC
330
2EA
100
AcDbEntity
  8
A-GLAZ
370
    25
100
AcDbLine
 10
39789.94550649941
 20
31000.0
 30
0.0
 11
39764.94550649942
 21
31000.0
 31
0.0
1001
REVIT
1002
{
1070
     1
1000
1631781
1002
}
1002
{
1070
     5
1000
2341845
1002
}
  0
LINE
  5
2ED
330
2EA
100
AcDbEntity
  8
A-GLAZ
370
    25
100
AcDbLine
 10
39764.94550649942
 20
31000.0
 30
0.0
 11
39764.94550649942
 21
29900.0
 31
0.0
1001
REVIT
1002
{
1070
     1
1000
1631781
1002
}
1002
{
1070
     5
1000
2341845
1002
}
  0
LINE
  5
2EE
330
2EA
100
AcDbEntity
  8
A-GLAZ
370
    25
100
AcDbLine
 10
39764.94550649942
 20
29900.0
 30
0.0
 11
39789.94550649941
 21
29900.0
 31
0.0
1001
REVIT
1002
{
1070
     1
1000
1631781
1002
}
1002
{
1070
     5
1000
2341845
1002
}
  0
LINE
  5
2EF
330
2EA
100
AcDbEntity
  8
A-GLAZ
370
    25
100
AcDbLine
 10
39864.94550649941
 20
29850.0
 30
0.0
 11
39864.94550649941
 21
29900.0
 31
0.0
1001
REVIT
1002
{
1070
     1
1000
1631781
1002
}
1002
{
1070
     5
1000
2341845
1002
}
  0
LINE
  5
2F0
330
2EA
100
AcDbEntity
  8
A-GLAZ
370
    25
100
AcDbLine
 10
39864.94550649941
 20
29900.0
 30
0.0
 11
39714.94550649941
 21
29900.0
 31
0.0
1001
REVIT
1002
{
1070
     1
1000
1631781
1002
}
1002
{
1070
     5
1000
2341845
1002
}
  0
LINE
  5
2F1
330
2EA
100
AcDbEntity
  8
A-GLAZ
370
    25
100
AcDbLine
 10
39714.94550649941
 20
29900.0
 30
0.0
 11
39714.94550649941
 21
29850.0
 31
0.0
1001
REVIT
1002
{
1070
     1
1000
1631781
1002
}
1002
{
1070
     5
1000
2341845
1002
}
  0
LINE
  5
2F2
330
2EA
100
AcDbEntity
  8
A-GLAZ
370
    25
100
AcDbLine
 10
39714.94550649941
 20
29850.0
 30
0.0
 11
39864.94550649941
 21
29850.0
 31
0.0
1001
REVIT
1002
{
1070
     1
1000
1631781
1002
}
1002
{
1070
     5
1000
2341845
1002
}
  0
LINE
  5
2F3
330
2EA
100
AcDbEntity
  8
A-GLAZ
370
    25
100
AcDbLine
 10
39864.94550649941
 20
31000.0
 30
0.0
 11
39864.94550649941
 21
31050.0
 31
0.0
1001
REVIT
1002
{
1070
     1
1000
1631781
1002
}
1002
{
1070
     5
1000
2341845
1002
}
  0
LINE
  5
2F4
330
2EA
100
AcDbEntity
  8
A-GLAZ
370
    25
100
AcDbLine
 10
39864.94550649941
 20
31050.0
 30
0.0
 11
39714.94550649941
 21
31050.0
 31
0.0
1001
REVIT
1002
{
1070
     1
1000
1631781
1002
}
1002
{
1070
     5
1000
2341845
1002
}
  0
LINE
  5
2F5
330
2EA
100
AcDbEntity
  8
A-GLAZ
370
    25
100
AcDbLine
 10
39714.94550649941
 20
31050.0
 30
0.0
 11
39714.94550649941
 21
31000.0
 31
0.0
1001
REVIT
1002
{
1070
     1
1000
1631781
1002
}
1002
{
1070
     5
1000
2341845
1002
}
  0
LINE
  5
2F6
330
2EA
100
AcDbEntity
  8
A-GLAZ
370
    25
100
AcDbLine
 10
39714.94550649941
 20
31000.0
 30
0.0
 11
39864.94550649941
 21
31000.0
 31
0.0
1001
REVIT
1002
{
1070
     1
1000
1631781
1002
}
1002
{
1070
     5
1000
2341845
1002
}
  0
LINE
  5
2F7
330
2EA
100
AcDbEntity
  8
A-GLAZ
100
AcDbLine
 10
39864.94550649941
 20
31000.0
 30
0.0
 11
39864.94550649941
 21
29900.0
 31
0.0
1001
REVIT
1002
{
1070
     1
1000
1631781
1002
}
1002
{
1070
     5
1000
2341845
1002
}
  0
LINE
  5
2F8
330
2EA
100
AcDbEntity
  8
A-GLAZ
100
AcDbLine
 10
39714.94550649941
 20
29900.0
 30
0.0
 11
39714.94550649941
 21
31000.0
 31
0.0
1001
REVIT
1002
{
1070
     1
1000
1631781
1002
}
1002
{
1070
     5
1000
2341845
1002
}
  0
ENDBLK
  5
2FA
330
2EA
100
AcDbEntity
  8
0
100
AcDbBlockEnd
  0
BLOCK
  5
310
330
2FC
100
AcDbEntity
  8
0
100
AcDbBlockBegin
  2
Single - Timber Frame  - 520x2400-2337658-SECTION D-D
 70
     0
 10
0.0
 20
0.0
 30
0.0
  3
Single - Timber Frame  - 520x2400-2337658-SECTION D-D
  1

  0
LINE
  5
2FE
330
2FC
100
AcDbEntity
  8
A-DOOR
  6
Dashed - Tight 0_18 Pen
100
AcDbLine
 10
36560.44550647951
 20
30095.00000000001
 30
0.0
 11
36040.44550647951
 21
28890.0
 31
0.0
1001
REVIT
1002
{
1070
     1
1000
1632802
1002
}
1002
{
1070
     5
1000
2337632
1002
}
1002
{
1070
     3
1000
942652
1002
}
  0
LINE
  5
2FF
330
2FC
100
AcDbEntity
  8
A-DOOR
  6
Dashed - Tight 0_18 Pen
100
AcDbLine
 10
36040.44550647951
 20
31295.00000000001
 30
0.0
 11
36560.44550647951
 21
30095.00000000001
 31
0.0
1001
REVIT
1002
{
1070
     1
1000
1632802
1002
}
1002
{
1070
     5
1000
2337632
1002
}
1002
{
1070
     3
1000
942652
1002
}
  0
LINE
  5
300
330
2FC
100
AcDbEntity
  8
A-DOOR
100
AcDbLine
 10
36560.44550647951
 20
31295.00000000001
 30
0.0
 11
36040.44550647951
 21
31295.00000000001
 31
0.0
1001
REVIT
1002
{
1070
     1
1000
1632802
1002
}
1002
{
1070
     5
1000
2337632
1002
}
1002
{
1070
     3
1000
-2000025
1002
}
  0
LINE
  5
301
330
2FC
100
AcDbEntity
  8
A-DOOR
100
AcDbLine
 10
36040.44550647951
 20
31295.00000000001
 30
0.0
 11
36040.44550647951
 21
28895.0
 31
0.0
1001
REVIT
1002
{
1070
     1
1000
1632802
1002
}
1002
{
1070
     5
1000
2337632
1002
}
1002
{
1070
     3
1000
-2000025
1002
}
  0
LINE
  5
302
330
2FC
100
AcDbEntity
  8
A-DOOR
100
AcDbLine
 10
36040.44550647951
 20
28895.0
 30
0.0
 11
36560.44550647951
 21
28895.0
 31
0.0
1001
REVIT
1002
{
1070
     1
1000
1632802
1002
}
1002
{
1070
     5
1000
2337632
1002
}
1002
{
1070
     3
1000
-2000025
1002
}
  0
LINE
  5
303
330
2FC
100
AcDbEntity
  8
A-DOOR
100
AcDbLine
 10
36560.44550647951
 20
28895.0
 30
0.0
 11
36560.44550647951
 21
31295.00000000001
 31
0.0
1001
REVIT
1002
{
1070
     1
1000
1632802
1002
}
1002
{
1070
     5
1000
2337632
1002
}
1002
{
1070
     3
1000
-2000025
1002
}
  0
LINE
  5
304
330
2FC
100
AcDbEntity
  8
A-DOOR-FRAM
370
     9
100
AcDbLine
 10
36590.44550647951
 20
28890.0
 30
0.0
 11
36563.44550647951
 21
28890.0
 31
0.0
1001
REVIT
1002
{
1070
     1
1000
1632802
1002
}
1002
{
1070
     5
1000
2337632
1002
}
1002
{
1070
     3
1000
-2000029
1002
}
  0
LINE
  5
305
330
2FC
100
AcDbEntity
  8
A-DOOR-FRAM
370
     9
100
AcDbLine
 10
36563.44550647951
 20
28890.0
 30
0.0
 11
36548.44550647951
 21
28890.0
 31
0.0
1001
REVIT
1002
{
1070
     1
1000
1632802
1002
}
1002
{
1070
     5
1000
2337632
1002
}
1002
{
1070
     3
1000
-2000029
1002
}
  0
LINE
  5
306
330
2FC
100
AcDbEntity
  8
A-DOOR-FRAM
370
     9
100
AcDbLine
 10
36052.44550647951
 20
28890.0
 30
0.0
 11
36052.44550647951
 21
28895.0
 31
0.0
1001
REVIT
1002
{
1070
     1
1000
1632802
1002
}
1002
{
1070
     5
1000
2337632
1002
}
1002
{
1070
     3
1000
-2000029
1002
}
  0
LINE
  5
307
330
2FC
100
AcDbEntity
  8
A-DOOR-FRAM
370
     9
100
AcDbLine
 10
36548.44550647951
 20
28890.0
 30
0.0
 11
36548.44550647951
 21
28895.0
 31
0.0
1001
REVIT
1002
{
1070
     1
1000
1632802
1002
}
1002
{
1070
     5
1000
2337632
1002
}
1002
{
1070
     3
1000
-2000029
1002
}
  0
LINE
  5
308
330
2FC
100
AcDbEntity
  8
A-DOOR-FRAM
370
     9
100
AcDbLine
 10
36037.44550647951
 20
28890.0
 30
0.0
 11
36037.44550647951
 21
31298.0
 31
0.0
1001
REVIT
1002
{
1070
     1
1000
1632802
1002
}
1002
{
1070
     5
1000
2337632
1002
}
1002
{
1070
     3
1000
-2000029
1002
}
  0
LINE
  5
309
330
2FC
100
AcDbEntity
  8
A-DOOR-FRAM
370
     9
100
AcDbLine
 10
36037.44550647951
 20
31298.0
 30
0.0
 11
36563.44550647951
 21
31298.0
 31
0.0
1001
REVIT
1002
{
1070
     1
1000
1632802
1002
}
1002
{
1070
     5
1000
2337632
1002
}
1002
{
1070
     3
1000
-2000029
1002
}
  0
LINE
  5
30A
330
2FC
100
AcDbEntity
  8
A-DOOR-FRAM
370
     9
100
AcDbLine
 10
36563.44550647951
 20
28890.0
 30
0.0
 11
36563.44550647951
 21
31298.0
 31
0.0
1001
REVIT
1002
{
1070
     1
1000
1632802
1002
}
1002
{
1070
     5
1000
2337632
1002
}
1002
{
1070
     3
1000
-2000029
1002
}
  0
LINE
  5
30B
330
2FC
100
AcDbEntity
  8
A-DOOR-FRAM
370
     9
100
AcDbLine
 10
36590.44550647951
 20
28890.0
 30
0.0
 11
36590.44550647951
 21
31325.00000000001
 31
0.0
1001
REVIT
1002
{
1070
     1
1000
1632802
1002
}
1002
{
1070
     5
1000
2337632
1002
}
1002
{
1070
     3
1000
-2000029
1002
}
  0
LINE
  5
30C
330
2FC
100
AcDbEntity
  8
A-DOOR-FRAM
370
     9
100
AcDbLine
 10
36590.44550647951
 20
31325.00000000001
 30
0.0
 11
36010.44550647951
 21
31325.00000000001
 31
0.0
1001
REVIT
1002
{
1070
     1
1000
1632802
1002
}
1002
{
1070
     5
1000
2337632
1002
}
1002
{
1070
     3
1000
-2000029
1002
}
  0
LINE
  5
30D
330
2FC
100
AcDbEntity
  8
A-DOOR-FRAM
370
     9
100
AcDbLine
 10
36037.44550647951
 20
28890.0
 30
0.0
 11
36052.44550647951
 21
28890.0
 31
0.0
1001
REVIT
1002
{
1070
     1
1000
1632802
1002
}
1002
{
1070
     5
1000
2337632
1002
}
1002
{
1070
     3
1000
-2000029
1002
}
  0
LINE
  5
30E
330
2FC
100
AcDbEntity
  8
A-DOOR-FRAM
370
     9
100
AcDbLine
 10
36010.44550647951
 20
28890.0
 30
0.0
 11
36037.44550647951
 21
28890.0
 31
0.0
1001
REVIT
1002
{
1070
     1
1000
1632802
1002
}
1002
{
1070
     5
1000
2337632
1002
}
1002
{
1070
     3
1000
-2000029
1002
}
  0
LINE
  5
30F
330
2FC
100
AcDbEntity
  8
A-DOOR-FRAM
370
     9
100
AcDbLine
 10
36010.44550647951
 20
31325.00000000001
 30
0.0
 11
36010.44550647951
 21
28890.0
 31
0.0
1001
REVIT
1002
{
1070
     1
1000
1632802
1002
}
1002
{
1070
     5
1000
2337632
1002
}
1002
{
1070
     3
1000
-2000029
1002
}
  0
ENDBLK
  5
311
330
2FC
100
AcDbEntity
  8
0
100
AcDbBlockEnd
  0
BLOCK
  5
324
330
313
100
AcDbEntity
  8
0
100
AcDbBlockBegin
  2
Single - Timber Frame  - 870x2400-V4-SECTION D-D
 70
     0
 10
0.0
 20
0.0
 30
0.0
  3
Single - Timber Frame  - 870x2400-V4-SECTION D-D
  1

  0
LINE
  5
314
330
313
100
AcDbEntity
  8
A-DOOR
370
    18
100
AcDbLine
 10
35875.44550649943
 20
28895.0
 30
0.0
 11
35875.44550649943
 21
31235.00000000001
 31
0.0
1001
REVIT
1002
{
1070
     1
1000
1634756
1002
}
1002
{
1070
     5
1000
2599461
1002
}
1002
{
1070
     3
1000
-2000025
1002
}
  0
LINE
  5
315
330
313
100
AcDbEntity
  8
A-DOOR
370
    18
100
AcDbLine
 10
35875.44550649943
 20
31235.00000000001
 30
0.0
 11
35845.44550649943
 21
31235.00000000001
 31
0.0
1001
REVIT
1002
{
1070
     1
1000
1634756
1002
}
1002
{
1070
     5
1000
2599461
1002
}
1002
{
1070
     3
1000
-2000025
1002
}
  0
LINE
  5
316
330
313
100
AcDbEntity
  8
A-DOOR
370
    18
100
AcDbLine
 10
35845.44550649943
 20
31235.00000000001
 30
0.0
 11
35845.44550649943
 21
28895.0
 31
0.0
1001
REVIT
1002
{
1070
     1
1000
1634756
1002
}
1002
{
1070
     5
1000
2599461
1002
}
1002
{
1070
     3
1000
-2000025
1002
}
  0
LINE
  5
317
330
313
100
AcDbEntity
  8
A-DOOR
370
    18
100
AcDbLine
 10
35845.44550649943
 20
28895.0
 30
0.0
 11
35875.44550649943
 21
28895.0
 31
0.0
1001
REVIT
1002
{
1070
     1
1000
1634756
1002
}
1002
{
1070
     5
1000
2599461
1002
}
1002
{
1070
     3
1000
-2000025
1002
}
  0
LINE
  5
318
330
313
100
AcDbEntity
  8
A-DOOR-FRAM
100
AcDbLine
 10
35765.44550649845
 20
31265.00000000001
 30
0.0
 11
35765.44550649845
 21
31223.0
 31
0.0
1001
REVIT
1002
{
1070
     1
1000
1634756
1002
}
1002
{
1070
     5
1000
2599461
1002
}
1002
{
1070
     3
1000
-2000029
1002
}
  0
LINE
  5
319
330
313
100
AcDbEntity
  8
A-DOOR-FRAM
100
AcDbLine
 10
35765.44550649845
 20
31223.0
 30
0.0
 11
35845.44550649943
 21
31223.0
 31
0.0
1001
REVIT
1002
{
1070
     1
1000
1634756
1002
}
1002
{
1070
     5
1000
2599461
1002
}
1002
{
1070
     3
1000
-2000029
1002
}
  0
LINE
  5
31A
330
313
100
AcDbEntity
  8
A-DOOR-FRAM
100
AcDbLine
 10
35845.44550649943
 20
31223.0
 30
0.0
 11
35845.44550649943
 21
31238.00000000001
 31
0.0
1001
REVIT
1002
{
1070
     1
1000
1634756
1002
}
1002
{
1070
     5
1000
2599461
1002
}
1002
{
1070
     3
1000
-2000029
1002
}
  0
LINE
  5
31B
330
313
100
AcDbEntity
  8
A-DOOR-FRAM
100
AcDbLine
 10
35845.44550649943
 20
31238.00000000001
 30
0.0
 11
35875.44550649942
 21
31238.00000000001
 31
0.0
1001
REVIT
1002
{
1070
     1
1000
1634756
1002
}
1002
{
1070
     5
1000
2599461
1002
}
1002
{
1070
     3
1000
-2000029
1002
}
  0
LINE
  5
31C
330
313
100
AcDbEntity
  8
A-DOOR-FRAM
100
AcDbLine
 10
35875.44550649942
 20
31238.00000000001
 30
0.0
 11
35875.44550649942
 21
31265.00000000001
 31
0.0
1001
REVIT
1002
{
1070
     1
1000
1634756
1002
}
1002
{
1070
     5
1000
2599461
1002
}
1002
{
1070
     3
1000
-2000029
1002
}
  0
LINE
  5
31D
330
313
100
AcDbEntity
  8
A-DOOR-FRAM
100
AcDbLine
 10
35875.44550649942
 20
31265.00000000001
 30
0.0
 11
35765.44550649845
 21
31265.00000000001
 31
0.0
1001
REVIT
1002
{
1070
     1
1000
1634756
1002
}
1002
{
1070
     5
1000
2599461
1002
}
1002
{
1070
     3
1000
-2000029
1002
}
  0
LINE
  5
31E
330
313
100
AcDbEntity
  8
A-DOOR-FRAM
370
     9
100
AcDbLine
 10
35875.44550649942
 20
28890.0
 30
0.0
 11
35845.44550649943
 21
28890.0
 31
0.0
1001
REVIT
1002
{
1070
     1
1000
1634756
1002
}
1002
{
1070
     5
1000
2599461
1002
}
1002
{
1070
     3
1000
-2000029
1002
}
  0
LINE
  5
31F
330
313
100
AcDbEntity
  8
A-DOOR-FRAM
370
     9
100
AcDbLine
 10
35845.44550649943
 20
28890.0
 30
0.0
 11
35765.44550649845
 21
28890.0
 31
0.0
1001
REVIT
1002
{
1070
     1
1000
1634756
1002
}
1002
{
1070
     5
1000
2599461
1002
}
1002
{
1070
     3
1000
-2000029
1002
}
  0
LINE
  5
320
330
313
100
AcDbEntity
  8
A-DOOR-FRAM
370
     9
100
AcDbLine
 10
35875.44550649942
 20
28890.0
 30
0.0
 11
35875.44550649942
 21
28895.0
 31
0.0
1001
REVIT
1002
{
1070
     1
1000
1634756
1002
}
1002
{
1070
     5
1000
2599461
1002
}
1002
{
1070
     3
1000
-2000029
1002
}
  0
LINE
  5
321
330
313
100
AcDbEntity
  8
A-DOOR-FRAM
370
     9
100
AcDbLine
 10
35875.44550649942
 20
31235.00000000001
 30
0.0
 11
35875.44550649942
 21
31238.00000000001
 31
0.0
1001
REVIT
1002
{
1070
     1
1000
1634756
1002
}
1002
{
1070
     5
1000
2599461
1002
}
1002
{
1070
     3
1000
-2000029
1002
}
  0
LINE
  5
322
330
313
100
AcDbEntity
  8
A-DOOR-FRAM
370
     9
100
AcDbLine
 10
35845.44550649943
 20
28890.0
 30
0.0
 11
35845.44550649943
 21
28895.0
 31
0.0
1001
REVIT
1002
{
1070
     1
1000
1634756
1002
}
1002
{
1070
     5
1000
2599461
1002
}
1002
{
1070
     3
1000
-2000029
1002
}
  0
LINE
  5
323
330
313
100
AcDbEntity
  8
A-DOOR-FRAM
370
     9
100
AcDbLine
 10
35765.44550649845
 20
28890.0
 30
0.0
 11
35765.44550649845
 21
31223.0
 31
0.0
1001
REVIT
1002
{
1070
     1
1000
1634756
1002
}
1002
{
1070
     5
1000
2599461
1002
}
1002
{
1070
     3
1000
-2000029
1002
}
  0
ENDBLK
  5
325
330
313
100
AcDbEntity
  8
0
100
AcDbBlockEnd
  0
BLOCK
  5
338
330
327
100
AcDbEntity
  8
0
100
AcDbBlockBegin
  2
Single - Timber Frame  - 870x2400-V5-SECTION D-D
 70
     0
 10
0.0
 20
0.0
 30
0.0
  3
Single - Timber Frame  - 870x2400-V5-SECTION D-D
  1

  0
LINE
  5
328
330
327
100
AcDbEntity
  8
A-DOOR
370
    18
100
AcDbLine
 10
34185.4455062892
 20
31235.00000000001
 30
0.0
 11
34185.4455062892
 21
28895.0
 31
0.0
1001
REVIT
1002
{
1070
     1
1000
1635319
1002
}
1002
{
1070
     5
1000
2599461
1002
}
1002
{
1070
     3
1000
-2000025
1002
}
  0
LINE
  5
329
330
327
100
AcDbEntity
  8
A-DOOR
370
    18
100
AcDbLine
 10
34185.4455062892
 20
28895.0
 30
0.0
 11
34215.4455062892
 21
28895.0
 31
0.0
1001
REVIT
1002
{
1070
     1
1000
1635319
1002
}
1002
{
1070
     5
1000
2599461
1002
}
1002
{
1070
     3
1000
-2000025
1002
}
  0
LINE
  5
32A
330
327
100
AcDbEntity
  8
A-DOOR
370
    18
100
AcDbLine
 10
34215.4455062892
 20
28895.0
 30
0.0
 11
34215.4455062892
 21
31235.00000000001
 31
0.0
1001
REVIT
1002
{
1070
     1
1000
1635319
1002
}
1002
{
1070
     5
1000
2599461
1002
}
1002
{
1070
     3
1000
-2000025
1002
}
  0
LINE
  5
32B
330
327
100
AcDbEntity
  8
A-DOOR
370
    18
100
AcDbLine
 10
34215.4455062892
 20
31235.00000000001
 30
0.0
 11
34185.4455062892
 21
31235.00000000001
 31
0.0
1001
REVIT
1002
{
1070
     1
1000
1635319
1002
}
1002
{
1070
     5
1000
2599461
1002
}
1002
{
1070
     3
1000
-2000025
1002
}
  0
LINE
  5
32C
330
327
100
AcDbEntity
  8
A-DOOR-FRAM
100
AcDbLine
 10
34295.44550629016
 20
31223.0
 30
0.0
 11
34295.44550629016
 21
31265.00000000001
 31
0.0
1001
REVIT
1002
{
1070
     1
1000
1635319
1002
}
1002
{
1070
     5
1000
2599461
1002
}
1002
{
1070
     3
1000
-2000029
1002
}
  0
LINE
  5
32D
330
327
100
AcDbEntity
  8
A-DOOR-FRAM
100
AcDbLine
 10
34295.44550629016
 20
31265.00000000001
 30
0.0
 11
34185.4455062892
 21
31265.00000000001
 31
0.0
1001
REVIT
1002
{
1070
     1
1000
1635319
1002
}
1002
{
1070
     5
1000
2599461
1002
}
1002
{
1070
     3
1000
-2000029
1002
}
  0
LINE
  5
32E
330
327
100
AcDbEntity
  8
A-DOOR-FRAM
100
AcDbLine
 10
34185.4455062892
 20
31265.00000000001
 30
0.0
 11
34185.4455062892
 21
31238.00000000001
 31
0.0
1001
REVIT
1002
{
1070
     1
1000
1635319
1002
}
1002
{
1070
     5
1000
2599461
1002
}
1002
{
1070
     3
1000
-2000029
1002
}
  0
LINE
  5
32F
330
327
100
AcDbEntity
  8
A-DOOR-FRAM
100
AcDbLine
 10
34185.4455062892
 20
31238.00000000001
 30
0.0
 11
34215.4455062892
 21
31238.00000000001
 31
0.0
1001
REVIT
1002
{
1070
     1
1000
1635319
1002
}
1002
{
1070
     5
1000
2599461
1002
}
1002
{
1070
     3
1000
-2000029
1002
}
  0
LINE
  5
330
330
327
100
AcDbEntity
  8
A-DOOR-FRAM
100
AcDbLine
 10
34215.4455062892
 20
31238.00000000001
 30
0.0
 11
34215.4455062892
 21
31223.0
 31
0.0
1001
REVIT
1002
{
1070
     1
1000
1635319
1002
}
1002
{
1070
     5
1000
2599461
1002
}
1002
{
1070
     3
1000
-2000029
1002
}
  0
LINE
  5
331
330
327
100
AcDbEntity
  8
A-DOOR-FRAM
100
AcDbLine
 10
34215.4455062892
 20
31223.0
 30
0.0
 11
34295.44550629016
 21
31223.0
 31
0.0
1001
REVIT
1002
{
1070
     1
1000
1635319
1002
}
1002
{
1070
     5
1000
2599461
1002
}
1002
{
1070
     3
1000
-2000029
1002
}
  0
LINE
  5
332
330
327
100
AcDbEntity
  8
A-DOOR-FRAM
370
     9
100
AcDbLine
 10
34295.44550629016
 20
31223.0
 30
0.0
 11
34295.44550629016
 21
28890.0
 31
0.0
1001
REVIT
1002
{
1070
     1
1000
1635319
1002
}
1002
{
1070
     5
1000
2599461
1002
}
1002
{
1070
     3
1000
-2000029
1002
}
  0
LINE
  5
333
330
327
100
AcDbEntity
  8
A-DOOR-FRAM
370
     9
100
AcDbLine
 10
34295.44550629016
 20
28890.0
 30
0.0
 11
34215.4455062892
 21
28890.0
 31
0.0
1001
REVIT
1002
{
1070
     1
1000
1635319
1002
}
1002
{
1070
     5
1000
2599461
1002
}
1002
{
1070
     3
1000
-2000029
1002
}
  0
LINE
  5
334
330
327
100
AcDbEntity
  8
A-DOOR-FRAM
370
     9
100
AcDbLine
 10
34215.4455062892
 20
28890.0
 30
0.0
 11
34185.4455062892
 21
28890.0
 31
0.0
1001
REVIT
1002
{
1070
     1
1000
1635319
1002
}
1002
{
1070
     5
1000
2599461
1002
}
1002
{
1070
     3
1000
-2000029
1002
}
  0
LINE
  5
335
330
327
100
AcDbEntity
  8
A-DOOR-FRAM
370
     9
100
AcDbLine
 10
34215.4455062892
 20
28890.0
 30
0.0
 11
34215.4455062892
 21
28895.0
 31
0.0
1001
REVIT
1002
{
1070
     1
1000
1635319
1002
}
1002
{
1070
     5
1000
2599461
1002
}
1002
{
1070
     3
1000
-2000029
1002
}
  0
LINE
  5
336
330
327
100
AcDbEntity
  8
A-DOOR-FRAM
370
     9
100
AcDbLine
 10
34185.4455062892
 20
28890.0
 30
0.0
 11
34185.4455062892
 21
28895.0
 31
0.0
1001
REVIT
1002
{
1070
     1
1000
1635319
1002
}
1002
{
1070
     5
1000
2599461
1002
}
1002
{
1070
     3
1000
-2000029
1002
}
  0
LINE
  5
337
330
327
100
AcDbEntity
  8
A-DOOR-FRAM
370
     9
100
AcDbLine
 10
34185.4455062892
 20
31235.00000000001
 30
0.0
 11
34185.4455062892
 21
31238.00000000001
 31
0.0
1001
REVIT
1002
{
1070
     1
1000
1635319
1002
}
1002
{
1070
     5
1000
2599461
1002
}
1002
{
1070
     3
1000
-2000029
1002
}
  0
ENDBLK
  5
339
330
327
100
AcDbEntity
  8
0
100
AcDbBlockEnd
  0
BLOCK
  5
36B
330
362
100
AcDbEntity
  8
0
100
AcDbBlockBegin
  2
custom - equal Panel M_6 PANEL HORIZONTAL_ - AFA3042T SP-2001726-SECTION D-D
 70
     0
 10
0.0
 20
0.0
 30
0.0
  3
custom - equal Panel M_6 PANEL HORIZONTAL_ - AFA3042T SP-2001726-SECTION D-D
  1

  0
LINE
  5
363
330
362
100
AcDbEntity
  8
A-GLAZ
100
AcDbLine
 10
35765.44550649845
 20
29839.99999999998
 30
0.0
 11
35117.94550649944
 21
29839.99999999998
 31
0.0
1001
REVIT
1002
{
1070
     1
1000
1791104
1002
}
1002
{
1070
     5
1000
2001708
1002
}
1002
{
1070
     3
1000
-2000018
1002
}
  0
LINE
  5
364
330
362
100
AcDbEntity
  8
A-GLAZ
100
AcDbLine
 10
35117.94550649944
 20
28940.00000000002
 30
0.0
 11
35765.44550649845
 21
28940.00000000002
 31
0.0
1001
REVIT
1002
{
1070
     1
1000
1791104
1002
}
1002
{
1070
     5
1000
2001708
1002
}
1002
{
1070
     3
1000
-2000018
1002
}
  0
LINE
  5
365
330
362
100
AcDbEntity
  8
A-GLAZ
100
AcDbLine
 10
35117.94550649944
 20
29839.99999999998
 30
0.0
 11
35117.94550649944
 21
28940.00000000002
 31
0.0
1001
REVIT
1002
{
1070
     1
1000
1791104
1002
}
1002
{
1070
     5
1000
2001708
1002
}
1002
{
1070
     3
1000
-2000018
1002
}
  0
LINE
  5
366
330
362
100
AcDbEntity
  8
A-GLAZ
100
AcDbLine
 10
35117.94550649944
 20
29890.0
 30
0.0
 11
35765.44550649846
 21
29890.0
 31
0.0
1001
REVIT
1002
{
1070
     1
1000
1791104
1002
}
1002
{
1070
     5
1000
2001708
1002
}
1002
{
1070
     3
1000
-2000018
1002
}
  0
LINE
  5
367
330
362
100
AcDbEntity
  8
A-GLAZ
100
AcDbLine
 10
35117.94550649944
 20
31840.00000000001
 30
0.0
 11
35117.94550649944
 21
29890.0
 31
0.0
1001
REVIT
1002
{
1070
     1
1000
1791104
1002
}
1002
{
1070
     5
1000
2001708
1002
}
1002
{
1070
     3
1000
-2000018
1002
}
  0
LINE
  5
368
330
362
100
AcDbEntity
  8
A-GLAZ
100
AcDbLine
 10
35117.94550649944
 20
31840.00000000001
 30
0.0
 11
35765.44550649942
 21
31840.00000000001
 31
0.0
1001
REVIT
1002
{
1070
     1
1000
1791104
1002
}
1002
{
1070
     5
1000
2001708
1002
}
1002
{
1070
     3
1000
-2000018
1002
}
  0
LINE
  5
369
330
362
100
AcDbEntity
  8
A-GLAZ
100
AcDbLine
 10
35067.94550649942
 20
28890.00000000001
 30
0.0
 11
35067.94550649942
 21
31890.0
 31
0.0
1001
REVIT
1002
{
1070
     1
1000
1791104
1002
}
1002
{
1070
     5
1000
2001708
1002
}
1002
{
1070
     3
1000
-2000018
1002
}
  0
LINE
  5
36A
330
362
100
AcDbEntity
  8
A-GLAZ
100
AcDbLine
 10
35765.44550649845
 20
28890.00000000001
 30
0.0
 11
35067.94550649942
 21
28890.00000000001
 31
0.0
1001
REVIT
1002
{
1070
     1
1000
1791104
1002
}
1002
{
1070
     5
1000
2001708
1002
}
1002
{
1070
     3
1000
-2000018
1002
}
  0
ENDBLK
  5
36C
330
362
100
AcDbEntity
  8
0
100
AcDbBlockEnd
  0
BLOCK
  5
377
330
36E
100
AcDbEntity
  8
0
100
AcDbBlockBegin
  2
2 panel 1 mullion - AF1218-2343563-SECTION D-D
 70
     0
 10
0.0
 20
0.0
 30
0.0
  3
2 panel 1 mullion - AF1218-2343563-SECTION D-D
  1

  0
LINE
  5
36F
330
36E
100
AcDbEntity
  8
A-GLAZ
100
AcDbLine
 10
29415.44550602786
 20
31240.0
 30
0.0
 11
30245.44550602787
 21
31240.0
 31
0.0
1001
REVIT
1002
{
1070
     1
1000
1803578
1002
}
1002
{
1070
     5
1000
2343545
1002
}
  0
LINE
  5
370
330
36E
100
AcDbEntity
  8
A-GLAZ
100
AcDbLine
 10
30245.44550602787
 20
31240.0
 30
0.0
 11
30245.44550602787
 21
30140.0
 31
0.0
1001
REVIT
1002
{
1070
     1
1000
1803578
1002
}
1002
{
1070
     5
1000
2343545
1002
}
  0
LINE
  5
371
330
36E
100
AcDbEntity
  8
A-GLAZ
100
AcDbLine
 10
30245.44550602787
 20
30140.0
 30
0.0
 11
29415.44550602786
 21
30140.0
 31
0.0
1001
REVIT
1002
{
1070
     1
1000
1803578
1002
}
1002
{
1070
     5
1000
2343545
1002
}
  0
LINE
  5
372
330
36E
100
AcDbEntity
  8
A-GLAZ
100
AcDbLine
 10
29415.44550602786
 20
30140.0
 30
0.0
 11
29415.44550602786
 21
31240.0
 31
0.0
1001
REVIT
1002
{
1070
     1
1000
1803578
1002
}
1002
{
1070
     5
1000
2343545
1002
}
  0
LINE
  5
373
330
36E
100
AcDbEntity
  8
A-GLAZ
100
AcDbLine
 10
28535.44550602787
 20
31240.0
 30
0.0
 11
29365.44550602786
 21
31240.0
 31
0.0
1001
REVIT
1002
{
1070
     1
1000
1803578
1002
}
1002
{
1070
     5
1000
2343545
1002
}
  0
LINE
  5
374
330
36E
100
AcDbEntity
  8
A-GLAZ
100
AcDbLine
 10
29365.44550602786
 20
31240.0
 30
0.0
 11
29365.44550602786
 21
30140.0
 31
0.0
1001
REVIT
1002
{
1070
     1
1000
1803578
1002
}
1002
{
1070
     5
1000
2343545
1002
}
  0
LINE
  5
375
330
36E
100
AcDbEntity
  8
A-GLAZ
100
AcDbLine
 10
29365.44550602786
 20
30140.0
 30
0.0
 11
28535.44550602787
 21
30140.0
 31
0.0
1001
REVIT
1002
{
1070
     1
1000
1803578
1002
}
1002
{
1070
     5
1000
2343545
1002
}
  0
LINE
  5
376
330
36E
100
AcDbEntity
  8
A-GLAZ
100
AcDbLine
 10
28535.44550602787
 20
30140.0
 30
0.0
 11
28535.44550602787
 21
31240.0
 31
0.0
1001
REVIT
1002
{
1070
     1
1000
1803578
1002
}
1002
{
1070
     5
1000
2343545
1002
}
  0
ENDBLK
  5
378
330
36E
100
AcDbEntity
  8
0
100
AcDbBlockEnd
  0
BLOCK
  5
387
330
37B
100
AcDbEntity
  8
0
100
AcDbBlockBegin
  2
Downpipe - 450 Eave-1977526-SECTION D-D
 70
     0
 10
0.0
 20
0.0
 30
0.0
  3
Downpipe - 450 Eave-1977526-SECTION D-D
  1

  0
LINE
  5
37C
330
37B
100
AcDbEntity
  8
A-GENM
100
AcDbLine
 10
39040.9752440274
 20
36590.00000000002
 30
0.0
 11
39040.9752440274
 21
37736.72753464111
 31
0.0
1001
REVIT
1002
{
1070
     1
1000
1905191
1002
}
1002
{
1070
     5
1000
1893368
1002
}
1002
{
1070
     3
1000
1893352
1002
}
  0
LINE
  5
37D
330
37B
100
AcDbEntity
  8
A-GENM
100
AcDbLine
 10
38960.9752440274
 20
37736.72753464111
 30
0.0
 11
38960.9752440274
 21
37003.99999999999
 31
0.0
1001
REVIT
1002
{
1070
     1
1000
1905191
1002
}
1002
{
1070
     5
1000
1893368
1002
}
1002
{
1070
     3
1000
1893352
1002
}
  0
LINE
  5
37E
330
37B
100
AcDbEntity
  8
A-GENM
100
AcDbLine
 10
39040.9752440274
 20
37736.72753464111
 30
0.0
 11
39040.9752440274
 21
37781.34675303933
 31
0.0
1001
REVIT
1002
{
1070
     1
1000
1905191
1002
}
1002
{
1070
     5
1000
1893368
1002
}
1002
{
1070
     3
1000
1893352
1002
}
  0
LINE
  5
37F
330
37B
100
AcDbEntity
  8
A-GENM
100
AcDbLine
 10
38960.9752440274
 20
37781.34675303933
 30
0.0
 11
38960.9752440274
 21
37736.72753464111
 31
0.0
1001
REVIT
1002
{
1070
     1
1000
1905191
1002
}
1002
{
1070
     5
1000
1893368
1002
}
1002
{
1070
     3
1000
1893352
1002
}
  0
LINE
  5
380
330
37B
100
AcDbEntity
  8
A-GENM
100
AcDbLine
 10
39040.9752440274
 20
37781.34675303933
 30
0.0
 11
39040.9752440274
 21
37898.0391434171
 31
0.0
1001
REVIT
1002
{
1070
     1
1000
1905191
1002
}
1002
{
1070
     5
1000
1893368
1002
}
1002
{
1070
     3
1000
1893352
1002
}
  0
LINE
  5
381
330
37B
100
AcDbEntity
  8
A-GENM
100
AcDbLine
 10
38960.9752440274
 20
37898.0391434171
 30
0.0
 11
38960.9752440274
 21
37781.34675303933
 31
0.0
1001
REVIT
1002
{
1070
     1
1000
1905191
1002
}
1002
{
1070
     5
1000
1893368
1002
}
1002
{
1070
     3
1000
1893352
1002
}
  0
LINE
  5
382
330
37B
100
AcDbEntity
  8
A-GENM
100
AcDbLine
 10
39005.48735726143
 20
36590.0
 30
0.0
 11
39040.97524402738
 21
36590.0
 31
0.0
1001
REVIT
1002
{
1070
     1
1000
1905191
1002
}
1002
{
1070
     5
1000
1893368
1002
}
1002
{
1070
     3
1000
1893352
1002
}
  0
SPLINE
  5
383
330
37B
100
AcDbEntity
  8
A-GENM
100
AcDbSpline
210
0.0
220
0.0
230
1.0
 70
     8
 71
     3
 72
    24
 73
    20
 74
     0
 42
0.000000001
 43
0.0000000001
 40
0.5
 40
0.5
 40
0.5
 40
0.5
 40
0.5208333333333334
 40
0.5416666666666667
 40
0.5625
 40
0.5833333333333334
 40
0.6041666666666667
 40
0.625
 40
0.6458333333333333
 40
0.6666666666666666
 40
0.6875
 40
0.7083333333333333
 40
0.75
 40
0.7708333333333334
 40
0.7916666666666667
 40
0.8333333333333334
 40
0.875
 40
0.9166666666666666
 40
1.0
 40
1.0
 40
1.0
 40
1.0
 10
39040.97524402738
 20
37736.72753464108
 30
0.0
 10
39040.97524402762
 20
37737.52200815593
 30
0.0
 10
39040.91810786921
 20
37739.11095506252
 30
0.0
 10
39040.66136215793
 20
37741.51460357816
 30
0.0
 10
39040.23467439309
 20
37743.89794858478
 30
0.0
 10
39039.63987173076
 20
37746.22106198241
 30
0.0
 10
39038.87950115752
 20
37748.50236160174
 30
0.0
 10
39037.95681888227
 20
37750.7625173861
 30
0.0
 10
39036.87577528043
 20
37752.96310566887
 30
0.0
 10
39035.64100212817
 20
37755.06771609662
 30
0.0
 10
39034.25777727947
 20
37757.09097867325
 30
0.0
 10
39032.22348740134
 20
37759.71006465086
 30
0.0
 10
39029.91701074118
 20
37762.12373238262
 30
0.0
 10
39027.36790517715
 20
37764.29183452625
 30
0.0
 10
39024.66817124706
 20
37766.33649910026
 30
0.0
 10
39021.03245070674
 20
37768.56224348387
 30
0.0
 10
39016.32634598221
 20
37770.68074168245
 30
0.0
 10
39009.70142240108
 20
37772.75557024799
 30
0.0
 10
39004.46590253138
 20
37773.36659619268
 30
0.0
 10
39000.97524402739
 20
37773.38078160179
 30
0.0
1001
REVIT
1002
{
1070
     1
1000
1905191
1002
}
1002
{
1070
     5
1000
1893368
1002
}
1002
{
1070
     3
1000
1893352
1002
}
  0
SPLINE
  5
384
330
37B
100
AcDbEntity
  8
A-GENM
100
AcDbSpline
210
0.0
220
0.0
230
1.0
 70
     8
 71
     3
 72
    23
 73
    19
 74
     0
 42
0.000000001
 43
0.0000000001
 40
0.0
 40
0.0
 40
0.0
 40
0.0
 40
0.0833333333333333
 40
0.125
 40
0.1666666666666667
 40
0.2083333333333333
 40
0.2291666666666667
 40
0.25
 40
0.2916666666666666
 40
0.3333333333333333
 40
0.3541666666666666
 40
0.375
 40
0.3958333333333334
 40
0.4166666666666667
 40
0.4375
 40
0.4583333333333334
 40
0.4791666666666667
 40
0.5
 40
0.5
 40
0.5
 40
0.5
 10
39000.97524402739
 20
37773.38078160178
 30
0.0
 10
38997.4845855234
 20
37773.36659619271
 30
0.0
 10
38992.24906562308
 20
37772.75556564333
 30
0.0
 10
38985.62414212361
 20
37770.68074935685
 30
0.0
 10
38980.91803715407
 20
37768.56221432115
 30
0.0
 10
38977.28231737939
 20
37766.33658505351
 30
0.0
 10
38974.58258188742
 20
37764.2916856429
 30
0.0
 10
38972.03348268323
 20
37762.12453972941
 30
0.0
 10
38969.15033811284
 20
37759.10012601321
 30
0.0
 10
38966.72105505696
 20
37755.76595707747
 30
0.0
 10
38965.07471690295
 20
37752.96372642221
 30
0.0
 10
38963.99366806626
 20
37750.76235105569
 30
0.0
 10
38963.07098719367
 20
37748.5024061699
 30
0.0
 10
38962.31061624459
 20
37746.22105004012
 30
0.0
 10
38961.71581368296
 20
37743.8979517858
 30
0.0
 10
38961.28912589117
 20
37741.51460271634
 30
0.0
 10
38961.03238018699
 20
37739.11095530876
 30
0.0
 10
38960.97524402762
 20
37737.52200815594
 30
0.0
 10
38960.97524402739
 20
37736.72753464109
 30
0.0
1001
REVIT
1002
{
1070
     1
1000
1905191
1002
}
1002
{
1070
     5
1000
1893368
1002
}
1002
{
1070
     3
1000
1893352
1002
}
  0
SPLINE
  5
385
330
37B
100
AcDbEntity
  8
A-GENM
100
AcDbSpline
210
0.0
220
0.0
230
1.0
 70
     8
 71
     3
 72
    24
 73
    20
 74
     0
 42
0.000000001
 43
0.0000000001
 40
0.5
 40
0.5
 40
0.5
 40
0.5
 40
0.5208333333333334
 40
0.5416666666666667
 40
0.5625
 40
0.5833333333333334
 40
0.6041666666666667
 40
0.625
 40
0.6458333333333333
 40
0.6666666666666666
 40
0.6875
 40
0.7083333333333333
 40
0.75
 40
0.7708333333333334
 40
0.7916666666666667
 40
0.8333333333333334
 40
0.875
 40
0.9166666666666666
 40
1.0
 40
1.0
 40
1.0
 40
1.0
 10
39040.97524402738
 20
37781.34675303931
 30
0.0
 10
39040.97524402762
 20
37782.14685389481
 30
0.0
 10
39040.91810786921
 20
37783.74705561705
 30
0.0
 10
39040.66136215793
 20
37786.13442721001
 30
0.0
 10
39040.23467439309
 20
37788.50128020982
 30
0.0
 10
39039.63987173076
 20
37790.84006986476
 30
0.0
 10
39038.87950115752
 20
37793.13830883662
 30
0.0
 10
39037.95681888227
 20
37795.38350295655
 30
0.0
 10
39036.87577528043
 20
37797.56854267812
 30
0.0
 10
39035.64100212817
 20
37799.6864256502
 30
0.0
 10
39034.25777727947
 20
37801.72601383904
 30
0.0
 10
39032.22348740134
 20
37804.32585843986
 30
0.0
 10
39029.91701074118
 20
37806.73552271985
 30
0.0
 10
39027.36790517715
 20
37808.92490818344
 30
0.0
 10
39024.66817124706
 20
37810.95394015649
 30
0.0
 10
39021.03245070674
 20
37813.18009360269
 30
0.0
 10
39016.32634598221
 20
37815.30729235293
 30
0.0
 10
39009.70142240108
 20
37817.36730493306
 30
0.0
 10
39004.46590253138
 20
37818.00123633986
 30
0.0
 10
39000.97524402739
 20
37818.00000000001
 30
0.0
1001
REVIT
1002
{
1070
     1
1000
1905191
1002
}
1002
{
1070
     5
1000
1893368
1002
}
1002
{
1070
     3
1000
1893352
1002
}
  0
SPLINE
  5
386
330
37B
100
AcDbEntity
  8
A-GENM
100
AcDbSpline
210
0.0
220
0.0
230
1.0
 70
     8
 71
     3
 72
    23
 73
    19
 74
     0
 42
0.000000001
 43
0.0000000001
 40
0.0
 40
0.0
 40
0.0
 40
0.0
 40
0.0833333333333333
 40
0.125
 40
0.1666666666666667
 40
0.2083333333333333
 40
0.2291666666666667
 40
0.25
 40
0.2916666666666666
 40
0.3333333333333333
 40
0.3541666666666666
 40
0.375
 40
0.3958333333333334
 40
0.4166666666666667
 40
0.4375
 40
0.4583333333333334
 40
0.4791666666666667
 40
0.5
 40
0.5
 40
0.5
 40
0.5
 10
39000.97524402739
 20
37818.00000000001
 30
0.0
 10
38997.4845855234
 20
37818.00123633987
 30
0.0
 10
38992.24906562307
 20
37817.36730535235
 30
0.0
 10
38985.62414212361
 20
37815.3072916541
 30
0.0
 10
38980.91803715407
 20
37813.18009625817
 30
0.0
 10
38977.28231737938
 20
37810.95393232968
 30
0.0
 10
38974.58258188741
 20
37808.92492174061
 30
0.0
 10
38972.03348268322
 20
37806.73544920371
 30
0.0
 10
38969.15033811284
 20
37803.72403622952
 30
0.0
 10
38966.72105505695
 20
37800.39268675562
 30
0.0
 10
38965.07471690294
 20
37797.56848615298
 30
0.0
 10
38963.99366806625
 20
37795.38351810238
 30
0.0
 10
38963.07098719367
 20
37793.1383047783
 30
0.0
 10
38962.31061624459
 20
37790.84007095222
 30
0.0
 10
38961.71581368295
 20
37788.50127991832
 30
0.0
 10
38961.28912589116
 20
37786.13442728848
 30
0.0
 10
38961.03238018699
 20
37783.74705559462
 30
0.0
 10
38960.97524402762
 20
37782.14685389481
 30
0.0
 10
38960.97524402739
 20
37781.34675303931
 30
0.0
1001
REVIT
1002
{
1070
     1
1000
1905191
1002
}
1002
{
1070
     5
1000
1893368
1002
}
1002
{
1070
     3
1000
1893352
1002
}
  0
ENDBLK
  5
388
330
37B
100
AcDbEntity
  8
0
100
AcDbBlockEnd
  0
BLOCK
  5
390
330
38A
100
AcDbEntity
  8
0
100
AcDbBlockBegin
  2
Downpipe - 450 Eave-1917928-SECTION D-D
 70
     0
 10
0.0
 20
0.0
 30
0.0
  3
Downpipe - 450 Eave-1917928-SECTION D-D
  1

  0
LINE
  5
38B
330
38A
100
AcDbEntity
  8
A-GENM
100
AcDbLine
 10
27894.92098217544
 20
35090.00000000002
 30
0.0
 11
27894.92098217544
 21
32340.00000000002
 31
0.0
1001
REVIT
1002
{
1070
     1
1000
1905755
1002
}
1002
{
1070
     5
1000
1893368
1002
}
1002
{
1070
     3
1000
1893352
1002
}
  0
LINE
  5
38C
330
38A
100
AcDbEntity
  8
A-GENM
100
AcDbLine
 10
27974.92098217544
 20
35390.00000000002
 30
0.0
 11
27974.92098217544
 21
35481.02076799148
 31
0.0
1001
REVIT
1002
{
1070
     1
1000
1905755
1002
}
1002
{
1070
     5
1000
1893368
1002
}
1002
{
1070
     3
1000
1893352
1002
}
  0
LINE
  5
38D
330
38A
100
AcDbEntity
  8
A-GENM
100
AcDbLine
 10
27894.92098217543
 20
35481.02076799148
 30
0.0
 11
27894.92098217543
 21
35390.00000000002
 31
0.0
1001
REVIT
1002
{
1070
     1
1000
1905755
1002
}
1002
{
1070
     5
1000
1893368
1002
}
1002
{
1070
     3
1000
1893352
1002
}
  0
SPLINE
  5
38E
330
38A
100
AcDbEntity
  8
A-GENM
100
AcDbSpline
210
0.0
220
0.0
230
1.0
 70
     8
 71
     3
 72
    13
 73
     9
 74
     0
 42
0.000000001
 43
0.0000000001
 40
0.7605222058614096
 40
0.7605222058614096
 40
0.7605222058614096
 40
0.7605222058614096
 40
0.7708333333333334
 40
0.7916666666666667
 40
0.8333333333333334
 40
0.875
 40
0.9166666666666666
 40
1.0
 40
1.0
 40
1.0
 40
1.0
 10
27962.25499563957
 20
35390.10739902515
 30
0.0
 10
27961.93965998023
 20
35390.3779942986
 30
0.0
 10
27960.972757451
 20
35391.18110688888
 30
0.0
 10
27958.61390939512
 20
35392.95394015649
 30
0.0
 10
27954.9781888548
 20
35395.18009360269
 30
0.0
 10
27950.27208413026
 20
35397.30729235293
 30
0.0
 10
27943.64716054913
 20
35399.36730493304
 30
0.0
 10
27938.41164067943
 20
35400.00123633986
 30
0.0
 10
27934.92098217544
 20
35400.00000000001
 30
0.0
1001
REVIT
1002
{
1070
     1
1000
1905755
1002
}
1002
{
1070
     5
1000
1893368
1002
}
1002
{
1070
     3
1000
1893352
1002
}
  0
SPLINE
  5
38F
330
38A
100
AcDbEntity
  8
A-GENM
100
AcDbSpline
210
0.0
220
0.0
230
1.0
 70
     8
 71
     3
 72
    13
 73
     9
 74
     0
 42
0.000000001
 43
0.0000000001
 40
0.0
 40
0.0
 40
0.0
 40
0.0
 40
0.0833333333333333
 40
0.125
 40
0.1666666666666667
 40
0.2083333333333333
 40
0.2291666666666667
 40
0.2394777941386105
 40
0.2394777941386105
 40
0.2394777941386105
 40
0.2394777941386105
 10
27934.92098217544
 20
35400.00000000001
 30
0.0
 10
27931.43032367145
 20
35400.00123633987
 30
0.0
 10
27926.19480377112
 20
35399.36730535236
 30
0.0
 10
27919.56988027166
 20
35397.30729165412
 30
0.0
 10
27914.86377530212
 20
35395.18009625816
 30
0.0
 10
27911.22805552744
 20
35392.95393232968
 30
0.0
 10
27908.86920610688
 20
35391.18111774597
 30
0.0
 10
27907.90230520689
 20
35390.37798284967
 30
0.0
 10
27907.5869697512
 20
35390.10738478782
 30
0.0
1001
REVIT
1002
{
1070
     1
1000
1905755
1002
}
1002
{
1070
     5
1000
1893368
1002
}
1002
{
1070
     3
1000
1893352
1002
}
  0
ENDBLK
  5
391
330
38A
100
AcDbEntity
  8
0
100
AcDbBlockEnd
  0
BLOCK
  5
39B
330
393
100
AcDbEntity
  8
0
100
AcDbBlockBegin
  2
Downpipe - RH DP-2028410-SECTION D-D
 70
     0
 10
0.0
 20
0.0
 30
0.0
  3
Downpipe - RH DP-2028410-SECTION D-D
  1

  0
LINE
  5
394
330
393
100
AcDbEntity
  8
A-GENM
100
AcDbLine
 10
27825.44550635082
 20
35360.00000000001
 30
0.0
 11
27825.44550635082
 21
35093.0
 31
0.0
1001
REVIT
1002
{
1070
     1
1000
1906610
1002
}
1002
{
1070
     5
1000
1906729
1002
}
1002
{
1070
     3
1000
1893358
1002
}
  0
LINE
  5
395
330
393
100
AcDbEntity
  8
A-GENM
100
AcDbLine
 10
27825.44550635082
 20
35093.0
 30
0.0
 11
27825.44550635082
 21
35090.0
 31
0.0
1001
REVIT
1002
{
1070
     1
1000
1906610
1002
}
1002
{
1070
     5
1000
1906729
1002
}
1002
{
1070
     3
1000
1893358
1002
}
  0
LINE
  5
396
330
393
100
AcDbEntity
  8
A-GENM
100
AcDbLine
 10
27825.44550635082
 20
35090.0
 30
0.0
 11
27975.44550635084
 21
35090.0
 31
0.0
1001
REVIT
1002
{
1070
     1
1000
1906610
1002
}
1002
{
1070
     5
1000
1906729
1002
}
1002
{
1070
     3
1000
1893358
1002
}
  0
LINE
  5
397
330
393
100
AcDbEntity
  8
A-GENM
100
AcDbLine
 10
27822.44550635082
 20
35390.00000000001
 30
0.0
 11
27975.44550635083
 21
35390.00000000001
 31
0.0
1001
REVIT
1002
{
1070
     1
1000
1906610
1002
}
1002
{
1070
     5
1000
1906729
1002
}
1002
{
1070
     3
1000
1893358
1002
}
  0
LINE
  5
398
330
393
100
AcDbEntity
  8
A-GENM
100
AcDbLine
 10
27822.44550635082
 20
35390.00000000001
 30
0.0
 11
27822.44550635089
 21
35360.00000000001
 31
0.0
1001
REVIT
1002
{
1070
     1
1000
1906610
1002
}
1002
{
1070
     5
1000
1906729
1002
}
1002
{
1070
     3
1000
1893358
1002
}
  0
LINE
  5
399
330
393
100
AcDbEntity
  8
A-GENM
100
AcDbLine
 10
27822.44550635089
 20
35360.00000000001
 30
0.0
 11
27975.44550635083
 21
35360.00000000001
 31
0.0
1001
REVIT
1002
{
1070
     1
1000
1906610
1002
}
1002
{
1070
     5
1000
1906729
1002
}
1002
{
1070
     3
1000
1893358
1002
}
  0
LINE
  5
39A
330
393
100
AcDbEntity
  8
A-GENM
100
AcDbLine
 10
27895.44550635083
 20
35090.00000000002
 30
0.0
 11
27895.44550635083
 21
30162.18043846797
 31
0.0
1001
REVIT
1002
{
1070
     1
1000
1906610
1002
}
1002
{
1070
     5
1000
1906729
1002
}
1002
{
1070
     3
1000
1893352
1002
}
  0
ENDBLK
  5
39C
330
393
100
AcDbEntity
  8
0
100
AcDbBlockEnd
  0
BLOCK
  5
3A1
330
39E
100
AcDbEntity
  8
0
100
AcDbBlockBegin
  2
Downpipe - 450 Eave-1907276-SECTION D-D
 70
     0
 10
0.0
 20
0.0
 30
0.0
  3
Downpipe - 450 Eave-1907276-SECTION D-D
  1

  0
LINE
  5
39F
330
39E
100
AcDbEntity
  8
A-GENM
100
AcDbLine
 10
27895.44550635083
 20
28730.00000000003
 30
0.0
 11
27895.44550635083
 21
28580.00000000002
 31
0.0
1001
REVIT
1002
{
1070
     1
1000
1907016
1002
}
1002
{
1070
     5
1000
1893368
1002
}
1002
{
1070
     3
1000
1893352
1002
}
  0
LINE
  5
3A0
330
39E
100
AcDbEntity
  8
A-GENM
100
AcDbLine
 10
27895.44550635083
 20
28580.0
 30
0.0
 11
27975.44550635083
 21
28580.0
 31
0.0
1001
REVIT
1002
{
1070
     1
1000
1907016
1002
}
1002
{
1070
     5
1000
1893368
1002
}
1002
{
1070
     3
1000
1893352
1002
}
  0
ENDBLK
  5
3A2
330
39E
100
AcDbEntity
  8
0
100
AcDbBlockEnd
  0
BLOCK
  5
3A9
330
3A4
100
AcDbEntity
  8
0
100
AcDbBlockBegin
  2
Downpipe - 450 Eave-1907595-SECTION D-D
 70
     0
 10
0.0
 20
0.0
 30
0.0
  3
Downpipe - 450 Eave-1907595-SECTION D-D
  1

  0
LINE
  5
3A5
330
3A4
100
AcDbEntity
  8
A-GENM
100
AcDbLine
 10
40065.4455063532
 20
28762.50000000001
 30
0.0
 11
40065.4455063532
 21
35090.00000000002
 31
0.0
1001
REVIT
1002
{
1070
     1
1000
1907391
1002
}
1002
{
1070
     5
1000
1893368
1002
}
1002
{
1070
     3
1000
1893352
1002
}
  0
LINE
  5
3A6
330
3A4
100
AcDbEntity
  8
A-GENM
100
AcDbLine
 10
40065.4455063532
 20
35140.00000000002
 30
0.0
 11
40065.4455063532
 21
35291.39683077969
 31
0.0
1001
REVIT
1002
{
1070
     1
1000
1907391
1002
}
1002
{
1070
     5
1000
1893368
1002
}
1002
{
1070
     3
1000
1893352
1002
}
  0
LINE
  5
3A7
330
3A4
100
AcDbEntity
  8
A-GENM
100
AcDbLine
 10
39985.4455063532
 20
35294.19049233903
 30
0.0
 11
39985.4455063532
 21
35140.00000000002
 31
0.0
1001
REVIT
1002
{
1070
     1
1000
1907391
1002
}
1002
{
1070
     5
1000
1893368
1002
}
1002
{
1070
     3
1000
1893352
1002
}
  0
LINE
  5
3A8
330
3A4
100
AcDbEntity
  8
A-GENM
100
AcDbLine
 10
39985.4455063532
 20
35090.00000000002
 30
0.0
 11
39985.4455063532
 21
28762.50000000001
 31
0.0
1001
REVIT
1002
{
1070
     1
1000
1907391
1002
}
1002
{
1070
     5
1000
1893368
1002
}
1002
{
1070
     3
1000
1893352
1002
}
  0
ENDBLK
  5
3AA
330
3A4
100
AcDbEntity
  8
0
100
AcDbBlockEnd
  0
BLOCK
  5
3AD
330
3AC
100
AcDbEntity
  8
0
100
AcDbBlockBegin
  2
Solar Panel_ Face Based - Solar Panel_ Face Based-1931305-SECTION D-D
 70
     0
 10
0.0
 20
0.0
 30
0.0
  3
Solar Panel_ Face Based - Solar Panel_ Face Based-1931305-SECTION D-D
  1

  0
ENDBLK
  5
3AE
330
3AC
100
AcDbEntity
  8
0
100
AcDbBlockEnd
  0
BLOCK
  5
3C4
330
3B2
100
AcDbEntity
  8
0
100
AcDbBlockBegin
  2
Solar Panel_ Face Based - Solar Panel_ Face Based-V6-SECTION D-D
 70
     0
 10
0.0
 20
0.0
 30
0.0
  3
Solar Panel_ Face Based - Solar Panel_ Face Based-V6-SECTION D-D
  1

  0
HATCH
  5
3B7
330
3B2
100
AcDbEntity
  8
E-ELEC-FIXT
100
AcDbHatch
 10
0.0
 20
0.0
 30
0.0
210
0.0
220
0.0
230
1.0
  2
FP_7
 70
     0
 71
     0
 91
        1
 92
        1
 93
        4
 72
     1
 10
30549.99999999997
 20
38415.32956795925
 11
31599.99999999998
 21
38415.32956795925
 72
     1
 10
31599.99999999998
 20
38415.32956795925
 11
31599.99999999998
 21
38433.33450690744
 72
     1
 10
31599.99999999998
 20
38433.33450690744
 11
30549.99999999997
 21
38433.33450690744
 72
     1
 10
30549.99999999997
 20
38433.33450690744
 11
30549.99999999997
 21
38415.32956795925
 97
        0
 75
     0
 76
     2
 52
0.0
 41
1.0
 77
     0
 78
     2
 53
0.0
 43
34166.58600000001
 44
38270.536
 45
0.0
 46
26.147
 79
     0
 53
90.0
 43
34166.58600000001
 44
38270.536
 45
-300.0
 46
0.0000000000000184
 79
     0
 98
        1
 10
0.0
 20
0.0
1001
REVIT
1002
{
1070
     1
1000
1931738
1002
}
1002
{
1070
     5
1000
1931305
1002
}
  0
HATCH
  5
3BD
330
3B2
100
AcDbEntity
  8
E-ELEC-FIXT
100
AcDbHatch
 10
0.0
 20
0.0
 30
0.0
210
0.0
220
0.0
230
1.0
  2
FP_8
 70
     0
 71
     0
 91
        1
 92
        1
 93
        5
 72
     1
 10
31599.99999999998
 20
38433.33450690744
 11
31599.99999999998
 21
38483.14424181203
 72
     1
 10
31599.99999999998
 20
38483.14424181203
 11
30549.99999999997
 21
38483.14424181203
 72
     1
 10
30549.99999999997
 20
38483.14424181203
 11
30549.99999999997
 21
38433.33450690744
 72
     1
 10
30549.99999999997
 20
38433.33450690744
 11
31196.42760928857
 21
38433.33450690744
 72
     1
 10
31196.42760928857
 20
38433.33450690744
 11
31599.99999999998
 21
38433.33450690744
 97
        0
 75
     0
 76
     2
 52
0.0
 41
1.0
 77
     0
 78
     2
 53
0.0
 43
34166.58600000001
 44
19516.648
 45
0.0
 46
298.858
 79
     0
 53
90.0
 43
34166.58600000001
 44
19516.648
 45
-300.0
 46
0.0000000000000184
 79
     0
 98
        1
 10
0.0
 20
0.0
1001
REVIT
1002
{
1070
     1
1000
1931738
1002
}
1002
{
1070
     5
1000
1931305
1002
}
  0
LINE
  5
3BE
330
3B2
100
AcDbEntity
  8
E-ELEC-FIXT
100
AcDbLine
 10
30549.99999999998
 20
38483.14424181201
 30
0.0
 11
31599.99999999998
 21
38483.14424181201
 31
0.0
1001
REVIT
1002
{
1070
     1
1000
1931738
1002
}
1002
{
1070
     5
1000
1931305
1002
}
  0
LINE
  5
3BF
330
3B2
100
AcDbEntity
  8
E-ELEC-FIXT
100
AcDbLine
 10
30549.99999999998
 20
38433.33450690742
 30
0.0
 11
30549.99999999998
 21
38415.32956795921
 31
0.0
1001
REVIT
1002
{
1070
     1
1000
1931738
1002
}
1002
{
1070
     5
1000
1931305
1002
}
  0
LINE
  5
3C0
330
3B2
100
AcDbEntity
  8
E-ELEC-FIXT
100
AcDbLine
 10
31599.99999999998
 20
38415.32956795921
 30
0.0
 11
31599.99999999998
 21
38433.33450690742
 31
0.0
1001
REVIT
1002
{
1070
     1
1000
1931738
1002
}
1002
{
1070
     5
1000
1931305
1002
}
  0
LINE
  5
3C1
330
3B2
100
AcDbEntity
  8
E-ELEC-FIXT
100
AcDbLine
 10
31599.99999999998
 20
38433.33450690742
 30
0.0
 11
30549.99999999998
 21
38433.33450690742
 31
0.0
1001
REVIT
1002
{
1070
     1
1000
1931738
1002
}
1002
{
1070
     5
1000
1931305
1002
}
  0
LINE
  5
3C2
330
3B2
100
AcDbEntity
  8
E-ELEC-FIXT
100
AcDbLine
 10
30549.99999999998
 20
38483.14424181201
 30
0.0
 11
30549.99999999998
 21
38433.33450690742
 31
0.0
1001
REVIT
1002
{
1070
     1
1000
1931738
1002
}
1002
{
1070
     5
1000
1931305
1002
}
  0
LINE
  5
3C3
330
3B2
100
AcDbEntity
  8
E-ELEC-FIXT
100
AcDbLine
 10
31599.99999999998
 20
38433.33450690742
 30
0.0
 11
31599.99999999998
 21
38483.14424181201
 31
0.0
1001
REVIT
1002
{
1070
     1
1000
1931738
1002
}
1002
{
1070
     5
1000
1931305
1002
}
  0
ENDBLK
  5
3C5
330
3B2
100
AcDbEntity
  8
0
100
AcDbBlockEnd
  0
BLOCK
  5
3D9
330
3C7
100
AcDbEntity
  8
0
100
AcDbBlockBegin
  2
Solar Panel_ Face Based - Solar Panel_ Face Based-V7-SECTION D-D
 70
     0
 10
0.0
 20
0.0
 30
0.0
  3
Solar Panel_ Face Based - Solar Panel_ Face Based-V7-SECTION D-D
  1

  0
HATCH
  5
3CC
330
3C7
100
AcDbEntity
  8
E-ELEC-FIXT
100
AcDbHatch
 10
0.0
 20
0.0
 30
0.0
210
0.0
220
0.0
230
1.0
  2
FP_7
 70
     0
 71
     0
 91
        1
 92
        1
 93
        4
 72
     1
 10
31599.99999999997
 20
38415.32956795925
 11
32649.99999999997
 21
38415.32956795925
 72
     1
 10
32649.99999999997
 20
38415.32956795925
 11
32649.99999999997
 21
38433.33450690744
 72
     1
 10
32649.99999999997
 20
38433.33450690744
 11
31599.99999999997
 21
38433.33450690744
 72
     1
 10
31599.99999999997
 20
38433.33450690744
 11
31599.99999999997
 21
38415.32956795925
 97
        0
 75
     0
 76
     2
 52
0.0
 41
1.0
 77
     0
 78
     2
 53
0.0
 43
34166.58600000001
 44
38270.536
 45
0.0
 46
26.147
 79
     0
 53
90.0
 43
34166.58600000001
 44
38270.536
 45
-300.0
 46
0.0000000000000184
 79
     0
 98
        1
 10
0.0
 20
0.0
1001
REVIT
1002
{
1070
     1
1000
1931740
1002
}
1002
{
1070
     5
1000
1931305
1002
}
  0
HATCH
  5
3D2
330
3C7
100
AcDbEntity
  8
E-ELEC-FIXT
100
AcDbHatch
 10
0.0
 20
0.0
 30
0.0
210
0.0
220
0.0
230
1.0
  2
FP_8
 70
     0
 71
     0
 91
        1
 92
        1
 93
        5
 72
     1
 10
32649.99999999997
 20
38433.33450690744
 11
32649.99999999997
 21
38483.14424181203
 72
     1
 10
32649.99999999997
 20
38483.14424181203
 11
31599.99999999997
 21
38483.14424181203
 72
     1
 10
31599.99999999997
 20
38483.14424181203
 11
31599.99999999997
 21
38433.33450690744
 72
     1
 10
31599.99999999997
 20
38433.33450690744
 11
32173.87766462334
 21
38433.33450690744
 72
     1
 10
32173.87766462334
 20
38433.33450690744
 11
32649.99999999997
 21
38433.33450690744
 97
        0
 75
     0
 76
     2
 52
0.0
 41
1.0
 77
     0
 78
     2
 53
0.0
 43
34166.58600000001
 44
19516.648
 45
0.0
 46
298.858
 79
     0
 53
90.0
 43
34166.58600000001
 44
19516.648
 45
-300.0
 46
0.0000000000000184
 79
     0
 98
        1
 10
0.0
 20
0.0
1001
REVIT
1002
{
1070
     1
1000
1931740
1002
}
1002
{
1070
     5
1000
1931305
1002
}
  0
LINE
  5
3D3
330
3C7
100
AcDbEntity
  8
E-ELEC-FIXT
100
AcDbLine
 10
31599.99999999997
 20
38483.14424181201
 30
0.0
 11
32649.99999999997
 21
38483.14424181201
 31
0.0
1001
REVIT
1002
{
1070
     1
1000
1931740
1002
}
1002
{
1070
     5
1000
1931305
1002
}
  0
LINE
  5
3D4
330
3C7
100
AcDbEntity
  8
E-ELEC-FIXT
100
AcDbLine
 10
31599.99999999997
 20
38433.33450690742
 30
0.0
 11
31599.99999999997
 21
38415.32956795921
 31
0.0
1001
REVIT
1002
{
1070
     1
1000
1931740
1002
}
1002
{
1070
     5
1000
1931305
1002
}
  0
LINE
  5
3D5
330
3C7
100
AcDbEntity
  8
E-ELEC-FIXT
100
AcDbLine
 10
32649.99999999997
 20
38415.32956795921
 30
0.0
 11
32649.99999999997
 21
38433.33450690742
 31
0.0
1001
REVIT
1002
{
1070
     1
1000
1931740
1002
}
1002
{
1070
     5
1000
1931305
1002
}
  0
LINE
  5
3D6
330
3C7
100
AcDbEntity
  8
E-ELEC-FIXT
100
AcDbLine
 10
32649.99999999997
 20
38433.33450690742
 30
0.0
 11
31599.99999999997
 21
38433.33450690742
 31
0.0
1001
REVIT
1002
{
1070
     1
1000
1931740
1002
}
1002
{
1070
     5
1000
1931305
1002
}
  0
LINE
  5
3D7
330
3C7
100
AcDbEntity
  8
E-ELEC-FIXT
100
AcDbLine
 10
31599.99999999997
 20
38483.14424181201
 30
0.0
 11
31599.99999999997
 21
38433.33450690742
 31
0.0
1001
REVIT
1002
{
1070
     1
1000
1931740
1002
}
1002
{
1070
     5
1000
1931305
1002
}
  0
LINE
  5
3D8
330
3C7
100
AcDbEntity
  8
E-ELEC-FIXT
100
AcDbLine
 10
32649.99999999997
 20
38433.33450690742
 30
0.0
 11
32649.99999999997
 21
38483.14424181201
 31
0.0
1001
REVIT
1002
{
1070
     1
1000
1931740
1002
}
1002
{
1070
     5
1000
1931305
1002
}
  0
ENDBLK
  5
3DA
330
3C7
100
AcDbEntity
  8
0
100
AcDbBlockEnd
  0
BLOCK
  5
3ED
330
3DC
100
AcDbEntity
  8
0
100
AcDbBlockBegin
  2
Solar Panel_ Face Based - Solar Panel_ Face Based-V8-SECTION D-D
 70
     0
 10
0.0
 20
0.0
 30
0.0
  3
Solar Panel_ Face Based - Solar Panel_ Face Based-V8-SECTION D-D
  1

  0
HATCH
  5
3E1
330
3DC
100
AcDbEntity
  8
E-ELEC-FIXT
100
AcDbHatch
 10
0.0
 20
0.0
 30
0.0
210
0.0
220
0.0
230
1.0
  2
FP_7
 70
     0
 71
     0
 91
        1
 92
        1
 93
        4
 72
     1
 10
33699.99999999997
 20
38415.32956795925
 11
33699.99999999997
 21
38433.33450690744
 72
     1
 10
33699.99999999997
 20
38433.33450690744
 11
32649.99999999997
 21
38433.33450690744
 72
     1
 10
32649.99999999997
 20
38433.33450690744
 11
32649.99999999997
 21
38415.32956795925
 72
     1
 10
32649.99999999997
 20
38415.32956795925
 11
33699.99999999997
 21
38415.32956795925
 97
        0
 75
     0
 76
     2
 52
0.0
 41
1.0
 77
     0
 78
     2
 53
0.0
 43
34166.58600000001
 44
38270.536
 45
0.0
 46
26.147
 79
     0
 53
90.0
 43
34166.58600000001
 44
38270.536
 45
-300.0
 46
0.0000000000000184
 79
     0
 98
        1
 10
0.0
 20
0.0
1001
REVIT
1002
{
1070
     1
1000
1931741
1002
}
1002
{
1070
     5
1000
1931305
1002
}
  0
HATCH
  5
3E6
330
3DC
100
AcDbEntity
  8
E-ELEC-FIXT
100
AcDbHatch
 10
0.0
 20
0.0
 30
0.0
210
0.0
220
0.0
230
1.0
  2
FP_8
 70
     0
 71
     0
 91
        1
 92
        1
 93
        4
 72
     1
 10
32649.99999999997
 20
38483.14424181203
 11
32649.99999999997
 21
38433.33450690744
 72
     1
 10
32649.99999999997
 20
38433.33450690744
 11
33699.99999999997
 21
38433.33450690744
 72
     1
 10
33699.99999999997
 20
38433.33450690744
 11
33699.99999999997
 21
38483.14424181203
 72
     1
 10
33699.99999999997
 20
38483.14424181203
 11
32649.99999999997
 21
38483.14424181203
 97
        0
 75
     0
 76
     2
 52
0.0
 41
1.0
 77
     0
 78
     2
 53
0.0
 43
34166.58600000001
 44
19516.648
 45
0.0
 46
298.858
 79
     0
 53
90.0
 43
34166.58600000001
 44
19516.648
 45
-300.0
 46
0.0000000000000184
 79
     0
 98
        1
 10
0.0
 20
0.0
1001
REVIT
1002
{
1070
     1
1000
1931741
1002
}
1002
{
1070
     5
1000
1931305
1002
}
  0
LINE
  5
3E7
330
3DC
100
AcDbEntity
  8
E-ELEC-FIXT
100
AcDbLine
 10
32649.99999999997
 20
38483.14424181201
 30
0.0
 11
33699.99999999997
 21
38483.14424181201
 31
0.0
1001
REVIT
1002
{
1070
     1
1000
1931741
1002
}
1002
{
1070
     5
1000
1931305
1002
}
  0
LINE
  5
3E8
330
3DC
100
AcDbEntity
  8
E-ELEC-FIXT
100
AcDbLine
 10
32649.99999999997
 20
38433.33450690742
 30
0.0
 11
32649.99999999997
 21
38415.32956795921
 31
0.0
1001
REVIT
1002
{
1070
     1
1000
1931741
1002
}
1002
{
1070
     5
1000
1931305
1002
}
  0
LINE
  5
3E9
330
3DC
100
AcDbEntity
  8
E-ELEC-FIXT
100
AcDbLine
 10
33699.99999999997
 20
38415.32956795921
 30
0.0
 11
33699.99999999997
 21
38433.33450690742
 31
0.0
1001
REVIT
1002
{
1070
     1
1000
1931741
1002
}
1002
{
1070
     5
1000
1931305
1002
}
  0
LINE
  5
3EA
330
3DC
100
AcDbEntity
  8
E-ELEC-FIXT
100
AcDbLine
 10
33699.99999999997
 20
38433.33450690742
 30
0.0
 11
32649.99999999997
 21
38433.33450690742
 31
0.0
1001
REVIT
1002
{
1070
     1
1000
1931741
1002
}
1002
{
1070
     5
1000
1931305
1002
}
  0
LINE
  5
3EB
330
3DC
100
AcDbEntity
  8
E-ELEC-FIXT
100
AcDbLine
 10
32649.99999999997
 20
38483.14424181201
 30
0.0
 11
32649.99999999997
 21
38433.33450690742
 31
0.0
1001
REVIT
1002
{
1070
     1
1000
1931741
1002
}
1002
{
1070
     5
1000
1931305
1002
}
  0
LINE
  5
3EC
330
3DC
100
AcDbEntity
  8
E-ELEC-FIXT
100
AcDbLine
 10
33699.99999999997
 20
38433.33450690742
 30
0.0
 11
33699.99999999997
 21
38483.14424181201
 31
0.0
1001
REVIT
1002
{
1070
     1
1000
1931741
1002
}
1002
{
1070
     5
1000
1931305
1002
}
  0
ENDBLK
  5
3EE
330
3DC
100
AcDbEntity
  8
0
100
AcDbBlockEnd
  0
BLOCK
  5
402
330
3F0
100
AcDbEntity
  8
0
100
AcDbBlockBegin
  2
Solar Panel_ Face Based - Solar Panel_ Face Based-V9-SECTION D-D
 70
     0
 10
0.0
 20
0.0
 30
0.0
  3
Solar Panel_ Face Based - Solar Panel_ Face Based-V9-SECTION D-D
  1

  0
HATCH
  5
3F5
330
3F0
100
AcDbEntity
  8
E-ELEC-FIXT
100
AcDbHatch
 10
0.0
 20
0.0
 30
0.0
210
0.0
220
0.0
230
1.0
  2
FP_7
 70
     0
 71
     0
 91
        1
 92
        1
 93
        4
 72
     1
 10
33699.99999999998
 20
38415.32956795925
 11
34749.99999999998
 21
38415.32956795925
 72
     1
 10
34749.99999999998
 20
38415.32956795925
 11
34749.99999999998
 21
38433.33450690744
 72
     1
 10
34749.99999999998
 20
38433.33450690744
 11
33699.99999999998
 21
38433.33450690744
 72
     1
 10
33699.99999999998
 20
38433.33450690744
 11
33699.99999999998
 21
38415.32956795925
 97
        0
 75
     0
 76
     2
 52
0.0
 41
1.0
 77
     0
 78
     2
 53
0.0
 43
34166.58600000001
 44
38270.536
 45
0.0
 46
26.147
 79
     0
 53
90.0
 43
34166.58600000001
 44
38270.536
 45
-300.0
 46
0.0000000000000184
 79
     0
 98
        1
 10
0.0
 20
0.0
1001
REVIT
1002
{
1070
     1
1000
1931809
1002
}
1002
{
1070
     5
1000
1931305
1002
}
  0
HATCH
  5
3FB
330
3F0
100
AcDbEntity
  8
E-ELEC-FIXT
100
AcDbHatch
 10
0.0
 20
0.0
 30
0.0
210
0.0
220
0.0
230
1.0
  2
FP_8
 70
     0
 71
     0
 91
        1
 92
        1
 93
        5
 72
     1
 10
34749.99999999998
 20
38433.33450690744
 11
34749.99999999998
 21
38483.14424181203
 72
     1
 10
34749.99999999998
 20
38483.14424181203
 11
33699.99999999998
 21
38483.14424181203
 72
     1
 10
33699.99999999998
 20
38483.14424181203
 11
33699.99999999998
 21
38433.33450690744
 72
     1
 10
33699.99999999998
 20
38433.33450690744
 11
34128.7777752929
 21
38433.33450690744
 72
     1
 10
34128.7777752929
 20
38433.33450690744
 11
34749.99999999998
 21
38433.33450690744
 97
        0
 75
     0
 76
     2
 52
0.0
 41
1.0
 77
     0
 78
     2
 53
0.0
 43
34166.58600000001
 44
19516.648
 45
0.0
 46
298.858
 79
     0
 53
90.0
 43
34166.58600000001
 44
19516.648
 45
-300.0
 46
0.0000000000000184
 79
     0
 98
        1
 10
0.0
 20
0.0
1001
REVIT
1002
{
1070
     1
1000
1931809
1002
}
1002
{
1070
     5
1000
1931305
1002
}
  0
LINE
  5
3FC
330
3F0
100
AcDbEntity
  8
E-ELEC-FIXT
100
AcDbLine
 10
33699.99999999998
 20
38483.14424181201
 30
0.0
 11
34749.99999999998
 21
38483.14424181201
 31
0.0
1001
REVIT
1002
{
1070
     1
1000
1931809
1002
}
1002
{
1070
     5
1000
1931305
1002
}
  0
LINE
  5
3FD
330
3F0
100
AcDbEntity
  8
E-ELEC-FIXT
100
AcDbLine
 10
33699.99999999998
 20
38433.33450690742
 30
0.0
 11
33699.99999999998
 21
38415.32956795921
 31
0.0
1001
REVIT
1002
{
1070
     1
1000
1931809
1002
}
1002
{
1070
     5
1000
1931305
1002
}
  0
LINE
  5
3FE
330
3F0
100
AcDbEntity
  8
E-ELEC-FIXT
100
AcDbLine
 10
34749.99999999998
 20
38415.32956795921
 30
0.0
 11
34749.99999999998
 21
38433.33450690742
 31
0.0
1001
REVIT
1002
{
1070
     1
1000
1931809
1002
}
1002
{
1070
     5
1000
1931305
1002
}
  0
LINE
  5
3FF
330
3F0
100
AcDbEntity
  8
E-ELEC-FIXT
100
AcDbLine
 10
34749.99999999998
 20
38433.33450690742
 30
0.0
 11
33699.99999999998
 21
38433.33450690742
 31
0.0
1001
REVIT
1002
{
1070
     1
1000
1931809
1002
}
1002
{
1070
     5
1000
1931305
1002
}
  0
LINE
  5
400
330
3F0
100
AcDbEntity
  8
E-ELEC-FIXT
100
AcDbLine
 10
33699.99999999998
 20
38483.14424181201
 30
0.0
 11
33699.99999999998
 21
38433.33450690742
 31
0.0
1001
REVIT
1002
{
1070
     1
1000
1931809
1002
}
1002
{
1070
     5
1000
1931305
1002
}
  0
LINE
  5
401
330
3F0
100
AcDbEntity
  8
E-ELEC-FIXT
100
AcDbLine
 10
34749.99999999998
 20
38433.33450690742
 30
0.0
 11
34749.99999999998
 21
38483.14424181201
 31
0.0
1001
REVIT
1002
{
1070
     1
1000
1931809
1002
}
1002
{
1070
     5
1000
1931305
1002
}
  0
ENDBLK
  5
403
330
3F0
100
AcDbEntity
  8
0
100
AcDbBlockEnd
  0
BLOCK
  5
416
330
405
100
AcDbEntity
  8
0
100
AcDbBlockBegin
  2
Solar Panel_ Face Based - Solar Panel_ Face Based-V10-SECTION D-D
 70
     0
 10
0.0
 20
0.0
 30
0.0
  3
Solar Panel_ Face Based - Solar Panel_ Face Based-V10-SECTION D-D
  1

  0
HATCH
  5
40A
330
405
100
AcDbEntity
  8
E-ELEC-FIXT
100
AcDbHatch
 10
0.0
 20
0.0
 30
0.0
210
0.0
220
0.0
230
1.0
  2
FP_7
 70
     0
 71
     0
 91
        1
 92
        1
 93
        4
 72
     1
 10
35799.99999999999
 20
38415.32956795925
 11
35799.99999999999
 21
38433.33450690744
 72
     1
 10
35799.99999999999
 20
38433.33450690744
 11
34749.99999999998
 21
38433.33450690744
 72
     1
 10
34749.99999999998
 20
38433.33450690744
 11
34749.99999999998
 21
38415.32956795925
 72
     1
 10
34749.99999999998
 20
38415.32956795925
 11
35799.99999999999
 21
38415.32956795925
 97
        0
 75
     0
 76
     2
 52
0.0
 41
1.0
 77
     0
 78
     2
 53
0.0
 43
34166.58600000001
 44
38270.536
 45
0.0
 46
26.147
 79
     0
 53
90.0
 43
34166.58600000001
 44
38270.536
 45
-300.0
 46
0.0000000000000184
 79
     0
 98
        1
 10
0.0
 20
0.0
1001
REVIT
1002
{
1070
     1
1000
1931810
1002
}
1002
{
1070
     5
1000
1931305
1002
}
  0
HATCH
  5
40F
330
405
100
AcDbEntity
  8
E-ELEC-FIXT
100
AcDbHatch
 10
0.0
 20
0.0
 30
0.0
210
0.0
220
0.0
230
1.0
  2
FP_8
 70
     0
 71
     0
 91
        1
 92
        1
 93
        4
 72
     1
 10
34749.99999999998
 20
38483.14424181203
 11
34749.99999999998
 21
38433.33450690744
 72
     1
 10
34749.99999999998
 20
38433.33450690744
 11
35799.99999999999
 21
38433.33450690744
 72
     1
 10
35799.99999999999
 20
38433.33450690744
 11
35799.99999999999
 21
38483.14424181203
 72
     1
 10
35799.99999999999
 20
38483.14424181203
 11
34749.99999999998
 21
38483.14424181203
 97
        0
 75
     0
 76
     2
 52
0.0
 41
1.0
 77
     0
 78
     2
 53
0.0
 43
34166.58600000001
 44
19516.648
 45
0.0
 46
298.858
 79
     0
 53
90.0
 43
34166.58600000001
 44
19516.648
 45
-300.0
 46
0.0000000000000184
 79
     0
 98
        1
 10
0.0
 20
0.0
1001
REVIT
1002
{
1070
     1
1000
1931810
1002
}
1002
{
1070
     5
1000
1931305
1002
}
  0
LINE
  5
410
330
405
100
AcDbEntity
  8
E-ELEC-FIXT
100
AcDbLine
 10
34749.99999999998
 20
38483.14424181201
 30
0.0
 11
35799.99999999997
 21
38483.14424181201
 31
0.0
1001
REVIT
1002
{
1070
     1
1000
1931810
1002
}
1002
{
1070
     5
1000
1931305
1002
}
  0
LINE
  5
411
330
405
100
AcDbEntity
  8
E-ELEC-FIXT
100
AcDbLine
 10
34749.99999999998
 20
38433.33450690742
 30
0.0
 11
34749.99999999998
 21
38415.32956795921
 31
0.0
1001
REVIT
1002
{
1070
     1
1000
1931810
1002
}
1002
{
1070
     5
1000
1931305
1002
}
  0
LINE
  5
412
330
405
100
AcDbEntity
  8
E-ELEC-FIXT
100
AcDbLine
 10
35799.99999999997
 20
38415.32956795921
 30
0.0
 11
35799.99999999997
 21
38433.33450690742
 31
0.0
1001
REVIT
1002
{
1070
     1
1000
1931810
1002
}
1002
{
1070
     5
1000
1931305
1002
}
  0
LINE
  5
413
330
405
100
AcDbEntity
  8
E-ELEC-FIXT
100
AcDbLine
 10
35799.99999999997
 20
38433.33450690742
 30
0.0
 11
34749.99999999998
 21
38433.33450690742
 31
0.0
1001
REVIT
1002
{
1070
     1
1000
1931810
1002
}
1002
{
1070
     5
1000
1931305
1002
}
  0
LINE
  5
414
330
405
100
AcDbEntity
  8
E-ELEC-FIXT
100
AcDbLine
 10
34749.99999999998
 20
38483.14424181201
 30
0.0
 11
34749.99999999998
 21
38433.33450690742
 31
0.0
1001
REVIT
1002
{
1070
     1
1000
1931810
1002
}
1002
{
1070
     5
1000
1931305
1002
}
  0
LINE
  5
415
330
405
100
AcDbEntity
  8
E-ELEC-FIXT
100
AcDbLine
 10
35799.99999999997
 20
38433.33450690742
 30
0.0
 11
35799.99999999997
 21
38483.14424181201
 31
0.0
1001
REVIT
1002
{
1070
     1
1000
1931810
1002
}
1002
{
1070
     5
1000
1931305
1002
}
  0
ENDBLK
  5
417
330
405
100
AcDbEntity
  8
0
100
AcDbBlockEnd
  0
BLOCK
  5
42B
330
419
100
AcDbEntity
  8
0
100
AcDbBlockBegin
  2
Solar Panel_ Face Based - Solar Panel_ Face Based-V11-SECTION D-D
 70
     0
 10
0.0
 20
0.0
 30
0.0
  3
Solar Panel_ Face Based - Solar Panel_ Face Based-V11-SECTION D-D
  1

  0
HATCH
  5
41E
330
419
100
AcDbEntity
  8
E-ELEC-FIXT
100
AcDbHatch
 10
0.0
 20
0.0
 30
0.0
210
0.0
220
0.0
230
1.0
  2
FP_7
 70
     0
 71
     0
 91
        1
 92
        1
 93
        4
 72
     1
 10
35799.99999999997
 20
38415.32956795925
 11
36849.99999999997
 21
38415.32956795925
 72
     1
 10
36849.99999999997
 20
38415.32956795925
 11
36849.99999999997
 21
38433.33450690744
 72
     1
 10
36849.99999999997
 20
38433.33450690744
 11
35799.99999999997
 21
38433.33450690744
 72
     1
 10
35799.99999999997
 20
38433.33450690744
 11
35799.99999999997
 21
38415.32956795925
 97
        0
 75
     0
 76
     2
 52
0.0
 41
1.0
 77
     0
 78
     2
 53
0.0
 43
34166.58600000001
 44
38270.536
 45
0.0
 46
26.147
 79
     0
 53
90.0
 43
34166.58600000001
 44
38270.536
 45
-300.0
 46
0.0000000000000184
 79
     0
 98
        1
 10
0.0
 20
0.0
1001
REVIT
1002
{
1070
     1
1000
1931811
1002
}
1002
{
1070
     5
1000
1931305
1002
}
  0
HATCH
  5
424
330
419
100
AcDbEntity
  8
E-ELEC-FIXT
100
AcDbHatch
 10
0.0
 20
0.0
 30
0.0
210
0.0
220
0.0
230
1.0
  2
FP_8
 70
     0
 71
     0
 91
        1
 92
        1
 93
        5
 72
     1
 10
36849.99999999997
 20
38433.33450690744
 11
36849.99999999997
 21
38483.14424181203
 72
     1
 10
36849.99999999997
 20
38483.14424181203
 11
35799.99999999997
 21
38483.14424181203
 72
     1
 10
35799.99999999997
 20
38483.14424181203
 11
35799.99999999997
 21
38433.33450690744
 72
     1
 10
35799.99999999997
 20
38433.33450690744
 11
36083.67788596245
 21
38433.33450690744
 72
     1
 10
36083.67788596245
 20
38433.33450690744
 11
36849.99999999997
 21
38433.33450690744
 97
        0
 75
     0
 76
     2
 52
0.0
 41
1.0
 77
     0
 78
     2
 53
0.0
 43
34166.58600000001
 44
19516.648
 45
0.0
 46
298.858
 79
     0
 53
90.0
 43
34166.58600000001
 44
19516.648
 45
-300.0
 46
0.0000000000000184
 79
     0
 98
        1
 10
0.0
 20
0.0
1001
REVIT
1002
{
1070
     1
1000
1931811
1002
}
1002
{
1070
     5
1000
1931305
1002
}
  0
LINE
  5
425
330
419
100
AcDbEntity
  8
E-ELEC-FIXT
100
AcDbLine
 10
35799.99999999997
 20
38483.14424181201
 30
0.0
 11
36849.99999999997
 21
38483.14424181201
 31
0.0
1001
REVIT
1002
{
1070
     1
1000
1931811
1002
}
1002
{
1070
     5
1000
1931305
1002
}
  0
LINE
  5
426
330
419
100
AcDbEntity
  8
E-ELEC-FIXT
100
AcDbLine
 10
35799.99999999997
 20
38433.33450690742
 30
0.0
 11
35799.99999999997
 21
38415.32956795921
 31
0.0
1001
REVIT
1002
{
1070
     1
1000
1931811
1002
}
1002
{
1070
     5
1000
1931305
1002
}
  0
LINE
  5
427
330
419
100
AcDbEntity
  8
E-ELEC-FIXT
100
AcDbLine
 10
36849.99999999997
 20
38415.32956795921
 30
0.0
 11
36849.99999999997
 21
38433.33450690742
 31
0.0
1001
REVIT
1002
{
1070
     1
1000
1931811
1002
}
1002
{
1070
     5
1000
1931305
1002
}
  0
LINE
  5
428
330
419
100
AcDbEntity
  8
E-ELEC-FIXT
100
AcDbLine
 10
36849.99999999997
 20
38433.33450690742
 30
0.0
 11
35799.99999999997
 21
38433.33450690742
 31
0.0
1001
REVIT
1002
{
1070
     1
1000
1931811
1002
}
1002
{
1070
     5
1000
1931305
1002
}
  0
LINE
  5
429
330
419
100
AcDbEntity
  8
E-ELEC-FIXT
100
AcDbLine
 10
35799.99999999997
 20
38483.14424181201
 30
0.0
 11
35799.99999999997
 21
38433.33450690742
 31
0.0
1001
REVIT
1002
{
1070
     1
1000
1931811
1002
}
1002
{
1070
     5
1000
1931305
1002
}
  0
LINE
  5
42A
330
419
100
AcDbEntity
  8
E-ELEC-FIXT
100
AcDbLine
 10
36849.99999999997
 20
38433.33450690742
 30
0.0
 11
36849.99999999997
 21
38483.14424181201
 31
0.0
1001
REVIT
1002
{
1070
     1
1000
1931811
1002
}
1002
{
1070
     5
1000
1931305
1002
}
  0
ENDBLK
  5
42C
330
419
100
AcDbEntity
  8
0
100
AcDbBlockEnd
  0
BLOCK
  5
436
330
42E
100
AcDbEntity
  8
0
100
AcDbBlockBegin
  2
Shower_Twin_Phoenix_NXQuil_FaceBased - Chrome _606-6500-00_-1739590-SECTION D-D
 70
     0
 10
0.0
 20
0.0
 30
0.0
  3
Shower_Twin_Phoenix_NXQuil_FaceBased - Chrome _606-6500-00_-1739590-SECTION D-D
  1

  0
LWPOLYLINE
  5
42F
330
42E
100
AcDbEntity
  8
P-SANR-FIXT
100
AcDbPolyline
 90
       17
 70
   128
 43
0.0
 10
40089.94550649912
 20
30636.00000000007
 10
40089.84591977841
 20
30636.00000000007
 10
40089.5473189338
 20
30636.00000000007
 10
40089.05018166292
 20
30636.00000000007
 10
40088.35530327938
 20
30636.00000000007
 10
40087.46379544035
 20
30636.00000000007
 10
40086.37708436819
 20
30636.00000000007
 10
40085.09690856881
 20
30636.00000000007
 10
40083.62531605038
 20
30636.00000000007
 10
40081.96466104703
 20
30636.00000000007
 10
40080.11760025248
 20
30636.00000000007
 10
40078.08708857
 20
30636.00000000007
 10
40075.87637438514
 20
30636.00000000007
 10
40073.48899436898
 20
30636.00000000007
 10
40070.92876782029
 20
30636.00000000007
 10
40068.19979055538
 20
30636.00000000007
 10
40065.44550635321
 20
30636.00000000007
1001
REVIT
1002
{
1070
     1
1000
1961636
1002
}
1002
{
1070
     5
1000
1739590
1002
}
1002
{
1070
     3
1000
1035229
1002
}
  0
LWPOLYLINE
  5
430
330
42E
100
AcDbEntity
  8
P-SANR-FIXT
100
AcDbPolyline
 90
       18
 70
   128
 43
0.0
 10
40065.44550635321
 20
30636.00000000007
 10
40067.43485675259
 20
30636.00000000007
 10
40070.20864410771
 20
30636.00000000007
 10
40072.81483279092
 20
30636.00000000007
 10
40075.24925345629
 20
30636.00000000007
 10
40077.50801155009
 20
30636.00000000007
 10
40079.58749354121
 20
30636.00000000007
 10
40081.48437270204
 20
30636.00000000007
 10
40083.19561443059
 20
30636.00000000007
 10
40084.71848110513
 20
30636.00000000007
 10
40086.05053646385
 20
30636.00000000007
 10
40087.18964950232
 20
30636.00000000007
 10
40088.13399788268
 20
30636.00000000007
 10
40088.88207084899
 20
30636.00000000007
 10
40089.43267164406
 20
30636.00000000007
 10
40089.78491942408
 20
30636.00000000007
 10
40089.93825066775
 20
30636.00000000007
 10
40089.94550649912
 20
30636.00000000007
1001
REVIT
1002
{
1070
     1
1000
1961636
1002
}
1002
{
1070
     5
1000
1739590
1002
}
1002
{
1070
     3
1000
1035229
1002
}
  0
LWPOLYLINE
  5
431
330
42E
100
AcDbEntity
  8
P-SANR-FIXT
100
AcDbPolyline
 90
       41
 70
   128
 43
0.0
 10
40089.94550649912
 20
30636.00000000007
 10
40089.96550116622
 20
30635.9996000534
 10
40089.98546384611
 20
30635.99840085322
 10
40090.00536260276
 20
30635.996404318
 10
40090.02516560242
 20
30635.99361364176
 10
40090.04484116452
 20
30635.99003328899
 10
40090.06435781233
 20
30635.9856689875
 10
40090.0836843234
 20
30635.98052771922
 10
40090.10278977943
 20
30635.97461770911
 10
40090.12164361576
 20
30635.96794841191
 10
40090.14021567027
 20
30635.96053049707
 10
40090.15847623165
 20
30635.95237583168
 10
40090.17639608689
 20
30635.94349746146
 10
40090.19394656804
 20
30635.93390958991
 10
40090.21109959809
 20
30635.92362755558
 10
40090.22782773582
 20
30635.91266780753
 10
40090.2441042198
 20
30635.90104787901
 10
40090.25990301113
 20
30635.88878635945
 10
40090.27519883511
 20
30635.87590286464
 10
40090.28996722168
 20
30635.86241800544
 10
40090.30418454457
 20
30635.84835335474
 10
40090.3178280591
 20
30635.83373141299
 10
40090.33087593857
 20
30635.81857557217
 10
40090.34330730913
 20
30635.80291007839
 10
40090.35510228327
 20
30635.78675999311
 10
40090.36624199152
 20
30635.77015115301
 10
40090.37670861274
 20
30635.75311012869
 10
40090.38648540256
 20
30635.73566418216
 10
40090.3955567202
 20
30635.71784122321
 10
40090.40390805351
 20
30635.69966976477
 10
40090.4115260421
 20
30635.68117887731
 10
40090.41839849884
 20
30635.66239814229
 10
40090.42451442927
 20
30635.64335760489
 10
40090.42986404918
 20
30635.6240877259
 10
40090.43443880033
 20
30635.60461933301
 10
40090.43823136411
 20
30635.58498357152
 10
40090.44123567322
 20
30635.56521185444
 10
40090.44344692139
 20
30635.5453358123
 10
40090.44486157111
 20
30635.52538724254
 10
40090.44547735923
 20
30635.5053980586
 10
40090.44550649912
 20
30635.50000000007
1001
REVIT
1002
{
1070
     1
1000
1961636
1002
}
1002
{
1070
     5
1000
1739590
1002
}
1002
{
1070
     3
1000
1035229
1002
}
  0
LINE
  5
432
330
42E
100
AcDbEntity
  8
P-SANR-FIXT
100
AcDbLine
 10
40090.44550649909
 20
30623.51832767232
 30
0.0
 11
40090.44550649909
 21
30635.50000000007
 31
0.0
1001
REVIT
1002
{
1070
     1
1000
1961636
1002
}
1002
{
1070
     5
1000
1739590
1002
}
1002
{
1070
     3
1000
1035229
1002
}
  0
LWPOLYLINE
  5
433
330
42E
100
AcDbEntity
  8
P-SANR-FIXT
100
AcDbPolyline
 90
       17
 70
   128
 43
0.0
 10
40089.92717882683
 20
30623.00000000008
 10
40089.82760676631
 20
30623.00000000008
 10
40089.52904987879
 20
30623.00000000008
 10
40089.03198579161
 20
30623.00000000008
 10
40088.33720970126
 20
30623.00000000008
 10
40087.4458331013
 20
30623.00000000008
 10
40086.35928200411
 20
30623.00000000008
 10
40085.07929465969
 20
30623.00000000008
 10
40083.60791877472
 20
30623.00000000008
 10
40081.94750823675
 20
30623.00000000008
 10
40080.10071934843
 20
30623.00000000008
 10
40078.07050657802
 20
30623.00000000008
 10
40075.86011783288
 20
30623.00000000008
 10
40073.47308926346
 20
30623.00000000008
 10
40070.91323960627
 20
30623.00000000008
 10
40068.18466407471
 20
30623.00000000008
 10
40065.44550635321
 20
30623.00000000008
1001
REVIT
1002
{
1070
     1
1000
1961636
1002
}
1002
{
1070
     5
1000
1739590
1002
}
1002
{
1070
     3
1000
1035229
1002
}
  0
LWPOLYLINE
  5
434
330
42E
100
AcDbEntity
  8
P-SANR-FIXT
100
AcDbPolyline
 90
       18
 70
   128
 43
0.0
 10
40065.44550635321
 20
30623.00000000008
 10
40067.41984287799
 20
30623.00000000008
 10
40070.19322190326
 20
30623.00000000008
 10
40072.79902692887
 20
30623.00000000008
 10
40075.23308922265
 20
30623.00000000008
 10
40077.49151480416
 20
30623.00000000008
 10
40079.57069067428
 20
30623.00000000008
 10
40081.46729059512
 20
30623.00000000008
 10
40083.1782804114
 20
30623.00000000008
 10
40084.7009229044
 20
30623.00000000008
 10
40086.03278217095
 20
30623.00000000008
 10
40087.17172752034
 20
30623.00000000008
 10
40088.11593688298
 20
30623.00000000008
 10
40088.8638997253
 20
30623.00000000008
 10
40089.4144194663
 20
30623.00000000008
 10
40089.76661539186
 20
30623.00000000008
 10
40089.9199240636
 20
30623.00000000008
 10
40089.92717882683
 20
30623.00000000008
1001
REVIT
1002
{
1070
     1
1000
1961636
1002
}
1002
{
1070
     5
1000
1739590
1002
}
1002
{
1070
     3
1000
1035229
1002
}
  0
LWPOLYLINE
  5
435
330
42E
100
AcDbEntity
  8
P-SANR-FIXT
100
AcDbPolyline
 90
       41
 70
   128
 43
0.0
 10
40090.44550649909
 20
30623.51832767232
 10
40090.44509189223
 20
30623.49760009382
 10
40090.44384873496
 20
30623.47690567501
 10
40090.44177901605
 20
30623.45627752257
 10
40090.43888604661
 20
30623.43574863714
 10
40090.43517445477
 20
30623.41535186054
 10
40090.43065017831
 20
30623.39511982327
 10
40090.42532045508
 20
30623.37508489229
 10
40090.41919381151
 20
30623.35527911919
 10
40090.41228004892
 20
30623.33573418899
 10
40090.40459022785
 20
30623.31648136942
 10
40090.3961366504
 20
30623.29755146088
 10
40090.38693284046
 20
30623.27897474716
 10
40090.37699352217
 20
30623.26078094708
 10
40090.36633459632
 20
30623.24299916682
 10
40090.35497311493
 20
30623.22565785343
 10
40090.34292725394
 20
30623.20878474932
 10
40090.33021628415
 20
30623.19240684785
 10
40090.31686054041
 20
30623.17655035018
 10
40090.30288138904
 20
30623.16124062331
 10
40090.28830119373
 20
30623.14650215955
 10
40090.27314327967
 20
30623.13235853729
 10
40090.25743189628
 20
30623.11883238331
 10
40090.24119217843
 20
30623.10594533657
 10
40090.2244501062
 20
30623.0937180136
 10
40090.20723246335
 20
30623.0821699755
 10
40090.18956679441
 20
30623.07131969668
 10
40090.1714813607
 20
30623.06118453525
 10
40090.15300509506
 20
30623.05178070534
 10
40090.13416755555
 20
30623.04312325104
 10
40090.11499887824
 20
30623.03522602245
 10
40090.09552972891
 20
30623.02810165343
 10
40090.07579125405
 20
30623.02176154148
 10
40090.05581503101
 20
30623.01621582941
 10
40090.03563301747
 20
30623.01147338916
 10
40090.01527750038
 20
30623.00754180766
 10
40089.99478104419
 20
30623.00442737457
 10
40089.97417643888
 20
30623.00213507234
 10
40089.95349664742
 20
30623.00066856814
 10
40089.93277475306
 20
30623.00003020809
 10
40089.92717882683
 20
30623.00000000008
1001
REVIT
1002
{
1070
     1
1000
1961636
1002
}
1002
{
1070
     5
1000
1739590
1002
}
1002
{
1070
     3
1000
1035229
1002
}
  0
ENDBLK
  5
437
330
42E
100
AcDbEntity
  8
0
100
AcDbBlockEnd
  0
BLOCK
  5
446
330
439
100
AcDbEntity
  8
0
100
AcDbBlockBegin
  2
Downpipe - 450 Eave-1976548-SECTION D-D
 70
     0
 10
0.0
 20
0.0
 30
0.0
  3
Downpipe - 450 Eave-1976548-SECTION D-D
  1

  0
LINE
  5
43A
330
439
100
AcDbEntity
  8
A-GENM
100
AcDbLine
 10
30690.44550576654
 20
35940.00000000002
 30
0.0
 11
30690.44550576654
 21
37714.48002866541
 31
0.0
1001
REVIT
1002
{
1070
     1
1000
1976077
1002
}
1002
{
1070
     5
1000
1893368
1002
}
1002
{
1070
     3
1000
1893352
1002
}
  0
LINE
  5
43B
330
439
100
AcDbEntity
  8
A-GENM
100
AcDbLine
 10
30610.44550576654
 20
37714.48002866541
 30
0.0
 11
30610.44550576654
 21
35940.00000000002
 31
0.0
1001
REVIT
1002
{
1070
     1
1000
1976077
1002
}
1002
{
1070
     5
1000
1893368
1002
}
1002
{
1070
     3
1000
1893352
1002
}
  0
LINE
  5
43C
330
439
100
AcDbEntity
  8
A-GENM
100
AcDbLine
 10
30690.44550576654
 20
37714.48002866541
 30
0.0
 11
30690.44550576654
 21
37778.34675303933
 31
0.0
1001
REVIT
1002
{
1070
     1
1000
1976077
1002
}
1002
{
1070
     5
1000
1893368
1002
}
1002
{
1070
     3
1000
1893352
1002
}
  0
LINE
  5
43D
330
439
100
AcDbEntity
  8
A-GENM
100
AcDbLine
 10
30610.44550576654
 20
37778.34675303933
 30
0.0
 11
30610.44550576654
 21
37714.48002866541
 31
0.0
1001
REVIT
1002
{
1070
     1
1000
1976077
1002
}
1002
{
1070
     5
1000
1893368
1002
}
1002
{
1070
     3
1000
1893352
1002
}
  0
LINE
  5
43E
330
439
100
AcDbEntity
  8
A-GENM
100
AcDbLine
 10
30690.44550576654
 20
37778.34675303933
 30
0.0
 11
30690.44550576654
 21
37898.25786504978
 31
0.0
1001
REVIT
1002
{
1070
     1
1000
1976077
1002
}
1002
{
1070
     5
1000
1893368
1002
}
1002
{
1070
     3
1000
1893352
1002
}
  0
LINE
  5
43F
330
439
100
AcDbEntity
  8
A-GENM
100
AcDbLine
 10
30610.44550576654
 20
37898.25786504978
 30
0.0
 11
30610.44550576654
 21
37778.34675303933
 31
0.0
1001
REVIT
1002
{
1070
     1
1000
1976077
1002
}
1002
{
1070
     5
1000
1893368
1002
}
1002
{
1070
     3
1000
1893352
1002
}
  0
LINE
  5
440
330
439
100
AcDbEntity
  8
A-GENM
100
AcDbLine
 10
30650.44550576654
 20
35940.0
 30
0.0
 11
30690.44550576654
 21
35940.0
 31
0.0
1001
REVIT
1002
{
1070
     1
1000
1976077
1002
}
1002
{
1070
     5
1000
1893368
1002
}
1002
{
1070
     3
1000
1893352
1002
}
  0
LINE
  5
441
330
439
100
AcDbEntity
  8
A-GENM
100
AcDbLine
 10
30611.80847271498
 20
35940.0
 30
0.0
 11
30650.44550576654
 21
35940.0
 31
0.0
1001
REVIT
1002
{
1070
     1
1000
1976077
1002
}
1002
{
1070
     5
1000
1893368
1002
}
1002
{
1070
     3
1000
1893352
1002
}
  0
SPLINE
  5
442
330
439
100
AcDbEntity
  8
A-GENM
100
AcDbSpline
210
0.0
220
0.0
230
1.0
 70
     8
 71
     3
 72
    24
 73
    20
 74
     0
 42
0.000000001
 43
0.0000000001
 40
0.5
 40
0.5
 40
0.5
 40
0.5
 40
0.5208333333333334
 40
0.5416666666666667
 40
0.5625
 40
0.5833333333333334
 40
0.6041666666666667
 40
0.625
 40
0.6458333333333333
 40
0.6666666666666666
 40
0.6875
 40
0.7083333333333333
 40
0.75
 40
0.7708333333333334
 40
0.7916666666666667
 40
0.8333333333333334
 40
0.875
 40
0.9166666666666666
 40
1.0
 40
1.0
 40
1.0
 40
1.0
 10
30690.44550576654
 20
37714.48002866538
 30
0.0
 10
30690.44550576678
 20
37715.27450218023
 30
0.0
 10
30690.38836960836
 20
37716.86344908682
 30
0.0
 10
30690.13162389709
 20
37719.26709760246
 30
0.0
 10
30689.70493613226
 20
37721.65044260907
 30
0.0
 10
30689.11013346993
 20
37723.9735560067
 30
0.0
 10
30688.34976289668
 20
37726.25485562603
 30
0.0
 10
30687.42708062143
 20
37728.51501141039
 30
0.0
 10
30686.34603701959
 20
37730.71559969318
 30
0.0
 10
30685.11126386733
 20
37732.82021012091
 30
0.0
 10
30683.72803901863
 20
37734.84347269756
 30
0.0
 10
30681.69374914049
 20
37737.46255867515
 30
0.0
 10
30679.38727248034
 20
37739.87622640689
 30
0.0
 10
30676.83816691631
 20
37742.04432855054
 30
0.0
 10
30674.13843298622
 20
37744.08899312455
 30
0.0
 10
30670.5027124459
 20
37746.31473750813
 30
0.0
 10
30665.79660772137
 20
37748.43323570675
 30
0.0
 10
30659.17168414024
 20
37750.50806427228
 30
0.0
 10
30653.93616427053
 20
37751.11909021697
 30
0.0
 10
30650.44550576654
 20
37751.13327562608
 30
0.0
1001
REVIT
1002
{
1070
     1
1000
1976077
1002
}
1002
{
1070
     5
1000
1893368
1002
}
1002
{
1070
     3
1000
1893352
1002
}
  0
SPLINE
  5
443
330
439
100
AcDbEntity
  8
A-GENM
100
AcDbSpline
210
0.0
220
0.0
230
1.0
 70
     8
 71
     3
 72
    23
 73
    19
 74
     0
 42
0.000000001
 43
0.0000000001
 40
0.0
 40
0.0
 40
0.0
 40
0.0
 40
0.0833333333333333
 40
0.125
 40
0.1666666666666667
 40
0.2083333333333333
 40
0.2291666666666667
 40
0.25
 40
0.2916666666666666
 40
0.3333333333333333
 40
0.3541666666666666
 40
0.375
 40
0.3958333333333334
 40
0.4166666666666667
 40
0.4375
 40
0.4583333333333334
 40
0.4791666666666667
 40
0.5
 40
0.5
 40
0.5
 40
0.5
 10
30650.44550576654
 20
37751.13327562608
 30
0.0
 10
30646.95484726256
 20
37751.119090217
 30
0.0
 10
30641.71932736223
 20
37750.50805966763
 30
0.0
 10
30635.09440386276
 20
37748.43324338115
 30
0.0
 10
30630.38829889322
 20
37746.31470834543
 30
0.0
 10
30626.75257911854
 20
37744.08907907782
 30
0.0
 10
30624.05284362657
 20
37742.0441796672
 30
0.0
 10
30621.50374442238
 20
37739.87703375372
 30
0.0
 10
30618.620599852
 20
37736.85262003752
 30
0.0
 10
30616.19131679611
 20
37733.51845110177
 30
0.0
 10
30614.5449786421
 20
37730.71622044652
 30
0.0
 10
30613.46392980541
 20
37728.51484508
 30
0.0
 10
30612.54124893282
 20
37726.2549001942
 30
0.0
 10
30611.78087798374
 20
37723.97354406442
 30
0.0
 10
30611.1860754221
 20
37721.65044581009
 30
0.0
 10
30610.75938763032
 20
37719.26709674063
 30
0.0
 10
30610.50264192614
 20
37716.86344933305
 30
0.0
 10
30610.44550576678
 20
37715.27450218024
 30
0.0
 10
30610.44550576654
 20
37714.48002866538
 30
0.0
1001
REVIT
1002
{
1070
     1
1000
1976077
1002
}
1002
{
1070
     5
1000
1893368
1002
}
1002
{
1070
     3
1000
1893352
1002
}
  0
SPLINE
  5
444
330
439
100
AcDbEntity
  8
A-GENM
100
AcDbSpline
210
0.0
220
0.0
230
1.0
 70
     8
 71
     3
 72
    24
 73
    20
 74
     0
 42
0.000000001
 43
0.0000000001
 40
0.5
 40
0.5
 40
0.5
 40
0.5
 40
0.5208333333333334
 40
0.5416666666666667
 40
0.5625
 40
0.5833333333333334
 40
0.6041666666666667
 40
0.625
 40
0.6458333333333333
 40
0.6666666666666666
 40
0.6875
 40
0.7083333333333333
 40
0.75
 40
0.7708333333333334
 40
0.7916666666666667
 40
0.8333333333333334
 40
0.875
 40
0.9166666666666666
 40
1.0
 40
1.0
 40
1.0
 40
1.0
 10
30690.44550576654
 20
37778.34675303931
 30
0.0
 10
30690.44550576678
 20
37779.14685389482
 30
0.0
 10
30690.38836960836
 20
37780.74705561705
 30
0.0
 10
30690.13162389708
 20
37783.13442721003
 30
0.0
 10
30689.70493613225
 20
37785.5012802098
 30
0.0
 10
30689.11013346992
 20
37787.84006986477
 30
0.0
 10
30688.34976289668
 20
37790.13830883662
 30
0.0
 10
30687.42708062142
 20
37792.38350295654
 30
0.0
 10
30686.34603701959
 20
37794.56854267814
 30
0.0
 10
30685.11126386732
 20
37796.6864256502
 30
0.0
 10
30683.72803901863
 20
37798.72601383904
 30
0.0
 10
30681.69374914049
 20
37801.32585843984
 30
0.0
 10
30679.38727248034
 20
37803.7355227199
 30
0.0
 10
30676.8381669163
 20
37805.92490818346
 30
0.0
 10
30674.13843298621
 20
37807.95394015651
 30
0.0
 10
30670.5027124459
 20
37810.18009360265
 30
0.0
 10
30665.79660772136
 20
37812.30729235292
 30
0.0
 10
30659.17168414023
 20
37814.36730493306
 30
0.0
 10
30653.93616427053
 20
37815.00123633984
 30
0.0
 10
30650.44550576654
 20
37815.0
 30
0.0
1001
REVIT
1002
{
1070
     1
1000
1976077
1002
}
1002
{
1070
     5
1000
1893368
1002
}
1002
{
1070
     3
1000
1893352
1002
}
  0
SPLINE
  5
445
330
439
100
AcDbEntity
  8
A-GENM
100
AcDbSpline
210
0.0
220
0.0
230
1.0
 70
     8
 71
     3
 72
    23
 73
    19
 74
     0
 42
0.000000001
 43
0.0000000001
 40
0.0
 40
0.0
 40
0.0
 40
0.0
 40
0.0833333333333333
 40
0.125
 40
0.1666666666666667
 40
0.2083333333333333
 40
0.2291666666666667
 40
0.25
 40
0.2916666666666666
 40
0.3333333333333333
 40
0.3541666666666666
 40
0.375
 40
0.3958333333333334
 40
0.4166666666666667
 40
0.4375
 40
0.4583333333333334
 40
0.4791666666666667
 40
0.5
 40
0.5
 40
0.5
 40
0.5
 10
30650.44550576654
 20
37815.00000000001
 30
0.0
 10
30646.95484726255
 20
37815.00123633987
 30
0.0
 10
30641.71932736222
 20
37814.36730535236
 30
0.0
 10
30635.09440386276
 20
37812.30729165409
 30
0.0
 10
30630.38829889322
 20
37810.18009625816
 30
0.0
 10
30626.75257911854
 20
37807.95393232969
 30
0.0
 10
30624.05284362657
 20
37805.92492174062
 30
0.0
 10
30621.50374442237
 20
37803.73544920369
 30
0.0
 10
30618.62059985199
 20
37800.72403622957
 30
0.0
 10
30616.19131679611
 20
37797.3926867556
 30
0.0
 10
30614.5449786421
 20
37794.56848615298
 30
0.0
 10
30613.46392980541
 20
37792.38351810241
 30
0.0
 10
30612.54124893282
 20
37790.13830477829
 30
0.0
 10
30611.78087798373
 20
37787.84007095224
 30
0.0
 10
30611.1860754221
 20
37785.50127991831
 30
0.0
 10
30610.75938763032
 20
37783.13442728848
 30
0.0
 10
30610.50264192614
 20
37780.74705559464
 30
0.0
 10
30610.44550576678
 20
37779.14685389483
 30
0.0
 10
30610.44550576654
 20
37778.34675303931
 30
0.0
1001
REVIT
1002
{
1070
     1
1000
1976077
1002
}
1002
{
1070
     5
1000
1893368
1002
}
1002
{
1070
     3
1000
1893352
1002
}
  0
ENDBLK
  5
447
330
439
100
AcDbEntity
  8
0
100
AcDbBlockEnd
  0
BLOCK
  5
44E
330
449
100
AcDbEntity
  8
0
100
AcDbBlockBegin
  2
Downpipe - 450 Eave-1976745-SECTION D-D
 70
     0
 10
0.0
 20
0.0
 30
0.0
  3
Downpipe - 450 Eave-1976745-SECTION D-D
  1

  0
LINE
  5
44A
330
449
100
AcDbEntity
  8
A-GENM
100
AcDbLine
 10
30615.44550576655
 20
35890.00000000002
 30
0.0
 11
30615.44550576655
 21
35940.00000000002
 31
0.0
1001
REVIT
1002
{
1070
     1
1000
1976586
1002
}
1002
{
1070
     5
1000
1893368
1002
}
1002
{
1070
     3
1000
1893352
1002
}
  0
LINE
  5
44B
330
449
100
AcDbEntity
  8
A-GENM
100
AcDbLine
 10
30535.44550576655
 20
35940.00000000002
 30
0.0
 11
30535.44550576655
 21
35890.00000000002
 31
0.0
1001
REVIT
1002
{
1070
     1
1000
1976586
1002
}
1002
{
1070
     5
1000
1893368
1002
}
1002
{
1070
     3
1000
1893352
1002
}
  0
LINE
  5
44C
330
449
100
AcDbEntity
  8
A-GENM
100
AcDbLine
 10
30535.44550576654
 20
35940.0
 30
0.0
 11
30575.44550576654
 21
35940.0
 31
0.0
1001
REVIT
1002
{
1070
     1
1000
1976586
1002
}
1002
{
1070
     5
1000
1893368
1002
}
1002
{
1070
     3
1000
1893352
1002
}
  0
LINE
  5
44D
330
449
100
AcDbEntity
  8
A-GENM
100
AcDbLine
 10
30575.44550576654
 20
35940.0
 30
0.0
 11
30614.08253881811
 21
35940.0
 31
0.0
1001
REVIT
1002
{
1070
     1
1000
1976586
1002
}
1002
{
1070
     5
1000
1893368
1002
}
1002
{
1070
     3
1000
1893352
1002
}
  0
ENDBLK
  5
44F
330
449
100
AcDbEntity
  8
0
100
AcDbBlockEnd
  0
BLOCK
  5
45B
330
451
100
AcDbEntity
  8
0
100
AcDbBlockBegin
  2
Downpipe - 450 Eave-2002628-SECTION D-D
 70
     0
 10
0.0
 20
0.0
 30
0.0
  3
Downpipe - 450 Eave-2002628-SECTION D-D
  1

  0
LINE
  5
452
330
451
100
AcDbEntity
  8
A-GENM
100
AcDbLine
 10
39040.9752440274
 20
35740.00000000002
 30
0.0
 11
39040.9752440274
 21
36550.00000000002
 31
0.0
1001
REVIT
1002
{
1070
     1
1000
1977262
1002
}
1002
{
1070
     5
1000
1893368
1002
}
1002
{
1070
     3
1000
1893352
1002
}
  0
LINE
  5
453
330
451
100
AcDbEntity
  8
A-GENM
100
AcDbLine
 10
38960.9752440274
 20
36550.00000000002
 30
0.0
 11
38960.9752440274
 21
35740.00000000002
 31
0.0
1001
REVIT
1002
{
1070
     1
1000
1977262
1002
}
1002
{
1070
     5
1000
1893368
1002
}
1002
{
1070
     3
1000
1893352
1002
}
  0
LINE
  5
454
330
451
100
AcDbEntity
  8
A-GENM
100
AcDbLine
 10
39040.9752440274
 20
36550.00000000002
 30
0.0
 11
39040.9752440274
 21
36740.0
 31
0.0
1001
REVIT
1002
{
1070
     1
1000
1977262
1002
}
1002
{
1070
     5
1000
1893368
1002
}
1002
{
1070
     3
1000
1893352
1002
}
  0
LINE
  5
455
330
451
100
AcDbEntity
  8
A-GENM
100
AcDbLine
 10
38960.9752440274
 20
36588.99999999998
 30
0.0
 11
38960.9752440274
 21
36550.00000000002
 31
0.0
1001
REVIT
1002
{
1070
     1
1000
1977262
1002
}
1002
{
1070
     5
1000
1893368
1002
}
1002
{
1070
     3
1000
1893352
1002
}
  0
LINE
  5
456
330
451
100
AcDbEntity
  8
A-GENM
100
AcDbLine
 10
39000.9752440274
 20
35740.0
 30
0.0
 11
39040.9752440274
 21
35740.0
 31
0.0
1001
REVIT
1002
{
1070
     1
1000
1977262
1002
}
1002
{
1070
     5
1000
1893368
1002
}
1002
{
1070
     3
1000
1893352
1002
}
  0
LINE
  5
457
330
451
100
AcDbEntity
  8
A-GENM
100
AcDbLine
 10
38960.9752440274
 20
35740.0
 30
0.0
 11
39000.9752440274
 21
35740.0
 31
0.0
1001
REVIT
1002
{
1070
     1
1000
1977262
1002
}
1002
{
1070
     5
1000
1893368
1002
}
1002
{
1070
     3
1000
1893352
1002
}
  0
SPLINE
  5
458
330
451
100
AcDbEntity
  8
A-GENM
100
AcDbSpline
210
0.0
220
0.0
230
1.0
 70
     8
 71
     3
 72
    24
 73
    20
 74
     0
 42
0.000000001
 43
0.0000000001
 40
0.5
 40
0.5
 40
0.5
 40
0.5
 40
0.5208333333333334
 40
0.5416666666666667
 40
0.5625
 40
0.5833333333333334
 40
0.6041666666666667
 40
0.625
 40
0.6458333333333333
 40
0.6666666666666666
 40
0.6875
 40
0.7083333333333333
 40
0.75
 40
0.7708333333333334
 40
0.7916666666666667
 40
0.8333333333333334
 40
0.875
 40
0.9166666666666666
 40
1.0
 40
1.0
 40
1.0
 40
1.0
 10
39040.9752440274
 20
36550.0
 30
0.0
 10
39040.97524402763
 20
36550.86701570063
 30
0.0
 10
39040.91810786922
 20
36552.60104696753
 30
0.0
 10
39040.66136215794
 20
36555.22416902623
 30
0.0
 10
39040.23467439311
 20
36557.82513369293
 30
0.0
 10
39039.63987173077
 20
36560.36036709273
 30
0.0
 10
39038.87950115754
 20
36562.84996876076
 30
0.0
 10
39037.95681888228
 20
36565.31649598197
 30
0.0
 10
39036.87577528044
 20
36567.71801668234
 30
0.0
 10
39035.64100212818
 20
36570.0147959336
 30
0.0
 10
39034.25777727948
 20
36572.22279958336
 30
0.0
 10
39032.22348740135
 20
36575.08103037576
 30
0.0
 10
39029.91701074119
 20
36577.71508649009
 30
0.0
 10
39027.36790517716
 20
36580.0811547907
 30
0.0
 10
39024.66817124707
 20
36582.31251462214
 30
0.0
 10
39021.03245070676
 20
36584.74148838924
 30
0.0
 10
39016.32634598221
 20
36587.0534234828
 30
0.0
 10
39009.70142240109
 20
36589.31770153464
 30
0.0
 10
39004.46590253138
 20
36589.98451934247
 30
0.0
 10
39000.9752440274
 20
36590.00000000001
 30
0.0
1001
REVIT
1002
{
1070
     1
1000
1977262
1002
}
1002
{
1070
     5
1000
1893368
1002
}
1002
{
1070
     3
1000
1893352
1002
}
  0
SPLINE
  5
459
330
451
100
AcDbEntity
  8
A-GENM
100
AcDbSpline
210
0.0
220
0.0
230
1.0
 70
     8
 71
     3
 72
    23
 73
    19
 74
     0
 42
0.000000001
 43
0.0000000001
 40
0.0
 40
0.0
 40
0.0
 40
0.0
 40
0.0833333333333333
 40
0.125
 40
0.1666666666666667
 40
0.2083333333333333
 40
0.2291666666666667
 40
0.25
 40
0.2916666666666666
 40
0.3333333333333333
 40
0.3541666666666666
 40
0.375
 40
0.3958333333333334
 40
0.4166666666666667
 40
0.4375
 40
0.4583333333333334
 40
0.4791666666666667
 40
0.5
 40
0.5
 40
0.5
 40
0.5
 10
39000.9752440274
 20
36590.0
 30
0.0
 10
38997.48458552341
 20
36589.98451934248
 30
0.0
 10
38992.24906562308
 20
36589.31769650955
 30
0.0
 10
38985.62414212361
 20
36587.05343185795
 30
0.0
 10
38980.91803715407
 20
36584.74145656367
 30
0.0
 10
38977.28231737939
 20
36582.31260842369
 30
0.0
 10
38974.58258188742
 20
36580.08099231304
 30
0.0
 10
38972.03348268323
 20
36577.7159675546
 30
0.0
 10
38969.15033811284
 20
36574.41539915533
 30
0.0
 10
38966.72105505696
 20
36570.77679225177
 30
0.0
 10
38965.07471690295
 20
36567.71869411574
 30
0.0
 10
38963.99366806626
 20
36565.31631446423
 30
0.0
 10
38963.07098719367
 20
36562.85001739838
 30
0.0
 10
38962.31061624459
 20
36560.36035406
 30
0.0
 10
38961.71581368296
 20
36557.82513718623
 30
0.0
 10
38961.28912589118
 20
36555.22416808571
 30
0.0
 10
38961.032380187
 20
36552.60104723626
 30
0.0
 10
38960.97524402764
 20
36550.86701570064
 30
0.0
 10
38960.9752440274
 20
36550.0
 30
0.0
1001
REVIT
1002
{
1070
     1
1000
1977262
1002
}
1002
{
1070
     5
1000
1893368
1002
}
1002
{
1070
     3
1000
1893352
1002
}
  0
LINE
  5
45A
330
451
100
AcDbEntity
  8
A-GENM
100
AcDbLine
 10
39040.97524402738
 20
36739.99999999999
 30
0.0
 11
39005.48735726144
 21
36739.99999999999
 31
0.0
1001
REVIT
1002
{
1070
     1
1000
1977262
1002
}
1002
{
1070
     5
1000
1893368
1002
}
1002
{
1070
     3
1000
1893352
1002
}
  0
ENDBLK
  5
45C
330
451
100
AcDbEntity
  8
0
100
AcDbBlockEnd
  0
BLOCK
  5
469
330
462
100
AcDbEntity
  8
0
100
AcDbBlockBegin
  2
3 PANEL 2 transom - FFF0946-1778814-SECTION D-D
 70
     0
 10
0.0
 20
0.0
 30
0.0
  3
3 PANEL 2 transom - FFF0946-1778814-SECTION D-D
  1

  0
LINE
  5
463
330
462
100
AcDbEntity
  8
A-GLAZ
100
AcDbLine
 10
34295.44550639289
 20
36740.0
 30
0.0
 11
35605.44550579828
 21
36740.0
 31
0.0
1001
REVIT
1002
{
1070
     1
1000
1982739
1002
}
1002
{
1070
     5
1000
1778809
1002
}
  0
LINE
  5
464
330
462
100
AcDbEntity
  8
A-GLAZ
100
AcDbLine
 10
35605.44550579828
 20
36740.0
 30
0.0
 11
35605.44550579828
 21
37640.0
 31
0.0
1001
REVIT
1002
{
1070
     1
1000
1982739
1002
}
1002
{
1070
     5
1000
1778809
1002
}
  0
LINE
  5
465
330
462
100
AcDbEntity
  8
A-GLAZ
100
AcDbLine
 10
35605.44550579828
 20
37640.0
 30
0.0
 11
34295.44550639289
 21
37640.0
 31
0.0
1001
REVIT
1002
{
1070
     1
1000
1982739
1002
}
1002
{
1070
     5
1000
1778809
1002
}
  0
LINE
  5
466
330
462
100
AcDbEntity
  8
A-GLAZ
100
AcDbLine
 10
34295.44550639289
 20
37590.00000000001
 30
0.0
 11
35555.44550579829
 21
37590.00000000001
 31
0.0
1001
REVIT
1002
{
1070
     1
1000
1982739
1002
}
1002
{
1070
     5
1000
1778809
1002
}
  0
LINE
  5
467
330
462
100
AcDbEntity
  8
A-GLAZ
100
AcDbLine
 10
35555.44550579829
 20
37590.00000000001
 30
0.0
 11
35555.44550579829
 21
36790.00000000001
 31
0.0
1001
REVIT
1002
{
1070
     1
1000
1982739
1002
}
1002
{
1070
     5
1000
1778809
1002
}
  0
LINE
  5
468
330
462
100
AcDbEntity
  8
A-GLAZ
100
AcDbLine
 10
35555.44550579829
 20
36790.00000000001
 30
0.0
 11
34295.44550639289
 21
36790.00000000001
 31
0.0
1001
REVIT
1002
{
1070
     1
1000
1982739
1002
}
1002
{
1070
     5
1000
1778809
1002
}
  0
ENDBLK
  5
46A
330
462
100
AcDbEntity
  8
0
100
AcDbBlockEnd
  0
BLOCK
  5
4CF
330
46C
100
AcDbEntity
  8
0
100
AcDbBlockBegin
  2
Toilet _ Wall  Hosted 3-D_ - Type 1-1428107-SECTION D-D
 70
     0
 10
0.0
 20
0.0
 30
0.0
  3
Toilet _ Wall  Hosted 3-D_ - Type 1-1428107-SECTION D-D
  1

  0
LINE
  5
46D
330
46C
100
AcDbEntity
  8
P-SANR-FIXT
100
AcDbLine
 10
32538.9455063929
 20
36370.00000000002
 30
0.0
 11
32538.9455063929
 21
36371.00000000002
 31
0.0
1001
REVIT
1002
{
1070
     1
1000
2005245
1002
}
1002
{
1070
     5
1000
1194946
1002
}
1002
{
1070
     3
1000
1193514
1002
}
  0
LINE
  5
46E
330
46C
100
AcDbEntity
  8
P-SANR-FIXT
100
AcDbLine
 10
32411.9455063929
 20
36371.00000000002
 30
0.0
 11
32411.9455063929
 21
36370.00000000002
 31
0.0
1001
REVIT
1002
{
1070
     1
1000
2005245
1002
}
1002
{
1070
     5
1000
1194946
1002
}
1002
{
1070
     3
1000
1193514
1002
}
  0
LINE
  5
46F
330
46C
100
AcDbEntity
  8
P-SANR-FIXT
100
AcDbLine
 10
32533.9455063929
 20
36371.00000000002
 30
0.0
 11
32533.9455063929
 21
36372.00000000002
 31
0.0
1001
REVIT
1002
{
1070
     1
1000
2005245
1002
}
1002
{
1070
     5
1000
1194946
1002
}
1002
{
1070
     3
1000
1193514
1002
}
  0
LINE
  5
470
330
46C
100
AcDbEntity
  8
P-SANR-FIXT
100
AcDbLine
 10
32478.44550639289
 20
36372.00000000002
 30
0.0
 11
32478.44550639289
 21
36371.00000000002
 31
0.0
1001
REVIT
1002
{
1070
     1
1000
2005245
1002
}
1002
{
1070
     5
1000
1194946
1002
}
1002
{
1070
     3
1000
1193514
1002
}
  0
LINE
  5
471
330
46C
100
AcDbEntity
  8
P-SANR-FIXT
100
AcDbLine
 10
32416.9455063929
 20
36372.00000000002
 30
0.0
 11
32416.9455063929
 21
36371.00000000002
 31
0.0
1001
REVIT
1002
{
1070
     1
1000
2005245
1002
}
1002
{
1070
     5
1000
1194946
1002
}
1002
{
1070
     3
1000
1193514
1002
}
  0
LINE
  5
472
330
46C
100
AcDbEntity
  8
P-SANR-FIXT
100
AcDbLine
 10
32472.4455063929
 20
36371.00000000002
 30
0.0
 11
32472.4455063929
 21
36372.00000000002
 31
0.0
1001
REVIT
1002
{
1070
     1
1000
2005245
1002
}
1002
{
1070
     5
1000
1194946
1002
}
1002
{
1070
     3
1000
1193514
1002
}
  0
LWPOLYLINE
  5
473
330
46C
100
AcDbEntity
  8
P-SANR-FIXT
100
AcDbPolyline
 90
        5
 70
   128
 43
0.0
 10
32611.68295167449
 20
35970.00000000002
 10
32615.95901620382
 20
35970.00000000002
 10
32618.63847201566
 20
35970.00000000002
 10
32619.71703255228
 20
35970.00000000002
 10
32619.74102372087
 20
35970.00000000002
1001
REVIT
1002
{
1070
     1
1000
2005245
1002
}
1002
{
1070
     5
1000
1194946
1002
}
1002
{
1070
     3
1000
1193514
1002
}
  0
LWPOLYLINE
  5
474
330
46C
100
AcDbEntity
  8
P-SANR-FIXT
100
AcDbPolyline
 90
        5
 70
   128
 43
0.0
 10
32622.9455063929
 20
36370.00000000002
 10
32622.14161358718
 20
36370.00000000002
 10
32619.73122122703
 20
36370.00000000002
 10
32615.71818542603
 20
36370.00000000002
 10
32614.86165867493
 20
36370.00000000002
1001
REVIT
1002
{
1070
     1
1000
2005245
1002
}
1002
{
1070
     5
1000
1194946
1002
}
1002
{
1070
     3
1000
1193514
1002
}
  0
LINE
  5
475
330
46C
100
AcDbEntity
  8
P-SANR-FIXT
100
AcDbLine
 10
32657.9455063929
 20
36321.00000000002
 30
0.0
 11
32657.9455063929
 21
36335.00000000002
 31
0.0
1001
REVIT
1002
{
1070
     1
1000
2005245
1002
}
1002
{
1070
     5
1000
1194946
1002
}
1002
{
1070
     3
1000
1193514
1002
}
  0
LINE
  5
476
330
46C
100
AcDbEntity
  8
P-SANR-FIXT
100
AcDbLine
 10
32655.94550639289
 20
36320.00000000002
 30
0.0
 11
32655.94550639289
 21
36321.00000000002
 31
0.0
1001
REVIT
1002
{
1070
     1
1000
2005245
1002
}
1002
{
1070
     5
1000
1194946
1002
}
1002
{
1070
     3
1000
1193514
1002
}
  0
LWPOLYLINE
  5
477
330
46C
100
AcDbEntity
  8
P-SANR-FIXT
100
AcDbPolyline
 90
        5
 70
   128
 43
0.0
 10
32655.9455063929
 20
36320.00000000002
 10
32655.11521710699
 20
36320.00000000002
 10
32652.62567753501
 20
36320.00000000002
 10
32648.48087040921
 20
36320.00000000002
 10
32647.59621889912
 20
36320.00000000002
1001
REVIT
1002
{
1070
     1
1000
2005245
1002
}
1002
{
1070
     5
1000
1194946
1002
}
1002
{
1070
     3
1000
1193514
1002
}
  0
LINE
  5
478
330
46C
100
AcDbEntity
  8
P-SANR-FIXT
100
AcDbLine
 10
32657.9455063929
 20
36270.00000000001
 30
0.0
 11
32657.9455063929
 21
36318.00000000002
 31
0.0
1001
REVIT
1002
{
1070
     1
1000
2005245
1002
}
1002
{
1070
     5
1000
1194946
1002
}
1002
{
1070
     3
1000
1193514
1002
}
  0
LWPOLYLINE
  5
479
330
46C
100
AcDbEntity
  8
P-SANR-FIXT
100
AcDbPolyline
 90
       36
 70
   128
 43
0.0
 10
32609.01655151327
 20
35970.00000000002
 10
32609.12817574271
 20
35970.00000000002
 10
32609.23945081025
 20
35970.00000000002
 10
32609.35019869951
 20
35970.00000000002
 10
32609.46024223749
 20
35970.00000000002
 10
32609.56940537801
 20
35970.00000000002
 10
32609.67751348334
 20
35970.00000000002
 10
32609.78439360356
 20
35970.00000000002
 10
32609.88987475328
 20
35970.00000000002
 10
32609.99378818517
 20
35970.00000000002
 10
32610.0959676599
 20
35970.00000000002
 10
32610.1962497121
 20
35970.00000000002
 10
32610.29447391189
 20
35970.00000000002
 10
32610.39048312151
 20
35970.00000000002
 10
32610.48412374669
 20
35970.00000000002
 10
32610.57524598241
 20
35970.00000000002
 10
32610.66370405252
 20
35970.00000000002
 10
32610.74935644301
 20
35970.00000000002
 10
32610.83206612829
 20
35970.00000000002
 10
32610.91170079054
 20
35970.00000000002
 10
32610.98813303127
 20
35970.00000000002
 10
32611.0612405752
 20
35970.00000000002
 10
32611.13090646585
 20
35970.00000000002
 10
32611.19701925267
 20
35970.00000000002
 10
32611.25947316929
 20
35970.00000000002
 10
32611.31816830278
 20
35970.00000000002
 10
32611.37301075345
 20
35970.00000000002
 10
32611.42391278506
 20
35970.00000000002
 10
32611.47079296523
 20
35970.00000000002
 10
32611.51357629567
 20
35970.00000000002
 10
32611.55219433217
 20
35970.00000000002
 10
32611.58658529413
 20
35970.00000000002
 10
32611.61669416333
 20
35970.00000000002
 10
32611.642472772
 20
35970.00000000002
 10
32611.66387987988
 20
35970.00000000002
 10
32611.68088124015
 20
35970.00000000002
1001
REVIT
1002
{
1070
     1
1000
2005245
1002
}
1002
{
1070
     5
1000
1194946
1002
}
1002
{
1070
     3
1000
1193514
1002
}
  0
LWPOLYLINE
  5
47A
330
46C
100
AcDbEntity
  8
P-SANR-FIXT
100
AcDbPolyline
 90
       37
 70
   128
 43
0.0
 10
32614.86165867493
 20
36370.00000000002
 10
32614.82652676016
 20
36370.00000000002
 10
32614.78192953743
 20
36370.00000000002
 10
32614.7279383528
 20
36370.00000000002
 10
32614.66463958064
 20
36370.00000000002
 10
32614.59213448549
 20
36370.00000000002
 10
32614.51053906002
 20
36370.00000000002
 10
32614.41998383951
 20
36370.00000000002
 10
32614.320613693
 20
36370.00000000002
 10
32614.21258759153
 20
36370.00000000002
 10
32614.0960783538
 20
36370.00000000002
 10
32613.97127236976
 20
36370.00000000002
 10
32613.83836930234
 20
36370.00000000002
 10
32613.69758176812
 20
36370.00000000002
 10
32613.5491349971
 20
36370.00000000002
 10
32613.39326647245
 20
36370.00000000002
 10
32613.23022555057
 20
36370.00000000002
 10
32613.06027306215
 20
36370.00000000002
 10
32612.88368089492
 20
36370.00000000002
 10
32612.70073155866
 20
36370.00000000002
 10
32612.5117177333
 20
36370.00000000002
 10
32612.31694180063
 20
36370.00000000002
 10
32612.1167153606
 20
36370.00000000002
 10
32611.91135873279
 20
36370.00000000002
 10
32611.70120044401
 20
36370.00000000002
 10
32611.48657670268
 20
36370.00000000002
 10
32611.26783086101
 20
36370.00000000002
 10
32611.04531286568
 20
36370.00000000002
 10
32610.81937869801
 20
36370.00000000002
 10
32610.59038980449
 20
36370.00000000002
 10
32610.35871251847
 20
36370.00000000002
 10
32610.12471747422
 20
36370.00000000002
 10
32609.88877901386
 20
36370.00000000002
 10
32609.65127458863
 20
36370.00000000002
 10
32609.41258415492
 20
36370.00000000002
 10
32609.17308956652
 20
36370.00000000002
 10
32609.13878197974
 20
36370.00000000002
1001
REVIT
1002
{
1070
     1
1000
2005245
1002
}
1002
{
1070
     5
1000
1194946
1002
}
1002
{
1070
     3
1000
1193514
1002
}
  0
LWPOLYLINE
  5
47B
330
46C
100
AcDbEntity
  8
P-SANR-FIXT
100
AcDbPolyline
 90
       37
 70
   128
 43
0.0
 10
32647.59621889912
 20
36320.00000000002
 10
32647.3678614531
 20
36320.00000000002
 10
32647.07797950539
 20
36320.00000000002
 10
32646.72703680529
 20
36320.00000000002
 10
32646.31559478624
 20
36320.00000000002
 10
32645.84431166772
 20
36320.00000000002
 10
32645.31394140216
 20
36320.00000000002
 10
32644.72533246886
 20
36320.00000000002
 10
32644.07942651655
 20
36320.00000000002
 10
32643.37725685696
 20
36320.00000000002
 10
32642.61994681177
 20
36320.00000000002
 10
32641.80870791549
 20
36320.00000000002
 10
32640.9448379773
 20
36320.00000000002
 10
32640.02971900482
 20
36320.00000000002
 10
32639.0648149932
 20
36320.00000000002
 10
32638.05166958301
 20
36320.00000000002
 10
32636.99190359079
 20
36320.00000000002
 10
32635.88721241605
 20
36320.00000000002
 10
32634.73936332901
 20
36320.00000000002
 10
32633.55019264337
 20
36320.00000000002
 10
32632.32160277852
 20
36320.00000000002
 10
32631.05555921618
 20
36320.00000000002
 10
32629.75408735597
 20
36320.00000000002
 10
32628.41926927523
 20
36320.00000000002
 10
32627.05324039815
 20
36320.00000000002
 10
32625.65818607953
 20
36320.00000000002
 10
32624.23633810866
 20
36320.00000000002
 10
32622.78997113902
 20
36320.00000000002
 10
32621.32139904919
 20
36320.00000000002
 10
32619.83297124125
 20
36320.00000000002
 10
32618.32706888218
 20
36320.00000000002
 10
32616.8061010945
 20
36320.00000000002
 10
32615.27250110222
 20
36320.00000000002
 10
32613.72872233818
 20
36320.00000000002
 10
32612.17723451909
 20
36320.00000000002
 10
32610.62051969446
 20
36320.00000000002
 10
32610.39752038042
 20
36320.00000000002
1001
REVIT
1002
{
1070
     1
1000
2005245
1002
}
1002
{
1070
     5
1000
1194946
1002
}
1002
{
1070
     3
1000
1193514
1002
}
  0
LWPOLYLINE
  5
47C
330
46C
100
AcDbEntity
  8
P-SANR-FIXT
100
AcDbPolyline
 90
        3
 70
   128
 43
0.0
 10
32341.87446127253
 20
35970.00000000002
 10
32481.91386756935
 20
35970.00000000002
 10
32609.01655151327
 20
35970.00000000002
1001
REVIT
1002
{
1070
     1
1000
2005245
1002
}
1002
{
1070
     5
1000
1194946
1002
}
1002
{
1070
     3
1000
1193514
1002
}
  0
LWPOLYLINE
  5
47D
330
46C
100
AcDbEntity
  8
P-SANR-FIXT
100
AcDbPolyline
 90
        3
 70
   128
 43
0.0
 10
32609.13878197974
 20
36370.00000000002
 10
32468.97122603835
 20
36370.00000000002
 10
32341.75223080605
 20
36370.00000000002
1001
REVIT
1002
{
1070
     1
1000
2005245
1002
}
1002
{
1070
     5
1000
1194946
1002
}
1002
{
1070
     3
1000
1193514
1002
}
  0
LWPOLYLINE
  5
47E
330
46C
100
AcDbEntity
  8
P-SANR-FIXT
100
AcDbPolyline
 90
        3
 70
   128
 43
0.0
 10
32610.39752038042
 20
36320.00000000002
 10
32468.91026990377
 20
36320.00000000002
 10
32340.49349240539
 20
36320.00000000002
1001
REVIT
1002
{
1070
     1
1000
2005245
1002
}
1002
{
1070
     5
1000
1194946
1002
}
1002
{
1070
     3
1000
1193514
1002
}
  0
LWPOLYLINE
  5
47F
330
46C
100
AcDbEntity
  8
P-SANR-FIXT
100
AcDbPolyline
 90
       37
 70
   128
 43
0.0
 10
32339.20806111131
 20
35970.00000000002
 10
32339.2244297574
 20
35970.00000000002
 10
32339.24520847555
 20
35970.00000000002
 10
32339.27036402425
 20
35970.00000000002
 10
32339.29985615998
 20
35970.00000000002
 10
32339.33363770163
 20
35970.00000000002
 10
32339.37165460592
 20
35970.00000000002
 10
32339.41384605394
 20
35970.00000000002
 10
32339.46014454835
 20
35970.00000000002
 10
32339.51047602144
 20
35970.00000000002
 10
32339.56475995359
 20
35970.00000000002
 10
32339.6229095021
 20
35970.00000000002
 10
32339.68483164008
 20
35970.00000000002
 10
32339.75042730533
 20
35970.00000000002
 10
32339.81959155877
 20
35970.00000000002
 10
32339.89221375237
 20
35970.00000000002
 10
32339.96817770608
 20
35970.00000000002
 10
32340.0473618938
 20
35970.00000000002
 10
32340.12963963771
 20
35970.00000000002
 10
32340.21487931099
 20
35970.00000000002
 10
32340.30294454833
 20
35970.00000000002
 10
32340.39369446413
 20
35970.00000000002
 10
32340.4869838779
 20
35970.00000000002
 10
32340.58266354648
 20
35970.00000000002
 10
32340.6805804028
 20
35970.00000000002
 10
32340.78057780077
 20
35970.00000000002
 10
32340.88249576591
 20
35970.00000000002
 10
32340.9861712512
 20
35970.00000000002
 10
32341.09143839799
 20
35970.00000000002
 10
32341.19812880128
 20
35970.00000000002
 10
32341.3060717792
 20
35970.00000000002
 10
32341.41509464602
 20
35970.00000000002
 10
32341.52502298839
 20
35970.00000000002
 10
32341.63568094443
 20
35970.00000000002
 10
32341.74689148501
 20
35970.00000000002
 10
32341.85847669698
 20
35970.00000000002
 10
32341.87446127253
 20
35970.00000000002
1001
REVIT
1002
{
1070
     1
1000
2005245
1002
}
1002
{
1070
     5
1000
1194946
1002
}
1002
{
1070
     3
1000
1193514
1002
}
  0
LWPOLYLINE
  5
480
330
46C
100
AcDbEntity
  8
P-SANR-FIXT
100
AcDbPolyline
 90
       37
 70
   128
 43
0.0
 10
32341.75223080605
 20
36370.00000000002
 10
32341.51265247472
 20
36370.00000000002
 10
32341.27382354723
 20
36370.00000000002
 10
32341.03612609893
 20
36370.00000000002
 10
32340.79994039502
 20
36370.00000000002
 10
32340.56564428224
 20
36370.00000000002
 10
32340.3336125844
 20
36370.00000000002
 10
32340.10421650272
 20
36370.00000000002
 10
32339.87782302197
 20
36370.00000000002
 10
32339.65479432347
 20
36370.00000000002
 10
32339.43548720552
 20
36370.00000000002
 10
32339.22025251275
 20
36370.00000000002
 10
32339.00943457474
 20
36370.00000000002
 10
32338.80337065523
 20
36370.00000000002
 10
32338.60239041252
 20
36370.00000000002
 10
32338.40681537213
 20
36370.00000000002
 10
32338.21695841242
 20
36370.00000000002
 10
32338.033123264
 20
36370.00000000002
 10
32337.8556040239
 20
36370.00000000002
 10
32337.68468468504
 20
36370.00000000002
 10
32337.52063868191
 20
36370.00000000002
 10
32337.3637284531
 20
36370.00000000002
 10
32337.21420502152
 20
36370.00000000002
 10
32337.07230759275
 20
36370.00000000002
 10
32336.93826317242
 20
36370.00000000002
 10
32336.81228620299
 20
36370.00000000002
 10
32336.69457822076
 20
36370.00000000002
 10
32336.58532753338
 20
36370.00000000002
 10
32336.48470891865
 20
36370.00000000002
 10
32336.39288334487
 20
36370.00000000002
 10
32336.30999771339
 20
36370.00000000002
 10
32336.23618462354
 20
36370.00000000002
 10
32336.1715621605
 20
36370.00000000002
 10
32336.11623370645
 20
36370.00000000002
 10
32336.07028777508
 20
36370.00000000002
 10
32336.03379787012
 20
36370.00000000002
 10
32336.02935411086
 20
36370.00000000002
1001
REVIT
1002
{
1070
     1
1000
2005245
1002
}
1002
{
1070
     5
1000
1194946
1002
}
1002
{
1070
     3
1000
1193514
1002
}
  0
LWPOLYLINE
  5
481
330
46C
100
AcDbEntity
  8
P-SANR-FIXT
100
AcDbPolyline
 90
       37
 70
   128
 43
0.0
 10
32340.49349240539
 20
36320.00000000002
 10
32338.93623325173
 20
36320.00000000002
 10
32337.38384522306
 20
36320.00000000002
 10
32335.83881180907
 20
36320.00000000002
 10
32334.30360473365
 20
36320.00000000002
 10
32332.7806800006
 20
36320.00000000002
 10
32331.27247396464
 20
36320.00000000002
 10
32329.78139943369
 20
36320.00000000002
 10
32328.30984180891
 20
36320.00000000002
 10
32326.86015526859
 20
36320.00000000002
 10
32325.43465900194
 20
36320.00000000002
 10
32324.03563349891
 20
36320.00000000002
 10
32322.66531690186
 20
36320.00000000002
 10
32321.32590142502
 20
36320.00000000002
 10
32320.01952984742
 20
36320.00000000002
 10
32318.74829208492
 20
36320.00000000002
 10
32317.51422184675
 20
36320.00000000002
 10
32316.31929338205
 20
36320.00000000002
 10
32315.16541832143
 20
36320.00000000002
 10
32314.05444261886
 20
36320.00000000002
 10
32312.98814359847
 20
36320.00000000002
 10
32311.96822711122
 20
36320.00000000002
 10
32310.99632480593
 20
36320.00000000002
 10
32310.07399151894
 20
36320.00000000002
 10
32309.20270278678
 20
36320.00000000002
 10
32308.38385248554
 20
36320.00000000002
 10
32307.61875060103
 20
36320.00000000002
 10
32306.90862113305
 20
36320.00000000002
 10
32306.25460013726
 20
36320.00000000002
 10
32305.65773390774
 20
36320.00000000002
 10
32305.11897730313
 20
36320.00000000002
 10
32304.63919221907
 20
36320.00000000002
 10
32304.21914620935
 20
36320.00000000002
 10
32303.85951125797
 20
36320.00000000002
 10
32303.56086270414
 20
36320.00000000002
 10
32303.32367832184
 20
36320.00000000002
 10
32303.29479388668
 20
36320.00000000002
1001
REVIT
1002
{
1070
     1
1000
2005245
1002
}
1002
{
1070
     5
1000
1194946
1002
}
1002
{
1070
     3
1000
1193514
1002
}
  0
LWPOLYLINE
  5
482
330
46C
100
AcDbEntity
  8
P-SANR-FIXT
100
AcDbPolyline
 90
        5
 70
   128
 43
0.0
 10
32331.14998906492
 20
35970.00000000002
 10
32331.95131862629
 20
35970.00000000002
 10
32334.35402535406
 20
35970.00000000002
 10
32338.35426542999
 20
35970.00000000002
 10
32339.20806111131
 20
35970.00000000002
1001
REVIT
1002
{
1070
     1
1000
2005245
1002
}
1002
{
1070
     5
1000
1194946
1002
}
1002
{
1070
     3
1000
1193514
1002
}
  0
LWPOLYLINE
  5
483
330
46C
100
AcDbEntity
  8
P-SANR-FIXT
100
AcDbPolyline
 90
        5
 70
   128
 43
0.0
 10
32336.02935411086
 20
36370.00000000002
 10
32331.73961156595
 20
36370.00000000002
 10
32329.05158487355
 20
36370.00000000002
 10
32327.96957430298
 20
36370.00000000002
 10
32327.94550639289
 20
36370.00000000002
1001
REVIT
1002
{
1070
     1
1000
2005245
1002
}
1002
{
1070
     5
1000
1194946
1002
}
1002
{
1070
     3
1000
1193514
1002
}
  0
LINE
  5
484
330
46C
100
AcDbEntity
  8
P-SANR-FIXT
100
AcDbLine
 10
32292.9455063929
 20
36335.00000000002
 30
0.0
 11
32292.9455063929
 21
36321.00000000002
 31
0.0
1001
REVIT
1002
{
1070
     1
1000
2005245
1002
}
1002
{
1070
     5
1000
1194946
1002
}
1002
{
1070
     3
1000
1193514
1002
}
  0
LINE
  5
485
330
46C
100
AcDbEntity
  8
P-SANR-FIXT
100
AcDbLine
 10
32294.94550639291
 20
36321.00000000002
 30
0.0
 11
32294.94550639291
 21
36320.00000000002
 31
0.0
1001
REVIT
1002
{
1070
     1
1000
2005245
1002
}
1002
{
1070
     5
1000
1194946
1002
}
1002
{
1070
     3
1000
1193514
1002
}
  0
LWPOLYLINE
  5
486
330
46C
100
AcDbEntity
  8
P-SANR-FIXT
100
AcDbPolyline
 90
        5
 70
   128
 43
0.0
 10
32303.29479388668
 20
36320.00000000002
 10
32298.86419412387
 20
36320.00000000002
 10
32296.08790386844
 20
36320.00000000002
 10
32294.97036459256
 20
36320.00000000002
 10
32294.9455063929
 20
36320.00000000002
1001
REVIT
1002
{
1070
     1
1000
2005245
1002
}
1002
{
1070
     5
1000
1194946
1002
}
1002
{
1070
     3
1000
1193514
1002
}
  0
LINE
  5
487
330
46C
100
AcDbEntity
  8
P-SANR-FIXT
100
AcDbLine
 10
32292.94550639289
 20
36318.00000000002
 30
0.0
 11
32292.94550639289
 21
36270.00000000001
 31
0.0
1001
REVIT
1002
{
1070
     1
1000
2005245
1002
}
1002
{
1070
     5
1000
1194946
1002
}
1002
{
1070
     3
1000
1193514
1002
}
  0
LINE
  5
488
330
46C
100
AcDbEntity
  8
P-SANR-FIXT
100
AcDbLine
 10
32622.94550639289
 20
36370.00000000001
 30
0.0
 11
32620.92250838333
 21
36370.00000000001
 31
0.0
1001
REVIT
1002
{
1070
     1
1000
2005245
1002
}
1002
{
1070
     5
1000
1194946
1002
}
1002
{
1070
     3
1000
1193514
1002
}
  0
LINE
  5
489
330
46C
100
AcDbEntity
  8
P-SANR-FIXT
100
AcDbLine
 10
32614.86165867492
 20
36370.00000000001
 30
0.0
 11
32609.13878197973
 21
36370.00000000001
 31
0.0
1001
REVIT
1002
{
1070
     1
1000
2005245
1002
}
1002
{
1070
     5
1000
1194946
1002
}
1002
{
1070
     3
1000
1193514
1002
}
  0
LINE
  5
48A
330
46C
100
AcDbEntity
  8
P-SANR-FIXT
100
AcDbLine
 10
32341.75223080605
 20
36370.00000000001
 30
0.0
 11
32336.02935411085
 21
36370.00000000001
 31
0.0
1001
REVIT
1002
{
1070
     1
1000
2005245
1002
}
1002
{
1070
     5
1000
1194946
1002
}
1002
{
1070
     3
1000
1193514
1002
}
  0
LINE
  5
48B
330
46C
100
AcDbEntity
  8
P-SANR-FIXT
100
AcDbLine
 10
32329.96850440245
 20
36370.00000000001
 30
0.0
 11
32327.94550639289
 21
36370.00000000001
 31
0.0
1001
REVIT
1002
{
1070
     1
1000
2005245
1002
}
1002
{
1070
     5
1000
1194946
1002
}
1002
{
1070
     3
1000
1193514
1002
}
  0
ARC
  5
48C
330
46C
100
AcDbEntity
  8
P-SANR-FIXT
100
AcDbCircle
 10
32622.94550639289
 20
36335.00000000001
 30
0.0
 40
35.0
100
AcDbArc
 50
0.0
 51
90.0
1001
REVIT
1002
{
1070
     1
1000
2005245
1002
}
1002
{
1070
     5
1000
1194946
1002
}
1002
{
1070
     3
1000
1193514
1002
}
  0
LINE
  5
48D
330
46C
100
AcDbEntity
  8
P-SANR-FIXT
100
AcDbLine
 10
32657.94550639289
 20
36335.00000000001
 30
0.0
 11
32657.94550639289
 21
36321.0
 31
0.0
1001
REVIT
1002
{
1070
     1
1000
2005245
1002
}
1002
{
1070
     5
1000
1194946
1002
}
1002
{
1070
     3
1000
1193514
1002
}
  0
LINE
  5
48E
330
46C
100
AcDbEntity
  8
P-SANR-FIXT
100
AcDbLine
 10
32655.94550639288
 20
36321.0
 30
0.0
 11
32655.94550639288
 21
36320.0
 31
0.0
1001
REVIT
1002
{
1070
     1
1000
2005245
1002
}
1002
{
1070
     5
1000
1194946
1002
}
1002
{
1070
     3
1000
1193514
1002
}
  0
ARC
  5
48F
330
46C
100
AcDbEntity
  8
P-SANR-FIXT
100
AcDbCircle
 10
32655.94550639289
 20
36318.00000000001
 30
0.0
 40
2.0
100
AcDbArc
 50
0.0
 51
90.0
1001
REVIT
1002
{
1070
     1
1000
2005245
1002
}
1002
{
1070
     5
1000
1194946
1002
}
1002
{
1070
     3
1000
1193514
1002
}
  0
LINE
  5
490
330
46C
100
AcDbEntity
  8
P-SANR-FIXT
100
AcDbLine
 10
32657.94550639289
 20
36318.00000000001
 30
0.0
 11
32657.94550639289
 21
36270.0
 31
0.0
1001
REVIT
1002
{
1070
     1
1000
2005245
1002
}
1002
{
1070
     5
1000
1194946
1002
}
1002
{
1070
     3
1000
1193514
1002
}
  0
ARC
  5
491
330
46C
100
AcDbEntity
  8
P-SANR-FIXT
100
AcDbCircle
 10
31142.94550639288
 20
36270.00000000001
 30
0.0
 40
1515.000000000009
100
AcDbArc
 50
348.8901285498775
 51
0.0000000000001336
1001
REVIT
1002
{
1070
     1
1000
2005245
1002
}
1002
{
1070
     5
1000
1194946
1002
}
1002
{
1070
     3
1000
1193514
1002
}
  0
ARC
  5
492
330
46C
100
AcDbEntity
  8
P-SANR-FIXT
100
AcDbCircle
 10
32619.74102372086
 20
35980.0
 30
0.0
 40
9.999999999999988
100
AcDbArc
 50
269.9999999999997
 51
348.8901285498864
1001
REVIT
1002
{
1070
     1
1000
2005245
1002
}
1002
{
1070
     5
1000
1194946
1002
}
1002
{
1070
     3
1000
1193514
1002
}
  0
LINE
  5
493
330
46C
100
AcDbEntity
  8
P-SANR-FIXT
100
AcDbLine
 10
32331.14998906491
 20
35970.00000000001
 30
0.0
 11
32341.87446127252
 21
35970.00000000001
 31
0.0
1001
REVIT
1002
{
1070
     1
1000
2005245
1002
}
1002
{
1070
     5
1000
1194946
1002
}
1002
{
1070
     3
1000
1193514
1002
}
  0
LINE
  5
494
330
46C
100
AcDbEntity
  8
P-SANR-FIXT
100
AcDbLine
 10
32609.01655151326
 20
35970.00000000001
 30
0.0
 11
32619.74102372086
 21
35970.00000000001
 31
0.0
1001
REVIT
1002
{
1070
     1
1000
2005245
1002
}
1002
{
1070
     5
1000
1194946
1002
}
1002
{
1070
     3
1000
1193514
1002
}
  0
ARC
  5
495
330
46C
100
AcDbEntity
  8
P-SANR-FIXT
100
AcDbCircle
 10
32331.14998906491
 20
35980.0
 30
0.0
 40
10.0
100
AcDbArc
 50
191.1098714501123
 51
269.9999999999997
1001
REVIT
1002
{
1070
     1
1000
2005245
1002
}
1002
{
1070
     5
1000
1194946
1002
}
1002
{
1070
     3
1000
1193514
1002
}
  0
ARC
  5
496
330
46C
100
AcDbEntity
  8
P-SANR-FIXT
100
AcDbCircle
 10
33807.94550639289
 20
36270.00000000001
 30
0.0
 40
1515.000000000005
100
AcDbArc
 50
179.9999999999999
 51
191.1098714501221
1001
REVIT
1002
{
1070
     1
1000
2005245
1002
}
1002
{
1070
     5
1000
1194946
1002
}
1002
{
1070
     3
1000
1193514
1002
}
  0
LINE
  5
497
330
46C
100
AcDbEntity
  8
P-SANR-FIXT
100
AcDbLine
 10
32292.94550639289
 20
36270.0
 30
0.0
 11
32292.94550639289
 21
36318.00000000001
 31
0.0
1001
REVIT
1002
{
1070
     1
1000
2005245
1002
}
1002
{
1070
     5
1000
1194946
1002
}
1002
{
1070
     3
1000
1193514
1002
}
  0
ARC
  5
498
330
46C
100
AcDbEntity
  8
P-SANR-FIXT
100
AcDbCircle
 10
32294.94550639289
 20
36318.00000000001
 30
0.0
 40
2.0
100
AcDbArc
 50
90.0
 51
180.0
1001
REVIT
1002
{
1070
     1
1000
2005245
1002
}
1002
{
1070
     5
1000
1194946
1002
}
1002
{
1070
     3
1000
1193514
1002
}
  0
LINE
  5
499
330
46C
100
AcDbEntity
  8
P-SANR-FIXT
100
AcDbLine
 10
32294.9455063929
 20
36320.0
 30
0.0
 11
32294.9455063929
 21
36321.0
 31
0.0
1001
REVIT
1002
{
1070
     1
1000
2005245
1002
}
1002
{
1070
     5
1000
1194946
1002
}
1002
{
1070
     3
1000
1193514
1002
}
  0
LINE
  5
49A
330
46C
100
AcDbEntity
  8
P-SANR-FIXT
100
AcDbLine
 10
32292.94550639289
 20
36321.0
 30
0.0
 11
32292.94550639289
 21
36335.00000000001
 31
0.0
1001
REVIT
1002
{
1070
     1
1000
2005245
1002
}
1002
{
1070
     5
1000
1194946
1002
}
1002
{
1070
     3
1000
1193514
1002
}
  0
ARC
  5
49B
330
46C
100
AcDbEntity
  8
P-SANR-FIXT
100
AcDbCircle
 10
32327.94550639289
 20
36335.00000000001
 30
0.0
 40
34.99999999999818
100
AcDbArc
 50
90.00000000000298
 51
180.000000000003
1001
REVIT
1002
{
1070
     1
1000
2005245
1002
}
1002
{
1070
     5
1000
1194946
1002
}
1002
{
1070
     3
1000
1193514
1002
}
  0
LINE
  5
49C
330
46C
100
AcDbEntity
  8
P-SANR-FIXT
100
AcDbLine
 10
32538.94550639289
 20
36371.00000000001
 30
0.0
 11
32521.94550639289
 21
36371.00000000001
 31
0.0
1001
REVIT
1002
{
1070
     1
1000
2005245
1002
}
1002
{
1070
     5
1000
1194946
1002
}
1002
{
1070
     3
1000
1193514
1002
}
  0
LINE
  5
49D
330
46C
100
AcDbEntity
  8
P-SANR-FIXT
100
AcDbLine
 10
32428.94550639289
 20
36371.00000000001
 30
0.0
 11
32411.94550639289
 21
36371.00000000001
 31
0.0
1001
REVIT
1002
{
1070
     1
1000
2005245
1002
}
1002
{
1070
     5
1000
1194946
1002
}
1002
{
1070
     3
1000
1193514
1002
}
  0
LINE
  5
49E
330
46C
100
AcDbEntity
  8
P-SANR-FIXT
100
AcDbLine
 10
32428.94550639289
 20
36371.00000000001
 30
0.0
 11
32521.94550639289
 21
36371.00000000001
 31
0.0
1001
REVIT
1002
{
1070
     1
1000
2005245
1002
}
1002
{
1070
     5
1000
1194946
1002
}
1002
{
1070
     3
1000
1193514
1002
}
  0
LINE
  5
49F
330
46C
100
AcDbEntity
  8
P-SANR-FIXT
100
AcDbLine
 10
32521.94550639289
 20
36371.00000000001
 30
0.0
 11
32533.9455063929
 21
36371.00000000001
 31
0.0
1001
REVIT
1002
{
1070
     1
1000
2005245
1002
}
1002
{
1070
     5
1000
1194946
1002
}
1002
{
1070
     3
1000
1193514
1002
}
  0
LINE
  5
4A0
330
46C
100
AcDbEntity
  8
P-SANR-FIXT
100
AcDbLine
 10
32416.94550639289
 20
36371.00000000001
 30
0.0
 11
32428.94550639289
 21
36371.00000000001
 31
0.0
1001
REVIT
1002
{
1070
     1
1000
2005245
1002
}
1002
{
1070
     5
1000
1194946
1002
}
1002
{
1070
     3
1000
1193514
1002
}
  0
LINE
  5
4A1
330
46C
100
AcDbEntity
  8
P-SANR-FIXT
100
AcDbLine
 10
32533.9455063929
 20
36372.00000000001
 30
0.0
 11
32521.94550639289
 21
36372.00000000001
 31
0.0
1001
REVIT
1002
{
1070
     1
1000
2005245
1002
}
1002
{
1070
     5
1000
1194946
1002
}
1002
{
1070
     3
1000
1193514
1002
}
  0
LINE
  5
4A2
330
46C
100
AcDbEntity
  8
P-SANR-FIXT
100
AcDbLine
 10
32490.44550639289
 20
36372.00000000001
 30
0.0
 11
32478.44550639289
 21
36372.00000000001
 31
0.0
1001
REVIT
1002
{
1070
     1
1000
2005245
1002
}
1002
{
1070
     5
1000
1194946
1002
}
1002
{
1070
     3
1000
1193514
1002
}
  0
LINE
  5
4A3
330
46C
100
AcDbEntity
  8
P-SANR-FIXT
100
AcDbLine
 10
32490.44550639289
 20
36372.00000000001
 30
0.0
 11
32521.94550639289
 21
36372.00000000001
 31
0.0
1001
REVIT
1002
{
1070
     1
1000
2005245
1002
}
1002
{
1070
     5
1000
1194946
1002
}
1002
{
1070
     3
1000
1193514
1002
}
  0
LINE
  5
4A4
330
46C
100
AcDbEntity
  8
P-SANR-FIXT
100
AcDbLine
 10
32428.94550639289
 20
36372.00000000001
 30
0.0
 11
32416.94550639289
 21
36372.00000000001
 31
0.0
1001
REVIT
1002
{
1070
     1
1000
2005245
1002
}
1002
{
1070
     5
1000
1194946
1002
}
1002
{
1070
     3
1000
1193514
1002
}
  0
LINE
  5
4A5
330
46C
100
AcDbEntity
  8
P-SANR-FIXT
100
AcDbLine
 10
32428.94550639289
 20
36372.00000000001
 30
0.0
 11
32460.44550639289
 21
36372.00000000001
 31
0.0
1001
REVIT
1002
{
1070
     1
1000
2005245
1002
}
1002
{
1070
     5
1000
1194946
1002
}
1002
{
1070
     3
1000
1193514
1002
}
  0
LINE
  5
4A6
330
46C
100
AcDbEntity
  8
P-SANR-FIXT
100
AcDbLine
 10
32472.4455063929
 20
36372.00000000001
 30
0.0
 11
32460.44550639289
 21
36372.00000000001
 31
0.0
1001
REVIT
1002
{
1070
     1
1000
2005245
1002
}
1002
{
1070
     5
1000
1194946
1002
}
1002
{
1070
     3
1000
1193514
1002
}
  0
LINE
  5
4A7
330
46C
100
AcDbEntity
  8
P-SANR-FIXT
100
AcDbLine
 10
32657.94550639289
 20
36321.0
 30
0.0
 11
32649.58013163997
 21
36321.0
 31
0.0
1001
REVIT
1002
{
1070
     1
1000
2005245
1002
}
1002
{
1070
     5
1000
1194946
1002
}
1002
{
1070
     3
1000
1193514
1002
}
  0
LINE
  5
4A8
330
46C
100
AcDbEntity
  8
P-SANR-FIXT
100
AcDbLine
 10
32610.47380755621
 20
36321.0
 30
0.0
 11
32649.58013163997
 21
36321.0
 31
0.0
1001
REVIT
1002
{
1070
     1
1000
2005245
1002
}
1002
{
1070
     5
1000
1194946
1002
}
1002
{
1070
     3
1000
1193514
1002
}
  0
LINE
  5
4A9
330
46C
100
AcDbEntity
  8
P-SANR-FIXT
100
AcDbLine
 10
32340.41720522957
 20
36321.0
 30
0.0
 11
32610.4738075562
 21
36321.0
 31
0.0
1001
REVIT
1002
{
1070
     1
1000
2005245
1002
}
1002
{
1070
     5
1000
1194946
1002
}
1002
{
1070
     3
1000
1193514
1002
}
  0
LINE
  5
4AA
330
46C
100
AcDbEntity
  8
P-SANR-FIXT
100
AcDbLine
 10
32301.31088114581
 20
36321.0
 30
0.0
 11
32340.41720522959
 21
36321.0
 31
0.0
1001
REVIT
1002
{
1070
     1
1000
2005245
1002
}
1002
{
1070
     5
1000
1194946
1002
}
1002
{
1070
     3
1000
1193514
1002
}
  0
LINE
  5
4AB
330
46C
100
AcDbEntity
  8
P-SANR-FIXT
100
AcDbLine
 10
32292.94550639289
 20
36321.0
 30
0.0
 11
32301.31088114581
 21
36321.0
 31
0.0
1001
REVIT
1002
{
1070
     1
1000
2005245
1002
}
1002
{
1070
     5
1000
1194946
1002
}
1002
{
1070
     3
1000
1193514
1002
}
  0
LINE
  5
4AC
330
46C
100
AcDbEntity
  8
P-SANR-FIXT
100
AcDbLine
 10
32655.94550639289
 20
36320.0
 30
0.0
 11
32647.59621889911
 21
36320.0
 31
0.0
1001
REVIT
1002
{
1070
     1
1000
2005245
1002
}
1002
{
1070
     5
1000
1194946
1002
}
1002
{
1070
     3
1000
1193514
1002
}
  0
LINE
  5
4AD
330
46C
100
AcDbEntity
  8
P-SANR-FIXT
100
AcDbLine
 10
32647.59621889911
 20
36320.0
 30
0.0
 11
32610.39752038041
 21
36320.0
 31
0.0
1001
REVIT
1002
{
1070
     1
1000
2005245
1002
}
1002
{
1070
     5
1000
1194946
1002
}
1002
{
1070
     3
1000
1193514
1002
}
  0
LINE
  5
4AE
330
46C
100
AcDbEntity
  8
P-SANR-FIXT
100
AcDbLine
 10
32610.39752038038
 20
36320.0
 30
0.0
 11
32340.49349240534
 21
36320.0
 31
0.0
1001
REVIT
1002
{
1070
     1
1000
2005245
1002
}
1002
{
1070
     5
1000
1194946
1002
}
1002
{
1070
     3
1000
1193514
1002
}
  0
LINE
  5
4AF
330
46C
100
AcDbEntity
  8
P-SANR-FIXT
100
AcDbLine
 10
32340.49349240538
 20
36320.0
 30
0.0
 11
32303.29479388667
 21
36320.0
 31
0.0
1001
REVIT
1002
{
1070
     1
1000
2005245
1002
}
1002
{
1070
     5
1000
1194946
1002
}
1002
{
1070
     3
1000
1193514
1002
}
  0
LINE
  5
4B0
330
46C
100
AcDbEntity
  8
P-SANR-FIXT
100
AcDbLine
 10
32303.29479388667
 20
36320.0
 30
0.0
 11
32294.94550639289
 21
36320.0
 31
0.0
1001
REVIT
1002
{
1070
     1
1000
2005245
1002
}
1002
{
1070
     5
1000
1194946
1002
}
1002
{
1070
     3
1000
1193514
1002
}
  0
LINE
  5
4B1
330
46C
100
AcDbEntity
  8
P-SANR-FIXT
100
AcDbLine
 10
32392.86919484955
 20
35713.73431814207
 30
0.0
 11
32355.94082554119
 21
35540.00000000002
 31
0.0
1001
REVIT
1002
{
1070
     1
1000
2005245
1002
}
1002
{
1070
     5
1000
1194946
1002
}
1002
{
1070
     3
1000
1193514
1002
}
  0
LWPOLYLINE
  5
4B2
330
46C
100
AcDbEntity
  8
P-SANR-FIXT
100
AcDbPolyline
 90
       17
 70
   128
 43
0.0
 10
32392.86919484955
 20
35713.73431814207
 10
32393.62237848305
 20
35717.66249598869
 10
32394.21787443333
 20
35721.61765102404
 10
32394.65473003389
 20
35725.59345584378
 10
32394.93224640897
 20
35729.58355000834
 10
32395.04997959157
 20
35733.58155021821
 10
32395.00774123371
 20
35737.58106052593
 10
32394.80559890776
 20
35741.57568256819
 10
32394.4438759983
 20
35745.55902580186
 10
32393.92315118484
 20
35749.5247177275
 10
32393.24425751599
 20
35753.466414084
 10
32392.40828107681
 20
35757.37780899804
 10
32391.41655925126
 20
35761.25264507214
 10
32390.2706785827
 20
35765.08472339517
 10
32388.97247223577
 20
35768.86791345929
 10
32387.52401706369
 20
35772.59616296742
 10
32387.42503212661
 20
35772.83570446576
1001
REVIT
1002
{
1070
     1
1000
2005245
1002
}
1002
{
1070
     5
1000
1194946
1002
}
1002
{
1070
     3
1000
1193514
1002
}
  0
LINE
  5
4B3
330
46C
100
AcDbEntity
  8
P-SANR-FIXT
100
AcDbLine
 10
32594.9501872446
 20
35540.00000000002
 30
0.0
 11
32558.02181793624
 21
35713.73431814207
 31
0.0
1001
REVIT
1002
{
1070
     1
1000
2005245
1002
}
1002
{
1070
     5
1000
1194946
1002
}
1002
{
1070
     3
1000
1193514
1002
}
  0
LWPOLYLINE
  5
4B4
330
46C
100
AcDbEntity
  8
P-SANR-FIXT
100
AcDbPolyline
 90
       17
 70
   128
 43
0.0
 10
32563.46598065918
 20
35772.83570446576
 10
32562.00786720468
 20
35769.11122169171
 10
32560.69985967173
 20
35765.3314091204
 10
32559.54405059338
 20
35761.50231364564
 10
32558.54228901758
 20
35757.63006100335
 10
32557.69617754916
 20
35753.72084597173
 10
32557.00706978598
 20
35749.78092246091
 10
32556.47606815345
 20
35745.81659350802
 10
32556.10402214091
 20
35741.83420119372
 10
32555.89152694262
 20
35737.84011649618
 10
32555.83892250556
 20
35733.84072909889
 10
32555.94629298561
 20
35729.84243716851
 10
32556.2134666129
 20
35725.85163711923
 10
32556.64001596664
 20
35721.8747133798
 10
32557.22525865885
 20
35717.91802817984
 10
32557.96825842605
 20
35713.9879113716
 10
32558.02181793624
 20
35713.73431814207
1001
REVIT
1002
{
1070
     1
1000
2005245
1002
}
1002
{
1070
     5
1000
1194946
1002
}
1002
{
1070
     3
1000
1193514
1002
}
  0
LWPOLYLINE
  5
4B5
330
46C
100
AcDbEntity
  8
P-SANR-FIXT
100
AcDbPolyline
 90
       29
 70
   128
 43
0.0
 10
32292.94550639289
 20
35930.00000000002
 10
32293.09148692727
 20
35922.70194651096
 10
32293.52919499267
 20
35915.41556835064
 10
32294.25793034956
 20
35908.15252216979
 10
32295.27652717684
 20
35900.92442729292
 10
32296.58335593686
 20
35893.74284712992
 10
32298.1763259824
 20
35886.61927067707
 10
32300.05288890118
 20
35879.56509413706
 10
32302.21004259285
 20
35872.59160268758
 10
32304.64433607167
 20
35865.70995242732
 10
32307.35187498737
 20
35858.93115252869
 10
32310.32832785525
 20
35852.26604762548
 10
32313.56893298568
 20
35845.7253004637
 10
32317.06850610172
 20
35839.31937484353
 10
32320.82144863295
 20
35833.05851887945
 10
32324.82175667188
 20
35826.95274860542
 10
32329.06303057901
 20
35821.01183195138
 10
32333.53848522085
 20
35815.24527311664
 10
32338.24096082468
 20
35809.66229736522
 10
32343.16293443269
 20
35804.27183626734
 10
32348.29653193704
 20
35799.08251341086
 10
32353.63354067686
 20
35794.10263060533
 10
32359.16542257665
 20
35789.34015460096
 10
32364.88332780546
 20
35784.80270434338
 10
32370.77810893467
 20
35780.49753878508
 10
32376.84033557196
 20
35776.43154527257
 10
32383.06030944791
 20
35772.61122852811
 10
32389.42807993119
 20
35769.04270024351
 10
32393.26800878784
 20
35767.04875303525
1001
REVIT
1002
{
1070
     1
1000
2005245
1002
}
1002
{
1070
     5
1000
1194946
1002
}
1002
{
1070
     3
1000
1193514
1002
}
  0
LWPOLYLINE
  5
4B6
330
46C
100
AcDbEntity
  8
P-SANR-FIXT
100
AcDbPolyline
 90
        7
 70
   128
 43
0.0
 10
32420.24621948735
 20
35756.04802753313
 10
32427.24659658866
 20
35753.97978782629
 10
32434.32408166378
 20
35752.19314290994
 10
32441.46735224636
 20
35750.69095103484
 10
32448.66498062729
 20
35749.47561538752
 10
32455.90545213657
 20
35748.54908024577
 10
32461.34837751998
 20
35748.0728423304
1001
REVIT
1002
{
1070
     1
1000
2005245
1002
}
1002
{
1070
     5
1000
1194946
1002
}
1002
{
1070
     3
1000
1193514
1002
}
  0
LWPOLYLINE
  5
4B7
330
46C
100
AcDbEntity
  8
P-SANR-FIXT
100
AcDbPolyline
 90
        8
 70
   128
 43
0.0
 10
32489.54746221552
 20
35748.08029232083
 10
32492.3436850868
 20
35748.28400852753
 10
32499.59686985626
 20
35749.10510885364
 10
32506.81141759621
 20
35750.21560241673
 10
32513.97578656927
 20
35751.61371266399
 10
32521.0785153134
 20
35753.29720291728
 10
32528.10824097778
 20
35755.26337995132
 10
32530.64479672306
 20
35756.04802861985
1001
REVIT
1002
{
1070
     1
1000
2005245
1002
}
1002
{
1070
     5
1000
1194946
1002
}
1002
{
1070
     3
1000
1193514
1002
}
  0
LWPOLYLINE
  5
4B8
330
46C
100
AcDbEntity
  8
P-SANR-FIXT
100
AcDbPolyline
 90
       29
 70
   128
 43
0.0
 10
32557.62300399795
 20
35767.04875303526
 10
32564.07358263601
 20
35770.46532006664
 10
32570.38237525838
 20
35774.13710855366
 10
32576.5392891427
 20
35778.05824441803
 10
32582.53447454013
 20
35782.22245467881
 10
32588.35834043295
 20
35786.62307748791
 10
32594.0015698781
 20
35791.25307278758
 10
32599.45513491229
 20
35796.10503357303
 10
32604.71031099482
 20
35801.17119774203
 10
32609.758690965
 20
35806.44346051263
 10
32614.59219849183
 20
35811.91338738908
 10
32619.20310099434
 20
35817.57222765524
 10
32623.58402201213
 20
35823.41092837385
 10
32627.72795300614
 20
35829.42014886926
 10
32631.62826457076
 20
35835.5902756706
 10
32635.27871703949
 20
35841.91143789119
 10
32638.67347046714
 20
35848.37352301993
 10
32641.80709397237
 20
35854.96619309912
 10
32644.67457442604
 20
35861.678901263
 10
32647.27132447115
 20
35868.50090861047
 10
32649.59318986155
 20
35875.42130138505
 10
32651.63645610792
 20
35882.42900843458
 10
32653.39785442015
 20
35889.51281892268
 10
32654.87456693667
 20
35896.66140026369
 10
32656.06423123249
 20
35903.86331625244
 10
32656.9649440985
 20
35911.10704535964
 10
32657.57526458626
 20
35918.380999164
 10
32657.89421631319
 20
35925.67354089109
 10
32657.9455063929
 20
35930.00000000002
1001
REVIT
1002
{
1070
     1
1000
2005245
1002
}
1002
{
1070
     5
1000
1194946
1002
}
1002
{
1070
     3
1000
1193514
1002
}
  0
LINE
  5
4B9
330
46C
100
AcDbEntity
  8
P-SANR-FIXT
100
AcDbLine
 10
32355.90423458971
 20
35949.96529718729
 30
0.0
 11
32355.90423458971
 21
35970.00000000001
 31
0.0
1001
REVIT
1002
{
1070
     1
1000
2005245
1002
}
1002
{
1070
     5
1000
1194946
1002
}
1002
{
1070
     3
1000
1193514
1002
}
  0
LINE
  5
4BA
330
46C
100
AcDbEntity
  8
P-SANR-FIXT
100
AcDbLine
 10
32297.49147657216
 20
35930.00000000001
 30
0.0
 11
32292.94550639289
 21
35930.00000000001
 31
0.0
1001
REVIT
1002
{
1070
     1
1000
2005245
1002
}
1002
{
1070
     5
1000
1194946
1002
}
1002
{
1070
     3
1000
1193514
1002
}
  0
LINE
  5
4BB
330
46C
100
AcDbEntity
  8
P-SANR-FIXT
100
AcDbLine
 10
32657.94550639289
 20
35930.00000000001
 30
0.0
 11
32653.39953621363
 21
35930.00000000001
 31
0.0
1001
REVIT
1002
{
1070
     1
1000
2005245
1002
}
1002
{
1070
     5
1000
1194946
1002
}
1002
{
1070
     3
1000
1193514
1002
}
  0
SPLINE
  5
4BC
330
46C
100
AcDbEntity
  8
P-SANR-FIXT
100
AcDbSpline
210
0.0
220
0.0
230
1.0
 70
     8
 71
     3
 72
    10
 73
     6
 74
     0
 42
0.000000001
 43
0.0000000001
 40
0.0
 40
0.0
 40
0.0
 40
0.0
 40
0.1428571428571428
 40
0.2857142857142857
 40
0.4285714285714285
 40
0.4285714285714285
 40
0.4285714285714285
 40
0.4285714285714285
 10
32414.32285830041
 20
35763.41688205899
 30
0.0
 10
32410.7953905138
 20
35763.44722004898
 30
0.0
 10
32404.40705251888
 20
35763.82428122877
 30
0.0
 10
32396.85741774298
 20
35765.35926833205
 30
0.0
 10
32393.22007553049
 20
35766.96824646842
 30
0.0
 10
32391.74176076435
 20
35767.91557522559
 30
0.0
1001
REVIT
1002
{
1070
     1
1000
2005245
1002
}
1002
{
1070
     5
1000
1194946
1002
}
1002
{
1070
     3
1000
1193514
1002
}
  0
SPLINE
  5
4BD
330
46C
100
AcDbEntity
  8
P-SANR-FIXT
100
AcDbSpline
210
0.0
220
0.0
230
1.0
 70
     8
 71
     3
 72
    16
 73
    12
 74
     0
 42
0.000000001
 43
0.0000000001
 40
0.0
 40
0.0
 40
0.0
 40
0.0
 40
0.1111111111111111
 40
0.2222222222222222
 40
0.3333333333333333
 40
0.4444444444444444
 40
0.5833333333333333
 40
0.7222222222222222
 40
0.7916666666666667
 40
0.8611111111111112
 40
1.0
 40
1.0
 40
1.0
 40
1.0
 10
32536.56815448536
 20
35763.41688205899
 30
0.0
 10
32533.82737597996
 20
35763.37428660793
 30
0.0
 10
32527.22619933884
 20
35763.22102223629
 30
0.0
 10
32514.49862919656
 20
35762.67211926988
 30
0.0
 10
32499.71953378957
 20
35762.14576882481
 30
0.0
 10
32482.34544360166
 20
35761.79516032365
 30
0.0
 10
32463.07553583864
 20
35761.84267090667
 30
0.0
 10
32446.69373478053
 20
35762.30188804534
 30
0.0
 10
32434.8940754165
 20
35762.73571062403
 30
0.0
 10
32424.20747098257
 20
35763.19748830053
 30
0.0
 10
32417.74950712532
 20
35763.36360646555
 30
0.0
 10
32414.32285830042
 20
35763.41688205899
 30
0.0
1001
REVIT
1002
{
1070
     1
1000
2005245
1002
}
1002
{
1070
     5
1000
1194946
1002
}
1002
{
1070
     3
1000
1193514
1002
}
  0
SPLINE
  5
4BE
330
46C
100
AcDbEntity
  8
P-SANR-FIXT
100
AcDbSpline
210
0.0
220
0.0
230
1.0
 70
     8
 71
     3
 72
    10
 73
     6
 74
     0
 42
0.000000001
 43
0.0000000001
 40
0.5714285714285714
 40
0.5714285714285714
 40
0.5714285714285714
 40
0.5714285714285714
 40
0.7142857142857143
 40
0.8571428571428571
 40
1.0
 40
1.0
 40
1.0
 40
1.0
 10
32559.14925202142
 20
35767.91557522559
 30
0.0
 10
32557.67093725528
 20
35766.96824646842
 30
0.0
 10
32554.0335950428
 20
35765.35926833205
 30
0.0
 10
32546.4839602669
 20
35763.82428122877
 30
0.0
 10
32540.09562227197
 20
35763.44722004898
 30
0.0
 10
32536.56815448536
 20
35763.41688205899
 30
0.0
1001
REVIT
1002
{
1070
     1
1000
2005245
1002
}
1002
{
1070
     5
1000
1194946
1002
}
1002
{
1070
     3
1000
1193514
1002
}
  0
LINE
  5
4BF
330
46C
100
AcDbEntity
  8
P-SANR-FIXT
100
AcDbLine
 10
32594.98677819607
 20
35970.00000000001
 30
0.0
 11
32594.98677819607
 21
35949.96529718729
 31
0.0
1001
REVIT
1002
{
1070
     1
1000
2005245
1002
}
1002
{
1070
     5
1000
1194946
1002
}
1002
{
1070
     3
1000
1193514
1002
}
  0
LWPOLYLINE
  5
4C0
330
46C
100
AcDbEntity
  8
P-SANR-FIXT
100
AcDbPolyline
 90
       10
 70
   128
 43
0.0
 10
32289.65056194867
 20
35930.00000000002
 10
32289.66256034875
 20
35930.59984001282
 10
32289.69853635413
 20
35931.19872040955
 10
32289.75843241086
 20
35931.79568310935
 10
32289.84215269804
 20
35932.38977309923
 10
32289.94956328106
 20
35932.98003996194
 10
32290.08049232589
 20
35933.56553939643
 10
32290.23473037401
 20
35934.14533472848
 10
32290.41203067743
 20
35934.71849840926
 10
32290.50842632494
 20
35935.00000000002
1001
REVIT
1002
{
1070
     1
1000
2005245
1002
}
1002
{
1070
     5
1000
1194946
1002
}
1002
{
1070
     3
1000
1193514
1002
}
  0
LWPOLYLINE
  5
4C1
330
46C
100
AcDbEntity
  8
P-SANR-FIXT
100
AcDbPolyline
 90
       10
 70
   128
 43
0.0
 10
32299.65056194867
 20
35950.00000000002
 10
32299.86116982093
 20
35950.00000000002
 10
32300.49265651003
 20
35950.00000000002
 10
32301.54401177201
 20
35950.00000000002
 10
32303.01355366269
 20
35950.00000000002
 10
32304.89893122854
 20
35950.00000000002
 10
32307.19712826766
 20
35950.00000000002
 10
32309.90446815504
 20
35950.00000000002
 10
32313.01661972439
 20
35950.00000000002
 10
32314.02311732185
 20
35950.00000000002
1001
REVIT
1002
{
1070
     1
1000
2005245
1002
}
1002
{
1070
     5
1000
1194946
1002
}
1002
{
1070
     3
1000
1193514
1002
}
  0
LWPOLYLINE
  5
4C2
330
46C
100
AcDbEntity
  8
P-SANR-FIXT
100
AcDbPolyline
 90
       18
 70
   128
 43
0.0
 10
32353.50634603954
 20
35950.00000000002
 10
32347.29316780847
 20
35950.00000000002
 10
32341.42498731577
 20
35950.00000000002
 10
32335.9111923984
 20
35950.00000000002
 10
32330.76060395202
 20
35950.00000000002
 10
32325.9814618194
 20
35950.00000000002
 10
32321.58141160846
 20
35950.00000000002
 10
32317.56749246093
 20
35950.00000000002
 10
32313.94612579116
 20
35950.00000000002
 10
32310.72310501333
 20
35950.00000000002
 10
32307.90358627312
 20
35950.00000000002
 10
32305.49208019906
 20
35950.00000000002
 10
32303.49244468646
 20
35950.00000000002
 10
32301.90787872553
 20
35950.00000000002
 10
32300.74091728382
 20
35950.00000000002
 10
32299.9934272507
 20
35950.00000000002
 10
32299.66660445075
 20
35950.00000000002
 10
32299.65056194867
 20
35950.00000000002
1001
REVIT
1002
{
1070
     1
1000
2005245
1002
}
1002
{
1070
     5
1000
1194946
1002
}
1002
{
1070
     3
1000
1193514
1002
}
  0
LWPOLYLINE
  5
4C3
330
46C
100
AcDbEntity
  8
P-SANR-FIXT
100
AcDbPolyline
 90
       41
 70
   128
 43
0.0
 10
32284.65056194867
 20
35935.00000000002
 10
32284.66256034875
 20
35935.59984001282
 10
32284.69853635413
 20
35936.19872040955
 10
32284.75843241086
 20
35936.79568310936
 10
32284.84215269804
 20
35937.38977309923
 10
32284.94956328105
 20
35937.98003996194
 10
32285.08049232589
 20
35938.56553939642
 10
32285.23473037401
 20
35939.14533472848
 10
32285.41203067743
 20
35939.71849840926
 10
32285.6121095935
 20
35940.28411349914
 10
32285.83464703863
 20
35940.84127513465
 10
32286.07928700037
 20
35941.389091976
 10
32286.34563810698
 20
35941.92668763314
 10
32286.63327425351
 20
35942.45320206767
 10
32286.94173528347
 20
35942.96779296883
 10
32287.27052772502
 20
35943.46963710094
 10
32287.61912558041
 20
35943.95793162046
 10
32287.9869711674
 20
35944.43189536029
 10
32288.37347601155
 20
35944.89077007959
 10
32288.77802178756
 20
35945.33382167667
 10
32289.19996130846
 20
35945.76034136351
 10
32289.63861956105
 20
35946.16964679958
 10
32290.09329478569
 20
35946.5610831835
 10
32290.56325959902
 20
35946.93402430057
 10
32291.04776215758
 20
35947.28787352453
 10
32291.54602736065
 20
35947.62206477214
 10
32292.05725809018
 20
35947.93606340867
 10
32292.58063648606
 20
35948.22936710329
 10
32293.11532525452
 20
35948.50150663266
 10
32293.66046900758
 20
35948.75204663159
 10
32294.21519563152
 20
35948.98058628953
 10
32294.77861768209
 20
35949.18675999176
 10
32295.34983380419
 20
35949.37023790436
 10
32295.92793017388
 20
35949.53072650179
 10
32296.5119819603
 20
35949.66796903655
 10
32297.10105480516
 20
35949.78174594984
 10
32297.69420631759
 20
35949.87187522289
 10
32298.2904875817
 20
35949.93821266808
 10
32298.88894467466
 20
35949.98065215965
 10
32299.48862019279
 20
35949.99912580347
 10
32299.65056194867
 20
35950.00000000002
1001
REVIT
1002
{
1070
     1
1000
2005245
1002
}
1002
{
1070
     5
1000
1194946
1002
}
1002
{
1070
     3
1000
1193514
1002
}
  0
LWPOLYLINE
  5
4C4
330
46C
100
AcDbEntity
  8
P-SANR-FIXT
100
AcDbPolyline
 90
       47
 70
   128
 43
0.0
 10
32597.38466674626
 20
35950.00000000002
 10
32593.57216853029
 20
35950.00000000002
 10
32589.57069285391
 20
35950.00000000002
 10
32585.3866412246
 20
35950.00000000002
 10
32581.02670723242
 20
35950.00000000002
 10
32576.49786584169
 20
35950.00000000002
 10
32571.80736223253
 20
35950.00000000002
 10
32566.96270021012
 20
35950.00000000002
 10
32561.97163020023
 20
35950.00000000002
 10
32556.84213685017
 20
35950.00000000002
 10
32551.58242625507
 20
35950.00000000002
 10
32546.20091282986
 20
35950.00000000002
 10
32540.70620584804
 20
35950.00000000002
 10
32535.10709566863
 20
35950.00000000002
 10
32529.41253967351
 20
35950.00000000002
 10
32523.63164793748
 20
35950.00000000002
 10
32517.77366865415
 20
35950.00000000002
 10
32511.84797334073
 20
35950.00000000002
 10
32505.86404184564
 20
35950.00000000002
 10
32499.83144718276
 20
35950.00000000002
 10
32493.75984021668
 20
35950.00000000002
 10
32487.65893422333
 20
35950.00000000002
 10
32481.53848935084
 20
35950.00000000002
 10
32475.40829700538
 20
35950.00000000002
 10
32469.27816418701
 20
35950.00000000002
 10
32463.15789780054
 20
35950.00000000002
 10
32457.0572889666
 20
35950.00000000002
 10
32450.98609735793
 20
35950.00000000002
 10
32444.95403558599
 20
35950.00000000002
 10
32438.97075366284
 20
35950.00000000002
 10
32433.04582356319
 20
35950.00000000002
 10
32427.18872391129
 20
35950.00000000002
 10
32421.40882481712
 20
35950.00000000002
 10
32415.71537288627
 20
35950.00000000002
 10
32410.11747642728
 20
35950.00000000002
 10
32404.62409088033
 20
35950.00000000002
 10
32399.24400449043
 20
35950.00000000002
 10
32393.98582424813
 20
35950.00000000002
 10
32388.85796212012
 20
35950.00000000002
 10
32383.86862159192
 20
35950.00000000002
 10
32379.02578454404
 20
35950.00000000002
 10
32374.33719848268
 20
35950.00000000002
 10
32369.81036414535
 20
35950.00000000002
 10
32365.45252350133
 20
35950.00000000002
 10
32361.27064816601
 20
35950.00000000002
 10
32357.27142824785
 20
35950.00000000002
 10
32353.50634603954
 20
35950.00000000002
1001
REVIT
1002
{
1070
     1
1000
2005245
1002
}
1002
{
1070
     5
1000
1194946
1002
}
1002
{
1070
     3
1000
1193514
1002
}
  0
LWPOLYLINE
  5
4C5
330
46C
100
AcDbEntity
  8
P-SANR-FIXT
100
AcDbPolyline
 90
       10
 70
   128
 43
0.0
 10
32660.38258646086
 20
35935.00000000002
 10
32660.57122093171
 20
35934.43046594575
 10
32660.73692922747
 20
35933.85384409109
 10
32660.87944625023
 20
35933.27105690799
 10
32660.99854400314
 20
35932.68303673163
 10
32661.09403195521
 20
35932.09072426884
 10
32661.1657573461
 20
35931.49506709323
 10
32661.21360543046
 20
35930.89701812919
 10
32661.23749966158
 20
35930.2975341275
 10
32661.24045083713
 20
35930.00000000002
1001
REVIT
1002
{
1070
     1
1000
2005245
1002
}
1002
{
1070
     5
1000
1194946
1002
}
1002
{
1070
     3
1000
1193514
1002
}
  0
LWPOLYLINE
  5
4C6
330
46C
100
AcDbEntity
  8
P-SANR-FIXT
100
AcDbPolyline
 90
       18
 70
   128
 43
0.0
 10
32651.24045083712
 20
35950.00000000002
 10
32651.02984296487
 20
35950.00000000002
 10
32650.39835627575
 20
35950.00000000002
 10
32649.34700101379
 20
35950.00000000002
 10
32647.87745912311
 20
35950.00000000002
 10
32645.99208155725
 20
35950.00000000002
 10
32643.69388451813
 20
35950.00000000002
 10
32640.98654463075
 20
35950.00000000002
 10
32637.87439306141
 20
35950.00000000002
 10
32634.36240858871
 20
35950.00000000002
 10
32630.45620963864
 20
35950.00000000002
 10
32626.16204529622
 20
35950.00000000002
 10
32621.48678530838
 20
35950.00000000002
 10
32616.43790909376
 20
35950.00000000002
 10
32611.02349377726
 20
35950.00000000002
 10
32605.25220126838
 20
35950.00000000002
 10
32599.13326440399
 20
35950.00000000002
 10
32597.38466674626
 20
35950.00000000002
1001
REVIT
1002
{
1070
     1
1000
2005245
1002
}
1002
{
1070
     5
1000
1194946
1002
}
1002
{
1070
     3
1000
1193514
1002
}
  0
LWPOLYLINE
  5
4C7
330
46C
100
AcDbEntity
  8
P-SANR-FIXT
100
AcDbPolyline
 90
       10
 70
   128
 43
0.0
 10
32636.86789546395
 20
35950.00000000002
 10
32640.09992303807
 20
35950.00000000002
 10
32642.92855733563
 20
35950.00000000002
 10
32645.34927314516
 20
35950.00000000002
 10
32647.35819783777
 20
35950.00000000002
 10
32648.95211756248
 20
35950.00000000002
 10
32650.12848238777
 20
35950.00000000002
 10
32650.88541038084
 20
35950.00000000002
 10
32651.2216906184
 20
35950.00000000002
 10
32651.24045083712
 20
35950.00000000002
1001
REVIT
1002
{
1070
     1
1000
2005245
1002
}
1002
{
1070
     5
1000
1194946
1002
}
1002
{
1070
     3
1000
1193514
1002
}
  0
LWPOLYLINE
  5
4C8
330
46C
100
AcDbEntity
  8
P-SANR-FIXT
100
AcDbPolyline
 90
       41
 70
   128
 43
0.0
 10
32651.24045083712
 20
35950.00000000002
 10
32651.84029084992
 20
35949.98800159993
 10
32652.43917124666
 20
35949.95202559456
 10
32653.03613394646
 20
35949.89212953783
 10
32653.63022393634
 20
35949.80840925065
 10
32654.22049079906
 20
35949.70099866764
 10
32654.80599023354
 20
35949.5700696228
 10
32655.38578556559
 20
35949.41583157468
 10
32655.95894924637
 20
35949.23853127125
 10
32656.52456433625
 20
35949.03845235519
 10
32657.08172597175
 20
35948.81591491006
 10
32657.62954281311
 20
35948.57127494832
 10
32658.16713847024
 20
35948.3049238417
 10
32658.69365290478
 20
35948.01728769519
 10
32659.20824380594
 20
35947.70882666522
 10
32659.71008793805
 20
35947.38003422367
 10
32660.19838245756
 20
35947.03143636828
 10
32660.6723461974
 20
35946.66359078128
 10
32661.1312209167
 20
35946.27708593713
 10
32661.57427251378
 20
35945.87254016113
 10
32662.00079220062
 20
35945.45060064023
 10
32662.41009763669
 20
35945.01194238764
 10
32662.80153402061
 20
35944.557267163
 10
32663.17447513767
 20
35944.08730234967
 10
32663.52832436164
 20
35943.6027997911
 10
32663.86251560924
 20
35943.10453458804
 10
32664.17651424578
 20
35942.59330385851
 10
32664.4698179404
 20
35942.06992546263
 10
32664.74195746977
 20
35941.53523669417
 10
32664.9924974687
 20
35940.99009294111
 10
32665.22103712663
 20
35940.43536631717
 10
32665.42721082887
 20
35939.8719442666
 10
32665.61068874146
 20
35939.3007281445
 10
32665.7711773389
 20
35938.7226317748
 10
32665.90841987366
 20
35938.13857998839
 10
32666.02219678695
 20
35937.54950714352
 10
32666.11232606
 20
35936.95635563109
 10
32666.17866350519
 20
35936.36007436698
 10
32666.22110299676
 20
35935.76161727403
 10
32666.23957664057
 20
35935.16194175589
 10
32666.24045083713
 20
35935.00000000002
1001
REVIT
1002
{
1070
     1
1000
2005245
1002
}
1002
{
1070
     5
1000
1194946
1002
}
1002
{
1070
     3
1000
1193514
1002
}
  0
LINE
  5
4C9
330
46C
100
AcDbEntity
  8
P-SANR-FIXT
100
AcDbLine
 10
32289.65056194867
 20
35930.00000000001
 30
0.0
 11
32345.55180058499
 21
35930.00000000001
 31
0.0
1001
REVIT
1002
{
1070
     1
1000
2005245
1002
}
1002
{
1070
     5
1000
1194946
1002
}
1002
{
1070
     3
1000
1193514
1002
}
  0
LINE
  5
4CA
330
46C
100
AcDbEntity
  8
P-SANR-FIXT
100
AcDbLine
 10
32285.17247188139
 20
35935.00000000001
 30
0.0
 11
32341.57452785771
 21
35935.00000000001
 31
0.0
1001
REVIT
1002
{
1070
     1
1000
2005245
1002
}
1002
{
1070
     5
1000
1194946
1002
}
1002
{
1070
     3
1000
1193514
1002
}
  0
LINE
  5
4CB
330
46C
100
AcDbEntity
  8
P-SANR-FIXT
100
AcDbLine
 10
32345.55180058499
 20
35930.00000000001
 30
0.0
 11
32605.3392122008
 21
35930.00000000001
 31
0.0
1001
REVIT
1002
{
1070
     1
1000
2005245
1002
}
1002
{
1070
     5
1000
1194946
1002
}
1002
{
1070
     3
1000
1193514
1002
}
  0
LINE
  5
4CC
330
46C
100
AcDbEntity
  8
P-SANR-FIXT
100
AcDbLine
 10
32341.57452785772
 20
35935.00000000001
 30
0.0
 11
32609.31648492807
 21
35935.00000000001
 31
0.0
1001
REVIT
1002
{
1070
     1
1000
2005245
1002
}
1002
{
1070
     5
1000
1194946
1002
}
1002
{
1070
     3
1000
1193514
1002
}
  0
LINE
  5
4CD
330
46C
100
AcDbEntity
  8
P-SANR-FIXT
100
AcDbLine
 10
32605.3392122008
 20
35930.00000000001
 30
0.0
 11
32661.24045083712
 21
35930.00000000001
 31
0.0
1001
REVIT
1002
{
1070
     1
1000
2005245
1002
}
1002
{
1070
     5
1000
1194946
1002
}
1002
{
1070
     3
1000
1193514
1002
}
  0
LINE
  5
4CE
330
46C
100
AcDbEntity
  8
P-SANR-FIXT
100
AcDbLine
 10
32609.31648492807
 20
35935.00000000001
 30
0.0
 11
32665.7185409044
 21
35935.00000000001
 31
0.0
1001
REVIT
1002
{
1070
     1
1000
2005245
1002
}
1002
{
1070
     5
1000
1194946
1002
}
1002
{
1070
     3
1000
1193514
1002
}
  0
ENDBLK
  5
4D0
330
46C
100
AcDbEntity
  8
0
100
AcDbBlockEnd
  0
BLOCK
  5
4E6
330
4D2
100
AcDbEntity
  8
0
100
AcDbBlockBegin
  2
Timber_Screen_Adjustable_21388 - Type 1-2543068-SECTION D-D
 70
     0
 10
0.0
 20
0.0
 30
0.0
  3
Timber_Screen_Adjustable_21388 - Type 1-2543068-SECTION D-D
  1

  0
LINE
  5
4D3
330
4D2
100
AcDbEntity
  8
A-GENM
100
AcDbLine
 10
38990.44550574211
 20
36892.3333333333
 30
0.0
 11
38990.44550574211
 21
36812.3333333333
 31
0.0
1001
REVIT
1002
{
1070
     1
1000
2019310
1002
}
1002
{
1070
     5
1000
2012895
1002
}
  0
LINE
  5
4D4
330
4D2
100
AcDbEntity
  8
A-GENM
100
AcDbLine
 10
38990.44550574211
 20
36812.3333333333
 30
0.0
 11
39005.44550574211
 21
36812.3333333333
 31
0.0
1001
REVIT
1002
{
1070
     1
1000
2019310
1002
}
1002
{
1070
     5
1000
2012895
1002
}
  0
LINE
  5
4D5
330
4D2
100
AcDbEntity
  8
A-GENM
100
AcDbLine
 10
39005.44550574211
 20
36812.3333333333
 30
0.0
 11
39005.44550574211
 21
36892.3333333333
 31
0.0
1001
REVIT
1002
{
1070
     1
1000
2019310
1002
}
1002
{
1070
     5
1000
2012895
1002
}
  0
LINE
  5
4D6
330
4D2
100
AcDbEntity
  8
A-GENM
100
AcDbLine
 10
39005.44550574211
 20
36892.3333333333
 30
0.0
 11
38990.44550574211
 21
36892.3333333333
 31
0.0
1001
REVIT
1002
{
1070
     1
1000
2019310
1002
}
1002
{
1070
     5
1000
2012895
1002
}
  0
LINE
  5
4D7
330
4D2
100
AcDbEntity
  8
A-GENM
100
AcDbLine
 10
38990.44550574211
 20
36780.66666666663
 30
0.0
 11
38990.44550574211
 21
36700.66666666663
 31
0.0
1001
REVIT
1002
{
1070
     1
1000
2019310
1002
}
1002
{
1070
     5
1000
2012895
1002
}
  0
LINE
  5
4D8
330
4D2
100
AcDbEntity
  8
A-GENM
100
AcDbLine
 10
38990.44550574211
 20
36700.66666666663
 30
0.0
 11
39005.44550574211
 21
36700.66666666663
 31
0.0
1001
REVIT
1002
{
1070
     1
1000
2019310
1002
}
1002
{
1070
     5
1000
2012895
1002
}
  0
LINE
  5
4D9
330
4D2
100
AcDbEntity
  8
A-GENM
100
AcDbLine
 10
39005.44550574211
 20
36700.66666666663
 30
0.0
 11
39005.44550574211
 21
36780.66666666663
 31
0.0
1001
REVIT
1002
{
1070
     1
1000
2019310
1002
}
1002
{
1070
     5
1000
2012895
1002
}
  0
LINE
  5
4DA
330
4D2
100
AcDbEntity
  8
A-GENM
100
AcDbLine
 10
39005.44550574211
 20
36780.66666666663
 30
0.0
 11
38990.44550574211
 21
36780.66666666663
 31
0.0
1001
REVIT
1002
{
1070
     1
1000
2019310
1002
}
1002
{
1070
     5
1000
2012895
1002
}
  0
LINE
  5
4DB
330
4D2
100
AcDbEntity
  8
A-GENM
100
AcDbLine
 10
38990.44550574212
 20
37003.99999999997
 30
0.0
 11
38990.44550574212
 21
36923.99999999997
 31
0.0
1001
REVIT
1002
{
1070
     1
1000
2019310
1002
}
1002
{
1070
     5
1000
2012895
1002
}
  0
LINE
  5
4DC
330
4D2
100
AcDbEntity
  8
A-GENM
100
AcDbLine
 10
38990.44550574212
 20
36923.99999999997
 30
0.0
 11
39005.44550574212
 21
36923.99999999997
 31
0.0
1001
REVIT
1002
{
1070
     1
1000
2019310
1002
}
1002
{
1070
     5
1000
2012895
1002
}
  0
LINE
  5
4DD
330
4D2
100
AcDbEntity
  8
A-GENM
100
AcDbLine
 10
39005.44550574212
 20
36923.99999999997
 30
0.0
 11
39005.44550574212
 21
37003.99999999997
 31
0.0
1001
REVIT
1002
{
1070
     1
1000
2019310
1002
}
1002
{
1070
     5
1000
2012895
1002
}
  0
LINE
  5
4DE
330
4D2
100
AcDbEntity
  8
A-GENM
100
AcDbLine
 10
39005.44550574212
 20
37003.99999999997
 30
0.0
 11
38990.44550574212
 21
37003.99999999997
 31
0.0
1001
REVIT
1002
{
1070
     1
1000
2019310
1002
}
1002
{
1070
     5
1000
2012895
1002
}
  0
LINE
  5
4DF
330
4D2
100
AcDbEntity
  8
A-GENM
100
AcDbLine
 10
38990.44550574211
 20
36668.99999999997
 30
0.0
 11
38990.44550574211
 21
36588.99999999997
 31
0.0
1001
REVIT
1002
{
1070
     1
1000
2019310
1002
}
1002
{
1070
     5
1000
2012895
1002
}
  0
LINE
  5
4E0
330
4D2
100
AcDbEntity
  8
A-GENM
100
AcDbLine
 10
38990.44550574211
 20
36588.99999999997
 30
0.0
 11
38993.37948991436
 21
36588.99999999997
 31
0.0
1001
REVIT
1002
{
1070
     1
1000
2019310
1002
}
1002
{
1070
     5
1000
2012895
1002
}
  0
LINE
  5
4E1
330
4D2
100
AcDbEntity
  8
A-GENM
100
AcDbLine
 10
39005.44550574211
 20
36589.4114788804
 30
0.0
 11
39005.44550574211
 21
36668.99999999997
 31
0.0
1001
REVIT
1002
{
1070
     1
1000
2019310
1002
}
1002
{
1070
     5
1000
2012895
1002
}
  0
LINE
  5
4E2
330
4D2
100
AcDbEntity
  8
A-GENM
100
AcDbLine
 10
39005.44550574211
 20
36668.99999999997
 30
0.0
 11
38990.44550574211
 21
36668.99999999997
 31
0.0
1001
REVIT
1002
{
1070
     1
1000
2019310
1002
}
1002
{
1070
     5
1000
2012895
1002
}
  0
LINE
  5
4E3
330
4D2
100
AcDbEntity
  8
A-GENM
100
AcDbLine
 10
38960.44550574213
 20
36588.99999999996
 30
0.0
 11
38990.44550574211
 21
36588.99999999996
 31
0.0
1001
REVIT
1002
{
1070
     1
1000
2019310
1002
}
1002
{
1070
     5
1000
2012895
1002
}
  0
LINE
  5
4E4
330
4D2
100
AcDbEntity
  8
A-GENM
100
AcDbLine
 10
38990.44550574211
 20
36588.99999999996
 30
0.0
 11
38990.44550574211
 21
37003.99999999997
 31
0.0
1001
REVIT
1002
{
1070
     1
1000
2019310
1002
}
1002
{
1070
     5
1000
2012895
1002
}
  0
LINE
  5
4E5
330
4D2
100
AcDbEntity
  8
A-GENM
100
AcDbLine
 10
38990.44550574211
 20
37003.99999999997
 30
0.0
 11
38960.44550574213
 21
37003.99999999997
 31
0.0
1001
REVIT
1002
{
1070
     1
1000
2019310
1002
}
1002
{
1070
     5
1000
2012895
1002
}
  0
ENDBLK
  5
4E7
330
4D2
100
AcDbEntity
  8
0
100
AcDbBlockEnd
  0
BLOCK
  5
4F9
330
4F5
100
AcDbEntity
  8
0
100
AcDbBlockBegin
  2
Handrail Type - Handrail_Internal_-2451903-SECTION D-D
 70
     0
 10
0.0
 20
0.0
 30
0.0
  3
Handrail Type - Handrail_Internal_-2451903-SECTION D-D
  1

  0
LINE
  5
4F6
330
4F5
100
AcDbEntity
  8
A-FLOR-HRAL
100
AcDbLine
 10
34320.84550576654
 20
29962.5
 30
0.0
 11
34295.44550629016
 21
29962.5
 31
0.0
1001
REVIT
1002
{
1070
     1
1000
2451902
1002
}
1002
{
1070
     5
1000
197576
1002
}
  0
LINE
  5
4F7
330
4F5
100
AcDbEntity
  8
A-FLOR-HRAL
100
AcDbLine
 10
34295.44550629016
 20
29911.7
 30
0.0
 11
34320.84550576654
 21
29911.7
 31
0.0
1001
REVIT
1002
{
1070
     1
1000
2451902
1002
}
1002
{
1070
     5
1000
197576
1002
}
  0
LINE
  5
4F8
330
4F5
100
AcDbEntity
  8
A-FLOR-HRAL
100
AcDbLine
 10
34320.84550576654
 20
29911.7
 30
0.0
 11
34320.84550576654
 21
29962.5
 31
0.0
1001
REVIT
1002
{
1070
     1
1000
2451902
1002
}
1002
{
1070
     5
1000
197576
1002
}
  0
ENDBLK
  5
4FA
330
4F5
100
AcDbEntity
  8
0
100
AcDbBlockEnd
  0
BLOCK
  5
4FF
330
4FC
100
AcDbEntity
  8
0
100
AcDbBlockBegin
  2
Support_Metal_Circular - Standard-2452612-SECTION D-D
 70
     0
 10
0.0
 20
0.0
 30
0.0
  3
Support_Metal_Circular - Standard-2452612-SECTION D-D
  1

  0
LINE
  5
4FD
330
4FC
100
AcDbEntity
  8
A-FLOR-HRAL
100
AcDbLine
 10
34301.44550576654
 20
29848.7
 30
0.0
 11
34301.44550576654
 21
29911.7
 31
0.0
1001
REVIT
1002
{
1070
     1
1000
2451952
1002
}
1002
{
1070
     5
1000
199981
1002
}
  0
LWPOLYLINE
  5
4FE
330
4FC
100
AcDbEntity
  8
A-FLOR-HRAL
100
AcDbPolyline
 90
       23
 70
   128
 43
0.0
 10
34295.31442986203
 20
29835.16749687546
 10
34295.84609177854
 20
29835.65295180666
 10
34296.35791540273
 20
29836.15927923175
 10
34296.84908192602
 20
29836.68566913485
 10
34297.31880558673
 20
29837.23127940443
 10
34297.76633492721
 20
29837.79523718042
 10
34298.19095399596
 20
29838.37664025069
 10
34298.59198349309
 20
29838.97455849437
 10
34298.96878185693
 20
29839.58803536981
 10
34299.32074629048
 20
29840.21608944487
 10
34299.64731372573
 20
29840.85771596702
 10
34299.94796172444
 20
29841.51188847069
 10
34300.22220931396
 20
29842.17756041942
 10
34300.46961775665
 20
29842.8536668801
 10
34300.68979125175
 20
29843.53912622662
 10
34300.88237756868
 20
29844.23284187026
 10
34301.04706861039
 20
29844.93370401396
 10
34301.18360090634
 20
29845.6405914278
 10
34301.291756034
 20
29846.35237324272
 10
34301.37136096823
 20
29847.06791075964
 10
34301.42228835811
 20
29847.78605927119
 10
34301.44445673069
 20
29848.50566989295
 10
34301.44550576655
 20
29848.7
1001
REVIT
1002
{
1070
     1
1000
2451952
1002
}
1002
{
1070
     5
1000
199981
1002
}
  0
ENDBLK
  5
500
330
4FC
100
AcDbEntity
  8
0
100
AcDbBlockEnd
  0
BLOCK
  5
505
330
502
100
AcDbEntity
  8
0
100
AcDbBlockBegin
  2
BUILDMAT-SNA01004-Willow-600-Stainless_Steel _1_ - Willow 600x450x250mm-2518076-SECTION D-D
 70
     0
 10
0.0
 20
0.0
 30
0.0
  3
BUILDMAT-SNA01004-Willow-600-Stainless_Steel _1_ - Willow 600x450x250mm-2518076-SECTION D-D
  1

  0
LINE
  5
503
330
502
100
AcDbEntity
  8
P-SANR-FIXT
100
AcDbLine
 10
38808.94550649982
 20
28890.00000000001
 30
0.0
 11
38808.94550649982
 21
28789.00000000014
 31
0.0
1001
REVIT
1002
{
1070
     1
1000
2518242
1002
}
1002
{
1070
     5
1000
2518076
1002
}
  0
LINE
  5
504
330
502
100
AcDbEntity
  8
P-SANR-FIXT
100
AcDbLine
 10
39211.94550649983
 20
28789.00000000014
 30
0.0
 11
39211.94550649983
 21
28890.00000000001
 31
0.0
1001
REVIT
1002
{
1070
     1
1000
2518242
1002
}
1002
{
1070
     5
1000
2518076
1002
}
  0
ENDBLK
  5
506
330
502
100
AcDbEntity
  8
0
100
AcDbBlockEnd
  0
BLOCK
  5
510
330
508
100
AcDbEntity
  8
0
100
AcDbBlockBegin
  2
BUILDMAT-SNA01002-Nala_450-Stainless-Steel - Nala 450x450x250mm-2532806-SECTION D-D
 70
     0
 10
0.0
 20
0.0
 30
0.0
  3
BUILDMAT-SNA01002-Nala_450-Stainless-Steel - Nala 450x450x250mm-2532806-SECTION D-D
  1

  0
LINE
  5
509
330
508
100
AcDbEntity
  8
P-SANR-FIXT
100
AcDbLine
 10
38250.44550574214
 20
35541.50000000002
 30
0.0
 11
38250.44550574214
 21
35540.00000000002
 31
0.0
1001
REVIT
1002
{
1070
     1
1000
2532938
1002
}
1002
{
1070
     5
1000
2532806
1002
}
  0
LINE
  5
50A
330
508
100
AcDbEntity
  8
P-SANR-FIXT
100
AcDbLine
 10
38700.44550574212
 20
35540.00000000002
 30
0.0
 11
38700.44550574212
 21
35541.50000000002
 31
0.0
1001
REVIT
1002
{
1070
     1
1000
2532938
1002
}
1002
{
1070
     5
1000
2532806
1002
}
  0
LINE
  5
50B
330
508
100
AcDbEntity
  8
P-SANR-FIXT
100
AcDbLine
 10
38256.30337011838
 20
35541.5
 30
0.0
 11
38250.44550574212
 21
35541.5
 31
0.0
1001
REVIT
1002
{
1070
     1
1000
2532938
1002
}
1002
{
1070
     5
1000
2532806
1002
}
  0
LINE
  5
50C
330
508
100
AcDbEntity
  8
P-SANR-FIXT
100
AcDbLine
 10
38270.44550574213
 20
35541.5
 30
0.0
 11
38250.44550574213
 21
35541.5
 31
0.0
1001
REVIT
1002
{
1070
     1
1000
2532938
1002
}
1002
{
1070
     5
1000
2532806
1002
}
  0
LINE
  5
50D
330
508
100
AcDbEntity
  8
P-SANR-FIXT
100
AcDbLine
 10
38270.44550574213
 20
35541.5
 30
0.0
 11
38680.44550574212
 21
35541.5
 31
0.0
1001
REVIT
1002
{
1070
     1
1000
2532938
1002
}
1002
{
1070
     5
1000
2532806
1002
}
  0
LINE
  5
50E
330
508
100
AcDbEntity
  8
P-SANR-FIXT
100
AcDbLine
 10
38700.44550574212
 20
35541.5
 30
0.0
 11
38680.44550574212
 21
35541.5
 31
0.0
1001
REVIT
1002
{
1070
     1
1000
2532938
1002
}
1002
{
1070
     5
1000
2532806
1002
}
  0
LINE
  5
50F
330
508
100
AcDbEntity
  8
P-SANR-FIXT
100
AcDbLine
 10
38700.44550574212
 20
35541.5
 30
0.0
 11
38694.58764136584
 21
35541.5
 31
0.0
1001
REVIT
1002
{
1070
     1
1000
2532938
1002
}
1002
{
1070
     5
1000
2532806
1002
}
  0
ENDBLK
  5
511
330
508
100
AcDbEntity
  8
0
100
AcDbBlockEnd
  0
BLOCK
  5
523
330
513
100
AcDbEntity
  8
0
100
AcDbBlockBegin
  2
874300W_BK_File_Rfa_151277_ori_2016Sep14134925 - Artisan 405 Round Above Counter - 0 Tap Holes-2537396-SECTION D-D
 70
     0
 10
0.0
 20
0.0
 30
0.0
  3
874300W_BK_File_Rfa_151277_ori_2016Sep14134925 - Artisan 405 Round Above Counter - 0 Tap Holes-2537396-SECTION D-D
  1

  0
LINE
  5
514
330
513
100
AcDbEntity
  8
P-SANR-FIXT
100
AcDbLine
 10
36578.41319322415
 20
33150.00000000026
 30
0.0
 11
36583.07632293029
 21
33140.00000000002
 31
0.0
1001
REVIT
1002
{
1070
     1
1000
2537759
1002
}
1002
{
1070
     5
1000
2537396
1002
}
1002
{
1070
     3
1000
1961836
1002
}
  0
LINE
  5
515
330
513
100
AcDbEntity
  8
P-SANR-FIXT
100
AcDbLine
 10
36867.81468998883
 20
33140.00000000002
 30
0.0
 11
36872.47781969497
 21
33150.00000000026
 31
0.0
1001
REVIT
1002
{
1070
     1
1000
2537759
1002
}
1002
{
1070
     5
1000
2537396
1002
}
1002
{
1070
     3
1000
1961836
1002
}
  0
ARC
  5
516
330
513
100
AcDbEntity
  8
P-SANR-FIXT
100
AcDbCircle
 10
36888.55844378625
 20
33138.80273567352
 30
0.0
 40
19.59502997109771
100
AcDbArc
 50
117.4432274537165
 51
145.1497236434135
1001
REVIT
1002
{
1070
     1
1000
2537759
1002
}
1002
{
1070
     5
1000
2537396
1002
}
1002
{
1070
     3
1000
1961836
1002
}
  0
ARC
  5
517
330
513
100
AcDbEntity
  8
P-SANR-FIXT
100
AcDbCircle
 10
36921.91523984856
 20
33074.56961053291
 30
0.0
 40
91.9729976744763
100
AcDbArc
 50
109.3174054192526
 51
117.4432274537137
1001
REVIT
1002
{
1070
     1
1000
2537759
1002
}
1002
{
1070
     5
1000
2537396
1002
}
1002
{
1070
     3
1000
1961836
1002
}
  0
ARC
  5
518
330
513
100
AcDbEntity
  8
P-SANR-FIXT
100
AcDbCircle
 10
36863.56710520456
 20
33241.02361025453
 30
0.0
 40
84.41135208411507
100
AcDbArc
 50
289.3174054192527
 51
301.1193845749027
1001
REVIT
1002
{
1070
     1
1000
2537759
1002
}
1002
{
1070
     5
1000
2537396
1002
}
1002
{
1070
     3
1000
1961836
1002
}
  0
ARC
  5
519
330
513
100
AcDbEntity
  8
P-SANR-FIXT
100
AcDbCircle
 10
36891.75254132143
 20
33194.33579940852
 30
0.0
 40
29.87539614042196
100
AcDbArc
 50
301.1193845749024
 51
352.7319342687024
1001
REVIT
1002
{
1070
     1
1000
2537759
1002
}
1002
{
1070
     5
1000
2537396
1002
}
1002
{
1070
     3
1000
1961836
1002
}
  0
LINE
  5
51A
330
513
100
AcDbEntity
  8
P-SANR-FIXT
100
AcDbLine
 10
36921.38789191072
 20
33190.55621080689
 30
0.0
 11
36923.95417862494
 21
33210.67819086999
 31
0.0
1001
REVIT
1002
{
1070
     1
1000
2537759
1002
}
1002
{
1070
     5
1000
2537396
1002
}
1002
{
1070
     3
1000
1961836
1002
}
  0
ARC
  5
51B
330
513
100
AcDbEntity
  8
P-SANR-FIXT
100
AcDbCircle
 10
36386.71613952013
 20
33276.38644204193
 30
0.0
 40
541.241429431692
100
AcDbArc
 50
353.0269281465951
 51
0.3825349800841424
1001
REVIT
1002
{
1070
     1
1000
2537759
1002
}
1002
{
1070
     5
1000
2537396
1002
}
1002
{
1070
     3
1000
1961836
1002
}
  0
LINE
  5
51C
330
513
100
AcDbEntity
  8
P-SANR-FIXT
100
AcDbLine
 10
36927.94550592017
 20
33280.00001084244
 30
0.0
 11
36522.94550699896
 21
33280.00001084244
 31
0.0
1001
REVIT
1002
{
1070
     1
1000
2537759
1002
}
1002
{
1070
     5
1000
2537396
1002
}
1002
{
1070
     3
1000
1961836
1002
}
  0
ARC
  5
51D
330
513
100
AcDbEntity
  8
P-SANR-FIXT
100
AcDbCircle
 10
37064.17487339898
 20
33276.38644204193
 30
0.0
 40
541.2414294316724
100
AcDbArc
 50
179.6174650199151
 51
186.9730718534028
1001
REVIT
1002
{
1070
     1
1000
2537759
1002
}
1002
{
1070
     5
1000
2537396
1002
}
1002
{
1070
     3
1000
1961836
1002
}
  0
LINE
  5
51E
330
513
100
AcDbEntity
  8
P-SANR-FIXT
100
AcDbLine
 10
36526.93683429418
 20
33210.67819087
 30
0.0
 11
36529.5031210084
 21
33190.55621080689
 31
0.0
1001
REVIT
1002
{
1070
     1
1000
2537759
1002
}
1002
{
1070
     5
1000
2537396
1002
}
1002
{
1070
     3
1000
1961836
1002
}
  0
ARC
  5
51F
330
513
100
AcDbEntity
  8
P-SANR-FIXT
100
AcDbCircle
 10
36559.13847159768
 20
33194.33579940852
 30
0.0
 40
29.87539614042468
100
AcDbArc
 50
187.2680657312948
 51
238.88061542509
1001
REVIT
1002
{
1070
     1
1000
2537759
1002
}
1002
{
1070
     5
1000
2537396
1002
}
1002
{
1070
     3
1000
1961836
1002
}
  0
ARC
  5
520
330
513
100
AcDbEntity
  8
P-SANR-FIXT
100
AcDbCircle
 10
36587.32390771456
 20
33241.02361025453
 30
0.0
 40
84.41135208410151
100
AcDbArc
 50
238.8806154250908
 51
250.6825945807444
1001
REVIT
1002
{
1070
     1
1000
2537759
1002
}
1002
{
1070
     5
1000
2537396
1002
}
1002
{
1070
     3
1000
1961836
1002
}
  0
ARC
  5
521
330
513
100
AcDbEntity
  8
P-SANR-FIXT
100
AcDbCircle
 10
36528.97577307057
 20
33074.56961053292
 30
0.0
 40
91.97299767446039
100
AcDbArc
 50
62.55677254628691
 51
70.6825945807493
1001
REVIT
1002
{
1070
     1
1000
2537759
1002
}
1002
{
1070
     5
1000
2537396
1002
}
1002
{
1070
     3
1000
1961836
1002
}
  0
ARC
  5
522
330
513
100
AcDbEntity
  8
P-SANR-FIXT
100
AcDbCircle
 10
36562.33256913287
 20
33138.80273567352
 30
0.0
 40
19.59502997109997
100
AcDbArc
 50
34.85027635658652
 51
62.55677254628348
1001
REVIT
1002
{
1070
     1
1000
2537759
1002
}
1002
{
1070
     5
1000
2537396
1002
}
1002
{
1070
     3
1000
1961836
1002
}
  0
ENDBLK
  5
524
330
513
100
AcDbEntity
  8
0
100
AcDbBlockEnd
  0
BLOCK
  5
52E
330
527
100
AcDbEntity
  8
0
100
AcDbBlockBegin
  2
tile grate 80 - 1000x80-2561614-SECTION D-D
 70
     0
 10
0.0
 20
0.0
 30
0.0
  3
tile grate 80 - 1000x80-2561614-SECTION D-D
  1

  0
LINE
  5
528
330
527
100
AcDbEntity
  8
P-SANR-FIXT
100
AcDbLine
 10
38555.44550635321
 20
28871.0
 30
0.0
 11
38475.44550635321
 21
28871.0
 31
0.0
1001
REVIT
1002
{
1070
     1
1000
2562267
1002
}
1002
{
1070
     5
1000
2561614
1002
}
1002
{
1070
     3
1000
1020373
1002
}
  0
LINE
  5
529
330
527
100
AcDbEntity
  8
P-SANR-FIXT
100
AcDbLine
 10
38475.44550635321
 20
28901.0
 30
0.0
 11
38555.44550635321
 21
28901.0
 31
0.0
1001
REVIT
1002
{
1070
     1
1000
2562267
1002
}
1002
{
1070
     5
1000
2561614
1002
}
1002
{
1070
     3
1000
1020373
1002
}
  0
LINE
  5
52A
330
527
100
AcDbEntity
  8
P-SANR-FIXT
100
AcDbLine
 10
38475.44550635321
 20
28871.0
 30
0.0
 11
38475.44550635321
 21
28901.0
 31
0.0
1001
REVIT
1002
{
1070
     1
1000
2562267
1002
}
1002
{
1070
     5
1000
2561614
1002
}
1002
{
1070
     3
1000
1020373
1002
}
  0
LINE
  5
52B
330
527
100
AcDbEntity
  8
P-SANR-FIXT
100
AcDbLine
 10
38555.44550635321
 20
28871.0
 30
0.0
 11
38555.44550635321
 21
28901.0
 31
0.0
1001
REVIT
1002
{
1070
     1
1000
2562267
1002
}
1002
{
1070
     5
1000
2561614
1002
}
1002
{
1070
     3
1000
1020373
1002
}
  0
LINE
  5
52C
330
527
100
AcDbEntity
  8
P-SANR-FIXT
100
AcDbLine
 10
38465.44550635321
 20
28891.0
 30
0.0
 11
38475.44550635321
 21
28891.0
 31
0.0
1001
REVIT
1002
{
1070
     1
1000
2562267
1002
}
1002
{
1070
     5
1000
2561614
1002
}
  0
LINE
  5
52D
330
527
100
AcDbEntity
  8
P-SANR-FIXT
100
AcDbLine
 10
38555.4455063532
 20
28891.0
 30
0.0
 11
38563.18402084011
 21
28891.0
 31
0.0
1001
REVIT
1002
{
1070
     1
1000
2562267
1002
}
1002
{
1070
     5
1000
2561614
1002
}
  0
ENDBLK
  5
52F
330
527
100
AcDbEntity
  8
0
100
AcDbBlockEnd
  0
BLOCK
  5
5D8
330
531
100
AcDbEntity
  8
0
100
AcDbBlockBegin
  2
HH Shower - Wincrest Shower-2580500-SECTION D-D
 70
     0
 10
0.0
 20
0.0
 30
0.0
  3
HH Shower - Wincrest Shower-2580500-SECTION D-D
  1

  0
ARC
  5
532
330
531
100
AcDbEntity
  8
P-SANR-FIXT
100
AcDbCircle
 10
39191.69550649947
 20
33820.00000000009
 30
0.0
 40
15.00000000000224
100
AcDbArc
 50
95.99692870637462
 51
90.0
1001
REVIT
1002
{
1070
     1
1000
2580251
1002
}
1002
{
1070
     5
1000
2425145
1002
}
1002
{
1070
     3
1000
1035229
1002
}
  0
LINE
  5
533
330
531
100
AcDbEntity
  8
P-SANR-FIXT
100
AcDbLine
 10
39165.44550649944
 20
34084.99999999996
 30
0.0
 11
39185.44550649946
 21
34084.99999999996
 31
0.0
1001
REVIT
1002
{
1070
     1
1000
2580251
1002
}
1002
{
1070
     5
1000
2425145
1002
}
1002
{
1070
     3
1000
1035229
1002
}
  0
LINE
  5
534
330
531
100
AcDbEntity
  8
P-SANR-FIXT
100
AcDbLine
 10
39157.43246475188
 20
34101.49999999996
 30
0.0
 11
39193.45854824702
 21
34101.49999999996
 31
0.0
1001
REVIT
1002
{
1070
     1
1000
2580251
1002
}
1002
{
1070
     5
1000
2425145
1002
}
1002
{
1070
     3
1000
1035229
1002
}
  0
LINE
  5
535
330
531
100
AcDbEntity
  8
P-SANR-FIXT
100
AcDbLine
 10
39165.44550649944
 20
34139.99999999994
 30
0.0
 11
39185.44550649946
 21
34139.99999999994
 31
0.0
1001
REVIT
1002
{
1070
     1
1000
2580251
1002
}
1002
{
1070
     5
1000
2425145
1002
}
1002
{
1070
     3
1000
1035229
1002
}
  0
LINE
  5
536
330
531
100
AcDbEntity
  8
P-SANR-FIXT
100
AcDbLine
 10
39168.44738676615
 20
32927.87517753016
 30
0.0
 11
39182.44550649944
 21
32927.87517753016
 31
0.0
1001
REVIT
1002
{
1070
     1
1000
2580251
1002
}
1002
{
1070
     5
1000
2425145
1002
}
1002
{
1070
     3
1000
1035229
1002
}
  0
LINE
  5
537
330
531
100
AcDbEntity
  8
P-SANR-FIXT
100
AcDbLine
 10
39165.44738676615
 20
32967.31106338508
 30
0.0
 11
39185.44550649944
 21
32967.31106338508
 31
0.0
1001
REVIT
1002
{
1070
     1
1000
2580251
1002
}
1002
{
1070
     5
1000
2425145
1002
}
1002
{
1070
     3
1000
1035229
1002
}
  0
ELLIPSE
  5
538
330
531
100
AcDbEntity
  8
P-SANR-FIXT
100
AcDbEllipse
 10
39239.44550649946
 20
33763.6184427414
 30
0.0
 11
59.99999999998545
 21
0.0
 31
0.0
210
0.0
220
0.0
230
1.0
 40
0.9396926209782734
 41
1.570796326794897
 42
3.187104643055524
1001
REVIT
1002
{
1070
     1
1000
2580251
1002
}
1002
{
1070
     5
1000
2425145
1002
}
1002
{
1070
     3
1000
1035229
1002
}
  0
ELLIPSE
  5
539
330
531
100
AcDbEntity
  8
P-SANR-FIXT
100
AcDbEllipse
 10
39239.44550649946
 20
33763.61844274057
 30
0.0
 11
59.99999999997867
 21
0.0
 31
0.0
210
0.0
220
0.0
230
1.0
 40
0.9396926209921997
 41
6.237673317721494
 42
7.853981633974483
1001
REVIT
1002
{
1070
     1
1000
2580251
1002
}
1002
{
1070
     5
1000
2425145
1002
}
1002
{
1070
     3
1000
1035229
1002
}
  0
ELLIPSE
  5
53A
330
531
100
AcDbEntity
  8
P-SANR-FIXT
100
AcDbEllipse
 10
39239.44550649946
 20
33758.48814059099
 30
0.0
 11
59.99999999998514
 21
0.0
 31
0.0
210
0.0
220
0.0
230
1.0
 40
0.9396926207859188
 41
3.096080664123906
 42
3.592619465385733
1001
REVIT
1002
{
1070
     1
1000
2580251
1002
}
1002
{
1070
     5
1000
2425145
1002
}
1002
{
1070
     3
1000
1035229
1002
}
  0
ELLIPSE
  5
53B
330
531
100
AcDbEntity
  8
P-SANR-FIXT
100
AcDbEllipse
 10
39239.44550649946
 20
33758.48814059099
 30
0.0
 11
59.99999999998479
 21
0.0
 31
0.0
210
0.0
220
0.0
230
1.0
 40
0.9396926205755144
 41
4.402706690503329
 42
5.020233364164666
1001
REVIT
1002
{
1070
     1
1000
2580251
1002
}
1002
{
1070
     5
1000
2425145
1002
}
1002
{
1070
     3
1000
1035229
1002
}
  0
LINE
  5
53C
330
531
100
AcDbEntity
  8
P-SANR-FIXT
100
AcDbLine
 10
39203.27671968419
 20
33560.78968951213
 30
0.0
 11
39203.27671968419
 21
33576.20711544165
 31
0.0
1001
REVIT
1002
{
1070
     1
1000
2580251
1002
}
1002
{
1070
     5
1000
2425145
1002
}
1002
{
1070
     3
1000
1035229
1002
}
  0
LINE
  5
53D
330
531
100
AcDbEntity
  8
P-SANR-FIXT
100
AcDbLine
 10
39189.62400755431
 20
33559.98494703001
 30
0.0
 11
39161.1145252908
 21
33559.98494703001
 31
0.0
1001
REVIT
1002
{
1070
     1
1000
2580251
1002
}
1002
{
1070
     5
1000
2425145
1002
}
1002
{
1070
     3
1000
1035229
1002
}
  0
LINE
  5
53E
330
531
100
AcDbEntity
  8
P-SANR-FIXT
100
AcDbLine
 10
39185.44550649947
 20
33577.00000000006
 30
0.0
 11
39165.44550649948
 21
33577.00000000006
 31
0.0
1001
REVIT
1002
{
1070
     1
1000
2580251
1002
}
1002
{
1070
     5
1000
2425145
1002
}
1002
{
1070
     3
1000
1035229
1002
}
  0
LINE
  5
53F
330
531
100
AcDbEntity
  8
P-SANR-FIXT
100
AcDbLine
 10
39252.44546150822
 20
33577.00000000006
 30
0.0
 11
39226.44626025757
 21
33577.00000000006
 31
0.0
1001
REVIT
1002
{
1070
     1
1000
2580251
1002
}
1002
{
1070
     5
1000
2425145
1002
}
1002
{
1070
     3
1000
1035229
1002
}
  0
LINE
  5
540
330
531
100
AcDbEntity
  8
P-SANR-FIXT
100
AcDbLine
 10
39228.09106263017
 20
33560.00000000005
 30
0.0
 11
39251.51686631741
 21
33560.00000000005
 31
0.0
1001
REVIT
1002
{
1070
     1
1000
2580251
1002
}
1002
{
1070
     5
1000
2425145
1002
}
1002
{
1070
     3
1000
1035229
1002
}
  0
LINE
  5
541
330
531
100
AcDbEntity
  8
P-SANR-FIXT
100
AcDbLine
 10
39185.44550649946
 20
33095.7938540863
 30
0.0
 11
39185.44550649946
 21
33105.00000000009
 31
0.0
1001
REVIT
1002
{
1070
     1
1000
2580251
1002
}
1002
{
1070
     5
1000
2425145
1002
}
1002
{
1070
     3
1000
1035229
1002
}
  0
LINE
  5
542
330
531
100
AcDbEntity
  8
P-SANR-FIXT
100
AcDbLine
 10
39185.44550649946
 20
33144.20614591389
 30
0.0
 11
39185.44550649946
 21
33135.00000000009
 31
0.0
1001
REVIT
1002
{
1070
     1
1000
2580251
1002
}
1002
{
1070
     5
1000
2425145
1002
}
1002
{
1070
     3
1000
1035229
1002
}
  0
LINE
  5
543
330
531
100
AcDbEntity
  8
P-SANR-FIXT
100
AcDbLine
 10
39185.44550649946
 20
33510.00000000009
 30
0.0
 11
39165.44738676617
 21
33510.00000000009
 31
0.0
1001
REVIT
1002
{
1070
     1
1000
2580251
1002
}
1002
{
1070
     5
1000
2425145
1002
}
1002
{
1070
     3
1000
1035229
1002
}
  0
LINE
  5
544
330
531
100
AcDbEntity
  8
P-SANR-FIXT
100
AcDbLine
 10
39185.44550649947
 20
33806.10360386053
 30
0.0
 11
39185.44550649947
 21
33788.19459377841
 31
0.0
1001
REVIT
1002
{
1070
     1
1000
2580251
1002
}
1002
{
1070
     5
1000
2425145
1002
}
1002
{
1070
     3
1000
1035229
1002
}
  0
LINE
  5
545
330
531
100
AcDbEntity
  8
P-SANR-FIXT
100
AcDbLine
 10
39185.44550649947
 20
33844.20614591386
 30
0.0
 11
39185.44550649947
 21
33834.91791245663
 31
0.0
1001
REVIT
1002
{
1070
     1
1000
2580251
1002
}
1002
{
1070
     5
1000
2425145
1002
}
1002
{
1070
     3
1000
1035229
1002
}
  0
LINE
  5
546
330
531
100
AcDbEntity
  8
P-SANR-FIXT
100
AcDbLine
 10
39165.44550649946
 20
33105.00000000009
 30
0.0
 11
39191.69550649947
 21
33105.00000000009
 31
0.0
1001
REVIT
1002
{
1070
     1
1000
2580251
1002
}
1002
{
1070
     5
1000
2425145
1002
}
1002
{
1070
     3
1000
1035229
1002
}
  0
LINE
  5
547
330
531
100
AcDbEntity
  8
P-SANR-FIXT
100
AcDbLine
 10
39191.69550649947
 20
33135.00000000009
 30
0.0
 11
39165.44550649946
 21
33135.00000000009
 31
0.0
1001
REVIT
1002
{
1070
     1
1000
2580251
1002
}
1002
{
1070
     5
1000
2425145
1002
}
1002
{
1070
     3
1000
1035229
1002
}
  0
ARC
  5
548
330
531
100
AcDbEntity
  8
P-SANR-FIXT
100
AcDbCircle
 10
39191.69550649947
 20
33120.00000000009
 30
0.0
 40
15.0
100
AcDbArc
 50
269.9999999999997
 51
90.0
1001
REVIT
1002
{
1070
     1
1000
2580251
1002
}
1002
{
1070
     5
1000
2425145
1002
}
1002
{
1070
     3
1000
1035229
1002
}
  0
LINE
  5
549
330
531
100
AcDbEntity
  8
P-SANR-FIXT
100
AcDbLine
 10
39248.44550649943
 20
33549.85005558557
 30
0.0
 11
39228.44550649944
 21
33549.85005558557
 31
0.0
1001
REVIT
1002
{
1070
     1
1000
2580251
1002
}
1002
{
1070
     5
1000
2425145
1002
}
1002
{
1070
     3
1000
1035229
1002
}
  0
LINE
  5
54A
330
531
100
AcDbEntity
  8
P-SANR-FIXT
100
AcDbLine
 10
39164.55173578617
 20
33806.10360386053
 30
0.0
 11
39186.04836790257
 21
33806.10360386053
 31
0.0
1001
REVIT
1002
{
1070
     1
1000
2580251
1002
}
1002
{
1070
     5
1000
2425145
1002
}
1002
{
1070
     3
1000
1035229
1002
}
  0
ARC
  5
54B
330
531
100
AcDbEntity
  8
P-SANR-FIXT
100
AcDbCircle
 10
39191.69550649947
 20
33820.00000000008
 30
0.0
 40
15.0
100
AcDbArc
 50
90.0
 51
95.99692870637492
1001
REVIT
1002
{
1070
     1
1000
2580251
1002
}
1002
{
1070
     5
1000
2425145
1002
}
1002
{
1070
     3
1000
1035229
1002
}
  0
LINE
  5
54C
330
531
100
AcDbEntity
  8
P-SANR-FIXT
100
AcDbLine
 10
39190.12837921077
 20
33834.91791245663
 30
0.0
 11
39164.55173578617
 21
33834.91791245663
 31
0.0
1001
REVIT
1002
{
1070
     1
1000
2580251
1002
}
1002
{
1070
     5
1000
2425145
1002
}
1002
{
1070
     3
1000
1035229
1002
}
  0
ELLIPSE
  5
54D
330
531
100
AcDbEntity
  8
P-SANR-FIXT
100
AcDbEllipse
 10
39239.44550649946
 20
33758.48814059099
 30
0.0
 11
59.99999999997804
 21
0.0
 31
0.0
210
0.0
220
0.0
230
1.0
 40
0.9396926207859346
 41
0.0455119894580063
 42
3.096080664123907
1001
REVIT
1002
{
1070
     1
1000
2580251
1002
}
1002
{
1070
     5
1000
2425145
1002
}
1002
{
1070
     3
1000
1035229
1002
}
  0
LINE
  5
54E
330
531
100
AcDbEntity
  8
P-SANR-FIXT
100
AcDbLine
 10
39299.46924230791
 20
34087.55823737789
 30
0.0
 11
39051.42177069099
 21
34087.55823737789
 31
0.0
1001
REVIT
1002
{
1070
     1
1000
2580251
1002
}
1002
{
1070
     5
1000
2425145
1002
}
1002
{
1070
     3
1000
1035229
1002
}
  0
LINE
  5
54F
330
531
100
AcDbEntity
  8
P-SANR-FIXT
100
AcDbLine
 10
39051.42177069099
 20
34090.40429308259
 30
0.0
 11
39299.46924230791
 21
34090.40429308259
 31
0.0
1001
REVIT
1002
{
1070
     1
1000
2580251
1002
}
1002
{
1070
     5
1000
2425145
1002
}
1002
{
1070
     3
1000
1035229
1002
}
  0
ARC
  5
550
330
531
100
AcDbEntity
  8
P-SANR-FIXT
100
AcDbCircle
 10
39188.13057577941
 20
34123.29739999995
 30
0.0
 40
3.582745282247304
100
AcDbArc
 50
138.5422945369683
 51
221.4577054630313
1001
REVIT
1002
{
1070
     1
1000
2580251
1002
}
1002
{
1070
     5
1000
2425145
1002
}
1002
{
1070
     3
1000
1035229
1002
}
  0
ARC
  5
551
330
531
100
AcDbEntity
  8
P-SANR-FIXT
100
AcDbCircle
 10
39162.76240468388
 20
34123.29739999995
 30
0.0
 40
3.581271013474954
100
AcDbArc
 50
318.5214547020319
 51
41.47854529805495
1001
REVIT
1002
{
1070
     1
1000
2580251
1002
}
1002
{
1070
     5
1000
2425145
1002
}
1002
{
1070
     3
1000
1035229
1002
}
  0
LINE
  5
552
330
531
100
AcDbEntity
  8
P-SANR-FIXT
100
AcDbLine
 10
39184.42520282546
 20
34139.99999999994
 30
0.0
 11
39184.42520282546
 21
34136.99999999994
 31
0.0
1001
REVIT
1002
{
1070
     1
1000
2580251
1002
}
1002
{
1070
     5
1000
2425145
1002
}
1002
{
1070
     3
1000
1035229
1002
}
  0
LINE
  5
553
330
531
100
AcDbEntity
  8
P-SANR-FIXT
100
AcDbLine
 10
39166.46581017343
 20
34139.99999999994
 30
0.0
 11
39166.46581017343
 21
34136.99999999994
 31
0.0
1001
REVIT
1002
{
1070
     1
1000
2580251
1002
}
1002
{
1070
     5
1000
2425145
1002
}
1002
{
1070
     3
1000
1035229
1002
}
  0
LINE
  5
554
330
531
100
AcDbEntity
  8
P-SANR-FIXT
100
AcDbLine
 10
39186.80572772346
 20
34120.29740000007
 30
0.0
 11
39164.08528527543
 21
34120.29740000007
 31
0.0
1001
REVIT
1002
{
1070
     1
1000
2580251
1002
}
1002
{
1070
     5
1000
2425145
1002
}
1002
{
1070
     3
1000
1035229
1002
}
  0
LINE
  5
555
330
531
100
AcDbEntity
  8
P-SANR-FIXT
100
AcDbLine
 10
39164.11113149944
 20
34126.29739999995
 30
0.0
 11
39186.80572772346
 21
34126.29739999995
 31
0.0
1001
REVIT
1002
{
1070
     1
1000
2580251
1002
}
1002
{
1070
     5
1000
2425145
1002
}
1002
{
1070
     3
1000
1035229
1002
}
  0
LINE
  5
556
330
531
100
AcDbEntity
  8
P-SANR-FIXT
100
AcDbLine
 10
39185.44550649946
 20
34136.99999999994
 30
0.0
 11
39165.44550649944
 21
34136.99999999994
 31
0.0
1001
REVIT
1002
{
1070
     1
1000
2580251
1002
}
1002
{
1070
     5
1000
2425145
1002
}
1002
{
1070
     3
1000
1035229
1002
}
  0
LINE
  5
557
330
531
100
AcDbEntity
  8
P-SANR-FIXT
100
AcDbLine
 10
39168.44738676615
 20
32964.01106338507
 30
0.0
 11
39182.44550649944
 21
32964.01106338507
 31
0.0
1001
REVIT
1002
{
1070
     1
1000
2580251
1002
}
1002
{
1070
     5
1000
2425145
1002
}
1002
{
1070
     3
1000
1035229
1002
}
  0
LINE
  5
558
330
531
100
AcDbEntity
  8
P-SANR-FIXT
100
AcDbLine
 10
39168.44738676615
 20
32964.81106338508
 30
0.0
 11
39182.44550649944
 21
32964.81106338508
 31
0.0
1001
REVIT
1002
{
1070
     1
1000
2580251
1002
}
1002
{
1070
     5
1000
2425145
1002
}
1002
{
1070
     3
1000
1035229
1002
}
  0
LINE
  5
559
330
531
100
AcDbEntity
  8
P-SANR-FIXT
100
AcDbLine
 10
39204.07306422118
 20
33576.20711544165
 30
0.0
 11
39204.07306422118
 21
33560.78968951213
 31
0.0
1001
REVIT
1002
{
1070
     1
1000
2580251
1002
}
1002
{
1070
     5
1000
2425145
1002
}
1002
{
1070
     3
1000
1035229
1002
}
  0
LINE
  5
55A
330
531
100
AcDbEntity
  8
P-SANR-FIXT
100
AcDbLine
 10
39189.62400755431
 20
33559.0775488835
 30
0.0
 11
39161.1145252908
 21
33559.0775488835
 31
0.0
1001
REVIT
1002
{
1070
     1
1000
2580251
1002
}
1002
{
1070
     5
1000
2425145
1002
}
1002
{
1070
     3
1000
1035229
1002
}
  0
LINE
  5
55B
330
531
100
AcDbEntity
  8
P-SANR-FIXT
100
AcDbLine
 10
39252.52752146356
 20
33579.02375275824
 30
0.0
 11
39226.4334053451
 21
33579.02375275824
 31
0.0
1001
REVIT
1002
{
1070
     1
1000
2580251
1002
}
1002
{
1070
     5
1000
2425145
1002
}
1002
{
1070
     3
1000
1035229
1002
}
  0
ARC
  5
55C
330
531
100
AcDbEntity
  8
P-SANR-FIXT
100
AcDbCircle
 10
39191.69550649947
 20
33820.00000000008
 30
0.0
 40
9.999999999993904
100
AcDbArc
 50
270.2978856860771
 51
269.9999999999997
1001
REVIT
1002
{
1070
     1
1000
2580251
1002
}
1002
{
1070
     5
1000
2425145
1002
}
1002
{
1070
     3
1000
1035229
1002
}
  0
LINE
  5
55D
330
531
100
AcDbEntity
  8
P-SANR-FIXT
100
AcDbLine
 10
39165.44550649946
 20
33834.91791245662
 30
0.0
 11
39165.44550649946
 21
34084.99999999995
 31
0.0
1001
REVIT
1002
{
1070
     1
1000
2580251
1002
}
1002
{
1070
     5
1000
2425145
1002
}
1002
{
1070
     3
1000
1035229
1002
}
  0
LINE
  5
55E
330
531
100
AcDbEntity
  8
P-SANR-FIXT
100
AcDbLine
 10
39165.44550649946
 20
34084.99999999995
 30
0.0
 11
39050.44550649945
 21
34084.99999999995
 31
0.0
1001
REVIT
1002
{
1070
     1
1000
2580251
1002
}
1002
{
1070
     5
1000
2425145
1002
}
1002
{
1070
     3
1000
1035229
1002
}
  0
LINE
  5
55F
330
531
100
AcDbEntity
  8
P-SANR-FIXT
100
AcDbLine
 10
39050.44550649945
 20
34084.99999999995
 30
0.0
 11
39050.44550649945
 21
34087.55823737778
 31
0.0
1001
REVIT
1002
{
1070
     1
1000
2580251
1002
}
1002
{
1070
     5
1000
2425145
1002
}
1002
{
1070
     3
1000
1035229
1002
}
  0
LINE
  5
560
330
531
100
AcDbEntity
  8
P-SANR-FIXT
100
AcDbLine
 10
39050.44550649945
 20
34087.55823737778
 30
0.0
 11
39051.42177069099
 21
34087.55823737778
 31
0.0
1001
REVIT
1002
{
1070
     1
1000
2580251
1002
}
1002
{
1070
     5
1000
2425145
1002
}
1002
{
1070
     3
1000
1035229
1002
}
  0
LINE
  5
561
330
531
100
AcDbEntity
  8
P-SANR-FIXT
100
AcDbLine
 10
39051.42177069099
 20
34087.55823737778
 30
0.0
 11
39051.42177069099
 21
34090.4042930826
 31
0.0
1001
REVIT
1002
{
1070
     1
1000
2580251
1002
}
1002
{
1070
     5
1000
2425145
1002
}
1002
{
1070
     3
1000
1035229
1002
}
  0
LINE
  5
562
330
531
100
AcDbEntity
  8
P-SANR-FIXT
100
AcDbLine
 10
39051.42177069099
 20
34090.4042930826
 30
0.0
 11
39050.44550649945
 21
34090.4042930826
 31
0.0
1001
REVIT
1002
{
1070
     1
1000
2580251
1002
}
1002
{
1070
     5
1000
2425145
1002
}
1002
{
1070
     3
1000
1035229
1002
}
  0
LINE
  5
563
330
531
100
AcDbEntity
  8
P-SANR-FIXT
100
AcDbLine
 10
39050.44550649945
 20
34090.4042930826
 30
0.0
 11
39050.44550649945
 21
34101.49999999996
 31
0.0
1001
REVIT
1002
{
1070
     1
1000
2580251
1002
}
1002
{
1070
     5
1000
2425145
1002
}
1002
{
1070
     3
1000
1035229
1002
}
  0
LINE
  5
564
330
531
100
AcDbEntity
  8
P-SANR-FIXT
100
AcDbLine
 10
39050.44550649945
 20
34101.49999999996
 30
0.0
 11
39157.43246475189
 21
34101.49999999996
 31
0.0
1001
REVIT
1002
{
1070
     1
1000
2580251
1002
}
1002
{
1070
     5
1000
2425145
1002
}
1002
{
1070
     3
1000
1035229
1002
}
  0
LINE
  5
565
330
531
100
AcDbEntity
  8
P-SANR-FIXT
100
AcDbLine
 10
39157.43246475189
 20
34101.49999999996
 30
0.0
 11
39158.30190649946
 21
34118.44999999996
 31
0.0
1001
REVIT
1002
{
1070
     1
1000
2580251
1002
}
1002
{
1070
     5
1000
2425145
1002
}
1002
{
1070
     3
1000
1035229
1002
}
  0
ARC
  5
566
330
531
100
AcDbEntity
  8
P-SANR-FIXT
100
AcDbCircle
 10
39160.25065179176
 20
34118.35004008771
 30
0.0
 40
1.951307304939858
100
AcDbArc
 50
93.64504758118265
 51
177.0636152583047
1001
REVIT
1002
{
1070
     1
1000
2580251
1002
}
1002
{
1070
     5
1000
2425145
1002
}
1002
{
1070
     3
1000
1035229
1002
}
  0
LINE
  5
567
330
531
100
AcDbEntity
  8
P-SANR-FIXT
100
AcDbLine
 10
39160.12659708406
 20
34120.29739999995
 30
0.0
 11
39164.08528527543
 21
34120.29739999995
 31
0.0
1001
REVIT
1002
{
1070
     1
1000
2580251
1002
}
1002
{
1070
     5
1000
2425145
1002
}
1002
{
1070
     3
1000
1035229
1002
}
  0
ARC
  5
568
330
531
100
AcDbEntity
  8
P-SANR-FIXT
100
AcDbCircle
 10
39164.02891303634
 20
34122.1528567364
 30
0.0
 40
1.856312885835025
100
AcDbArc
 50
271.7402174226293
 51
319.740217422987
1001
REVIT
1002
{
1070
     1
1000
2580251
1002
}
1002
{
1070
     5
1000
2425145
1002
}
1002
{
1070
     3
1000
1035229
1002
}
  0
LINE
  5
569
330
531
100
AcDbEntity
  8
P-SANR-FIXT
100
AcDbLine
 10
39165.44550649946
 20
34120.95320658306
 30
0.0
 11
39165.44550649946
 21
34125.66941743651
 31
0.0
1001
REVIT
1002
{
1070
     1
1000
2580251
1002
}
1002
{
1070
     5
1000
2425145
1002
}
1002
{
1070
     3
1000
1035229
1002
}
  0
ARC
  5
56A
330
531
100
AcDbEntity
  8
P-SANR-FIXT
100
AcDbCircle
 10
39163.75832398307
 20
34123.81606215609
 30
0.0
 40
2.506294204399019
100
AcDbArc
 50
47.68716697012844
 51
81.90767598367705
1001
REVIT
1002
{
1070
     1
1000
2580251
1002
}
1002
{
1070
     5
1000
2425145
1002
}
1002
{
1070
     3
1000
1035229
1002
}
  0
LINE
  5
56B
330
531
100
AcDbEntity
  8
P-SANR-FIXT
100
AcDbLine
 10
39164.11113149946
 20
34126.29739999995
 30
0.0
 11
39163.31113149946
 21
34126.29739999995
 31
0.0
1001
REVIT
1002
{
1070
     1
1000
2580251
1002
}
1002
{
1070
     5
1000
2425145
1002
}
1002
{
1070
     3
1000
1035229
1002
}
  0
ARC
  5
56C
330
531
100
AcDbEntity
  8
P-SANR-FIXT
100
AcDbCircle
 10
39163.31113149946
 20
34126.89739999995
 30
0.0
 40
0.5999999999985448
100
AcDbArc
 50
180.0
 51
269.9999999999997
1001
REVIT
1002
{
1070
     1
1000
2580251
1002
}
1002
{
1070
     5
1000
2425145
1002
}
1002
{
1070
     3
1000
1035229
1002
}
  0
LINE
  5
56D
330
531
100
AcDbEntity
  8
P-SANR-FIXT
100
AcDbLine
 10
39162.71113149946
 20
34126.89739999995
 30
0.0
 11
39162.71113149946
 21
34136.39999999994
 31
0.0
1001
REVIT
1002
{
1070
     1
1000
2580251
1002
}
1002
{
1070
     5
1000
2425145
1002
}
1002
{
1070
     3
1000
1035229
1002
}
  0
ARC
  5
56E
330
531
100
AcDbEntity
  8
P-SANR-FIXT
100
AcDbCircle
 10
39163.31113149946
 20
34136.39999999994
 30
0.0
 40
0.5999999999985448
100
AcDbArc
 50
90.0
 51
180.0
1001
REVIT
1002
{
1070
     1
1000
2580251
1002
}
1002
{
1070
     5
1000
2425145
1002
}
1002
{
1070
     3
1000
1035229
1002
}
  0
LINE
  5
56F
330
531
100
AcDbEntity
  8
P-SANR-FIXT
100
AcDbLine
 10
39163.31113149946
 20
34136.99999999994
 30
0.0
 11
39165.44550649946
 21
34136.99999999994
 31
0.0
1001
REVIT
1002
{
1070
     1
1000
2580251
1002
}
1002
{
1070
     5
1000
2425145
1002
}
1002
{
1070
     3
1000
1035229
1002
}
  0
LINE
  5
570
330
531
100
AcDbEntity
  8
P-SANR-FIXT
100
AcDbLine
 10
39165.44550649946
 20
34136.99999999994
 30
0.0
 11
39165.44550649946
 21
34139.99999999994
 31
0.0
1001
REVIT
1002
{
1070
     1
1000
2580251
1002
}
1002
{
1070
     5
1000
2425145
1002
}
1002
{
1070
     3
1000
1035229
1002
}
  0
LINE
  5
571
330
531
100
AcDbEntity
  8
P-SANR-FIXT
100
AcDbLine
 10
39165.44550649946
 20
34139.99999999994
 30
0.0
 11
39162.44550649946
 21
34139.99999999994
 31
0.0
1001
REVIT
1002
{
1070
     1
1000
2580251
1002
}
1002
{
1070
     5
1000
2425145
1002
}
1002
{
1070
     3
1000
1035229
1002
}
  0
LINE
  5
572
330
531
100
AcDbEntity
  8
P-SANR-FIXT
100
AcDbLine
 10
39162.44550649946
 20
34139.99999999994
 30
0.0
 11
39162.44550649946
 21
34164.99999999994
 31
0.0
1001
REVIT
1002
{
1070
     1
1000
2580251
1002
}
1002
{
1070
     5
1000
2425145
1002
}
1002
{
1070
     3
1000
1035229
1002
}
  0
LINE
  5
573
330
531
100
AcDbEntity
  8
P-SANR-FIXT
100
AcDbLine
 10
39162.44550649946
 20
34164.99999999994
 30
0.0
 11
39188.44550649946
 21
34164.99999999994
 31
0.0
1001
REVIT
1002
{
1070
     1
1000
2580251
1002
}
1002
{
1070
     5
1000
2425145
1002
}
1002
{
1070
     3
1000
1035229
1002
}
  0
LINE
  5
574
330
531
100
AcDbEntity
  8
P-SANR-FIXT
100
AcDbLine
 10
39188.44550649946
 20
34164.99999999994
 30
0.0
 11
39188.44550649946
 21
34139.99999999992
 31
0.0
1001
REVIT
1002
{
1070
     1
1000
2580251
1002
}
1002
{
1070
     5
1000
2425145
1002
}
1002
{
1070
     3
1000
1035229
1002
}
  0
LINE
  5
575
330
531
100
AcDbEntity
  8
P-SANR-FIXT
100
AcDbLine
 10
39188.44550649946
 20
34139.99999999992
 30
0.0
 11
39185.44550649946
 21
34139.99999999992
 31
0.0
1001
REVIT
1002
{
1070
     1
1000
2580251
1002
}
1002
{
1070
     5
1000
2425145
1002
}
1002
{
1070
     3
1000
1035229
1002
}
  0
LINE
  5
576
330
531
100
AcDbEntity
  8
P-SANR-FIXT
100
AcDbLine
 10
39185.44550649946
 20
34139.99999999992
 30
0.0
 11
39185.44550649946
 21
34136.99999999992
 31
0.0
1001
REVIT
1002
{
1070
     1
1000
2580251
1002
}
1002
{
1070
     5
1000
2425145
1002
}
1002
{
1070
     3
1000
1035229
1002
}
  0
LINE
  5
577
330
531
100
AcDbEntity
  8
P-SANR-FIXT
100
AcDbLine
 10
39185.44550649946
 20
34136.99999999992
 30
0.0
 11
39187.57988149946
 21
34136.99999999992
 31
0.0
1001
REVIT
1002
{
1070
     1
1000
2580251
1002
}
1002
{
1070
     5
1000
2425145
1002
}
1002
{
1070
     3
1000
1035229
1002
}
  0
ARC
  5
578
330
531
100
AcDbEntity
  8
P-SANR-FIXT
100
AcDbCircle
 10
39187.57988149946
 20
34136.39999999992
 30
0.0
 40
0.5999999999985448
100
AcDbArc
 50
0.0
 51
90.0
1001
REVIT
1002
{
1070
     1
1000
2580251
1002
}
1002
{
1070
     5
1000
2425145
1002
}
1002
{
1070
     3
1000
1035229
1002
}
  0
LINE
  5
579
330
531
100
AcDbEntity
  8
P-SANR-FIXT
100
AcDbLine
 10
39188.17988149946
 20
34136.39999999992
 30
0.0
 11
39188.17988149946
 21
34126.89739999993
 31
0.0
1001
REVIT
1002
{
1070
     1
1000
2580251
1002
}
1002
{
1070
     5
1000
2425145
1002
}
1002
{
1070
     3
1000
1035229
1002
}
  0
ARC
  5
57A
330
531
100
AcDbEntity
  8
P-SANR-FIXT
100
AcDbCircle
 10
39187.57988149946
 20
34126.89739999993
 30
0.0
 40
0.5999999999985448
100
AcDbArc
 50
269.9999999999997
 51
0.0
1001
REVIT
1002
{
1070
     1
1000
2580251
1002
}
1002
{
1070
     5
1000
2425145
1002
}
1002
{
1070
     3
1000
1035229
1002
}
  0
LINE
  5
57B
330
531
100
AcDbEntity
  8
P-SANR-FIXT
100
AcDbLine
 10
39187.57988149946
 20
34126.29739999993
 30
0.0
 11
39186.77988149946
 21
34126.29739999993
 31
0.0
1001
REVIT
1002
{
1070
     1
1000
2580251
1002
}
1002
{
1070
     5
1000
2425145
1002
}
1002
{
1070
     3
1000
1035229
1002
}
  0
ARC
  5
57C
330
531
100
AcDbEntity
  8
P-SANR-FIXT
100
AcDbCircle
 10
39187.13268901583
 20
34123.81606215607
 30
0.0
 40
2.506294204390848
100
AcDbArc
 50
98.0923240161797
 51
132.312833029814
1001
REVIT
1002
{
1070
     1
1000
2580251
1002
}
1002
{
1070
     5
1000
2425145
1002
}
1002
{
1070
     3
1000
1035229
1002
}
  0
LINE
  5
57D
330
531
100
AcDbEntity
  8
P-SANR-FIXT
100
AcDbLine
 10
39185.44550649946
 20
34125.66941743648
 30
0.0
 11
39185.44550649946
 21
34120.95320658307
 31
0.0
1001
REVIT
1002
{
1070
     1
1000
2580251
1002
}
1002
{
1070
     5
1000
2425145
1002
}
1002
{
1070
     3
1000
1035229
1002
}
  0
ARC
  5
57E
330
531
100
AcDbEntity
  8
P-SANR-FIXT
100
AcDbCircle
 10
39186.86209996258
 20
34122.15285673637
 30
0.0
 40
1.856312885849212
100
AcDbArc
 50
220.2597825761877
 51
268.2597825769325
1001
REVIT
1002
{
1070
     1
1000
2580251
1002
}
1002
{
1070
     5
1000
2425145
1002
}
1002
{
1070
     3
1000
1035229
1002
}
  0
LINE
  5
57F
330
531
100
AcDbEntity
  8
P-SANR-FIXT
100
AcDbLine
 10
39186.80572772347
 20
34120.29739999995
 30
0.0
 11
39190.76441591486
 21
34120.29739999995
 31
0.0
1001
REVIT
1002
{
1070
     1
1000
2580251
1002
}
1002
{
1070
     5
1000
2425145
1002
}
1002
{
1070
     3
1000
1035229
1002
}
  0
ARC
  5
580
330
531
100
AcDbEntity
  8
P-SANR-FIXT
100
AcDbCircle
 10
39190.64036120716
 20
34118.35004008771
 30
0.0
 40
1.951307304933271
100
AcDbArc
 50
2.936384741695271
 51
86.35495241881736
1001
REVIT
1002
{
1070
     1
1000
2580251
1002
}
1002
{
1070
     5
1000
2425145
1002
}
1002
{
1070
     3
1000
1035229
1002
}
  0
LINE
  5
581
330
531
100
AcDbEntity
  8
P-SANR-FIXT
100
AcDbLine
 10
39192.58910649946
 20
34118.44999999996
 30
0.0
 11
39193.45854824702
 21
34101.49999999996
 31
0.0
1001
REVIT
1002
{
1070
     1
1000
2580251
1002
}
1002
{
1070
     5
1000
2425145
1002
}
1002
{
1070
     3
1000
1035229
1002
}
  0
LINE
  5
582
330
531
100
AcDbEntity
  8
P-SANR-FIXT
100
AcDbLine
 10
39193.45854824702
 20
34101.49999999996
 30
0.0
 11
39300.44550649944
 21
34101.49999999996
 31
0.0
1001
REVIT
1002
{
1070
     1
1000
2580251
1002
}
1002
{
1070
     5
1000
2425145
1002
}
1002
{
1070
     3
1000
1035229
1002
}
  0
LINE
  5
583
330
531
100
AcDbEntity
  8
P-SANR-FIXT
100
AcDbLine
 10
39300.44550649944
 20
34101.49999999996
 30
0.0
 11
39300.44550649944
 21
34090.4042930826
 31
0.0
1001
REVIT
1002
{
1070
     1
1000
2580251
1002
}
1002
{
1070
     5
1000
2425145
1002
}
1002
{
1070
     3
1000
1035229
1002
}
  0
LINE
  5
584
330
531
100
AcDbEntity
  8
P-SANR-FIXT
100
AcDbLine
 10
39300.44550649944
 20
34090.4042930826
 30
0.0
 11
39299.46924230791
 21
34090.4042930826
 31
0.0
1001
REVIT
1002
{
1070
     1
1000
2580251
1002
}
1002
{
1070
     5
1000
2425145
1002
}
1002
{
1070
     3
1000
1035229
1002
}
  0
LINE
  5
585
330
531
100
AcDbEntity
  8
P-SANR-FIXT
100
AcDbLine
 10
39299.46924230791
 20
34090.4042930826
 30
0.0
 11
39299.46924230791
 21
34087.55823737778
 31
0.0
1001
REVIT
1002
{
1070
     1
1000
2580251
1002
}
1002
{
1070
     5
1000
2425145
1002
}
1002
{
1070
     3
1000
1035229
1002
}
  0
LINE
  5
586
330
531
100
AcDbEntity
  8
P-SANR-FIXT
100
AcDbLine
 10
39299.46924230791
 20
34087.55823737778
 30
0.0
 11
39300.44550649944
 21
34087.55823737778
 31
0.0
1001
REVIT
1002
{
1070
     1
1000
2580251
1002
}
1002
{
1070
     5
1000
2425145
1002
}
1002
{
1070
     3
1000
1035229
1002
}
  0
LINE
  5
587
330
531
100
AcDbEntity
  8
P-SANR-FIXT
100
AcDbLine
 10
39300.44550649944
 20
34087.55823737778
 30
0.0
 11
39300.44550649944
 21
34084.99999999995
 31
0.0
1001
REVIT
1002
{
1070
     1
1000
2580251
1002
}
1002
{
1070
     5
1000
2425145
1002
}
1002
{
1070
     3
1000
1035229
1002
}
  0
LINE
  5
588
330
531
100
AcDbEntity
  8
P-SANR-FIXT
100
AcDbLine
 10
39300.44550649944
 20
34084.99999999995
 30
0.0
 11
39185.44550649946
 21
34084.99999999995
 31
0.0
1001
REVIT
1002
{
1070
     1
1000
2580251
1002
}
1002
{
1070
     5
1000
2425145
1002
}
1002
{
1070
     3
1000
1035229
1002
}
  0
LINE
  5
589
330
531
100
AcDbEntity
  8
P-SANR-FIXT
100
AcDbLine
 10
39185.44550649946
 20
34084.99999999995
 30
0.0
 11
39185.44550649946
 21
33844.20614591385
 31
0.0
1001
REVIT
1002
{
1070
     1
1000
2580251
1002
}
1002
{
1070
     5
1000
2425145
1002
}
1002
{
1070
     3
1000
1035229
1002
}
  0
ARC
  5
58A
330
531
100
AcDbEntity
  8
P-SANR-FIXT
100
AcDbCircle
 10
39191.69550649946
 20
33820.00000000006
 30
0.0
 40
25.00000000000211
100
AcDbArc
 50
349.9585560449208
 51
104.4775121859287
1001
REVIT
1002
{
1070
     1
1000
2580251
1002
}
1002
{
1070
     5
1000
2425145
1002
}
1002
{
1070
     3
1000
1035229
1002
}
  0
SPLINE
  5
58B
330
531
100
AcDbEntity
  8
P-SANR-FIXT
100
AcDbSpline
210
0.0
220
0.0
230
1.0
 70
     8
 71
     3
 72
     9
 73
     5
 74
     0
 42
0.000000001
 43
0.0000000001
 40
0.0
 40
0.0
 40
0.0
 40
0.0
 40
0.5
 40
1.0
 40
1.0
 40
1.0
 40
1.0
 10
39216.31255374578
 20
33815.64098808536
 30
0.0
 10
39220.85032171323
 20
33817.4057585062
 30
0.0
 10
39230.10409080355
 20
33819.86217528941
 30
0.0
 10
39239.71432620475
 20
33820.17234395565
 30
0.0
 10
39244.60856048305
 20
33819.79086625954
 30
0.0
1001
REVIT
1002
{
1070
     1
1000
2580251
1002
}
1002
{
1070
     5
1000
2425145
1002
}
1002
{
1070
     3
1000
1035229
1002
}
  0
SPLINE
  5
58C
330
531
100
AcDbEntity
  8
P-SANR-FIXT
100
AcDbSpline
210
0.0
220
0.0
230
1.0
 70
     8
 71
     3
 72
    16
 73
    12
 74
     0
 42
0.000000001
 43
0.0000000001
 40
0.0
 40
0.0
 40
0.0
 40
0.0
 40
0.1428571428571428
 40
0.2857142857142857
 40
0.4285714285714285
 40
0.5714285714285714
 40
0.6785714285714286
 40
0.7857142857142857
 40
0.8392857142857142
 40
0.8928571428571428
 40
1.0
 40
1.0
 40
1.0
 40
1.0
 10
39244.60856048305
 20
33819.79086625954
 30
0.0
 10
39249.03144984992
 20
33819.42121168284
 30
0.0
 10
39257.56159164746
 20
33817.83940737901
 30
0.0
 10
39269.68013573477
 20
33812.8425149607
 30
0.0
 10
39280.3112846144
 20
33805.51153811378
 30
0.0
 10
39288.28120703721
 20
33796.97217095053
 30
0.0
 10
39293.8179990824
 20
33788.04567889544
 30
0.0
 10
39296.73343345953
 20
33780.85512247159
 30
0.0
 10
39298.31475006163
 20
33774.83489015685
 30
0.0
 10
39299.34426688861
 20
33768.80836274442
 30
0.0
 10
39299.52640572597
 20
33764.17982635422
 30
0.0
 10
39299.38337698931
 20
33761.05329167694
 30
0.0
1001
REVIT
1002
{
1070
     1
1000
2580251
1002
}
1002
{
1070
     5
1000
2425145
1002
}
1002
{
1070
     3
1000
1035229
1002
}
  0
SPLINE
  5
58D
330
531
100
AcDbEntity
  8
P-SANR-FIXT
100
AcDbSpline
210
0.0
220
0.0
230
1.0
 70
     8
 71
     3
 72
    13
 73
     9
 74
     0
 42
0.000000001
 43
0.0000000001
 40
0.0
 40
0.0
 40
0.0
 40
0.0
 40
0.1666666666666667
 40
0.3333333333333333
 40
0.5
 40
0.6666666666666666
 40
0.8333333333333333
 40
1.0
 40
1.0
 40
1.0
 40
1.0
 10
39299.38337698931
 20
33761.05329167694
 30
0.0
 10
39299.57369696849
 20
33756.89471324224
 30
0.0
 10
39299.02833788278
 20
33748.75960886991
 30
0.0
 10
39295.36641648149
 20
33736.84043137938
 30
0.0
 10
39289.05826922909
 20
33725.99276822663
 30
0.0
 10
39280.41057233174
 20
33716.67746353819
 30
0.0
 10
39269.77732109229
 20
33709.32436837376
 30
0.0
 10
39261.84371635454
 20
33706.02841788973
 30
0.0
 10
39257.62581031474
 20
33704.75713978109
 30
0.0
1001
REVIT
1002
{
1070
     1
1000
2580251
1002
}
1002
{
1070
     5
1000
2425145
1002
}
1002
{
1070
     3
1000
1035229
1002
}
  0
LINE
  5
58E
330
531
100
AcDbEntity
  8
P-SANR-FIXT
100
AcDbLine
 10
39257.62581031474
 20
33704.75713978109
 30
0.0
 11
39252.44546150822
 21
33577.00000000006
 31
0.0
1001
REVIT
1002
{
1070
     1
1000
2580251
1002
}
1002
{
1070
     5
1000
2425145
1002
}
1002
{
1070
     3
1000
1035229
1002
}
  0
LINE
  5
58F
330
531
100
AcDbEntity
  8
P-SANR-FIXT
100
AcDbLine
 10
39252.44546150822
 20
33577.00000000006
 30
0.0
 11
39254.22754923968
 21
33577.00000000006
 31
0.0
1001
REVIT
1002
{
1070
     1
1000
2580251
1002
}
1002
{
1070
     5
1000
2425145
1002
}
1002
{
1070
     3
1000
1035229
1002
}
  0
LINE
  5
590
330
531
100
AcDbEntity
  8
P-SANR-FIXT
100
AcDbLine
 10
39254.22754923968
 20
33577.00000000006
 30
0.0
 11
39254.22754923968
 21
33560.00000000005
 31
0.0
1001
REVIT
1002
{
1070
     1
1000
2580251
1002
}
1002
{
1070
     5
1000
2425145
1002
}
1002
{
1070
     3
1000
1035229
1002
}
  0
LINE
  5
591
330
531
100
AcDbEntity
  8
P-SANR-FIXT
100
AcDbLine
 10
39254.22754923968
 20
33560.00000000005
 30
0.0
 11
39250.79995036868
 21
33560.00000000005
 31
0.0
1001
REVIT
1002
{
1070
     1
1000
2580251
1002
}
1002
{
1070
     5
1000
2425145
1002
}
1002
{
1070
     3
1000
1035229
1002
}
  0
LINE
  5
592
330
531
100
AcDbEntity
  8
P-SANR-FIXT
100
AcDbLine
 10
39250.79995036868
 20
33560.00000000005
 30
0.0
 11
39250.44550649944
 21
33549.85005558557
 31
0.0
1001
REVIT
1002
{
1070
     1
1000
2580251
1002
}
1002
{
1070
     5
1000
2425145
1002
}
1002
{
1070
     3
1000
1035229
1002
}
  0
LINE
  5
593
330
531
100
AcDbEntity
  8
P-SANR-FIXT
100
AcDbLine
 10
39250.44550649944
 20
33549.85005558557
 30
0.0
 11
39246.44550649943
 21
33549.85005558557
 31
0.0
1001
REVIT
1002
{
1070
     1
1000
2580251
1002
}
1002
{
1070
     5
1000
2425145
1002
}
1002
{
1070
     3
1000
1035229
1002
}
  0
LINE
  5
594
330
531
100
AcDbEntity
  8
P-SANR-FIXT
100
AcDbLine
 10
39246.44550649943
 20
33549.85005558557
 30
0.0
 11
39246.44550649943
 21
32572.33809000056
 31
0.0
1001
REVIT
1002
{
1070
     1
1000
2580251
1002
}
1002
{
1070
     5
1000
2425145
1002
}
1002
{
1070
     3
1000
1035229
1002
}
  0
ARC
  5
595
330
531
100
AcDbEntity
  8
P-SANR-FIXT
100
AcDbCircle
 10
39207.44550649946
 20
32572.33809000056
 30
0.0
 40
39.0
100
AcDbArc
 50
180.5626221134715
 51
0.0
1001
REVIT
1002
{
1070
     1
1000
2580251
1002
}
1002
{
1070
     5
1000
2425145
1002
}
1002
{
1070
     3
1000
1035229
1002
}
  0
LINE
  5
596
330
531
100
AcDbEntity
  8
P-SANR-FIXT
100
AcDbLine
 10
39168.44738676616
 20
32571.95513143041
 30
0.0
 11
39168.44738676616
 21
32927.87517753016
 31
0.0
1001
REVIT
1002
{
1070
     1
1000
2580251
1002
}
1002
{
1070
     5
1000
2425145
1002
}
1002
{
1070
     3
1000
1035229
1002
}
  0
LINE
  5
597
330
531
100
AcDbEntity
  8
P-SANR-FIXT
100
AcDbLine
 10
39168.44738676616
 20
32927.87517753016
 30
0.0
 11
39165.19738676617
 21
32927.87517753016
 31
0.0
1001
REVIT
1002
{
1070
     1
1000
2580251
1002
}
1002
{
1070
     5
1000
2425145
1002
}
1002
{
1070
     3
1000
1035229
1002
}
  0
LINE
  5
598
330
531
100
AcDbEntity
  8
P-SANR-FIXT
100
AcDbLine
 10
39165.19738676617
 20
32927.87517753016
 30
0.0
 11
39163.95767881729
 21
32964.01106338508
 31
0.0
1001
REVIT
1002
{
1070
     1
1000
2580251
1002
}
1002
{
1070
     5
1000
2425145
1002
}
1002
{
1070
     3
1000
1035229
1002
}
  0
LINE
  5
599
330
531
100
AcDbEntity
  8
P-SANR-FIXT
100
AcDbLine
 10
39163.95767881729
 20
32964.01106338508
 30
0.0
 11
39168.44738676616
 21
32964.01106338508
 31
0.0
1001
REVIT
1002
{
1070
     1
1000
2580251
1002
}
1002
{
1070
     5
1000
2425145
1002
}
1002
{
1070
     3
1000
1035229
1002
}
  0
LINE
  5
59A
330
531
100
AcDbEntity
  8
P-SANR-FIXT
100
AcDbLine
 10
39168.44738676616
 20
32964.01106338508
 30
0.0
 11
39168.44738676616
 21
32964.81106338508
 31
0.0
1001
REVIT
1002
{
1070
     1
1000
2580251
1002
}
1002
{
1070
     5
1000
2425145
1002
}
1002
{
1070
     3
1000
1035229
1002
}
  0
LINE
  5
59B
330
531
100
AcDbEntity
  8
P-SANR-FIXT
100
AcDbLine
 10
39168.44738676616
 20
32964.81106338508
 30
0.0
 11
39163.94738676616
 21
32964.81106338508
 31
0.0
1001
REVIT
1002
{
1070
     1
1000
2580251
1002
}
1002
{
1070
     5
1000
2425145
1002
}
1002
{
1070
     3
1000
1035229
1002
}
  0
LINE
  5
59C
330
531
100
AcDbEntity
  8
P-SANR-FIXT
100
AcDbLine
 10
39163.94738676616
 20
32964.81106338508
 30
0.0
 11
39163.94738676616
 21
32965.81106338508
 31
0.0
1001
REVIT
1002
{
1070
     1
1000
2580251
1002
}
1002
{
1070
     5
1000
2425145
1002
}
1002
{
1070
     3
1000
1035229
1002
}
  0
LINE
  5
59D
330
531
100
AcDbEntity
  8
P-SANR-FIXT
100
AcDbLine
 10
39163.94738676616
 20
32965.81106338508
 30
0.0
 11
39165.44738676616
 21
32967.31106338508
 31
0.0
1001
REVIT
1002
{
1070
     1
1000
2580251
1002
}
1002
{
1070
     5
1000
2425145
1002
}
1002
{
1070
     3
1000
1035229
1002
}
  0
LINE
  5
59E
330
531
100
AcDbEntity
  8
P-SANR-FIXT
100
AcDbLine
 10
39165.44738676616
 20
32967.31106338508
 30
0.0
 11
39165.44738676616
 21
33510.00000000009
 31
0.0
1001
REVIT
1002
{
1070
     1
1000
2580251
1002
}
1002
{
1070
     5
1000
2425145
1002
}
1002
{
1070
     3
1000
1035229
1002
}
  0
LINE
  5
59F
330
531
100
AcDbEntity
  8
P-SANR-FIXT
100
AcDbLine
 10
39165.44738676616
 20
33510.00000000009
 30
0.0
 11
39158.7254592311
 21
33510.00000000009
 31
0.0
1001
REVIT
1002
{
1070
     1
1000
2580251
1002
}
1002
{
1070
     5
1000
2425145
1002
}
1002
{
1070
     3
1000
1035229
1002
}
  0
LINE
  5
5A0
330
531
100
AcDbEntity
  8
P-SANR-FIXT
100
AcDbLine
 10
39158.7254592311
 20
33510.00000000009
 30
0.0
 11
39158.7254592311
 21
33559.0775488835
 31
0.0
1001
REVIT
1002
{
1070
     1
1000
2580251
1002
}
1002
{
1070
     5
1000
2425145
1002
}
1002
{
1070
     3
1000
1035229
1002
}
  0
LINE
  5
5A1
330
531
100
AcDbEntity
  8
P-SANR-FIXT
100
AcDbLine
 10
39158.7254592311
 20
33559.0775488835
 30
0.0
 11
39161.1145252908
 21
33559.0775488835
 31
0.0
1001
REVIT
1002
{
1070
     1
1000
2580251
1002
}
1002
{
1070
     5
1000
2425145
1002
}
1002
{
1070
     3
1000
1035229
1002
}
  0
LINE
  5
5A2
330
531
100
AcDbEntity
  8
P-SANR-FIXT
100
AcDbLine
 10
39161.1145252908
 20
33559.0775488835
 30
0.0
 11
39161.1145252908
 21
33559.98494703001
 31
0.0
1001
REVIT
1002
{
1070
     1
1000
2580251
1002
}
1002
{
1070
     5
1000
2425145
1002
}
1002
{
1070
     3
1000
1035229
1002
}
  0
LINE
  5
5A3
330
531
100
AcDbEntity
  8
P-SANR-FIXT
100
AcDbLine
 10
39161.1145252908
 20
33559.98494703001
 30
0.0
 11
39158.69550649945
 21
33559.98494703001
 31
0.0
1001
REVIT
1002
{
1070
     1
1000
2580251
1002
}
1002
{
1070
     5
1000
2425145
1002
}
1002
{
1070
     3
1000
1035229
1002
}
  0
LINE
  5
5A4
330
531
100
AcDbEntity
  8
P-SANR-FIXT
100
AcDbLine
 10
39158.69550649945
 20
33559.98494703001
 30
0.0
 11
39158.69550649945
 21
33577.00000000005
 31
0.0
1001
REVIT
1002
{
1070
     1
1000
2580251
1002
}
1002
{
1070
     5
1000
2425145
1002
}
1002
{
1070
     3
1000
1035229
1002
}
  0
LINE
  5
5A5
330
531
100
AcDbEntity
  8
P-SANR-FIXT
100
AcDbLine
 10
39158.69550649945
 20
33577.00000000005
 30
0.0
 11
39165.44550649946
 21
33577.00000000005
 31
0.0
1001
REVIT
1002
{
1070
     1
1000
2580251
1002
}
1002
{
1070
     5
1000
2425145
1002
}
1002
{
1070
     3
1000
1035229
1002
}
  0
LINE
  5
5A6
330
531
100
AcDbEntity
  8
P-SANR-FIXT
100
AcDbLine
 10
39165.44550649946
 20
33577.00000000005
 30
0.0
 11
39165.44550649946
 21
33806.1036038605
 31
0.0
1001
REVIT
1002
{
1070
     1
1000
2580251
1002
}
1002
{
1070
     5
1000
2425145
1002
}
1002
{
1070
     3
1000
1035229
1002
}
  0
LINE
  5
5A7
330
531
100
AcDbEntity
  8
P-SANR-FIXT
100
AcDbLine
 10
39165.44550649946
 20
33806.1036038605
 30
0.0
 11
39164.55173578616
 21
33806.1036038605
 31
0.0
1001
REVIT
1002
{
1070
     1
1000
2580251
1002
}
1002
{
1070
     5
1000
2425145
1002
}
1002
{
1070
     3
1000
1035229
1002
}
  0
LINE
  5
5A8
330
531
100
AcDbEntity
  8
P-SANR-FIXT
100
AcDbLine
 10
39164.55173578616
 20
33806.1036038605
 30
0.0
 11
39164.55173578616
 21
33834.91791245662
 31
0.0
1001
REVIT
1002
{
1070
     1
1000
2580251
1002
}
1002
{
1070
     5
1000
2425145
1002
}
1002
{
1070
     3
1000
1035229
1002
}
  0
LINE
  5
5A9
330
531
100
AcDbEntity
  8
P-SANR-FIXT
100
AcDbLine
 10
39164.55173578616
 20
33834.91791245662
 30
0.0
 11
39165.44550649946
 21
33834.91791245662
 31
0.0
1001
REVIT
1002
{
1070
     1
1000
2580251
1002
}
1002
{
1070
     5
1000
2425145
1002
}
1002
{
1070
     3
1000
1035229
1002
}
  0
LINE
  5
5AA
330
531
100
AcDbEntity
  8
P-SANR-FIXT
100
AcDbLine
 10
39185.44550649946
 20
33577.00000000006
 30
0.0
 11
39203.27671968419
 21
33577.00000000006
 31
0.0
1001
REVIT
1002
{
1070
     1
1000
2580251
1002
}
1002
{
1070
     5
1000
2425145
1002
}
1002
{
1070
     3
1000
1035229
1002
}
  0
LINE
  5
5AB
330
531
100
AcDbEntity
  8
P-SANR-FIXT
100
AcDbLine
 10
39203.27671968419
 20
33577.00000000006
 30
0.0
 11
39203.27671968419
 21
33576.20711544164
 31
0.0
1001
REVIT
1002
{
1070
     1
1000
2580251
1002
}
1002
{
1070
     5
1000
2425145
1002
}
1002
{
1070
     3
1000
1035229
1002
}
  0
LINE
  5
5AC
330
531
100
AcDbEntity
  8
P-SANR-FIXT
100
AcDbLine
 10
39203.27671968419
 20
33576.20711544164
 30
0.0
 11
39204.07306422118
 21
33576.20711544164
 31
0.0
1001
REVIT
1002
{
1070
     1
1000
2580251
1002
}
1002
{
1070
     5
1000
2425145
1002
}
1002
{
1070
     3
1000
1035229
1002
}
  0
LINE
  5
5AD
330
531
100
AcDbEntity
  8
P-SANR-FIXT
100
AcDbLine
 10
39204.07306422118
 20
33576.20711544164
 30
0.0
 11
39204.07306422118
 21
33577.00000000006
 31
0.0
1001
REVIT
1002
{
1070
     1
1000
2580251
1002
}
1002
{
1070
     5
1000
2425145
1002
}
1002
{
1070
     3
1000
1035229
1002
}
  0
LINE
  5
5AE
330
531
100
AcDbEntity
  8
P-SANR-FIXT
100
AcDbLine
 10
39204.07306422118
 20
33577.00000000006
 30
0.0
 11
39226.44626025757
 21
33577.00000000006
 31
0.0
1001
REVIT
1002
{
1070
     1
1000
2580251
1002
}
1002
{
1070
     5
1000
2425145
1002
}
1002
{
1070
     3
1000
1035229
1002
}
  0
LINE
  5
5AF
330
531
100
AcDbEntity
  8
P-SANR-FIXT
100
AcDbLine
 10
39226.44626025757
 20
33577.00000000006
 30
0.0
 11
39226.37760843023
 21
33579.02375275824
 31
0.0
1001
REVIT
1002
{
1070
     1
1000
2580251
1002
}
1002
{
1070
     5
1000
2425145
1002
}
1002
{
1070
     3
1000
1035229
1002
}
  0
LINE
  5
5B0
330
531
100
AcDbEntity
  8
P-SANR-FIXT
100
AcDbLine
 10
39226.37760843023
 20
33579.02375275824
 30
0.0
 11
39225.42646898284
 21
33579.02375275824
 31
0.0
1001
REVIT
1002
{
1070
     1
1000
2580251
1002
}
1002
{
1070
     5
1000
2425145
1002
}
1002
{
1070
     3
1000
1035229
1002
}
  0
LINE
  5
5B1
330
531
100
AcDbEntity
  8
P-SANR-FIXT
100
AcDbLine
 10
39225.42646898284
 20
33579.02375275824
 30
0.0
 11
39221.160143197
 21
33704.78862911148
 31
0.0
1001
REVIT
1002
{
1070
     1
1000
2580251
1002
}
1002
{
1070
     5
1000
2425145
1002
}
1002
{
1070
     3
1000
1035229
1002
}
  0
SPLINE
  5
5B2
330
531
100
AcDbEntity
  8
P-SANR-FIXT
100
AcDbSpline
210
0.0
220
0.0
230
1.0
 70
     8
 71
     3
 72
    11
 73
     7
 74
     0
 42
0.000000001
 43
0.0000000001
 40
0.0
 40
0.0
 40
0.0
 40
0.0
 40
0.25
 40
0.5
 40
0.75
 40
1.0
 40
1.0
 40
1.0
 40
1.0
 10
39221.16014319701
 20
33704.78862911147
 30
0.0
 10
39217.25294218272
 20
33705.97168939809
 30
0.0
 10
39209.85967672464
 20
33708.99592153642
 30
0.0
 10
39199.84887513968
 20
33715.61013028691
 30
0.0
 10
39191.47010948503
 20
33723.99162203732
 30
0.0
 10
39187.24236211903
 20
33730.44369924093
 30
0.0
 10
39185.44550649946
 20
33733.91198957106
 30
0.0
1001
REVIT
1002
{
1070
     1
1000
2580251
1002
}
1002
{
1070
     5
1000
2425145
1002
}
1002
{
1070
     3
1000
1035229
1002
}
  0
LINE
  5
5B3
330
531
100
AcDbEntity
  8
P-SANR-FIXT
100
AcDbLine
 10
39185.44550649946
 20
33733.91198957106
 30
0.0
 11
39185.44550649946
 21
33577.00000000006
 31
0.0
1001
REVIT
1002
{
1070
     1
1000
2580251
1002
}
1002
{
1070
     5
1000
2425145
1002
}
1002
{
1070
     3
1000
1035229
1002
}
  0
LINE
  5
5B4
330
531
100
AcDbEntity
  8
P-SANR-FIXT
100
AcDbLine
 10
39204.07306422118
 20
33560.00000000005
 30
0.0
 11
39204.07306422118
 21
33560.78968951213
 31
0.0
1001
REVIT
1002
{
1070
     1
1000
2580251
1002
}
1002
{
1070
     5
1000
2425145
1002
}
1002
{
1070
     3
1000
1035229
1002
}
  0
LINE
  5
5B5
330
531
100
AcDbEntity
  8
P-SANR-FIXT
100
AcDbLine
 10
39204.07306422118
 20
33560.78968951213
 30
0.0
 11
39203.27671968419
 21
33560.78968951213
 31
0.0
1001
REVIT
1002
{
1070
     1
1000
2580251
1002
}
1002
{
1070
     5
1000
2425145
1002
}
1002
{
1070
     3
1000
1035229
1002
}
  0
LINE
  5
5B6
330
531
100
AcDbEntity
  8
P-SANR-FIXT
100
AcDbLine
 10
39203.27671968419
 20
33560.78968951213
 30
0.0
 11
39203.27671968419
 21
33559.98494703001
 31
0.0
1001
REVIT
1002
{
1070
     1
1000
2580251
1002
}
1002
{
1070
     5
1000
2425145
1002
}
1002
{
1070
     3
1000
1035229
1002
}
  0
LINE
  5
5B7
330
531
100
AcDbEntity
  8
P-SANR-FIXT
100
AcDbLine
 10
39203.27671968419
 20
33559.98494703001
 30
0.0
 11
39189.62400755431
 21
33559.98494703001
 31
0.0
1001
REVIT
1002
{
1070
     1
1000
2580251
1002
}
1002
{
1070
     5
1000
2425145
1002
}
1002
{
1070
     3
1000
1035229
1002
}
  0
LINE
  5
5B8
330
531
100
AcDbEntity
  8
P-SANR-FIXT
100
AcDbLine
 10
39189.62400755431
 20
33559.98494703001
 30
0.0
 11
39189.62400755431
 21
33559.0775488835
 31
0.0
1001
REVIT
1002
{
1070
     1
1000
2580251
1002
}
1002
{
1070
     5
1000
2425145
1002
}
1002
{
1070
     3
1000
1035229
1002
}
  0
LINE
  5
5B9
330
531
100
AcDbEntity
  8
P-SANR-FIXT
100
AcDbLine
 10
39189.62400755431
 20
33559.0775488835
 30
0.0
 11
39192.16555376783
 21
33559.0775488835
 31
0.0
1001
REVIT
1002
{
1070
     1
1000
2580251
1002
}
1002
{
1070
     5
1000
2425145
1002
}
1002
{
1070
     3
1000
1035229
1002
}
  0
LINE
  5
5BA
330
531
100
AcDbEntity
  8
P-SANR-FIXT
100
AcDbLine
 10
39192.16555376783
 20
33559.0775488835
 30
0.0
 11
39192.16555376783
 21
33510.00000000009
 31
0.0
1001
REVIT
1002
{
1070
     1
1000
2580251
1002
}
1002
{
1070
     5
1000
2425145
1002
}
1002
{
1070
     3
1000
1035229
1002
}
  0
LINE
  5
5BB
330
531
100
AcDbEntity
  8
P-SANR-FIXT
100
AcDbLine
 10
39192.16555376783
 20
33510.00000000009
 30
0.0
 11
39185.44550649944
 21
33510.00000000009
 31
0.0
1001
REVIT
1002
{
1070
     1
1000
2580251
1002
}
1002
{
1070
     5
1000
2425145
1002
}
1002
{
1070
     3
1000
1035229
1002
}
  0
LINE
  5
5BC
330
531
100
AcDbEntity
  8
P-SANR-FIXT
100
AcDbLine
 10
39185.44550649944
 20
33510.00000000009
 30
0.0
 11
39185.44550649944
 21
33144.20614591385
 31
0.0
1001
REVIT
1002
{
1070
     1
1000
2580251
1002
}
1002
{
1070
     5
1000
2425145
1002
}
1002
{
1070
     3
1000
1035229
1002
}
  0
ARC
  5
5BD
330
531
100
AcDbEntity
  8
P-SANR-FIXT
100
AcDbCircle
 10
39191.69550649946
 20
33120.00000000007
 30
0.0
 40
24.99999999998984
100
AcDbArc
 50
90.0
 51
104.4775121859529
1001
REVIT
1002
{
1070
     1
1000
2580251
1002
}
1002
{
1070
     5
1000
2425145
1002
}
1002
{
1070
     3
1000
1035229
1002
}
  0
ARC
  5
5BE
330
531
100
AcDbEntity
  8
P-SANR-FIXT
100
AcDbCircle
 10
39191.69550649946
 20
33120.00000000006
 30
0.0
 40
25.00000000000728
100
AcDbArc
 50
269.9999999999997
 51
90.0
1001
REVIT
1002
{
1070
     1
1000
2580251
1002
}
1002
{
1070
     5
1000
2425145
1002
}
1002
{
1070
     3
1000
1035229
1002
}
  0
ARC
  5
5BF
330
531
100
AcDbEntity
  8
P-SANR-FIXT
100
AcDbCircle
 10
39191.69550649946
 20
33120.00000000006
 30
0.0
 40
25.0
100
AcDbArc
 50
255.5224878140507
 51
269.9999999999997
1001
REVIT
1002
{
1070
     1
1000
2580251
1002
}
1002
{
1070
     5
1000
2425145
1002
}
1002
{
1070
     3
1000
1035229
1002
}
  0
LINE
  5
5C0
330
531
100
AcDbEntity
  8
P-SANR-FIXT
100
AcDbLine
 10
39185.44550649946
 20
33095.79385408627
 30
0.0
 11
39185.44550649946
 21
32967.30918311837
 31
0.0
1001
REVIT
1002
{
1070
     1
1000
2580251
1002
}
1002
{
1070
     5
1000
2425145
1002
}
1002
{
1070
     3
1000
1035229
1002
}
  0
LINE
  5
5C1
330
531
100
AcDbEntity
  8
P-SANR-FIXT
100
AcDbLine
 10
39185.44550649946
 20
32967.30918311837
 30
0.0
 11
39186.94362623275
 21
32965.81106338508
 31
0.0
1001
REVIT
1002
{
1070
     1
1000
2580251
1002
}
1002
{
1070
     5
1000
2425145
1002
}
1002
{
1070
     3
1000
1035229
1002
}
  0
LINE
  5
5C2
330
531
100
AcDbEntity
  8
P-SANR-FIXT
100
AcDbLine
 10
39186.94362623275
 20
32965.81106338508
 30
0.0
 11
39186.94362623275
 21
32964.81106338508
 31
0.0
1001
REVIT
1002
{
1070
     1
1000
2580251
1002
}
1002
{
1070
     5
1000
2425145
1002
}
1002
{
1070
     3
1000
1035229
1002
}
  0
LINE
  5
5C3
330
531
100
AcDbEntity
  8
P-SANR-FIXT
100
AcDbLine
 10
39186.94362623275
 20
32964.81106338508
 30
0.0
 11
39182.44550649946
 21
32964.81106338508
 31
0.0
1001
REVIT
1002
{
1070
     1
1000
2580251
1002
}
1002
{
1070
     5
1000
2425145
1002
}
1002
{
1070
     3
1000
1035229
1002
}
  0
LINE
  5
5C4
330
531
100
AcDbEntity
  8
P-SANR-FIXT
100
AcDbLine
 10
39182.44550649946
 20
32964.81106338508
 30
0.0
 11
39182.44550649946
 21
32964.01106338508
 31
0.0
1001
REVIT
1002
{
1070
     1
1000
2580251
1002
}
1002
{
1070
     5
1000
2425145
1002
}
1002
{
1070
     3
1000
1035229
1002
}
  0
LINE
  5
5C5
330
531
100
AcDbEntity
  8
P-SANR-FIXT
100
AcDbLine
 10
39182.44550649946
 20
32964.01106338508
 30
0.0
 11
39186.93333418163
 21
32964.01106338508
 31
0.0
1001
REVIT
1002
{
1070
     1
1000
2580251
1002
}
1002
{
1070
     5
1000
2425145
1002
}
1002
{
1070
     3
1000
1035229
1002
}
  0
LINE
  5
5C6
330
531
100
AcDbEntity
  8
P-SANR-FIXT
100
AcDbLine
 10
39186.93333418163
 20
32964.01106338508
 30
0.0
 11
39185.69362623277
 21
32927.87517753016
 31
0.0
1001
REVIT
1002
{
1070
     1
1000
2580251
1002
}
1002
{
1070
     5
1000
2425145
1002
}
1002
{
1070
     3
1000
1035229
1002
}
  0
LINE
  5
5C7
330
531
100
AcDbEntity
  8
P-SANR-FIXT
100
AcDbLine
 10
39185.69362623277
 20
32927.87517753016
 30
0.0
 11
39182.44550649947
 21
32927.87517753016
 31
0.0
1001
REVIT
1002
{
1070
     1
1000
2580251
1002
}
1002
{
1070
     5
1000
2425145
1002
}
1002
{
1070
     3
1000
1035229
1002
}
  0
LINE
  5
5C8
330
531
100
AcDbEntity
  8
P-SANR-FIXT
100
AcDbLine
 10
39182.44550649947
 20
32927.87517753016
 30
0.0
 11
39182.44550649947
 21
32572.33809000056
 31
0.0
1001
REVIT
1002
{
1070
     1
1000
2580251
1002
}
1002
{
1070
     5
1000
2425145
1002
}
1002
{
1070
     3
1000
1035229
1002
}
  0
ARC
  5
5C9
330
531
100
AcDbEntity
  8
P-SANR-FIXT
100
AcDbCircle
 10
39207.44550649946
 20
32572.33809000056
 30
0.0
 40
25.0
100
AcDbArc
 50
180.0
 51
0.0
1001
REVIT
1002
{
1070
     1
1000
2580251
1002
}
1002
{
1070
     5
1000
2425145
1002
}
1002
{
1070
     3
1000
1035229
1002
}
  0
LINE
  5
5CA
330
531
100
AcDbEntity
  8
P-SANR-FIXT
100
AcDbLine
 10
39232.44550649944
 20
32572.33809000056
 30
0.0
 11
39232.44550649944
 21
33549.85005558557
 31
0.0
1001
REVIT
1002
{
1070
     1
1000
2580251
1002
}
1002
{
1070
     5
1000
2425145
1002
}
1002
{
1070
     3
1000
1035229
1002
}
  0
LINE
  5
5CB
330
531
100
AcDbEntity
  8
P-SANR-FIXT
100
AcDbLine
 10
39232.44550649944
 20
33549.85005558557
 30
0.0
 11
39228.44550649944
 21
33549.85005558557
 31
0.0
1001
REVIT
1002
{
1070
     1
1000
2580251
1002
}
1002
{
1070
     5
1000
2425145
1002
}
1002
{
1070
     3
1000
1035229
1002
}
  0
LINE
  5
5CC
330
531
100
AcDbEntity
  8
P-SANR-FIXT
100
AcDbLine
 10
39228.44550649944
 20
33549.85005558557
 30
0.0
 11
39228.09106263018
 21
33560.00000000005
 31
0.0
1001
REVIT
1002
{
1070
     1
1000
2580251
1002
}
1002
{
1070
     5
1000
2425145
1002
}
1002
{
1070
     3
1000
1035229
1002
}
  0
LINE
  5
5CD
330
531
100
AcDbEntity
  8
P-SANR-FIXT
100
AcDbLine
 10
39228.09106263018
 20
33560.00000000005
 30
0.0
 11
39204.07306422118
 21
33560.00000000005
 31
0.0
1001
REVIT
1002
{
1070
     1
1000
2580251
1002
}
1002
{
1070
     5
1000
2425145
1002
}
1002
{
1070
     3
1000
1035229
1002
}
  0
LINE
  5
5CE
330
531
100
AcDbEntity
  8
A-GENM
370
    25
100
AcDbLine
 10
38675.44550649946
 20
34207.0
 30
0.0
 11
38675.44550649946
 21
34182.00000000002
 31
0.0
1001
REVIT
1002
{
1070
     1
1000
2580251
1002
}
1002
{
1070
     5
1000
2425145
1002
}
  0
LINE
  5
5CF
330
531
100
AcDbEntity
  8
A-GENM
370
    25
100
AcDbLine
 10
38675.44550649946
 20
34182.00000000002
 30
0.0
 11
38700.44550649946
 21
34182.00000000002
 31
0.0
1001
REVIT
1002
{
1070
     1
1000
2580251
1002
}
1002
{
1070
     5
1000
2425145
1002
}
  0
LINE
  5
5D0
330
531
100
AcDbEntity
  8
A-GENM
370
    25
100
AcDbLine
 10
38700.44550649946
 20
34182.00000000002
 30
0.0
 11
38700.44550649946
 21
34207.0
 31
0.0
1001
REVIT
1002
{
1070
     1
1000
2580251
1002
}
1002
{
1070
     5
1000
2425145
1002
}
  0
LINE
  5
5D1
330
531
100
AcDbEntity
  8
A-GENM
370
    25
100
AcDbLine
 10
38700.44550649946
 20
34207.0
 30
0.0
 11
38675.44550649946
 21
34207.0
 31
0.0
1001
REVIT
1002
{
1070
     1
1000
2580251
1002
}
1002
{
1070
     5
1000
2425145
1002
}
  0
LINE
  5
5D2
330
531
100
AcDbEntity
  8
A-GENM
370
    25
100
AcDbLine
 10
38675.44550649946
 20
32365.00000000001
 30
0.0
 11
38675.44550649946
 21
32340.00000000001
 31
0.0
1001
REVIT
1002
{
1070
     1
1000
2580251
1002
}
1002
{
1070
     5
1000
2425145
1002
}
  0
LINE
  5
5D3
330
531
100
AcDbEntity
  8
A-GENM
370
    25
100
AcDbLine
 10
38675.44550649946
 20
32340.00000000001
 30
0.0
 11
38700.44550649946
 21
32340.00000000001
 31
0.0
1001
REVIT
1002
{
1070
     1
1000
2580251
1002
}
1002
{
1070
     5
1000
2425145
1002
}
  0
LINE
  5
5D4
330
531
100
AcDbEntity
  8
A-GENM
370
    25
100
AcDbLine
 10
38700.44550649946
 20
32340.00000000001
 30
0.0
 11
38700.44550649946
 21
32365.00000000001
 31
0.0
1001
REVIT
1002
{
1070
     1
1000
2580251
1002
}
1002
{
1070
     5
1000
2425145
1002
}
  0
LINE
  5
5D5
330
531
100
AcDbEntity
  8
A-GENM
370
    25
100
AcDbLine
 10
38700.44550649946
 20
32365.00000000001
 30
0.0
 11
38675.44550649946
 21
32365.00000000001
 31
0.0
1001
REVIT
1002
{
1070
     1
1000
2580251
1002
}
1002
{
1070
     5
1000
2425145
1002
}
  0
LINE
  5
5D6
330
531
100
AcDbEntity
  8
A-GENM
100
AcDbLine
 10
38675.44550649946
 20
32365.0
 30
0.0
 11
38675.44550649946
 21
34182.00000000002
 31
0.0
1001
REVIT
1002
{
1070
     1
1000
2580251
1002
}
1002
{
1070
     5
1000
2425145
1002
}
  0
LINE
  5
5D7
330
531
100
AcDbEntity
  8
A-GENM
100
AcDbLine
 10
38700.44550649946
 20
34182.00000000002
 30
0.0
 11
38700.44550649946
 21
32365.0
 31
0.0
1001
REVIT
1002
{
1070
     1
1000
2580251
1002
}
1002
{
1070
     5
1000
2425145
1002
}
  0
ENDBLK
  5
5D9
330
531
100
AcDbEntity
  8
0
100
AcDbBlockEnd
  0
BLOCK
  5
5DE
330
5DB
100
AcDbEntity
  8
0
100
AcDbBlockBegin
  2
tile grate - 1000x80-2206945-SECTION D-D
 70
     0
 10
0.0
 20
0.0
 30
0.0
  3
tile grate - 1000x80-2206945-SECTION D-D
  1

  0
LINE
  5
5DC
330
5DB
100
AcDbEntity
  8
P-SANR-FIXT
100
AcDbLine
 10
38700.44550649946
 20
32350.00000000001
 30
0.0
 11
39700.44550649946
 21
32350.00000000001
 31
0.0
1001
REVIT
1002
{
1070
     1
1000
2580252
1002
}
1002
{
1070
     5
1000
2206945
1002
}
1002
{
1070
     3
1000
1020373
1002
}
  0
LINE
  5
5DD
330
5DB
100
AcDbEntity
  8
P-SANR-FIXT
100
AcDbLine
 10
39700.44550649946
 20
32350.00000000001
 30
0.0
 11
39700.44550649946
 21
32340.00000000001
 31
0.0
1001
REVIT
1002
{
1070
     1
1000
2580252
1002
}
1002
{
1070
     5
1000
2206945
1002
}
1002
{
1070
     3
1000
1020373
1002
}
  0
ENDBLK
  5
5DF
330
5DB
100
AcDbEntity
  8
0
100
AcDbBlockEnd
  0
BLOCK
  5
688
330
5E1
100
AcDbEntity
  8
0
100
AcDbBlockBegin
  2
HH Shower - Wincrest Shower-2583850-SECTION D-D
 70
     0
 10
0.0
 20
0.0
 30
0.0
  3
HH Shower - Wincrest Shower-2583850-SECTION D-D
  1

  0
ARC
  5
5E2
330
5E1
100
AcDbEntity
  8
P-SANR-FIXT
100
AcDbCircle
 10
31354.19550578968
 20
37020.00000000009
 30
0.0
 40
14.99999999999824
100
AcDbArc
 50
90.0
 51
84.00307129363763
1001
REVIT
1002
{
1070
     1
1000
2583759
1002
}
1002
{
1070
     5
1000
2425145
1002
}
1002
{
1070
     3
1000
1035229
1002
}
  0
LINE
  5
5E3
330
5E1
100
AcDbEntity
  8
P-SANR-FIXT
100
AcDbLine
 10
31380.44550578971
 20
37284.99999999996
 30
0.0
 11
31360.44550578969
 21
37284.99999999996
 31
0.0
1001
REVIT
1002
{
1070
     1
1000
2583759
1002
}
1002
{
1070
     5
1000
2425145
1002
}
1002
{
1070
     3
1000
1035229
1002
}
  0
LINE
  5
5E4
330
5E1
100
AcDbEntity
  8
P-SANR-FIXT
100
AcDbLine
 10
31388.45854753728
 20
37301.49999999996
 30
0.0
 11
31352.43246404213
 21
37301.49999999996
 31
0.0
1001
REVIT
1002
{
1070
     1
1000
2583759
1002
}
1002
{
1070
     5
1000
2425145
1002
}
1002
{
1070
     3
1000
1035229
1002
}
  0
LINE
  5
5E5
330
5E1
100
AcDbEntity
  8
P-SANR-FIXT
100
AcDbLine
 10
31380.44550578971
 20
37339.99999999994
 30
0.0
 11
31360.44550578969
 21
37339.99999999994
 31
0.0
1001
REVIT
1002
{
1070
     1
1000
2583759
1002
}
1002
{
1070
     5
1000
2425145
1002
}
1002
{
1070
     3
1000
1035229
1002
}
  0
LINE
  5
5E6
330
5E1
100
AcDbEntity
  8
P-SANR-FIXT
100
AcDbLine
 10
31377.443625523
 20
36127.87517753016
 30
0.0
 11
31363.44550578971
 21
36127.87517753016
 31
0.0
1001
REVIT
1002
{
1070
     1
1000
2583759
1002
}
1002
{
1070
     5
1000
2425145
1002
}
1002
{
1070
     3
1000
1035229
1002
}
  0
LINE
  5
5E7
330
5E1
100
AcDbEntity
  8
P-SANR-FIXT
100
AcDbLine
 10
31380.443625523
 20
36167.31106338508
 30
0.0
 11
31360.4455057897
 21
36167.31106338508
 31
0.0
1001
REVIT
1002
{
1070
     1
1000
2583759
1002
}
1002
{
1070
     5
1000
2425145
1002
}
1002
{
1070
     3
1000
1035229
1002
}
  0
ELLIPSE
  5
5E8
330
5E1
100
AcDbEntity
  8
P-SANR-FIXT
100
AcDbEllipse
 10
31306.44550578969
 20
36963.6184427414
 30
0.0
 11
59.99999999998545
 21
0.0
 31
0.0
210
0.0
220
0.0
230
1.0
 40
0.9396926209782734
 41
6.237673317713849
 42
7.853981633974483
1001
REVIT
1002
{
1070
     1
1000
2583759
1002
}
1002
{
1070
     5
1000
2425145
1002
}
1002
{
1070
     3
1000
1035229
1002
}
  0
ELLIPSE
  5
5E9
330
5E1
100
AcDbEntity
  8
P-SANR-FIXT
100
AcDbEllipse
 10
31306.44550578969
 20
36963.61844274057
 30
0.0
 11
59.99999999998214
 21
0.0
 31
0.0
210
0.0
220
0.0
230
1.0
 40
0.9396926209921455
 41
1.570796326794897
 42
3.187104643047872
1001
REVIT
1002
{
1070
     1
1000
2583759
1002
}
1002
{
1070
     5
1000
2425145
1002
}
1002
{
1070
     3
1000
1035229
1002
}
  0
ELLIPSE
  5
5EA
330
5E1
100
AcDbEntity
  8
P-SANR-FIXT
100
AcDbEllipse
 10
31306.44550578969
 20
36958.48814059099
 30
0.0
 11
59.99999999998514
 21
0.0
 31
0.0
210
0.0
220
0.0
230
1.0
 40
0.9396926207859188
 41
5.832158495383634
 42
6.328697296645468
1001
REVIT
1002
{
1070
     1
1000
2583759
1002
}
1002
{
1070
     5
1000
2425145
1002
}
1002
{
1070
     3
1000
1035229
1002
}
  0
ELLIPSE
  5
5EB
330
5E1
100
AcDbEntity
  8
P-SANR-FIXT
100
AcDbEllipse
 10
31306.44550578969
 20
36958.48814059099
 30
0.0
 11
59.99999999998369
 21
0.0
 31
0.0
210
0.0
220
0.0
230
1.0
 40
0.9396926205755317
 41
4.404544596604753
 42
5.022071270265985
1001
REVIT
1002
{
1070
     1
1000
2583759
1002
}
1002
{
1070
     5
1000
2425145
1002
}
1002
{
1070
     3
1000
1035229
1002
}
  0
LINE
  5
5EC
330
5E1
100
AcDbEntity
  8
P-SANR-FIXT
100
AcDbLine
 10
31342.61429260496
 20
36760.78968951213
 30
0.0
 11
31342.61429260496
 21
36776.20711544165
 31
0.0
1001
REVIT
1002
{
1070
     1
1000
2583759
1002
}
1002
{
1070
     5
1000
2425145
1002
}
1002
{
1070
     3
1000
1035229
1002
}
  0
LINE
  5
5ED
330
5E1
100
AcDbEntity
  8
P-SANR-FIXT
100
AcDbLine
 10
31356.26700473484
 20
36759.98494703001
 30
0.0
 11
31384.77648699835
 21
36759.98494703001
 31
0.0
1001
REVIT
1002
{
1070
     1
1000
2583759
1002
}
1002
{
1070
     5
1000
2425145
1002
}
1002
{
1070
     3
1000
1035229
1002
}
  0
LINE
  5
5EE
330
5E1
100
AcDbEntity
  8
P-SANR-FIXT
100
AcDbLine
 10
31360.44550578968
 20
36777.00000000006
 30
0.0
 11
31380.44550578968
 21
36777.00000000006
 31
0.0
1001
REVIT
1002
{
1070
     1
1000
2583759
1002
}
1002
{
1070
     5
1000
2425145
1002
}
1002
{
1070
     3
1000
1035229
1002
}
  0
LINE
  5
5EF
330
5E1
100
AcDbEntity
  8
P-SANR-FIXT
100
AcDbLine
 10
31293.44555078093
 20
36777.00000000006
 30
0.0
 11
31319.44475203158
 21
36777.00000000006
 31
0.0
1001
REVIT
1002
{
1070
     1
1000
2583759
1002
}
1002
{
1070
     5
1000
2425145
1002
}
1002
{
1070
     3
1000
1035229
1002
}
  0
LINE
  5
5F0
330
5E1
100
AcDbEntity
  8
P-SANR-FIXT
100
AcDbLine
 10
31317.79994965899
 20
36760.00000000005
 30
0.0
 11
31294.37414597174
 21
36760.00000000005
 31
0.0
1001
REVIT
1002
{
1070
     1
1000
2583759
1002
}
1002
{
1070
     5
1000
2425145
1002
}
1002
{
1070
     3
1000
1035229
1002
}
  0
LINE
  5
5F1
330
5E1
100
AcDbEntity
  8
P-SANR-FIXT
100
AcDbLine
 10
31360.44550578969
 20
36295.7938540863
 30
0.0
 11
31360.44550578969
 21
36305.00000000009
 31
0.0
1001
REVIT
1002
{
1070
     1
1000
2583759
1002
}
1002
{
1070
     5
1000
2425145
1002
}
1002
{
1070
     3
1000
1035229
1002
}
  0
LINE
  5
5F2
330
5E1
100
AcDbEntity
  8
P-SANR-FIXT
100
AcDbLine
 10
31360.44550578969
 20
36344.20614591389
 30
0.0
 11
31360.44550578969
 21
36335.00000000009
 31
0.0
1001
REVIT
1002
{
1070
     1
1000
2583759
1002
}
1002
{
1070
     5
1000
2425145
1002
}
1002
{
1070
     3
1000
1035229
1002
}
  0
LINE
  5
5F3
330
5E1
100
AcDbEntity
  8
P-SANR-FIXT
100
AcDbLine
 10
31360.44550578969
 20
36710.00000000009
 30
0.0
 11
31380.44362552298
 21
36710.00000000009
 31
0.0
1001
REVIT
1002
{
1070
     1
1000
2583759
1002
}
1002
{
1070
     5
1000
2425145
1002
}
1002
{
1070
     3
1000
1035229
1002
}
  0
LINE
  5
5F4
330
5E1
100
AcDbEntity
  8
P-SANR-FIXT
100
AcDbLine
 10
31360.44550578968
 20
37006.10360386053
 30
0.0
 11
31360.44550578968
 21
36988.19459377841
 31
0.0
1001
REVIT
1002
{
1070
     1
1000
2583759
1002
}
1002
{
1070
     5
1000
2425145
1002
}
1002
{
1070
     3
1000
1035229
1002
}
  0
LINE
  5
5F5
330
5E1
100
AcDbEntity
  8
P-SANR-FIXT
100
AcDbLine
 10
31360.44550578968
 20
37044.20614591386
 30
0.0
 11
31360.44550578968
 21
37034.91791245663
 31
0.0
1001
REVIT
1002
{
1070
     1
1000
2583759
1002
}
1002
{
1070
     5
1000
2425145
1002
}
1002
{
1070
     3
1000
1035229
1002
}
  0
LINE
  5
5F6
330
5E1
100
AcDbEntity
  8
P-SANR-FIXT
100
AcDbLine
 10
31380.44550578968
 20
36305.00000000009
 30
0.0
 11
31354.19550578968
 21
36305.00000000009
 31
0.0
1001
REVIT
1002
{
1070
     1
1000
2583759
1002
}
1002
{
1070
     5
1000
2425145
1002
}
1002
{
1070
     3
1000
1035229
1002
}
  0
LINE
  5
5F7
330
5E1
100
AcDbEntity
  8
P-SANR-FIXT
100
AcDbLine
 10
31354.19550578968
 20
36335.00000000009
 30
0.0
 11
31380.44550578968
 21
36335.00000000009
 31
0.0
1001
REVIT
1002
{
1070
     1
1000
2583759
1002
}
1002
{
1070
     5
1000
2425145
1002
}
1002
{
1070
     3
1000
1035229
1002
}
  0
ARC
  5
5F8
330
5E1
100
AcDbEntity
  8
P-SANR-FIXT
100
AcDbCircle
 10
31354.19550578968
 20
36320.00000000009
 30
0.0
 40
15.0
100
AcDbArc
 50
90.0
 51
269.9999999999997
1001
REVIT
1002
{
1070
     1
1000
2583759
1002
}
1002
{
1070
     5
1000
2425145
1002
}
1002
{
1070
     3
1000
1035229
1002
}
  0
LINE
  5
5F9
330
5E1
100
AcDbEntity
  8
P-SANR-FIXT
100
AcDbLine
 10
31297.44550578972
 20
36749.85005558557
 30
0.0
 11
31317.44550578972
 21
36749.85005558557
 31
0.0
1001
REVIT
1002
{
1070
     1
1000
2583759
1002
}
1002
{
1070
     5
1000
2425145
1002
}
1002
{
1070
     3
1000
1035229
1002
}
  0
LINE
  5
5FA
330
5E1
100
AcDbEntity
  8
P-SANR-FIXT
100
AcDbLine
 10
31381.33927650298
 20
37006.10360386053
 30
0.0
 11
31359.84264438658
 21
37006.10360386053
 31
0.0
1001
REVIT
1002
{
1070
     1
1000
2583759
1002
}
1002
{
1070
     5
1000
2425145
1002
}
1002
{
1070
     3
1000
1035229
1002
}
  0
ARC
  5
5FB
330
5E1
100
AcDbEntity
  8
P-SANR-FIXT
100
AcDbCircle
 10
31354.19550578968
 20
37020.00000000008
 30
0.0
 40
15.0
100
AcDbArc
 50
84.0030712936389
 51
90.0
1001
REVIT
1002
{
1070
     1
1000
2583759
1002
}
1002
{
1070
     5
1000
2425145
1002
}
1002
{
1070
     3
1000
1035229
1002
}
  0
LINE
  5
5FC
330
5E1
100
AcDbEntity
  8
P-SANR-FIXT
100
AcDbLine
 10
31355.76263307839
 20
37034.91791245663
 30
0.0
 11
31381.33927650298
 21
37034.91791245663
 31
0.0
1001
REVIT
1002
{
1070
     1
1000
2583759
1002
}
1002
{
1070
     5
1000
2425145
1002
}
1002
{
1070
     3
1000
1035229
1002
}
  0
ELLIPSE
  5
5FD
330
5E1
100
AcDbEntity
  8
P-SANR-FIXT
100
AcDbEllipse
 10
31306.44550578969
 20
36958.48814059099
 30
0.0
 11
59.99999999998515
 21
0.0
 31
0.0
210
0.0
220
0.0
230
1.0
 40
0.9396926207858235
 41
0.0455119894658865
 42
3.096080664131784
1001
REVIT
1002
{
1070
     1
1000
2583759
1002
}
1002
{
1070
     5
1000
2425145
1002
}
1002
{
1070
     3
1000
1035229
1002
}
  0
LINE
  5
5FE
330
5E1
100
AcDbEntity
  8
P-SANR-FIXT
100
AcDbLine
 10
31246.42176998125
 20
37287.55823737789
 30
0.0
 11
31494.46924159816
 21
37287.55823737789
 31
0.0
1001
REVIT
1002
{
1070
     1
1000
2583759
1002
}
1002
{
1070
     5
1000
2425145
1002
}
1002
{
1070
     3
1000
1035229
1002
}
  0
LINE
  5
5FF
330
5E1
100
AcDbEntity
  8
P-SANR-FIXT
100
AcDbLine
 10
31494.46924159816
 20
37290.40429308259
 30
0.0
 11
31246.42176998125
 21
37290.40429308259
 31
0.0
1001
REVIT
1002
{
1070
     1
1000
2583759
1002
}
1002
{
1070
     5
1000
2425145
1002
}
1002
{
1070
     3
1000
1035229
1002
}
  0
ARC
  5
600
330
5E1
100
AcDbEntity
  8
P-SANR-FIXT
100
AcDbCircle
 10
31357.76043650975
 20
37323.29739999995
 30
0.0
 40
3.582745282242487
100
AcDbArc
 50
318.5422945370062
 51
41.45770546299347
1001
REVIT
1002
{
1070
     1
1000
2583759
1002
}
1002
{
1070
     5
1000
2425145
1002
}
1002
{
1070
     3
1000
1035229
1002
}
  0
ARC
  5
601
330
5E1
100
AcDbEntity
  8
P-SANR-FIXT
100
AcDbCircle
 10
31383.12860760528
 20
37323.29739999995
 30
0.0
 40
3.581271013482815
100
AcDbArc
 50
138.5214547019598
 51
221.4785452979527
1001
REVIT
1002
{
1070
     1
1000
2583759
1002
}
1002
{
1070
     5
1000
2425145
1002
}
1002
{
1070
     3
1000
1035229
1002
}
  0
LINE
  5
602
330
5E1
100
AcDbEntity
  8
P-SANR-FIXT
100
AcDbLine
 10
31361.46580946369
 20
37339.99999999994
 30
0.0
 11
31361.46580946369
 21
37336.99999999994
 31
0.0
1001
REVIT
1002
{
1070
     1
1000
2583759
1002
}
1002
{
1070
     5
1000
2425145
1002
}
1002
{
1070
     3
1000
1035229
1002
}
  0
LINE
  5
603
330
5E1
100
AcDbEntity
  8
P-SANR-FIXT
100
AcDbLine
 10
31379.42520211572
 20
37339.99999999994
 30
0.0
 11
31379.42520211572
 21
37336.99999999994
 31
0.0
1001
REVIT
1002
{
1070
     1
1000
2583759
1002
}
1002
{
1070
     5
1000
2425145
1002
}
1002
{
1070
     3
1000
1035229
1002
}
  0
LINE
  5
604
330
5E1
100
AcDbEntity
  8
P-SANR-FIXT
100
AcDbLine
 10
31359.08528456568
 20
37320.29740000007
 30
0.0
 11
31381.80572701372
 21
37320.29740000007
 31
0.0
1001
REVIT
1002
{
1070
     1
1000
2583759
1002
}
1002
{
1070
     5
1000
2425145
1002
}
1002
{
1070
     3
1000
1035229
1002
}
  0
LINE
  5
605
330
5E1
100
AcDbEntity
  8
P-SANR-FIXT
100
AcDbLine
 10
31381.77988078971
 20
37326.29739999995
 30
0.0
 11
31359.08528456568
 21
37326.29739999995
 31
0.0
1001
REVIT
1002
{
1070
     1
1000
2583759
1002
}
1002
{
1070
     5
1000
2425145
1002
}
1002
{
1070
     3
1000
1035229
1002
}
  0
LINE
  5
606
330
5E1
100
AcDbEntity
  8
P-SANR-FIXT
100
AcDbLine
 10
31360.44550578969
 20
37336.99999999994
 30
0.0
 11
31380.44550578971
 21
37336.99999999994
 31
0.0
1001
REVIT
1002
{
1070
     1
1000
2583759
1002
}
1002
{
1070
     5
1000
2425145
1002
}
1002
{
1070
     3
1000
1035229
1002
}
  0
LINE
  5
607
330
5E1
100
AcDbEntity
  8
P-SANR-FIXT
100
AcDbLine
 10
31377.443625523
 20
36164.01106338507
 30
0.0
 11
31363.44550578971
 21
36164.01106338507
 31
0.0
1001
REVIT
1002
{
1070
     1
1000
2583759
1002
}
1002
{
1070
     5
1000
2425145
1002
}
1002
{
1070
     3
1000
1035229
1002
}
  0
LINE
  5
608
330
5E1
100
AcDbEntity
  8
P-SANR-FIXT
100
AcDbLine
 10
31377.443625523
 20
36164.81106338508
 30
0.0
 11
31363.44550578971
 21
36164.81106338508
 31
0.0
1001
REVIT
1002
{
1070
     1
1000
2583759
1002
}
1002
{
1070
     5
1000
2425145
1002
}
1002
{
1070
     3
1000
1035229
1002
}
  0
LINE
  5
609
330
5E1
100
AcDbEntity
  8
P-SANR-FIXT
100
AcDbLine
 10
31341.81794806797
 20
36776.20711544165
 30
0.0
 11
31341.81794806797
 21
36760.78968951213
 31
0.0
1001
REVIT
1002
{
1070
     1
1000
2583759
1002
}
1002
{
1070
     5
1000
2425145
1002
}
1002
{
1070
     3
1000
1035229
1002
}
  0
LINE
  5
60A
330
5E1
100
AcDbEntity
  8
P-SANR-FIXT
100
AcDbLine
 10
31356.26700473484
 20
36759.0775488835
 30
0.0
 11
31384.77648699835
 21
36759.0775488835
 31
0.0
1001
REVIT
1002
{
1070
     1
1000
2583759
1002
}
1002
{
1070
     5
1000
2425145
1002
}
1002
{
1070
     3
1000
1035229
1002
}
  0
LINE
  5
60B
330
5E1
100
AcDbEntity
  8
P-SANR-FIXT
100
AcDbLine
 10
31293.36349082559
 20
36779.02375275824
 30
0.0
 11
31319.45760694404
 21
36779.02375275824
 31
0.0
1001
REVIT
1002
{
1070
     1
1000
2583759
1002
}
1002
{
1070
     5
1000
2425145
1002
}
1002
{
1070
     3
1000
1035229
1002
}
  0
ARC
  5
60C
330
5E1
100
AcDbEntity
  8
P-SANR-FIXT
100
AcDbCircle
 10
31354.19550578968
 20
37020.00000000008
 30
0.0
 40
9.99999999999758
100
AcDbArc
 50
269.9999999999997
 51
269.7021143138807
1001
REVIT
1002
{
1070
     1
1000
2583759
1002
}
1002
{
1070
     5
1000
2425145
1002
}
1002
{
1070
     3
1000
1035229
1002
}
  0
LINE
  5
60D
330
5E1
100
AcDbEntity
  8
P-SANR-FIXT
100
AcDbLine
 10
31360.44550578968
 20
36933.91198957106
 30
0.0
 11
31360.44550578968
 21
36777.00000000006
 31
0.0
1001
REVIT
1002
{
1070
     1
1000
2583759
1002
}
1002
{
1070
     5
1000
2425145
1002
}
1002
{
1070
     3
1000
1035229
1002
}
  0
SPLINE
  5
60E
330
5E1
100
AcDbEntity
  8
P-SANR-FIXT
100
AcDbSpline
210
0.0
220
0.0
230
1.0
 70
     8
 71
     3
 72
    11
 73
     7
 74
     0
 42
0.000000001
 43
0.0000000001
 40
-1.0
 40
-1.0
 40
-1.0
 40
-1.0
 40
-0.75
 40
-0.5
 40
-0.25
 40
0.0
 40
0.0
 40
0.0
 40
0.0
 10
31324.73086909214
 20
36904.78862911147
 30
0.0
 10
31328.63807010644
 20
36905.97168939809
 30
0.0
 10
31336.03133556451
 20
36908.99592153642
 30
0.0
 10
31346.04213714948
 20
36915.61013028691
 30
0.0
 10
31354.42090280411
 20
36923.99162203732
 30
0.0
 10
31358.64865017011
 20
36930.44369924093
 30
0.0
 10
31360.44550578968
 20
36933.91198957106
 30
0.0
1001
REVIT
1002
{
1070
     1
1000
2583759
1002
}
1002
{
1070
     5
1000
2425145
1002
}
1002
{
1070
     3
1000
1035229
1002
}
  0
LINE
  5
60F
330
5E1
100
AcDbEntity
  8
P-SANR-FIXT
100
AcDbLine
 10
31320.4645433063
 20
36779.02375275824
 30
0.0
 11
31324.73086909215
 21
36904.78862911148
 31
0.0
1001
REVIT
1002
{
1070
     1
1000
2583759
1002
}
1002
{
1070
     5
1000
2425145
1002
}
1002
{
1070
     3
1000
1035229
1002
}
  0
LINE
  5
610
330
5E1
100
AcDbEntity
  8
P-SANR-FIXT
100
AcDbLine
 10
31319.51340385892
 20
36779.02375275824
 30
0.0
 11
31320.4645433063
 21
36779.02375275824
 31
0.0
1001
REVIT
1002
{
1070
     1
1000
2583759
1002
}
1002
{
1070
     5
1000
2425145
1002
}
1002
{
1070
     3
1000
1035229
1002
}
  0
LINE
  5
611
330
5E1
100
AcDbEntity
  8
P-SANR-FIXT
100
AcDbLine
 10
31319.44475203158
 20
36777.00000000006
 30
0.0
 11
31319.51340385892
 21
36779.02375275824
 31
0.0
1001
REVIT
1002
{
1070
     1
1000
2583759
1002
}
1002
{
1070
     5
1000
2425145
1002
}
1002
{
1070
     3
1000
1035229
1002
}
  0
LINE
  5
612
330
5E1
100
AcDbEntity
  8
P-SANR-FIXT
100
AcDbLine
 10
31341.81794806797
 20
36777.00000000006
 30
0.0
 11
31319.44475203158
 21
36777.00000000006
 31
0.0
1001
REVIT
1002
{
1070
     1
1000
2583759
1002
}
1002
{
1070
     5
1000
2425145
1002
}
1002
{
1070
     3
1000
1035229
1002
}
  0
LINE
  5
613
330
5E1
100
AcDbEntity
  8
P-SANR-FIXT
100
AcDbLine
 10
31341.81794806797
 20
36776.20711544164
 30
0.0
 11
31341.81794806797
 21
36777.00000000006
 31
0.0
1001
REVIT
1002
{
1070
     1
1000
2583759
1002
}
1002
{
1070
     5
1000
2425145
1002
}
1002
{
1070
     3
1000
1035229
1002
}
  0
LINE
  5
614
330
5E1
100
AcDbEntity
  8
P-SANR-FIXT
100
AcDbLine
 10
31342.61429260496
 20
36776.20711544164
 30
0.0
 11
31341.81794806797
 21
36776.20711544164
 31
0.0
1001
REVIT
1002
{
1070
     1
1000
2583759
1002
}
1002
{
1070
     5
1000
2425145
1002
}
1002
{
1070
     3
1000
1035229
1002
}
  0
LINE
  5
615
330
5E1
100
AcDbEntity
  8
P-SANR-FIXT
100
AcDbLine
 10
31342.61429260496
 20
36777.00000000006
 30
0.0
 11
31342.61429260496
 21
36776.20711544164
 31
0.0
1001
REVIT
1002
{
1070
     1
1000
2583759
1002
}
1002
{
1070
     5
1000
2425145
1002
}
1002
{
1070
     3
1000
1035229
1002
}
  0
LINE
  5
616
330
5E1
100
AcDbEntity
  8
P-SANR-FIXT
100
AcDbLine
 10
31360.44550578968
 20
36777.00000000006
 30
0.0
 11
31342.61429260496
 21
36777.00000000006
 31
0.0
1001
REVIT
1002
{
1070
     1
1000
2583759
1002
}
1002
{
1070
     5
1000
2425145
1002
}
1002
{
1070
     3
1000
1035229
1002
}
  0
LINE
  5
617
330
5E1
100
AcDbEntity
  8
P-SANR-FIXT
100
AcDbLine
 10
31381.33927650298
 20
37034.91791245662
 30
0.0
 11
31380.4455057897
 21
37034.91791245662
 31
0.0
1001
REVIT
1002
{
1070
     1
1000
2583759
1002
}
1002
{
1070
     5
1000
2425145
1002
}
1002
{
1070
     3
1000
1035229
1002
}
  0
LINE
  5
618
330
5E1
100
AcDbEntity
  8
P-SANR-FIXT
100
AcDbLine
 10
31381.33927650298
 20
37006.1036038605
 30
0.0
 11
31381.33927650298
 21
37034.91791245662
 31
0.0
1001
REVIT
1002
{
1070
     1
1000
2583759
1002
}
1002
{
1070
     5
1000
2425145
1002
}
1002
{
1070
     3
1000
1035229
1002
}
  0
LINE
  5
619
330
5E1
100
AcDbEntity
  8
P-SANR-FIXT
100
AcDbLine
 10
31380.4455057897
 20
37006.1036038605
 30
0.0
 11
31381.33927650298
 21
37006.1036038605
 31
0.0
1001
REVIT
1002
{
1070
     1
1000
2583759
1002
}
1002
{
1070
     5
1000
2425145
1002
}
1002
{
1070
     3
1000
1035229
1002
}
  0
LINE
  5
61A
330
5E1
100
AcDbEntity
  8
P-SANR-FIXT
100
AcDbLine
 10
31380.4455057897
 20
36777.00000000005
 30
0.0
 11
31380.4455057897
 21
37006.1036038605
 31
0.0
1001
REVIT
1002
{
1070
     1
1000
2583759
1002
}
1002
{
1070
     5
1000
2425145
1002
}
1002
{
1070
     3
1000
1035229
1002
}
  0
LINE
  5
61B
330
5E1
100
AcDbEntity
  8
P-SANR-FIXT
100
AcDbLine
 10
31387.19550578971
 20
36777.00000000005
 30
0.0
 11
31380.4455057897
 21
36777.00000000005
 31
0.0
1001
REVIT
1002
{
1070
     1
1000
2583759
1002
}
1002
{
1070
     5
1000
2425145
1002
}
1002
{
1070
     3
1000
1035229
1002
}
  0
LINE
  5
61C
330
5E1
100
AcDbEntity
  8
P-SANR-FIXT
100
AcDbLine
 10
31387.19550578971
 20
36759.98494703001
 30
0.0
 11
31387.19550578971
 21
36777.00000000005
 31
0.0
1001
REVIT
1002
{
1070
     1
1000
2583759
1002
}
1002
{
1070
     5
1000
2425145
1002
}
1002
{
1070
     3
1000
1035229
1002
}
  0
LINE
  5
61D
330
5E1
100
AcDbEntity
  8
P-SANR-FIXT
100
AcDbLine
 10
31384.77648699835
 20
36759.98494703001
 30
0.0
 11
31387.19550578971
 21
36759.98494703001
 31
0.0
1001
REVIT
1002
{
1070
     1
1000
2583759
1002
}
1002
{
1070
     5
1000
2425145
1002
}
1002
{
1070
     3
1000
1035229
1002
}
  0
LINE
  5
61E
330
5E1
100
AcDbEntity
  8
P-SANR-FIXT
100
AcDbLine
 10
31384.77648699835
 20
36759.0775488835
 30
0.0
 11
31384.77648699835
 21
36759.98494703001
 31
0.0
1001
REVIT
1002
{
1070
     1
1000
2583759
1002
}
1002
{
1070
     5
1000
2425145
1002
}
1002
{
1070
     3
1000
1035229
1002
}
  0
LINE
  5
61F
330
5E1
100
AcDbEntity
  8
P-SANR-FIXT
100
AcDbLine
 10
31387.16555305806
 20
36759.0775488835
 30
0.0
 11
31384.77648699835
 21
36759.0775488835
 31
0.0
1001
REVIT
1002
{
1070
     1
1000
2583759
1002
}
1002
{
1070
     5
1000
2425145
1002
}
1002
{
1070
     3
1000
1035229
1002
}
  0
LINE
  5
620
330
5E1
100
AcDbEntity
  8
P-SANR-FIXT
100
AcDbLine
 10
31387.16555305806
 20
36710.00000000009
 30
0.0
 11
31387.16555305806
 21
36759.0775488835
 31
0.0
1001
REVIT
1002
{
1070
     1
1000
2583759
1002
}
1002
{
1070
     5
1000
2425145
1002
}
1002
{
1070
     3
1000
1035229
1002
}
  0
LINE
  5
621
330
5E1
100
AcDbEntity
  8
P-SANR-FIXT
100
AcDbLine
 10
31380.44362552298
 20
36710.00000000009
 30
0.0
 11
31387.16555305806
 21
36710.00000000009
 31
0.0
1001
REVIT
1002
{
1070
     1
1000
2583759
1002
}
1002
{
1070
     5
1000
2425145
1002
}
1002
{
1070
     3
1000
1035229
1002
}
  0
LINE
  5
622
330
5E1
100
AcDbEntity
  8
P-SANR-FIXT
100
AcDbLine
 10
31380.44362552298
 20
36167.31106338508
 30
0.0
 11
31380.44362552298
 21
36710.00000000009
 31
0.0
1001
REVIT
1002
{
1070
     1
1000
2583759
1002
}
1002
{
1070
     5
1000
2425145
1002
}
1002
{
1070
     3
1000
1035229
1002
}
  0
LINE
  5
623
330
5E1
100
AcDbEntity
  8
P-SANR-FIXT
100
AcDbLine
 10
31381.94362552298
 20
36165.81106338508
 30
0.0
 11
31380.44362552298
 21
36167.31106338508
 31
0.0
1001
REVIT
1002
{
1070
     1
1000
2583759
1002
}
1002
{
1070
     5
1000
2425145
1002
}
1002
{
1070
     3
1000
1035229
1002
}
  0
LINE
  5
624
330
5E1
100
AcDbEntity
  8
P-SANR-FIXT
100
AcDbLine
 10
31381.94362552298
 20
36164.81106338508
 30
0.0
 11
31381.94362552298
 21
36165.81106338508
 31
0.0
1001
REVIT
1002
{
1070
     1
1000
2583759
1002
}
1002
{
1070
     5
1000
2425145
1002
}
1002
{
1070
     3
1000
1035229
1002
}
  0
LINE
  5
625
330
5E1
100
AcDbEntity
  8
P-SANR-FIXT
100
AcDbLine
 10
31377.44362552299
 20
36164.81106338508
 30
0.0
 11
31381.94362552298
 21
36164.81106338508
 31
0.0
1001
REVIT
1002
{
1070
     1
1000
2583759
1002
}
1002
{
1070
     5
1000
2425145
1002
}
1002
{
1070
     3
1000
1035229
1002
}
  0
LINE
  5
626
330
5E1
100
AcDbEntity
  8
P-SANR-FIXT
100
AcDbLine
 10
31377.44362552299
 20
36164.01106338508
 30
0.0
 11
31377.44362552299
 21
36164.81106338508
 31
0.0
1001
REVIT
1002
{
1070
     1
1000
2583759
1002
}
1002
{
1070
     5
1000
2425145
1002
}
1002
{
1070
     3
1000
1035229
1002
}
  0
LINE
  5
627
330
5E1
100
AcDbEntity
  8
P-SANR-FIXT
100
AcDbLine
 10
31381.93333347186
 20
36164.01106338508
 30
0.0
 11
31377.44362552299
 21
36164.01106338508
 31
0.0
1001
REVIT
1002
{
1070
     1
1000
2583759
1002
}
1002
{
1070
     5
1000
2425145
1002
}
1002
{
1070
     3
1000
1035229
1002
}
  0
LINE
  5
628
330
5E1
100
AcDbEntity
  8
P-SANR-FIXT
100
AcDbLine
 10
31380.69362552298
 20
36127.87517753016
 30
0.0
 11
31381.93333347186
 21
36164.01106338508
 31
0.0
1001
REVIT
1002
{
1070
     1
1000
2583759
1002
}
1002
{
1070
     5
1000
2425145
1002
}
1002
{
1070
     3
1000
1035229
1002
}
  0
LINE
  5
629
330
5E1
100
AcDbEntity
  8
P-SANR-FIXT
100
AcDbLine
 10
31377.44362552299
 20
36127.87517753016
 30
0.0
 11
31380.69362552298
 21
36127.87517753016
 31
0.0
1001
REVIT
1002
{
1070
     1
1000
2583759
1002
}
1002
{
1070
     5
1000
2425145
1002
}
1002
{
1070
     3
1000
1035229
1002
}
  0
LINE
  5
62A
330
5E1
100
AcDbEntity
  8
P-SANR-FIXT
100
AcDbLine
 10
31377.44362552299
 20
35771.95513143041
 30
0.0
 11
31377.44362552299
 21
36127.87517753016
 31
0.0
1001
REVIT
1002
{
1070
     1
1000
2583759
1002
}
1002
{
1070
     5
1000
2425145
1002
}
1002
{
1070
     3
1000
1035229
1002
}
  0
ARC
  5
62B
330
5E1
100
AcDbEntity
  8
P-SANR-FIXT
100
AcDbCircle
 10
31338.44550578969
 20
35772.33809000056
 30
0.0
 40
39.0
100
AcDbArc
 50
180.0
 51
359.4373778865277
1001
REVIT
1002
{
1070
     1
1000
2583759
1002
}
1002
{
1070
     5
1000
2425145
1002
}
1002
{
1070
     3
1000
1035229
1002
}
  0
LINE
  5
62C
330
5E1
100
AcDbEntity
  8
P-SANR-FIXT
100
AcDbLine
 10
31299.44550578972
 20
36749.85005558557
 30
0.0
 11
31299.44550578972
 21
35772.33809000056
 31
0.0
1001
REVIT
1002
{
1070
     1
1000
2583759
1002
}
1002
{
1070
     5
1000
2425145
1002
}
1002
{
1070
     3
1000
1035229
1002
}
  0
LINE
  5
62D
330
5E1
100
AcDbEntity
  8
P-SANR-FIXT
100
AcDbLine
 10
31295.44550578971
 20
36749.85005558557
 30
0.0
 11
31299.44550578972
 21
36749.85005558557
 31
0.0
1001
REVIT
1002
{
1070
     1
1000
2583759
1002
}
1002
{
1070
     5
1000
2425145
1002
}
1002
{
1070
     3
1000
1035229
1002
}
  0
LINE
  5
62E
330
5E1
100
AcDbEntity
  8
P-SANR-FIXT
100
AcDbLine
 10
31295.09106192046
 20
36760.00000000005
 30
0.0
 11
31295.44550578971
 21
36749.85005558557
 31
0.0
1001
REVIT
1002
{
1070
     1
1000
2583759
1002
}
1002
{
1070
     5
1000
2425145
1002
}
1002
{
1070
     3
1000
1035229
1002
}
  0
LINE
  5
62F
330
5E1
100
AcDbEntity
  8
P-SANR-FIXT
100
AcDbLine
 10
31291.66346304947
 20
36760.00000000005
 30
0.0
 11
31295.09106192046
 21
36760.00000000005
 31
0.0
1001
REVIT
1002
{
1070
     1
1000
2583759
1002
}
1002
{
1070
     5
1000
2425145
1002
}
1002
{
1070
     3
1000
1035229
1002
}
  0
LINE
  5
630
330
5E1
100
AcDbEntity
  8
P-SANR-FIXT
100
AcDbLine
 10
31291.66346304947
 20
36777.00000000006
 30
0.0
 11
31291.66346304947
 21
36760.00000000005
 31
0.0
1001
REVIT
1002
{
1070
     1
1000
2583759
1002
}
1002
{
1070
     5
1000
2425145
1002
}
1002
{
1070
     3
1000
1035229
1002
}
  0
LINE
  5
631
330
5E1
100
AcDbEntity
  8
P-SANR-FIXT
100
AcDbLine
 10
31293.44555078093
 20
36777.00000000006
 30
0.0
 11
31291.66346304947
 21
36777.00000000006
 31
0.0
1001
REVIT
1002
{
1070
     1
1000
2583759
1002
}
1002
{
1070
     5
1000
2425145
1002
}
1002
{
1070
     3
1000
1035229
1002
}
  0
LINE
  5
632
330
5E1
100
AcDbEntity
  8
P-SANR-FIXT
100
AcDbLine
 10
31288.26520197441
 20
36904.75713978109
 30
0.0
 11
31293.44555078093
 21
36777.00000000006
 31
0.0
1001
REVIT
1002
{
1070
     1
1000
2583759
1002
}
1002
{
1070
     5
1000
2425145
1002
}
1002
{
1070
     3
1000
1035229
1002
}
  0
SPLINE
  5
633
330
5E1
100
AcDbEntity
  8
P-SANR-FIXT
100
AcDbSpline
210
0.0
220
0.0
230
1.0
 70
     8
 71
     3
 72
    13
 73
     9
 74
     0
 42
0.000000001
 43
0.0000000001
 40
-1.0
 40
-1.0
 40
-1.0
 40
-1.0
 40
-0.8333333333333333
 40
-0.6666666666666666
 40
-0.5
 40
-0.3333333333333333
 40
-0.1666666666666667
 40
0.0
 40
0.0
 40
0.0
 40
0.0
 10
31246.50763529984
 20
36961.05329167694
 30
0.0
 10
31246.31731532066
 20
36956.89471324224
 30
0.0
 10
31246.86267440637
 20
36948.75960886991
 30
0.0
 10
31250.52459580766
 20
36936.84043137938
 30
0.0
 10
31256.83274306006
 20
36925.99276822663
 30
0.0
 10
31265.48043995742
 20
36916.67746353819
 30
0.0
 10
31276.11369119686
 20
36909.32436837376
 30
0.0
 10
31284.04729593461
 20
36906.02841788973
 30
0.0
 10
31288.26520197441
 20
36904.75713978109
 30
0.0
1001
REVIT
1002
{
1070
     1
1000
2583759
1002
}
1002
{
1070
     5
1000
2425145
1002
}
1002
{
1070
     3
1000
1035229
1002
}
  0
SPLINE
  5
634
330
5E1
100
AcDbEntity
  8
P-SANR-FIXT
100
AcDbSpline
210
0.0
220
0.0
230
1.0
 70
     8
 71
     3
 72
    16
 73
    12
 74
     0
 42
0.000000001
 43
0.0000000001
 40
-1.0
 40
-1.0
 40
-1.0
 40
-1.0
 40
-0.8928571428571428
 40
-0.8392857142857142
 40
-0.7857142857142857
 40
-0.6785714285714286
 40
-0.5714285714285714
 40
-0.4285714285714285
 40
-0.2857142857142857
 40
-0.1428571428571428
 40
0.0
 40
0.0
 40
0.0
 40
0.0
 10
31301.28245180609
 20
37019.79086625954
 30
0.0
 10
31297.96528478094
 20
37019.51362532701
 30
0.0
 10
31293.10624751795
 20
37018.73627492351
 30
0.0
 10
31286.88362844447
 20
37016.98600086938
 30
0.0
 10
31280.74009590258
 20
37014.72251939601
 30
0.0
 10
31273.53706621659
 20
37011.0625778086
 30
0.0
 10
31264.84683910866
 20
37004.7327777956
 30
0.0
 10
31256.88445975964
 20
36996.18719929795
 30
0.0
 10
31250.54628213605
 20
36985.32118079782
 30
0.0
 10
31246.8657641455
 20
36973.37600665482
 30
0.0
 10
31246.31693031764
 20
36965.22200457999
 30
0.0
 10
31246.50763529984
 20
36961.05329167694
 30
0.0
1001
REVIT
1002
{
1070
     1
1000
2583759
1002
}
1002
{
1070
     5
1000
2425145
1002
}
1002
{
1070
     3
1000
1035229
1002
}
  0
SPLINE
  5
635
330
5E1
100
AcDbEntity
  8
P-SANR-FIXT
100
AcDbSpline
210
0.0
220
0.0
230
1.0
 70
     8
 71
     3
 72
     9
 73
     5
 74
     0
 42
0.000000001
 43
0.0000000001
 40
-1.0
 40
-1.0
 40
-1.0
 40
-1.0
 40
-0.5
 40
0.0
 40
0.0
 40
0.0
 40
0.0
 10
31329.57845854337
 20
37015.64098808536
 30
0.0
 10
31325.04069057593
 20
37017.40575850621
 30
0.0
 10
31315.7869214856
 20
37019.86217528941
 30
0.0
 10
31306.17668608441
 20
37020.17234395565
 30
0.0
 10
31301.28245180609
 20
37019.79086625954
 30
0.0
1001
REVIT
1002
{
1070
     1
1000
2583759
1002
}
1002
{
1070
     5
1000
2425145
1002
}
1002
{
1070
     3
1000
1035229
1002
}
  0
ARC
  5
636
330
5E1
100
AcDbEntity
  8
P-SANR-FIXT
100
AcDbCircle
 10
31354.19550578969
 20
37020.00000000006
 30
0.0
 40
25.00000000000473
100
AcDbArc
 50
75.52248781408086
 51
190.0414439550781
1001
REVIT
1002
{
1070
     1
1000
2583759
1002
}
1002
{
1070
     5
1000
2425145
1002
}
1002
{
1070
     3
1000
1035229
1002
}
  0
LINE
  5
637
330
5E1
100
AcDbEntity
  8
P-SANR-FIXT
100
AcDbLine
 10
31360.44550578968
 20
37284.99999999996
 30
0.0
 11
31360.44550578968
 21
37044.20614591385
 31
0.0
1001
REVIT
1002
{
1070
     1
1000
2583759
1002
}
1002
{
1070
     5
1000
2425145
1002
}
1002
{
1070
     3
1000
1035229
1002
}
  0
LINE
  5
638
330
5E1
100
AcDbEntity
  8
P-SANR-FIXT
100
AcDbLine
 10
31245.4455057897
 20
37284.99999999996
 30
0.0
 11
31360.44550578968
 21
37284.99999999996
 31
0.0
1001
REVIT
1002
{
1070
     1
1000
2583759
1002
}
1002
{
1070
     5
1000
2425145
1002
}
1002
{
1070
     3
1000
1035229
1002
}
  0
LINE
  5
639
330
5E1
100
AcDbEntity
  8
P-SANR-FIXT
100
AcDbLine
 10
31245.4455057897
 20
37287.55823737778
 30
0.0
 11
31245.4455057897
 21
37284.99999999996
 31
0.0
1001
REVIT
1002
{
1070
     1
1000
2583759
1002
}
1002
{
1070
     5
1000
2425145
1002
}
1002
{
1070
     3
1000
1035229
1002
}
  0
LINE
  5
63A
330
5E1
100
AcDbEntity
  8
P-SANR-FIXT
100
AcDbLine
 10
31246.42176998123
 20
37287.55823737778
 30
0.0
 11
31245.4455057897
 21
37287.55823737778
 31
0.0
1001
REVIT
1002
{
1070
     1
1000
2583759
1002
}
1002
{
1070
     5
1000
2425145
1002
}
1002
{
1070
     3
1000
1035229
1002
}
  0
LINE
  5
63B
330
5E1
100
AcDbEntity
  8
P-SANR-FIXT
100
AcDbLine
 10
31246.42176998123
 20
37290.4042930826
 30
0.0
 11
31246.42176998123
 21
37287.55823737778
 31
0.0
1001
REVIT
1002
{
1070
     1
1000
2583759
1002
}
1002
{
1070
     5
1000
2425145
1002
}
1002
{
1070
     3
1000
1035229
1002
}
  0
LINE
  5
63C
330
5E1
100
AcDbEntity
  8
P-SANR-FIXT
100
AcDbLine
 10
31245.4455057897
 20
37290.4042930826
 30
0.0
 11
31246.42176998123
 21
37290.4042930826
 31
0.0
1001
REVIT
1002
{
1070
     1
1000
2583759
1002
}
1002
{
1070
     5
1000
2425145
1002
}
1002
{
1070
     3
1000
1035229
1002
}
  0
LINE
  5
63D
330
5E1
100
AcDbEntity
  8
P-SANR-FIXT
100
AcDbLine
 10
31245.4455057897
 20
37301.49999999996
 30
0.0
 11
31245.4455057897
 21
37290.4042930826
 31
0.0
1001
REVIT
1002
{
1070
     1
1000
2583759
1002
}
1002
{
1070
     5
1000
2425145
1002
}
1002
{
1070
     3
1000
1035229
1002
}
  0
LINE
  5
63E
330
5E1
100
AcDbEntity
  8
P-SANR-FIXT
100
AcDbLine
 10
31352.43246404212
 20
37301.49999999996
 30
0.0
 11
31245.4455057897
 21
37301.49999999996
 31
0.0
1001
REVIT
1002
{
1070
     1
1000
2583759
1002
}
1002
{
1070
     5
1000
2425145
1002
}
1002
{
1070
     3
1000
1035229
1002
}
  0
LINE
  5
63F
330
5E1
100
AcDbEntity
  8
P-SANR-FIXT
100
AcDbLine
 10
31353.30190578969
 20
37318.44999999996
 30
0.0
 11
31352.43246404212
 21
37301.49999999996
 31
0.0
1001
REVIT
1002
{
1070
     1
1000
2583759
1002
}
1002
{
1070
     5
1000
2425145
1002
}
1002
{
1070
     3
1000
1035229
1002
}
  0
ARC
  5
640
330
5E1
100
AcDbEntity
  8
P-SANR-FIXT
100
AcDbCircle
 10
31355.25065108199
 20
37318.35004008771
 30
0.0
 40
1.951307304940763
100
AcDbArc
 50
93.64504758127529
 51
177.0636152582935
1001
REVIT
1002
{
1070
     1
1000
2583759
1002
}
1002
{
1070
     5
1000
2425145
1002
}
1002
{
1070
     3
1000
1035229
1002
}
  0
LINE
  5
641
330
5E1
100
AcDbEntity
  8
P-SANR-FIXT
100
AcDbLine
 10
31359.08528456567
 20
37320.29739999995
 30
0.0
 11
31355.12659637428
 21
37320.29739999995
 31
0.0
1001
REVIT
1002
{
1070
     1
1000
2583759
1002
}
1002
{
1070
     5
1000
2425145
1002
}
1002
{
1070
     3
1000
1035229
1002
}
  0
ARC
  5
642
330
5E1
100
AcDbEntity
  8
P-SANR-FIXT
100
AcDbCircle
 10
31359.02891232657
 20
37322.15285673637
 30
0.0
 40
1.856312885844935
100
AcDbArc
 50
271.7402174229586
 51
319.7402174239493
1001
REVIT
1002
{
1070
     1
1000
2583759
1002
}
1002
{
1070
     5
1000
2425145
1002
}
1002
{
1070
     3
1000
1035229
1002
}
  0
LINE
  5
643
330
5E1
100
AcDbEntity
  8
P-SANR-FIXT
100
AcDbLine
 10
31360.44550578969
 20
37325.66941743648
 30
0.0
 11
31360.44550578969
 21
37320.95320658307
 31
0.0
1001
REVIT
1002
{
1070
     1
1000
2583759
1002
}
1002
{
1070
     5
1000
2425145
1002
}
1002
{
1070
     3
1000
1035229
1002
}
  0
ARC
  5
644
330
5E1
100
AcDbEntity
  8
P-SANR-FIXT
100
AcDbCircle
 10
31358.75832327331
 20
37323.81606215607
 30
0.0
 40
2.506294204394962
100
AcDbArc
 50
47.68716697010981
 51
81.90767598375109
1001
REVIT
1002
{
1070
     1
1000
2583759
1002
}
1002
{
1070
     5
1000
2425145
1002
}
1002
{
1070
     3
1000
1035229
1002
}
  0
LINE
  5
645
330
5E1
100
AcDbEntity
  8
P-SANR-FIXT
100
AcDbLine
 10
31358.31113078969
 20
37326.29739999993
 30
0.0
 11
31359.11113078969
 21
37326.29739999993
 31
0.0
1001
REVIT
1002
{
1070
     1
1000
2583759
1002
}
1002
{
1070
     5
1000
2425145
1002
}
1002
{
1070
     3
1000
1035229
1002
}
  0
ARC
  5
646
330
5E1
100
AcDbEntity
  8
P-SANR-FIXT
100
AcDbCircle
 10
31358.31113078969
 20
37326.89739999993
 30
0.0
 40
0.6000000000021828
100
AcDbArc
 50
180.0
 51
269.9999999999997
1001
REVIT
1002
{
1070
     1
1000
2583759
1002
}
1002
{
1070
     5
1000
2425145
1002
}
1002
{
1070
     3
1000
1035229
1002
}
  0
LINE
  5
647
330
5E1
100
AcDbEntity
  8
P-SANR-FIXT
100
AcDbLine
 10
31357.71113078969
 20
37336.39999999992
 30
0.0
 11
31357.71113078969
 21
37326.89739999993
 31
0.0
1001
REVIT
1002
{
1070
     1
1000
2583759
1002
}
1002
{
1070
     5
1000
2425145
1002
}
1002
{
1070
     3
1000
1035229
1002
}
  0
ARC
  5
648
330
5E1
100
AcDbEntity
  8
P-SANR-FIXT
100
AcDbCircle
 10
31358.31113078969
 20
37336.39999999992
 30
0.0
 40
0.6000000000021828
100
AcDbArc
 50
90.0
 51
180.0
1001
REVIT
1002
{
1070
     1
1000
2583759
1002
}
1002
{
1070
     5
1000
2425145
1002
}
1002
{
1070
     3
1000
1035229
1002
}
  0
LINE
  5
649
330
5E1
100
AcDbEntity
  8
P-SANR-FIXT
100
AcDbLine
 10
31360.44550578969
 20
37336.99999999992
 30
0.0
 11
31358.31113078969
 21
37336.99999999992
 31
0.0
1001
REVIT
1002
{
1070
     1
1000
2583759
1002
}
1002
{
1070
     5
1000
2425145
1002
}
1002
{
1070
     3
1000
1035229
1002
}
  0
LINE
  5
64A
330
5E1
100
AcDbEntity
  8
P-SANR-FIXT
100
AcDbLine
 10
31360.44550578969
 20
37339.99999999992
 30
0.0
 11
31360.44550578969
 21
37336.99999999992
 31
0.0
1001
REVIT
1002
{
1070
     1
1000
2583759
1002
}
1002
{
1070
     5
1000
2425145
1002
}
1002
{
1070
     3
1000
1035229
1002
}
  0
LINE
  5
64B
330
5E1
100
AcDbEntity
  8
P-SANR-FIXT
100
AcDbLine
 10
31357.44550578969
 20
37339.99999999992
 30
0.0
 11
31360.44550578969
 21
37339.99999999992
 31
0.0
1001
REVIT
1002
{
1070
     1
1000
2583759
1002
}
1002
{
1070
     5
1000
2425145
1002
}
1002
{
1070
     3
1000
1035229
1002
}
  0
LINE
  5
64C
330
5E1
100
AcDbEntity
  8
P-SANR-FIXT
100
AcDbLine
 10
31357.44550578969
 20
37364.99999999994
 30
0.0
 11
31357.44550578969
 21
37339.99999999992
 31
0.0
1001
REVIT
1002
{
1070
     1
1000
2583759
1002
}
1002
{
1070
     5
1000
2425145
1002
}
1002
{
1070
     3
1000
1035229
1002
}
  0
LINE
  5
64D
330
5E1
100
AcDbEntity
  8
P-SANR-FIXT
100
AcDbLine
 10
31383.44550578969
 20
37364.99999999994
 30
0.0
 11
31357.44550578969
 21
37364.99999999994
 31
0.0
1001
REVIT
1002
{
1070
     1
1000
2583759
1002
}
1002
{
1070
     5
1000
2425145
1002
}
1002
{
1070
     3
1000
1035229
1002
}
  0
LINE
  5
64E
330
5E1
100
AcDbEntity
  8
P-SANR-FIXT
100
AcDbLine
 10
31383.44550578969
 20
37339.99999999994
 30
0.0
 11
31383.44550578969
 21
37364.99999999994
 31
0.0
1001
REVIT
1002
{
1070
     1
1000
2583759
1002
}
1002
{
1070
     5
1000
2425145
1002
}
1002
{
1070
     3
1000
1035229
1002
}
  0
LINE
  5
64F
330
5E1
100
AcDbEntity
  8
P-SANR-FIXT
100
AcDbLine
 10
31380.4455057897
 20
37339.99999999994
 30
0.0
 11
31383.44550578969
 21
37339.99999999994
 31
0.0
1001
REVIT
1002
{
1070
     1
1000
2583759
1002
}
1002
{
1070
     5
1000
2425145
1002
}
1002
{
1070
     3
1000
1035229
1002
}
  0
LINE
  5
650
330
5E1
100
AcDbEntity
  8
P-SANR-FIXT
100
AcDbLine
 10
31380.4455057897
 20
37336.99999999994
 30
0.0
 11
31380.4455057897
 21
37339.99999999994
 31
0.0
1001
REVIT
1002
{
1070
     1
1000
2583759
1002
}
1002
{
1070
     5
1000
2425145
1002
}
1002
{
1070
     3
1000
1035229
1002
}
  0
LINE
  5
651
330
5E1
100
AcDbEntity
  8
P-SANR-FIXT
100
AcDbLine
 10
31382.57988078969
 20
37336.99999999994
 30
0.0
 11
31380.4455057897
 21
37336.99999999994
 31
0.0
1001
REVIT
1002
{
1070
     1
1000
2583759
1002
}
1002
{
1070
     5
1000
2425145
1002
}
1002
{
1070
     3
1000
1035229
1002
}
  0
ARC
  5
652
330
5E1
100
AcDbEntity
  8
P-SANR-FIXT
100
AcDbCircle
 10
31382.57988078969
 20
37336.39999999994
 30
0.0
 40
0.6000000000021828
100
AcDbArc
 50
0.0
 51
90.0
1001
REVIT
1002
{
1070
     1
1000
2583759
1002
}
1002
{
1070
     5
1000
2425145
1002
}
1002
{
1070
     3
1000
1035229
1002
}
  0
LINE
  5
653
330
5E1
100
AcDbEntity
  8
P-SANR-FIXT
100
AcDbLine
 10
31383.17988078969
 20
37326.89739999995
 30
0.0
 11
31383.17988078969
 21
37336.39999999994
 31
0.0
1001
REVIT
1002
{
1070
     1
1000
2583759
1002
}
1002
{
1070
     5
1000
2425145
1002
}
1002
{
1070
     3
1000
1035229
1002
}
  0
ARC
  5
654
330
5E1
100
AcDbEntity
  8
P-SANR-FIXT
100
AcDbCircle
 10
31382.57988078969
 20
37326.89739999995
 30
0.0
 40
0.6000000000021828
100
AcDbArc
 50
269.9999999999997
 51
0.0
1001
REVIT
1002
{
1070
     1
1000
2583759
1002
}
1002
{
1070
     5
1000
2425145
1002
}
1002
{
1070
     3
1000
1035229
1002
}
  0
LINE
  5
655
330
5E1
100
AcDbEntity
  8
P-SANR-FIXT
100
AcDbLine
 10
31381.77988078969
 20
37326.29739999995
 30
0.0
 11
31382.57988078969
 21
37326.29739999995
 31
0.0
1001
REVIT
1002
{
1070
     1
1000
2583759
1002
}
1002
{
1070
     5
1000
2425145
1002
}
1002
{
1070
     3
1000
1035229
1002
}
  0
ARC
  5
656
330
5E1
100
AcDbEntity
  8
P-SANR-FIXT
100
AcDbCircle
 10
31382.13268830607
 20
37323.81606215609
 30
0.0
 40
2.506294204394362
100
AcDbArc
 50
98.09232401625546
 51
132.3128330297401
1001
REVIT
1002
{
1070
     1
1000
2583759
1002
}
1002
{
1070
     5
1000
2425145
1002
}
1002
{
1070
     3
1000
1035229
1002
}
  0
LINE
  5
657
330
5E1
100
AcDbEntity
  8
P-SANR-FIXT
100
AcDbLine
 10
31380.4455057897
 20
37320.95320658306
 30
0.0
 11
31380.4455057897
 21
37325.66941743651
 31
0.0
1001
REVIT
1002
{
1070
     1
1000
2583759
1002
}
1002
{
1070
     5
1000
2425145
1002
}
1002
{
1070
     3
1000
1035229
1002
}
  0
ARC
  5
658
330
5E1
100
AcDbEntity
  8
P-SANR-FIXT
100
AcDbCircle
 10
31381.86209925281
 20
37322.1528567364
 30
0.0
 40
1.856312885846266
100
AcDbArc
 50
220.2597825771833
 51
268.2597825770439
1001
REVIT
1002
{
1070
     1
1000
2583759
1002
}
1002
{
1070
     5
1000
2425145
1002
}
1002
{
1070
     3
1000
1035229
1002
}
  0
LINE
  5
659
330
5E1
100
AcDbEntity
  8
P-SANR-FIXT
100
AcDbLine
 10
31385.7644152051
 20
37320.29739999995
 30
0.0
 11
31381.80572701371
 21
37320.29739999995
 31
0.0
1001
REVIT
1002
{
1070
     1
1000
2583759
1002
}
1002
{
1070
     5
1000
2425145
1002
}
1002
{
1070
     3
1000
1035229
1002
}
  0
ARC
  5
65A
330
5E1
100
AcDbEntity
  8
P-SANR-FIXT
100
AcDbCircle
 10
31385.64036049739
 20
37318.35004008771
 30
0.0
 40
1.951307304936225
100
AcDbArc
 50
2.936384741695278
 51
86.35495241870397
1001
REVIT
1002
{
1070
     1
1000
2583759
1002
}
1002
{
1070
     5
1000
2425145
1002
}
1002
{
1070
     3
1000
1035229
1002
}
  0
LINE
  5
65B
330
5E1
100
AcDbEntity
  8
P-SANR-FIXT
100
AcDbLine
 10
31388.45854753726
 20
37301.49999999996
 30
0.0
 11
31387.58910578969
 21
37318.44999999996
 31
0.0
1001
REVIT
1002
{
1070
     1
1000
2583759
1002
}
1002
{
1070
     5
1000
2425145
1002
}
1002
{
1070
     3
1000
1035229
1002
}
  0
LINE
  5
65C
330
5E1
100
AcDbEntity
  8
P-SANR-FIXT
100
AcDbLine
 10
31495.4455057897
 20
37301.49999999996
 30
0.0
 11
31388.45854753726
 21
37301.49999999996
 31
0.0
1001
REVIT
1002
{
1070
     1
1000
2583759
1002
}
1002
{
1070
     5
1000
2425145
1002
}
1002
{
1070
     3
1000
1035229
1002
}
  0
LINE
  5
65D
330
5E1
100
AcDbEntity
  8
P-SANR-FIXT
100
AcDbLine
 10
31495.4455057897
 20
37290.4042930826
 30
0.0
 11
31495.4455057897
 21
37301.49999999996
 31
0.0
1001
REVIT
1002
{
1070
     1
1000
2583759
1002
}
1002
{
1070
     5
1000
2425145
1002
}
1002
{
1070
     3
1000
1035229
1002
}
  0
LINE
  5
65E
330
5E1
100
AcDbEntity
  8
P-SANR-FIXT
100
AcDbLine
 10
31494.46924159816
 20
37290.4042930826
 30
0.0
 11
31495.4455057897
 21
37290.4042930826
 31
0.0
1001
REVIT
1002
{
1070
     1
1000
2583759
1002
}
1002
{
1070
     5
1000
2425145
1002
}
1002
{
1070
     3
1000
1035229
1002
}
  0
LINE
  5
65F
330
5E1
100
AcDbEntity
  8
P-SANR-FIXT
100
AcDbLine
 10
31494.46924159816
 20
37287.55823737778
 30
0.0
 11
31494.46924159816
 21
37290.4042930826
 31
0.0
1001
REVIT
1002
{
1070
     1
1000
2583759
1002
}
1002
{
1070
     5
1000
2425145
1002
}
1002
{
1070
     3
1000
1035229
1002
}
  0
LINE
  5
660
330
5E1
100
AcDbEntity
  8
P-SANR-FIXT
100
AcDbLine
 10
31495.4455057897
 20
37287.55823737778
 30
0.0
 11
31494.46924159816
 21
37287.55823737778
 31
0.0
1001
REVIT
1002
{
1070
     1
1000
2583759
1002
}
1002
{
1070
     5
1000
2425145
1002
}
1002
{
1070
     3
1000
1035229
1002
}
  0
LINE
  5
661
330
5E1
100
AcDbEntity
  8
P-SANR-FIXT
100
AcDbLine
 10
31495.4455057897
 20
37284.99999999996
 30
0.0
 11
31495.4455057897
 21
37287.55823737778
 31
0.0
1001
REVIT
1002
{
1070
     1
1000
2583759
1002
}
1002
{
1070
     5
1000
2425145
1002
}
1002
{
1070
     3
1000
1035229
1002
}
  0
LINE
  5
662
330
5E1
100
AcDbEntity
  8
P-SANR-FIXT
100
AcDbLine
 10
31380.4455057897
 20
37284.99999999996
 30
0.0
 11
31495.4455057897
 21
37284.99999999996
 31
0.0
1001
REVIT
1002
{
1070
     1
1000
2583759
1002
}
1002
{
1070
     5
1000
2425145
1002
}
1002
{
1070
     3
1000
1035229
1002
}
  0
LINE
  5
663
330
5E1
100
AcDbEntity
  8
P-SANR-FIXT
100
AcDbLine
 10
31380.4455057897
 20
37034.91791245662
 30
0.0
 11
31380.4455057897
 21
37284.99999999996
 31
0.0
1001
REVIT
1002
{
1070
     1
1000
2583759
1002
}
1002
{
1070
     5
1000
2425145
1002
}
1002
{
1070
     3
1000
1035229
1002
}
  0
LINE
  5
664
330
5E1
100
AcDbEntity
  8
P-SANR-FIXT
100
AcDbLine
 10
31317.79994965897
 20
36760.00000000005
 30
0.0
 11
31341.81794806797
 21
36760.00000000005
 31
0.0
1001
REVIT
1002
{
1070
     1
1000
2583759
1002
}
1002
{
1070
     5
1000
2425145
1002
}
1002
{
1070
     3
1000
1035229
1002
}
  0
LINE
  5
665
330
5E1
100
AcDbEntity
  8
P-SANR-FIXT
100
AcDbLine
 10
31317.44550578972
 20
36749.85005558557
 30
0.0
 11
31317.79994965897
 21
36760.00000000005
 31
0.0
1001
REVIT
1002
{
1070
     1
1000
2583759
1002
}
1002
{
1070
     5
1000
2425145
1002
}
1002
{
1070
     3
1000
1035229
1002
}
  0
LINE
  5
666
330
5E1
100
AcDbEntity
  8
P-SANR-FIXT
100
AcDbLine
 10
31313.44550578971
 20
36749.85005558557
 30
0.0
 11
31317.44550578972
 21
36749.85005558557
 31
0.0
1001
REVIT
1002
{
1070
     1
1000
2583759
1002
}
1002
{
1070
     5
1000
2425145
1002
}
1002
{
1070
     3
1000
1035229
1002
}
  0
LINE
  5
667
330
5E1
100
AcDbEntity
  8
P-SANR-FIXT
100
AcDbLine
 10
31313.44550578971
 20
35772.33809000056
 30
0.0
 11
31313.44550578971
 21
36749.85005558557
 31
0.0
1001
REVIT
1002
{
1070
     1
1000
2583759
1002
}
1002
{
1070
     5
1000
2425145
1002
}
1002
{
1070
     3
1000
1035229
1002
}
  0
ARC
  5
668
330
5E1
100
AcDbEntity
  8
P-SANR-FIXT
100
AcDbCircle
 10
31338.44550578969
 20
35772.33809000056
 30
0.0
 40
25.00000000000364
100
AcDbArc
 50
180.0
 51
0.0
1001
REVIT
1002
{
1070
     1
1000
2583759
1002
}
1002
{
1070
     5
1000
2425145
1002
}
1002
{
1070
     3
1000
1035229
1002
}
  0
LINE
  5
669
330
5E1
100
AcDbEntity
  8
P-SANR-FIXT
100
AcDbLine
 10
31363.44550578968
 20
36127.87517753016
 30
0.0
 11
31363.44550578968
 21
35772.33809000056
 31
0.0
1001
REVIT
1002
{
1070
     1
1000
2583759
1002
}
1002
{
1070
     5
1000
2425145
1002
}
1002
{
1070
     3
1000
1035229
1002
}
  0
LINE
  5
66A
330
5E1
100
AcDbEntity
  8
P-SANR-FIXT
100
AcDbLine
 10
31360.19738605638
 20
36127.87517753016
 30
0.0
 11
31363.44550578968
 21
36127.87517753016
 31
0.0
1001
REVIT
1002
{
1070
     1
1000
2583759
1002
}
1002
{
1070
     5
1000
2425145
1002
}
1002
{
1070
     3
1000
1035229
1002
}
  0
LINE
  5
66B
330
5E1
100
AcDbEntity
  8
P-SANR-FIXT
100
AcDbLine
 10
31358.95767810752
 20
36164.01106338508
 30
0.0
 11
31360.19738605638
 21
36127.87517753016
 31
0.0
1001
REVIT
1002
{
1070
     1
1000
2583759
1002
}
1002
{
1070
     5
1000
2425145
1002
}
1002
{
1070
     3
1000
1035229
1002
}
  0
LINE
  5
66C
330
5E1
100
AcDbEntity
  8
P-SANR-FIXT
100
AcDbLine
 10
31363.4455057897
 20
36164.01106338508
 30
0.0
 11
31358.95767810752
 21
36164.01106338508
 31
0.0
1001
REVIT
1002
{
1070
     1
1000
2583759
1002
}
1002
{
1070
     5
1000
2425145
1002
}
1002
{
1070
     3
1000
1035229
1002
}
  0
LINE
  5
66D
330
5E1
100
AcDbEntity
  8
P-SANR-FIXT
100
AcDbLine
 10
31363.4455057897
 20
36164.81106338508
 30
0.0
 11
31363.4455057897
 21
36164.01106338508
 31
0.0
1001
REVIT
1002
{
1070
     1
1000
2583759
1002
}
1002
{
1070
     5
1000
2425145
1002
}
1002
{
1070
     3
1000
1035229
1002
}
  0
LINE
  5
66E
330
5E1
100
AcDbEntity
  8
P-SANR-FIXT
100
AcDbLine
 10
31358.9473860564
 20
36164.81106338508
 30
0.0
 11
31363.4455057897
 21
36164.81106338508
 31
0.0
1001
REVIT
1002
{
1070
     1
1000
2583759
1002
}
1002
{
1070
     5
1000
2425145
1002
}
1002
{
1070
     3
1000
1035229
1002
}
  0
LINE
  5
66F
330
5E1
100
AcDbEntity
  8
P-SANR-FIXT
100
AcDbLine
 10
31358.9473860564
 20
36165.81106338508
 30
0.0
 11
31358.9473860564
 21
36164.81106338508
 31
0.0
1001
REVIT
1002
{
1070
     1
1000
2583759
1002
}
1002
{
1070
     5
1000
2425145
1002
}
1002
{
1070
     3
1000
1035229
1002
}
  0
LINE
  5
670
330
5E1
100
AcDbEntity
  8
P-SANR-FIXT
100
AcDbLine
 10
31360.44550578969
 20
36167.30918311837
 30
0.0
 11
31358.9473860564
 21
36165.81106338508
 31
0.0
1001
REVIT
1002
{
1070
     1
1000
2583759
1002
}
1002
{
1070
     5
1000
2425145
1002
}
1002
{
1070
     3
1000
1035229
1002
}
  0
LINE
  5
671
330
5E1
100
AcDbEntity
  8
P-SANR-FIXT
100
AcDbLine
 10
31360.44550578969
 20
36295.79385408627
 30
0.0
 11
31360.44550578969
 21
36167.30918311837
 31
0.0
1001
REVIT
1002
{
1070
     1
1000
2583759
1002
}
1002
{
1070
     5
1000
2425145
1002
}
1002
{
1070
     3
1000
1035229
1002
}
  0
ARC
  5
672
330
5E1
100
AcDbEntity
  8
P-SANR-FIXT
100
AcDbCircle
 10
31354.19550578969
 20
36320.00000000006
 30
0.0
 40
24.99999999999636
100
AcDbArc
 50
269.9999999999997
 51
284.4775121859507
1001
REVIT
1002
{
1070
     1
1000
2583759
1002
}
1002
{
1070
     5
1000
2425145
1002
}
1002
{
1070
     3
1000
1035229
1002
}
  0
ARC
  5
673
330
5E1
100
AcDbEntity
  8
P-SANR-FIXT
100
AcDbCircle
 10
31354.19550578969
 20
36320.00000000006
 30
0.0
 40
25.0
100
AcDbArc
 50
90.0
 51
269.9999999999997
1001
REVIT
1002
{
1070
     1
1000
2583759
1002
}
1002
{
1070
     5
1000
2425145
1002
}
1002
{
1070
     3
1000
1035229
1002
}
  0
ARC
  5
674
330
5E1
100
AcDbEntity
  8
P-SANR-FIXT
100
AcDbCircle
 10
31354.19550578969
 20
36320.00000000007
 30
0.0
 40
24.99999999999427
100
AcDbArc
 50
75.5224878140415
 51
90.0
1001
REVIT
1002
{
1070
     1
1000
2583759
1002
}
1002
{
1070
     5
1000
2425145
1002
}
1002
{
1070
     3
1000
1035229
1002
}
  0
LINE
  5
675
330
5E1
100
AcDbEntity
  8
P-SANR-FIXT
100
AcDbLine
 10
31360.4455057897
 20
36710.00000000009
 30
0.0
 11
31360.4455057897
 21
36344.20614591385
 31
0.0
1001
REVIT
1002
{
1070
     1
1000
2583759
1002
}
1002
{
1070
     5
1000
2425145
1002
}
1002
{
1070
     3
1000
1035229
1002
}
  0
LINE
  5
676
330
5E1
100
AcDbEntity
  8
P-SANR-FIXT
100
AcDbLine
 10
31353.72545852131
 20
36710.00000000009
 30
0.0
 11
31360.4455057897
 21
36710.00000000009
 31
0.0
1001
REVIT
1002
{
1070
     1
1000
2583759
1002
}
1002
{
1070
     5
1000
2425145
1002
}
1002
{
1070
     3
1000
1035229
1002
}
  0
LINE
  5
677
330
5E1
100
AcDbEntity
  8
P-SANR-FIXT
100
AcDbLine
 10
31353.72545852131
 20
36759.0775488835
 30
0.0
 11
31353.72545852131
 21
36710.00000000009
 31
0.0
1001
REVIT
1002
{
1070
     1
1000
2583759
1002
}
1002
{
1070
     5
1000
2425145
1002
}
1002
{
1070
     3
1000
1035229
1002
}
  0
LINE
  5
678
330
5E1
100
AcDbEntity
  8
P-SANR-FIXT
100
AcDbLine
 10
31356.26700473484
 20
36759.0775488835
 30
0.0
 11
31353.72545852131
 21
36759.0775488835
 31
0.0
1001
REVIT
1002
{
1070
     1
1000
2583759
1002
}
1002
{
1070
     5
1000
2425145
1002
}
1002
{
1070
     3
1000
1035229
1002
}
  0
LINE
  5
679
330
5E1
100
AcDbEntity
  8
P-SANR-FIXT
100
AcDbLine
 10
31356.26700473484
 20
36759.98494703001
 30
0.0
 11
31356.26700473484
 21
36759.0775488835
 31
0.0
1001
REVIT
1002
{
1070
     1
1000
2583759
1002
}
1002
{
1070
     5
1000
2425145
1002
}
1002
{
1070
     3
1000
1035229
1002
}
  0
LINE
  5
67A
330
5E1
100
AcDbEntity
  8
P-SANR-FIXT
100
AcDbLine
 10
31342.61429260496
 20
36759.98494703001
 30
0.0
 11
31356.26700473484
 21
36759.98494703001
 31
0.0
1001
REVIT
1002
{
1070
     1
1000
2583759
1002
}
1002
{
1070
     5
1000
2425145
1002
}
1002
{
1070
     3
1000
1035229
1002
}
  0
LINE
  5
67B
330
5E1
100
AcDbEntity
  8
P-SANR-FIXT
100
AcDbLine
 10
31342.61429260496
 20
36760.78968951213
 30
0.0
 11
31342.61429260496
 21
36759.98494703001
 31
0.0
1001
REVIT
1002
{
1070
     1
1000
2583759
1002
}
1002
{
1070
     5
1000
2425145
1002
}
1002
{
1070
     3
1000
1035229
1002
}
  0
LINE
  5
67C
330
5E1
100
AcDbEntity
  8
P-SANR-FIXT
100
AcDbLine
 10
31341.81794806797
 20
36760.78968951213
 30
0.0
 11
31342.61429260496
 21
36760.78968951213
 31
0.0
1001
REVIT
1002
{
1070
     1
1000
2583759
1002
}
1002
{
1070
     5
1000
2425145
1002
}
1002
{
1070
     3
1000
1035229
1002
}
  0
LINE
  5
67D
330
5E1
100
AcDbEntity
  8
P-SANR-FIXT
100
AcDbLine
 10
31341.81794806797
 20
36760.00000000005
 30
0.0
 11
31341.81794806797
 21
36760.78968951213
 31
0.0
1001
REVIT
1002
{
1070
     1
1000
2583759
1002
}
1002
{
1070
     5
1000
2425145
1002
}
1002
{
1070
     3
1000
1035229
1002
}
  0
LINE
  5
67E
330
5E1
100
AcDbEntity
  8
A-GENM
370
    25
100
AcDbLine
 10
31920.44550578969
 20
35540.0
 30
0.0
 11
31920.44550578969
 21
35565.0
 31
0.0
1001
REVIT
1002
{
1070
     1
1000
2583759
1002
}
1002
{
1070
     5
1000
2425145
1002
}
  0
LINE
  5
67F
330
5E1
100
AcDbEntity
  8
A-GENM
370
    25
100
AcDbLine
 10
31920.44550578969
 20
35565.0
 30
0.0
 11
31895.4455057897
 21
35565.00000000001
 31
0.0
1001
REVIT
1002
{
1070
     1
1000
2583759
1002
}
1002
{
1070
     5
1000
2425145
1002
}
  0
LINE
  5
680
330
5E1
100
AcDbEntity
  8
A-GENM
370
    25
100
AcDbLine
 10
31895.4455057897
 20
35565.00000000001
 30
0.0
 11
31895.4455057897
 21
35540.0
 31
0.0
1001
REVIT
1002
{
1070
     1
1000
2583759
1002
}
1002
{
1070
     5
1000
2425145
1002
}
  0
LINE
  5
681
330
5E1
100
AcDbEntity
  8
A-GENM
370
    25
100
AcDbLine
 10
31895.4455057897
 20
35540.0
 30
0.0
 11
31920.44550578969
 21
35540.0
 31
0.0
1001
REVIT
1002
{
1070
     1
1000
2583759
1002
}
1002
{
1070
     5
1000
2425145
1002
}
  0
LINE
  5
682
330
5E1
100
AcDbEntity
  8
A-GENM
370
    25
100
AcDbLine
 10
31920.44550578969
 20
37382.00000000002
 30
0.0
 11
31920.44550578969
 21
37407.0
 31
0.0
1001
REVIT
1002
{
1070
     1
1000
2583759
1002
}
1002
{
1070
     5
1000
2425145
1002
}
  0
LINE
  5
683
330
5E1
100
AcDbEntity
  8
A-GENM
370
    25
100
AcDbLine
 10
31920.44550578969
 20
37407.0
 30
0.0
 11
31895.4455057897
 21
37407.0
 31
0.0
1001
REVIT
1002
{
1070
     1
1000
2583759
1002
}
1002
{
1070
     5
1000
2425145
1002
}
  0
LINE
  5
684
330
5E1
100
AcDbEntity
  8
A-GENM
370
    25
100
AcDbLine
 10
31895.4455057897
 20
37407.0
 30
0.0
 11
31895.4455057897
 21
37382.00000000002
 31
0.0
1001
REVIT
1002
{
1070
     1
1000
2583759
1002
}
1002
{
1070
     5
1000
2425145
1002
}
  0
LINE
  5
685
330
5E1
100
AcDbEntity
  8
A-GENM
370
    25
100
AcDbLine
 10
31895.4455057897
 20
37382.00000000002
 30
0.0
 11
31920.44550578969
 21
37382.00000000002
 31
0.0
1001
REVIT
1002
{
1070
     1
1000
2583759
1002
}
1002
{
1070
     5
1000
2425145
1002
}
  0
LINE
  5
686
330
5E1
100
AcDbEntity
  8
A-GENM
100
AcDbLine
 10
31920.44550578969
 20
37382.00000000002
 30
0.0
 11
31920.44550578969
 21
35565.0
 31
0.0
1001
REVIT
1002
{
1070
     1
1000
2583759
1002
}
1002
{
1070
     5
1000
2425145
1002
}
  0
LINE
  5
687
330
5E1
100
AcDbEntity
  8
A-GENM
100
AcDbLine
 10
31895.44550578969
 20
35565.0
 30
0.0
 11
31895.44550578969
 21
37382.00000000002
 31
0.0
1001
REVIT
1002
{
1070
     1
1000
2583759
1002
}
1002
{
1070
     5
1000
2425145
1002
}
  0
ENDBLK
  5
689
330
5E1
100
AcDbEntity
  8
0
100
AcDbBlockEnd
  0
BLOCK
  5
68E
330
68B
100
AcDbEntity
  8
0
100
AcDbBlockBegin
  2
tile grate - 1000x80-2583848-SECTION D-D
 70
     0
 10
0.0
 20
0.0
 30
0.0
  3
tile grate - 1000x80-2583848-SECTION D-D
  1

  0
LINE
  5
68C
330
68B
100
AcDbEntity
  8
P-SANR-FIXT
100
AcDbLine
 10
30895.44550578969
 20
35550.00000000001
 30
0.0
 11
31895.44550578969
 21
35550.00000000001
 31
0.0
1001
REVIT
1002
{
1070
     1
1000
2583760
1002
}
1002
{
1070
     5
1000
2206945
1002
}
1002
{
1070
     3
1000
1020373
1002
}
  0
LINE
  5
68D
330
68B
100
AcDbEntity
  8
P-SANR-FIXT
100
AcDbLine
 10
30895.44550578969
 20
35540.00000000001
 30
0.0
 11
30895.44550578969
 21
35550.00000000001
 31
0.0
1001
REVIT
1002
{
1070
     1
1000
2583760
1002
}
1002
{
1070
     5
1000
2206945
1002
}
1002
{
1070
     3
1000
1020373
1002
}
  0
ENDBLK
  5
68F
330
68B
100
AcDbEntity
  8
0
100
AcDbBlockEnd
  0
BLOCK
  5
694
330
691
100
AcDbEntity
  8
0
100
AcDbBlockBegin
  2
stackpoint - stackpoint-2591344-SECTION D-D
 70
     0
 10
0.0
 20
0.0
 30
0.0
  3
stackpoint - stackpoint-2591344-SECTION D-D
  1

  0
LINE
  5
692
330
691
100
AcDbEntity
  8
P-SANR-FIXT
100
AcDbLine
 10
38840.44550574208
 20
38415.32956795925
 30
0.0
 11
38840.44550574208
 21
38990.00000000002
 31
0.0
1001
REVIT
1002
{
1070
     1
1000
2591309
1002
}
1002
{
1070
     5
1000
1811504
1002
}
  0
LINE
  5
693
330
691
100
AcDbEntity
  8
P-SANR-FIXT
100
AcDbLine
 10
38840.44550574208
 20
38990.00000000001
 30
0.0
 11
38833.7467759313
 21
38990.00000000001
 31
0.0
1001
REVIT
1002
{
1070
     1
1000
2591309
1002
}
1002
{
1070
     5
1000
1811504
1002
}
  0
ENDBLK
  5
695
330
691
100
AcDbEntity
  8
0
100
AcDbBlockEnd
  0
BLOCK
  5
69B
330
697
100
AcDbEntity
  8
0
100
AcDbBlockBegin
  2
stackpoint - stackpoint-V12-SECTION D-D
 70
     0
 10
0.0
 20
0.0
 30
0.0
  3
stackpoint - stackpoint-V12-SECTION D-D
  1

  0
LINE
  5
698
330
697
100
AcDbEntity
  8
P-SANR-FIXT
100
AcDbLine
 10
38733.57224116363
 20
38990.00000000002
 30
0.0
 11
38733.57224116363
 21
38415.32956795925
 31
0.0
1001
REVIT
1002
{
1070
     1
1000
2591387
1002
}
1002
{
1070
     5
1000
1811504
1002
}
  0
LINE
  5
699
330
697
100
AcDbEntity
  8
P-SANR-FIXT
100
AcDbLine
 10
38833.57224116363
 20
38415.32956795925
 30
0.0
 11
38833.57224116363
 21
38990.00000000002
 31
0.0
1001
REVIT
1002
{
1070
     1
1000
2591387
1002
}
1002
{
1070
     5
1000
1811504
1002
}
  0
LINE
  5
69A
330
697
100
AcDbEntity
  8
P-SANR-FIXT
100
AcDbLine
 10
38833.57224116362
 20
38990.00000000001
 30
0.0
 11
38733.57224116362
 21
38990.00000000001
 31
0.0
1001
REVIT
1002
{
1070
     1
1000
2591387
1002
}
1002
{
1070
     5
1000
1811504
1002
}
  0
ENDBLK
  5
69C
330
697
100
AcDbEntity
  8
0
100
AcDbBlockEnd
  0
BLOCK
  5
6A1
330
69E
100
AcDbEntity
  8
0
100
AcDbBlockBegin
  2
stackpoint - stackpoint-2594485-SECTION D-D
 70
     0
 10
0.0
 20
0.0
 30
0.0
  3
stackpoint - stackpoint-2594485-SECTION D-D
  1

  0
LINE
  5
69F
330
69E
100
AcDbEntity
  8
P-SANR-FIXT
100
AcDbLine
 10
30985.44550635095
 20
35340.00000000002
 30
0.0
 11
30985.44550635095
 21
35203.75000000002
 31
0.0
1001
REVIT
1002
{
1070
     1
1000
2594372
1002
}
1002
{
1070
     5
1000
1811504
1002
}
  0
LINE
  5
6A0
330
69E
100
AcDbEntity
  8
P-SANR-FIXT
100
AcDbLine
 10
31085.44550635095
 20
35203.75000000002
 30
0.0
 11
31085.44550635095
 21
35340.00000000002
 31
0.0
1001
REVIT
1002
{
1070
     1
1000
2594372
1002
}
1002
{
1070
     5
1000
1811504
1002
}
  0
ENDBLK
  5
6A2
330
69E
100
AcDbEntity
  8
0
100
AcDbBlockEnd
  0
BLOCK
  5
6A6
330
6A4
100
AcDbEntity
  8
0
100
AcDbBlockBegin
  2
Railing - 25mm-2601264-SECTION D-D
 70
     0
 10
0.0
 20
0.0
 30
0.0
  3
Railing - 25mm-2601264-SECTION D-D
  1

  0
LINE
  5
6A5
330
6A4
100
AcDbEntity
  8
A-FLOR-HRAL
100
AcDbLine
 10
34295.44550639289
 20
33240.63671168138
 30
0.0
 11
34295.44550639289
 21
32500.0
 31
0.0
1001
REVIT
1002
{
1070
     1
1000
2600953
1002
}
1002
{
1070
     5
1000
78969
1002
}
1002
{
1070
     3
1000
-2000127
1002
}
  0
ENDBLK
  5
6A7
330
6A4
100
AcDbEntity
  8
0
100
AcDbBlockEnd
  0
BLOCK
  5
6AA
330
6A8
100
AcDbEntity
  8
0
100
AcDbBlockBegin
  2
Railing - Railing-2600954-SECTION D-D
 70
     0
 10
0.0
 20
0.0
 30
0.0
  3
Railing - Railing-2600954-SECTION D-D
  1

  0
INSERT
  5
6A9
330
6A8
100
AcDbEntity
  8
0
100
AcDbBlockReference
  2
Railing - 25mm-2601264-SECTION D-D
 10
0.0
 20
0.0
 30
0.0
  0
ENDBLK
  5
6AB
330
6A8
100
AcDbEntity
  8
0
100
AcDbBlockEnd
  0
BLOCK
  5
6B1
330
6AD
100
AcDbEntity
  8
0
100
AcDbBlockBegin
  2
Top Rail Type - Top Rail_Internal_-2601176-SECTION D-D
 70
     0
 10
0.0
 20
0.0
 30
0.0
  3
Top Rail Type - Top Rail_Internal_-2601176-SECTION D-D
  1

  0
LINE
  5
6AE
330
6AD
100
AcDbEntity
  8
A-FLOR-HRAL
100
AcDbLine
 10
34295.44550639289
 20
33300.00000000001
 30
0.0
 11
34295.44550639289
 21
33240.63671168138
 31
0.0
1001
REVIT
1002
{
1070
     1
1000
2601175
1002
}
1002
{
1070
     5
1000
199972
1002
}
  0
LINE
  5
6AF
330
6AD
100
AcDbEntity
  8
A-FLOR-HRAL
100
AcDbLine
 10
34295.44550639289
 20
33300.00000000001
 30
0.0
 11
34275.44550638449
 21
33312.80000000538
 31
0.0
1001
REVIT
1002
{
1070
     1
1000
2601175
1002
}
1002
{
1070
     5
1000
199972
1002
}
  0
LINE
  5
6B0
330
6AD
100
AcDbEntity
  8
A-FLOR-HRAL
100
AcDbLine
 10
34275.44550638449
 20
33253.43671168675
 30
0.0
 11
34295.44550639289
 21
33240.63671168138
 31
0.0
1001
REVIT
1002
{
1070
     1
1000
2601175
1002
}
1002
{
1070
     5
1000
199972
1002
}
  0
ENDBLK
  5
6B2
330
6AD
100
AcDbEntity
  8
0
100
AcDbBlockEnd
  0
ENDSEC
  0
SECTION
  2
ENTITIES
  0
HATCH
  5
9C
330
70
100
AcDbEntity
  8
A-DETL-GENF
 62
    31
100
AcDbHatch
 10
0.0
 20
0.0
 30
0.0
210
0.0
220
0.0
230
1.0
  2
SOLID
 70
     1
 71
     0
 91
        1
 92
        1
 93
        5
 72
     1
 10
27775.4455062892
 20
28730.00000000003
 11
28085.44550628919
 21
28730.00000000003
 72
     1
 10
28085.44550628919
 20
28730.00000000003
 11
28085.44550628919
 21
30162.18043846797
 72
     1
 10
28085.44550628919
 20
30162.18043846797
 11
27775.4455062892
 21
30162.18043846797
 72
     1
 10
27775.4455062892
 20
30162.18043846797
 11
27775.4455062892
 21
28766.23404185343
 72
     1
 10
27775.4455062892
 20
28766.23404185343
 11
27775.4455062892
 21
28730.00000000003
 97
        0
 75
     0
 76
     1
 98
        1
 10
0.0
 20
0.0
1001
REVIT
1002
{
1070
     1
1000
2193767
1002
}
1002
{
1070
     5
1000
2388960
1002
}
1002
{
1070
     2
1000
-2002000
1002
}
  0
HATCH
  5
A1
330
70
100
AcDbEntity
  8
A-DETL-GENF
 62
     8
100
AcDbHatch
 10
0.0
 20
0.0
 30
0.0
210
0.0
220
0.0
230
1.0
  2
SOLID
 70
     1
 71
     0
 91
        1
 92
        1
 93
        4
 72
     1
 10
34295.44550578969
 20
32023.00000000001
 11
34295.44550578969
 21
32053.00000000001
 72
     1
 10
34295.44550578969
 20
32053.00000000001
 11
34185.44550578968
 21
32053.00000000001
 72
     1
 10
34185.44550578968
 20
32053.00000000001
 11
34185.44550578968
 21
32023.00000000001
 72
     1
 10
34185.44550578968
 20
32023.00000000001
 11
34295.44550578969
 21
32023.00000000001
 97
        0
 75
     0
 76
     1
 98
        1
 10
0.0
 20
0.0
1001
REVIT
1002
{
1070
     1
1000
2348698
1002
}
1002
{
1070
     5
1000
1417103
1002
}
1002
{
1070
     2
1000
-2002000
1002
}
  0
HATCH
  5
A6
330
70
100
AcDbEntity
  8
A-DETL-GENF
 62
     8
100
AcDbHatch
 10
0.0
 20
0.0
 30
0.0
210
0.0
220
0.0
230
1.0
  2
SOLID
 70
     1
 71
     0
 91
        1
 92
        1
 93
        4
 72
     1
 10
35765.44550699892
 20
32110.00000000002
 11
35875.44550699894
 21
32110.00000000002
 72
     1
 10
35875.44550699894
 20
32110.00000000002
 11
35875.44550699894
 21
32140.00000000002
 72
     1
 10
35875.44550699894
 20
32140.00000000002
 11
35765.44550699892
 21
32140.00000000002
 72
     1
 10
35765.44550699892
 20
32140.00000000002
 11
35765.44550699892
 21
32110.00000000002
 97
        0
 75
     0
 76
     1
 98
        1
 10
0.0
 20
0.0
1001
REVIT
1002
{
1070
     1
1000
2348808
1002
}
1002
{
1070
     5
1000
1417103
1002
}
1002
{
1070
     2
1000
-2002000
1002
}
  0
HATCH
  5
AB
330
70
100
AcDbEntity
  8
A-DETL-GENF
 62
     8
100
AcDbHatch
 10
0.0
 20
0.0
 30
0.0
210
0.0
220
0.0
230
1.0
  2
SOLID
 70
     1
 71
     0
 91
        1
 92
        1
 93
        4
 72
     1
 10
34275.44550638449
 20
35310.00000000002
 11
34275.44550638449
 21
35340.00000000002
 72
     1
 10
34275.44550638449
 20
35340.00000000002
 11
34165.44550688398
 21
35340.00000000002
 72
     1
 10
34165.44550688398
 20
35340.00000000002
 11
34165.44550688398
 21
35310.00000000002
 72
     1
 10
34165.44550688398
 20
35310.00000000002
 11
34275.44550638449
 21
35310.00000000002
 97
        0
 75
     0
 76
     1
 98
        1
 10
0.0
 20
0.0
1001
REVIT
1002
{
1070
     1
1000
2348829
1002
}
1002
{
1070
     5
1000
1417103
1002
}
1002
{
1070
     2
1000
-2002000
1002
}
  0
HATCH
  5
B1
330
70
100
AcDbEntity
  8
A-DETL-GENF
 62
     8
100
AcDbHatch
 10
0.0
 20
0.0
 30
0.0
210
0.0
220
0.0
230
1.0
  2
SOLID
 70
     1
 71
     0
 91
        1
 92
        1
 93
        5
 72
     1
 10
35839.31537212876
 20
35310.00000000002
 11
35875.44550645956
 21
35310.00000000002
 72
     1
 10
35875.44550645956
 20
35310.00000000002
 11
35875.44550645956
 21
35340.00000000002
 72
     1
 10
35875.44550645956
 20
35340.00000000002
 11
35765.44550695906
 21
35340.00000000002
 72
     1
 10
35765.44550695906
 20
35340.00000000002
 11
35765.44550695906
 21
35310.00000000002
 72
     1
 10
35765.44550695906
 20
35310.00000000002
 11
35839.31537212876
 21
35310.00000000002
 97
        0
 75
     0
 76
     1
 98
        1
 10
0.0
 20
0.0
1001
REVIT
1002
{
1070
     1
1000
2348848
1002
}
1002
{
1070
     5
1000
1417103
1002
}
1002
{
1070
     2
1000
-2002000
1002
}
  0
HATCH
  5
BA
330
70
100
AcDbEntity
  8
A-DETL-GENF
 62
     8
100
AcDbHatch
 10
0.0
 20
0.0
 30
0.0
210
0.0
220
0.0
230
1.0
  2
SOLID
 70
     1
 71
     0
 91
        2
 92
        1
 93
        4
 72
     1
 10
30885.44550576655
 20
35223.75000000002
 11
30885.44550576655
 21
35253.75000000002
 72
     1
 10
30885.44550576655
 20
35253.75000000002
 11
30822.94550576656
 21
35253.75000000002
 72
     1
 10
30822.94550576656
 20
35253.75000000002
 11
30822.94550576656
 21
35223.75000000002
 72
     1
 10
30822.94550576656
 20
35223.75000000002
 11
30885.44550576655
 21
35223.75000000002
 97
        0
 92
        1
 93
        4
 72
     1
 10
30797.94550576655
 20
35223.75000000002
 11
30797.94550576655
 21
35253.75000000002
 72
     1
 10
30797.94550576655
 20
35253.75000000002
 11
30775.44550576654
 21
35253.75000000002
 72
     1
 10
30775.44550576654
 20
35253.75000000002
 11
30775.44550576654
 21
35223.75000000002
 72
     1
 10
30775.44550576654
 20
35223.75000000002
 11
30797.94550576655
 21
35223.75000000002
 97
        0
 75
     0
 76
     1
 98
        1
 10
0.0
 20
0.0
1001
REVIT
1002
{
1070
     1
1000
2348871
1002
}
1002
{
1070
     5
1000
1417103
1002
}
1002
{
1070
     2
1000
-2002000
1002
}
  0
HATCH
  5
BF
330
70
100
AcDbEntity
  8
A-DETL-GENF
 62
     8
100
AcDbHatch
 10
0.0
 20
0.0
 30
0.0
210
0.0
220
0.0
230
1.0
  2
SOLID
 70
     1
 71
     0
 91
        1
 92
        1
 93
        4
 72
     1
 10
39724.94550649939
 20
32110.00000000002
 11
39834.9455064994
 21
32110.00000000002
 72
     1
 10
39834.9455064994
 20
32110.00000000002
 11
39834.9455064994
 21
32140.00000000002
 72
     1
 10
39834.9455064994
 20
32140.00000000002
 11
39724.94550649939
 21
32140.00000000002
 72
     1
 10
39724.94550649939
 20
32140.00000000002
 11
39724.94550649939
 21
32110.00000000002
 97
        0
 75
     0
 76
     1
 98
        1
 10
0.0
 20
0.0
1001
REVIT
1002
{
1070
     1
1000
2348892
1002
}
1002
{
1070
     5
1000
1417103
1002
}
1002
{
1070
     2
1000
-2002000
1002
}
  0
HATCH
  5
C4
330
70
100
AcDbEntity
  8
A-DETL-GENF
 62
     8
100
AcDbHatch
 10
0.0
 20
0.0
 30
0.0
210
0.0
220
0.0
230
1.0
  2
SOLID
 70
     1
 71
     0
 91
        1
 92
        1
 93
        4
 72
     1
 10
28245.44550685035
 20
31997.2124719654
 11
28245.44550685035
 21
32040.00000000002
 72
     1
 10
28245.44550685035
 20
32040.00000000002
 11
28135.44550685034
 21
32040.00000000002
 72
     1
 10
28135.44550685034
 20
32040.00000000002
 11
28135.44550685034
 21
31997.2124719654
 72
     1
 10
28135.44550685034
 20
31997.2124719654
 11
28245.44550685035
 21
31997.2124719654
 97
        0
 75
     0
 76
     1
 98
        1
 10
0.0
 20
0.0
1001
REVIT
1002
{
1070
     1
1000
2348922
1002
}
1002
{
1070
     5
1000
1417103
1002
}
1002
{
1070
     2
1000
-2002000
1002
}
  0
HATCH
  5
CA
330
70
100
AcDbEntity
  8
A-DETL-GENF
 62
    31
100
AcDbHatch
 10
0.0
 20
0.0
 30
0.0
210
0.0
220
0.0
230
1.0
  2
SOLID
 70
     1
 71
     0
 91
        1
 92
        1
 93
        5
 72
     1
 10
40985.44550628918
 20
27890.00000000002
 11
41435.44550628919
 21
27890.00000000002
 72
     1
 10
41435.44550628919
 20
27890.00000000002
 11
41435.4455062892
 21
30236.84748838535
 72
     1
 10
41435.4455062892
 20
30236.84748838535
 11
40985.4455062892
 21
30236.84748838535
 72
     1
 10
40985.4455062892
 20
30236.84748838535
 11
40985.4455062892
 21
29349.95254004598
 72
     1
 10
40985.4455062892
 20
29349.95254004598
 11
40985.44550628918
 21
27890.00000000002
 97
        0
 75
     0
 76
     1
 98
        1
 10
0.0
 20
0.0
1001
REVIT
1002
{
1070
     1
1000
2401975
1002
}
1002
{
1070
     5
1000
2388960
1002
}
1002
{
1070
     2
1000
-2002000
1002
}
  0
HATCH
  5
D1
330
70
100
AcDbEntity
  8
A-WALL-PATT
370
     9
100
AcDbHatch
 10
0.0
 20
0.0
 30
0.0
210
0.0
220
0.0
230
1.0
  2
FP_1
 70
     0
 71
     0
 91
        1
 92
        1
 93
        5
 72
     1
 10
28135.44550635083
 20
31890.00000000002
 11
28245.44550635083
 21
31890.00000000002
 72
     1
 10
28245.44550635083
 20
31890.00000000002
 11
28245.44550635083
 21
35890.00000000002
 72
     1
 10
28245.44550635083
 20
35890.00000000002
 11
28135.44550635083
 21
35890.00000000002
 72
     1
 10
28135.44550635083
 20
35890.00000000002
 11
28135.44550635083
 21
32073.97219827789
 72
     1
 10
28135.44550635083
 20
32073.97219827789
 11
28135.44550635083
 21
31890.00000000002
 97
        0
 75
     0
 76
     2
 52
0.0
 41
1.0
 77
     0
 78
     2
 53
45.0
 43
34166.58600000001
 44
19353.85
 45
-251.4471713899363
 46
251.4471713899363
 79
     0
 53
45.0
 43
34166.58600000001
 44
19734.85
 45
-251.4471713899363
 46
251.4471713899363
 79
     0
 98
        1
 10
0.0
 20
0.0
1001
REVIT
1002
{
1070
     1
1000
1420911
1002
}
1002
{
1070
     5
1000
1220569
1002
}
1002
{
1070
     4
1000
24
1002
}
1002
{
1070
     2
1000
-2000011
1002
}
1002
{
1070
     3
1000
-2000588
1002
}
  0
HATCH
  5
D7
330
70
100
AcDbEntity
  8
A-WALL-PATT
370
     9
100
AcDbHatch
 10
0.0
 20
0.0
 30
0.0
210
0.0
220
0.0
230
1.0
  2
FP_1
 70
     0
 71
     0
 91
        1
 92
        1
 93
        5
 72
     1
 10
27975.44550635083
 20
31890.00000000002
 11
28085.44550635083
 21
31890.00000000002
 72
     1
 10
28085.44550635083
 20
31890.00000000002
 11
28085.44550635083
 21
35890.00000000002
 72
     1
 10
28085.44550635083
 20
35890.00000000002
 11
27975.44550635083
 21
35890.00000000002
 72
     1
 10
27975.44550635083
 20
35890.00000000002
 11
27975.44550635083
 21
31928.04257372975
 72
     1
 10
27975.44550635083
 20
31928.04257372975
 11
27975.44550635083
 21
31890.00000000002
 97
        0
 75
     0
 76
     2
 52
0.0
 41
1.0
 77
     0
 78
     2
 53
45.0
 43
34166.58600000001
 44
19353.85
 45
-251.4471713899363
 46
251.4471713899363
 79
     0
 53
45.0
 43
34166.58600000001
 44
19734.85
 45
-251.4471713899363
 46
251.4471713899363
 79
     0
 98
        1
 10
0.0
 20
0.0
1001
REVIT
1002
{
1070
     1
1000
1420911
1002
}
1002
{
1070
     5
1000
1220569
1002
}
1002
{
1070
     2
1000
-2000011
1002
}
1002
{
1070
     3
1000
-2000588
1002
}
  0
LINE
  5
D8
330
70
100
AcDbEntity
  8
A-WALL
370
    25
100
AcDbLine
 10
28245.44550635083
 20
31890.0
 30
0.0
 11
28245.44550635083
 21
35090.0
 31
0.0
1001
REVIT
1002
{
1070
     1
1000
1420911
1002
}
1002
{
1070
     5
1000
1220569
1002
}
1002
{
1070
     2
1000
-2000011
1002
}
  0
LINE
  5
D9
330
70
100
AcDbEntity
  8
A-WALL
370
    25
100
AcDbLine
 10
28245.44550635083
 20
35203.75
 30
0.0
 11
28245.44550635083
 21
35890.0
 31
0.0
1001
REVIT
1002
{
1070
     1
1000
1420911
1002
}
1002
{
1070
     5
1000
1220569
1002
}
1002
{
1070
     2
1000
-2000011
1002
}
  0
LINE
  5
DA
330
70
100
AcDbEntity
  8
A-WALL
370
    25
100
AcDbLine
 10
28245.44550635083
 20
35890.0
 30
0.0
 11
27975.44550635083
 21
35890.0
 31
0.0
1001
REVIT
1002
{
1070
     1
1000
1420911
1002
}
1002
{
1070
     5
1000
1220569
1002
}
1002
{
1070
     2
1000
-2000011
1002
}
  0
LINE
  5
DB
330
70
100
AcDbEntity
  8
A-WALL
370
    25
100
AcDbLine
 10
27975.44550635083
 20
35890.0
 30
0.0
 11
27975.44550635083
 21
31890.0
 31
0.0
1001
REVIT
1002
{
1070
     1
1000
1420911
1002
}
1002
{
1070
     5
1000
1220569
1002
}
1002
{
1070
     2
1000
-2000011
1002
}
  0
LINE
  5
DC
330
70
100
AcDbEntity
  8
A-WALL
100
AcDbLine
 10
28135.44550635083
 20
31890.0
 30
0.0
 11
28135.44550635083
 21
35890.0
 31
0.0
1001
REVIT
1002
{
1070
     1
1000
1420911
1002
}
1002
{
1070
     5
1000
1220569
1002
}
1002
{
1070
     2
1000
-2000011
1002
}
1002
{
1070
     3
1000
-2000586
1002
}
  0
LINE
  5
DD
330
70
100
AcDbEntity
  8
A-WALL
100
AcDbLine
 10
28085.44550635083
 20
31890.0
 30
0.0
 11
28085.44550635083
 21
35890.0
 31
0.0
1001
REVIT
1002
{
1070
     1
1000
1420911
1002
}
1002
{
1070
     5
1000
1220569
1002
}
1002
{
1070
     2
1000
-2000011
1002
}
1002
{
1070
     3
1000
-2000586
1002
}
  0
LINE
  5
DE
330
70
100
AcDbEntity
  8
A-WALL
100
AcDbLine
 10
39580.44550649943
 20
36319.87303137069
 30
0.0
 11
39580.44550649943
 21
35509.45592238213
 31
0.0
1001
REVIT
1002
{
1070
     1
1000
1421155
1002
}
1002
{
1070
     5
1000
1220569
1002
}
1002
{
1070
     2
1000
-2000011
1002
}
  0
LINE
  5
DF
330
70
100
AcDbEntity
  8
A-WALL
100
AcDbLine
 10
39580.44550649943
 20
35308.33340397806
 30
0.0
 11
39580.44550649943
 21
35190.0
 31
0.0
1001
REVIT
1002
{
1070
     1
1000
1421155
1002
}
1002
{
1070
     5
1000
1220569
1002
}
1002
{
1070
     2
1000
-2000011
1002
}
  0
LINE
  5
E0
330
70
100
AcDbEntity
  8
A-WALL
100
AcDbLine
 10
39040.97524402738
 20
36319.87303137069
 30
0.0
 11
39580.44550649943
 21
36319.87303137069
 31
0.0
1001
REVIT
1002
{
1070
     1
1000
1421155
1002
}
1002
{
1070
     5
1000
1220569
1002
}
1002
{
1070
     2
1000
-2000011
1002
}
  0
LINE
  5
E1
330
70
100
AcDbEntity
  8
A-WALL
100
AcDbLine
 10
39310.44550649943
 20
28890.0
 30
0.0
 11
39310.44550649943
 21
28789.00000000013
 31
0.0
1001
REVIT
1002
{
1070
     1
1000
1421198
1002
}
1002
{
1070
     5
1000
1220569
1002
}
1002
{
1070
     2
1000
-2000011
1002
}
  0
HATCH
  5
F1
330
70
100
AcDbEntity
  8
A-WALL-PATT
370
     9
100
AcDbHatch
 10
0.0
 20
0.0
 30
0.0
210
0.0
220
0.0
230
1.0
  2
FP_1
 70
     0
 71
     0
 91
        3
 92
        1
 93
        5
 72
     1
 10
39749.11559346786
 20
28590.00000000001
 11
39824.94550649941
 21
28590.00000000001
 72
     1
 10
39824.94550649941
 20
28590.00000000001
 11
39824.94550649941
 21
29850.00000000002
 72
     1
 10
39824.94550649941
 20
29850.00000000002
 11
39714.94550649943
 21
29850.00000000002
 72
     1
 10
39714.94550649943
 20
29850.00000000002
 11
39714.94550649943
 21
28590.00000000001
 72
     1
 10
39714.94550649943
 20
28590.00000000001
 11
39749.11559346786
 21
28590.00000000001
 97
        0
 92
        1
 93
        5
 72
     1
 10
39749.11559346786
 20
31050.00000000001
 11
39824.94550649941
 21
31050.00000000001
 72
     1
 10
39824.94550649941
 20
31050.00000000001
 11
39824.94550649941
 21
34140.00000000002
 72
     1
 10
39824.94550649941
 20
34140.00000000002
 11
39714.94550649943
 21
34140.00000000002
 72
     1
 10
39714.94550649943
 20
34140.00000000002
 11
39714.94550649943
 21
31050.00000000001
 72
     1
 10
39714.94550649943
 20
31050.00000000001
 11
39749.11559346786
 21
31050.00000000001
 97
        0
 92
        1
 93
        5
 72
     1
 10
39749.11559346786
 20
34740.00000000002
 11
39824.94550649941
 21
34740.00000000002
 72
     1
 10
39824.94550649941
 20
34740.00000000002
 11
39824.94550649941
 21
35090.00000000002
 72
     1
 10
39824.94550649941
 20
35090.00000000002
 11
39714.94550649943
 21
35090.00000000002
 72
     1
 10
39714.94550649943
 20
35090.00000000002
 11
39714.94550649943
 21
34740.00000000002
 72
     1
 10
39714.94550649943
 20
34740.00000000002
 11
39749.11559346786
 21
34740.00000000002
 97
        0
 75
     0
 76
     2
 52
0.0
 41
1.0
 77
     0
 78
     2
 53
45.0
 43
34166.58600000001
 44
19353.85
 45
-251.4471713899363
 46
251.4471713899363
 79
     0
 53
45.0
 43
34166.58600000001
 44
19734.85
 45
-251.4471713899363
 46
251.4471713899363
 79
     0
 98
        1
 10
0.0
 20
0.0
1001
REVIT
1002
{
1070
     1
1000
1421273
1002
}
1002
{
1070
     5
1000
1220569
1002
}
1002
{
1070
     4
1000
24
1002
}
1002
{
1070
     2
1000
-2000011
1002
}
1002
{
1070
     3
1000
-2000588
1002
}
  0
HATCH
  5
FE
330
70
100
AcDbEntity
  8
A-WALL-PATT
370
     9
100
AcDbHatch
 10
0.0
 20
0.0
 30
0.0
210
0.0
220
0.0
230
1.0
  2
FP_1
 70
     0
 71
     0
 91
        3
 92
        1
 93
        4
 72
     1
 10
39984.94550649943
 20
28590.00000000001
 11
39984.94550649943
 21
29850.00000000002
 72
     1
 10
39984.94550649943
 20
29850.00000000002
 11
39874.94550649943
 21
29850.00000000002
 72
     1
 10
39874.94550649943
 20
29850.00000000002
 11
39874.94550649943
 21
28590.00000000001
 72
     1
 10
39874.94550649943
 20
28590.00000000001
 11
39984.94550649943
 21
28590.00000000001
 97
        0
 92
        1
 93
        4
 72
     1
 10
39984.94550649943
 20
31050.00000000001
 11
39984.94550649943
 21
34140.00000000002
 72
     1
 10
39984.94550649943
 20
34140.00000000002
 11
39874.94550649943
 21
34140.00000000002
 72
     1
 10
39874.94550649943
 20
34140.00000000002
 11
39874.94550649943
 21
31050.00000000001
 72
     1
 10
39874.94550649943
 20
31050.00000000001
 11
39984.94550649943
 21
31050.00000000001
 97
        0
 92
        1
 93
        4
 72
     1
 10
39984.94550649943
 20
34740.00000000002
 11
39984.94550649943
 21
35090.00000000002
 72
     1
 10
39984.94550649943
 20
35090.00000000002
 11
39874.94550649943
 21
35090.00000000002
 72
     1
 10
39874.94550649943
 20
35090.00000000002
 11
39874.94550649943
 21
34740.00000000002
 72
     1
 10
39874.94550649943
 20
34740.00000000002
 11
39984.94550649943
 21
34740.00000000002
 97
        0
 75
     0
 76
     2
 52
0.0
 41
1.0
 77
     0
 78
     2
 53
45.0
 43
34166.58600000001
 44
19353.85
 45
-251.4471713899363
 46
251.4471713899363
 79
     0
 53
45.0
 43
34166.58600000001
 44
19734.85
 45
-251.4471713899363
 46
251.4471713899363
 79
     0
 98
        1
 10
0.0
 20
0.0
1001
REVIT
1002
{
1070
     1
1000
1421273
1002
}
1002
{
1070
     5
1000
1220569
1002
}
1002
{
1070
     2
1000
-2000011
1002
}
1002
{
1070
     3
1000
-2000588
1002
}
  0
LINE
  5
FF
330
70
100
AcDbEntity
  8
A-WALL
370
    25
100
AcDbLine
 10
39714.94550649942
 20
35090.0
 30
0.0
 11
39714.94550649942
 21
34740.0
 31
0.0
1001
REVIT
1002
{
1070
     1
1000
1421273
1002
}
1002
{
1070
     5
1000
1220569
1002
}
1002
{
1070
     2
1000
-2000011
1002
}
  0
LINE
  5
100
330
70
100
AcDbEntity
  8
A-WALL
370
    25
100
AcDbLine
 10
39714.94550649942
 20
34740.0
 30
0.0
 11
39984.94550649942
 21
34740.0
 31
0.0
1001
REVIT
1002
{
1070
     1
1000
1421273
1002
}
1002
{
1070
     5
1000
1220569
1002
}
1002
{
1070
     2
1000
-2000011
1002
}
  0
LINE
  5
101
330
70
100
AcDbEntity
  8
A-WALL
370
    25
100
AcDbLine
 10
39984.94550649942
 20
34740.0
 30
0.0
 11
39984.94550649942
 21
35090.0
 31
0.0
1001
REVIT
1002
{
1070
     1
1000
1421273
1002
}
1002
{
1070
     5
1000
1220569
1002
}
1002
{
1070
     2
1000
-2000011
1002
}
  0
LINE
  5
102
330
70
100
AcDbEntity
  8
A-WALL
370
    25
100
AcDbLine
 10
39984.94550649942
 20
35090.0
 30
0.0
 11
39714.94550649942
 21
35090.0
 31
0.0
1001
REVIT
1002
{
1070
     1
1000
1421273
1002
}
1002
{
1070
     5
1000
1220569
1002
}
1002
{
1070
     2
1000
-2000011
1002
}
  0
LINE
  5
103
330
70
100
AcDbEntity
  8
A-WALL
370
    25
100
AcDbLine
 10
39714.94550649942
 20
34140.0
 30
0.0
 11
39714.94550649942
 21
31050.0
 31
0.0
1001
REVIT
1002
{
1070
     1
1000
1421273
1002
}
1002
{
1070
     5
1000
1220569
1002
}
1002
{
1070
     2
1000
-2000011
1002
}
  0
LINE
  5
104
330
70
100
AcDbEntity
  8
A-WALL
370
    25
100
AcDbLine
 10
39714.94550649942
 20
31050.0
 30
0.0
 11
39984.94550649942
 21
31050.0
 31
0.0
1001
REVIT
1002
{
1070
     1
1000
1421273
1002
}
1002
{
1070
     5
1000
1220569
1002
}
1002
{
1070
     2
1000
-2000011
1002
}
  0
LINE
  5
105
330
70
100
AcDbEntity
  8
A-WALL
370
    25
100
AcDbLine
 10
39984.94550649942
 20
31050.0
 30
0.0
 11
39984.94550649942
 21
34140.0
 31
0.0
1001
REVIT
1002
{
1070
     1
1000
1421273
1002
}
1002
{
1070
     5
1000
1220569
1002
}
1002
{
1070
     2
1000
-2000011
1002
}
  0
LINE
  5
106
330
70
100
AcDbEntity
  8
A-WALL
370
    25
100
AcDbLine
 10
39984.94550649942
 20
34140.0
 30
0.0
 11
39714.94550649942
 21
34140.0
 31
0.0
1001
REVIT
1002
{
1070
     1
1000
1421273
1002
}
1002
{
1070
     5
1000
1220569
1002
}
1002
{
1070
     2
1000
-2000011
1002
}
  0
LINE
  5
107
330
70
100
AcDbEntity
  8
A-WALL
370
    25
100
AcDbLine
 10
39714.94550649942
 20
29850.0
 30
0.0
 11
39714.94550649942
 21
28590.0
 31
0.0
1001
REVIT
1002
{
1070
     1
1000
1421273
1002
}
1002
{
1070
     5
1000
1220569
1002
}
1002
{
1070
     2
1000
-2000011
1002
}
  0
LINE
  5
108
330
70
100
AcDbEntity
  8
A-WALL
370
    25
100
AcDbLine
 10
39984.94550649942
 20
28590.0
 30
0.0
 11
39984.94550649942
 21
29850.0
 31
0.0
1001
REVIT
1002
{
1070
     1
1000
1421273
1002
}
1002
{
1070
     5
1000
1220569
1002
}
1002
{
1070
     2
1000
-2000011
1002
}
  0
LINE
  5
109
330
70
100
AcDbEntity
  8
A-WALL
370
    25
100
AcDbLine
 10
39984.94550649942
 20
29850.0
 30
0.0
 11
39714.94550649942
 21
29850.0
 31
0.0
1001
REVIT
1002
{
1070
     1
1000
1421273
1002
}
1002
{
1070
     5
1000
1220569
1002
}
1002
{
1070
     2
1000
-2000011
1002
}
  0
LINE
  5
10A
330
70
100
AcDbEntity
  8
A-WALL
100
AcDbLine
 10
39824.94550649941
 20
29850.0
 30
0.0
 11
39824.94550649941
 21
28590.0
 31
0.0
1001
REVIT
1002
{
1070
     1
1000
1421273
1002
}
1002
{
1070
     5
1000
1220569
1002
}
1002
{
1070
     2
1000
-2000011
1002
}
1002
{
1070
     3
1000
-2000586
1002
}
  0
LINE
  5
10B
330
70
100
AcDbEntity
  8
A-WALL
100
AcDbLine
 10
39824.94550649941
 20
34140.0
 30
0.0
 11
39824.94550649941
 21
31050.0
 31
0.0
1001
REVIT
1002
{
1070
     1
1000
1421273
1002
}
1002
{
1070
     5
1000
1220569
1002
}
1002
{
1070
     2
1000
-2000011
1002
}
1002
{
1070
     3
1000
-2000586
1002
}
  0
LINE
  5
10C
330
70
100
AcDbEntity
  8
A-WALL
100
AcDbLine
 10
39824.94550649941
 20
35090.0
 30
0.0
 11
39824.94550649941
 21
34740.0
 31
0.0
1001
REVIT
1002
{
1070
     1
1000
1421273
1002
}
1002
{
1070
     5
1000
1220569
1002
}
1002
{
1070
     2
1000
-2000011
1002
}
1002
{
1070
     3
1000
-2000586
1002
}
  0
LINE
  5
10D
330
70
100
AcDbEntity
  8
A-WALL
100
AcDbLine
 10
39874.94550649942
 20
29850.0
 30
0.0
 11
39874.94550649942
 21
28590.0
 31
0.0
1001
REVIT
1002
{
1070
     1
1000
1421273
1002
}
1002
{
1070
     5
1000
1220569
1002
}
1002
{
1070
     2
1000
-2000011
1002
}
1002
{
1070
     3
1000
-2000586
1002
}
  0
LINE
  5
10E
330
70
100
AcDbEntity
  8
A-WALL
100
AcDbLine
 10
39874.94550649942
 20
34140.0
 30
0.0
 11
39874.94550649942
 21
31050.0
 31
0.0
1001
REVIT
1002
{
1070
     1
1000
1421273
1002
}
1002
{
1070
     5
1000
1220569
1002
}
1002
{
1070
     2
1000
-2000011
1002
}
1002
{
1070
     3
1000
-2000586
1002
}
  0
LINE
  5
10F
330
70
100
AcDbEntity
  8
A-WALL
100
AcDbLine
 10
39874.94550649942
 20
35090.0
 30
0.0
 11
39874.94550649942
 21
34740.0
 31
0.0
1001
REVIT
1002
{
1070
     1
1000
1421273
1002
}
1002
{
1070
     5
1000
1220569
1002
}
1002
{
1070
     2
1000
-2000011
1002
}
1002
{
1070
     3
1000
-2000586
1002
}
  0
LINE
  5
110
330
70
100
AcDbEntity
  8
A-WALL
100
AcDbLine
 10
39984.94550649941
 20
34740.0
 30
0.0
 11
39984.94550649941
 21
34140.0
 31
0.0
1001
REVIT
1002
{
1070
     1
1000
1421273
1002
}
1002
{
1070
     5
1000
1220569
1002
}
1002
{
1070
     2
1000
-2000011
1002
}
  0
LINE
  5
111
330
70
100
AcDbEntity
  8
I-WALL
100
AcDbLine
 10
34295.44550578969
 20
33300.00000000001
 30
0.0
 11
34295.44550578969
 21
34679.99999999999
 31
0.0
1001
REVIT
1002
{
1070
     1
1000
1422335
1002
}
1002
{
1070
     5
1000
2288343
1002
}
1002
{
1070
     2
1000
-2000011
1002
}
  0
LINE
  5
112
330
70
100
AcDbEntity
  8
I-WALL
100
AcDbLine
 10
34295.44550578969
 20
34679.99999999999
 30
0.0
 11
35765.44550645955
 21
34679.99999999999
 31
0.0
1001
REVIT
1002
{
1070
     1
1000
1422335
1002
}
1002
{
1070
     5
1000
2288343
1002
}
1002
{
1070
     2
1000
-2000011
1002
}
  0
LINE
  5
114
330
70
100
AcDbEntity
  8
A-WALL
100
AcDbLine
 10
30700.44550576655
 20
35890.0
 30
0.0
 11
28245.44550635083
 21
35890.0
 31
0.0
1001
REVIT
1002
{
1070
     1
1000
1422731
1002
}
1002
{
1070
     5
1000
1220569
1002
}
1002
{
1070
     2
1000
-2000011
1002
}
  0
HATCH
  5
11A
330
70
100
AcDbEntity
  8
A-WALL-PATT
370
     9
100
AcDbHatch
 10
0.0
 20
0.0
 30
0.0
210
0.0
220
0.0
230
1.0
  2
FP_1
 70
     0
 71
     0
 91
        1
 92
        1
 93
        5
 72
     1
 10
34165.44550638449
 20
32340.00000000002
 11
34275.44550638449
 21
32340.00000000002
 72
     1
 10
34275.44550638449
 20
32340.00000000002
 11
34275.44550638449
 21
35340.00000000002
 72
     1
 10
34275.44550638449
 20
35340.00000000002
 11
34165.44550638449
 21
35340.00000000002
 72
     1
 10
34165.44550638449
 20
35340.00000000002
 11
34165.44550638449
 21
32463.11786373959
 72
     1
 10
34165.44550638449
 20
32463.11786373959
 11
34165.44550638449
 21
32340.00000000002
 97
        0
 75
     0
 76
     2
 52
0.0
 41
1.0
 77
     0
 78
     2
 53
45.0
 43
34166.58600000001
 44
19353.85
 45
-251.4471713899363
 46
251.4471713899363
 79
     0
 53
45.0
 43
34166.58600000001
 44
19734.85
 45
-251.4471713899363
 46
251.4471713899363
 79
     0
 98
        1
 10
0.0
 20
0.0
1001
REVIT
1002
{
1070
     1
1000
1422804
1002
}
1002
{
1070
     5
1000
1222731
1002
}
1002
{
1070
     4
1000
24
1002
}
1002
{
1070
     2
1000
-2000011
1002
}
1002
{
1070
     3
1000
-2000588
1002
}
  0
LINE
  5
11B
330
70
100
AcDbEntity
  8
A-WALL
370
    25
100
AcDbLine
 10
34165.44550638448
 20
35090.0
 30
0.0
 11
34165.44550638448
 21
32340.00000000001
 31
0.0
1001
REVIT
1002
{
1070
     1
1000
1422804
1002
}
1002
{
1070
     5
1000
1222731
1002
}
1002
{
1070
     2
1000
-2000011
1002
}
  0
LINE
  5
11D
330
70
100
AcDbEntity
  8
A-WALL
370
    25
100
AcDbLine
 10
34275.44550638449
 20
32340.00000000001
 30
0.0
 11
34275.44550638449
 21
35090.0
 31
0.0
1001
REVIT
1002
{
1070
     1
1000
1422804
1002
}
1002
{
1070
     5
1000
1222731
1002
}
1002
{
1070
     2
1000
-2000011
1002
}
  0
HATCH
  5
124
330
70
100
AcDbEntity
  8
A-WALL-PATT
370
     9
100
AcDbHatch
 10
0.0
 20
0.0
 30
0.0
210
0.0
220
0.0
230
1.0
  2
FP_1
 70
     0
 71
     0
 91
        1
 92
        1
 93
        5
 72
     1
 10
35765.44550645956
 20
34715.00000000002
 11
35875.44550645956
 21
34715.00000000002
 72
     1
 10
35875.44550645956
 20
34715.00000000002
 11
35875.44550645956
 21
35310.00000000002
 72
     1
 10
35875.44550645956
 20
35310.00000000002
 11
35765.44550650427
 21
35310.00000000002
 72
     1
 10
35765.44550650427
 20
35310.00000000002
 11
35765.44550650427
 21
34797.99185650979
 72
     1
 10
35765.44550650427
 20
34797.99185650979
 11
35765.44550645956
 21
34715.00000000002
 97
        0
 75
     0
 76
     2
 52
0.0
 41
1.0
 77
     0
 78
     2
 53
45.0
 43
34166.58600000001
 44
19353.85
 45
-251.4471713899363
 46
251.4471713899363
 79
     0
 53
45.0
 43
34166.58600000001
 44
19734.85
 45
-251.4471713899363
 46
251.4471713899363
 79
     0
 98
        1
 10
0.0
 20
0.0
1001
REVIT
1002
{
1070
     1
1000
1422967
1002
}
1002
{
1070
     5
1000
1222731
1002
}
1002
{
1070
     4
1000
24
1002
}
1002
{
1070
     2
1000
-2000011
1002
}
1002
{
1070
     3
1000
-2000588
1002
}
  0
LINE
  5
125
330
70
100
AcDbEntity
  8
A-WALL
370
    25
100
AcDbLine
 10
35875.44550645956
 20
34715.0
 30
0.0
 11
35875.44550645956
 21
35090.0
 31
0.0
1001
REVIT
1002
{
1070
     1
1000
1422967
1002
}
1002
{
1070
     5
1000
1222731
1002
}
1002
{
1070
     2
1000
-2000011
1002
}
  0
LINE
  5
126
330
70
100
AcDbEntity
  8
A-WALL
370
    25
100
AcDbLine
 10
35875.44550645956
 20
35310.0
 30
0.0
 11
35765.44550645956
 21
35310.0
 31
0.0
1001
REVIT
1002
{
1070
     1
1000
1422967
1002
}
1002
{
1070
     5
1000
1222731
1002
}
1002
{
1070
     2
1000
-2000011
1002
}
  0
LINE
  5
127
330
70
100
AcDbEntity
  8
A-WALL
370
    25
100
AcDbLine
 10
35765.44550645956
 20
35090.0
 30
0.0
 11
35765.44550645956
 21
34715.0
 31
0.0
1001
REVIT
1002
{
1070
     1
1000
1422967
1002
}
1002
{
1070
     5
1000
1222731
1002
}
1002
{
1070
     2
1000
-2000011
1002
}
  0
LINE
  5
128
330
70
100
AcDbEntity
  8
A-WALL
370
    25
100
AcDbLine
 10
35765.44550645956
 20
34715.0
 30
0.0
 11
35875.44550645956
 21
34715.0
 31
0.0
1001
REVIT
1002
{
1070
     1
1000
1422967
1002
}
1002
{
1070
     5
1000
1222731
1002
}
1002
{
1070
     2
1000
-2000011
1002
}
  0
INSERT
  5
13B
330
70
100
AcDbEntity
  8
A-DOOR
100
AcDbBlockReference
  2
Single - Timber Frame  - 870x2400-2599487-SECTION D-D
 10
0.0
 20
0.0
 30
0.0
1001
REVIT
1002
{
1070
     1
1000
1426885
1002
}
1002
{
1070
     5
1000
2599461
1002
}
1002
{
1070
     2
1000
-2000023
1002
}
  0
INSERT
  5
165
330
70
100
AcDbEntity
  8
P-SANR-FIXT
100
AcDbBlockReference
  2
M_Tub-Free Standing-3D - 1570-2592575-SECTION D-D
 10
0.0
 20
0.0
 30
0.0
1001
REVIT
1002
{
1070
     1
1000
1428956
1002
}
1002
{
1070
     5
1000
1687911
1002
}
1002
{
1070
     2
1000
-2001160
1002
}
  0
INSERT
  5
171
330
70
100
AcDbEntity
  8
P-SANR-FIXT
100
AcDbBlockReference
  2
Vanity_Optional_Plinth - Standard Depth-2457422-SECTION D-D
 10
0.0
 20
0.0
 30
0.0
1001
REVIT
1002
{
1070
     1
1000
1429183
1002
}
1002
{
1070
     5
1000
1198376
1002
}
1002
{
1070
     2
1000
-2001160
1002
}
1002
{
1070
     3
1000
1080721
1002
}
  0
INSERT
  5
17E
330
70
100
AcDbEntity
  8
P-SANR-FIXT
100
AcDbBlockReference
  2
RC-Tap Mixer horizontal face - Bath_ Shr Set-1083017-SECTION D-D
 10
0.0
 20
0.0
 30
0.0
1001
REVIT
1002
{
1070
     1
1000
1429184
1002
}
1002
{
1070
     5
1000
1083017
1002
}
1002
{
1070
     2
1000
-2001160
1002
}
1002
{
1070
     3
1000
942658
1002
}
  0
LINE
  5
181
330
70
100
AcDbEntity
  8
A-FLOR
370
    35
100
AcDbLine
 10
39725.44550645956
 20
32340.00000000001
 30
0.0
 11
39725.44550645956
 21
32341.00000000001
 31
0.0
1001
REVIT
1002
{
1070
     1
1000
1431083
1002
}
1002
{
1070
     5
1000
1226766
1002
}
1002
{
1070
     2
1000
-2000032
1002
}
  0
LINE
  5
182
330
70
100
AcDbEntity
  8
A-FLOR
370
    35
100
AcDbLine
 10
39725.44550645956
 20
32341.00000000001
 30
0.0
 11
38483.65162692199
 21
32341.00000000001
 31
0.0
1001
REVIT
1002
{
1070
     1
1000
1431083
1002
}
1002
{
1070
     5
1000
1226766
1002
}
1002
{
1070
     2
1000
-2000032
1002
}
  0
LINE
  5
183
330
70
100
AcDbEntity
  8
A-FLOR
370
    35
100
AcDbLine
 10
37957.23938607695
 20
32341.00000000001
 30
0.0
 11
35875.44550645956
 21
32341.00000000001
 31
0.0
1001
REVIT
1002
{
1070
     1
1000
1431083
1002
}
1002
{
1070
     5
1000
1226766
1002
}
1002
{
1070
     2
1000
-2000032
1002
}
  0
LINE
  5
184
330
70
100
AcDbEntity
  8
A-FLOR
370
    35
100
AcDbLine
 10
35875.44550645956
 20
32341.00000000001
 30
0.0
 11
35875.44550645956
 21
32340.00000000001
 31
0.0
1001
REVIT
1002
{
1070
     1
1000
1431083
1002
}
1002
{
1070
     5
1000
1226766
1002
}
1002
{
1070
     2
1000
-2000032
1002
}
  0
HATCH
  5
18F
330
70
100
AcDbEntity
  8
A-WALL-PATT
370
     9
100
AcDbHatch
 10
0.0
 20
0.0
 30
0.0
210
0.0
220
0.0
230
1.0
  2
FP_2
 70
     0
 71
     0
 91
        2
 92
        1
 93
        5
 72
     1
 10
30707.70258162118
 20
35340.00000000002
 11
30775.44550576655
 21
35340.00000000002
 72
     1
 10
30775.44550576655
 20
35340.00000000002
 11
30775.44550576655
 21
37340.00000000002
 72
     1
 10
30775.44550576655
 20
37340.00000000002
 11
30700.44550576655
 21
37340.00000000002
 72
     1
 10
30700.44550576655
 20
37340.00000000002
 11
30700.44550576655
 21
35340.00000000002
 72
     1
 10
30700.44550576655
 20
35340.00000000002
 11
30707.70258162118
 21
35340.00000000002
 97
        0
 92
        1
 93
        5
 72
     1
 10
30700.44550576655
 20
37940.00000000002
 11
30775.44550576655
 21
37940.00000000002
 72
     1
 10
30775.44550576655
 20
37940.00000000002
 11
30775.44550576655
 21
38213.56178061303
 72
     1
 10
30775.44550576655
 20
38213.56178061303
 11
30700.44550576655
 21
38213.56178061303
 72
     1
 10
30700.44550576655
 20
38213.56178061303
 11
30700.44550576655
 21
38008.44359656883
 72
     1
 10
30700.44550576655
 20
38008.44359656883
 11
30700.44550576655
 21
37940.00000000002
 97
        0
 75
     0
 76
     2
 52
-225.0
 41
1.0
 77
     0
 78
     2
 53
315.0
 43
30700.44592638818
 44
37026.96282457616
 45
70.71067811865476
 46
70.71067811865476
 79
     0
 53
45.0
 43
30700.44592638818
 44
37026.96282457616
 45
-70.71067811865476
 46
70.71067811865476
 79
     0
 98
        1
 10
0.0
 20
0.0
1001
REVIT
1002
{
1070
     1
1000
1431284
1002
}
1002
{
1070
     5
1000
1602992
1002
}
1002
{
1070
     2
1000
-2000011
1002
}
1002
{
1070
     3
1000
-2000588
1002
}
  0
LINE
  5
190
330
70
100
AcDbEntity
  8
A-WALL
370
    25
100
AcDbLine
 10
30700.44550576655
 20
38213.56178061301
 30
0.0
 11
30700.44550576655
 21
37940.0
 31
0.0
1001
REVIT
1002
{
1070
     1
1000
1431284
1002
}
1002
{
1070
     5
1000
1602992
1002
}
1002
{
1070
     2
1000
-2000011
1002
}
  0
LINE
  5
191
330
70
100
AcDbEntity
  8
A-WALL
370
    25
100
AcDbLine
 10
30700.44550576655
 20
37940.0
 30
0.0
 11
30885.44550576655
 21
37940.0
 31
0.0
1001
REVIT
1002
{
1070
     1
1000
1431284
1002
}
1002
{
1070
     5
1000
1602992
1002
}
1002
{
1070
     2
1000
-2000011
1002
}
  0
LINE
  5
192
330
70
100
AcDbEntity
  8
A-WALL
370
    25
100
AcDbLine
 10
30885.44550576655
 20
37940.0
 30
0.0
 11
30885.44550576654
 21
38140.0
 31
0.0
1001
REVIT
1002
{
1070
     1
1000
1431284
1002
}
1002
{
1070
     5
1000
1602992
1002
}
1002
{
1070
     2
1000
-2000011
1002
}
  0
LINE
  5
193
330
70
100
AcDbEntity
  8
A-WALL
370
    25
100
AcDbLine
 10
30700.44550576655
 20
37340.0
 30
0.0
 11
30700.44550576655
 21
35340.00000000001
 31
0.0
1001
REVIT
1002
{
1070
     1
1000
1431284
1002
}
1002
{
1070
     5
1000
1602992
1002
}
1002
{
1070
     2
1000
-2000011
1002
}
  0
LINE
  5
195
330
70
100
AcDbEntity
  8
A-WALL
370
    25
100
AcDbLine
 10
30885.44550576655
 20
35203.75
 30
0.0
 11
30885.44550576655
 21
37340.0
 31
0.0
1001
REVIT
1002
{
1070
     1
1000
1431284
1002
}
1002
{
1070
     5
1000
1602992
1002
}
1002
{
1070
     2
1000
-2000011
1002
}
  0
LINE
  5
196
330
70
100
AcDbEntity
  8
A-WALL
370
    25
100
AcDbLine
 10
30885.44550576655
 20
37340.0
 30
0.0
 11
30700.44550576655
 21
37340.0
 31
0.0
1001
REVIT
1002
{
1070
     1
1000
1431284
1002
}
1002
{
1070
     5
1000
1602992
1002
}
1002
{
1070
     2
1000
-2000011
1002
}
  0
LINE
  5
197
330
70
100
AcDbEntity
  8
A-WALL
100
AcDbLine
 10
30885.44550576655
 20
38213.56178061301
 30
0.0
 11
30700.44550576655
 21
38213.56178061301
 31
0.0
1001
REVIT
1002
{
1070
     1
1000
1431284
1002
}
1002
{
1070
     5
1000
1602992
1002
}
1002
{
1070
     2
1000
-2000011
1002
}
1002
{
1070
     3
1000
-2000586
1002
}
  0
LINE
  5
198
330
70
100
AcDbEntity
  8
A-WALL
100
AcDbLine
 10
30795.44550576655
 20
35540.0
 30
0.0
 11
30795.44550576655
 21
37340.0
 31
0.0
1001
REVIT
1002
{
1070
     1
1000
1431284
1002
}
1002
{
1070
     5
1000
1602992
1002
}
1002
{
1070
     2
1000
-2000011
1002
}
1002
{
1070
     3
1000
-2000586
1002
}
  0
LINE
  5
199
330
70
100
AcDbEntity
  8
A-WALL
100
AcDbLine
 10
30795.44550576655
 20
37940.0
 30
0.0
 11
30795.44550576655
 21
38213.56178061301
 31
0.0
1001
REVIT
1002
{
1070
     1
1000
1431284
1002
}
1002
{
1070
     5
1000
1602992
1002
}
1002
{
1070
     2
1000
-2000011
1002
}
1002
{
1070
     3
1000
-2000586
1002
}
  0
LINE
  5
19B
330
70
100
AcDbEntity
  8
A-WALL
100
AcDbLine
 10
30775.44550576655
 20
35340.00000000001
 30
0.0
 11
30775.44550576655
 21
37340.0
 31
0.0
1001
REVIT
1002
{
1070
     1
1000
1431284
1002
}
1002
{
1070
     5
1000
1602992
1002
}
1002
{
1070
     2
1000
-2000011
1002
}
1002
{
1070
     3
1000
-2000586
1002
}
  0
LINE
  5
19C
330
70
100
AcDbEntity
  8
A-WALL
100
AcDbLine
 10
30775.44550576655
 20
37940.0
 30
0.0
 11
30775.44550576655
 21
38213.56178061301
 31
0.0
1001
REVIT
1002
{
1070
     1
1000
1431284
1002
}
1002
{
1070
     5
1000
1602992
1002
}
1002
{
1070
     2
1000
-2000011
1002
}
1002
{
1070
     3
1000
-2000586
1002
}
  0
LINE
  5
19E
330
70
100
AcDbEntity
  8
A-WALL
100
AcDbLine
 10
30885.44550576655
 20
37940.0
 30
0.0
 11
30885.44550576655
 21
37340.0
 31
0.0
1001
REVIT
1002
{
1070
     1
1000
1431284
1002
}
1002
{
1070
     5
1000
1602992
1002
}
1002
{
1070
     2
1000
-2000011
1002
}
  0
HATCH
  5
1A4
330
70
100
AcDbEntity
  8
A-WALL-PATT
370
     9
100
AcDbHatch
 10
0.0
 20
0.0
 30
0.0
210
0.0
220
0.0
230
1.0
  2
FP_3
 70
     0
 71
     0
 91
        1
 92
        1
 93
        5
 72
     1
 10
38885.44550574215
 20
35340.00000000002
 11
38960.44550574215
 21
35340.00000000002
 72
     1
 10
38960.44550574215
 20
35340.00000000002
 11
38960.44550574215
 21
38213.56178061303
 72
     1
 10
38960.44550574215
 20
38213.56178061303
 11
38885.44550574215
 21
38213.56178061303
 72
     1
 10
38885.44550574215
 20
38213.56178061303
 11
38885.44550574215
 21
35381.71035470235
 72
     1
 10
38885.44550574215
 20
35381.71035470235
 11
38885.44550574215
 21
35340.00000000002
 97
        0
 75
     0
 76
     2
 52
135.0
 41
1.0
 77
     0
 78
     2
 53
135.0
 43
38960.44520146106
 44
36969.43898081984
 45
-70.71067811865476
 46
-70.71067811865474
 79
     0
 53
225.0
 43
38960.44520146106
 44
36969.43898081984
 45
70.71067811865476
 46
-70.71067811865474
 79
     0
 98
        1
 10
0.0
 20
0.0
1001
REVIT
1002
{
1070
     1
1000
1431445
1002
}
1002
{
1070
     5
1000
1602992
1002
}
1002
{
1070
     2
1000
-2000011
1002
}
1002
{
1070
     3
1000
-2000588
1002
}
  0
LINE
  5
1A5
330
70
100
AcDbEntity
  8
A-WALL
370
    25
100
AcDbLine
 10
38960.44550574215
 20
35531.10679949347
 30
0.0
 11
38960.44550574214
 21
38213.56178061301
 31
0.0
1001
REVIT
1002
{
1070
     1
1000
1431445
1002
}
1002
{
1070
     5
1000
1602992
1002
}
1002
{
1070
     2
1000
-2000011
1002
}
  0
LINE
  5
1A6
330
70
100
AcDbEntity
  8
A-WALL
370
    25
100
AcDbLine
 10
38775.44550574214
 20
38213.56178061301
 30
0.0
 11
38775.44550574214
 21
35340.00000000001
 31
0.0
1001
REVIT
1002
{
1070
     1
1000
1431445
1002
}
1002
{
1070
     5
1000
1602992
1002
}
1002
{
1070
     2
1000
-2000011
1002
}
  0
LINE
  5
1A7
330
70
100
AcDbEntity
  8
A-WALL
370
    25
100
AcDbLine
 10
38865.44550574215
 20
35340.00000000001
 30
0.0
 11
38960.44550574214
 21
35340.00000000001
 31
0.0
1001
REVIT
1002
{
1070
     1
1000
1431445
1002
}
1002
{
1070
     5
1000
1602992
1002
}
1002
{
1070
     2
1000
-2000011
1002
}
  0
LINE
  5
1A8
330
70
100
AcDbEntity
  8
A-WALL
100
AcDbLine
 10
38960.44550574214
 20
38213.56178061301
 30
0.0
 11
38775.44550574214
 21
38213.56178061301
 31
0.0
1001
REVIT
1002
{
1070
     1
1000
1431445
1002
}
1002
{
1070
     5
1000
1602992
1002
}
1002
{
1070
     2
1000
-2000011
1002
}
1002
{
1070
     3
1000
-2000586
1002
}
  0
LINE
  5
1AA
330
70
100
AcDbEntity
  8
A-WALL
100
AcDbLine
 10
38865.44550574213
 20
38213.56178061301
 30
0.0
 11
38865.44550574213
 21
35540.0
 31
0.0
1001
REVIT
1002
{
1070
     1
1000
1431445
1002
}
1002
{
1070
     5
1000
1602992
1002
}
1002
{
1070
     2
1000
-2000011
1002
}
1002
{
1070
     3
1000
-2000586
1002
}
  0
LINE
  5
1AC
330
70
100
AcDbEntity
  8
A-WALL
100
AcDbLine
 10
38885.44550574214
 20
38213.56178061301
 30
0.0
 11
38885.44550574214
 21
35340.00000000001
 31
0.0
1001
REVIT
1002
{
1070
     1
1000
1431445
1002
}
1002
{
1070
     5
1000
1602992
1002
}
1002
{
1070
     2
1000
-2000011
1002
}
1002
{
1070
     3
1000
-2000586
1002
}
  0
LINE
  5
1AD
330
70
100
AcDbEntity
  8
A-WALL
100
AcDbLine
 10
38175.44550574213
 20
38054.69855295925
 30
0.0
 11
35765.4455065043
 21
38054.69855295925
 31
0.0
1001
REVIT
1002
{
1070
     1
1000
1431495
1002
}
1002
{
1070
     5
1000
1602992
1002
}
1002
{
1070
     2
1000
-2000011
1002
}
  0
LINE
  5
1AE
330
70
100
AcDbEntity
  8
A-WALL
100
AcDbLine
 10
35950.4455065043
 20
36340.0
 30
0.0
 11
35950.4455065043
 21
35540.0
 31
0.0
1001
REVIT
1002
{
1070
     1
1000
1431495
1002
}
1002
{
1070
     5
1000
1602992
1002
}
1002
{
1070
     2
1000
-2000011
1002
}
  0
LINE
  5
1AF
330
70
100
AcDbEntity
  8
A-WALL
100
AcDbLine
 10
36215.44550574213
 20
37680.0
 30
0.0
 11
38025.44550574213
 21
37680.0
 31
0.0
1001
REVIT
1002
{
1070
     1
1000
1431495
1002
}
1002
{
1070
     5
1000
1602992
1002
}
1002
{
1070
     2
1000
-2000011
1002
}
  0
LINE
  5
1B0
330
70
100
AcDbEntity
  8
A-WALL
100
AcDbLine
 10
38025.44550574213
 20
37680.0
 30
0.0
 11
38025.44550574213
 21
35540.0
 31
0.0
1001
REVIT
1002
{
1070
     1
1000
1431495
1002
}
1002
{
1070
     5
1000
1602992
1002
}
1002
{
1070
     2
1000
-2000011
1002
}
  0
LINE
  5
1B1
330
70
100
AcDbEntity
  8
A-WALL
100
AcDbLine
 10
36215.44550574213
 20
35540.0
 30
0.0
 11
36215.44550574213
 21
37680.0
 31
0.0
1001
REVIT
1002
{
1070
     1
1000
1431495
1002
}
1002
{
1070
     5
1000
1602992
1002
}
1002
{
1070
     2
1000
-2000011
1002
}
  0
LINE
  5
1B2
330
70
100
AcDbEntity
  8
A-WALL
100
AcDbLine
 10
35765.4455065043
 20
36340.0
 30
0.0
 11
35765.4455065043
 21
38054.69855295925
 31
0.0
1001
REVIT
1002
{
1070
     1
1000
1431580
1002
}
1002
{
1070
     5
1000
1602992
1002
}
1002
{
1070
     2
1000
-2000011
1002
}
  0
LINE
  5
1B5
330
70
100
AcDbEntity
  8
I-WALL
370
    25
100
AcDbLine
 10
34205.44550639289
 20
38140.0
 30
0.0
 11
34205.44550639289
 21
35540.0
 31
0.0
1001
REVIT
1002
{
1070
     1
1000
1431852
1002
}
1002
{
1070
     5
1000
319528
1002
}
1002
{
1070
     2
1000
-2000011
1002
}
  0
LINE
  5
1B7
330
70
100
AcDbEntity
  8
I-WALL
370
    25
100
AcDbLine
 10
34295.44550639289
 20
35540.0
 30
0.0
 11
34295.44550639289
 21
38140.0
 31
0.0
1001
REVIT
1002
{
1070
     1
1000
1431852
1002
}
1002
{
1070
     5
1000
319528
1002
}
1002
{
1070
     2
1000
-2000011
1002
}
  0
HATCH
  5
1BE
330
70
100
AcDbEntity
  8
A-WALL-PATT
370
     9
100
AcDbHatch
 10
0.0
 20
0.0
 30
0.0
210
0.0
220
0.0
230
1.0
  2
FP_1
 70
     0
 71
     0
 91
        1
 92
        1
 93
        5
 72
     1
 10
28135.44550628919
 20
28590.00000000001
 11
28245.44550628919
 21
28590.00000000001
 72
     1
 10
28245.44550628919
 20
28590.00000000001
 11
28245.44550628919
 21
31890.00000000002
 72
     1
 10
28245.44550628919
 20
31890.00000000002
 11
28135.44550628919
 21
31890.00000000002
 72
     1
 10
28135.44550628919
 20
31890.00000000002
 11
28135.44550628919
 21
28960.80687458428
 72
     1
 10
28135.44550628919
 20
28960.80687458428
 11
28135.44550628919
 21
28590.00000000001
 97
        0
 75
     0
 76
     2
 52
0.0
 41
1.0
 77
     0
 78
     2
 53
45.0
 43
34166.58600000001
 44
19353.85
 45
-251.4471713899363
 46
251.4471713899363
 79
     0
 53
45.0
 43
34166.58600000001
 44
19734.85
 45
-251.4471713899363
 46
251.4471713899363
 79
     0
 98
        1
 10
0.0
 20
0.0
1001
REVIT
1002
{
1070
     1
1000
1432158
1002
}
1002
{
1070
     5
1000
1220569
1002
}
1002
{
1070
     4
1000
24
1002
}
1002
{
1070
     2
1000
-2000011
1002
}
1002
{
1070
     3
1000
-2000588
1002
}
  0
HATCH
  5
1C9
330
70
100
AcDbEntity
  8
A-WALL-PATT
370
     9
100
AcDbHatch
 10
0.0
 20
0.0
 30
0.0
210
0.0
220
0.0
230
1.0
  2
FP_1
 70
     0
 71
     0
 91
        2
 92
        1
 93
        5
 72
     1
 10
28019.71492945054
 20
28590.00000000001
 11
28085.44550628919
 21
28590.00000000001
 72
     1
 10
28085.44550628919
 20
28590.00000000001
 11
28085.44550628919
 21
28730.00000000003
 72
     1
 10
28085.44550628919
 20
28730.00000000003
 11
27975.44550628919
 21
28730.00000000003
 72
     1
 10
27975.44550628919
 20
28730.00000000003
 11
27975.44550628919
 21
28590.00000000001
 72
     1
 10
27975.44550628919
 20
28590.00000000001
 11
28019.71492945054
 21
28590.00000000001
 97
        0
 92
        1
 93
        5
 72
     1
 10
27975.44550628919
 20
30162.18043846797
 11
28085.44550628919
 21
30162.18043846797
 72
     1
 10
28085.44550628919
 20
30162.18043846797
 11
28085.44550628919
 21
31890.00000000002
 72
     1
 10
28085.44550628919
 20
31890.00000000002
 11
27975.44550628919
 21
31890.00000000002
 72
     1
 10
27975.44550628919
 20
31890.00000000002
 11
27975.44550628919
 21
30176.8870791521
 72
     1
 10
27975.44550628919
 20
30176.8870791521
 11
27975.44550628919
 21
30162.18043846797
 97
        0
 75
     0
 76
     2
 52
0.0
 41
1.0
 77
     0
 78
     2
 53
45.0
 43
34166.58600000001
 44
19353.85
 45
-251.4471713899363
 46
251.4471713899363
 79
     0
 53
45.0
 43
34166.58600000001
 44
19734.85
 45
-251.4471713899363
 46
251.4471713899363
 79
     0
 98
        1
 10
0.0
 20
0.0
1001
REVIT
1002
{
1070
     1
1000
1432158
1002
}
1002
{
1070
     5
1000
1220569
1002
}
1002
{
1070
     2
1000
-2000011
1002
}
1002
{
1070
     3
1000
-2000588
1002
}
  0
LINE
  5
1CA
330
70
100
AcDbEntity
  8
A-WALL
370
    25
100
AcDbLine
 10
28245.44550628919
 20
28590.0
 30
0.0
 11
28245.44550628919
 21
31890.0
 31
0.0
1001
REVIT
1002
{
1070
     1
1000
1432158
1002
}
1002
{
1070
     5
1000
1220569
1002
}
1002
{
1070
     2
1000
-2000011
1002
}
  0
LINE
  5
1CB
330
70
100
AcDbEntity
  8
A-WALL
370
    25
100
AcDbLine
 10
27975.44550628919
 20
31890.0
 30
0.0
 11
27975.44550628919
 21
30162.18043846795
 31
0.0
1001
REVIT
1002
{
1070
     1
1000
1432158
1002
}
1002
{
1070
     5
1000
1220569
1002
}
1002
{
1070
     2
1000
-2000011
1002
}
  0
LINE
  5
1CC
330
70
100
AcDbEntity
  8
A-WALL
370
    25
100
AcDbLine
 10
27975.44550628919
 20
28730.00000000002
 30
0.0
 11
27975.44550628919
 21
28590.0
 31
0.0
1001
REVIT
1002
{
1070
     1
1000
1432158
1002
}
1002
{
1070
     5
1000
1220569
1002
}
1002
{
1070
     2
1000
-2000011
1002
}
  0
LINE
  5
1CD
330
70
100
AcDbEntity
  8
A-WALL
100
AcDbLine
 10
28135.44550628919
 20
28590.0
 30
0.0
 11
28135.44550628919
 21
31890.0
 31
0.0
1001
REVIT
1002
{
1070
     1
1000
1432158
1002
}
1002
{
1070
     5
1000
1220569
1002
}
1002
{
1070
     2
1000
-2000011
1002
}
1002
{
1070
     3
1000
-2000586
1002
}
  0
LINE
  5
1CE
330
70
100
AcDbEntity
  8
A-WALL
100
AcDbLine
 10
28085.44550628919
 20
28590.0
 30
0.0
 11
28085.44550628919
 21
28730.00000000002
 31
0.0
1001
REVIT
1002
{
1070
     1
1000
1432158
1002
}
1002
{
1070
     5
1000
1220569
1002
}
1002
{
1070
     2
1000
-2000011
1002
}
1002
{
1070
     3
1000
-2000586
1002
}
  0
LINE
  5
1CF
330
70
100
AcDbEntity
  8
A-WALL
100
AcDbLine
 10
28085.44550628919
 20
30162.18043846795
 30
0.0
 11
28085.44550628919
 21
31890.0
 31
0.0
1001
REVIT
1002
{
1070
     1
1000
1432158
1002
}
1002
{
1070
     5
1000
1220569
1002
}
1002
{
1070
     2
1000
-2000011
1002
}
1002
{
1070
     3
1000
-2000586
1002
}
  0
LINE
  5
1D0
330
70
100
AcDbEntity
  8
A-WALL
100
AcDbLine
 10
34825.44550641226
 20
28789.00000000006
 30
0.0
 11
34825.44550641226
 21
31890.0
 31
0.0
1001
REVIT
1002
{
1070
     1
1000
1432262
1002
}
1002
{
1070
     5
1000
1220569
1002
}
1002
{
1070
     2
1000
-2000011
1002
}
  0
LINE
  5
1D1
330
70
100
AcDbEntity
  8
S-STRS
100
AcDbLine
 10
34045.44550576654
 20
32085.0
 30
0.0
 11
34045.44550576654
 21
32140.00000000001
 31
0.0
1001
REVIT
1002
{
1070
     1
1000
1432398
1002
}
1002
{
1070
     5
1000
204884
1002
}
1002
{
1070
     2
1000
-2000120
1002
}
  0
LINE
  5
1D2
330
70
100
AcDbEntity
  8
A-WALL
100
AcDbLine
 10
30295.44550602786
 20
31290.0
 30
0.0
 11
30295.44550602786
 21
30090.0
 31
0.0
1001
REVIT
1002
{
1070
     1
1000
1432932
1002
}
1002
{
1070
     5
1000
1220569
1002
}
1002
{
1070
     2
1000
-2000011
1002
}
  0
LINE
  5
1D3
330
70
100
AcDbEntity
  8
A-WALL
100
AcDbLine
 10
30295.44550602786
 20
30090.0
 30
0.0
 11
28485.44550602786
 21
30090.0
 31
0.0
1001
REVIT
1002
{
1070
     1
1000
1432932
1002
}
1002
{
1070
     5
1000
1220569
1002
}
1002
{
1070
     2
1000
-2000011
1002
}
  0
LINE
  5
1D4
330
70
100
AcDbEntity
  8
A-WALL
100
AcDbLine
 10
28485.44550602786
 20
30090.0
 30
0.0
 11
28485.44550602786
 21
31290.0
 31
0.0
1001
REVIT
1002
{
1070
     1
1000
1432932
1002
}
1002
{
1070
     5
1000
1220569
1002
}
1002
{
1070
     2
1000
-2000011
1002
}
  0
LINE
  5
1D5
330
70
100
AcDbEntity
  8
A-WALL
100
AcDbLine
 10
28485.44550602786
 20
31290.0
 30
0.0
 11
30295.44550602786
 21
31290.0
 31
0.0
1001
REVIT
1002
{
1070
     1
1000
1432932
1002
}
1002
{
1070
     5
1000
1220569
1002
}
1002
{
1070
     2
1000
-2000011
1002
}
  0
HATCH
  5
1DB
330
70
100
AcDbEntity
  8
A-WALL-PATT
370
     9
100
AcDbHatch
 10
0.0
 20
0.0
 30
0.0
210
0.0
220
0.0
230
1.0
  2
FP_1
 70
     0
 71
     0
 91
        1
 92
        1
 93
        5
 72
     1
 10
35875.44550649943
 20
31265.00000000001
 11
35875.44550649943
 21
32140.00000000002
 72
     1
 10
35875.44550649943
 20
32140.00000000002
 11
35765.44550649943
 21
32140.00000000002
 72
     1
 10
35765.44550649943
 20
32140.00000000002
 11
35765.44550649943
 21
31265.00000000001
 72
     1
 10
35765.44550649943
 20
31265.00000000001
 11
35839.31537212876
 21
31265.00000000001
 72
     1
 10
35839.31537212876
 20
31265.00000000001
 11
35875.44550649943
 21
31265.00000000001
 97
        0
 75
     0
 76
     2
 52
0.0
 41
1.0
 77
     0
 78
     2
 53
45.0
 43
34166.58600000001
 44
19353.85
 45
-251.4471713899363
 46
251.4471713899363
 79
     0
 53
45.0
 43
34166.58600000001
 44
19734.85
 45
-251.4471713899363
 46
251.4471713899363
 79
     0
 98
        1
 10
0.0
 20
0.0
1001
REVIT
1002
{
1070
     1
1000
1433020
1002
}
1002
{
1070
     5
1000
1222731
1002
}
1002
{
1070
     4
1000
24
1002
}
1002
{
1070
     2
1000
-2000011
1002
}
1002
{
1070
     3
1000
-2000588
1002
}
  0
LINE
  5
1DC
330
70
100
AcDbEntity
  8
A-WALL
370
    25
100
AcDbLine
 10
35875.44550649943
 20
31265.0
 30
0.0
 11
35875.44550649943
 21
32140.00000000001
 31
0.0
1001
REVIT
1002
{
1070
     1
1000
1433020
1002
}
1002
{
1070
     5
1000
1222731
1002
}
1002
{
1070
     2
1000
-2000011
1002
}
  0
LINE
  5
1DE
330
70
100
AcDbEntity
  8
A-WALL
370
    25
100
AcDbLine
 10
35765.44550649943
 20
32140.00000000001
 30
0.0
 11
35765.44550649943
 21
31265.0
 31
0.0
1001
REVIT
1002
{
1070
     1
1000
1433020
1002
}
1002
{
1070
     5
1000
1222731
1002
}
1002
{
1070
     2
1000
-2000011
1002
}
  0
LINE
  5
1DF
330
70
100
AcDbEntity
  8
A-WALL
370
    25
100
AcDbLine
 10
35765.44550649943
 20
31265.0
 30
0.0
 11
35875.44550649943
 21
31265.0
 31
0.0
1001
REVIT
1002
{
1070
     1
1000
1433020
1002
}
1002
{
1070
     5
1000
1222731
1002
}
1002
{
1070
     2
1000
-2000011
1002
}
  0
LINE
  5
1E0
330
70
100
AcDbEntity
  8
A-WALL
100
AcDbLine
 10
35875.44550649942
 20
28890.0
 30
0.0
 11
36010.44550647952
 21
28890.0
 31
0.0
1001
REVIT
1002
{
1070
     1
1000
1433072
1002
}
1002
{
1070
     5
1000
1222731
1002
}
1002
{
1070
     2
1000
-2000011
1002
}
  0
LINE
  5
1E1
330
70
100
AcDbEntity
  8
A-WALL
100
AcDbLine
 10
36010.44550647952
 20
28890.0
 30
0.0
 11
36010.44550647952
 21
31325.0
 31
0.0
1001
REVIT
1002
{
1070
     1
1000
1433072
1002
}
1002
{
1070
     5
1000
1222731
1002
}
1002
{
1070
     2
1000
-2000011
1002
}
  0
LINE
  5
1E2
330
70
100
AcDbEntity
  8
A-WALL
100
AcDbLine
 10
36010.44550647952
 20
31325.0
 30
0.0
 11
36590.44550647951
 21
31325.0
 31
0.0
1001
REVIT
1002
{
1070
     1
1000
1433072
1002
}
1002
{
1070
     5
1000
1222731
1002
}
1002
{
1070
     2
1000
-2000011
1002
}
  0
LINE
  5
1E3
330
70
100
AcDbEntity
  8
A-WALL
100
AcDbLine
 10
36590.44550647951
 20
31325.0
 30
0.0
 11
36590.44550647951
 21
28890.0
 31
0.0
1001
REVIT
1002
{
1070
     1
1000
1433072
1002
}
1002
{
1070
     5
1000
1222731
1002
}
1002
{
1070
     2
1000
-2000011
1002
}
  0
LINE
  5
1E4
330
70
100
AcDbEntity
  8
A-WALL
100
AcDbLine
 10
36590.44550647951
 20
28890.0
 30
0.0
 11
38475.4455063532
 21
28890.0
 31
0.0
1001
REVIT
1002
{
1070
     1
1000
1433072
1002
}
1002
{
1070
     5
1000
1222731
1002
}
1002
{
1070
     2
1000
-2000011
1002
}
  0
LINE
  5
1E5
330
70
100
AcDbEntity
  8
A-WALL
100
AcDbLine
 10
38555.4455063532
 20
28890.0
 30
0.0
 11
39310.44550649943
 21
28890.0
 31
0.0
1001
REVIT
1002
{
1070
     1
1000
1433072
1002
}
1002
{
1070
     5
1000
1222731
1002
}
1002
{
1070
     2
1000
-2000011
1002
}
  0
HATCH
  5
1EB
330
70
100
AcDbEntity
  8
A-FLOR
 62
     8
100
AcDbHatch
 10
0.0
 20
0.0
 30
0.0
210
0.0
220
0.0
230
1.0
  2
FP_4
 70
     0
 71
     0
 91
        1
 92
        1
 93
        5
 72
     1
 10
28135.44550635082
 20
32040.00000000002
 11
30775.44550576657
 21
32040.00000000002
 72
     1
 10
30775.44550576657
 20
32040.00000000002
 11
30775.44550576657
 21
32254.00000000002
 72
     1
 10
30775.44550576657
 20
32254.00000000002
 11
28135.44550635082
 21
32254.00000000002
 72
     1
 10
28135.44550635082
 20
32254.00000000002
 11
28135.44550635082
 21
32073.97219827789
 72
     1
 10
28135.44550635082
 20
32073.97219827789
 11
28135.44550635082
 21
32040.00000000002
 97
        0
 75
     0
 76
     2
 52
0.0
 41
1.0
 77
     0
 78
    17
 53
49.99999999999999
 43
34166.58600000001
 44
19353.85
 45
728.73650110752
 46
-63.75582262483607
 79
     2
 49
76.2
 49
-838.2
 53
355.0
 43
34166.58600000001
 44
19353.85
 45
-140.9716152248045
 46
764.2276025857151
 79
     2
 49
60.96
 49
-670.56
 53
100.451
 43
34227.314
 44
19348.537
 45
587.770006663837
 46
700.4667512811675
 79
     2
 49
64.76
 49
-712.36
 53
46.184
 43
34166.58600000001
 44
19557.05
 45
1084.316239662759
 46
-168.1709612287867
 79
     2
 49
114.3
 49
-1257.3
 53
96.636
 43
34256.94600000001
 44
19543.036
 45
949.6099128555585
 46
989.7098464133105
 79
     2
 49
97.14
 49
-1068.54
 53
351.184
 43
34166.58600000001
 44
19557.05
 45
949.620552888774
 46
989.7011531044203
 79
     2
 49
91.44
 49
-1005.84
 53
21.0
 43
34268.186
 44
19506.25
 45
606.4578690252075
 46
-409.0605652741465
 79
     2
 49
76.2
 49
-838.2
 53
325.9999999999999
 43
34268.186
 44
19506.25
 45
247.208340968463
 46
736.752917204011
 79
     2
 49
60.96
 49
-670.56
 53
71.45100000000001
 43
34318.725
 44
19472.162
 45
853.6682507774542
 46
327.6854711435369
 79
     2
 49
64.76
 49
-712.36
 53
37.5
 43
34166.58600000001
 44
19353.85
 45
12.35469342532113
 46
338.2201185742302
 79
     5
 49
33.528
 49
-628.904
 49
33.528
 49
-647.192
 49
-673.1
 53
37.5
 43
34166.58600000001
 44
19353.85
 45
12.35469342532113
 46
338.2201185742302
 79
     3
 49
-1343.152
 49
33.528
 49
-639.572
 53
7.5
 43
34166.58600000001
 44
19353.85
 45
267.2788744354337
 46
400.7221270887442
 79
     5
 49
33.528
 49
-354.584
 49
33.528
 49
-613.664
 49
-256.54
 53
7.5
 43
34166.58600000001
 44
19353.85
 45
267.2788744354337
 46
400.7221270887442
 79
     3
 49
-1035.304
 49
33.528
 49
-223.012
 53
327.5
 43
33940.018
 44
19353.85
 45
542.363331518853
 46
-22.91534459201296
 79
     4
 49
33.528
 49
-220.472
 49
33.528
 49
-1810.512
 53
327.5
 43
33940.018
 44
19353.85
 45
542.363331518853
 46
-22.91534459201296
 79
     4
 49
-287.528
 49
-758.952
 49
33.528
 49
-1018.032
 53
317.5
 43
33838.418
 44
19353.85
 45
592.5169587678777
 46
101.7071067647936
 79
     5
 49
33.528
 49
-296.672
 49
33.528
 49
-492.76
 49
-746.76
 53
317.5
 43
33838.418
 44
19353.85
 45
592.5169587678777
 46
101.7071067647936
 79
     3
 49
-856.488
 49
33.528
 49
-713.232
 98
        1
 10
0.0
 20
0.0
1001
REVIT
1002
{
1070
     1
1000
1433117
1002
}
1002
{
1070
     5
1000
1373109
1002
}
1002
{
1070
     4
1000
758
1002
}
1002
{
1070
     2
1000
-2000032
1002
}
  0
LINE
  5
1EC
330
70
100
AcDbEntity
  8
A-FLOR
370
    35
100
AcDbLine
 10
28135.44550635082
 20
32040.0
 30
0.0
 11
30775.44550576657
 21
32040.0
 31
0.0
1001
REVIT
1002
{
1070
     1
1000
1433117
1002
}
1002
{
1070
     5
1000
1373109
1002
}
1002
{
1070
     2
1000
-2000032
1002
}
  0
LINE
  5
1EE
330
70
100
AcDbEntity
  8
A-FLOR
370
    35
100
AcDbLine
 10
30775.44550576657
 20
32254.0
 30
0.0
 11
28135.44550635082
 21
32254.0
 31
0.0
1001
REVIT
1002
{
1070
     1
1000
1433117
1002
}
1002
{
1070
     5
1000
1373109
1002
}
1002
{
1070
     2
1000
-2000032
1002
}
  0
LINE
  5
1EF
330
70
100
AcDbEntity
  8
A-FLOR
370
    35
100
AcDbLine
 10
28135.44550635082
 20
32254.0
 30
0.0
 11
28135.44550635082
 21
32040.0
 31
0.0
1001
REVIT
1002
{
1070
     1
1000
1433117
1002
}
1002
{
1070
     5
1000
1373109
1002
}
1002
{
1070
     2
1000
-2000032
1002
}
  0
HATCH
  5
1F7
330
70
100
AcDbEntity
  8
A-FLOR-PATT
370
     9
100
AcDbHatch
 10
0.0
 20
0.0
 30
0.0
210
0.0
220
0.0
230
1.0
  2
FP_5
 70
     0
 71
     0
 91
        1
 92
        1
 93
        6
 72
     1
 10
39749.11559346786
 20
32140.00000000002
 11
39824.94550649941
 21
32140.00000000002
 72
     1
 10
39824.94550649941
 20
32140.00000000002
 11
39824.94550649941
 21
32340.00000000002
 72
     1
 10
39824.94550649941
 20
32340.00000000002
 11
30775.4455057666
 21
32340.00000000002
 72
     1
 10
30775.4455057666
 20
32340.00000000002
 11
30775.4455057666
 21
32140.00000000002
 72
     1
 10
30775.4455057666
 20
32140.00000000002
 11
39504.75307963417
 21
32140.00000000002
 72
     1
 10
39504.75307963417
 20
32140.00000000002
 11
39749.11559346786
 21
32140.00000000002
 97
        0
 75
     0
 76
     2
 52
0.0
 41
1.0
 77
     0
 78
    17
 53
49.99999999999999
 43
34166.58600000001
 44
19353.85
 45
582.9890969798607
 46
-51.00509307516802
 79
     2
 49
60.96
 49
-670.56
 53
355.0
 43
34166.58600000001
 44
19353.85
 45
-112.7767293253219
 46
611.3816312972472
 79
     2
 49
48.768
 49
-536.448
 53
100.451
 43
34215.169
 44
19349.6
 45
470.2160778888968
 46
560.3730076607749
 79
     2
 49
51.808
 49
-569.888
 53
46.184
 43
34166.58600000001
 44
19516.41
 45
867.4527089478838
 46
-134.5367748274727
 79
     2
 49
91.44
 49
-1005.84
 53
96.636
 43
34238.874
 44
19505.199
 45
759.6879071721903
 46
791.7680757907189
 79
     2
 49
77.712
 49
-854.832
 53
351.184
 43
34166.58600000001
 44
19516.41
 45
759.6960163844116
 46
791.7607861511301
 79
     2
 49
73.152
 49
-804.672
 53
21.0
 43
34247.866
 44
19475.77
 45
485.1659934615853
 46
-327.2487822825823
 79
     2
 49
60.96
 49
-670.56
 53
325.9999999999999
 43
34247.866
 44
19475.77
 45
197.7669465201526
 46
589.4016666324376
 79
     2
 49
48.768
 49
-536.448
 53
71.45100000000001
 43
34288.297
 44
19448.499
 45
682.9344733757403
 46
262.1479976940511
 79
     2
 49
51.808
 49
-569.888
 53
37.5
 43
34166.58600000001
 44
19353.85
 45
9.883035223681148
 46
270.5760469438628
 79
     5
 49
26.822
 49
-503.123
 49
26.822
 49
-517.754
 49
-538.48
 53
37.5
 43
34166.58600000001
 44
19353.85
 45
9.883035223681148
 46
270.5760469438628
 79
     3
 49
-1074.522
 49
26.822
 49
-511.658
 53
7.5
 43
34166.58600000001
 44
19353.85
 45
213.8224524709532
 46
320.5780199332246
 79
     5
 49
26.822
 49
-283.667
 49
26.822
 49
-490.931
 49
-205.232
 53
7.5
 43
34166.58600000001
 44
19353.85
 45
213.8224524709532
 46
320.5780199332246
 79
     3
 49
-828.243
 49
26.822
 49
-178.41
 53
327.5
 43
33985.332
 44
19353.85
 45
433.8910025716608
 46
-18.33249059345368
 79
     5
 49
26.822
 49
-176.378
 49
26.822
 49
-607.1619999999999
 49
-841.248
 53
327.5
 43
33985.332
 44
19353.85
 45
433.8910025716608
 46
-18.33249059345368
 79
     3
 49
-837.184
 49
26.822
 49
-814.426
 53
317.5
 43
33904.05200000001
 44
19353.85
 45
474.0138619252369
 46
81.36541517575179
 79
     5
 49
26.822
 49
-237.338
 49
26.822
 49
-394.208
 49
-597.408
 53
317.5
 43
33904.05200000001
 44
19353.85
 45
474.0138619252369
 46
81.36541517575179
 79
     3
 49
-685.19
 49
26.822
 49
-570.586
 98
        1
 10
0.0
 20
0.0
1001
REVIT
1002
{
1070
     1
1000
1433789
1002
}
1002
{
1070
     5
1000
1482782
1002
}
1002
{
1070
     4
1000
758
1002
}
1002
{
1070
     2
1000
-2000032
1002
}
1002
{
1070
     3
1000
-2000608
1002
}
  0
LINE
  5
1F8
330
70
100
AcDbEntity
  8
A-FLOR
370
    35
100
AcDbLine
 10
30775.4455057666
 20
32140.00000000001
 30
0.0
 11
39824.94550649941
 21
32140.00000000001
 31
0.0
1001
REVIT
1002
{
1070
     1
1000
1433789
1002
}
1002
{
1070
     5
1000
1482782
1002
}
1002
{
1070
     2
1000
-2000032
1002
}
  0
LINE
  5
1F9
330
70
100
AcDbEntity
  8
A-FLOR
370
    35
100
AcDbLine
 10
39824.94550649941
 20
32140.00000000001
 30
0.0
 11
39824.94550649941
 21
32340.00000000001
 31
0.0
1001
REVIT
1002
{
1070
     1
1000
1433789
1002
}
1002
{
1070
     5
1000
1482782
1002
}
1002
{
1070
     2
1000
-2000032
1002
}
  0
LINE
  5
1FA
330
70
100
AcDbEntity
  8
A-FLOR
370
    35
100
AcDbLine
 10
39824.94550649941
 20
32340.00000000001
 30
0.0
 11
38483.72793005839
 21
32340.00000000001
 31
0.0
1001
REVIT
1002
{
1070
     1
1000
1433789
1002
}
1002
{
1070
     5
1000
1482782
1002
}
1002
{
1070
     2
1000
-2000032
1002
}
  0
LINE
  5
1FB
330
70
100
AcDbEntity
  8
A-FLOR
370
    35
100
AcDbLine
 10
37957.16308294055
 20
32340.00000000001
 30
0.0
 11
30775.4455057666
 21
32340.00000000001
 31
0.0
1001
REVIT
1002
{
1070
     1
1000
1433789
1002
}
1002
{
1070
     5
1000
1482782
1002
}
1002
{
1070
     2
1000
-2000032
1002
}
  0
LINE
  5
1FC
330
70
100
AcDbEntity
  8
A-FLOR
370
    35
100
AcDbLine
 10
30775.4455057666
 20
32340.00000000001
 30
0.0
 11
30775.44550576657
 21
32040.0
 31
0.0
1001
REVIT
1002
{
1070
     1
1000
1433789
1002
}
1002
{
1070
     5
1000
1482782
1002
}
1002
{
1070
     2
1000
-2000032
1002
}
  0
HATCH
  5
203
330
70
100
AcDbEntity
  8
A-FLOR-PATT
370
     9
100
AcDbHatch
 10
0.0
 20
0.0
 30
0.0
210
0.0
220
0.0
230
1.0
  2
FP_5
 70
     0
 71
     0
 91
        1
 92
        1
 93
        6
 72
     1
 10
35106.22783062767
 20
35340.00000000002
 11
38865.44550574213
 21
35340.00000000002
 72
     1
 10
38865.44550574213
 20
35340.00000000002
 11
38865.44550574213
 21
35540.00000000002
 72
     1
 10
38865.44550574213
 20
35540.00000000002
 11
30795.44550576655
 21
35540.00000000002
 72
     1
 10
30795.44550576655
 20
35540.00000000002
 11
30795.44550576655
 21
35340.00000000002
 72
     1
 10
30795.44550576655
 20
35340.00000000002
 11
34861.86531679398
 21
35340.00000000002
 72
     1
 10
34861.86531679398
 20
35340.00000000002
 11
35106.22783062767
 21
35340.00000000002
 97
        0
 75
     0
 76
     2
 52
0.0
 41
1.0
 77
     0
 78
    17
 53
49.99999999999999
 43
34166.58600000001
 44
19353.85
 45
582.9890969798607
 46
-51.00509307516802
 79
     2
 49
60.96
 49
-670.56
 53
355.0
 43
34166.58600000001
 44
19353.85
 45
-112.7767293253219
 46
611.3816312972472
 79
     2
 49
48.768
 49
-536.448
 53
100.451
 43
34215.169
 44
19349.6
 45
470.2160778888968
 46
560.3730076607749
 79
     2
 49
51.808
 49
-569.888
 53
46.184
 43
34166.58600000001
 44
19516.41
 45
867.4527089478838
 46
-134.5367748274727
 79
     2
 49
91.44
 49
-1005.84
 53
96.636
 43
34238.874
 44
19505.199
 45
759.6879071721903
 46
791.7680757907189
 79
     2
 49
77.712
 49
-854.832
 53
351.184
 43
34166.58600000001
 44
19516.41
 45
759.6960163844116
 46
791.7607861511301
 79
     2
 49
73.152
 49
-804.672
 53
21.0
 43
34247.866
 44
19475.77
 45
485.1659934615853
 46
-327.2487822825823
 79
     2
 49
60.96
 49
-670.56
 53
325.9999999999999
 43
34247.866
 44
19475.77
 45
197.7669465201526
 46
589.4016666324376
 79
     2
 49
48.768
 49
-536.448
 53
71.45100000000001
 43
34288.297
 44
19448.499
 45
682.9344733757403
 46
262.1479976940511
 79
     2
 49
51.808
 49
-569.888
 53
37.5
 43
34166.58600000001
 44
19353.85
 45
9.883035223681148
 46
270.5760469438628
 79
     5
 49
26.822
 49
-503.123
 49
26.822
 49
-517.754
 49
-538.48
 53
37.5
 43
34166.58600000001
 44
19353.85
 45
9.883035223681148
 46
270.5760469438628
 79
     3
 49
-1074.522
 49
26.822
 49
-511.658
 53
7.5
 43
34166.58600000001
 44
19353.85
 45
213.8224524709532
 46
320.5780199332246
 79
     5
 49
26.822
 49
-283.667
 49
26.822
 49
-490.931
 49
-205.232
 53
7.5
 43
34166.58600000001
 44
19353.85
 45
213.8224524709532
 46
320.5780199332246
 79
     3
 49
-828.243
 49
26.822
 49
-178.41
 53
327.5
 43
33985.332
 44
19353.85
 45
433.8910025716608
 46
-18.33249059345368
 79
     5
 49
26.822
 49
-176.378
 49
26.822
 49
-607.1619999999999
 49
-841.248
 53
327.5
 43
33985.332
 44
19353.85
 45
433.8910025716608
 46
-18.33249059345368
 79
     3
 49
-837.184
 49
26.822
 49
-814.426
 53
317.5
 43
33904.05200000001
 44
19353.85
 45
474.0138619252369
 46
81.36541517575179
 79
     5
 49
26.822
 49
-237.338
 49
26.822
 49
-394.208
 49
-597.408
 53
317.5
 43
33904.05200000001
 44
19353.85
 45
474.0138619252369
 46
81.36541517575179
 79
     3
 49
-685.19
 49
26.822
 49
-570.586
 98
        1
 10
0.0
 20
0.0
1001
REVIT
1002
{
1070
     1
1000
1435121
1002
}
1002
{
1070
     5
1000
2173373
1002
}
1002
{
1070
     4
1000
758
1002
}
1002
{
1070
     2
1000
-2000032
1002
}
1002
{
1070
     3
1000
-2000608
1002
}
  0
LINE
  5
204
330
70
100
AcDbEntity
  8
A-FLOR
370
    35
100
AcDbLine
 10
30795.44550576655
 20
35340.00000000001
 30
0.0
 11
31331.44550576655
 21
35340.00000000001
 31
0.0
1001
REVIT
1002
{
1070
     1
1000
1435121
1002
}
1002
{
1070
     5
1000
2173373
1002
}
1002
{
1070
     2
1000
-2000032
1002
}
  0
LINE
  5
205
330
70
100
AcDbEntity
  8
A-FLOR
370
    35
100
AcDbLine
 10
34165.4455063845
 20
35340.00000000001
 30
0.0
 11
34275.44550638449
 21
35340.00000000001
 31
0.0
1001
REVIT
1002
{
1070
     1
1000
1435121
1002
}
1002
{
1070
     5
1000
2173373
1002
}
1002
{
1070
     2
1000
-2000032
1002
}
  0
LINE
  5
206
330
70
100
AcDbEntity
  8
A-FLOR
370
    35
100
AcDbLine
 10
35765.44550650427
 20
35340.00000000001
 30
0.0
 11
35875.44550645956
 21
35340.00000000001
 31
0.0
1001
REVIT
1002
{
1070
     1
1000
1435121
1002
}
1002
{
1070
     5
1000
2173373
1002
}
1002
{
1070
     2
1000
-2000032
1002
}
  0
LINE
  5
207
330
70
100
AcDbEntity
  8
A-FLOR
370
    35
100
AcDbLine
 10
38865.44550574213
 20
35340.00000000001
 30
0.0
 11
38865.44550574213
 21
35540.0
 31
0.0
1001
REVIT
1002
{
1070
     1
1000
1435121
1002
}
1002
{
1070
     5
1000
2173373
1002
}
1002
{
1070
     2
1000
-2000032
1002
}
  0
LINE
  5
208
330
70
100
AcDbEntity
  8
A-FLOR
370
    35
100
AcDbLine
 10
38865.44550574213
 20
35540.0
 30
0.0
 11
30795.44550576655
 21
35540.0
 31
0.0
1001
REVIT
1002
{
1070
     1
1000
1435121
1002
}
1002
{
1070
     5
1000
2173373
1002
}
1002
{
1070
     2
1000
-2000032
1002
}
  0
LINE
  5
209
330
70
100
AcDbEntity
  8
A-FLOR
370
    35
100
AcDbLine
 10
30795.44550576655
 20
35540.0
 30
0.0
 11
30795.44550576655
 21
35340.00000000001
 31
0.0
1001
REVIT
1002
{
1070
     1
1000
1435121
1002
}
1002
{
1070
     5
1000
2173373
1002
}
1002
{
1070
     2
1000
-2000032
1002
}
  0
LINE
  5
20A
330
70
100
AcDbEntity
  8
A-CLNG
370
    25
100
AcDbLine
 10
39714.94550649941
 20
35190.0
 30
0.0
 11
38865.44550574215
 21
35190.0
 31
0.0
1001
REVIT
1002
{
1070
     1
1000
1435700
1002
}
1002
{
1070
     5
1000
19847
1002
}
1002
{
1070
     2
1000
-2000038
1002
}
  0
LINE
  5
20B
330
70
100
AcDbEntity
  8
A-CLNG
370
    25
100
AcDbLine
 10
38865.44550574215
 20
35090.0
 30
0.0
 11
39714.94550649941
 21
35090.0
 31
0.0
1001
REVIT
1002
{
1070
     1
1000
1435700
1002
}
1002
{
1070
     5
1000
19847
1002
}
1002
{
1070
     2
1000
-2000038
1002
}
  0
LINE
  5
20C
330
70
100
AcDbEntity
  8
A-CLNG
370
    25
100
AcDbLine
 10
39714.94550649941
 20
35090.0
 30
0.0
 11
39714.94550649941
 21
35190.0
 31
0.0
1001
REVIT
1002
{
1070
     1
1000
1435700
1002
}
1002
{
1070
     5
1000
19847
1002
}
1002
{
1070
     2
1000
-2000038
1002
}
  0
INSERT
  5
218
330
70
100
AcDbEntity
  8
P-SANR-FIXT
100
AcDbBlockReference
  2
Vanity_Optional_Plinth - Standard Depth-1437174-SECTION D-D
 10
0.0
 20
0.0
 30
0.0
1001
REVIT
1002
{
1070
     1
1000
1436914
1002
}
1002
{
1070
     5
1000
1198376
1002
}
1002
{
1070
     2
1000
-2001160
1002
}
1002
{
1070
     3
1000
1080721
1002
}
  0
INSERT
  5
219
330
70
100
AcDbEntity
  8
P-SANR-FIXT
100
AcDbBlockReference
  2
RC-Tap Mixer horizontal face - Bath_ Shr Set-1083017-SECTION D-D
 10
-3120.000000066669
 20
3200.0
 30
0.0
1001
REVIT
1002
{
1070
     1
1000
1436915
1002
}
1002
{
1070
     5
1000
1083017
1002
}
1002
{
1070
     2
1000
-2001160
1002
}
1002
{
1070
     3
1000
942658
1002
}
  0
HATCH
  5
21E
330
70
100
AcDbEntity
  8
A-WALL-PATT
370
     9
100
AcDbHatch
 10
0.0
 20
0.0
 30
0.0
210
0.0
220
0.0
230
1.0
  2
FP_1
 70
     0
 71
     0
 91
        1
 92
        1
 93
        4
 72
     1
 10
34295.4455062892
 20
31265.00000000001
 11
34295.4455062892
 21
32140.00000000002
 72
     1
 10
34295.4455062892
 20
32140.00000000002
 11
34185.4455062892
 21
32140.00000000002
 72
     1
 10
34185.4455062892
 20
32140.00000000002
 11
34185.4455062892
 21
31265.00000000001
 72
     1
 10
34185.4455062892
 20
31265.00000000001
 11
34295.4455062892
 21
31265.00000000001
 97
        0
 75
     0
 76
     2
 52
0.0
 41
1.0
 77
     0
 78
     2
 53
45.0
 43
34166.58600000001
 44
19353.85
 45
-251.4471713899363
 46
251.4471713899363
 79
     0
 53
45.0
 43
34166.58600000001
 44
19734.85
 45
-251.4471713899363
 46
251.4471713899363
 79
     0
 98
        1
 10
0.0
 20
0.0
1001
REVIT
1002
{
1070
     1
1000
1446067
1002
}
1002
{
1070
     5
1000
1222731
1002
}
1002
{
1070
     4
1000
24
1002
}
1002
{
1070
     2
1000
-2000011
1002
}
1002
{
1070
     3
1000
-2000588
1002
}
  0
LINE
  5
21F
330
70
100
AcDbEntity
  8
A-WALL
370
    25
100
AcDbLine
 10
34295.4455062892
 20
31265.0
 30
0.0
 11
34295.4455062892
 21
32140.00000000001
 31
0.0
1001
REVIT
1002
{
1070
     1
1000
1446067
1002
}
1002
{
1070
     5
1000
1222731
1002
}
1002
{
1070
     2
1000
-2000011
1002
}
  0
LINE
  5
221
330
70
100
AcDbEntity
  8
A-WALL
370
    25
100
AcDbLine
 10
34185.4455062892
 20
32140.00000000001
 30
0.0
 11
34185.4455062892
 21
31265.0
 31
0.0
1001
REVIT
1002
{
1070
     1
1000
1446067
1002
}
1002
{
1070
     5
1000
1222731
1002
}
1002
{
1070
     2
1000
-2000011
1002
}
  0
LINE
  5
222
330
70
100
AcDbEntity
  8
A-WALL
370
    25
100
AcDbLine
 10
34185.4455062892
 20
31265.0
 30
0.0
 11
34295.4455062892
 21
31265.0
 31
0.0
1001
REVIT
1002
{
1070
     1
1000
1446067
1002
}
1002
{
1070
     5
1000
1222731
1002
}
1002
{
1070
     2
1000
-2000011
1002
}
  0
LINE
  5
223
330
70
100
AcDbEntity
  8
A-WALL
100
AcDbLine
 10
35950.4455065043
 20
36340.0
 30
0.0
 11
34295.44550639289
 21
36340.0
 31
0.0
1001
REVIT
1002
{
1070
     1
1000
1446156
1002
}
1002
{
1070
     5
1000
1222731
1002
}
1002
{
1070
     2
1000
-2000011
1002
}
  0
LINE
  5
224
330
70
100
AcDbEntity
  8
A-WALL
100
AcDbLine
 10
32045.44550576654
 20
32140.00000000001
 30
0.0
 11
32045.44550576654
 21
32085.0
 31
0.0
1001
REVIT
1002
{
1070
     1
1000
1446156
1002
}
1002
{
1070
     5
1000
1222731
1002
}
1002
{
1070
     2
1000
-2000011
1002
}
  0
INSERT
  5
22A
330
70
100
AcDbEntity
  8
I-FURN
100
AcDbBlockReference
  2
M_Chair-Breuer - M_Chair-Breuer-1362667-SECTION D-D
 10
0.0
 20
0.0
 30
0.0
1001
REVIT
1002
{
1070
     1
1000
1447072
1002
}
1002
{
1070
     5
1000
1362667
1002
}
1002
{
1070
     2
1000
-2000080
1002
}
  0
INSERT
  5
22F
330
70
100
AcDbEntity
  8
I-FURN
100
AcDbBlockReference
  2
M_Chair-Breuer - M_Chair-Breuer-V1-SECTION D-D
 10
0.0
 20
0.0
 30
0.0
1001
REVIT
1002
{
1070
     1
1000
1447221
1002
}
1002
{
1070
     5
1000
1362667
1002
}
1002
{
1070
     2
1000
-2000080
1002
}
  0
INSERT
  5
230
330
70
100
AcDbEntity
  8
I-FURN
100
AcDbBlockReference
  2
M_Chair-Breuer - M_Chair-Breuer-V1-SECTION D-D
 10
0.0
 20
0.0
 30
0.0
1001
REVIT
1002
{
1070
     1
1000
1447308
1002
}
1002
{
1070
     5
1000
1362667
1002
}
1002
{
1070
     2
1000
-2000080
1002
}
  0
INSERT
  5
238
330
70
100
AcDbEntity
  8
I-FURN
100
AcDbBlockReference
  2
M_Chair-Breuer - M_Chair-Breuer-1393401-SECTION D-D
 10
0.0
 20
0.0
 30
0.0
1001
REVIT
1002
{
1070
     1
1000
1447414
1002
}
1002
{
1070
     5
1000
1362667
1002
}
1002
{
1070
     2
1000
-2000080
1002
}
  0
INSERT
  5
23D
330
70
100
AcDbEntity
  8
I-FURN
100
AcDbBlockReference
  2
M_Chair-Breuer - M_Chair-Breuer-V2-SECTION D-D
 10
0.0
 20
0.0
 30
0.0
1001
REVIT
1002
{
1070
     1
1000
1447426
1002
}
1002
{
1070
     5
1000
1362667
1002
}
1002
{
1070
     2
1000
-2000080
1002
}
  0
INSERT
  5
247
330
70
100
AcDbEntity
  8
I-FURN
100
AcDbBlockReference
  2
M_Chair-Breuer - M_Chair-Breuer-V3-SECTION D-D
 10
0.0
 20
0.0
 30
0.0
1001
REVIT
1002
{
1070
     1
1000
1447436
1002
}
1002
{
1070
     5
1000
1362667
1002
}
1002
{
1070
     2
1000
-2000080
1002
}
  0
INSERT
  5
259
330
70
100
AcDbEntity
  8
A-GLAZ
100
AcDbBlockReference
  2
FIXED MOULDING ON AND OFF - A0618-2008251-SECTION D-D
 10
0.0
 20
0.0
 30
0.0
1001
REVIT
1002
{
1070
     1
1000
1458620
1002
}
1002
{
1070
     5
1000
1450930
1002
}
1002
{
1070
     2
1000
-2000014
1002
}
  0
LINE
  5
25A
330
70
100
AcDbEntity
  8
A-ROOF
370
    35
100
AcDbLine
 10
30100.44550576654
 20
38213.56178061301
 30
0.0
 11
30700.44550576655
 21
38213.56178061301
 31
0.0
1001
REVIT
1002
{
1070
     1
1000
1462892
1002
}
1002
{
1070
     5
1000
1378895
1002
}
1002
{
1070
     2
1000
-2000035
1002
}
  0
LINE
  5
25B
330
70
100
AcDbEntity
  8
A-ROOF
370
    35
100
AcDbLine
 10
30885.44550576655
 20
38213.56178061301
 30
0.0
 11
38775.44550574214
 21
38213.56178061301
 31
0.0
1001
REVIT
1002
{
1070
     1
1000
1462892
1002
}
1002
{
1070
     5
1000
1378895
1002
}
1002
{
1070
     2
1000
-2000035
1002
}
  0
LINE
  5
25C
330
70
100
AcDbEntity
  8
A-ROOF
370
    35
100
AcDbLine
 10
38960.44550574214
 20
38213.56178061301
 30
0.0
 11
39560.44550574214
 21
38213.56178061301
 31
0.0
1001
REVIT
1002
{
1070
     1
1000
1462892
1002
}
1002
{
1070
     5
1000
1378895
1002
}
1002
{
1070
     2
1000
-2000035
1002
}
  0
LINE
  5
25D
330
70
100
AcDbEntity
  8
A-ROOF
370
    35
100
AcDbLine
 10
39560.44550574214
 20
38213.56178061301
 30
0.0
 11
39560.44550574214
 21
38415.32956795922
 31
0.0
1001
REVIT
1002
{
1070
     1
1000
1462892
1002
}
1002
{
1070
     5
1000
1378895
1002
}
1002
{
1070
     2
1000
-2000035
1002
}
  0
LINE
  5
25E
330
70
100
AcDbEntity
  8
A-ROOF
370
    35
100
AcDbLine
 10
39560.44550574214
 20
38415.32956795922
 30
0.0
 11
30100.44550576654
 21
38415.32956795922
 31
0.0
1001
REVIT
1002
{
1070
     1
1000
1462892
1002
}
1002
{
1070
     5
1000
1378895
1002
}
1002
{
1070
     2
1000
-2000035
1002
}
  0
LINE
  5
25F
330
70
100
AcDbEntity
  8
A-ROOF
370
    35
100
AcDbLine
 10
30100.44550576654
 20
38415.32956795922
 30
0.0
 11
30100.44550576654
 21
38213.56178061301
 31
0.0
1001
REVIT
1002
{
1070
     1
1000
1462892
1002
}
1002
{
1070
     5
1000
1378895
1002
}
1002
{
1070
     2
1000
-2000035
1002
}
  0
LINE
  5
260
330
70
100
AcDbEntity
  8
A-ROOF
100
AcDbLine
 10
30100.44550576654
 20
38414.32574812167
 30
0.0
 11
39560.44550574214
 21
38414.32574812168
 31
0.0
1001
REVIT
1002
{
1070
     1
1000
1462892
1002
}
1002
{
1070
     5
1000
1378895
1002
}
1002
{
1070
     2
1000
-2000035
1002
}
1002
{
1070
     3
1000
-2000596
1002
}
  0
LINE
  5
261
330
70
100
AcDbEntity
  8
A-ROOF
100
AcDbLine
 10
30100.44550576654
 20
38313.94376436734
 30
0.0
 11
39560.44550574214
 21
38313.94376436735
 31
0.0
1001
REVIT
1002
{
1070
     1
1000
1462892
1002
}
1002
{
1070
     5
1000
1378895
1002
}
1002
{
1070
     2
1000
-2000035
1002
}
1002
{
1070
     3
1000
-2000596
1002
}
  0
LINE
  5
262
330
70
100
AcDbEntity
  8
A-ROOF
100
AcDbLine
 10
30100.44550576654
 20
38213.56178061301
 30
0.0
 11
30100.44550576652
 21
37891.53219551027
 31
0.0
1001
REVIT
1002
{
1070
     1
1000
1462892
1002
}
1002
{
1070
     5
1000
1378895
1002
}
1002
{
1070
     2
1000
-2000035
1002
}
  0
LINE
  5
263
330
70
100
AcDbEntity
  8
A-ROOF
100
AcDbLine
 10
39560.44550574212
 20
37891.53219551027
 30
0.0
 11
39560.44550574214
 21
38213.56178061301
 31
0.0
1001
REVIT
1002
{
1070
     1
1000
1462892
1002
}
1002
{
1070
     5
1000
1378895
1002
}
1002
{
1070
     2
1000
-2000035
1002
}
  0
LINE
  5
264
330
70
100
AcDbEntity
  8
A-ROOF
100
AcDbLine
 10
30100.44550576652
 20
37891.53219551027
 30
0.0
 11
30610.44550576654
 21
37891.53219551027
 31
0.0
1001
REVIT
1002
{
1070
     1
1000
1462892
1002
}
1002
{
1070
     5
1000
1378895
1002
}
1002
{
1070
     2
1000
-2000035
1002
}
  0
LINE
  5
265
330
70
100
AcDbEntity
  8
A-ROOF
100
AcDbLine
 10
30690.44550576654
 20
37891.53219551027
 30
0.0
 11
30700.44550576655
 21
37891.53219551027
 31
0.0
1001
REVIT
1002
{
1070
     1
1000
1462892
1002
}
1002
{
1070
     5
1000
1378895
1002
}
1002
{
1070
     2
1000
-2000035
1002
}
  0
LINE
  5
266
330
70
100
AcDbEntity
  8
A-ROOF
100
AcDbLine
 10
39040.9752440274
 20
37891.53219551027
 30
0.0
 11
39560.44550574212
 21
37891.53219551027
 31
0.0
1001
REVIT
1002
{
1070
     1
1000
1462892
1002
}
1002
{
1070
     5
1000
1378895
1002
}
1002
{
1070
     2
1000
-2000035
1002
}
  0
HATCH
  5
26B
330
70
100
AcDbEntity
  8
A-WALL-PATT
370
     9
100
AcDbHatch
 10
0.0
 20
0.0
 30
0.0
210
0.0
220
0.0
230
1.0
  2
FP_6
 70
     0
 71
     0
 91
        1
 92
        1
 93
        4
 72
     1
 10
40590.44550635322
 20
35090.00000000002
 11
40590.44550635322
 21
35890.00000000002
 72
     1
 10
40590.44550635322
 20
35890.00000000002
 11
40515.4455063532
 21
35890.00000000002
 72
     1
 10
40515.4455063532
 20
35890.00000000002
 11
40515.4455063532
 21
35090.00000000002
 72
     1
 10
40515.4455063532
 20
35090.00000000002
 11
40590.44550635322
 21
35090.00000000002
 97
        0
 75
     0
 76
     2
 52
135.0000000000006
 41
1.0
 77
     0
 78
     2
 53
135.0000000000006
 43
40590.44583314171
 44
35489.99976763018
 45
-70.71067811865403
 46
-70.71067811865547
 79
     0
 53
225.0000000000006
 43
40590.44583314171
 44
35489.99976763018
 45
70.71067811865548
 46
-70.71067811865402
 79
     0
 98
        1
 10
0.0
 20
0.0
1001
REVIT
1002
{
1070
     1
1000
1465820
1002
}
1002
{
1070
     5
1000
1602992
1002
}
1002
{
1070
     2
1000
-2000011
1002
}
1002
{
1070
     3
1000
-2000588
1002
}
  0
LINE
  5
26C
330
70
100
AcDbEntity
  8
A-WALL
370
    25
100
AcDbLine
 10
40590.44550635322
 20
35090.0
 30
0.0
 11
40590.44550635322
 21
35890.0
 31
0.0
1001
REVIT
1002
{
1070
     1
1000
1465820
1002
}
1002
{
1070
     5
1000
1602992
1002
}
1002
{
1070
     2
1000
-2000011
1002
}
  0
LINE
  5
26D
330
70
100
AcDbEntity
  8
A-WALL
370
    25
100
AcDbLine
 10
40590.44550635322
 20
35890.0
 30
0.0
 11
40405.44550635322
 21
35890.0
 31
0.0
1001
REVIT
1002
{
1070
     1
1000
1465820
1002
}
1002
{
1070
     5
1000
1602992
1002
}
1002
{
1070
     2
1000
-2000011
1002
}
  0
LINE
  5
26E
330
70
100
AcDbEntity
  8
A-WALL
370
    25
100
AcDbLine
 10
40405.44550635322
 20
35890.0
 30
0.0
 11
40405.4455063532
 21
35140.0
 31
0.0
1001
REVIT
1002
{
1070
     1
1000
1465820
1002
}
1002
{
1070
     5
1000
1602992
1002
}
1002
{
1070
     2
1000
-2000011
1002
}
  0
LINE
  5
26F
330
70
100
AcDbEntity
  8
A-WALL
370
    25
100
AcDbLine
 10
40405.44550635322
 20
35090.0
 30
0.0
 11
40590.44550635322
 21
35090.0
 31
0.0
1001
REVIT
1002
{
1070
     1
1000
1465820
1002
}
1002
{
1070
     5
1000
1602992
1002
}
1002
{
1070
     2
1000
-2000011
1002
}
  0
LINE
  5
270
330
70
100
AcDbEntity
  8
A-WALL
100
AcDbLine
 10
40495.44550635321
 20
35890.0
 30
0.0
 11
40495.44550635321
 21
35090.0
 31
0.0
1001
REVIT
1002
{
1070
     1
1000
1465820
1002
}
1002
{
1070
     5
1000
1602992
1002
}
1002
{
1070
     2
1000
-2000011
1002
}
1002
{
1070
     3
1000
-2000586
1002
}
  0
LINE
  5
271
330
70
100
AcDbEntity
  8
A-WALL
100
AcDbLine
 10
40515.4455063532
 20
35890.0
 30
0.0
 11
40515.4455063532
 21
35090.0
 31
0.0
1001
REVIT
1002
{
1070
     1
1000
1465820
1002
}
1002
{
1070
     5
1000
1602992
1002
}
1002
{
1070
     2
1000
-2000011
1002
}
1002
{
1070
     3
1000
-2000586
1002
}
  0
LINE
  5
272
330
70
100
AcDbEntity
  8
A-WALL
100
AcDbLine
 10
40405.4455063532
 20
35890.0
 30
0.0
 11
39580.44550649943
 21
35890.0
 31
0.0
1001
REVIT
1002
{
1070
     1
1000
1465840
1002
}
1002
{
1070
     5
1000
1602992
1002
}
1002
{
1070
     2
1000
-2000011
1002
}
  0
LINE
  5
273
330
70
100
AcDbEntity
  8
A-ROOF
370
    35
100
AcDbLine
 10
38960.44550574215
 20
35329.9842810894
 30
0.0
 11
40105.44550635321
 21
35290.0
 31
0.0
1001
REVIT
1002
{
1070
     1
1000
1471603
1002
}
1002
{
1070
     5
1000
1378895
1002
}
1002
{
1070
     2
1000
-2000035
1002
}
  0
LINE
  5
274
330
70
100
AcDbEntity
  8
A-ROOF
370
    35
100
AcDbLine
 10
40105.44550635321
 20
35290.0
 30
0.0
 11
40105.44550635321
 21
35291.12251840407
 31
0.0
1001
REVIT
1002
{
1070
     1
1000
1471603
1002
}
1002
{
1070
     5
1000
1378895
1002
}
1002
{
1070
     2
1000
-2000035
1002
}
  0
LINE
  5
275
330
70
100
AcDbEntity
  8
A-ROOF
370
    35
100
AcDbLine
 10
40105.44550635321
 20
35491.12251840406
 30
0.0
 11
38960.44550574215
 21
35531.10679949347
 31
0.0
1001
REVIT
1002
{
1070
     1
1000
1471603
1002
}
1002
{
1070
     5
1000
1378895
1002
}
1002
{
1070
     2
1000
-2000035
1002
}
  0
LINE
  5
276
330
70
100
AcDbEntity
  8
A-ROOF
370
    35
100
AcDbLine
 10
38960.44550574215
 20
35531.10679949347
 30
0.0
 11
38960.44550574215
 21
35329.9842810894
 31
0.0
1001
REVIT
1002
{
1070
     1
1000
1471603
1002
}
1002
{
1070
     5
1000
1378895
1002
}
1002
{
1070
     2
1000
-2000035
1002
}
  0
LINE
  5
277
330
70
100
AcDbEntity
  8
A-ROOF
100
AcDbLine
 10
38960.44550574215
 20
35530.10618994916
 30
0.0
 11
40105.44550635322
 21
35490.12190885977
 31
0.0
1001
REVIT
1002
{
1070
     1
1000
1471603
1002
}
1002
{
1070
     5
1000
1378895
1002
}
1002
{
1070
     2
1000
-2000035
1002
}
1002
{
1070
     3
1000
-2000596
1002
}
  0
LINE
  5
278
330
70
100
AcDbEntity
  8
A-ROOF
100
AcDbLine
 10
38960.44550574215
 20
35430.04523551928
 30
0.0
 11
40105.44550635322
 21
35390.06095442988
 31
0.0
1001
REVIT
1002
{
1070
     1
1000
1471603
1002
}
1002
{
1070
     5
1000
1378895
1002
}
1002
{
1070
     2
1000
-2000035
1002
}
1002
{
1070
     3
1000
-2000596
1002
}
  0
INSERT
  5
288
330
70
100
AcDbEntity
  8
Q-CASE
100
AcDbBlockReference
  2
Linen shelves - Linen shelves-1981703-SECTION D-D
 10
0.0
 20
0.0
 30
0.0
1001
REVIT
1002
{
1070
     1
1000
1474544
1002
}
1002
{
1070
     5
1000
1366206
1002
}
1002
{
1070
     2
1000
-2001000
1002
}
  0
INSERT
  5
29A
330
70
100
AcDbEntity
  8
A-DOOR
100
AcDbBlockReference
  2
Sliding Door - 2 Panel - XF2118-2140165-SECTION D-D
 10
0.0
 20
0.0
 30
0.0
1001
REVIT
1002
{
1070
     1
1000
1486956
1002
}
1002
{
1070
     5
1000
1400861
1002
}
1002
{
1070
     2
1000
-2000023
1002
}
  0
LINE
  5
29C
330
70
100
AcDbEntity
  8
A-ROOF-MCUT
100
AcDbLine
 10
40405.4455063532
 20
35140.0
 30
0.0
 11
39984.94550649942
 21
35140.0
 31
0.0
1001
REVIT
1002
{
1070
     1
1000
1488785
1002
}
1002
{
1070
     5
1000
19878
1002
}
1002
{
1070
     2
1000
-2000035
1002
}
1002
{
1070
     3
1000
-2001393
1002
}
  0
LINE
  5
29D
330
70
100
AcDbEntity
  8
A-ROOF-MCUT
100
AcDbLine
 10
39984.94550649942
 20
35140.0
 30
0.0
 11
39984.94550649942
 21
35090.0
 31
0.0
1001
REVIT
1002
{
1070
     1
1000
1488785
1002
}
1002
{
1070
     5
1000
19878
1002
}
1002
{
1070
     2
1000
-2000035
1002
}
1002
{
1070
     3
1000
-2001393
1002
}
  0
LINE
  5
29E
330
70
100
AcDbEntity
  8
A-ROOF-MCUT
100
AcDbLine
 10
39984.94550649942
 20
35090.0
 30
0.0
 11
40405.4455063532
 21
35090.0
 31
0.0
1001
REVIT
1002
{
1070
     1
1000
1488785
1002
}
1002
{
1070
     5
1000
19878
1002
}
1002
{
1070
     2
1000
-2000035
1002
}
1002
{
1070
     3
1000
-2001393
1002
}
  0
LINE
  5
29F
330
70
100
AcDbEntity
  8
A-ROOF-MCUT
100
AcDbLine
 10
40405.4455063532
 20
35090.0
 30
0.0
 11
40405.4455063532
 21
35140.0
 31
0.0
1001
REVIT
1002
{
1070
     1
1000
1488785
1002
}
1002
{
1070
     5
1000
19878
1002
}
1002
{
1070
     2
1000
-2000035
1002
}
1002
{
1070
     3
1000
-2001393
1002
}
  0
LINE
  5
2A0
330
70
100
AcDbEntity
  8
A-ROOF-OTLN
100
AcDbLine
 10
39714.9455064994
 20
35140.0
 30
0.0
 11
39984.94550649941
 21
35140.0
 31
0.0
1001
REVIT
1002
{
1070
     1
1000
1488785
1002
}
1002
{
1070
     5
1000
19878
1002
}
1002
{
1070
     2
1000
-2000035
1002
}
1002
{
1070
     3
1000
-2001393
1002
}
  0
LINE
  5
2A1
330
70
100
AcDbEntity
  8
A-CLNG
370
    25
100
AcDbLine
 10
38850.44550607844
 20
38240.0
 30
0.0
 11
30885.44550576654
 21
38240.0
 31
0.0
1001
REVIT
1002
{
1070
     1
1000
1493205
1002
}
1002
{
1070
     5
1000
19847
1002
}
1002
{
1070
     2
1000
-2000038
1002
}
  0
LINE
  5
2A2
330
70
100
AcDbEntity
  8
A-CLNG
370
    25
100
AcDbLine
 10
30885.44550576654
 20
38240.0
 30
0.0
 11
30885.44550576654
 21
38140.0
 31
0.0
1001
REVIT
1002
{
1070
     1
1000
1493205
1002
}
1002
{
1070
     5
1000
19847
1002
}
1002
{
1070
     2
1000
-2000038
1002
}
  0
LINE
  5
2A3
330
70
100
AcDbEntity
  8
A-CLNG
370
    25
100
AcDbLine
 10
30885.44550576654
 20
38140.0
 30
0.0
 11
38850.44550607844
 21
38140.0
 31
0.0
1001
REVIT
1002
{
1070
     1
1000
1493205
1002
}
1002
{
1070
     5
1000
19847
1002
}
1002
{
1070
     2
1000
-2000038
1002
}
  0
LINE
  5
2A4
330
70
100
AcDbEntity
  8
A-CLNG
370
    25
100
AcDbLine
 10
38850.44550607844
 20
38140.0
 30
0.0
 11
38850.44550607844
 21
38240.0
 31
0.0
1001
REVIT
1002
{
1070
     1
1000
1493205
1002
}
1002
{
1070
     5
1000
19847
1002
}
1002
{
1070
     2
1000
-2000038
1002
}
  0
INSERT
  5
2B6
330
70
100
AcDbEntity
  8
A-GLAZ
100
AcDbBlockReference
  2
FIXED MOULDING ON AND OFF - A0612-2345004-SECTION D-D
 10
0.0
 20
0.0
 30
0.0
1001
REVIT
1002
{
1070
     1
1000
1495510
1002
}
1002
{
1070
     5
1000
1495507
1002
}
1002
{
1070
     2
1000
-2000014
1002
}
  0
INSERT
  5
2BB
330
70
100
AcDbEntity
  8
A-DOOR
100
AcDbBlockReference
  2
Single - Timber Frame  - 950x2100 EXTERIOR-2625504-SECTION D-D
 10
0.0
 20
0.0
 30
0.0
1001
REVIT
1002
{
1070
     1
1000
1502051
1002
}
1002
{
1070
     5
1000
2625478
1002
}
1002
{
1070
     2
1000
-2000023
1002
}
  0
LINE
  5
2BC
330
70
100
AcDbEntity
  8
I-WALL
100
AcDbLine
 10
38175.44550574214
 20
38140.0
 30
0.0
 11
38175.44550574214
 21
35540.0
 31
0.0
1001
REVIT
1002
{
1070
     1
1000
1530319
1002
}
1002
{
1070
     5
1000
319528
1002
}
1002
{
1070
     2
1000
-2000011
1002
}
  0
LINE
  5
2BF
330
70
100
AcDbEntity
  8
A-ROOF
100
AcDbLine
 10
27375.44550635079
 20
35473.85765510865
 30
0.0
 11
27894.92098217544
 21
35473.85765510865
 31
0.0
1001
REVIT
1002
{
1070
     1
1000
1532125
1002
}
1002
{
1070
     5
1000
1378895
1002
}
1002
{
1070
     2
1000
-2000035
1002
}
  0
LINE
  5
2C0
330
70
100
AcDbEntity
  8
A-ROOF
100
AcDbLine
 10
40180.44550649943
 20
36526.0152518932
 30
0.0
 11
40180.44550649941
 21
35890.0
 31
0.0
1001
REVIT
1002
{
1070
     1
1000
1532125
1002
}
1002
{
1070
     5
1000
1378895
1002
}
1002
{
1070
     2
1000
-2000035
1002
}
  0
LINE
  5
2C1
330
70
100
AcDbEntity
  8
A-ROOF
100
AcDbLine
 10
39040.97524402738
 20
36324.24746454699
 30
0.0
 11
40180.44550649943
 21
36324.24746454699
 31
0.0
1001
REVIT
1002
{
1070
     1
1000
1532125
1002
}
1002
{
1070
     5
1000
1378895
1002
}
1002
{
1070
     2
1000
-2000035
1002
}
  0
LINE
  5
2C2
330
70
100
AcDbEntity
  8
A-ROOF
100
AcDbLine
 10
27375.44550635082
 20
36169.39253013342
 30
0.0
 11
27975.44550635082
 21
36169.39253013342
 31
0.0
1001
REVIT
1002
{
1070
     1
1000
1532125
1002
}
1002
{
1070
     5
1000
1378895
1002
}
1002
{
1070
     2
1000
-2000035
1002
}
  0
LINE
  5
2C3
330
70
100
AcDbEntity
  8
A-ROOF
100
AcDbLine
 10
30690.44550576654
 20
36169.39253013342
 30
0.0
 11
30700.44550576655
 21
36169.39253013342
 31
0.0
1001
REVIT
1002
{
1070
     1
1000
1532125
1002
}
1002
{
1070
     5
1000
1378895
1002
}
1002
{
1070
     2
1000
-2000035
1002
}
  0
LINE
  5
2C4
330
70
100
AcDbEntity
  8
A-ROOF
100
AcDbLine
 10
27375.44550635079
 20
35473.85765510865
 30
0.0
 11
27375.44550635082
 21
36371.16031747964
 31
0.0
1001
REVIT
1002
{
1070
     1
1000
1532125
1002
}
1002
{
1070
     5
1000
1378895
1002
}
1002
{
1070
     2
1000
-2000035
1002
}
  0
LINE
  5
2C5
330
70
100
AcDbEntity
  8
A-ROOF
100
AcDbLine
 10
30700.44550576655
 20
36371.16031747964
 30
0.0
 11
30690.44550576654
 21
36371.16031747964
 31
0.0
1001
REVIT
1002
{
1070
     1
1000
1532125
1002
}
1002
{
1070
     5
1000
1378895
1002
}
1002
{
1070
     2
1000
-2000035
1002
}
  0
LINE
  5
2C6
330
70
100
AcDbEntity
  8
A-ROOF
100
AcDbLine
 10
30610.44550576654
 20
36371.16031747964
 30
0.0
 11
27375.44550635082
 21
36371.16031747964
 31
0.0
1001
REVIT
1002
{
1070
     1
1000
1532125
1002
}
1002
{
1070
     5
1000
1378895
1002
}
1002
{
1070
     2
1000
-2000035
1002
}
  0
LINE
  5
2C7
330
70
100
AcDbEntity
  8
A-ROOF
100
AcDbLine
 10
40180.44550649943
 20
36526.0152518932
 30
0.0
 11
39040.9348854855
 21
36526.0152518932
 31
0.0
1001
REVIT
1002
{
1070
     1
1000
1532125
1002
}
1002
{
1070
     5
1000
1378895
1002
}
1002
{
1070
     2
1000
-2000035
1002
}
  0
LINE
  5
2C8
330
70
100
AcDbEntity
  8
A-WALL
100
AcDbLine
 10
27975.44550635082
 20
35890.0
 30
0.0
 11
27975.44550635082
 21
36169.39253013342
 31
0.0
1001
REVIT
1002
{
1070
     1
1000
1533242
1002
}
1002
{
1070
     5
1000
1220569
1002
}
1002
{
1070
     2
1000
-2000011
1002
}
  0
INSERT
  5
2DE
330
70
100
AcDbEntity
  8
A-DOOR
  6
Elevation Swings
100
AcDbBlockReference
  2
Cavity slider - 1470CSD-2600546-SECTION D-D
 10
0.0
 20
0.0
 30
0.0
1001
REVIT
1002
{
1070
     1
1000
1544565
1002
}
1002
{
1070
     5
1000
1544562
1002
}
1002
{
1070
     2
1000
-2000023
1002
}
1002
{
1070
     3
1000
1952
1002
}
  0
LINE
  5
2DF
330
70
100
AcDbEntity
  8
A-ROOF
370
    35
100
AcDbLine
 10
28545.44550628919
 20
35543.87748159595
 30
0.0
 11
30700.44550576655
 21
35619.13173983243
 31
0.0
1001
REVIT
1002
{
1070
     1
1000
1565716
1002
}
1002
{
1070
     5
1000
2400052
1002
}
1002
{
1070
     2
1000
-2000035
1002
}
  0
LINE
  5
2E0
330
70
100
AcDbEntity
  8
A-ROOF
370
    35
100
AcDbLine
 10
30700.44550576655
 20
35619.13173983243
 30
0.0
 11
30700.44550576655
 21
35720.19330380661
 31
0.0
1001
REVIT
1002
{
1070
     1
1000
1565716
1002
}
1002
{
1070
     5
1000
2400052
1002
}
1002
{
1070
     2
1000
-2000035
1002
}
  0
LINE
  5
2E1
330
70
100
AcDbEntity
  8
A-ROOF
370
    35
100
AcDbLine
 10
30700.44550576655
 20
35720.19330380661
 30
0.0
 11
28545.44550628919
 21
35644.93904557012
 31
0.0
1001
REVIT
1002
{
1070
     1
1000
1565716
1002
}
1002
{
1070
     5
1000
2400052
1002
}
1002
{
1070
     2
1000
-2000035
1002
}
  0
LINE
  5
2E3
330
70
100
AcDbEntity
  8
A-ROOF
100
AcDbLine
 10
28545.44550628919
 20
35643.93843602583
 30
0.0
 11
30700.44550576656
 21
35719.19269426231
 31
0.0
1001
REVIT
1002
{
1070
     1
1000
1565716
1002
}
1002
{
1070
     5
1000
2400052
1002
}
1002
{
1070
     2
1000
-2000035
1002
}
1002
{
1070
     3
1000
-2000596
1002
}
  0
LINE
  5
2E4
330
70
100
AcDbEntity
  8
S-STRS
370
    25
100
AcDbLine
 10
40985.4455063532
 20
28761.50000000001
 30
0.0
 11
39985.4455063532
 21
28761.50000000001
 31
0.0
1001
REVIT
1002
{
1070
     1
1000
1593500
1002
}
1002
{
1070
     5
1000
204884
1002
}
1002
{
1070
     2
1000
-2000120
1002
}
  0
LINE
  5
2E5
330
70
100
AcDbEntity
  8
S-STRS
370
    25
100
AcDbLine
 10
39985.4455063532
 20
28761.50000000001
 30
0.0
 11
39985.4455063532
 21
28590.0
 31
0.0
1001
REVIT
1002
{
1070
     1
1000
1593500
1002
}
1002
{
1070
     5
1000
204884
1002
}
1002
{
1070
     2
1000
-2000120
1002
}
  0
LINE
  5
2E6
330
70
100
AcDbEntity
  8
S-STRS
370
    25
100
AcDbLine
 10
40985.4455063532
 20
28762.5
 30
0.0
 11
39985.4455063532
 21
28762.5
 31
0.0
1001
REVIT
1002
{
1070
     1
1000
1593500
1002
}
1002
{
1070
     5
1000
204884
1002
}
1002
{
1070
     2
1000
-2000120
1002
}
1002
{
1070
     3
1000
-2000921
1002
}
  0
LINE
  5
2E7
330
70
100
AcDbEntity
  8
S-STRS
370
    25
100
AcDbLine
 10
39985.4455063532
 20
28762.5
 30
0.0
 11
39985.4455063532
 21
28761.5
 31
0.0
1001
REVIT
1002
{
1070
     1
1000
1593500
1002
}
1002
{
1070
     5
1000
204884
1002
}
1002
{
1070
     2
1000
-2000120
1002
}
1002
{
1070
     3
1000
-2000921
1002
}
  0
LINE
  5
2E8
330
70
100
AcDbEntity
  8
S-STRS
370
    25
100
AcDbLine
 10
39985.4455063532
 20
28761.5
 30
0.0
 11
40985.4455063532
 21
28761.5
 31
0.0
1001
REVIT
1002
{
1070
     1
1000
1593500
1002
}
1002
{
1070
     5
1000
204884
1002
}
1002
{
1070
     2
1000
-2000120
1002
}
1002
{
1070
     3
1000
-2000921
1002
}
  0
LINE
  5
2E9
330
70
100
AcDbEntity
  8
A-WALL
100
AcDbLine
 10
34185.4455062892
 20
28729.00000000005
 30
0.0
 11
34185.4455062892
 21
28890.0
 31
0.0
1001
REVIT
1002
{
1070
     1
1000
1631168
1002
}
1002
{
1070
     5
1000
1222731
1002
}
1002
{
1070
     2
1000
-2000011
1002
}
  0
INSERT
  5
2FB
330
70
100
AcDbEntity
  8
A-GLAZ
100
AcDbBlockReference
  2
FIXED MOULDING ON AND OFF - A1204-2341869-SECTION D-D
 10
0.0
 20
0.0
 30
0.0
1001
REVIT
1002
{
1070
     1
1000
1631781
1002
}
1002
{
1070
     5
1000
2341845
1002
}
1002
{
1070
     2
1000
-2000014
1002
}
  0
INSERT
  5
312
330
70
100
AcDbEntity
  8
A-DOOR
100
AcDbBlockReference
  2
Single - Timber Frame  - 520x2400-2337658-SECTION D-D
 10
0.0
 20
0.0
 30
0.0
1001
REVIT
1002
{
1070
     1
1000
1632802
1002
}
1002
{
1070
     5
1000
2337632
1002
}
1002
{
1070
     2
1000
-2000023
1002
}
  0
INSERT
  5
326
330
70
100
AcDbEntity
  8
A-DOOR
100
AcDbBlockReference
  2
Single - Timber Frame  - 870x2400-V4-SECTION D-D
 10
0.0
 20
0.0
 30
0.0
1001
REVIT
1002
{
1070
     1
1000
1634756
1002
}
1002
{
1070
     5
1000
2599461
1002
}
1002
{
1070
     2
1000
-2000023
1002
}
  0
INSERT
  5
33A
330
70
100
AcDbEntity
  8
A-DOOR
100
AcDbBlockReference
  2
Single - Timber Frame  - 870x2400-V5-SECTION D-D
 10
0.0
 20
0.0
 30
0.0
1001
REVIT
1002
{
1070
     1
1000
1635319
1002
}
1002
{
1070
     5
1000
2599461
1002
}
1002
{
1070
     2
1000
-2000023
1002
}
  0
HATCH
  5
340
330
70
100
AcDbEntity
  8
A-WALL-PATT
370
     9
100
AcDbHatch
 10
0.0
 20
0.0
 30
0.0
210
0.0
220
0.0
230
1.0
  2
FP_1
 70
     0
 71
     0
 91
        1
 92
        1
 93
        5
 72
     1
 10
30775.44550576655
 20
32340.00000000002
 11
30885.44550576655
 21
32340.00000000002
 72
     1
 10
30885.44550576655
 20
32340.00000000002
 11
30885.44550576655
 21
35340.00000000002
 72
     1
 10
30885.44550576655
 20
35340.00000000002
 11
30775.44550576655
 21
35340.00000000002
 72
     1
 10
30775.44550576655
 20
35340.00000000002
 11
30775.44550576655
 21
32463.11786373959
 72
     1
 10
30775.44550576655
 20
32463.11786373959
 11
30775.44550576655
 21
32340.00000000002
 97
        0
 75
     0
 76
     2
 52
0.0
 41
1.0
 77
     0
 78
     2
 53
45.0
 43
34166.58600000001
 44
19353.85
 45
-251.4471713899363
 46
251.4471713899363
 79
     0
 53
45.0
 43
34166.58600000001
 44
19734.85
 45
-251.4471713899363
 46
251.4471713899363
 79
     0
 98
        1
 10
0.0
 20
0.0
1001
REVIT
1002
{
1070
     1
1000
1638522
1002
}
1002
{
1070
     5
1000
1222731
1002
}
1002
{
1070
     4
1000
24
1002
}
1002
{
1070
     2
1000
-2000011
1002
}
1002
{
1070
     3
1000
-2000588
1002
}
  0
LINE
  5
341
330
70
100
AcDbEntity
  8
A-WALL
370
    25
100
AcDbLine
 10
30775.44550576655
 20
35340.00000000001
 30
0.0
 11
30775.44550576655
 21
35203.75
 31
0.0
1001
REVIT
1002
{
1070
     1
1000
1638522
1002
}
1002
{
1070
     5
1000
1222731
1002
}
1002
{
1070
     2
1000
-2000011
1002
}
  0
LINE
  5
342
330
70
100
AcDbEntity
  8
A-WALL
370
    25
100
AcDbLine
 10
30775.44550576655
 20
35090.0
 30
0.0
 11
30775.44550576655
 21
32340.00000000001
 31
0.0
1001
REVIT
1002
{
1070
     1
1000
1638522
1002
}
1002
{
1070
     5
1000
1222731
1002
}
1002
{
1070
     2
1000
-2000011
1002
}
  0
LINE
  5
344
330
70
100
AcDbEntity
  8
A-WALL
370
    25
100
AcDbLine
 10
30885.44550576655
 20
32340.00000000001
 30
0.0
 11
30885.44550576655
 21
35090.0
 31
0.0
1001
REVIT
1002
{
1070
     1
1000
1638522
1002
}
1002
{
1070
     5
1000
1222731
1002
}
1002
{
1070
     2
1000
-2000011
1002
}
  0
LINE
  5
346
330
70
100
AcDbEntity
  8
A-WALL
370
    25
100
AcDbLine
 10
30795.44550576655
 20
35340.00000000001
 30
0.0
 11
30700.44550576655
 21
35340.00000000001
 31
0.0
1001
REVIT
1002
{
1070
     1
1000
1638522
1002
}
1002
{
1070
     5
1000
1222731
1002
}
1002
{
1070
     2
1000
-2000011
1002
}
  0
LINE
  5
348
330
70
100
AcDbEntity
  8
A-WALL
100
AcDbLine
 10
30610.44550576654
 20
36169.39253013342
 30
0.0
 11
27975.44550635082
 21
36169.39253013342
 31
0.0
1001
REVIT
1002
{
1070
     1
1000
1638849
1002
}
1002
{
1070
     5
1000
1220569
1002
}
1002
{
1070
     2
1000
-2000011
1002
}
  0
LINE
  5
349
330
70
100
AcDbEntity
  8
A-ROOF-MCUT
100
AcDbLine
 10
40105.44550635321
 20
35291.12251840407
 30
0.0
 11
40405.44550635322
 21
35291.12251840407
 31
0.0
1001
REVIT
1002
{
1070
     1
1000
1660847
1002
}
1002
{
1070
     5
1000
1659470
1002
}
1002
{
1070
     2
1000
-2000035
1002
}
1002
{
1070
     3
1000
-2001391
1002
}
  0
LINE
  5
34A
330
70
100
AcDbEntity
  8
A-ROOF-MCUT
100
AcDbLine
 10
40405.44550635322
 20
35291.12251840407
 30
0.0
 11
40405.44550635322
 21
35491.12251840406
 31
0.0
1001
REVIT
1002
{
1070
     1
1000
1660847
1002
}
1002
{
1070
     5
1000
1659470
1002
}
1002
{
1070
     2
1000
-2000035
1002
}
1002
{
1070
     3
1000
-2001391
1002
}
  0
LINE
  5
34B
330
70
100
AcDbEntity
  8
A-ROOF-MCUT
100
AcDbLine
 10
40405.44550635322
 20
35491.12251840406
 30
0.0
 11
40395.44550635322
 21
35491.12251840406
 31
0.0
1001
REVIT
1002
{
1070
     1
1000
1660847
1002
}
1002
{
1070
     5
1000
1659470
1002
}
1002
{
1070
     2
1000
-2000035
1002
}
1002
{
1070
     3
1000
-2001391
1002
}
  0
LINE
  5
34C
330
70
100
AcDbEntity
  8
A-ROOF-MCUT
100
AcDbLine
 10
40395.44550635322
 20
35491.12251840406
 30
0.0
 11
40395.44550635322
 21
35301.12251840406
 31
0.0
1001
REVIT
1002
{
1070
     1
1000
1660847
1002
}
1002
{
1070
     5
1000
1659470
1002
}
1002
{
1070
     2
1000
-2000035
1002
}
1002
{
1070
     3
1000
-2001391
1002
}
  0
LINE
  5
34D
330
70
100
AcDbEntity
  8
A-ROOF-MCUT
100
AcDbLine
 10
40395.44550635322
 20
35301.12251840406
 30
0.0
 11
40115.44550635321
 21
35301.12251840406
 31
0.0
1001
REVIT
1002
{
1070
     1
1000
1660847
1002
}
1002
{
1070
     5
1000
1659470
1002
}
1002
{
1070
     2
1000
-2000035
1002
}
1002
{
1070
     3
1000
-2001391
1002
}
  0
LINE
  5
34E
330
70
100
AcDbEntity
  8
A-ROOF-MCUT
100
AcDbLine
 10
40115.44550635321
 20
35301.12251840406
 30
0.0
 11
40115.44550635321
 21
35491.12251840406
 31
0.0
1001
REVIT
1002
{
1070
     1
1000
1660847
1002
}
1002
{
1070
     5
1000
1659470
1002
}
1002
{
1070
     2
1000
-2000035
1002
}
1002
{
1070
     3
1000
-2001391
1002
}
  0
LINE
  5
34F
330
70
100
AcDbEntity
  8
A-ROOF-MCUT
100
AcDbLine
 10
40115.44550635321
 20
35491.12251840406
 30
0.0
 11
40105.44550635321
 21
35491.12251840406
 31
0.0
1001
REVIT
1002
{
1070
     1
1000
1660847
1002
}
1002
{
1070
     5
1000
1659470
1002
}
1002
{
1070
     2
1000
-2000035
1002
}
1002
{
1070
     3
1000
-2001391
1002
}
  0
LINE
  5
350
330
70
100
AcDbEntity
  8
A-ROOF-MCUT
100
AcDbLine
 10
40105.44550635321
 20
35491.12251840406
 30
0.0
 11
40105.44550635321
 21
35291.12251840407
 31
0.0
1001
REVIT
1002
{
1070
     1
1000
1660847
1002
}
1002
{
1070
     5
1000
1659470
1002
}
1002
{
1070
     2
1000
-2000035
1002
}
1002
{
1070
     3
1000
-2001391
1002
}
  0
LINE
  5
351
330
70
100
AcDbEntity
  8
A-ROOF-MCUT
100
AcDbLine
 10
28245.44550628918
 20
35444.93904557013
 30
0.0
 11
28545.44550628919
 21
35444.93904557013
 31
0.0
1001
REVIT
1002
{
1070
     1
1000
1661264
1002
}
1002
{
1070
     5
1000
1659470
1002
}
1002
{
1070
     2
1000
-2000035
1002
}
1002
{
1070
     3
1000
-2001391
1002
}
  0
LINE
  5
352
330
70
100
AcDbEntity
  8
A-ROOF-MCUT
100
AcDbLine
 10
28545.44550628919
 20
35444.93904557013
 30
0.0
 11
28545.44550628919
 21
35644.93904557012
 31
0.0
1001
REVIT
1002
{
1070
     1
1000
1661264
1002
}
1002
{
1070
     5
1000
1659470
1002
}
1002
{
1070
     2
1000
-2000035
1002
}
1002
{
1070
     3
1000
-2001391
1002
}
  0
LINE
  5
353
330
70
100
AcDbEntity
  8
A-ROOF-MCUT
100
AcDbLine
 10
28545.44550628919
 20
35644.93904557012
 30
0.0
 11
28535.44550628918
 21
35644.93904557012
 31
0.0
1001
REVIT
1002
{
1070
     1
1000
1661264
1002
}
1002
{
1070
     5
1000
1659470
1002
}
1002
{
1070
     2
1000
-2000035
1002
}
1002
{
1070
     3
1000
-2001391
1002
}
  0
LINE
  5
354
330
70
100
AcDbEntity
  8
A-ROOF-MCUT
100
AcDbLine
 10
28535.44550628918
 20
35644.93904557012
 30
0.0
 11
28535.44550628918
 21
35454.93904557012
 31
0.0
1001
REVIT
1002
{
1070
     1
1000
1661264
1002
}
1002
{
1070
     5
1000
1659470
1002
}
1002
{
1070
     2
1000
-2000035
1002
}
1002
{
1070
     3
1000
-2001391
1002
}
  0
LINE
  5
355
330
70
100
AcDbEntity
  8
A-ROOF-MCUT
100
AcDbLine
 10
28535.44550628918
 20
35454.93904557012
 30
0.0
 11
28255.44550628919
 21
35454.93904557012
 31
0.0
1001
REVIT
1002
{
1070
     1
1000
1661264
1002
}
1002
{
1070
     5
1000
1659470
1002
}
1002
{
1070
     2
1000
-2000035
1002
}
1002
{
1070
     3
1000
-2001391
1002
}
  0
LINE
  5
356
330
70
100
AcDbEntity
  8
A-ROOF-MCUT
100
AcDbLine
 10
28255.44550628919
 20
35454.93904557012
 30
0.0
 11
28255.44550628919
 21
35644.93904557012
 31
0.0
1001
REVIT
1002
{
1070
     1
1000
1661264
1002
}
1002
{
1070
     5
1000
1659470
1002
}
1002
{
1070
     2
1000
-2000035
1002
}
1002
{
1070
     3
1000
-2001391
1002
}
  0
LINE
  5
357
330
70
100
AcDbEntity
  8
A-ROOF-MCUT
100
AcDbLine
 10
28255.44550628919
 20
35644.93904557012
 30
0.0
 11
28245.44550628918
 21
35644.93904557012
 31
0.0
1001
REVIT
1002
{
1070
     1
1000
1661264
1002
}
1002
{
1070
     5
1000
1659470
1002
}
1002
{
1070
     2
1000
-2000035
1002
}
1002
{
1070
     3
1000
-2001391
1002
}
  0
LINE
  5
358
330
70
100
AcDbEntity
  8
A-ROOF-MCUT
100
AcDbLine
 10
28245.44550628918
 20
35644.93904557012
 30
0.0
 11
28245.44550628918
 21
35444.93904557013
 31
0.0
1001
REVIT
1002
{
1070
     1
1000
1661264
1002
}
1002
{
1070
     5
1000
1659470
1002
}
1002
{
1070
     2
1000
-2000035
1002
}
1002
{
1070
     3
1000
-2001391
1002
}
  0
LINE
  5
359
330
70
100
AcDbEntity
  8
S-STRS
100
AcDbLine
 10
34275.44550638449
 20
32499.0
 30
0.0
 11
34295.44550639289
 21
32499.0
 31
0.0
1001
REVIT
1002
{
1070
     1
1000
1681869
1002
}
1002
{
1070
     5
1000
204884
1002
}
1002
{
1070
     2
1000
-2000120
1002
}
  0
LINE
  5
35A
330
70
100
AcDbEntity
  8
S-STRS
100
AcDbLine
 10
34295.44550639289
 20
32340.00000000001
 30
0.0
 11
34295.44550639289
 21
32499.0
 31
0.0
1001
REVIT
1002
{
1070
     1
1000
1681869
1002
}
1002
{
1070
     5
1000
204884
1002
}
1002
{
1070
     2
1000
-2000120
1002
}
  0
LINE
  5
35B
330
70
100
AcDbEntity
  8
S-STRS
100
AcDbLine
 10
34275.44550638449
 20
32500.0
 30
0.0
 11
34295.44550639289
 21
32500.0
 31
0.0
1001
REVIT
1002
{
1070
     1
1000
1681869
1002
}
1002
{
1070
     5
1000
204884
1002
}
1002
{
1070
     2
1000
-2000120
1002
}
1002
{
1070
     3
1000
-2000921
1002
}
  0
LINE
  5
35C
330
70
100
AcDbEntity
  8
S-STRS
100
AcDbLine
 10
34295.44550639289
 20
32499.0
 30
0.0
 11
34275.44550638449
 21
32499.0
 31
0.0
1001
REVIT
1002
{
1070
     1
1000
1681869
1002
}
1002
{
1070
     5
1000
204884
1002
}
1002
{
1070
     2
1000
-2000120
1002
}
1002
{
1070
     3
1000
-2000921
1002
}
  0
LINE
  5
35D
330
70
100
AcDbEntity
  8
S-STRS
100
AcDbLine
 10
34295.44550639289
 20
32499.0
 30
0.0
 11
34295.44550639289
 21
32500.0
 31
0.0
1001
REVIT
1002
{
1070
     1
1000
1681869
1002
}
1002
{
1070
     5
1000
204884
1002
}
1002
{
1070
     2
1000
-2000120
1002
}
1002
{
1070
     3
1000
-2000921
1002
}
  0
LINE
  5
35E
330
70
100
AcDbEntity
  8
A-WALL
100
AcDbLine
 10
34825.44550651986
 20
32140.00000000001
 30
0.0
 11
34825.44550651986
 21
31990.0
 31
0.0
1001
REVIT
1002
{
1070
     1
1000
1697286
1002
}
1002
{
1070
     5
1000
1220569
1002
}
1002
{
1070
     2
1000
-2000011
1002
}
  0
LINE
  5
35F
330
70
100
AcDbEntity
  8
A-WALL
100
AcDbLine
 10
34825.44550641225
 20
28890.0
 30
0.0
 11
35067.94550649942
 21
28890.0
 31
0.0
1001
REVIT
1002
{
1070
     1
1000
1782963
1002
}
1002
{
1070
     5
1000
1220569
1002
}
1002
{
1070
     2
1000
-2000011
1002
}
  0
LINE
  5
360
330
70
100
AcDbEntity
  8
A-WALL
100
AcDbLine
 10
35067.94550649942
 20
28890.0
 30
0.0
 11
35067.94550649942
 21
31890.0
 31
0.0
1001
REVIT
1002
{
1070
     1
1000
1782963
1002
}
1002
{
1070
     5
1000
1220569
1002
}
1002
{
1070
     2
1000
-2000011
1002
}
  0
LINE
  5
361
330
70
100
AcDbEntity
  8
I-WALL
100
AcDbLine
 10
36052.44550647951
 20
28890.0
 30
0.0
 11
36548.44550647951
 21
28890.0
 31
0.0
1001
REVIT
1002
{
1070
     1
1000
1785188
1002
}
1002
{
1070
     5
1000
2338323
1002
}
1002
{
1070
     2
1000
-2000011
1002
}
  0
INSERT
  5
36D
330
70
100
AcDbEntity
  8
A-GLAZ
100
AcDbBlockReference
  2
custom - equal Panel M_6 PANEL HORIZONTAL_ - AFA3042T SP-2001726-SECTION D-D
 10
0.0
 20
0.0
 30
0.0
1001
REVIT
1002
{
1070
     1
1000
1791104
1002
}
1002
{
1070
     5
1000
2001708
1002
}
1002
{
1070
     2
1000
-2000014
1002
}
1002
{
1070
     3
1000
-2000022
1002
}
  0
INSERT
  5
379
330
70
100
AcDbEntity
  8
A-GLAZ
100
AcDbBlockReference
  2
2 panel 1 mullion - AF1218-2343563-SECTION D-D
 10
0.0
 20
0.0
 30
0.0
1001
REVIT
1002
{
1070
     1
1000
1803578
1002
}
1002
{
1070
     5
1000
2343545
1002
}
1002
{
1070
     2
1000
-2000014
1002
}
  0
LINE
  5
37A
330
70
100
AcDbEntity
  8
I-WALL
100
AcDbLine
 10
31285.44550635094
 20
32340.00000000001
 30
0.0
 11
31285.44550635094
 21
35090.0
 31
0.0
1001
REVIT
1002
{
1070
     1
1000
1891503
1002
}
1002
{
1070
     5
1000
2338323
1002
}
1002
{
1070
     2
1000
-2000011
1002
}
  0
INSERT
  5
389
330
70
100
AcDbEntity
  8
A-GENM
100
AcDbBlockReference
  2
Downpipe - 450 Eave-1977526-SECTION D-D
 10
0.0
 20
0.0
 30
0.0
1001
REVIT
1002
{
1070
     1
1000
1905191
1002
}
1002
{
1070
     5
1000
1893368
1002
}
1002
{
1070
     2
1000
-2000151
1002
}
1002
{
1070
     3
1000
1893352
1002
}
  0
INSERT
  5
392
330
70
100
AcDbEntity
  8
A-GENM
100
AcDbBlockReference
  2
Downpipe - 450 Eave-1917928-SECTION D-D
 10
0.0
 20
0.0
 30
0.0
1001
REVIT
1002
{
1070
     1
1000
1905755
1002
}
1002
{
1070
     5
1000
1893368
1002
}
1002
{
1070
     2
1000
-2000151
1002
}
1002
{
1070
     3
1000
1893352
1002
}
  0
INSERT
  5
39D
330
70
100
AcDbEntity
  8
A-GENM
100
AcDbBlockReference
  2
Downpipe - RH DP-2028410-SECTION D-D
 10
0.0
 20
0.0
 30
0.0
1001
REVIT
1002
{
1070
     1
1000
1906610
1002
}
1002
{
1070
     5
1000
1906729
1002
}
1002
{
1070
     2
1000
-2000151
1002
}
1002
{
1070
     3
1000
1893352
1002
}
  0
INSERT
  5
3A3
330
70
100
AcDbEntity
  8
A-GENM
100
AcDbBlockReference
  2
Downpipe - 450 Eave-1907276-SECTION D-D
 10
0.0
 20
0.0
 30
0.0
1001
REVIT
1002
{
1070
     1
1000
1907016
1002
}
1002
{
1070
     5
1000
1893368
1002
}
1002
{
1070
     2
1000
-2000151
1002
}
1002
{
1070
     3
1000
1893352
1002
}
  0
INSERT
  5
3AB
330
70
100
AcDbEntity
  8
A-GENM
100
AcDbBlockReference
  2
Downpipe - 450 Eave-1907595-SECTION D-D
 10
0.0
 20
0.0
 30
0.0
1001
REVIT
1002
{
1070
     1
1000
1907391
1002
}
1002
{
1070
     5
1000
1893368
1002
}
1002
{
1070
     2
1000
-2000151
1002
}
1002
{
1070
     3
1000
1893352
1002
}
  0
INSERT
  5
3AF
330
70
100
AcDbEntity
  8
E-ELEC-FIXT
100
AcDbBlockReference
  2
Solar Panel_ Face Based - Solar Panel_ Face Based-1931305-SECTION D-D
 10
0.0
 20
0.0
 30
0.0
1001
REVIT
1002
{
1070
     1
1000
1931511
1002
}
1002
{
1070
     5
1000
1931305
1002
}
1002
{
1070
     2
1000
-2001060
1002
}
  0
INSERT
  5
3B0
330
70
100
AcDbEntity
  8
E-ELEC-FIXT
100
AcDbBlockReference
  2
Solar Panel_ Face Based - Solar Panel_ Face Based-1931305-SECTION D-D
 10
1049.999999999995
 20
0.0
 30
0.0
1001
REVIT
1002
{
1070
     1
1000
1931637
1002
}
1002
{
1070
     5
1000
1931305
1002
}
1002
{
1070
     2
1000
-2001060
1002
}
  0
INSERT
  5
3B1
330
70
100
AcDbEntity
  8
E-ELEC-FIXT
100
AcDbBlockReference
  2
Solar Panel_ Face Based - Solar Panel_ Face Based-1931305-SECTION D-D
 10
2099.99999999999
 20
0.0
 30
0.0
1001
REVIT
1002
{
1070
     1
1000
1931648
1002
}
1002
{
1070
     5
1000
1931305
1002
}
1002
{
1070
     2
1000
-2001060
1002
}
  0
INSERT
  5
3C6
330
70
100
AcDbEntity
  8
E-ELEC-FIXT
100
AcDbBlockReference
  2
Solar Panel_ Face Based - Solar Panel_ Face Based-V6-SECTION D-D
 10
0.0
 20
0.0
 30
0.0
1001
REVIT
1002
{
1070
     1
1000
1931738
1002
}
1002
{
1070
     5
1000
1931305
1002
}
1002
{
1070
     2
1000
-2001060
1002
}
  0
INSERT
  5
3DB
330
70
100
AcDbEntity
  8
E-ELEC-FIXT
100
AcDbBlockReference
  2
Solar Panel_ Face Based - Solar Panel_ Face Based-V7-SECTION D-D
 10
0.0
 20
0.0
 30
0.0
1001
REVIT
1002
{
1070
     1
1000
1931740
1002
}
1002
{
1070
     5
1000
1931305
1002
}
1002
{
1070
     2
1000
-2001060
1002
}
  0
INSERT
  5
3EF
330
70
100
AcDbEntity
  8
E-ELEC-FIXT
100
AcDbBlockReference
  2
Solar Panel_ Face Based - Solar Panel_ Face Based-V8-SECTION D-D
 10
0.0
 20
0.0
 30
0.0
1001
REVIT
1002
{
1070
     1
1000
1931741
1002
}
1002
{
1070
     5
1000
1931305
1002
}
1002
{
1070
     2
1000
-2001060
1002
}
  0
INSERT
  5
404
330
70
100
AcDbEntity
  8
E-ELEC-FIXT
100
AcDbBlockReference
  2
Solar Panel_ Face Based - Solar Panel_ Face Based-V9-SECTION D-D
 10
0.0
 20
0.0
 30
0.0
1001
REVIT
1002
{
1070
     1
1000
1931809
1002
}
1002
{
1070
     5
1000
1931305
1002
}
1002
{
1070
     2
1000
-2001060
1002
}
  0
INSERT
  5
418
330
70
100
AcDbEntity
  8
E-ELEC-FIXT
100
AcDbBlockReference
  2
Solar Panel_ Face Based - Solar Panel_ Face Based-V10-SECTION D-D
 10
0.0
 20
0.0
 30
0.0
1001
REVIT
1002
{
1070
     1
1000
1931810
1002
}
1002
{
1070
     5
1000
1931305
1002
}
1002
{
1070
     2
1000
-2001060
1002
}
  0
INSERT
  5
42D
330
70
100
AcDbEntity
  8
E-ELEC-FIXT
100
AcDbBlockReference
  2
Solar Panel_ Face Based - Solar Panel_ Face Based-V11-SECTION D-D
 10
0.0
 20
0.0
 30
0.0
1001
REVIT
1002
{
1070
     1
1000
1931811
1002
}
1002
{
1070
     5
1000
1931305
1002
}
1002
{
1070
     2
1000
-2001060
1002
}
  0
INSERT
  5
438
330
70
100
AcDbEntity
  8
P-SANR-FIXT
100
AcDbBlockReference
  2
Shower_Twin_Phoenix_NXQuil_FaceBased - Chrome _606-6500-00_-1739590-SECTION D-D
 10
0.0
 20
0.0
 30
0.0
1001
REVIT
1002
{
1070
     1
1000
1961636
1002
}
1002
{
1070
     5
1000
1739590
1002
}
1002
{
1070
     2
1000
-2001160
1002
}
1002
{
1070
     3
1000
1035229
1002
}
  0
INSERT
  5
448
330
70
100
AcDbEntity
  8
A-GENM
100
AcDbBlockReference
  2
Downpipe - 450 Eave-1976548-SECTION D-D
 10
0.0
 20
0.0
 30
0.0
1001
REVIT
1002
{
1070
     1
1000
1976077
1002
}
1002
{
1070
     5
1000
1893368
1002
}
1002
{
1070
     2
1000
-2000151
1002
}
1002
{
1070
     3
1000
1893352
1002
}
  0
INSERT
  5
450
330
70
100
AcDbEntity
  8
A-GENM
100
AcDbBlockReference
  2
Downpipe - 450 Eave-1976745-SECTION D-D
 10
0.0
 20
0.0
 30
0.0
1001
REVIT
1002
{
1070
     1
1000
1976586
1002
}
1002
{
1070
     5
1000
1893368
1002
}
1002
{
1070
     2
1000
-2000151
1002
}
1002
{
1070
     3
1000
1893352
1002
}
  0
INSERT
  5
45D
330
70
100
AcDbEntity
  8
A-GENM
100
AcDbBlockReference
  2
Downpipe - 450 Eave-2002628-SECTION D-D
 10
0.0
 20
0.0
 30
0.0
1001
REVIT
1002
{
1070
     1
1000
1977262
1002
}
1002
{
1070
     5
1000
1893368
1002
}
1002
{
1070
     2
1000
-2000151
1002
}
1002
{
1070
     3
1000
1893352
1002
}
  0
LINE
  5
45E
330
70
100
AcDbEntity
  8
A-WALL
100
AcDbLine
 10
35765.4455065043
 20
37933.96419732033
 30
0.0
 11
34295.44550639289
 21
37933.96419731287
 31
0.0
1001
REVIT
1002
{
1070
     1
1000
1982732
1002
}
1002
{
1070
     5
1000
1602992
1002
}
1002
{
1070
     2
1000
-2000011
1002
}
  0
LINE
  5
45F
330
70
100
AcDbEntity
  8
A-WALL
100
AcDbLine
 10
35605.44550579828
 20
37640.0
 30
0.0
 11
35605.44550579828
 21
36740.0
 31
0.0
1001
REVIT
1002
{
1070
     1
1000
1982732
1002
}
1002
{
1070
     5
1000
1602992
1002
}
1002
{
1070
     2
1000
-2000011
1002
}
  0
LINE
  5
460
330
70
100
AcDbEntity
  8
A-WALL
100
AcDbLine
 10
35605.44550579828
 20
36740.0
 30
0.0
 11
34295.44550639289
 21
36740.0
 31
0.0
1001
REVIT
1002
{
1070
     1
1000
1982732
1002
}
1002
{
1070
     5
1000
1602992
1002
}
1002
{
1070
     2
1000
-2000011
1002
}
  0
LINE
  5
461
330
70
100
AcDbEntity
  8
A-WALL
100
AcDbLine
 10
34295.44550639289
 20
37640.0
 30
0.0
 11
35605.44550579828
 21
37640.0
 31
0.0
1001
REVIT
1002
{
1070
     1
1000
1982732
1002
}
1002
{
1070
     5
1000
1602992
1002
}
1002
{
1070
     2
1000
-2000011
1002
}
  0
INSERT
  5
46B
330
70
100
AcDbEntity
  8
A-GLAZ
100
AcDbBlockReference
  2
3 PANEL 2 transom - FFF0946-1778814-SECTION D-D
 10
0.0
 20
0.0
 30
0.0
1001
REVIT
1002
{
1070
     1
1000
1982739
1002
}
1002
{
1070
     5
1000
1778809
1002
}
1002
{
1070
     2
1000
-2000014
1002
}
  0
INSERT
  5
4D1
330
70
100
AcDbEntity
  8
P-SANR-FIXT
100
AcDbBlockReference
  2
Toilet _ Wall  Hosted 3-D_ - Type 1-1428107-SECTION D-D
 10
0.0
 20
0.0
 30
0.0
1001
REVIT
1002
{
1070
     1
1000
2005245
1002
}
1002
{
1070
     5
1000
1194946
1002
}
1002
{
1070
     2
1000
-2001160
1002
}
1002
{
1070
     3
1000
1193514
1002
}
  0
INSERT
  5
4E8
330
70
100
AcDbEntity
  8
A-GENM
100
AcDbBlockReference
  2
Timber_Screen_Adjustable_21388 - Type 1-2543068-SECTION D-D
 10
0.0
 20
0.0
 30
0.0
1001
REVIT
1002
{
1070
     1
1000
2019310
1002
}
1002
{
1070
     5
1000
2012895
1002
}
1002
{
1070
     2
1000
-2000151
1002
}
  0
LINE
  5
4E9
330
70
100
AcDbEntity
  8
A-CLNG
370
    25
100
AcDbLine
 10
39714.94550649941
 20
31990.0
 30
0.0
 11
35875.44550649943
 21
31990.0
 31
0.0
1001
REVIT
1002
{
1070
     1
1000
2289561
1002
}
1002
{
1070
     5
1000
19847
1002
}
1002
{
1070
     2
1000
-2000038
1002
}
  0
LINE
  5
4EB
330
70
100
AcDbEntity
  8
A-CLNG
370
    25
100
AcDbLine
 10
35875.44550649943
 20
31890.0
 30
0.0
 11
39714.94550649941
 21
31890.0
 31
0.0
1001
REVIT
1002
{
1070
     1
1000
2289561
1002
}
1002
{
1070
     5
1000
19847
1002
}
1002
{
1070
     2
1000
-2000038
1002
}
  0
LINE
  5
4ED
330
70
100
AcDbEntity
  8
A-CLNG
370
    25
100
AcDbLine
 10
35765.44550649943
 20
31990.0
 30
0.0
 11
34295.4455062892
 21
31990.0
 31
0.0
1001
REVIT
1002
{
1070
     1
1000
2289561
1002
}
1002
{
1070
     5
1000
19847
1002
}
1002
{
1070
     2
1000
-2000038
1002
}
  0
LINE
  5
4EF
330
70
100
AcDbEntity
  8
A-CLNG
370
    25
100
AcDbLine
 10
34295.4455062892
 20
31890.0
 30
0.0
 11
35765.44550649943
 21
31890.0
 31
0.0
1001
REVIT
1002
{
1070
     1
1000
2289561
1002
}
1002
{
1070
     5
1000
19847
1002
}
1002
{
1070
     2
1000
-2000038
1002
}
  0
LINE
  5
4F1
330
70
100
AcDbEntity
  8
A-CLNG
370
    25
100
AcDbLine
 10
34185.4455062892
 20
31990.0
 30
0.0
 11
28245.44550628918
 21
31990.0
 31
0.0
1001
REVIT
1002
{
1070
     1
1000
2289561
1002
}
1002
{
1070
     5
1000
19847
1002
}
1002
{
1070
     2
1000
-2000038
1002
}
  0
LINE
  5
4F2
330
70
100
AcDbEntity
  8
A-CLNG
370
    25
100
AcDbLine
 10
28245.44550628918
 20
31990.0
 30
0.0
 11
28245.44550628918
 21
31890.0
 31
0.0
1001
REVIT
1002
{
1070
     1
1000
2289561
1002
}
1002
{
1070
     5
1000
19847
1002
}
1002
{
1070
     2
1000
-2000038
1002
}
  0
LINE
  5
4F3
330
70
100
AcDbEntity
  8
A-CLNG
370
    25
100
AcDbLine
 10
28245.44550628918
 20
31890.0
 30
0.0
 11
34185.4455062892
 21
31890.0
 31
0.0
1001
REVIT
1002
{
1070
     1
1000
2289561
1002
}
1002
{
1070
     5
1000
19847
1002
}
1002
{
1070
     2
1000
-2000038
1002
}
  0
INSERT
  5
4FB
330
70
100
AcDbEntity
  8
A-FLOR-HRAL
100
AcDbBlockReference
  2
Handrail Type - Handrail_Internal_-2451903-SECTION D-D
 10
0.0
 20
0.0
 30
0.0
1001
REVIT
1002
{
1070
     1
1000
2451902
1002
}
1002
{
1070
     5
1000
197576
1002
}
1002
{
1070
     2
1000
-2000126
1002
}
1002
{
1070
     3
1000
-2000947
1002
}
  0
INSERT
  5
501
330
70
100
AcDbEntity
  8
A-FLOR-HRAL
100
AcDbBlockReference
  2
Support_Metal_Circular - Standard-2452612-SECTION D-D
 10
0.0
 20
0.0
 30
0.0
1001
REVIT
1002
{
1070
     1
1000
2451952
1002
}
1002
{
1070
     5
1000
199981
1002
}
1002
{
1070
     2
1000
-2000126
1002
}
1002
{
1070
     3
1000
-2000948
1002
}
  0
INSERT
  5
507
330
70
100
AcDbEntity
  8
P-SANR-FIXT
100
AcDbBlockReference
  2
BUILDMAT-SNA01004-Willow-600-Stainless_Steel _1_ - Willow 600x450x250mm-2518076-SECTION D-D
 10
0.0
 20
0.0
 30
0.0
1001
REVIT
1002
{
1070
     1
1000
2518242
1002
}
1002
{
1070
     5
1000
2518076
1002
}
1002
{
1070
     2
1000
-2001160
1002
}
  0
INSERT
  5
512
330
70
100
AcDbEntity
  8
P-SANR-FIXT
100
AcDbBlockReference
  2
BUILDMAT-SNA01002-Nala_450-Stainless-Steel - Nala 450x450x250mm-2532806-SECTION D-D
 10
0.0
 20
0.0
 30
0.0
1001
REVIT
1002
{
1070
     1
1000
2532938
1002
}
1002
{
1070
     5
1000
2532806
1002
}
1002
{
1070
     2
1000
-2001160
1002
}
  0
INSERT
  5
525
330
70
100
AcDbEntity
  8
P-SANR-FIXT
100
AcDbBlockReference
  2
874300W_BK_File_Rfa_151277_ori_2016Sep14134925 - Artisan 405 Round Above Counter - 0 Tap Holes-2537396-SECTION D-D
 10
0.0
 20
0.0
 30
0.0
1001
REVIT
1002
{
1070
     1
1000
2537759
1002
}
1002
{
1070
     5
1000
2537396
1002
}
1002
{
1070
     2
1000
-2001160
1002
}
1002
{
1070
     3
1000
1961836
1002
}
  0
INSERT
  5
526
330
70
100
AcDbEntity
  8
P-SANR-FIXT
100
AcDbBlockReference
  2
874300W_BK_File_Rfa_151277_ori_2016Sep14134925 - Artisan 405 Round Above Counter - 0 Tap Holes-2537396-SECTION D-D
 10
-3120.000000066595
 20
3200.0
 30
0.0
1001
REVIT
1002
{
1070
     1
1000
2538168
1002
}
1002
{
1070
     5
1000
2537396
1002
}
1002
{
1070
     2
1000
-2001160
1002
}
1002
{
1070
     3
1000
1961836
1002
}
  0
INSERT
  5
530
330
70
100
AcDbEntity
  8
P-SANR-FIXT
100
AcDbBlockReference
  2
tile grate 80 - 1000x80-2561614-SECTION D-D
 10
0.0
 20
0.0
 30
0.0
1001
REVIT
1002
{
1070
     1
1000
2562267
1002
}
1002
{
1070
     5
1000
2561614
1002
}
1002
{
1070
     2
1000
-2001160
1002
}
  0
INSERT
  5
5DA
330
70
100
AcDbEntity
  8
A-GENM
100
AcDbBlockReference
  2
HH Shower - Wincrest Shower-2580500-SECTION D-D
 10
0.0
 20
0.0
 30
0.0
1001
REVIT
1002
{
1070
     1
1000
2580251
1002
}
1002
{
1070
     5
1000
2425145
1002
}
1002
{
1070
     2
1000
-2000151
1002
}
  0
INSERT
  5
5E0
330
70
100
AcDbEntity
  8
P-SANR-FIXT
100
AcDbBlockReference
  2
tile grate - 1000x80-2206945-SECTION D-D
 10
0.0
 20
0.0
 30
0.0
1001
REVIT
1002
{
1070
     1
1000
2580252
1002
}
1002
{
1070
     5
1000
2206945
1002
}
1002
{
1070
     2
1000
-2001160
1002
}
  0
INSERT
  5
68A
330
70
100
AcDbEntity
  8
A-GENM
100
AcDbBlockReference
  2
HH Shower - Wincrest Shower-2583850-SECTION D-D
 10
0.0
 20
0.0
 30
0.0
1001
REVIT
1002
{
1070
     1
1000
2583759
1002
}
1002
{
1070
     5
1000
2425145
1002
}
1002
{
1070
     2
1000
-2000151
1002
}
  0
INSERT
  5
690
330
70
100
AcDbEntity
  8
P-SANR-FIXT
100
AcDbBlockReference
  2
tile grate - 1000x80-2583848-SECTION D-D
 10
0.0
 20
0.0
 30
0.0
1001
REVIT
1002
{
1070
     1
1000
2583760
1002
}
1002
{
1070
     5
1000
2206945
1002
}
1002
{
1070
     2
1000
-2001160
1002
}
  0
INSERT
  5
696
330
70
100
AcDbEntity
  8
P-SANR-FIXT
100
AcDbBlockReference
  2
stackpoint - stackpoint-2591344-SECTION D-D
 10
0.0
 20
0.0
 30
0.0
1001
REVIT
1002
{
1070
     1
1000
2591309
1002
}
1002
{
1070
     5
1000
1811504
1002
}
1002
{
1070
     2
1000
-2001160
1002
}
  0
INSERT
  5
69D
330
70
100
AcDbEntity
  8
P-SANR-FIXT
100
AcDbBlockReference
  2
stackpoint - stackpoint-V12-SECTION D-D
 10
0.0
 20
0.0
 30
0.0
1001
REVIT
1002
{
1070
     1
1000
2591387
1002
}
1002
{
1070
     5
1000
1811504
1002
}
1002
{
1070
     2
1000
-2001160
1002
}
  0
INSERT
  5
6A3
330
70
100
AcDbEntity
  8
P-SANR-FIXT
100
AcDbBlockReference
  2
stackpoint - stackpoint-2594485-SECTION D-D
 10
0.0
 20
0.0
 30
0.0
1001
REVIT
1002
{
1070
     1
1000
2594372
1002
}
1002
{
1070
     5
1000
1811504
1002
}
1002
{
1070
     2
1000
-2001160
1002
}
  0
INSERT
  5
6AC
330
70
100
AcDbEntity
  8
A-FLOR-HRAL
100
AcDbBlockReference
  2
Railing - Railing-2600954-SECTION D-D
 10
0.0
 20
0.0
 30
0.0
1001
REVIT
1002
{
1070
     1
1000
2600953
1002
}
1002
{
1070
     5
1000
78969
1002
}
1002
{
1070
     2
1000
-2000126
1002
}
1002
{
1070
     3
1000
-2000127
1002
}
  0
INSERT
  5
6B3
330
70
100
AcDbEntity
  8
A-FLOR-HRAL
100
AcDbBlockReference
  2
Top Rail Type - Top Rail_Internal_-2601176-SECTION D-D
 10
0.0
 20
0.0
 30
0.0
1001
REVIT
1002
{
1070
     1
1000
2601175
1002
}
1002
{
1070
     5
1000
199972
1002
}
1002
{
1070
     2
1000
-2000126
1002
}
1002
{
1070
     3
1000
-2000946
1002
}
  0
HATCH
  5
6CC
330
70
100
AcDbEntity
  8
A-DETL-GENF
 62
     7
100
AcDbHatch
 10
0.0
 20
0.0
 30
0.0
210
0.0
220
0.0
230
1.0
  2
FP_5
 70
     0
 71
     0
 91
        1
 92
        1
 93
       24
 72
     1
 10
27958.62430099212
 20
28589.0
 11
29575.44550628919
 21
28590.00000000001
 72
     1
 10
29575.44550628919
 20
28590.00000000001
 11
29575.44550628919
 21
28689.00000000006
 72
     1
 10
29575.44550628919
 20
28689.00000000006
 11
29675.44550628918
 21
28789.00000000006
 72
     1
 10
29675.44550628918
 20
28789.00000000006
 11
34030.4455062892
 21
28789.00000000006
 72
     1
 10
34030.4455062892
 20
28789.00000000006
 11
34090.4455062892
 21
28729.00000000006
 72
     1
 10
34090.4455062892
 20
28729.00000000006
 11
34390.4455062892
 21
28729.00000000006
 72
     1
 10
34390.4455062892
 20
28729.00000000006
 11
34450.44550628921
 21
28789.00000000007
 72
     1
 10
34450.44550628921
 20
28789.00000000007
 11
35610.44550649941
 21
28789.00000000007
 72
     1
 10
35610.44550649941
 20
28789.00000000007
 11
35670.44550649944
 21
28729.00000000006
 72
     1
 10
35670.44550649944
 20
28729.00000000006
 11
35970.44550649943
 21
28729.00000000006
 72
     1
 10
35970.44550649943
 20
28729.00000000006
 11
36030.4455064995
 21
28789.00000000014
 72
     1
 10
36030.4455064995
 20
28789.00000000014
 11
39444.94550649941
 21
28789.00000000014
 72
     1
 10
39444.94550649941
 20
28789.00000000014
 11
39544.94550649941
 21
28689.00000000013
 72
     1
 10
39544.94550649941
 20
28689.00000000013
 11
39544.94550649941
 21
28590.00000000001
 72
     1
 10
39544.94550649941
 20
28590.00000000001
 11
39980.44550649944
 21
28590.00000000001
 72
     1
 10
39980.44550649944
 20
28590.00000000001
 11
39980.44550649944
 21
28804.00000000002
 72
     1
 10
39980.44550649944
 20
28804.00000000002
 11
39820.44550649943
 21
28804.00000000002
 72
     1
 10
39820.44550649943
 20
28804.00000000002
 11
39820.44550649943
 21
28890.00000000002
 72
     1
 10
39820.44550649943
 20
28890.00000000002
 11
28135.44550628918
 21
28890.00000000002
 72
     1
 10
28135.44550628918
 20
28890.00000000002
 11
28135.44550628918
 21
28730.00000000003
 72
     1
 10
28135.44550628918
 20
28730.00000000003
 11
27775.4455062892
 21
28730.00000000003
 72
     1
 10
27775.4455062892
 20
28730.00000000003
 11
27775.4455062892
 21
28589.0
 72
     1
 10
27775.4455062892
 20
28589.0
 11
27897.53367253369
 21
28589.0
 72
     1
 10
27897.53367253369
 20
28589.0
 11
27958.62430099212
 21
28589.0
 97
        0
 75
     0
 76
     2
 52
0.0
 41
1.0
 77
     0
 78
    17
 53
49.99999999999999
 43
34166.58600000001
 44
19353.85
 45
582.9890969798607
 46
-51.00509307516802
 79
     2
 49
60.96
 49
-670.56
 53
355.0
 43
34166.58600000001
 44
19353.85
 45
-112.7767293253219
 46
611.3816312972472
 79
     2
 49
48.768
 49
-536.448
 53
100.451
 43
34215.169
 44
19349.6
 45
470.2160778888968
 46
560.3730076607749
 79
     2
 49
51.808
 49
-569.888
 53
46.184
 43
34166.58600000001
 44
19516.41
 45
867.4527089478838
 46
-134.5367748274727
 79
     2
 49
91.44
 49
-1005.84
 53
96.636
 43
34238.874
 44
19505.199
 45
759.6879071721903
 46
791.7680757907189
 79
     2
 49
77.712
 49
-854.832
 53
351.184
 43
34166.58600000001
 44
19516.41
 45
759.6960163844116
 46
791.7607861511301
 79
     2
 49
73.152
 49
-804.672
 53
21.0
 43
34247.866
 44
19475.77
 45
485.1659934615853
 46
-327.2487822825823
 79
     2
 49
60.96
 49
-670.56
 53
325.9999999999999
 43
34247.866
 44
19475.77
 45
197.7669465201526
 46
589.4016666324376
 79
     2
 49
48.768
 49
-536.448
 53
71.45100000000001
 43
34288.297
 44
19448.499
 45
682.9344733757403
 46
262.1479976940511
 79
     2
 49
51.808
 49
-569.888
 53
37.5
 43
34166.58600000001
 44
19353.85
 45
9.883035223681148
 46
270.5760469438628
 79
     5
 49
26.822
 49
-503.123
 49
26.822
 49
-517.754
 49
-538.48
 53
37.5
 43
34166.58600000001
 44
19353.85
 45
9.883035223681148
 46
270.5760469438628
 79
     3
 49
-1074.522
 49
26.822
 49
-511.658
 53
7.5
 43
34166.58600000001
 44
19353.85
 45
213.8224524709532
 46
320.5780199332246
 79
     5
 49
26.822
 49
-283.667
 49
26.822
 49
-490.931
 49
-205.232
 53
7.5
 43
34166.58600000001
 44
19353.85
 45
213.8224524709532
 46
320.5780199332246
 79
     3
 49
-828.243
 49
26.822
 49
-178.41
 53
327.5
 43
33985.332
 44
19353.85
 45
433.8910025716608
 46
-18.33249059345368
 79
     5
 49
26.822
 49
-176.378
 49
26.822
 49
-607.1619999999999
 49
-841.248
 53
327.5
 43
33985.332
 44
19353.85
 45
433.8910025716608
 46
-18.33249059345368
 79
     3
 49
-837.184
 49
26.822
 49
-814.426
 53
317.5
 43
33904.05200000001
 44
19353.85
 45
474.0138619252369
 46
81.36541517575179
 79
     5
 49
26.822
 49
-237.338
 49
26.822
 49
-394.208
 49
-597.408
 53
317.5
 43
33904.05200000001
 44
19353.85
 45
474.0138619252369
 46
81.36541517575179
 79
     3
 49
-685.19
 49
26.822
 49
-570.586
 98
        1
 10
0.0
 20
0.0
1001
REVIT
1002
{
1070
     1
1000
2194403
1002
}
1002
{
1070
     5
1000
1607638
1002
}
1002
{
1070
     2
1000
-2002000
1002
}
  0
LINE
  5
6CE
330
70
100
AcDbEntity
  8
A-DETL-MEDM
100
AcDbLine
 10
28135.44550628919
 20
28730.00000000002
 30
0.0
 11
28085.44550628919
 21
28730.00000000002
 31
0.0
1001
REVIT
1002
{
1070
     1
1000
2194403
1002
}
1002
{
1070
     5
1000
1607638
1002
}
1002
{
1070
     2
1000
-2000051
1002
}
1002
{
1070
     3
1000
-2000043
1002
}
  0
LINE
  5
6CF
330
70
100
AcDbEntity
  8
A-DETL-MEDM
100
AcDbLine
 10
27775.4455062892
 20
28588.99999999999
 30
0.0
 11
27975.44550628918
 21
28588.99999999999
 31
0.0
1001
REVIT
1002
{
1070
     1
1000
2194403
1002
}
1002
{
1070
     5
1000
1607638
1002
}
1002
{
1070
     2
1000
-2000051
1002
}
1002
{
1070
     3
1000
-2000043
1002
}
  0
LINE
  5
6D0
330
70
100
AcDbEntity
  8
A-DETL-MEDM
100
AcDbLine
 10
39980.44550649942
 20
28589.99999999999
 30
0.0
 11
39980.44550649942
 21
28804.00000000001
 31
0.0
1001
REVIT
1002
{
1070
     1
1000
2194403
1002
}
1002
{
1070
     5
1000
1607638
1002
}
1002
{
1070
     2
1000
-2000051
1002
}
1002
{
1070
     3
1000
-2000043
1002
}
  0
LINE
  5
6D1
330
70
100
AcDbEntity
  8
A-DETL-MEDM
100
AcDbLine
 10
39980.44550649942
 20
28804.00000000001
 30
0.0
 11
39820.44550649941
 21
28804.00000000001
 31
0.0
1001
REVIT
1002
{
1070
     1
1000
2194403
1002
}
1002
{
1070
     5
1000
1607638
1002
}
1002
{
1070
     2
1000
-2000051
1002
}
1002
{
1070
     3
1000
-2000043
1002
}
  0
LINE
  5
6D2
330
70
100
AcDbEntity
  8
A-DETL-MEDM
100
AcDbLine
 10
39820.44550649941
 20
28804.00000000001
 30
0.0
 11
39820.44550649941
 21
28890.0
 31
0.0
1001
REVIT
1002
{
1070
     1
1000
2194403
1002
}
1002
{
1070
     5
1000
1607638
1002
}
1002
{
1070
     2
1000
-2000051
1002
}
1002
{
1070
     3
1000
-2000043
1002
}
  0
LINE
  5
6D3
330
70
100
AcDbEntity
  8
A-DETL-MEDM
100
AcDbLine
 10
39820.44550649941
 20
28890.0
 30
0.0
 11
28135.44550628919
 21
28890.0
 31
0.0
1001
REVIT
1002
{
1070
     1
1000
2194403
1002
}
1002
{
1070
     5
1000
1607638
1002
}
1002
{
1070
     2
1000
-2000051
1002
}
1002
{
1070
     3
1000
-2000043
1002
}
  0
LINE
  5
6D4
330
70
100
AcDbEntity
  8
A-DETL-MEDM
100
AcDbLine
 10
28135.44550628919
 20
28890.0
 30
0.0
 11
28135.44550628919
 21
28730.00000000002
 31
0.0
1001
REVIT
1002
{
1070
     1
1000
2194403
1002
}
1002
{
1070
     5
1000
1607638
1002
}
1002
{
1070
     2
1000
-2000051
1002
}
1002
{
1070
     3
1000
-2000043
1002
}
  0
HATCH
  5
6EA
330
70
100
AcDbEntity
  8
A-DETL-GENF
 62
     8
100
AcDbHatch
 10
0.0
 20
0.0
 30
0.0
210
0.0
220
0.0
230
1.0
  2
FP_9
 70
     0
 71
     0
 91
        1
 92
        1
 93
       21
 72
     1
 10
34591.14137563222
 20
27793.36987819918
 11
41948.37821797111
 21
27793.36987819918
 72
     1
 10
41948.37821797111
 20
27793.36987819918
 11
41948.37821797111
 21
30349.96738832582
 72
     1
 10
41948.37821797111
 20
30349.96738832582
 11
41218.44039916216
 21
30236.84748838535
 72
     1
 10
41218.44039916216
 20
30236.84748838535
 11
41435.4455062892
 21
30236.84748838535
 72
     1
 10
41435.4455062892
 20
30236.84748838535
 11
41435.4455062892
 21
27890.00000000002
 72
     1
 10
41435.4455062892
 20
27890.00000000002
 11
40985.4455062892
 21
27890.00000000002
 72
     1
 10
40985.4455062892
 20
27890.00000000002
 11
40985.4455062892
 21
28590.00000000001
 72
     1
 10
40985.4455062892
 20
28590.00000000001
 11
27975.44550628918
 21
28590.00000000001
 72
     1
 10
27975.44550628918
 20
28590.00000000001
 11
27975.44550628918
 21
28575.99511172269
 72
     1
 10
27975.44550628918
 20
28575.99511172269
 11
27710.10072393444
 21
28575.1752124964
 72
     1
 10
27710.10072393444
 20
28575.1752124964
 11
27476.78047726399
 21
28530.00000000001
 72
     1
 10
27476.78047726399
 20
28530.00000000001
 11
26714.33532692032
 21
30162.18043846797
 72
     1
 10
26714.33532692032
 20
30162.18043846797
 11
26855.52432367536
 21
30162.18043846797
 72
     1
 10
26855.52432367536
 20
30162.18043846797
 11
26850.65187296205
 21
30171.13576806091
 72
     1
 10
26850.65187296205
 20
30171.13576806091
 11
26309.17733261468
 21
30196.8444910037
 72
     1
 10
26309.17733261468
 20
30196.8444910037
 11
26309.17733261468
 21
28947.23958023857
 72
     1
 10
26309.17733261468
 20
28947.23958023857
 11
27957.57099317229
 21
28179.0
 72
     1
 10
27957.57099317229
 20
28179.0
 11
32000.68263757088
 21
28179.0
 72
     1
 10
32000.68263757088
 20
28179.0
 11
32696.3777931707
 21
27793.36987819918
 72
     1
 10
32696.3777931707
 20
27793.36987819918
 11
34128.7777752929
 21
27793.36987819918
 72
     1
 10
34128.7777752929
 20
27793.36987819918
 11
34591.14137563222
 21
27793.36987819918
 97
        0
 75
     0
 76
     2
 52
0.0
 41
1.0
 77
     0
 78
     6
 53
0.0
 43
34166.58600000001
 44
19353.85
 45
317.5
 46
317.5
 79
     2
 49
317.5
 49
-317.5
 53
0.0
 43
34166.58600000001
 44
19472.912
 45
317.5
 46
317.5
 79
     2
 49
317.5
 49
-317.5
 53
0.0
 43
34166.58600000001
 44
19591.975
 45
317.5
 46
317.5
 79
     2
 49
317.5
 49
-317.5
 53
90.0
 43
34206.274
 44
19631.662
 45
-317.5
 46
317.5
 79
     2
 49
317.5
 49
-317.5
 53
90.0
 43
34325.33600000001
 44
19631.662
 45
-317.5
 46
317.5
 79
     2
 49
317.5
 49
-317.5
 53
90.0
 43
34444.399
 44
19631.662
 45
-317.5
 46
317.5
 79
     2
 49
317.5
 49
-317.5
 98
        1
 10
0.0
 20
0.0
1001
REVIT
1002
{
1070
     1
1000
2194414
1002
}
1002
{
1070
     5
1000
1616962
1002
}
1002
{
1070
     2
1000
-2002000
1002
}
  0
LINE
  5
6EC
330
70
100
AcDbEntity
  8
A-DETL-WIDE
100
AcDbLine
 10
26850.65187296206
 20
30171.13576806089
 30
0.0
 11
26309.17733261468
 21
30196.84449100368
 31
0.0
1001
REVIT
1002
{
1070
     1
1000
2194414
1002
}
1002
{
1070
     5
1000
1616962
1002
}
1002
{
1070
     2
1000
-2000051
1002
}
1002
{
1070
     3
1000
-2000044
1002
}
  0
LINE
  5
6EE
330
70
100
AcDbEntity
  8
A-DETL-THIN
100
AcDbLine
 10
41948.3782179711
 20
30349.9673883258
 30
0.0
 11
41218.44039916215
 21
30236.84748838534
 31
0.0
1001
REVIT
1002
{
1070
     1
1000
2194414
1002
}
1002
{
1070
     5
1000
1616962
1002
}
1002
{
1070
     2
1000
-2000051
1002
}
1002
{
1070
     3
1000
-2000042
1002
}
  0
LINE
  5
6EF
330
70
100
AcDbEntity
  8
A-DETL-WIDE
100
AcDbLine
 10
40985.44550628917
 20
28589.99999999999
 30
0.0
 11
39985.4455063532
 21
28589.99999999999
 31
0.0
1001
REVIT
1002
{
1070
     1
1000
2194414
1002
}
1002
{
1070
     5
1000
1616962
1002
}
1002
{
1070
     2
1000
-2000051
1002
}
1002
{
1070
     3
1000
-2000044
1002
}
  0
LINE
  5
6F0
330
70
100
AcDbEntity
  8
A-DETL
100
AcDbLine
 10
29575.44550628918
 20
28589.99999999999
 30
0.0
 11
27975.44550628918
 21
28589.99999999999
 31
0.0
1001
REVIT
1002
{
1070
     1
1000
2194414
1002
}
1002
{
1070
     5
1000
1616962
1002
}
1002
{
1070
     2
1000
-2000051
1002
}
1002
{
1070
     3
1000
1933725
1002
}
  0
LINE
  5
6F1
330
70
100
AcDbEntity
  8
A-DETL
100
AcDbLine
 10
27975.44550628918
 20
28589.99999999999
 30
0.0
 11
27975.44550628918
 21
28575.99511172268
 31
0.0
1001
REVIT
1002
{
1070
     1
1000
2194414
1002
}
1002
{
1070
     5
1000
1616962
1002
}
1002
{
1070
     2
1000
-2000051
1002
}
1002
{
1070
     3
1000
1933725
1002
}
  0
LINE
  5
6F2
330
70
100
AcDbEntity
  8
A-DETL
100
AcDbLine
 10
27975.44550628918
 20
28575.99511172268
 30
0.0
 11
27714.33532692029
 21
28575.99511172268
 31
0.0
1001
REVIT
1002
{
1070
     1
1000
2194414
1002
}
1002
{
1070
     5
1000
1616962
1002
}
1002
{
1070
     2
1000
-2000051
1002
}
1002
{
1070
     3
1000
1933725
1002
}
  0
LINE
  5
6F3
330
70
100
AcDbEntity
  8
A-DETL
100
AcDbLine
 10
26855.52432367536
 20
30162.18043846795
 30
0.0
 11
26850.65187296206
 21
30171.13576806089
 31
0.0
1001
REVIT
1002
{
1070
     1
1000
2194414
1002
}
1002
{
1070
     5
1000
1616962
1002
}
1002
{
1070
     2
1000
-2000051
1002
}
1002
{
1070
     3
1000
1933725
1002
}
  0
LINE
  5
6F4
330
70
100
AcDbEntity
  8
A-DETL
100
AcDbLine
 10
34165.4455063845
 20
35090.0
 30
0.0
 11
34165.4455063845
 21
35340.00000000001
 31
0.0
1001
REVIT
1002
{
1070
     1
1000
2313193
1002
}
1002
{
1070
     5
1000
1363608
1002
}
1002
{
1070
     2
1000
-2000051
1002
}
1002
{
1070
     3
1000
1933725
1002
}
  0
LINE
  5
6F5
330
70
100
AcDbEntity
  8
A-DETL
100
AcDbLine
 10
34165.4455063845
 20
35340.00000000001
 30
0.0
 11
31331.44550576655
 21
35340.00000000001
 31
0.0
1001
REVIT
1002
{
1070
     1
1000
2313193
1002
}
1002
{
1070
     5
1000
1363608
1002
}
1002
{
1070
     2
1000
-2000051
1002
}
1002
{
1070
     3
1000
1933725
1002
}
  0
LINE
  5
6F6
330
70
100
AcDbEntity
  8
A-DETL
100
AcDbLine
 10
31331.44550576655
 20
35340.00000000001
 30
0.0
 11
31195.19550576654
 21
35203.75
 31
0.0
1001
REVIT
1002
{
1070
     1
1000
2313193
1002
}
1002
{
1070
     5
1000
1363608
1002
}
1002
{
1070
     2
1000
-2000051
1002
}
1002
{
1070
     3
1000
1933725
1002
}
  0
LINE
  5
6F7
330
70
100
AcDbEntity
  8
A-DETL
100
AcDbLine
 10
31195.19550576654
 20
35203.75
 30
0.0
 11
30885.44550576656
 21
35203.75
 31
0.0
1001
REVIT
1002
{
1070
     1
1000
2313193
1002
}
1002
{
1070
     5
1000
1363608
1002
}
1002
{
1070
     2
1000
-2000051
1002
}
1002
{
1070
     3
1000
1933725
1002
}
  0
LINE
  5
6F8
330
70
100
AcDbEntity
  8
A-DETL
100
AcDbLine
 10
30885.44550576656
 20
35203.75
 30
0.0
 11
30885.44550576656
 21
35090.0
 31
0.0
1001
REVIT
1002
{
1070
     1
1000
2313193
1002
}
1002
{
1070
     5
1000
1363608
1002
}
1002
{
1070
     2
1000
-2000051
1002
}
1002
{
1070
     3
1000
1933725
1002
}
  0
LINE
  5
6F9
330
70
100
AcDbEntity
  8
A-DETL
100
AcDbLine
 10
30885.44550576656
 20
35090.0
 30
0.0
 11
34165.4455063845
 21
35090.0
 31
0.0
1001
REVIT
1002
{
1070
     1
1000
2313193
1002
}
1002
{
1070
     5
1000
1363608
1002
}
1002
{
1070
     2
1000
-2000051
1002
}
1002
{
1070
     3
1000
1933725
1002
}
  0
LINE
  5
6FA
330
70
100
AcDbEntity
  8
A-DETL
100
AcDbLine
 10
35765.44550650427
 20
35340.00000000001
 30
0.0
 11
34275.44550638449
 21
35340.00000000001
 31
0.0
1001
REVIT
1002
{
1070
     1
1000
2313193
1002
}
1002
{
1070
     5
1000
1363608
1002
}
1002
{
1070
     2
1000
-2000051
1002
}
1002
{
1070
     3
1000
1933725
1002
}
  0
LINE
  5
6FB
330
70
100
AcDbEntity
  8
A-DETL
100
AcDbLine
 10
34275.44550638449
 20
35340.00000000001
 30
0.0
 11
34275.44550638449
 21
35090.0
 31
0.0
1001
REVIT
1002
{
1070
     1
1000
2313193
1002
}
1002
{
1070
     5
1000
1363608
1002
}
1002
{
1070
     2
1000
-2000051
1002
}
1002
{
1070
     3
1000
1933725
1002
}
  0
LINE
  5
6FC
330
70
100
AcDbEntity
  8
A-DETL
100
AcDbLine
 10
34275.44550638449
 20
35090.0
 30
0.0
 11
35765.44550650427
 21
35090.0
 31
0.0
1001
REVIT
1002
{
1070
     1
1000
2313193
1002
}
1002
{
1070
     5
1000
1363608
1002
}
1002
{
1070
     2
1000
-2000051
1002
}
1002
{
1070
     3
1000
1933725
1002
}
  0
LINE
  5
6FD
330
70
100
AcDbEntity
  8
A-DETL
100
AcDbLine
 10
35765.44550650427
 20
35090.0
 30
0.0
 11
35765.44550650427
 21
35340.00000000001
 31
0.0
1001
REVIT
1002
{
1070
     1
1000
2313193
1002
}
1002
{
1070
     5
1000
1363608
1002
}
1002
{
1070
     2
1000
-2000051
1002
}
1002
{
1070
     3
1000
1933725
1002
}
  0
LINE
  5
6FE
330
70
100
AcDbEntity
  8
A-DETL
100
AcDbLine
 10
38865.44550574215
 20
35340.00000000001
 30
0.0
 11
35875.44550645955
 21
35340.00000000001
 31
0.0
1001
REVIT
1002
{
1070
     1
1000
2313193
1002
}
1002
{
1070
     5
1000
1363608
1002
}
1002
{
1070
     2
1000
-2000051
1002
}
1002
{
1070
     3
1000
1933725
1002
}
  0
LINE
  5
6FF
330
70
100
AcDbEntity
  8
A-DETL
100
AcDbLine
 10
35875.44550645955
 20
35340.00000000001
 30
0.0
 11
35875.44550645955
 21
35090.0
 31
0.0
1001
REVIT
1002
{
1070
     1
1000
2313193
1002
}
1002
{
1070
     5
1000
1363608
1002
}
1002
{
1070
     2
1000
-2000051
1002
}
1002
{
1070
     3
1000
1933725
1002
}
  0
LINE
  5
700
330
70
100
AcDbEntity
  8
A-DETL
100
AcDbLine
 10
35875.44550645955
 20
35090.0
 30
0.0
 11
38865.44550574215
 21
35090.0
 31
0.0
1001
REVIT
1002
{
1070
     1
1000
2313193
1002
}
1002
{
1070
     5
1000
1363608
1002
}
1002
{
1070
     2
1000
-2000051
1002
}
1002
{
1070
     3
1000
1933725
1002
}
  0
LINE
  5
701
330
70
100
AcDbEntity
  8
A-DETL
100
AcDbLine
 10
38865.44550574215
 20
35090.0
 30
0.0
 11
38865.44550574215
 21
35340.00000000001
 31
0.0
1001
REVIT
1002
{
1070
     1
1000
2313193
1002
}
1002
{
1070
     5
1000
1363608
1002
}
1002
{
1070
     2
1000
-2000051
1002
}
1002
{
1070
     3
1000
1933725
1002
}
  0
LINE
  5
702
330
70
100
AcDbEntity
  8
A-DETL
100
AcDbLine
 10
28245.44550635057
 20
35203.75
 30
0.0
 11
28245.44550635057
 21
35090.0
 31
0.0
1001
REVIT
1002
{
1070
     1
1000
2313193
1002
}
1002
{
1070
     5
1000
1363608
1002
}
1002
{
1070
     2
1000
-2000051
1002
}
1002
{
1070
     3
1000
1933725
1002
}
  0
LINE
  5
703
330
70
100
AcDbEntity
  8
A-DETL
100
AcDbLine
 10
28245.44550635057
 20
35090.0
 30
0.0
 11
30775.44550576654
 21
35090.0
 31
0.0
1001
REVIT
1002
{
1070
     1
1000
2313193
1002
}
1002
{
1070
     5
1000
1363608
1002
}
1002
{
1070
     2
1000
-2000051
1002
}
1002
{
1070
     3
1000
1933725
1002
}
  0
LINE
  5
704
330
70
100
AcDbEntity
  8
A-DETL
100
AcDbLine
 10
30775.44550576654
 20
35090.0
 30
0.0
 11
30775.44550576654
 21
35203.75
 31
0.0
1001
REVIT
1002
{
1070
     1
1000
2313193
1002
}
1002
{
1070
     5
1000
1363608
1002
}
1002
{
1070
     2
1000
-2000051
1002
}
1002
{
1070
     3
1000
1933725
1002
}
  0
LINE
  5
705
330
70
100
AcDbEntity
  8
A-DETL
100
AcDbLine
 10
30775.44550576654
 20
35203.75
 30
0.0
 11
28245.44550635057
 21
35203.75
 31
0.0
1001
REVIT
1002
{
1070
     1
1000
2313193
1002
}
1002
{
1070
     5
1000
1363608
1002
}
1002
{
1070
     2
1000
-2000051
1002
}
1002
{
1070
     3
1000
1933725
1002
}
  0
HATCH
  5
70B
330
70
100
AcDbEntity
  8
A-DETL-GENF
 62
     7
100
AcDbHatch
 10
0.0
 20
0.0
 30
0.0
210
0.0
220
0.0
230
1.0
  2
FP_10
 70
     0
 71
     0
 91
        1
 92
        1
 93
        5
 72
     1
 10
27476.78047726399
 20
28530.00000000001
 11
27775.44550628919
 21
28587.82719821359
 72
     1
 10
27775.44550628919
 20
28587.82719821359
 11
27775.35241561684
 21
30162.18043846797
 72
     1
 10
27775.35241561684
 20
30162.18043846797
 11
26714.33532692032
 21
30162.18043846797
 72
     1
 10
26714.33532692032
 20
30162.18043846797
 11
27457.31915662547
 21
28571.66120912258
 72
     1
 10
27457.31915662547
 20
28571.66120912258
 11
27476.78047726399
 21
28530.00000000001
 97
        0
 75
     0
 76
     2
 52
0.0
 41
1.0
 77
     0
 78
     1
 53
45.0
 43
34166.58600000001
 44
19353.85
 45
-141.4213562373095
 46
141.4213562373095
 79
     0
 98
        1
 10
0.0
 20
0.0
1001
REVIT
1002
{
1070
     1
1000
2315657
1002
}
1002
{
1070
     5
1000
1690443
1002
}
1002
{
1070
     2
1000
-2002000
1002
}
  0
LINE
  5
70C
330
70
100
AcDbEntity
  8
A-DETL
100
AcDbLine
 10
27775.44550628919
 20
28730.00000000001
 30
0.0
 11
27775.44550628919
 21
28587.82719821357
 31
0.0
1001
REVIT
1002
{
1070
     1
1000
2315657
1002
}
1002
{
1070
     5
1000
1690443
1002
}
1002
{
1070
     2
1000
-2000051
1002
}
1002
{
1070
     3
1000
1933725
1002
}
  0
LINE
  5
70D
330
70
100
AcDbEntity
  8
A-DETL
100
AcDbLine
 10
27775.44550628919
 20
28587.82719821357
 30
0.0
 11
27476.78047726399
 21
28530.0
 31
0.0
1001
REVIT
1002
{
1070
     1
1000
2315657
1002
}
1002
{
1070
     5
1000
1690443
1002
}
1002
{
1070
     2
1000
-2000051
1002
}
1002
{
1070
     3
1000
1933725
1002
}
  0
LINE
  5
70E
330
70
100
AcDbEntity
  8
A-DETL
100
AcDbLine
 10
27476.78047726399
 20
28530.0
 30
0.0
 11
26714.33532692032
 21
30162.18043846796
 31
0.0
1001
REVIT
1002
{
1070
     1
1000
2315657
1002
}
1002
{
1070
     5
1000
1690443
1002
}
1002
{
1070
     2
1000
-2000051
1002
}
1002
{
1070
     3
1000
1933725
1002
}
  0
LINE
  5
70F
330
70
100
AcDbEntity
  8
A-DETL-WIDE
100
AcDbLine
 10
26714.33532692032
 20
30162.18043846796
 30
0.0
 11
27775.4455062892
 21
30162.18043846795
 31
0.0
1001
REVIT
1002
{
1070
     1
1000
2315657
1002
}
1002
{
1070
     5
1000
1690443
1002
}
1002
{
1070
     2
1000
-2000051
1002
}
1002
{
1070
     3
1000
-2000044
1002
}
  0
LINE
  5
710
330
70
100
AcDbEntity
  8
A-DETL
100
AcDbLine
 10
27775.4455062892
 20
30162.18043846795
 30
0.0
 11
27775.4455062892
 21
28730.00000000002
 31
0.0
1001
REVIT
1002
{
1070
     1
1000
2193767
1002
}
1002
{
1070
     5
1000
2388960
1002
}
1002
{
1070
     2
1000
-2000051
1002
}
1002
{
1070
     3
1000
1933725
1002
}
  0
LINE
  5
711
330
70
100
AcDbEntity
  8
A-DETL
100
AcDbLine
 10
27775.4455062892
 20
28730.00000000002
 30
0.0
 11
28085.44550628919
 21
28730.00000000002
 31
0.0
1001
REVIT
1002
{
1070
     1
1000
2193767
1002
}
1002
{
1070
     5
1000
2388960
1002
}
1002
{
1070
     2
1000
-2000051
1002
}
1002
{
1070
     3
1000
1933725
1002
}
  0
LINE
  5
712
330
70
100
AcDbEntity
  8
A-DETL
100
AcDbLine
 10
28085.44550628919
 20
28730.00000000002
 30
0.0
 11
28085.44550628919
 21
30162.18043846795
 31
0.0
1001
REVIT
1002
{
1070
     1
1000
2193767
1002
}
1002
{
1070
     5
1000
2388960
1002
}
1002
{
1070
     2
1000
-2000051
1002
}
1002
{
1070
     3
1000
1933725
1002
}
  0
LINE
  5
713
330
70
100
AcDbEntity
  8
A-DETL
100
AcDbLine
 10
28085.44550628919
 20
30162.18043846795
 30
0.0
 11
27775.4455062892
 21
30162.18043846795
 31
0.0
1001
REVIT
1002
{
1070
     1
1000
2193767
1002
}
1002
{
1070
     5
1000
2388960
1002
}
1002
{
1070
     2
1000
-2000051
1002
}
1002
{
1070
     3
1000
1933725
1002
}
  0
CIRCLE
  5
714
330
70
100
AcDbEntity
  8
A-DETL-MEDM
100
AcDbCircle
 10
27565.25747821908
 20
28691.7371663266
 30
0.0
 40
100.0
1001
REVIT
1002
{
1070
     1
1000
2315557
1002
}
1002
{
1070
     2
1000
-2000051
1002
}
1002
{
1070
     3
1000
-2000043
1002
}
  0
LINE
  5
715
330
70
100
AcDbEntity
  8
A-DETL-THIN
100
AcDbLine
 10
34185.44550578968
 20
32023.0
 30
0.0
 11
34185.44550578968
 21
32053.0
 31
0.0
1001
REVIT
1002
{
1070
     1
1000
2348698
1002
}
1002
{
1070
     5
1000
1417103
1002
}
1002
{
1070
     2
1000
-2000051
1002
}
1002
{
1070
     3
1000
-2000042
1002
}
  0
LINE
  5
716
330
70
100
AcDbEntity
  8
A-DETL-THIN
100
AcDbLine
 10
34185.44550578968
 20
32053.0
 30
0.0
 11
34295.44550578969
 21
32053.0
 31
0.0
1001
REVIT
1002
{
1070
     1
1000
2348698
1002
}
1002
{
1070
     5
1000
1417103
1002
}
1002
{
1070
     2
1000
-2000051
1002
}
1002
{
1070
     3
1000
-2000042
1002
}
  0
LINE
  5
717
330
70
100
AcDbEntity
  8
A-DETL-THIN
100
AcDbLine
 10
34295.44550578969
 20
32053.0
 30
0.0
 11
34295.44550578969
 21
32023.0
 31
0.0
1001
REVIT
1002
{
1070
     1
1000
2348698
1002
}
1002
{
1070
     5
1000
1417103
1002
}
1002
{
1070
     2
1000
-2000051
1002
}
1002
{
1070
     3
1000
-2000042
1002
}
  0
LINE
  5
718
330
70
100
AcDbEntity
  8
A-DETL-THIN
100
AcDbLine
 10
34295.44550578969
 20
32023.0
 30
0.0
 11
34185.44550578968
 21
32023.0
 31
0.0
1001
REVIT
1002
{
1070
     1
1000
2348698
1002
}
1002
{
1070
     5
1000
1417103
1002
}
1002
{
1070
     2
1000
-2000051
1002
}
1002
{
1070
     3
1000
-2000042
1002
}
  0
LINE
  5
719
330
70
100
AcDbEntity
  8
A-DETL-THIN
100
AcDbLine
 10
35765.44550699892
 20
32110.0
 30
0.0
 11
35765.44550699892
 21
32140.0
 31
0.0
1001
REVIT
1002
{
1070
     1
1000
2348808
1002
}
1002
{
1070
     5
1000
1417103
1002
}
1002
{
1070
     2
1000
-2000051
1002
}
1002
{
1070
     3
1000
-2000042
1002
}
  0
LINE
  5
71A
330
70
100
AcDbEntity
  8
A-DETL-THIN
100
AcDbLine
 10
35765.44550699892
 20
32140.0
 30
0.0
 11
35875.44550699893
 21
32140.0
 31
0.0
1001
REVIT
1002
{
1070
     1
1000
2348808
1002
}
1002
{
1070
     5
1000
1417103
1002
}
1002
{
1070
     2
1000
-2000051
1002
}
1002
{
1070
     3
1000
-2000042
1002
}
  0
LINE
  5
71B
330
70
100
AcDbEntity
  8
A-DETL-THIN
100
AcDbLine
 10
35875.44550699893
 20
32140.0
 30
0.0
 11
35875.44550699893
 21
32110.0
 31
0.0
1001
REVIT
1002
{
1070
     1
1000
2348808
1002
}
1002
{
1070
     5
1000
1417103
1002
}
1002
{
1070
     2
1000
-2000051
1002
}
1002
{
1070
     3
1000
-2000042
1002
}
  0
LINE
  5
71C
330
70
100
AcDbEntity
  8
A-DETL-THIN
100
AcDbLine
 10
35875.44550699893
 20
32110.0
 30
0.0
 11
35765.44550699892
 21
32110.0
 31
0.0
1001
REVIT
1002
{
1070
     1
1000
2348808
1002
}
1002
{
1070
     5
1000
1417103
1002
}
1002
{
1070
     2
1000
-2000051
1002
}
1002
{
1070
     3
1000
-2000042
1002
}
  0
LINE
  5
71D
330
70
100
AcDbEntity
  8
A-DETL-THIN
100
AcDbLine
 10
34165.44550688398
 20
35310.0
 30
0.0
 11
34165.44550688398
 21
35340.00000000001
 31
0.0
1001
REVIT
1002
{
1070
     1
1000
2348829
1002
}
1002
{
1070
     5
1000
1417103
1002
}
1002
{
1070
     2
1000
-2000051
1002
}
1002
{
1070
     3
1000
-2000042
1002
}
  0
LINE
  5
71E
330
70
100
AcDbEntity
  8
A-DETL-THIN
100
AcDbLine
 10
34165.44550688398
 20
35340.00000000001
 30
0.0
 11
34275.44550688399
 21
35340.00000000001
 31
0.0
1001
REVIT
1002
{
1070
     1
1000
2348829
1002
}
1002
{
1070
     5
1000
1417103
1002
}
1002
{
1070
     2
1000
-2000051
1002
}
1002
{
1070
     3
1000
-2000042
1002
}
  0
LINE
  5
71F
330
70
100
AcDbEntity
  8
A-DETL-THIN
100
AcDbLine
 10
34275.44550688399
 20
35340.00000000001
 30
0.0
 11
34275.44550688399
 21
35310.0
 31
0.0
1001
REVIT
1002
{
1070
     1
1000
2348829
1002
}
1002
{
1070
     5
1000
1417103
1002
}
1002
{
1070
     2
1000
-2000051
1002
}
1002
{
1070
     3
1000
-2000042
1002
}
  0
LINE
  5
720
330
70
100
AcDbEntity
  8
A-DETL-THIN
100
AcDbLine
 10
34275.44550688399
 20
35310.0
 30
0.0
 11
34165.44550688398
 21
35310.0
 31
0.0
1001
REVIT
1002
{
1070
     1
1000
2348829
1002
}
1002
{
1070
     5
1000
1417103
1002
}
1002
{
1070
     2
1000
-2000051
1002
}
1002
{
1070
     3
1000
-2000042
1002
}
  0
LINE
  5
721
330
70
100
AcDbEntity
  8
A-DETL-THIN
100
AcDbLine
 10
35765.44550695905
 20
35310.0
 30
0.0
 11
35765.44550695905
 21
35340.0
 31
0.0
1001
REVIT
1002
{
1070
     1
1000
2348848
1002
}
1002
{
1070
     5
1000
1417103
1002
}
1002
{
1070
     2
1000
-2000051
1002
}
1002
{
1070
     3
1000
-2000042
1002
}
  0
LINE
  5
722
330
70
100
AcDbEntity
  8
A-DETL-THIN
100
AcDbLine
 10
35765.44550695905
 20
35340.0
 30
0.0
 11
35875.44550695906
 21
35340.0
 31
0.0
1001
REVIT
1002
{
1070
     1
1000
2348848
1002
}
1002
{
1070
     5
1000
1417103
1002
}
1002
{
1070
     2
1000
-2000051
1002
}
1002
{
1070
     3
1000
-2000042
1002
}
  0
LINE
  5
723
330
70
100
AcDbEntity
  8
A-DETL-THIN
100
AcDbLine
 10
35875.44550695906
 20
35340.0
 30
0.0
 11
35875.44550695906
 21
35310.0
 31
0.0
1001
REVIT
1002
{
1070
     1
1000
2348848
1002
}
1002
{
1070
     5
1000
1417103
1002
}
1002
{
1070
     2
1000
-2000051
1002
}
1002
{
1070
     3
1000
-2000042
1002
}
  0
LINE
  5
724
330
70
100
AcDbEntity
  8
A-DETL-THIN
100
AcDbLine
 10
35875.44550695906
 20
35310.0
 30
0.0
 11
35765.44550695905
 21
35310.0
 31
0.0
1001
REVIT
1002
{
1070
     1
1000
2348848
1002
}
1002
{
1070
     5
1000
1417103
1002
}
1002
{
1070
     2
1000
-2000051
1002
}
1002
{
1070
     3
1000
-2000042
1002
}
  0
LINE
  5
725
330
70
100
AcDbEntity
  8
A-DETL-THIN
100
AcDbLine
 10
30775.44550576654
 20
35223.75
 30
0.0
 11
30775.44550576654
 21
35253.75
 31
0.0
1001
REVIT
1002
{
1070
     1
1000
2348871
1002
}
1002
{
1070
     5
1000
1417103
1002
}
1002
{
1070
     2
1000
-2000051
1002
}
1002
{
1070
     3
1000
-2000042
1002
}
  0
LINE
  5
726
330
70
100
AcDbEntity
  8
A-DETL-THIN
100
AcDbLine
 10
30775.44550576654
 20
35253.75
 30
0.0
 11
30885.44550576655
 21
35253.75
 31
0.0
1001
REVIT
1002
{
1070
     1
1000
2348871
1002
}
1002
{
1070
     5
1000
1417103
1002
}
1002
{
1070
     2
1000
-2000051
1002
}
1002
{
1070
     3
1000
-2000042
1002
}
  0
LINE
  5
727
330
70
100
AcDbEntity
  8
A-DETL-THIN
100
AcDbLine
 10
30885.44550576655
 20
35253.75
 30
0.0
 11
30885.44550576655
 21
35223.75
 31
0.0
1001
REVIT
1002
{
1070
     1
1000
2348871
1002
}
1002
{
1070
     5
1000
1417103
1002
}
1002
{
1070
     2
1000
-2000051
1002
}
1002
{
1070
     3
1000
-2000042
1002
}
  0
LINE
  5
728
330
70
100
AcDbEntity
  8
A-DETL-THIN
100
AcDbLine
 10
30885.44550576655
 20
35223.75
 30
0.0
 11
30775.44550576654
 21
35223.75
 31
0.0
1001
REVIT
1002
{
1070
     1
1000
2348871
1002
}
1002
{
1070
     5
1000
1417103
1002
}
1002
{
1070
     2
1000
-2000051
1002
}
1002
{
1070
     3
1000
-2000042
1002
}
  0
LINE
  5
729
330
70
100
AcDbEntity
  8
A-DETL-THIN
100
AcDbLine
 10
39724.94550649938
 20
32110.00000000001
 30
0.0
 11
39724.94550649938
 21
32140.00000000001
 31
0.0
1001
REVIT
1002
{
1070
     1
1000
2348892
1002
}
1002
{
1070
     5
1000
1417103
1002
}
1002
{
1070
     2
1000
-2000051
1002
}
1002
{
1070
     3
1000
-2000042
1002
}
  0
LINE
  5
72A
330
70
100
AcDbEntity
  8
A-DETL-THIN
100
AcDbLine
 10
39724.94550649938
 20
32140.00000000001
 30
0.0
 11
39834.94550649939
 21
32140.00000000001
 31
0.0
1001
REVIT
1002
{
1070
     1
1000
2348892
1002
}
1002
{
1070
     5
1000
1417103
1002
}
1002
{
1070
     2
1000
-2000051
1002
}
1002
{
1070
     3
1000
-2000042
1002
}
  0
LINE
  5
72B
330
70
100
AcDbEntity
  8
A-DETL-THIN
100
AcDbLine
 10
39834.94550649939
 20
32140.00000000001
 30
0.0
 11
39834.94550649939
 21
32110.00000000001
 31
0.0
1001
REVIT
1002
{
1070
     1
1000
2348892
1002
}
1002
{
1070
     5
1000
1417103
1002
}
1002
{
1070
     2
1000
-2000051
1002
}
1002
{
1070
     3
1000
-2000042
1002
}
  0
LINE
  5
72C
330
70
100
AcDbEntity
  8
A-DETL-THIN
100
AcDbLine
 10
39834.94550649939
 20
32110.00000000001
 30
0.0
 11
39724.94550649938
 21
32110.00000000001
 31
0.0
1001
REVIT
1002
{
1070
     1
1000
2348892
1002
}
1002
{
1070
     5
1000
1417103
1002
}
1002
{
1070
     2
1000
-2000051
1002
}
1002
{
1070
     3
1000
-2000042
1002
}
  0
LINE
  5
72D
330
70
100
AcDbEntity
  8
A-DETL-THIN
100
AcDbLine
 10
28135.44550685034
 20
31997.21247196539
 30
0.0
 11
28135.44550685034
 21
32040.0
 31
0.0
1001
REVIT
1002
{
1070
     1
1000
2348922
1002
}
1002
{
1070
     5
1000
1417103
1002
}
1002
{
1070
     2
1000
-2000051
1002
}
1002
{
1070
     3
1000
-2000042
1002
}
  0
LINE
  5
72E
330
70
100
AcDbEntity
  8
A-DETL-THIN
100
AcDbLine
 10
28135.44550685034
 20
32040.0
 30
0.0
 11
28245.44550685035
 21
32040.0
 31
0.0
1001
REVIT
1002
{
1070
     1
1000
2348922
1002
}
1002
{
1070
     5
1000
1417103
1002
}
1002
{
1070
     2
1000
-2000051
1002
}
1002
{
1070
     3
1000
-2000042
1002
}
  0
LINE
  5
72F
330
70
100
AcDbEntity
  8
A-DETL-THIN
100
AcDbLine
 10
28245.44550685035
 20
32040.0
 30
0.0
 11
28245.44550685035
 21
31997.21247196539
 31
0.0
1001
REVIT
1002
{
1070
     1
1000
2348922
1002
}
1002
{
1070
     5
1000
1417103
1002
}
1002
{
1070
     2
1000
-2000051
1002
}
1002
{
1070
     3
1000
-2000042
1002
}
  0
LINE
  5
730
330
70
100
AcDbEntity
  8
A-DETL-THIN
100
AcDbLine
 10
28245.44550685035
 20
31997.21247196539
 30
0.0
 11
28135.44550685034
 21
31997.21247196539
 31
0.0
1001
REVIT
1002
{
1070
     1
1000
2348922
1002
}
1002
{
1070
     5
1000
1417103
1002
}
1002
{
1070
     2
1000
-2000051
1002
}
1002
{
1070
     3
1000
-2000042
1002
}
  0
HATCH
  5
744
330
70
100
AcDbEntity
  8
A-DETL-GENF
 62
     7
100
AcDbHatch
 10
0.0
 20
0.0
 30
0.0
210
0.0
220
0.0
230
1.0
  2
FP_5
 70
     0
 71
     0
 91
        2
 92
        1
 93
        8
 72
     1
 10
30463.34006778748
 20
35203.75000000002
 11
30797.94550576655
 21
35203.75000000002
 72
     1
 10
30797.94550576655
 20
35203.75000000002
 11
30797.94550576655
 21
35511.00000000003
 72
     1
 10
30797.94550576655
 20
35511.00000000003
 11
30792.94550576655
 21
35511.00000000003
 72
     1
 10
30792.94550576655
 20
35511.00000000003
 11
30792.94550576655
 21
35390.00000000002
 72
     1
 10
30792.94550576655
 20
35390.00000000002
 11
28135.44550635082
 21
35390.00000000002
 72
     1
 10
28135.44550635082
 20
35390.00000000002
 11
28135.44550635082
 21
35203.75000000002
 72
     1
 10
28135.44550635082
 20
35203.75000000002
 11
30218.97755395379
 21
35203.75000000002
 72
     1
 10
30218.97755395379
 20
35203.75000000002
 11
30463.34006778748
 21
35203.75000000002
 97
        0
 92
        1
 93
       10
 72
     1
 10
30952.06509545487
 20
35203.75000000002
 11
31195.19550576655
 21
35203.75000000002
 72
     1
 10
31195.19550576655
 20
35203.75000000002
 11
31332.44550576656
 21
35341.00000000003
 72
     1
 10
31332.44550576656
 20
35341.00000000003
 11
38955.44550574215
 21
35341.00000000003
 72
     1
 10
38955.44550574215
 20
35341.00000000003
 11
38955.44550574215
 21
35541.00000000003
 72
     1
 10
38955.44550574215
 20
35541.00000000003
 11
34205.44550639289
 21
35541.00000000003
 72
     1
 10
34205.44550639289
 20
35541.00000000003
 11
34205.44550639289
 21
35511.00000000003
 72
     1
 10
34205.44550639289
 20
35511.00000000003
 11
30822.94550576655
 21
35511.00000000003
 72
     1
 10
30822.94550576655
 20
35511.00000000003
 11
30822.94550576655
 21
35203.75000000002
 72
     1
 10
30822.94550576655
 20
35203.75000000002
 11
30885.44550576656
 21
35203.75000000002
 72
     1
 10
30885.44550576656
 20
35203.75000000002
 11
30952.06509545487
 21
35203.75000000002
 97
        0
 75
     0
 76
     2
 52
0.0
 41
1.0
 77
     0
 78
    17
 53
49.99999999999999
 43
34166.58600000001
 44
19353.85
 45
582.9890969798607
 46
-51.00509307516802
 79
     2
 49
60.96
 49
-670.56
 53
355.0
 43
34166.58600000001
 44
19353.85
 45
-112.7767293253219
 46
611.3816312972472
 79
     2
 49
48.768
 49
-536.448
 53
100.451
 43
34215.169
 44
19349.6
 45
470.2160778888968
 46
560.3730076607749
 79
     2
 49
51.808
 49
-569.888
 53
46.184
 43
34166.58600000001
 44
19516.41
 45
867.4527089478838
 46
-134.5367748274727
 79
     2
 49
91.44
 49
-1005.84
 53
96.636
 43
34238.874
 44
19505.199
 45
759.6879071721903
 46
791.7680757907189
 79
     2
 49
77.712
 49
-854.832
 53
351.184
 43
34166.58600000001
 44
19516.41
 45
759.6960163844116
 46
791.7607861511301
 79
     2
 49
73.152
 49
-804.672
 53
21.0
 43
34247.866
 44
19475.77
 45
485.1659934615853
 46
-327.2487822825823
 79
     2
 49
60.96
 49
-670.56
 53
325.9999999999999
 43
34247.866
 44
19475.77
 45
197.7669465201526
 46
589.4016666324376
 79
     2
 49
48.768
 49
-536.448
 53
71.45100000000001
 43
34288.297
 44
19448.499
 45
682.9344733757403
 46
262.1479976940511
 79
     2
 49
51.808
 49
-569.888
 53
37.5
 43
34166.58600000001
 44
19353.85
 45
9.883035223681148
 46
270.5760469438628
 79
     5
 49
26.822
 49
-503.123
 49
26.822
 49
-517.754
 49
-538.48
 53
37.5
 43
34166.58600000001
 44
19353.85
 45
9.883035223681148
 46
270.5760469438628
 79
     3
 49
-1074.522
 49
26.822
 49
-511.658
 53
7.5
 43
34166.58600000001
 44
19353.85
 45
213.8224524709532
 46
320.5780199332246
 79
     5
 49
26.822
 49
-283.667
 49
26.822
 49
-490.931
 49
-205.232
 53
7.5
 43
34166.58600000001
 44
19353.85
 45
213.8224524709532
 46
320.5780199332246
 79
     3
 49
-828.243
 49
26.822
 49
-178.41
 53
327.5
 43
33985.332
 44
19353.85
 45
433.8910025716608
 46
-18.33249059345368
 79
     5
 49
26.822
 49
-176.378
 49
26.822
 49
-607.1619999999999
 49
-841.248
 53
327.5
 43
33985.332
 44
19353.85
 45
433.8910025716608
 46
-18.33249059345368
 79
     3
 49
-837.184
 49
26.822
 49
-814.426
 53
317.5
 43
33904.05200000001
 44
19353.85
 45
474.0138619252369
 46
81.36541517575179
 79
     5
 49
26.822
 49
-237.338
 49
26.822
 49
-394.208
 49
-597.408
 53
317.5
 43
33904.05200000001
 44
19353.85
 45
474.0138619252369
 46
81.36541517575179
 79
     3
 49
-685.19
 49
26.822
 49
-570.586
 98
        1
 10
0.0
 20
0.0
1001
HATCHBACKGROUNDCOLOR
1071
-1023410177
1000

1000

1001
REVIT
1002
{
1070
     1
1000
2397689
1002
}
1002
{
1070
     5
1000
1607638
1002
}
1002
{
1070
     2
1000
-2002000
1002
}
  0
LINE
  5
745
330
70
100
AcDbEntity
  8
A-DETL
100
AcDbLine
 10
38955.44550574214
 20
35341.00000000002
 30
0.0
 11
38955.44550574214
 21
35541.00000000002
 31
0.0
1001
REVIT
1002
{
1070
     1
1000
2397689
1002
}
1002
{
1070
     5
1000
1607638
1002
}
1002
{
1070
     2
1000
-2000051
1002
}
1002
{
1070
     3
1000
1933725
1002
}
  0
LINE
  5
746
330
70
100
AcDbEntity
  8
A-DETL
100
AcDbLine
 10
38955.44550574214
 20
35541.00000000002
 30
0.0
 11
34205.44550639289
 21
35541.00000000002
 31
0.0
1001
REVIT
1002
{
1070
     1
1000
2397689
1002
}
1002
{
1070
     5
1000
1607638
1002
}
1002
{
1070
     2
1000
-2000051
1002
}
1002
{
1070
     3
1000
1933725
1002
}
  0
LINE
  5
747
330
70
100
AcDbEntity
  8
A-DETL
100
AcDbLine
 10
34205.44550639289
 20
35541.00000000002
 30
0.0
 11
34205.44550639289
 21
35511.00000000001
 31
0.0
1001
REVIT
1002
{
1070
     1
1000
2397689
1002
}
1002
{
1070
     5
1000
1607638
1002
}
1002
{
1070
     2
1000
-2000051
1002
}
1002
{
1070
     3
1000
1933725
1002
}
  0
LINE
  5
748
330
70
100
AcDbEntity
  8
A-DETL
100
AcDbLine
 10
34205.44550639289
 20
35511.00000000001
 30
0.0
 11
30792.94550576655
 21
35511.00000000001
 31
0.0
1001
REVIT
1002
{
1070
     1
1000
2397689
1002
}
1002
{
1070
     5
1000
1607638
1002
}
1002
{
1070
     2
1000
-2000051
1002
}
1002
{
1070
     3
1000
1933725
1002
}
  0
LINE
  5
749
330
70
100
AcDbEntity
  8
A-DETL
100
AcDbLine
 10
30792.94550576655
 20
35511.00000000001
 30
0.0
 11
30792.94550576655
 21
35390.0
 31
0.0
1001
REVIT
1002
{
1070
     1
1000
2397689
1002
}
1002
{
1070
     5
1000
1607638
1002
}
1002
{
1070
     2
1000
-2000051
1002
}
1002
{
1070
     3
1000
1933725
1002
}
  0
LINE
  5
74A
330
70
100
AcDbEntity
  8
A-DETL
100
AcDbLine
 10
30792.94550576655
 20
35390.0
 30
0.0
 11
28135.44550635082
 21
35390.0
 31
0.0
1001
REVIT
1002
{
1070
     1
1000
2397689
1002
}
1002
{
1070
     5
1000
1607638
1002
}
1002
{
1070
     2
1000
-2000051
1002
}
1002
{
1070
     3
1000
1933725
1002
}
  0
LINE
  5
74B
330
70
100
AcDbEntity
  8
A-DETL
100
AcDbLine
 10
28135.44550635082
 20
35390.0
 30
0.0
 11
28135.44550635082
 21
35203.75
 31
0.0
1001
REVIT
1002
{
1070
     1
1000
2397689
1002
}
1002
{
1070
     5
1000
1607638
1002
}
1002
{
1070
     2
1000
-2000051
1002
}
1002
{
1070
     3
1000
1933725
1002
}
  0
LINE
  5
74C
330
70
100
AcDbEntity
  8
A-DETL
100
AcDbLine
 10
28135.44550635082
 20
35203.75
 30
0.0
 11
31195.19550576654
 21
35203.75
 31
0.0
1001
REVIT
1002
{
1070
     1
1000
2397689
1002
}
1002
{
1070
     5
1000
1607638
1002
}
1002
{
1070
     2
1000
-2000051
1002
}
1002
{
1070
     3
1000
1933725
1002
}
  0
LINE
  5
74D
330
70
100
AcDbEntity
  8
A-DETL
100
AcDbLine
 10
31195.19550576654
 20
35203.75
 30
0.0
 11
31332.44550576656
 21
35341.00000000002
 31
0.0
1001
REVIT
1002
{
1070
     1
1000
2397689
1002
}
1002
{
1070
     5
1000
1607638
1002
}
1002
{
1070
     2
1000
-2000051
1002
}
1002
{
1070
     3
1000
1933725
1002
}
  0
LINE
  5
74E
330
70
100
AcDbEntity
  8
A-DETL
100
AcDbLine
 10
31332.44550576656
 20
35341.00000000002
 30
0.0
 11
38955.44550574214
 21
35341.00000000002
 31
0.0
1001
REVIT
1002
{
1070
     1
1000
2397689
1002
}
1002
{
1070
     5
1000
1607638
1002
}
1002
{
1070
     2
1000
-2000051
1002
}
1002
{
1070
     3
1000
1933725
1002
}
  0
HATCH
  5
760
330
70
100
AcDbEntity
  8
A-DETL-GENF
 62
     7
100
AcDbHatch
 10
0.0
 20
0.0
 30
0.0
210
0.0
220
0.0
230
1.0
  2
FP_5
 70
     0
 71
     0
 91
        1
 92
        1
 93
       17
 72
     1
 10
28135.44550635081
 20
32040.00000000002
 11
31225.44550576655
 21
32040.00000000002
 72
     1
 10
31225.44550576655
 20
32040.00000000002
 11
31225.44550576655
 21
32140.00000000002
 72
     1
 10
31225.44550576655
 20
32140.00000000002
 11
34003.44550628918
 21
32140.00000000002
 72
     1
 10
34003.44550628918
 20
32140.00000000002
 11
34090.44550628919
 21
32053.00000000001
 72
     1
 10
34090.44550628919
 20
32053.00000000001
 11
34542.9455062892
 21
32053.00000000001
 72
     1
 10
34542.9455062892
 20
32053.00000000001
 11
34629.94550628921
 21
32140.00000000002
 72
     1
 10
34629.94550628921
 20
32140.00000000002
 11
39834.94550649942
 21
32140.00000000002
 72
     1
 10
39834.94550649942
 20
32140.00000000002
 11
39834.94550649942
 21
32340.00000000002
 72
     1
 10
39834.94550649942
 20
32340.00000000002
 11
39649.94550640414
 21
32340.00000000002
 72
     1
 10
39649.94550640414
 20
32340.00000000002
 11
39649.94550640414
 21
32310.00000000002
 72
     1
 10
39649.94550640414
 20
32310.00000000002
 11
35770.44550636428
 21
32310.00000000002
 72
     1
 10
35770.44550636428
 20
32310.00000000002
 11
35770.44550636428
 21
32340.00000000002
 72
     1
 10
35770.44550636428
 20
32340.00000000002
 11
30775.44550576655
 21
32340.00000000002
 72
     1
 10
30775.44550576655
 20
32340.00000000002
 11
30775.44550576655
 21
32254.00000000002
 72
     1
 10
30775.44550576655
 20
32254.00000000002
 11
28135.44550635081
 21
32254.00000000002
 72
     1
 10
28135.44550635081
 20
32254.00000000002
 11
28135.44550635081
 21
32073.97219827789
 72
     1
 10
28135.44550635081
 20
32073.97219827789
 11
28135.44550635081
 21
32040.00000000002
 97
        0
 75
     0
 76
     2
 52
0.0
 41
1.0
 77
     0
 78
    17
 53
49.99999999999999
 43
34166.58600000001
 44
19353.85
 45
582.9890969798607
 46
-51.00509307516802
 79
     2
 49
60.96
 49
-670.56
 53
355.0
 43
34166.58600000001
 44
19353.85
 45
-112.7767293253219
 46
611.3816312972472
 79
     2
 49
48.768
 49
-536.448
 53
100.451
 43
34215.169
 44
19349.6
 45
470.2160778888968
 46
560.3730076607749
 79
     2
 49
51.808
 49
-569.888
 53
46.184
 43
34166.58600000001
 44
19516.41
 45
867.4527089478838
 46
-134.5367748274727
 79
     2
 49
91.44
 49
-1005.84
 53
96.636
 43
34238.874
 44
19505.199
 45
759.6879071721903
 46
791.7680757907189
 79
     2
 49
77.712
 49
-854.832
 53
351.184
 43
34166.58600000001
 44
19516.41
 45
759.6960163844116
 46
791.7607861511301
 79
     2
 49
73.152
 49
-804.672
 53
21.0
 43
34247.866
 44
19475.77
 45
485.1659934615853
 46
-327.2487822825823
 79
     2
 49
60.96
 49
-670.56
 53
325.9999999999999
 43
34247.866
 44
19475.77
 45
197.7669465201526
 46
589.4016666324376
 79
     2
 49
48.768
 49
-536.448
 53
71.45100000000001
 43
34288.297
 44
19448.499
 45
682.9344733757403
 46
262.1479976940511
 79
     2
 49
51.808
 49
-569.888
 53
37.5
 43
34166.58600000001
 44
19353.85
 45
9.883035223681148
 46
270.5760469438628
 79
     5
 49
26.822
 49
-503.123
 49
26.822
 49
-517.754
 49
-538.48
 53
37.5
 43
34166.58600000001
 44
19353.85
 45
9.883035223681148
 46
270.5760469438628
 79
     3
 49
-1074.522
 49
26.822
 49
-511.658
 53
7.5
 43
34166.58600000001
 44
19353.85
 45
213.8224524709532
 46
320.5780199332246
 79
     5
 49
26.822
 49
-283.667
 49
26.822
 49
-490.931
 49
-205.232
 53
7.5
 43
34166.58600000001
 44
19353.85
 45
213.8224524709532
 46
320.5780199332246
 79
     3
 49
-828.243
 49
26.822
 49
-178.41
 53
327.5
 43
33985.332
 44
19353.85
 45
433.8910025716608
 46
-18.33249059345368
 79
     5
 49
26.822
 49
-176.378
 49
26.822
 49
-607.1619999999999
 49
-841.248
 53
327.5
 43
33985.332
 44
19353.85
 45
433.8910025716608
 46
-18.33249059345368
 79
     3
 49
-837.184
 49
26.822
 49
-814.426
 53
317.5
 43
33904.05200000001
 44
19353.85
 45
474.0138619252369
 46
81.36541517575179
 79
     5
 49
26.822
 49
-237.338
 49
26.822
 49
-394.208
 49
-597.408
 53
317.5
 43
33904.05200000001
 44
19353.85
 45
474.0138619252369
 46
81.36541517575179
 79
     3
 49
-685.19
 49
26.822
 49
-570.586
 98
        1
 10
0.0
 20
0.0
1001
REVIT
1002
{
1070
     1
1000
2398968
1002
}
1002
{
1070
     5
1000
1607638
1002
}
1002
{
1070
     2
1000
-2002000
1002
}
  0
LINE
  5
761
330
70
100
AcDbEntity
  8
A-DETL
100
AcDbLine
 10
39834.9455064994
 20
32140.00000000001
 30
0.0
 11
39834.9455064994
 21
32340.00000000001
 31
0.0
1001
REVIT
1002
{
1070
     1
1000
2398968
1002
}
1002
{
1070
     5
1000
1607638
1002
}
1002
{
1070
     2
1000
-2000051
1002
}
1002
{
1070
     3
1000
1933725
1002
}
  0
LINE
  5
762
330
70
100
AcDbEntity
  8
A-DETL
100
AcDbLine
 10
39834.9455064994
 20
32340.00000000001
 30
0.0
 11
39649.94550640413
 21
32340.00000000001
 31
0.0
1001
REVIT
1002
{
1070
     1
1000
2398968
1002
}
1002
{
1070
     5
1000
1607638
1002
}
1002
{
1070
     2
1000
-2000051
1002
}
1002
{
1070
     3
1000
1933725
1002
}
  0
LINE
  5
763
330
70
100
AcDbEntity
  8
A-DETL
100
AcDbLine
 10
39649.94550640413
 20
32340.00000000001
 30
0.0
 11
39649.94550640413
 21
32310.0
 31
0.0
1001
REVIT
1002
{
1070
     1
1000
2398968
1002
}
1002
{
1070
     5
1000
1607638
1002
}
1002
{
1070
     2
1000
-2000051
1002
}
1002
{
1070
     3
1000
1933725
1002
}
  0
LINE
  5
764
330
70
100
AcDbEntity
  8
A-DETL
100
AcDbLine
 10
39649.94550640413
 20
32310.0
 30
0.0
 11
35770.44550636426
 21
32310.0
 31
0.0
1001
REVIT
1002
{
1070
     1
1000
2398968
1002
}
1002
{
1070
     5
1000
1607638
1002
}
1002
{
1070
     2
1000
-2000051
1002
}
1002
{
1070
     3
1000
1933725
1002
}
  0
LINE
  5
765
330
70
100
AcDbEntity
  8
A-DETL
100
AcDbLine
 10
35770.44550636426
 20
32310.0
 30
0.0
 11
35770.44550636426
 21
32340.00000000001
 31
0.0
1001
REVIT
1002
{
1070
     1
1000
2398968
1002
}
1002
{
1070
     5
1000
1607638
1002
}
1002
{
1070
     2
1000
-2000051
1002
}
1002
{
1070
     3
1000
1933725
1002
}
  0
LINE
  5
766
330
70
100
AcDbEntity
  8
A-DETL
100
AcDbLine
 10
35770.44550636426
 20
32340.00000000001
 30
0.0
 11
30775.44550576655
 21
32340.00000000001
 31
0.0
1001
REVIT
1002
{
1070
     1
1000
2398968
1002
}
1002
{
1070
     5
1000
1607638
1002
}
1002
{
1070
     2
1000
-2000051
1002
}
1002
{
1070
     3
1000
1933725
1002
}
  0
LINE
  5
767
330
70
100
AcDbEntity
  8
A-DETL
100
AcDbLine
 10
30775.44550576655
 20
32340.00000000001
 30
0.0
 11
30775.44550576655
 21
32254.0
 31
0.0
1001
REVIT
1002
{
1070
     1
1000
2398968
1002
}
1002
{
1070
     5
1000
1607638
1002
}
1002
{
1070
     2
1000
-2000051
1002
}
1002
{
1070
     3
1000
1933725
1002
}
  0
LINE
  5
768
330
70
100
AcDbEntity
  8
A-DETL
100
AcDbLine
 10
30775.44550576655
 20
32254.0
 30
0.0
 11
28135.44550635081
 21
32254.0
 31
0.0
1001
REVIT
1002
{
1070
     1
1000
2398968
1002
}
1002
{
1070
     5
1000
1607638
1002
}
1002
{
1070
     2
1000
-2000051
1002
}
1002
{
1070
     3
1000
1933725
1002
}
  0
LINE
  5
769
330
70
100
AcDbEntity
  8
A-DETL
100
AcDbLine
 10
28135.44550635081
 20
32254.0
 30
0.0
 11
28135.44550635081
 21
32040.0
 31
0.0
1001
REVIT
1002
{
1070
     1
1000
2398968
1002
}
1002
{
1070
     5
1000
1607638
1002
}
1002
{
1070
     2
1000
-2000051
1002
}
1002
{
1070
     3
1000
1933725
1002
}
  0
LINE
  5
76A
330
70
100
AcDbEntity
  8
A-DETL
100
AcDbLine
 10
28135.44550635081
 20
32040.0
 30
0.0
 11
31225.44550576655
 21
32040.0
 31
0.0
1001
REVIT
1002
{
1070
     1
1000
2398968
1002
}
1002
{
1070
     5
1000
1607638
1002
}
1002
{
1070
     2
1000
-2000051
1002
}
1002
{
1070
     3
1000
1933725
1002
}
  0
LINE
  5
76B
330
70
100
AcDbEntity
  8
A-DETL
100
AcDbLine
 10
31225.44550576655
 20
32040.0
 30
0.0
 11
31225.44550576655
 21
32140.00000000001
 31
0.0
1001
REVIT
1002
{
1070
     1
1000
2398968
1002
}
1002
{
1070
     5
1000
1607638
1002
}
1002
{
1070
     2
1000
-2000051
1002
}
1002
{
1070
     3
1000
1933725
1002
}
  0
LINE
  5
76C
330
70
100
AcDbEntity
  8
A-DETL
100
AcDbLine
 10
31225.44550576655
 20
32140.00000000001
 30
0.0
 11
34003.44550628917
 21
32140.00000000001
 31
0.0
1001
REVIT
1002
{
1070
     1
1000
2398968
1002
}
1002
{
1070
     5
1000
1607638
1002
}
1002
{
1070
     2
1000
-2000051
1002
}
1002
{
1070
     3
1000
1933725
1002
}
  0
LINE
  5
76D
330
70
100
AcDbEntity
  8
A-DETL
100
AcDbLine
 10
34003.44550628917
 20
32140.00000000001
 30
0.0
 11
34090.44550628919
 21
32053.0
 31
0.0
1001
REVIT
1002
{
1070
     1
1000
2398968
1002
}
1002
{
1070
     5
1000
1607638
1002
}
1002
{
1070
     2
1000
-2000051
1002
}
1002
{
1070
     3
1000
1933725
1002
}
  0
LINE
  5
76E
330
70
100
AcDbEntity
  8
A-DETL
100
AcDbLine
 10
34090.44550628919
 20
32053.0
 30
0.0
 11
34542.9455062892
 21
32053.0
 31
0.0
1001
REVIT
1002
{
1070
     1
1000
2398968
1002
}
1002
{
1070
     5
1000
1607638
1002
}
1002
{
1070
     2
1000
-2000051
1002
}
1002
{
1070
     3
1000
1933725
1002
}
  0
LINE
  5
76F
330
70
100
AcDbEntity
  8
A-DETL
100
AcDbLine
 10
34542.9455062892
 20
32053.0
 30
0.0
 11
34629.9455062892
 21
32140.00000000001
 31
0.0
1001
REVIT
1002
{
1070
     1
1000
2398968
1002
}
1002
{
1070
     5
1000
1607638
1002
}
1002
{
1070
     2
1000
-2000051
1002
}
1002
{
1070
     3
1000
1933725
1002
}
  0
LINE
  5
770
330
70
100
AcDbEntity
  8
A-DETL
100
AcDbLine
 10
34629.9455062892
 20
32140.00000000001
 30
0.0
 11
39834.9455064994
 21
32140.00000000001
 31
0.0
1001
REVIT
1002
{
1070
     1
1000
2398968
1002
}
1002
{
1070
     5
1000
1607638
1002
}
1002
{
1070
     2
1000
-2000051
1002
}
1002
{
1070
     3
1000
1933725
1002
}
  0
HATCH
  5
780
330
70
100
AcDbEntity
  8
A-DETL-GENF
 62
     8
100
AcDbHatch
 10
0.0
 20
0.0
 30
0.0
210
0.0
220
0.0
230
1.0
  2
FP_9
 70
     0
 71
     0
 91
        1
 92
        1
 93
       15
 72
     1
 10
39544.94550649941
 20
28589.00000000008
 11
39544.94550649941
 21
28689.00000000013
 72
     1
 10
39544.94550649941
 20
28689.00000000013
 11
39444.94550649941
 21
28789.00000000014
 72
     1
 10
39444.94550649941
 20
28789.00000000014
 11
36030.4455064995
 21
28789.00000000014
 72
     1
 10
36030.4455064995
 20
28789.00000000014
 11
35970.44550649943
 21
28729.00000000006
 72
     1
 10
35970.44550649943
 20
28729.00000000006
 11
35670.44550649943
 21
28729.00000000006
 72
     1
 10
35670.44550649943
 20
28729.00000000006
 11
35610.44550649941
 21
28789.00000000007
 72
     1
 10
35610.44550649941
 20
28789.00000000007
 11
34450.4455062892
 21
28789.00000000007
 72
     1
 10
34450.4455062892
 20
28789.00000000007
 11
34390.4455062892
 21
28729.00000000006
 72
     1
 10
34390.4455062892
 20
28729.00000000006
 11
34090.4455062892
 21
28729.00000000006
 72
     1
 10
34090.4455062892
 20
28729.00000000006
 11
34030.4455062892
 21
28789.00000000006
 72
     1
 10
34030.4455062892
 20
28789.00000000006
 11
29675.44550628918
 21
28789.00000000006
 72
     1
 10
29675.44550628918
 20
28789.00000000006
 11
29575.44550628919
 21
28689.00000000006
 72
     1
 10
29575.44550628919
 20
28689.00000000006
 11
29575.44550628919
 21
28589.00000000008
 72
     1
 10
29575.44550628919
 20
28589.00000000008
 11
39504.75307963417
 21
28589.00000000008
 72
     1
 10
39504.75307963417
 20
28589.00000000008
 11
39544.94550649941
 21
28589.00000000008
 97
        0
 75
     0
 76
     2
 52
0.0
 41
1.0
 77
     0
 78
     6
 53
0.0
 43
34166.58600000001
 44
19353.85
 45
317.5
 46
317.5
 79
     2
 49
317.5
 49
-317.5
 53
0.0
 43
34166.58600000001
 44
19472.912
 45
317.5
 46
317.5
 79
     2
 49
317.5
 49
-317.5
 53
0.0
 43
34166.58600000001
 44
19591.975
 45
317.5
 46
317.5
 79
     2
 49
317.5
 49
-317.5
 53
90.0
 43
34206.274
 44
19631.662
 45
-317.5
 46
317.5
 79
     2
 49
317.5
 49
-317.5
 53
90.0
 43
34325.33600000001
 44
19631.662
 45
-317.5
 46
317.5
 79
     2
 49
317.5
 49
-317.5
 53
90.0
 43
34444.399
 44
19631.662
 45
-317.5
 46
317.5
 79
     2
 49
317.5
 49
-317.5
 98
        1
 10
0.0
 20
0.0
1001
REVIT
1002
{
1070
     1
1000
2401016
1002
}
1002
{
1070
     5
1000
1616962
1002
}
1002
{
1070
     2
1000
-2002000
1002
}
  0
LINE
  5
781
330
70
100
AcDbEntity
  8
A-DETL-MEDM
100
AcDbLine
 10
29575.44550628919
 20
28689.00000000004
 30
0.0
 11
29575.44550628919
 21
28589.00000000006
 31
0.0
1001
REVIT
1002
{
1070
     1
1000
2401016
1002
}
1002
{
1070
     5
1000
1616962
1002
}
1002
{
1070
     2
1000
-2000051
1002
}
1002
{
1070
     3
1000
-2000043
1002
}
  0
LINE
  5
782
330
70
100
AcDbEntity
  8
A-DETL-MEDM
100
AcDbLine
 10
39544.94550649941
 20
28589.00000000006
 30
0.0
 11
39544.94550649941
 21
28689.00000000012
 31
0.0
1001
REVIT
1002
{
1070
     1
1000
2401016
1002
}
1002
{
1070
     5
1000
1616962
1002
}
1002
{
1070
     2
1000
-2000051
1002
}
1002
{
1070
     3
1000
-2000043
1002
}
  0
LINE
  5
783
330
70
100
AcDbEntity
  8
A-DETL-MEDM
100
AcDbLine
 10
39544.94550649941
 20
28689.00000000012
 30
0.0
 11
39444.94550649939
 21
28789.00000000013
 31
0.0
1001
REVIT
1002
{
1070
     1
1000
2401016
1002
}
1002
{
1070
     5
1000
1616962
1002
}
1002
{
1070
     2
1000
-2000051
1002
}
1002
{
1070
     3
1000
-2000043
1002
}
  0
LINE
  5
784
330
70
100
AcDbEntity
  8
A-DETL-MEDM
100
AcDbLine
 10
39444.94550649939
 20
28789.00000000013
 30
0.0
 11
36030.44550649949
 21
28789.00000000013
 31
0.0
1001
REVIT
1002
{
1070
     1
1000
2401016
1002
}
1002
{
1070
     5
1000
1616962
1002
}
1002
{
1070
     2
1000
-2000051
1002
}
1002
{
1070
     3
1000
-2000043
1002
}
  0
LINE
  5
785
330
70
100
AcDbEntity
  8
A-DETL-MEDM
100
AcDbLine
 10
36030.44550649949
 20
28789.00000000013
 30
0.0
 11
35970.44550649942
 21
28729.00000000005
 31
0.0
1001
REVIT
1002
{
1070
     1
1000
2401016
1002
}
1002
{
1070
     5
1000
1616962
1002
}
1002
{
1070
     2
1000
-2000051
1002
}
1002
{
1070
     3
1000
-2000043
1002
}
  0
LINE
  5
786
330
70
100
AcDbEntity
  8
A-DETL-MEDM
100
AcDbLine
 10
35970.44550649942
 20
28729.00000000005
 30
0.0
 11
35670.44550649943
 21
28729.00000000005
 31
0.0
1001
REVIT
1002
{
1070
     1
1000
2401016
1002
}
1002
{
1070
     5
1000
1616962
1002
}
1002
{
1070
     2
1000
-2000051
1002
}
1002
{
1070
     3
1000
-2000043
1002
}
  0
LINE
  5
787
330
70
100
AcDbEntity
  8
A-DETL-MEDM
100
AcDbLine
 10
35670.44550649943
 20
28729.00000000005
 30
0.0
 11
35610.44550649941
 21
28789.00000000006
 31
0.0
1001
REVIT
1002
{
1070
     1
1000
2401016
1002
}
1002
{
1070
     5
1000
1616962
1002
}
1002
{
1070
     2
1000
-2000051
1002
}
1002
{
1070
     3
1000
-2000043
1002
}
  0
LINE
  5
788
330
70
100
AcDbEntity
  8
A-DETL-MEDM
100
AcDbLine
 10
35610.44550649941
 20
28789.00000000006
 30
0.0
 11
34450.4455062892
 21
28789.00000000006
 31
0.0
1001
REVIT
1002
{
1070
     1
1000
2401016
1002
}
1002
{
1070
     5
1000
1616962
1002
}
1002
{
1070
     2
1000
-2000051
1002
}
1002
{
1070
     3
1000
-2000043
1002
}
  0
LINE
  5
789
330
70
100
AcDbEntity
  8
A-DETL-MEDM
100
AcDbLine
 10
34450.4455062892
 20
28789.00000000006
 30
0.0
 11
34390.4455062892
 21
28729.00000000005
 31
0.0
1001
REVIT
1002
{
1070
     1
1000
2401016
1002
}
1002
{
1070
     5
1000
1616962
1002
}
1002
{
1070
     2
1000
-2000051
1002
}
1002
{
1070
     3
1000
-2000043
1002
}
  0
LINE
  5
78A
330
70
100
AcDbEntity
  8
A-DETL-MEDM
100
AcDbLine
 10
34390.4455062892
 20
28729.00000000005
 30
0.0
 11
34090.44550628919
 21
28729.00000000005
 31
0.0
1001
REVIT
1002
{
1070
     1
1000
2401016
1002
}
1002
{
1070
     5
1000
1616962
1002
}
1002
{
1070
     2
1000
-2000051
1002
}
1002
{
1070
     3
1000
-2000043
1002
}
  0
LINE
  5
78B
330
70
100
AcDbEntity
  8
A-DETL-MEDM
100
AcDbLine
 10
34090.44550628919
 20
28729.00000000005
 30
0.0
 11
34030.4455062892
 21
28789.00000000004
 31
0.0
1001
REVIT
1002
{
1070
     1
1000
2401016
1002
}
1002
{
1070
     5
1000
1616962
1002
}
1002
{
1070
     2
1000
-2000051
1002
}
1002
{
1070
     3
1000
-2000043
1002
}
  0
LINE
  5
78C
330
70
100
AcDbEntity
  8
A-DETL-MEDM
100
AcDbLine
 10
34030.4455062892
 20
28789.00000000004
 30
0.0
 11
29675.44550628918
 21
28789.00000000004
 31
0.0
1001
REVIT
1002
{
1070
     1
1000
2401016
1002
}
1002
{
1070
     5
1000
1616962
1002
}
1002
{
1070
     2
1000
-2000051
1002
}
1002
{
1070
     3
1000
-2000043
1002
}
  0
LINE
  5
78D
330
70
100
AcDbEntity
  8
A-DETL-MEDM
100
AcDbLine
 10
29675.44550628918
 20
28789.00000000004
 30
0.0
 11
29575.44550628919
 21
28689.00000000004
 31
0.0
1001
REVIT
1002
{
1070
     1
1000
2401016
1002
}
1002
{
1070
     5
1000
1616962
1002
}
1002
{
1070
     2
1000
-2000051
1002
}
1002
{
1070
     3
1000
-2000043
1002
}
  0
LINE
  5
78E
330
70
100
AcDbEntity
  8
A-DETL-THIN
100
AcDbLine
 10
40985.4455062892
 20
30236.84748838534
 30
0.0
 11
40985.44550628917
 21
27890.0
 31
0.0
1001
REVIT
1002
{
1070
     1
1000
2401975
1002
}
1002
{
1070
     5
1000
2388960
1002
}
1002
{
1070
     2
1000
-2000051
1002
}
1002
{
1070
     3
1000
-2000042
1002
}
  0
LINE
  5
78F
330
70
100
AcDbEntity
  8
A-DETL-THIN
100
AcDbLine
 10
40985.44550628917
 20
27890.0
 30
0.0
 11
41435.44550628917
 21
27890.0
 31
0.0
1001
REVIT
1002
{
1070
     1
1000
2401975
1002
}
1002
{
1070
     5
1000
2388960
1002
}
1002
{
1070
     2
1000
-2000051
1002
}
1002
{
1070
     3
1000
-2000042
1002
}
  0
LINE
  5
790
330
70
100
AcDbEntity
  8
A-DETL-THIN
100
AcDbLine
 10
41435.44550628917
 20
27890.0
 30
0.0
 11
41435.44550628919
 21
30236.84748838534
 31
0.0
1001
REVIT
1002
{
1070
     1
1000
2401975
1002
}
1002
{
1070
     5
1000
2388960
1002
}
1002
{
1070
     2
1000
-2000051
1002
}
1002
{
1070
     3
1000
-2000042
1002
}
  0
LINE
  5
791
330
70
100
AcDbEntity
  8
A-DETL-THIN
100
AcDbLine
 10
41435.44550628919
 20
30236.84748838534
 30
0.0
 11
40985.4455062892
 21
30236.84748838534
 31
0.0
1001
REVIT
1002
{
1070
     1
1000
2401975
1002
}
1002
{
1070
     5
1000
2388960
1002
}
1002
{
1070
     2
1000
-2000051
1002
}
1002
{
1070
     3
1000
-2000042
1002
}
  0
LINE
  5
792
330
70
100
AcDbEntity
  8
A-DETL-THIN
100
AcDbLine
 10
40998.13296668439
 20
30236.84748838534
 30
0.0
 11
41158.13296668439
 21
30236.84748838534
 31
0.0
1001
REVIT
1002
{
1070
     1
1000
2315952
1002
}
1002
{
1070
     2
1000
-2000051
1002
}
1002
{
1070
     3
1000
-2000042
1002
}
  0
LINE
  5
793
330
70
100
AcDbEntity
  8
A-DETL
  6
Dash dot
370
    35
100
AcDbLine
 10
41695.44550635321
 20
30310.76990835884
 30
0.0
 11
41695.44550635321
 21
40246.03131514533
 31
0.0
1001
REVIT
1002
{
1070
     1
1000
2323679
1002
}
1002
{
1070
     2
1000
-2000051
1002
}
1002
{
1070
     3
1000
2323259
1002
}
  0
LINE
  5
794
330
70
100
AcDbEntity
  8
A-DETL
  6
Dash dot
370
    35
100
AcDbLine
 10
26455.4455052217
 20
30189.89981005435
 30
0.0
 11
26455.44550522172
 21
40246.03131514533
 31
0.0
1001
REVIT
1002
{
1070
     1
1000
2323778
1002
}
1002
{
1070
     2
1000
-2000051
1002
}
1002
{
1070
     3
1000
2323259
1002
}
  0
MTEXT
  5
797
330
70
100
AcDbEntity
  8
A-FLOR-LEVL
100
AcDbMText
 10
22848.94481202683
 20
33111.39910834364
 30
0.0
 40
199.9999999999998
 41
3920.251874999996
 46
0.0
 71
     1
 72
     1
  1
GROUND FLOOR LEVEL RL
  7
ISOCPEUR
 73
     2
 44
1.0
 90
        3
 63
     9
421
 13158600
 45
1.25
441
        0
1001
REVIT
1002
{
1070
     1
1000
694
1002
}
1002
{
1070
     5
1000
787266
1002
}
1002
{
1070
     2
1000
-2006020
1002
}
  0
MTEXT
  5
798
330
70
100
AcDbEntity
  8
A-FLOR-LEVL
100
AcDbMText
 10
22848.94481202683
 20
32727.39910834364
 30
0.0
 40
199.9999999999998
 41
905.9068749999992
 46
0.0
 71
     1
 72
     1
  1
32340
  7
ISOCPEUR
 73
     2
 44
1.0
 90
        3
 63
     9
421
 13158600
 45
1.25
441
        0
1001
REVIT
1002
{
1070
     1
1000
694
1002
}
1002
{
1070
     5
1000
787266
1002
}
1002
{
1070
     2
1000
-2006020
1002
}
  0
LINE
  5
79A
330
70
100
AcDbEntity
  8
A-FLOR-LEVL
  6
Centre
100
AcDbLine
 10
22424.15283775739
 20
32340.00000000001
 30
0.0
 11
41671.60668852362
 21
32340.00000000001
 31
0.0
1001
REVIT
1002
{
1070
     1
1000
694
1002
}
1002
{
1070
     5
1000
787266
1002
}
1002
{
1070
     2
1000
-2000240
1002
}
  0
MTEXT
  5
79B
330
70
100
AcDbEntity
  8
A-FLOR-LEVL
100
AcDbMText
 10
22848.94481202683
 20
34963.75188124804
 30
0.0
 40
199.9999999999998
 41
4168.774999999995
 46
0.0
 71
     1
 72
     1
  1
G/FLOOR CEILING LEVEL RL
  7
ISOCPEUR
 73
     2
 44
1.0
 90
        3
 63
     9
421
 13158600
 45
1.25
441
        0
1001
REVIT
1002
{
1070
     1
1000
310295
1002
}
1002
{
1070
     5
1000
787246
1002
}
1002
{
1070
     2
1000
-2006020
1002
}
  0
MTEXT
  5
79C
330
70
100
AcDbEntity
  8
A-FLOR-LEVL
100
AcDbMText
 10
22848.94481202683
 20
34579.75188124804
 30
0.0
 40
199.9999999999998
 41
881.8562499999989
 46
0.0
 71
     1
 72
     1
  1
35090
  7
ISOCPEUR
 73
     2
 44
1.0
 90
        3
 63
     9
421
 13158600
 45
1.25
441
        0
1001
REVIT
1002
{
1070
     1
1000
310295
1002
}
1002
{
1070
     5
1000
787246
1002
}
1002
{
1070
     2
1000
-2006020
1002
}
  0
LINE
  5
79D
330
70
100
AcDbEntity
  8
A-FLOR-LEVL
  6
Centre
100
AcDbLine
 10
22424.15283775739
 20
35090.0
 30
0.0
 11
41671.60668852362
 21
35090.0
 31
0.0
1001
REVIT
1002
{
1070
     1
1000
310295
1002
}
1002
{
1070
     5
1000
787246
1002
}
1002
{
1070
     2
1000
-2000240
1002
}
  0
MTEXT
  5
79E
330
70
100
AcDbEntity
  8
A-FLOR-LEVL
100
AcDbMText
 10
22848.94481202683
 20
36311.39910834364
 30
0.0
 40
199.9999999999998
 41
3567.509374999996
 46
0.0
 71
     1
 72
     1
  1
FIRST FLOOR LEVEL RL
  7
ISOCPEUR
 73
     2
 44
1.0
 90
        3
 63
     9
421
 13158600
 45
1.25
441
        0
1001
REVIT
1002
{
1070
     1
1000
835393
1002
}
1002
{
1070
     5
1000
787266
1002
}
1002
{
1070
     2
1000
-2006020
1002
}
  0
MTEXT
  5
79F
330
70
100
AcDbEntity
  8
A-FLOR-LEVL
100
AcDbMText
 10
22848.94481202683
 20
35927.39910834364
 30
0.0
 40
199.9999999999998
 41
905.9068749999992
 46
0.0
 71
     1
 72
     1
  1
35540
  7
ISOCPEUR
 73
     2
 44
1.0
 90
        3
 63
     9
421
 13158600
 45
1.25
441
        0
1001
REVIT
1002
{
1070
     1
1000
835393
1002
}
1002
{
1070
     5
1000
787266
1002
}
1002
{
1070
     2
1000
-2006020
1002
}
  0
LINE
  5
7A0
330
70
100
AcDbEntity
  8
A-FLOR-LEVL
  6
Centre
100
AcDbLine
 10
22424.15283775739
 20
35540.0
 30
0.0
 11
41671.60668852362
 21
35540.0
 31
0.0
1001
REVIT
1002
{
1070
     1
1000
835393
1002
}
1002
{
1070
     5
1000
787266
1002
}
1002
{
1070
     2
1000
-2000240
1002
}
  0
MTEXT
  5
7A1
330
70
100
AcDbEntity
  8
A-FLOR-LEVL
100
AcDbMText
 10
22848.94481202683
 20
38013.75188124804
 30
0.0
 40
199.9999999999998
 41
4144.724374999995
 46
0.0
 71
     1
 72
     1
  1
F/FLOOR CEILING LEVEL RL
  7
ISOCPEUR
 73
     2
 44
1.0
 90
        3
 63
     9
421
 13158600
 45
1.25
441
        0
1001
REVIT
1002
{
1070
     1
1000
1252310
1002
}
1002
{
1070
     5
1000
787246
1002
}
1002
{
1070
     2
1000
-2006020
1002
}
  0
MTEXT
  5
7A2
330
70
100
AcDbEntity
  8
A-FLOR-LEVL
100
AcDbMText
 10
22848.94481202683
 20
37629.75188124804
 30
0.0
 40
199.9999999999998
 41
849.7887499999993
 46
0.0
 71
     1
 72
     1
  1
38140
  7
ISOCPEUR
 73
     2
 44
1.0
 90
        3
 63
     9
421
 13158600
 45
1.25
441
        0
1001
REVIT
1002
{
1070
     1
1000
1252310
1002
}
1002
{
1070
     5
1000
787246
1002
}
1002
{
1070
     2
1000
-2006020
1002
}
  0
LINE
  5
7A3
330
70
100
AcDbEntity
  8
A-FLOR-LEVL
  6
Centre
100
AcDbLine
 10
22424.15283775739
 20
38140.0
 30
0.0
 11
41671.60668852361
 21
38140.0
 31
0.0
1001
REVIT
1002
{
1070
     1
1000
1252310
1002
}
1002
{
1070
     5
1000
787246
1002
}
1002
{
1070
     2
1000
-2000240
1002
}
  0
MTEXT
  5
7A4
330
70
100
AcDbEntity
  8
A-FLOR-LEVL
100
AcDbMText
 10
22848.94481202683
 20
39741.38300201673
 30
0.0
 40
199.9999999999998
 41
3383.121249999996
 46
0.0
 71
     1
 72
     1
  1
FINISHED RIDGE LEVEL
  7
ISOCPEUR
 73
     2
 44
1.0
 90
        3
 63
     9
421
 13158600
 45
1.25
441
        0
1001
REVIT
1002
{
1070
     1
1000
1252451
1002
}
1002
{
1070
     5
1000
787266
1002
}
1002
{
1070
     2
1000
-2006020
1002
}
  0
MTEXT
  5
7A5
330
70
100
AcDbEntity
  8
A-FLOR-LEVL
100
AcDbMText
 10
22848.94481202683
 20
39357.38300201673
 30
0.0
 40
199.9999999999998
 41
881.8562499999989
 46
0.0
 71
     1
 72
     1
  1
38970
  7
ISOCPEUR
 73
     2
 44
1.0
 90
        3
 63
     9
421
 13158600
 45
1.25
441
        0
1001
REVIT
1002
{
1070
     1
1000
1252451
1002
}
1002
{
1070
     5
1000
787266
1002
}
1002
{
1070
     2
1000
-2006020
1002
}
  0
LINE
  5
7A6
330
70
100
AcDbEntity
  8
A-FLOR-LEVL
  6
Centre
100
AcDbLine
 10
22424.15283775739
 20
38969.9838936731
 30
0.0
 11
41671.60668852362
 21
38969.9838936731
 31
0.0
1001
REVIT
1002
{
1070
     1
1000
1252451
1002
}
1002
{
1070
     5
1000
787266
1002
}
1002
{
1070
     2
1000
-2000240
1002
}
  0
MTEXT
  5
7A7
330
70
100
AcDbEntity
  8
A-FLOR-LEVL
100
AcDbMText
 10
22848.94481202685
 20
31763.75188124804
 30
0.0
 40
199.9999999999998
 41
3888.184374999996
 46
0.0
 71
     1
 72
     1
  1
LOWER FLOOR CEILING RL
  7
ISOCPEUR
 73
     2
 44
1.0
 90
        3
 63
     9
421
 13158600
 45
1.25
441
        0
1001
REVIT
1002
{
1070
     1
1000
1421624
1002
}
1002
{
1070
     5
1000
787246
1002
}
1002
{
1070
     2
1000
-2006020
1002
}
  0
MTEXT
  5
7A8
330
70
100
AcDbEntity
  8
A-FLOR-LEVL
100
AcDbMText
 10
22848.94481202685
 20
31379.75188124804
 30
0.0
 40
199.9999999999998
 41
825.7381249999991
 46
0.0
 71
     1
 72
     1
  1
31890
  7
ISOCPEUR
 73
     2
 44
1.0
 90
        3
 63
     9
421
 13158600
 45
1.25
441
        0
1001
REVIT
1002
{
1070
     1
1000
1421624
1002
}
1002
{
1070
     5
1000
787246
1002
}
1002
{
1070
     2
1000
-2006020
1002
}
  0
LINE
  5
7A9
330
70
100
AcDbEntity
  8
A-FLOR-LEVL
  6
Centre
100
AcDbLine
 10
22424.15283775739
 20
31890.0
 30
0.0
 11
41671.60668852362
 21
31890.0
 31
0.0
1001
REVIT
1002
{
1070
     1
1000
1421624
1002
}
1002
{
1070
     5
1000
787246
1002
}
1002
{
1070
     2
1000
-2000240
1002
}
  0
MTEXT
  5
7AA
330
70
100
AcDbEntity
  8
A-FLOR-LEVL
100
AcDbMText
 10
22848.94481202685
 20
29661.39910834364
 30
0.0
 40
199.9999999999998
 41
3743.880624999996
 46
0.0
 71
     1
 72
     1
  1
LOWER FLOOR LEVEL RL
  7
ISOCPEUR
 73
     2
 44
1.0
 90
        3
 63
     9
421
 13158600
 45
1.25
441
        0
1001
REVIT
1002
{
1070
     1
1000
1421755
1002
}
1002
{
1070
     5
1000
787266
1002
}
1002
{
1070
     2
1000
-2006020
1002
}
  0
MTEXT
  5
7AB
330
70
100
AcDbEntity
  8
A-FLOR-LEVL
100
AcDbMText
 10
22848.94481202685
 20
29277.39910834364
 30
0.0
 40
199.9999999999998
 41
881.8562499999989
 46
0.0
 71
     1
 72
     1
  1
28890
  7
ISOCPEUR
 73
     2
 44
1.0
 90
        3
 63
     9
421
 13158600
 45
1.25
441
        0
1001
REVIT
1002
{
1070
     1
1000
1421755
1002
}
1002
{
1070
     5
1000
787266
1002
}
1002
{
1070
     2
1000
-2006020
1002
}
  0
LINE
  5
7AC
330
70
100
AcDbEntity
  8
A-FLOR-LEVL
  6
Centre
100
AcDbLine
 10
22424.15283775739
 20
28890.0
 30
0.0
 11
41671.60668852362
 21
28890.0
 31
0.0
1001
REVIT
1002
{
1070
     1
1000
1421755
1002
}
1002
{
1070
     5
1000
787266
1002
}
1002
{
1070
     2
1000
-2000240
1002
}
  0
MTEXT
  5
7AF
330
70
100
AcDbEntity
  8
A-AREA-IDEN
100
AcDbMText
 10
36598.34585490344
 20
36857.22824631874
 30
0.0
 40
179.9999999999998
 41
1266.666249999999
 46
0.0
 71
     1
 72
     1
  1
RUMPUS
  7
Calibri
 73
     2
 44
1.0
1001
REVIT
1002
{
1070
     1
1000
2193536
1002
}
1002
{
1070
     5
1000
2144162
1002
}
1002
{
1070
     2
1000
-2000480
1002
}
  0
MTEXT
  5
7B0
330
70
100
AcDbEntity
  8
A-AREA-IDEN
100
AcDbMText
 10
32224.45806736714
 20
36857.22824631874
 30
0.0
 40
179.9999999999998
 41
809.7043749999991
 46
0.0
 71
     1
 72
     1
  1
P'DER
  7
Calibri
 73
     2
 44
1.0
1001
REVIT
1002
{
1070
     1
1000
2193537
1002
}
1002
{
1070
     5
1000
2144162
1002
}
1002
{
1070
     2
1000
-2000480
1002
}
  0
MTEXT
  5
7B1
330
70
100
AcDbEntity
  8
A-AREA-IDEN
100
AcDbMText
 10
28765.51141684864
 20
33702.60244939188
 30
0.0
 40
179.9999999999998
 41
1667.509999999999
 46
0.0
 71
     1
 72
     1
  1
WORKSHOP
  7
Calibri
 73
     2
 44
1.0
1001
REVIT
1002
{
1070
     1
1000
2193538
1002
}
1002
{
1070
     5
1000
2144162
1002
}
1002
{
1070
     2
1000
-2000480
1002
}
  0
MTEXT
  5
7B2
330
70
100
AcDbEntity
  8
A-AREA-IDEN
100
AcDbMText
 10
32224.45806736713
 20
33702.60244939188
 30
0.0
 40
179.9999999999998
 41
729.5356249999991
 46
0.0
 71
     1
 72
     1
  1
MUD
  7
Calibri
 73
     2
 44
1.0
1001
REVIT
1002
{
1070
     1
1000
2193539
1002
}
1002
{
1070
     5
1000
2144162
1002
}
1002
{
1070
     2
1000
-2000480
1002
}
  0
MTEXT
  5
7B3
330
70
100
AcDbEntity
  8
A-AREA-IDEN
100
AcDbMText
 10
34640.57581457777
 20
33702.60244939188
 30
0.0
 40
179.9999999999998
 41
913.923749999999
 46
0.0
 71
     1
 72
     1
  1
ENTRY
  7
Calibri
 73
     2
 44
1.0
1001
REVIT
1002
{
1070
     1
1000
2193540
1002
}
1002
{
1070
     5
1000
2144162
1002
}
1002
{
1070
     2
1000
-2000480
1002
}
  0
MTEXT
  5
7B4
330
70
100
AcDbEntity
  8
A-AREA-IDEN
100
AcDbMText
 10
37544.20694645262
 20
33702.60244939188
 30
0.0
 40
179.9999999999998
 41
769.6199999999992
 46
0.0
 71
     1
 72
     1
  1
BATH
  7
Calibri
 73
     2
 44
1.0
1001
REVIT
1002
{
1070
     1
1000
2193541
1002
}
1002
{
1070
     5
1000
2144162
1002
}
1002
{
1070
     2
1000
-2000480
1002
}
  0
MTEXT
  5
7B5
330
70
100
AcDbEntity
  8
A-AREA-IDEN
100
AcDbMText
 10
37538.20694645262
 20
30162.96326780076
 30
0.0
 40
179.9999999999998
 41
777.6368749999992
 46
0.0
 71
     1
 72
     1
  1
L'DRY
  7
Calibri
 73
     2
 44
1.0
1001
REVIT
1002
{
1070
     1
1000
2193542
1002
}
1002
{
1070
     5
1000
2144162
1002
}
1002
{
1070
     2
1000
-2000480
1002
}
  0
MTEXT
  5
7B6
330
70
100
AcDbEntity
  8
A-AREA-IDEN
100
AcDbMText
 10
30590.45806736714
 20
30162.96326780076
 30
0.0
 40
179.9999999999998
 41
1972.151249999998
 46
0.0
 71
     1
 72
     1
  1
MEDIA ROOM
  7
Calibri
 73
     2
 44
1.0
1001
REVIT
1002
{
1070
     1
1000
2193543
1002
}
1002
{
1070
     5
1000
2144162
1002
}
1002
{
1070
     2
1000
-2000480
1002
}
  0
LINE
  5
7B8
330
70
100
AcDbEntity
  8
G-ANNO-TEXT
 62
     7
100
AcDbLine
 10
36354.16470795773
 20
28791.03134208987
 30
0.0
 11
36273.77995022839
 21
28491.03134208986
 31
0.0
1001
REVIT
1002
{
1070
     1
1000
2313112
1002
}
1002
{
1070
     5
1000
744073
1002
}
1002
{
1070
     2
1000
-2000300
1002
}
  0
LINE
  5
7B9
330
70
100
AcDbEntity
  8
G-ANNO-TEXT
 62
     7
100
AcDbLine
 10
36273.77995022839
 20
28491.03134208986
 30
0.0
 11
36434.54946568707
 21
28491.03134208986
 31
0.0
1001
REVIT
1002
{
1070
     1
1000
2313112
1002
}
1002
{
1070
     5
1000
744073
1002
}
1002
{
1070
     2
1000
-2000300
1002
}
  0
LINE
  5
7BA
330
70
100
AcDbEntity
  8
G-ANNO-TEXT
 62
     7
100
AcDbLine
 10
36434.54946568707
 20
28491.03134208986
 30
0.0
 11
36354.16470795773
 21
28791.03134208987
 31
0.0
1001
REVIT
1002
{
1070
     1
1000
2313112
1002
}
1002
{
1070
     5
1000
744073
1002
}
1002
{
1070
     2
1000
-2000300
1002
}
  0
HATCH
  5
7BB
330
70
100
AcDbEntity
  8
G-ANNO-TEXT
 62
     7
100
AcDbHatch
 10
0.0
 20
0.0
 30
0.0
210
0.0
220
0.0
230
1.0
  2
SOLID
 70
     1
 71
     0
 91
        1
 92
        1
 93
        3
 72
     1
 10
36354.16470795773
 20
28791.03134208987
 11
36273.77995022839
 21
28491.03134208986
 72
     1
 10
36273.77995022839
 20
28491.03134208986
 11
36434.54946568707
 21
28491.03134208986
 72
     1
 10
36434.54946568707
 20
28491.03134208986
 11
36354.16470795773
 21
28791.03134208987
 97
        0
 75
     0
 76
     1
 98
        1
 10
0.0
 20
0.0
1001
REVIT
1002
{
1070
     1
1000
2313112
1002
}
1002
{
1070
     5
1000
744073
1002
}
1002
{
1070
     2
1000
-2000300
1002
}
  0
LINE
  5
7BC
330
70
100
AcDbEntity
  8
G-ANNO-TEXT
 62
     7
100
AcDbLine
 10
36354.16470795773
 20
27529.67572568666
 30
0.0
 11
35336.95502117762
 21
27529.67572568666
 31
0.0
1001
REVIT
1002
{
1070
     1
1000
2313112
1002
}
1002
{
1070
     5
1000
744073
1002
}
1002
{
1070
     2
1000
-2000300
1002
}
  0
LINE
  5
7BD
330
70
100
AcDbEntity
  8
G-ANNO-TEXT
 62
     7
100
AcDbLine
 10
36354.16470795773
 20
28791.03134208987
 30
0.0
 11
36354.16470795773
 21
27529.67572568666
 31
0.0
1001
REVIT
1002
{
1070
     1
1000
2313112
1002
}
1002
{
1070
     5
1000
744073
1002
}
1002
{
1070
     2
1000
-2000300
1002
}
  0
MTEXT
  5
7BF
330
70
100
AcDbEntity
  8
G-ANNO-TEXT
 62
     7
100
AcDbMText
 10
33014.35175576653
 20
27739.27989235333
 30
0.0
 40
150.0
 41
2637.551874999999
 46
0.0
 71
     1
 72
     1
  1
RC RAFT SLAB TO ENG. 
  7
ISOCPEUR_1
 73
     2
 44
1.0
1001
REVIT
1002
{
1070
     1
1000
2313112
1002
}
1002
{
1070
     5
1000
744073
1002
}
1002
{
1070
     2
1000
-2000300
1002
}
  0
MTEXT
  5
7C0
330
70
100
AcDbEntity
  8
G-ANNO-TEXT
 62
     7
100
AcDbMText
 10
34443.10175576653
 20
27454.85280901999
 30
0.0
 40
150.0
 41
905.906875
 46
0.0
 71
     1
 72
     1
  1
DETAILS 
  7
ISOCPEUR_1
 73
     2
 44
1.0
1001
REVIT
1002
{
1070
     1
1000
2313112
1002
}
1002
{
1070
     5
1000
744073
1002
}
1002
{
1070
     2
1000
-2000300
1002
}
  0
LINE
  5
7C1
330
70
100
AcDbEntity
  8
G-ANNO-TEXT
 62
     7
100
AcDbLine
 10
37709.69160696429
 20
39795.23143241804
 30
0.0
 11
37987.50410696429
 21
39795.23143241804
 31
0.0
1001
REVIT
1002
{
1070
     1
1000
2313118
1002
}
1002
{
1070
     5
1000
744073
1002
}
1002
{
1070
     2
1000
-2000300
1002
}
  0
LINE
  5
7C2
330
70
100
AcDbEntity
  8
G-ANNO-TEXT
 62
     7
100
AcDbLine
 10
37176.25465164463
 20
38140.0
 30
0.0
 11
37256.63940937398
 21
38440.0
 31
0.0
1001
REVIT
1002
{
1070
     1
1000
2313118
1002
}
1002
{
1070
     5
1000
744073
1002
}
1002
{
1070
     2
1000
-2000300
1002
}
  0
LINE
  5
7C3
330
70
100
AcDbEntity
  8
G-ANNO-TEXT
 62
     7
100
AcDbLine
 10
37256.63940937398
 20
38440.0
 30
0.0
 11
37095.86989391529
 21
38440.0
 31
0.0
1001
REVIT
1002
{
1070
     1
1000
2313118
1002
}
1002
{
1070
     5
1000
744073
1002
}
1002
{
1070
     2
1000
-2000300
1002
}
  0
LINE
  5
7C4
330
70
100
AcDbEntity
  8
G-ANNO-TEXT
 62
     7
100
AcDbLine
 10
37095.86989391529
 20
38440.0
 30
0.0
 11
37176.25465164463
 21
38140.0
 31
0.0
1001
REVIT
1002
{
1070
     1
1000
2313118
1002
}
1002
{
1070
     5
1000
744073
1002
}
1002
{
1070
     2
1000
-2000300
1002
}
  0
HATCH
  5
7C5
330
70
100
AcDbEntity
  8
G-ANNO-TEXT
 62
     7
100
AcDbHatch
 10
0.0
 20
0.0
 30
0.0
210
0.0
220
0.0
230
1.0
  2
SOLID
 70
     1
 71
     0
 91
        1
 92
        1
 93
        3
 72
     1
 10
37176.25465164463
 20
38140.0
 11
37256.63940937398
 21
38440.0
 72
     1
 10
37256.63940937398
 20
38440.0
 11
37095.86989391529
 21
38440.0
 72
     1
 10
37095.86989391529
 20
38440.0
 11
37176.25465164463
 21
38140.0
 97
        0
 75
     0
 76
     1
 98
        1
 10
0.0
 20
0.0
1001
REVIT
1002
{
1070
     1
1000
2313118
1002
}
1002
{
1070
     5
1000
744073
1002
}
1002
{
1070
     2
1000
-2000300
1002
}
  0
LINE
  5
7C6
330
70
100
AcDbEntity
  8
G-ANNO-TEXT
 62
     7
100
AcDbLine
 10
37176.25465164463
 20
39795.23143241821
 30
0.0
 11
37709.69160696429
 21
39795.23143241804
 31
0.0
1001
REVIT
1002
{
1070
     1
1000
2313118
1002
}
1002
{
1070
     5
1000
744073
1002
}
1002
{
1070
     2
1000
-2000300
1002
}
  0
LINE
  5
7C7
330
70
100
AcDbEntity
  8
G-ANNO-TEXT
 62
     7
100
AcDbLine
 10
37176.25465164463
 20
38140.0
 30
0.0
 11
37176.25465164463
 21
39795.23143241821
 31
0.0
1001
REVIT
1002
{
1070
     1
1000
2313118
1002
}
1002
{
1070
     5
1000
744073
1002
}
1002
{
1070
     2
1000
-2000300
1002
}
  0
MTEXT
  5
7C8
330
70
100
AcDbEntity
  8
G-ANNO-TEXT
 62
     7
100
AcDbMText
 10
38137.50410696429
 20
39870.23143241804
 30
0.0
 40
150.0
 41
1964.134375
 46
0.0
 71
     1
 72
     1
  1
      ROOF PITCH
  7
ISOCPEUR_1
 73
     2
 44
1.0
1001
REVIT
1002
{
1070
     1
1000
2313118
1002
}
1002
{
1070
     5
1000
744073
1002
}
1002
{
1070
     2
1000
-2000300
1002
}
  0
MTEXT
  5
7C9
330
70
100
AcDbEntity
  8
G-ANNO-TEXT
 62
     7
100
AcDbMText
 10
38150.73327363096
 20
39585.80434908471
 30
0.0
 40
150.0
 41
1940.08375
 46
0.0
 71
     1
 72
     1
  1
COLORBOND ROOF
  7
ISOCPEUR_1
 73
     2
 44
1.0
1001
REVIT
1002
{
1070
     1
1000
2313118
1002
}
1002
{
1070
     5
1000
744073
1002
}
1002
{
1070
     2
1000
-2000300
1002
}
  0
MTEXT
  5
7CA
330
70
100
AcDbEntity
  8
G-ANNO-TEXT
 62
     7
100
AcDbMText
 10
37859.69160696429
 20
39301.37726575137
 30
0.0
 40
150.0
 41
2637.551875000001
 46
0.0
 71
     1
 72
     1
  1
SHEETING AS SELECTED
  7
ISOCPEUR_1
 73
     2
 44
1.0
1001
REVIT
1002
{
1070
     1
1000
2313118
1002
}
1002
{
1070
     5
1000
744073
1002
}
1002
{
1070
     2
1000
-2000300
1002
}
  0
MTEXT
  5
7CC
330
70
100
AcDbEntity
  8
G-ANNO-TEXT
 62
     7
100
AcDbMText
 10
38251.6368946973
 20
39984.36218522908
 30
0.0
 40
250.0
 41
400.8437499999999
 46
0.0
 71
     1
 72
     1
  1
5°
  7
ISOCPEUR_2
 73
     2
 44
1.0
1001
REVIT
1002
{
1070
     1
1000
2313135
1002
}
1002
{
1070
     5
1000
732082
1002
}
1002
{
1070
     2
1000
-2000300
1002
}
  0
MTEXT
  5
7CD
330
70
100
AcDbEntity
  8
G-ANNO-TEXT
 62
     7
100
AcDbMText
 10
27410.38079355105
 20
37747.0647019407
 30
0.0
 40
250.0
 41
400.8437499999999
 46
0.0
 71
     1
 72
     1
  1
2°
  7
ISOCPEUR_2
 73
     2
 44
1.0
1001
REVIT
1002
{
1070
     1
1000
2313141
1002
}
1002
{
1070
     5
1000
732082
1002
}
1002
{
1070
     2
1000
-2000300
1002
}
  0
LINE
  5
7CE
330
70
100
AcDbEntity
  8
G-ANNO-TEXT
 62
     7
100
AcDbLine
 10
39804.36484224906
 20
35468.44997153435
 30
0.0
 11
40080.91816820952
 21
35609.80048329648
 31
0.0
1001
REVIT
1002
{
1070
     1
1000
2313148
1002
}
1002
{
1070
     5
1000
744073
1002
}
1002
{
1070
     2
1000
-2000300
1002
}
  0
LINE
  5
7CF
330
70
100
AcDbEntity
  8
G-ANNO-TEXT
 62
     7
100
AcDbLine
 10
40080.91816820952
 20
35609.80048329648
 30
0.0
 11
39973.19179215083
 21
35729.13976853851
 31
0.0
1001
REVIT
1002
{
1070
     1
1000
2313148
1002
}
1002
{
1070
     5
1000
744073
1002
}
1002
{
1070
     2
1000
-2000300
1002
}
  0
LINE
  5
7D0
330
70
100
AcDbEntity
  8
G-ANNO-TEXT
 62
     7
100
AcDbLine
 10
39973.19179215083
 20
35729.13976853851
 30
0.0
 11
39804.36484224906
 21
35468.44997153435
 31
0.0
1001
REVIT
1002
{
1070
     1
1000
2313148
1002
}
1002
{
1070
     5
1000
744073
1002
}
1002
{
1070
     2
1000
-2000300
1002
}
  0
HATCH
  5
7D1
330
70
100
AcDbEntity
  8
G-ANNO-TEXT
 62
     7
100
AcDbHatch
 10
0.0
 20
0.0
 30
0.0
210
0.0
220
0.0
230
1.0
  2
SOLID
 70
     1
 71
     0
 91
        1
 92
        1
 93
        3
 72
     1
 10
39804.36484224906
 20
35468.44997153435
 11
40080.91816820952
 21
35609.80048329648
 72
     1
 10
40080.91816820952
 20
35609.80048329648
 11
39973.19179215083
 21
35729.13976853851
 72
     1
 10
39973.19179215083
 20
35729.13976853851
 11
39804.36484224906
 21
35468.44997153435
 97
        0
 75
     0
 76
     1
 98
        1
 10
0.0
 20
0.0
1001
REVIT
1002
{
1070
     1
1000
2313148
1002
}
1002
{
1070
     5
1000
744073
1002
}
1002
{
1070
     2
1000
-2000300
1002
}
  0
LINE
  5
7D2
330
70
100
AcDbEntity
  8
G-ANNO-TEXT
 62
     7
100
AcDbLine
 10
41331.05430201288
 20
36846.57723728588
 30
0.0
 11
41864.49125733254
 21
36846.57723728573
 31
0.0
1001
REVIT
1002
{
1070
     1
1000
2313148
1002
}
1002
{
1070
     5
1000
744073
1002
}
1002
{
1070
     2
1000
-2000300
1002
}
  0
LINE
  5
7D3
330
70
100
AcDbEntity
  8
G-ANNO-TEXT
 62
     7
100
AcDbLine
 10
39804.36484224906
 20
35468.44997153435
 30
0.0
 11
41331.05430201288
 21
36846.57723728588
 31
0.0
1001
REVIT
1002
{
1070
     1
1000
2313148
1002
}
1002
{
1070
     5
1000
744073
1002
}
1002
{
1070
     2
1000
-2000300
1002
}
  0
MTEXT
  5
7D4
330
70
100
AcDbEntity
  8
G-ANNO-TEXT
 62
     7
100
AcDbMText
 10
42292.30375733254
 20
37198.68140395239
 30
0.0
 40
150.0
 41
1964.134375
 46
0.0
 71
     1
 72
     1
  1
      ROOF PITCH
  7
ISOCPEUR_1
 73
     2
 44
1.0
1001
REVIT
1002
{
1070
     1
1000
2313148
1002
}
1002
{
1070
     5
1000
744073
1002
}
1002
{
1070
     2
1000
-2000300
1002
}
  0
MTEXT
  5
7D5
330
70
100
AcDbEntity
  8
G-ANNO-TEXT
 62
     7
100
AcDbMText
 10
42305.53292399921
 20
36914.25432061906
 30
0.0
 40
150.0
 41
1940.08375
 46
0.0
 71
     1
 72
     1
  1
COLORBOND ROOF
  7
ISOCPEUR_1
 73
     2
 44
1.0
1001
REVIT
1002
{
1070
     1
1000
2313148
1002
}
1002
{
1070
     5
1000
744073
1002
}
1002
{
1070
     2
1000
-2000300
1002
}
  0
MTEXT
  5
7D6
330
70
100
AcDbEntity
  8
G-ANNO-TEXT
 62
     7
100
AcDbMText
 10
42014.49125733254
 20
36629.82723728573
 30
0.0
 40
150.0
 41
2637.551875000001
 46
0.0
 71
     1
 72
     1
  1
SHEETING AS SELECTED
  7
ISOCPEUR_1
 73
     2
 44
1.0
1001
REVIT
1002
{
1070
     1
1000
2313148
1002
}
1002
{
1070
     5
1000
744073
1002
}
1002
{
1070
     2
1000
-2000300
1002
}
  0
MTEXT
  5
7D7
330
70
100
AcDbEntity
  8
G-ANNO-TEXT
 62
     7
100
AcDbMText
 10
42338.03966561366
 20
37312.81215676343
 30
0.0
 40
250.0
 41
400.8437499999999
 46
0.0
 71
     1
 72
     1
  1
2°
  7
ISOCPEUR_2
 73
     2
 44
1.0
1001
REVIT
1002
{
1070
     1
1000
2313149
1002
}
1002
{
1070
     5
1000
732082
1002
}
1002
{
1070
     2
1000
-2000300
1002
}
  0
LINE
  5
7D8
330
70
100
AcDbEntity
  8
G-ANNO-TEXT
 62
     7
100
AcDbLine
 10
38595.58225394347
 20
35462.88478325917
 30
0.0
 11
38759.74977036937
 21
35199.23589586202
 31
0.0
1001
REVIT
1002
{
1070
     1
1000
2319919
1002
}
1002
{
1070
     5
1000
744073
1002
}
1002
{
1070
     2
1000
-2000300
1002
}
  0
LINE
  5
7D9
330
70
100
AcDbEntity
  8
G-ANNO-TEXT
 62
     7
100
AcDbLine
 10
38759.74977036937
 20
35199.23589586202
 30
0.0
 11
38869.57993734307
 21
35316.64190730668
 31
0.0
1001
REVIT
1002
{
1070
     1
1000
2319919
1002
}
1002
{
1070
     5
1000
744073
1002
}
1002
{
1070
     2
1000
-2000300
1002
}
  0
LINE
  5
7DA
330
70
100
AcDbEntity
  8
G-ANNO-TEXT
 62
     7
100
AcDbLine
 10
38869.57993734307
 20
35316.64190730668
 30
0.0
 11
38595.58225394347
 21
35462.88478325917
 31
0.0
1001
REVIT
1002
{
1070
     1
1000
2319919
1002
}
1002
{
1070
     5
1000
744073
1002
}
1002
{
1070
     2
1000
-2000300
1002
}
  0
HATCH
  5
7DB
330
70
100
AcDbEntity
  8
G-ANNO-TEXT
 62
     7
100
AcDbHatch
 10
0.0
 20
0.0
 30
0.0
210
0.0
220
0.0
230
1.0
  2
SOLID
 70
     1
 71
     0
 91
        1
 92
        1
 93
        3
 72
     1
 10
38595.58225394347
 20
35462.88478325917
 11
38759.74977036937
 21
35199.23589586202
 72
     1
 10
38759.74977036937
 20
35199.23589586202
 11
38869.57993734307
 21
35316.64190730668
 72
     1
 10
38869.57993734307
 20
35316.64190730668
 11
38595.58225394347
 21
35462.88478325917
 97
        0
 75
     0
 76
     1
 98
        1
 10
0.0
 20
0.0
1001
REVIT
1002
{
1070
     1
1000
2319919
1002
}
1002
{
1070
     5
1000
744073
1002
}
1002
{
1070
     2
1000
-2000300
1002
}
  0
LINE
  5
7DC
330
70
100
AcDbEntity
  8
G-ANNO-TEXT
 62
     7
100
AcDbLine
 10
39931.08484154439
 20
34213.55802064144
 30
0.0
 11
42305.36427456644
 21
34213.55802064144
 31
0.0
1001
REVIT
1002
{
1070
     1
1000
2319919
1002
}
1002
{
1070
     5
1000
744073
1002
}
1002
{
1070
     2
1000
-2000300
1002
}
  0
LINE
  5
7DD
330
70
100
AcDbEntity
  8
G-ANNO-TEXT
 62
     7
100
AcDbLine
 10
38595.58225394347
 20
35462.88478325917
 30
0.0
 11
39931.08484154439
 21
34213.55802064144
 31
0.0
1001
REVIT
1002
{
1070
     1
1000
2319919
1002
}
1002
{
1070
     5
1000
744073
1002
}
1002
{
1070
     2
1000
-2000300
1002
}
  0
MTEXT
  5
7DE
330
70
100
AcDbEntity
  8
G-ANNO-TEXT
 62
     7
100
AcDbMText
 10
42455.36427456643
 20
34565.16218730811
 30
0.0
 40
150.0
 41
1378.9025
 46
0.0
 71
     1
 72
     1
  1
SUSPENDED 
  7
ISOCPEUR_1
 73
     2
 44
1.0
1001
REVIT
1002
{
1070
     1
1000
2319919
1002
}
1002
{
1070
     5
1000
744073
1002
}
1002
{
1070
     2
1000
-2000300
1002
}
  0
MTEXT
  5
7DF
330
70
100
AcDbEntity
  8
G-ANNO-TEXT
 62
     7
100
AcDbMText
 10
42455.36427456643
 20
34280.73510397478
 30
0.0
 40
150.0
 41
1891.9825
 46
0.0
 71
     1
 72
     1
  1
CONCRETE SLAB 
  7
ISOCPEUR_1
 73
     2
 44
1.0
1001
REVIT
1002
{
1070
     1
1000
2319919
1002
}
1002
{
1070
     5
1000
744073
1002
}
1002
{
1070
     2
1000
-2000300
1002
}
  0
MTEXT
  5
7E0
330
70
100
AcDbEntity
  8
G-ANNO-TEXT
 62
     7
100
AcDbMText
 10
42455.36427456643
 20
33996.30802064145
 30
0.0
 40
150.0
 41
1891.9825
 46
0.0
 71
     1
 72
     1
  1
TO ENG. DETAILS
  7
ISOCPEUR_1
 73
     2
 44
1.0
1001
REVIT
1002
{
1070
     1
1000
2319919
1002
}
1002
{
1070
     5
1000
744073
1002
}
1002
{
1070
     2
1000
-2000300
1002
}
  0
LINE
  5
7E1
330
70
100
AcDbEntity
  8
G-ANNO-TEXT
 62
     7
100
AcDbLine
 10
38996.55185846295
 20
32258.73681311276
 30
0.0
 11
39073.76150884793
 21
31957.90400379397
 31
0.0
1001
REVIT
1002
{
1070
     1
1000
2319951
1002
}
1002
{
1070
     5
1000
744073
1002
}
1002
{
1070
     2
1000
-2000300
1002
}
  0
LINE
  5
7E2
330
70
100
AcDbEntity
  8
G-ANNO-TEXT
 62
     7
100
AcDbLine
 10
39073.76150884793
 20
31957.90400379397
 30
0.0
 11
39213.83378177305
 21
32036.81278314334
 31
0.0
1001
REVIT
1002
{
1070
     1
1000
2319951
1002
}
1002
{
1070
     5
1000
744073
1002
}
1002
{
1070
     2
1000
-2000300
1002
}
  0
LINE
  5
7E3
330
70
100
AcDbEntity
  8
G-ANNO-TEXT
 62
     7
100
AcDbLine
 10
39213.83378177305
 20
32036.81278314334
 30
0.0
 11
38996.55185846295
 21
32258.73681311276
 31
0.0
1001
REVIT
1002
{
1070
     1
1000
2319951
1002
}
1002
{
1070
     5
1000
744073
1002
}
1002
{
1070
     2
1000
-2000300
1002
}
  0
HATCH
  5
7E4
330
70
100
AcDbEntity
  8
G-ANNO-TEXT
 62
     7
100
AcDbHatch
 10
0.0
 20
0.0
 30
0.0
210
0.0
220
0.0
230
1.0
  2
SOLID
 70
     1
 71
     0
 91
        1
 92
        1
 93
        3
 72
     1
 10
38996.55185846295
 20
32258.73681311276
 11
39073.76150884793
 21
31957.90400379397
 72
     1
 10
39073.76150884793
 20
31957.90400379397
 11
39213.83378177305
 21
32036.81278314334
 72
     1
 10
39213.83378177305
 20
32036.81278314334
 11
38996.55185846295
 21
32258.73681311276
 97
        0
 75
     0
 76
     1
 98
        1
 10
0.0
 20
0.0
1001
REVIT
1002
{
1070
     1
1000
2319951
1002
}
1002
{
1070
     5
1000
744073
1002
}
1002
{
1070
     2
1000
-2000300
1002
}
  0
LINE
  5
7E5
330
70
100
AcDbEntity
  8
G-ANNO-TEXT
 62
     7
100
AcDbLine
 10
39514.42981859812
 20
31339.44312270111
 30
0.0
 11
42305.36427456644
 21
31339.44312270111
 31
0.0
1001
REVIT
1002
{
1070
     1
1000
2319951
1002
}
1002
{
1070
     5
1000
744073
1002
}
1002
{
1070
     2
1000
-2000300
1002
}
  0
LINE
  5
7E6
330
70
100
AcDbEntity
  8
G-ANNO-TEXT
 62
     7
100
AcDbLine
 10
38996.55185846295
 20
32258.73681311276
 30
0.0
 11
39514.42981859812
 21
31339.44312270111
 31
0.0
1001
REVIT
1002
{
1070
     1
1000
2319951
1002
}
1002
{
1070
     5
1000
744073
1002
}
1002
{
1070
     2
1000
-2000300
1002
}
  0
MTEXT
  5
7E7
330
70
100
AcDbEntity
  8
G-ANNO-TEXT
 62
     7
100
AcDbMText
 10
42455.36427456643
 20
31691.04728936778
 30
0.0
 40
150.0
 41
1378.9025
 46
0.0
 71
     1
 72
     1
  1
SUSPENDED 
  7
ISOCPEUR_1
 73
     2
 44
1.0
1001
REVIT
1002
{
1070
     1
1000
2319951
1002
}
1002
{
1070
     5
1000
744073
1002
}
1002
{
1070
     2
1000
-2000300
1002
}
  0
MTEXT
  5
7E8
330
70
100
AcDbEntity
  8
G-ANNO-TEXT
 62
     7
100
AcDbMText
 10
42455.36427456643
 20
31406.62020603444
 30
0.0
 40
150.0
 41
1891.9825
 46
0.0
 71
     1
 72
     1
  1
CONCRETE SLAB 
  7
ISOCPEUR_1
 73
     2
 44
1.0
1001
REVIT
1002
{
1070
     1
1000
2319951
1002
}
1002
{
1070
     5
1000
744073
1002
}
1002
{
1070
     2
1000
-2000300
1002
}
  0
MTEXT
  5
7E9
330
70
100
AcDbEntity
  8
G-ANNO-TEXT
 62
     7
100
AcDbMText
 10
42455.36427456643
 20
31122.19312270111
 30
0.0
 40
150.0
 41
1891.9825
 46
0.0
 71
     1
 72
     1
  1
TO ENG. DETAILS
  7
ISOCPEUR_1
 73
     2
 44
1.0
1001
REVIT
1002
{
1070
     1
1000
2319951
1002
}
1002
{
1070
     5
1000
744073
1002
}
1002
{
1070
     2
1000
-2000300
1002
}
  0
MTEXT
  5
7EB
330
70
100
AcDbEntity
  8
G-ANNO-TEXT
 62
     5
100
AcDbMText
 10
26628.67530065377
 20
38372.18315682157
 30
0.0
 40
150.0
 41
2004.21875
 46
0.0
 71
     1
 72
     1
  1
BOUNDARY LINE
  7
Calibri_1
 11
0.0
 21
1.0
 31
0.0
 73
     2
 44
1.0
1001
REVIT
1002
{
1070
     1
1000
2323846
1002
}
1002
{
1070
     5
1000
2108305
1002
}
1002
{
1070
     2
1000
-2000300
1002
}
  0
MTEXT
  5
7EC
330
70
100
AcDbEntity
  8
G-ANNO-TEXT
 62
     5
100
AcDbMText
 10
41842.32419217113
 20
38404.36631364314
 30
0.0
 40
150.0
 41
2004.21875
 46
0.0
 71
     1
 72
     1
  1
BOUNDARY LINE
  7
Calibri_1
 11
0.0
 21
1.0
 31
0.0
 73
     2
 44
1.0
1001
REVIT
1002
{
1070
     1
1000
2323847
1002
}
1002
{
1070
     5
1000
2108305
1002
}
1002
{
1070
     2
1000
-2000300
1002
}
  0
LINE
  5
7ED
330
70
100
AcDbEntity
  8
G-ANNO-TEXT
 62
     7
100
AcDbLine
 10
27535.94721504571
 20
28643.36071450556
 30
0.0
 11
27333.65930493129
 21
28407.68867395611
 31
0.0
1001
REVIT
1002
{
1070
     1
1000
2336720
1002
}
1002
{
1070
     5
1000
744073
1002
}
1002
{
1070
     2
1000
-2000300
1002
}
  0
LINE
  5
7EE
330
70
100
AcDbEntity
  8
G-ANNO-TEXT
 62
     7
100
AcDbLine
 10
27333.65930493129
 20
28407.68867395611
 30
0.0
 11
27478.59676628288
 21
28338.11878537081
 31
0.0
1001
REVIT
1002
{
1070
     1
1000
2336720
1002
}
1002
{
1070
     5
1000
744073
1002
}
1002
{
1070
     2
1000
-2000300
1002
}
  0
LINE
  5
7EF
330
70
100
AcDbEntity
  8
G-ANNO-TEXT
 62
     7
100
AcDbLine
 10
27478.59676628288
 20
28338.11878537081
 30
0.0
 11
27535.94721504571
 21
28643.36071450556
 31
0.0
1001
REVIT
1002
{
1070
     1
1000
2336720
1002
}
1002
{
1070
     5
1000
744073
1002
}
1002
{
1070
     2
1000
-2000300
1002
}
  0
HATCH
  5
7F0
330
70
100
AcDbEntity
  8
G-ANNO-TEXT
 62
     7
100
AcDbHatch
 10
0.0
 20
0.0
 30
0.0
210
0.0
220
0.0
230
1.0
  2
SOLID
 70
     1
 71
     0
 91
        1
 92
        1
 93
        3
 72
     1
 10
27535.94721504571
 20
28643.36071450556
 11
27333.65930493129
 21
28407.68867395611
 72
     1
 10
27333.65930493129
 20
28407.68867395611
 11
27478.59676628288
 21
28338.11878537081
 72
     1
 10
27478.59676628288
 20
28338.11878537081
 11
27535.94721504571
 21
28643.36071450556
 97
        0
 75
     0
 76
     1
 98
        1
 10
0.0
 20
0.0
1001
REVIT
1002
{
1070
     1
1000
2336720
1002
}
1002
{
1070
     5
1000
744073
1002
}
1002
{
1070
     2
1000
-2000300
1002
}
  0
LINE
  5
7F1
330
70
100
AcDbEntity
  8
G-ANNO-TEXT
 62
     7
100
AcDbLine
 10
27202.39348304007
 20
27948.45617858739
 30
0.0
 11
26918.99181543069
 21
27948.45617858739
 31
0.0
1001
REVIT
1002
{
1070
     1
1000
2336720
1002
}
1002
{
1070
     5
1000
744073
1002
}
1002
{
1070
     2
1000
-2000300
1002
}
  0
LINE
  5
7F2
330
70
100
AcDbEntity
  8
G-ANNO-TEXT
 62
     7
100
AcDbLine
 10
27535.94721504571
 20
28643.36071450556
 30
0.0
 11
27202.39348304007
 21
27948.45617858739
 31
0.0
1001
REVIT
1002
{
1070
     1
1000
2336720
1002
}
1002
{
1070
     5
1000
744073
1002
}
1002
{
1070
     2
1000
-2000300
1002
}
  0
MTEXT
  5
7F3
330
70
100
AcDbEntity
  8
G-ANNO-TEXT
 62
     7
100
AcDbMText
 10
24757.1981670581
 20
28442.56034525406
 30
0.0
 40
150.0
 41
2437.13
 46
0.0
 71
     1
 72
     1
  1
AG LINE AS REQUIRED
  7
ISOCPEUR_1
 73
     2
 44
1.0
1001
REVIT
1002
{
1070
     1
1000
2336720
1002
}
1002
{
1070
     5
1000
744073
1002
}
1002
{
1070
     2
1000
-2000300
1002
}
  0
MTEXT
  5
7F4
330
70
100
AcDbEntity
  8
G-ANNO-TEXT
 62
     7
100
AcDbMText
 10
24863.03150039144
 20
28158.13326192072
 30
0.0
 40
150.0
 41
2308.86
 46
0.0
 71
     1
 72
     1
  1
TO CONNECT TO PVC 
  7
ISOCPEUR_1
 73
     2
 44
1.0
1001
REVIT
1002
{
1070
     1
1000
2336720
1002
}
1002
{
1070
     5
1000
744073
1002
}
1002
{
1070
     2
1000
-2000300
1002
}
  0
MTEXT
  5
7F5
330
70
100
AcDbEntity
  8
G-ANNO-TEXT
 62
     7
100
AcDbMText
 10
24896.1044170581
 20
27873.70617858739
 30
0.0
 40
150.0
 41
2268.775625
 46
0.0
 71
     1
 72
     1
  1
PIPE UNDERSLAB TO 
  7
ISOCPEUR_1
 73
     2
 44
1.0
1001
REVIT
1002
{
1070
     1
1000
2336720
1002
}
1002
{
1070
     5
1000
744073
1002
}
1002
{
1070
     2
1000
-2000300
1002
}
  0
MTEXT
  5
7F6
330
70
100
AcDbEntity
  8
G-ANNO-TEXT
 62
     7
100
AcDbMText
 10
25537.71900039143
 20
27589.27909525405
 30
0.0
 40
150.0
 41
1491.13875
 46
0.0
 71
     1
 72
     1
  1
ENG. DETAILS 
  7
ISOCPEUR_1
 73
     2
 44
1.0
1001
REVIT
1002
{
1070
     1
1000
2336720
1002
}
1002
{
1070
     5
1000
744073
1002
}
1002
{
1070
     2
1000
-2000300
1002
}
  0
LINE
  5
7F7
330
70
100
AcDbEntity
  8
G-ANNO-TEXT
 62
     7
100
AcDbLine
 10
27858.72734765185
 20
29266.14725172052
 30
0.0
 11
27907.32497960158
 21
28959.39005222215
 31
0.0
1001
REVIT
1002
{
1070
     1
1000
2336729
1002
}
1002
{
1070
     5
1000
744073
1002
}
1002
{
1070
     2
1000
-2000300
1002
}
  0
LINE
  5
7F8
330
70
100
AcDbEntity
  8
G-ANNO-TEXT
 62
     7
100
AcDbLine
 10
27907.32497960158
 20
28959.39005222215
 30
0.0
 11
28054.19273123327
 21
29024.78654013602
 31
0.0
1001
REVIT
1002
{
1070
     1
1000
2336729
1002
}
1002
{
1070
     5
1000
744073
1002
}
1002
{
1070
     2
1000
-2000300
1002
}
  0
LINE
  5
7F9
330
70
100
AcDbEntity
  8
G-ANNO-TEXT
 62
     7
100
AcDbLine
 10
28054.19273123327
 20
29024.78654013602
 30
0.0
 11
27858.72734765185
 21
29266.14725172052
 31
0.0
1001
REVIT
1002
{
1070
     1
1000
2336729
1002
}
1002
{
1070
     5
1000
744073
1002
}
1002
{
1070
     2
1000
-2000300
1002
}
  0
HATCH
  5
7FA
330
70
100
AcDbEntity
  8
G-ANNO-TEXT
 62
     7
100
AcDbHatch
 10
0.0
 20
0.0
 30
0.0
210
0.0
220
0.0
230
1.0
  2
SOLID
 70
     1
 71
     0
 91
        1
 92
        1
 93
        3
 72
     1
 10
27858.72734765185
 20
29266.14725172052
 11
27907.32497960158
 21
28959.39005222215
 72
     1
 10
27907.32497960158
 20
28959.39005222215
 11
28054.19273123327
 21
29024.78654013602
 72
     1
 10
28054.19273123327
 20
29024.78654013602
 11
27858.72734765185
 21
29266.14725172052
 97
        0
 75
     0
 76
     1
 98
        1
 10
0.0
 20
0.0
1001
REVIT
1002
{
1070
     1
1000
2336729
1002
}
1002
{
1070
     5
1000
744073
1002
}
1002
{
1070
     2
1000
-2000300
1002
}
  0
LINE
  5
7FB
330
70
100
AcDbEntity
  8
G-ANNO-TEXT
 62
     7
100
AcDbLine
 10
28481.6648737095
 20
27867.1511163382
 30
0.0
 11
28680.6688478042
 21
27867.1511163382
 31
0.0
1001
REVIT
1002
{
1070
     1
1000
2336729
1002
}
1002
{
1070
     5
1000
744073
1002
}
1002
{
1070
     2
1000
-2000300
1002
}
  0
LINE
  5
7FC
330
70
100
AcDbEntity
  8
G-ANNO-TEXT
 62
     7
100
AcDbLine
 10
27858.72734765185
 20
29266.14725172052
 30
0.0
 11
28481.6648737095
 21
27867.1511163382
 31
0.0
1001
REVIT
1002
{
1070
     1
1000
2336729
1002
}
1002
{
1070
     5
1000
744073
1002
}
1002
{
1070
     2
1000
-2000300
1002
}
  0
MTEXT
  5
7FD
330
70
100
AcDbEntity
  8
G-ANNO-TEXT
 62
     7
100
AcDbMText
 10
28830.66884780419
 20
27942.15111633819
 30
0.0
 40
150.0
 41
2364.978125
 46
0.0
 71
     1
 72
     1
  1
RETAINING WALL TO 
  7
ISOCPEUR_1
 73
     2
 44
1.0
1001
REVIT
1002
{
1070
     1
1000
2336729
1002
}
1002
{
1070
     5
1000
744073
1002
}
1002
{
1070
     2
1000
-2000300
1002
}
  0
MTEXT
  5
7FE
330
70
100
AcDbEntity
  8
G-ANNO-TEXT
 62
     7
100
AcDbMText
 10
28830.66884780419
 20
27657.72403300486
 30
0.0
 40
150.0
 41
1603.375
 46
0.0
 71
     1
 72
     1
  1
ENG. DETAILS 
  7
ISOCPEUR_1
 73
     2
 44
1.0
1001
REVIT
1002
{
1070
     1
1000
2336729
1002
}
1002
{
1070
     5
1000
744073
1002
}
1002
{
1070
     2
1000
-2000300
1002
}
  0
LINE
  5
7FF
330
70
100
AcDbEntity
  8
G-ANNO-TEXT
 62
     7
100
AcDbLine
 10
34240.04923539295
 20
32126.02119146138
 30
0.0
 11
34002.73249931789
 21
31925.66531794157
 31
0.0
1001
REVIT
1002
{
1070
     1
1000
2348703
1002
}
1002
{
1070
     5
1000
744073
1002
}
1002
{
1070
     2
1000
-2000300
1002
}
  0
LINE
  5
800
330
70
100
AcDbEntity
  8
G-ANNO-TEXT
 62
     7
100
AcDbLine
 10
34002.73249931789
 20
31925.66531794157
 30
0.0
 11
34134.70484996866
 21
31833.84954715827
 31
0.0
1001
REVIT
1002
{
1070
     1
1000
2348703
1002
}
1002
{
1070
     5
1000
744073
1002
}
1002
{
1070
     2
1000
-2000300
1002
}
  0
LINE
  5
801
330
70
100
AcDbEntity
  8
G-ANNO-TEXT
 62
     7
100
AcDbLine
 10
34134.70484996866
 20
31833.84954715827
 30
0.0
 11
34240.04923539295
 21
32126.02119146138
 31
0.0
1001
REVIT
1002
{
1070
     1
1000
2348703
1002
}
1002
{
1070
     5
1000
744073
1002
}
1002
{
1070
     2
1000
-2000300
1002
}
  0
HATCH
  5
802
330
70
100
AcDbEntity
  8
G-ANNO-TEXT
 62
     7
100
AcDbHatch
 10
0.0
 20
0.0
 30
0.0
210
0.0
220
0.0
230
1.0
  2
SOLID
 70
     1
 71
     0
 91
        1
 92
        1
 93
        3
 72
     1
 10
34240.04923539295
 20
32126.02119146138
 11
34002.73249931789
 21
31925.66531794157
 72
     1
 10
34002.73249931789
 20
31925.66531794157
 11
34134.70484996866
 21
31833.84954715827
 72
     1
 10
34134.70484996866
 20
31833.84954715827
 11
34240.04923539295
 21
32126.02119146138
 97
        0
 75
     0
 76
     1
 98
        1
 10
0.0
 20
0.0
1001
REVIT
1002
{
1070
     1
1000
2348703
1002
}
1002
{
1070
     5
1000
744073
1002
}
1002
{
1070
     2
1000
-2000300
1002
}
  0
LINE
  5
803
330
70
100
AcDbEntity
  8
G-ANNO-TEXT
 62
     7
100
AcDbLine
 10
33822.40545072362
 20
31525.71656484577
 30
0.0
 11
33697.05408856868
 21
31525.71656484577
 31
0.0
1001
REVIT
1002
{
1070
     1
1000
2348703
1002
}
1002
{
1070
     5
1000
744073
1002
}
1002
{
1070
     2
1000
-2000300
1002
}
  0
LINE
  5
804
330
70
100
AcDbEntity
  8
G-ANNO-TEXT
 62
     7
100
AcDbLine
 10
34240.04923539295
 20
32126.02119146138
 30
0.0
 11
33822.40545072362
 21
31525.71656484577
 31
0.0
1001
REVIT
1002
{
1070
     1
1000
2348703
1002
}
1002
{
1070
     5
1000
744073
1002
}
1002
{
1070
     2
1000
-2000300
1002
}
  0
MTEXT
  5
805
330
70
100
AcDbEntity
  8
G-ANNO-TEXT
 62
     7
100
AcDbMText
 10
32563.35912004066
 20
31600.71656484576
 30
0.0
 40
150.0
 41
1186.4975
 46
0.0
 71
     1
 72
     1
  1
SLIP JOINT
  7
ISOCPEUR_1
 73
     2
 44
1.0
1001
REVIT
1002
{
1070
     1
1000
2348703
1002
}
1002
{
1070
     5
1000
744073
1002
}
1002
{
1070
     2
1000
-2000300
1002
}
  0
LINE
  5
806
330
70
100
AcDbEntity
  8
G-ANNO-TEXT
 62
     7
100
AcDbLine
 10
34240.04923539295
 20
35313.87379888811
 30
0.0
 11
34002.73249931789
 21
35113.5179253683
 31
0.0
1001
REVIT
1002
{
1070
     1
1000
2348957
1002
}
1002
{
1070
     5
1000
744073
1002
}
1002
{
1070
     2
1000
-2000300
1002
}
  0
LINE
  5
807
330
70
100
AcDbEntity
  8
G-ANNO-TEXT
 62
     7
100
AcDbLine
 10
34002.73249931789
 20
35113.5179253683
 30
0.0
 11
34134.70484996866
 21
35021.70215458501
 31
0.0
1001
REVIT
1002
{
1070
     1
1000
2348957
1002
}
1002
{
1070
     5
1000
744073
1002
}
1002
{
1070
     2
1000
-2000300
1002
}
  0
LINE
  5
808
330
70
100
AcDbEntity
  8
G-ANNO-TEXT
 62
     7
100
AcDbLine
 10
34134.70484996866
 20
35021.70215458501
 30
0.0
 11
34240.04923539295
 21
35313.87379888811
 31
0.0
1001
REVIT
1002
{
1070
     1
1000
2348957
1002
}
1002
{
1070
     5
1000
744073
1002
}
1002
{
1070
     2
1000
-2000300
1002
}
  0
HATCH
  5
809
330
70
100
AcDbEntity
  8
G-ANNO-TEXT
 62
     7
100
AcDbHatch
 10
0.0
 20
0.0
 30
0.0
210
0.0
220
0.0
230
1.0
  2
SOLID
 70
     1
 71
     0
 91
        1
 92
        1
 93
        3
 72
     1
 10
34240.04923539295
 20
35313.87379888811
 11
34002.73249931789
 21
35113.5179253683
 72
     1
 10
34002.73249931789
 20
35113.5179253683
 11
34134.70484996866
 21
35021.70215458501
 72
     1
 10
34134.70484996866
 20
35021.70215458501
 11
34240.04923539295
 21
35313.87379888811
 97
        0
 75
     0
 76
     1
 98
        1
 10
0.0
 20
0.0
1001
REVIT
1002
{
1070
     1
1000
2348957
1002
}
1002
{
1070
     5
1000
744073
1002
}
1002
{
1070
     2
1000
-2000300
1002
}
  0
LINE
  5
80A
330
70
100
AcDbEntity
  8
G-ANNO-TEXT
 62
     7
100
AcDbLine
 10
33822.40545072362
 20
34713.5691722725
 30
0.0
 11
33750.79934077339
 21
34713.56917227249
 31
0.0
1001
REVIT
1002
{
1070
     1
1000
2348957
1002
}
1002
{
1070
     5
1000
744073
1002
}
1002
{
1070
     2
1000
-2000300
1002
}
  0
LINE
  5
80B
330
70
100
AcDbEntity
  8
G-ANNO-TEXT
 62
     7
100
AcDbLine
 10
34240.04923539295
 20
35313.87379888811
 30
0.0
 11
33822.40545072362
 21
34713.5691722725
 31
0.0
1001
REVIT
1002
{
1070
     1
1000
2348957
1002
}
1002
{
1070
     5
1000
744073
1002
}
1002
{
1070
     2
1000
-2000300
1002
}
  0
MTEXT
  5
80C
330
70
100
AcDbEntity
  8
G-ANNO-TEXT
 62
     7
100
AcDbMText
 10
32563.35912004066
 20
34788.56917227249
 30
0.0
 40
150.0
 41
1186.4975
 46
0.0
 71
     1
 72
     1
  1
SLIP JOINT
  7
ISOCPEUR_1
 73
     2
 44
1.0
1001
REVIT
1002
{
1070
     1
1000
2348957
1002
}
1002
{
1070
     5
1000
744073
1002
}
1002
{
1070
     2
1000
-2000300
1002
}
  0
LINE
  5
80D
330
70
100
AcDbEntity
  8
G-ANNO-TEXT
 62
     7
100
AcDbLine
 10
41245.73742052359
 20
28619.93706864258
 30
0.0
 11
41038.98599340395
 21
28388.1709005783
 31
0.0
1001
REVIT
1002
{
1070
     1
1000
2402115
1002
}
1002
{
1070
     5
1000
744073
1002
}
1002
{
1070
     2
1000
-2000300
1002
}
  0
LINE
  5
80E
330
70
100
AcDbEntity
  8
G-ANNO-TEXT
 62
     7
100
AcDbLine
 10
41038.98599340395
 20
28388.1709005783
 30
0.0
 11
41182.56851640143
 21
28315.84596580133
 31
0.0
1001
REVIT
1002
{
1070
     1
1000
2402115
1002
}
1002
{
1070
     5
1000
744073
1002
}
1002
{
1070
     2
1000
-2000300
1002
}
  0
LINE
  5
80F
330
70
100
AcDbEntity
  8
G-ANNO-TEXT
 62
     7
100
AcDbLine
 10
41182.56851640143
 20
28315.84596580133
 30
0.0
 11
41245.73742052359
 21
28619.93706864258
 31
0.0
1001
REVIT
1002
{
1070
     1
1000
2402115
1002
}
1002
{
1070
     5
1000
744073
1002
}
1002
{
1070
     2
1000
-2000300
1002
}
  0
HATCH
  5
810
330
70
100
AcDbEntity
  8
G-ANNO-TEXT
 62
     7
100
AcDbHatch
 10
0.0
 20
0.0
 30
0.0
210
0.0
220
0.0
230
1.0
  2
SOLID
 70
     1
 71
     0
 91
        1
 92
        1
 93
        3
 72
     1
 10
41245.73742052359
 20
28619.93706864258
 11
41038.98599340395
 21
28388.1709005783
 72
     1
 10
41038.98599340395
 20
28388.1709005783
 11
41182.56851640143
 21
28315.84596580133
 72
     1
 10
41182.56851640143
 20
28315.84596580133
 11
41245.73742052359
 21
28619.93706864258
 97
        0
 75
     0
 76
     1
 98
        1
 10
0.0
 20
0.0
1001
REVIT
1002
{
1070
     1
1000
2402115
1002
}
1002
{
1070
     5
1000
744073
1002
}
1002
{
1070
     2
1000
-2000300
1002
}
  0
LINE
  5
811
330
70
100
AcDbEntity
  8
G-ANNO-TEXT
 62
     7
100
AcDbLine
 10
40623.43071824593
 20
27384.50745274602
 30
0.0
 11
40440.02664266834
 21
27384.50745274602
 31
0.0
1001
REVIT
1002
{
1070
     1
1000
2402115
1002
}
1002
{
1070
     5
1000
744073
1002
}
1002
{
1070
     2
1000
-2000300
1002
}
  0
LINE
  5
812
330
70
100
AcDbEntity
  8
G-ANNO-TEXT
 62
     7
100
AcDbLine
 10
41245.73742052359
 20
28619.93706864258
 30
0.0
 11
40623.43071824593
 21
27384.50745274602
 31
0.0
1001
REVIT
1002
{
1070
     1
1000
2402115
1002
}
1002
{
1070
     5
1000
744073
1002
}
1002
{
1070
     2
1000
-2000300
1002
}
  0
MTEXT
  5
813
330
70
100
AcDbEntity
  8
G-ANNO-TEXT
 62
     7
100
AcDbMText
 10
37978.51712725724
 20
27594.11161941268
 30
0.0
 40
150.0
 41
2733.754375
 46
0.0
 71
     1
 72
     1
  1
SHORING PILES TO ENG. 
  7
ISOCPEUR_1
 73
     2
 44
1.0
1001
REVIT
1002
{
1070
     1
1000
2402115
1002
}
1002
{
1070
     5
1000
744073
1002
}
1002
{
1070
     2
1000
-2000300
1002
}
  0
MTEXT
  5
814
330
70
100
AcDbEntity
  8
G-ANNO-TEXT
 62
     7
100
AcDbMText
 10
37978.51712725724
 20
27309.68453607935
 30
0.0
 40
150.0
 41
1018.143125
 46
0.0
 71
     1
 72
     1
  1
DETAILS 
  7
ISOCPEUR_1
 73
     2
 44
1.0
1001
REVIT
1002
{
1070
     1
1000
2402115
1002
}
1002
{
1070
     5
1000
744073
1002
}
1002
{
1070
     2
1000
-2000300
1002
}
  0
LINE
  5
815
330
70
100
AcDbEntity
  8
G-ANNO-TEXT
 62
     7
100
AcDbLine
 10
29323.36587823376
 20
37004.94926218685
 30
0.0
 11
29316.56379490043
 21
37004.94926218685
 31
0.0
1001
REVIT
1002
{
1070
     1
1000
2411515
1002
}
1002
{
1070
     5
1000
744073
1002
}
1002
{
1070
     2
1000
-2000300
1002
}
  0
LINE
  5
816
330
70
100
AcDbEntity
  8
G-ANNO-TEXT
 62
     7
100
AcDbLine
 10
29856.80283355341
 20
35704.05455174396
 30
0.0
 11
29937.18759128275
 21
36004.05455174396
 31
0.0
1001
REVIT
1002
{
1070
     1
1000
2411515
1002
}
1002
{
1070
     5
1000
744073
1002
}
1002
{
1070
     2
1000
-2000300
1002
}
  0
LINE
  5
817
330
70
100
AcDbEntity
  8
G-ANNO-TEXT
 62
     7
100
AcDbLine
 10
29937.18759128275
 20
36004.05455174396
 30
0.0
 11
29776.41807582407
 21
36004.05455174396
 31
0.0
1001
REVIT
1002
{
1070
     1
1000
2411515
1002
}
1002
{
1070
     5
1000
744073
1002
}
1002
{
1070
     2
1000
-2000300
1002
}
  0
LINE
  5
818
330
70
100
AcDbEntity
  8
G-ANNO-TEXT
 62
     7
100
AcDbLine
 10
29776.41807582407
 20
36004.05455174396
 30
0.0
 11
29856.80283355341
 21
35704.05455174396
 31
0.0
1001
REVIT
1002
{
1070
     1
1000
2411515
1002
}
1002
{
1070
     5
1000
744073
1002
}
1002
{
1070
     2
1000
-2000300
1002
}
  0
HATCH
  5
819
330
70
100
AcDbEntity
  8
G-ANNO-TEXT
 62
     7
100
AcDbHatch
 10
0.0
 20
0.0
 30
0.0
210
0.0
220
0.0
230
1.0
  2
SOLID
 70
     1
 71
     0
 91
        1
 92
        1
 93
        3
 72
     1
 10
29856.80283355341
 20
35704.05455174396
 11
29937.18759128275
 21
36004.05455174396
 72
     1
 10
29937.18759128275
 20
36004.05455174396
 11
29776.41807582407
 21
36004.05455174396
 72
     1
 10
29776.41807582407
 20
36004.05455174396
 11
29856.80283355341
 21
35704.05455174396
 97
        0
 75
     0
 76
     1
 98
        1
 10
0.0
 20
0.0
1001
REVIT
1002
{
1070
     1
1000
2411515
1002
}
1002
{
1070
     5
1000
744073
1002
}
1002
{
1070
     2
1000
-2000300
1002
}
  0
LINE
  5
81A
330
70
100
AcDbEntity
  8
G-ANNO-TEXT
 62
     7
100
AcDbLine
 10
29856.80283355341
 20
37004.94926218703
 30
0.0
 11
29323.36587823376
 21
37004.94926218685
 31
0.0
1001
REVIT
1002
{
1070
     1
1000
2411515
1002
}
1002
{
1070
     5
1000
744073
1002
}
1002
{
1070
     2
1000
-2000300
1002
}
  0
LINE
  5
81B
330
70
100
AcDbEntity
  8
G-ANNO-TEXT
 62
     7
100
AcDbLine
 10
29856.80283355341
 20
35704.05455174396
 30
0.0
 11
29856.80283355341
 21
37004.94926218703
 31
0.0
1001
REVIT
1002
{
1070
     1
1000
2411515
1002
}
1002
{
1070
     5
1000
744073
1002
}
1002
{
1070
     2
1000
-2000300
1002
}
  0
MTEXT
  5
81C
330
70
100
AcDbEntity
  8
G-ANNO-TEXT
 62
     7
100
AcDbMText
 10
27268.17837823375
 20
37648.80342885352
 30
0.0
 40
150.0
 41
1964.134375
 46
0.0
 71
     1
 72
     1
  1
      ROOF PITCH
  7
ISOCPEUR_1
 73
     2
 44
1.0
1001
REVIT
1002
{
1070
     1
1000
2411515
1002
}
1002
{
1070
     5
1000
744073
1002
}
1002
{
1070
     2
1000
-2000300
1002
}
  0
MTEXT
  5
81D
330
70
100
AcDbEntity
  8
G-ANNO-TEXT
 62
     7
100
AcDbMText
 10
27281.40754490043
 20
37364.37634552018
 30
0.0
 40
150.0
 41
1940.08375
 46
0.0
 71
     1
 72
     1
  1
COLORBOND ROOF
  7
ISOCPEUR_1
 73
     2
 44
1.0
1001
REVIT
1002
{
1070
     1
1000
2411515
1002
}
1002
{
1070
     5
1000
744073
1002
}
1002
{
1070
     2
1000
-2000300
1002
}
  0
MTEXT
  5
81E
330
70
100
AcDbEntity
  8
G-ANNO-TEXT
 62
     7
100
AcDbMText
 10
26990.36587823376
 20
37079.94926218685
 30
0.0
 40
150.0
 41
2637.551875000001
 46
0.0
 71
     1
 72
     1
  1
SHEETING AS SELECTED
  7
ISOCPEUR_1
 73
     2
 44
1.0
1001
REVIT
1002
{
1070
     1
1000
2411515
1002
}
1002
{
1070
     5
1000
744073
1002
}
1002
{
1070
     2
1000
-2000300
1002
}
  0
ENDSEC
  0
SECTION
  2
OBJECTS
  0
DICTIONARY
  5
C
330
0
100
AcDbDictionary
281
     1
  3
ACAD_CIP_PREVIOUS_PRODUCT_INFO
350
79
  3
ACAD_COLOR
350
63
  3
ACAD_DETAILVIEWSTYLE
350
6A
  3
ACAD_GROUP
350
D
  3
ACAD_IMAGE_VARS
350
7A
  3
ACAD_LAYOUT
350
62
  3
ACAD_MATERIAL
350
10
  3
ACAD_MLEADERSTYLE
350
66
  3
ACAD_MLINESTYLE
350
5F
  3
ACAD_PLOTSETTINGS
350
61
  3
ACAD_PLOTSTYLENAME
350
E
  3
ACAD_SCALELIST
350
42
  3
ACAD_SECTIONVIEWSTYLE
350
68
  3
ACAD_TABLESTYLE
350
64
  3
ACAD_VISUALSTYLE
350
29
  3
ACDB_RECOMPOSE_DATA
350
830
  3
AcDbVariableDictionary
350
828
  3
REVIT_DICTIONARY
350
81F
  0
DICTIONARY
  5
824
330
70
100
AcDbDictionary
280
     1
281
     1
  3
ACAD_SORTENTS
360
825
  0
XRECORD
  5
79
102
{ACAD_REACTORS
330
C
102
}
330
C
100
AcDbXrecord
280
     1
300
RVT
300
2026
300
RVT2026
  0
DICTIONARY
  5
63
102
{ACAD_REACTORS
330
C
102
}
330
C
100
AcDbDictionary
281
     1
  0
DICTIONARY
  5
6A
102
{ACAD_REACTORS
330
C
102
}
330
C
100
AcDbDictionary
281
     1
  3
Imperial24
350
6B
  0
DICTIONARY
  5
D
102
{ACAD_REACTORS
330
C
102
}
330
C
100
AcDbDictionary
281
     1
  0
RASTERVARIABLES
  5
7A
102
{ACAD_REACTORS
330
C
102
}
330
C
100
AcDbRasterVariables
 90
        0
 70
     0
 71
     1
 72
     1
  0
DICTIONARY
  5
62
102
{ACAD_REACTORS
330
C
102
}
330
C
100
AcDbDictionary
281
     1
  3
Layout1
350
6F
  3
Layout2
350
77
  3
Model
350
73
  0
DICTIONARY
  5
10
102
{ACAD_REACTORS
330
C
102
}
330
C
100
AcDbDictionary
281
     1
  3
ByBlock
350
19
  3
ByLayer
350
11
  3
Global
350
21
  0
DICTIONARY
  5
66
102
{ACAD_REACTORS
330
C
102
}
330
C
100
AcDbDictionary
281
     1
  3
Standard
350
67
  0
DICTIONARY
  5
5F
102
{ACAD_REACTORS
330
C
102
}
330
C
100
AcDbDictionary
281
     1
  3
Standard
350
60
  0
DICTIONARY
  5
61
102
{ACAD_REACTORS
330
C
102
}
330
C
100
AcDbDictionary
281
     1
  0
ACDBDICTIONARYWDFLT
  5
E
102
{ACAD_REACTORS
330
C
102
}
330
C
100
AcDbDictionary
281
     1
  3
Normal
350
F
100
AcDbDictionaryWithDefault
340
F
  0
DICTIONARY
  5
42
102
{ACAD_REACTORS
330
C
102
}
330
C
100
AcDbDictionary
281
     1
  3
A0
350
43
  3
A1
350
44
  3
A2
350
45
  3
A3
350
46
  3
A4
350
47
  3
A5
350
48
  3
A6
350
49
  3
A7
350
4A
  3
A8
350
4B
  3
A9
350
4C
  3
B0
350
4D
  3
B1
350
4E
  3
B2
350
4F
  3
B3
350
50
  3
B4
350
51
  3
B5
350
52
  3
B6
350
53
  0
DICTIONARY
  5
68
102
{ACAD_REACTORS
330
C
102
}
330
C
100
AcDbDictionary
281
     1
  3
Imperial24
350
69
  0
DICTIONARY
  5
64
102
{ACAD_REACTORS
330
C
102
}
330
C
100
AcDbDictionary
281
     1
  3
Standard
350
65
  0
DICTIONARY
  5
29
102
{ACAD_REACTORS
330
C
102
}
330
C
100
AcDbDictionary
281
     1
  3
2dWireframe
350
2F
  3
Basic
350
2E
  3
Brighten
350
35
  3
ColorChange
350
39
  3
Conceptual
350
32
  3
Dim
350
34
  3
EdgeColorOff
350
41
  3
Facepattern
350
38
  3
Flat
350
2A
  3
FlatWithEdges
350
2B
  3
Gouraud
350
2C
  3
GouraudWithEdges
350
2D
  3
Hidden
350
31
  3
JitterOff
350
3F
  3
Linepattern
350
37
  3
OverhangOff
350
40
  3
Realistic
350
33
  3
Shaded
350
3E
  3
Shaded with edges
350
3D
  3
Shades of Gray
350
3A
  3
Sketchy
350
3B
  3
Thicken
350
36
  3
Wireframe
350
30
  3
X-Ray
350
3C
  0
XRECORD
  5
830
102
{ACAD_REACTORS
330
C
102
}
330
C
100
AcDbXrecord
280
     1
 90
        1
330
65
  0
DICTIONARY
  5
828
102
{ACAD_REACTORS
330
C
102
}
330
C
100
AcDbDictionary
281
     1
  3
CANNOSCALE
350
82D
  3
CMLEADERSTYLE
350
82A
  3
CTABLESTYLE
350
829
  3
CVIEWDETAILSTYLE
350
82B
  3
CVIEWSECTIONSTYLE
350
82C
  0
DICTIONARY
  5
81F
102
{ACAD_REACTORS
330
C
102
}
330
C
100
AcDbDictionary
281
     1
  3
DRAWING_TOOL
350
823
  3
REVIT_CATEGORY_MAPPING
350
821
  3
REVIT_SUB_CATEGORY_MAPPING
350
822
  3
REVIT_TYPE_MAPPING
350
820
  0
SORTENTSTABLE
  5
825
102
{ACAD_REACTORS
330
824
102
}
330
824
100
AcDbSortentsTable
330
70
  0
ACDBDETAILVIEWSTYLE
  5
6B
102
{ACAD_REACTORS
330
6A
102
}
330
6A
100
AcDbModelDocViewStyle
 70
     0
  3
Imperial24
290
     0
300
Imperial24
 90
        0
100
AcDbDetailViewStyle
 70
     0
 71
     0
 90
        3
 71
     1
340
55
 62
   256
 40
0.24
340
0
 62
   256
 40
0.24
300

 40
0.36
280
     3
 71
     2
340
5D
 90
       25
 62
   256
 71
     3
340
55
 62
   256
 40
0.24
 90
        1
 40
0.75
 90
        1
300
%<\AcVar ViewType \f "%tc1">% %<\AcVar ViewDetailId>%\PSCALE %<\AcVar ViewScale \f "%sn">%
 71
     4
340
5D
 90
       25
 62
   256
340
5D
 90
       25
 62
   256
280
     0
  0
LAYOUT
  5
6F
102
{ACAD_REACTORS
330
62
102
}
330
62
100
AcDbPlotSettings
  1

  2

  4

  6

 40
0.0
 41
0.0
 42
0.0
 43
0.0
 44
0.0
 45
0.0
 46
0.0
 47
0.0
 48
0.0
 49
0.0
140
0.0
141
0.0
142
1.0
143
1.0
 70
   688
 72
     0
 73
     0
 74
     5
  7

 75
    16
 76
     0
 77
     2
 78
   300
147
1.0
148
0.0
149
0.0
100
AcDbLayout
  1
Layout1
 70
     1
 71
     1
 10
0.0
 20
0.0
 11
12.0
 21
9.0
 12
0.0
 22
0.0
 32
0.0
 14
0.0
 24
0.0
 34
0.0
 15
0.0
 25
0.0
 35
0.0
146
0.0
 13
0.0
 23
0.0
 33
0.0
 16
1.0
 26
0.0
 36
0.0
 17
0.0
 27
1.0
 37
0.0
 76
     0
330
6C
  0
LAYOUT
  5
77
102
{ACAD_REACTORS
330
62
102
}
330
62
100
AcDbPlotSettings
  1

  2

  4

  6

 40
0.0
 41
0.0
 42
0.0
 43
0.0
 44
0.0
 45
0.0
 46
0.0
 47
0.0
 48
0.0
 49
0.0
140
0.0
141
0.0
142
1.0
143
1.0
 70
   688
 72
     0
 73
     0
 74
     5
  7

 75
    16
 76
     0
 77
     2
 78
   300
147
1.0
148
0.0
149
0.0
100
AcDbLayout
  1
Layout2
 70
     1
 71
     2
 10
0.0
 20
0.0
 11
12.0
 21
9.0
 12
0.0
 22
0.0
 32
0.0
 14
0.0
 24
0.0
 34
0.0
 15
0.0
 25
0.0
 35
0.0
146
0.0
 13
0.0
 23
0.0
 33
0.0
 16
1.0
 26
0.0
 36
0.0
 17
0.0
 27
1.0
 37
0.0
 76
     0
330
74
  0
LAYOUT
  5
73
102
{ACAD_REACTORS
330
62
102
}
330
62
100
AcDbPlotSettings
  1

  2

  4

  6

 40
0.0
 41
0.0
 42
0.0
 43
0.0
 44
0.0
 45
0.0
 46
0.0
 47
0.0
 48
0.0
 49
0.0
140
0.0
141
0.0
142
1.0
143
1.0
 70
  1712
 72
     0
 73
     0
 74
     0
  7

 75
     0
 76
     0
 77
     2
 78
   300
147
1.0
148
0.0
149
0.0
100
AcDbLayout
  1
Model
 70
     1
 71
     0
 10
0.0
 20
0.0
 11
12.0
 21
9.0
 12
0.0
 22
0.0
 32
0.0
 14
0.0
 24
0.0
 34
0.0
 15
0.0
 25
0.0
 35
0.0
146
0.0
 13
0.0
 23
0.0
 33
0.0
 16
1.0
 26
0.0
 36
0.0
 17
0.0
 27
1.0
 37
0.0
 76
     0
330
70
331
57
  0
MATERIAL
  5
19
102
{ACAD_REACTORS
330
10
102
}
330
10
100
AcDbMaterial
  1
ByBlock
 72
     0
 73
     2
 43
0.0208333333333333
 43
0.0
 43
0.0
 43
0.0
 43
0.0
 43
0.0208333333333333
 43
0.0
 43
0.0
 43
0.0
 43
0.0
 43
1.0
 43
0.0
 43
0.0
 43
0.0
 43
0.0
 43
1.0
 77
     0
 78
     2
 47
0.0208333333333333
 47
0.0
 47
0.0
 47
0.0
 47
0.0
 47
0.0208333333333333
 47
0.0
 47
0.0
 47
0.0
 47
0.0
 47
1.0
 47
0.0
 47
0.0
 47
0.0
 47
0.0
 47
1.0
171
     0
172
     2
 49
0.0208333333333333
 49
0.0
 49
0.0
 49
0.0
 49
0.0
 49
0.0208333333333333
 49
0.0
 49
0.0
 49
0.0
 49
0.0
 49
1.0
 49
0.0
 49
0.0
 49
0.0
 49
0.0
 49
1.0
175
     0
176
     2
142
0.0208333333333333
142
0.0
142
0.0
142
0.0
142
0.0
142
0.0208333333333333
142
0.0
142
0.0
142
0.0
142
0.0
142
1.0
142
0.0
142
0.0
142
0.0
142
0.0
142
1.0
179
     0
270
     2
144
0.0208333333333333
144
0.0
144
0.0
144
0.0
144
0.0
144
0.0208333333333333
144
0.0
144
0.0
144
0.0
144
0.0
144
1.0
144
0.0
144
0.0
144
0.0
144
0.0
144
1.0
274
     2
147
0.0208333333333333
147
0.0
147
0.0
147
0.0
147
0.0
147
0.0208333333333333
147
0.0
147
0.0
147
0.0
147
0.0
147
1.0
147
0.0
147
0.0
147
0.0
147
0.0
147
1.0
 94
      127
  0
MATERIAL
  5
11
102
{ACAD_REACTORS
330
10
102
}
330
10
100
AcDbMaterial
  1
ByLayer
 72
     0
 73
     2
 43
0.0208333333333333
 43
0.0
 43
0.0
 43
0.0
 43
0.0
 43
0.0208333333333333
 43
0.0
 43
0.0
 43
0.0
 43
0.0
 43
1.0
 43
0.0
 43
0.0
 43
0.0
 43
0.0
 43
1.0
 77
     0
 78
     2
 47
0.0208333333333333
 47
0.0
 47
0.0
 47
0.0
 47
0.0
 47
0.0208333333333333
 47
0.0
 47
0.0
 47
0.0
 47
0.0
 47
1.0
 47
0.0
 47
0.0
 47
0.0
 47
0.0
 47
1.0
171
     0
172
     2
 49
0.0208333333333333
 49
0.0
 49
0.0
 49
0.0
 49
0.0
 49
0.0208333333333333
 49
0.0
 49
0.0
 49
0.0
 49
0.0
 49
1.0
 49
0.0
 49
0.0
 49
0.0
 49
0.0
 49
1.0
175
     0
176
     2
142
0.0208333333333333
142
0.0
142
0.0
142
0.0
142
0.0
142
0.0208333333333333
142
0.0
142
0.0
142
0.0
142
0.0
142
1.0
142
0.0
142
0.0
142
0.0
142
0.0
142
1.0
179
     0
270
     2
144
0.0208333333333333
144
0.0
144
0.0
144
0.0
144
0.0
144
0.0208333333333333
144
0.0
144
0.0
144
0.0
144
0.0
144
1.0
144
0.0
144
0.0
144
0.0
144
0.0
144
1.0
274
     2
147
0.0208333333333333
147
0.0
147
0.0
147
0.0
147
0.0
147
0.0208333333333333
147
0.0
147
0.0
147
0.0
147
0.0
147
1.0
147
0.0
147
0.0
147
0.0
147
0.0
147
1.0
 94
      127
  0
MATERIAL
  5
21
102
{ACAD_REACTORS
330
10
102
}
330
10
100
AcDbMaterial
  1
Global
 72
     0
 73
     2
 43
0.0208333333333333
 43
0.0
 43
0.0
 43
0.0
 43
0.0
 43
0.0208333333333333
 43
0.0
 43
0.0
 43
0.0
 43
0.0
 43
1.0
 43
0.0
 43
0.0
 43
0.0
 43
0.0
 43
1.0
 77
     0
 78
     2
 47
0.0208333333333333
 47
0.0
 47
0.0
 47
0.0
 47
0.0
 47
0.0208333333333333
 47
0.0
 47
0.0
 47
0.0
 47
0.0
 47
1.0
 47
0.0
 47
0.0
 47
0.0
 47
0.0
 47
1.0
171
     0
172
     2
 49
0.0208333333333333
 49
0.0
 49
0.0
 49
0.0
 49
0.0
 49
0.0208333333333333
 49
0.0
 49
0.0
 49
0.0
 49
0.0
 49
1.0
 49
0.0
 49
0.0
 49
0.0
 49
0.0
 49
1.0
175
     0
176
     2
142
0.0208333333333333
142
0.0
142
0.0
142
0.0
142
0.0
142
0.0208333333333333
142
0.0
142
0.0
142
0.0
142
0.0
142
1.0
142
0.0
142
0.0
142
0.0
142
0.0
142
1.0
179
     0
270
     2
144
0.0208333333333333
144
0.0
144
0.0
144
0.0
144
0.0
144
0.0208333333333333
144
0.0
144
0.0
144
0.0
144
0.0
144
1.0
144
0.0
144
0.0
144
0.0
144
0.0
144
1.0
274
     2
147
0.0208333333333333
147
0.0
147
0.0
147
0.0
147
0.0
147
0.0208333333333333
147
0.0
147
0.0
147
0.0
147
0.0
147
1.0
147
0.0
147
0.0
147
0.0
147
0.0
147
1.0
 94
      127
  0
MLEADERSTYLE
  5
67
102
{ACAD_REACTORS
330
66
102
}
330
66
100
AcDbMLeaderStyle
179
     2
170
     2
171
     1
172
     0
 90
        2
 40
0.0
 41
0.0
173
     1
 91
-1056964608
340
5B
 92
       -2
290
     1
 42
0.09
291
     1
 43
0.36
  3
Standard
341
0
 44
0.18
300

342
55
174
     1
178
     6
175
     1
176
     0
 93
-1056964608
 45
0.18
292
     0
297
     0
 46
0.18
343
0
 94
-1056964608
 47
1.0
 49
1.0
140
1.0
293
     1
141
0.0
294
     1
177
     0
142
1.0
295
     1
296
     0
143
0.125
271
     0
272
     9
273
     9
298
     1
  0
MLINESTYLE
  5
60
102
{ACAD_REACTORS
330
5F
102
}
330
5F
100
AcDbMlineStyle
  2
STANDARD
 70
     0
  3

 62
   256
 51
90.0
 52
90.0
 71
     2
 49
0.5
 62
   256
  6
BYLAYER
 49
-0.5
 62
   256
  6
BYLAYER
  0
ACDBPLACEHOLDER
  5
F
102
{ACAD_REACTORS
330
E
102
}
330
E
  0
SCALE
  5
43
102
{ACAD_REACTORS
330
42
102
}
330
42
100
AcDbScale
 70
     0
300
1:1
140
1.0
141
1.0
290
     1
  0
SCALE
  5
44
102
{ACAD_REACTORS
330
42
102
}
330
42
100
AcDbScale
 70
     0
300
1/128" = 1'-0"
140
0.0078125
141
12.0
290
     0
  0
SCALE
  5
45
102
{ACAD_REACTORS
330
42
102
}
330
42
100
AcDbScale
 70
     0
300
1/64" = 1'-0"
140
0.015625
141
12.0
290
     0
  0
SCALE
  5
46
102
{ACAD_REACTORS
330
42
102
}
330
42
100
AcDbScale
 70
     0
300
1/32" = 1'-0"
140
0.03125
141
12.0
290
     0
  0
SCALE
  5
47
102
{ACAD_REACTORS
330
42
102
}
330
42
100
AcDbScale
 70
     0
300
1/16" = 1'-0"
140
0.0625
141
12.0
290
     0
  0
SCALE
  5
48
102
{ACAD_REACTORS
330
42
102
}
330
42
100
AcDbScale
 70
     0
300
3/32" = 1'-0"
140
0.09375
141
12.0
290
     0
  0
SCALE
  5
49
102
{ACAD_REACTORS
330
42
102
}
330
42
100
AcDbScale
 70
     0
300
1/8" = 1'-0"
140
0.125
141
12.0
290
     0
  0
SCALE
  5
4A
102
{ACAD_REACTORS
330
42
102
}
330
42
100
AcDbScale
 70
     0
300
3/16" = 1'-0"
140
0.1875
141
12.0
290
     0
  0
SCALE
  5
4B
102
{ACAD_REACTORS
330
42
102
}
330
42
100
AcDbScale
 70
     0
300
1/4" = 1'-0"
140
0.25
141
12.0
290
     0
  0
SCALE
  5
4C
102
{ACAD_REACTORS
330
42
102
}
330
42
100
AcDbScale
 70
     0
300
3/8" = 1'-0"
140
0.375
141
12.0
290
     0
  0
SCALE
  5
4D
102
{ACAD_REACTORS
330
42
102
}
330
42
100
AcDbScale
 70
     0
300
1/2" = 1'-0"
140
0.5
141
12.0
290
     0
  0
SCALE
  5
4E
102
{ACAD_REACTORS
330
42
102
}
330
42
100
AcDbScale
 70
     0
300
3/4" = 1'-0"
140
0.75
141
12.0
290
     0
  0
SCALE
  5
4F
102
{ACAD_REACTORS
330
42
102
}
330
42
100
AcDbScale
 70
     0
300
1" = 1'-0"
140
1.0
141
12.0
290
     0
  0
SCALE
  5
50
102
{ACAD_REACTORS
330
42
102
}
330
42
100
AcDbScale
 70
     0
300
1-1/2" = 1'-0"
140
1.5
141
12.0
290
     0
  0
SCALE
  5
51
102
{ACAD_REACTORS
330
42
102
}
330
42
100
AcDbScale
 70
     0
300
3" = 1'-0"
140
3.0
141
12.0
290
     0
  0
SCALE
  5
52
102
{ACAD_REACTORS
330
42
102
}
330
42
100
AcDbScale
 70
     0
300
6" = 1'-0"
140
6.0
141
12.0
290
     0
  0
SCALE
  5
53
102
{ACAD_REACTORS
330
42
102
}
330
42
100
AcDbScale
 70
     0
300
1'-0" = 1'-0"
140
12.0
141
12.0
290
     0
  0
ACDBSECTIONVIEWSTYLE
  5
69
102
{ACAD_REACTORS
330
68
102
}
330
68
100
AcDbModelDocViewStyle
 70
     0
  3
Imperial24
290
     0
300
Imperial24
 90
        0
100
AcDbSectionViewStyle
 70
     0
 71
     0
 90
       78
 71
     1
340
55
 62
   256
 40
0.24
340
0
340
0
 62
   256
 40
0.24
300
I, O, Q, S, X, Z
 40
0.48
 90
        3
 40
0.18
 90
        1
 71
     2
340
5D
 90
       25
 62
   256
340
5D
 90
       50
 62
   256
 40
0.24
 40
0.0
 40
0.24
 71
     3
340
55
 62
   256
 40
0.24
 90
        1
 40
0.75
 90
        1
300
%<\AcVar ViewType \f "%tc1">% %<\AcVar ViewSectionStartId>%-%<\AcVar ViewSectionEndId>%\PSCALE %<\AcVar ViewScale \f "%sn">%
 71
     4
 62
   256
 62
   257
300
ANSI31
 40
1.0
 90
        0
290
     0
290
     0
 90
        6
 40
0.0
 40
1.570796326794897
 40
0.2617993877991494
 40
1.308996938995747
 40
-0.2617993877991494
 40
1.832595714594046
  0
TABLESTYLE
  5
65
102
{ACAD_REACTORS
330
64
102
}
102
{ACAD_XDICTIONARY
360
82E
102
}
330
64
100
AcDbTableStyle
  3
Standard
 70
     0
 71
     0
 40
0.06
 41
0.06
280
     0
281
     0
  7
Standard
140
0.18
170
     2
 62
     0
 63
   257
283
     0
 90
      512
 91
        0
  1

274
    -2
284
     1
 64
     0
275
    -2
285
     1
 65
     0
276
    -2
286
     1
 66
     0
277
    -2
287
     1
 67
     0
278
    -2
288
     1
 68
     0
279
    -2
289
     1
 69
     0
  7
Standard
140
0.25
170
     5
 62
     0
 63
   257
283
     0
 90
      512
 91
        0
  1

274
    -2
284
     1
 64
     0
275
    -2
285
     1
 65
     0
276
    -2
286
     1
 66
     0
277
    -2
287
     1
 67
     0
278
    -2
288
     1
 68
     0
279
    -2
289
     1
 69
     0
  7
Standard
140
0.18
170
     5
 62
     0
 63
   257
283
     0
 90
      512
 91
        0
  1

274
    -2
284
     1
 64
     0
275
    -2
285
     1
 65
     0
276
    -2
286
     1
 66
     0
277
    -2
287
     1
 67
     0
278
    -2
288
     1
 68
     0
279
    -2
289
     1
 69
     0
  0
VISUALSTYLE
  5
2F
102
{ACAD_REACTORS
330
29
102
}
330
29
100
AcDbVisualStyle
  2
2dWireframe
 70
     4
177
     3
291
     0
 70
    58
 90
        0
176
     1
 90
        2
176
     1
 90
        0
176
     1
 90
        0
176
     1
 40
0.6
176
     1
 40
30.0
176
     1
 62
     7
420
 16777215
176
     1
 90
        1
176
     1
 90
        4
176
     1
 62
     7
176
     1
 62
   257
176
     1
 90
        1
176
     1
 90
        1
176
     1
 40
1.0
176
     1
 90
        0
176
     1
 62
   257
176
     1
 40
1.0
176
     1
 90
        1
176
     1
 90
        6
176
     1
 90
        2
176
     1
 62
     7
176
     1
 90
        5
176
     1
 90
        0
176
     1
 90
        0
176
     1
290
     0
176
     1
 90
        1
176
     1
 40
0.0
176
     1
 90
        0
176
     1
290
     1
176
     1
290
     1
176
     1
290
     0
176
     1
290
     0
176
     1
290
     0
176
     1
290
     0
176
     1
290
     0
176
     1
290
     0
176
     1
290
     0
176
     1
 90
       50
176
     1
 40
0.0
176
     1
 40
1.0
176
     1
 90
        0
176
     1
 62
    18
420
        0
176
     1
 90
       50
176
     1
 90
        3
176
     1
 62
     5
420
      255
176
     1
290
     0
176
     1
 90
       50
176
     1
 90
       50
176
     1
 90
       50
176
     1
290
     0
176
     1
 90
       50
176
     1
 62
   256
176
     0
 40
1.0
176
     0
 90
        2
176
     1
  1
strokes_ogs.tif
176
     1
290
     0
176
     1
 40
1.0
176
     1
 40
1.0
176
     1
  0
VISUALSTYLE
  5
2E
102
{ACAD_REACTORS
330
29
102
}
330
29
100
AcDbVisualStyle
  2
Basic
 70
     7
177
     3
291
     1
 70
    58
 90
        1
176
     1
 90
        0
176
     1
 90
        1
176
     1
 90
        0
176
     1
 40
0.6
176
     1
 40
30.0
176
     1
 62
     7
420
 16777215
176
     1
 90
        0
176
     1
 90
        4
176
     1
 62
     7
176
     1
 62
   257
176
     1
 90
        1
176
     1
 90
        1
176
     1
 40
1.0
176
     1
 90
        8
176
     1
 62
     7
176
     1
 40
1.0
176
     1
 90
        1
176
     1
 90
        6
176
     1
 90
        2
176
     1
 62
     7
176
     1
 90
        5
176
     1
 90
        0
176
     1
 90
        0
176
     1
290
     0
176
     1
 90
        1
176
     1
 40
0.0
176
     1
 90
        0
176
     1
290
     0
176
     1
290
     1
176
     1
290
     1
176
     1
290
     0
176
     1
290
     0
176
     1
290
     0
176
     1
290
     0
176
     1
290
     0
176
     1
290
     0
176
     1
 90
       50
176
     1
 40
0.0
176
     1
 40
1.0
176
     1
 90
        0
176
     1
 62
    18
420
        0
176
     1
 90
       50
176
     1
 90
        3
176
     1
 62
     5
420
      255
176
     1
290
     0
176
     1
 90
       50
176
     1
 90
       50
176
     1
 90
       50
176
     1
290
     0
176
     1
 90
       50
176
     1
 62
   256
176
     0
 40
1.0
176
     0
 90
        2
176
     1
  1
strokes_ogs.tif
176
     1
290
     0
176
     1
 40
1.0
176
     1
 40
1.0
176
     1
  0
VISUALSTYLE
  5
35
102
{ACAD_REACTORS
330
29
102
}
330
29
100
AcDbVisualStyle
  2
Brighten
 70
    12
177
     3
291
     1
 70
    58
 90
        2
176
     1
 90
        2
176
     1
 90
        0
176
     1
 90
        0
176
     1
 40
0.6
176
     1
 40
30.0
176
     1
 62
     7
420
 16777215
176
     1
 90
        1
176
     1
 90
        4
176
     1
 62
     7
176
     1
 62
   257
176
     1
 90
        1
176
     1
 90
        1
176
     1
 40
1.0
176
     1
 90
        8
176
     1
 62
     7
176
     1
 40
1.0
176
     1
 90
        1
176
     1
 90
        6
176
     1
 90
        2
176
     1
 62
     7
176
     1
 90
        5
176
     1
 90
        0
176
     1
 90
        0
176
     1
290
     0
176
     1
 90
        1
176
     1
 40
50.0
176
     1
 90
        0
176
     1
290
     0
176
     1
290
     1
176
     1
290
     1
176
     1
290
     0
176
     1
290
     0
176
     1
290
     0
176
     1
290
     0
176
     1
290
     0
176
     1
290
     0
176
     1
 90
       50
176
     1
 40
0.0
176
     1
 40
1.0
176
     1
 90
        0
176
     1
 62
    18
420
        0
176
     1
 90
       50
176
     1
 90
        3
176
     1
 62
     5
420
      255
176
     1
290
     0
176
     1
 90
       50
176
     1
 90
       50
176
     1
 90
       50
176
     1
290
     0
176
     1
 90
       50
176
     1
 62
   256
176
     0
 40
1.0
176
     0
 90
        2
176
     1
  1
strokes_ogs.tif
176
     1
290
     0
176
     1
 40
1.0
176
     1
 40
1.0
176
     1
  0
VISUALSTYLE
  5
39
102
{ACAD_REACTORS
330
29
102
}
330
29
100
AcDbVisualStyle
  2
ColorChange
 70
    16
177
     3
291
     1
 70
    58
 90
        2
176
     1
 90
        2
176
     1
 90
        3
176
     1
 90
        0
176
     1
 40
0.6
176
     1
 40
30.0
176
     1
 62
     8
420
  8421504
176
     1
 90
        1
176
     1
 90
        4
176
     1
 62
     7
176
     1
 62
   257
176
     1
 90
        1
176
     1
 90
        1
176
     1
 40
1.0
176
     1
 90
        8
176
     1
 62
     8
420
  8421504
176
     1
 40
1.0
176
     1
 90
        1
176
     1
 90
        6
176
     1
 90
        2
176
     1
 62
     7
176
     1
 90
        5
176
     1
 90
        0
176
     1
 90
        0
176
     1
290
     0
176
     1
 90
        1
176
     1
 40
0.0
176
     1
 90
        0
176
     1
290
     0
176
     1
290
     1
176
     1
290
     1
176
     1
290
     0
176
     1
290
     0
176
     1
290
     0
176
     1
290
     0
176
     1
290
     0
176
     1
290
     0
176
     1
 90
       50
176
     1
 40
0.0
176
     1
 40
1.0
176
     1
 90
        0
176
     1
 62
    18
420
        0
176
     1
 90
       50
176
     1
 90
        3
176
     1
 62
     5
420
      255
176
     1
290
     0
176
     1
 90
       50
176
     1
 90
       50
176
     1
 90
       50
176
     1
290
     0
176
     1
 90
       50
176
     1
 62
   256
176
     0
 40
1.0
176
     0
 90
        2
176
     1
  1
strokes_ogs.tif
176
     1
290
     0
176
     1
 40
1.0
176
     1
 40
1.0
176
     1
  0
VISUALSTYLE
  5
32
102
{ACAD_REACTORS
330
29
102
}
330
29
100
AcDbVisualStyle
  2
Conceptual
 70
     9
177
     3
291
     0
 70
    58
 90
        3
176
     1
 90
        2
176
     1
 90
        0
176
     1
 90
        0
176
     1
 40
0.6
176
     1
 40
30.0
176
     1
 62
     7
420
 16777215
176
     1
 90
        2
176
     1
 90
        2
176
     1
 62
     7
176
     1
 62
   257
176
     1
 90
        1
176
     1
 90
        1
176
     1
 40
179.0
176
     1
 90
        8
176
     1
 62
     7
176
     1
 40
1.0
176
     1
 90
        1
176
     1
 90
        6
176
     1
 90
        2
176
     1
 62
     7
176
     1
 90
        3
176
     1
 90
        0
176
     1
 90
        0
176
     1
290
     0
176
     1
 90
        1
176
     1
 40
0.0
176
     1
 90
        0
176
     1
290
     0
176
     1
290
     1
176
     1
290
     1
176
     1
290
     0
176
     1
290
     0
176
     1
290
     0
176
     1
290
     0
176
     1
290
     0
176
     1
290
     0
176
     1
 90
       50
176
     1
 40
0.0
176
     1
 40
1.0
176
     1
 90
        0
176
     1
 62
    18
420
        0
176
     1
 90
       50
176
     1
 90
        3
176
     1
 62
     5
420
      255
176
     1
290
     0
176
     1
 90
       50
176
     1
 90
       50
176
     1
 90
       50
176
     1
290
     0
176
     1
 90
       50
176
     1
 62
   256
176
     0
 40
1.0
176
     0
 90
        2
176
     1
  1
strokes_ogs.tif
176
     1
290
     0
176
     1
 40
1.0
176
     1
 40
1.0
176
     1
  0
VISUALSTYLE
  5
34
102
{ACAD_REACTORS
330
29
102
}
330
29
100
AcDbVisualStyle
  2
Dim
 70
    11
177
     3
291
     1
 70
    58
 90
        2
176
     1
 90
        2
176
     1
 90
        0
176
     1
 90
        0
176
     1
 40
0.6
176
     1
 40
30.0
176
     1
 62
     7
420
 16777215
176
     1
 90
        1
176
     1
 90
        4
176
     1
 62
     7
176
     1
 62
   257
176
     1
 90
        1
176
     1
 90
        1
176
     1
 40
1.0
176
     1
 90
        8
176
     1
 62
     7
176
     1
 40
1.0
176
     1
 90
        1
176
     1
 90
        6
176
     1
 90
        2
176
     1
 62
     7
176
     1
 90
        5
176
     1
 90
        0
176
     1
 90
        0
176
     1
290
     0
176
     1
 90
        1
176
     1
 40
-50.0
176
     1
 90
        0
176
     1
290
     0
176
     1
290
     1
176
     1
290
     1
176
     1
290
     0
176
     1
290
     0
176
     1
290
     0
176
     1
290
     0
176
     1
290
     0
176
     1
290
     0
176
     1
 90
       50
176
     1
 40
0.0
176
     1
 40
1.0
176
     1
 90
        0
176
     1
 62
    18
420
        0
176
     1
 90
       50
176
     1
 90
        3
176
     1
 62
     5
420
      255
176
     1
290
     0
176
     1
 90
       50
176
     1
 90
       50
176
     1
 90
       50
176
     1
290
     0
176
     1
 90
       50
176
     1
 62
   256
176
     0
 40
1.0
176
     0
 90
        2
176
     1
  1
strokes_ogs.tif
176
     1
290
     0
176
     1
 40
1.0
176
     1
 40
1.0
176
     1
  0
VISUALSTYLE
  5
41
102
{ACAD_REACTORS
330
29
102
}
330
29
100
AcDbVisualStyle
  2
EdgeColorOff
 70
    22
177
     3
291
     1
 70
    58
 90
        2
176
     0
 90
        2
176
     0
 90
        0
176
     0
 90
        0
176
     0
 40
0.6
176
     0
 40
30.0
176
     0
 62
     7
420
 16777215
176
     0
 90
        1
176
     0
 90
        4
176
     0
 62
     7
176
     0
 62
   257
176
     0
 90
        1
176
     0
 90
        1
176
     0
 40
1.0
176
     0
 90
        8
176
     2
 62
     7
176
     0
 40
1.0
176
     0
 90
        1
176
     0
 90
        6
176
     0
 90
        2
176
     0
 62
     7
176
     0
 90
        5
176
     0
 90
        0
176
     0
 90
        0
176
     0
290
     0
176
     0
 90
        1
176
     0
 40
0.0
176
     0
 90
        0
176
     0
290
     0
176
     0
290
     1
176
     0
290
     1
176
     0
290
     0
176
     0
290
     0
176
     0
290
     0
176
     0
290
     0
176
     0
290
     0
176
     0
290
     0
176
     0
 90
       50
176
     0
 40
0.0
176
     0
 40
1.0
176
     0
 90
        0
176
     0
 62
    18
420
        0
176
     0
 90
       50
176
     0
 90
        3
176
     0
 62
     5
420
      255
176
     0
290
     0
176
     0
 90
       50
176
     0
 90
       50
176
     0
 90
       50
176
     0
290
     0
176
     0
 90
       50
176
     0
 62
   256
176
     0
 40
1.0
176
     0
 90
        2
176
     0
  1
strokes_ogs.tif
176
     0
290
     0
176
     0
 40
1.0
176
     0
 40
1.0
176
     0
  0
VISUALSTYLE
  5
38
102
{ACAD_REACTORS
330
29
102
}
330
29
100
AcDbVisualStyle
  2
Facepattern
 70
    15
177
     3
291
     1
 70
    58
 90
        2
176
     1
 90
        2
176
     1
 90
        0
176
     1
 90
        0
176
     1
 40
0.6
176
     1
 40
30.0
176
     1
 62
     7
420
 16777215
176
     1
 90
        1
176
     1
 90
        4
176
     1
 62
     7
176
     1
 62
   257
176
     1
 90
        1
176
     1
 90
        1
176
     1
 40
1.0
176
     1
 90
        8
176
     1
 62
     7
176
     1
 40
1.0
176
     1
 90
        1
176
     1
 90
        6
176
     1
 90
        2
176
     1
 62
     7
176
     1
 90
        5
176
     1
 90
        0
176
     1
 90
        0
176
     1
290
     0
176
     1
 90
        1
176
     1
 40
0.0
176
     1
 90
        0
176
     1
290
     0
176
     1
290
     1
176
     1
290
     1
176
     1
290
     0
176
     1
290
     0
176
     1
290
     0
176
     1
290
     0
176
     1
290
     0
176
     1
290
     0
176
     1
 90
       50
176
     1
 40
0.0
176
     1
 40
1.0
176
     1
 90
        0
176
     1
 62
    18
420
        0
176
     1
 90
       50
176
     1
 90
        3
176
     1
 62
     5
420
      255
176
     1
290
     0
176
     1
 90
       50
176
     1
 90
       50
176
     1
 90
       50
176
     1
290
     0
176
     1
 90
       50
176
     1
 62
   256
176
     0
 40
1.0
176
     0
 90
        2
176
     1
  1
strokes_ogs.tif
176
     1
290
     0
176
     1
 40
1.0
176
     1
 40
1.0
176
     1
  0
VISUALSTYLE
  5
2A
102
{ACAD_REACTORS
330
29
102
}
330
29
100
AcDbVisualStyle
  2
Flat
 70
     0
177
     3
291
     1
 70
    58
 90
        2
176
     1
 90
        1
176
     1
 90
        1
176
     1
 90
        2
176
     1
 40
0.6
176
     1
 40
30.0
176
     1
 62
     7
420
 16777215
176
     1
 90
        0
176
     1
 90
        0
176
     1
 62
     7
176
     1
 62
   257
176
     1
 90
        1
176
     1
 90
        1
176
     1
 40
1.0
176
     1
 90
        8
176
     1
 62
     7
176
     1
 40
1.0
176
     1
 90
        1
176
     1
 90
        6
176
     1
 90
        2
176
     1
 62
     7
176
     1
 90
        5
176
     1
 90
        0
176
     1
 90
        0
176
     1
290
     0
176
     1
 90
       13
176
     1
 40
0.0
176
     1
 90
        0
176
     1
290
     0
176
     1
290
     1
176
     1
290
     1
176
     1
290
     0
176
     1
290
     0
176
     1
290
     0
176
     1
290
     0
176
     1
290
     0
176
     1
290
     0
176
     1
 90
       50
176
     1
 40
0.0
176
     1
 40
1.0
176
     1
 90
        0
176
     1
 62
    18
420
        0
176
     1
 90
       50
176
     1
 90
        3
176
     1
 62
     5
420
      255
176
     1
290
     0
176
     1
 90
       50
176
     1
 90
       50
176
     1
 90
       50
176
     1
290
     0
176
     1
 90
       50
176
     1
 62
   256
176
     0
 40
1.0
176
     0
 90
        2
176
     1
  1
strokes_ogs.tif
176
     1
290
     0
176
     1
 40
1.0
176
     1
 40
1.0
176
     1
  0
VISUALSTYLE
  5
2B
102
{ACAD_REACTORS
330
29
102
}
330
29
100
AcDbVisualStyle
  2
FlatWithEdges
 70
     1
177
     3
291
     1
 70
    58
 90
        2
176
     1
 90
        1
176
     1
 90
        1
176
     1
 90
        2
176
     1
 40
0.6
176
     1
 40
30.0
176
     1
 62
     7
420
 16777215
176
     1
 90
        1
176
     1
 90
        0
176
     1
 62
     7
176
     1
 62
   257
176
     1
 90
        1
176
     1
 90
        1
176
     1
 40
1.0
176
     1
 90
        0
176
     1
 62
   257
176
     1
 40
1.0
176
     1
 90
        1
176
     1
 90
        6
176
     1
 90
        2
176
     1
 62
     7
176
     1
 90
        5
176
     1
 90
        0
176
     1
 90
        0
176
     1
290
     0
176
     1
 90
       13
176
     1
 40
0.0
176
     1
 90
        0
176
     1
290
     0
176
     1
290
     1
176
     1
290
     1
176
     1
290
     0
176
     1
290
     0
176
     1
290
     0
176
     1
290
     0
176
     1
290
     0
176
     1
290
     0
176
     1
 90
       50
176
     1
 40
0.0
176
     1
 40
1.0
176
     1
 90
        0
176
     1
 62
    18
420
        0
176
     1
 90
       50
176
     1
 90
        3
176
     1
 62
     5
420
      255
176
     1
290
     0
176
     1
 90
       50
176
     1
 90
       50
176
     1
 90
       50
176
     1
290
     0
176
     1
 90
       50
176
     1
 62
   256
176
     0
 40
1.0
176
     0
 90
        2
176
     1
  1
strokes_ogs.tif
176
     1
290
     0
176
     1
 40
1.0
176
     1
 40
1.0
176
     1
  0
VISUALSTYLE
  5
2C
102
{ACAD_REACTORS
330
29
102
}
330
29
100
AcDbVisualStyle
  2
Gouraud
 70
     2
177
     3
291
     1
 70
    58
 90
        2
176
     1
 90
        2
176
     1
 90
        1
176
     1
 90
        2
176
     1
 40
0.6
176
     1
 40
30.0
176
     1
 62
     7
420
 16777215
176
     1
 90
        0
176
     1
 90
        0
176
     1
 62
     7
176
     1
 62
   257
176
     1
 90
        1
176
     1
 90
        1
176
     1
 40
1.0
176
     1
 90
        0
176
     1
 62
     7
176
     1
 40
1.0
176
     1
 90
        1
176
     1
 90
        6
176
     1
 90
        2
176
     1
 62
     7
176
     1
 90
        5
176
     1
 90
        0
176
     1
 90
        0
176
     1
290
     0
176
     1
 90
       13
176
     1
 40
0.0
176
     1
 90
        0
176
     1
290
     0
176
     1
290
     1
176
     1
290
     1
176
     1
290
     0
176
     1
290
     0
176
     1
290
     0
176
     1
290
     0
176
     1
290
     0
176
     1
290
     0
176
     1
 90
       50
176
     1
 40
0.0
176
     1
 40
1.0
176
     1
 90
        0
176
     1
 62
    18
420
        0
176
     1
 90
       50
176
     1
 90
        3
176
     1
 62
     5
420
      255
176
     1
290
     0
176
     1
 90
       50
176
     1
 90
       50
176
     1
 90
       50
176
     1
290
     0
176
     1
 90
       50
176
     1
 62
   256
176
     0
 40
1.0
176
     0
 90
        2
176
     1
  1
strokes_ogs.tif
176
     1
290
     0
176
     1
 40
1.0
176
     1
 40
1.0
176
     1
  0
VISUALSTYLE
  5
2D
102
{ACAD_REACTORS
330
29
102
}
330
29
100
AcDbVisualStyle
  2
GouraudWithEdges
 70
     3
177
     3
291
     1
 70
    58
 90
        2
176
     1
 90
        2
176
     1
 90
        1
176
     1
 90
        2
176
     1
 40
0.6
176
     1
 40
30.0
176
     1
 62
     7
420
 16777215
176
     1
 90
        1
176
     1
 90
        0
176
     1
 62
     7
176
     1
 62
   257
176
     1
 90
        1
176
     1
 90
        1
176
     1
 40
1.0
176
     1
 90
        0
176
     1
 62
   257
176
     1
 40
1.0
176
     1
 90
        1
176
     1
 90
        6
176
     1
 90
        2
176
     1
 62
     7
176
     1
 90
        5
176
     1
 90
        0
176
     1
 90
        0
176
     1
290
     0
176
     1
 90
       13
176
     1
 40
0.0
176
     1
 90
        0
176
     1
290
     0
176
     1
290
     1
176
     1
290
     1
176
     1
290
     0
176
     1
290
     0
176
     1
290
     0
176
     1
290
     0
176
     1
290
     0
176
     1
290
     0
176
     1
 90
       50
176
     1
 40
0.0
176
     1
 40
1.0
176
     1
 90
        0
176
     1
 62
    18
420
        0
176
     1
 90
       50
176
     1
 90
        3
176
     1
 62
     5
420
      255
176
     1
290
     0
176
     1
 90
       50
176
     1
 90
       50
176
     1
 90
       50
176
     1
290
     0
176
     1
 90
       50
176
     1
 62
   256
176
     0
 40
1.0
176
     0
 90
        2
176
     1
  1
strokes_ogs.tif
176
     1
290
     0
176
     1
 40
1.0
176
     1
 40
1.0
176
     1
  0
VISUALSTYLE
  5
31
102
{ACAD_REACTORS
330
29
102
}
330
29
100
AcDbVisualStyle
  2
Hidden
 70
     6
177
     3
291
     0
 70
    58
 90
        1
176
     1
 90
        2
176
     1
 90
        2
176
     1
 90
        0
176
     1
 40
0.6
176
     1
 40
30.0
176
     1
 62
     7
420
 16777215
176
     1
 90
        2
176
     1
 90
        2
176
     1
 62
     7
176
     1
 62
   257
176
     1
 90
        2
176
     1
 90
        1
176
     1
 40
40.0
176
     1
 90
        0
176
     1
 62
   257
176
     1
 40
1.0
176
     1
 90
        1
176
     1
 90
        6
176
     1
 90
        2
176
     1
 62
     7
176
     1
 90
        3
176
     1
 90
        0
176
     1
 90
        0
176
     1
290
     0
176
     1
 90
        1
176
     1
 40
0.0
176
     1
 90
        0
176
     1
290
     0
176
     1
290
     1
176
     1
290
     1
176
     1
290
     0
176
     1
290
     0
176
     1
290
     0
176
     1
290
     0
176
     1
290
     0
176
     1
290
     0
176
     1
 90
       50
176
     1
 40
0.0
176
     1
 40
1.0
176
     1
 90
        0
176
     1
 62
    18
420
        0
176
     1
 90
       50
176
     1
 90
        3
176
     1
 62
     5
420
      255
176
     1
290
     0
176
     1
 90
       50
176
     1
 90
       50
176
     1
 90
       50
176
     1
290
     0
176
     1
 90
       50
176
     1
 62
   256
176
     0
 40
1.0
176
     0
 90
        2
176
     1
  1
strokes_ogs.tif
176
     1
290
     0
176
     1
 40
1.0
176
     1
 40
1.0
176
     1
  0
VISUALSTYLE
  5
3F
102
{ACAD_REACTORS
330
29
102
}
330
29
100
AcDbVisualStyle
  2
JitterOff
 70
    20
177
     3
291
     1
 70
    58
 90
        2
176
     0
 90
        2
176
     0
 90
        0
176
     0
 90
        0
176
     0
 40
0.6
176
     0
 40
30.0
176
     0
 62
     7
420
 16777215
176
     0
 90
        1
176
     0
 90
        4
176
     0
 62
     7
176
     0
 62
   257
176
     0
 90
        1
176
     0
 90
        1
176
     0
 40
1.0
176
     0
 90
       10
176
     2
 62
     7
176
     0
 40
1.0
176
     0
 90
        1
176
     0
 90
        6
176
     0
 90
        2
176
     0
 62
     7
176
     0
 90
        5
176
     0
 90
        0
176
     0
 90
        0
176
     0
290
     0
176
     0
 90
        1
176
     0
 40
0.0
176
     0
 90
        0
176
     0
290
     0
176
     0
290
     1
176
     0
290
     1
176
     0
290
     0
176
     0
290
     0
176
     0
290
     0
176
     0
290
     0
176
     0
290
     0
176
     0
290
     0
176
     0
 90
       50
176
     0
 40
0.0
176
     0
 40
1.0
176
     0
 90
        0
176
     0
 62
    18
420
        0
176
     0
 90
       50
176
     0
 90
        3
176
     0
 62
     5
420
      255
176
     0
290
     0
176
     0
 90
       50
176
     0
 90
       50
176
     0
 90
       50
176
     0
290
     0
176
     0
 90
       50
176
     0
 62
   256
176
     0
 40
1.0
176
     0
 90
        2
176
     0
  1
strokes_ogs.tif
176
     0
290
     0
176
     0
 40
1.0
176
     0
 40
1.0
176
     0
  0
VISUALSTYLE
  5
37
102
{ACAD_REACTORS
330
29
102
}
330
29
100
AcDbVisualStyle
  2
Linepattern
 70
    14
177
     3
291
     1
 70
    58
 90
        2
176
     1
 90
        2
176
     1
 90
        0
176
     1
 90
        0
176
     1
 40
0.6
176
     1
 40
30.0
176
     1
 62
     7
420
 16777215
176
     1
 90
        1
176
     1
 90
        4
176
     1
 62
     7
176
     1
 62
   257
176
     1
 90
        7
176
     1
 90
        7
176
     1
 40
1.0
176
     1
 90
        8
176
     1
 62
     7
176
     1
 40
1.0
176
     1
 90
        1
176
     1
 90
        6
176
     1
 90
        2
176
     1
 62
     7
176
     1
 90
        5
176
     1
 90
        0
176
     1
 90
        0
176
     1
290
     0
176
     1
 90
        1
176
     1
 40
0.0
176
     1
 90
        0
176
     1
290
     0
176
     1
290
     1
176
     1
290
     1
176
     1
290
     0
176
     1
290
     0
176
     1
290
     0
176
     1
290
     0
176
     1
290
     0
176
     1
290
     0
176
     1
 90
       50
176
     1
 40
0.0
176
     1
 40
1.0
176
     1
 90
        0
176
     1
 62
    18
420
        0
176
     1
 90
       50
176
     1
 90
        3
176
     1
 62
     5
420
      255
176
     1
290
     0
176
     1
 90
       50
176
     1
 90
       50
176
     1
 90
       50
176
     1
290
     0
176
     1
 90
       50
176
     1
 62
   256
176
     0
 40
1.0
176
     0
 90
        2
176
     1
  1
strokes_ogs.tif
176
     1
290
     0
176
     1
 40
1.0
176
     1
 40
1.0
176
     1
  0
VISUALSTYLE
  5
40
102
{ACAD_REACTORS
330
29
102
}
330
29
100
AcDbVisualStyle
  2
OverhangOff
 70
    21
177
     3
291
     1
 70
    58
 90
        2
176
     0
 90
        2
176
     0
 90
        0
176
     0
 90
        0
176
     0
 40
0.6
176
     0
 40
30.0
176
     0
 62
     7
420
 16777215
176
     0
 90
        1
176
     0
 90
        4
176
     0
 62
     7
176
     0
 62
   257
176
     0
 90
        1
176
     0
 90
        1
176
     0
 40
1.0
176
     0
 90
        9
176
     2
 62
     7
176
     0
 40
1.0
176
     0
 90
        1
176
     0
 90
        6
176
     0
 90
        2
176
     0
 62
     7
176
     0
 90
        5
176
     0
 90
        0
176
     0
 90
        0
176
     0
290
     0
176
     0
 90
        1
176
     0
 40
0.0
176
     0
 90
        0
176
     0
290
     0
176
     0
290
     1
176
     0
290
     1
176
     0
290
     0
176
     0
290
     0
176
     0
290
     0
176
     0
290
     0
176
     0
290
     0
176
     0
290
     0
176
     0
 90
       50
176
     0
 40
0.0
176
     0
 40
1.0
176
     0
 90
        0
176
     0
 62
    18
420
        0
176
     0
 90
       50
176
     0
 90
        3
176
     0
 62
     5
420
      255
176
     0
290
     0
176
     0
 90
       50
176
     0
 90
       50
176
     0
 90
       50
176
     0
290
     0
176
     0
 90
       50
176
     0
 62
   256
176
     0
 40
1.0
176
     0
 90
        2
176
     0
  1
strokes_ogs.tif
176
     0
290
     0
176
     0
 40
1.0
176
     0
 40
1.0
176
     0
  0
VISUALSTYLE
  5
33
102
{ACAD_REACTORS
330
29
102
}
330
29
100
AcDbVisualStyle
  2
Realistic
 70
     8
177
     3
291
     0
 70
    58
 90
        2
176
     1
 90
        3
176
     1
 90
        0
176
     1
 90
        2
176
     1
 40
0.6
176
     1
 40
30.0
176
     1
 62
     7
420
 16777215
176
     1
 90
        0
176
     1
 90
        0
176
     1
 62
     7
176
     1
 62
   257
176
     1
 90
        1
176
     1
 90
        1
176
     1
 40
1.0
176
     1
 90
        8
176
     1
 62
   257
176
     1
 40
1.0
176
     1
 90
        1
176
     1
 90
        6
176
     1
 90
        2
176
     1
 62
     7
176
     1
 90
        3
176
     1
 90
        0
176
     1
 90
        0
176
     1
290
     0
176
     1
 90
       13
176
     1
 40
0.0
176
     1
 90
        0
176
     1
290
     0
176
     1
290
     1
176
     1
290
     1
176
     1
290
     0
176
     1
290
     0
176
     1
290
     0
176
     1
290
     0
176
     1
290
     0
176
     1
290
     0
176
     1
 90
       50
176
     1
 40
0.0
176
     1
 40
1.0
176
     1
 90
        0
176
     1
 62
    18
420
        0
176
     1
 90
       50
176
     1
 90
        3
176
     1
 62
     5
420
      255
176
     1
290
     0
176
     1
 90
       50
176
     1
 90
       50
176
     1
 90
       50
176
     1
290
     0
176
     1
 90
       50
176
     1
 62
   256
176
     0
 40
1.0
176
     0
 90
        2
176
     1
  1
strokes_ogs.tif
176
     1
290
     0
176
     1
 40
1.0
176
     1
 40
1.0
176
     1
  0
VISUALSTYLE
  5
3E
102
{ACAD_REACTORS
330
29
102
}
330
29
100
AcDbVisualStyle
  2
Shaded
 70
    27
177
     3
291
     0
 70
    58
 90
        2
176
     1
 90
        2
176
     1
 90
        1
176
     1
 90
        2
176
     1
 40
0.6
176
     1
 40
30.0
176
     1
 62
     7
420
 16777215
176
     1
 90
        0
176
     1
 90
        4
176
     1
 62
     7
176
     1
 62
   257
176
     1
 90
        1
176
     1
 90
        1
176
     1
 40
1.0
176
     1
 90
        8
176
     1
 62
   257
176
     1
 40
1.0
176
     1
 90
        1
176
     1
 90
        6
176
     1
 90
        2
176
     1
 62
     8
420
  7895160
176
     1
 90
        3
176
     1
 90
        0
176
     1
 90
        0
176
     1
290
     0
176
     1
 90
        5
176
     1
 40
0.0
176
     1
 90
        0
176
     1
290
     0
176
     1
290
     1
176
     1
290
     1
176
     1
290
     0
176
     1
290
     0
176
     1
290
     0
176
     1
290
     0
176
     1
290
     0
176
     1
290
     0
176
     1
 90
       50
176
     1
 40
0.0
176
     1
 40
1.0
176
     1
 90
        0
176
     1
 62
    18
420
        0
176
     1
 90
       50
176
     1
 90
        3
176
     1
 62
     5
420
      255
176
     1
290
     0
176
     1
 90
       50
176
     1
 90
       50
176
     1
 90
       50
176
     1
290
     0
176
     1
 90
       50
176
     1
 62
   256
176
     0
 40
1.0
176
     0
 90
        2
176
     1
  1
strokes_ogs.tif
176
     1
290
     0
176
     1
 40
1.0
176
     1
 40
1.0
176
     1
  0
VISUALSTYLE
  5
3D
102
{ACAD_REACTORS
330
29
102
}
330
29
100
AcDbVisualStyle
  2
Shaded with edges
 70
    26
177
     3
291
     0
 70
    58
 90
        2
176
     1
 90
        2
176
     1
 90
        1
176
     1
 90
        2
176
     1
 40
0.6
176
     1
 40
30.0
176
     1
 62
     7
420
 16777215
176
     1
 90
        1
176
     1
 90
        2
176
     1
 62
     7
176
     1
 62
   257
176
     1
 90
        2
176
     1
 90
        1
176
     1
 40
1.0
176
     1
 90
        8
176
     1
 62
   257
176
     1
 40
1.0
176
     1
 90
        1
176
     1
 90
        6
176
     1
 90
        2
176
     1
 62
     7
176
     1
 90
        3
176
     1
 90
        0
176
     1
 90
        0
176
     1
290
     0
176
     1
 90
        5
176
     1
 40
0.0
176
     1
 90
        0
176
     1
290
     0
176
     1
290
     1
176
     1
290
     1
176
     1
290
     0
176
     1
290
     0
176
     1
290
     0
176
     1
290
     0
176
     1
290
     0
176
     1
290
     0
176
     1
 90
       50
176
     1
 40
0.0
176
     1
 40
1.0
176
     1
 90
        0
176
     1
 62
    18
420
        0
176
     1
 90
       50
176
     1
 90
        3
176
     1
 62
     5
420
      255
176
     1
290
     0
176
     1
 90
       50
176
     1
 90
       50
176
     1
 90
       50
176
     1
290
     0
176
     1
 90
       50
176
     1
 62
   256
176
     0
 40
1.0
176
     0
 90
        2
176
     1
  1
strokes_ogs.tif
176
     1
290
     0
176
     1
 40
1.0
176
     1
 40
1.0
176
     1
  0
VISUALSTYLE
  5
3A
102
{ACAD_REACTORS
330
29
102
}
330
29
100
AcDbVisualStyle
  2
Shades of Gray
 70
    23
177
     3
291
     0
 70
    58
 90
        2
176
     1
 90
        2
176
     1
 90
        3
176
     1
 90
        0
176
     1
 40
0.6
176
     1
 40
30.0
176
     1
 62
     7
420
 16777215
176
     1
 90
        2
176
     1
 90
        2
176
     1
 62
     7
176
     1
 62
     7
176
     1
 90
        1
176
     1
 90
        1
176
     1
 40
40.0
176
     1
 90
        8
176
     1
 62
     7
176
     1
 40
1.0
176
     1
 90
        1
176
     1
 90
        6
176
     1
 90
        2
176
     1
 62
     7
176
     1
 90
        3
176
     1
 90
        0
176
     1
 90
        0
176
     1
290
     0
176
     1
 90
        1
176
     1
 40
0.0
176
     1
 90
        0
176
     1
290
     0
176
     1
290
     1
176
     1
290
     1
176
     1
290
     0
176
     1
290
     0
176
     1
290
     0
176
     1
290
     0
176
     1
290
     0
176
     1
290
     0
176
     1
 90
       50
176
     1
 40
0.0
176
     1
 40
1.0
176
     1
 90
        0
176
     1
 62
    18
420
        0
176
     1
 90
       50
176
     1
 90
        3
176
     1
 62
     5
420
      255
176
     1
290
     0
176
     1
 90
       50
176
     1
 90
       50
176
     1
 90
       50
176
     1
290
     0
176
     1
 90
       50
176
     1
 62
   256
176
     0
 40
1.0
176
     0
 90
        2
176
     1
  1
strokes_ogs.tif
176
     1
290
     0
176
     1
 40
1.0
176
     1
 40
1.0
176
     1
  0
VISUALSTYLE
  5
3B
102
{ACAD_REACTORS
330
29
102
}
330
29
100
AcDbVisualStyle
  2
Sketchy
 70
    24
177
     3
291
     0
 70
    58
 90
        1
176
     1
 90
        2
176
     1
 90
        2
176
     1
 90
        0
176
     1
 40
0.6
176
     1
 40
30.0
176
     1
 62
     7
420
 16777215
176
     1
 90
        2
176
     1
 90
        2
176
     1
 62
     7
176
     1
 62
     7
176
     1
 90
        1
176
     1
 90
        1
176
     1
 40
40.0
176
     1
 90
       11
176
     1
 62
     7
176
     1
 40
1.0
176
     1
 90
        1
176
     1
 90
        6
176
     1
 90
        2
176
     1
 62
     7
176
     1
 90
        6
176
     1
 90
        0
176
     1
 90
        0
176
     1
290
     0
176
     1
 90
        1
176
     1
 40
0.0
176
     1
 90
        0
176
     1
290
     0
176
     1
290
     1
176
     1
290
     1
176
     1
290
     0
176
     1
290
     0
176
     1
290
     0
176
     1
290
     0
176
     1
290
     0
176
     1
290
     0
176
     1
 90
       50
176
     1
 40
0.0
176
     1
 40
1.0
176
     1
 90
        0
176
     1
 62
    18
420
        0
176
     1
 90
       50
176
     1
 90
        3
176
     1
 62
     5
420
      255
176
     1
290
     0
176
     1
 90
       50
176
     1
 90
       50
176
     1
 90
       50
176
     1
290
     0
176
     1
 90
       50
176
     1
 62
   256
176
     0
 40
1.0
176
     0
 90
        2
176
     1
  1
strokes_ogs.tif
176
     1
290
     0
176
     1
 40
1.0
176
     1
 40
1.0
176
     1
  0
VISUALSTYLE
  5
36
102
{ACAD_REACTORS
330
29
102
}
330
29
100
AcDbVisualStyle
  2
Thicken
 70
    13
177
     3
291
     1
 70
    58
 90
        2
176
     1
 90
        2
176
     1
 90
        0
176
     1
 90
        0
176
     1
 40
0.6
176
     1
 40
30.0
176
     1
 62
     7
420
 16777215
176
     1
 90
        1
176
     1
 90
        4
176
     1
 62
     7
176
     1
 62
   257
176
     1
 90
        1
176
     1
 90
        1
176
     1
 40
1.0
176
     1
 90
       12
176
     1
 62
     7
176
     1
 40
1.0
176
     1
 90
        1
176
     1
 90
        6
176
     1
 90
        2
176
     1
 62
     7
176
     1
 90
        5
176
     1
 90
        0
176
     1
 90
        0
176
     1
290
     0
176
     1
 90
        1
176
     1
 40
0.0
176
     1
 90
        0
176
     1
290
     0
176
     1
290
     1
176
     1
290
     1
176
     1
290
     0
176
     1
290
     0
176
     1
290
     0
176
     1
290
     0
176
     1
290
     0
176
     1
290
     0
176
     1
 90
       50
176
     1
 40
0.0
176
     1
 40
1.0
176
     1
 90
        0
176
     1
 62
    18
420
        0
176
     1
 90
       50
176
     1
 90
        3
176
     1
 62
     5
420
      255
176
     1
290
     0
176
     1
 90
       50
176
     1
 90
       50
176
     1
 90
       50
176
     1
290
     0
176
     1
 90
       50
176
     1
 62
   256
176
     0
 40
1.0
176
     0
 90
        2
176
     1
  1
strokes_ogs.tif
176
     1
290
     0
176
     1
 40
1.0
176
     1
 40
1.0
176
     1
  0
VISUALSTYLE
  5
30
102
{ACAD_REACTORS
330
29
102
}
330
29
100
AcDbVisualStyle
  2
Wireframe
 70
     5
177
     3
291
     0
 70
    58
 90
        0
176
     1
 90
        2
176
     1
 90
        0
176
     1
 90
        0
176
     1
 40
0.6
176
     1
 40
30.0
176
     1
 62
     7
420
 16777215
176
     1
 90
        1
176
     1
 90
        4
176
     1
 62
     7
176
     1
 62
   257
176
     1
 90
        1
176
     1
 90
        1
176
     1
 40
1.0
176
     1
 90
        0
176
     1
 62
   257
176
     1
 40
1.0
176
     1
 90
        1
176
     1
 90
        6
176
     1
 90
        2
176
     1
 62
     7
176
     1
 90
        3
176
     1
 90
        0
176
     1
 90
        0
176
     1
290
     0
176
     1
 90
        1
176
     1
 40
0.0
176
     1
 90
        0
176
     1
290
     0
176
     1
290
     1
176
     1
290
     1
176
     1
290
     0
176
     1
290
     0
176
     1
290
     0
176
     1
290
     0
176
     1
290
     0
176
     1
290
     0
176
     1
 90
       50
176
     1
 40
0.0
176
     1
 40
1.0
176
     1
 90
        0
176
     1
 62
    18
420
        0
176
     1
 90
       50
176
     1
 90
        3
176
     1
 62
     5
420
      255
176
     1
290
     0
176
     1
 90
       50
176
     1
 90
       50
176
     1
 90
       50
176
     1
290
     0
176
     1
 90
       50
176
     1
 62
   256
176
     0
 40
1.0
176
     0
 90
        2
176
     1
  1
strokes_ogs.tif
176
     1
290
     0
176
     1
 40
1.0
176
     1
 40
1.0
176
     1
  0
VISUALSTYLE
  5
3C
102
{ACAD_REACTORS
330
29
102
}
330
29
100
AcDbVisualStyle
  2
X-Ray
 70
    25
177
     3
291
     0
 70
    58
 90
        2
176
     1
 90
        2
176
     1
 90
        1
176
     1
 90
        1
176
     1
 40
0.5
176
     1
 40
30.0
176
     1
 62
     7
420
 16777215
176
     1
 90
        1
176
     1
 90
        0
176
     1
 62
     7
176
     1
 62
   257
176
     1
 90
        1
176
     1
 90
        1
176
     1
 40
1.0
176
     1
 90
        8
176
     1
 62
     7
176
     1
 40
1.0
176
     1
 90
        1
176
     1
 90
        6
176
     1
 90
        2
176
     1
 62
     7
176
     1
 90
        3
176
     1
 90
        0
176
     1
 90
        0
176
     1
290
     0
176
     1
 90
       13
176
     1
 40
0.0
176
     1
 90
        0
176
     1
290
     0
176
     1
290
     1
176
     1
290
     1
176
     1
290
     0
176
     1
290
     0
176
     1
290
     0
176
     1
290
     0
176
     1
290
     0
176
     1
290
     0
176
     1
 90
       50
176
     1
 40
0.0
176
     1
 40
1.0
176
     1
 90
        0
176
     1
 62
    18
420
        0
176
     1
 90
       50
176
     1
 90
        3
176
     1
 62
     5
420
      255
176
     1
290
     0
176
     1
 90
       50
176
     1
 90
       50
176
     1
 90
       50
176
     1
290
     0
176
     1
 90
       50
176
     1
 62
   256
176
     0
 40
1.0
176
     0
 90
        2
176
     1
  1
strokes_ogs.tif
176
     1
290
     0
176
     1
 40
1.0
176
     1
 40
1.0
176
     1
  0
DICTIONARYVAR
  5
82D
102
{ACAD_REACTORS
330
828
102
}
330
828
100
DictionaryVariables
280
     0
  1
1:1
  0
DICTIONARYVAR
  5
82A
102
{ACAD_REACTORS
330
828
102
}
330
828
100
DictionaryVariables
280
     0
  1
Standard
  0
DICTIONARYVAR
  5
829
102
{ACAD_REACTORS
330
828
102
}
330
828
100
DictionaryVariables
280
     0
  1
Standard
  0
DICTIONARYVAR
  5
82B
102
{ACAD_REACTORS
330
828
102
}
330
828
100
DictionaryVariables
280
     0
  1
Imperial24
  0
DICTIONARYVAR
  5
82C
102
{ACAD_REACTORS
330
828
102
}
330
828
100
DictionaryVariables
280
     0
  1
Imperial24
  0
XRECORD
  5
823
102
{ACAD_REACTORS
330
81F
102
}
330
81F
100
AcDbXrecord
280
     1
  1
BUILDING_ID
  1
J1672 -HH - Lot 29, No
  1
FLOOR_ID
  1
2193343
  0
XRECORD
  5
821
102
{ACAD_REACTORS
330
81F
102
}
330
81F
100
AcDbXrecord
280
     1
  1
-2000011
  1
Walls
  1
-2000014
  1
Windows
  1
-2000023
  1
Doors
  1
-2000032
  1
Floors
  1
-2000035
  1
Roofs
  1
-2000038
  1
Ceilings
  1
-2000051
  1
Lines
  1
-2000080
  1
Furniture
  1
-2000120
  1
Stairs
  1
-2000126
  1
Railings
  1
-2000151
  1
Generic Models
  1
-2000240
  1
Levels
  1
-2000300
  1
Text Notes
  1
-2000480
  1
Room Tags
  1
-2001000
  1
Casework
  1
-2001060
  1
Electrical Fixtures
  1
-2001160
  1
Plumbing Fixtures
  1
-2002000
  1
Detail Items
  1
-2006020
  1
Level Heads
  0
XRECORD
  5
822
102
{ACAD_REACTORS
330
81F
102
}
330
81F
100
AcDbXrecord
280
     1
  1
-2000018
  1
Frame/Mullion
  1
-2000022
  1
Opening
  1
-2000025
  1
Panel
  1
-2000029
  1
Frame/Mullion
  1
-2000042
  1
<Thin Lines>
  1
-2000043
  1
<Medium Lines>
  1
-2000044
  1
<Wide Lines>
  1
-2000127
  1
Balusters
  1
-2000586
  1
Common Edges
  1
-2000588
  1
Cut Pattern
  1
-2000596
  1
Common Edges
  1
-2000608
  1
Cut Pattern
  1
-2000921
  1
Treads/Risers
  1
-2000946
  1
Top Rails
  1
-2000947
  1
Handrails
  1
-2000948
  1
Supports
  1
-2001391
  1
Gutters
  1
-2001393
  1
Roof Soffits
  1
1020373
  1
Model
  1
1035229
  1
Baths/Showers
  1
1080714
  1
Cabinets
  1
1080721
  1
Plynth
  1
1193514
  1
TOILET
  1
1893352
  1
DOWNPIPES
  1
1893358
  1
RAIN WATER HEADS
  1
1933725
  1
0
  1
1952
  1
Elevation Swing
  1
1961836
  1
Basins/Sinks/Tubs
  1
2323259
  1
0.3 BOUNDARY
  1
942652
  1
Door Swing
  1
942658
  1
Tap
  0
XRECORD
  5
820
102
{ACAD_REACTORS
330
81F
102
}
330
81F
100
AcDbXrecord
280
     1
  1
1083017
  1
RC-Tap Mixer horizontal face : Bath/ Shr Set
  1
1194946
  1
Toilet ( Wall  Hosted 3-D) : Type 1
  1
1198376
  1
Vanity_Optional_Plinth : Standard Depth
  1
1220569
  1
Basic Wall : 270 double brick : 270 double brick
  1
1222731
  1
Basic Wall : 110 brick wall : 110 brick wall
  1
1226766
  1
Floor : bathroomm tiles
  1
1305710
  1
Basic Wall : 140mm Cladded Wall : 140mm Cladded Wall
  1
1362667
  1
M_Chair-Breuer : M_Chair-Breuer
  1
1363608
  1
Filled region : WHITE
  1
1366206
  1
Linen shelves : Linen shelves
  1
1373109
  1
Floor : 214mm slab on ground
  1
1378895
  1
Basic Roof : Metal Sheet Roof (100mm)
  1
1400861
  1
Sliding Door - 2 Panel : XF2118
  1
1417103
  1
Filled region : LETTER BOX - GREY
  1
1450930
  1
FIXED MOULDING ON AND OFF : A0618
  1
1482782
  1
Floor : 450MM SUS SLAB
  1
1495507
  1
FIXED MOULDING ON AND OFF : A0612
  1
1544562
  1
Cavity slider : 1470CSD
  1
1602992
  1
Basic Wall : 185mm EPS wall : 185mm EPS wall
  1
1607638
  1
Filled region : Conc.
  1
1616962
  1
Filled region : Earth
  1
1659470
  1
Gutter : Box Gutter
  1
1687911
  1
M_Tub-Free Standing-3D : 1570
  1
1690443
  1
Filled region : COMPACT FILL
  1
1739590
  1
Shower_Twin_Phoenix_NXQuil_FaceBased : Chrome (606-6500-00)
  1
1778809
  1
3 PANEL 2 transom : FFF0946
  1
1811504
  1
stackpoint : stackpoint
  1
1893368
  1
Downpipe : 450 Eave
  1
1906729
  1
Downpipe : RH DP
  1
1931305
  1
Solar Panel_ Face Based : Solar Panel_ Face Based
  1
197576
  1
Handrail Type : Pipe–Wall_Mount
  1
19847
  1
Compound Ceiling : 600x1200mm_Grid
  1
19878
  1
Roof Soffit : 50MM_GENERIC
  1
199972
  1
Top Rail Type : 50x50mm_Rectangular
  1
199981
  1
Support_Metal_Circular : Standard
  1
2001708
  1
custom - equal Panel M(6 PANEL HORIZONTAL) : AFA3042T SP
  1
2012895
  1
Timber_Screen_Adjustable_21388 : Type 1
  1
204884
  1
Cast-In-Place Stair : Insitu_Concrete_150mm_Waist
  1
2108305
  1
Text : 1.5mm Calibri light blue
  1
2144162
  1
RoomTag : Room Tag
  1
2173373
  1
Floor : 200MM SUS SLAB
  1
2206945
  1
tile grate : 1000x80
  1
2288343
  1
Basic Wall : 90mm Stud Wall + 20mm packing : 90mm Stud Wall + 20mm packing
  1
2337632
  1
Single - Timber Frame  : 520x2400
  1
2338323
  1
Basic Wall : 90mm Stud Wall coloured : 90mm Stud Wall coloured
  1
2341845
  1
FIXED MOULDING ON AND OFF : A1204
  1
2343545
  1
2 panel 1 mullion : AF1218
  1
2388960
  1
Filled region : intergrated retaining MASKED
  1
2400052
  1
Basic Roof : Metal Sheet Roof (100mm) 2
  1
2425145
  1
HH Shower : Wincrest Shower
  1
2518076
  1
BUILDMAT-SNA01004-Willow-600-Stainless_Steel (1) : Willow 600x450x250mm
  1
2532806
  1
BUILDMAT-SNA01002-Nala_450-Stainless-Steel : Nala 450x450x250mm
  1
2537396
  1
874300W_BK_File_Rfa_151277_ori_2016Sep14134925 : Artisan 405 Round Above Counter - 0 Tap Holes
  1
2561614
  1
tile grate 80 : 1000x80
  1
2599461
  1
Single - Timber Frame  : 870x2400
  1
2625478
  1
Single - Timber Frame  : 950x2100 EXTERIOR
  1
319528
  1
Basic Wall : 90mm Stud Wall : 90mm Stud Wall
  1
732082
  1
Text : 2.5mm ISO
  1
744073
  1
Text : 1.5mm ISO
  1
787246
  1
Level : UNDER
  1
787266
  1
Level : OVER
  1
78969
  1
Railing : 1100mm
  0
DICTIONARY
  5
82E
330
65
100
AcDbDictionary
280
     1
281
     1
  3
ACAD_ROUNDTRIP_2008_TABLESTYLE_CELLSTYLEMAP
360
82F
  0
CELLSTYLEMAP
  5
82F
102
{ACAD_REACTORS
330
82E
102
}
330
82E
100
AcDbCellStyleMap
 90
        3
300
CELLSTYLE
  1
TABLEFORMAT_BEGIN
 90
        5
170
     1
 91
        0
 92
    32768
 62
   257
 93
        1
300
CONTENTFORMAT
  1
CONTENTFORMAT_BEGIN
 90
        0
 91
        0
 92
      512
 93
        0
300

 40
0.0
140
1.0
 94
        5
 62
     0
340
55
144
0.25
309
CONTENTFORMAT_END
171
     0
 94
        0
309
TABLEFORMAT_END
  1
CELLSTYLE_BEGIN
 90
        1
 91
        1
300
_TITLE
309
CELLSTYLE_END
300
CELLSTYLE
  1
TABLEFORMAT_BEGIN
 90
        5
170
     1
 91
        0
 92
        0
 62
   257
 93
        1
300
CONTENTFORMAT
  1
CONTENTFORMAT_BEGIN
 90
        0
 91
        0
 92
      512
 93
        0
300

 40
0.0
140
1.0
 94
        5
 62
     0
340
55
144
0.18
309
CONTENTFORMAT_END
171
     0
 94
        0
309
TABLEFORMAT_END
  1
CELLSTYLE_BEGIN
 90
        2
 91
        1
300
_HEADER
309
CELLSTYLE_END
300
CELLSTYLE
  1
TABLEFORMAT_BEGIN
 90
        5
170
     1
 91
        0
 92
        0
 62
   257
 93
        1
300
CONTENTFORMAT
  1
CONTENTFORMAT_BEGIN
 90
        0
 91
        0
 92
      512
 93
        0
300

 40
0.0
140
1.0
 94
        2
 62
     0
340
55
144
0.18
309
CONTENTFORMAT_END
171
     0
 94
        0
309
TABLEFORMAT_END
  1
CELLSTYLE_BEGIN
 90
        3
 91
        2
300
_DATA
309
CELLSTYLE_END
  0
ENDSEC
  0
EOF
