  0
SECTION
  2
HEADER
  9
$ACADVER
  1
AC1032
  9
$ACADMAINTVER
 90
       55
  9
$DWGCODEPAGE
  3
ANSI_1252
  9
$LASTSAVEDBY
  1
bj-su
  9
$REQUIREDVERSIONS
160
                 0
  9
$INSBASE
 10
0.0
 20
0.0
 30
0.0
  9
$EXTMIN
 10
21069.9984724797
 20
26385.25991517652
 30
0.0
  9
$EXTMAX
 10
44018.55574215237
 20
40228.49255329859
 30
0.0
  9
$LIMMIN
 10
0.0
 20
0.0
  9
$LIMMAX
 10
12.0
 20
9.0
  9
$ORTHOMODE
 70
     0
  9
$REGENMODE
 70
     1
  9
$FILLMODE
 70
     1
  9
$QTEXTMODE
 70
     0
  9
$MIRRTEXT
 70
     0
  9
$LTSCALE
 40
1.0
  9
$ATTMODE
 70
     1
  9
$TEXTSIZE
 40
0.2
  9
$TRACEWID
 40
0.05
  9
$TEXTSTYLE
  7
Standard
  9
$CLAYER
  8
0
  9
$CELTYPE
  6
ByLayer
  9
$CECOLOR
 62
   256
  9
$CELTSCALE
 40
1.0
  9
$DISPSILH
 70
     0
  9
$DIMSCALE
 40
1.0
  9
$DIMASZ
 40
0.18
  9
$DIMEXO
 40
0.0625
  9
$DIMDLI
 40
0.38
  9
$DIMRND
 40
0.0
  9
$DIMDLE
 40
0.0
  9
$DIMEXE
 40
0.18
  9
$DIMTP
 40
0.0
  9
$DIMTM
 40
0.0
  9
$DIMTXT
 40
0.18
  9
$DIMCEN
 40
0.09
  9
$DIMTSZ
 40
0.0
  9
$DIMTOL
 70
     0
  9
$DIMLIM
 70
     0
  9
$DIMTIH
 70
     1
  9
$DIMTOH
 70
     1
  9
$DIMSE1
 70
     0
  9
$DIMSE2
 70
     0
  9
$DIMTAD
 70
     0
  9
$DIMZIN
 70
     0
  9
$DIMBLK
  1

  9
$DIMASO
 70
     1
  9
$DIMSHO
 70
     1
  9
$DIMPOST
  1

  9
$DIMAPOST
  1

  9
$DIMALT
 70
     0
  9
$DIMALTD
 70
     2
  9
$DIMALTF
 40
25.4
  9
$DIMLFAC
 40
1.0
  9
$DIMTOFL
 70
     0
  9
$DIMTVP
 40
0.0
  9
$DIMTIX
 70
     0
  9
$DIMSOXD
 70
     0
  9
$DIMSAH
 70
     0
  9
$DIMBLK1
  1

  9
$DIMBLK2
  1

  9
$DIMSTYLE
  2
Standard
  9
$DIMCLRD
 70
     0
  9
$DIMCLRE
 70
     0
  9
$DIMCLRT
 70
     0
  9
$DIMTFAC
 40
1.0
  9
$DIMGAP
 40
0.09
  9
$DIMJUST
 70
     0
  9
$DIMSD1
 70
     0
  9
$DIMSD2
 70
     0
  9
$DIMTOLJ
 70
     1
  9
$DIMTZIN
 70
     0
  9
$DIMALTZ
 70
     0
  9
$DIMALTTZ
 70
     0
  9
$DIMUPT
 70
     0
  9
$DIMDEC
 70
     4
  9
$DIMTDEC
 70
     4
  9
$DIMALTU
 70
     2
  9
$DIMALTTD
 70
     2
  9
$DIMTXSTY
  7
Standard
  9
$DIMAUNIT
 70
     0
  9
$DIMADEC
 70
     0
  9
$DIMALTRND
 40
0.0
  9
$DIMAZIN
 70
     0
  9
$DIMDSEP
 70
    46
  9
$DIMATFIT
 70
     3
  9
$DIMFRAC
 70
     0
  9
$DIMLDRBLK
  1

  9
$DIMLUNIT
 70
     2
  9
$DIMLWD
 70
    -2
  9
$DIMLWE
 70
    -2
  9
$DIMTMOVE
 70
     0
  9
$DIMFXL
 40
1.0
  9
$DIMFXLON
 70
     0
  9
$DIMJOGANG
 40
0.7853981633974483
  9
$DIMTFILL
 70
     0
  9
$DIMTFILLCLR
 70
     0
  9
$DIMARCSYM
 70
     0
  9
$DIMLTYPE
  6

  9
$DIMLTEX1
  6

  9
$DIMLTEX2
  6

  9
$DIMTXTDIRECTION
 70
     0
  9
$LUNITS
 70
     2
  9
$LUPREC
 70
     4
  9
$SKETCHINC
 40
0.1
  9
$FILLETRAD
 40
0.0
  9
$AUNITS
 70
     0
  9
$AUPREC
 70
     0
  9
$MENU
  1
.
  9
$ELEVATION
 40
0.0
  9
$PELEVATION
 40
0.0
  9
$THICKNESS
 40
0.0
  9
$LIMCHECK
 70
     0
  9
$CHAMFERA
 40
0.0
  9
$CHAMFERB
 40
0.0
  9
$CHAMFERC
 40
0.0
  9
$CHAMFERD
 40
0.0
  9
$SKPOLY
 70
     0
  9
$TDCREATE
 40
2461148.348356482
  9
$TDUCREATE
 40
2461147.931689815
  9
$TDUPDATE
 40
2461232.606662003
  9
$TDUUPDATE
 40
2461232.189995336
  9
$TDINDWG
 40
0.0000115741
  9
$TDUSRTIMER
 40
0.0000115741
  9
$USRTIMER
 70
     1
  9
$ANGBASE
 50
0.0
  9
$ANGDIR
 70
     0
  9
$PDMODE
 70
     0
  9
$PDSIZE
 40
0.0
  9
$PLINEWID
 40
0.0
  9
$SPLFRAME
 70
     0
  9
$SPLINETYPE
 70
     6
  9
$SPLINESEGS
 70
     8
  9
$HANDSEED
  5
979
  9
$SURFTAB1
 70
     6
  9
$SURFTAB2
 70
     6
  9
$SURFTYPE
 70
     6
  9
$SURFU
 70
     6
  9
$SURFV
 70
     6
  9
$UCSBASE
  2

  9
$UCSNAME
  2

  9
$UCSORG
 10
0.0
 20
0.0
 30
0.0
  9
$UCSXDIR
 10
1.0
 20
0.0
 30
0.0
  9
$UCSYDIR
 10
0.0
 20
1.0
 30
0.0
  9
$UCSORTHOREF
  2

  9
$UCSORTHOVIEW
 70
     0
  9
$UCSORGTOP
 10
0.0
 20
0.0
 30
0.0
  9
$UCSORGBOTTOM
 10
0.0
 20
0.0
 30
0.0
  9
$UCSORGLEFT
 10
0.0
 20
0.0
 30
0.0
  9
$UCSORGRIGHT
 10
0.0
 20
0.0
 30
0.0
  9
$UCSORGFRONT
 10
0.0
 20
0.0
 30
0.0
  9
$UCSORGBACK
 10
0.0
 20
0.0
 30
0.0
  9
$PUCSBASE
  2

  9
$PUCSNAME
  2

  9
$PUCSORG
 10
0.0
 20
0.0
 30
0.0
  9
$PUCSXDIR
 10
1.0
 20
0.0
 30
0.0
  9
$PUCSYDIR
 10
0.0
 20
1.0
 30
0.0
  9
$PUCSORTHOREF
  2

  9
$PUCSORTHOVIEW
 70
     0
  9
$PUCSORGTOP
 10
0.0
 20
0.0
 30
0.0
  9
$PUCSORGBOTTOM
 10
0.0
 20
0.0
 30
0.0
  9
$PUCSORGLEFT
 10
0.0
 20
0.0
 30
0.0
  9
$PUCSORGRIGHT
 10
0.0
 20
0.0
 30
0.0
  9
$PUCSORGFRONT
 10
0.0
 20
0.0
 30
0.0
  9
$PUCSORGBACK
 10
0.0
 20
0.0
 30
0.0
  9
$USERI1
 70
     0
  9
$USERI2
 70
     0
  9
$USERI3
 70
     0
  9
$USERI4
 70
     0
  9
$USERI5
 70
     0
  9
$USERR1
 40
0.0
  9
$USERR2
 40
0.0
  9
$USERR3
 40
0.0
  9
$USERR4
 40
0.0
  9
$USERR5
 40
0.0
  9
$WORLDVIEW
 70
     1
  9
$SHADEDGE
 70
     3
  9
$SHADEDIF
 70
    70
  9
$TILEMODE
 70
     1
  9
$MAXACTVP
 70
    64
  9
$PINSBASE
 10
0.0
 20
0.0
 30
0.0
  9
$PLIMCHECK
 70
     0
  9
$PEXTMIN
 10
1.000000000000000E+20
 20
1.000000000000000E+20
 30
1.000000000000000E+20
  9
$PEXTMAX
 10
-1.000000000000000E+20
 20
-1.000000000000000E+20
 30
-1.000000000000000E+20
  9
$PLIMMIN
 10
0.0
 20
0.0
  9
$PLIMMAX
 10
12.0
 20
9.0
  9
$UNITMODE
 70
     0
  9
$VISRETAIN
 70
     1
  9
$PLINEGEN
 70
     0
  9
$PSLTSCALE
 70
     1
  9
$TREEDEPTH
 70
  3020
  9
$CMLSTYLE
  2
Standard
  9
$CMLJUST
 70
     0
  9
$CMLSCALE
 40
1.0
  9
$PROXYGRAPHICS
 70
     1
  9
$MEASUREMENT
 70
     1
  9
$CELWEIGHT
370
    -1
  9
$ENDCAPS
280
     0
  9
$JOINSTYLE
280
     0
  9
$LWDISPLAY
290
     0
  9
$INSUNITS
 70
     4
  9
$HYPERLINKBASE
  1

  9
$STYLESHEET
  1

  9
$XEDIT
290
     1
  9
$CEPSNTYPE
380
     0
  9
$PSTYLEMODE
290
     1
  9
$FINGERPRINTGUID
  2
{675C1EB8-653B-BA45-AF05-53313ABBB65F}
  9
$VERSIONGUID
  2
{5B9DE138-BE39-6C4C-8966-025D5874C414}
  9
$EXTNAMES
290
     1
  9
$PSVPSCALE
 40
0.0
  9
$OLESTARTUP
290
     0
  9
$SORTENTS
280
   127
  9
$INDEXCTL
280
     0
  9
$HIDETEXT
280
     1
  9
$XCLIPFRAME
280
     2
  9
$HALOGAP
280
     0
  9
$OBSCOLOR
 70
   257
  9
$OBSLTYPE
280
     0
  9
$INTERSECTIONDISPLAY
280
     0
  9
$INTERSECTIONCOLOR
 70
   257
  9
$DIMASSOC
280
     2
  9
$PROJECTNAME
  1

  9
$CAMERADISPLAY
290
     0
  9
$LENSLENGTH
 40
50.0
  9
$CAMERAHEIGHT
 40
0.0
  9
$STEPSPERSEC
 40
2.0
  9
$STEPSIZE
 40
6.0
  9
$3DDWFPREC
 40
2.0
  9
$PSOLWIDTH
 40
0.25
  9
$PSOLHEIGHT
 40
4.0
  9
$LOFTANG1
 40
1.570796326794897
  9
$LOFTANG2
 40
1.570796326794897
  9
$LOFTMAG1
 40
0.0
  9
$LOFTMAG2
 40
0.0
  9
$LOFTPARAM
 70
     7
  9
$LOFTNORMALS
280
     1
  9
$LATITUDE
 40
37.795
  9
$LONGITUDE
 40
-122.394
  9
$NORTHDIRECTION
 40
0.0
  9
$TIMEZONE
 70
 -8000
  9
$LIGHTGLYPHDISPLAY
280
     1
  9
$TILEMODELIGHTSYNCH
280
     1
  9
$CMATERIAL
347
11
  9
$SOLIDHIST
280
     0
  9
$SHOWHIST
280
     1
  9
$DWFFRAME
280
     2
  9
$DGNFRAME
280
     0
  9
$REALWORLDSCALE
290
     1
  9
$INTERFERECOLOR
 62
     1
  9
$CSHADOW
280
     0
  9
$SHADOWPLANELOCATION
 40
0.0
  0
ENDSEC
  0
SECTION
  2
CLASSES
  0
CLASS
  1
ACDBDICTIONARYWDFLT
  2
AcDbDictionaryWithDefault
  3
ObjectDBX Classes
 90
        0
 91
        3
280
     0
281
     0
  0
CLASS
  1
MATERIAL
  2
AcDbMaterial
  3
ObjectDBX Classes
 90
     1153
 91
        3
280
     0
281
     0
  0
CLASS
  1
VISUALSTYLE
  2
AcDbVisualStyle
  3
ObjectDBX Classes
 90
     4095
 91
        3
280
     0
281
     0
  0
CLASS
  1
SCALE
  2
AcDbScale
  3
ObjectDBX Classes
 90
     1153
 91
        3
280
     0
281
     0
  0
CLASS
  1
TABLESTYLE
  2
AcDbTableStyle
  3
ObjectDBX Classes
 90
     4095
 91
        3
280
     0
281
     0
  0
CLASS
  1
MLEADERSTYLE
  2
AcDbMLeaderStyle
  3
ACDB_MLEADERSTYLE_CLASS
 90
     4095
 91
        3
280
     0
281
     0
  0
CLASS
  1
ACDBSECTIONVIEWSTYLE
  2
AcDbSectionViewStyle
  3
ObjectDBX Classes
 90
     1025
 91
        3
280
     0
281
     0
  0
CLASS
  1
ACDBDETAILVIEWSTYLE
  2
AcDbDetailViewStyle
  3
ObjectDBX Classes
 90
     1025
 91
        3
280
     0
281
     0
  0
CLASS
  1
RASTERVARIABLES
  2
AcDbRasterVariables
  3
ISM
 90
        0
 91
        3
280
     0
281
     0
  0
CLASS
  1
DICTIONARYVAR
  2
AcDbDictionaryVar
  3
ObjectDBX Classes
 90
        0
 91
        3
280
     0
281
     0
  0
CLASS
  1
SORTENTSTABLE
  2
AcDbSortentsTable
  3
ObjectDBX Classes
 90
        0
 91
        3
280
     0
281
     0
  0
CLASS
  1
CELLSTYLEMAP
  2
AcDbCellStyleMap
  3
ObjectDBX Classes
 90
     1152
 91
        3
280
     0
281
     0
  0
ENDSEC
  0
SECTION
  2
TABLES
  0
TABLE
  2
VPORT
  5
8
330
0
100
AcDbSymbolTable
 70
     1
  0
VPORT
  5
57
330
8
100
AcDbSymbolTableRecord
100
AcDbViewportTableRecord
  2
*Active
 70
     0
 10
0.0
 20
0.0
 11
1.0
 21
1.0
 12
32544.27710731604
 22
33306.87623423755
 13
0.0
 23
0.0
 14
1.0
 24
1.0
 15
0.0
 25
0.0
 16
0.0
 26
0.0
 36
1.0
 17
0.0
 27
0.0
 37
0.0
 40
13843.23263812207
 41
1.657745547559171
 42
50.0
 43
0.0
 44
0.0
 50
0.0
 51
0.0
 71
     0
 72
  1000
 73
     1
 74
     1
 75
     0
 76
     0
 77
     0
 78
     0
281
     0
 65
     1
110
0.0
120
0.0
130
0.0
111
1.0
121
0.0
131
0.0
112
0.0
122
1.0
132
0.0
 79
     0
146
0.0
348
2F
 60
     3
 61
     5
292
     1
282
     1
141
0.0
142
0.0
 63
   250
421
  3355443
  0
ENDTAB
  0
TABLE
  2
LTYPE
  5
5
330
0
100
AcDbSymbolTable
 70
     7
  0
LTYPE
  5
5B
330
5
100
AcDbSymbolTableRecord
100
AcDbLinetypeTableRecord
  2
ByBlock
 70
     0
  3

 72
    65
 73
     0
 40
0.0
  0
LTYPE
  5
5C
330
5
100
AcDbSymbolTableRecord
100
AcDbLinetypeTableRecord
  2
ByLayer
 70
     0
  3

 72
    65
 73
     0
 40
0.0
  0
LTYPE
  5
5D
330
5
100
AcDbSymbolTableRecord
100
AcDbLinetypeTableRecord
  2
Continuous
 70
     0
  3
Solid line
 72
    65
 73
     0
 40
0.0
  0
LTYPE
  5
94
330
5
100
AcDbSymbolTableRecord
100
AcDbLinetypeTableRecord
  2
Elevation Swings
 70
     0
  3

 72
    65
 73
     2
 40
3.0
 49
2.0
 74
     0
 49
-1.0
 74
     0
  0
LTYPE
  5
95
330
5
100
AcDbSymbolTableRecord
100
AcDbLinetypeTableRecord
  2
Dash 2_5mm
 70
     0
  3

 72
    65
 73
     2
 40
5.0
 49
2.5
 74
     0
 49
-2.5
 74
     0
  0
LTYPE
  5
96
330
5
100
AcDbSymbolTableRecord
100
AcDbLinetypeTableRecord
  2
Dash Dot 3_16_
 70
     0
  3

 72
    65
 73
     4
 40
7.937499999999999
 49
4.7625
 74
     0
 49
-1.5875
 74
     0
 49
0.0
 74
     0
 49
-1.5875
 74
     0
  0
LTYPE
  5
97
330
5
100
AcDbSymbolTableRecord
100
AcDbLinetypeTableRecord
  2
Dash dot
 70
     0
  3

 72
    65
 73
     4
 40
8.0
 49
4.0
 74
     0
 49
-2.0
 74
     0
 49
0.0
 74
     0
 49
-2.0
 74
     0
  0
LTYPE
  5
597
330
5
100
AcDbSymbolTableRecord
100
AcDbLinetypeTableRecord
  2
Dashed - Tight 0_18 Pen
 70
     0
  3

 72
    65
 73
     4
 40
3.46
 49
1.2
 74
     0
 49
-0.5299999999999999
 74
     0
 49
1.2
 74
     0
 49
-0.5299999999999999
 74
     0
  0
LTYPE
  5
74A
330
5
100
AcDbSymbolTableRecord
100
AcDbLinetypeTableRecord
  2
Centre
 70
     0
  3

 72
    65
 73
     4
 40
30.0
 49
12.0
 74
     0
 49
-6.0
 74
     0
 49
6.0
 74
     0
 49
-6.0
 74
     0
  0
ENDTAB
  0
TABLE
  2
LAYER
  5
2
330
0
100
AcDbSymbolTable
 70
    28
  0
LAYER
  5
54
330
2
100
AcDbSymbolTableRecord
100
AcDbLayerTableRecord
  2
0
 70
     0
 62
     7
  6
Continuous
370
    -3
390
F
347
21
348
0
  0
LAYER
  5
81
330
2
100
AcDbSymbolTableRecord
100
AcDbLayerTableRecord
  2
A-WALL
 70
     0
 62
   113
  6
Continuous
370
     9
390
F
347
21
348
0
  0
LAYER
  5
82
330
2
100
AcDbSymbolTableRecord
100
AcDbLayerTableRecord
  2
I-WALL
 70
     0
 62
     2
  6
Continuous
370
     9
390
F
347
21
348
0
  0
LAYER
  5
83
330
2
100
AcDbSymbolTableRecord
100
AcDbLayerTableRecord
  2
S-STRS
 70
     0
 62
    31
  6
Continuous
370
     9
390
F
347
21
348
0
  0
LAYER
  5
84
330
2
100
AcDbSymbolTableRecord
100
AcDbLayerTableRecord
  2
A-CLNG
 70
     0
 62
    13
  6
Continuous
370
     9
390
F
347
21
348
0
  0
LAYER
  5
85
330
2
100
AcDbSymbolTableRecord
100
AcDbLayerTableRecord
  2
A-COLS
 70
     0
 62
    52
  6
Continuous
370
     9
390
F
347
21
348
0
  0
LAYER
  5
86
330
2
100
AcDbSymbolTableRecord
100
AcDbLayerTableRecord
  2
A-FLOR
 70
     0
 62
   192
  6
Continuous
370
     9
390
F
347
21
348
0
  0
LAYER
  5
87
330
2
100
AcDbSymbolTableRecord
100
AcDbLayerTableRecord
  2
I-FURN
 70
     0
 62
    30
  6
Continuous
370
     9
390
F
347
21
348
0
  0
LAYER
  5
88
330
2
100
AcDbSymbolTableRecord
100
AcDbLayerTableRecord
  2
A-DOOR
 70
     0
 62
    31
  6
Continuous
370
     9
390
F
347
21
348
0
  0
LAYER
  5
89
330
2
100
AcDbSymbolTableRecord
100
AcDbLayerTableRecord
  2
A-ROOF
 70
     0
 62
   132
  6
Continuous
370
     9
390
F
347
21
348
0
  0
LAYER
  5
8A
330
2
100
AcDbSymbolTableRecord
100
AcDbLayerTableRecord
  2
A-GLAZ
 70
     0
 62
   151
  6
Continuous
370
     9
390
F
347
21
348
0
  0
LAYER
  5
8D
330
2
100
AcDbSymbolTableRecord
100
AcDbLayerTableRecord
  2
A-GENM
 70
     0
 62
    13
  6
Continuous
370
     9
390
F
347
21
348
0
  0
LAYER
  5
8E
330
2
100
AcDbSymbolTableRecord
100
AcDbLayerTableRecord
  2
P-SANR-FIXT
 70
     0
 62
     6
  6
Continuous
370
     9
390
F
347
21
348
0
  0
LAYER
  5
91
330
2
100
AcDbSymbolTableRecord
100
AcDbLayerTableRecord
  2
E-ELEC-FIXT
 70
     0
 62
    91
  6
Continuous
370
     9
390
F
347
21
348
0
  0
LAYER
  5
92
330
2
100
AcDbSymbolTableRecord
100
AcDbLayerTableRecord
  2
A-DETL
 70
     0
 62
    90
  6
Continuous
370
     9
390
F
347
21
348
0
  0
LAYER
  5
93
330
2
100
AcDbSymbolTableRecord
100
AcDbLayerTableRecord
  2
A-DETL-GENF
 70
     0
 62
    92
  6
Continuous
370
     9
390
F
347
21
348
0
  0
LAYER
  5
98
330
2
100
AcDbSymbolTableRecord
100
AcDbLayerTableRecord
  2
A-WALL-PATT
 70
     0
 62
   111
  6
Continuous
370
    25
390
F
347
21
348
0
  0
LAYER
  5
252
330
2
100
AcDbSymbolTableRecord
100
AcDbLayerTableRecord
  2
A-DOOR-FRAM
 70
     0
 62
    31
  6
Continuous
370
     9
390
F
347
21
348
0
  0
LAYER
  5
2EF
330
2
100
AcDbSymbolTableRecord
100
AcDbLayerTableRecord
  2
A-FLOR-PATT
 70
     0
 62
     8
  6
Continuous
370
    35
390
F
347
21
348
0
  0
LAYER
  5
663
330
2
100
AcDbSymbolTableRecord
100
AcDbLayerTableRecord
  2
A-DETL-THIN
 70
     0
 62
   151
  6
Continuous
370
     9
390
F
347
21
348
0
  0
LAYER
  5
672
330
2
100
AcDbSymbolTableRecord
100
AcDbLayerTableRecord
  2
A-DETL-MEDM
 70
     0
 62
    33
  6
Continuous
370
    25
390
F
347
21
348
0
  0
LAYER
  5
6E6
330
2
100
AcDbSymbolTableRecord
100
AcDbLayerTableRecord
  2
A-DETL-WIDE
 70
     0
 62
   214
  6
Continuous
370
    50
390
F
347
21
348
0
  0
LAYER
  5
746
330
2
100
AcDbSymbolTableRecord
100
AcDbLayerTableRecord
  2
A-FLOR-LEVL
 70
     0
 62
    51
  6
Continuous
370
     9
390
F
347
21
348
0
  0
LAYER
  5
75E
330
2
100
AcDbSymbolTableRecord
100
AcDbLayerTableRecord
  2
A-ANNO-DIMS
 70
     0
 62
   211
  6
Continuous
370
     9
390
F
347
21
348
0
  0
LAYER
  5
760
330
2
100
AcDbSymbolTableRecord
100
AcDbLayerTableRecord
  2
A-ANNO-DIMS-100
 70
     0
 62
   211
  6
Continuous
370
     9
390
F
347
21
348
0
  0
LAYER
  5
774
330
2
100
AcDbSymbolTableRecord
100
AcDbLayerTableRecord
  2
Defpoints
 70
     0
 62
     7
  6
Continuous
290
     0
370
    -3
390
F
347
21
348
0
  0
LAYER
  5
803
330
2
100
AcDbSymbolTableRecord
100
AcDbLayerTableRecord
  2
G-ANNO-TEXT
 70
     0
 62
   231
  6
Continuous
370
     9
390
F
347
21
348
0
  0
LAYER
  5
926
330
2
100
AcDbSymbolTableRecord
100
AcDbLayerTableRecord
  2
A-GLAZ-IDEN
 70
     0
 62
   152
  6
Continuous
370
     9
390
F
347
21
348
0
  0
ENDTAB
  0
TABLE
  2
STYLE
  5
3
330
0
100
AcDbSymbolTable
 70
     7
  0
STYLE
  5
55
330
3
100
AcDbSymbolTableRecord
100
AcDbTextStyleTableRecord
  2
Standard
 70
     0
 40
0.0
 41
1.0
 50
0.0
 71
     0
 42
0.2
  3
txt
  4

  0
STYLE
  5
5A
330
3
100
AcDbSymbolTableRecord
100
AcDbTextStyleTableRecord
  2
Annotative
 70
     0
 40
0.0
 41
1.0
 50
0.0
 71
     0
 42
0.2
  3
txt
  4

1001
AcadAnnotative
1000
AnnotativeData
1002
{
1070
     1
1070
     1
1002
}
  0
STYLE
  5
747
330
3
100
AcDbSymbolTableRecord
100
AcDbTextStyleTableRecord
  2
ISOCPEUR
 70
     0
 40
199.9999999999998
 41
1.0
 50
0.0
 71
     0
 42
0.2
  3
ISOCPEUR.ttf
  4

1001
ACAD
1000
ISOCPEUR
1071
       34
  0
STYLE
  5
80A
330
3
100
AcDbSymbolTableRecord
100
AcDbTextStyleTableRecord
  2
ISOCPEUR_1
 70
     0
 40
150.0
 41
1.0
 50
0.0
 71
     0
 42
0.2
  3
ISOCPEUR.ttf
  4

1001
ACAD
1000
ISOCPEUR
1071
       34
  0
STYLE
  5
80C
330
3
100
AcDbSymbolTableRecord
100
AcDbTextStyleTableRecord
  2
ISOCPEUR_2
 70
     0
 40
250.0
 41
1.0
 50
0.0
 71
     0
 42
0.2
  3
ISOCPEUR.ttf
  4

1001
ACAD
1000
ISOCPEUR
1071
       34
  0
STYLE
  5
8B0
330
3
100
AcDbSymbolTableRecord
100
AcDbTextStyleTableRecord
  2
Calibri
 70
     0
 40
150.0
 41
1.0
 50
0.0
 71
     0
 42
0.2
  3
calibri.ttf
  4

1001
ACAD
1000
Calibri
1071
       34
  0
STYLE
  5
92F
330
3
100
AcDbSymbolTableRecord
100
AcDbTextStyleTableRecord
  2
Arial
 70
     0
 40
149.9999999999998
 41
1.0
 50
0.0
 71
     0
 42
0.2
  3
arial.ttf
  4

1001
ACAD
1000
Arial
1071
       34
  0
ENDTAB
  0
TABLE
  2
VIEW
  5
6
330
0
100
AcDbSymbolTable
 70
     0
  0
ENDTAB
  0
TABLE
  2
UCS
  5
7
330
0
100
AcDbSymbolTable
 70
     0
  0
ENDTAB
  0
TABLE
  2
APPID
  5
9
330
0
100
AcDbSymbolTable
 70
     3
  0
APPID
  5
56
330
9
100
AcDbSymbolTableRecord
100
AcDbRegAppTableRecord
  2
ACAD
 70
     0
  0
APPID
  5
5E
330
9
100
AcDbSymbolTableRecord
100
AcDbRegAppTableRecord
  2
AcadAnnotative
 70
     0
  0
APPID
  5
78
330
9
100
AcDbSymbolTableRecord
100
AcDbRegAppTableRecord
  2
REVIT
 70
     0
  0
ENDTAB
  0
TABLE
  2
DIMSTYLE
  5
A
330
0
100
AcDbSymbolTable
 70
     6
100
AcDbDimStyleTable
  0
DIMSTYLE
105
58
330
A
100
AcDbSymbolTableRecord
100
AcDbDimStyleTableRecord
  2
Standard
 70
     0
178
     0
340
55
  0
DIMSTYLE
105
59
330
A
100
AcDbSymbolTableRecord
100
AcDbDimStyleTableRecord
  2
Annotative
 70
     0
178
     0
340
55
1001
AcadAnnotative
1000
AnnotativeData
1002
{
1070
     1
1070
     1
1002
}
  0
DIMSTYLE
105
76D
102
{ACAD_REACTORS
330
772
102
}
330
A
100
AcDbSymbolTableRecord
100
AcDbDimStyleTableRecord
  2
2_0mm_ISOCPEUR
 70
     0
  3
<>
 40
304.8
 41
0.4921259842519685
 44
0.4921259842519685
 46
0.3280839895013123
 49
1.804461942257218
 90
        2
290
     1
 73
     0
 74
     0
 77
     1
140
200.550993797077
145
1.0
147
0.0
172
     1
173
     1
174
     1
178
     0
179
     2
271
     0
340
747
343
76E
344
76E
  0
DIMSTYLE
105
8C0
102
{ACAD_REACTORS
330
8C1
102
}
330
A
100
AcDbSymbolTableRecord
100
AcDbDimStyleTableRecord
  2
1_5mm_Calibrii
 70
     0
  3
<>
 40
304.8
 41
0.4921259842519685
 44
0.3280839895013123
 46
0.3280839895013123
 49
0.9842519685039369
 90
        2
290
     1
 73
     0
 74
     0
 77
     1
140
176.6022635757018
145
1.0
147
0.0
172
     1
173
     1
174
     1
178
     0
179
     2
271
     0
340
8B0
343
76E
344
76E
  0
DIMSTYLE
105
8DD
102
{ACAD_REACTORS
330
8DE
102
}
330
A
100
AcDbSymbolTableRecord
100
AcDbDimStyleTableRecord
  2
1_5mm_Calibrii_1
 70
     0
  3
<>
 40
304.8
 41
0.4921259842519685
 44
0.3280839895013123
 46
0.3280839895013123
 49
0.9842519685039369
 90
        2
290
     1
 73
     0
 74
     0
 77
     1
140
176.6022635757018
145
1.0
147
0.0
172
     1
173
     1
174
     1
178
     0
179
     2
271
     0
279
     1
288
     1
340
8B0
343
76E
344
76E
  0
DIMSTYLE
105
940
102
{ACAD_REACTORS
330
941
102
}
330
A
100
AcDbSymbolTableRecord
100
AcDbDimStyleTableRecord
  2
1_5mm_Calibri_Orange_2
 70
     0
  3
<>
 40
304.8
 41
0.4921259842519685
 44
0.3280839895013123
 46
0.3280839895013123
 49
0.9842519685039369
 90
        2
290
     1
 73
     0
 74
     0
 77
     1
140
176.6022635757018
145
1.0
147
0.0
172
     1
173
     1
174
     1
178
     0
179
     2
271
     0
340
8B0
343
76E
344
76E
  0
ENDTAB
  0
TABLE
  2
BLOCK_RECORD
  5
1
330
0
100
AcDbSymbolTable
 70
    64
  0
BLOCK_RECORD
  5
70
102
{ACAD_XDICTIONARY
360
96D
102
}
330
1
100
AcDbSymbolTableRecord
100
AcDbBlockTableRecord
  2
*Model_Space
340
73
 70
     0
280
     1
281
     0
  0
BLOCK_RECORD
  5
6C
330
1
100
AcDbSymbolTableRecord
100
AcDbBlockTableRecord
  2
*Paper_Space
340
6F
 70
     0
280
     1
281
     0
  0
BLOCK_RECORD
  5
74
330
1
100
AcDbSymbolTableRecord
100
AcDbBlockTableRecord
  2
*Paper_Space0
340
77
 70
     0
280
     1
281
     0
  0
BLOCK_RECORD
  5
19A
330
1
100
AcDbSymbolTableRecord
100
AcDbBlockTableRecord
  2
M_Rectangular Column - 150 X 50-2081611-SECTION B-B
340
0
102
{BLKREFS
331
1A0
331
1AA
102
}
 70
     0
280
     1
281
     0
  0
BLOCK_RECORD
  5
1A1
330
1
100
AcDbSymbolTableRecord
100
AcDbBlockTableRecord
  2
M_Rectangular Column - 150 X 50-V1-SECTION B-B
340
0
102
{BLKREFS
331
1A9
102
}
 70
     0
280
     1
281
     0
  0
BLOCK_RECORD
  5
1AB
330
1
100
AcDbSymbolTableRecord
100
AcDbBlockTableRecord
  2
M_Rectangular Column - 150 X 50-V2-SECTION B-B
340
0
102
{BLKREFS
331
1B2
102
}
 70
     0
280
     1
281
     0
  0
BLOCK_RECORD
  5
1B3
330
1
100
AcDbSymbolTableRecord
100
AcDbBlockTableRecord
  2
M_Rectangular Column - 150 X 50-V3-SECTION B-B
340
0
102
{BLKREFS
331
1BB
102
}
 70
     0
280
     1
281
     0
  0
BLOCK_RECORD
  5
1BC
330
1
100
AcDbSymbolTableRecord
100
AcDbBlockTableRecord
  2
M_Rectangular Column - 150 X 50-V4-SECTION B-B
340
0
102
{BLKREFS
331
1C4
102
}
 70
     0
280
     1
281
     0
  0
BLOCK_RECORD
  5
1C5
330
1
100
AcDbSymbolTableRecord
100
AcDbBlockTableRecord
  2
M_Rectangular Column - 150 X 50-V5-SECTION B-B
340
0
102
{BLKREFS
331
1CD
102
}
 70
     0
280
     1
281
     0
  0
BLOCK_RECORD
  5
1CE
330
1
100
AcDbSymbolTableRecord
100
AcDbBlockTableRecord
  2
M_Rectangular Column - 150 X 50-V6-SECTION B-B
340
0
102
{BLKREFS
331
1D6
102
}
 70
     0
280
     1
281
     0
  0
BLOCK_RECORD
  5
1D7
330
1
100
AcDbSymbolTableRecord
100
AcDbBlockTableRecord
  2
M_Rectangular Column - 150 X 50-V7-SECTION B-B
340
0
102
{BLKREFS
331
1DF
102
}
 70
     0
280
     1
281
     0
  0
BLOCK_RECORD
  5
1E0
330
1
100
AcDbSymbolTableRecord
100
AcDbBlockTableRecord
  2
M_Rectangular Column - 150 X 50-V8-SECTION B-B
340
0
102
{BLKREFS
331
1E8
102
}
 70
     0
280
     1
281
     0
  0
BLOCK_RECORD
  5
1E9
330
1
100
AcDbSymbolTableRecord
100
AcDbBlockTableRecord
  2
M_Rectangular Column - 150 X 50-V9-SECTION B-B
340
0
102
{BLKREFS
331
1F1
102
}
 70
     0
280
     1
281
     0
  0
BLOCK_RECORD
  5
1F2
330
1
100
AcDbSymbolTableRecord
100
AcDbBlockTableRecord
  2
M_Rectangular Column - 150 X 50-V10-SECTION B-B
340
0
102
{BLKREFS
331
1FA
102
}
 70
     0
280
     1
281
     0
  0
BLOCK_RECORD
  5
1FB
330
1
100
AcDbSymbolTableRecord
100
AcDbBlockTableRecord
  2
M_Rectangular Column - 150 X 50-V11-SECTION B-B
340
0
102
{BLKREFS
331
203
102
}
 70
     0
280
     1
281
     0
  0
BLOCK_RECORD
  5
204
330
1
100
AcDbSymbolTableRecord
100
AcDbBlockTableRecord
  2
M_Rectangular Column - 150 X 50-V12-SECTION B-B
340
0
102
{BLKREFS
331
20C
102
}
 70
     0
280
     1
281
     0
  0
BLOCK_RECORD
  5
20D
330
1
100
AcDbSymbolTableRecord
100
AcDbBlockTableRecord
  2
M_Rectangular Column - 150 X 50-V13-SECTION B-B
340
0
102
{BLKREFS
331
215
102
}
 70
     0
280
     1
281
     0
  0
BLOCK_RECORD
  5
216
330
1
100
AcDbSymbolTableRecord
100
AcDbBlockTableRecord
  2
M_Rectangular Column - 150 X 50-V14-SECTION B-B
340
0
102
{BLKREFS
331
21E
102
}
 70
     0
280
     1
281
     0
  0
BLOCK_RECORD
  5
21F
330
1
100
AcDbSymbolTableRecord
100
AcDbBlockTableRecord
  2
M_Rectangular Column - 150 X 50-V15-SECTION B-B
340
0
102
{BLKREFS
331
227
102
}
 70
     0
280
     1
281
     0
  0
BLOCK_RECORD
  5
228
330
1
100
AcDbSymbolTableRecord
100
AcDbBlockTableRecord
  2
M_Rectangular Column - 150 X 50-V16-SECTION B-B
340
0
102
{BLKREFS
331
230
102
}
 70
     0
280
     1
281
     0
  0
BLOCK_RECORD
  5
231
330
1
100
AcDbSymbolTableRecord
100
AcDbBlockTableRecord
  2
M_Rectangular Column - 150 X 50-V17-SECTION B-B
340
0
102
{BLKREFS
331
239
102
}
 70
     0
280
     1
281
     0
  0
BLOCK_RECORD
  5
23A
330
1
100
AcDbSymbolTableRecord
100
AcDbBlockTableRecord
  2
M_Rectangular Column - 150 X 50-V18-SECTION B-B
340
0
102
{BLKREFS
331
242
102
}
 70
     0
280
     1
281
     0
  0
BLOCK_RECORD
  5
251
330
1
100
AcDbSymbolTableRecord
100
AcDbBlockTableRecord
  2
Stacker Door - 3 Panel - FXX3047 SP-2545092-SECTION B-B
340
0
102
{BLKREFS
331
288
102
}
 70
     0
280
     1
281
     0
  0
BLOCK_RECORD
  5
2AA
330
1
100
AcDbSymbolTableRecord
100
AcDbBlockTableRecord
  2
F_AA 0606 - 1509_1 PANEL_ - F3718-2099822-SECTION B-B
340
0
102
{BLKREFS
331
2B1
102
}
 70
     0
280
     1
281
     0
  0
BLOCK_RECORD
  5
2C3
330
1
100
AcDbSymbolTableRecord
100
AcDbBlockTableRecord
  2
Cavity slider - 1470CSD-2600546-SECTION B-B
340
0
102
{BLKREFS
331
2D6
102
}
 70
     0
280
     1
281
     0
  0
BLOCK_RECORD
  5
2D7
330
1
100
AcDbSymbolTableRecord
100
AcDbBlockTableRecord
  2
FIXED MOULDING ON AND OFF - A0616-2008254-SECTION B-B
340
0
102
{BLKREFS
331
2E8
102
}
 70
     0
280
     1
281
     0
  0
BLOCK_RECORD
  5
311
330
1
100
AcDbSymbolTableRecord
100
AcDbBlockTableRecord
  2
F_AA 0606 - 1509_1 PANEL_ - F3018-2099795-SECTION B-B
340
0
102
{BLKREFS
331
322
102
}
 70
     0
280
     1
281
     0
  0
BLOCK_RECORD
  5
364
330
1
100
AcDbSymbolTableRecord
100
AcDbBlockTableRecord
  2
slim awning centre transom - AA1818-2343414-SECTION B-B
340
0
102
{BLKREFS
331
36F
102
}
 70
     0
280
     1
281
     0
  0
BLOCK_RECORD
  5
370
330
1
100
AcDbSymbolTableRecord
100
AcDbBlockTableRecord
  2
Wall_Sloped_Sill - Wall_Sloped_Sill-1979025-SECTION B-B
340
0
102
{BLKREFS
331
37A
102
}
 70
     0
280
     1
281
     0
  0
BLOCK_RECORD
  5
37B
330
1
100
AcDbSymbolTableRecord
100
AcDbBlockTableRecord
  2
M_Bed-Standard - 1825 x 2007mm - KING-1226963-SECTION B-B
340
0
102
{BLKREFS
331
382
102
}
 70
     0
280
     1
281
     0
  0
BLOCK_RECORD
  5
383
330
1
100
AcDbSymbolTableRecord
100
AcDbBlockTableRecord
  2
3 PANEL 2 transom - AFA1842 SP-1980656-SECTION B-B
340
0
102
{BLKREFS
331
387
102
}
 70
     0
280
     1
281
     0
  0
BLOCK_RECORD
  5
399
330
1
100
AcDbSymbolTableRecord
100
AcDbBlockTableRecord
  2
Single - Timber Frame  - 720x2400-1926410-SECTION B-B
340
0
102
{BLKREFS
331
3AA
102
}
 70
     0
280
     1
281
     0
  0
BLOCK_RECORD
  5
3B1
330
1
100
AcDbSymbolTableRecord
100
AcDbBlockTableRecord
  2
custom - equal Panel M_6 PANEL HORIZONTAL_ - AFA3042T SP-2001726-SECTION B-B
340
0
102
{BLKREFS
331
3BB
102
}
 70
     0
280
     1
281
     0
  0
BLOCK_RECORD
  5
3BC
330
1
100
AcDbSymbolTableRecord
100
AcDbBlockTableRecord
  2
stackpoint - stackpoint-2347728-SECTION B-B
340
0
102
{BLKREFS
331
3C1
102
}
 70
     0
280
     1
281
     0
  0
BLOCK_RECORD
  5
3C2
330
1
100
AcDbSymbolTableRecord
100
AcDbBlockTableRecord
  2
F_AA 0606 - 1509_1 PANEL_ - AA1410 SP-2099797-SECTION B-B
340
0
102
{BLKREFS
331
3CF
102
}
 70
     0
280
     1
281
     0
  0
BLOCK_RECORD
  5
3D0
330
1
100
AcDbSymbolTableRecord
100
AcDbBlockTableRecord
  2
Downpipe - 450 Eave-1977526-SECTION B-B
340
0
102
{BLKREFS
331
3DF
102
}
 70
     0
280
     1
281
     0
  0
BLOCK_RECORD
  5
3E0
330
1
100
AcDbSymbolTableRecord
100
AcDbBlockTableRecord
  2
Solar Panel_ Face Based - Solar Panel_ Face Based-1931305-SECTION B-B
340
0
102
{BLKREFS
331
3F3
102
}
 70
     0
280
     1
281
     0
  0
BLOCK_RECORD
  5
3F4
330
1
100
AcDbSymbolTableRecord
100
AcDbBlockTableRecord
  2
Solar Panel_ Face Based - Solar Panel_ Face Based-V19-SECTION B-B
340
0
102
{BLKREFS
331
407
102
}
 70
     0
280
     1
281
     0
  0
BLOCK_RECORD
  5
408
330
1
100
AcDbSymbolTableRecord
100
AcDbBlockTableRecord
  2
Solar Panel_ Face Based - Solar Panel_ Face Based-V20-SECTION B-B
340
0
102
{BLKREFS
331
41C
102
}
 70
     0
280
     1
281
     0
  0
BLOCK_RECORD
  5
41D
330
1
100
AcDbSymbolTableRecord
100
AcDbBlockTableRecord
  2
Tap - Tap-1959228-SECTION B-B
340
0
102
{BLKREFS
331
466
102
}
 70
     0
280
     1
281
     0
  0
BLOCK_RECORD
  5
467
330
1
100
AcDbSymbolTableRecord
100
AcDbBlockTableRecord
  2
Shower_Twin_Phoenix_NXQuil_FaceBased - Chrome _606-6500-00_-1739590-SECTION B-B
340
0
102
{BLKREFS
331
565
102
}
 70
     0
280
     1
281
     0
  0
BLOCK_RECORD
  5
566
330
1
100
AcDbSymbolTableRecord
100
AcDbBlockTableRecord
  2
Downpipe - 450 Eave-2002628-SECTION B-B
340
0
102
{BLKREFS
331
573
102
}
 70
     0
280
     1
281
     0
  0
BLOCK_RECORD
  5
579
330
1
100
AcDbSymbolTableRecord
100
AcDbBlockTableRecord
  2
3 PANEL 2 transom - FFF0946-1778814-SECTION B-B
340
0
102
{BLKREFS
331
58C
102
}
 70
     0
280
     1
281
     0
  0
BLOCK_RECORD
  5
596
330
1
100
AcDbSymbolTableRecord
100
AcDbBlockTableRecord
  2
Single - Timber Frame  - 820x2400-2604838-SECTION B-B
340
0
102
{BLKREFS
331
5A8
102
}
 70
     0
280
     1
281
     0
  0
BLOCK_RECORD
  5
5A9
330
1
100
AcDbSymbolTableRecord
100
AcDbBlockTableRecord
  2
89563_Cavity_Sliding_Door_single - 820CSD-2448972-SECTION B-B
340
0
102
{BLKREFS
331
5B1
102
}
 70
     0
280
     1
281
     0
  0
BLOCK_RECORD
  5
5B2
330
1
100
AcDbSymbolTableRecord
100
AcDbBlockTableRecord
  2
Gas instantaneous hws - Type 1-1979205-SECTION B-B
340
0
102
{BLKREFS
331
5B8
102
}
 70
     0
280
     1
281
     0
  0
BLOCK_RECORD
  5
5B9
330
1
100
AcDbSymbolTableRecord
100
AcDbBlockTableRecord
  2
BUILDMAT-SNA01004-Willow-600-Stainless_Steel _1_ - Willow 600x450x250mm-2518076-SECTION B-B
340
0
102
{BLKREFS
331
5C5
102
}
 70
     0
280
     1
281
     0
  0
BLOCK_RECORD
  5
5C6
330
1
100
AcDbSymbolTableRecord
100
AcDbBlockTableRecord
  2
HH Shower - Wincrest Shower-2580537-SECTION B-B
340
0
102
{BLKREFS
331
658
102
}
 70
     0
280
     1
281
     0
  0
BLOCK_RECORD
  5
659
330
1
100
AcDbSymbolTableRecord
100
AcDbBlockTableRecord
  2
tile grate - 1000x80-2570726-SECTION B-B
340
0
102
{BLKREFS
331
662
102
}
 70
     0
280
     1
281
     0
  0
BLOCK_RECORD
  5
76E
330
1
100
AcDbSymbolTableRecord
100
AcDbBlockTableRecord
  2
_Oblique
340
0
 70
     0
280
     1
281
     0
  0
BLOCK_RECORD
  5
775
330
1
100
AcDbSymbolTableRecord
100
AcDbBlockTableRecord
  2
DIMBLOCK1-SECTION B-B
340
0
 70
     0
280
     1
281
     0
  0
BLOCK_RECORD
  5
78F
330
1
100
AcDbSymbolTableRecord
100
AcDbBlockTableRecord
  2
DIMBLOCK2-SECTION B-B
340
0
 70
     0
280
     1
281
     0
  0
BLOCK_RECORD
  5
7A9
330
1
100
AcDbSymbolTableRecord
100
AcDbBlockTableRecord
  2
DIMBLOCK3-SECTION B-B
340
0
 70
     0
280
     1
281
     0
  0
BLOCK_RECORD
  5
7C3
330
1
100
AcDbSymbolTableRecord
100
AcDbBlockTableRecord
  2
DIMBLOCK4-SECTION B-B
340
0
 70
     0
280
     1
281
     0
  0
BLOCK_RECORD
  5
7DD
330
1
100
AcDbSymbolTableRecord
100
AcDbBlockTableRecord
  2
DIMBLOCK5-SECTION B-B
340
0
 70
     0
280
     1
281
     0
  0
BLOCK_RECORD
  5
7F7
330
1
100
AcDbSymbolTableRecord
100
AcDbBlockTableRecord
  2
DIMBLOCK6-SECTION B-B
340
0
 70
     0
280
     1
281
     0
  0
BLOCK_RECORD
  5
821
330
1
100
AcDbSymbolTableRecord
100
AcDbBlockTableRecord
  2
DIMBLOCK7-SECTION B-B
340
0
 70
     0
280
     1
281
     0
  0
BLOCK_RECORD
  5
83B
330
1
100
AcDbSymbolTableRecord
100
AcDbBlockTableRecord
  2
DIMBLOCK8-SECTION B-B
340
0
 70
     0
280
     1
281
     0
  0
BLOCK_RECORD
  5
855
330
1
100
AcDbSymbolTableRecord
100
AcDbBlockTableRecord
  2
DIMBLOCK9-SECTION B-B
340
0
 70
     0
280
     1
281
     0
  0
BLOCK_RECORD
  5
880
330
1
100
AcDbSymbolTableRecord
100
AcDbBlockTableRecord
  2
DIMBLOCK10-SECTION B-B
340
0
 70
     0
280
     1
281
     0
  0
BLOCK_RECORD
  5
8C3
330
1
100
AcDbSymbolTableRecord
100
AcDbBlockTableRecord
  2
DIMBLOCK11-SECTION B-B
340
0
 70
     0
280
     1
281
     0
  0
BLOCK_RECORD
  5
8DF
330
1
100
AcDbSymbolTableRecord
100
AcDbBlockTableRecord
  2
DIMBLOCK12-SECTION B-B
340
0
 70
     0
280
     1
281
     0
  0
BLOCK_RECORD
  5
90A
330
1
100
AcDbSymbolTableRecord
100
AcDbBlockTableRecord
  2
DIMBLOCK13-SECTION B-B
340
0
 70
     0
280
     1
281
     0
  0
BLOCK_RECORD
  5
927
330
1
100
AcDbSymbolTableRecord
100
AcDbBlockTableRecord
  2
Window Tag ELEVATION - Window Tag_Elevation-2303104-SECTION B-B
340
0
102
{BLKREFS
331
92E
331
931
102
}
 70
     0
280
     1
281
     0
  0
BLOCK_RECORD
  5
942
330
1
100
AcDbSymbolTableRecord
100
AcDbBlockTableRecord
  2
DIMBLOCK14-SECTION B-B
340
0
 70
     0
280
     1
281
     0
  0
BLOCK_RECORD
  5
95C
330
1
100
AcDbSymbolTableRecord
100
AcDbBlockTableRecord
  2
DIMBLOCK15-SECTION B-B
340
0
 70
     0
280
     1
281
     0
  0
ENDTAB
  0
ENDSEC
  0
SECTION
  2
BLOCKS
  0
BLOCK
  5
71
330
70
100
AcDbEntity
  8
0
100
AcDbBlockBegin
  2
*Model_Space
 70
     0
 10
0.0
 20
0.0
 30
0.0
  3
*Model_Space
  1

  0
ENDBLK
  5
72
330
70
100
AcDbEntity
  8
0
100
AcDbBlockEnd
  0
BLOCK
  5
6D
330
6C
100
AcDbEntity
 67
     1
  8
0
100
AcDbBlockBegin
  2
*Paper_Space
 70
     0
 10
0.0
 20
0.0
 30
0.0
  3
*Paper_Space
  1

  0
ENDBLK
  5
6E
330
6C
100
AcDbEntity
 67
     1
  8
0
100
AcDbBlockEnd
  0
BLOCK
  5
75
330
74
100
AcDbEntity
  8
0
100
AcDbBlockBegin
  2
*Paper_Space0
 70
     0
 10
0.0
 20
0.0
 30
0.0
  3
*Paper_Space0
  1

  0
ENDBLK
  5
76
330
74
100
AcDbEntity
  8
0
100
AcDbBlockEnd
  0
BLOCK
  5
19E
330
19A
100
AcDbEntity
  8
0
100
AcDbBlockBegin
  2
M_Rectangular Column - 150 X 50-2081611-SECTION B-B
 70
     0
 10
0.0
 20
0.0
 30
0.0
  3
M_Rectangular Column - 150 X 50-2081611-SECTION B-B
  1

  0
LINE
  5
19B
330
19A
100
AcDbEntity
  8
A-COLS
100
AcDbLine
 10
34245.44550576654
 20
31890.0
 30
0.0
 11
34295.44550576654
 21
31890.0
 31
0.0
1001
REVIT
1002
{
1070
     1
1000
1438016
1002
}
1002
{
1070
     5
1000
1426535
1002
}
  0
LINE
  5
19C
330
19A
100
AcDbEntity
  8
A-COLS
100
AcDbLine
 10
34245.44550576654
 20
29062.5
 30
0.0
 11
34245.44550576654
 21
31890.0
 31
0.0
1001
REVIT
1002
{
1070
     1
1000
1438016
1002
}
1002
{
1070
     5
1000
1426535
1002
}
  0
LINE
  5
19D
330
19A
100
AcDbEntity
  8
A-COLS
100
AcDbLine
 10
34295.44550576654
 20
29062.5
 30
0.0
 11
34295.44550576654
 21
31890.0
 31
0.0
1001
REVIT
1002
{
1070
     1
1000
1438016
1002
}
1002
{
1070
     5
1000
1426535
1002
}
  0
ENDBLK
  5
19F
330
19A
100
AcDbEntity
  8
0
100
AcDbBlockEnd
  0
BLOCK
  5
1A7
330
1A1
100
AcDbEntity
  8
0
100
AcDbBlockBegin
  2
M_Rectangular Column - 150 X 50-V1-SECTION B-B
 70
     0
 10
0.0
 20
0.0
 30
0.0
  3
M_Rectangular Column - 150 X 50-V1-SECTION B-B
  1

  0
LINE
  5
1A2
330
1A1
100
AcDbEntity
  8
A-COLS
100
AcDbLine
 10
32095.44550576654
 20
31890.0
 30
0.0
 11
32145.44550576654
 21
31890.0
 31
0.0
1001
REVIT
1002
{
1070
     1
1000
1438250
1002
}
1002
{
1070
     5
1000
1426535
1002
}
  0
LINE
  5
1A3
330
1A1
100
AcDbEntity
  8
A-COLS
100
AcDbLine
 10
32095.44550576654
 20
28890.0
 30
0.0
 11
32095.44550576654
 21
30224.75771621272
 31
0.0
1001
REVIT
1002
{
1070
     1
1000
1438250
1002
}
1002
{
1070
     5
1000
1426535
1002
}
  0
LINE
  5
1A4
330
1A1
100
AcDbEntity
  8
A-COLS
100
AcDbLine
 10
32095.44550576654
 20
30442.5
 30
0.0
 11
32095.44550576654
 21
31890.0
 31
0.0
1001
REVIT
1002
{
1070
     1
1000
1438250
1002
}
1002
{
1070
     5
1000
1426535
1002
}
  0
LINE
  5
1A5
330
1A1
100
AcDbEntity
  8
A-COLS
100
AcDbLine
 10
32145.44550576654
 20
28890.0
 30
0.0
 11
32145.44550576654
 21
30190.25771621272
 31
0.0
1001
REVIT
1002
{
1070
     1
1000
1438250
1002
}
1002
{
1070
     5
1000
1426535
1002
}
  0
LINE
  5
1A6
330
1A1
100
AcDbEntity
  8
A-COLS
100
AcDbLine
 10
32145.44550576654
 20
30442.5
 30
0.0
 11
32145.44550576654
 21
31890.0
 31
0.0
1001
REVIT
1002
{
1070
     1
1000
1438250
1002
}
1002
{
1070
     5
1000
1426535
1002
}
  0
ENDBLK
  5
1A8
330
1A1
100
AcDbEntity
  8
0
100
AcDbBlockEnd
  0
BLOCK
  5
1B0
330
1AB
100
AcDbEntity
  8
0
100
AcDbBlockBegin
  2
M_Rectangular Column - 150 X 50-V2-SECTION B-B
 70
     0
 10
0.0
 20
0.0
 30
0.0
  3
M_Rectangular Column - 150 X 50-V2-SECTION B-B
  1

  0
LINE
  5
1AC
330
1AB
100
AcDbEntity
  8
A-COLS
100
AcDbLine
 10
34019.12971629285
 20
31890.0
 30
0.0
 11
34069.12971629285
 21
31890.0
 31
0.0
1001
REVIT
1002
{
1070
     1
1000
1438273
1002
}
1002
{
1070
     5
1000
1426535
1002
}
  0
LINE
  5
1AD
330
1AB
100
AcDbEntity
  8
A-COLS
100
AcDbLine
 10
34019.12971629285
 20
28890.0
 30
0.0
 11
34019.12971629285
 21
28897.41561094957
 31
0.0
1001
REVIT
1002
{
1070
     1
1000
1438273
1002
}
1002
{
1070
     5
1000
1426535
1002
}
  0
LINE
  5
1AE
330
1AB
100
AcDbEntity
  8
A-COLS
100
AcDbLine
 10
34019.12971629285
 20
29235.0
 30
0.0
 11
34019.12971629285
 21
31890.0
 31
0.0
1001
REVIT
1002
{
1070
     1
1000
1438273
1002
}
1002
{
1070
     5
1000
1426535
1002
}
  0
LINE
  5
1AF
330
1AB
100
AcDbEntity
  8
A-COLS
100
AcDbLine
 10
34069.12971629285
 20
29062.5
 30
0.0
 11
34069.12971629285
 21
31890.0
 31
0.0
1001
REVIT
1002
{
1070
     1
1000
1438273
1002
}
1002
{
1070
     5
1000
1426535
1002
}
  0
ENDBLK
  5
1B1
330
1AB
100
AcDbEntity
  8
0
100
AcDbBlockEnd
  0
BLOCK
  5
1B9
330
1B3
100
AcDbEntity
  8
0
100
AcDbBlockBegin
  2
M_Rectangular Column - 150 X 50-V3-SECTION B-B
 70
     0
 10
0.0
 20
0.0
 30
0.0
  3
M_Rectangular Column - 150 X 50-V3-SECTION B-B
  1

  0
LINE
  5
1B4
330
1B3
100
AcDbEntity
  8
A-COLS
100
AcDbLine
 10
33905.97182155601
 20
31890.0
 30
0.0
 11
33955.97182155601
 21
31890.0
 31
0.0
1001
REVIT
1002
{
1070
     1
1000
1438277
1002
}
1002
{
1070
     5
1000
1426535
1002
}
  0
LINE
  5
1B5
330
1B3
100
AcDbEntity
  8
A-COLS
100
AcDbLine
 10
33905.97182155601
 20
28890.0
 30
0.0
 11
33905.97182155601
 21
28975.49455831799
 31
0.0
1001
REVIT
1002
{
1070
     1
1000
1438277
1002
}
1002
{
1070
     5
1000
1426535
1002
}
  0
LINE
  5
1B6
330
1B3
100
AcDbEntity
  8
A-COLS
100
AcDbLine
 10
33905.97182155601
 20
29235.0
 30
0.0
 11
33905.97182155601
 21
31890.0
 31
0.0
1001
REVIT
1002
{
1070
     1
1000
1438277
1002
}
1002
{
1070
     5
1000
1426535
1002
}
  0
LINE
  5
1B7
330
1B3
100
AcDbEntity
  8
A-COLS
100
AcDbLine
 10
33955.97182155601
 20
28890.0
 30
0.0
 11
33955.97182155601
 21
28940.99455831799
 31
0.0
1001
REVIT
1002
{
1070
     1
1000
1438277
1002
}
1002
{
1070
     5
1000
1426535
1002
}
  0
LINE
  5
1B8
330
1B3
100
AcDbEntity
  8
A-COLS
100
AcDbLine
 10
33955.97182155601
 20
29235.0
 30
0.0
 11
33955.97182155601
 21
31890.0
 31
0.0
1001
REVIT
1002
{
1070
     1
1000
1438277
1002
}
1002
{
1070
     5
1000
1426535
1002
}
  0
ENDBLK
  5
1BA
330
1B3
100
AcDbEntity
  8
0
100
AcDbBlockEnd
  0
BLOCK
  5
1C2
330
1BC
100
AcDbEntity
  8
0
100
AcDbBlockBegin
  2
M_Rectangular Column - 150 X 50-V4-SECTION B-B
 70
     0
 10
0.0
 20
0.0
 30
0.0
  3
M_Rectangular Column - 150 X 50-V4-SECTION B-B
  1

  0
LINE
  5
1BD
330
1BC
100
AcDbEntity
  8
A-COLS
100
AcDbLine
 10
33792.81392681917
 20
31890.0
 30
0.0
 11
33842.81392681917
 21
31890.0
 31
0.0
1001
REVIT
1002
{
1070
     1
1000
1438281
1002
}
1002
{
1070
     5
1000
1426535
1002
}
  0
LINE
  5
1BE
330
1BC
100
AcDbEntity
  8
A-COLS
100
AcDbLine
 10
33792.81392681917
 20
28890.0
 30
0.0
 11
33792.81392681917
 21
29053.57350568641
 31
0.0
1001
REVIT
1002
{
1070
     1
1000
1438281
1002
}
1002
{
1070
     5
1000
1426535
1002
}
  0
LINE
  5
1BF
330
1BC
100
AcDbEntity
  8
A-COLS
100
AcDbLine
 10
33792.81392681917
 20
29407.5
 30
0.0
 11
33792.81392681917
 21
31890.0
 31
0.0
1001
REVIT
1002
{
1070
     1
1000
1438281
1002
}
1002
{
1070
     5
1000
1426535
1002
}
  0
LINE
  5
1C0
330
1BC
100
AcDbEntity
  8
A-COLS
100
AcDbLine
 10
33842.81392681917
 20
28890.0
 30
0.0
 11
33842.81392681917
 21
29019.07350568641
 31
0.0
1001
REVIT
1002
{
1070
     1
1000
1438281
1002
}
1002
{
1070
     5
1000
1426535
1002
}
  0
LINE
  5
1C1
330
1BC
100
AcDbEntity
  8
A-COLS
100
AcDbLine
 10
33842.81392681917
 20
29235.0
 30
0.0
 11
33842.81392681917
 21
31890.0
 31
0.0
1001
REVIT
1002
{
1070
     1
1000
1438281
1002
}
1002
{
1070
     5
1000
1426535
1002
}
  0
ENDBLK
  5
1C3
330
1BC
100
AcDbEntity
  8
0
100
AcDbBlockEnd
  0
BLOCK
  5
1CB
330
1C5
100
AcDbEntity
  8
0
100
AcDbBlockBegin
  2
M_Rectangular Column - 150 X 50-V5-SECTION B-B
 70
     0
 10
0.0
 20
0.0
 30
0.0
  3
M_Rectangular Column - 150 X 50-V5-SECTION B-B
  1

  0
LINE
  5
1C6
330
1C5
100
AcDbEntity
  8
A-COLS
100
AcDbLine
 10
33679.65603208233
 20
31890.0
 30
0.0
 11
33729.65603208232
 21
31890.0
 31
0.0
1001
REVIT
1002
{
1070
     1
1000
1438285
1002
}
1002
{
1070
     5
1000
1426535
1002
}
  0
LINE
  5
1C7
330
1C5
100
AcDbEntity
  8
A-COLS
100
AcDbLine
 10
33679.65603208233
 20
28890.0
 30
0.0
 11
33679.65603208233
 21
29131.65245305483
 31
0.0
1001
REVIT
1002
{
1070
     1
1000
1438285
1002
}
1002
{
1070
     5
1000
1426535
1002
}
  0
LINE
  5
1C8
330
1C5
100
AcDbEntity
  8
A-COLS
100
AcDbLine
 10
33679.65603208233
 20
29407.5
 30
0.0
 11
33679.65603208233
 21
31890.0
 31
0.0
1001
REVIT
1002
{
1070
     1
1000
1438285
1002
}
1002
{
1070
     5
1000
1426535
1002
}
  0
LINE
  5
1C9
330
1C5
100
AcDbEntity
  8
A-COLS
100
AcDbLine
 10
33729.65603208232
 20
28890.0
 30
0.0
 11
33729.65603208232
 21
29097.15245305483
 31
0.0
1001
REVIT
1002
{
1070
     1
1000
1438285
1002
}
1002
{
1070
     5
1000
1426535
1002
}
  0
LINE
  5
1CA
330
1C5
100
AcDbEntity
  8
A-COLS
100
AcDbLine
 10
33729.65603208232
 20
29407.5
 30
0.0
 11
33729.65603208232
 21
31890.0
 31
0.0
1001
REVIT
1002
{
1070
     1
1000
1438285
1002
}
1002
{
1070
     5
1000
1426535
1002
}
  0
ENDBLK
  5
1CC
330
1C5
100
AcDbEntity
  8
0
100
AcDbBlockEnd
  0
BLOCK
  5
1D4
330
1CE
100
AcDbEntity
  8
0
100
AcDbBlockBegin
  2
M_Rectangular Column - 150 X 50-V6-SECTION B-B
 70
     0
 10
0.0
 20
0.0
 30
0.0
  3
M_Rectangular Column - 150 X 50-V6-SECTION B-B
  1

  0
LINE
  5
1CF
330
1CE
100
AcDbEntity
  8
A-COLS
100
AcDbLine
 10
33566.49813734548
 20
31890.0
 30
0.0
 11
33616.49813734548
 21
31890.0
 31
0.0
1001
REVIT
1002
{
1070
     1
1000
1438289
1002
}
1002
{
1070
     5
1000
1426535
1002
}
  0
LINE
  5
1D0
330
1CE
100
AcDbEntity
  8
A-COLS
100
AcDbLine
 10
33566.49813734548
 20
28890.0
 30
0.0
 11
33566.49813734548
 21
29209.73140042325
 31
0.0
1001
REVIT
1002
{
1070
     1
1000
1438289
1002
}
1002
{
1070
     5
1000
1426535
1002
}
  0
LINE
  5
1D1
330
1CE
100
AcDbEntity
  8
A-COLS
100
AcDbLine
 10
33566.49813734548
 20
29407.5
 30
0.0
 11
33566.49813734548
 21
31890.0
 31
0.0
1001
REVIT
1002
{
1070
     1
1000
1438289
1002
}
1002
{
1070
     5
1000
1426535
1002
}
  0
LINE
  5
1D2
330
1CE
100
AcDbEntity
  8
A-COLS
100
AcDbLine
 10
33616.49813734548
 20
28890.0
 30
0.0
 11
33616.49813734548
 21
29175.23140042325
 31
0.0
1001
REVIT
1002
{
1070
     1
1000
1438289
1002
}
1002
{
1070
     5
1000
1426535
1002
}
  0
LINE
  5
1D3
330
1CE
100
AcDbEntity
  8
A-COLS
100
AcDbLine
 10
33616.49813734548
 20
29407.5
 30
0.0
 11
33616.49813734548
 21
31890.0
 31
0.0
1001
REVIT
1002
{
1070
     1
1000
1438289
1002
}
1002
{
1070
     5
1000
1426535
1002
}
  0
ENDBLK
  5
1D5
330
1CE
100
AcDbEntity
  8
0
100
AcDbBlockEnd
  0
BLOCK
  5
1DD
330
1D7
100
AcDbEntity
  8
0
100
AcDbBlockBegin
  2
M_Rectangular Column - 150 X 50-V7-SECTION B-B
 70
     0
 10
0.0
 20
0.0
 30
0.0
  3
M_Rectangular Column - 150 X 50-V7-SECTION B-B
  1

  0
LINE
  5
1D8
330
1D7
100
AcDbEntity
  8
A-COLS
100
AcDbLine
 10
33453.34024260864
 20
31890.0
 30
0.0
 11
33503.34024260864
 21
31890.0
 31
0.0
1001
REVIT
1002
{
1070
     1
1000
1438293
1002
}
1002
{
1070
     5
1000
1426535
1002
}
  0
LINE
  5
1D9
330
1D7
100
AcDbEntity
  8
A-COLS
100
AcDbLine
 10
33453.34024260864
 20
28890.0
 30
0.0
 11
33453.34024260864
 21
29287.81034779167
 31
0.0
1001
REVIT
1002
{
1070
     1
1000
1438293
1002
}
1002
{
1070
     5
1000
1426535
1002
}
  0
LINE
  5
1DA
330
1D7
100
AcDbEntity
  8
A-COLS
100
AcDbLine
 10
33453.34024260864
 20
29580.0
 30
0.0
 11
33453.34024260864
 21
31890.0
 31
0.0
1001
REVIT
1002
{
1070
     1
1000
1438293
1002
}
1002
{
1070
     5
1000
1426535
1002
}
  0
LINE
  5
1DB
330
1D7
100
AcDbEntity
  8
A-COLS
100
AcDbLine
 10
33503.34024260864
 20
28890.0
 30
0.0
 11
33503.34024260864
 21
29253.31034779167
 31
0.0
1001
REVIT
1002
{
1070
     1
1000
1438293
1002
}
1002
{
1070
     5
1000
1426535
1002
}
  0
LINE
  5
1DC
330
1D7
100
AcDbEntity
  8
A-COLS
100
AcDbLine
 10
33503.34024260864
 20
29580.0
 30
0.0
 11
33503.34024260864
 21
31890.0
 31
0.0
1001
REVIT
1002
{
1070
     1
1000
1438293
1002
}
1002
{
1070
     5
1000
1426535
1002
}
  0
ENDBLK
  5
1DE
330
1D7
100
AcDbEntity
  8
0
100
AcDbBlockEnd
  0
BLOCK
  5
1E6
330
1E0
100
AcDbEntity
  8
0
100
AcDbBlockBegin
  2
M_Rectangular Column - 150 X 50-V8-SECTION B-B
 70
     0
 10
0.0
 20
0.0
 30
0.0
  3
M_Rectangular Column - 150 X 50-V8-SECTION B-B
  1

  0
LINE
  5
1E1
330
1E0
100
AcDbEntity
  8
A-COLS
100
AcDbLine
 10
33340.1823478718
 20
31890.0
 30
0.0
 11
33390.18234787179
 21
31890.0
 31
0.0
1001
REVIT
1002
{
1070
     1
1000
1438297
1002
}
1002
{
1070
     5
1000
1426535
1002
}
  0
LINE
  5
1E2
330
1E0
100
AcDbEntity
  8
A-COLS
100
AcDbLine
 10
33340.1823478718
 20
28890.0
 30
0.0
 11
33340.1823478718
 21
29365.8892951601
 31
0.0
1001
REVIT
1002
{
1070
     1
1000
1438297
1002
}
1002
{
1070
     5
1000
1426535
1002
}
  0
LINE
  5
1E3
330
1E0
100
AcDbEntity
  8
A-COLS
100
AcDbLine
 10
33340.1823478718
 20
29580.0
 30
0.0
 11
33340.1823478718
 21
31890.0
 31
0.0
1001
REVIT
1002
{
1070
     1
1000
1438297
1002
}
1002
{
1070
     5
1000
1426535
1002
}
  0
LINE
  5
1E4
330
1E0
100
AcDbEntity
  8
A-COLS
100
AcDbLine
 10
33390.18234787179
 20
28890.0
 30
0.0
 11
33390.18234787179
 21
29331.3892951601
 31
0.0
1001
REVIT
1002
{
1070
     1
1000
1438297
1002
}
1002
{
1070
     5
1000
1426535
1002
}
  0
LINE
  5
1E5
330
1E0
100
AcDbEntity
  8
A-COLS
100
AcDbLine
 10
33390.18234787179
 20
29580.0
 30
0.0
 11
33390.18234787179
 21
31890.0
 31
0.0
1001
REVIT
1002
{
1070
     1
1000
1438297
1002
}
1002
{
1070
     5
1000
1426535
1002
}
  0
ENDBLK
  5
1E7
330
1E0
100
AcDbEntity
  8
0
100
AcDbBlockEnd
  0
BLOCK
  5
1EF
330
1E9
100
AcDbEntity
  8
0
100
AcDbBlockBegin
  2
M_Rectangular Column - 150 X 50-V9-SECTION B-B
 70
     0
 10
0.0
 20
0.0
 30
0.0
  3
M_Rectangular Column - 150 X 50-V9-SECTION B-B
  1

  0
LINE
  5
1EA
330
1E9
100
AcDbEntity
  8
A-COLS
100
AcDbLine
 10
33227.02445313496
 20
31890.0
 30
0.0
 11
33277.02445313496
 21
31890.0
 31
0.0
1001
REVIT
1002
{
1070
     1
1000
1438325
1002
}
1002
{
1070
     5
1000
1426535
1002
}
  0
LINE
  5
1EB
330
1E9
100
AcDbEntity
  8
A-COLS
100
AcDbLine
 10
33227.02445313496
 20
28890.0
 30
0.0
 11
33227.02445313496
 21
29443.96824252852
 31
0.0
1001
REVIT
1002
{
1070
     1
1000
1438325
1002
}
1002
{
1070
     5
1000
1426535
1002
}
  0
LINE
  5
1EC
330
1E9
100
AcDbEntity
  8
A-COLS
100
AcDbLine
 10
33227.02445313496
 20
29752.5
 30
0.0
 11
33227.02445313496
 21
31890.0
 31
0.0
1001
REVIT
1002
{
1070
     1
1000
1438325
1002
}
1002
{
1070
     5
1000
1426535
1002
}
  0
LINE
  5
1ED
330
1E9
100
AcDbEntity
  8
A-COLS
100
AcDbLine
 10
33277.02445313496
 20
28890.0
 30
0.0
 11
33277.02445313496
 21
29409.46824252852
 31
0.0
1001
REVIT
1002
{
1070
     1
1000
1438325
1002
}
1002
{
1070
     5
1000
1426535
1002
}
  0
LINE
  5
1EE
330
1E9
100
AcDbEntity
  8
A-COLS
100
AcDbLine
 10
33277.02445313496
 20
29752.5
 30
0.0
 11
33277.02445313496
 21
31890.0
 31
0.0
1001
REVIT
1002
{
1070
     1
1000
1438325
1002
}
1002
{
1070
     5
1000
1426535
1002
}
  0
ENDBLK
  5
1F0
330
1E9
100
AcDbEntity
  8
0
100
AcDbBlockEnd
  0
BLOCK
  5
1F8
330
1F2
100
AcDbEntity
  8
0
100
AcDbBlockBegin
  2
M_Rectangular Column - 150 X 50-V10-SECTION B-B
 70
     0
 10
0.0
 20
0.0
 30
0.0
  3
M_Rectangular Column - 150 X 50-V10-SECTION B-B
  1

  0
LINE
  5
1F3
330
1F2
100
AcDbEntity
  8
A-COLS
100
AcDbLine
 10
33113.86655839812
 20
31890.0
 30
0.0
 11
33163.86655839812
 21
31890.0
 31
0.0
1001
REVIT
1002
{
1070
     1
1000
1438329
1002
}
1002
{
1070
     5
1000
1426535
1002
}
  0
LINE
  5
1F4
330
1F2
100
AcDbEntity
  8
A-COLS
100
AcDbLine
 10
33113.86655839812
 20
28890.0
 30
0.0
 11
33113.86655839812
 21
29522.04718989693
 31
0.0
1001
REVIT
1002
{
1070
     1
1000
1438329
1002
}
1002
{
1070
     5
1000
1426535
1002
}
  0
LINE
  5
1F5
330
1F2
100
AcDbEntity
  8
A-COLS
100
AcDbLine
 10
33113.86655839812
 20
29752.5
 30
0.0
 11
33113.86655839812
 21
31890.0
 31
0.0
1001
REVIT
1002
{
1070
     1
1000
1438329
1002
}
1002
{
1070
     5
1000
1426535
1002
}
  0
LINE
  5
1F6
330
1F2
100
AcDbEntity
  8
A-COLS
100
AcDbLine
 10
33163.86655839812
 20
28890.0
 30
0.0
 11
33163.86655839812
 21
29487.54718989693
 31
0.0
1001
REVIT
1002
{
1070
     1
1000
1438329
1002
}
1002
{
1070
     5
1000
1426535
1002
}
  0
LINE
  5
1F7
330
1F2
100
AcDbEntity
  8
A-COLS
100
AcDbLine
 10
33163.86655839812
 20
29752.5
 30
0.0
 11
33163.86655839812
 21
31890.0
 31
0.0
1001
REVIT
1002
{
1070
     1
1000
1438329
1002
}
1002
{
1070
     5
1000
1426535
1002
}
  0
ENDBLK
  5
1F9
330
1F2
100
AcDbEntity
  8
0
100
AcDbBlockEnd
  0
BLOCK
  5
201
330
1FB
100
AcDbEntity
  8
0
100
AcDbBlockBegin
  2
M_Rectangular Column - 150 X 50-V11-SECTION B-B
 70
     0
 10
0.0
 20
0.0
 30
0.0
  3
M_Rectangular Column - 150 X 50-V11-SECTION B-B
  1

  0
LINE
  5
1FC
330
1FB
100
AcDbEntity
  8
A-COLS
100
AcDbLine
 10
33000.70866366128
 20
31890.0
 30
0.0
 11
33050.70866366128
 21
31890.0
 31
0.0
1001
REVIT
1002
{
1070
     1
1000
1438333
1002
}
1002
{
1070
     5
1000
1426535
1002
}
  0
LINE
  5
1FD
330
1FB
100
AcDbEntity
  8
A-COLS
100
AcDbLine
 10
33000.70866366128
 20
28890.0
 30
0.0
 11
33000.70866366128
 21
29600.12613726535
 31
0.0
1001
REVIT
1002
{
1070
     1
1000
1438333
1002
}
1002
{
1070
     5
1000
1426535
1002
}
  0
LINE
  5
1FE
330
1FB
100
AcDbEntity
  8
A-COLS
100
AcDbLine
 10
33000.70866366128
 20
29925.0
 30
0.0
 11
33000.70866366128
 21
31890.0
 31
0.0
1001
REVIT
1002
{
1070
     1
1000
1438333
1002
}
1002
{
1070
     5
1000
1426535
1002
}
  0
LINE
  5
1FF
330
1FB
100
AcDbEntity
  8
A-COLS
100
AcDbLine
 10
33050.70866366128
 20
28890.0
 30
0.0
 11
33050.70866366128
 21
29565.62613726536
 31
0.0
1001
REVIT
1002
{
1070
     1
1000
1438333
1002
}
1002
{
1070
     5
1000
1426535
1002
}
  0
LINE
  5
200
330
1FB
100
AcDbEntity
  8
A-COLS
100
AcDbLine
 10
33050.70866366128
 20
29752.5
 30
0.0
 11
33050.70866366128
 21
31890.0
 31
0.0
1001
REVIT
1002
{
1070
     1
1000
1438333
1002
}
1002
{
1070
     5
1000
1426535
1002
}
  0
ENDBLK
  5
202
330
1FB
100
AcDbEntity
  8
0
100
AcDbBlockEnd
  0
BLOCK
  5
20A
330
204
100
AcDbEntity
  8
0
100
AcDbBlockBegin
  2
M_Rectangular Column - 150 X 50-V12-SECTION B-B
 70
     0
 10
0.0
 20
0.0
 30
0.0
  3
M_Rectangular Column - 150 X 50-V12-SECTION B-B
  1

  0
LINE
  5
205
330
204
100
AcDbEntity
  8
A-COLS
100
AcDbLine
 10
32887.55076892444
 20
31890.0
 30
0.0
 11
32937.55076892443
 21
31890.0
 31
0.0
1001
REVIT
1002
{
1070
     1
1000
1438337
1002
}
1002
{
1070
     5
1000
1426535
1002
}
  0
LINE
  5
206
330
204
100
AcDbEntity
  8
A-COLS
100
AcDbLine
 10
32887.55076892444
 20
28890.0
 30
0.0
 11
32887.55076892444
 21
29678.20508463378
 31
0.0
1001
REVIT
1002
{
1070
     1
1000
1438337
1002
}
1002
{
1070
     5
1000
1426535
1002
}
  0
LINE
  5
207
330
204
100
AcDbEntity
  8
A-COLS
100
AcDbLine
 10
32887.55076892444
 20
29925.0
 30
0.0
 11
32887.55076892444
 21
31890.0
 31
0.0
1001
REVIT
1002
{
1070
     1
1000
1438337
1002
}
1002
{
1070
     5
1000
1426535
1002
}
  0
LINE
  5
208
330
204
100
AcDbEntity
  8
A-COLS
100
AcDbLine
 10
32937.55076892443
 20
28890.0
 30
0.0
 11
32937.55076892443
 21
29643.70508463378
 31
0.0
1001
REVIT
1002
{
1070
     1
1000
1438337
1002
}
1002
{
1070
     5
1000
1426535
1002
}
  0
LINE
  5
209
330
204
100
AcDbEntity
  8
A-COLS
100
AcDbLine
 10
32937.55076892443
 20
29925.0
 30
0.0
 11
32937.55076892443
 21
31890.0
 31
0.0
1001
REVIT
1002
{
1070
     1
1000
1438337
1002
}
1002
{
1070
     5
1000
1426535
1002
}
  0
ENDBLK
  5
20B
330
204
100
AcDbEntity
  8
0
100
AcDbBlockEnd
  0
BLOCK
  5
213
330
20D
100
AcDbEntity
  8
0
100
AcDbBlockBegin
  2
M_Rectangular Column - 150 X 50-V13-SECTION B-B
 70
     0
 10
0.0
 20
0.0
 30
0.0
  3
M_Rectangular Column - 150 X 50-V13-SECTION B-B
  1

  0
LINE
  5
20E
330
20D
100
AcDbEntity
  8
A-COLS
100
AcDbLine
 10
32774.39287418759
 20
31890.0
 30
0.0
 11
32824.39287418759
 21
31890.0
 31
0.0
1001
REVIT
1002
{
1070
     1
1000
1438341
1002
}
1002
{
1070
     5
1000
1426535
1002
}
  0
LINE
  5
20F
330
20D
100
AcDbEntity
  8
A-COLS
100
AcDbLine
 10
32774.39287418759
 20
28890.0
 30
0.0
 11
32774.39287418759
 21
29756.2840320022
 31
0.0
1001
REVIT
1002
{
1070
     1
1000
1438341
1002
}
1002
{
1070
     5
1000
1426535
1002
}
  0
LINE
  5
210
330
20D
100
AcDbEntity
  8
A-COLS
100
AcDbLine
 10
32774.39287418759
 20
30097.5
 30
0.0
 11
32774.39287418759
 21
31890.0
 31
0.0
1001
REVIT
1002
{
1070
     1
1000
1438341
1002
}
1002
{
1070
     5
1000
1426535
1002
}
  0
LINE
  5
211
330
20D
100
AcDbEntity
  8
A-COLS
100
AcDbLine
 10
32824.39287418759
 20
28890.0
 30
0.0
 11
32824.39287418759
 21
29721.7840320022
 31
0.0
1001
REVIT
1002
{
1070
     1
1000
1438341
1002
}
1002
{
1070
     5
1000
1426535
1002
}
  0
LINE
  5
212
330
20D
100
AcDbEntity
  8
A-COLS
100
AcDbLine
 10
32824.39287418759
 20
29925.0
 30
0.0
 11
32824.39287418759
 21
31890.0
 31
0.0
1001
REVIT
1002
{
1070
     1
1000
1438341
1002
}
1002
{
1070
     5
1000
1426535
1002
}
  0
ENDBLK
  5
214
330
20D
100
AcDbEntity
  8
0
100
AcDbBlockEnd
  0
BLOCK
  5
21C
330
216
100
AcDbEntity
  8
0
100
AcDbBlockBegin
  2
M_Rectangular Column - 150 X 50-V14-SECTION B-B
 70
     0
 10
0.0
 20
0.0
 30
0.0
  3
M_Rectangular Column - 150 X 50-V14-SECTION B-B
  1

  0
LINE
  5
217
330
216
100
AcDbEntity
  8
A-COLS
100
AcDbLine
 10
32661.23497945075
 20
31890.0
 30
0.0
 11
32711.23497945075
 21
31890.0
 31
0.0
1001
REVIT
1002
{
1070
     1
1000
1438345
1002
}
1002
{
1070
     5
1000
1426535
1002
}
  0
LINE
  5
218
330
216
100
AcDbEntity
  8
A-COLS
100
AcDbLine
 10
32661.23497945075
 20
28890.0
 30
0.0
 11
32661.23497945075
 21
29834.36297937062
 31
0.0
1001
REVIT
1002
{
1070
     1
1000
1438345
1002
}
1002
{
1070
     5
1000
1426535
1002
}
  0
LINE
  5
219
330
216
100
AcDbEntity
  8
A-COLS
100
AcDbLine
 10
32661.23497945075
 20
30097.5
 30
0.0
 11
32661.23497945075
 21
31890.0
 31
0.0
1001
REVIT
1002
{
1070
     1
1000
1438345
1002
}
1002
{
1070
     5
1000
1426535
1002
}
  0
LINE
  5
21A
330
216
100
AcDbEntity
  8
A-COLS
100
AcDbLine
 10
32711.23497945075
 20
28890.0
 30
0.0
 11
32711.23497945075
 21
29799.86297937062
 31
0.0
1001
REVIT
1002
{
1070
     1
1000
1438345
1002
}
1002
{
1070
     5
1000
1426535
1002
}
  0
LINE
  5
21B
330
216
100
AcDbEntity
  8
A-COLS
100
AcDbLine
 10
32711.23497945075
 20
30097.5
 30
0.0
 11
32711.23497945075
 21
31890.0
 31
0.0
1001
REVIT
1002
{
1070
     1
1000
1438345
1002
}
1002
{
1070
     5
1000
1426535
1002
}
  0
ENDBLK
  5
21D
330
216
100
AcDbEntity
  8
0
100
AcDbBlockEnd
  0
BLOCK
  5
225
330
21F
100
AcDbEntity
  8
0
100
AcDbBlockBegin
  2
M_Rectangular Column - 150 X 50-V15-SECTION B-B
 70
     0
 10
0.0
 20
0.0
 30
0.0
  3
M_Rectangular Column - 150 X 50-V15-SECTION B-B
  1

  0
LINE
  5
220
330
21F
100
AcDbEntity
  8
A-COLS
100
AcDbLine
 10
32548.07708471391
 20
31890.0
 30
0.0
 11
32598.0770847139
 21
31890.0
 31
0.0
1001
REVIT
1002
{
1070
     1
1000
1438349
1002
}
1002
{
1070
     5
1000
1426535
1002
}
  0
LINE
  5
221
330
21F
100
AcDbEntity
  8
A-COLS
100
AcDbLine
 10
32548.07708471391
 20
28890.0
 30
0.0
 11
32548.07708471391
 21
29912.44192673904
 31
0.0
1001
REVIT
1002
{
1070
     1
1000
1438349
1002
}
1002
{
1070
     5
1000
1426535
1002
}
  0
LINE
  5
222
330
21F
100
AcDbEntity
  8
A-COLS
100
AcDbLine
 10
32548.07708471391
 20
30097.5
 30
0.0
 11
32548.07708471391
 21
31890.0
 31
0.0
1001
REVIT
1002
{
1070
     1
1000
1438349
1002
}
1002
{
1070
     5
1000
1426535
1002
}
  0
LINE
  5
223
330
21F
100
AcDbEntity
  8
A-COLS
100
AcDbLine
 10
32598.0770847139
 20
28890.0
 30
0.0
 11
32598.0770847139
 21
29877.94192673904
 31
0.0
1001
REVIT
1002
{
1070
     1
1000
1438349
1002
}
1002
{
1070
     5
1000
1426535
1002
}
  0
LINE
  5
224
330
21F
100
AcDbEntity
  8
A-COLS
100
AcDbLine
 10
32598.0770847139
 20
30097.5
 30
0.0
 11
32598.0770847139
 21
31890.0
 31
0.0
1001
REVIT
1002
{
1070
     1
1000
1438349
1002
}
1002
{
1070
     5
1000
1426535
1002
}
  0
ENDBLK
  5
226
330
21F
100
AcDbEntity
  8
0
100
AcDbBlockEnd
  0
BLOCK
  5
22E
330
228
100
AcDbEntity
  8
0
100
AcDbBlockBegin
  2
M_Rectangular Column - 150 X 50-V16-SECTION B-B
 70
     0
 10
0.0
 20
0.0
 30
0.0
  3
M_Rectangular Column - 150 X 50-V16-SECTION B-B
  1

  0
LINE
  5
229
330
228
100
AcDbEntity
  8
A-COLS
100
AcDbLine
 10
32434.91918997706
 20
31890.0
 30
0.0
 11
32484.91918997706
 21
31890.0
 31
0.0
1001
REVIT
1002
{
1070
     1
1000
1438353
1002
}
1002
{
1070
     5
1000
1426535
1002
}
  0
LINE
  5
22A
330
228
100
AcDbEntity
  8
A-COLS
100
AcDbLine
 10
32434.91918997706
 20
28890.0
 30
0.0
 11
32434.91918997706
 21
29990.52087410746
 31
0.0
1001
REVIT
1002
{
1070
     1
1000
1438353
1002
}
1002
{
1070
     5
1000
1426535
1002
}
  0
LINE
  5
22B
330
228
100
AcDbEntity
  8
A-COLS
100
AcDbLine
 10
32434.91918997706
 20
30270.0
 30
0.0
 11
32434.91918997706
 21
31890.0
 31
0.0
1001
REVIT
1002
{
1070
     1
1000
1438353
1002
}
1002
{
1070
     5
1000
1426535
1002
}
  0
LINE
  5
22C
330
228
100
AcDbEntity
  8
A-COLS
100
AcDbLine
 10
32484.91918997706
 20
28890.0
 30
0.0
 11
32484.91918997706
 21
29956.02087410746
 31
0.0
1001
REVIT
1002
{
1070
     1
1000
1438353
1002
}
1002
{
1070
     5
1000
1426535
1002
}
  0
LINE
  5
22D
330
228
100
AcDbEntity
  8
A-COLS
100
AcDbLine
 10
32484.91918997706
 20
30270.0
 30
0.0
 11
32484.91918997706
 21
31890.0
 31
0.0
1001
REVIT
1002
{
1070
     1
1000
1438353
1002
}
1002
{
1070
     5
1000
1426535
1002
}
  0
ENDBLK
  5
22F
330
228
100
AcDbEntity
  8
0
100
AcDbBlockEnd
  0
BLOCK
  5
237
330
231
100
AcDbEntity
  8
0
100
AcDbBlockBegin
  2
M_Rectangular Column - 150 X 50-V17-SECTION B-B
 70
     0
 10
0.0
 20
0.0
 30
0.0
  3
M_Rectangular Column - 150 X 50-V17-SECTION B-B
  1

  0
LINE
  5
232
330
231
100
AcDbEntity
  8
A-COLS
100
AcDbLine
 10
32321.76129524023
 20
31890.0
 30
0.0
 11
32371.76129524022
 21
31890.0
 31
0.0
1001
REVIT
1002
{
1070
     1
1000
1438357
1002
}
1002
{
1070
     5
1000
1426535
1002
}
  0
LINE
  5
233
330
231
100
AcDbEntity
  8
A-COLS
100
AcDbLine
 10
32321.76129524023
 20
28890.0
 30
0.0
 11
32321.76129524023
 21
30068.59982147588
 31
0.0
1001
REVIT
1002
{
1070
     1
1000
1438357
1002
}
1002
{
1070
     5
1000
1426535
1002
}
  0
LINE
  5
234
330
231
100
AcDbEntity
  8
A-COLS
100
AcDbLine
 10
32321.76129524023
 20
30270.0
 30
0.0
 11
32321.76129524023
 21
31890.0
 31
0.0
1001
REVIT
1002
{
1070
     1
1000
1438357
1002
}
1002
{
1070
     5
1000
1426535
1002
}
  0
LINE
  5
235
330
231
100
AcDbEntity
  8
A-COLS
100
AcDbLine
 10
32371.76129524022
 20
28890.0
 30
0.0
 11
32371.76129524022
 21
30034.09982147588
 31
0.0
1001
REVIT
1002
{
1070
     1
1000
1438357
1002
}
1002
{
1070
     5
1000
1426535
1002
}
  0
LINE
  5
236
330
231
100
AcDbEntity
  8
A-COLS
100
AcDbLine
 10
32371.76129524022
 20
30270.0
 30
0.0
 11
32371.76129524022
 21
31890.0
 31
0.0
1001
REVIT
1002
{
1070
     1
1000
1438357
1002
}
1002
{
1070
     5
1000
1426535
1002
}
  0
ENDBLK
  5
238
330
231
100
AcDbEntity
  8
0
100
AcDbBlockEnd
  0
BLOCK
  5
240
330
23A
100
AcDbEntity
  8
0
100
AcDbBlockBegin
  2
M_Rectangular Column - 150 X 50-V18-SECTION B-B
 70
     0
 10
0.0
 20
0.0
 30
0.0
  3
M_Rectangular Column - 150 X 50-V18-SECTION B-B
  1

  0
LINE
  5
23B
330
23A
100
AcDbEntity
  8
A-COLS
100
AcDbLine
 10
32208.60340050338
 20
31890.0
 30
0.0
 11
32258.60340050338
 21
31890.0
 31
0.0
1001
REVIT
1002
{
1070
     1
1000
1438361
1002
}
1002
{
1070
     5
1000
1426535
1002
}
  0
LINE
  5
23C
330
23A
100
AcDbEntity
  8
A-COLS
100
AcDbLine
 10
32208.60340050338
 20
28890.0
 30
0.0
 11
32208.60340050338
 21
30146.6787688443
 31
0.0
1001
REVIT
1002
{
1070
     1
1000
1438361
1002
}
1002
{
1070
     5
1000
1426535
1002
}
  0
LINE
  5
23D
330
23A
100
AcDbEntity
  8
A-COLS
100
AcDbLine
 10
32208.60340050338
 20
30442.5
 30
0.0
 11
32208.60340050338
 21
31890.0
 31
0.0
1001
REVIT
1002
{
1070
     1
1000
1438361
1002
}
1002
{
1070
     5
1000
1426535
1002
}
  0
LINE
  5
23E
330
23A
100
AcDbEntity
  8
A-COLS
100
AcDbLine
 10
32258.60340050338
 20
28890.0
 30
0.0
 11
32258.60340050338
 21
30112.1787688443
 31
0.0
1001
REVIT
1002
{
1070
     1
1000
1438361
1002
}
1002
{
1070
     5
1000
1426535
1002
}
  0
LINE
  5
23F
330
23A
100
AcDbEntity
  8
A-COLS
100
AcDbLine
 10
32258.60340050338
 20
30442.5
 30
0.0
 11
32258.60340050338
 21
31890.0
 31
0.0
1001
REVIT
1002
{
1070
     1
1000
1438361
1002
}
1002
{
1070
     5
1000
1426535
1002
}
  0
ENDBLK
  5
241
330
23A
100
AcDbEntity
  8
0
100
AcDbBlockEnd
  0
BLOCK
  5
286
330
251
100
AcDbEntity
  8
0
100
AcDbBlockBegin
  2
Stacker Door - 3 Panel - FXX3047 SP-2545092-SECTION B-B
 70
     0
 10
0.0
 20
0.0
 30
0.0
  3
Stacker Door - 3 Panel - FXX3047 SP-2545092-SECTION B-B
  1

  0
LINE
  5
253
330
251
100
AcDbEntity
  8
A-DOOR-FRAM
100
AcDbLine
 10
32095.44550576654
 20
28945.0
 30
0.0
 11
32045.44550576653
 21
28945.0
 31
0.0
1001
REVIT
1002
{
1070
     1
1000
1453001
1002
}
1002
{
1070
     5
1000
1812943
1002
}
1002
{
1070
     3
1000
-2000029
1002
}
  0
LINE
  5
254
330
251
100
AcDbEntity
  8
A-DOOR-FRAM
100
AcDbLine
 10
32045.44550576653
 20
31835.0
 30
0.0
 11
32095.44550576654
 21
31835.0
 31
0.0
1001
REVIT
1002
{
1070
     1
1000
1453001
1002
}
1002
{
1070
     5
1000
1812943
1002
}
1002
{
1070
     3
1000
-2000029
1002
}
  0
LINE
  5
255
330
251
100
AcDbEntity
  8
A-DOOR-FRAM
100
AcDbLine
 10
33670.4455052217
 20
28945.0
 30
0.0
 11
33616.49813734549
 21
28945.0
 31
0.0
1001
REVIT
1002
{
1070
     1
1000
1453001
1002
}
1002
{
1070
     5
1000
1812943
1002
}
1002
{
1070
     3
1000
-2000029
1002
}
  0
LINE
  5
256
330
251
100
AcDbEntity
  8
A-DOOR-FRAM
100
AcDbLine
 10
33566.49813734548
 20
28945.0
 30
0.0
 11
33503.34024260864
 21
28945.0
 31
0.0
1001
REVIT
1002
{
1070
     1
1000
1453001
1002
}
1002
{
1070
     5
1000
1812943
1002
}
1002
{
1070
     3
1000
-2000029
1002
}
  0
LINE
  5
257
330
251
100
AcDbEntity
  8
A-DOOR-FRAM
100
AcDbLine
 10
33453.34024260865
 20
28945.0
 30
0.0
 11
33390.18234787179
 21
28945.0
 31
0.0
1001
REVIT
1002
{
1070
     1
1000
1453001
1002
}
1002
{
1070
     5
1000
1812943
1002
}
1002
{
1070
     3
1000
-2000029
1002
}
  0
LINE
  5
258
330
251
100
AcDbEntity
  8
A-DOOR-FRAM
100
AcDbLine
 10
33340.1823478718
 20
28945.0
 30
0.0
 11
33277.02445313496
 21
28945.0
 31
0.0
1001
REVIT
1002
{
1070
     1
1000
1453001
1002
}
1002
{
1070
     5
1000
1812943
1002
}
1002
{
1070
     3
1000
-2000029
1002
}
  0
LINE
  5
259
330
251
100
AcDbEntity
  8
A-DOOR-FRAM
100
AcDbLine
 10
33227.02445313496
 20
28945.0
 30
0.0
 11
33163.86655839812
 21
28945.0
 31
0.0
1001
REVIT
1002
{
1070
     1
1000
1453001
1002
}
1002
{
1070
     5
1000
1812943
1002
}
1002
{
1070
     3
1000
-2000029
1002
}
  0
LINE
  5
25A
330
251
100
AcDbEntity
  8
A-DOOR-FRAM
100
AcDbLine
 10
33113.86655839812
 20
28945.0
 30
0.0
 11
33050.70866366128
 21
28945.0
 31
0.0
1001
REVIT
1002
{
1070
     1
1000
1453001
1002
}
1002
{
1070
     5
1000
1812943
1002
}
1002
{
1070
     3
1000
-2000029
1002
}
  0
LINE
  5
25B
330
251
100
AcDbEntity
  8
A-DOOR-FRAM
100
AcDbLine
 10
33000.70866366128
 20
28945.0
 30
0.0
 11
32937.55076892443
 21
28945.0
 31
0.0
1001
REVIT
1002
{
1070
     1
1000
1453001
1002
}
1002
{
1070
     5
1000
1812943
1002
}
1002
{
1070
     3
1000
-2000029
1002
}
  0
LINE
  5
25C
330
251
100
AcDbEntity
  8
A-DOOR-FRAM
100
AcDbLine
 10
32887.55076892444
 20
28945.0
 30
0.0
 11
32824.39287418759
 21
28945.0
 31
0.0
1001
REVIT
1002
{
1070
     1
1000
1453001
1002
}
1002
{
1070
     5
1000
1812943
1002
}
1002
{
1070
     3
1000
-2000029
1002
}
  0
LINE
  5
25D
330
251
100
AcDbEntity
  8
A-DOOR-FRAM
100
AcDbLine
 10
32774.39287418759
 20
28945.0
 30
0.0
 11
32711.23497945075
 21
28945.0
 31
0.0
1001
REVIT
1002
{
1070
     1
1000
1453001
1002
}
1002
{
1070
     5
1000
1812943
1002
}
1002
{
1070
     3
1000
-2000029
1002
}
  0
LINE
  5
25E
330
251
100
AcDbEntity
  8
A-DOOR-FRAM
100
AcDbLine
 10
32661.23497945075
 20
28945.0
 30
0.0
 11
32598.07708471391
 21
28945.0
 31
0.0
1001
REVIT
1002
{
1070
     1
1000
1453001
1002
}
1002
{
1070
     5
1000
1812943
1002
}
1002
{
1070
     3
1000
-2000029
1002
}
  0
LINE
  5
25F
330
251
100
AcDbEntity
  8
A-DOOR-FRAM
100
AcDbLine
 10
32548.07708471391
 20
28945.0
 30
0.0
 11
32484.91918997707
 21
28945.0
 31
0.0
1001
REVIT
1002
{
1070
     1
1000
1453001
1002
}
1002
{
1070
     5
1000
1812943
1002
}
1002
{
1070
     3
1000
-2000029
1002
}
  0
LINE
  5
260
330
251
100
AcDbEntity
  8
A-DOOR-FRAM
100
AcDbLine
 10
32434.91918997707
 20
28945.0
 30
0.0
 11
32371.76129524023
 21
28945.0
 31
0.0
1001
REVIT
1002
{
1070
     1
1000
1453001
1002
}
1002
{
1070
     5
1000
1812943
1002
}
1002
{
1070
     3
1000
-2000029
1002
}
  0
LINE
  5
261
330
251
100
AcDbEntity
  8
A-DOOR-FRAM
100
AcDbLine
 10
32321.76129524023
 20
28945.0
 30
0.0
 11
32258.60340050338
 21
28945.0
 31
0.0
1001
REVIT
1002
{
1070
     1
1000
1453001
1002
}
1002
{
1070
     5
1000
1812943
1002
}
1002
{
1070
     3
1000
-2000029
1002
}
  0
LINE
  5
262
330
251
100
AcDbEntity
  8
A-DOOR-FRAM
100
AcDbLine
 10
32208.60340050339
 20
28945.0
 30
0.0
 11
32195.4455052217
 21
28945.0
 31
0.0
1001
REVIT
1002
{
1070
     1
1000
1453001
1002
}
1002
{
1070
     5
1000
1812943
1002
}
1002
{
1070
     3
1000
-2000029
1002
}
  0
LINE
  5
263
330
251
100
AcDbEntity
  8
A-DOOR-FRAM
100
AcDbLine
 10
32195.4455052217
 20
28945.0
 30
0.0
 11
32195.4455052217
 21
30155.75771658866
 31
0.0
1001
REVIT
1002
{
1070
     1
1000
1453001
1002
}
1002
{
1070
     5
1000
1812943
1002
}
1002
{
1070
     3
1000
-2000029
1002
}
  0
LINE
  5
264
330
251
100
AcDbEntity
  8
A-DOOR-FRAM
100
AcDbLine
 10
32195.4455052217
 20
30442.5
 30
0.0
 11
32195.4455052217
 21
31835.0
 31
0.0
1001
REVIT
1002
{
1070
     1
1000
1453001
1002
}
1002
{
1070
     5
1000
1812943
1002
}
1002
{
1070
     3
1000
-2000029
1002
}
  0
LINE
  5
265
330
251
100
AcDbEntity
  8
A-DOOR-FRAM
100
AcDbLine
 10
32195.4455052217
 20
31835.0
 30
0.0
 11
32208.60340050339
 21
31835.0
 31
0.0
1001
REVIT
1002
{
1070
     1
1000
1453001
1002
}
1002
{
1070
     5
1000
1812943
1002
}
1002
{
1070
     3
1000
-2000029
1002
}
  0
LINE
  5
266
330
251
100
AcDbEntity
  8
A-DOOR-FRAM
100
AcDbLine
 10
32258.60340050338
 20
31835.0
 30
0.0
 11
32321.76129524023
 21
31835.0
 31
0.0
1001
REVIT
1002
{
1070
     1
1000
1453001
1002
}
1002
{
1070
     5
1000
1812943
1002
}
1002
{
1070
     3
1000
-2000029
1002
}
  0
LINE
  5
267
330
251
100
AcDbEntity
  8
A-DOOR-FRAM
100
AcDbLine
 10
32371.76129524023
 20
31835.0
 30
0.0
 11
32434.91918997707
 21
31835.0
 31
0.0
1001
REVIT
1002
{
1070
     1
1000
1453001
1002
}
1002
{
1070
     5
1000
1812943
1002
}
1002
{
1070
     3
1000
-2000029
1002
}
  0
LINE
  5
268
330
251
100
AcDbEntity
  8
A-DOOR-FRAM
100
AcDbLine
 10
32484.91918997707
 20
31835.0
 30
0.0
 11
32548.07708471391
 21
31835.0
 31
0.0
1001
REVIT
1002
{
1070
     1
1000
1453001
1002
}
1002
{
1070
     5
1000
1812943
1002
}
1002
{
1070
     3
1000
-2000029
1002
}
  0
LINE
  5
269
330
251
100
AcDbEntity
  8
A-DOOR-FRAM
100
AcDbLine
 10
32598.07708471391
 20
31835.0
 30
0.0
 11
32661.23497945075
 21
31835.0
 31
0.0
1001
REVIT
1002
{
1070
     1
1000
1453001
1002
}
1002
{
1070
     5
1000
1812943
1002
}
1002
{
1070
     3
1000
-2000029
1002
}
  0
LINE
  5
26A
330
251
100
AcDbEntity
  8
A-DOOR-FRAM
100
AcDbLine
 10
32711.23497945075
 20
31835.0
 30
0.0
 11
32774.39287418759
 21
31835.0
 31
0.0
1001
REVIT
1002
{
1070
     1
1000
1453001
1002
}
1002
{
1070
     5
1000
1812943
1002
}
1002
{
1070
     3
1000
-2000029
1002
}
  0
LINE
  5
26B
330
251
100
AcDbEntity
  8
A-DOOR-FRAM
100
AcDbLine
 10
32824.39287418759
 20
31835.0
 30
0.0
 11
32887.55076892444
 21
31835.0
 31
0.0
1001
REVIT
1002
{
1070
     1
1000
1453001
1002
}
1002
{
1070
     5
1000
1812943
1002
}
1002
{
1070
     3
1000
-2000029
1002
}
  0
LINE
  5
26C
330
251
100
AcDbEntity
  8
A-DOOR-FRAM
100
AcDbLine
 10
32937.55076892443
 20
31835.0
 30
0.0
 11
33000.70866366128
 21
31835.0
 31
0.0
1001
REVIT
1002
{
1070
     1
1000
1453001
1002
}
1002
{
1070
     5
1000
1812943
1002
}
1002
{
1070
     3
1000
-2000029
1002
}
  0
LINE
  5
26D
330
251
100
AcDbEntity
  8
A-DOOR-FRAM
100
AcDbLine
 10
33050.70866366128
 20
31835.0
 30
0.0
 11
33113.86655839812
 21
31835.0
 31
0.0
1001
REVIT
1002
{
1070
     1
1000
1453001
1002
}
1002
{
1070
     5
1000
1812943
1002
}
1002
{
1070
     3
1000
-2000029
1002
}
  0
LINE
  5
26E
330
251
100
AcDbEntity
  8
A-DOOR-FRAM
100
AcDbLine
 10
33163.86655839812
 20
31835.0
 30
0.0
 11
33227.02445313496
 21
31835.0
 31
0.0
1001
REVIT
1002
{
1070
     1
1000
1453001
1002
}
1002
{
1070
     5
1000
1812943
1002
}
1002
{
1070
     3
1000
-2000029
1002
}
  0
LINE
  5
26F
330
251
100
AcDbEntity
  8
A-DOOR-FRAM
100
AcDbLine
 10
33277.02445313496
 20
31835.0
 30
0.0
 11
33340.1823478718
 21
31835.0
 31
0.0
1001
REVIT
1002
{
1070
     1
1000
1453001
1002
}
1002
{
1070
     5
1000
1812943
1002
}
1002
{
1070
     3
1000
-2000029
1002
}
  0
LINE
  5
270
330
251
100
AcDbEntity
  8
A-DOOR-FRAM
100
AcDbLine
 10
33390.18234787179
 20
31835.0
 30
0.0
 11
33453.34024260865
 21
31835.0
 31
0.0
1001
REVIT
1002
{
1070
     1
1000
1453001
1002
}
1002
{
1070
     5
1000
1812943
1002
}
1002
{
1070
     3
1000
-2000029
1002
}
  0
LINE
  5
271
330
251
100
AcDbEntity
  8
A-DOOR-FRAM
100
AcDbLine
 10
33503.34024260864
 20
31835.0
 30
0.0
 11
33566.49813734548
 21
31835.0
 31
0.0
1001
REVIT
1002
{
1070
     1
1000
1453001
1002
}
1002
{
1070
     5
1000
1812943
1002
}
1002
{
1070
     3
1000
-2000029
1002
}
  0
LINE
  5
272
330
251
100
AcDbEntity
  8
A-DOOR-FRAM
100
AcDbLine
 10
33616.49813734549
 20
31835.0
 30
0.0
 11
33670.4455052217
 21
31835.0
 31
0.0
1001
REVIT
1002
{
1070
     1
1000
1453001
1002
}
1002
{
1070
     5
1000
1812943
1002
}
1002
{
1070
     3
1000
-2000029
1002
}
  0
LINE
  5
273
330
251
100
AcDbEntity
  8
A-DOOR-FRAM
100
AcDbLine
 10
33670.4455052217
 20
31835.0
 30
0.0
 11
33670.4455052217
 21
29407.5
 31
0.0
1001
REVIT
1002
{
1070
     1
1000
1453001
1002
}
1002
{
1070
     5
1000
1812943
1002
}
1002
{
1070
     3
1000
-2000029
1002
}
  0
LINE
  5
274
330
251
100
AcDbEntity
  8
A-DOOR-FRAM
100
AcDbLine
 10
33670.4455052217
 20
29138.00771658866
 30
0.0
 11
33670.4455052217
 21
28945.0
 31
0.0
1001
REVIT
1002
{
1070
     1
1000
1453001
1002
}
1002
{
1070
     5
1000
1812943
1002
}
1002
{
1070
     3
1000
-2000029
1002
}
  0
LINE
  5
275
330
251
100
AcDbEntity
  8
A-DOOR
100
AcDbLine
 10
33765.4455052217
 20
28890.0
 30
0.0
 11
33765.4455052217
 21
29072.45771658866
 31
0.0
1001
REVIT
1002
{
1070
     1
1000
1453001
1002
}
1002
{
1070
     5
1000
1812943
1002
}
  0
LINE
  5
276
330
251
100
AcDbEntity
  8
A-DOOR
100
AcDbLine
 10
33765.4455052217
 20
29407.5
 30
0.0
 11
33765.4455052217
 21
31890.0
 31
0.0
1001
REVIT
1002
{
1070
     1
1000
1453001
1002
}
1002
{
1070
     5
1000
1812943
1002
}
  0
LINE
  5
277
330
251
100
AcDbEntity
  8
A-DOOR
100
AcDbLine
 10
32045.44550576654
 20
31888.7047254837
 30
0.0
 11
32095.44550576654
 21
31888.7047254837
 31
0.0
1001
REVIT
1002
{
1070
     1
1000
1453001
1002
}
1002
{
1070
     5
1000
1812943
1002
}
  0
LINE
  5
278
330
251
100
AcDbEntity
  8
A-DOOR
100
AcDbLine
 10
32145.44550576654
 20
31888.7047254837
 30
0.0
 11
32208.60340050339
 21
31888.7047254837
 31
0.0
1001
REVIT
1002
{
1070
     1
1000
1453001
1002
}
1002
{
1070
     5
1000
1812943
1002
}
  0
LINE
  5
279
330
251
100
AcDbEntity
  8
A-DOOR
100
AcDbLine
 10
32258.60340050338
 20
31888.7047254837
 30
0.0
 11
32321.76129524023
 21
31888.7047254837
 31
0.0
1001
REVIT
1002
{
1070
     1
1000
1453001
1002
}
1002
{
1070
     5
1000
1812943
1002
}
  0
LINE
  5
27A
330
251
100
AcDbEntity
  8
A-DOOR
100
AcDbLine
 10
32371.76129524023
 20
31888.7047254837
 30
0.0
 11
32434.91918997707
 21
31888.7047254837
 31
0.0
1001
REVIT
1002
{
1070
     1
1000
1453001
1002
}
1002
{
1070
     5
1000
1812943
1002
}
  0
LINE
  5
27B
330
251
100
AcDbEntity
  8
A-DOOR
100
AcDbLine
 10
32484.91918997707
 20
31888.7047254837
 30
0.0
 11
32548.07708471391
 21
31888.7047254837
 31
0.0
1001
REVIT
1002
{
1070
     1
1000
1453001
1002
}
1002
{
1070
     5
1000
1812943
1002
}
  0
LINE
  5
27C
330
251
100
AcDbEntity
  8
A-DOOR
100
AcDbLine
 10
32598.07708471391
 20
31888.7047254837
 30
0.0
 11
32661.23497945075
 21
31888.7047254837
 31
0.0
1001
REVIT
1002
{
1070
     1
1000
1453001
1002
}
1002
{
1070
     5
1000
1812943
1002
}
  0
LINE
  5
27D
330
251
100
AcDbEntity
  8
A-DOOR
100
AcDbLine
 10
32711.23497945075
 20
31888.7047254837
 30
0.0
 11
32774.39287418759
 21
31888.7047254837
 31
0.0
1001
REVIT
1002
{
1070
     1
1000
1453001
1002
}
1002
{
1070
     5
1000
1812943
1002
}
  0
LINE
  5
27E
330
251
100
AcDbEntity
  8
A-DOOR
100
AcDbLine
 10
32824.39287418759
 20
31888.7047254837
 30
0.0
 11
32887.55076892444
 21
31888.7047254837
 31
0.0
1001
REVIT
1002
{
1070
     1
1000
1453001
1002
}
1002
{
1070
     5
1000
1812943
1002
}
  0
LINE
  5
27F
330
251
100
AcDbEntity
  8
A-DOOR
100
AcDbLine
 10
32937.55076892443
 20
31888.7047254837
 30
0.0
 11
33000.70866366128
 21
31888.7047254837
 31
0.0
1001
REVIT
1002
{
1070
     1
1000
1453001
1002
}
1002
{
1070
     5
1000
1812943
1002
}
  0
LINE
  5
280
330
251
100
AcDbEntity
  8
A-DOOR
100
AcDbLine
 10
33050.70866366128
 20
31888.7047254837
 30
0.0
 11
33113.86655839812
 21
31888.7047254837
 31
0.0
1001
REVIT
1002
{
1070
     1
1000
1453001
1002
}
1002
{
1070
     5
1000
1812943
1002
}
  0
LINE
  5
281
330
251
100
AcDbEntity
  8
A-DOOR
100
AcDbLine
 10
33163.86655839812
 20
31888.7047254837
 30
0.0
 11
33227.02445313496
 21
31888.7047254837
 31
0.0
1001
REVIT
1002
{
1070
     1
1000
1453001
1002
}
1002
{
1070
     5
1000
1812943
1002
}
  0
LINE
  5
282
330
251
100
AcDbEntity
  8
A-DOOR
100
AcDbLine
 10
33277.02445313496
 20
31888.7047254837
 30
0.0
 11
33340.1823478718
 21
31888.7047254837
 31
0.0
1001
REVIT
1002
{
1070
     1
1000
1453001
1002
}
1002
{
1070
     5
1000
1812943
1002
}
  0
LINE
  5
283
330
251
100
AcDbEntity
  8
A-DOOR
100
AcDbLine
 10
33390.18234787179
 20
31888.7047254837
 30
0.0
 11
33453.34024260865
 21
31888.7047254837
 31
0.0
1001
REVIT
1002
{
1070
     1
1000
1453001
1002
}
1002
{
1070
     5
1000
1812943
1002
}
  0
LINE
  5
284
330
251
100
AcDbEntity
  8
A-DOOR
100
AcDbLine
 10
33503.34024260864
 20
31888.7047254837
 30
0.0
 11
33566.49813734548
 21
31888.7047254837
 31
0.0
1001
REVIT
1002
{
1070
     1
1000
1453001
1002
}
1002
{
1070
     5
1000
1812943
1002
}
  0
LINE
  5
285
330
251
100
AcDbEntity
  8
A-DOOR
100
AcDbLine
 10
33616.49813734549
 20
31888.7047254837
 30
0.0
 11
33679.65603208233
 21
31888.7047254837
 31
0.0
1001
REVIT
1002
{
1070
     1
1000
1453001
1002
}
1002
{
1070
     5
1000
1812943
1002
}
  0
ENDBLK
  5
287
330
251
100
AcDbEntity
  8
0
100
AcDbBlockEnd
  0
BLOCK
  5
2AF
330
2AA
100
AcDbEntity
  8
0
100
AcDbBlockBegin
  2
F_AA 0606 - 1509_1 PANEL_ - F3718-2099822-SECTION B-B
 70
     0
 10
0.0
 20
0.0
 30
0.0
  3
F_AA 0606 - 1509_1 PANEL_ - F3718-2099822-SECTION B-B
  1

  0
LINE
  5
2AB
330
2AA
100
AcDbEntity
  8
A-GLAZ
370
    18
100
AcDbLine
 10
30797.94550576656
 20
37590.00000000001
 30
0.0
 11
30797.94550576656
 21
34010.00000000002
 31
0.0
1001
REVIT
1002
{
1070
     1
1000
1495634
1002
}
1002
{
1070
     5
1000
1779118
1002
}
1002
{
1070
     3
1000
-2000016
1002
}
  0
LINE
  5
2AC
330
2AA
100
AcDbEntity
  8
A-GLAZ
370
    18
100
AcDbLine
 10
30797.94550576656
 20
34010.00000000002
 30
0.0
 11
30822.94550576656
 21
34010.00000000002
 31
0.0
1001
REVIT
1002
{
1070
     1
1000
1495634
1002
}
1002
{
1070
     5
1000
1779118
1002
}
1002
{
1070
     3
1000
-2000016
1002
}
  0
LINE
  5
2AD
330
2AA
100
AcDbEntity
  8
A-GLAZ
370
    18
100
AcDbLine
 10
30822.94550576656
 20
34010.00000000002
 30
0.0
 11
30822.94550576656
 21
37590.00000000001
 31
0.0
1001
REVIT
1002
{
1070
     1
1000
1495634
1002
}
1002
{
1070
     5
1000
1779118
1002
}
1002
{
1070
     3
1000
-2000016
1002
}
  0
LINE
  5
2AE
330
2AA
100
AcDbEntity
  8
A-GLAZ
370
    18
100
AcDbLine
 10
30822.94550576656
 20
37590.00000000001
 30
0.0
 11
30797.94550576656
 21
37590.00000000001
 31
0.0
1001
REVIT
1002
{
1070
     1
1000
1495634
1002
}
1002
{
1070
     5
1000
1779118
1002
}
1002
{
1070
     3
1000
-2000016
1002
}
  0
ENDBLK
  5
2B0
330
2AA
100
AcDbEntity
  8
0
100
AcDbBlockEnd
  0
BLOCK
  5
2D4
330
2C3
100
AcDbEntity
  8
0
100
AcDbBlockBegin
  2
Cavity slider - 1470CSD-2600546-SECTION B-B
 70
     0
 10
0.0
 20
0.0
 30
0.0
  3
Cavity slider - 1470CSD-2600546-SECTION B-B
  1

  0
LINE
  5
2C4
330
2C3
100
AcDbEntity
  8
A-DOOR
100
AcDbLine
 10
34325.44550578968
 20
32350.0
 30
0.0
 11
35465.44550578968
 21
32350.0
 31
0.0
1001
REVIT
1002
{
1070
     1
1000
1544565
1002
}
1002
{
1070
     5
1000
1544562
1002
}
1002
{
1070
     3
1000
-2000025
1002
}
  0
LINE
  5
2C5
330
2C3
100
AcDbEntity
  8
A-DOOR
100
AcDbLine
 10
35465.44550578968
 20
32350.0
 30
0.0
 11
35465.44550578968
 21
34639.99999999999
 31
0.0
1001
REVIT
1002
{
1070
     1
1000
1544565
1002
}
1002
{
1070
     5
1000
1544562
1002
}
1002
{
1070
     3
1000
-2000025
1002
}
  0
LINE
  5
2C6
330
2C3
100
AcDbEntity
  8
A-DOOR
100
AcDbLine
 10
35385.44550578968
 20
33430.76431177058
 30
0.0
 11
35425.44550578968
 21
33430.76431177058
 31
0.0
1001
REVIT
1002
{
1070
     1
1000
1544565
1002
}
1002
{
1070
     5
1000
1544562
1002
}
1002
{
1070
     3
1000
-2000025
1002
}
  0
LINE
  5
2C7
330
2C3
100
AcDbEntity
  8
A-DOOR
100
AcDbLine
 10
35425.44550578968
 20
33430.76431177058
 30
0.0
 11
35425.44550578968
 21
33280.76431177058
 31
0.0
1001
REVIT
1002
{
1070
     1
1000
1544565
1002
}
1002
{
1070
     5
1000
1544562
1002
}
1002
{
1070
     3
1000
-2000025
1002
}
  0
LINE
  5
2C8
330
2C3
100
AcDbEntity
  8
A-DOOR
100
AcDbLine
 10
35425.44550578968
 20
33280.76431177058
 30
0.0
 11
35385.44550578968
 21
33280.76431177058
 31
0.0
1001
REVIT
1002
{
1070
     1
1000
1544565
1002
}
1002
{
1070
     5
1000
1544562
1002
}
1002
{
1070
     3
1000
-2000025
1002
}
  0
LINE
  5
2C9
330
2C3
100
AcDbEntity
  8
A-DOOR
100
AcDbLine
 10
35385.44550578968
 20
33280.76431177058
 30
0.0
 11
35385.44550578968
 21
33430.76431177058
 31
0.0
1001
REVIT
1002
{
1070
     1
1000
1544565
1002
}
1002
{
1070
     5
1000
1544562
1002
}
1002
{
1070
     3
1000
-2000025
1002
}
  0
LINE
  5
2CA
330
2C3
100
AcDbEntity
  8
A-DOOR-FRAM
100
AcDbLine
 10
35765.44550578969
 20
34679.99999999999
 30
0.0
 11
34295.44550578969
 21
34679.99999999999
 31
0.0
1001
REVIT
1002
{
1070
     1
1000
1544565
1002
}
1002
{
1070
     5
1000
1544562
1002
}
1002
{
1070
     3
1000
-2000029
1002
}
  0
LINE
  5
2CB
330
2C3
100
AcDbEntity
  8
A-DOOR-FRAM
100
AcDbLine
 10
35725.44550578969
 20
34639.99999999999
 30
0.0
 11
35725.44550578969
 21
32340.00000000001
 31
0.0
1001
REVIT
1002
{
1070
     1
1000
1544565
1002
}
1002
{
1070
     5
1000
1544562
1002
}
1002
{
1070
     3
1000
-2000029
1002
}
  0
LINE
  5
2CC
330
2C3
100
AcDbEntity
  8
A-DOOR-FRAM
100
AcDbLine
 10
34295.44550578969
 20
34679.99999999999
 30
0.0
 11
34295.44550578969
 21
34639.99999999999
 31
0.0
1001
REVIT
1002
{
1070
     1
1000
1544565
1002
}
1002
{
1070
     5
1000
1544562
1002
}
1002
{
1070
     3
1000
-2000029
1002
}
  0
LINE
  5
2CD
330
2C3
100
AcDbEntity
  8
A-DOOR-FRAM
100
AcDbLine
 10
34295.44550578969
 20
34639.99999999999
 30
0.0
 11
35725.44550578969
 21
34639.99999999999
 31
0.0
1001
REVIT
1002
{
1070
     1
1000
1544565
1002
}
1002
{
1070
     5
1000
1544562
1002
}
1002
{
1070
     3
1000
-2000029
1002
}
  0
LINE
  5
2CE
330
2C3
100
AcDbEntity
  8
A-DOOR-FRAM
100
AcDbLine
 10
34295.44550578969
 20
34679.99999999999
 30
0.0
 11
34295.44550578969
 21
32500.0
 31
0.0
1001
REVIT
1002
{
1070
     1
1000
1544565
1002
}
1002
{
1070
     5
1000
1544562
1002
}
1002
{
1070
     3
1000
-2000029
1002
}
  0
LINE
  5
2CF
330
2C3
100
AcDbEntity
  8
A-DOOR-FRAM
100
AcDbLine
 10
34325.44550578969
 20
32340.00000000001
 30
0.0
 11
34325.44550578969
 21
34679.99999999999
 31
0.0
1001
REVIT
1002
{
1070
     1
1000
1544565
1002
}
1002
{
1070
     5
1000
1544562
1002
}
1002
{
1070
     3
1000
-2000029
1002
}
  0
LINE
  5
2D0
330
2C3
100
AcDbEntity
  8
A-DOOR-FRAM
100
AcDbLine
 10
34325.44550578969
 20
34679.99999999999
 30
0.0
 11
34295.44550578969
 21
34679.99999999999
 31
0.0
1001
REVIT
1002
{
1070
     1
1000
1544565
1002
}
1002
{
1070
     5
1000
1544562
1002
}
1002
{
1070
     3
1000
-2000029
1002
}
  0
LINE
  5
2D1
330
2C3
100
AcDbEntity
  8
A-DOOR
  6
Elevation Swings
100
AcDbLine
 10
34895.88700352687
 20
33595.76431177058
 30
0.0
 11
35440.88700352687
 21
33595.76431177058
 31
0.0
1001
REVIT
1002
{
1070
     1
1000
1544565
1002
}
1002
{
1070
     5
1000
1544562
1002
}
1002
{
1070
     3
1000
1952
1002
}
  0
LINE
  5
2D2
330
2C3
100
AcDbEntity
  8
A-DOOR
  6
Elevation Swings
100
AcDbLine
 10
34895.88700352687
 20
33595.76431177058
 30
0.0
 11
34980.73981726925
 21
33680.61712551296
 31
0.0
1001
REVIT
1002
{
1070
     1
1000
1544565
1002
}
1002
{
1070
     5
1000
1544562
1002
}
1002
{
1070
     3
1000
1952
1002
}
  0
LINE
  5
2D3
330
2C3
100
AcDbEntity
  8
A-DOOR
  6
Elevation Swings
100
AcDbLine
 10
34895.88700352687
 20
33595.76431177058
 30
0.0
 11
34980.73981726925
 21
33510.91149802819
 31
0.0
1001
REVIT
1002
{
1070
     1
1000
1544565
1002
}
1002
{
1070
     5
1000
1544562
1002
}
1002
{
1070
     3
1000
1952
1002
}
  0
ENDBLK
  5
2D5
330
2C3
100
AcDbEntity
  8
0
100
AcDbBlockEnd
  0
BLOCK
  5
2E6
330
2D7
100
AcDbEntity
  8
0
100
AcDbBlockBegin
  2
FIXED MOULDING ON AND OFF - A0616-2008254-SECTION B-B
 70
     0
 10
0.0
 20
0.0
 30
0.0
  3
FIXED MOULDING ON AND OFF - A0616-2008254-SECTION B-B
  1

  0
LINE
  5
2D8
330
2D7
100
AcDbEntity
  8
A-GLAZ
370
    25
100
AcDbLine
 10
39385.44550649941
 20
29865.00000000001
 30
0.0
 11
39385.44550649941
 21
30365.0
 31
0.0
1001
REVIT
1002
{
1070
     1
1000
1636637
1002
}
1002
{
1070
     5
1000
1670368
1002
}
  0
LINE
  5
2D9
330
2D7
100
AcDbEntity
  8
A-GLAZ
370
    25
100
AcDbLine
 10
39385.44550649941
 20
30365.0
 30
0.0
 11
39360.44550649941
 21
30365.0
 31
0.0
1001
REVIT
1002
{
1070
     1
1000
1636637
1002
}
1002
{
1070
     5
1000
1670368
1002
}
  0
LINE
  5
2DA
330
2D7
100
AcDbEntity
  8
A-GLAZ
370
    25
100
AcDbLine
 10
39360.44550649941
 20
30365.0
 30
0.0
 11
39360.44550649941
 21
29865.00000000001
 31
0.0
1001
REVIT
1002
{
1070
     1
1000
1636637
1002
}
1002
{
1070
     5
1000
1670368
1002
}
  0
LINE
  5
2DB
330
2D7
100
AcDbEntity
  8
A-GLAZ
370
    25
100
AcDbLine
 10
39360.44550649941
 20
29865.00000000001
 30
0.0
 11
39385.44550649941
 21
29865.00000000001
 31
0.0
1001
REVIT
1002
{
1070
     1
1000
1636637
1002
}
1002
{
1070
     5
1000
1670368
1002
}
  0
LINE
  5
2DC
330
2D7
100
AcDbEntity
  8
A-GLAZ
370
    25
100
AcDbLine
 10
39460.44550649941
 20
29815.0
 30
0.0
 11
39460.44550649941
 21
29865.00000000001
 31
0.0
1001
REVIT
1002
{
1070
     1
1000
1636637
1002
}
1002
{
1070
     5
1000
1670368
1002
}
  0
LINE
  5
2DD
330
2D7
100
AcDbEntity
  8
A-GLAZ
370
    25
100
AcDbLine
 10
39460.44550649941
 20
29865.00000000001
 30
0.0
 11
39310.44550649941
 21
29865.00000000001
 31
0.0
1001
REVIT
1002
{
1070
     1
1000
1636637
1002
}
1002
{
1070
     5
1000
1670368
1002
}
  0
LINE
  5
2DE
330
2D7
100
AcDbEntity
  8
A-GLAZ
370
    25
100
AcDbLine
 10
39310.44550649941
 20
29865.00000000001
 30
0.0
 11
39310.44550649941
 21
29815.0
 31
0.0
1001
REVIT
1002
{
1070
     1
1000
1636637
1002
}
1002
{
1070
     5
1000
1670368
1002
}
  0
LINE
  5
2DF
330
2D7
100
AcDbEntity
  8
A-GLAZ
370
    25
100
AcDbLine
 10
39310.44550649941
 20
29815.0
 30
0.0
 11
39460.44550649941
 21
29815.0
 31
0.0
1001
REVIT
1002
{
1070
     1
1000
1636637
1002
}
1002
{
1070
     5
1000
1670368
1002
}
  0
LINE
  5
2E0
330
2D7
100
AcDbEntity
  8
A-GLAZ
370
    25
100
AcDbLine
 10
39460.44550649941
 20
30365.0
 30
0.0
 11
39460.44550649941
 21
30415.00000000001
 31
0.0
1001
REVIT
1002
{
1070
     1
1000
1636637
1002
}
1002
{
1070
     5
1000
1670368
1002
}
  0
LINE
  5
2E1
330
2D7
100
AcDbEntity
  8
A-GLAZ
370
    25
100
AcDbLine
 10
39460.44550649941
 20
30415.00000000001
 30
0.0
 11
39310.44550649941
 21
30415.00000000001
 31
0.0
1001
REVIT
1002
{
1070
     1
1000
1636637
1002
}
1002
{
1070
     5
1000
1670368
1002
}
  0
LINE
  5
2E2
330
2D7
100
AcDbEntity
  8
A-GLAZ
370
    25
100
AcDbLine
 10
39310.44550649941
 20
30415.00000000001
 30
0.0
 11
39310.44550649941
 21
30365.0
 31
0.0
1001
REVIT
1002
{
1070
     1
1000
1636637
1002
}
1002
{
1070
     5
1000
1670368
1002
}
  0
LINE
  5
2E3
330
2D7
100
AcDbEntity
  8
A-GLAZ
370
    25
100
AcDbLine
 10
39310.44550649941
 20
30365.0
 30
0.0
 11
39460.44550649941
 21
30365.0
 31
0.0
1001
REVIT
1002
{
1070
     1
1000
1636637
1002
}
1002
{
1070
     5
1000
1670368
1002
}
  0
LINE
  5
2E4
330
2D7
100
AcDbEntity
  8
A-GLAZ
100
AcDbLine
 10
39460.44550649941
 20
30365.0
 30
0.0
 11
39460.44550649941
 21
29865.00000000001
 31
0.0
1001
REVIT
1002
{
1070
     1
1000
1636637
1002
}
1002
{
1070
     5
1000
1670368
1002
}
  0
LINE
  5
2E5
330
2D7
100
AcDbEntity
  8
A-GLAZ
100
AcDbLine
 10
39310.44550649941
 20
29865.00000000001
 30
0.0
 11
39310.44550649941
 21
30365.0
 31
0.0
1001
REVIT
1002
{
1070
     1
1000
1636637
1002
}
1002
{
1070
     5
1000
1670368
1002
}
  0
ENDBLK
  5
2E7
330
2D7
100
AcDbEntity
  8
0
100
AcDbBlockEnd
  0
BLOCK
  5
320
330
311
100
AcDbEntity
  8
0
100
AcDbBlockBegin
  2
F_AA 0606 - 1509_1 PANEL_ - F3018-2099795-SECTION B-B
 70
     0
 10
0.0
 20
0.0
 30
0.0
  3
F_AA 0606 - 1509_1 PANEL_ - F3018-2099795-SECTION B-B
  1

  0
LINE
  5
312
330
311
100
AcDbEntity
  8
A-GLAZ
370
    18
100
AcDbLine
 10
30735.44550576654
 20
33590.00000000001
 30
0.0
 11
30735.44550576654
 21
33540.00000000002
 31
0.0
1001
REVIT
1002
{
1070
     1
1000
1654288
1002
}
1002
{
1070
     5
1000
1779431
1002
}
1002
{
1070
     3
1000
-2000018
1002
}
  0
LINE
  5
313
330
311
100
AcDbEntity
  8
A-GLAZ
370
    18
100
AcDbLine
 10
30735.44550576654
 20
33540.00000000002
 30
0.0
 11
30885.44550576654
 21
33540.00000000002
 31
0.0
1001
REVIT
1002
{
1070
     1
1000
1654288
1002
}
1002
{
1070
     5
1000
1779431
1002
}
1002
{
1070
     3
1000
-2000018
1002
}
  0
LINE
  5
314
330
311
100
AcDbEntity
  8
A-GLAZ
370
    18
100
AcDbLine
 10
30885.44550576654
 20
33540.00000000002
 30
0.0
 11
30885.44550576654
 21
33590.00000000001
 31
0.0
1001
REVIT
1002
{
1070
     1
1000
1654288
1002
}
1002
{
1070
     5
1000
1779431
1002
}
1002
{
1070
     3
1000
-2000018
1002
}
  0
LINE
  5
315
330
311
100
AcDbEntity
  8
A-GLAZ
370
    18
100
AcDbLine
 10
30885.44550576654
 20
33590.00000000001
 30
0.0
 11
30735.44550576654
 21
33590.00000000001
 31
0.0
1001
REVIT
1002
{
1070
     1
1000
1654288
1002
}
1002
{
1070
     5
1000
1779431
1002
}
1002
{
1070
     3
1000
-2000018
1002
}
  0
LINE
  5
316
330
311
100
AcDbEntity
  8
A-GLAZ
370
    18
100
AcDbLine
 10
30735.44550576654
 20
30690.00000000002
 30
0.0
 11
30735.44550576654
 21
30640.00000000001
 31
0.0
1001
REVIT
1002
{
1070
     1
1000
1654288
1002
}
1002
{
1070
     5
1000
1779431
1002
}
1002
{
1070
     3
1000
-2000018
1002
}
  0
LINE
  5
317
330
311
100
AcDbEntity
  8
A-GLAZ
370
    18
100
AcDbLine
 10
30735.44550576654
 20
30640.00000000001
 30
0.0
 11
30885.44550576654
 21
30640.00000000001
 31
0.0
1001
REVIT
1002
{
1070
     1
1000
1654288
1002
}
1002
{
1070
     5
1000
1779431
1002
}
1002
{
1070
     3
1000
-2000018
1002
}
  0
LINE
  5
318
330
311
100
AcDbEntity
  8
A-GLAZ
370
    18
100
AcDbLine
 10
30885.44550576654
 20
30640.00000000001
 30
0.0
 11
30885.44550576654
 21
30690.00000000002
 31
0.0
1001
REVIT
1002
{
1070
     1
1000
1654288
1002
}
1002
{
1070
     5
1000
1779431
1002
}
1002
{
1070
     3
1000
-2000018
1002
}
  0
LINE
  5
319
330
311
100
AcDbEntity
  8
A-GLAZ
370
    18
100
AcDbLine
 10
30885.44550576654
 20
30690.00000000002
 30
0.0
 11
30735.44550576654
 21
30690.00000000002
 31
0.0
1001
REVIT
1002
{
1070
     1
1000
1654288
1002
}
1002
{
1070
     5
1000
1779431
1002
}
1002
{
1070
     3
1000
-2000018
1002
}
  0
LINE
  5
31A
330
311
100
AcDbEntity
  8
A-GLAZ
100
AcDbLine
 10
30735.44550576654
 20
30690.00000000002
 30
0.0
 11
30735.44550576654
 21
33540.00000000002
 31
0.0
1001
REVIT
1002
{
1070
     1
1000
1654288
1002
}
1002
{
1070
     5
1000
1779431
1002
}
1002
{
1070
     3
1000
-2000018
1002
}
  0
LINE
  5
31B
330
311
100
AcDbEntity
  8
A-GLAZ
100
AcDbLine
 10
30885.44550576654
 20
30690.00000000002
 30
0.0
 11
30885.44550576654
 21
33540.00000000002
 31
0.0
1001
REVIT
1002
{
1070
     1
1000
1654288
1002
}
1002
{
1070
     5
1000
1779431
1002
}
1002
{
1070
     3
1000
-2000018
1002
}
  0
LINE
  5
31C
330
311
100
AcDbEntity
  8
A-GLAZ
370
    18
100
AcDbLine
 10
30797.94550576655
 20
33540.00000000001
 30
0.0
 11
30797.94550576655
 21
30690.00000000002
 31
0.0
1001
REVIT
1002
{
1070
     1
1000
1654288
1002
}
1002
{
1070
     5
1000
1779431
1002
}
1002
{
1070
     3
1000
-2000016
1002
}
  0
LINE
  5
31D
330
311
100
AcDbEntity
  8
A-GLAZ
370
    18
100
AcDbLine
 10
30797.94550576655
 20
30690.00000000002
 30
0.0
 11
30822.94550576655
 21
30690.00000000002
 31
0.0
1001
REVIT
1002
{
1070
     1
1000
1654288
1002
}
1002
{
1070
     5
1000
1779431
1002
}
1002
{
1070
     3
1000
-2000016
1002
}
  0
LINE
  5
31E
330
311
100
AcDbEntity
  8
A-GLAZ
370
    18
100
AcDbLine
 10
30822.94550576655
 20
30690.00000000002
 30
0.0
 11
30822.94550576655
 21
33540.00000000001
 31
0.0
1001
REVIT
1002
{
1070
     1
1000
1654288
1002
}
1002
{
1070
     5
1000
1779431
1002
}
1002
{
1070
     3
1000
-2000016
1002
}
  0
LINE
  5
31F
330
311
100
AcDbEntity
  8
A-GLAZ
370
    18
100
AcDbLine
 10
30822.94550576655
 20
33540.00000000001
 30
0.0
 11
30797.94550576655
 21
33540.00000000001
 31
0.0
1001
REVIT
1002
{
1070
     1
1000
1654288
1002
}
1002
{
1070
     5
1000
1779431
1002
}
1002
{
1070
     3
1000
-2000016
1002
}
  0
ENDBLK
  5
321
330
311
100
AcDbEntity
  8
0
100
AcDbBlockEnd
  0
BLOCK
  5
36D
330
364
100
AcDbEntity
  8
0
100
AcDbBlockBegin
  2
slim awning centre transom - AA1818-2343414-SECTION B-B
 70
     0
 10
0.0
 20
0.0
 30
0.0
  3
slim awning centre transom - AA1818-2343414-SECTION B-B
  1

  0
LINE
  5
365
330
364
100
AcDbEntity
  8
A-GLAZ
100
AcDbLine
 10
30255.44550602786
 20
30140.0
 30
0.0
 11
30255.44550602786
 21
30965.0
 31
0.0
1001
REVIT
1002
{
1070
     1
1000
1686973
1002
}
1002
{
1070
     5
1000
2343396
1002
}
  0
LINE
  5
366
330
364
100
AcDbEntity
  8
A-GLAZ
100
AcDbLine
 10
28545.44550602786
 20
30140.0
 30
0.0
 11
30255.44550602786
 21
30140.0
 31
0.0
1001
REVIT
1002
{
1070
     1
1000
1686973
1002
}
1002
{
1070
     5
1000
2343396
1002
}
  0
LINE
  5
367
330
364
100
AcDbEntity
  8
A-GLAZ
100
AcDbLine
 10
28545.44550602786
 20
30965.0
 30
0.0
 11
28545.44550602786
 21
30140.0
 31
0.0
1001
REVIT
1002
{
1070
     1
1000
1686973
1002
}
1002
{
1070
     5
1000
2343396
1002
}
  0
LINE
  5
368
330
364
100
AcDbEntity
  8
A-GLAZ
100
AcDbLine
 10
28545.44550602786
 20
30965.0
 30
0.0
 11
30255.44550602786
 21
30965.0
 31
0.0
1001
REVIT
1002
{
1070
     1
1000
1686973
1002
}
1002
{
1070
     5
1000
2343396
1002
}
  0
LINE
  5
369
330
364
100
AcDbEntity
  8
A-GLAZ
100
AcDbLine
 10
28545.44550602786
 20
31840.0
 30
0.0
 11
30255.44550602786
 21
31840.0
 31
0.0
1001
REVIT
1002
{
1070
     1
1000
1686973
1002
}
1002
{
1070
     5
1000
2343396
1002
}
  0
LINE
  5
36A
330
364
100
AcDbEntity
  8
A-GLAZ
100
AcDbLine
 10
30255.44550602786
 20
31840.0
 30
0.0
 11
30255.44550602786
 21
31015.0
 31
0.0
1001
REVIT
1002
{
1070
     1
1000
1686973
1002
}
1002
{
1070
     5
1000
2343396
1002
}
  0
LINE
  5
36B
330
364
100
AcDbEntity
  8
A-GLAZ
100
AcDbLine
 10
30255.44550602786
 20
31015.0
 30
0.0
 11
28545.44550602786
 21
31015.0
 31
0.0
1001
REVIT
1002
{
1070
     1
1000
1686973
1002
}
1002
{
1070
     5
1000
2343396
1002
}
  0
LINE
  5
36C
330
364
100
AcDbEntity
  8
A-GLAZ
100
AcDbLine
 10
28545.44550602786
 20
31015.0
 30
0.0
 11
28545.44550602786
 21
31840.0
 31
0.0
1001
REVIT
1002
{
1070
     1
1000
1686973
1002
}
1002
{
1070
     5
1000
2343396
1002
}
  0
ENDBLK
  5
36E
330
364
100
AcDbEntity
  8
0
100
AcDbBlockEnd
  0
BLOCK
  5
378
330
370
100
AcDbEntity
  8
0
100
AcDbBlockBegin
  2
Wall_Sloped_Sill - Wall_Sloped_Sill-1979025-SECTION B-B
 70
     0
 10
0.0
 20
0.0
 30
0.0
  3
Wall_Sloped_Sill - Wall_Sloped_Sill-1979025-SECTION B-B
  1

  0
LINE
  5
371
330
370
100
AcDbEntity
  8
A-GENM
100
AcDbLine
 10
30305.44550522171
 20
30023.62129600596
 30
0.0
 11
30305.44550522171
 21
29920.92744909183
 31
0.0
1001
REVIT
1002
{
1070
     1
1000
1687261
1002
}
1002
{
1070
     5
1000
1370793
1002
}
1002
{
1070
     3
1000
1026381
1002
}
  0
LINE
  5
372
330
370
100
AcDbEntity
  8
A-GENM
100
AcDbLine
 10
30305.44550522171
 20
30047.77495614623
 30
0.0
 11
30305.44550522171
 21
30023.62129600596
 31
0.0
1001
REVIT
1002
{
1070
     1
1000
1687261
1002
}
1002
{
1070
     5
1000
1370793
1002
}
1002
{
1070
     3
1000
1026381
1002
}
  0
LINE
  5
373
330
370
100
AcDbEntity
  8
A-GENM
100
AcDbLine
 10
28495.44550522172
 20
30023.62129600596
 30
0.0
 11
28495.44550522172
 21
30047.77495614623
 31
0.0
1001
REVIT
1002
{
1070
     1
1000
1687261
1002
}
1002
{
1070
     5
1000
1370793
1002
}
1002
{
1070
     3
1000
1026381
1002
}
  0
LINE
  5
374
330
370
100
AcDbEntity
  8
A-GENM
100
AcDbLine
 10
28495.44550522172
 20
29920.92744909183
 30
0.0
 11
28495.44550522172
 21
30023.62129600596
 31
0.0
1001
REVIT
1002
{
1070
     1
1000
1687261
1002
}
1002
{
1070
     5
1000
1370793
1002
}
1002
{
1070
     3
1000
1026381
1002
}
  0
LINE
  5
375
330
370
100
AcDbEntity
  8
A-GENM
100
AcDbLine
 10
30305.44550522171
 20
30023.62129600596
 30
0.0
 11
28495.44550522172
 21
30023.62129600596
 31
0.0
1001
REVIT
1002
{
1070
     1
1000
1687261
1002
}
1002
{
1070
     5
1000
1370793
1002
}
1002
{
1070
     3
1000
1026381
1002
}
  0
LINE
  5
376
330
370
100
AcDbEntity
  8
A-GENM
100
AcDbLine
 10
28495.44550522172
 20
29920.92744909183
 30
0.0
 11
30305.44550522171
 21
29920.92744909183
 31
0.0
1001
REVIT
1002
{
1070
     1
1000
1687261
1002
}
1002
{
1070
     5
1000
1370793
1002
}
1002
{
1070
     3
1000
1026381
1002
}
  0
LINE
  5
377
330
370
100
AcDbEntity
  8
A-GENM
100
AcDbLine
 10
28495.44550522172
 20
30090.0
 30
0.0
 11
30305.44550522171
 21
30090.0
 31
0.0
1001
REVIT
1002
{
1070
     1
1000
1687261
1002
}
1002
{
1070
     5
1000
1370793
1002
}
1002
{
1070
     3
1000
1026381
1002
}
  0
ENDBLK
  5
379
330
370
100
AcDbEntity
  8
0
100
AcDbBlockEnd
  0
BLOCK
  5
380
330
37B
100
AcDbEntity
  8
0
100
AcDbBlockBegin
  2
M_Bed-Standard - 1825 x 2007mm - KING-1226963-SECTION B-B
 70
     0
 10
0.0
 20
0.0
 30
0.0
  3
M_Bed-Standard - 1825 x 2007mm - KING-1226963-SECTION B-B
  1

  0
LINE
  5
37C
330
37B
100
AcDbEntity
  8
I-FURN
100
AcDbLine
 10
38590.44550645954
 20
32695.60000000001
 30
0.0
 11
38630.4455064994
 21
32695.60000000001
 31
0.0
1001
REVIT
1002
{
1070
     1
1000
1701648
1002
}
1002
{
1070
     5
1000
1226963
1002
}
  0
LINE
  5
37D
330
37B
100
AcDbEntity
  8
I-FURN
100
AcDbLine
 10
38630.4455064994
 20
32492.4
 30
0.0
 11
38590.44550645954
 21
32492.4
 31
0.0
1001
REVIT
1002
{
1070
     1
1000
1701648
1002
}
1002
{
1070
     5
1000
1226963
1002
}
  0
LINE
  5
37E
330
37B
100
AcDbEntity
  8
I-FURN
100
AcDbLine
 10
38590.44550645954
 20
32898.80000000001
 30
0.0
 11
38630.4455064994
 21
32898.80000000001
 31
0.0
1001
REVIT
1002
{
1070
     1
1000
1701648
1002
}
1002
{
1070
     5
1000
1226963
1002
}
  0
LINE
  5
37F
330
37B
100
AcDbEntity
  8
I-FURN
100
AcDbLine
 10
38630.4455064994
 20
32695.60000000001
 30
0.0
 11
38590.44550645954
 21
32695.60000000001
 31
0.0
1001
REVIT
1002
{
1070
     1
1000
1701648
1002
}
1002
{
1070
     5
1000
1226963
1002
}
  0
ENDBLK
  5
381
330
37B
100
AcDbEntity
  8
0
100
AcDbBlockEnd
  0
BLOCK
  5
385
330
383
100
AcDbEntity
  8
0
100
AcDbBlockBegin
  2
3 PANEL 2 transom - AFA1842 SP-1980656-SECTION B-B
 70
     0
 10
0.0
 20
0.0
 30
0.0
  3
3 PANEL 2 transom - AFA1842 SP-1980656-SECTION B-B
  1

  0
LINE
  5
384
330
383
100
AcDbEntity
  8
A-GLAZ
100
AcDbLine
 10
38630.44550649941
 20
32990.00000000001
 30
0.0
 11
38590.44550645956
 21
32990.00000000001
 31
0.0
1001
REVIT
1002
{
1070
     1
1000
1705447
1002
}
1002
{
1070
     5
1000
1747809
1002
}
  0
ENDBLK
  5
386
330
383
100
AcDbEntity
  8
0
100
AcDbBlockEnd
  0
BLOCK
  5
3A8
330
399
100
AcDbEntity
  8
0
100
AcDbBlockBegin
  2
Single - Timber Frame  - 720x2400-1926410-SECTION B-B
 70
     0
 10
0.0
 20
0.0
 30
0.0
  3
Single - Timber Frame  - 720x2400-1926410-SECTION B-B
  1

  0
LINE
  5
39A
330
399
100
AcDbEntity
  8
A-DOOR
370
    18
100
AcDbLine
 10
35875.44550645955
 20
32345.0
 30
0.0
 11
35875.44550645955
 21
34685.00000000001
 31
0.0
1001
REVIT
1002
{
1070
     1
1000
1775925
1002
}
1002
{
1070
     5
1000
1342414
1002
}
1002
{
1070
     3
1000
-2000025
1002
}
  0
LINE
  5
39B
330
399
100
AcDbEntity
  8
A-DOOR
370
    18
100
AcDbLine
 10
35875.44550645955
 20
34685.00000000001
 30
0.0
 11
35845.44550645954
 21
34685.00000000001
 31
0.0
1001
REVIT
1002
{
1070
     1
1000
1775925
1002
}
1002
{
1070
     5
1000
1342414
1002
}
1002
{
1070
     3
1000
-2000025
1002
}
  0
LINE
  5
39C
330
399
100
AcDbEntity
  8
A-DOOR
370
    18
100
AcDbLine
 10
35845.44550645954
 20
34685.00000000001
 30
0.0
 11
35845.44550645954
 21
32345.0
 31
0.0
1001
REVIT
1002
{
1070
     1
1000
1775925
1002
}
1002
{
1070
     5
1000
1342414
1002
}
1002
{
1070
     3
1000
-2000025
1002
}
  0
LINE
  5
39D
330
399
100
AcDbEntity
  8
A-DOOR
370
    18
100
AcDbLine
 10
35845.44550645954
 20
32345.0
 30
0.0
 11
35875.44550645955
 21
32345.0
 31
0.0
1001
REVIT
1002
{
1070
     1
1000
1775925
1002
}
1002
{
1070
     5
1000
1342414
1002
}
1002
{
1070
     3
1000
-2000025
1002
}
  0
LINE
  5
39E
330
399
100
AcDbEntity
  8
A-DOOR-FRAM
370
    18
100
AcDbLine
 10
35765.44550645857
 20
34715.00000000001
 30
0.0
 11
35765.44550645857
 21
34673.00000000001
 31
0.0
1001
REVIT
1002
{
1070
     1
1000
1775925
1002
}
1002
{
1070
     5
1000
1342414
1002
}
1002
{
1070
     3
1000
-2000029
1002
}
  0
LINE
  5
39F
330
399
100
AcDbEntity
  8
A-DOOR-FRAM
370
    18
100
AcDbLine
 10
35765.44550645857
 20
34673.00000000001
 30
0.0
 11
35845.44550645954
 21
34673.00000000001
 31
0.0
1001
REVIT
1002
{
1070
     1
1000
1775925
1002
}
1002
{
1070
     5
1000
1342414
1002
}
1002
{
1070
     3
1000
-2000029
1002
}
  0
LINE
  5
3A0
330
399
100
AcDbEntity
  8
A-DOOR-FRAM
370
    18
100
AcDbLine
 10
35845.44550645954
 20
34673.00000000001
 30
0.0
 11
35845.44550645954
 21
34688.00000000001
 31
0.0
1001
REVIT
1002
{
1070
     1
1000
1775925
1002
}
1002
{
1070
     5
1000
1342414
1002
}
1002
{
1070
     3
1000
-2000029
1002
}
  0
LINE
  5
3A1
330
399
100
AcDbEntity
  8
A-DOOR-FRAM
370
    18
100
AcDbLine
 10
35845.44550645954
 20
34688.00000000001
 30
0.0
 11
35875.44550645954
 21
34688.00000000001
 31
0.0
1001
REVIT
1002
{
1070
     1
1000
1775925
1002
}
1002
{
1070
     5
1000
1342414
1002
}
1002
{
1070
     3
1000
-2000029
1002
}
  0
LINE
  5
3A2
330
399
100
AcDbEntity
  8
A-DOOR-FRAM
370
    18
100
AcDbLine
 10
35875.44550645954
 20
34688.00000000001
 30
0.0
 11
35875.44550645954
 21
34715.00000000001
 31
0.0
1001
REVIT
1002
{
1070
     1
1000
1775925
1002
}
1002
{
1070
     5
1000
1342414
1002
}
1002
{
1070
     3
1000
-2000029
1002
}
  0
LINE
  5
3A3
330
399
100
AcDbEntity
  8
A-DOOR-FRAM
370
    18
100
AcDbLine
 10
35875.44550645954
 20
34715.00000000001
 30
0.0
 11
35765.44550645857
 21
34715.00000000001
 31
0.0
1001
REVIT
1002
{
1070
     1
1000
1775925
1002
}
1002
{
1070
     5
1000
1342414
1002
}
1002
{
1070
     3
1000
-2000029
1002
}
  0
LINE
  5
3A4
330
399
100
AcDbEntity
  8
A-DOOR-FRAM
100
AcDbLine
 10
35765.44550645857
 20
32340.00000000001
 30
0.0
 11
35765.44550645857
 21
34673.00000000001
 31
0.0
1001
REVIT
1002
{
1070
     1
1000
1775925
1002
}
1002
{
1070
     5
1000
1342414
1002
}
1002
{
1070
     3
1000
-2000029
1002
}
  0
LINE
  5
3A5
330
399
100
AcDbEntity
  8
A-DOOR-FRAM
100
AcDbLine
 10
35845.44550645954
 20
32345.0
 30
0.0
 11
35845.44550645954
 21
32340.00000000001
 31
0.0
1001
REVIT
1002
{
1070
     1
1000
1775925
1002
}
1002
{
1070
     5
1000
1342414
1002
}
1002
{
1070
     3
1000
-2000029
1002
}
  0
LINE
  5
3A6
330
399
100
AcDbEntity
  8
A-DOOR-FRAM
100
AcDbLine
 10
35875.44550645954
 20
34688.00000000001
 30
0.0
 11
35875.44550645954
 21
34685.0
 31
0.0
1001
REVIT
1002
{
1070
     1
1000
1775925
1002
}
1002
{
1070
     5
1000
1342414
1002
}
1002
{
1070
     3
1000
-2000029
1002
}
  0
LINE
  5
3A7
330
399
100
AcDbEntity
  8
A-DOOR-FRAM
100
AcDbLine
 10
35875.44550645954
 20
32345.0
 30
0.0
 11
35875.44550645954
 21
32340.00000000001
 31
0.0
1001
REVIT
1002
{
1070
     1
1000
1775925
1002
}
1002
{
1070
     5
1000
1342414
1002
}
1002
{
1070
     3
1000
-2000029
1002
}
  0
ENDBLK
  5
3A9
330
399
100
AcDbEntity
  8
0
100
AcDbBlockEnd
  0
BLOCK
  5
3B9
330
3B1
100
AcDbEntity
  8
0
100
AcDbBlockBegin
  2
custom - equal Panel M_6 PANEL HORIZONTAL_ - AFA3042T SP-2001726-SECTION B-B
 70
     0
 10
0.0
 20
0.0
 30
0.0
  3
custom - equal Panel M_6 PANEL HORIZONTAL_ - AFA3042T SP-2001726-SECTION B-B
  1

  0
LINE
  5
3B2
330
3B1
100
AcDbEntity
  8
A-GLAZ
100
AcDbLine
 10
35765.44550649942
 20
29839.99999999998
 30
0.0
 11
35117.94550649944
 21
29839.99999999998
 31
0.0
1001
REVIT
1002
{
1070
     1
1000
1791104
1002
}
1002
{
1070
     5
1000
2001708
1002
}
1002
{
1070
     3
1000
-2000018
1002
}
  0
LINE
  5
3B3
330
3B1
100
AcDbEntity
  8
A-GLAZ
100
AcDbLine
 10
35117.94550649944
 20
28940.00000000002
 30
0.0
 11
35765.44550649942
 21
28940.00000000002
 31
0.0
1001
REVIT
1002
{
1070
     1
1000
1791104
1002
}
1002
{
1070
     5
1000
2001708
1002
}
1002
{
1070
     3
1000
-2000018
1002
}
  0
LINE
  5
3B4
330
3B1
100
AcDbEntity
  8
A-GLAZ
100
AcDbLine
 10
35117.94550649944
 20
29839.99999999998
 30
0.0
 11
35117.94550649944
 21
28940.00000000002
 31
0.0
1001
REVIT
1002
{
1070
     1
1000
1791104
1002
}
1002
{
1070
     5
1000
2001708
1002
}
1002
{
1070
     3
1000
-2000018
1002
}
  0
LINE
  5
3B5
330
3B1
100
AcDbEntity
  8
A-GLAZ
100
AcDbLine
 10
35117.94550649944
 20
29890.0
 30
0.0
 11
35765.44550649942
 21
29890.0
 31
0.0
1001
REVIT
1002
{
1070
     1
1000
1791104
1002
}
1002
{
1070
     5
1000
2001708
1002
}
1002
{
1070
     3
1000
-2000018
1002
}
  0
LINE
  5
3B6
330
3B1
100
AcDbEntity
  8
A-GLAZ
100
AcDbLine
 10
35117.94550649944
 20
31840.00000000001
 30
0.0
 11
35117.94550649944
 21
29890.0
 31
0.0
1001
REVIT
1002
{
1070
     1
1000
1791104
1002
}
1002
{
1070
     5
1000
2001708
1002
}
1002
{
1070
     3
1000
-2000018
1002
}
  0
LINE
  5
3B7
330
3B1
100
AcDbEntity
  8
A-GLAZ
100
AcDbLine
 10
35117.94550649944
 20
31840.00000000001
 30
0.0
 11
35765.44550649942
 21
31840.00000000001
 31
0.0
1001
REVIT
1002
{
1070
     1
1000
1791104
1002
}
1002
{
1070
     5
1000
2001708
1002
}
1002
{
1070
     3
1000
-2000018
1002
}
  0
LINE
  5
3B8
330
3B1
100
AcDbEntity
  8
A-GLAZ
100
AcDbLine
 10
35067.94550649942
 20
28890.00000000001
 30
0.0
 11
35067.94550649942
 21
31890.0
 31
0.0
1001
REVIT
1002
{
1070
     1
1000
1791104
1002
}
1002
{
1070
     5
1000
2001708
1002
}
1002
{
1070
     3
1000
-2000018
1002
}
  0
ENDBLK
  5
3BA
330
3B1
100
AcDbEntity
  8
0
100
AcDbBlockEnd
  0
BLOCK
  5
3BF
330
3BC
100
AcDbEntity
  8
0
100
AcDbBlockBegin
  2
stackpoint - stackpoint-2347728-SECTION B-B
 70
     0
 10
0.0
 20
0.0
 30
0.0
  3
stackpoint - stackpoint-2347728-SECTION B-B
  1

  0
LINE
  5
3BD
330
3BC
100
AcDbEntity
  8
P-SANR-FIXT
100
AcDbLine
 10
35945.44550649941
 20
32110.00000000001
 30
0.0
 11
35945.44550649941
 21
28890.00000000001
 31
0.0
1001
REVIT
1002
{
1070
     1
1000
1811677
1002
}
1002
{
1070
     5
1000
1811504
1002
}
  0
LINE
  5
3BE
330
3BC
100
AcDbEntity
  8
P-SANR-FIXT
100
AcDbLine
 10
36045.44550649941
 20
28890.00000000001
 30
0.0
 11
36045.44550649941
 21
32110.00000000001
 31
0.0
1001
REVIT
1002
{
1070
     1
1000
1811677
1002
}
1002
{
1070
     5
1000
1811504
1002
}
  0
ENDBLK
  5
3C0
330
3BC
100
AcDbEntity
  8
0
100
AcDbBlockEnd
  0
BLOCK
  5
3CD
330
3C2
100
AcDbEntity
  8
0
100
AcDbBlockBegin
  2
F_AA 0606 - 1509_1 PANEL_ - AA1410 SP-2099797-SECTION B-B
 70
     0
 10
0.0
 20
0.0
 30
0.0
  3
F_AA 0606 - 1509_1 PANEL_ - AA1410 SP-2099797-SECTION B-B
  1

  0
LINE
  5
3C3
330
3C2
100
AcDbEntity
  8
A-GLAZ
100
AcDbLine
 10
28860.44550635081
 20
34660.00000000001
 30
0.0
 11
29760.44550635081
 21
34660.00000000001
 31
0.0
1001
REVIT
1002
{
1070
     1
1000
1815765
1002
}
1002
{
1070
     5
1000
1654241
1002
}
1002
{
1070
     3
1000
-2000018
1002
}
  0
LINE
  5
3C4
330
3C2
100
AcDbEntity
  8
A-GLAZ
100
AcDbLine
 10
29760.44550635081
 20
34660.00000000001
 30
0.0
 11
29760.44550635081
 21
33390.00000000001
 31
0.0
1001
REVIT
1002
{
1070
     1
1000
1815765
1002
}
1002
{
1070
     5
1000
1654241
1002
}
1002
{
1070
     3
1000
-2000018
1002
}
  0
LINE
  5
3C5
330
3C2
100
AcDbEntity
  8
A-GLAZ
100
AcDbLine
 10
29760.44550635081
 20
33390.00000000001
 30
0.0
 11
28860.44550635081
 21
33390.00000000001
 31
0.0
1001
REVIT
1002
{
1070
     1
1000
1815765
1002
}
1002
{
1070
     5
1000
1654241
1002
}
1002
{
1070
     3
1000
-2000018
1002
}
  0
LINE
  5
3C6
330
3C2
100
AcDbEntity
  8
A-GLAZ
100
AcDbLine
 10
28860.44550635081
 20
33390.00000000001
 30
0.0
 11
28860.44550635081
 21
34660.00000000001
 31
0.0
1001
REVIT
1002
{
1070
     1
1000
1815765
1002
}
1002
{
1070
     5
1000
1654241
1002
}
1002
{
1070
     3
1000
-2000018
1002
}
  0
LINE
  5
3C7
330
3C2
100
AcDbEntity
  8
A-GLAZ
100
AcDbLine
 10
28910.44550635081
 20
34610.00000000001
 30
0.0
 11
29710.44550635081
 21
34610.00000000001
 31
0.0
1001
REVIT
1002
{
1070
     1
1000
1815765
1002
}
1002
{
1070
     5
1000
1654241
1002
}
1002
{
1070
     3
1000
-2000018
1002
}
  0
LINE
  5
3C8
330
3C2
100
AcDbEntity
  8
A-GLAZ
100
AcDbLine
 10
29710.44550635081
 20
34610.00000000001
 30
0.0
 11
29710.44550635081
 21
33440.0
 31
0.0
1001
REVIT
1002
{
1070
     1
1000
1815765
1002
}
1002
{
1070
     5
1000
1654241
1002
}
1002
{
1070
     3
1000
-2000018
1002
}
  0
LINE
  5
3C9
330
3C2
100
AcDbEntity
  8
A-GLAZ
100
AcDbLine
 10
29710.44550635081
 20
33440.0
 30
0.0
 11
28910.44550635081
 21
33440.0
 31
0.0
1001
REVIT
1002
{
1070
     1
1000
1815765
1002
}
1002
{
1070
     5
1000
1654241
1002
}
1002
{
1070
     3
1000
-2000018
1002
}
  0
LINE
  5
3CA
330
3C2
100
AcDbEntity
  8
A-GLAZ
100
AcDbLine
 10
28910.44550635081
 20
33440.0
 30
0.0
 11
28910.44550635081
 21
34610.00000000001
 31
0.0
1001
REVIT
1002
{
1070
     1
1000
1815765
1002
}
1002
{
1070
     5
1000
1654241
1002
}
1002
{
1070
     3
1000
-2000018
1002
}
  0
LINE
  5
3CB
330
3C2
100
AcDbEntity
  8
A-GLAZ
100
AcDbLine
 10
28910.44550635081
 20
34610.00000000001
 30
0.0
 11
29310.44550635081
 21
33440.0
 31
0.0
1001
REVIT
1002
{
1070
     1
1000
1815765
1002
}
1002
{
1070
     5
1000
1654241
1002
}
1002
{
1070
     3
1000
-2000022
1002
}
  0
LINE
  5
3CC
330
3C2
100
AcDbEntity
  8
A-GLAZ
100
AcDbLine
 10
29710.44550635081
 20
34610.00000000001
 30
0.0
 11
29310.44550635081
 21
33440.0
 31
0.0
1001
REVIT
1002
{
1070
     1
1000
1815765
1002
}
1002
{
1070
     5
1000
1654241
1002
}
1002
{
1070
     3
1000
-2000022
1002
}
  0
ENDBLK
  5
3CE
330
3C2
100
AcDbEntity
  8
0
100
AcDbBlockEnd
  0
BLOCK
  5
3DD
330
3D0
100
AcDbEntity
  8
0
100
AcDbBlockBegin
  2
Downpipe - 450 Eave-1977526-SECTION B-B
 70
     0
 10
0.0
 20
0.0
 30
0.0
  3
Downpipe - 450 Eave-1977526-SECTION B-B
  1

  0
LINE
  5
3D1
330
3D0
100
AcDbEntity
  8
A-GENM
100
AcDbLine
 10
39040.9752440274
 20
36590.00000000002
 30
0.0
 11
39040.9752440274
 21
37736.7275346411
 31
0.0
1001
REVIT
1002
{
1070
     1
1000
1905191
1002
}
1002
{
1070
     5
1000
1893368
1002
}
1002
{
1070
     3
1000
1893352
1002
}
  0
LINE
  5
3D2
330
3D0
100
AcDbEntity
  8
A-GENM
100
AcDbLine
 10
38960.9752440274
 20
37736.7275346411
 30
0.0
 11
38960.9752440274
 21
36590.00000000002
 31
0.0
1001
REVIT
1002
{
1070
     1
1000
1905191
1002
}
1002
{
1070
     5
1000
1893368
1002
}
1002
{
1070
     3
1000
1893352
1002
}
  0
LINE
  5
3D3
330
3D0
100
AcDbEntity
  8
A-GENM
100
AcDbLine
 10
39040.9752440274
 20
37736.7275346411
 30
0.0
 11
39040.9752440274
 21
37781.34675303932
 31
0.0
1001
REVIT
1002
{
1070
     1
1000
1905191
1002
}
1002
{
1070
     5
1000
1893368
1002
}
1002
{
1070
     3
1000
1893352
1002
}
  0
LINE
  5
3D4
330
3D0
100
AcDbEntity
  8
A-GENM
100
AcDbLine
 10
38960.97524402739
 20
37781.34675303932
 30
0.0
 11
38960.9752440274
 21
37736.7275346411
 31
0.0
1001
REVIT
1002
{
1070
     1
1000
1905191
1002
}
1002
{
1070
     5
1000
1893368
1002
}
1002
{
1070
     3
1000
1893352
1002
}
  0
LINE
  5
3D5
330
3D0
100
AcDbEntity
  8
A-GENM
100
AcDbLine
 10
39040.9752440274
 20
37781.34675303932
 30
0.0
 11
39040.9752440274
 21
37898.03914341709
 31
0.0
1001
REVIT
1002
{
1070
     1
1000
1905191
1002
}
1002
{
1070
     5
1000
1893368
1002
}
1002
{
1070
     3
1000
1893352
1002
}
  0
LINE
  5
3D6
330
3D0
100
AcDbEntity
  8
A-GENM
100
AcDbLine
 10
38960.97524402739
 20
37898.03914341709
 30
0.0
 11
38960.97524402739
 21
37781.34675303932
 31
0.0
1001
REVIT
1002
{
1070
     1
1000
1905191
1002
}
1002
{
1070
     5
1000
1893368
1002
}
1002
{
1070
     3
1000
1893352
1002
}
  0
LINE
  5
3D7
330
3D0
100
AcDbEntity
  8
A-GENM
100
AcDbLine
 10
39001.75698064034
 20
36590.0
 30
0.0
 11
39040.97524402738
 21
36590.0
 31
0.0
1001
REVIT
1002
{
1070
     1
1000
1905191
1002
}
1002
{
1070
     5
1000
1893368
1002
}
1002
{
1070
     3
1000
1893352
1002
}
  0
LINE
  5
3D8
330
3D0
100
AcDbEntity
  8
A-GENM
100
AcDbLine
 10
38960.97524402739
 20
36590.0
 30
0.0
 11
39000.97524402739
 21
36590.0
 31
0.0
1001
REVIT
1002
{
1070
     1
1000
1905191
1002
}
1002
{
1070
     5
1000
1893368
1002
}
1002
{
1070
     3
1000
1893352
1002
}
  0
SPLINE
  5
3D9
330
3D0
100
AcDbEntity
  8
A-GENM
100
AcDbSpline
210
0.0
220
0.0
230
1.0
 70
     8
 71
     3
 72
    24
 73
    20
 74
     0
 42
0.000000001
 43
0.0000000001
 40
0.5
 40
0.5
 40
0.5
 40
0.5
 40
0.5208333333333334
 40
0.5416666666666667
 40
0.5625
 40
0.5833333333333334
 40
0.6041666666666667
 40
0.625
 40
0.6458333333333333
 40
0.6666666666666666
 40
0.6875
 40
0.7083333333333333
 40
0.75
 40
0.7708333333333334
 40
0.7916666666666667
 40
0.8333333333333334
 40
0.875
 40
0.9166666666666666
 40
1.0
 40
1.0
 40
1.0
 40
1.0
 10
39040.97524402738
 20
37736.72753464108
 30
0.0
 10
39040.97524402762
 20
37737.52200815593
 30
0.0
 10
39040.91810786921
 20
37739.11095506252
 30
0.0
 10
39040.66136215793
 20
37741.51460357816
 30
0.0
 10
39040.23467439309
 20
37743.89794858478
 30
0.0
 10
39039.63987173076
 20
37746.22106198241
 30
0.0
 10
39038.87950115752
 20
37748.50236160174
 30
0.0
 10
39037.95681888227
 20
37750.7625173861
 30
0.0
 10
39036.87577528043
 20
37752.96310566887
 30
0.0
 10
39035.64100212817
 20
37755.06771609662
 30
0.0
 10
39034.25777727947
 20
37757.09097867325
 30
0.0
 10
39032.22348740134
 20
37759.71006465086
 30
0.0
 10
39029.91701074118
 20
37762.12373238262
 30
0.0
 10
39027.36790517715
 20
37764.29183452625
 30
0.0
 10
39024.66817124706
 20
37766.33649910026
 30
0.0
 10
39021.03245070674
 20
37768.56224348387
 30
0.0
 10
39016.32634598221
 20
37770.68074168245
 30
0.0
 10
39009.70142240108
 20
37772.75557024799
 30
0.0
 10
39004.46590253138
 20
37773.36659619268
 30
0.0
 10
39000.97524402739
 20
37773.38078160179
 30
0.0
1001
REVIT
1002
{
1070
     1
1000
1905191
1002
}
1002
{
1070
     5
1000
1893368
1002
}
1002
{
1070
     3
1000
1893352
1002
}
  0
SPLINE
  5
3DA
330
3D0
100
AcDbEntity
  8
A-GENM
100
AcDbSpline
210
0.0
220
0.0
230
1.0
 70
     8
 71
     3
 72
    23
 73
    19
 74
     0
 42
0.000000001
 43
0.0000000001
 40
0.0
 40
0.0
 40
0.0
 40
0.0
 40
0.0833333333333333
 40
0.125
 40
0.1666666666666667
 40
0.2083333333333333
 40
0.2291666666666667
 40
0.25
 40
0.2916666666666666
 40
0.3333333333333333
 40
0.3541666666666666
 40
0.375
 40
0.3958333333333334
 40
0.4166666666666667
 40
0.4375
 40
0.4583333333333334
 40
0.4791666666666667
 40
0.5
 40
0.5
 40
0.5
 40
0.5
 10
39000.97524402739
 20
37773.38078160178
 30
0.0
 10
38997.4845855234
 20
37773.36659619271
 30
0.0
 10
38992.24906562307
 20
37772.75556564333
 30
0.0
 10
38985.62414212361
 20
37770.68074935685
 30
0.0
 10
38980.91803715407
 20
37768.56221432115
 30
0.0
 10
38977.28231737938
 20
37766.33658505351
 30
0.0
 10
38974.58258188741
 20
37764.2916856429
 30
0.0
 10
38972.03348268322
 20
37762.12453972941
 30
0.0
 10
38969.15033811284
 20
37759.10012601321
 30
0.0
 10
38966.72105505695
 20
37755.76595707747
 30
0.0
 10
38965.07471690294
 20
37752.96372642221
 30
0.0
 10
38963.99366806625
 20
37750.76235105569
 30
0.0
 10
38963.07098719367
 20
37748.5024061699
 30
0.0
 10
38962.31061624459
 20
37746.22105004012
 30
0.0
 10
38961.71581368295
 20
37743.8979517858
 30
0.0
 10
38961.28912589116
 20
37741.51460271634
 30
0.0
 10
38961.03238018699
 20
37739.11095530876
 30
0.0
 10
38960.97524402762
 20
37737.52200815594
 30
0.0
 10
38960.97524402739
 20
37736.72753464109
 30
0.0
1001
REVIT
1002
{
1070
     1
1000
1905191
1002
}
1002
{
1070
     5
1000
1893368
1002
}
1002
{
1070
     3
1000
1893352
1002
}
  0
SPLINE
  5
3DB
330
3D0
100
AcDbEntity
  8
A-GENM
100
AcDbSpline
210
0.0
220
0.0
230
1.0
 70
     8
 71
     3
 72
    24
 73
    20
 74
     0
 42
0.000000001
 43
0.0000000001
 40
0.5
 40
0.5
 40
0.5
 40
0.5
 40
0.5208333333333334
 40
0.5416666666666667
 40
0.5625
 40
0.5833333333333334
 40
0.6041666666666667
 40
0.625
 40
0.6458333333333333
 40
0.6666666666666666
 40
0.6875
 40
0.7083333333333333
 40
0.75
 40
0.7708333333333334
 40
0.7916666666666667
 40
0.8333333333333334
 40
0.875
 40
0.9166666666666666
 40
1.0
 40
1.0
 40
1.0
 40
1.0
 10
39040.97524402738
 20
37781.34675303931
 30
0.0
 10
39040.97524402762
 20
37782.14685389481
 30
0.0
 10
39040.91810786921
 20
37783.74705561705
 30
0.0
 10
39040.66136215793
 20
37786.13442721001
 30
0.0
 10
39040.23467439309
 20
37788.50128020982
 30
0.0
 10
39039.63987173076
 20
37790.84006986476
 30
0.0
 10
39038.87950115752
 20
37793.13830883662
 30
0.0
 10
39037.95681888227
 20
37795.38350295655
 30
0.0
 10
39036.87577528043
 20
37797.56854267812
 30
0.0
 10
39035.64100212817
 20
37799.6864256502
 30
0.0
 10
39034.25777727947
 20
37801.72601383904
 30
0.0
 10
39032.22348740134
 20
37804.32585843986
 30
0.0
 10
39029.91701074118
 20
37806.73552271985
 30
0.0
 10
39027.36790517715
 20
37808.92490818344
 30
0.0
 10
39024.66817124706
 20
37810.95394015649
 30
0.0
 10
39021.03245070674
 20
37813.18009360269
 30
0.0
 10
39016.32634598221
 20
37815.30729235293
 30
0.0
 10
39009.70142240108
 20
37817.36730493306
 30
0.0
 10
39004.46590253138
 20
37818.00123633986
 30
0.0
 10
39000.97524402739
 20
37818.00000000001
 30
0.0
1001
REVIT
1002
{
1070
     1
1000
1905191
1002
}
1002
{
1070
     5
1000
1893368
1002
}
1002
{
1070
     3
1000
1893352
1002
}
  0
SPLINE
  5
3DC
330
3D0
100
AcDbEntity
  8
A-GENM
100
AcDbSpline
210
0.0
220
0.0
230
1.0
 70
     8
 71
     3
 72
    23
 73
    19
 74
     0
 42
0.000000001
 43
0.0000000001
 40
0.0
 40
0.0
 40
0.0
 40
0.0
 40
0.0833333333333333
 40
0.125
 40
0.1666666666666667
 40
0.2083333333333333
 40
0.2291666666666667
 40
0.25
 40
0.2916666666666666
 40
0.3333333333333333
 40
0.3541666666666666
 40
0.375
 40
0.3958333333333334
 40
0.4166666666666667
 40
0.4375
 40
0.4583333333333334
 40
0.4791666666666667
 40
0.5
 40
0.5
 40
0.5
 40
0.5
 10
39000.97524402739
 20
37818.00000000001
 30
0.0
 10
38997.4845855234
 20
37818.00123633987
 30
0.0
 10
38992.24906562307
 20
37817.36730535235
 30
0.0
 10
38985.62414212361
 20
37815.3072916541
 30
0.0
 10
38980.91803715407
 20
37813.18009625817
 30
0.0
 10
38977.28231737938
 20
37810.95393232968
 30
0.0
 10
38974.58258188741
 20
37808.92492174061
 30
0.0
 10
38972.03348268322
 20
37806.73544920371
 30
0.0
 10
38969.15033811284
 20
37803.72403622952
 30
0.0
 10
38966.72105505695
 20
37800.39268675562
 30
0.0
 10
38965.07471690294
 20
37797.56848615298
 30
0.0
 10
38963.99366806625
 20
37795.38351810238
 30
0.0
 10
38963.07098719367
 20
37793.1383047783
 30
0.0
 10
38962.31061624459
 20
37790.84007095222
 30
0.0
 10
38961.71581368295
 20
37788.50127991832
 30
0.0
 10
38961.28912589116
 20
37786.13442728848
 30
0.0
 10
38961.03238018699
 20
37783.74705559462
 30
0.0
 10
38960.97524402762
 20
37782.14685389481
 30
0.0
 10
38960.97524402739
 20
37781.34675303931
 30
0.0
1001
REVIT
1002
{
1070
     1
1000
1905191
1002
}
1002
{
1070
     5
1000
1893368
1002
}
1002
{
1070
     3
1000
1893352
1002
}
  0
ENDBLK
  5
3DE
330
3D0
100
AcDbEntity
  8
0
100
AcDbBlockEnd
  0
BLOCK
  5
3F1
330
3E0
100
AcDbEntity
  8
0
100
AcDbBlockBegin
  2
Solar Panel_ Face Based - Solar Panel_ Face Based-1931305-SECTION B-B
 70
     0
 10
0.0
 20
0.0
 30
0.0
  3
Solar Panel_ Face Based - Solar Panel_ Face Based-1931305-SECTION B-B
  1

  0
HATCH
  5
3E5
330
3E0
100
AcDbEntity
  8
E-ELEC-FIXT
100
AcDbHatch
 10
0.0
 20
0.0
 30
0.0
210
0.0
220
0.0
230
1.0
  2
FP_7
 70
     0
 71
     0
 91
        1
 92
        1
 93
        4
 72
     1
 10
31599.99999999998
 20
38213.25380799323
 11
31599.99999999998
 21
38279.94039967158
 72
     1
 10
31599.99999999998
 20
38279.94039967158
 11
30549.99999999998
 21
38279.94039967158
 72
     1
 10
30549.99999999998
 20
38279.94039967158
 11
30549.99999999997
 21
38213.25380799323
 72
     1
 10
30549.99999999997
 20
38213.25380799323
 11
31599.99999999998
 21
38213.25380799323
 97
        0
 75
     0
 76
     2
 52
0.0
 41
1.0
 77
     0
 78
     2
 53
0.0
 43
33535.311
 44
38069.99500000001
 45
0.0
 46
26.147
 79
     0
 53
90.0
 43
33535.311
 44
38069.99500000001
 45
-300.0
 46
0.0000000000000184
 79
     0
 98
        1
 10
0.0
 20
0.0
1001
REVIT
1002
{
1070
     1
1000
1931511
1002
}
1002
{
1070
     5
1000
1931305
1002
}
  0
HATCH
  5
3EA
330
3E0
100
AcDbEntity
  8
E-ELEC-FIXT
100
AcDbHatch
 10
0.0
 20
0.0
 30
0.0
210
0.0
220
0.0
230
1.0
  2
FP_8
 70
     0
 71
     0
 91
        1
 92
        1
 93
        4
 72
     1
 10
30549.99999999997
 20
38329.75013457617
 11
30549.99999999998
 21
38279.94039967158
 72
     1
 10
30549.99999999998
 20
38279.94039967158
 11
31599.99999999998
 21
38279.94039967158
 72
     1
 10
31599.99999999998
 20
38279.94039967158
 11
31599.99999999998
 21
38329.75013457617
 72
     1
 10
31599.99999999998
 20
38329.75013457617
 11
30549.99999999997
 21
38329.75013457617
 97
        0
 75
     0
 76
     2
 52
0.0
 41
1.0
 77
     0
 78
     2
 53
0.0
 43
33535.311
 44
19563.795
 45
0.0
 46
298.858
 79
     0
 53
90.0
 43
33535.311
 44
19563.795
 45
-300.0
 46
0.0000000000000184
 79
     0
 98
        1
 10
0.0
 20
0.0
1001
REVIT
1002
{
1070
     1
1000
1931511
1002
}
1002
{
1070
     5
1000
1931305
1002
}
  0
LINE
  5
3EB
330
3E0
100
AcDbEntity
  8
E-ELEC-FIXT
100
AcDbLine
 10
30549.99999999998
 20
38329.75013457614
 30
0.0
 11
31599.99999999998
 21
38329.75013457614
 31
0.0
1001
REVIT
1002
{
1070
     1
1000
1931511
1002
}
1002
{
1070
     5
1000
1931305
1002
}
  0
LINE
  5
3EC
330
3E0
100
AcDbEntity
  8
E-ELEC-FIXT
100
AcDbLine
 10
30549.99999999998
 20
38279.94039967155
 30
0.0
 11
30549.99999999998
 21
38213.2538079932
 31
0.0
1001
REVIT
1002
{
1070
     1
1000
1931511
1002
}
1002
{
1070
     5
1000
1931305
1002
}
  0
LINE
  5
3ED
330
3E0
100
AcDbEntity
  8
E-ELEC-FIXT
100
AcDbLine
 10
31599.99999999998
 20
38213.2538079932
 30
0.0
 11
31599.99999999998
 21
38279.94039967155
 31
0.0
1001
REVIT
1002
{
1070
     1
1000
1931511
1002
}
1002
{
1070
     5
1000
1931305
1002
}
  0
LINE
  5
3EE
330
3E0
100
AcDbEntity
  8
E-ELEC-FIXT
100
AcDbLine
 10
31599.99999999998
 20
38279.94039967155
 30
0.0
 11
30549.99999999998
 21
38279.94039967155
 31
0.0
1001
REVIT
1002
{
1070
     1
1000
1931511
1002
}
1002
{
1070
     5
1000
1931305
1002
}
  0
LINE
  5
3EF
330
3E0
100
AcDbEntity
  8
E-ELEC-FIXT
100
AcDbLine
 10
30549.99999999998
 20
38329.75013457614
 30
0.0
 11
30549.99999999998
 21
38279.94039967155
 31
0.0
1001
REVIT
1002
{
1070
     1
1000
1931511
1002
}
1002
{
1070
     5
1000
1931305
1002
}
  0
LINE
  5
3F0
330
3E0
100
AcDbEntity
  8
E-ELEC-FIXT
100
AcDbLine
 10
31599.99999999998
 20
38279.94039967155
 30
0.0
 11
31599.99999999998
 21
38329.75013457614
 31
0.0
1001
REVIT
1002
{
1070
     1
1000
1931511
1002
}
1002
{
1070
     5
1000
1931305
1002
}
  0
ENDBLK
  5
3F2
330
3E0
100
AcDbEntity
  8
0
100
AcDbBlockEnd
  0
BLOCK
  5
405
330
3F4
100
AcDbEntity
  8
0
100
AcDbBlockBegin
  2
Solar Panel_ Face Based - Solar Panel_ Face Based-V19-SECTION B-B
 70
     0
 10
0.0
 20
0.0
 30
0.0
  3
Solar Panel_ Face Based - Solar Panel_ Face Based-V19-SECTION B-B
  1

  0
HATCH
  5
3F9
330
3F4
100
AcDbEntity
  8
E-ELEC-FIXT
100
AcDbHatch
 10
0.0
 20
0.0
 30
0.0
210
0.0
220
0.0
230
1.0
  2
FP_7
 70
     0
 71
     0
 91
        1
 92
        1
 93
        4
 72
     1
 10
32649.99999999997
 20
38213.25380799323
 11
32649.99999999998
 21
38279.94039967158
 72
     1
 10
32649.99999999998
 20
38279.94039967158
 11
31599.99999999998
 21
38279.94039967158
 72
     1
 10
31599.99999999998
 20
38279.94039967158
 11
31599.99999999997
 21
38213.25380799323
 72
     1
 10
31599.99999999997
 20
38213.25380799323
 11
32649.99999999997
 21
38213.25380799323
 97
        0
 75
     0
 76
     2
 52
0.0
 41
1.0
 77
     0
 78
     2
 53
0.0
 43
33535.311
 44
38069.99500000001
 45
0.0
 46
26.147
 79
     0
 53
90.0
 43
33535.311
 44
38069.99500000001
 45
-300.0
 46
0.0000000000000184
 79
     0
 98
        1
 10
0.0
 20
0.0
1001
REVIT
1002
{
1070
     1
1000
1931637
1002
}
1002
{
1070
     5
1000
1931305
1002
}
  0
HATCH
  5
3FE
330
3F4
100
AcDbEntity
  8
E-ELEC-FIXT
100
AcDbHatch
 10
0.0
 20
0.0
 30
0.0
210
0.0
220
0.0
230
1.0
  2
FP_8
 70
     0
 71
     0
 91
        1
 92
        1
 93
        4
 72
     1
 10
31599.99999999997
 20
38329.75013457617
 11
31599.99999999998
 21
38279.94039967158
 72
     1
 10
31599.99999999998
 20
38279.94039967158
 11
32649.99999999998
 21
38279.94039967158
 72
     1
 10
32649.99999999998
 20
38279.94039967158
 11
32649.99999999997
 21
38329.75013457617
 72
     1
 10
32649.99999999997
 20
38329.75013457617
 11
31599.99999999997
 21
38329.75013457617
 97
        0
 75
     0
 76
     2
 52
0.0
 41
1.0
 77
     0
 78
     2
 53
0.0
 43
33535.311
 44
19563.795
 45
0.0
 46
298.858
 79
     0
 53
90.0
 43
33535.311
 44
19563.795
 45
-300.0
 46
0.0000000000000184
 79
     0
 98
        1
 10
0.0
 20
0.0
1001
REVIT
1002
{
1070
     1
1000
1931637
1002
}
1002
{
1070
     5
1000
1931305
1002
}
  0
LINE
  5
3FF
330
3F4
100
AcDbEntity
  8
E-ELEC-FIXT
100
AcDbLine
 10
31599.99999999997
 20
38329.75013457614
 30
0.0
 11
32649.99999999997
 21
38329.75013457614
 31
0.0
1001
REVIT
1002
{
1070
     1
1000
1931637
1002
}
1002
{
1070
     5
1000
1931305
1002
}
  0
LINE
  5
400
330
3F4
100
AcDbEntity
  8
E-ELEC-FIXT
100
AcDbLine
 10
31599.99999999998
 20
38279.94039967155
 30
0.0
 11
31599.99999999997
 21
38213.2538079932
 31
0.0
1001
REVIT
1002
{
1070
     1
1000
1931637
1002
}
1002
{
1070
     5
1000
1931305
1002
}
  0
LINE
  5
401
330
3F4
100
AcDbEntity
  8
E-ELEC-FIXT
100
AcDbLine
 10
32649.99999999997
 20
38213.2538079932
 30
0.0
 11
32649.99999999998
 21
38279.94039967155
 31
0.0
1001
REVIT
1002
{
1070
     1
1000
1931637
1002
}
1002
{
1070
     5
1000
1931305
1002
}
  0
LINE
  5
402
330
3F4
100
AcDbEntity
  8
E-ELEC-FIXT
100
AcDbLine
 10
32649.99999999998
 20
38279.94039967155
 30
0.0
 11
31599.99999999998
 21
38279.94039967155
 31
0.0
1001
REVIT
1002
{
1070
     1
1000
1931637
1002
}
1002
{
1070
     5
1000
1931305
1002
}
  0
LINE
  5
403
330
3F4
100
AcDbEntity
  8
E-ELEC-FIXT
100
AcDbLine
 10
31599.99999999997
 20
38329.75013457614
 30
0.0
 11
31599.99999999998
 21
38279.94039967155
 31
0.0
1001
REVIT
1002
{
1070
     1
1000
1931637
1002
}
1002
{
1070
     5
1000
1931305
1002
}
  0
LINE
  5
404
330
3F4
100
AcDbEntity
  8
E-ELEC-FIXT
100
AcDbLine
 10
32649.99999999998
 20
38279.94039967155
 30
0.0
 11
32649.99999999997
 21
38329.75013457614
 31
0.0
1001
REVIT
1002
{
1070
     1
1000
1931637
1002
}
1002
{
1070
     5
1000
1931305
1002
}
  0
ENDBLK
  5
406
330
3F4
100
AcDbEntity
  8
0
100
AcDbBlockEnd
  0
BLOCK
  5
41A
330
408
100
AcDbEntity
  8
0
100
AcDbBlockBegin
  2
Solar Panel_ Face Based - Solar Panel_ Face Based-V20-SECTION B-B
 70
     0
 10
0.0
 20
0.0
 30
0.0
  3
Solar Panel_ Face Based - Solar Panel_ Face Based-V20-SECTION B-B
  1

  0
HATCH
  5
40D
330
408
100
AcDbEntity
  8
E-ELEC-FIXT
100
AcDbHatch
 10
0.0
 20
0.0
 30
0.0
210
0.0
220
0.0
230
1.0
  2
FP_7
 70
     0
 71
     0
 91
        1
 92
        1
 93
        4
 72
     1
 10
32649.99999999997
 20
38213.25380799323
 11
33699.99999999997
 21
38213.25380799323
 72
     1
 10
33699.99999999997
 20
38213.25380799323
 11
33699.99999999997
 21
38279.94039967158
 72
     1
 10
33699.99999999997
 20
38279.94039967158
 11
32649.99999999997
 21
38279.94039967158
 72
     1
 10
32649.99999999997
 20
38279.94039967158
 11
32649.99999999997
 21
38213.25380799323
 97
        0
 75
     0
 76
     2
 52
0.0
 41
1.0
 77
     0
 78
     2
 53
0.0
 43
33535.311
 44
38069.99500000001
 45
0.0
 46
26.147
 79
     0
 53
90.0
 43
33535.311
 44
38069.99500000001
 45
-300.0
 46
0.0000000000000184
 79
     0
 98
        1
 10
0.0
 20
0.0
1001
REVIT
1002
{
1070
     1
1000
1931648
1002
}
1002
{
1070
     5
1000
1931305
1002
}
  0
HATCH
  5
413
330
408
100
AcDbEntity
  8
E-ELEC-FIXT
100
AcDbHatch
 10
0.0
 20
0.0
 30
0.0
210
0.0
220
0.0
230
1.0
  2
FP_8
 70
     0
 71
     0
 91
        1
 92
        1
 93
        5
 72
     1
 10
33699.99999999997
 20
38279.94039967158
 11
33699.99999999997
 21
38329.75013457617
 72
     1
 10
33699.99999999997
 20
38329.75013457617
 11
32649.99999999997
 21
38329.75013457617
 72
     1
 10
32649.99999999997
 20
38329.75013457617
 11
32649.99999999997
 21
38279.94039967158
 72
     1
 10
32649.99999999997
 20
38279.94039967158
 11
33300.99856102351
 21
38279.94039967158
 72
     1
 10
33300.99856102351
 20
38279.94039967158
 11
33699.99999999997
 21
38279.94039967158
 97
        0
 75
     0
 76
     2
 52
0.0
 41
1.0
 77
     0
 78
     2
 53
0.0
 43
33535.311
 44
19563.795
 45
0.0
 46
298.858
 79
     0
 53
90.0
 43
33535.311
 44
19563.795
 45
-300.0
 46
0.0000000000000184
 79
     0
 98
        1
 10
0.0
 20
0.0
1001
REVIT
1002
{
1070
     1
1000
1931648
1002
}
1002
{
1070
     5
1000
1931305
1002
}
  0
LINE
  5
414
330
408
100
AcDbEntity
  8
E-ELEC-FIXT
100
AcDbLine
 10
32649.99999999997
 20
38329.75013457614
 30
0.0
 11
33699.99999999997
 21
38329.75013457614
 31
0.0
1001
REVIT
1002
{
1070
     1
1000
1931648
1002
}
1002
{
1070
     5
1000
1931305
1002
}
  0
LINE
  5
415
330
408
100
AcDbEntity
  8
E-ELEC-FIXT
100
AcDbLine
 10
32649.99999999997
 20
38279.94039967155
 30
0.0
 11
32649.99999999997
 21
38213.2538079932
 31
0.0
1001
REVIT
1002
{
1070
     1
1000
1931648
1002
}
1002
{
1070
     5
1000
1931305
1002
}
  0
LINE
  5
416
330
408
100
AcDbEntity
  8
E-ELEC-FIXT
100
AcDbLine
 10
33699.99999999997
 20
38213.2538079932
 30
0.0
 11
33699.99999999997
 21
38279.94039967155
 31
0.0
1001
REVIT
1002
{
1070
     1
1000
1931648
1002
}
1002
{
1070
     5
1000
1931305
1002
}
  0
LINE
  5
417
330
408
100
AcDbEntity
  8
E-ELEC-FIXT
100
AcDbLine
 10
33699.99999999997
 20
38279.94039967155
 30
0.0
 11
32649.99999999997
 21
38279.94039967155
 31
0.0
1001
REVIT
1002
{
1070
     1
1000
1931648
1002
}
1002
{
1070
     5
1000
1931305
1002
}
  0
LINE
  5
418
330
408
100
AcDbEntity
  8
E-ELEC-FIXT
100
AcDbLine
 10
32649.99999999997
 20
38329.75013457614
 30
0.0
 11
32649.99999999997
 21
38279.94039967155
 31
0.0
1001
REVIT
1002
{
1070
     1
1000
1931648
1002
}
1002
{
1070
     5
1000
1931305
1002
}
  0
LINE
  5
419
330
408
100
AcDbEntity
  8
E-ELEC-FIXT
100
AcDbLine
 10
33699.99999999997
 20
38279.94039967155
 30
0.0
 11
33699.99999999997
 21
38329.75013457614
 31
0.0
1001
REVIT
1002
{
1070
     1
1000
1931648
1002
}
1002
{
1070
     5
1000
1931305
1002
}
  0
ENDBLK
  5
41B
330
408
100
AcDbEntity
  8
0
100
AcDbBlockEnd
  0
BLOCK
  5
464
330
41D
100
AcDbEntity
  8
0
100
AcDbBlockBegin
  2
Tap - Tap-1959228-SECTION B-B
 70
     0
 10
0.0
 20
0.0
 30
0.0
  3
Tap - Tap-1959228-SECTION B-B
  1

  0
LINE
  5
41E
330
41D
100
AcDbEntity
  8
P-SANR-FIXT
100
AcDbLine
 10
39580.44550649941
 20
29207.94914098995
 30
0.0
 11
39599.49550649941
 21
29207.94914098995
 31
0.0
1001
REVIT
1002
{
1070
     1
1000
1960352
1002
}
1002
{
1070
     5
1000
1959228
1002
}
  0
LINE
  5
41F
330
41D
100
AcDbEntity
  8
P-SANR-FIXT
100
AcDbLine
 10
39599.49550649941
 20
29238.94914098995
 30
0.0
 11
39580.44550649941
 21
29238.94914098995
 31
0.0
1001
REVIT
1002
{
1070
     1
1000
1960352
1002
}
1002
{
1070
     5
1000
1959228
1002
}
  0
LINE
  5
420
330
41D
100
AcDbEntity
  8
P-SANR-FIXT
100
AcDbLine
 10
39599.49550649941
 20
29206.9323439242
 30
0.0
 11
39599.49550649941
 21
29216.60766178385
 31
0.0
1001
REVIT
1002
{
1070
     1
1000
1960352
1002
}
1002
{
1070
     5
1000
1959228
1002
}
  0
LINE
  5
421
330
41D
100
AcDbEntity
  8
P-SANR-FIXT
100
AcDbLine
 10
39599.49550649941
 20
29216.60766178385
 30
0.0
 11
39599.49550649941
 21
29230.29062019602
 31
0.0
1001
REVIT
1002
{
1070
     1
1000
1960352
1002
}
1002
{
1070
     5
1000
1959228
1002
}
  0
LINE
  5
422
330
41D
100
AcDbEntity
  8
P-SANR-FIXT
100
AcDbLine
 10
39599.49550649941
 20
29230.29062019602
 30
0.0
 11
39599.49550649941
 21
29239.96593805567
 31
0.0
1001
REVIT
1002
{
1070
     1
1000
1960352
1002
}
1002
{
1070
     5
1000
1959228
1002
}
  0
LINE
  5
423
330
41D
100
AcDbEntity
  8
P-SANR-FIXT
100
AcDbLine
 10
39605.8454096061
 20
29239.96593805567
 30
0.0
 11
39605.8454096061
 21
29230.29062019602
 31
0.0
1001
REVIT
1002
{
1070
     1
1000
1960352
1002
}
1002
{
1070
     5
1000
1959228
1002
}
  0
LINE
  5
424
330
41D
100
AcDbEntity
  8
P-SANR-FIXT
100
AcDbLine
 10
39605.8454096061
 20
29230.29062019602
 30
0.0
 11
39605.8454096061
 21
29216.60766178385
 31
0.0
1001
REVIT
1002
{
1070
     1
1000
1960352
1002
}
1002
{
1070
     5
1000
1959228
1002
}
  0
LINE
  5
425
330
41D
100
AcDbEntity
  8
P-SANR-FIXT
100
AcDbLine
 10
39605.8454096061
 20
29216.60766178385
 30
0.0
 11
39605.8454096061
 21
29206.9323439242
 31
0.0
1001
REVIT
1002
{
1070
     1
1000
1960352
1002
}
1002
{
1070
     5
1000
1959228
1002
}
  0
LINE
  5
426
330
41D
100
AcDbEntity
  8
P-SANR-FIXT
100
AcDbLine
 10
39605.8454096061
 20
29206.9323439242
 30
0.0
 11
39599.49550649941
 21
29206.9323439242
 31
0.0
1001
REVIT
1002
{
1070
     1
1000
1960352
1002
}
1002
{
1070
     5
1000
1959228
1002
}
  0
LINE
  5
427
330
41D
100
AcDbEntity
  8
P-SANR-FIXT
100
AcDbLine
 10
39605.8454096061
 20
29216.60766178385
 30
0.0
 11
39599.49550649941
 21
29216.60766178385
 31
0.0
1001
REVIT
1002
{
1070
     1
1000
1960352
1002
}
1002
{
1070
     5
1000
1959228
1002
}
  0
LINE
  5
428
330
41D
100
AcDbEntity
  8
P-SANR-FIXT
100
AcDbLine
 10
39605.8454096061
 20
29230.29062019602
 30
0.0
 11
39599.49550649941
 21
29230.29062019602
 31
0.0
1001
REVIT
1002
{
1070
     1
1000
1960352
1002
}
1002
{
1070
     5
1000
1959228
1002
}
  0
LINE
  5
429
330
41D
100
AcDbEntity
  8
P-SANR-FIXT
100
AcDbLine
 10
39605.8454096061
 20
29239.96593805567
 30
0.0
 11
39599.49550649941
 21
29239.96593805567
 31
0.0
1001
REVIT
1002
{
1070
     1
1000
1960352
1002
}
1002
{
1070
     5
1000
1959228
1002
}
  0
LINE
  5
42A
330
41D
100
AcDbEntity
  8
P-SANR-FIXT
100
AcDbLine
 10
39652.11304037393
 20
29294.98965069072
 30
0.0
 11
39652.11304037393
 21
29317.75944544094
 31
0.0
1001
REVIT
1002
{
1070
     1
1000
1960352
1002
}
1002
{
1070
     5
1000
1959228
1002
}
  0
LINE
  5
42B
330
41D
100
AcDbEntity
  8
P-SANR-FIXT
100
AcDbLine
 10
39639.11304037393
 20
29317.75944544094
 30
0.0
 11
39639.11304037393
 21
29294.98965069072
 31
0.0
1001
REVIT
1002
{
1070
     1
1000
1960352
1002
}
1002
{
1070
     5
1000
1959228
1002
}
  0
LINE
  5
42C
330
41D
100
AcDbEntity
  8
P-SANR-FIXT
100
AcDbLine
 10
39652.11304037393
 20
29317.75944544094
 30
0.0
 11
39658.3128465873
 21
29317.75944544094
 31
0.0
1001
REVIT
1002
{
1070
     1
1000
1960352
1002
}
1002
{
1070
     5
1000
1959228
1002
}
  0
LINE
  5
42D
330
41D
100
AcDbEntity
  8
P-SANR-FIXT
100
AcDbLine
 10
39632.91323416054
 20
29317.75944544094
 30
0.0
 11
39639.11304037393
 21
29317.75944544094
 31
0.0
1001
REVIT
1002
{
1070
     1
1000
1960352
1002
}
1002
{
1070
     5
1000
1959228
1002
}
  0
LINE
  5
42E
330
41D
100
AcDbEntity
  8
P-SANR-FIXT
100
AcDbLine
 10
39658.3128465873
 20
29335.71990438716
 30
0.0
 11
39632.91323416054
 21
29335.71990438716
 31
0.0
1001
REVIT
1002
{
1070
     1
1000
1960352
1002
}
1002
{
1070
     5
1000
1959228
1002
}
  0
LWPOLYLINE
  5
42F
330
41D
100
AcDbEntity
  8
P-SANR-FIXT
100
AcDbPolyline
 90
        5
 70
   128
 43
0.0
 10
39632.91323416054
 20
29317.75944544094
 10
39622.86222317607
 20
29319.30973134721
 10
39612.43845232924
 20
29317.78780102037
 10
39605.05555063618
 20
29318.70380357835
 10
39601.19743749917
 20
29326.73967491405
1001
REVIT
1002
{
1070
     1
1000
1960352
1002
}
1002
{
1070
     5
1000
1959228
1002
}
  0
LWPOLYLINE
  5
430
330
41D
100
AcDbEntity
  8
P-SANR-FIXT
100
AcDbPolyline
 90
        5
 70
   128
 43
0.0
 10
39601.19743749917
 20
29326.73967491405
 10
39605.05555063618
 20
29334.77554624974
 10
39612.43845232924
 20
29335.69154880773
 10
39622.86222317607
 20
29334.16961848088
 10
39632.91323416054
 20
29335.71990438716
1001
REVIT
1002
{
1070
     1
1000
1960352
1002
}
1002
{
1070
     5
1000
1959228
1002
}
  0
LWPOLYLINE
  5
431
330
41D
100
AcDbEntity
  8
P-SANR-FIXT
100
AcDbPolyline
 90
        5
 70
   128
 43
0.0
 10
39632.91323416054
 20
29335.71990438716
 10
39622.86222317607
 20
29334.16961848088
 10
39612.43845232924
 20
29335.69154880773
 10
39605.05555063618
 20
29334.77554624974
 10
39601.19743749917
 20
29326.73967491405
1001
REVIT
1002
{
1070
     1
1000
1960352
1002
}
1002
{
1070
     5
1000
1959228
1002
}
  0
LWPOLYLINE
  5
432
330
41D
100
AcDbEntity
  8
P-SANR-FIXT
100
AcDbPolyline
 90
        5
 70
   128
 43
0.0
 10
39601.19743749917
 20
29326.73967491405
 10
39605.05555063618
 20
29318.70380357835
 10
39612.43845232924
 20
29317.78780102037
 10
39622.86222317607
 20
29319.30973134721
 10
39632.91323416054
 20
29317.75944544094
1001
REVIT
1002
{
1070
     1
1000
1960352
1002
}
1002
{
1070
     5
1000
1959228
1002
}
  0
LWPOLYLINE
  5
433
330
41D
100
AcDbEntity
  8
P-SANR-FIXT
100
AcDbPolyline
 90
        5
 70
   128
 43
0.0
 10
39658.3128465873
 20
29335.71990438716
 10
39668.36385757179
 20
29334.16961848088
 10
39678.7876284186
 20
29335.69154880773
 10
39686.17053011168
 20
29334.77554624974
 10
39690.02864324868
 20
29326.73967491405
1001
REVIT
1002
{
1070
     1
1000
1960352
1002
}
1002
{
1070
     5
1000
1959228
1002
}
  0
LWPOLYLINE
  5
434
330
41D
100
AcDbEntity
  8
P-SANR-FIXT
100
AcDbPolyline
 90
        5
 70
   128
 43
0.0
 10
39690.02864324868
 20
29326.73967491405
 10
39686.17053011168
 20
29318.70380357835
 10
39678.7876284186
 20
29317.78780102037
 10
39668.36385757179
 20
29319.30973134721
 10
39658.3128465873
 20
29317.75944544094
1001
REVIT
1002
{
1070
     1
1000
1960352
1002
}
1002
{
1070
     5
1000
1959228
1002
}
  0
LWPOLYLINE
  5
435
330
41D
100
AcDbEntity
  8
P-SANR-FIXT
100
AcDbPolyline
 90
        5
 70
   128
 43
0.0
 10
39658.3128465873
 20
29317.75944544094
 10
39668.36385757179
 20
29319.30973134721
 10
39678.7876284186
 20
29317.78780102037
 10
39686.17053011168
 20
29318.70380357835
 10
39690.02864324868
 20
29326.73967491405
1001
REVIT
1002
{
1070
     1
1000
1960352
1002
}
1002
{
1070
     5
1000
1959228
1002
}
  0
LWPOLYLINE
  5
436
330
41D
100
AcDbEntity
  8
P-SANR-FIXT
100
AcDbPolyline
 90
        5
 70
   128
 43
0.0
 10
39690.02864324868
 20
29326.73967491405
 10
39686.17053011168
 20
29334.77554624974
 10
39678.7876284186
 20
29335.69154880773
 10
39668.36385757179
 20
29334.16961848088
 10
39658.3128465873
 20
29335.71990438716
1001
REVIT
1002
{
1070
     1
1000
1960352
1002
}
1002
{
1070
     5
1000
1959228
1002
}
  0
LINE
  5
437
330
41D
100
AcDbEntity
  8
P-SANR-FIXT
100
AcDbLine
 10
39661.11304037393
 20
29275.93965069072
 30
0.0
 11
39661.11304037393
 21
29294.98965069072
 31
0.0
1001
REVIT
1002
{
1070
     1
1000
1960352
1002
}
1002
{
1070
     5
1000
1959228
1002
}
  0
LINE
  5
438
330
41D
100
AcDbEntity
  8
P-SANR-FIXT
100
AcDbLine
 10
39630.11304037393
 20
29294.98965069072
 30
0.0
 11
39630.11304037393
 21
29275.93965069072
 31
0.0
1001
REVIT
1002
{
1070
     1
1000
1960352
1002
}
1002
{
1070
     5
1000
1959228
1002
}
  0
LINE
  5
439
330
41D
100
AcDbEntity
  8
P-SANR-FIXT
100
AcDbLine
 10
39665.61304037393
 20
29261.65215069072
 30
0.0
 11
39665.61304037393
 21
29263.23966280238
 31
0.0
1001
REVIT
1002
{
1070
     1
1000
1960352
1002
}
1002
{
1070
     5
1000
1959228
1002
}
  0
LINE
  5
43A
330
41D
100
AcDbEntity
  8
P-SANR-FIXT
100
AcDbLine
 10
39625.61304037393
 20
29263.23966280238
 30
0.0
 11
39625.61304037393
 21
29261.65215069072
 31
0.0
1001
REVIT
1002
{
1070
     1
1000
1960352
1002
}
1002
{
1070
     5
1000
1959228
1002
}
  0
LINE
  5
43B
330
41D
100
AcDbEntity
  8
P-SANR-FIXT
100
AcDbLine
 10
39645.61304037392
 20
29320.38966280237
 30
0.0
 11
39644.22446829135
 21
29320.38966280237
 31
0.0
1001
REVIT
1002
{
1070
     1
1000
1960352
1002
}
1002
{
1070
     5
1000
1959228
1002
}
  0
LINE
  5
43C
330
41D
100
AcDbEntity
  8
P-SANR-FIXT
100
AcDbLine
 10
39647.00161245649
 20
29320.38966280237
 30
0.0
 11
39645.61304037392
 21
29320.38966280237
 31
0.0
1001
REVIT
1002
{
1070
     1
1000
1960352
1002
}
1002
{
1070
     5
1000
1959228
1002
}
  0
SPLINE
  5
43D
330
41D
100
AcDbEntity
  8
P-SANR-FIXT
100
AcDbSpline
210
0.0
220
0.0
230
1.0
 70
     8
 71
     3
 72
    26
 73
    22
 74
     0
 42
0.000000001
 43
0.0000000001
 40
0.1666666666666667
 40
0.1666666666666667
 40
0.1666666666666667
 40
0.1666666666666667
 40
0.25
 40
0.2916666666666666
 40
0.3333333333333333
 40
0.375
 40
0.4166666666666666
 40
0.4583333333333333
 40
0.5
 40
0.5416666666666666
 40
0.5833333333333333
 40
0.625
 40
0.6666666666666666
 40
0.6875
 40
0.7083333333333333
 40
0.75
 40
0.7916666666666667
 40
0.8333333333333334
 40
0.875
 40
0.9166666666666667
 40
1.0
 40
1.0
 40
1.0
 40
1.0
 10
39651.93283666421
 20
29317.88900564327
 30
0.0
 10
39651.8736879494
 20
29317.93080412221
 30
0.0
 10
39651.7638181961
 20
29318.0094104468
 30
0.0
 10
39651.57829416821
 20
29318.14105939097
 30
0.0
 10
39651.42084566918
 20
29318.2471955318
 30
0.0
 10
39651.24648739071
 20
29318.36386347124
 30
0.0
 10
39651.05600953364
 20
29318.4930197328
 30
0.0
 10
39650.85005032257
 20
29318.62964269104
 30
0.0
 10
39650.62868023398
 20
29318.768363079
 30
0.0
 10
39650.39361320027
 20
29318.91218034476
 30
0.0
 10
39650.14619084594
 20
29319.06365152759
 30
0.0
 10
39649.88587582174
 20
29319.21693127638
 30
0.0
 10
39649.65748799021
 20
29319.3416883339
 30
0.0
 10
39649.46835752905
 20
29319.44028860153
 30
0.0
 10
39649.27595060478
 20
29319.54091956784
 30
0.0
 10
39649.02856246168
 20
29319.66692338821
 30
0.0
 10
39648.72012595056
 20
29319.8137031121
 30
0.0
 10
39648.39864813249
 20
29319.94892202125
 30
0.0
 10
39648.0645114348
 20
29320.07174771673
 30
0.0
 10
39647.60524446479
 20
29320.22535725765
 30
0.0
 10
39647.24611814798
 20
29320.32734610094
 30
0.0
 10
39647.00161245649
 20
29320.38966280237
 30
0.0
1001
REVIT
1002
{
1070
     1
1000
1960352
1002
}
1002
{
1070
     5
1000
1959228
1002
}
  0
SPLINE
  5
43E
330
41D
100
AcDbEntity
  8
P-SANR-FIXT
100
AcDbSpline
210
0.0
220
0.0
230
1.0
 70
     8
 71
     3
 72
    27
 73
    23
 74
     0
 42
0.000000001
 43
0.0000000001
 40
0.0
 40
0.0
 40
0.0
 40
0.0
 40
0.0833333333333333
 40
0.125
 40
0.1666666666666667
 40
0.2083333333333333
 40
0.25
 40
0.2916666666666666
 40
0.3125
 40
0.3333333333333333
 40
0.3541666666666666
 40
0.375
 40
0.4166666666666666
 40
0.4583333333333333
 40
0.5
 40
0.5416666666666666
 40
0.5833333333333333
 40
0.625
 40
0.6666666666666666
 40
0.7083333333333333
 40
0.75
 40
0.8333333333333334
 40
0.8333333333333334
 40
0.8333333333333334
 40
0.8333333333333334
 10
39644.22446829135
 20
29320.38966280237
 30
0.0
 10
39643.97996259986
 20
29320.32734610094
 30
0.0
 10
39643.62083626726
 20
29320.22535731269
 30
0.0
 10
39643.16156933934
 20
29320.07174762499
 30
0.0
 10
39642.82743251536
 20
29319.94892236988
 30
0.0
 10
39642.50595517089
 20
29319.81370180933
 30
0.0
 10
39642.19751689171
 20
29319.66692825063
 30
0.0
 10
39641.95013424745
 20
29319.5409052558
 30
0.0
 10
39641.75771610977
 20
29319.44031339071
 30
0.0
 10
39641.61590250793
 20
29319.36624378082
 30
0.0
 10
39641.47713619395
 20
29319.29213920167
 30
0.0
 10
39641.29687764998
 20
29319.19118044811
 30
0.0
 10
39641.07987000595
 20
29319.0637209049
 30
0.0
 10
39640.83247287868
 20
29318.91216175516
 30
0.0
 10
39640.59739908538
 20
29318.76836806007
 30
0.0
 10
39640.37603080803
 20
29318.62964135637
 30
0.0
 10
39640.17007111163
 20
29318.49302009042
 30
0.0
 10
39639.97959338459
 20
29318.36386337543
 30
0.0
 10
39639.80523507131
 20
29318.24719555743
 30
0.0
 10
39639.64778658156
 20
29318.14105938426
 30
0.0
 10
39639.46226255064
 20
29318.00941045063
 30
0.0
 10
39639.35239279817
 20
29317.93080412317
 30
0.0
 10
39639.29324408363
 20
29317.88900564327
 30
0.0
1001
REVIT
1002
{
1070
     1
1000
1960352
1002
}
1002
{
1070
     5
1000
1959228
1002
}
  0
LINE
  5
43F
330
41D
100
AcDbEntity
  8
P-SANR-FIXT
100
AcDbLine
 10
39658.3128465873
 20
29335.71990438715
 30
0.0
 11
39658.3128465873
 21
29317.75944544093
 31
0.0
1001
REVIT
1002
{
1070
     1
1000
1960352
1002
}
1002
{
1070
     5
1000
1959228
1002
}
  0
LINE
  5
440
330
41D
100
AcDbEntity
  8
P-SANR-FIXT
100
AcDbLine
 10
39632.91323416054
 20
29317.75944544093
 30
0.0
 11
39632.91323416054
 21
29335.71990438715
 31
0.0
1001
REVIT
1002
{
1070
     1
1000
1960352
1002
}
1002
{
1070
     5
1000
1959228
1002
}
  0
LINE
  5
441
330
41D
100
AcDbEntity
  8
P-SANR-FIXT
100
AcDbLine
 10
39645.61304037392
 20
29275.93965069071
 30
0.0
 11
39661.11304037392
 21
29275.93965069071
 31
0.0
1001
REVIT
1002
{
1070
     1
1000
1960352
1002
}
1002
{
1070
     5
1000
1959228
1002
}
  0
LINE
  5
442
330
41D
100
AcDbEntity
  8
P-SANR-FIXT
100
AcDbLine
 10
39630.11304037393
 20
29275.93965069071
 30
0.0
 11
39645.61304037392
 21
29275.93965069071
 31
0.0
1001
REVIT
1002
{
1070
     1
1000
1960352
1002
}
1002
{
1070
     5
1000
1959228
1002
}
  0
LINE
  5
443
330
41D
100
AcDbEntity
  8
P-SANR-FIXT
100
AcDbLine
 10
39645.61304037392
 20
29294.98965069071
 30
0.0
 11
39630.11304037393
 21
29294.98965069071
 31
0.0
1001
REVIT
1002
{
1070
     1
1000
1960352
1002
}
1002
{
1070
     5
1000
1959228
1002
}
  0
LINE
  5
444
330
41D
100
AcDbEntity
  8
P-SANR-FIXT
100
AcDbLine
 10
39661.11304037392
 20
29294.98965069071
 30
0.0
 11
39645.61304037392
 21
29294.98965069071
 31
0.0
1001
REVIT
1002
{
1070
     1
1000
1960352
1002
}
1002
{
1070
     5
1000
1959228
1002
}
  0
LINE
  5
445
330
41D
100
AcDbEntity
  8
P-SANR-FIXT
100
AcDbLine
 10
39660.90832769692
 20
29275.93965069071
 30
0.0
 11
39660.90832769692
 21
29263.23966280238
 31
0.0
1001
REVIT
1002
{
1070
     1
1000
1960352
1002
}
1002
{
1070
     5
1000
1959228
1002
}
  0
LINE
  5
446
330
41D
100
AcDbEntity
  8
P-SANR-FIXT
100
AcDbLine
 10
39656.42836859047
 20
29275.93965069071
 30
0.0
 11
39656.42836859047
 21
29263.23966280238
 31
0.0
1001
REVIT
1002
{
1070
     1
1000
1960352
1002
}
1002
{
1070
     5
1000
1959228
1002
}
  0
LINE
  5
447
330
41D
100
AcDbEntity
  8
P-SANR-FIXT
100
AcDbLine
 10
39645.61304037392
 20
29275.93965069071
 30
0.0
 11
39645.61304037392
 21
29263.23966280238
 31
0.0
1001
REVIT
1002
{
1070
     1
1000
1960352
1002
}
1002
{
1070
     5
1000
1959228
1002
}
  0
LINE
  5
448
330
41D
100
AcDbEntity
  8
P-SANR-FIXT
100
AcDbLine
 10
39634.79742147743
 20
29275.93965069071
 30
0.0
 11
39634.79742147743
 21
29263.23966280238
 31
0.0
1001
REVIT
1002
{
1070
     1
1000
1960352
1002
}
1002
{
1070
     5
1000
1959228
1002
}
  0
LINE
  5
449
330
41D
100
AcDbEntity
  8
P-SANR-FIXT
100
AcDbLine
 10
39630.31746237099
 20
29275.93965069071
 30
0.0
 11
39630.31746237099
 21
29263.23966280238
 31
0.0
1001
REVIT
1002
{
1070
     1
1000
1960352
1002
}
1002
{
1070
     5
1000
1959228
1002
}
  0
LINE
  5
44A
330
41D
100
AcDbEntity
  8
P-SANR-FIXT
100
AcDbLine
 10
39645.61304037392
 20
29263.23966280238
 30
0.0
 11
39625.61304037392
 21
29263.23966280238
 31
0.0
1001
REVIT
1002
{
1070
     1
1000
1960352
1002
}
1002
{
1070
     5
1000
1959228
1002
}
  0
LINE
  5
44B
330
41D
100
AcDbEntity
  8
P-SANR-FIXT
100
AcDbLine
 10
39665.61304037393
 20
29263.23966280238
 30
0.0
 11
39645.61304037392
 21
29263.23966280238
 31
0.0
1001
REVIT
1002
{
1070
     1
1000
1960352
1002
}
1002
{
1070
     5
1000
1959228
1002
}
  0
LWPOLYLINE
  5
44C
330
41D
100
AcDbEntity
  8
P-SANR-FIXT
100
AcDbPolyline
 90
        4
 70
   128
 43
0.0
 10
39679.03047735512
 20
29213.87163692729
 10
39658.23187839556
 20
29204.52448250075
 10
39637.1142720418
 20
29203.70455919525
 10
39615.67765829385
 20
29211.41186701076
1001
REVIT
1002
{
1070
     1
1000
1960352
1002
}
1002
{
1070
     5
1000
1959228
1002
}
  0
LWPOLYLINE
  5
44D
330
41D
100
AcDbEntity
  8
P-SANR-FIXT
100
AcDbPolyline
 90
        3
 70
   128
 43
0.0
 10
39615.67765829385
 20
29235.48641496913
 10
39620.15221768024
 20
29237.7869165071
 10
39624.61304037393
 20
29239.72022920961
1001
REVIT
1002
{
1070
     1
1000
1960352
1002
}
1002
{
1070
     5
1000
1959228
1002
}
  0
LWPOLYLINE
  5
44E
330
41D
100
AcDbEntity
  8
P-SANR-FIXT
100
AcDbPolyline
 90
        3
 70
   128
 43
0.0
 10
39666.61304037393
 20
29239.64864079183
 10
39672.83606039828
 20
29236.71993024808
 10
39679.03047735512
 20
29233.0266450526
1001
REVIT
1002
{
1070
     1
1000
1960352
1002
}
1002
{
1070
     5
1000
1959228
1002
}
  0
LWPOLYLINE
  5
44F
330
41D
100
AcDbEntity
  8
P-SANR-FIXT
100
AcDbPolyline
 90
        3
 70
   128
 43
0.0
 10
39679.03047735512
 20
29233.0266450526
 10
39672.83606039828
 20
29236.71993024808
 10
39666.61304037393
 20
29239.64864079183
1001
REVIT
1002
{
1070
     1
1000
1960352
1002
}
1002
{
1070
     5
1000
1959228
1002
}
  0
LWPOLYLINE
  5
450
330
41D
100
AcDbEntity
  8
P-SANR-FIXT
100
AcDbPolyline
 90
        3
 70
   128
 43
0.0
 10
39624.61304037393
 20
29239.72022920961
 10
39620.15221768024
 20
29237.7869165071
 10
39615.67765829385
 20
29235.48641496913
1001
REVIT
1002
{
1070
     1
1000
1960352
1002
}
1002
{
1070
     5
1000
1959228
1002
}
  0
LWPOLYLINE
  5
451
330
41D
100
AcDbEntity
  8
P-SANR-FIXT
100
AcDbPolyline
 90
        4
 70
   128
 43
0.0
 10
39615.67765829385
 20
29211.41186701076
 10
39637.1142720418
 20
29203.70455919525
 10
39658.23187839556
 20
29204.52448250075
 10
39679.03047735512
 20
29213.87163692729
1001
REVIT
1002
{
1070
     1
1000
1960352
1002
}
1002
{
1070
     5
1000
1959228
1002
}
  0
LWPOLYLINE
  5
452
330
41D
100
AcDbEntity
  8
P-SANR-FIXT
100
AcDbPolyline
 90
       37
 70
   128
 43
0.0
 10
39679.03047735512
 20
29215.29323766164
 10
39680.15018156761
 20
29215.01723069015
 10
39681.25795280114
 20
29214.69666826886
 10
39682.35201885805
 20
29214.33206322925
 10
39683.43062946602
 20
29213.92399886161
 10
39684.49205907819
 20
29213.47312798188
 10
39685.53460963359
 20
29212.98017188728
 10
39686.55661327375
 20
29212.44591920242
 10
39687.55643501084
 20
29211.87122461761
 10
39688.53247534339
 20
29211.25700752161
 10
39689.48317281506
 20
29210.60425053073
 10
39690.4070065127
 20
29209.91399791691
 10
39691.30249849947
 20
29209.18735393709
 10
39692.16821617923
 20
29208.42548106663
 10
39693.00277458835
 20
29207.62959813961
 10
39693.80483861141
 20
29206.80097839891
 10
39694.57312511709
 20
29205.94094745935
 10
39695.30640501085
 20
29205.050881187
 10
39696.00350520129
 20
29204.13220349801
 10
39696.66331047684
 20
29203.18638408071
 10
39697.28476528976
 20
29202.21493604439
 10
39697.86687544496
 20
29201.21941349869
 10
39698.40870969035
 20
29200.20140906732
 10
39698.90940120672
 20
29199.16255134019
 10
39699.36814899447
 20
29198.10450226807
 10
39699.78421915499
 20
29197.02895450376
 10
39700.15694606477
 20
29195.93762869425
 10
39700.48573344027
 20
29194.83227072803
 10
39700.77005529185
 20
29193.71464894205
 10
39701.00945676517
 20
29192.58655129276
 10
39701.20355486895
 20
29191.44978249574
 10
39701.35203908763
 20
29190.30616113857
 10
39701.45467187814
 20
29189.15751677146
 10
39701.51128904992
 20
29188.00568698037
 10
39701.52180002754
 20
29186.85251444726
 10
39701.48618799571
 20
29185.69984400217
 10
39701.46821244608
 20
29185.38154595522
1001
REVIT
1002
{
1070
     1
1000
1960352
1002
}
1002
{
1070
     5
1000
1959228
1002
}
  0
LWPOLYLINE
  5
453
330
41D
100
AcDbEntity
  8
P-SANR-FIXT
100
AcDbPolyline
 90
       39
 70
   128
 43
0.0
 10
39717.43752712704
 20
29184.39109725856
 10
39717.51271569985
 20
29186.18269799269
 10
39717.51619920933
 20
29187.9758723783
 10
39717.44797208262
 20
29189.76775171888
 10
39717.30814346856
 20
29191.55546938973
 10
39717.0969370631
 20
29193.33616542397
 10
39716.81469075144
 20
29195.10699108777
 10
39716.46185606747
 20
29196.86511343784
 10
39716.03899747143
 20
29198.60771985346
 10
39715.54679144685
 20
29200.3320225361
 10
39714.98602541835
 20
29202.03526296932
 10
39714.357596492
 20
29203.71471633173
 10
39713.66251002
 20
29205.36769585625
 10
39712.90187799243
 20
29206.99155712823
 10
39712.07691725827
 20
29208.58370231606
 10
39711.18894757871
 20
29210.14158432706
 10
39710.23938951583
 20
29211.66271088236
 10
39709.22976215996
 20
29213.14464850396
 10
39708.16168069948
 20
29214.58502640778
 10
39707.03685383691
 20
29215.98154029645
 10
39705.85708105526
 20
29217.33195604566
 10
39704.62424973932
 20
29218.63411327826
 10
39703.34033215619
 20
29219.88592882049
 10
39702.00738230012
 20
29221.0854000345
 10
39700.62753260655
 20
29222.23060802223
 10
39699.2029905406
 20
29223.31972069519
 10
39697.73603506574
 20
29224.35099570545
 10
39696.22901299776
 20
29225.32278323297
 10
39694.6843352505
 20
29226.23352862502
 10
39693.10447297884
 20
29227.08177488325
 10
39691.4919536254
 20
29227.8661649946
 10
39689.84935687714
 20
29228.58544410221
 10
39688.17931053847
 20
29229.23846151296
 10
39686.48448632729
 20
29229.82417253829
 10
39684.76759560077
 20
29230.34164016549
 10
39683.03138501783
 20
29230.79003655678
 10
39681.27863214503
 20
29231.16864437354
 10
39679.51214101308
 20
29231.47685792407
 10
39679.03047735512
 20
29231.54832869886
1001
REVIT
1002
{
1070
     1
1000
1960352
1002
}
1002
{
1070
     5
1000
1959228
1002
}
  0
LINE
  5
454
330
41D
100
AcDbEntity
  8
P-SANR-FIXT
100
AcDbLine
 10
39666.61304037393
 20
29239.64864079183
 30
0.0
 11
39666.61304037393
 21
29261.65215069072
 31
0.0
1001
REVIT
1002
{
1070
     1
1000
1960352
1002
}
1002
{
1070
     5
1000
1959228
1002
}
  0
LINE
  5
455
330
41D
100
AcDbEntity
  8
P-SANR-FIXT
100
AcDbLine
 10
39624.61304037393
 20
29261.65215069072
 30
0.0
 11
39624.61304037393
 21
29239.72022920961
 31
0.0
1001
REVIT
1002
{
1070
     1
1000
1960352
1002
}
1002
{
1070
     5
1000
1959228
1002
}
  0
LINE
  5
456
330
41D
100
AcDbEntity
  8
P-SANR-FIXT
100
AcDbLine
 10
39615.66512072165
 20
29235.45121826903
 30
0.0
 11
39605.8454096061
 21
29238.94914098995
 31
0.0
1001
REVIT
1002
{
1070
     1
1000
1960352
1002
}
1002
{
1070
     5
1000
1959228
1002
}
  0
LINE
  5
457
330
41D
100
AcDbEntity
  8
P-SANR-FIXT
100
AcDbLine
 10
39605.8454096061
 20
29207.94914098995
 30
0.0
 11
39615.66512072165
 21
29211.44706371087
 31
0.0
1001
REVIT
1002
{
1070
     1
1000
1960352
1002
}
1002
{
1070
     5
1000
1959228
1002
}
  0
LINE
  5
458
330
41D
100
AcDbEntity
  8
P-SANR-FIXT
100
AcDbLine
 10
39679.03047735512
 20
29231.74350281304
 30
0.0
 11
39679.03047735512
 21
29233.02664505259
 31
0.0
1001
REVIT
1002
{
1070
     1
1000
1960352
1002
}
1002
{
1070
     5
1000
1959228
1002
}
  0
LINE
  5
459
330
41D
100
AcDbEntity
  8
P-SANR-FIXT
100
AcDbLine
 10
39679.03047735512
 20
29213.87163692728
 30
0.0
 11
39679.03047735512
 21
29230.22145905948
 31
0.0
1001
REVIT
1002
{
1070
     1
1000
1960352
1002
}
1002
{
1070
     5
1000
1959228
1002
}
  0
SPLINE
  5
45A
330
41D
100
AcDbEntity
  8
P-SANR-FIXT
100
AcDbSpline
210
0.0
220
0.0
230
1.0
 70
     8
 71
     3
 72
    10
 73
     6
 74
     0
 42
0.000000001
 43
0.0000000001
 40
-1.0
 40
-1.0
 40
-1.0
 40
-1.0
 40
-0.6666666666666666
 40
-0.3333333333333333
 40
0.0
 40
0.0
 40
0.0
 40
0.0
 10
39666.61304037393
 20
29239.64864079182
 30
0.0
 10
39666.61304037393
 20
29239.63912749791
 30
0.0
 10
39666.33010284975
 20
29239.40351895019
 30
0.0
 10
39665.12600464199
 20
29238.32244423226
 30
0.0
 10
39663.91098155522
 20
29237.27245185602
 30
0.0
 10
39663.22463417699
 20
29236.65215069071
 30
0.0
1001
REVIT
1002
{
1070
     1
1000
1960352
1002
}
1002
{
1070
     5
1000
1959228
1002
}
  0
SPLINE
  5
45B
330
41D
100
AcDbEntity
  8
P-SANR-FIXT
100
AcDbSpline
210
0.0
220
0.0
230
1.0
 70
     8
 71
     3
 72
    10
 73
     6
 74
     0
 42
0.000000001
 43
0.0000000001
 40
-1.0
 40
-1.0
 40
-1.0
 40
-1.0
 40
-0.6666666666666666
 40
-0.3333333333333333
 40
0.0
 40
0.0
 40
0.0
 40
0.0
 10
39628.04393100059
 20
29236.65215069071
 30
0.0
 10
39627.35072668921
 20
29237.28615106081
 30
0.0
 10
39626.12166961307
 20
29238.35975845981
 30
0.0
 10
39624.90042805498
 20
29239.46867777051
 30
0.0
 10
39624.61304037392
 20
29239.71025298094
 30
0.0
 10
39624.61304037392
 20
29239.7202292096
 30
0.0
1001
REVIT
1002
{
1070
     1
1000
1960352
1002
}
1002
{
1070
     5
1000
1959228
1002
}
  0
LWPOLYLINE
  5
45C
330
41D
100
AcDbEntity
  8
P-SANR-FIXT
100
AcDbPolyline
 90
        6
 70
   128
 43
0.0
 10
39615.63411653615
 20
29235.05342264791
 10
39615.63411653615
 20
29233.85326459833
 10
39615.63411653615
 20
29231.94360171758
 10
39615.63411653615
 20
29229.45467081725
 10
39615.63411653615
 20
29226.55620110319
 10
39615.66083441284
 20
29223.44914098994
1001
REVIT
1002
{
1070
     1
1000
1960352
1002
}
1002
{
1070
     5
1000
1959228
1002
}
  0
LWPOLYLINE
  5
45D
330
41D
100
AcDbEntity
  8
P-SANR-FIXT
100
AcDbPolyline
 90
        7
 70
   128
 43
0.0
 10
39615.66083441284
 20
29223.44914098994
 10
39615.63411653615
 20
29220.34208087668
 10
39615.63411653615
 20
29217.44361116263
 10
39615.63411653615
 20
29214.9546802623
 10
39615.63411653615
 20
29213.04501738154
 10
39615.63411653615
 20
29211.84485933197
 10
39615.67095226285
 20
29211.41558462701
1001
REVIT
1002
{
1070
     1
1000
1960352
1002
}
1002
{
1070
     5
1000
1959228
1002
}
  0
LINE
  5
45E
330
41D
100
AcDbEntity
  8
P-SANR-FIXT
100
AcDbLine
 10
39701.74028304733
 20
29185.36467159475
 30
0.0
 11
39717.43752712704
 21
29184.39109725856
 31
0.0
1001
REVIT
1002
{
1070
     1
1000
1960352
1002
}
1002
{
1070
     5
1000
1959228
1002
}
  0
LINE
  5
45F
330
41D
100
AcDbEntity
  8
P-SANR-FIXT
100
AcDbLine
 10
39716.36778588394
 20
29184.45744474066
 30
0.0
 11
39717.43752712704
 21
29184.39109725856
 31
0.0
1001
REVIT
1002
{
1070
     1
1000
1960352
1002
}
1002
{
1070
     5
1000
1959228
1002
}
  0
LINE
  5
460
330
41D
100
AcDbEntity
  8
P-SANR-FIXT
100
AcDbLine
 10
39645.61304037392
 20
29236.65215069071
 30
0.0
 11
39663.22463417699
 21
29236.65215069071
 31
0.0
1001
REVIT
1002
{
1070
     1
1000
1960352
1002
}
1002
{
1070
     5
1000
1959228
1002
}
  0
LINE
  5
461
330
41D
100
AcDbEntity
  8
P-SANR-FIXT
100
AcDbLine
 10
39628.04393100059
 20
29236.65215069071
 30
0.0
 11
39645.61304037392
 21
29236.65215069071
 31
0.0
1001
REVIT
1002
{
1070
     1
1000
1960352
1002
}
1002
{
1070
     5
1000
1959228
1002
}
  0
LINE
  5
462
330
41D
100
AcDbEntity
  8
P-SANR-FIXT
100
AcDbLine
 10
39645.61304037392
 20
29261.65215069071
 30
0.0
 11
39624.61304037392
 21
29261.65215069071
 31
0.0
1001
REVIT
1002
{
1070
     1
1000
1960352
1002
}
1002
{
1070
     5
1000
1959228
1002
}
  0
LINE
  5
463
330
41D
100
AcDbEntity
  8
P-SANR-FIXT
100
AcDbLine
 10
39666.61304037393
 20
29261.65215069071
 30
0.0
 11
39645.61304037392
 21
29261.65215069071
 31
0.0
1001
REVIT
1002
{
1070
     1
1000
1960352
1002
}
1002
{
1070
     5
1000
1959228
1002
}
  0
ENDBLK
  5
465
330
41D
100
AcDbEntity
  8
0
100
AcDbBlockEnd
  0
BLOCK
  5
563
330
467
100
AcDbEntity
  8
0
100
AcDbBlockBegin
  2
Shower_Twin_Phoenix_NXQuil_FaceBased - Chrome _606-6500-00_-1739590-SECTION B-B
 70
     0
 10
0.0
 20
0.0
 30
0.0
  3
Shower_Twin_Phoenix_NXQuil_FaceBased - Chrome _606-6500-00_-1739590-SECTION B-B
  1

  0
LINE
  5
468
330
467
100
AcDbEntity
  8
P-SANR-FIXT
100
AcDbLine
 10
39675.32558485509
 20
30192.07969955249
 30
0.0
 11
39678.69806361605
 21
30198.10910985433
 31
0.0
1001
REVIT
1002
{
1070
     1
1000
1961636
1002
}
1002
{
1070
     5
1000
1739590
1002
}
1002
{
1070
     3
1000
1035229
1002
}
  0
LINE
  5
469
330
467
100
AcDbEntity
  8
P-SANR-FIXT
100
AcDbLine
 10
39666.91680966423
 20
30203.60279879473
 30
0.0
 11
39663.5435836236
 21
30197.57373695513
 31
0.0
1001
REVIT
1002
{
1070
     1
1000
1961636
1002
}
1002
{
1070
     5
1000
1739590
1002
}
1002
{
1070
     3
1000
1035229
1002
}
  0
LINE
  5
46A
330
467
100
AcDbEntity
  8
P-SANR-FIXT
100
AcDbLine
 10
39678.69806361605
 20
30198.10910985433
 30
0.0
 11
39676.8921954455
 21
30194.88052906169
 31
0.0
1001
REVIT
1002
{
1070
     1
1000
1961636
1002
}
1002
{
1070
     5
1000
1739590
1002
}
1002
{
1070
     3
1000
1035229
1002
}
  0
LINE
  5
46B
330
467
100
AcDbEntity
  8
P-SANR-FIXT
100
AcDbLine
 10
39676.40814222622
 20
30194.01512540051
 30
0.0
 11
39675.32558485509
 21
30192.07969955249
 31
0.0
1001
REVIT
1002
{
1070
     1
1000
1961636
1002
}
1002
{
1070
     5
1000
1739590
1002
}
1002
{
1070
     3
1000
1035229
1002
}
  0
LINE
  5
46C
330
467
100
AcDbEntity
  8
P-SANR-FIXT
100
AcDbLine
 10
39678.69806361604
 20
30198.10910985432
 30
0.0
 11
39677.791755829
 21
30198.53172811607
 31
0.0
1001
REVIT
1002
{
1070
     1
1000
1961636
1002
}
1002
{
1070
     5
1000
1739590
1002
}
1002
{
1070
     3
1000
1035229
1002
}
  0
LINE
  5
46D
330
467
100
AcDbEntity
  8
P-SANR-FIXT
100
AcDbLine
 10
39674.41927706804
 20
30192.50231781422
 30
0.0
 11
39675.32558485508
 21
30192.07969955249
 31
0.0
1001
REVIT
1002
{
1070
     1
1000
1961636
1002
}
1002
{
1070
     5
1000
1739590
1002
}
1002
{
1070
     3
1000
1035229
1002
}
  0
LINE
  5
46E
330
467
100
AcDbEntity
  8
P-SANR-FIXT
100
AcDbLine
 10
39670.46506573796
 20
30201.94821981444
 30
0.0
 11
39677.79175582899
 21
30198.53172811606
 31
0.0
1001
REVIT
1002
{
1070
     1
1000
1961636
1002
}
1002
{
1070
     5
1000
1739590
1002
}
1002
{
1070
     3
1000
1035229
1002
}
  0
LINE
  5
46F
330
467
100
AcDbEntity
  8
P-SANR-FIXT
100
AcDbLine
 10
39674.41927706803
 20
30192.50231781423
 30
0.0
 11
39664.44989141063
 21
30197.15111869337
 31
0.0
1001
REVIT
1002
{
1070
     1
1000
1961636
1002
}
1002
{
1070
     5
1000
1739590
1002
}
1002
{
1070
     3
1000
1035229
1002
}
  0
LINE
  5
470
330
467
100
AcDbEntity
  8
P-SANR-FIXT
100
AcDbLine
 10
39663.54358362359
 20
30197.57373695512
 30
0.0
 11
39664.44989141063
 21
30197.15111869337
 31
0.0
1001
REVIT
1002
{
1070
     1
1000
1961636
1002
}
1002
{
1070
     5
1000
1739590
1002
}
1002
{
1070
     3
1000
1035229
1002
}
  0
LINE
  5
471
330
467
100
AcDbEntity
  8
P-SANR-FIXT
100
AcDbLine
 10
39663.5435836236
 20
30197.57373695511
 30
0.0
 11
39664.44989141063
 21
30197.15111869337
 31
0.0
1001
REVIT
1002
{
1070
     1
1000
1961636
1002
}
1002
{
1070
     5
1000
1739590
1002
}
1002
{
1070
     3
1000
1035229
1002
}
  0
LINE
  5
472
330
467
100
AcDbEntity
  8
P-SANR-FIXT
100
AcDbLine
 10
39678.69806361604
 20
30198.10910985432
 30
0.0
 11
39678.57664139623
 21
30198.16572996529
 31
0.0
1001
REVIT
1002
{
1070
     1
1000
1961636
1002
}
1002
{
1070
     5
1000
1739590
1002
}
1002
{
1070
     3
1000
1035229
1002
}
  0
LINE
  5
473
330
467
100
AcDbEntity
  8
P-SANR-FIXT
100
AcDbLine
 10
39674.41927706804
 20
30192.50231781422
 30
0.0
 11
39675.32558485508
 21
30192.07969955249
 31
0.0
1001
REVIT
1002
{
1070
     1
1000
1961636
1002
}
1002
{
1070
     5
1000
1739590
1002
}
1002
{
1070
     3
1000
1035229
1002
}
  0
LINE
  5
474
330
467
100
AcDbEntity
  8
P-SANR-FIXT
100
AcDbLine
 10
39663.51202407515
 20
30197.50505004032
 30
0.0
 11
39655.44550649909
 21
30178.45941360015
 31
0.0
1001
REVIT
1002
{
1070
     1
1000
1961636
1002
}
1002
{
1070
     5
1000
1739590
1002
}
1002
{
1070
     3
1000
1035229
1002
}
  0
LINE
  5
475
330
467
100
AcDbEntity
  8
P-SANR-FIXT
100
AcDbLine
 10
39637.73018429918
 20
30090.00000000001
 30
0.0
 11
39637.50767046726
 21
30087.76895466468
 31
0.0
1001
REVIT
1002
{
1070
     1
1000
1961636
1002
}
1002
{
1070
     5
1000
1739590
1002
}
1002
{
1070
     3
1000
1035229
1002
}
  0
LINE
  5
476
330
467
100
AcDbEntity
  8
P-SANR-FIXT
100
AcDbLine
 10
39637.43580571684
 20
30087.77095621076
 30
0.0
 11
39637.66838138331
 21
30090.00000000001
 31
0.0
1001
REVIT
1002
{
1070
     1
1000
1961636
1002
}
1002
{
1070
     5
1000
1739590
1002
}
1002
{
1070
     3
1000
1035229
1002
}
  0
LINE
  5
477
330
467
100
AcDbEntity
  8
P-SANR-FIXT
100
AcDbLine
 10
39655.44550649909
 20
30178.51244193116
 30
0.0
 11
39663.51202407515
 21
30197.50505004032
 31
0.0
1001
REVIT
1002
{
1070
     1
1000
1961636
1002
}
1002
{
1070
     5
1000
1739590
1002
}
1002
{
1070
     3
1000
1035229
1002
}
  0
LINE
  5
478
330
467
100
AcDbEntity
  8
P-SANR-FIXT
100
AcDbLine
 10
39663.51202407515
 20
30197.50505004032
 30
0.0
 11
39655.44550649909
 21
30178.51234222473
 31
0.0
1001
REVIT
1002
{
1070
     1
1000
1961636
1002
}
1002
{
1070
     5
1000
1739590
1002
}
1002
{
1070
     3
1000
1035229
1002
}
  0
LINE
  5
479
330
467
100
AcDbEntity
  8
P-SANR-FIXT
100
AcDbLine
 10
39637.66838540673
 20
30090.00000000001
 30
0.0
 11
39637.09034164148
 21
30084.46002792996
 31
0.0
1001
REVIT
1002
{
1070
     1
1000
1961636
1002
}
1002
{
1070
     5
1000
1739590
1002
}
1002
{
1070
     3
1000
1035229
1002
}
  0
LWPOLYLINE
  5
47A
330
467
100
AcDbEntity
  8
P-SANR-FIXT
100
AcDbPolyline
 90
        5
 70
   128
 43
0.0
 10
39661.81549730384
 20
30084.46002743202
 10
39662.20273644517
 20
30115.13614649727
 10
39665.37372422654
 20
30145.84693829791
 10
39670.18451464534
 20
30172.78801794508
 10
39675.35515538618
 20
30192.14405752495
1001
REVIT
1002
{
1070
     1
1000
1961636
1002
}
1002
{
1070
     5
1000
1739590
1002
}
1002
{
1070
     3
1000
1035229
1002
}
  0
LWPOLYLINE
  5
47B
330
467
100
AcDbEntity
  8
P-SANR-FIXT
100
AcDbPolyline
 90
        5
 70
   128
 43
0.0
 10
39675.35515538618
 20
30192.14405752495
 10
39670.18456702572
 20
30172.78800642773
 10
39665.37358351224
 20
30145.84695831691
 10
39662.20279805001
 20
30115.13614264517
 10
39661.81549037015
 20
30084.46002743198
1001
REVIT
1002
{
1070
     1
1000
1961636
1002
}
1002
{
1070
     5
1000
1739590
1002
}
1002
{
1070
     3
1000
1035229
1002
}
  0
LWPOLYLINE
  5
47C
330
467
100
AcDbEntity
  8
P-SANR-FIXT
100
AcDbPolyline
 90
        5
 70
   128
 43
0.0
 10
39661.90043047104
 20
30083.52772347591
 10
39662.12435998614
 20
30113.84399409941
 10
39665.25915306765
 20
30145.03620496534
 10
39670.11261080078
 20
30172.45998744586
 10
39675.35515538618
 20
30192.14405752495
1001
REVIT
1002
{
1070
     1
1000
1961636
1002
}
1002
{
1070
     5
1000
1739590
1002
}
1002
{
1070
     3
1000
1035229
1002
}
  0
LWPOLYLINE
  5
47D
330
467
100
AcDbEntity
  8
P-SANR-FIXT
100
AcDbPolyline
 90
        5
 70
   128
 43
0.0
 10
39675.35515538618
 20
30192.14405752495
 10
39670.11258793333
 20
30172.4599924484
 10
39665.25921064807
 20
30145.03619689697
 10
39662.12433534934
 20
30113.84399554902
 10
39661.90043123652
 20
30083.52772347591
1001
REVIT
1002
{
1070
     1
1000
1961636
1002
}
1002
{
1070
     5
1000
1739590
1002
}
1002
{
1070
     3
1000
1035229
1002
}
  0
LINE
  5
47E
330
467
100
AcDbEntity
  8
P-SANR-FIXT
100
AcDbLine
 10
39637.50767276748
 20
30087.76895461277
 30
0.0
 11
39637.73018826757
 21
30090.00000000001
 31
0.0
1001
REVIT
1002
{
1070
     1
1000
1961636
1002
}
1002
{
1070
     5
1000
1739590
1002
}
1002
{
1070
     3
1000
1035229
1002
}
  0
LINE
  5
47F
330
467
100
AcDbEntity
  8
P-SANR-FIXT
100
AcDbLine
 10
39655.4455064991
 20
30178.45936640111
 30
0.0
 11
39663.51202407515
 21
30197.50505004032
 31
0.0
1001
REVIT
1002
{
1070
     1
1000
1961636
1002
}
1002
{
1070
     5
1000
1739590
1002
}
1002
{
1070
     3
1000
1035229
1002
}
  0
LINE
  5
480
330
467
100
AcDbEntity
  8
P-SANR-FIXT
100
AcDbLine
 10
39636.97077867815
 20
30081.6816173597
 30
0.0
 11
39643.4455064991
 21
30081.6816173597
 31
0.0
1001
REVIT
1002
{
1070
     1
1000
1961636
1002
}
1002
{
1070
     5
1000
1739590
1002
}
1002
{
1070
     3
1000
1035229
1002
}
  0
LINE
  5
481
330
467
100
AcDbEntity
  8
P-SANR-FIXT
100
AcDbLine
 10
39655.44550649909
 20
30081.6816173597
 30
0.0
 11
39661.96173400726
 21
30081.6816173597
 31
0.0
1001
REVIT
1002
{
1070
     1
1000
1961636
1002
}
1002
{
1070
     5
1000
1739590
1002
}
1002
{
1070
     3
1000
1035229
1002
}
  0
LINE
  5
482
330
467
100
AcDbEntity
  8
P-SANR-FIXT
100
AcDbLine
 10
39636.97587844013
 20
30081.81657062206
 30
0.0
 11
39636.97077867812
 21
30081.68161735961
 31
0.0
1001
REVIT
1002
{
1070
     1
1000
1961636
1002
}
1002
{
1070
     5
1000
1739590
1002
}
1002
{
1070
     3
1000
1035229
1002
}
  0
LWPOLYLINE
  5
483
330
467
100
AcDbEntity
  8
P-SANR-FIXT
100
AcDbPolyline
 90
        6
 70
   128
 43
0.0
 10
39636.97077867814
 20
30081.68161735969
 10
39636.97540834435
 20
30081.80421126282
 10
39636.98944109526
 20
30082.16646395916
 10
39637.01317128481
 20
30082.75056419751
 10
39637.04684299037
 20
30083.52781110347
 10
39637.0903475633
 20
30084.46002792998
1001
REVIT
1002
{
1070
     1
1000
1961636
1002
}
1002
{
1070
     5
1000
1739590
1002
}
1002
{
1070
     3
1000
1035229
1002
}
  0
LWPOLYLINE
  5
484
330
467
100
AcDbEntity
  8
P-SANR-FIXT
100
AcDbPolyline
 90
        7
 70
   128
 43
0.0
 10
39663.51202407514
 20
30197.50505004031
 10
39663.54384031383
 20
30197.49064788492
 10
39663.63495181491
 20
30197.44940473203
 10
39663.77885275596
 20
30197.38426555155
 10
39663.96758546938
 20
30197.29883251551
 10
39664.18738490713
 20
30197.19933660436
 10
39664.42303417599
 20
30197.09266600067
1001
REVIT
1002
{
1070
     1
1000
1961636
1002
}
1002
{
1070
     5
1000
1739590
1002
}
1002
{
1070
     3
1000
1035229
1002
}
  0
SPLINE
  5
485
330
467
100
AcDbEntity
  8
P-SANR-FIXT
100
AcDbSpline
210
0.0
220
0.0
230
1.0
 70
     8
 71
     3
 72
    17
 73
    13
 74
     0
 42
0.000000001
 43
0.0000000001
 40
-1.0
 40
-1.0
 40
-1.0
 40
-1.0
 40
-0.8333333333333333
 40
-0.75
 40
-0.6666666666666666
 40
-0.5833333333333333
 40
-0.5
 40
-0.4166666666666666
 40
-0.3333333333333333
 40
-0.25
 40
-0.1666666666666667
 40
0.0
 40
0.0
 40
0.0
 40
0.0
 10
39637.09034164145
 20
30084.46002792995
 30
0.0
 10
39637.10080640958
 20
30084.57489868977
 30
0.0
 10
39637.11841848406
 20
30084.75031512431
 30
0.0
 10
39637.146056917
 20
30084.98930713721
 30
0.0
 10
39637.16821193049
 20
30085.1709147057
 30
0.0
 10
39637.19439971154
 20
30085.35427310124
 30
0.0
 10
39637.2240966171
 20
30085.53916544266
 30
0.0
 10
39637.25370696482
 20
30085.7257902827
 30
0.0
 10
39637.27963507236
 20
30085.91436138204
 30
0.0
 10
39637.30135729669
 20
30086.10468557957
 30
0.0
 10
39637.32818785652
 20
30086.35995588488
 30
0.0
 10
39637.34493435268
 20
30086.552814478
 30
0.0
 10
39637.35470665814
 20
30086.68161735969
 30
0.0
1001
REVIT
1002
{
1070
     1
1000
1961636
1002
}
1002
{
1070
     5
1000
1739590
1002
}
1002
{
1070
     3
1000
1035229
1002
}
  0
ARC
  5
486
330
467
100
AcDbEntity
  8
P-SANR-FIXT
100
AcDbCircle
 10
39907.27785692087
 20
30071.305503283
 30
0.0
 40
270.3607440658787
100
AcDbArc
 50
176.5084238737139
 51
176.7396817858975
1001
REVIT
1002
{
1070
     1
1000
1961636
1002
}
1002
{
1070
     5
1000
1739590
1002
}
1002
{
1070
     3
1000
1035229
1002
}
  0
LWPOLYLINE
  5
487
330
467
100
AcDbEntity
  8
P-SANR-FIXT
100
AcDbPolyline
 90
        5
 70
   128
 43
0.0
 10
39637.41896640263
 20
30087.77095621075
 10
39637.5778962857
 20
30087.77095621075
 10
39637.78296785504
 20
30087.77095621075
 10
39638.01914625694
 20
30087.77095621075
 10
39638.27258105207
 20
30087.77095621075
1001
REVIT
1002
{
1070
     1
1000
1961636
1002
}
1002
{
1070
     5
1000
1739590
1002
}
1002
{
1070
     3
1000
1035229
1002
}
  0
LINE
  5
488
330
467
100
AcDbEntity
  8
P-SANR-FIXT
100
AcDbLine
 10
39664.42303417599
 20
30197.09266600067
 30
0.0
 11
39674.44414528532
 21
30192.55644156458
 31
0.0
1001
REVIT
1002
{
1070
     1
1000
1961636
1002
}
1002
{
1070
     5
1000
1739590
1002
}
1002
{
1070
     3
1000
1035229
1002
}
  0
LINE
  5
489
330
467
100
AcDbEntity
  8
P-SANR-FIXT
100
AcDbLine
 10
39638.26902526418
 20
30087.77095621075
 30
0.0
 11
39643.44535287145
 21
30087.77081579968
 31
0.0
1001
REVIT
1002
{
1070
     1
1000
1961636
1002
}
1002
{
1070
     5
1000
1739590
1002
}
1002
{
1070
     3
1000
1035229
1002
}
  0
LINE
  5
48A
330
467
100
AcDbEntity
  8
P-SANR-FIXT
100
AcDbLine
 10
39655.4456605126
 20
30087.77109575632
 30
0.0
 11
39660.69230090237
 21
30087.77095621075
 31
0.0
1001
REVIT
1002
{
1070
     1
1000
1961636
1002
}
1002
{
1070
     5
1000
1739590
1002
}
1002
{
1070
     3
1000
1035229
1002
}
  0
LWPOLYLINE
  5
48B
330
467
100
AcDbEntity
  8
P-SANR-FIXT
100
AcDbPolyline
 90
        7
 70
   128
 43
0.0
 10
39674.44414528532
 20
30192.55644156458
 10
39674.67979455417
 20
30192.44977096088
 10
39674.89959399192
 20
30192.35027504974
 10
39675.08832670535
 20
30192.26484201369
 10
39675.2322276464
 20
30192.19970283322
 10
39675.32333914748
 20
30192.15845968033
 10
39675.35515538616
 20
30192.14405752494
1001
REVIT
1002
{
1070
     1
1000
1961636
1002
}
1002
{
1070
     5
1000
1739590
1002
}
1002
{
1070
     3
1000
1035229
1002
}
  0
SPLINE
  5
48C
330
467
100
AcDbEntity
  8
P-SANR-FIXT
100
AcDbSpline
210
0.0
220
0.0
230
1.0
 70
    24
 71
     3
 72
    11
 73
     7
 74
     0
 42
0.000000001
 43
0.0000000001
 40
-1.0
 40
-1.0
 40
-1.0
 40
-1.0
 40
-0.75
 40
-0.5
 40
-0.25
 40
0.0
 40
0.0
 40
0.0
 40
0.0
 10
39660.68854435899
 20
30087.77095621075
 30
0.0
 10
39660.77559129775
 20
30087.77095621075
 30
0.0
 10
39660.94342706465
 20
30087.77095621075
 30
0.0
 10
39661.18277707413
 20
30087.77095621075
 30
0.0
 10
39661.39061137005
 20
30087.77095621075
 30
0.0
 10
39661.4956391521
 20
30087.77095621075
 30
0.0
 10
39661.54081410094
 20
30087.77095621075
 30
0.0
1001
REVIT
1002
{
1070
     1
1000
1961636
1002
}
1002
{
1070
     5
1000
1739590
1002
}
1002
{
1070
     3
1000
1035229
1002
}
  0
ARC
  5
48D
330
467
100
AcDbEntity
  8
P-SANR-FIXT
100
AcDbCircle
 10
39891.82979446075
 20
30094.96245472974
 30
0.0
 40
230.4012415897727
100
AcDbArc
 50
181.7886598406677
 51
182.0597078167976
1001
REVIT
1002
{
1070
     1
1000
1961636
1002
}
1002
{
1070
     5
1000
1739590
1002
}
1002
{
1070
     3
1000
1035229
1002
}
  0
LWPOLYLINE
  5
48E
330
467
100
AcDbEntity
  8
P-SANR-FIXT
100
AcDbPolyline
 90
        4
 70
   128
 43
0.0
 10
39661.57741150118
 20
30086.68161735969
 10
39661.63952222748
 20
30085.91419430835
 10
39661.74093911766
 20
30085.17060959179
 10
39661.81549730382
 20
30084.46002743201
1001
REVIT
1002
{
1070
     1
1000
1961636
1002
}
1002
{
1070
     5
1000
1739590
1002
}
1002
{
1070
     3
1000
1035229
1002
}
  0
SPLINE
  5
48F
330
467
100
AcDbEntity
  8
P-SANR-FIXT
100
AcDbSpline
210
0.0
220
0.0
230
1.0
 70
     8
 71
     3
 72
    10
 73
     6
 74
     0
 42
0.000000001
 43
0.0000000001
 40
-1.0
 40
-1.0
 40
-1.0
 40
-1.0
 40
-0.7
 40
-0.4
 40
0.0
 40
0.0
 40
0.0
 40
0.0
 10
39661.81549037013
 20
30084.46002743197
 30
0.0
 10
39661.83905068823
 20
30083.96244696103
 30
0.0
 10
39661.88357562209
 20
30083.05073007064
 30
0.0
 10
39661.94420563357
 20
30081.9741766603
 30
0.0
 10
39661.9614792709
 20
30081.68161735969
 30
0.0
 10
39661.96173400724
 20
30081.68161735969
 30
0.0
1001
REVIT
1002
{
1070
     1
1000
1961636
1002
}
1002
{
1070
     5
1000
1739590
1002
}
1002
{
1070
     3
1000
1035229
1002
}
  0
LINE
  5
490
330
467
100
AcDbEntity
  8
P-SANR-FIXT
100
AcDbLine
 10
39661.96173400724
 20
30081.68161735968
 30
0.0
 11
39661.95374110838
 21
30081.81697328692
 31
0.0
1001
REVIT
1002
{
1070
     1
1000
1961636
1002
}
1002
{
1070
     5
1000
1739590
1002
}
1002
{
1070
     3
1000
1035229
1002
}
  0
LWPOLYLINE
  5
491
330
467
100
AcDbEntity
  8
P-SANR-FIXT
100
AcDbPolyline
 90
        6
 70
   128
 43
0.0
 10
39675.35515538616
 20
30192.14405752494
 10
39675.32333914748
 20
30192.15845968033
 10
39675.2322276464
 20
30192.19970283322
 10
39675.08832670535
 20
30192.26484201369
 10
39674.89959399192
 20
30192.35027504973
 10
39674.67979455417
 20
30192.44977096088
1001
REVIT
1002
{
1070
     1
1000
1961636
1002
}
1002
{
1070
     5
1000
1739590
1002
}
1002
{
1070
     3
1000
1035229
1002
}
  0
LWPOLYLINE
  5
492
330
467
100
AcDbEntity
  8
P-SANR-FIXT
100
AcDbPolyline
 90
        7
 70
   128
 43
0.0
 10
39664.42303417599
 20
30197.09266600067
 10
39664.18738490713
 20
30197.19933660436
 10
39663.96758546938
 20
30197.29883251551
 10
39663.77885275596
 20
30197.38426555155
 10
39663.63495181491
 20
30197.44940473203
 10
39663.54384031383
 20
30197.49064788492
 10
39663.51202407514
 20
30197.50505004031
1001
REVIT
1002
{
1070
     1
1000
1961636
1002
}
1002
{
1070
     5
1000
1739590
1002
}
1002
{
1070
     3
1000
1035229
1002
}
  0
LINE
  5
493
330
467
100
AcDbEntity
  8
P-SANR-FIXT
100
AcDbLine
 10
39640.45745647667
 20
30064.99999999991
 30
0.0
 11
39640.79645739991
 21
30058.53147704599
 31
0.0
1001
REVIT
1002
{
1070
     1
1000
1961636
1002
}
1002
{
1070
     5
1000
1739590
1002
}
1002
{
1070
     3
1000
1035229
1002
}
  0
LINE
  5
494
330
467
100
AcDbEntity
  8
P-SANR-FIXT
100
AcDbLine
 10
39658.12796325443
 20
30058.53147704599
 30
0.0
 11
39658.46696417767
 21
30064.99999999991
 31
0.0
1001
REVIT
1002
{
1070
     1
1000
1961636
1002
}
1002
{
1070
     5
1000
1739590
1002
}
1002
{
1070
     3
1000
1035229
1002
}
  0
LWPOLYLINE
  5
495
330
467
100
AcDbEntity
  8
P-SANR-FIXT
100
AcDbPolyline
 90
       40
 70
   128
 43
0.0
 10
39639.63497295945
 20
30080.69392041543
 10
39639.63418439252
 20
30080.73334350429
 10
39639.6318199533
 20
30080.77270352462
 10
39639.62788342436
 20
30080.81193750877
 10
39639.62238110332
 20
30080.85098269075
 10
39639.61532179273
 20
30080.8897766066
 10
39639.60671678596
 20
30080.92825719432
 10
39639.5965798492
 20
30080.96636289319
 10
39639.58492719938
 20
30081.00403274221
 10
39639.57177747826
 20
30081.04120647765
 10
39639.55715172259
 20
30081.07782462949
 10
39639.54107333044
 20
30081.11382861647
 10
39639.52356802383
 20
30081.14916083991
 10
39639.5046638075
 20
30081.18376477578
 10
39639.48439092419
 20
30081.21758506518
 10
39639.46278180614
 20
30081.25056760284
 10
39639.43987102337
 20
30081.28265962374
 10
39639.41569522823
 20
30081.31380978751
 10
39639.39029309685
 20
30081.34396826051
 10
39639.36370526722
 20
30081.37308679563
 10
39639.33597427416
 20
30081.40111880943
 10
39639.30714448139
 20
30081.42801945666
 10
39639.27726201039
 20
30081.45374570201
 10
39639.24637466676
 20
30081.478256389
 10
39639.21453186367
 20
30081.50151230574
 10
39639.1817845428
 20
30081.52347624774
 10
39639.14818509286
 20
30081.54411307737
 10
39639.11378726582
 20
30081.5633897801
 10
39639.07864609089
 20
30081.58127551734
 10
39639.0428177864
 20
30081.59774167569
 10
39639.00635967004
 20
30081.61276191284
 10
39638.96933006699
 20
30081.6263121996
 10
39638.93178821675
 20
30081.6383708584
 10
39638.89379417822
 20
30081.64891859797
 10
39638.85540873381
 20
30081.65793854416
 10
39638.816693292
 20
30081.665416267
 10
39638.77770978926
 20
30081.67133980372
 10
39638.73852059089
 20
30081.67569967792
 10
39638.69918839121
 20
30081.67848891474
 10
39638.68353819137
 20
30081.67915995937
1001
REVIT
1002
{
1070
     1
1000
1961636
1002
}
1002
{
1070
     5
1000
1739590
1002
}
1002
{
1070
     3
1000
1035229
1002
}
  0
LWPOLYLINE
  5
496
330
467
100
AcDbEntity
  8
P-SANR-FIXT
100
AcDbPolyline
 90
       40
 70
   128
 43
0.0
 10
39660.24088246298
 20
30081.67915995937
 10
39660.20151091019
 20
30081.67699602686
 10
39660.16225738466
 20
30081.67325938309
 10
39660.12318468368
 20
30081.66795600588
 10
39660.0843553152
 20
30081.66109437951
 10
39660.04583139795
 20
30081.65268548112
 10
39660.00767456195
 20
30081.64274276314
 10
39659.96994585004
 20
30081.63128213182
 10
39659.93270562009
 20
30081.61832192171
 10
39659.89601344853
 20
30081.60388286639
 10
39659.859928035
 20
30081.58798806525
 10
39659.82450710847
 20
30081.57066294661
 10
39659.78980733485
 20
30081.55193522694
 10
39659.7558842264
 20
30081.5318348666
 10
39659.72279205283
 20
30081.51039402189
 10
39659.6905837546
 20
30081.48764699358
 10
39659.65931085807
 20
30081.46363017207
 10
39659.62902339322
 20
30081.43838197914
 10
39659.59976981354
 20
30081.41194280651
 10
39659.57159691851
 20
30081.38435495124
 10
39659.54454977877
 20
30081.35566254799
 10
39659.51867166395
 20
30081.32591149849
 10
39659.49400397353
 20
30081.29514939808
 10
39659.47058617053
 20
30081.26342545955
 10
39659.44845571846
 20
30081.23079043443
 10
39659.42764802133
 20
30081.19729653182
 10
39659.40819636698
 20
30081.1629973348
 10
39659.39013187395
 20
30081.12794771477
 10
39659.37348344155
 20
30081.09220374365
 10
39659.35827770373
 20
30081.05582260417
 10
39659.3445389864
 20
30081.01886249839
 10
39659.33228926863
 20
30080.98138255459
 10
39659.32154814732
 20
30080.94344273269
 10
39659.31233280597
 20
30080.90510372831
 10
39659.30465798716
 20
30080.86642687569
 10
39659.29853596899
 20
30080.82747404952
 10
39659.29397654535
 20
30080.78830756603
 10
39659.29098701038
 20
30080.74899008323
 10
39659.28957214665
 20
30080.70958450072
 10
39659.2894476949
 20
30080.69392041543
1001
REVIT
1002
{
1070
     1
1000
1961636
1002
}
1002
{
1070
     5
1000
1739590
1002
}
1002
{
1070
     3
1000
1035229
1002
}
  0
LINE
  5
497
330
467
100
AcDbEntity
  8
P-SANR-FIXT
100
AcDbLine
 10
39642.72680939875
 20
30081.67915995936
 30
0.0
 11
39640.12760643848
 21
30081.67915995936
 31
0.0
1001
REVIT
1002
{
1070
     1
1000
1961636
1002
}
1002
{
1070
     5
1000
1739590
1002
}
1002
{
1070
     3
1000
1035229
1002
}
  0
LINE
  5
498
330
467
100
AcDbEntity
  8
P-SANR-FIXT
100
AcDbLine
 10
39642.72680939875
 20
30081.67915995936
 30
0.0
 11
39640.12760643848
 21
30081.67915995936
 31
0.0
1001
REVIT
1002
{
1070
     1
1000
1961636
1002
}
1002
{
1070
     5
1000
1739590
1002
}
1002
{
1070
     3
1000
1035229
1002
}
  0
LINE
  5
499
330
467
100
AcDbEntity
  8
P-SANR-FIXT
100
AcDbLine
 10
39658.79681421584
 20
30081.67915995936
 30
0.0
 11
39656.16602569232
 21
30081.67915995936
 31
0.0
1001
REVIT
1002
{
1070
     1
1000
1961636
1002
}
1002
{
1070
     5
1000
1739590
1002
}
1002
{
1070
     3
1000
1035229
1002
}
  0
LINE
  5
49A
330
467
100
AcDbEntity
  8
P-SANR-FIXT
100
AcDbLine
 10
39658.79681421584
 20
30081.67915995936
 30
0.0
 11
39656.16602569232
 21
30081.67915995936
 31
0.0
1001
REVIT
1002
{
1070
     1
1000
1961636
1002
}
1002
{
1070
     5
1000
1739590
1002
}
1002
{
1070
     3
1000
1035229
1002
}
  0
LINE
  5
49B
330
467
100
AcDbEntity
  8
P-SANR-FIXT
100
AcDbLine
 10
39640.79645739991
 20
30058.53147704598
 30
0.0
 11
39643.0118785443
 21
30058.53147704598
 31
0.0
1001
REVIT
1002
{
1070
     1
1000
1961636
1002
}
1002
{
1070
     5
1000
1739590
1002
}
1002
{
1070
     3
1000
1035229
1002
}
  0
LINE
  5
49C
330
467
100
AcDbEntity
  8
P-SANR-FIXT
100
AcDbLine
 10
39655.88549562899
 20
30058.53147704598
 30
0.0
 11
39658.12796325441
 21
30058.53147704598
 31
0.0
1001
REVIT
1002
{
1070
     1
1000
1961636
1002
}
1002
{
1070
     5
1000
1739590
1002
}
1002
{
1070
     3
1000
1035229
1002
}
  0
LINE
  5
49D
330
467
100
AcDbEntity
  8
P-SANR-FIXT
100
AcDbLine
 10
39639.63497295943
 20
30080.69392041542
 30
0.0
 11
39642.83343063825
 21
30080.69392041542
 31
0.0
1001
REVIT
1002
{
1070
     1
1000
1961636
1002
}
1002
{
1070
     5
1000
1739590
1002
}
1002
{
1070
     3
1000
1035229
1002
}
  0
LINE
  5
49E
330
467
100
AcDbEntity
  8
P-SANR-FIXT
100
AcDbLine
 10
39656.06111151464
 20
30080.69392041542
 30
0.0
 11
39659.28944769489
 21
30080.69392041542
 31
0.0
1001
REVIT
1002
{
1070
     1
1000
1961636
1002
}
1002
{
1070
     5
1000
1739590
1002
}
1002
{
1070
     3
1000
1035229
1002
}
  0
LINE
  5
49F
330
467
100
AcDbEntity
  8
P-SANR-FIXT
100
AcDbLine
 10
39637.46221032719
 20
30077.20072982173
 30
0.0
 11
39637.46221032719
 21
30067.79927017809
 31
0.0
1001
REVIT
1002
{
1070
     1
1000
1961636
1002
}
1002
{
1070
     5
1000
1739590
1002
}
1002
{
1070
     3
1000
1035229
1002
}
  0
LINE
  5
4A0
330
467
100
AcDbEntity
  8
P-SANR-FIXT
100
AcDbLine
 10
39661.46221032719
 20
30067.79927017809
 30
0.0
 11
39661.46221032719
 21
30077.20072982173
 31
0.0
1001
REVIT
1002
{
1070
     1
1000
1961636
1002
}
1002
{
1070
     5
1000
1739590
1002
}
1002
{
1070
     3
1000
1035229
1002
}
  0
LINE
  5
4A1
330
467
100
AcDbEntity
  8
P-SANR-FIXT
100
AcDbLine
 10
39638.26148050537
 20
30077.99999999991
 30
0.0
 11
39637.46221032719
 21
30077.20072982173
 31
0.0
1001
REVIT
1002
{
1070
     1
1000
1961636
1002
}
1002
{
1070
     5
1000
1739590
1002
}
1002
{
1070
     3
1000
1035229
1002
}
  0
LINE
  5
4A2
330
467
100
AcDbEntity
  8
P-SANR-FIXT
100
AcDbLine
 10
39661.46221032719
 20
30077.20072982173
 30
0.0
 11
39660.662940149
 21
30077.99999999991
 31
0.0
1001
REVIT
1002
{
1070
     1
1000
1961636
1002
}
1002
{
1070
     5
1000
1739590
1002
}
1002
{
1070
     3
1000
1035229
1002
}
  0
LINE
  5
4A3
330
467
100
AcDbEntity
  8
P-SANR-FIXT
100
AcDbLine
 10
39637.46221032719
 20
30067.79927017809
 30
0.0
 11
39638.26148050537
 21
30066.99999999991
 31
0.0
1001
REVIT
1002
{
1070
     1
1000
1961636
1002
}
1002
{
1070
     5
1000
1739590
1002
}
1002
{
1070
     3
1000
1035229
1002
}
  0
LINE
  5
4A4
330
467
100
AcDbEntity
  8
P-SANR-FIXT
100
AcDbLine
 10
39660.662940149
 20
30066.99999999991
 30
0.0
 11
39661.46221032719
 21
30067.79927017809
 31
0.0
1001
REVIT
1002
{
1070
     1
1000
1961636
1002
}
1002
{
1070
     5
1000
1739590
1002
}
1002
{
1070
     3
1000
1035229
1002
}
  0
LINE
  5
4A5
330
467
100
AcDbEntity
  8
P-SANR-FIXT
100
AcDbLine
 10
39638.26148050536
 20
30066.9999999999
 30
0.0
 11
39639.96221032717
 21
30066.9999999999
 31
0.0
1001
REVIT
1002
{
1070
     1
1000
1961636
1002
}
1002
{
1070
     5
1000
1739590
1002
}
1002
{
1070
     3
1000
1035229
1002
}
  0
LINE
  5
4A6
330
467
100
AcDbEntity
  8
P-SANR-FIXT
100
AcDbLine
 10
39658.96221032716
 20
30066.9999999999
 30
0.0
 11
39660.66294014899
 21
30066.9999999999
 31
0.0
1001
REVIT
1002
{
1070
     1
1000
1961636
1002
}
1002
{
1070
     5
1000
1739590
1002
}
1002
{
1070
     3
1000
1035229
1002
}
  0
LINE
  5
4A7
330
467
100
AcDbEntity
  8
P-SANR-FIXT
100
AcDbLine
 10
39658.96221032716
 20
30066.9999999999
 30
0.0
 11
39660.66294014899
 21
30066.9999999999
 31
0.0
1001
REVIT
1002
{
1070
     1
1000
1961636
1002
}
1002
{
1070
     5
1000
1739590
1002
}
1002
{
1070
     3
1000
1035229
1002
}
  0
LINE
  5
4A8
330
467
100
AcDbEntity
  8
P-SANR-FIXT
100
AcDbLine
 10
39658.96221032716
 20
30066.9999999999
 30
0.0
 11
39639.96221032717
 21
30066.9999999999
 31
0.0
1001
REVIT
1002
{
1070
     1
1000
1961636
1002
}
1002
{
1070
     5
1000
1739590
1002
}
1002
{
1070
     3
1000
1035229
1002
}
  0
LINE
  5
4A9
330
467
100
AcDbEntity
  8
P-SANR-FIXT
100
AcDbLine
 10
39638.26148050535
 20
30066.9999999999
 30
0.0
 11
39639.96221032717
 21
30066.9999999999
 31
0.0
1001
REVIT
1002
{
1070
     1
1000
1961636
1002
}
1002
{
1070
     5
1000
1739590
1002
}
1002
{
1070
     3
1000
1035229
1002
}
  0
LINE
  5
4AA
330
467
100
AcDbEntity
  8
P-SANR-FIXT
100
AcDbLine
 10
39660.66294014899
 20
30077.9999999999
 30
0.0
 11
39658.96221032716
 21
30077.9999999999
 31
0.0
1001
REVIT
1002
{
1070
     1
1000
1961636
1002
}
1002
{
1070
     5
1000
1739590
1002
}
1002
{
1070
     3
1000
1035229
1002
}
  0
LINE
  5
4AB
330
467
100
AcDbEntity
  8
P-SANR-FIXT
100
AcDbLine
 10
39639.96221032717
 20
30077.9999999999
 30
0.0
 11
39638.26148050536
 21
30077.9999999999
 31
0.0
1001
REVIT
1002
{
1070
     1
1000
1961636
1002
}
1002
{
1070
     5
1000
1739590
1002
}
1002
{
1070
     3
1000
1035229
1002
}
  0
LINE
  5
4AC
330
467
100
AcDbEntity
  8
P-SANR-FIXT
100
AcDbLine
 10
39639.96221032717
 20
30077.9999999999
 30
0.0
 11
39638.26148050536
 21
30077.9999999999
 31
0.0
1001
REVIT
1002
{
1070
     1
1000
1961636
1002
}
1002
{
1070
     5
1000
1739590
1002
}
1002
{
1070
     3
1000
1035229
1002
}
  0
LINE
  5
4AD
330
467
100
AcDbEntity
  8
P-SANR-FIXT
100
AcDbLine
 10
39639.96221032717
 20
30077.9999999999
 30
0.0
 11
39658.96221032716
 21
30077.9999999999
 31
0.0
1001
REVIT
1002
{
1070
     1
1000
1961636
1002
}
1002
{
1070
     5
1000
1739590
1002
}
1002
{
1070
     3
1000
1035229
1002
}
  0
LINE
  5
4AE
330
467
100
AcDbEntity
  8
P-SANR-FIXT
100
AcDbLine
 10
39660.66294014898
 20
30077.9999999999
 30
0.0
 11
39658.96221032716
 21
30077.9999999999
 31
0.0
1001
REVIT
1002
{
1070
     1
1000
1961636
1002
}
1002
{
1070
     5
1000
1739590
1002
}
1002
{
1070
     3
1000
1035229
1002
}
  0
LINE
  5
4AF
330
467
100
AcDbEntity
  8
P-SANR-FIXT
100
AcDbLine
 10
39639.96221032717
 20
30067.79927017808
 30
0.0
 11
39637.46221032717
 21
30067.79927017808
 31
0.0
1001
REVIT
1002
{
1070
     1
1000
1961636
1002
}
1002
{
1070
     5
1000
1739590
1002
}
1002
{
1070
     3
1000
1035229
1002
}
  0
LINE
  5
4B0
330
467
100
AcDbEntity
  8
P-SANR-FIXT
100
AcDbLine
 10
39637.46221032717
 20
30077.20072982172
 30
0.0
 11
39639.96221032717
 21
30077.20072982172
 31
0.0
1001
REVIT
1002
{
1070
     1
1000
1961636
1002
}
1002
{
1070
     5
1000
1739590
1002
}
1002
{
1070
     3
1000
1035229
1002
}
  0
LINE
  5
4B1
330
467
100
AcDbEntity
  8
P-SANR-FIXT
100
AcDbLine
 10
39639.96221032717
 20
30067.79927017808
 30
0.0
 11
39658.96221032718
 21
30067.79927017808
 31
0.0
1001
REVIT
1002
{
1070
     1
1000
1961636
1002
}
1002
{
1070
     5
1000
1739590
1002
}
1002
{
1070
     3
1000
1035229
1002
}
  0
LINE
  5
4B2
330
467
100
AcDbEntity
  8
P-SANR-FIXT
100
AcDbLine
 10
39658.96221032718
 20
30077.20072982172
 30
0.0
 11
39639.96221032717
 21
30077.20072982172
 31
0.0
1001
REVIT
1002
{
1070
     1
1000
1961636
1002
}
1002
{
1070
     5
1000
1739590
1002
}
1002
{
1070
     3
1000
1035229
1002
}
  0
LINE
  5
4B3
330
467
100
AcDbEntity
  8
P-SANR-FIXT
100
AcDbLine
 10
39661.46221032717
 20
30067.79927017808
 30
0.0
 11
39658.96221032718
 21
30067.79927017808
 31
0.0
1001
REVIT
1002
{
1070
     1
1000
1961636
1002
}
1002
{
1070
     5
1000
1739590
1002
}
1002
{
1070
     3
1000
1035229
1002
}
  0
LINE
  5
4B4
330
467
100
AcDbEntity
  8
P-SANR-FIXT
100
AcDbLine
 10
39658.96221032718
 20
30077.20072982172
 30
0.0
 11
39661.46221032717
 21
30077.20072982172
 31
0.0
1001
REVIT
1002
{
1070
     1
1000
1961636
1002
}
1002
{
1070
     5
1000
1739590
1002
}
1002
{
1070
     3
1000
1035229
1002
}
  0
LINE
  5
4B5
330
467
100
AcDbEntity
  8
P-SANR-FIXT
100
AcDbLine
 10
39638.26148050536
 20
30066.9999999999
 30
0.0
 11
39637.46221032717
 21
30067.79927017808
 31
0.0
1001
REVIT
1002
{
1070
     1
1000
1961636
1002
}
1002
{
1070
     5
1000
1739590
1002
}
1002
{
1070
     3
1000
1035229
1002
}
  0
LINE
  5
4B6
330
467
100
AcDbEntity
  8
P-SANR-FIXT
100
AcDbLine
 10
39637.46221032717
 20
30077.20072982172
 30
0.0
 11
39638.26148050536
 21
30077.9999999999
 31
0.0
1001
REVIT
1002
{
1070
     1
1000
1961636
1002
}
1002
{
1070
     5
1000
1739590
1002
}
1002
{
1070
     3
1000
1035229
1002
}
  0
LINE
  5
4B7
330
467
100
AcDbEntity
  8
P-SANR-FIXT
100
AcDbLine
 10
39660.66294014899
 20
30077.9999999999
 30
0.0
 11
39661.46221032717
 21
30077.20072982172
 31
0.0
1001
REVIT
1002
{
1070
     1
1000
1961636
1002
}
1002
{
1070
     5
1000
1739590
1002
}
1002
{
1070
     3
1000
1035229
1002
}
  0
LINE
  5
4B8
330
467
100
AcDbEntity
  8
P-SANR-FIXT
100
AcDbLine
 10
39661.46221032717
 20
30067.79927017808
 30
0.0
 11
39661.46221032717
 21
30077.20072982172
 31
0.0
1001
REVIT
1002
{
1070
     1
1000
1961636
1002
}
1002
{
1070
     5
1000
1739590
1002
}
1002
{
1070
     3
1000
1035229
1002
}
  0
LINE
  5
4B9
330
467
100
AcDbEntity
  8
P-SANR-FIXT
100
AcDbLine
 10
39661.46221032717
 20
30067.79927017808
 30
0.0
 11
39660.66294014899
 21
30066.9999999999
 31
0.0
1001
REVIT
1002
{
1070
     1
1000
1961636
1002
}
1002
{
1070
     5
1000
1739590
1002
}
1002
{
1070
     3
1000
1035229
1002
}
  0
LINE
  5
4BA
330
467
100
AcDbEntity
  8
P-SANR-FIXT
100
AcDbLine
 10
39637.46221032717
 20
30067.79927017808
 30
0.0
 11
39637.46221032717
 21
30077.20072982172
 31
0.0
1001
REVIT
1002
{
1070
     1
1000
1961636
1002
}
1002
{
1070
     5
1000
1739590
1002
}
1002
{
1070
     3
1000
1035229
1002
}
  0
LINE
  5
4BB
330
467
100
AcDbEntity
  8
P-SANR-FIXT
100
AcDbLine
 10
39631.96221032719
 20
30079.19999999991
 30
0.0
 11
39631.96221032719
 21
30065.79999999991
 31
0.0
1001
REVIT
1002
{
1070
     1
1000
1961636
1002
}
1002
{
1070
     5
1000
1739590
1002
}
1002
{
1070
     3
1000
1035229
1002
}
  0
LINE
  5
4BC
330
467
100
AcDbEntity
  8
P-SANR-FIXT
100
AcDbLine
 10
39666.96221032719
 20
30065.79999999991
 30
0.0
 11
39666.96221032719
 21
30079.19999999991
 31
0.0
1001
REVIT
1002
{
1070
     1
1000
1961636
1002
}
1002
{
1070
     5
1000
1739590
1002
}
1002
{
1070
     3
1000
1035229
1002
}
  0
LINE
  5
4BD
330
467
100
AcDbEntity
  8
P-SANR-FIXT
100
AcDbLine
 10
39665.46221032716
 20
30064.9999999999
 30
0.0
 11
39666.16221032717
 21
30064.9999999999
 31
0.0
1001
REVIT
1002
{
1070
     1
1000
1961636
1002
}
1002
{
1070
     5
1000
1739590
1002
}
1002
{
1070
     3
1000
1035229
1002
}
  0
LINE
  5
4BE
330
467
100
AcDbEntity
  8
P-SANR-FIXT
100
AcDbLine
 10
39665.46221032716
 20
30064.9999999999
 30
0.0
 11
39633.46221032716
 21
30064.9999999999
 31
0.0
1001
REVIT
1002
{
1070
     1
1000
1961636
1002
}
1002
{
1070
     5
1000
1739590
1002
}
1002
{
1070
     3
1000
1035229
1002
}
  0
LINE
  5
4BF
330
467
100
AcDbEntity
  8
P-SANR-FIXT
100
AcDbLine
 10
39632.76221032717
 20
30064.9999999999
 30
0.0
 11
39633.46221032716
 21
30064.9999999999
 31
0.0
1001
REVIT
1002
{
1070
     1
1000
1961636
1002
}
1002
{
1070
     5
1000
1739590
1002
}
1002
{
1070
     3
1000
1035229
1002
}
  0
LINE
  5
4C0
330
467
100
AcDbEntity
  8
P-SANR-FIXT
100
AcDbLine
 10
39633.46221032718
 20
30079.9999999999
 30
0.0
 11
39632.76221032717
 21
30079.9999999999
 31
0.0
1001
REVIT
1002
{
1070
     1
1000
1961636
1002
}
1002
{
1070
     5
1000
1739590
1002
}
1002
{
1070
     3
1000
1035229
1002
}
  0
LINE
  5
4C1
330
467
100
AcDbEntity
  8
P-SANR-FIXT
100
AcDbLine
 10
39633.46221032718
 20
30079.9999999999
 30
0.0
 11
39665.46221032716
 21
30079.9999999999
 31
0.0
1001
REVIT
1002
{
1070
     1
1000
1961636
1002
}
1002
{
1070
     5
1000
1739590
1002
}
1002
{
1070
     3
1000
1035229
1002
}
  0
LINE
  5
4C2
330
467
100
AcDbEntity
  8
P-SANR-FIXT
100
AcDbLine
 10
39666.16221032717
 20
30079.9999999999
 30
0.0
 11
39665.46221032716
 21
30079.9999999999
 31
0.0
1001
REVIT
1002
{
1070
     1
1000
1961636
1002
}
1002
{
1070
     5
1000
1739590
1002
}
1002
{
1070
     3
1000
1035229
1002
}
  0
LINE
  5
4C3
330
467
100
AcDbEntity
  8
P-SANR-FIXT
100
AcDbLine
 10
39633.46221032717
 20
30065.7999999999
 30
0.0
 11
39631.96221032717
 21
30065.7999999999
 31
0.0
1001
REVIT
1002
{
1070
     1
1000
1961636
1002
}
1002
{
1070
     5
1000
1739590
1002
}
1002
{
1070
     3
1000
1035229
1002
}
  0
LINE
  5
4C4
330
467
100
AcDbEntity
  8
P-SANR-FIXT
100
AcDbLine
 10
39631.96221032717
 20
30079.19999999991
 30
0.0
 11
39633.46221032717
 21
30079.19999999991
 31
0.0
1001
REVIT
1002
{
1070
     1
1000
1961636
1002
}
1002
{
1070
     5
1000
1739590
1002
}
1002
{
1070
     3
1000
1035229
1002
}
  0
LINE
  5
4C5
330
467
100
AcDbEntity
  8
P-SANR-FIXT
100
AcDbLine
 10
39633.46221032717
 20
30065.7999999999
 30
0.0
 11
39665.46221032716
 21
30065.7999999999
 31
0.0
1001
REVIT
1002
{
1070
     1
1000
1961636
1002
}
1002
{
1070
     5
1000
1739590
1002
}
1002
{
1070
     3
1000
1035229
1002
}
  0
LINE
  5
4C6
330
467
100
AcDbEntity
  8
P-SANR-FIXT
100
AcDbLine
 10
39665.46221032716
 20
30079.1999999999
 30
0.0
 11
39633.46221032717
 21
30079.1999999999
 31
0.0
1001
REVIT
1002
{
1070
     1
1000
1961636
1002
}
1002
{
1070
     5
1000
1739590
1002
}
1002
{
1070
     3
1000
1035229
1002
}
  0
LINE
  5
4C7
330
467
100
AcDbEntity
  8
P-SANR-FIXT
100
AcDbLine
 10
39666.96221032716
 20
30065.7999999999
 30
0.0
 11
39665.46221032716
 21
30065.7999999999
 31
0.0
1001
REVIT
1002
{
1070
     1
1000
1961636
1002
}
1002
{
1070
     5
1000
1739590
1002
}
1002
{
1070
     3
1000
1035229
1002
}
  0
LINE
  5
4C8
330
467
100
AcDbEntity
  8
P-SANR-FIXT
100
AcDbLine
 10
39665.46221032716
 20
30079.19999999991
 30
0.0
 11
39666.96221032716
 21
30079.19999999991
 31
0.0
1001
REVIT
1002
{
1070
     1
1000
1961636
1002
}
1002
{
1070
     5
1000
1739590
1002
}
1002
{
1070
     3
1000
1035229
1002
}
  0
LINE
  5
4C9
330
467
100
AcDbEntity
  8
P-SANR-FIXT
100
AcDbLine
 10
39666.96221032716
 20
30065.7999999999
 30
0.0
 11
39666.96221032716
 21
30079.1999999999
 31
0.0
1001
REVIT
1002
{
1070
     1
1000
1961636
1002
}
1002
{
1070
     5
1000
1739590
1002
}
1002
{
1070
     3
1000
1035229
1002
}
  0
LINE
  5
4CA
330
467
100
AcDbEntity
  8
P-SANR-FIXT
100
AcDbLine
 10
39666.96221032716
 20
30079.1999999999
 30
0.0
 11
39666.96221032716
 21
30065.7999999999
 31
0.0
1001
REVIT
1002
{
1070
     1
1000
1961636
1002
}
1002
{
1070
     5
1000
1739590
1002
}
1002
{
1070
     3
1000
1035229
1002
}
  0
LINE
  5
4CB
330
467
100
AcDbEntity
  8
P-SANR-FIXT
100
AcDbLine
 10
39631.96221032716
 20
30079.19999999991
 30
0.0
 11
39631.96221032716
 21
30065.7999999999
 31
0.0
1001
REVIT
1002
{
1070
     1
1000
1961636
1002
}
1002
{
1070
     5
1000
1739590
1002
}
1002
{
1070
     3
1000
1035229
1002
}
  0
LINE
  5
4CC
330
467
100
AcDbEntity
  8
P-SANR-FIXT
100
AcDbLine
 10
39631.96221032716
 20
30065.7999999999
 30
0.0
 11
39631.96221032716
 21
30079.1999999999
 31
0.0
1001
REVIT
1002
{
1070
     1
1000
1961636
1002
}
1002
{
1070
     5
1000
1739590
1002
}
1002
{
1070
     3
1000
1035229
1002
}
  0
LINE
  5
4CD
330
467
100
AcDbEntity
  8
P-SANR-FIXT
100
AcDbLine
 10
39666.96221032716
 20
30079.1999999999
 30
0.0
 11
39666.16221032715
 21
30079.9999999999
 31
0.0
1001
REVIT
1002
{
1070
     1
1000
1961636
1002
}
1002
{
1070
     5
1000
1739590
1002
}
1002
{
1070
     3
1000
1035229
1002
}
  0
LINE
  5
4CE
330
467
100
AcDbEntity
  8
P-SANR-FIXT
100
AcDbLine
 10
39632.76221032717
 20
30079.9999999999
 30
0.0
 11
39631.96221032716
 21
30079.1999999999
 31
0.0
1001
REVIT
1002
{
1070
     1
1000
1961636
1002
}
1002
{
1070
     5
1000
1739590
1002
}
1002
{
1070
     3
1000
1035229
1002
}
  0
LINE
  5
4CF
330
467
100
AcDbEntity
  8
P-SANR-FIXT
100
AcDbLine
 10
39631.96221032716
 20
30065.7999999999
 30
0.0
 11
39632.76221032717
 21
30064.9999999999
 31
0.0
1001
REVIT
1002
{
1070
     1
1000
1961636
1002
}
1002
{
1070
     5
1000
1739590
1002
}
1002
{
1070
     3
1000
1035229
1002
}
  0
LINE
  5
4D0
330
467
100
AcDbEntity
  8
P-SANR-FIXT
100
AcDbLine
 10
39666.16221032715
 20
30064.9999999999
 30
0.0
 11
39666.96221032716
 21
30065.7999999999
 31
0.0
1001
REVIT
1002
{
1070
     1
1000
1961636
1002
}
1002
{
1070
     5
1000
1739590
1002
}
1002
{
1070
     3
1000
1035229
1002
}
  0
LINE
  5
4D1
330
467
100
AcDbEntity
  8
P-SANR-FIXT
100
AcDbLine
 10
39632.76221032717
 20
30064.9999999999
 30
0.0
 11
39631.96221032716
 21
30065.7999999999
 31
0.0
1001
REVIT
1002
{
1070
     1
1000
1961636
1002
}
1002
{
1070
     5
1000
1739590
1002
}
1002
{
1070
     3
1000
1035229
1002
}
  0
LINE
  5
4D2
330
467
100
AcDbEntity
  8
P-SANR-FIXT
100
AcDbLine
 10
39631.96221032716
 20
30079.19999999991
 30
0.0
 11
39632.76221032717
 21
30079.9999999999
 31
0.0
1001
REVIT
1002
{
1070
     1
1000
1961636
1002
}
1002
{
1070
     5
1000
1739590
1002
}
1002
{
1070
     3
1000
1035229
1002
}
  0
LINE
  5
4D3
330
467
100
AcDbEntity
  8
P-SANR-FIXT
100
AcDbLine
 10
39666.16221032715
 20
30079.9999999999
 30
0.0
 11
39666.96221032716
 21
30079.1999999999
 31
0.0
1001
REVIT
1002
{
1070
     1
1000
1961636
1002
}
1002
{
1070
     5
1000
1739590
1002
}
1002
{
1070
     3
1000
1035229
1002
}
  0
LINE
  5
4D4
330
467
100
AcDbEntity
  8
P-SANR-FIXT
100
AcDbLine
 10
39666.96221032716
 20
30065.7999999999
 30
0.0
 11
39666.16221032715
 21
30064.9999999999
 31
0.0
1001
REVIT
1002
{
1070
     1
1000
1961636
1002
}
1002
{
1070
     5
1000
1739590
1002
}
1002
{
1070
     3
1000
1035229
1002
}
  0
LWPOLYLINE
  5
4D5
330
467
100
AcDbEntity
  8
P-SANR-FIXT
100
AcDbPolyline
 90
       41
 70
   128
 43
0.0
 10
40089.94550649912
 20
30636.00000000007
 10
40089.84591977841
 20
30636.00000000007
 10
40089.5473189338
 20
30636.00000000007
 10
40089.05018166292
 20
30636.00000000007
 10
40088.35530327939
 20
30636.00000000007
 10
40087.46379544035
 20
30636.00000000007
 10
40086.3770843682
 20
30636.00000000007
 10
40085.09690856881
 20
30636.00000000007
 10
40083.62531605038
 20
30636.00000000007
 10
40081.96466104703
 20
30636.00000000007
 10
40080.11760025248
 20
30636.00000000007
 10
40078.08708857
 20
30636.00000000007
 10
40075.87637438513
 20
30636.00000000007
 10
40073.48899436898
 20
30636.00000000007
 10
40070.9287678203
 20
30636.00000000007
 10
40068.19979055538
 20
30636.00000000007
 10
40065.30642835571
 20
30636.00000000007
 10
40062.25330998361
 20
30636.00000000007
 10
40059.04531977716
 20
30636.00000000007
 10
40055.68758983637
 20
30636.00000000007
 10
40052.18549181285
 20
30636.00000000007
 10
40048.54462831636
 20
30636.00000000007
 10
40044.77082395184
 20
30636.00000000007
 10
40040.87011600122
 20
30636.00000000007
 10
40036.84874476513
 20
30636.00000000007
 10
40032.71314357971
 20
30636.00000000007
 10
40028.4699285246
 20
30636.00000000007
 10
40024.12588783874
 20
30636.00000000007
 10
40019.68797106057
 20
30636.00000000007
 10
40015.1632779102
 20
30636.00000000007
 10
40010.55904693147
 20
30636.00000000007
 10
40005.88264391175
 20
30636.00000000007
 10
40001.14155009829
 20
30636.00000000007
 10
39996.34335022984
 20
30636.00000000007
 10
39991.4957204026
 20
30636.00000000007
 10
39986.6064157902
 20
30636.00000000007
 10
39981.68325823702
 20
30636.00000000007
 10
39976.73412374492
 20
30636.00000000007
 10
39971.76692987334
 20
30636.00000000007
 10
39966.78962307287
 20
30636.00000000007
 10
39965.44550649912
 20
30636.00000000007
1001
REVIT
1002
{
1070
     1
1000
1961636
1002
}
1002
{
1070
     5
1000
1739590
1002
}
1002
{
1070
     3
1000
1035229
1002
}
  0
LWPOLYLINE
  5
4D6
330
467
100
AcDbEntity
  8
P-SANR-FIXT
100
AcDbPolyline
 90
       41
 70
   128
 43
0.0
 10
39965.4455064991
 20
30636.00000000007
 10
39970.42417860534
 20
30636.00000000007
 10
39975.39488589828
 20
30636.00000000007
 10
39980.34967630658
 20
30636.00000000007
 10
39985.28062322259
 20
30636.00000000007
 10
39990.1798381831
 20
30636.00000000007
 10
39995.03948348928
 20
30636.00000000007
 10
39999.85178474534
 20
30636.00000000007
 10
40004.60904329582
 20
30636.00000000007
 10
40009.30364854185
 20
30636.00000000007
 10
40013.92809011654
 20
30636.00000000007
 10
40018.47496989982
 20
30636.00000000007
 10
40022.93701385403
 20
30636.00000000007
 10
40027.30708366065
 20
30636.00000000007
 10
40031.57818814025
 20
30636.00000000007
 10
40035.74349443679
 20
30636.00000000007
 10
40039.79633894873
 20
30636.00000000007
 10
40043.73023798941
 20
30636.00000000007
 10
40047.53889815955
 20
30636.00000000007
 10
40051.21622641537
 20
30636.00000000007
 10
40054.7563398161
 20
30636.00000000007
 10
40058.15357493549
 20
30636.00000000007
 10
40061.40249692203
 20
30636.00000000007
 10
40064.49790819364
 20
30636.00000000007
 10
40067.43485675259
 20
30636.00000000007
 10
40070.20864410769
 20
30636.00000000007
 10
40072.81483279091
 20
30636.00000000007
 10
40075.24925345629
 20
30636.00000000007
 10
40077.50801155008
 20
30636.00000000007
 10
40079.5874935412
 20
30636.00000000007
 10
40081.48437270203
 20
30636.00000000007
 10
40083.19561443058
 20
30636.00000000007
 10
40084.71848110512
 20
30636.00000000007
 10
40086.05053646383
 20
30636.00000000007
 10
40087.18964950231
 20
30636.00000000007
 10
40088.13399788268
 20
30636.00000000007
 10
40088.88207084899
 20
30636.00000000007
 10
40089.43267164406
 20
30636.00000000007
 10
40089.78491942408
 20
30636.00000000007
 10
40089.93825066775
 20
30636.00000000007
 10
40089.94550649912
 20
30636.00000000007
1001
REVIT
1002
{
1070
     1
1000
1961636
1002
}
1002
{
1070
     5
1000
1739590
1002
}
1002
{
1070
     3
1000
1035229
1002
}
  0
LWPOLYLINE
  5
4D7
330
467
100
AcDbEntity
  8
P-SANR-FIXT
100
AcDbPolyline
 90
       41
 70
   128
 43
0.0
 10
40089.94550649912
 20
30636.00000000007
 10
40089.96550116622
 20
30635.9996000534
 10
40089.98546384611
 20
30635.99840085323
 10
40090.00536260277
 20
30635.996404318
 10
40090.02516560243
 20
30635.99361364176
 10
40090.04484116452
 20
30635.99003328899
 10
40090.06435781234
 20
30635.9856689875
 10
40090.0836843234
 20
30635.98052771923
 10
40090.10278977942
 20
30635.97461770912
 10
40090.12164361576
 20
30635.96794841191
 10
40090.14021567028
 20
30635.96053049707
 10
40090.15847623165
 20
30635.95237583169
 10
40090.17639608689
 20
30635.94349746146
 10
40090.19394656804
 20
30635.93390958991
 10
40090.21109959809
 20
30635.92362755558
 10
40090.22782773582
 20
30635.91266780753
 10
40090.2441042198
 20
30635.90104787901
 10
40090.25990301113
 20
30635.88878635945
 10
40090.27519883511
 20
30635.87590286464
 10
40090.28996722168
 20
30635.86241800544
 10
40090.30418454457
 20
30635.84835335475
 10
40090.3178280591
 20
30635.83373141299
 10
40090.33087593857
 20
30635.81857557217
 10
40090.34330730914
 20
30635.8029100784
 10
40090.35510228327
 20
30635.78675999311
 10
40090.36624199152
 20
30635.77015115301
 10
40090.37670861274
 20
30635.75311012869
 10
40090.38648540256
 20
30635.73566418216
 10
40090.3955567202
 20
30635.71784122321
 10
40090.40390805351
 20
30635.69966976478
 10
40090.4115260421
 20
30635.68117887731
 10
40090.41839849884
 20
30635.66239814229
 10
40090.42451442926
 20
30635.64335760489
 10
40090.42986404918
 20
30635.6240877259
 10
40090.43443880033
 20
30635.60461933302
 10
40090.43823136411
 20
30635.58498357152
 10
40090.44123567322
 20
30635.56521185444
 10
40090.44344692139
 20
30635.5453358123
 10
40090.44486157111
 20
30635.52538724254
 10
40090.44547735923
 20
30635.5053980586
 10
40090.44550649912
 20
30635.50000000007
1001
REVIT
1002
{
1070
     1
1000
1961636
1002
}
1002
{
1070
     5
1000
1739590
1002
}
1002
{
1070
     3
1000
1035229
1002
}
  0
LWPOLYLINE
  5
4D8
330
467
100
AcDbEntity
  8
P-SANR-FIXT
100
AcDbPolyline
 90
       41
 70
   128
 43
0.0
 10
39840.94550649911
 20
30636.00000000007
 10
39841.04509321982
 20
30636.00000000007
 10
39841.34369406443
 20
30636.00000000007
 10
39841.8408313353
 20
30636.00000000007
 10
39842.53570971884
 20
30636.00000000007
 10
39843.42721755787
 20
30636.00000000007
 10
39844.51392863003
 20
30636.00000000007
 10
39845.79410442942
 20
30636.00000000007
 10
39847.26569694784
 20
30636.00000000007
 10
39848.9263519512
 20
30636.00000000007
 10
39850.77341274575
 20
30636.00000000007
 10
39852.80392442822
 20
30636.00000000007
 10
39855.01463861308
 20
30636.00000000007
 10
39857.40201862924
 20
30636.00000000007
 10
39859.96224517793
 20
30636.00000000007
 10
39862.69122244285
 20
30636.00000000007
 10
39865.58458464251
 20
30636.00000000007
 10
39868.63770301462
 20
30636.00000000007
 10
39871.84569322106
 20
30636.00000000007
 10
39875.20342316186
 20
30636.00000000007
 10
39878.70552118538
 20
30636.00000000007
 10
39882.34638468187
 20
30636.00000000007
 10
39886.12018904638
 20
30636.00000000007
 10
39890.02089699699
 20
30636.00000000007
 10
39894.04226823309
 20
30636.00000000007
 10
39898.17786941853
 20
30636.00000000007
 10
39902.42108447363
 20
30636.00000000007
 10
39906.76512515948
 20
30636.00000000007
 10
39911.20304193766
 20
30636.00000000007
 10
39915.72773508802
 20
30636.00000000007
 10
39920.33196606676
 20
30636.00000000007
 10
39925.00836908648
 20
30636.00000000007
 10
39929.74946289992
 20
30636.00000000007
 10
39934.54766276839
 20
30636.00000000007
 10
39939.39529259563
 20
30636.00000000007
 10
39944.28459720803
 20
30636.00000000007
 10
39949.20775476121
 20
30636.00000000007
 10
39954.1568892533
 20
30636.00000000007
 10
39959.12408312487
 20
30636.00000000007
 10
39964.10138992535
 20
30636.00000000007
 10
39965.4455064991
 20
30636.00000000007
1001
REVIT
1002
{
1070
     1
1000
1961636
1002
}
1002
{
1070
     5
1000
1739590
1002
}
1002
{
1070
     3
1000
1035229
1002
}
  0
LWPOLYLINE
  5
4D9
330
467
100
AcDbEntity
  8
P-SANR-FIXT
100
AcDbPolyline
 90
       41
 70
   128
 43
0.0
 10
39965.44550649912
 20
30636.00000000007
 10
39960.46683439289
 20
30636.00000000007
 10
39955.49612709996
 20
30636.00000000007
 10
39950.54133669165
 20
30636.00000000007
 10
39945.61038977565
 20
30636.00000000007
 10
39940.71117481513
 20
30636.00000000007
 10
39935.85152950894
 20
30636.00000000007
 10
39931.03922825289
 20
30636.00000000007
 10
39926.2819697024
 20
30636.00000000007
 10
39921.58736445637
 20
30636.00000000007
 10
39916.96292288169
 20
30636.00000000007
 10
39912.41604309839
 20
30636.00000000007
 10
39907.9539991442
 20
30636.00000000007
 10
39903.58392933758
 20
30636.00000000007
 10
39899.31282485796
 20
30636.00000000007
 10
39895.14751856144
 20
30636.00000000007
 10
39891.0946740495
 20
30636.00000000007
 10
39887.16077500882
 20
30636.00000000007
 10
39883.35211483867
 20
30636.00000000007
 10
39879.67478658286
 20
30636.00000000007
 10
39876.13467318212
 20
30636.00000000007
 10
39872.73743806275
 20
30636.00000000007
 10
39869.48851607619
 20
30636.00000000007
 10
39866.39310480459
 20
30636.00000000007
 10
39863.45615624564
 20
30636.00000000007
 10
39860.68236889052
 20
30636.00000000007
 10
39858.07618020732
 20
30636.00000000007
 10
39855.64175954194
 20
30636.00000000007
 10
39853.38300144814
 20
30636.00000000007
 10
39851.30351945704
 20
30636.00000000007
 10
39849.40664029619
 20
30636.00000000007
 10
39847.69539856765
 20
30636.00000000007
 10
39846.17253189311
 20
30636.00000000007
 10
39844.84047653439
 20
30636.00000000007
 10
39843.70136349592
 20
30636.00000000007
 10
39842.75701511555
 20
30636.00000000007
 10
39842.00894214925
 20
30636.00000000007
 10
39841.45834135418
 20
30636.00000000007
 10
39841.10609357415
 20
30636.00000000007
 10
39840.95276233048
 20
30636.00000000007
 10
39840.94550649911
 20
30636.00000000007
1001
REVIT
1002
{
1070
     1
1000
1961636
1002
}
1002
{
1070
     5
1000
1739590
1002
}
1002
{
1070
     3
1000
1035229
1002
}
  0
LWPOLYLINE
  5
4DA
330
467
100
AcDbEntity
  8
P-SANR-FIXT
100
AcDbPolyline
 90
       41
 70
   128
 43
0.0
 10
39840.44550649912
 20
30635.50000000007
 10
39840.44590644579
 20
30635.51999466717
 10
39840.44710564595
 20
30635.53995734706
 10
39840.44910218119
 20
30635.55985610372
 10
39840.45189285743
 20
30635.57965910338
 10
39840.45547321019
 20
30635.59933466547
 10
39840.45983751169
 20
30635.61885131329
 10
39840.46497877996
 20
30635.63817782435
 10
39840.47088879007
 20
30635.65728328038
 10
39840.47755808728
 20
30635.67613711671
 10
39840.48497600211
 20
30635.69470917123
 10
39840.49313066751
 20
30635.71296973261
 10
39840.50200903772
 20
30635.73088958784
 10
39840.51159690928
 20
30635.74844006899
 10
39840.52187894361
 20
30635.76559309904
 10
39840.53283869166
 20
30635.78232123677
 10
39840.54445862017
 20
30635.79859772075
 10
39840.55672013974
 20
30635.81439651208
 10
39840.56960363455
 20
30635.82969233606
 10
39840.58308849374
 20
30635.84446072263
 10
39840.59715314444
 20
30635.85867804553
 10
39840.61177508618
 20
30635.87232156006
 10
39840.62693092702
 20
30635.88536943952
 10
39840.6425964208
 20
30635.89780081009
 10
39840.65874650608
 20
30635.90959578422
 10
39840.67535534618
 20
30635.92073549248
 10
39840.69239637049
 20
30635.9312021137
 10
39840.70984231703
 20
30635.94097890352
 10
39840.72766527599
 20
30635.95005022116
 10
39840.74583673442
 20
30635.95840155446
 10
39840.76432762188
 20
30635.96601954305
 10
39840.7831083569
 20
30635.9728919998
 10
39840.80214889429
 20
30635.97900793022
 10
39840.82141877329
 20
30635.98435755014
 10
39840.84088716616
 20
30635.98893230129
 10
39840.86052292767
 20
30635.99272486507
 10
39840.88029464474
 20
30635.99572917417
 10
39840.90017068688
 20
30635.99794042234
 10
39840.92011925665
 20
30635.99935507206
 10
39840.94010844059
 20
30635.99997086019
 10
39840.94550649911
 20
30636.00000000007
1001
REVIT
1002
{
1070
     1
1000
1961636
1002
}
1002
{
1070
     5
1000
1739590
1002
}
1002
{
1070
     3
1000
1035229
1002
}
  0
LINE
  5
4DB
330
467
100
AcDbEntity
  8
P-SANR-FIXT
100
AcDbLine
 10
40090.44550649909
 20
30623.51832767232
 30
0.0
 11
40090.44550649909
 21
30635.50000000007
 31
0.0
1001
REVIT
1002
{
1070
     1
1000
1961636
1002
}
1002
{
1070
     5
1000
1739590
1002
}
1002
{
1070
     3
1000
1035229
1002
}
  0
LINE
  5
4DC
330
467
100
AcDbEntity
  8
P-SANR-FIXT
100
AcDbLine
 10
39840.44550649915
 20
30635.50000000007
 30
0.0
 11
39840.44550649915
 21
30623.51832767232
 31
0.0
1001
REVIT
1002
{
1070
     1
1000
1961636
1002
}
1002
{
1070
     5
1000
1739590
1002
}
1002
{
1070
     3
1000
1035229
1002
}
  0
LWPOLYLINE
  5
4DD
330
467
100
AcDbEntity
  8
P-SANR-FIXT
100
AcDbPolyline
 90
       41
 70
   128
 43
0.0
 10
40089.92717882683
 20
30623.00000000008
 10
40089.82760676632
 20
30623.00000000008
 10
40089.52904987879
 20
30623.00000000008
 10
40089.03198579161
 20
30623.00000000008
 10
40088.33720970126
 20
30623.00000000008
 10
40087.4458331013
 20
30623.00000000008
 10
40086.35928200411
 20
30623.00000000008
 10
40085.07929465969
 20
30623.00000000008
 10
40083.60791877471
 20
30623.00000000008
 10
40081.94750823674
 20
30623.00000000008
 10
40080.10071934842
 20
30623.00000000008
 10
40078.07050657802
 20
30623.00000000008
 10
40075.86011783287
 20
30623.00000000008
 10
40073.47308926346
 20
30623.00000000008
 10
40070.91323960627
 20
30623.00000000008
 10
40068.18466407469
 20
30623.00000000008
 10
40065.29172780752
 20
30623.00000000008
 10
40062.23905888564
 20
30623.00000000008
 10
40059.03154092813
 20
30623.00000000008
 10
40055.67430527949
 20
30623.00000000008
 10
40052.17272280059
 20
30623.00000000008
 10
40048.53239527642
 20
30623.00000000008
 10
40044.75914645446
 20
30623.00000000008
 10
40040.85901272793
 20
30623.00000000008
 10
40036.83823347878
 20
30623.00000000008
 10
40032.70324109609
 20
30623.00000000008
 10
40028.46065068562
 20
30623.00000000008
 10
40024.11724948694
 20
30623.00000000008
 10
40019.67998601546
 20
30623.00000000008
 10
40015.15595894616
 20
30623.00000000008
 10
40010.55240575729
 20
30623.00000000008
 10
40005.87669115188
 20
30623.00000000008
 10
40001.13629527589
 20
30623.00000000008
 10
39996.33880175148
 20
30623.00000000008
 10
39991.49188554489
 20
30623.00000000008
 10
39986.60330068809
 20
30623.00000000008
 10
39981.68086787402
 20
30623.00000000008
 10
39976.7324619451
 20
30623.00000000008
 10
39971.76599929521
 20
30623.00000000008
 10
39966.78942520517
 20
30623.00000000008
 10
39965.4455064991
 20
30623.00000000008
1001
REVIT
1002
{
1070
     1
1000
1961636
1002
}
1002
{
1070
     5
1000
1739590
1002
}
1002
{
1070
     3
1000
1035229
1002
}
  0
LWPOLYLINE
  5
4DE
330
467
100
AcDbEntity
  8
P-SANR-FIXT
100
AcDbPolyline
 90
       41
 70
   128
 43
0.0
 10
39965.44550649912
 20
30623.00000000008
 10
39970.42344569394
 20
30623.00000000008
 10
39975.39342124796
 20
30623.00000000008
 10
39980.34748226049
 20
30623.00000000008
 10
39985.27770329071
 20
30623.00000000008
 10
39990.17619703672
 20
30623.00000000008
 10
39995.03512695346
 20
30623.00000000008
 10
39999.84671978959
 20
30623.00000000008
 10
40004.603278023
 20
30623.00000000008
 10
40009.29719217517
 20
30623.00000000008
 10
40013.9209529848
 20
30623.00000000008
 10
40018.46716342091
 20
30623.00000000008
 10
40022.92855051664
 20
30623.00000000008
 10
40027.29797700434
 20
30623.00000000008
 10
40031.56845273372
 20
30623.00000000008
 10
40035.7331458546
 20
30623.00000000008
 10
40039.7853937464
 20
30623.00000000008
 10
40043.71871367694
 20
30623.00000000008
 10
40047.52681317339
 20
30623.00000000008
 10
40051.20360008891
 20
30623.00000000008
 10
40054.74319234877
 20
30623.00000000008
 10
40058.13992736042
 20
30623.00000000008
 10
40061.38837107246
 20
30623.00000000008
 10
40064.48332666789
 20
30623.00000000008
 10
40067.41984287799
 20
30623.00000000008
 10
40070.19322190326
 20
30623.00000000008
 10
40072.79902692887
 20
30623.00000000008
 10
40075.23308922265
 20
30623.00000000008
 10
40077.49151480416
 20
30623.00000000008
 10
40079.57069067428
 20
30623.00000000008
 10
40081.46729059512
 20
30623.00000000008
 10
40083.17828041139
 20
30623.00000000008
 10
40084.7009229044
 20
30623.00000000008
 10
40086.03278217095
 20
30623.00000000008
 10
40087.17172752034
 20
30623.00000000008
 10
40088.11593688299
 20
30623.00000000008
 10
40088.86389972529
 20
30623.00000000008
 10
40089.4144194663
 20
30623.00000000008
 10
40089.76661539186
 20
30623.00000000008
 10
40089.9199240636
 20
30623.00000000008
 10
40089.92717882683
 20
30623.00000000008
1001
REVIT
1002
{
1070
     1
1000
1961636
1002
}
1002
{
1070
     5
1000
1739590
1002
}
1002
{
1070
     3
1000
1035229
1002
}
  0
LWPOLYLINE
  5
4DF
330
467
100
AcDbEntity
  8
P-SANR-FIXT
100
AcDbPolyline
 90
       41
 70
   128
 43
0.0
 10
40090.44550649909
 20
30623.51832767232
 10
40090.44509189223
 20
30623.49760009382
 10
40090.44384873496
 20
30623.47690567501
 10
40090.44177901605
 20
30623.45627752258
 10
40090.43888604661
 20
30623.43574863714
 10
40090.43517445477
 20
30623.41535186054
 10
40090.43065017832
 20
30623.39511982328
 10
40090.42532045507
 20
30623.37508489229
 10
40090.4191938115
 20
30623.35527911919
 10
40090.41228004892
 20
30623.335734189
 10
40090.40459022785
 20
30623.31648136942
 10
40090.3961366504
 20
30623.29755146088
 10
40090.38693284046
 20
30623.27897474717
 10
40090.37699352217
 20
30623.26078094709
 10
40090.36633459632
 20
30623.24299916682
 10
40090.35497311493
 20
30623.22565785343
 10
40090.34292725394
 20
30623.20878474932
 10
40090.33021628415
 20
30623.19240684785
 10
40090.31686054041
 20
30623.17655035018
 10
40090.30288138904
 20
30623.16124062332
 10
40090.28830119373
 20
30623.14650215955
 10
40090.27314327967
 20
30623.13235853729
 10
40090.25743189628
 20
30623.11883238331
 10
40090.24119217843
 20
30623.10594533657
 10
40090.2244501062
 20
30623.0937180136
 10
40090.20723246335
 20
30623.08216997551
 10
40090.18956679442
 20
30623.07131969668
 10
40090.1714813607
 20
30623.06118453526
 10
40090.15300509506
 20
30623.05178070534
 10
40090.13416755555
 20
30623.04312325104
 10
40090.11499887824
 20
30623.03522602245
 10
40090.09552972891
 20
30623.02810165344
 10
40090.07579125405
 20
30623.02176154148
 10
40090.05581503101
 20
30623.01621582941
 10
40090.03563301747
 20
30623.01147338917
 10
40090.01527750038
 20
30623.00754180766
 10
40089.99478104419
 20
30623.00442737457
 10
40089.97417643889
 20
30623.00213507234
 10
40089.95349664742
 20
30623.00066856815
 10
40089.93277475306
 20
30623.00003020809
 10
40089.92717882683
 20
30623.00000000008
1001
REVIT
1002
{
1070
     1
1000
1961636
1002
}
1002
{
1070
     5
1000
1739590
1002
}
1002
{
1070
     3
1000
1035229
1002
}
  0
LWPOLYLINE
  5
4E0
330
467
100
AcDbEntity
  8
P-SANR-FIXT
100
AcDbPolyline
 90
       41
 70
   128
 43
0.0
 10
39840.96383417139
 20
30623.00000000008
 10
39841.06340623192
 20
30623.00000000008
 10
39841.36196311944
 20
30623.00000000008
 10
39841.85902720662
 20
30623.00000000008
 10
39842.55380329696
 20
30623.00000000008
 10
39843.44517989693
 20
30623.00000000008
 10
39844.53173099411
 20
30623.00000000008
 10
39845.81171833854
 20
30623.00000000008
 10
39847.28309422351
 20
30623.00000000008
 10
39848.94350476148
 20
30623.00000000008
 10
39850.7902936498
 20
30623.00000000008
 10
39852.82050642021
 20
30623.00000000008
 10
39855.03089516535
 20
30623.00000000008
 10
39857.41792373477
 20
30623.00000000008
 10
39859.97777339196
 20
30623.00000000008
 10
39862.70634892353
 20
30623.00000000008
 10
39865.59928519071
 20
30623.00000000008
 10
39868.65195411259
 20
30623.00000000008
 10
39871.8594720701
 20
30623.00000000008
 10
39875.21670771874
 20
30623.00000000008
 10
39878.71829019764
 20
30623.00000000008
 10
39882.3586177218
 20
30623.00000000008
 10
39886.13186654375
 20
30623.00000000008
 10
39890.0320002703
 20
30623.00000000008
 10
39894.05277951945
 20
30623.00000000008
 10
39898.18777190213
 20
30623.00000000008
 10
39902.43036231261
 20
30623.00000000008
 10
39906.77376351128
 20
30623.00000000008
 10
39911.21102698276
 20
30623.00000000008
 10
39915.73505405206
 20
30623.00000000008
 10
39920.33860724094
 20
30623.00000000008
 10
39925.01432184635
 20
30623.00000000008
 10
39929.75471772233
 20
30623.00000000008
 10
39934.55221124675
 20
30623.00000000008
 10
39939.39912745333
 20
30623.00000000008
 10
39944.28771231013
 20
30623.00000000008
 10
39949.2101451242
 20
30623.00000000008
 10
39954.15855105313
 20
30623.00000000008
 10
39959.12501370301
 20
30623.00000000008
 10
39964.10158779306
 20
30623.00000000008
 10
39965.44550649912
 20
30623.00000000008
1001
REVIT
1002
{
1070
     1
1000
1961636
1002
}
1002
{
1070
     5
1000
1739590
1002
}
1002
{
1070
     3
1000
1035229
1002
}
  0
LWPOLYLINE
  5
4E1
330
467
100
AcDbEntity
  8
P-SANR-FIXT
100
AcDbPolyline
 90
       41
 70
   128
 43
0.0
 10
39965.4455064991
 20
30623.00000000008
 10
39960.46756730428
 20
30623.00000000008
 10
39955.49759175026
 20
30623.00000000008
 10
39950.54353073774
 20
30623.00000000008
 10
39945.61330970752
 20
30623.00000000008
 10
39940.71481596151
 20
30623.00000000008
 10
39935.85588604476
 20
30623.00000000008
 10
39931.04429320864
 20
30623.00000000008
 10
39926.28773497523
 20
30623.00000000008
 10
39921.59382082305
 20
30623.00000000008
 10
39916.97006001344
 20
30623.00000000008
 10
39912.42384957732
 20
30623.00000000008
 10
39907.96246248159
 20
30623.00000000008
 10
39903.5930359939
 20
30623.00000000008
 10
39899.32256026451
 20
30623.00000000008
 10
39895.15786714362
 20
30623.00000000008
 10
39891.10561925182
 20
30623.00000000008
 10
39887.17229932128
 20
30623.00000000008
 10
39883.36419982483
 20
30623.00000000008
 10
39879.68741290932
 20
30623.00000000008
 10
39876.14782064946
 20
30623.00000000008
 10
39872.7510856378
 20
30623.00000000008
 10
39869.50264192577
 20
30623.00000000008
 10
39866.40768633033
 20
30623.00000000008
 10
39863.47117012022
 20
30623.00000000008
 10
39860.69779109497
 20
30623.00000000008
 10
39858.09198606936
 20
30623.00000000008
 10
39855.65792377557
 20
30623.00000000008
 10
39853.39949819405
 20
30623.00000000008
 10
39851.32032232394
 20
30623.00000000008
 10
39849.4237224031
 20
30623.00000000008
 10
39847.71273258682
 20
30623.00000000008
 10
39846.19009009382
 20
30623.00000000008
 10
39844.85823082727
 20
30623.00000000008
 10
39843.71928547788
 20
30623.00000000008
 10
39842.77507611524
 20
30623.00000000008
 10
39842.02711327293
 20
30623.00000000008
 10
39841.47659353193
 20
30623.00000000008
 10
39841.12439760638
 20
30623.00000000008
 10
39840.97108893463
 20
30623.00000000008
 10
39840.96383417139
 20
30623.00000000008
1001
REVIT
1002
{
1070
     1
1000
1961636
1002
}
1002
{
1070
     5
1000
1739590
1002
}
1002
{
1070
     3
1000
1035229
1002
}
  0
LWPOLYLINE
  5
4E2
330
467
100
AcDbEntity
  8
P-SANR-FIXT
100
AcDbPolyline
 90
       41
 70
   128
 43
0.0
 10
39840.96383417139
 20
30623.00000000008
 10
39840.94310659289
 20
30623.00041460692
 10
39840.92241217409
 20
30623.0016577642
 10
39840.90178402165
 20
30623.00372748311
 10
39840.88125513622
 20
30623.00662045255
 10
39840.86085835962
 20
30623.01033204438
 10
39840.84062632235
 20
30623.01485632085
 10
39840.82059139137
 20
30623.02018604409
 10
39840.80078561826
 20
30623.02631268766
 10
39840.78124068807
 20
30623.03322645024
 10
39840.7619878685
 20
30623.0409162713
 10
39840.74305795995
 20
30623.04936984876
 10
39840.72448124624
 20
30623.0585736587
 10
39840.70628744616
 20
30623.06851297699
 10
39840.6885056659
 20
30623.07917190283
 10
39840.67116435251
 20
30623.09053338422
 10
39840.6542912484
 20
30623.10257924522
 10
39840.63791334693
 20
30623.115290215
 10
39840.62205684925
 20
30623.12864595875
 10
39840.60674712239
 20
30623.14262511011
 10
39840.59200865863
 20
30623.15720530543
 10
39840.57786503637
 20
30623.17236321949
 10
39840.56433888238
 20
30623.18807460288
 10
39840.55145183565
 20
30623.20431432073
 10
39840.53922451268
 20
30623.22105639295
 10
39840.52767647458
 20
30623.23827403581
 10
39840.51682619575
 20
30623.25593970474
 10
39840.50669103433
 20
30623.27402513846
 10
39840.49728720442
 20
30623.29250140411
 10
39840.48862975012
 20
30623.31133894361
 10
39840.48073252152
 20
30623.33050762092
 10
39840.47360815251
 20
30623.34997677025
 10
39840.46726804055
 20
30623.36971524512
 10
39840.46172232849
 20
30623.38969146816
 10
39840.45697988825
 20
30623.40987348169
 10
39840.45304830673
 20
30623.43022899878
 10
39840.44993387364
 20
30623.45072545497
 10
39840.44764157141
 20
30623.47133006027
 10
39840.44617506722
 20
30623.49200985173
 10
39840.44553670717
 20
30623.5127317461
 10
39840.44550649915
 20
30623.51832767232
1001
REVIT
1002
{
1070
     1
1000
1961636
1002
}
1002
{
1070
     5
1000
1739590
1002
}
1002
{
1070
     3
1000
1035229
1002
}
  0
LINE
  5
4E3
330
467
100
AcDbEntity
  8
P-SANR-FIXT
100
AcDbLine
 10
39976.94926417544
 20
30677.0
 30
0.0
 11
39976.94926417544
 21
30678.00000000007
 31
0.0
1001
REVIT
1002
{
1070
     1
1000
1961636
1002
}
1002
{
1070
     5
1000
1739590
1002
}
1002
{
1070
     3
1000
1035229
1002
}
  0
LINE
  5
4E4
330
467
100
AcDbEntity
  8
P-SANR-FIXT
100
AcDbLine
 10
39953.94174882279
 20
30678.00000000007
 30
0.0
 11
39953.94174882279
 21
30677.0
 31
0.0
1001
REVIT
1002
{
1070
     1
1000
1961636
1002
}
1002
{
1070
     5
1000
1739590
1002
}
1002
{
1070
     3
1000
1035229
1002
}
  0
LINE
  5
4E5
330
467
100
AcDbEntity
  8
P-SANR-FIXT
100
AcDbLine
 10
39975.94926417544
 20
30675.0
 30
0.0
 11
39975.94926417544
 21
30677.0
 31
0.0
1001
REVIT
1002
{
1070
     1
1000
1961636
1002
}
1002
{
1070
     5
1000
1739590
1002
}
1002
{
1070
     3
1000
1035229
1002
}
  0
LINE
  5
4E6
330
467
100
AcDbEntity
  8
P-SANR-FIXT
100
AcDbLine
 10
39954.94174882279
 20
30677.0
 30
0.0
 11
39954.94174882279
 21
30675.0
 31
0.0
1001
REVIT
1002
{
1070
     1
1000
1961636
1002
}
1002
{
1070
     5
1000
1739590
1002
}
1002
{
1070
     3
1000
1035229
1002
}
  0
LWPOLYLINE
  5
4E7
330
467
100
AcDbEntity
  8
P-SANR-FIXT
100
AcDbPolyline
 90
       41
 70
   128
 43
0.0
 10
39976.94926417544
 20
30675.0
 10
39976.9400623963
 20
30675.0
 10
39976.91247177977
 20
30675.0
 10
39976.86653646495
 20
30675.0
 10
39976.80232993853
 20
30675.0
 10
39976.71995491728
 20
30675.0
 10
39976.61954318363
 20
30675.0
 10
39976.50125537496
 20
30675.0
 10
39976.36528072652
 20
30675.0
 10
39976.21183676875
 20
30675.0
 10
39976.04116897925
 20
30675.0
 10
39975.85355039005
 20
30675.0
 10
39975.6492811509
 20
30675.0
 10
39975.428688049
 20
30675.0
 10
39975.19212398624
 20
30675.0
 10
39974.93996741469
 20
30675.0
 10
39974.67262173103
 20
30675.0
 10
39974.39051463135
 20
30675.0
 10
39974.09409742683
 20
30675.0
 10
39973.78384432176
 20
30675.0
 10
39973.46025165492
 20
30675.0
 10
39973.12383710555
 20
30675.0
 10
39972.77513886518
 20
30675.0
 10
39972.41471477659
 20
30675.0
 10
39972.04314144143
 20
30675.0
 10
39971.66101329778
 20
30675.0
 10
39971.26894166917
 20
30675.0
 10
39970.86755378655
 20
30675.0
 10
39970.45749178492
 20
30675.0
 10
39970.03941167599
 20
30675.0
 10
39969.61398229875
 20
30675.0
 10
39969.18188424947
 20
30675.0
 10
39968.74380879284
 20
30675.0
 10
39968.30045675614
 20
30675.0
 10
39967.85253740805
 20
30675.0
 10
39967.40076732397
 20
30675.0
 10
39966.94586923968
 20
30675.0
 10
39966.48857089507
 20
30675.0
 10
39966.02960386993
 20
30675.0
 10
39965.5697024136
 20
30675.0
 10
39965.44550649912
 20
30675.0
1001
REVIT
1002
{
1070
     1
1000
1961636
1002
}
1002
{
1070
     5
1000
1739590
1002
}
1002
{
1070
     3
1000
1035229
1002
}
  0
LWPOLYLINE
  5
4E8
330
467
100
AcDbEntity
  8
P-SANR-FIXT
100
AcDbPolyline
 90
       17
 70
   128
 43
0.0
 10
39974.59791474291
 20
30675.0
 10
39974.86928779134
 20
30675.0
 10
39975.12558480001
 20
30675.0
 10
39975.36639574836
 20
30675.0
 10
39975.59133539026
 20
30675.0
 10
39975.80004387026
 20
30675.0
 10
39975.99218729933
 20
30675.0
 10
39976.16745828895
 20
30675.0
 10
39976.32557644293
 20
30675.0
 10
39976.46628880596
 20
30675.0
 10
39976.58937026828
 20
30675.0
 10
39976.69462392579
 20
30675.0
 10
39976.78188139511
 20
30675.0
 10
39976.85100308289
 20
30675.0
 10
39976.90187840917
 20
30675.0
 10
39976.93442598431
 20
30675.0
 10
39976.9485937391
 20
30675.0
1001
REVIT
1002
{
1070
     1
1000
1961636
1002
}
1002
{
1070
     5
1000
1739590
1002
}
1002
{
1070
     3
1000
1035229
1002
}
  0
LWPOLYLINE
  5
4E9
330
467
100
AcDbEntity
  8
P-SANR-FIXT
100
AcDbPolyline
 90
       41
 70
   128
 43
0.0
 10
39976.94926417544
 20
30675.0
 10
39976.98925350963
 20
30674.99920010666
 10
39977.02917886941
 20
30674.99680170631
 10
39977.06897638273
 20
30674.99280863586
 10
39977.10858238206
 20
30674.98722728338
 10
39977.14793350624
 20
30674.98006657784
 10
39977.18696680187
 20
30674.97133797486
 10
39977.22561982401
 20
30674.96105543832
 10
39977.26383073606
 20
30674.94923541809
 10
39977.30153840871
 20
30674.93589682368
 10
39977.33868251775
 20
30674.92106099401
 10
39977.37520364051
 20
30674.90475166322
 10
39977.41104335099
 20
30674.88699492278
 10
39977.44614431328
 20
30674.86781917968
 10
39977.48045037337
 20
30674.84725511102
 10
39977.51390664884
 20
30674.82533561491
 10
39977.54645961681
 20
30674.80209575789
 10
39977.57805719946
 20
30674.77757271875
 10
39977.60864884742
 20
30674.75180572914
 10
39977.63818562056
 20
30674.72483601075
 10
39977.66662026634
 20
30674.69670670935
 10
39977.69390729541
 20
30674.66746282585
 10
39977.72000305434
 20
30674.6371511442
 10
39977.74486579548
 20
30674.60582015665
 10
39977.76845574376
 20
30674.57351998607
 10
39977.79073516026
 20
30674.54030230587
 10
39977.81166840269
 20
30674.50622025724
 10
39977.83122198233
 20
30674.47132836417
 10
39977.84936461762
 20
30674.43568244628
 10
39977.86606728421
 20
30674.39933952941
 10
39977.88130326142
 20
30674.36235775448
 10
39977.89504817489
 20
30674.32479628444
 10
39977.90728003573
 20
30674.28671520964
 10
39977.91797927556
 20
30674.24817545165
 10
39977.92712877788
 20
30674.2092386659
 10
39977.93471390543
 20
30674.1699671429
 10
39977.94072252364
 20
30674.13042370874
 10
39977.94514501998
 20
30674.09067162447
 10
39977.94797431941
 20
30674.05077448493
 10
39977.94920589568
 20
30674.01079611706
 10
39977.94926417544
 20
30674.0
1001
REVIT
1002
{
1070
     1
1000
1961636
1002
}
1002
{
1070
     5
1000
1739590
1002
}
1002
{
1070
     3
1000
1035229
1002
}
  0
LWPOLYLINE
  5
4EA
330
467
100
AcDbEntity
  8
P-SANR-FIXT
100
AcDbPolyline
 90
       17
 70
   128
 43
0.0
 10
39953.94174882278
 20
30675.0
 10
39953.95095060193
 20
30675.0
 10
39953.97854121846
 20
30675.0
 10
39954.02447653329
 20
30675.0
 10
39954.0886830597
 20
30675.0
 10
39954.17105808096
 20
30675.0
 10
39954.2714698146
 20
30675.0
 10
39954.38975762327
 20
30675.0
 10
39954.52573227171
 20
30675.0
 10
39954.67917622948
 20
30675.0
 10
39954.84984401898
 20
30675.0
 10
39955.03746260817
 20
30675.0
 10
39955.24173184733
 20
30675.0
 10
39955.46232494922
 20
30675.0
 10
39955.69888901198
 20
30675.0
 10
39955.95104558355
 20
30675.0
 10
39956.21839126719
 20
30675.0
1001
REVIT
1002
{
1070
     1
1000
1961636
1002
}
1002
{
1070
     5
1000
1739590
1002
}
1002
{
1070
     3
1000
1035229
1002
}
  0
LWPOLYLINE
  5
4EB
330
467
100
AcDbEntity
  8
P-SANR-FIXT
100
AcDbPolyline
 90
       40
 70
   128
 43
0.0
 10
39965.44550649912
 20
30675.0
 10
39964.985478889
 20
30675.0
 10
39964.52618722492
 20
30675.0
 10
39964.06836627556
 20
30675.0
 10
39963.61274845679
 20
30675.0
 10
39963.16006265993
 20
30675.0
 10
39962.71103308567
 20
30675.0
 10
39962.26637808555
 20
30675.0
 10
39961.82680901271
 20
30675.0
 10
39961.39302908391
 20
30675.0
 10
39960.96573225448
 20
30675.0
 10
39960.54560210822
 20
30675.0
 10
39960.13331076371
 20
30675.0
 10
39959.72951779918
 20
30675.0
 10
39959.33486919723
 20
30675.0
 10
39958.94999631142
 20
30675.0
 10
39958.57551485628
 20
30675.0
 10
39958.21202392224
 20
30675.0
 10
39957.86010501727
 20
30675.0
 10
39957.52032113653
 20
30675.0
 10
39957.19321586177
 20
30675.0
 10
39956.87931249162
 20
30675.0
 10
39956.57911320454
 20
30675.0
 10
39956.29309825533
 20
30675.0
 10
39956.02172520689
 20
30675.0
 10
39955.76542819823
 20
30675.0
 10
39955.52461724987
 20
30675.0
 10
39955.29967760797
 20
30675.0
 10
39955.09096912795
 20
30675.0
 10
39954.89882569891
 20
30675.0
 10
39954.72355470928
 20
30675.0
 10
39954.5654365553
 20
30675.0
 10
39954.42472419227
 20
30675.0
 10
39954.30164272995
 20
30675.0
 10
39954.19638907245
 20
30675.0
 10
39954.10913160313
 20
30675.0
 10
39954.04000991534
 20
30675.0
 10
39953.98913458906
 20
30675.0
 10
39953.95658701393
 20
30675.0
 10
39953.94241925914
 20
30675.0
1001
REVIT
1002
{
1070
     1
1000
1961636
1002
}
1002
{
1070
     5
1000
1739590
1002
}
1002
{
1070
     3
1000
1035229
1002
}
  0
LWPOLYLINE
  5
4EC
330
467
100
AcDbEntity
  8
P-SANR-FIXT
100
AcDbPolyline
 90
       41
 70
   128
 43
0.0
 10
39952.94174882279
 20
30674.0
 10
39952.94254871612
 20
30674.03998933419
 10
39952.94494711649
 20
30674.07991469397
 10
39952.94894018693
 20
30674.11971220729
 10
39952.95452153941
 20
30674.15931820662
 10
39952.96168224495
 20
30674.1986693308
 10
39952.97041084794
 20
30674.23770262643
 10
39952.98069338448
 20
30674.27635564857
 10
39952.99251340471
 20
30674.31456656062
 10
39953.00585199911
 20
30674.35227423328
 10
39953.02068782879
 20
30674.38941834231
 10
39953.03699715957
 20
30674.42593946507
 10
39953.05475390001
 20
30674.46177917554
 10
39953.07392964311
 20
30674.49688013785
 10
39953.09449371177
 20
30674.53118619792
 10
39953.11641320788
 20
30674.5646424734
 10
39953.1396530649
 20
30674.59719544137
 10
39953.16417610403
 20
30674.62879302402
 10
39953.18994309364
 20
30674.65938467198
 10
39953.21691281205
 20
30674.68892144511
 10
39953.24504211344
 20
30674.7173560909
 10
39953.27428599695
 20
30674.74464311997
 10
39953.30459767859
 20
30674.7707388789
 10
39953.33592866615
 20
30674.79560162004
 10
39953.36822883672
 20
30674.8191915683
 10
39953.40144651692
 20
30674.84147098481
 10
39953.43552856556
 20
30674.86240422725
 10
39953.47042045861
 20
30674.88195780689
 10
39953.50606637651
 20
30674.90010044218
 10
39953.54240929339
 20
30674.91680310877
 10
39953.57939106832
 20
30674.93203908597
 10
39953.61695253835
 20
30674.94578399945
 10
39953.65503361316
 20
30674.95801586029
 10
39953.69357337114
 20
30674.96871510013
 10
39953.7325101569
 20
30674.97786460244
 10
39953.77178167989
 20
30674.98544972999
 10
39953.81132511405
 20
30674.99145834819
 10
39953.85107719832
 20
30674.99588084454
 10
39953.89097433786
 20
30674.99871014398
 10
39953.93095270573
 20
30674.99994172023
 10
39953.94174882278
 20
30675.0
1001
REVIT
1002
{
1070
     1
1000
1961636
1002
}
1002
{
1070
     5
1000
1739590
1002
}
1002
{
1070
     3
1000
1035229
1002
}
  0
LINE
  5
4ED
330
467
100
AcDbEntity
  8
P-SANR-FIXT
100
AcDbLine
 10
39977.94926417544
 20
30662.27362972635
 30
0.0
 11
39977.94926417544
 21
30674.0
 31
0.0
1001
REVIT
1002
{
1070
     1
1000
1961636
1002
}
1002
{
1070
     5
1000
1739590
1002
}
1002
{
1070
     3
1000
1035229
1002
}
  0
LINE
  5
4EE
330
467
100
AcDbEntity
  8
P-SANR-FIXT
100
AcDbLine
 10
39952.94174882279
 20
30674.0
 30
0.0
 11
39952.94174882279
 21
30662.27362972635
 31
0.0
1001
REVIT
1002
{
1070
     1
1000
1961636
1002
}
1002
{
1070
     5
1000
1739590
1002
}
1002
{
1070
     3
1000
1035229
1002
}
  0
LINE
  5
4EF
330
467
100
AcDbEntity
  8
P-SANR-FIXT
100
AcDbLine
 10
39975.41215659502
 20
30659.39273239563
 30
0.0
 11
39977.13616704009
 21
30660.66389012321
 31
0.0
1001
REVIT
1002
{
1070
     1
1000
1961636
1002
}
1002
{
1070
     5
1000
1739590
1002
}
1002
{
1070
     3
1000
1035229
1002
}
  0
LINE
  5
4F0
330
467
100
AcDbEntity
  8
P-SANR-FIXT
100
AcDbLine
 10
39953.75484595814
 20
30660.66389012321
 30
0.0
 11
39955.47885640321
 21
30659.39273239563
 31
0.0
1001
REVIT
1002
{
1070
     1
1000
1961636
1002
}
1002
{
1070
     5
1000
1739590
1002
}
1002
{
1070
     3
1000
1035229
1002
}
  0
LWPOLYLINE
  5
4F1
330
467
100
AcDbEntity
  8
P-SANR-FIXT
100
AcDbPolyline
 90
       40
 70
   128
 43
0.0
 10
39975.41215659502
 20
30659.39273239563
 10
39975.34873357578
 20
30659.34398132034
 10
39975.28731081122
 20
30659.2927329964
 10
39975.22798656468
 20
30659.23906941019
 10
39975.17085574229
 20
30659.18307641202
 10
39975.11600974118
 20
30659.12484357871
 10
39975.06353630326
 20
30659.0644640704
 10
39975.01351937482
 20
30659.0020344814
 10
39974.96603897228
 20
30658.93765468576
 10
39974.92117105417
 20
30658.8714276774
 10
39974.87898739957
 20
30658.80345940541
 10
39974.83955549335
 20
30658.73385860453
 10
39974.80293841813
 20
30658.66273662119
 10
39974.76919475343
 20
30658.59020723539
 10
39974.73837848189
 20
30658.51638647867
 10
39974.71053890301
 20
30658.44139244851
 10
39974.68572055415
 20
30658.36534511936
 10
39974.66396313939
 20
30658.28836615071
 10
39974.64530146593
 20
30658.21057869249
 10
39974.62976538849
 20
30658.13210718804
 10
39974.61737976146
 20
30658.05307717503
 10
39974.60816439922
 20
30657.97361508464
 10
39974.60213404437
 20
30657.89384803923
 10
39974.59929834421
 20
30657.81390364908
 10
39974.59966183523
 20
30657.73390980815
 10
39974.60322393594
 20
30657.65399448953
 10
39974.60997894772
 20
30657.57428554067
 10
39974.61991606401
 20
30657.4949104789
 10
39974.63301938754
 20
30657.41599628737
 10
39974.64926795579
 20
30657.33766921196
 10
39974.66863577452
 20
30657.26005455928
 10
39974.69109185932
 20
30657.18327649622
 10
39974.71660028528
 20
30657.1074578513
 10
39974.74512024437
 20
30657.03271991818
 10
39974.77660611069
 20
30656.95918226162
 10
39974.81100751361
 20
30656.88696252616
 10
39974.84826941822
 20
30656.81617624799
 10
39974.88833221339
 20
30656.74693667004
 10
39974.93113180725
 20
30656.67935456088
 10
39974.9607553711
 20
30656.63583991979
1001
REVIT
1002
{
1070
     1
1000
1961636
1002
}
1002
{
1070
     5
1000
1739590
1002
}
1002
{
1070
     3
1000
1035229
1002
}
  0
LWPOLYLINE
  5
4F2
330
467
100
AcDbEntity
  8
P-SANR-FIXT
100
AcDbPolyline
 90
       40
 70
   128
 43
0.0
 10
39955.93025762713
 20
30656.63583991979
 10
39955.9748210382
 20
30656.70227220943
 10
39956.01669222025
 20
30656.77043342146
 10
39956.05580418834
 20
30656.84021451248
 10
39956.09209437166
 20
30656.91150384764
 10
39956.12550471365
 20
30656.9841873792
 10
39956.15598176491
 20
30657.05814882902
 10
39956.18347676863
 20
30657.13326987455
 10
39956.2079457387
 20
30657.20943033816
 10
39956.22934952996
 20
30657.28650837934
 10
39956.24765390093
 20
30657.36438068966
 10
39956.2628295685
 20
30657.44292269005
 10
39956.27485225487
 20
30657.52200873006
 10
39956.28370272629
 20
30657.6015122889
 10
39956.28936682389
 20
30657.68130617783
 10
39956.29183548632
 20
30657.76126274365
 10
39956.29110476425
 20
30657.84125407292
 10
39956.28717582669
 20
30657.92115219657
 10
39956.28005495909
 20
30658.00082929464
 10
39956.26975355333
 20
30658.08015790077
 10
39956.25628808945
 20
30658.15901110613
 10
39956.23968010932
 20
30658.23726276239
 10
39956.21995618218
 20
30658.3147876836
 10
39956.19714786208
 20
30658.39146184645
 10
39956.17129163749
 20
30658.4671625886
 10
39956.14242887285
 20
30658.54176880502
 10
39956.11060574241
 20
30658.61516114169
 10
39956.07587315642
 20
30658.68722218651
 10
39956.03828667958
 20
30658.7578366572
 10
39955.99790644225
 20
30658.82689158567
 10
39955.95479704418
 20
30658.89427649875
 10
39955.90902745124
 20
30658.95988359496
 10
39955.86067088498
 20
30659.02360791695
 10
39955.80980470562
 20
30659.08534751939
 10
39955.75651028818
 20
30659.14500363208
 10
39955.70087289236
 20
30659.20248081798
 10
39955.64298152613
 20
30659.25768712584
 10
39955.58292880332
 20
30659.31053423736
 10
39955.52081079548
 20
30659.36093760842
 10
39955.47885640321
 20
30659.39273239563
1001
REVIT
1002
{
1070
     1
1000
1961636
1002
}
1002
{
1070
     5
1000
1739590
1002
}
1002
{
1070
     3
1000
1035229
1002
}
  0
LINE
  5
4F3
330
467
100
AcDbEntity
  8
P-SANR-FIXT
100
AcDbLine
 10
39975.71921234731
 20
30655.55265110101
 30
0.0
 11
39974.9607553711
 21
30656.63583991979
 31
0.0
1001
REVIT
1002
{
1070
     1
1000
1961636
1002
}
1002
{
1070
     5
1000
1739590
1002
}
1002
{
1070
     3
1000
1035229
1002
}
  0
LINE
  5
4F4
330
467
100
AcDbEntity
  8
P-SANR-FIXT
100
AcDbLine
 10
39955.93025762713
 20
30656.63583991979
 30
0.0
 11
39955.17180065092
 21
30655.55265110101
 31
0.0
1001
REVIT
1002
{
1070
     1
1000
1961636
1002
}
1002
{
1070
     5
1000
1739590
1002
}
1002
{
1070
     3
1000
1035229
1002
}
  0
LWPOLYLINE
  5
4F5
330
467
100
AcDbEntity
  8
P-SANR-FIXT
100
AcDbPolyline
 90
       41
 70
   128
 43
0.0
 10
39980.63705100346
 20
30654.70246618269
 10
39980.6248993882
 20
30654.70246618269
 10
39980.58846398242
 20
30654.70246618269
 10
39980.52780307499
 20
30654.70246618269
 10
39980.44301371042
 20
30654.70246618269
 10
39980.33423153361
 20
30654.70246618269
 10
39980.20163057284
 20
30654.70246618269
 10
39980.04542296136
 20
30654.70246618269
 10
39979.86585859801
 20
30654.70246618269
 10
39979.66322474749
 20
30654.70246618269
 10
39979.43784558073
 20
30654.70246618269
 10
39979.1900816563
 20
30654.70246618269
 10
39978.92032934365
 20
30654.70246618269
 10
39978.62902018892
 20
30654.70246618269
 10
39978.31662022461
 20
30654.70246618269
 10
39977.98362922404
 20
30654.70246618269
 10
39977.63057990175
 20
30654.70246618269
 10
39977.25803706138
 20
30654.70246618269
 10
39976.86659669198
 20
30654.70246618269
 10
39976.45688501464
 20
30654.70246618269
 10
39976.02955748064
 20
30654.70246618269
 10
39975.58529772288
 20
30654.70246618269
 10
39975.1248164622
 20
30654.70246618269
 10
39974.64885037039
 20
30654.70246618269
 10
39974.15816089167
 20
30654.70246618269
 10
39973.65353302451
 20
30654.70246618269
 10
39973.13577406587
 20
30654.70246618269
 10
39972.60571231962
 20
30654.70246618269
 10
39972.06419577149
 20
30654.70246618269
 10
39971.51209073244
 20
30654.70246618269
 10
39970.95028045275
 20
30654.70246618269
 10
39970.37966370902
 20
30654.70246618269
 10
39969.80115336631
 20
30654.70246618269
 10
39969.21567491777
 20
30654.70246618269
 10
39968.62416500404
 20
30654.70246618269
 10
39968.02756991477
 20
30654.70246618269
 10
39967.42684407484
 20
30654.70246618269
 10
39966.82294851745
 20
30654.70246618269
 10
39966.21684934667
 20
30654.70246618269
 10
39965.60951619189
 20
30654.70246618269
 10
39965.44550649912
 20
30654.70246618269
1001
REVIT
1002
{
1070
     1
1000
1961636
1002
}
1002
{
1070
     5
1000
1739590
1002
}
1002
{
1070
     3
1000
1035229
1002
}
  0
LWPOLYLINE
  5
4F6
330
467
100
AcDbEntity
  8
P-SANR-FIXT
100
AcDbPolyline
 90
       40
 70
   128
 43
0.0
 10
39965.4455064991
 20
30654.70246618269
 10
39966.0530062491
 20
30654.70246618269
 10
39966.65953412909
 20
30654.70246618269
 10
39967.26411982385
 20
30654.70246618269
 10
39967.86579612524
 20
30654.70246618269
 10
39968.46360047953
 20
30654.70246618269
 10
39969.05657652727
 20
30654.70246618269
 10
39969.6437756333
 20
30654.70246618269
 10
39970.22425840428
 20
30654.70246618269
 10
39970.79709619163
 20
30654.70246618269
 10
39971.3613725771
 20
30654.70246618269
 10
39971.91618483881
 20
30654.70246618269
 10
39972.46064539553
 20
30654.70246618269
 10
39972.99388322648
 20
30654.70246618269
 10
39973.51504526491
 20
30654.70246618269
 10
39974.02329776274
 20
30654.70246618269
 10
39974.51782762436
 20
30654.70246618269
 10
39974.99784370751
 20
30654.70246618269
 10
39975.46257808886
 20
30654.70246618269
 10
39975.9112872925
 20
30654.70246618269
 10
39976.34325347947
 20
30654.70246618269
 10
39976.75778559601
 20
30654.70246618269
 10
39977.15422047913
 20
30654.70246618269
 10
39977.53192391763
 20
30654.70246618269
 10
39977.89029166653
 20
30654.70246618269
 10
39978.22875041393
 20
30654.70246618269
 10
39978.54675869801
 20
30654.70246618269
 10
39978.84380777335
 20
30654.70246618269
 10
39979.11942242481
 20
30654.70246618269
 10
39979.37316172774
 20
30654.70246618269
 10
39979.60461975337
 20
30654.70246618269
 10
39979.81342621825
 20
30654.70246618269
 10
39979.99924707657
 20
30654.70246618269
 10
39980.16178505459
 20
30654.70246618269
 10
39980.30078012625
 20
30654.70246618269
 10
39980.41600992903
 20
30654.70246618269
 10
39980.50729011988
 20
30654.70246618269
 10
39980.57447466993
 20
30654.70246618269
 10
39980.61745609826
 20
30654.70246618269
 10
39980.63616564375
 20
30654.70246618269
1001
REVIT
1002
{
1070
     1
1000
1961636
1002
}
1002
{
1070
     5
1000
1739590
1002
}
1002
{
1070
     3
1000
1035229
1002
}
  0
LWPOLYLINE
  5
4F7
330
467
100
AcDbEntity
  8
P-SANR-FIXT
100
AcDbPolyline
 90
       39
 70
   128
 43
0.0
 10
39980.63705100346
 20
30654.70246618269
 10
39980.71473262638
 20
30654.70091234305
 10
39980.79228997529
 20
30654.69625330993
 10
39980.86959897495
 20
30654.68849653681
 10
39980.94653594746
 20
30654.67765443284
 10
39981.02297781007
 20
30654.6637443431
 10
39981.09880227213
 20
30654.64678852076
 10
39981.17388803066
 20
30654.62681409152
 10
39981.24811496446
 20
30654.60385301019
 10
39981.32136432629
 20
30654.57794200962
 10
39981.39351893277
 20
30654.54912254188
 10
39981.46446335194
 20
30654.51744071197
 10
39981.53408408785
 20
30654.48294720406
 10
39981.60226976218
 20
30654.44569720039
 10
39981.66891129242
 20
30654.40575029304
 10
39981.7339020663
 20
30654.36317038853
 10
39981.79713811246
 20
30654.31802560563
 10
39981.85851826672
 20
30654.27038816636
 10
39981.91794433392
 20
30654.22033428046
 10
39981.97532124504
 20
30654.16794402346
 10
39982.03055720926
 20
30654.11330120861
 10
39982.08356386081
 20
30654.05649325275
 10
39982.13425640037
 20
30653.99761103649
 10
39982.18255373067
 20
30653.93674875883
 10
39982.2283785863
 20
30653.87400378641
 10
39982.27165765727
 20
30653.80947649781
 10
39982.31232170628
 20
30653.74327012292
 10
39982.35030567953
 20
30653.67549057783
 10
39982.3855488108
 20
30653.60624629534
 10
39982.41799471855
 20
30653.53564805154
 10
39982.44759149628
 20
30653.46380878856
 10
39982.47429179545
 20
30653.39084343389
 10
39982.49805290127
 20
30653.31686871654
 10
39982.51883680105
 20
30653.24200298027
 10
39982.53661024497
 20
30653.16636599429
 10
39982.55134479933
 20
30653.09007876163
 10
39982.56301689198
 20
30653.01326332561
 10
39982.57160785005
 20
30652.93604257454
 10
39982.57694734173
 20
30652.86157329457
1001
REVIT
1002
{
1070
     1
1000
1961636
1002
}
1002
{
1070
     5
1000
1739590
1002
}
1002
{
1070
     3
1000
1035229
1002
}
  0
LWPOLYLINE
  5
4F8
330
467
100
AcDbEntity
  8
P-SANR-FIXT
100
AcDbPolyline
 90
       41
 70
   128
 43
0.0
 10
39950.25396199477
 20
30654.70246618269
 10
39950.26611361003
 20
30654.70246618269
 10
39950.30254901581
 20
30654.70246618269
 10
39950.36320992324
 20
30654.70246618269
 10
39950.44799928781
 20
30654.70246618269
 10
39950.55678146463
 20
30654.70246618269
 10
39950.6893824254
 20
30654.70246618269
 10
39950.84559003687
 20
30654.70246618269
 10
39951.02515440021
 20
30654.70246618269
 10
39951.22778825074
 20
30654.70246618269
 10
39951.45316741751
 20
30654.70246618269
 10
39951.70093134193
 20
30654.70246618269
 10
39951.97068365458
 20
30654.70246618269
 10
39952.26199280931
 20
30654.70246618269
 10
39952.57439277361
 20
30654.70246618269
 10
39952.90738377418
 20
30654.70246618269
 10
39953.26043309646
 20
30654.70246618269
 10
39953.63297593685
 20
30654.70246618269
 10
39954.02441630624
 20
30654.70246618269
 10
39954.4341279836
 20
30654.70246618269
 10
39954.86145551758
 20
30654.70246618269
 10
39955.30571527534
 20
30654.70246618269
 10
39955.76619653602
 20
30654.70246618269
 10
39956.24216262783
 20
30654.70246618269
 10
39956.73285210655
 20
30654.70246618269
 10
39957.23747997371
 20
30654.70246618269
 10
39957.75523893236
 20
30654.70246618269
 10
39958.28530067861
 20
30654.70246618269
 10
39958.82681722673
 20
30654.70246618269
 10
39959.37892226579
 20
30654.70246618269
 10
39959.94073254548
 20
30654.70246618269
 10
39960.51134928921
 20
30654.70246618269
 10
39961.08985963192
 20
30654.70246618269
 10
39961.67533808044
 20
30654.70246618269
 10
39962.2668479942
 20
30654.70246618269
 10
39962.86344308347
 20
30654.70246618269
 10
39963.46416892339
 20
30654.70246618269
 10
39964.06806448078
 20
30654.70246618269
 10
39964.67416365156
 20
30654.70246618269
 10
39965.28149680634
 20
30654.70246618269
 10
39965.4455064991
 20
30654.70246618269
1001
REVIT
1002
{
1070
     1
1000
1961636
1002
}
1002
{
1070
     5
1000
1739590
1002
}
1002
{
1070
     3
1000
1035229
1002
}
  0
LWPOLYLINE
  5
4F9
330
467
100
AcDbEntity
  8
P-SANR-FIXT
100
AcDbPolyline
 90
       40
 70
   128
 43
0.0
 10
39965.44550649912
 20
30654.70246618269
 10
39964.83800674912
 20
30654.70246618269
 10
39964.23147886913
 20
30654.70246618269
 10
39963.62689317437
 20
30654.70246618269
 10
39963.02521687298
 20
30654.70246618269
 10
39962.4274125187
 20
30654.70246618269
 10
39961.83443647095
 20
30654.70246618269
 10
39961.24723736493
 20
30654.70246618269
 10
39960.66675459394
 20
30654.70246618269
 10
39960.09391680659
 20
30654.70246618269
 10
39959.52964042113
 20
30654.70246618269
 10
39958.97482815941
 20
30654.70246618269
 10
39958.43036760269
 20
30654.70246618269
 10
39957.89712977174
 20
30654.70246618269
 10
39957.3759677333
 20
30654.70246618269
 10
39956.8677152355
 20
30654.70246618269
 10
39956.37318537387
 20
30654.70246618269
 10
39955.89316929072
 20
30654.70246618269
 10
39955.42843490938
 20
30654.70246618269
 10
39954.97972570572
 20
30654.70246618269
 10
39954.54775951876
 20
30654.70246618269
 10
39954.13322740223
 20
30654.70246618269
 10
39953.73679251909
 20
30654.70246618269
 10
39953.3590890806
 20
30654.70246618269
 10
39953.00072133168
 20
30654.70246618269
 10
39952.66226258429
 20
30654.70246618269
 10
39952.34425430021
 20
30654.70246618269
 10
39952.04720522487
 20
30654.70246618269
 10
39951.77159057341
 20
30654.70246618269
 10
39951.51785127048
 20
30654.70246618269
 10
39951.28639324486
 20
30654.70246618269
 10
39951.07758677998
 20
30654.70246618269
 10
39950.89176592167
 20
30654.70246618269
 10
39950.72922794364
 20
30654.70246618269
 10
39950.590232872
 20
30654.70246618269
 10
39950.4750030692
 20
30654.70246618269
 10
39950.38372287836
 20
30654.70246618269
 10
39950.3165383283
 20
30654.70246618269
 10
39950.27355689997
 20
30654.70246618269
 10
39950.2548473545
 20
30654.70246618269
1001
REVIT
1002
{
1070
     1
1000
1961636
1002
}
1002
{
1070
     5
1000
1739590
1002
}
1002
{
1070
     3
1000
1035229
1002
}
  0
LWPOLYLINE
  5
4FA
330
467
100
AcDbEntity
  8
P-SANR-FIXT
100
AcDbPolyline
 90
       39
 70
   128
 43
0.0
 10
39948.3140656565
 20
30652.86157329457
 10
39948.31968290868
 20
30652.93906713585
 10
39948.32839459476
 20
30653.01627436014
 10
39948.34018677793
 20
30653.09307145236
 10
39948.3550405932
 20
30653.16933555355
 10
39948.37293227761
 20
30653.2449446574
 10
39948.39383320832
 20
30653.3197778055
 10
39948.41770994829
 20
30653.39371528075
 10
39948.4445242998
 20
30653.46663879897
 10
39948.47423336564
 20
30653.5384316981
 10
39948.50678961762
 20
30653.6089791248
 10
39948.54214097271
 20
30653.67816821824
 10
39948.58023087626
 20
30653.74588829063
 10
39948.62099839255
 20
30653.81203100431
 10
39948.66437830226
 20
30653.87649054504
 10
39948.71030120679
 20
30653.93916379131
 10
39948.75869363928
 20
30653.99995047929
 10
39948.80947818217
 20
30654.05875336324
 10
39948.86257359102
 20
30654.1154783711
 10
39948.9178949245
 20
30654.17003475497
 10
39948.97535368027
 20
30654.22233523624
 10
39949.0348579366
 20
30654.27229614533
 10
39949.09631249935
 20
30654.31983755542
 10
39949.15961905435
 20
30654.36488341042
 10
39949.22467632462
 20
30654.40736164654
 10
39949.29138023236
 20
30654.44720430769
 10
39949.3596240656
 20
30654.4843476541
 10
39949.42929864874
 20
30654.51873226434
 10
39949.50029251733
 20
30654.55030313037
 10
39949.5724920963
 20
30654.57900974554
 10
39949.64578188172
 20
30654.60480618539
 10
39949.7200446256
 20
30654.62765118111
 10
39949.79516152337
 20
30654.6475081856
 10
39949.87101240403
 20
30654.66434543186
 10
39949.94747592233
 20
30654.67813598392
 10
39950.02442975296
 20
30654.68885777982
 10
39950.10175078624
 20
30654.69649366696
 10
39950.17931532497
 20
30654.70103142958
 10
39950.25396199477
 20
30654.70246618269
1001
REVIT
1002
{
1070
     1
1000
1961636
1002
}
1002
{
1070
     5
1000
1739590
1002
}
1002
{
1070
     3
1000
1035229
1002
}
  0
LINE
  5
4FB
330
467
100
AcDbEntity
  8
P-SANR-FIXT
100
AcDbLine
 10
39983.38702720808
 20
30637.4043286368
 30
0.0
 11
39982.57694734173
 21
30652.86157329457
 31
0.0
1001
REVIT
1002
{
1070
     1
1000
1961636
1002
}
1002
{
1070
     5
1000
1739590
1002
}
1002
{
1070
     3
1000
1035229
1002
}
  0
LINE
  5
4FC
330
467
100
AcDbEntity
  8
P-SANR-FIXT
100
AcDbLine
 10
39948.3140656565
 20
30652.86157329457
 30
0.0
 11
39947.50398579015
 21
30637.4043286368
 31
0.0
1001
REVIT
1002
{
1070
     1
1000
1961636
1002
}
1002
{
1070
     5
1000
1739590
1002
}
1002
{
1070
     3
1000
1035229
1002
}
  0
LINE
  5
4FD
330
467
100
AcDbEntity
  8
P-SANR-FIXT
100
AcDbLine
 10
39980.70009080825
 20
30636.00000000004
 30
0.0
 11
39980.70009080825
 21
30637.4043286368
 31
0.0
1001
REVIT
1002
{
1070
     1
1000
1961636
1002
}
1002
{
1070
     5
1000
1739590
1002
}
1002
{
1070
     3
1000
1035229
1002
}
  0
LINE
  5
4FE
330
467
100
AcDbEntity
  8
P-SANR-FIXT
100
AcDbLine
 10
39950.19092218997
 20
30637.4043286368
 30
0.0
 11
39950.19092218997
 21
30636.00000000004
 31
0.0
1001
REVIT
1002
{
1070
     1
1000
1961636
1002
}
1002
{
1070
     5
1000
1739590
1002
}
1002
{
1070
     3
1000
1035229
1002
}
  0
LWPOLYLINE
  5
4FF
330
467
100
AcDbEntity
  8
P-SANR-FIXT
100
AcDbPolyline
 90
       25
 70
   128
 43
0.0
 10
39975.71921234731
 20
30655.55265110101
 10
39975.76639669543
 20
30655.48805401126
 10
39975.8161264957
 20
30655.42539546295
 10
39975.86832219109
 20
30655.3647756964
 10
39975.92290027957
 20
30655.3062916903
 10
39975.97977344787
 20
30655.25003700659
 10
39976.03885071105
 20
30655.19610164076
 10
39976.10003755809
 20
30655.14457187789
 10
39976.16323610309
 20
30655.0955301546
 10
39976.22834524185
 20
30655.04905492721
 10
39976.29526081364
 20
30655.00522054614
 10
39976.36387576784
 20
30654.96409713707
 10
39976.43408033512
 20
30654.92575048867
 10
39976.5057622032
 20
30654.8902419474
 10
39976.57880669632
 20
30654.85762831936
 10
39976.65309695894
 20
30654.82796177938
 10
39976.72851414244
 20
30654.80128978762
 10
39976.80493759543
 20
30654.77765501355
 10
39976.88224505669
 20
30654.75709526778
 10
39976.96031285076
 20
30654.73964344152
 10
39977.03901608586
 20
30654.72532745397
 10
39977.11822885354
 20
30654.71417020765
 10
39977.19782443034
 20
30654.70618955178
 10
39977.27767548026
 20
30654.70139825369
 10
39977.35751643588
 20
30654.69980397372
1001
REVIT
1002
{
1070
     1
1000
1961636
1002
}
1002
{
1070
     5
1000
1739590
1002
}
1002
{
1070
     3
1000
1035229
1002
}
  0
LWPOLYLINE
  5
500
330
467
100
AcDbEntity
  8
P-SANR-FIXT
100
AcDbPolyline
 90
       25
 70
   128
 43
0.0
 10
39953.53349656234
 20
30654.69980397372
 10
39953.61347523071
 20
30654.70140376039
 10
39953.69332595029
 20
30654.70620056111
 10
39953.77292097693
 20
30654.71418670201
 10
39953.85213297557
 20
30654.72534940696
 10
39953.93083522394
 20
30654.73967081803
 10
39954.0089018152
 20
30654.75712802401
 10
39954.08620785948
 20
30654.7776930971
 10
39954.16262968358
 20
30654.80133313755
 10
39954.23804502889
 20
30654.82801032636
 10
39954.31233324696
 20
30654.85768198571
 10
39954.38537549248
 20
30654.89030064727
 10
39954.45705491343
 20
30654.92581412816
 10
39954.52725683803
 20
30654.96416561436
 10
39954.59586895819
 20
30655.00529375169
 10
39954.66278150913
 20
30655.0491327439
 10
39954.72788744507
 20
30655.09561245794
 10
39954.79108261038
 20
30655.14465853621
 10
39954.85226590629
 20
30655.19619251543
 10
39954.91133945257
 20
30655.25013195224
 10
39954.96820874414
 20
30655.30639055502
 10
39955.02278280229
 20
30655.36487832203
 10
39955.07497432014
 20
30655.42550168532
 10
39955.12469980242
 20
30655.48816366043
 10
39955.17180065092
 20
30655.55265110101
1001
REVIT
1002
{
1070
     1
1000
1961636
1002
}
1002
{
1070
     5
1000
1739590
1002
}
1002
{
1070
     3
1000
1035229
1002
}
  0
LWPOLYLINE
  5
501
330
467
100
AcDbEntity
  8
P-SANR-FIXT
100
AcDbPolyline
 90
       25
 70
   128
 43
0.0
 10
39977.94926417544
 20
30662.27362972635
 10
39977.94766438876
 20
30662.19365105798
 10
39977.94286758805
 20
30662.11380033841
 10
39977.93488144715
 20
30662.03420531177
 10
39977.9237187422
 20
30661.95499331312
 10
39977.90939733113
 20
30661.87629106476
 10
39977.89194012515
 20
30661.79822447349
 10
39977.87137505206
 20
30661.72091842922
 10
39977.84773501161
 20
30661.64449660512
 10
39977.8210578228
 20
30661.56908125979
 10
39977.79138616345
 20
30661.49479304173
 10
39977.75876750188
 20
30661.42175079621
 10
39977.72325402101
 20
30661.35007137526
 10
39977.6849025348
 20
30661.27986945066
 10
39977.64377439747
 20
30661.21125733051
 10
39977.59993540527
 20
30661.14434477956
 10
39977.55345569121
 20
30661.07923884362
 10
39977.50440961295
 20
30661.01604367831
 10
39977.45287563372
 20
30660.9548603824
 10
39977.39893619693
 20
30660.89578683613
 10
39977.34267759414
 20
30660.83891754455
 10
39977.28418982713
 20
30660.7843434864
 10
39977.22356646385
 20
30660.73215196855
 10
39977.16090448873
 20
30660.68242648628
 10
39977.13616704009
 20
30660.66389012322
1001
REVIT
1002
{
1070
     1
1000
1961636
1002
}
1002
{
1070
     5
1000
1739590
1002
}
1002
{
1070
     3
1000
1035229
1002
}
  0
LWPOLYLINE
  5
502
330
467
100
AcDbEntity
  8
P-SANR-FIXT
100
AcDbPolyline
 90
       25
 70
   128
 43
0.0
 10
39953.75484595814
 20
30660.66389012322
 10
39953.6914229389
 20
30660.7126411985
 10
39953.63000017434
 20
30660.76388952244
 10
39953.5706759278
 20
30660.81755310864
 10
39953.5135451054
 20
30660.87354610683
 10
39953.4586991043
 20
30660.93177894013
 10
39953.40622566636
 20
30660.99215844844
 10
39953.35620873793
 20
30661.05458803743
 10
39953.30872833539
 20
30661.11896783308
 10
39953.26386041728
 20
30661.18519484144
 10
39953.22167676269
 20
30661.25316311343
 10
39953.18224485647
 20
30661.32276391431
 10
39953.14562778125
 20
30661.39388589765
 10
39953.11188411655
 20
30661.46641528345
 10
39953.08106784501
 20
30661.54023604016
 10
39953.05322826612
 20
30661.61523007032
 10
39953.02840991726
 20
30661.69127739948
 10
39953.0066525025
 20
30661.76825636813
 10
39952.98799082905
 20
30661.84604382635
 10
39952.9724547516
 20
30661.9245153308
 10
39952.96006912458
 20
30662.0035453438
 10
39952.95085376234
 20
30662.08300743421
 10
39952.9448234075
 20
30662.1627744796
 10
39952.94198770732
 20
30662.24271886976
 10
39952.94174882279
 20
30662.27362972635
1001
REVIT
1002
{
1070
     1
1000
1961636
1002
}
1002
{
1070
     5
1000
1739590
1002
}
1002
{
1070
     3
1000
1035229
1002
}
  0
LINE
  5
503
330
467
100
AcDbEntity
  8
P-SANR-FIXT
100
AcDbLine
 10
39965.44550649909
 20
30636.00000000003
 30
0.0
 11
39980.70009080824
 21
30636.00000000003
 31
0.0
1001
REVIT
1002
{
1070
     1
1000
1961636
1002
}
1002
{
1070
     5
1000
1739590
1002
}
1002
{
1070
     3
1000
1035229
1002
}
  0
LINE
  5
504
330
467
100
AcDbEntity
  8
P-SANR-FIXT
100
AcDbLine
 10
39950.19092218996
 20
30636.00000000003
 30
0.0
 11
39965.44550649909
 21
30636.00000000003
 31
0.0
1001
REVIT
1002
{
1070
     1
1000
1961636
1002
}
1002
{
1070
     5
1000
1739590
1002
}
1002
{
1070
     3
1000
1035229
1002
}
  0
LINE
  5
505
330
467
100
AcDbEntity
  8
P-SANR-FIXT
100
AcDbLine
 10
39976.94926417542
 20
30677.0
 30
0.0
 11
39965.44550649909
 21
30677.0
 31
0.0
1001
REVIT
1002
{
1070
     1
1000
1961636
1002
}
1002
{
1070
     5
1000
1739590
1002
}
1002
{
1070
     3
1000
1035229
1002
}
  0
LINE
  5
506
330
467
100
AcDbEntity
  8
P-SANR-FIXT
100
AcDbLine
 10
39965.44550649909
 20
30677.0
 30
0.0
 11
39953.94174882277
 21
30677.0
 31
0.0
1001
REVIT
1002
{
1070
     1
1000
1961636
1002
}
1002
{
1070
     5
1000
1739590
1002
}
1002
{
1070
     3
1000
1035229
1002
}
  0
LINE
  5
507
330
467
100
AcDbEntity
  8
P-SANR-FIXT
100
AcDbLine
 10
39975.94926417542
 20
30675.0
 30
0.0
 11
39965.44550649909
 21
30675.0
 31
0.0
1001
REVIT
1002
{
1070
     1
1000
1961636
1002
}
1002
{
1070
     5
1000
1739590
1002
}
1002
{
1070
     3
1000
1035229
1002
}
  0
LINE
  5
508
330
467
100
AcDbEntity
  8
P-SANR-FIXT
100
AcDbLine
 10
39965.44550649909
 20
30675.0
 30
0.0
 11
39954.94174882277
 21
30675.0
 31
0.0
1001
REVIT
1002
{
1070
     1
1000
1961636
1002
}
1002
{
1070
     5
1000
1739590
1002
}
1002
{
1070
     3
1000
1035229
1002
}
  0
LINE
  5
509
330
467
100
AcDbEntity
  8
P-SANR-FIXT
100
AcDbLine
 10
39980.5353853443
 20
30654.69980397371
 30
0.0
 11
39965.44550649909
 21
30654.69980397371
 31
0.0
1001
REVIT
1002
{
1070
     1
1000
1961636
1002
}
1002
{
1070
     5
1000
1739590
1002
}
1002
{
1070
     3
1000
1035229
1002
}
  0
LINE
  5
50A
330
467
100
AcDbEntity
  8
P-SANR-FIXT
100
AcDbLine
 10
39965.44550649909
 20
30654.69980397371
 30
0.0
 11
39950.35562765388
 21
30654.69980397371
 31
0.0
1001
REVIT
1002
{
1070
     1
1000
1961636
1002
}
1002
{
1070
     5
1000
1739590
1002
}
1002
{
1070
     3
1000
1035229
1002
}
  0
LINE
  5
50B
330
467
100
AcDbEntity
  8
P-SANR-FIXT
100
AcDbLine
 10
39983.38702720806
 20
30637.40432863679
 30
0.0
 11
39965.44550649909
 21
30637.40432863679
 31
0.0
1001
REVIT
1002
{
1070
     1
1000
1961636
1002
}
1002
{
1070
     5
1000
1739590
1002
}
1002
{
1070
     3
1000
1035229
1002
}
  0
LINE
  5
50C
330
467
100
AcDbEntity
  8
P-SANR-FIXT
100
AcDbLine
 10
39965.44550649909
 20
30637.40432863679
 30
0.0
 11
39947.50398579013
 21
30637.40432863679
 31
0.0
1001
REVIT
1002
{
1070
     1
1000
1961636
1002
}
1002
{
1070
     5
1000
1739590
1002
}
1002
{
1070
     3
1000
1035229
1002
}
  0
LWPOLYLINE
  5
50D
330
467
100
AcDbEntity
  8
P-SANR-FIXT
100
AcDbPolyline
 90
       80
 70
   128
 43
0.0
 10
39677.19829298193
 20
30194.25962293108
 10
39677.21457097017
 20
30194.30434633624
 10
39677.26337889362
 20
30194.43844500378
 10
39677.34463866998
 20
30194.66170440446
 10
39677.45822030097
 20
30194.97376737086
 10
39677.6039420802
 20
30195.3741346688
 10
39677.78157088389
 20
30195.86216579602
 10
39677.99082254388
 20
30196.43708000681
 10
39678.23136230213
 20
30197.09795756108
 10
39678.50280534634
 20
30197.84374119573
 10
39678.80471742557
 20
30198.67323781603
 10
39679.13661554486
 20
30199.58512040433
 10
39679.49796873803
 20
30200.57793014303
 10
39679.88819891706
 20
30201.65007874833
 10
39680.30668179692
 20
30202.79985101117
 10
39680.75274789426
 20
30204.0254075412
 10
39681.22568359849
 20
30205.32478770942
 10
39681.72473231336
 20
30206.69591278473
 10
39682.2490956674
 20
30208.13658925952
 10
39682.79793479107
 20
30209.64451235875
 10
39683.37037165888
 20
30211.21726972713
 10
39683.96549049396
 20
30212.85234528837
 10
39684.58233923309
 20
30214.54712327039
 10
39685.21993104992
 20
30216.29889238993
 10
39685.87724593353
 20
30218.10485019011
 10
39686.55323232031
 20
30219.96210752368
 10
39687.24680877628
 20
30221.86769317511
 10
39687.95686572705
 20
30223.81855861387
 10
39688.68226723297
 20
30225.8115828714
 10
39689.42185280635
 20
30227.84357753406
 10
39690.17443926809
 20
30229.91129184385
 10
39690.93882264036
 20
30232.01141789897
 10
39691.71378007283
 20
30234.14059594574
 10
39692.49807179893
 20
30236.29541975346
 10
39693.2904431192
 20
30238.47244206373
 10
39694.08962640856
 20
30240.66818010526
 10
39694.89434314424
 20
30242.87912116558
 10
39695.70330595111
 20
30245.10172821063
 10
39696.51522066126
 20
30247.33244554328
 10
39697.32878838433
 20
30249.56770449165
 10
39698.14270758556
 20
30251.80392911825
 10
39698.95567616781
 20
30254.03754194072
 10
39699.76639355479
 20
30256.26496965502
 10
39700.57356277164
 20
30258.48264885197
 10
39701.37589251977
 20
30260.68703171793
 10
39702.17209924275
 20
30262.87459171055
 10
39702.96090917969
 20
30265.04182920051
 10
39703.74106040293
 20
30267.18527707015
 10
39704.51130483697
 20
30269.30150626011
 10
39705.270410255
 20
30271.38713125513
 10
39706.01716225029
 20
30273.43881550012
 10
39706.75036617894
 20
30275.45327673796
 10
39707.46884907109
 20
30277.42729226041
 10
39708.17146150737
 20
30279.35770406373
 10
39708.85707945778
 20
30281.24142390082
 10
39709.52460607983
 20
30283.0754382218
 10
39710.17297347333
 20
30284.85681299497
 10
39710.80114438878
 20
30286.58269840071
 10
39711.40811388671
 20
30288.25033339055
 10
39711.99291094538
 20
30289.85705010423
 10
39712.55460001428
 20
30291.40027813778
 10
39713.09228251071
 20
30292.87754865552
 10
39713.60509825735
 20
30294.28649833978
 10
39714.09222685843
 20
30295.62487317163
 10
39714.55288901209
 20
30296.89053203682
 10
39714.98634775717
 20
30298.08145015118
 10
39715.39190965212
 20
30299.19572229976
 10
39715.76892588445
 20
30300.23156588482
 10
39716.11679330858
 20
30301.18732377761
 10
39716.43495541087
 20
30302.06146696937
 10
39716.72290319981
 20
30302.85259701748
 10
39716.98017602038
 20
30303.55944828261
 10
39717.20636229092
 20
30304.18088995354
 10
39717.40110016168
 20
30304.71592785615
 10
39717.56407809358
 20
30305.16370604395
 10
39717.69503535673
 20
30305.52350816734
 10
39717.79376244742
 20
30305.79475861968
 10
39717.86010142337
 20
30305.97702345813
 10
39717.89394615636
 20
30306.0700110978
 10
39717.89869003769
 20
30306.08304480461
1001
REVIT
1002
{
1070
     1
1000
1961636
1002
}
1002
{
1070
     5
1000
1739590
1002
}
1002
{
1070
     3
1000
1035229
1002
}
  0
LWPOLYLINE
  5
50E
330
467
100
AcDbEntity
  8
P-SANR-FIXT
100
AcDbPolyline
 90
       11
 70
   128
 43
0.0
 10
39717.89869003769
 20
30306.08304480461
 10
39717.88241204943
 20
30306.03832139946
 10
39717.83360412599
 20
30305.90422273191
 10
39717.75234434963
 20
30305.68096333124
 10
39717.63876271863
 20
30305.36890036483
 10
39717.49304093941
 20
30304.96853306689
 10
39717.31541213571
 20
30304.48050193967
 10
39717.10616047573
 20
30303.90558772888
 10
39716.86562071747
 20
30303.24471017461
 10
39716.59417767326
 20
30302.49892653996
 10
39716.29226559405
 20
30301.66942991967
1001
REVIT
1002
{
1070
     1
1000
1961636
1002
}
1002
{
1070
     5
1000
1739590
1002
}
1002
{
1070
     3
1000
1035229
1002
}
  0
LWPOLYLINE
  5
50F
330
467
100
AcDbEntity
  8
P-SANR-FIXT
100
AcDbPolyline
 90
        4
 70
   128
 43
0.0
 10
39715.96036747476
 20
30300.75754733136
 10
39715.59901428159
 20
30299.76473759266
 10
39715.20878410254
 20
30298.69258898737
 10
39714.79030122268
 20
30297.54281672452
1001
REVIT
1002
{
1070
     1
1000
1961636
1002
}
1002
{
1070
     5
1000
1739590
1002
}
1002
{
1070
     3
1000
1035229
1002
}
  0
LWPOLYLINE
  5
510
330
467
100
AcDbEntity
  8
P-SANR-FIXT
100
AcDbPolyline
 90
       15
 70
   128
 43
0.0
 10
39680.11063526243
 20
30202.26121758452
 10
39679.70507336748
 20
30201.14694543594
 10
39679.32805713517
 20
30200.11110185087
 10
39678.98018971103
 20
30199.15534395808
 10
39678.66202760874
 20
30198.28120076632
 10
39678.37407981979
 20
30197.49007071822
 10
39678.11680699922
 20
30196.78321945308
 10
39677.89062072868
 20
30196.16177778216
 10
39677.69588285793
 20
30195.62673987954
 10
39677.53290492601
 20
30195.17896169175
 10
39677.40194766287
 20
30194.81915956836
 10
39677.30322057219
 20
30194.54790911601
 10
39677.23688159624
 20
30194.36564427757
 10
39677.20303686324
 20
30194.27265663789
 10
39677.19829298193
 20
30194.25962293108
1001
REVIT
1002
{
1070
     1
1000
1961636
1002
}
1002
{
1070
     5
1000
1739590
1002
}
1002
{
1070
     3
1000
1035229
1002
}
  0
LWPOLYLINE
  5
511
330
467
100
AcDbEntity
  8
P-SANR-FIXT
100
AcDbPolyline
 90
       41
 70
   128
 43
0.0
 10
39677.19829298193
 20
30194.25962293108
 10
39677.19107857609
 20
30194.24097087978
 10
39677.18312405789
 20
30194.22262224741
 10
39677.17444215286
 20
30194.20460638788
 10
39677.16504675021
 20
30194.18695212271
 10
39677.15495288057
 20
30194.16968769497
 10
39677.14417669198
 20
30194.15284072406
 10
39677.13273542404
 20
30194.13643816153
 10
39677.12064738033
 20
30194.12050624799
 10
39677.10793189916
 20
30194.10507047111
 10
39677.09460932258
 20
30194.09015552482
 10
39677.08070096387
 20
30194.07578526987
 10
39677.06622907344
 20
30194.06198269559
 10
39677.05121680321
 20
30194.04876988316
 10
39677.03568816962
 20
30194.03616797027
 10
39677.0196680152
 20
30194.02419711728
 10
39677.00318196873
 20
30194.012876475
 10
39676.9862564044
 20
30194.00222415405
 10
39676.96891839949
 20
30193.99225719587
 10
39676.95119569112
 20
30193.98299154547
 10
39676.93311663183
 20
30193.97444202591
 10
39676.91471014427
 20
30193.96662231459
 10
39676.89600567488
 20
30193.95954492139
 10
39676.87703314683
 20
30193.95322116863
 10
39676.85782291211
 20
30193.94766117295
 10
39676.83840570302
 20
30193.94287382918
 10
39676.81881258293
 20
30193.93886679604
 10
39676.79907489666
 20
30193.93564648392
 10
39676.77922422029
 20
30193.93321804465
 10
39676.75929231069
 20
30193.93158536319
 10
39676.73931105464
 20
30193.9307510515
 10
39676.71931241788
 20
30193.9307164443
 10
39676.69932839398
 20
30193.93148159695
 10
39676.67939095313
 20
30193.93304528536
 10
39676.65953199096
 20
30193.93540500798
 10
39676.63978327756
 20
30193.93855698974
 10
39676.62017640669
 20
30193.94249618816
 10
39676.60074274515
 20
30193.94721630135
 10
39676.58151338264
 20
30193.95270977814
 10
39676.56251908206
 20
30193.95896783013
 10
39676.55743659986
 20
30193.96078669235
1001
REVIT
1002
{
1070
     1
1000
1961636
1002
}
1002
{
1070
     5
1000
1739590
1002
}
1002
{
1070
     3
1000
1035229
1002
}
  0
LWPOLYLINE
  5
512
330
467
100
AcDbEntity
  8
P-SANR-FIXT
100
AcDbPolyline
 90
       41
 70
   128
 43
0.0
 10
39717.59985379895
 20
30306.72390118666
 10
39717.61850585025
 20
30306.71668678083
 10
39717.63685448262
 20
30306.70873226263
 10
39717.65487034216
 20
30306.70005035761
 10
39717.67252460732
 20
30306.69065495496
 10
39717.68978903507
 20
30306.68056108532
 10
39717.70663600598
 20
30306.66978489673
 10
39717.7230385685
 20
30306.65834362878
 10
39717.73897048203
 20
30306.64625558508
 10
39717.75440625893
 20
30306.63354010391
 10
39717.76932120521
 20
30306.62021752733
 10
39717.78369146017
 20
30306.60630916861
 10
39717.79749403445
 20
30306.59183727818
 10
39717.81070684687
 20
30306.57682500795
 10
39717.82330875977
 20
30306.56129637437
 10
39717.83527961275
 20
30306.54527621994
 10
39717.84660025503
 20
30306.52879017348
 10
39717.85725257598
 20
30306.51186460914
 10
39717.86721953416
 20
30306.49452660423
 10
39717.87648518457
 20
30306.47680389586
 10
39717.88503470413
 20
30306.45872483657
 10
39717.89285441545
 20
30306.44031834901
 10
39717.89993180865
 20
30306.42161387962
 10
39717.90625556141
 20
30306.40264135158
 10
39717.91181555709
 20
30306.38343111686
 10
39717.91660290084
 20
30306.36401390777
 10
39717.920609934
 20
30306.34442078768
 10
39717.92383024611
 20
30306.32468310141
 10
39717.92625868539
 20
30306.30483242504
 10
39717.92789136684
 20
30306.28490051543
 10
39717.92872567853
 20
30306.26491925937
 10
39717.92876028574
 20
30306.24492062262
 10
39717.92799513309
 20
30306.22493659873
 10
39717.92643144467
 20
30306.20499915787
 10
39717.92407172206
 20
30306.1851401957
 10
39717.92091974029
 20
30306.16539148231
 10
39717.91698054187
 20
30306.14578461144
 10
39717.91226042868
 20
30306.1263509499
 10
39717.90676695189
 20
30306.10712158739
 10
39717.90050889991
 20
30306.08812728681
 10
39717.89869003769
 20
30306.08304480461
1001
REVIT
1002
{
1070
     1
1000
1961636
1002
}
1002
{
1070
     5
1000
1739590
1002
}
1002
{
1070
     3
1000
1035229
1002
}
  0
LINE
  5
513
330
467
100
AcDbEntity
  8
P-SANR-FIXT
100
AcDbLine
 10
39716.7645217899
 20
30302.96694315396
 30
0.0
 11
39715.82482916911
 21
30303.30896329729
 31
0.0
1001
REVIT
1002
{
1070
     1
1000
1961636
1002
}
1002
{
1070
     5
1000
1739590
1002
}
1002
{
1070
     3
1000
1035229
1002
}
  0
LINE
  5
514
330
467
100
AcDbEntity
  8
P-SANR-FIXT
100
AcDbLine
 10
39677.39276860893
 20
30197.71774472506
 30
0.0
 11
39678.33246122971
 21
30197.37572458173
 31
0.0
1001
REVIT
1002
{
1070
     1
1000
1961636
1002
}
1002
{
1070
     5
1000
1739590
1002
}
1002
{
1070
     3
1000
1035229
1002
}
  0
LWPOLYLINE
  5
515
330
467
100
AcDbEntity
  8
P-SANR-FIXT
100
AcDbPolyline
 90
       80
 70
   128
 43
0.0
 10
39705.68035879408
 20
30310.53015368969
 10
39705.66408080584
 20
30310.48543028453
 10
39705.6152728824
 20
30310.35133161698
 10
39705.53401310602
 20
30310.12807221631
 10
39705.42043147504
 20
30309.8160092499
 10
39705.27470969581
 20
30309.41564195197
 10
39705.09708089211
 20
30308.92761082475
 10
39704.88782923213
 20
30308.35269661396
 10
39704.64728947389
 20
30307.69181905969
 10
39704.37584642966
 20
30306.94603542504
 10
39704.07393435045
 20
30306.11653880474
 10
39703.74203623116
 20
30305.20465621643
 10
39703.38068303799
 20
30304.21184647773
 10
39702.99045285895
 20
30303.13969787244
 10
39702.5719699791
 20
30301.9899256096
 10
39702.12590388175
 20
30300.76436907957
 10
39701.65296817752
 20
30299.46498891136
 10
39701.15391946266
 20
30298.09386383604
 10
39700.62955610862
 20
30296.65318736125
 10
39700.08071698495
 20
30295.14526426202
 10
39699.50828011713
 20
30293.57250689365
 10
39698.91316128206
 20
30291.9374313324
 10
39698.29631254292
 20
30290.24265335038
 10
39697.65872072609
 20
30288.49088423083
 10
39697.00140584249
 20
30286.68492643066
 10
39696.3254194557
 20
30284.82766909709
 10
39695.63184299974
 20
30282.92208344565
 10
39694.92178604896
 20
30280.9712180069
 10
39694.19638454305
 20
30278.97819374936
 10
39693.45679896965
 20
30276.9461990867
 10
39692.70421250793
 20
30274.87848477692
 10
39691.93982913566
 20
30272.7783587218
 10
39691.16487170317
 20
30270.64918067504
 10
39690.38057997708
 20
30268.49435686731
 10
39689.58820865681
 20
30266.31733455703
 10
39688.78902536745
 20
30264.1215965155
 10
39687.98430863177
 20
30261.91065545519
 10
39687.1753458249
 20
30259.68804841014
 10
39686.36343111475
 20
30257.45733107749
 10
39685.54986339167
 20
30255.22207212912
 10
39684.73594419046
 20
30252.98584750252
 10
39683.92297560819
 20
30250.75223468005
 10
39683.11225822121
 20
30248.52480696575
 10
39682.30508900438
 20
30246.3071277688
 10
39681.50275925624
 20
30244.10274490284
 10
39680.70655253326
 20
30241.91518491021
 10
39679.91774259632
 20
30239.74794742025
 10
39679.13759137308
 20
30237.60449955062
 10
39678.36734693904
 20
30235.48827036065
 10
39677.60824152101
 20
30233.40264536564
 10
39676.86148952572
 20
30231.35096112065
 10
39676.12828559707
 20
30229.3364998828
 10
39675.40980270491
 20
30227.36248436036
 10
39674.70719026864
 20
30225.43207255704
 10
39674.02157231824
 20
30223.54835271995
 10
39673.35404569618
 20
30221.71433839898
 10
39672.70567830267
 20
30219.9329636258
 10
39672.07750738723
 20
30218.20707822006
 10
39671.47053788931
 20
30216.53944323022
 10
39670.88574083062
 20
30214.93272651653
 10
39670.32405176173
 20
30213.389498483
 10
39669.78636926531
 20
30211.91222796524
 10
39669.27355351867
 20
30210.50327828098
 10
39668.78642491758
 20
30209.16490344914
 10
39668.32576276392
 20
30207.89924458394
 10
39667.89230401885
 20
30206.70832646959
 10
39667.48674212388
 20
30205.59405432101
 10
39667.10972589156
 20
30204.55821073594
 10
39666.76185846743
 20
30203.60245284315
 10
39666.44369636513
 20
30202.7283096514
 10
39666.1557485762
 20
30201.93717960329
 10
39665.89847575563
 20
30201.23032833816
 10
39665.67228948509
 20
30200.60888666723
 10
39665.47755161432
 20
30200.07384876461
 10
39665.31457368242
 20
30199.62607057682
 10
39665.18361641928
 20
30199.26626845343
 10
39665.08488932859
 20
30198.99501800108
 10
39665.01855035265
 20
30198.81275316264
 10
39664.98470561965
 20
30198.71976552297
 10
39664.97996173833
 20
30198.70673181615
1001
REVIT
1002
{
1070
     1
1000
1961636
1002
}
1002
{
1070
     5
1000
1739590
1002
}
1002
{
1070
     3
1000
1035229
1002
}
  0
LWPOLYLINE
  5
516
330
467
100
AcDbEntity
  8
P-SANR-FIXT
100
AcDbPolyline
 90
       11
 70
   128
 43
0.0
 10
39664.97996173833
 20
30198.70673181615
 10
39664.99623972657
 20
30198.75145522131
 10
39665.04504765003
 20
30198.88555388885
 10
39665.12630742639
 20
30199.10881328953
 10
39665.23988905738
 20
30199.42087625593
 10
39665.3856108366
 20
30199.82124355388
 10
39665.5632396403
 20
30200.30927468109
 10
39665.77249130028
 20
30200.88418889189
 10
39666.01303105854
 20
30201.54506644616
 10
39666.28447410275
 20
30202.2908500808
 10
39666.58638618196
 20
30203.1203467011
1001
REVIT
1002
{
1070
     1
1000
1961636
1002
}
1002
{
1070
     5
1000
1739590
1002
}
1002
{
1070
     3
1000
1035229
1002
}
  0
LWPOLYLINE
  5
517
330
467
100
AcDbEntity
  8
P-SANR-FIXT
100
AcDbPolyline
 90
       69
 70
   128
 43
0.0
 10
39666.91828430126
 20
30204.03222928941
 10
39667.27963749443
 20
30205.02503902811
 10
39667.66986767346
 20
30206.0971876334
 10
39668.08835055332
 20
30207.24695989624
 10
39668.53441665066
 20
30208.47251642627
 10
39669.00735235489
 20
30209.77189659449
 10
39669.50640106976
 20
30211.1430216698
 10
39670.03076442379
 20
30212.58369814459
 10
39670.57960354748
 20
30214.09162124382
 10
39671.15204041529
 20
30215.6643786122
 10
39671.74715925036
 20
30217.29945417345
 10
39672.36400798951
 20
30218.99423215546
 10
39673.00159980633
 20
30220.746001275
 10
39673.65891468992
 20
30222.55195907518
 10
39674.33490107672
 20
30224.40921640875
 10
39675.02847753269
 20
30226.31480206019
 10
39675.73853448346
 20
30228.26566749894
 10
39676.46393598937
 20
30230.25869175647
 10
39677.20352156276
 20
30232.29068641913
 10
39677.95610802449
 20
30234.35840072892
 10
39678.72049139677
 20
30236.45852678405
 10
39679.49544882924
 20
30238.5877048308
 10
39680.27974055534
 20
30240.74252863853
 10
39681.07211187561
 20
30242.9195509488
 10
39681.87129516497
 20
30245.11528899033
 10
39682.67601190064
 20
30247.32623005065
 10
39683.48497470751
 20
30249.54883709571
 10
39684.29688941766
 20
30251.77955442835
 10
39685.11045714075
 20
30254.01481337672
 10
39685.92437634196
 20
30256.25103800332
 10
39686.73734492422
 20
30258.48465082579
 10
39687.5480623112
 20
30260.71207854009
 10
39688.35523152804
 20
30262.92975773704
 10
39689.15756127618
 20
30265.134140603
 10
39689.95376799917
 20
30267.32170059563
 10
39690.7425779361
 20
30269.48893808559
 10
39691.52272915935
 20
30271.63238595522
 10
39692.29297359337
 20
30273.74861514518
 10
39693.0520790114
 20
30275.8342401402
 10
39693.79883100669
 20
30277.88592438519
 10
39694.53203493535
 20
30279.90038562304
 10
39695.2505178275
 20
30281.87440114549
 10
39695.95313026378
 20
30283.8048129488
 10
39696.63874821418
 20
30285.68853278589
 10
39697.30627483624
 20
30287.52254710686
 10
39697.95464222975
 20
30289.30392188004
 10
39698.58281314519
 20
30291.02980728578
 10
39699.18978264311
 20
30292.69744227562
 10
39699.77457970179
 20
30294.30415898931
 10
39700.33626877069
 20
30295.84738702285
 10
39700.8739512671
 20
30297.3246575406
 10
39701.38676701375
 20
30298.73360722486
 10
39701.87389561484
 20
30300.07198205671
 10
39702.33455776849
 20
30301.33764092189
 10
39702.76801651357
 20
30302.52855903625
 10
39703.17357840853
 20
30303.64283118483
 10
39703.55059464085
 20
30304.6786747699
 10
39703.89846206498
 20
30305.63443266268
 10
39704.21662416728
 20
30306.50857585444
 10
39704.50457195622
 20
30307.29970590255
 10
39704.76184477678
 20
30308.00655716768
 10
39704.98803104733
 20
30308.62799883861
 10
39705.18276891809
 20
30309.16303674122
 10
39705.34574685
 20
30309.61081492901
 10
39705.47670411314
 20
30309.97061705241
 10
39705.57543120382
 20
30310.24186750476
 10
39705.64177017977
 20
30310.4241323432
 10
39705.67561491277
 20
30310.51711998288
 10
39705.68035879408
 20
30310.53015368969
1001
REVIT
1002
{
1070
     1
1000
1961636
1002
}
1002
{
1070
     5
1000
1739590
1002
}
1002
{
1070
     3
1000
1035229
1002
}
  0
LWPOLYLINE
  5
518
330
467
100
AcDbEntity
  8
P-SANR-FIXT
100
AcDbPolyline
 90
       41
 70
   128
 43
0.0
 10
39665.27879797705
 20
30198.0658754341
 10
39665.26014592576
 20
30198.07308983994
 10
39665.24179729339
 20
30198.08104435813
 10
39665.22378143385
 20
30198.08972626315
 10
39665.20612716869
 20
30198.09912166581
 10
39665.18886274095
 20
30198.10921553545
 10
39665.17201577004
 20
30198.11999172404
 10
39665.15561320751
 20
30198.13143299198
 10
39665.13968129398
 20
30198.14352103569
 10
39665.12424551708
 20
30198.15623651685
 10
39665.10933057081
 20
30198.16955909344
 10
39665.09496031585
 20
30198.18346745215
 10
39665.08115774157
 20
30198.19793934259
 10
39665.06794492914
 20
30198.21295161281
 10
39665.05534301624
 20
30198.22848024639
 10
39665.04337216326
 20
30198.24450040083
 10
39665.03205152098
 20
30198.26098644729
 10
39665.02139920002
 20
30198.27791201162
 10
39665.01143224185
 20
30198.29525001653
 10
39665.00216659144
 20
30198.31297272491
 10
39664.99361707188
 20
30198.33105178419
 10
39664.98579736056
 20
30198.34945827176
 10
39664.97871996736
 20
30198.36816274114
 10
39664.9723962146
 20
30198.38713526919
 10
39664.96683621893
 20
30198.4063455039
 10
39664.96204887517
 20
30198.42576271299
 10
39664.95804184202
 20
30198.44535583309
 10
39664.9548215299
 20
30198.46509351936
 10
39664.95239309062
 20
30198.48494419573
 10
39664.95076040917
 20
30198.50487610534
 10
39664.94992609747
 20
30198.52485736139
 10
39664.94989149027
 20
30198.54485599814
 10
39664.95065664291
 20
30198.56484002203
 10
39664.95222033134
 20
30198.5847774629
 10
39664.95458005395
 20
30198.60463642507
 10
39664.95773203572
 20
30198.62438513846
 10
39664.96167123413
 20
30198.64399200933
 10
39664.96639134733
 20
30198.66342567087
 10
39664.97188482412
 20
30198.68265503337
 10
39664.97814287611
 20
30198.70164933396
 10
39664.97996173833
 20
30198.70673181615
1001
REVIT
1002
{
1070
     1
1000
1961636
1002
}
1002
{
1070
     5
1000
1739590
1002
}
1002
{
1070
     3
1000
1035229
1002
}
  0
LWPOLYLINE
  5
519
330
467
100
AcDbEntity
  8
P-SANR-FIXT
100
AcDbPolyline
 90
       41
 70
   128
 43
0.0
 10
39705.68035879408
 20
30310.53015368969
 10
39705.68757319993
 20
30310.54880574099
 10
39705.69552771812
 20
30310.56715437336
 10
39705.70420962315
 20
30310.58517023289
 10
39705.71360502581
 20
30310.60282449806
 10
39705.72369889544
 20
30310.6200889258
 10
39705.73447508404
 20
30310.63693589671
 10
39705.74591635198
 20
30310.65333845923
 10
39705.75800439568
 20
30310.66927037277
 10
39705.77071987685
 20
30310.68470614966
 10
39705.78404245342
 20
30310.69962109595
 10
39705.79795081215
 20
30310.7139913509
 10
39705.81242270258
 20
30310.72779392518
 10
39705.8274349728
 20
30310.7410067376
 10
39705.84296360638
 20
30310.7536086505
 10
39705.85898376081
 20
30310.76557950349
 10
39705.87546980728
 20
30310.77690014577
 10
39705.89239537162
 20
30310.78755246672
 10
39705.90973337653
 20
30310.79751942489
 10
39705.92745608489
 20
30310.8067850753
 10
39705.94553514417
 20
30310.81533459486
 10
39705.96394163175
 20
30310.82315430618
 10
39705.98264610114
 20
30310.83023169938
 10
39706.00161862918
 20
30310.83655545214
 10
39706.0208288639
 20
30310.84211544781
 10
39706.04024607299
 20
30310.84690279158
 10
39706.05983919309
 20
30310.85090982473
 10
39706.07957687934
 20
30310.85413013684
 10
39706.09942755572
 20
30310.85655857612
 10
39706.11935946533
 20
30310.85819125758
 10
39706.13934072138
 20
30310.85902556927
 10
39706.15933935814
 20
30310.85906017647
 10
39706.17932338203
 20
30310.85829502383
 10
39706.19926082289
 20
30310.85673133541
 10
39706.21911978506
 20
30310.85437161279
 10
39706.23886849845
 20
30310.85121963102
 10
39706.25847536932
 20
30310.84728043261
 10
39706.27790903086
 20
30310.84256031942
 10
39706.29713839336
 20
30310.83706684263
 10
39706.31613269395
 20
30310.83080879064
 10
39706.32121517615
 20
30310.82898992841
1001
REVIT
1002
{
1070
     1
1000
1961636
1002
}
1002
{
1070
     5
1000
1739590
1002
}
1002
{
1070
     3
1000
1035229
1002
}
  0
LINE
  5
51A
330
467
100
AcDbEntity
  8
P-SANR-FIXT
100
AcDbLine
 10
39717.59985379895
 20
30306.72390118666
 30
0.0
 11
39706.32121517615
 21
30310.82898992841
 31
0.0
1001
REVIT
1002
{
1070
     1
1000
1961636
1002
}
1002
{
1070
     5
1000
1739590
1002
}
1002
{
1070
     3
1000
1035229
1002
}
  0
LINE
  5
51B
330
467
100
AcDbEntity
  8
P-SANR-FIXT
100
AcDbLine
 10
39665.27879797705
 20
30198.0658754341
 30
0.0
 11
39676.55743659986
 21
30193.96078669235
 31
0.0
1001
REVIT
1002
{
1070
     1
1000
1961636
1002
}
1002
{
1070
     5
1000
1739590
1002
}
1002
{
1070
     3
1000
1035229
1002
}
  0
LINE
  5
51C
330
467
100
AcDbEntity
  8
P-SANR-FIXT
100
AcDbLine
 10
39717.10654193321
 20
30303.90663577474
 30
0.0
 11
39677.99044108637
 21
30196.43603196094
 31
0.0
1001
REVIT
1002
{
1070
     1
1000
1961636
1002
}
1002
{
1070
     5
1000
1739590
1002
}
1002
{
1070
     3
1000
1035229
1002
}
  0
LINE
  5
51D
330
467
100
AcDbEntity
  8
P-SANR-FIXT
100
AcDbLine
 10
39717.10654193321
 20
30303.90663577474
 30
0.0
 11
39715.16968605816
 21
30298.5851679933
 31
0.0
1001
REVIT
1002
{
1070
     1
1000
1961636
1002
}
1002
{
1070
     5
1000
1739590
1002
}
1002
{
1070
     3
1000
1035229
1002
}
  0
LINE
  5
51E
330
467
100
AcDbEntity
  8
P-SANR-FIXT
100
AcDbLine
 10
39679.92729696142
 20
30201.75749974239
 30
0.0
 11
39677.99044108637
 21
30196.43603196094
 31
0.0
1001
REVIT
1002
{
1070
     1
1000
1961636
1002
}
1002
{
1070
     5
1000
1739590
1002
}
1002
{
1070
     3
1000
1035229
1002
}
  0
LINE
  5
51F
330
467
100
AcDbEntity
  8
P-SANR-FIXT
100
AcDbLine
 10
39716.76452178989
 20
30302.96694315395
 30
0.0
 11
39678.3324612297
 21
30197.37572458172
 31
0.0
1001
REVIT
1002
{
1070
     1
1000
1961636
1002
}
1002
{
1070
     5
1000
1739590
1002
}
1002
{
1070
     3
1000
1035229
1002
}
  0
LINE
  5
520
330
467
100
AcDbEntity
  8
P-SANR-FIXT
100
AcDbLine
 10
39716.76452178989
 20
30302.96694315395
 30
0.0
 11
39714.86153655682
 21
30297.73853419657
 31
0.0
1001
REVIT
1002
{
1070
     1
1000
1961636
1002
}
1002
{
1070
     5
1000
1739590
1002
}
1002
{
1070
     3
1000
1035229
1002
}
  0
LINE
  5
521
330
467
100
AcDbEntity
  8
P-SANR-FIXT
100
AcDbLine
 10
39680.23544646275
 20
30202.60413353912
 30
0.0
 11
39678.3324612297
 21
30197.37572458172
 31
0.0
1001
REVIT
1002
{
1070
     1
1000
1961636
1002
}
1002
{
1070
     5
1000
1739590
1002
}
1002
{
1070
     3
1000
1035229
1002
}
  0
LINE
  5
522
330
467
100
AcDbEntity
  8
P-SANR-FIXT
100
AcDbLine
 10
39632.8067907298
 20
29521.00000000012
 30
0.0
 11
39632.8067907298
 21
29511.00000000014
 31
0.0
1001
REVIT
1002
{
1070
     1
1000
1961636
1002
}
1002
{
1070
     5
1000
1739590
1002
}
1002
{
1070
     3
1000
1035229
1002
}
  0
LWPOLYLINE
  5
523
330
467
100
AcDbEntity
  8
P-SANR-FIXT
100
AcDbPolyline
 90
       18
 70
   128
 43
0.0
 10
39632.80679072983
 20
29521.0000000001
 10
39633.61273887322
 20
29522.38206594464
 10
39634.36277444713
 20
29523.79525571347
 10
39635.05569755464
 20
29525.23730850444
 10
39635.6903996666
 20
29526.7059173407
 10
39636.26586539503
 20
29528.1987327614
 10
39636.78117411751
 20
29529.71336658032
 10
39637.23550145003
 20
29531.24739570644
 10
39637.62812056577
 20
29532.79836602042
 10
39637.95840335789
 20
29534.3637963006
 10
39638.22582144439
 20
29535.94118219247
 10
39638.42994701337
 20
29537.5280002151
 10
39638.57045350746
 20
29539.12171179816
 10
39638.64711614626
 20
29540.7197673431
 10
39638.65981228588
 20
29542.31961030192
 10
39638.60852161522
 20
29543.9186812672
 10
39638.4933261884
 20
29545.51442206648
 10
39638.44550649914
 20
29545.99999999984
1001
REVIT
1002
{
1070
     1
1000
1961636
1002
}
1002
{
1070
     5
1000
1739590
1002
}
1002
{
1070
     3
1000
1035229
1002
}
  0
LINE
  5
524
330
467
100
AcDbEntity
  8
P-SANR-FIXT
100
AcDbLine
 10
39632.80679072978
 20
29521.00000000011
 30
0.0
 11
39643.44550649909
 21
29521.00000000011
 31
0.0
1001
REVIT
1002
{
1070
     1
1000
1961636
1002
}
1002
{
1070
     5
1000
1739590
1002
}
1002
{
1070
     3
1000
1035229
1002
}
  0
LINE
  5
525
330
467
100
AcDbEntity
  8
P-SANR-FIXT
100
AcDbLine
 10
39636.06551842365
 20
29511.00000000013
 30
0.0
 11
39632.80679072978
 21
29511.00000000013
 31
0.0
1001
REVIT
1002
{
1070
     1
1000
1961636
1002
}
1002
{
1070
     5
1000
1739590
1002
}
1002
{
1070
     3
1000
1035229
1002
}
  0
LINE
  5
526
330
467
100
AcDbEntity
  8
P-SANR-FIXT
100
AcDbLine
 10
39643.44550649909
 20
29511.00000000013
 30
0.0
 11
39640.49934676221
 21
29511.00000000013
 31
0.0
1001
REVIT
1002
{
1070
     1
1000
1961636
1002
}
1002
{
1070
     5
1000
1739590
1002
}
1002
{
1070
     3
1000
1035229
1002
}
  0
LINE
  5
527
330
467
100
AcDbEntity
  8
P-SANR-FIXT
100
AcDbLine
 10
39643.44550649909
 20
29545.99999999982
 30
0.0
 11
39638.44550649912
 21
29545.99999999982
 31
0.0
1001
REVIT
1002
{
1070
     1
1000
1961636
1002
}
1002
{
1070
     5
1000
1739590
1002
}
1002
{
1070
     3
1000
1035229
1002
}
  0
LINE
  5
528
330
467
100
AcDbEntity
  8
P-SANR-FIXT
100
AcDbLine
 10
39636.46998282362
 20
29481.11415905732
 30
0.0
 11
39636.46998282362
 21
29406.11415905732
 31
0.0
1001
REVIT
1002
{
1070
     1
1000
1961636
1002
}
1002
{
1070
     5
1000
1739590
1002
}
1002
{
1070
     3
1000
1035229
1002
}
  0
LINE
  5
529
330
467
100
AcDbEntity
  8
P-SANR-FIXT
100
AcDbLine
 10
39650.46998282362
 20
29406.11415905732
 30
0.0
 11
39650.46998282362
 21
29481.11415905732
 31
0.0
1001
REVIT
1002
{
1070
     1
1000
1961636
1002
}
1002
{
1070
     5
1000
1739590
1002
}
1002
{
1070
     3
1000
1035229
1002
}
  0
LWPOLYLINE
  5
52A
330
467
100
AcDbEntity
  8
P-SANR-FIXT
100
AcDbPolyline
 90
       80
 70
   128
 43
0.0
 10
39656.78193442297
 20
29406.11415905732
 10
39656.77936446123
 20
29404.68832478295
 10
39656.7716580353
 20
29403.26465114943
 10
39656.75882550088
 20
29401.84529420193
 10
39656.74088404306
 20
29400.43240077302
 10
39656.71785756188
 20
29399.02810382169
 10
39656.68977650709
 20
29397.63451770324
 10
39656.65667765587
 20
29396.25373334071
 10
39656.6186038257
 20
29394.88781326257
 10
39656.57560351086
 20
29393.53878646331
 10
39656.52773042772
 20
29392.20864303219
 10
39656.47504294816
 20
29390.89932848098
 10
39656.41760339376
 20
29389.6127376811
 10
39656.35547715344
 20
29388.35070829403
 10
39656.2887315737
 20
29387.11501354256
 10
39656.2174345514
 20
29385.90735412107
 10
39656.14165273199
 20
29384.72934897551
 10
39656.06144917617
 20
29383.5825245894
 10
39655.97688030047
 20
29382.46830228078
 10
39655.88799181057
 20
29381.38798282738
 10
39655.79481321566
 20
29380.34272746774
 10
39655.6973503102
 20
29379.33353393259
 10
39655.5955746931
 20
29378.36120557638
 10
39655.48940888542
 20
29377.42631079952
 10
39655.37870477321
 20
29376.52912860037
 10
39655.26321169646
 20
29375.66957398441
 10
39655.14252807297
 20
29374.84709358769
 10
39655.01602610544
 20
29374.06051638094
 10
39654.8827311118
 20
29373.30783517927
 10
39654.74112167486
 20
29372.58587914315
 10
39654.58878616966
 20
29371.88981055289
 10
39654.42180718224
 20
29371.21233207525
 10
39654.23360460018
 20
29370.54240922019
 10
39654.01264219811
 20
29369.86318081544
 10
39653.73760841732
 20
29369.14857370896
 10
39653.36668132619
 20
29368.35828868496
 10
39652.81262337153
 20
29367.43336507178
 10
39651.887425366
 20
29366.31027326425
 10
39650.22593866066
 20
29365.03865896087
 10
39647.4928083479
 20
29364.14181123895
 10
39644.3751058962
 20
29364.44616077875
 10
39642.13975291972
 20
29365.6255225662
 10
39640.87406159962
 20
29366.85411688419
 10
39640.15289408196
 20
29367.88017340374
 10
39639.69858242555
 20
29368.73467484752
 10
39639.37903273676
 20
29369.48398750874
 10
39639.13247697144
 20
29370.17830274679
 10
39638.92848818378
 20
29370.85066526479
 10
39638.75111213145
 20
29371.52238433991
 10
39638.59149189976
 20
29372.20731039273
 10
39638.44446898752
 20
29372.91455724684
 10
39638.30692108661
 20
29373.65016682172
 10
39638.17690212151
 20
29374.41813220639
 10
39638.05317422471
 20
29375.22103884751
 10
39637.93494133502
 20
29376.06047623025
 10
39637.82169143798
 20
29376.93730889798
 10
39637.71309981401
 20
29377.85185928817
 10
39637.60896782518
 20
29378.80403400435
 10
39637.50918309237
 20
29379.79341300121
 10
39637.41369292957
 20
29380.81931394916
 10
39637.32248621301
 20
29381.88083967042
 10
39637.23558074647
 20
29382.97691382723
 10
39637.15301428613
 20
29384.10630832784
 10
39637.07483805065
 20
29385.26766480923
 10
39637.00111195052
 20
29386.45951182837
 10
39636.93190102677
 20
29387.68027890789
 10
39636.86727275468
 20
29388.92830825192
 10
39636.80729497511
 20
29390.20186472004
 10
39636.75203428862
 20
29391.49914448848
 10
39636.70155479529
 20
29392.81828271473
 10
39636.65591709707
 20
29394.15736044122
 10
39636.61517750191
 20
29395.51441091526
 10
39636.57938738616
 20
29396.88742545953
 10
39636.54859268227
 20
29398.27435899606
 10
39636.5228334683
 20
29399.67313530312
 10
39636.50214364118
 20
29401.08165206718
 10
39636.48655066058
 20
29402.49778577876
 10
39636.47607535378
 20
29403.91939651177
 10
39636.47073177437
 20
29405.34433261846
 10
39636.46998282363
 20
29406.11415905732
1001
REVIT
1002
{
1070
     1
1000
1961636
1002
}
1002
{
1070
     5
1000
1739590
1002
}
1002
{
1070
     3
1000
1035229
1002
}
  0
LWPOLYLINE
  5
52B
330
467
100
AcDbEntity
  8
P-SANR-FIXT
100
AcDbPolyline
 90
       35
 70
   128
 43
0.0
 10
39652.44618844622
 20
29374.50833304049
 10
39652.42491547029
 20
29374.57515859234
 10
39652.37335955832
 20
29374.75923385618
 10
39652.30362214941
 20
29375.04213817827
 10
39652.22275733631
 20
29375.41117848011
 10
39652.13510839972
 20
29375.85727471273
 10
39652.0434844246
 20
29376.37366846585
 10
39651.94978526153
 20
29376.95512336715
 10
39651.85534957186
 20
29377.59741917498
 10
39651.76115689858
 20
29378.29702414036
 10
39651.66794935342
 20
29379.05087797901
 10
39651.5763072886
 20
29379.856245096
 10
39651.48669770349
 20
29380.7106134689
 10
39651.39950599218
 20
29381.61162386274
 10
39651.31505722912
 20
29382.55701961387
 10
39651.23363072141
 20
29383.54461063229
 10
39651.15547012979
 20
29384.5722474095
 10
39651.08079061532
 20
29385.63780218532
 10
39651.00978395319
 20
29386.73915531631
 10
39650.94262223413
 20
29387.8741854788
 10
39650.87946057052
 20
29389.04076273635
 10
39650.82043909138
 20
29390.23674377396
 10
39650.76568442353
 20
29391.45996879001
 10
39650.71531079743
 20
29392.70825966952
 10
39650.66942087635
 20
29393.97941915728
 10
39650.62810638
 20
29395.27123081724
 10
39650.59144855415
 20
29396.58145961405
 10
39650.5595185243
 20
29397.90785298923
 10
39650.53237756162
 20
29399.24814233103
 10
39650.51007728173
 20
29400.60004475717
 10
39650.49265979218
 20
29401.96126514452
 10
39650.48015779977
 20
29403.3294983508
 10
39650.4725946866
 20
29404.70243158159
 10
39650.46998456046
 20
29406.07774686187
 10
39650.46998282363
 20
29406.11415905732
1001
REVIT
1002
{
1070
     1
1000
1961636
1002
}
1002
{
1070
     5
1000
1739590
1002
}
1002
{
1070
     3
1000
1035229
1002
}
  0
LWPOLYLINE
  5
52C
330
467
100
AcDbEntity
  8
P-SANR-FIXT
100
AcDbPolyline
 90
        5
 70
   128
 43
0.0
 10
39640.80572880036
 20
29374.50833304049
 10
39640.82700177632
 20
29374.57515859234
 10
39640.87855768828
 20
29374.75923385618
 10
39640.9482950972
 20
29375.04213817827
 10
39641.02915991029
 20
29375.41117848011
1001
REVIT
1002
{
1070
     1
1000
1961636
1002
}
1002
{
1070
     5
1000
1739590
1002
}
1002
{
1070
     3
1000
1035229
1002
}
  0
LINE
  5
52D
330
467
100
AcDbEntity
  8
P-SANR-FIXT
100
AcDbLine
 10
39656.78193442297
 20
29406.11415905732
 30
0.0
 11
39656.78193442297
 21
30058.531477046
 31
0.0
1001
REVIT
1002
{
1070
     1
1000
1961636
1002
}
1002
{
1070
     5
1000
1739590
1002
}
1002
{
1070
     3
1000
1035229
1002
}
  0
LINE
  5
52E
330
467
100
AcDbEntity
  8
P-SANR-FIXT
100
AcDbLine
 10
39642.78193442297
 20
30058.531477046
 30
0.0
 11
39642.78193442297
 21
29586.98659615432
 31
0.0
1001
REVIT
1002
{
1070
     1
1000
1961636
1002
}
1002
{
1070
     5
1000
1739590
1002
}
1002
{
1070
     3
1000
1035229
1002
}
  0
LINE
  5
52F
330
467
100
AcDbEntity
  8
P-SANR-FIXT
100
AcDbLine
 10
39642.78193442297
 20
29554.99999999986
 30
0.0
 11
39642.78193442297
 21
29545.99999999984
 31
0.0
1001
REVIT
1002
{
1070
     1
1000
1961636
1002
}
1002
{
1070
     5
1000
1739590
1002
}
1002
{
1070
     3
1000
1035229
1002
}
  0
LINE
  5
530
330
467
100
AcDbEntity
  8
P-SANR-FIXT
100
AcDbLine
 10
39632.8067907298
 20
29511.00000000007
 30
0.0
 11
39635.42146301224
 21
29481.11415905732
 31
0.0
1001
REVIT
1002
{
1070
     1
1000
1961636
1002
}
1002
{
1070
     5
1000
1739590
1002
}
1002
{
1070
     3
1000
1035229
1002
}
  0
LINE
  5
531
330
467
100
AcDbEntity
  8
P-SANR-FIXT
100
AcDbLine
 10
39651.46954998599
 20
29481.11415905732
 30
0.0
 11
39652.6117526959
 21
29494.16959577182
 31
0.0
1001
REVIT
1002
{
1070
     1
1000
1961636
1002
}
1002
{
1070
     5
1000
1739590
1002
}
1002
{
1070
     3
1000
1035229
1002
}
  0
LINE
  5
532
330
467
100
AcDbEntity
  8
P-SANR-FIXT
100
AcDbLine
 10
39633.222864178
 20
29511.00000000006
 30
0.0
 11
39632.80679072978
 21
29511.00000000006
 31
0.0
1001
REVIT
1002
{
1070
     1
1000
1961636
1002
}
1002
{
1070
     5
1000
1739590
1002
}
1002
{
1070
     3
1000
1035229
1002
}
  0
LINE
  5
533
330
467
100
AcDbEntity
  8
P-SANR-FIXT
100
AcDbLine
 10
39640.88563451429
 20
29511.00000000006
 30
0.0
 11
39635.7827361628
 21
29511.00000000006
 31
0.0
1001
REVIT
1002
{
1070
     1
1000
1961636
1002
}
1002
{
1070
     5
1000
1739590
1002
}
1002
{
1070
     3
1000
1035229
1002
}
  0
LINE
  5
534
330
467
100
AcDbEntity
  8
P-SANR-FIXT
100
AcDbLine
 10
39650.09310795932
 20
29481.11415905731
 30
0.0
 11
39651.46954998596
 21
29481.11415905731
 31
0.0
1001
REVIT
1002
{
1070
     1
1000
1961636
1002
}
1002
{
1070
     5
1000
1739590
1002
}
1002
{
1070
     3
1000
1035229
1002
}
  0
LINE
  5
535
330
467
100
AcDbEntity
  8
P-SANR-FIXT
100
AcDbLine
 10
39637.42921634985
 20
29481.11415905731
 30
0.0
 11
39649.66519608945
 21
29481.11415905731
 31
0.0
1001
REVIT
1002
{
1070
     1
1000
1961636
1002
}
1002
{
1070
     5
1000
1739590
1002
}
1002
{
1070
     3
1000
1035229
1002
}
  0
LINE
  5
536
330
467
100
AcDbEntity
  8
P-SANR-FIXT
100
AcDbLine
 10
39635.42146301221
 20
29481.11415905731
 30
0.0
 11
39637.29632591662
 21
29481.11415905731
 31
0.0
1001
REVIT
1002
{
1070
     1
1000
1961636
1002
}
1002
{
1070
     5
1000
1739590
1002
}
1002
{
1070
     3
1000
1035229
1002
}
  0
LINE
  5
537
330
467
100
AcDbEntity
  8
P-SANR-FIXT
100
AcDbLine
 10
39585.44550649911
 20
29554.99999999986
 30
0.0
 11
39643.44550649912
 21
29554.99999999986
 31
0.0
1001
REVIT
1002
{
1070
     1
1000
1961636
1002
}
1002
{
1070
     5
1000
1739590
1002
}
1002
{
1070
     3
1000
1035229
1002
}
  0
LINE
  5
538
330
467
100
AcDbEntity
  8
P-SANR-FIXT
100
AcDbLine
 10
39643.44550649912
 20
29586.99999999993
 30
0.0
 11
39585.44550649911
 21
29586.99999999993
 31
0.0
1001
REVIT
1002
{
1070
     1
1000
1961636
1002
}
1002
{
1070
     5
1000
1739590
1002
}
1002
{
1070
     3
1000
1035229
1002
}
  0
LINE
  5
539
330
467
100
AcDbEntity
  8
P-SANR-FIXT
100
AcDbLine
 10
39580.44550649912
 20
29545.99999999986
 30
0.0
 11
39585.44550649911
 21
29545.99999999986
 31
0.0
1001
REVIT
1002
{
1070
     1
1000
1961636
1002
}
1002
{
1070
     5
1000
1739590
1002
}
1002
{
1070
     3
1000
1035229
1002
}
  0
LINE
  5
53A
330
467
100
AcDbEntity
  8
P-SANR-FIXT
100
AcDbLine
 10
39585.44550649911
 20
29595.99999999993
 30
0.0
 11
39580.44550649912
 21
29595.99999999993
 31
0.0
1001
REVIT
1002
{
1070
     1
1000
1961636
1002
}
1002
{
1070
     5
1000
1739590
1002
}
1002
{
1070
     3
1000
1035229
1002
}
  0
LINE
  5
53B
330
467
100
AcDbEntity
  8
P-SANR-FIXT
100
AcDbLine
 10
39585.44550649909
 20
29545.99999999985
 30
0.0
 11
39585.44550649909
 21
29595.99999999992
 31
0.0
1001
REVIT
1002
{
1070
     1
1000
1961636
1002
}
1002
{
1070
     5
1000
1739590
1002
}
1002
{
1070
     3
1000
1035229
1002
}
  0
LINE
  5
53C
330
467
100
AcDbEntity
  8
P-SANR-FIXT
100
AcDbLine
 10
39990.44550649912
 20
30679.00000000001
 30
0.0
 11
39990.44550649912
 21
30689.00000000001
 31
0.0
1001
REVIT
1002
{
1070
     1
1000
1961636
1002
}
1002
{
1070
     5
1000
1739590
1002
}
1002
{
1070
     3
1000
1035229
1002
}
  0
LINE
  5
53D
330
467
100
AcDbEntity
  8
P-SANR-FIXT
100
AcDbLine
 10
39643.4455064991
 20
29491.00000000007
 30
0.0
 11
39655.44550649909
 21
29491.00000000007
 31
0.0
1001
REVIT
1002
{
1070
     1
1000
1961636
1002
}
1002
{
1070
     5
1000
1739590
1002
}
1002
{
1070
     3
1000
1035229
1002
}
  0
LWPOLYLINE
  5
53E
330
467
100
AcDbEntity
  8
P-SANR-FIXT
100
AcDbPolyline
 90
       80
 70
   128
 43
0.0
 10
39666.50241718411
 20
30336.05691068507
 10
39666.50241718412
 20
30336.06886356267
 10
39666.50241718412
 20
30336.10470307344
 10
39666.50241718412
 20
30336.1643718818
 10
39666.50241718412
 20
30336.24777453038
 10
39666.50241718412
 20
30336.35477759274
 10
39666.50241718412
 20
30336.48520988679
 10
39666.50241718412
 20
30336.63886274872
 10
39666.50241718412
 20
30336.8154903667
 10
39666.50241718412
 20
30337.01481017422
 10
39666.50241718412
 20
30337.23650330212
 10
39666.50241718412
 20
30337.48021508867
 10
39666.50241718412
 20
30337.74555564702
 10
39666.50241718412
 20
30338.03210048887
 10
39666.50241718412
 20
30338.3393912036
 10
39666.50241718412
 20
30338.66693619162
 10
39666.50241718412
 20
30339.01421145082
 10
39666.50241718412
 20
30339.38066141486
 10
39666.50241718412
 20
30339.76569984198
 10
39666.50241718412
 20
30340.16871075283
 10
39666.50241718412
 20
30340.58904941593
 10
39666.50241718412
 20
30341.02604337907
 10
39666.50241718412
 20
30341.47899354515
 10
39666.50241718412
 20
30341.94717529051
 10
39666.50241718412
 20
30342.42983962424
 10
39666.50241718412
 20
30342.92621438637
 10
39666.50241718412
 20
30343.43550548317
 10
39666.50241718412
 20
30343.95689815752
 10
39666.50241718412
 20
30344.48955829237
 10
39666.50241718412
 20
30345.03263374513
 10
39666.50241718412
 20
30345.58525571093
 10
39666.50241718412
 20
30346.14654011251
 10
39666.50241718412
 20
30346.71558901456
 10
39666.50241718412
 20
30347.29149206023
 10
39666.50241718412
 20
30347.87332792749
 10
39666.50241718412
 20
30348.46016580308
 10
39666.50241718412
 20
30349.05106687159
 10
39666.50241718412
 20
30349.64508581735
 10
39666.50241718412
 20
30350.24127233677
 10
39666.50241718412
 20
30350.8386726586
 10
39666.50241718412
 20
30351.43633106976
 10
39666.50241718412
 20
30352.03329144429
 10
39666.50241718412
 20
30352.62859877293
 10
39666.50241718412
 20
30353.22130069095
 10
39666.50241718412
 20
30353.81044900171
 10
39666.50241718412
 20
30354.39510119361
 10
39666.50241718412
 20
30354.97432194784
 10
39666.50241718412
 20
30355.54718463477
 10
39666.50241718412
 20
30356.1127727963
 10
39666.50241718412
 20
30356.67018161202
 10
39666.50241718412
 20
30357.21851934673
 10
39666.50241718412
 20
30357.75690877704
 10
39666.50241718412
 20
30358.2844885947
 10
39666.50241718412
 20
30358.80041478455
 10
39666.50241718412
 20
30359.30386197474
 10
39666.50241718412
 20
30359.79402475718
 10
39666.50241718412
 20
30360.27011897595
 10
39666.50241718412
 20
30360.73138298189
 10
39666.50241718412
 20
30361.17707885097
 10
39666.50241718412
 20
30361.60649356489
 10
39666.50241718412
 20
30362.0189401517
 10
39666.50241718412
 20
30362.41375878486
 10
39666.50241718412
 20
30362.79031783875
 10
39666.50241718412
 20
30363.14801489924
 10
39666.50241718412
 20
30363.48627772734
 10
39666.50241718412
 20
30363.80456517466
 10
39666.50241718412
 20
30364.1023680492
 10
39666.50241718412
 20
30364.37920992989
 10
39666.50241718412
 20
30364.63464792876
 10
39666.50241718412
 20
30364.86827339952
 10
39666.50241718412
 20
30365.07971259125
 10
39666.50241718412
 20
30365.26862724635
 10
39666.50241718412
 20
30365.43471514165
 10
39666.50241718412
 20
30365.57771057198
 10
39666.50241718412
 20
30365.69738477513
 10
39666.50241718412
 20
30365.79354629793
 10
39666.50241718412
 20
30365.86604130243
 10
39666.50241718412
 20
30365.91475381211
 10
39666.50241718412
 20
30365.93960589732
 10
39666.50241718411
 20
30365.94308931505
1001
REVIT
1002
{
1070
     1
1000
1961636
1002
}
1002
{
1070
     5
1000
1739590
1002
}
1002
{
1070
     3
1000
1035229
1002
}
  0
LWPOLYLINE
  5
53F
330
467
100
AcDbEntity
  8
P-SANR-FIXT
100
AcDbPolyline
 90
       80
 70
   128
 43
0.0
 10
39666.50241718411
 20
30365.94308931505
 10
39666.50241718412
 20
30365.93113643744
 10
39666.50241718412
 20
30365.89529692667
 10
39666.50241718412
 20
30365.83562811832
 10
39666.50241718412
 20
30365.75222546973
 10
39666.50241718412
 20
30365.64522240738
 10
39666.50241718412
 20
30365.51479011331
 10
39666.50241718412
 20
30365.36113725139
 10
39666.50241718412
 20
30365.18450963342
 10
39666.50241718412
 20
30364.9851898259
 10
39666.50241718411
 20
30364.763496698
 10
39666.50241718411
 20
30364.51978491144
 10
39666.50241718411
 20
30364.25444435309
 10
39666.50241718411
 20
30363.96789951124
 10
39666.50241718411
 20
30363.66060879651
 10
39666.50241718411
 20
30363.3330638085
 10
39666.50241718411
 20
30362.9857885493
 10
39666.50241718411
 20
30362.61933858525
 10
39666.50241718411
 20
30362.23430015813
 10
39666.50241718411
 20
30361.83128924728
 10
39666.50241718411
 20
30361.41095058419
 10
39666.50241718411
 20
30360.97395662104
 10
39666.50241718411
 20
30360.52100645496
 10
39666.50241718411
 20
30360.0528247096
 10
39666.50241718411
 20
30359.57016037587
 10
39666.50241718411
 20
30359.07378561374
 10
39666.50241718411
 20
30358.56449451695
 10
39666.50241718411
 20
30358.04310184259
 10
39666.50241718411
 20
30357.51044170774
 10
39666.50241718411
 20
30356.96736625498
 10
39666.50241718411
 20
30356.41474428918
 10
39666.50241718411
 20
30355.8534598876
 10
39666.50241718411
 20
30355.28441098555
 10
39666.50241718411
 20
30354.70850793988
 10
39666.50241718411
 20
30354.12667207263
 10
39666.50241718411
 20
30353.53983419703
 10
39666.50241718411
 20
30352.94893312852
 10
39666.50241718411
 20
30352.35491418276
 10
39666.50241718411
 20
30351.75872766334
 10
39666.50241718411
 20
30351.16132734151
 10
39666.50241718411
 20
30350.56366893035
 10
39666.50241718411
 20
30349.96670855582
 10
39666.50241718411
 20
30349.37140122719
 10
39666.50241718411
 20
30348.77869930917
 10
39666.50241718411
 20
30348.1895509984
 10
39666.50241718411
 20
30347.60489880651
 10
39666.50241718411
 20
30347.02567805227
 10
39666.50241718411
 20
30346.45281536534
 10
39666.50241718411
 20
30345.88722720382
 10
39666.50241718411
 20
30345.3298183881
 10
39666.50241718411
 20
30344.78148065338
 10
39666.50241718411
 20
30344.24309122307
 10
39666.50241718411
 20
30343.71551140541
 10
39666.50241718411
 20
30343.19958521556
 10
39666.50241718411
 20
30342.69613802537
 10
39666.50241718411
 20
30342.20597524294
 10
39666.50241718411
 20
30341.72988102416
 10
39666.50241718411
 20
30341.26861701822
 10
39666.50241718411
 20
30340.82292114914
 10
39666.50241718411
 20
30340.39350643522
 10
39666.50241718411
 20
30339.98105984841
 10
39666.50241718411
 20
30339.58624121526
 10
39666.50241718411
 20
30339.20968216136
 10
39666.50241718411
 20
30338.85198510087
 10
39666.50241718411
 20
30338.51372227277
 10
39666.50241718411
 20
30338.19543482545
 10
39666.50241718411
 20
30337.89763195091
 10
39666.50241718411
 20
30337.62079007022
 10
39666.50241718411
 20
30337.36535207135
 10
39666.50241718411
 20
30337.13172660059
 10
39666.50241718412
 20
30336.92028740886
 10
39666.50241718412
 20
30336.73137275377
 10
39666.50241718412
 20
30336.56528485846
 10
39666.50241718412
 20
30336.42228942813
 10
39666.50241718412
 20
30336.30261522497
 10
39666.50241718412
 20
30336.20645370219
 10
39666.50241718412
 20
30336.13395869768
 10
39666.50241718412
 20
30336.08524618801
 10
39666.50241718412
 20
30336.06039410279
 10
39666.50241718411
 20
30336.05691068507
1001
REVIT
1002
{
1070
     1
1000
1961636
1002
}
1002
{
1070
     5
1000
1739590
1002
}
1002
{
1070
     3
1000
1035229
1002
}
  0
LWPOLYLINE
  5
540
330
467
100
AcDbEntity
  8
P-SANR-FIXT
100
AcDbPolyline
 90
       41
 70
   128
 43
0.0
 10
39665.50241718412
 20
30366.94308931505
 10
39665.54240651831
 20
30366.94228942171
 10
39665.58233187809
 20
30366.93989102135
 10
39665.62212939141
 20
30366.9358979509
 10
39665.66173539074
 20
30366.93031659842
 10
39665.70108651492
 20
30366.92315589289
 10
39665.74011981055
 20
30366.9144272899
 10
39665.77877283268
 20
30366.90414475336
 10
39665.81698374474
 20
30366.89232473312
 10
39665.8546914174
 20
30366.87898613873
 10
39665.89183552643
 20
30366.86415030905
 10
39665.92835664919
 20
30366.84784097827
 10
39665.96419635966
 20
30366.83008423783
 10
39665.99929732197
 20
30366.81090849473
 10
39666.03360338204
 20
30366.79034442607
 10
39666.06705965752
 20
30366.76842492996
 10
39666.09961262549
 20
30366.74518507293
 10
39666.13121020814
 20
30366.7206620338
 10
39666.1618018561
 20
30366.69489504419
 10
39666.19133862924
 20
30366.66792532579
 10
39666.21977327502
 20
30366.6397960244
 10
39666.2470603041
 20
30366.61055214089
 10
39666.27315606302
 20
30366.58024045925
 10
39666.29801880416
 20
30366.54890947169
 10
39666.32160875241
 20
30366.51660930112
 10
39666.34388816893
 20
30366.48339162092
 10
39666.36482141137
 20
30366.44930957228
 10
39666.38437499101
 20
30366.41441767922
 10
39666.4025176263
 20
30366.37877176133
 10
39666.41922029289
 20
30366.34242884445
 10
39666.43445627008
 20
30366.30544706953
 10
39666.44820118357
 20
30366.26788559948
 10
39666.46043304441
 20
30366.22980452468
 10
39666.47113228424
 20
30366.1912647667
 10
39666.48028178655
 20
30366.15232798094
 10
39666.48786691411
 20
30366.11305645795
 10
39666.4938755323
 20
30366.07351302379
 10
39666.49829802866
 20
30366.03376093951
 10
39666.5011273281
 20
30365.99386379998
 10
39666.50235890434
 20
30365.95388543211
 10
39666.50241718411
 20
30365.94308931505
1001
REVIT
1002
{
1070
     1
1000
1961636
1002
}
1002
{
1070
     5
1000
1739590
1002
}
1002
{
1070
     3
1000
1035229
1002
}
  0
LWPOLYLINE
  5
541
330
467
100
AcDbEntity
  8
P-SANR-FIXT
100
AcDbPolyline
 90
       41
 70
   128
 43
0.0
 10
39666.50241718411
 20
30336.05691068507
 10
39666.50161729079
 20
30336.01692135088
 10
39666.49921889042
 20
30335.97699599109
 10
39666.49522581997
 20
30335.93719847777
 10
39666.4896444675
 20
30335.89759247845
 10
39666.48248376196
 20
30335.85824135427
 10
39666.47375515897
 20
30335.81920805864
 10
39666.46347262243
 20
30335.7805550365
 10
39666.45165260221
 20
30335.74234412445
 10
39666.43831400779
 20
30335.70463645179
 10
39666.42347817813
 20
30335.66749234276
 10
39666.40716884734
 20
30335.63097122
 10
39666.3894121069
 20
30335.59513150952
 10
39666.3702363638
 20
30335.56003054722
 10
39666.34967229513
 20
30335.52572448715
 10
39666.32775279902
 20
30335.49226821167
 10
39666.30451294201
 20
30335.4597152437
 10
39666.27998990287
 20
30335.42811766105
 10
39666.25422291327
 20
30335.39752601309
 10
39666.22725319486
 20
30335.36798923995
 10
39666.19912389347
 20
30335.33955459417
 10
39666.16988000996
 20
30335.31226756509
 10
39666.13956832831
 20
30335.28617180617
 10
39666.10823734077
 20
30335.26130906503
 10
39666.07593717019
 20
30335.23771911676
 10
39666.04271948998
 20
30335.21543970026
 10
39666.00863744135
 20
30335.19450645782
 10
39665.97374554829
 20
30335.17495287818
 10
39665.9380996304
 20
30335.15681024289
 10
39665.90175671353
 20
30335.14010757629
 10
39665.8647749386
 20
30335.12487159909
 10
39665.82721346856
 20
30335.11112668562
 10
39665.78913239375
 20
30335.09889482477
 10
39665.75059263577
 20
30335.08819558495
 10
39665.71165585001
 20
30335.07904608263
 10
39665.67238432703
 20
30335.07146095507
 10
39665.63284089286
 20
30335.06545233687
 10
39665.59308880859
 20
30335.06102984053
 10
39665.55319166905
 20
30335.05820054109
 10
39665.51321330118
 20
30335.05696896484
 10
39665.50241718412
 20
30335.05691068506
1001
REVIT
1002
{
1070
     1
1000
1961636
1002
}
1002
{
1070
     5
1000
1739590
1002
}
1002
{
1070
     3
1000
1035229
1002
}
  0
LINE
  5
542
330
467
100
AcDbEntity
  8
P-SANR-FIXT
100
AcDbLine
 10
39656.50241718412
 20
30335.05691068506
 30
0.0
 11
39665.50241718412
 21
30335.05691068506
 31
0.0
1001
REVIT
1002
{
1070
     1
1000
1961636
1002
}
1002
{
1070
     5
1000
1739590
1002
}
1002
{
1070
     3
1000
1035229
1002
}
  0
LINE
  5
543
330
467
100
AcDbEntity
  8
P-SANR-FIXT
100
AcDbLine
 10
39665.50241718412
 20
30366.94308931505
 30
0.0
 11
39656.50241718412
 21
30366.94308931505
 31
0.0
1001
REVIT
1002
{
1070
     1
1000
1961636
1002
}
1002
{
1070
     5
1000
1739590
1002
}
1002
{
1070
     3
1000
1035229
1002
}
  0
LINE
  5
544
330
467
100
AcDbEntity
  8
P-SANR-FIXT
100
AcDbLine
 10
39655.44550649909
 20
30334.00000000004
 30
0.0
 11
39656.50241718412
 21
30335.05691068506
 31
0.0
1001
REVIT
1002
{
1070
     1
1000
1961636
1002
}
1002
{
1070
     5
1000
1739590
1002
}
1002
{
1070
     3
1000
1035229
1002
}
  0
LINE
  5
545
330
467
100
AcDbEntity
  8
P-SANR-FIXT
100
AcDbLine
 10
39656.50241718412
 20
30366.94308931505
 30
0.0
 11
39655.44550649909
 21
30368.00000000008
 31
0.0
1001
REVIT
1002
{
1070
     1
1000
1961636
1002
}
1002
{
1070
     5
1000
1739590
1002
}
1002
{
1070
     3
1000
1035229
1002
}
  0
LWPOLYLINE
  5
546
330
467
100
AcDbEntity
  8
P-SANR-FIXT
100
AcDbPolyline
 90
       41
 70
   128
 43
0.0
 10
39989.44550649912
 20
30690.00000000001
 10
39989.4854958333
 20
30689.99920010667
 10
39989.52542119308
 20
30689.99680170631
 10
39989.56521870641
 20
30689.99280863586
 10
39989.60482470573
 20
30689.98722728338
 10
39989.6441758299
 20
30689.98006657784
 10
39989.68320912554
 20
30689.97133797486
 10
39989.72186214768
 20
30689.96105543831
 10
39989.76007305973
 20
30689.94923541809
 10
39989.79778073239
 20
30689.93589682369
 10
39989.83492484142
 20
30689.92106099401
 10
39989.87144596417
 20
30689.90475166323
 10
39989.90728567465
 20
30689.88699492278
 10
39989.94238663695
 20
30689.86781917969
 10
39989.97669269703
 20
30689.84725511102
 10
39990.01014897251
 20
30689.82533561492
 10
39990.04270194048
 20
30689.80209575789
 10
39990.07429952313
 20
30689.77757271876
 10
39990.10489117108
 20
30689.75180572915
 10
39990.13442794422
 20
30689.72483601075
 10
39990.16286259001
 20
30689.69670670935
 10
39990.19014961909
 20
30689.66746282585
 10
39990.21624537801
 20
30689.63715114421
 10
39990.24110811915
 20
30689.60582015665
 10
39990.26469806741
 20
30689.57351998608
 10
39990.28697748392
 20
30689.54030230588
 10
39990.30791072635
 20
30689.50622025724
 10
39990.32746430599
 20
30689.47132836418
 10
39990.34560694129
 20
30689.43568244628
 10
39990.36230960788
 20
30689.39933952942
 10
39990.37754558508
 20
30689.36235775448
 10
39990.39129049857
 20
30689.32479628445
 10
39990.4035223594
 20
30689.28671520964
 10
39990.41422159923
 20
30689.24817545166
 10
39990.42337110155
 20
30689.2092386659
 10
39990.4309562291
 20
30689.16996714291
 10
39990.4369648473
 20
30689.13042370874
 10
39990.44138734364
 20
30689.09067162447
 10
39990.44421664309
 20
30689.05077448494
 10
39990.44544821934
 20
30689.01079611707
 10
39990.44550649912
 20
30689.00000000001
1001
REVIT
1002
{
1070
     1
1000
1961636
1002
}
1002
{
1070
     5
1000
1739590
1002
}
1002
{
1070
     3
1000
1035229
1002
}
  0
LWPOLYLINE
  5
547
330
467
100
AcDbEntity
  8
P-SANR-FIXT
100
AcDbPolyline
 90
       41
 70
   128
 43
0.0
 10
39990.44550649912
 20
30679.00000000001
 10
39990.44470660577
 20
30678.96001066582
 10
39990.44230820542
 20
30678.92008530603
 10
39990.43831513497
 20
30678.88028779271
 10
39990.43273378249
 20
30678.84068179339
 10
39990.42557307695
 20
30678.80133066921
 10
39990.41684447397
 20
30678.76229737358
 10
39990.40656193742
 20
30678.72364435145
 10
39990.39474191719
 20
30678.68543343939
 10
39990.38140332279
 20
30678.64772576673
 10
39990.36656749311
 20
30678.6105816577
 10
39990.35025816233
 20
30678.57406053494
 10
39990.33250142189
 20
30678.53822082447
 10
39990.31332567879
 20
30678.50311986216
 10
39990.29276161013
 20
30678.46881380209
 10
39990.27084211402
 20
30678.43535752661
 10
39990.24760225699
 20
30678.40280455864
 10
39990.22307921787
 20
30678.37120697599
 10
39990.19731222825
 20
30678.34061532804
 10
39990.17034250986
 20
30678.31107855489
 10
39990.14221320846
 20
30678.28264390911
 10
39990.11296932496
 20
30678.25535688004
 10
39990.08265764331
 20
30678.22926112111
 10
39990.05132665576
 20
30678.20439837997
 10
39990.01902648519
 20
30678.1808084317
 10
39989.98580880498
 20
30678.1585290152
 10
39989.95172675634
 20
30678.13759577276
 10
39989.91683486329
 20
30678.11804219312
 10
39989.88118894539
 20
30678.09989955783
 10
39989.84484602852
 20
30678.08319689123
 10
39989.80786425359
 20
30678.06796091404
 10
39989.77030278355
 20
30678.05421600056
 10
39989.73222170874
 20
30678.04198413972
 10
39989.69368195076
 20
30678.03128489989
 10
39989.654745165
 20
30678.02213539757
 10
39989.61547364201
 20
30678.01455027002
 10
39989.57593020785
 20
30678.00854165181
 10
39989.53617812358
 20
30678.00411915547
 10
39989.49628098405
 20
30678.00128985603
 10
39989.45630261617
 20
30678.00005827978
 10
39989.44550649912
 20
30678.00000000001
1001
REVIT
1002
{
1070
     1
1000
1961636
1002
}
1002
{
1070
     5
1000
1739590
1002
}
1002
{
1070
     3
1000
1035229
1002
}
  0
LINE
  5
548
330
467
100
AcDbEntity
  8
P-SANR-FIXT
100
AcDbLine
 10
39979.44550649909
 20
30678.0
 30
0.0
 11
39693.44550649909
 21
30678.0
 31
0.0
1001
REVIT
1002
{
1070
     1
1000
1961636
1002
}
1002
{
1070
     5
1000
1739590
1002
}
1002
{
1070
     3
1000
1035229
1002
}
  0
ARC
  5
549
330
467
100
AcDbEntity
  8
P-SANR-FIXT
100
AcDbCircle
 10
39693.44550649909
 20
30639.99999999996
 30
0.0
 40
38.0
100
AcDbArc
 50
90.0
 51
180.0
1001
REVIT
1002
{
1070
     1
1000
1961636
1002
}
1002
{
1070
     5
1000
1739590
1002
}
1002
{
1070
     3
1000
1035229
1002
}
  0
LINE
  5
54A
330
467
100
AcDbEntity
  8
P-SANR-FIXT
100
AcDbLine
 10
39979.44550649909
 20
30678.0
 30
0.0
 11
39979.44550649909
 21
30690.0
 31
0.0
1001
REVIT
1002
{
1070
     1
1000
1961636
1002
}
1002
{
1070
     5
1000
1739590
1002
}
1002
{
1070
     3
1000
1035229
1002
}
  0
LINE
  5
54B
330
467
100
AcDbEntity
  8
P-SANR-FIXT
100
AcDbLine
 10
39693.44550649909
 20
30689.99999999996
 30
0.0
 11
39979.44550649909
 21
30690.0
 31
0.0
1001
REVIT
1002
{
1070
     1
1000
1961636
1002
}
1002
{
1070
     5
1000
1739590
1002
}
1002
{
1070
     3
1000
1035229
1002
}
  0
ARC
  5
54C
330
467
100
AcDbEntity
  8
P-SANR-FIXT
100
AcDbCircle
 10
39693.44550649909
 20
30639.99999999996
 30
0.0
 40
49.99999999999272
100
AcDbArc
 50
90.0
 51
164.1102400550583
1001
REVIT
1002
{
1070
     1
1000
1961636
1002
}
1002
{
1070
     5
1000
1739590
1002
}
1002
{
1070
     3
1000
1035229
1002
}
  0
LINE
  5
54D
330
467
100
AcDbEntity
  8
P-SANR-FIXT
100
AcDbLine
 10
39645.4455064994
 20
30391.00000000005
 30
0.0
 11
39655.44550649909
 21
30391.00000000005
 31
0.0
1001
REVIT
1002
{
1070
     1
1000
1961636
1002
}
1002
{
1070
     5
1000
1739590
1002
}
1002
{
1070
     3
1000
1035229
1002
}
  0
LINE
  5
54E
330
467
100
AcDbEntity
  8
P-SANR-FIXT
100
AcDbLine
 10
39645.4455064994
 20
30312.00000000005
 30
0.0
 11
39655.44550649909
 21
30312.00000000005
 31
0.0
1001
REVIT
1002
{
1070
     1
1000
1961636
1002
}
1002
{
1070
     5
1000
1739590
1002
}
1002
{
1070
     3
1000
1035229
1002
}
  0
LINE
  5
54F
330
467
100
AcDbEntity
  8
P-SANR-FIXT
100
AcDbLine
 10
39655.44550649909
 20
30390.00000000005
 30
0.0
 11
39645.4455064994
 21
30390.00000000005
 31
0.0
1001
REVIT
1002
{
1070
     1
1000
1961636
1002
}
1002
{
1070
     5
1000
1739590
1002
}
1002
{
1070
     3
1000
1035229
1002
}
  0
LINE
  5
550
330
467
100
AcDbEntity
  8
P-SANR-FIXT
100
AcDbLine
 10
39655.44550649909
 20
30311.00000000005
 30
0.0
 11
39645.4455064994
 21
30311.00000000005
 31
0.0
1001
REVIT
1002
{
1070
     1
1000
1961636
1002
}
1002
{
1070
     5
1000
1739590
1002
}
1002
{
1070
     3
1000
1035229
1002
}
  0
LINE
  5
551
330
467
100
AcDbEntity
  8
P-SANR-FIXT
100
AcDbLine
 10
39643.44550649909
 20
30090.0
 30
0.0
 11
39643.44550649909
 21
30079.9999999999
 31
0.0
1001
REVIT
1002
{
1070
     1
1000
1961636
1002
}
1002
{
1070
     5
1000
1739590
1002
}
1002
{
1070
     3
1000
1035229
1002
}
  0
LINE
  5
552
330
467
100
AcDbEntity
  8
P-SANR-FIXT
100
AcDbLine
 10
39643.44550649909
 20
30064.9999999999
 30
0.0
 11
39643.44550649908
 21
29511.00000000006
 31
0.0
1001
REVIT
1002
{
1070
     1
1000
1961636
1002
}
1002
{
1070
     5
1000
1739590
1002
}
1002
{
1070
     3
1000
1035229
1002
}
  0
LINE
  5
553
330
467
100
AcDbEntity
  8
P-SANR-FIXT
100
AcDbLine
 10
39980.44550649909
 20
30689.0
 30
0.0
 11
39980.44550649909
 21
30679.00000021024
 31
0.0
1001
REVIT
1002
{
1070
     1
1000
1961636
1002
}
1002
{
1070
     5
1000
1739590
1002
}
1002
{
1070
     3
1000
1035229
1002
}
  0
LINE
  5
554
330
467
100
AcDbEntity
  8
P-SANR-FIXT
100
AcDbLine
 10
39655.44550649908
 20
30391.00000000005
 30
0.0
 11
39655.44550649908
 21
30639.99999999996
 31
0.0
1001
REVIT
1002
{
1070
     1
1000
1961636
1002
}
1002
{
1070
     5
1000
1739590
1002
}
1002
{
1070
     3
1000
1035229
1002
}
  0
LINE
  5
555
330
467
100
AcDbEntity
  8
P-SANR-FIXT
100
AcDbLine
 10
39655.44550649907
 20
29491.00000000006
 30
0.0
 11
39655.44550649907
 21
29511.00000000006
 31
0.0
1001
REVIT
1002
{
1070
     1
1000
1961636
1002
}
1002
{
1070
     5
1000
1739590
1002
}
1002
{
1070
     3
1000
1035229
1002
}
  0
LINE
  5
556
330
467
100
AcDbEntity
  8
P-SANR-FIXT
100
AcDbLine
 10
39655.44550649908
 20
29511.00000000006
 30
0.0
 11
39655.44550649908
 21
30064.9999999999
 31
0.0
1001
REVIT
1002
{
1070
     1
1000
1961636
1002
}
1002
{
1070
     5
1000
1739590
1002
}
1002
{
1070
     3
1000
1035229
1002
}
  0
LINE
  5
557
330
467
100
AcDbEntity
  8
P-SANR-FIXT
100
AcDbLine
 10
39655.44550649908
 20
30079.9999999999
 30
0.0
 11
39655.44550649908
 21
30311.00000000005
 31
0.0
1001
REVIT
1002
{
1070
     1
1000
1961636
1002
}
1002
{
1070
     5
1000
1739590
1002
}
1002
{
1070
     3
1000
1035229
1002
}
  0
LINE
  5
558
330
467
100
AcDbEntity
  8
P-SANR-FIXT
100
AcDbLine
 10
39655.44550649908
 20
30312.00000000005
 30
0.0
 11
39655.44550649908
 21
30390.00000000005
 31
0.0
1001
REVIT
1002
{
1070
     1
1000
1961636
1002
}
1002
{
1070
     5
1000
1739590
1002
}
1002
{
1070
     3
1000
1035229
1002
}
  0
LINE
  5
559
330
467
100
AcDbEntity
  8
P-SANR-FIXT
100
AcDbLine
 10
39643.44550649907
 20
29511.00000000006
 30
0.0
 11
39643.44550649907
 21
29491.68148347428
 31
0.0
1001
REVIT
1002
{
1070
     1
1000
1961636
1002
}
1002
{
1070
     5
1000
1739590
1002
}
1002
{
1070
     3
1000
1035229
1002
}
  0
LINE
  5
55A
330
467
100
AcDbEntity
  8
P-SANR-FIXT
100
AcDbLine
 10
39654.94550649908
 20
30391.00000000005
 30
0.0
 11
39654.94550649908
 21
30390.00000000005
 31
0.0
1001
REVIT
1002
{
1070
     1
1000
1961636
1002
}
1002
{
1070
     5
1000
1739590
1002
}
1002
{
1070
     3
1000
1035229
1002
}
  0
LINE
  5
55B
330
467
100
AcDbEntity
  8
P-SANR-FIXT
100
AcDbLine
 10
39654.94550649908
 20
30312.00000000005
 30
0.0
 11
39654.94550649908
 21
30311.00000000005
 31
0.0
1001
REVIT
1002
{
1070
     1
1000
1961636
1002
}
1002
{
1070
     5
1000
1739590
1002
}
1002
{
1070
     3
1000
1035229
1002
}
  0
LINE
  5
55C
330
467
100
AcDbEntity
  8
P-SANR-FIXT
100
AcDbLine
 10
39656.5024171841
 20
30335.05691068505
 30
0.0
 11
39656.5024171841
 21
30366.94308931504
 31
0.0
1001
REVIT
1002
{
1070
     1
1000
1961636
1002
}
1002
{
1070
     5
1000
1739590
1002
}
1002
{
1070
     3
1000
1035229
1002
}
  0
LINE
  5
55D
330
467
100
AcDbEntity
  8
P-SANR-FIXT
100
AcDbLine
 10
39980.44550649909
 20
30678.99999999996
 30
0.0
 11
39979.44550649909
 21
30678.99999999996
 31
0.0
1001
REVIT
1002
{
1070
     1
1000
1961636
1002
}
1002
{
1070
     5
1000
1739590
1002
}
1002
{
1070
     3
1000
1035229
1002
}
  0
LINE
  5
55E
330
467
100
AcDbEntity
  8
P-SANR-FIXT
100
AcDbLine
 10
39980.44550649909
 20
30689.00000000004
 30
0.0
 11
39979.44550649909
 21
30689.00000000004
 31
0.0
1001
REVIT
1002
{
1070
     1
1000
1961636
1002
}
1002
{
1070
     5
1000
1739590
1002
}
1002
{
1070
     3
1000
1035229
1002
}
  0
LINE
  5
55F
330
467
100
AcDbEntity
  8
P-SANR-FIXT
100
AcDbLine
 10
39980.44550649909
 20
30690.0
 30
0.0
 11
39980.44550649909
 21
30689.0
 31
0.0
1001
REVIT
1002
{
1070
     1
1000
1961636
1002
}
1002
{
1070
     5
1000
1739590
1002
}
1002
{
1070
     3
1000
1035229
1002
}
  0
LINE
  5
560
330
467
100
AcDbEntity
  8
P-SANR-FIXT
100
AcDbLine
 10
39980.44550649911
 20
30690.0
 30
0.0
 11
39980.44550649911
 21
30689.0
 31
0.0
1001
REVIT
1002
{
1070
     1
1000
1961636
1002
}
1002
{
1070
     5
1000
1739590
1002
}
1002
{
1070
     3
1000
1035229
1002
}
  0
LINE
  5
561
330
467
100
AcDbEntity
  8
P-SANR-FIXT
100
AcDbLine
 10
39980.4455064991
 20
30679.0
 30
0.0
 11
39980.4455064991
 21
30678.0
 31
0.0
1001
REVIT
1002
{
1070
     1
1000
1961636
1002
}
1002
{
1070
     5
1000
1739590
1002
}
1002
{
1070
     3
1000
1035229
1002
}
  0
LINE
  5
562
330
467
100
AcDbEntity
  8
P-SANR-FIXT
100
AcDbLine
 10
39980.4455064991
 20
30679.0
 30
0.0
 11
39980.4455064991
 21
30678.0
 31
0.0
1001
REVIT
1002
{
1070
     1
1000
1961636
1002
}
1002
{
1070
     5
1000
1739590
1002
}
1002
{
1070
     3
1000
1035229
1002
}
  0
ENDBLK
  5
564
330
467
100
AcDbEntity
  8
0
100
AcDbBlockEnd
  0
BLOCK
  5
571
330
566
100
AcDbEntity
  8
0
100
AcDbBlockBegin
  2
Downpipe - 450 Eave-2002628-SECTION B-B
 70
     0
 10
0.0
 20
0.0
 30
0.0
  3
Downpipe - 450 Eave-2002628-SECTION B-B
  1

  0
LINE
  5
567
330
566
100
AcDbEntity
  8
A-GENM
100
AcDbLine
 10
39040.9752440274
 20
36225.04218757815
 30
0.0
 11
39040.9752440274
 21
36235.00000000002
 31
0.0
1001
REVIT
1002
{
1070
     1
1000
1977262
1002
}
1002
{
1070
     5
1000
1893368
1002
}
1002
{
1070
     3
1000
1893352
1002
}
  0
LINE
  5
568
330
566
100
AcDbEntity
  8
A-GENM
100
AcDbLine
 10
39040.9752440274
 20
36428.01616285499
 30
0.0
 11
39040.9752440274
 21
36550.00000000002
 31
0.0
1001
REVIT
1002
{
1070
     1
1000
1977262
1002
}
1002
{
1070
     5
1000
1893368
1002
}
1002
{
1070
     3
1000
1893352
1002
}
  0
LINE
  5
569
330
566
100
AcDbEntity
  8
A-GENM
100
AcDbLine
 10
38960.9752440274
 20
36550.00000000002
 30
0.0
 11
38960.9752440274
 21
36428.01616285499
 31
0.0
1001
REVIT
1002
{
1070
     1
1000
1977262
1002
}
1002
{
1070
     5
1000
1893368
1002
}
1002
{
1070
     3
1000
1893352
1002
}
  0
LINE
  5
56A
330
566
100
AcDbEntity
  8
A-GENM
100
AcDbLine
 10
38960.9752440274
 20
36235.00000000002
 30
0.0
 11
38960.9752440274
 21
36225.04218757815
 31
0.0
1001
REVIT
1002
{
1070
     1
1000
1977262
1002
}
1002
{
1070
     5
1000
1893368
1002
}
1002
{
1070
     3
1000
1893352
1002
}
  0
LINE
  5
56B
330
566
100
AcDbEntity
  8
A-GENM
100
AcDbLine
 10
39040.9752440274
 20
36550.00000000002
 30
0.0
 11
39040.9752440274
 21
36740.0
 31
0.0
1001
REVIT
1002
{
1070
     1
1000
1977262
1002
}
1002
{
1070
     5
1000
1893368
1002
}
1002
{
1070
     3
1000
1893352
1002
}
  0
LINE
  5
56C
330
566
100
AcDbEntity
  8
A-GENM
100
AcDbLine
 10
38960.9752440274
 20
36740.0
 30
0.0
 11
38960.9752440274
 21
36550.00000000002
 31
0.0
1001
REVIT
1002
{
1070
     1
1000
1977262
1002
}
1002
{
1070
     5
1000
1893368
1002
}
1002
{
1070
     3
1000
1893352
1002
}
  0
SPLINE
  5
56D
330
566
100
AcDbEntity
  8
A-GENM
100
AcDbSpline
210
0.0
220
0.0
230
1.0
 70
     8
 71
     3
 72
    24
 73
    20
 74
     0
 42
0.000000001
 43
0.0000000001
 40
0.5
 40
0.5
 40
0.5
 40
0.5
 40
0.5208333333333334
 40
0.5416666666666667
 40
0.5625
 40
0.5833333333333334
 40
0.6041666666666667
 40
0.625
 40
0.6458333333333333
 40
0.6666666666666666
 40
0.6875
 40
0.7083333333333333
 40
0.75
 40
0.7708333333333334
 40
0.7916666666666667
 40
0.8333333333333334
 40
0.875
 40
0.9166666666666666
 40
1.0
 40
1.0
 40
1.0
 40
1.0
 10
39040.9752440274
 20
36550.0
 30
0.0
 10
39040.97524402763
 20
36550.86701570063
 30
0.0
 10
39040.91810786922
 20
36552.60104696753
 30
0.0
 10
39040.66136215794
 20
36555.22416902623
 30
0.0
 10
39040.23467439311
 20
36557.82513369293
 30
0.0
 10
39039.63987173077
 20
36560.36036709273
 30
0.0
 10
39038.87950115754
 20
36562.84996876076
 30
0.0
 10
39037.95681888228
 20
36565.31649598197
 30
0.0
 10
39036.87577528044
 20
36567.71801668234
 30
0.0
 10
39035.64100212818
 20
36570.0147959336
 30
0.0
 10
39034.25777727948
 20
36572.22279958336
 30
0.0
 10
39032.22348740135
 20
36575.08103037576
 30
0.0
 10
39029.91701074119
 20
36577.71508649009
 30
0.0
 10
39027.36790517716
 20
36580.0811547907
 30
0.0
 10
39024.66817124707
 20
36582.31251462214
 30
0.0
 10
39021.03245070676
 20
36584.74148838924
 30
0.0
 10
39016.32634598221
 20
36587.0534234828
 30
0.0
 10
39009.70142240109
 20
36589.31770153464
 30
0.0
 10
39004.46590253138
 20
36589.98451934247
 30
0.0
 10
39000.9752440274
 20
36590.00000000001
 30
0.0
1001
REVIT
1002
{
1070
     1
1000
1977262
1002
}
1002
{
1070
     5
1000
1893368
1002
}
1002
{
1070
     3
1000
1893352
1002
}
  0
SPLINE
  5
56E
330
566
100
AcDbEntity
  8
A-GENM
100
AcDbSpline
210
0.0
220
0.0
230
1.0
 70
     8
 71
     3
 72
    23
 73
    19
 74
     0
 42
0.000000001
 43
0.0000000001
 40
0.0
 40
0.0
 40
0.0
 40
0.0
 40
0.0833333333333333
 40
0.125
 40
0.1666666666666667
 40
0.2083333333333333
 40
0.2291666666666667
 40
0.25
 40
0.2916666666666666
 40
0.3333333333333333
 40
0.3541666666666666
 40
0.375
 40
0.3958333333333334
 40
0.4166666666666667
 40
0.4375
 40
0.4583333333333334
 40
0.4791666666666667
 40
0.5
 40
0.5
 40
0.5
 40
0.5
 10
39000.9752440274
 20
36590.0
 30
0.0
 10
38997.48458552341
 20
36589.98451934248
 30
0.0
 10
38992.24906562308
 20
36589.31769650955
 30
0.0
 10
38985.62414212361
 20
36587.05343185795
 30
0.0
 10
38980.91803715407
 20
36584.74145656367
 30
0.0
 10
38977.28231737939
 20
36582.31260842369
 30
0.0
 10
38974.58258188742
 20
36580.08099231304
 30
0.0
 10
38972.03348268323
 20
36577.7159675546
 30
0.0
 10
38969.15033811284
 20
36574.41539915533
 30
0.0
 10
38966.72105505696
 20
36570.77679225177
 30
0.0
 10
38965.07471690295
 20
36567.71869411574
 30
0.0
 10
38963.99366806626
 20
36565.31631446423
 30
0.0
 10
38963.07098719367
 20
36562.85001739838
 30
0.0
 10
38962.31061624459
 20
36560.36035406
 30
0.0
 10
38961.71581368296
 20
36557.82513718623
 30
0.0
 10
38961.28912589118
 20
36555.22416808571
 30
0.0
 10
38961.032380187
 20
36552.60104723626
 30
0.0
 10
38960.97524402764
 20
36550.86701570064
 30
0.0
 10
38960.9752440274
 20
36550.0
 30
0.0
1001
REVIT
1002
{
1070
     1
1000
1977262
1002
}
1002
{
1070
     5
1000
1893368
1002
}
1002
{
1070
     3
1000
1893352
1002
}
  0
LINE
  5
56F
330
566
100
AcDbEntity
  8
A-GENM
100
AcDbLine
 10
39000.97524402739
 20
36739.99999999999
 30
0.0
 11
38960.97524402739
 21
36739.99999999999
 31
0.0
1001
REVIT
1002
{
1070
     1
1000
1977262
1002
}
1002
{
1070
     5
1000
1893368
1002
}
1002
{
1070
     3
1000
1893352
1002
}
  0
LINE
  5
570
330
566
100
AcDbEntity
  8
A-GENM
100
AcDbLine
 10
39040.97524402738
 20
36739.99999999999
 30
0.0
 11
39000.97524402739
 21
36739.99999999999
 31
0.0
1001
REVIT
1002
{
1070
     1
1000
1977262
1002
}
1002
{
1070
     5
1000
1893368
1002
}
1002
{
1070
     3
1000
1893352
1002
}
  0
ENDBLK
  5
572
330
566
100
AcDbEntity
  8
0
100
AcDbBlockEnd
  0
BLOCK
  5
58A
330
579
100
AcDbEntity
  8
0
100
AcDbBlockBegin
  2
3 PANEL 2 transom - FFF0946-1778814-SECTION B-B
 70
     0
 10
0.0
 20
0.0
 30
0.0
  3
3 PANEL 2 transom - FFF0946-1778814-SECTION B-B
  1

  0
LINE
  5
57A
330
579
100
AcDbEntity
  8
A-GLAZ
100
AcDbLine
 10
31045.44550579828
 20
37640.0
 30
0.0
 11
31045.44550579828
 21
36740.0
 31
0.0
1001
REVIT
1002
{
1070
     1
1000
1982739
1002
}
1002
{
1070
     5
1000
1778809
1002
}
  0
LINE
  5
57B
330
579
100
AcDbEntity
  8
A-GLAZ
100
AcDbLine
 10
31045.44550579828
 20
36740.0
 30
0.0
 11
35605.44550579828
 21
36740.0
 31
0.0
1001
REVIT
1002
{
1070
     1
1000
1982739
1002
}
1002
{
1070
     5
1000
1778809
1002
}
  0
LINE
  5
57C
330
579
100
AcDbEntity
  8
A-GLAZ
100
AcDbLine
 10
35605.44550579828
 20
36740.0
 30
0.0
 11
35605.44550579828
 21
37640.0
 31
0.0
1001
REVIT
1002
{
1070
     1
1000
1982739
1002
}
1002
{
1070
     5
1000
1778809
1002
}
  0
LINE
  5
57D
330
579
100
AcDbEntity
  8
A-GLAZ
100
AcDbLine
 10
35605.44550579828
 20
37640.0
 30
0.0
 11
31045.44550579828
 21
37640.0
 31
0.0
1001
REVIT
1002
{
1070
     1
1000
1982739
1002
}
1002
{
1070
     5
1000
1778809
1002
}
  0
LINE
  5
57E
330
579
100
AcDbEntity
  8
A-GLAZ
100
AcDbLine
 10
32540.44550579828
 20
36790.00000000001
 30
0.0
 11
31095.44550579828
 21
36790.00000000001
 31
0.0
1001
REVIT
1002
{
1070
     1
1000
1982739
1002
}
1002
{
1070
     5
1000
1778809
1002
}
  0
LINE
  5
57F
330
579
100
AcDbEntity
  8
A-GLAZ
100
AcDbLine
 10
31095.44550579828
 20
36790.00000000001
 30
0.0
 11
31095.44550579828
 21
37590.00000000001
 31
0.0
1001
REVIT
1002
{
1070
     1
1000
1982739
1002
}
1002
{
1070
     5
1000
1778809
1002
}
  0
LINE
  5
580
330
579
100
AcDbEntity
  8
A-GLAZ
100
AcDbLine
 10
31095.44550579828
 20
37590.00000000001
 30
0.0
 11
32540.44550579828
 21
37590.00000000001
 31
0.0
1001
REVIT
1002
{
1070
     1
1000
1982739
1002
}
1002
{
1070
     5
1000
1778809
1002
}
  0
LINE
  5
581
330
579
100
AcDbEntity
  8
A-GLAZ
100
AcDbLine
 10
32540.44550579828
 20
37590.00000000001
 30
0.0
 11
32540.44550579828
 21
36790.00000000001
 31
0.0
1001
REVIT
1002
{
1070
     1
1000
1982739
1002
}
1002
{
1070
     5
1000
1778809
1002
}
  0
LINE
  5
582
330
579
100
AcDbEntity
  8
A-GLAZ
100
AcDbLine
 10
32590.44550579828
 20
36790.00000000001
 30
0.0
 11
32590.44550579828
 21
37590.00000000001
 31
0.0
1001
REVIT
1002
{
1070
     1
1000
1982739
1002
}
1002
{
1070
     5
1000
1778809
1002
}
  0
LINE
  5
583
330
579
100
AcDbEntity
  8
A-GLAZ
100
AcDbLine
 10
32590.44550579828
 20
37590.00000000001
 30
0.0
 11
34060.44550579827
 21
37590.00000000001
 31
0.0
1001
REVIT
1002
{
1070
     1
1000
1982739
1002
}
1002
{
1070
     5
1000
1778809
1002
}
  0
LINE
  5
584
330
579
100
AcDbEntity
  8
A-GLAZ
100
AcDbLine
 10
34060.44550579827
 20
37590.00000000001
 30
0.0
 11
34060.44550579827
 21
36790.00000000001
 31
0.0
1001
REVIT
1002
{
1070
     1
1000
1982739
1002
}
1002
{
1070
     5
1000
1778809
1002
}
  0
LINE
  5
585
330
579
100
AcDbEntity
  8
A-GLAZ
100
AcDbLine
 10
34060.44550579827
 20
36790.00000000001
 30
0.0
 11
32590.44550579828
 21
36790.00000000001
 31
0.0
1001
REVIT
1002
{
1070
     1
1000
1982739
1002
}
1002
{
1070
     5
1000
1778809
1002
}
  0
LINE
  5
586
330
579
100
AcDbEntity
  8
A-GLAZ
100
AcDbLine
 10
34110.44550579828
 20
37590.00000000001
 30
0.0
 11
35555.44550579828
 21
37590.00000000001
 31
0.0
1001
REVIT
1002
{
1070
     1
1000
1982739
1002
}
1002
{
1070
     5
1000
1778809
1002
}
  0
LINE
  5
587
330
579
100
AcDbEntity
  8
A-GLAZ
100
AcDbLine
 10
35555.44550579828
 20
37590.00000000001
 30
0.0
 11
35555.44550579828
 21
36790.00000000001
 31
0.0
1001
REVIT
1002
{
1070
     1
1000
1982739
1002
}
1002
{
1070
     5
1000
1778809
1002
}
  0
LINE
  5
588
330
579
100
AcDbEntity
  8
A-GLAZ
100
AcDbLine
 10
35555.44550579828
 20
36790.00000000001
 30
0.0
 11
34110.44550579828
 21
36790.00000000001
 31
0.0
1001
REVIT
1002
{
1070
     1
1000
1982739
1002
}
1002
{
1070
     5
1000
1778809
1002
}
  0
LINE
  5
589
330
579
100
AcDbEntity
  8
A-GLAZ
100
AcDbLine
 10
34110.44550579828
 20
36790.00000000001
 30
0.0
 11
34110.44550579828
 21
37590.00000000001
 31
0.0
1001
REVIT
1002
{
1070
     1
1000
1982739
1002
}
1002
{
1070
     5
1000
1778809
1002
}
  0
ENDBLK
  5
58B
330
579
100
AcDbEntity
  8
0
100
AcDbBlockEnd
  0
BLOCK
  5
5A6
330
596
100
AcDbEntity
  8
0
100
AcDbBlockBegin
  2
Single - Timber Frame  - 820x2400-2604838-SECTION B-B
 70
     0
 10
0.0
 20
0.0
 30
0.0
  3
Single - Timber Frame  - 820x2400-2604838-SECTION B-B
  1

  0
LINE
  5
598
330
596
100
AcDbEntity
  8
A-DOOR
  6
Dashed - Tight 0_18 Pen
100
AcDbLine
 10
38640.4455064994
 20
30065.0
 30
0.0
 11
37820.4455064994
 21
28890.0
 31
0.0
1001
REVIT
1002
{
1070
     1
1000
2446277
1002
}
1002
{
1070
     5
1000
1342408
1002
}
1002
{
1070
     3
1000
942652
1002
}
  0
LINE
  5
599
330
596
100
AcDbEntity
  8
A-DOOR
  6
Dashed - Tight 0_18 Pen
100
AcDbLine
 10
37820.4455064994
 20
31235.00000000001
 30
0.0
 11
38640.4455064994
 21
30065.0
 31
0.0
1001
REVIT
1002
{
1070
     1
1000
2446277
1002
}
1002
{
1070
     5
1000
1342408
1002
}
1002
{
1070
     3
1000
942652
1002
}
  0
LINE
  5
59A
330
596
100
AcDbEntity
  8
A-DOOR
100
AcDbLine
 10
38640.4455064994
 20
31235.00000000001
 30
0.0
 11
37820.4455064994
 21
31235.00000000001
 31
0.0
1001
REVIT
1002
{
1070
     1
1000
2446277
1002
}
1002
{
1070
     5
1000
1342408
1002
}
1002
{
1070
     3
1000
-2000025
1002
}
  0
LINE
  5
59B
330
596
100
AcDbEntity
  8
A-DOOR
100
AcDbLine
 10
37820.4455064994
 20
31235.00000000001
 30
0.0
 11
37820.4455064994
 21
28895.0
 31
0.0
1001
REVIT
1002
{
1070
     1
1000
2446277
1002
}
1002
{
1070
     5
1000
1342408
1002
}
1002
{
1070
     3
1000
-2000025
1002
}
  0
LINE
  5
59C
330
596
100
AcDbEntity
  8
A-DOOR
100
AcDbLine
 10
37820.4455064994
 20
28895.0
 30
0.0
 11
38640.4455064994
 21
28895.0
 31
0.0
1001
REVIT
1002
{
1070
     1
1000
2446277
1002
}
1002
{
1070
     5
1000
1342408
1002
}
1002
{
1070
     3
1000
-2000025
1002
}
  0
LINE
  5
59D
330
596
100
AcDbEntity
  8
A-DOOR
100
AcDbLine
 10
38640.4455064994
 20
28895.0
 30
0.0
 11
38640.4455064994
 21
31235.00000000001
 31
0.0
1001
REVIT
1002
{
1070
     1
1000
2446277
1002
}
1002
{
1070
     5
1000
1342408
1002
}
1002
{
1070
     3
1000
-2000025
1002
}
  0
LINE
  5
59E
330
596
100
AcDbEntity
  8
A-DOOR-FRAM
100
AcDbLine
 10
37832.44550649939
 20
28890.0
 30
0.0
 11
37832.44550649939
 21
28895.0
 31
0.0
1001
REVIT
1002
{
1070
     1
1000
2446277
1002
}
1002
{
1070
     5
1000
1342408
1002
}
1002
{
1070
     3
1000
-2000029
1002
}
  0
LINE
  5
59F
330
596
100
AcDbEntity
  8
A-DOOR-FRAM
100
AcDbLine
 10
38628.44550649941
 20
28890.0
 30
0.0
 11
38628.44550649941
 21
28895.0
 31
0.0
1001
REVIT
1002
{
1070
     1
1000
2446277
1002
}
1002
{
1070
     5
1000
1342408
1002
}
1002
{
1070
     3
1000
-2000029
1002
}
  0
LINE
  5
5A0
330
596
100
AcDbEntity
  8
A-DOOR-FRAM
100
AcDbLine
 10
37817.4455064994
 20
28890.0
 30
0.0
 11
37817.4455064994
 21
31238.00000000001
 31
0.0
1001
REVIT
1002
{
1070
     1
1000
2446277
1002
}
1002
{
1070
     5
1000
1342408
1002
}
1002
{
1070
     3
1000
-2000029
1002
}
  0
LINE
  5
5A1
330
596
100
AcDbEntity
  8
A-DOOR-FRAM
100
AcDbLine
 10
37817.4455064994
 20
31238.00000000001
 30
0.0
 11
38643.4455064994
 21
31238.00000000001
 31
0.0
1001
REVIT
1002
{
1070
     1
1000
2446277
1002
}
1002
{
1070
     5
1000
1342408
1002
}
1002
{
1070
     3
1000
-2000029
1002
}
  0
LINE
  5
5A2
330
596
100
AcDbEntity
  8
A-DOOR-FRAM
100
AcDbLine
 10
38643.4455064994
 20
28890.0
 30
0.0
 11
38643.4455064994
 21
31238.00000000001
 31
0.0
1001
REVIT
1002
{
1070
     1
1000
2446277
1002
}
1002
{
1070
     5
1000
1342408
1002
}
1002
{
1070
     3
1000
-2000029
1002
}
  0
LINE
  5
5A3
330
596
100
AcDbEntity
  8
A-DOOR-FRAM
100
AcDbLine
 10
38670.4455064994
 20
28890.0
 30
0.0
 11
38670.4455064994
 21
31265.0
 31
0.0
1001
REVIT
1002
{
1070
     1
1000
2446277
1002
}
1002
{
1070
     5
1000
1342408
1002
}
1002
{
1070
     3
1000
-2000029
1002
}
  0
LINE
  5
5A4
330
596
100
AcDbEntity
  8
A-DOOR-FRAM
100
AcDbLine
 10
38670.4455064994
 20
31265.0
 30
0.0
 11
37790.44550649939
 21
31265.0
 31
0.0
1001
REVIT
1002
{
1070
     1
1000
2446277
1002
}
1002
{
1070
     5
1000
1342408
1002
}
1002
{
1070
     3
1000
-2000029
1002
}
  0
LINE
  5
5A5
330
596
100
AcDbEntity
  8
A-DOOR-FRAM
100
AcDbLine
 10
37790.44550649939
 20
31265.0
 30
0.0
 11
37790.44550649939
 21
28890.0
 31
0.0
1001
REVIT
1002
{
1070
     1
1000
2446277
1002
}
1002
{
1070
     5
1000
1342408
1002
}
1002
{
1070
     3
1000
-2000029
1002
}
  0
ENDBLK
  5
5A7
330
596
100
AcDbEntity
  8
0
100
AcDbBlockEnd
  0
BLOCK
  5
5AF
330
5A9
100
AcDbEntity
  8
0
100
AcDbBlockBegin
  2
89563_Cavity_Sliding_Door_single - 820CSD-2448972-SECTION B-B
 70
     0
 10
0.0
 20
0.0
 30
0.0
  3
89563_Cavity_Sliding_Door_single - 820CSD-2448972-SECTION B-B
  1

  0
LINE
  5
5AA
330
5A9
100
AcDbEntity
  8
A-DOOR-FRAM
100
AcDbLine
 10
38720.44550649942
 20
32340.00000000001
 30
0.0
 11
38630.44550649942
 21
32340.00000000001
 31
0.0
1001
REVIT
1002
{
1070
     1
1000
2449021
1002
}
1002
{
1070
     5
1000
1377398
1002
}
1002
{
1070
     3
1000
-2000029
1002
}
  0
LINE
  5
5AB
330
5A9
100
AcDbEntity
  8
A-DOOR-FRAM
100
AcDbLine
 10
38630.44550649942
 20
32340.00000000001
 30
0.0
 11
38630.44550649942
 21
34679.99999999818
 31
0.0
1001
REVIT
1002
{
1070
     1
1000
2449021
1002
}
1002
{
1070
     5
1000
1377398
1002
}
1002
{
1070
     3
1000
-2000029
1002
}
  0
LINE
  5
5AC
330
5A9
100
AcDbEntity
  8
A-DOOR-FRAM
100
AcDbLine
 10
38720.44550649942
 20
32340.00000000001
 30
0.0
 11
38720.44550649942
 21
34769.99999999817
 31
0.0
1001
REVIT
1002
{
1070
     1
1000
2449021
1002
}
1002
{
1070
     5
1000
1377398
1002
}
1002
{
1070
     3
1000
-2000029
1002
}
  0
LINE
  5
5AD
330
5A9
100
AcDbEntity
  8
A-DOOR-FRAM
100
AcDbLine
 10
38630.44550649942
 20
34679.99999999818
 30
0.0
 11
38590.44550645955
 21
34679.99999999818
 31
0.0
1001
REVIT
1002
{
1070
     1
1000
2449021
1002
}
1002
{
1070
     5
1000
1377398
1002
}
1002
{
1070
     3
1000
-2000029
1002
}
  0
LINE
  5
5AE
330
5A9
100
AcDbEntity
  8
A-DOOR-FRAM
100
AcDbLine
 10
38720.44550649942
 20
34769.99999999817
 30
0.0
 11
38590.44550645955
 21
34769.99999999817
 31
0.0
1001
REVIT
1002
{
1070
     1
1000
2449021
1002
}
1002
{
1070
     5
1000
1377398
1002
}
1002
{
1070
     3
1000
-2000029
1002
}
  0
ENDBLK
  5
5B0
330
5A9
100
AcDbEntity
  8
0
100
AcDbBlockEnd
  0
BLOCK
  5
5B6
330
5B2
100
AcDbEntity
  8
0
100
AcDbBlockBegin
  2
Gas instantaneous hws - Type 1-1979205-SECTION B-B
 70
     0
 10
0.0
 20
0.0
 30
0.0
  3
Gas instantaneous hws - Type 1-1979205-SECTION B-B
  1

  0
LINE
  5
5B3
330
5B2
100
AcDbEntity
  8
P-SANR-FIXT
100
AcDbLine
 10
39645.44550649941
 20
30690.0
 30
0.0
 11
39645.44550649941
 21
30090.0
 31
0.0
1001
REVIT
1002
{
1070
     1
1000
2457588
1002
}
1002
{
1070
     5
1000
1859742
1002
}
  0
LINE
  5
5B4
330
5B2
100
AcDbEntity
  8
P-SANR-FIXT
100
AcDbLine
 10
39645.44550649941
 20
30090.0
 30
0.0
 11
39580.44550649941
 21
30090.0
 31
0.0
1001
REVIT
1002
{
1070
     1
1000
2457588
1002
}
1002
{
1070
     5
1000
1859742
1002
}
  0
LINE
  5
5B5
330
5B2
100
AcDbEntity
  8
P-SANR-FIXT
100
AcDbLine
 10
39645.44550649941
 20
30690.0
 30
0.0
 11
39580.44550649941
 21
30690.0
 31
0.0
1001
REVIT
1002
{
1070
     1
1000
2457588
1002
}
1002
{
1070
     5
1000
1859742
1002
}
  0
ENDBLK
  5
5B7
330
5B2
100
AcDbEntity
  8
0
100
AcDbBlockEnd
  0
BLOCK
  5
5C3
330
5B9
100
AcDbEntity
  8
0
100
AcDbBlockBegin
  2
BUILDMAT-SNA01004-Willow-600-Stainless_Steel _1_ - Willow 600x450x250mm-2518076-SECTION B-B
 70
     0
 10
0.0
 20
0.0
 30
0.0
  3
BUILDMAT-SNA01004-Willow-600-Stainless_Steel _1_ - Willow 600x450x250mm-2518076-SECTION B-B
  1

  0
LINE
  5
5BA
330
5B9
100
AcDbEntity
  8
P-SANR-FIXT
100
AcDbLine
 10
38785.4455064998
 20
29811.50000000001
 30
0.0
 11
38785.4455064998
 21
29810.00000000001
 31
0.0
1001
REVIT
1002
{
1070
     1
1000
2518475
1002
}
1002
{
1070
     5
1000
2518076
1002
}
  0
LINE
  5
5BB
330
5B9
100
AcDbEntity
  8
P-SANR-FIXT
100
AcDbLine
 10
39235.44550649982
 20
29810.00000000001
 30
0.0
 11
39235.44550649982
 21
29811.50000000001
 31
0.0
1001
REVIT
1002
{
1070
     1
1000
2518475
1002
}
1002
{
1070
     5
1000
2518076
1002
}
  0
LINE
  5
5BC
330
5B9
100
AcDbEntity
  8
P-SANR-FIXT
100
AcDbLine
 10
38805.4455064998
 20
29811.5
 30
0.0
 11
38785.4455064998
 21
29811.5
 31
0.0
1001
REVIT
1002
{
1070
     1
1000
2518475
1002
}
1002
{
1070
     5
1000
2518076
1002
}
  0
LINE
  5
5BD
330
5B9
100
AcDbEntity
  8
P-SANR-FIXT
100
AcDbLine
 10
38805.4455064998
 20
29811.5
 30
0.0
 11
39215.44550649982
 21
29811.5
 31
0.0
1001
REVIT
1002
{
1070
     1
1000
2518475
1002
}
1002
{
1070
     5
1000
2518076
1002
}
  0
LINE
  5
5BE
330
5B9
100
AcDbEntity
  8
P-SANR-FIXT
100
AcDbLine
 10
39235.44550649982
 20
29811.5
 30
0.0
 11
39215.44550649982
 21
29811.5
 31
0.0
1001
REVIT
1002
{
1070
     1
1000
2518475
1002
}
1002
{
1070
     5
1000
2518076
1002
}
  0
LINE
  5
5BF
330
5B9
100
AcDbEntity
  8
P-SANR-FIXT
100
AcDbLine
 10
39235.44550649981
 20
29811.5
 30
0.0
 11
39229.58764212355
 21
29811.5
 31
0.0
1001
REVIT
1002
{
1070
     1
1000
2518475
1002
}
1002
{
1070
     5
1000
2518076
1002
}
  0
LINE
  5
5C0
330
5B9
100
AcDbEntity
  8
P-SANR-FIXT
100
AcDbLine
 10
38791.30337087604
 20
29811.5
 30
0.0
 11
38785.44550649984
 21
29811.5
 31
0.0
1001
REVIT
1002
{
1070
     1
1000
2518475
1002
}
1002
{
1070
     5
1000
2518076
1002
}
  0
LINE
  5
5C1
330
5B9
100
AcDbEntity
  8
P-SANR-FIXT
100
AcDbLine
 10
38820.46144796107
 20
29568.49940069692
 30
0.0
 11
38857.89189230804
 21
29567.092241135
 31
0.0
1001
REVIT
1002
{
1070
     1
1000
2518475
1002
}
1002
{
1070
     5
1000
2518076
1002
}
  0
LINE
  5
5C2
330
5B9
100
AcDbEntity
  8
P-SANR-FIXT
100
AcDbLine
 10
39162.99912070221
 20
29567.0922411354
 30
0.0
 11
39200.42956503858
 21
29568.49940069692
 31
0.0
1001
REVIT
1002
{
1070
     1
1000
2518475
1002
}
1002
{
1070
     5
1000
2518076
1002
}
  0
ENDBLK
  5
5C4
330
5B9
100
AcDbEntity
  8
0
100
AcDbBlockEnd
  0
BLOCK
  5
656
330
5C6
100
AcDbEntity
  8
0
100
AcDbBlockBegin
  2
HH Shower - Wincrest Shower-2580537-SECTION B-B
 70
     0
 10
0.0
 20
0.0
 30
0.0
  3
HH Shower - Wincrest Shower-2580537-SECTION B-B
  1

  0
LINE
  5
5C7
330
5C6
100
AcDbEntity
  8
P-SANR-FIXT
100
AcDbLine
 10
37702.25240321922
 20
33560.00000000013
 30
0.0
 11
37730.63860965206
 21
33560.00000000013
 31
0.0
1001
REVIT
1002
{
1070
     1
1000
2570386
1002
}
1002
{
1070
     5
1000
2425145
1002
}
1002
{
1070
     3
1000
1035229
1002
}
  0
LINE
  5
5C8
330
5C6
100
AcDbEntity
  8
P-SANR-FIXT
100
AcDbLine
 10
38157.4692422441
 20
34087.5582373779
 30
0.0
 11
37909.42177062717
 21
34087.5582373779
 31
0.0
1001
REVIT
1002
{
1070
     1
1000
2570386
1002
}
1002
{
1070
     5
1000
2425145
1002
}
1002
{
1070
     3
1000
1035229
1002
}
  0
LINE
  5
5C9
330
5C6
100
AcDbEntity
  8
P-SANR-FIXT
100
AcDbLine
 10
37909.42177062717
 20
34090.40429308271
 30
0.0
 11
38157.4692422441
 21
34090.40429308271
 31
0.0
1001
REVIT
1002
{
1070
     1
1000
2570386
1002
}
1002
{
1070
     5
1000
2425145
1002
}
1002
{
1070
     3
1000
1035229
1002
}
  0
LINE
  5
5CA
330
5C6
100
AcDbEntity
  8
P-SANR-FIXT
100
AcDbLine
 10
38044.90345182943
 20
34120.29740000006
 30
0.0
 11
38021.98756104183
 21
34120.29740000006
 31
0.0
1001
REVIT
1002
{
1070
     1
1000
2570386
1002
}
1002
{
1070
     5
1000
2425145
1002
}
1002
{
1070
     3
1000
1035229
1002
}
  0
LINE
  5
5CB
330
5C6
100
AcDbEntity
  8
P-SANR-FIXT
100
AcDbLine
 10
38022.71550643564
 20
34126.29739999995
 30
0.0
 11
38044.17550643563
 21
34126.29739999995
 31
0.0
1001
REVIT
1002
{
1070
     1
1000
2570386
1002
}
1002
{
1070
     5
1000
2425145
1002
}
1002
{
1070
     3
1000
1035229
1002
}
  0
LINE
  5
5CC
330
5C6
100
AcDbEntity
  8
P-SANR-FIXT
100
AcDbLine
 10
37673.40770866796
 20
33835.00000000006
 30
0.0
 11
37673.40770866796
 21
33805.00000000006
 31
0.0
1001
REVIT
1002
{
1070
     1
1000
2570386
1002
}
1002
{
1070
     5
1000
2425145
1002
}
1002
{
1070
     3
1000
1035229
1002
}
  0
LINE
  5
5CD
330
5C6
100
AcDbEntity
  8
P-SANR-FIXT
100
AcDbLine
 10
37673.40770866796
 20
33135.00000000007
 30
0.0
 11
37673.40770866796
 21
33105.00000000007
 31
0.0
1001
REVIT
1002
{
1070
     1
1000
2570386
1002
}
1002
{
1070
     5
1000
2425145
1002
}
1002
{
1070
     3
1000
1035229
1002
}
  0
LINE
  5
5CE
330
5C6
100
AcDbEntity
  8
P-SANR-FIXT
100
AcDbLine
 10
37705.35977435686
 20
33105.00000000007
 30
0.0
 11
37705.35977435686
 21
33135.00000000007
 31
0.0
1001
REVIT
1002
{
1070
     1
1000
2570386
1002
}
1002
{
1070
     5
1000
2425145
1002
}
1002
{
1070
     3
1000
1035229
1002
}
  0
LINE
  5
5CF
330
5C6
100
AcDbEntity
  8
P-SANR-FIXT
100
AcDbLine
 10
37728.44814576314
 20
33830.00000000007
 30
0.0
 11
37728.44814576314
 21
33810.00000000006
 31
0.0
1001
REVIT
1002
{
1070
     1
1000
2570386
1002
}
1002
{
1070
     5
1000
2425145
1002
}
1002
{
1070
     3
1000
1035229
1002
}
  0
LINE
  5
5D0
330
5C6
100
AcDbEntity
  8
P-SANR-FIXT
100
AcDbLine
 10
38042.44550643564
 20
34136.99999999994
 30
0.0
 11
38024.44550643564
 21
34136.99999999994
 31
0.0
1001
REVIT
1002
{
1070
     1
1000
2570386
1002
}
1002
{
1070
     5
1000
2425145
1002
}
1002
{
1070
     3
1000
1035229
1002
}
  0
LINE
  5
5D1
330
5C6
100
AcDbEntity
  8
P-SANR-FIXT
100
AcDbLine
 10
37730.63860965206
 20
33559.03093367816
 30
0.0
 11
37702.25240321922
 21
33559.03093367816
 31
0.0
1001
REVIT
1002
{
1070
     1
1000
2570386
1002
}
1002
{
1070
     5
1000
2425145
1002
}
1002
{
1070
     3
1000
1035229
1002
}
  0
LINE
  5
5D2
330
5C6
100
AcDbEntity
  8
P-SANR-FIXT
100
AcDbLine
 10
37726.60175643565
 20
33575.99999999998
 30
0.0
 11
37703.64025178903
 21
33575.99999999998
 31
0.0
1001
REVIT
1002
{
1070
     1
1000
2570386
1002
}
1002
{
1070
     5
1000
2425145
1002
}
1002
{
1070
     3
1000
1035229
1002
}
  0
LINE
  5
5D3
330
5C6
100
AcDbEntity
  8
P-SANR-FIXT
100
AcDbLine
 10
37726.60175643565
 20
33746.04607056907
 30
0.0
 11
37726.60175643565
 21
33575.99999999998
 31
0.0
1001
REVIT
1002
{
1070
     1
1000
2570386
1002
}
1002
{
1070
     5
1000
2425145
1002
}
1002
{
1070
     3
1000
1035229
1002
}
  0
LINE
  5
5D4
330
5C6
100
AcDbEntity
  8
P-SANR-FIXT
100
AcDbLine
 10
37706.60175643565
 20
33690.00000000013
 30
0.0
 11
37706.60175643565
 21
33575.99999999998
 31
0.0
1001
REVIT
1002
{
1070
     1
1000
2570386
1002
}
1002
{
1070
     5
1000
2425145
1002
}
1002
{
1070
     3
1000
1035229
1002
}
  0
LINE
  5
5D5
330
5C6
100
AcDbEntity
  8
P-SANR-FIXT
100
AcDbLine
 10
38015.43246468806
 20
34101.50000000007
 30
0.0
 11
38051.45854818321
 21
34101.50000000007
 31
0.0
1001
REVIT
1002
{
1070
     1
1000
2570386
1002
}
1002
{
1070
     5
1000
2425145
1002
}
1002
{
1070
     3
1000
1035229
1002
}
  0
LINE
  5
5D6
330
5C6
100
AcDbEntity
  8
P-SANR-FIXT
100
AcDbLine
 10
37726.63300643565
 20
32927.31106338508
 30
0.0
 11
37706.60175643566
 21
32927.31106338508
 31
0.0
1001
REVIT
1002
{
1070
     1
1000
2570386
1002
}
1002
{
1070
     5
1000
2425145
1002
}
1002
{
1070
     3
1000
1035229
1002
}
  0
LINE
  5
5D7
330
5C6
100
AcDbEntity
  8
P-SANR-FIXT
100
AcDbLine
 10
37726.60175643566
 20
32967.31106338512
 30
0.0
 11
37706.60175643566
 21
32967.31106338512
 31
0.0
1001
REVIT
1002
{
1070
     1
1000
2570386
1002
}
1002
{
1070
     5
1000
2425145
1002
}
1002
{
1070
     3
1000
1035229
1002
}
  0
LINE
  5
5D8
330
5C6
100
AcDbEntity
  8
P-SANR-FIXT
100
AcDbLine
 10
37706.44550643566
 20
33135.00000000007
 30
0.0
 11
37706.44550643566
 21
33105.00000000007
 31
0.0
1001
REVIT
1002
{
1070
     1
1000
2570386
1002
}
1002
{
1070
     5
1000
2425145
1002
}
1002
{
1070
     3
1000
1035229
1002
}
  0
LINE
  5
5D9
330
5C6
100
AcDbEntity
  8
P-SANR-FIXT
100
AcDbLine
 10
37706.44550643566
 20
33510.00000000008
 30
0.0
 11
37726.60175643566
 21
33510.00000000008
 31
0.0
1001
REVIT
1002
{
1070
     1
1000
2570386
1002
}
1002
{
1070
     5
1000
2425145
1002
}
1002
{
1070
     3
1000
1035229
1002
}
  0
LINE
  5
5DA
330
5C6
100
AcDbEntity
  8
P-SANR-FIXT
100
AcDbLine
 10
37728.63300643566
 20
33577.46534359939
 30
0.0
 11
37726.60175643566
 21
33577.46534359939
 31
0.0
1001
REVIT
1002
{
1070
     1
1000
2570386
1002
}
1002
{
1070
     5
1000
2425145
1002
}
1002
{
1070
     3
1000
1035229
1002
}
  0
LINE
  5
5DB
330
5C6
100
AcDbEntity
  8
P-SANR-FIXT
100
AcDbLine
 10
37726.60175643566
 20
33135.00000000007
 30
0.0
 11
37726.60175643566
 21
33105.00000000007
 31
0.0
1001
REVIT
1002
{
1070
     1
1000
2570386
1002
}
1002
{
1070
     5
1000
2425145
1002
}
1002
{
1070
     3
1000
1035229
1002
}
  0
LINE
  5
5DC
330
5C6
100
AcDbEntity
  8
P-SANR-FIXT
100
AcDbLine
 10
37726.45468896803
 20
33805.00298235227
 30
0.0
 11
37706.45468896803
 21
33805.00298235227
 31
0.0
1001
REVIT
1002
{
1070
     1
1000
2570386
1002
}
1002
{
1070
     5
1000
2425145
1002
}
1002
{
1070
     3
1000
1035229
1002
}
  0
LINE
  5
5DD
330
5C6
100
AcDbEntity
  8
P-SANR-FIXT
100
AcDbLine
 10
37706.46479793539
 20
33835.01986113608
 30
0.0
 11
37726.46479793539
 21
33835.01986113608
 31
0.0
1001
REVIT
1002
{
1070
     1
1000
2570386
1002
}
1002
{
1070
     5
1000
2425145
1002
}
1002
{
1070
     3
1000
1035229
1002
}
  0
ARC
  5
5DE
330
5C6
100
AcDbEntity
  8
P-SANR-FIXT
100
AcDbCircle
 10
38009.27693342336
 20
34153.04482980415
 30
0.0
 40
15.00000000000285
100
AcDbArc
 50
318.1223101492164
 51
41.87768985080391
1001
REVIT
1002
{
1070
     1
1000
2570386
1002
}
1002
{
1070
     5
1000
2425145
1002
}
1002
{
1070
     3
1000
1035229
1002
}
  0
LINE
  5
5DF
330
5C6
100
AcDbEntity
  8
P-SANR-FIXT
100
AcDbLine
 10
38042.44550643564
 20
34140.00000000005
 30
0.0
 11
38024.44550643564
 21
34140.00000000005
 31
0.0
1001
REVIT
1002
{
1070
     1
1000
2570386
1002
}
1002
{
1070
     5
1000
2425145
1002
}
1002
{
1070
     3
1000
1035229
1002
}
  0
ARC
  5
5E0
330
5C6
100
AcDbEntity
  8
P-SANR-FIXT
100
AcDbCircle
 10
37743.7544718417
 20
34125.90525460841
 30
0.0
 40
37.15271540603862
100
AcDbArc
 50
90.0
 51
180.0
1001
REVIT
1002
{
1070
     1
1000
2570386
1002
}
1002
{
1070
     5
1000
2425145
1002
}
1002
{
1070
     3
1000
1035229
1002
}
  0
LINE
  5
5E1
330
5C6
100
AcDbEntity
  8
P-SANR-FIXT
100
AcDbLine
 10
37706.60175643566
 20
33835.00000000015
 30
0.0
 11
37706.60175643566
 21
34125.90525460841
 31
0.0
1001
REVIT
1002
{
1070
     1
1000
2570386
1002
}
1002
{
1070
     5
1000
2425145
1002
}
1002
{
1070
     3
1000
1035229
1002
}
  0
LINE
  5
5E2
330
5C6
100
AcDbEntity
  8
P-SANR-FIXT
100
AcDbLine
 10
37673.40770866796
 20
33835.00000000015
 30
0.0
 11
37706.60175643566
 21
33835.00000000015
 31
0.0
1001
REVIT
1002
{
1070
     1
1000
2570386
1002
}
1002
{
1070
     5
1000
2425145
1002
}
1002
{
1070
     3
1000
1035229
1002
}
  0
LINE
  5
5E3
330
5C6
100
AcDbEntity
  8
P-SANR-FIXT
100
AcDbLine
 10
37673.40770866796
 20
33845.00000000015
 30
0.0
 11
37673.40770866796
 21
33835.00000000015
 31
0.0
1001
REVIT
1002
{
1070
     1
1000
2570386
1002
}
1002
{
1070
     5
1000
2425145
1002
}
1002
{
1070
     3
1000
1035229
1002
}
  0
LINE
  5
5E4
330
5C6
100
AcDbEntity
  8
P-SANR-FIXT
100
AcDbLine
 10
37670.44550643562
 20
33845.00000000015
 30
0.0
 11
37673.40770866796
 21
33845.00000000015
 31
0.0
1001
REVIT
1002
{
1070
     1
1000
2570386
1002
}
1002
{
1070
     5
1000
2425145
1002
}
1002
{
1070
     3
1000
1035229
1002
}
  0
LINE
  5
5E5
330
5C6
100
AcDbEntity
  8
P-SANR-FIXT
100
AcDbLine
 10
37670.44550643562
 20
33795.00000000015
 30
0.0
 11
37670.44550643562
 21
33845.00000000015
 31
0.0
1001
REVIT
1002
{
1070
     1
1000
2570386
1002
}
1002
{
1070
     5
1000
2425145
1002
}
1002
{
1070
     3
1000
1035229
1002
}
  0
LINE
  5
5E6
330
5C6
100
AcDbEntity
  8
P-SANR-FIXT
100
AcDbLine
 10
37673.40770866796
 20
33795.00000000015
 30
0.0
 11
37670.44550643562
 21
33795.00000000015
 31
0.0
1001
REVIT
1002
{
1070
     1
1000
2570386
1002
}
1002
{
1070
     5
1000
2425145
1002
}
1002
{
1070
     3
1000
1035229
1002
}
  0
LINE
  5
5E7
330
5C6
100
AcDbEntity
  8
P-SANR-FIXT
100
AcDbLine
 10
37673.40770866796
 20
33805.00000000015
 30
0.0
 11
37673.40770866796
 21
33795.00000000015
 31
0.0
1001
REVIT
1002
{
1070
     1
1000
2570386
1002
}
1002
{
1070
     5
1000
2425145
1002
}
1002
{
1070
     3
1000
1035229
1002
}
  0
LINE
  5
5E8
330
5C6
100
AcDbEntity
  8
P-SANR-FIXT
100
AcDbLine
 10
37706.60175643566
 20
33805.00000000015
 30
0.0
 11
37673.40770866796
 21
33805.00000000015
 31
0.0
1001
REVIT
1002
{
1070
     1
1000
2570386
1002
}
1002
{
1070
     5
1000
2425145
1002
}
1002
{
1070
     3
1000
1035229
1002
}
  0
LINE
  5
5E9
330
5C6
100
AcDbEntity
  8
P-SANR-FIXT
100
AcDbLine
 10
37706.60175643566
 20
33690.00000000015
 30
0.0
 11
37706.60175643566
 21
33805.00000000015
 31
0.0
1001
REVIT
1002
{
1070
     1
1000
2570386
1002
}
1002
{
1070
     5
1000
2425145
1002
}
1002
{
1070
     3
1000
1035229
1002
}
  0
ARC
  5
5EA
330
5C6
100
AcDbEntity
  8
P-SANR-FIXT
100
AcDbCircle
 10
37868.6828193982
 20
33658.25335184257
 30
0.0
 40
165.1608931930057
100
AcDbArc
 50
168.9178352914004
 51
182.1689486916781
1001
REVIT
1002
{
1070
     1
1000
2570386
1002
}
1002
{
1070
     5
1000
2425145
1002
}
1002
{
1070
     3
1000
1035229
1002
}
  0
LINE
  5
5EB
330
5C6
100
AcDbEntity
  8
P-SANR-FIXT
100
AcDbLine
 10
37703.64025178903
 20
33575.99999999998
 30
0.0
 11
37703.64025178903
 21
33652.00263050165
 31
0.0
1001
REVIT
1002
{
1070
     1
1000
2570386
1002
}
1002
{
1070
     5
1000
2425145
1002
}
1002
{
1070
     3
1000
1035229
1002
}
  0
LINE
  5
5EC
330
5C6
100
AcDbEntity
  8
P-SANR-FIXT
100
AcDbLine
 10
37699.69550643565
 20
33575.99999999998
 30
0.0
 11
37703.64025178903
 21
33575.99999999998
 31
0.0
1001
REVIT
1002
{
1070
     1
1000
2570386
1002
}
1002
{
1070
     5
1000
2425145
1002
}
1002
{
1070
     3
1000
1035229
1002
}
  0
LINE
  5
5ED
330
5C6
100
AcDbEntity
  8
P-SANR-FIXT
100
AcDbLine
 10
37699.69550643565
 20
33560.00000000013
 30
0.0
 11
37699.69550643565
 21
33575.99999999998
 31
0.0
1001
REVIT
1002
{
1070
     1
1000
2570386
1002
}
1002
{
1070
     5
1000
2425145
1002
}
1002
{
1070
     3
1000
1035229
1002
}
  0
LINE
  5
5EE
330
5C6
100
AcDbEntity
  8
P-SANR-FIXT
100
AcDbLine
 10
37702.25240321922
 20
33560.00000000013
 30
0.0
 11
37699.69550643565
 21
33560.00000000013
 31
0.0
1001
REVIT
1002
{
1070
     1
1000
2570386
1002
}
1002
{
1070
     5
1000
2425145
1002
}
1002
{
1070
     3
1000
1035229
1002
}
  0
LINE
  5
5EF
330
5C6
100
AcDbEntity
  8
P-SANR-FIXT
100
AcDbLine
 10
37702.25240321922
 20
33559.03093367817
 30
0.0
 11
37702.25240321922
 21
33560.00000000013
 31
0.0
1001
REVIT
1002
{
1070
     1
1000
2570386
1002
}
1002
{
1070
     5
1000
2425145
1002
}
1002
{
1070
     3
1000
1035229
1002
}
  0
LINE
  5
5F0
330
5C6
100
AcDbEntity
  8
P-SANR-FIXT
100
AcDbLine
 10
37699.69550643564
 20
33559.03093367817
 30
0.0
 11
37702.25240321922
 21
33559.03093367817
 31
0.0
1001
REVIT
1002
{
1070
     1
1000
2570386
1002
}
1002
{
1070
     5
1000
2425145
1002
}
1002
{
1070
     3
1000
1035229
1002
}
  0
LINE
  5
5F1
330
5C6
100
AcDbEntity
  8
P-SANR-FIXT
100
AcDbLine
 10
37699.69550643564
 20
33510.00000000017
 30
0.0
 11
37699.69550643564
 21
33559.03093367817
 31
0.0
1001
REVIT
1002
{
1070
     1
1000
2570386
1002
}
1002
{
1070
     5
1000
2425145
1002
}
1002
{
1070
     3
1000
1035229
1002
}
  0
LINE
  5
5F2
330
5C6
100
AcDbEntity
  8
P-SANR-FIXT
100
AcDbLine
 10
37706.44550643566
 20
33510.00000000017
 30
0.0
 11
37699.69550643564
 21
33510.00000000017
 31
0.0
1001
REVIT
1002
{
1070
     1
1000
2570386
1002
}
1002
{
1070
     5
1000
2425145
1002
}
1002
{
1070
     3
1000
1035229
1002
}
  0
LINE
  5
5F3
330
5C6
100
AcDbEntity
  8
P-SANR-FIXT
100
AcDbLine
 10
37706.44550643566
 20
33135.00000000015
 30
0.0
 11
37706.44550643566
 21
33510.00000000017
 31
0.0
1001
REVIT
1002
{
1070
     1
1000
2570386
1002
}
1002
{
1070
     5
1000
2425145
1002
}
1002
{
1070
     3
1000
1035229
1002
}
  0
LINE
  5
5F4
330
5C6
100
AcDbEntity
  8
P-SANR-FIXT
100
AcDbLine
 10
37673.40770866796
 20
33135.00000000015
 30
0.0
 11
37706.44550643566
 21
33135.00000000015
 31
0.0
1001
REVIT
1002
{
1070
     1
1000
2570386
1002
}
1002
{
1070
     5
1000
2425145
1002
}
1002
{
1070
     3
1000
1035229
1002
}
  0
LINE
  5
5F5
330
5C6
100
AcDbEntity
  8
P-SANR-FIXT
100
AcDbLine
 10
37673.40770866796
 20
33145.00000000015
 30
0.0
 11
37673.40770866796
 21
33135.00000000015
 31
0.0
1001
REVIT
1002
{
1070
     1
1000
2570386
1002
}
1002
{
1070
     5
1000
2425145
1002
}
1002
{
1070
     3
1000
1035229
1002
}
  0
LINE
  5
5F6
330
5C6
100
AcDbEntity
  8
P-SANR-FIXT
100
AcDbLine
 10
37670.44550643562
 20
33145.00000000015
 30
0.0
 11
37673.40770866796
 21
33145.00000000015
 31
0.0
1001
REVIT
1002
{
1070
     1
1000
2570386
1002
}
1002
{
1070
     5
1000
2425145
1002
}
1002
{
1070
     3
1000
1035229
1002
}
  0
LINE
  5
5F7
330
5C6
100
AcDbEntity
  8
P-SANR-FIXT
100
AcDbLine
 10
37670.44550643562
 20
33095.00000000015
 30
0.0
 11
37670.44550643562
 21
33145.00000000015
 31
0.0
1001
REVIT
1002
{
1070
     1
1000
2570386
1002
}
1002
{
1070
     5
1000
2425145
1002
}
1002
{
1070
     3
1000
1035229
1002
}
  0
LINE
  5
5F8
330
5C6
100
AcDbEntity
  8
P-SANR-FIXT
100
AcDbLine
 10
37673.40770866796
 20
33095.00000000015
 30
0.0
 11
37670.44550643562
 21
33095.00000000015
 31
0.0
1001
REVIT
1002
{
1070
     1
1000
2570386
1002
}
1002
{
1070
     5
1000
2425145
1002
}
1002
{
1070
     3
1000
1035229
1002
}
  0
LINE
  5
5F9
330
5C6
100
AcDbEntity
  8
P-SANR-FIXT
100
AcDbLine
 10
37673.40770866796
 20
33105.00000000016
 30
0.0
 11
37673.40770866796
 21
33095.00000000015
 31
0.0
1001
REVIT
1002
{
1070
     1
1000
2570386
1002
}
1002
{
1070
     5
1000
2425145
1002
}
1002
{
1070
     3
1000
1035229
1002
}
  0
LINE
  5
5FA
330
5C6
100
AcDbEntity
  8
P-SANR-FIXT
100
AcDbLine
 10
37706.44550643566
 20
33105.00000000016
 30
0.0
 11
37673.40770866796
 21
33105.00000000016
 31
0.0
1001
REVIT
1002
{
1070
     1
1000
2570386
1002
}
1002
{
1070
     5
1000
2425145
1002
}
1002
{
1070
     3
1000
1035229
1002
}
  0
LINE
  5
5FB
330
5C6
100
AcDbEntity
  8
P-SANR-FIXT
100
AcDbLine
 10
37706.44550643566
 20
32967.31106338521
 30
0.0
 11
37706.44550643566
 21
33105.00000000016
 31
0.0
1001
REVIT
1002
{
1070
     1
1000
2570386
1002
}
1002
{
1070
     5
1000
2425145
1002
}
1002
{
1070
     3
1000
1035229
1002
}
  0
LINE
  5
5FC
330
5C6
100
AcDbEntity
  8
P-SANR-FIXT
100
AcDbLine
 10
37701.60175643567
 20
32967.31106338521
 30
0.0
 11
37706.44550643566
 21
32967.31106338521
 31
0.0
1001
REVIT
1002
{
1070
     1
1000
2570386
1002
}
1002
{
1070
     5
1000
2425145
1002
}
1002
{
1070
     3
1000
1035229
1002
}
  0
LINE
  5
5FD
330
5C6
100
AcDbEntity
  8
P-SANR-FIXT
100
AcDbLine
 10
37704.60175643567
 20
32927.31106338521
 30
0.0
 11
37701.60175643567
 21
32967.31106338521
 31
0.0
1001
REVIT
1002
{
1070
     1
1000
2570386
1002
}
1002
{
1070
     5
1000
2425145
1002
}
1002
{
1070
     3
1000
1035229
1002
}
  0
LINE
  5
5FE
330
5C6
100
AcDbEntity
  8
P-SANR-FIXT
100
AcDbLine
 10
37706.60175643566
 20
32927.31106338521
 30
0.0
 11
37704.60175643567
 21
32927.31106338521
 31
0.0
1001
REVIT
1002
{
1070
     1
1000
2570386
1002
}
1002
{
1070
     5
1000
2425145
1002
}
1002
{
1070
     3
1000
1035229
1002
}
  0
LINE
  5
5FF
330
5C6
100
AcDbEntity
  8
P-SANR-FIXT
100
AcDbLine
 10
37706.60175643566
 20
32487.50353459413
 30
0.0
 11
37706.60175643566
 21
32927.31106338521
 31
0.0
1001
REVIT
1002
{
1070
     1
1000
2570386
1002
}
1002
{
1070
     5
1000
2425145
1002
}
1002
{
1070
     3
1000
1035229
1002
}
  0
ARC
  5
600
330
5C6
100
AcDbEntity
  8
P-SANR-FIXT
100
AcDbCircle
 10
37716.60175643566
 20
32487.50353459413
 30
0.0
 40
10.0
100
AcDbArc
 50
180.0
 51
0.0
1001
REVIT
1002
{
1070
     1
1000
2570386
1002
}
1002
{
1070
     5
1000
2425145
1002
}
1002
{
1070
     3
1000
1035229
1002
}
  0
LINE
  5
601
330
5C6
100
AcDbEntity
  8
P-SANR-FIXT
100
AcDbLine
 10
37726.60175643566
 20
32927.31106338521
 30
0.0
 11
37726.60175643566
 21
32487.50353459413
 31
0.0
1001
REVIT
1002
{
1070
     1
1000
2570386
1002
}
1002
{
1070
     5
1000
2425145
1002
}
1002
{
1070
     3
1000
1035229
1002
}
  0
LINE
  5
602
330
5C6
100
AcDbEntity
  8
P-SANR-FIXT
100
AcDbLine
 10
37728.60175643568
 20
32927.31106338521
 30
0.0
 11
37726.60175643566
 21
32927.31106338521
 31
0.0
1001
REVIT
1002
{
1070
     1
1000
2570386
1002
}
1002
{
1070
     5
1000
2425145
1002
}
1002
{
1070
     3
1000
1035229
1002
}
  0
LINE
  5
603
330
5C6
100
AcDbEntity
  8
P-SANR-FIXT
100
AcDbLine
 10
37731.60175643567
 20
32967.31106338521
 30
0.0
 11
37728.60175643568
 21
32927.31106338521
 31
0.0
1001
REVIT
1002
{
1070
     1
1000
2570386
1002
}
1002
{
1070
     5
1000
2425145
1002
}
1002
{
1070
     3
1000
1035229
1002
}
  0
LINE
  5
604
330
5C6
100
AcDbEntity
  8
P-SANR-FIXT
100
AcDbLine
 10
37726.60175643566
 20
32967.31106338521
 30
0.0
 11
37731.60175643567
 21
32967.31106338521
 31
0.0
1001
REVIT
1002
{
1070
     1
1000
2570386
1002
}
1002
{
1070
     5
1000
2425145
1002
}
1002
{
1070
     3
1000
1035229
1002
}
  0
LINE
  5
605
330
5C6
100
AcDbEntity
  8
P-SANR-FIXT
100
AcDbLine
 10
37726.60175643566
 20
33105.00000000016
 30
0.0
 11
37726.60175643566
 21
32967.31106338521
 31
0.0
1001
REVIT
1002
{
1070
     1
1000
2570386
1002
}
1002
{
1070
     5
1000
2425145
1002
}
1002
{
1070
     3
1000
1035229
1002
}
  0
LINE
  5
606
330
5C6
100
AcDbEntity
  8
P-SANR-FIXT
100
AcDbLine
 10
37727.84588786047
 20
33105.00000000016
 30
0.0
 11
37726.60175643566
 21
33105.00000000016
 31
0.0
1001
REVIT
1002
{
1070
     1
1000
2570386
1002
}
1002
{
1070
     5
1000
2425145
1002
}
1002
{
1070
     3
1000
1035229
1002
}
  0
LINE
  5
607
330
5C6
100
AcDbEntity
  8
P-SANR-FIXT
100
AcDbLine
 10
37727.84588786047
 20
33135.00000000015
 30
0.0
 11
37727.84588786047
 21
33105.00000000016
 31
0.0
1001
REVIT
1002
{
1070
     1
1000
2570386
1002
}
1002
{
1070
     5
1000
2425145
1002
}
1002
{
1070
     3
1000
1035229
1002
}
  0
LINE
  5
608
330
5C6
100
AcDbEntity
  8
P-SANR-FIXT
100
AcDbLine
 10
37726.60175643566
 20
33135.00000000015
 30
0.0
 11
37727.84588786047
 21
33135.00000000015
 31
0.0
1001
REVIT
1002
{
1070
     1
1000
2570386
1002
}
1002
{
1070
     5
1000
2425145
1002
}
1002
{
1070
     3
1000
1035229
1002
}
  0
LINE
  5
609
330
5C6
100
AcDbEntity
  8
P-SANR-FIXT
100
AcDbLine
 10
37726.60175643566
 20
33510.00000000017
 30
0.0
 11
37726.60175643566
 21
33135.00000000015
 31
0.0
1001
REVIT
1002
{
1070
     1
1000
2570386
1002
}
1002
{
1070
     5
1000
2425145
1002
}
1002
{
1070
     3
1000
1035229
1002
}
  0
LINE
  5
60A
330
5C6
100
AcDbEntity
  8
P-SANR-FIXT
100
AcDbLine
 10
37733.19550643564
 20
33510.00000000017
 30
0.0
 11
37726.60175643566
 21
33510.00000000017
 31
0.0
1001
REVIT
1002
{
1070
     1
1000
2570386
1002
}
1002
{
1070
     5
1000
2425145
1002
}
1002
{
1070
     3
1000
1035229
1002
}
  0
LINE
  5
60B
330
5C6
100
AcDbEntity
  8
P-SANR-FIXT
100
AcDbLine
 10
37733.19550643564
 20
33559.03093367817
 30
0.0
 11
37733.19550643564
 21
33510.00000000017
 31
0.0
1001
REVIT
1002
{
1070
     1
1000
2570386
1002
}
1002
{
1070
     5
1000
2425145
1002
}
1002
{
1070
     3
1000
1035229
1002
}
  0
LINE
  5
60C
330
5C6
100
AcDbEntity
  8
P-SANR-FIXT
100
AcDbLine
 10
37730.63860965207
 20
33559.03093367817
 30
0.0
 11
37733.19550643564
 21
33559.03093367817
 31
0.0
1001
REVIT
1002
{
1070
     1
1000
2570386
1002
}
1002
{
1070
     5
1000
2425145
1002
}
1002
{
1070
     3
1000
1035229
1002
}
  0
LINE
  5
60D
330
5C6
100
AcDbEntity
  8
P-SANR-FIXT
100
AcDbLine
 10
37730.63860965207
 20
33560.00000000013
 30
0.0
 11
37730.63860965207
 21
33559.03093367817
 31
0.0
1001
REVIT
1002
{
1070
     1
1000
2570386
1002
}
1002
{
1070
     5
1000
2425145
1002
}
1002
{
1070
     3
1000
1035229
1002
}
  0
LINE
  5
60E
330
5C6
100
AcDbEntity
  8
P-SANR-FIXT
100
AcDbLine
 10
37733.19550643564
 20
33560.00000000013
 30
0.0
 11
37730.63860965207
 21
33560.00000000013
 31
0.0
1001
REVIT
1002
{
1070
     1
1000
2570386
1002
}
1002
{
1070
     5
1000
2425145
1002
}
1002
{
1070
     3
1000
1035229
1002
}
  0
LINE
  5
60F
330
5C6
100
AcDbEntity
  8
P-SANR-FIXT
100
AcDbLine
 10
37733.19550643564
 20
33575.99999999998
 30
0.0
 11
37733.19550643564
 21
33560.00000000013
 31
0.0
1001
REVIT
1002
{
1070
     1
1000
2570386
1002
}
1002
{
1070
     5
1000
2425145
1002
}
1002
{
1070
     3
1000
1035229
1002
}
  0
LINE
  5
610
330
5C6
100
AcDbEntity
  8
P-SANR-FIXT
100
AcDbLine
 10
37728.63300643566
 20
33575.99999999998
 30
0.0
 11
37733.19550643564
 21
33575.99999999998
 31
0.0
1001
REVIT
1002
{
1070
     1
1000
2570386
1002
}
1002
{
1070
     5
1000
2425145
1002
}
1002
{
1070
     3
1000
1035229
1002
}
  0
LINE
  5
611
330
5C6
100
AcDbEntity
  8
P-SANR-FIXT
100
AcDbLine
 10
37728.63300643566
 20
33577.46534359939
 30
0.0
 11
37728.63300643566
 21
33575.99999999998
 31
0.0
1001
REVIT
1002
{
1070
     1
1000
2570386
1002
}
1002
{
1070
     5
1000
2425145
1002
}
1002
{
1070
     3
1000
1035229
1002
}
  0
LINE
  5
612
330
5C6
100
AcDbEntity
  8
P-SANR-FIXT
100
AcDbLine
 10
37729.6329800373
 20
33577.46534359939
 30
0.0
 11
37728.63300643566
 21
33577.46534359939
 31
0.0
1001
REVIT
1002
{
1070
     1
1000
2570386
1002
}
1002
{
1070
     5
1000
2425145
1002
}
1002
{
1070
     3
1000
1035229
1002
}
  0
LINE
  5
613
330
5C6
100
AcDbEntity
  8
P-SANR-FIXT
100
AcDbLine
 10
37726.60175643566
 20
33633.00996956507
 30
0.0
 11
37729.6329800373
 21
33577.46534359939
 31
0.0
1001
REVIT
1002
{
1070
     1
1000
2570386
1002
}
1002
{
1070
     5
1000
2425145
1002
}
1002
{
1070
     3
1000
1035229
1002
}
  0
LINE
  5
614
330
5C6
100
AcDbEntity
  8
P-SANR-FIXT
100
AcDbLine
 10
37726.60175643566
 20
33702.18900456275
 30
0.0
 11
37726.60175643566
 21
33633.00996956507
 31
0.0
1001
REVIT
1002
{
1070
     1
1000
2570386
1002
}
1002
{
1070
     5
1000
2425145
1002
}
1002
{
1070
     3
1000
1035229
1002
}
  0
LINE
  5
615
330
5C6
100
AcDbEntity
  8
P-SANR-FIXT
100
AcDbLine
 10
37767.61417476739
 20
33814.86969785028
 30
0.0
 11
37726.60175643566
 21
33702.18900456275
 31
0.0
1001
REVIT
1002
{
1070
     1
1000
2570386
1002
}
1002
{
1070
     5
1000
2425145
1002
}
1002
{
1070
     3
1000
1035229
1002
}
  0
LINE
  5
616
330
5C6
100
AcDbEntity
  8
P-SANR-FIXT
100
AcDbLine
 10
37753.51878545559
 20
33819.99999999999
 30
0.0
 11
37767.61417476739
 21
33814.86969785028
 31
0.0
1001
REVIT
1002
{
1070
     1
1000
2570386
1002
}
1002
{
1070
     5
1000
2425145
1002
}
1002
{
1070
     3
1000
1035229
1002
}
  0
LINE
  5
617
330
5C6
100
AcDbEntity
  8
P-SANR-FIXT
100
AcDbLine
 10
37726.60175643566
 20
33746.04607056635
 30
0.0
 11
37753.51878545559
 21
33819.99999999999
 31
0.0
1001
REVIT
1002
{
1070
     1
1000
2570386
1002
}
1002
{
1070
     5
1000
2425145
1002
}
1002
{
1070
     3
1000
1035229
1002
}
  0
LINE
  5
618
330
5C6
100
AcDbEntity
  8
P-SANR-FIXT
100
AcDbLine
 10
37726.60175643566
 20
33805.00000000015
 30
0.0
 11
37726.60175643566
 21
33746.04607056635
 31
0.0
1001
REVIT
1002
{
1070
     1
1000
2570386
1002
}
1002
{
1070
     5
1000
2425145
1002
}
1002
{
1070
     3
1000
1035229
1002
}
  0
LINE
  5
619
330
5C6
100
AcDbEntity
  8
P-SANR-FIXT
100
AcDbLine
 10
37728.44814576314
 20
33805.00000000015
 30
0.0
 11
37726.60175643566
 21
33805.00000000015
 31
0.0
1001
REVIT
1002
{
1070
     1
1000
2570386
1002
}
1002
{
1070
     5
1000
2425145
1002
}
1002
{
1070
     3
1000
1035229
1002
}
  0
LINE
  5
61A
330
5C6
100
AcDbEntity
  8
P-SANR-FIXT
100
AcDbLine
 10
37728.44814576314
 20
33810.00000000015
 30
0.0
 11
37728.44814576314
 21
33805.00000000015
 31
0.0
1001
REVIT
1002
{
1070
     1
1000
2570386
1002
}
1002
{
1070
     5
1000
2425145
1002
}
1002
{
1070
     3
1000
1035229
1002
}
  0
LINE
  5
61B
330
5C6
100
AcDbEntity
  8
P-SANR-FIXT
100
AcDbLine
 10
37735.85929251187
 20
33810.00000000015
 30
0.0
 11
37728.44814576314
 21
33810.00000000015
 31
0.0
1001
REVIT
1002
{
1070
     1
1000
2570386
1002
}
1002
{
1070
     5
1000
2425145
1002
}
1002
{
1070
     3
1000
1035229
1002
}
  0
LINE
  5
61C
330
5C6
100
AcDbEntity
  8
P-SANR-FIXT
100
AcDbLine
 10
37735.85929251187
 20
33830.00000000015
 30
0.0
 11
37735.85929251187
 21
33810.00000000015
 31
0.0
1001
REVIT
1002
{
1070
     1
1000
2570386
1002
}
1002
{
1070
     5
1000
2425145
1002
}
1002
{
1070
     3
1000
1035229
1002
}
  0
LINE
  5
61D
330
5C6
100
AcDbEntity
  8
P-SANR-FIXT
100
AcDbLine
 10
37728.44814576314
 20
33830.00000000015
 30
0.0
 11
37735.85929251187
 21
33830.00000000015
 31
0.0
1001
REVIT
1002
{
1070
     1
1000
2570386
1002
}
1002
{
1070
     5
1000
2425145
1002
}
1002
{
1070
     3
1000
1035229
1002
}
  0
LINE
  5
61E
330
5C6
100
AcDbEntity
  8
P-SANR-FIXT
100
AcDbLine
 10
37728.44814576314
 20
33835.00000000015
 30
0.0
 11
37728.44814576314
 21
33830.00000000015
 31
0.0
1001
REVIT
1002
{
1070
     1
1000
2570386
1002
}
1002
{
1070
     5
1000
2425145
1002
}
1002
{
1070
     3
1000
1035229
1002
}
  0
LINE
  5
61F
330
5C6
100
AcDbEntity
  8
P-SANR-FIXT
100
AcDbLine
 10
37726.60175643566
 20
33835.00000000015
 30
0.0
 11
37728.44814576314
 21
33835.00000000015
 31
0.0
1001
REVIT
1002
{
1070
     1
1000
2570386
1002
}
1002
{
1070
     5
1000
2425145
1002
}
1002
{
1070
     3
1000
1035229
1002
}
  0
LINE
  5
620
330
5C6
100
AcDbEntity
  8
P-SANR-FIXT
100
AcDbLine
 10
37726.60175643566
 20
33882.60000000018
 30
0.0
 11
37726.60175643566
 21
33835.00000000015
 31
0.0
1001
REVIT
1002
{
1070
     1
1000
2570386
1002
}
1002
{
1070
     5
1000
2425145
1002
}
1002
{
1070
     3
1000
1035229
1002
}
  0
LINE
  5
621
330
5C6
100
AcDbEntity
  8
P-SANR-FIXT
100
AcDbLine
 10
37726.60175643566
 20
34126.06317319734
 30
0.0
 11
37726.60175643566
 21
33882.60000000018
 31
0.0
1001
REVIT
1002
{
1070
     1
1000
2570386
1002
}
1002
{
1070
     5
1000
2425145
1002
}
1002
{
1070
     3
1000
1035229
1002
}
  0
ARC
  5
622
330
5C6
100
AcDbEntity
  8
P-SANR-FIXT
100
AcDbCircle
 10
37743.54636566573
 20
34126.06317319734
 30
0.0
 40
16.94460923006409
100
AcDbArc
 50
90.0
 51
180.0
1001
REVIT
1002
{
1070
     1
1000
2570386
1002
}
1002
{
1070
     5
1000
2425145
1002
}
1002
{
1070
     3
1000
1035229
1002
}
  0
LINE
  5
623
330
5C6
100
AcDbEntity
  8
P-SANR-FIXT
100
AcDbLine
 10
38020.44550643563
 20
34143.00778242741
 30
0.0
 11
37743.54636566573
 21
34143.00778242741
 31
0.0
1001
REVIT
1002
{
1070
     1
1000
2570386
1002
}
1002
{
1070
     5
1000
2425145
1002
}
1002
{
1070
     3
1000
1035229
1002
}
  0
LINE
  5
624
330
5C6
100
AcDbEntity
  8
P-SANR-FIXT
100
AcDbLine
 10
38020.44550643563
 20
34139.99999999997
 30
0.0
 11
38020.44550643563
 21
34143.00778242741
 31
0.0
1001
REVIT
1002
{
1070
     1
1000
2570386
1002
}
1002
{
1070
     5
1000
2425145
1002
}
1002
{
1070
     3
1000
1035229
1002
}
  0
LINE
  5
625
330
5C6
100
AcDbEntity
  8
P-SANR-FIXT
100
AcDbLine
 10
38024.44550643563
 20
34139.99999999997
 30
0.0
 11
38020.44550643563
 21
34139.99999999997
 31
0.0
1001
REVIT
1002
{
1070
     1
1000
2570386
1002
}
1002
{
1070
     5
1000
2425145
1002
}
1002
{
1070
     3
1000
1035229
1002
}
  0
LINE
  5
626
330
5C6
100
AcDbEntity
  8
P-SANR-FIXT
100
AcDbLine
 10
38024.44550643563
 20
34136.99999999997
 30
0.0
 11
38024.44550643563
 21
34139.99999999997
 31
0.0
1001
REVIT
1002
{
1070
     1
1000
2570386
1002
}
1002
{
1070
     5
1000
2425145
1002
}
1002
{
1070
     3
1000
1035229
1002
}
  0
LINE
  5
627
330
5C6
100
AcDbEntity
  8
P-SANR-FIXT
100
AcDbLine
 10
38021.30624862313
 20
34136.99999999997
 30
0.0
 11
38024.44550643563
 21
34136.99999999997
 31
0.0
1001
REVIT
1002
{
1070
     1
1000
2570386
1002
}
1002
{
1070
     5
1000
2425145
1002
}
1002
{
1070
     3
1000
1035229
1002
}
  0
ARC
  5
628
330
5C6
100
AcDbEntity
  8
P-SANR-FIXT
100
AcDbCircle
 10
38021.30624862313
 20
34136.39999999997
 30
0.0
 40
0.5999999999985448
100
AcDbArc
 50
90.0
 51
180.0
1001
REVIT
1002
{
1070
     1
1000
2570386
1002
}
1002
{
1070
     5
1000
2425145
1002
}
1002
{
1070
     3
1000
1035229
1002
}
  0
LINE
  5
629
330
5C6
100
AcDbEntity
  8
P-SANR-FIXT
100
AcDbLine
 10
38020.70624862313
 20
34126.79739999998
 30
0.0
 11
38020.70624862313
 21
34136.39999999997
 31
0.0
1001
REVIT
1002
{
1070
     1
1000
2570386
1002
}
1002
{
1070
     5
1000
2425145
1002
}
1002
{
1070
     3
1000
1035229
1002
}
  0
ARC
  5
62A
330
5C6
100
AcDbEntity
  8
P-SANR-FIXT
100
AcDbCircle
 10
38021.20624862313
 20
34126.79739999998
 30
0.0
 40
0.5
100
AcDbArc
 50
239.9999999999372
 51
269.9999999999997
1001
REVIT
1002
{
1070
     1
1000
2570386
1002
}
1002
{
1070
     5
1000
2425145
1002
}
1002
{
1070
     3
1000
1035229
1002
}
  0
ARC
  5
62B
330
5C6
100
AcDbEntity
  8
P-SANR-FIXT
100
AcDbCircle
 10
38021.20624862313
 20
34126.79739999998
 30
0.0
 40
0.5000000000037476
100
AcDbArc
 50
180.0
 51
239.9067705380065
1001
REVIT
1002
{
1070
     1
1000
2570386
1002
}
1002
{
1070
     5
1000
2425145
1002
}
1002
{
1070
     3
1000
1035229
1002
}
  0
LINE
  5
62C
330
5C6
100
AcDbEntity
  8
P-SANR-FIXT
100
AcDbLine
 10
38021.98756104183
 20
34126.29739999998
 30
0.0
 11
38021.20624862313
 21
34126.29739999998
 31
0.0
1001
REVIT
1002
{
1070
     1
1000
2570386
1002
}
1002
{
1070
     5
1000
2425145
1002
}
1002
{
1070
     3
1000
1035229
1002
}
  0
ARC
  5
62D
330
5C6
100
AcDbEntity
  8
P-SANR-FIXT
100
AcDbCircle
 10
38021.98756104183
 20
34124.29739999998
 30
0.0
 40
2.000000000002919
100
AcDbArc
 50
39.39367793605121
 51
90.0
1001
REVIT
1002
{
1070
     1
1000
2570386
1002
}
1002
{
1070
     5
1000
2425145
1002
}
1002
{
1070
     3
1000
1035229
1002
}
  0
ARC
  5
62E
330
5C6
100
AcDbEntity
  8
P-SANR-FIXT
100
AcDbCircle
 10
38020.76986720225
 20
34123.29739999998
 30
0.0
 40
3.575683434875991
100
AcDbArc
 50
320.6063220640669
 51
39.3936779360229
1001
REVIT
1002
{
1070
     1
1000
2570386
1002
}
1002
{
1070
     5
1000
2425145
1002
}
1002
{
1070
     3
1000
1035229
1002
}
  0
ARC
  5
62F
330
5C6
100
AcDbEntity
  8
P-SANR-FIXT
100
AcDbCircle
 10
38021.98756104183
 20
34122.29739999998
 30
0.0
 40
2.0
100
AcDbArc
 50
269.9999999999997
 51
320.6063220641095
1001
REVIT
1002
{
1070
     1
1000
2570386
1002
}
1002
{
1070
     5
1000
2425145
1002
}
1002
{
1070
     3
1000
1035229
1002
}
  0
LINE
  5
630
330
5C6
100
AcDbEntity
  8
P-SANR-FIXT
100
AcDbLine
 10
38018.12659702022
 20
34120.29739999998
 30
0.0
 11
38021.98756104183
 21
34120.29739999998
 31
0.0
1001
REVIT
1002
{
1070
     1
1000
2570386
1002
}
1002
{
1070
     5
1000
2425145
1002
}
1002
{
1070
     3
1000
1035229
1002
}
  0
ARC
  5
631
330
5C6
100
AcDbEntity
  8
P-SANR-FIXT
100
AcDbCircle
 10
38018.25065172793
 20
34118.35004008774
 30
0.0
 40
1.951307304939858
100
AcDbArc
 50
93.64504758116912
 51
177.0636152582938
1001
REVIT
1002
{
1070
     1
1000
2570386
1002
}
1002
{
1070
     5
1000
2425145
1002
}
1002
{
1070
     3
1000
1035229
1002
}
  0
LINE
  5
632
330
5C6
100
AcDbEntity
  8
P-SANR-FIXT
100
AcDbLine
 10
38015.43246468806
 20
34101.49999999999
 30
0.0
 11
38016.30190643563
 21
34118.44999999999
 31
0.0
1001
REVIT
1002
{
1070
     1
1000
2570386
1002
}
1002
{
1070
     5
1000
2425145
1002
}
1002
{
1070
     3
1000
1035229
1002
}
  0
LINE
  5
633
330
5C6
100
AcDbEntity
  8
P-SANR-FIXT
100
AcDbLine
 10
37908.44550643564
 20
34101.49999999999
 30
0.0
 11
38015.43246468806
 21
34101.49999999999
 31
0.0
1001
REVIT
1002
{
1070
     1
1000
2570386
1002
}
1002
{
1070
     5
1000
2425145
1002
}
1002
{
1070
     3
1000
1035229
1002
}
  0
LINE
  5
634
330
5C6
100
AcDbEntity
  8
P-SANR-FIXT
100
AcDbLine
 10
37908.44550643564
 20
34090.40429308263
 30
0.0
 11
37908.44550643564
 21
34101.49999999999
 31
0.0
1001
REVIT
1002
{
1070
     1
1000
2570386
1002
}
1002
{
1070
     5
1000
2425145
1002
}
1002
{
1070
     3
1000
1035229
1002
}
  0
LINE
  5
635
330
5C6
100
AcDbEntity
  8
P-SANR-FIXT
100
AcDbLine
 10
37909.42177062717
 20
34090.40429308263
 30
0.0
 11
37908.44550643564
 21
34090.40429308263
 31
0.0
1001
REVIT
1002
{
1070
     1
1000
2570386
1002
}
1002
{
1070
     5
1000
2425145
1002
}
1002
{
1070
     3
1000
1035229
1002
}
  0
LINE
  5
636
330
5C6
100
AcDbEntity
  8
P-SANR-FIXT
100
AcDbLine
 10
37909.42177062717
 20
34087.55823737781
 30
0.0
 11
37909.42177062717
 21
34090.40429308263
 31
0.0
1001
REVIT
1002
{
1070
     1
1000
2570386
1002
}
1002
{
1070
     5
1000
2425145
1002
}
1002
{
1070
     3
1000
1035229
1002
}
  0
LINE
  5
637
330
5C6
100
AcDbEntity
  8
P-SANR-FIXT
100
AcDbLine
 10
37908.44550643564
 20
34087.55823737781
 30
0.0
 11
37909.42177062717
 21
34087.55823737781
 31
0.0
1001
REVIT
1002
{
1070
     1
1000
2570386
1002
}
1002
{
1070
     5
1000
2425145
1002
}
1002
{
1070
     3
1000
1035229
1002
}
  0
LINE
  5
638
330
5C6
100
AcDbEntity
  8
P-SANR-FIXT
100
AcDbLine
 10
37908.44550643564
 20
34084.99999999999
 30
0.0
 11
37908.44550643564
 21
34087.55823737781
 31
0.0
1001
REVIT
1002
{
1070
     1
1000
2570386
1002
}
1002
{
1070
     5
1000
2425145
1002
}
1002
{
1070
     3
1000
1035229
1002
}
  0
LINE
  5
639
330
5C6
100
AcDbEntity
  8
P-SANR-FIXT
100
AcDbLine
 10
38158.44550643564
 20
34084.99999999999
 30
0.0
 11
37908.44550643564
 21
34084.99999999999
 31
0.0
1001
REVIT
1002
{
1070
     1
1000
2570386
1002
}
1002
{
1070
     5
1000
2425145
1002
}
1002
{
1070
     3
1000
1035229
1002
}
  0
LINE
  5
63A
330
5C6
100
AcDbEntity
  8
P-SANR-FIXT
100
AcDbLine
 10
38158.44550643564
 20
34087.55823737781
 30
0.0
 11
38158.44550643564
 21
34084.99999999999
 31
0.0
1001
REVIT
1002
{
1070
     1
1000
2570386
1002
}
1002
{
1070
     5
1000
2425145
1002
}
1002
{
1070
     3
1000
1035229
1002
}
  0
LINE
  5
63B
330
5C6
100
AcDbEntity
  8
P-SANR-FIXT
100
AcDbLine
 10
38157.4692422441
 20
34087.55823737781
 30
0.0
 11
38158.44550643564
 21
34087.55823737781
 31
0.0
1001
REVIT
1002
{
1070
     1
1000
2570386
1002
}
1002
{
1070
     5
1000
2425145
1002
}
1002
{
1070
     3
1000
1035229
1002
}
  0
LINE
  5
63C
330
5C6
100
AcDbEntity
  8
P-SANR-FIXT
100
AcDbLine
 10
38157.4692422441
 20
34090.40429308263
 30
0.0
 11
38157.4692422441
 21
34087.55823737781
 31
0.0
1001
REVIT
1002
{
1070
     1
1000
2570386
1002
}
1002
{
1070
     5
1000
2425145
1002
}
1002
{
1070
     3
1000
1035229
1002
}
  0
LINE
  5
63D
330
5C6
100
AcDbEntity
  8
P-SANR-FIXT
100
AcDbLine
 10
38158.44550643564
 20
34090.40429308263
 30
0.0
 11
38157.4692422441
 21
34090.40429308263
 31
0.0
1001
REVIT
1002
{
1070
     1
1000
2570386
1002
}
1002
{
1070
     5
1000
2425145
1002
}
1002
{
1070
     3
1000
1035229
1002
}
  0
LINE
  5
63E
330
5C6
100
AcDbEntity
  8
P-SANR-FIXT
100
AcDbLine
 10
38158.44550643564
 20
34101.49999999999
 30
0.0
 11
38158.44550643564
 21
34090.40429308263
 31
0.0
1001
REVIT
1002
{
1070
     1
1000
2570386
1002
}
1002
{
1070
     5
1000
2425145
1002
}
1002
{
1070
     3
1000
1035229
1002
}
  0
LINE
  5
63F
330
5C6
100
AcDbEntity
  8
P-SANR-FIXT
100
AcDbLine
 10
38051.45854818321
 20
34101.49999999999
 30
0.0
 11
38158.44550643564
 21
34101.49999999999
 31
0.0
1001
REVIT
1002
{
1070
     1
1000
2570386
1002
}
1002
{
1070
     5
1000
2425145
1002
}
1002
{
1070
     3
1000
1035229
1002
}
  0
LINE
  5
640
330
5C6
100
AcDbEntity
  8
P-SANR-FIXT
100
AcDbLine
 10
38050.58910643563
 20
34118.44999999999
 30
0.0
 11
38051.45854818321
 21
34101.49999999999
 31
0.0
1001
REVIT
1002
{
1070
     1
1000
2570386
1002
}
1002
{
1070
     5
1000
2425145
1002
}
1002
{
1070
     3
1000
1035229
1002
}
  0
ARC
  5
641
330
5C6
100
AcDbEntity
  8
P-SANR-FIXT
100
AcDbCircle
 10
38048.64036114334
 20
34118.35004008774
 30
0.0
 40
1.951307304933271
100
AcDbArc
 50
2.936384741706216
 51
86.35495241881736
1001
REVIT
1002
{
1070
     1
1000
2570386
1002
}
1002
{
1070
     5
1000
2425145
1002
}
1002
{
1070
     3
1000
1035229
1002
}
  0
LINE
  5
642
330
5C6
100
AcDbEntity
  8
P-SANR-FIXT
100
AcDbLine
 10
38044.90345182943
 20
34120.29739999998
 30
0.0
 11
38048.76441585104
 21
34120.29739999998
 31
0.0
1001
REVIT
1002
{
1070
     1
1000
2570386
1002
}
1002
{
1070
     5
1000
2425145
1002
}
1002
{
1070
     3
1000
1035229
1002
}
  0
ARC
  5
643
330
5C6
100
AcDbEntity
  8
P-SANR-FIXT
100
AcDbCircle
 10
38044.90345182943
 20
34122.29739999998
 30
0.0
 40
1.999999999998302
100
AcDbArc
 50
219.3936779358898
 51
269.9999999999997
1001
REVIT
1002
{
1070
     1
1000
2570386
1002
}
1002
{
1070
     5
1000
2425145
1002
}
1002
{
1070
     3
1000
1035229
1002
}
  0
ARC
  5
644
330
5C6
100
AcDbEntity
  8
P-SANR-FIXT
100
AcDbCircle
 10
38046.12114566901
 20
34123.29739999998
 30
0.0
 40
3.575683434875991
100
AcDbArc
 50
140.6063220640134
 51
219.3936779358961
1001
REVIT
1002
{
1070
     1
1000
2570386
1002
}
1002
{
1070
     5
1000
2425145
1002
}
1002
{
1070
     3
1000
1035229
1002
}
  0
ARC
  5
645
330
5C6
100
AcDbEntity
  8
P-SANR-FIXT
100
AcDbCircle
 10
38044.90345182943
 20
34124.29739999998
 30
0.0
 40
2.0
100
AcDbArc
 50
90.0
 51
140.6063220639488
1001
REVIT
1002
{
1070
     1
1000
2570386
1002
}
1002
{
1070
     5
1000
2425145
1002
}
1002
{
1070
     3
1000
1035229
1002
}
  0
LINE
  5
646
330
5C6
100
AcDbEntity
  8
P-SANR-FIXT
100
AcDbLine
 10
38045.68691268563
 20
34126.29739999998
 30
0.0
 11
38044.90345182943
 21
34126.29739999998
 31
0.0
1001
REVIT
1002
{
1070
     1
1000
2570386
1002
}
1002
{
1070
     5
1000
2425145
1002
}
1002
{
1070
     3
1000
1035229
1002
}
  0
ARC
  5
647
330
5C6
100
AcDbEntity
  8
P-SANR-FIXT
100
AcDbCircle
 10
38045.68691268563
 20
34126.79739999998
 30
0.0
 40
0.5
100
AcDbArc
 50
300.0932294623057
 51
0.0
1001
REVIT
1002
{
1070
     1
1000
2570386
1002
}
1002
{
1070
     5
1000
2425145
1002
}
1002
{
1070
     3
1000
1035229
1002
}
  0
ARC
  5
648
330
5C6
100
AcDbEntity
  8
P-SANR-FIXT
100
AcDbCircle
 10
38045.68691268563
 20
34126.79739999998
 30
0.0
 40
0.4999999999990565
100
AcDbArc
 50
269.9999999999997
 51
300.000000000062
1001
REVIT
1002
{
1070
     1
1000
2570386
1002
}
1002
{
1070
     5
1000
2425145
1002
}
1002
{
1070
     3
1000
1035229
1002
}
  0
LINE
  5
649
330
5C6
100
AcDbEntity
  8
P-SANR-FIXT
100
AcDbLine
 10
38046.18691268563
 20
34136.39999999997
 30
0.0
 11
38046.18691268563
 21
34126.79739999998
 31
0.0
1001
REVIT
1002
{
1070
     1
1000
2570386
1002
}
1002
{
1070
     5
1000
2425145
1002
}
1002
{
1070
     3
1000
1035229
1002
}
  0
ARC
  5
64A
330
5C6
100
AcDbEntity
  8
P-SANR-FIXT
100
AcDbCircle
 10
38045.58691268563
 20
34136.39999999997
 30
0.0
 40
0.5999999999985448
100
AcDbArc
 50
0.0
 51
90.0
1001
REVIT
1002
{
1070
     1
1000
2570386
1002
}
1002
{
1070
     5
1000
2425145
1002
}
1002
{
1070
     3
1000
1035229
1002
}
  0
LINE
  5
64B
330
5C6
100
AcDbEntity
  8
P-SANR-FIXT
100
AcDbLine
 10
38042.44550643563
 20
34136.99999999997
 30
0.0
 11
38045.58691268563
 21
34136.99999999997
 31
0.0
1001
REVIT
1002
{
1070
     1
1000
2570386
1002
}
1002
{
1070
     5
1000
2425145
1002
}
1002
{
1070
     3
1000
1035229
1002
}
  0
LINE
  5
64C
330
5C6
100
AcDbEntity
  8
P-SANR-FIXT
100
AcDbLine
 10
38042.44550643563
 20
34139.99999999997
 30
0.0
 11
38042.44550643563
 21
34136.99999999997
 31
0.0
1001
REVIT
1002
{
1070
     1
1000
2570386
1002
}
1002
{
1070
     5
1000
2425145
1002
}
1002
{
1070
     3
1000
1035229
1002
}
  0
LINE
  5
64D
330
5C6
100
AcDbEntity
  8
P-SANR-FIXT
100
AcDbLine
 10
38046.44550643563
 20
34139.99999999997
 30
0.0
 11
38042.44550643563
 21
34139.99999999997
 31
0.0
1001
REVIT
1002
{
1070
     1
1000
2570386
1002
}
1002
{
1070
     5
1000
2425145
1002
}
1002
{
1070
     3
1000
1035229
1002
}
  0
LINE
  5
64E
330
5C6
100
AcDbEntity
  8
P-SANR-FIXT
100
AcDbLine
 10
38046.44550643563
 20
34164.99999999997
 30
0.0
 11
38046.44550643563
 21
34139.99999999997
 31
0.0
1001
REVIT
1002
{
1070
     1
1000
2570386
1002
}
1002
{
1070
     5
1000
2425145
1002
}
1002
{
1070
     3
1000
1035229
1002
}
  0
LINE
  5
64F
330
5C6
100
AcDbEntity
  8
P-SANR-FIXT
100
AcDbLine
 10
38020.44550643563
 20
34164.99999999997
 30
0.0
 11
38046.44550643563
 21
34164.99999999997
 31
0.0
1001
REVIT
1002
{
1070
     1
1000
2570386
1002
}
1002
{
1070
     5
1000
2425145
1002
}
1002
{
1070
     3
1000
1035229
1002
}
  0
LINE
  5
650
330
5C6
100
AcDbEntity
  8
P-SANR-FIXT
100
AcDbLine
 10
38020.44550643563
 20
34163.05797001445
 30
0.0
 11
38020.44550643563
 21
34164.99999999997
 31
0.0
1001
REVIT
1002
{
1070
     1
1000
2570386
1002
}
1002
{
1070
     5
1000
2425145
1002
}
1002
{
1070
     3
1000
1035229
1002
}
  0
LINE
  5
651
330
5C6
100
AcDbEntity
  8
P-SANR-FIXT
100
AcDbLine
 10
37743.7544718417
 20
34163.05797001445
 30
0.0
 11
38020.44550643563
 21
34163.05797001445
 31
0.0
1001
REVIT
1002
{
1070
     1
1000
2570386
1002
}
1002
{
1070
     5
1000
2425145
1002
}
1002
{
1070
     3
1000
1035229
1002
}
  0
LINE
  5
652
330
5C6
100
AcDbEntity
  8
A-GENM
100
AcDbLine
 10
38595.44550643594
 20
34177.37872923303
 30
0.0
 11
38595.44550643594
 21
32369.62127076698
 31
0.0
1001
REVIT
1002
{
1070
     1
1000
2570386
1002
}
1002
{
1070
     5
1000
2425145
1002
}
  0
LINE
  5
653
330
5C6
100
AcDbEntity
  8
A-GENM
100
AcDbLine
 10
38595.44550643594
 20
34177.37872923303
 30
0.0
 11
39295.44550643593
 21
33332.58041330215
 31
0.0
1001
REVIT
1002
{
1070
     1
1000
2570386
1002
}
1002
{
1070
     5
1000
2425145
1002
}
  0
LINE
  5
654
330
5C6
100
AcDbEntity
  8
A-GENM
100
AcDbLine
 10
38595.44550643594
 20
32369.62127076698
 30
0.0
 11
39295.44550643593
 21
33332.58041330215
 31
0.0
1001
REVIT
1002
{
1070
     1
1000
2570386
1002
}
1002
{
1070
     5
1000
2425145
1002
}
  0
LINE
  5
655
330
5C6
100
AcDbEntity
  8
A-GENM
100
AcDbLine
 10
39295.44550643593
 20
34177.37872923304
 30
0.0
 11
39295.44550643593
 21
32369.62127076698
 31
0.0
1001
REVIT
1002
{
1070
     1
1000
2570386
1002
}
1002
{
1070
     5
1000
2425145
1002
}
  0
ENDBLK
  5
657
330
5C6
100
AcDbEntity
  8
0
100
AcDbBlockEnd
  0
BLOCK
  5
660
330
659
100
AcDbEntity
  8
0
100
AcDbBlockBegin
  2
tile grate - 1000x80-2570726-SECTION B-B
 70
     0
 10
0.0
 20
0.0
 30
0.0
  3
tile grate - 1000x80-2570726-SECTION B-B
  1

  0
LINE
  5
65A
330
659
100
AcDbEntity
  8
P-SANR-FIXT
100
AcDbLine
 10
37850.44550643593
 20
32320.00000000001
 30
0.0
 11
37770.44550643593
 21
32320.00000000001
 31
0.0
1001
REVIT
1002
{
1070
     1
1000
2570586
1002
}
1002
{
1070
     5
1000
2206945
1002
}
1002
{
1070
     3
1000
1020373
1002
}
  0
LINE
  5
65B
330
659
100
AcDbEntity
  8
P-SANR-FIXT
100
AcDbLine
 10
37770.44550643593
 20
32350.00000000001
 30
0.0
 11
37850.44550643593
 21
32350.00000000001
 31
0.0
1001
REVIT
1002
{
1070
     1
1000
2570586
1002
}
1002
{
1070
     5
1000
2206945
1002
}
1002
{
1070
     3
1000
1020373
1002
}
  0
LINE
  5
65C
330
659
100
AcDbEntity
  8
P-SANR-FIXT
100
AcDbLine
 10
37850.44550643593
 20
32320.00000000001
 30
0.0
 11
37850.44550643593
 21
32350.00000000001
 31
0.0
1001
REVIT
1002
{
1070
     1
1000
2570586
1002
}
1002
{
1070
     5
1000
2206945
1002
}
1002
{
1070
     3
1000
1020373
1002
}
  0
LINE
  5
65D
330
659
100
AcDbEntity
  8
P-SANR-FIXT
100
AcDbLine
 10
37770.44550643593
 20
32350.00000000001
 30
0.0
 11
37770.44550643593
 21
32320.00000000001
 31
0.0
1001
REVIT
1002
{
1070
     1
1000
2570586
1002
}
1002
{
1070
     5
1000
2206945
1002
}
1002
{
1070
     3
1000
1020373
1002
}
  0
LINE
  5
65E
330
659
100
AcDbEntity
  8
P-SANR-FIXT
100
AcDbLine
 10
37760.44550643593
 20
32340.00000000001
 30
0.0
 11
37770.44550643593
 21
32340.00000000001
 31
0.0
1001
REVIT
1002
{
1070
     1
1000
2570586
1002
}
1002
{
1070
     5
1000
2206945
1002
}
  0
LINE
  5
65F
330
659
100
AcDbEntity
  8
P-SANR-FIXT
100
AcDbLine
 10
37850.44550643593
 20
32340.00000000001
 30
0.0
 11
37858.18402092283
 21
32340.00000000001
 31
0.0
1001
REVIT
1002
{
1070
     1
1000
2570586
1002
}
1002
{
1070
     5
1000
2206945
1002
}
  0
ENDBLK
  5
661
330
659
100
AcDbEntity
  8
0
100
AcDbBlockEnd
  0
BLOCK
  5
770
330
76E
100
AcDbEntity
  8
0
100
AcDbBlockBegin
  2
_Oblique
 70
     0
 10
0.0
 20
0.0
 30
0.0
  3
_Oblique
  1

  0
LINE
  5
76F
330
76E
100
AcDbEntity
  8
0
  6
ByBlock
 62
     0
370
    -2
100
AcDbLine
 10
-0.5
 20
-0.5
 30
0.0
 11
0.5
 21
0.5
 31
0.0
  0
ENDBLK
  5
771
330
76E
100
AcDbEntity
  8
0
100
AcDbBlockEnd
  0
BLOCK
  5
76B
330
775
100
AcDbEntity
  8
0
100
AcDbBlockBegin
  2
DIMBLOCK1-SECTION B-B
 70
     0
 10
0.0
 20
0.0
 30
0.0
  3
DIMBLOCK1-SECTION B-B
  1

  0
LINE
  5
761
330
775
100
AcDbEntity
  8
A-ANNO-DIMS-100
100
AcDbLine
 10
21330.54216872033
 20
39069.9838936731
 30
0.0
 11
21330.54216872033
 21
38140.0
 31
0.0
1001
REVIT
1002
{
1070
     1
1000
2080485
1002
}
1002
{
1070
     5
1000
1276159
1002
}
1002
{
1070
     2
1000
-2000260
1002
}
  0
LINE
  5
762
330
775
100
AcDbEntity
  8
A-ANNO-DIMS-100
100
AcDbLine
 10
21330.54216872033
 20
38140.0
 30
0.0
 11
21255.54216872033
 21
38215.0
 31
0.0
1001
REVIT
1002
{
1070
     1
1000
2080485
1002
}
1002
{
1070
     5
1000
1276159
1002
}
1002
{
1070
     2
1000
-2000260
1002
}
  0
LINE
  5
763
330
775
100
AcDbEntity
  8
A-ANNO-DIMS-100
100
AcDbLine
 10
21330.54216872033
 20
38140.0
 30
0.0
 11
21405.54216872033
 21
38065.0
 31
0.0
1001
REVIT
1002
{
1070
     1
1000
2080485
1002
}
1002
{
1070
     5
1000
1276159
1002
}
1002
{
1070
     2
1000
-2000260
1002
}
  0
LINE
  5
764
330
775
100
AcDbEntity
  8
A-ANNO-DIMS-100
100
AcDbLine
 10
21330.54216872033
 20
38140.0
 30
0.0
 11
21180.54216872033
 21
38140.0
 31
0.0
1001
REVIT
1002
{
1070
     1
1000
2080485
1002
}
1002
{
1070
     5
1000
1276159
1002
}
1002
{
1070
     2
1000
-2000260
1002
}
  0
LINE
  5
765
330
775
100
AcDbEntity
  8
A-ANNO-DIMS-100
100
AcDbLine
 10
21330.54216872033
 20
38140.0
 30
0.0
 11
21880.54216872033
 21
38140.0
 31
0.0
1001
REVIT
1002
{
1070
     1
1000
2080485
1002
}
1002
{
1070
     5
1000
1276159
1002
}
1002
{
1070
     2
1000
-2000260
1002
}
  0
LINE
  5
766
330
775
100
AcDbEntity
  8
A-ANNO-DIMS-100
100
AcDbLine
 10
21330.54216872033
 20
38969.9838936731
 30
0.0
 11
21255.54216872033
 21
39044.9838936731
 31
0.0
1001
REVIT
1002
{
1070
     1
1000
2080485
1002
}
1002
{
1070
     5
1000
1276159
1002
}
1002
{
1070
     2
1000
-2000260
1002
}
  0
LINE
  5
767
330
775
100
AcDbEntity
  8
A-ANNO-DIMS-100
100
AcDbLine
 10
21330.54216872033
 20
38969.9838936731
 30
0.0
 11
21405.54216872033
 21
38894.9838936731
 31
0.0
1001
REVIT
1002
{
1070
     1
1000
2080485
1002
}
1002
{
1070
     5
1000
1276159
1002
}
1002
{
1070
     2
1000
-2000260
1002
}
  0
LINE
  5
768
330
775
100
AcDbEntity
  8
A-ANNO-DIMS-100
100
AcDbLine
 10
21330.54216872033
 20
38969.9838936731
 30
0.0
 11
21180.54216872033
 21
38969.9838936731
 31
0.0
1001
REVIT
1002
{
1070
     1
1000
2080485
1002
}
1002
{
1070
     5
1000
1276159
1002
}
1002
{
1070
     2
1000
-2000260
1002
}
  0
LINE
  5
769
330
775
100
AcDbEntity
  8
A-ANNO-DIMS-100
100
AcDbLine
 10
21330.54216872033
 20
38969.9838936731
 30
0.0
 11
21880.54216872033
 21
38969.9838936731
 31
0.0
1001
REVIT
1002
{
1070
     1
1000
2080485
1002
}
1002
{
1070
     5
1000
1276159
1002
}
1002
{
1070
     2
1000
-2000260
1002
}
  0
MTEXT
  5
76A
330
775
100
AcDbEntity
  8
A-ANNO-DIMS-100
 62
     0
100
AcDbMText
 10
21069.9984724797
 20
38344.98100050188
 30
0.0
 40
200.0
 41
504.02627120322
 46
0.0
 71
     1
 72
     1
  1
830
  7
ISOCPEUR
 11
0.0
 21
1.0
 31
0.0
 73
     2
 44
1.135194304511757
1001
REVIT
1002
{
1070
     1
1000
2080485
1002
}
1002
{
1070
     5
1000
1276159
1002
}
1002
{
1070
     2
1000
-2000260
1002
}
  0
ENDBLK
  5
76C
330
775
100
AcDbEntity
  8
0
100
AcDbBlockEnd
  0
BLOCK
  5
78C
330
78F
100
AcDbEntity
  8
0
100
AcDbBlockBegin
  2
DIMBLOCK2-SECTION B-B
 70
     0
 10
0.0
 20
0.0
 30
0.0
  3
DIMBLOCK2-SECTION B-B
  1

  0
LINE
  5
782
330
78F
100
AcDbEntity
  8
A-ANNO-DIMS-100
100
AcDbLine
 10
21330.54216872033
 20
38140.0
 30
0.0
 11
21330.54216872033
 21
35540.0
 31
0.0
1001
REVIT
1002
{
1070
     1
1000
2080485
1002
}
1002
{
1070
     5
1000
1276159
1002
}
1002
{
1070
     2
1000
-2000260
1002
}
  0
LINE
  5
783
330
78F
100
AcDbEntity
  8
A-ANNO-DIMS-100
100
AcDbLine
 10
21330.54216872033
 20
35540.0
 30
0.0
 11
21255.54216872033
 21
35615.0
 31
0.0
1001
REVIT
1002
{
1070
     1
1000
2080485
1002
}
1002
{
1070
     5
1000
1276159
1002
}
1002
{
1070
     2
1000
-2000260
1002
}
  0
LINE
  5
784
330
78F
100
AcDbEntity
  8
A-ANNO-DIMS-100
100
AcDbLine
 10
21330.54216872033
 20
35540.0
 30
0.0
 11
21405.54216872033
 21
35465.0
 31
0.0
1001
REVIT
1002
{
1070
     1
1000
2080485
1002
}
1002
{
1070
     5
1000
1276159
1002
}
1002
{
1070
     2
1000
-2000260
1002
}
  0
LINE
  5
785
330
78F
100
AcDbEntity
  8
A-ANNO-DIMS-100
100
AcDbLine
 10
21330.54216872033
 20
35540.0
 30
0.0
 11
21180.54216872033
 21
35540.0
 31
0.0
1001
REVIT
1002
{
1070
     1
1000
2080485
1002
}
1002
{
1070
     5
1000
1276159
1002
}
1002
{
1070
     2
1000
-2000260
1002
}
  0
LINE
  5
786
330
78F
100
AcDbEntity
  8
A-ANNO-DIMS-100
100
AcDbLine
 10
21330.54216872033
 20
35540.0
 30
0.0
 11
21880.54216872033
 21
35540.0
 31
0.0
1001
REVIT
1002
{
1070
     1
1000
2080485
1002
}
1002
{
1070
     5
1000
1276159
1002
}
1002
{
1070
     2
1000
-2000260
1002
}
  0
LINE
  5
787
330
78F
100
AcDbEntity
  8
A-ANNO-DIMS-100
100
AcDbLine
 10
21330.54216872033
 20
38140.0
 30
0.0
 11
21255.54216872033
 21
38215.0
 31
0.0
1001
REVIT
1002
{
1070
     1
1000
2080485
1002
}
1002
{
1070
     5
1000
1276159
1002
}
1002
{
1070
     2
1000
-2000260
1002
}
  0
LINE
  5
788
330
78F
100
AcDbEntity
  8
A-ANNO-DIMS-100
100
AcDbLine
 10
21330.54216872033
 20
38140.0
 30
0.0
 11
21405.54216872033
 21
38065.0
 31
0.0
1001
REVIT
1002
{
1070
     1
1000
2080485
1002
}
1002
{
1070
     5
1000
1276159
1002
}
1002
{
1070
     2
1000
-2000260
1002
}
  0
LINE
  5
789
330
78F
100
AcDbEntity
  8
A-ANNO-DIMS-100
100
AcDbLine
 10
21330.54216872033
 20
38140.0
 30
0.0
 11
21180.54216872033
 21
38140.0
 31
0.0
1001
REVIT
1002
{
1070
     1
1000
2080485
1002
}
1002
{
1070
     5
1000
1276159
1002
}
1002
{
1070
     2
1000
-2000260
1002
}
  0
LINE
  5
78A
330
78F
100
AcDbEntity
  8
A-ANNO-DIMS-100
100
AcDbLine
 10
21330.54216872033
 20
38140.0
 30
0.0
 11
21880.54216872033
 21
38140.0
 31
0.0
1001
REVIT
1002
{
1070
     1
1000
2080485
1002
}
1002
{
1070
     5
1000
1276159
1002
}
1002
{
1070
     2
1000
-2000260
1002
}
  0
MTEXT
  5
78B
330
78F
100
AcDbEntity
  8
A-ANNO-DIMS-100
 62
     0
100
AcDbMText
 10
21069.9984724797
 20
36559.98540488711
 30
0.0
 40
200.0
 41
672.03502827096
 46
0.0
 71
     1
 72
     1
  1
2600
  7
ISOCPEUR
 11
0.0
 21
1.0
 31
0.0
 73
     2
 44
1.135194304511757
1001
REVIT
1002
{
1070
     1
1000
2080485
1002
}
1002
{
1070
     5
1000
1276159
1002
}
1002
{
1070
     2
1000
-2000260
1002
}
  0
ENDBLK
  5
78D
330
78F
100
AcDbEntity
  8
0
100
AcDbBlockEnd
  0
BLOCK
  5
7A6
330
7A9
100
AcDbEntity
  8
0
100
AcDbBlockBegin
  2
DIMBLOCK3-SECTION B-B
 70
     0
 10
0.0
 20
0.0
 30
0.0
  3
DIMBLOCK3-SECTION B-B
  1

  0
LINE
  5
79C
330
7A9
100
AcDbEntity
  8
A-ANNO-DIMS-100
100
AcDbLine
 10
21330.54216872033
 20
35540.0
 30
0.0
 11
21330.54216872033
 21
35090.0
 31
0.0
1001
REVIT
1002
{
1070
     1
1000
2080485
1002
}
1002
{
1070
     5
1000
1276159
1002
}
1002
{
1070
     2
1000
-2000260
1002
}
  0
LINE
  5
79D
330
7A9
100
AcDbEntity
  8
A-ANNO-DIMS-100
100
AcDbLine
 10
21330.54216872033
 20
35090.0
 30
0.0
 11
21255.54216872033
 21
35165.0
 31
0.0
1001
REVIT
1002
{
1070
     1
1000
2080485
1002
}
1002
{
1070
     5
1000
1276159
1002
}
1002
{
1070
     2
1000
-2000260
1002
}
  0
LINE
  5
79E
330
7A9
100
AcDbEntity
  8
A-ANNO-DIMS-100
100
AcDbLine
 10
21330.54216872033
 20
35090.0
 30
0.0
 11
21405.54216872033
 21
35015.0
 31
0.0
1001
REVIT
1002
{
1070
     1
1000
2080485
1002
}
1002
{
1070
     5
1000
1276159
1002
}
1002
{
1070
     2
1000
-2000260
1002
}
  0
LINE
  5
79F
330
7A9
100
AcDbEntity
  8
A-ANNO-DIMS-100
100
AcDbLine
 10
21330.54216872033
 20
35090.0
 30
0.0
 11
21180.54216872033
 21
35090.0
 31
0.0
1001
REVIT
1002
{
1070
     1
1000
2080485
1002
}
1002
{
1070
     5
1000
1276159
1002
}
1002
{
1070
     2
1000
-2000260
1002
}
  0
LINE
  5
7A0
330
7A9
100
AcDbEntity
  8
A-ANNO-DIMS-100
100
AcDbLine
 10
21330.54216872033
 20
35090.0
 30
0.0
 11
21880.54216872033
 21
35090.0
 31
0.0
1001
REVIT
1002
{
1070
     1
1000
2080485
1002
}
1002
{
1070
     5
1000
1276159
1002
}
1002
{
1070
     2
1000
-2000260
1002
}
  0
LINE
  5
7A1
330
7A9
100
AcDbEntity
  8
A-ANNO-DIMS-100
100
AcDbLine
 10
21330.54216872033
 20
35540.0
 30
0.0
 11
21255.54216872033
 21
35615.0
 31
0.0
1001
REVIT
1002
{
1070
     1
1000
2080485
1002
}
1002
{
1070
     5
1000
1276159
1002
}
1002
{
1070
     2
1000
-2000260
1002
}
  0
LINE
  5
7A2
330
7A9
100
AcDbEntity
  8
A-ANNO-DIMS-100
100
AcDbLine
 10
21330.54216872033
 20
35540.0
 30
0.0
 11
21405.54216872033
 21
35465.0
 31
0.0
1001
REVIT
1002
{
1070
     1
1000
2080485
1002
}
1002
{
1070
     5
1000
1276159
1002
}
1002
{
1070
     2
1000
-2000260
1002
}
  0
LINE
  5
7A3
330
7A9
100
AcDbEntity
  8
A-ANNO-DIMS-100
100
AcDbLine
 10
21330.54216872033
 20
35540.0
 30
0.0
 11
21180.54216872033
 21
35540.0
 31
0.0
1001
REVIT
1002
{
1070
     1
1000
2080485
1002
}
1002
{
1070
     5
1000
1276159
1002
}
1002
{
1070
     2
1000
-2000260
1002
}
  0
LINE
  5
7A4
330
7A9
100
AcDbEntity
  8
A-ANNO-DIMS-100
100
AcDbLine
 10
21330.54216872033
 20
35540.0
 30
0.0
 11
21880.54216872033
 21
35540.0
 31
0.0
1001
REVIT
1002
{
1070
     1
1000
2080485
1002
}
1002
{
1070
     5
1000
1276159
1002
}
1002
{
1070
     2
1000
-2000260
1002
}
  0
MTEXT
  5
7A5
330
7A9
100
AcDbEntity
  8
A-ANNO-DIMS-100
 62
     0
100
AcDbMText
 10
21069.9984724797
 20
35095.52910112773
 30
0.0
 40
200.0
 41
526.7301572934551
 46
0.0
 71
     1
 72
     1
  1
450
  7
ISOCPEUR
 11
0.0
 21
1.0
 31
0.0
 73
     2
 44
1.135194304511757
1001
REVIT
1002
{
1070
     1
1000
2080485
1002
}
1002
{
1070
     5
1000
1276159
1002
}
1002
{
1070
     2
1000
-2000260
1002
}
  0
ENDBLK
  5
7A7
330
7A9
100
AcDbEntity
  8
0
100
AcDbBlockEnd
  0
BLOCK
  5
7C0
330
7C3
100
AcDbEntity
  8
0
100
AcDbBlockBegin
  2
DIMBLOCK4-SECTION B-B
 70
     0
 10
0.0
 20
0.0
 30
0.0
  3
DIMBLOCK4-SECTION B-B
  1

  0
LINE
  5
7B6
330
7C3
100
AcDbEntity
  8
A-ANNO-DIMS-100
100
AcDbLine
 10
21330.54216872033
 20
35090.0
 30
0.0
 11
21330.54216872033
 21
32340.00000000001
 31
0.0
1001
REVIT
1002
{
1070
     1
1000
2080485
1002
}
1002
{
1070
     5
1000
1276159
1002
}
1002
{
1070
     2
1000
-2000260
1002
}
  0
LINE
  5
7B7
330
7C3
100
AcDbEntity
  8
A-ANNO-DIMS-100
100
AcDbLine
 10
21330.54216872033
 20
32340.00000000001
 30
0.0
 11
21255.54216872033
 21
32415.00000000001
 31
0.0
1001
REVIT
1002
{
1070
     1
1000
2080485
1002
}
1002
{
1070
     5
1000
1276159
1002
}
1002
{
1070
     2
1000
-2000260
1002
}
  0
LINE
  5
7B8
330
7C3
100
AcDbEntity
  8
A-ANNO-DIMS-100
100
AcDbLine
 10
21330.54216872033
 20
32340.00000000001
 30
0.0
 11
21405.54216872033
 21
32265.00000000001
 31
0.0
1001
REVIT
1002
{
1070
     1
1000
2080485
1002
}
1002
{
1070
     5
1000
1276159
1002
}
1002
{
1070
     2
1000
-2000260
1002
}
  0
LINE
  5
7B9
330
7C3
100
AcDbEntity
  8
A-ANNO-DIMS-100
100
AcDbLine
 10
21330.54216872033
 20
32340.00000000001
 30
0.0
 11
21180.54216872033
 21
32340.00000000001
 31
0.0
1001
REVIT
1002
{
1070
     1
1000
2080485
1002
}
1002
{
1070
     5
1000
1276159
1002
}
1002
{
1070
     2
1000
-2000260
1002
}
  0
LINE
  5
7BA
330
7C3
100
AcDbEntity
  8
A-ANNO-DIMS-100
100
AcDbLine
 10
21330.54216872033
 20
32340.00000000001
 30
0.0
 11
21880.54216872033
 21
32340.00000000001
 31
0.0
1001
REVIT
1002
{
1070
     1
1000
2080485
1002
}
1002
{
1070
     5
1000
1276159
1002
}
1002
{
1070
     2
1000
-2000260
1002
}
  0
LINE
  5
7BB
330
7C3
100
AcDbEntity
  8
A-ANNO-DIMS-100
100
AcDbLine
 10
21330.54216872033
 20
35090.0
 30
0.0
 11
21255.54216872033
 21
35165.0
 31
0.0
1001
REVIT
1002
{
1070
     1
1000
2080485
1002
}
1002
{
1070
     5
1000
1276159
1002
}
1002
{
1070
     2
1000
-2000260
1002
}
  0
LINE
  5
7BC
330
7C3
100
AcDbEntity
  8
A-ANNO-DIMS-100
100
AcDbLine
 10
21330.54216872033
 20
35090.0
 30
0.0
 11
21405.54216872033
 21
35015.0
 31
0.0
1001
REVIT
1002
{
1070
     1
1000
2080485
1002
}
1002
{
1070
     5
1000
1276159
1002
}
1002
{
1070
     2
1000
-2000260
1002
}
  0
LINE
  5
7BD
330
7C3
100
AcDbEntity
  8
A-ANNO-DIMS-100
100
AcDbLine
 10
21330.54216872033
 20
35090.0
 30
0.0
 11
21180.54216872033
 21
35090.0
 31
0.0
1001
REVIT
1002
{
1070
     1
1000
2080485
1002
}
1002
{
1070
     5
1000
1276159
1002
}
1002
{
1070
     2
1000
-2000260
1002
}
  0
LINE
  5
7BE
330
7C3
100
AcDbEntity
  8
A-ANNO-DIMS-100
100
AcDbLine
 10
21330.54216872033
 20
35090.0
 30
0.0
 11
21880.54216872033
 21
35090.0
 31
0.0
1001
REVIT
1002
{
1070
     1
1000
2080485
1002
}
1002
{
1070
     5
1000
1276159
1002
}
1002
{
1070
     2
1000
-2000260
1002
}
  0
MTEXT
  5
7BF
330
7C3
100
AcDbEntity
  8
A-ANNO-DIMS-100
 62
     0
100
AcDbMText
 10
21069.9984724797
 20
33434.98540488711
 30
0.0
 40
200.0
 41
672.03502827096
 46
0.0
 71
     1
 72
     1
  1
2750
  7
ISOCPEUR
 11
0.0
 21
1.0
 31
0.0
 73
     2
 44
1.135194304511757
1001
REVIT
1002
{
1070
     1
1000
2080485
1002
}
1002
{
1070
     5
1000
1276159
1002
}
1002
{
1070
     2
1000
-2000260
1002
}
  0
ENDBLK
  5
7C1
330
7C3
100
AcDbEntity
  8
0
100
AcDbBlockEnd
  0
BLOCK
  5
7DA
330
7DD
100
AcDbEntity
  8
0
100
AcDbBlockBegin
  2
DIMBLOCK5-SECTION B-B
 70
     0
 10
0.0
 20
0.0
 30
0.0
  3
DIMBLOCK5-SECTION B-B
  1

  0
LINE
  5
7D0
330
7DD
100
AcDbEntity
  8
A-ANNO-DIMS-100
100
AcDbLine
 10
21330.54216872033
 20
32340.00000000001
 30
0.0
 11
21330.54216872033
 21
31890.0
 31
0.0
1001
REVIT
1002
{
1070
     1
1000
2080485
1002
}
1002
{
1070
     5
1000
1276159
1002
}
1002
{
1070
     2
1000
-2000260
1002
}
  0
LINE
  5
7D1
330
7DD
100
AcDbEntity
  8
A-ANNO-DIMS-100
100
AcDbLine
 10
21330.54216872033
 20
31890.0
 30
0.0
 11
21255.54216872033
 21
31965.0
 31
0.0
1001
REVIT
1002
{
1070
     1
1000
2080485
1002
}
1002
{
1070
     5
1000
1276159
1002
}
1002
{
1070
     2
1000
-2000260
1002
}
  0
LINE
  5
7D2
330
7DD
100
AcDbEntity
  8
A-ANNO-DIMS-100
100
AcDbLine
 10
21330.54216872033
 20
31890.0
 30
0.0
 11
21405.54216872033
 21
31815.0
 31
0.0
1001
REVIT
1002
{
1070
     1
1000
2080485
1002
}
1002
{
1070
     5
1000
1276159
1002
}
1002
{
1070
     2
1000
-2000260
1002
}
  0
LINE
  5
7D3
330
7DD
100
AcDbEntity
  8
A-ANNO-DIMS-100
100
AcDbLine
 10
21330.54216872033
 20
31890.0
 30
0.0
 11
21180.54216872033
 21
31890.0
 31
0.0
1001
REVIT
1002
{
1070
     1
1000
2080485
1002
}
1002
{
1070
     5
1000
1276159
1002
}
1002
{
1070
     2
1000
-2000260
1002
}
  0
LINE
  5
7D4
330
7DD
100
AcDbEntity
  8
A-ANNO-DIMS-100
100
AcDbLine
 10
21330.54216872033
 20
31890.0
 30
0.0
 11
21880.54216872033
 21
31890.0
 31
0.0
1001
REVIT
1002
{
1070
     1
1000
2080485
1002
}
1002
{
1070
     5
1000
1276159
1002
}
1002
{
1070
     2
1000
-2000260
1002
}
  0
LINE
  5
7D5
330
7DD
100
AcDbEntity
  8
A-ANNO-DIMS-100
100
AcDbLine
 10
21330.54216872033
 20
32340.00000000001
 30
0.0
 11
21255.54216872033
 21
32415.00000000001
 31
0.0
1001
REVIT
1002
{
1070
     1
1000
2080485
1002
}
1002
{
1070
     5
1000
1276159
1002
}
1002
{
1070
     2
1000
-2000260
1002
}
  0
LINE
  5
7D6
330
7DD
100
AcDbEntity
  8
A-ANNO-DIMS-100
100
AcDbLine
 10
21330.54216872033
 20
32340.00000000001
 30
0.0
 11
21405.54216872033
 21
32265.00000000001
 31
0.0
1001
REVIT
1002
{
1070
     1
1000
2080485
1002
}
1002
{
1070
     5
1000
1276159
1002
}
1002
{
1070
     2
1000
-2000260
1002
}
  0
LINE
  5
7D7
330
7DD
100
AcDbEntity
  8
A-ANNO-DIMS-100
100
AcDbLine
 10
21330.54216872033
 20
32340.00000000001
 30
0.0
 11
21180.54216872033
 21
32340.00000000001
 31
0.0
1001
REVIT
1002
{
1070
     1
1000
2080485
1002
}
1002
{
1070
     5
1000
1276159
1002
}
1002
{
1070
     2
1000
-2000260
1002
}
  0
LINE
  5
7D8
330
7DD
100
AcDbEntity
  8
A-ANNO-DIMS-100
100
AcDbLine
 10
21330.54216872033
 20
32340.00000000001
 30
0.0
 11
21880.54216872033
 21
32340.00000000001
 31
0.0
1001
REVIT
1002
{
1070
     1
1000
2080485
1002
}
1002
{
1070
     5
1000
1276159
1002
}
1002
{
1070
     2
1000
-2000260
1002
}
  0
MTEXT
  5
7D9
330
7DD
100
AcDbEntity
  8
A-ANNO-DIMS-100
 62
     0
100
AcDbMText
 10
21069.9984724797
 20
31895.52910112773
 30
0.0
 40
200.0
 41
526.7301572934551
 46
0.0
 71
     1
 72
     1
  1
450
  7
ISOCPEUR
 11
0.0
 21
1.0
 31
0.0
 73
     2
 44
1.135194304511757
1001
REVIT
1002
{
1070
     1
1000
2080485
1002
}
1002
{
1070
     5
1000
1276159
1002
}
1002
{
1070
     2
1000
-2000260
1002
}
  0
ENDBLK
  5
7DB
330
7DD
100
AcDbEntity
  8
0
100
AcDbBlockEnd
  0
BLOCK
  5
7F4
330
7F7
100
AcDbEntity
  8
0
100
AcDbBlockBegin
  2
DIMBLOCK6-SECTION B-B
 70
     0
 10
0.0
 20
0.0
 30
0.0
  3
DIMBLOCK6-SECTION B-B
  1

  0
LINE
  5
7EA
330
7F7
100
AcDbEntity
  8
A-ANNO-DIMS-100
100
AcDbLine
 10
21330.54216872033
 20
31890.0
 30
0.0
 11
21330.54216872033
 21
28790.0
 31
0.0
1001
REVIT
1002
{
1070
     1
1000
2080485
1002
}
1002
{
1070
     5
1000
1276159
1002
}
1002
{
1070
     2
1000
-2000260
1002
}
  0
LINE
  5
7EB
330
7F7
100
AcDbEntity
  8
A-ANNO-DIMS-100
100
AcDbLine
 10
21330.54216872033
 20
28890.0
 30
0.0
 11
21255.54216872033
 21
28965.0
 31
0.0
1001
REVIT
1002
{
1070
     1
1000
2080485
1002
}
1002
{
1070
     5
1000
1276159
1002
}
1002
{
1070
     2
1000
-2000260
1002
}
  0
LINE
  5
7EC
330
7F7
100
AcDbEntity
  8
A-ANNO-DIMS-100
100
AcDbLine
 10
21330.54216872033
 20
28890.0
 30
0.0
 11
21405.54216872033
 21
28815.0
 31
0.0
1001
REVIT
1002
{
1070
     1
1000
2080485
1002
}
1002
{
1070
     5
1000
1276159
1002
}
1002
{
1070
     2
1000
-2000260
1002
}
  0
LINE
  5
7ED
330
7F7
100
AcDbEntity
  8
A-ANNO-DIMS-100
100
AcDbLine
 10
21330.54216872033
 20
28890.0
 30
0.0
 11
21180.54216872033
 21
28890.0
 31
0.0
1001
REVIT
1002
{
1070
     1
1000
2080485
1002
}
1002
{
1070
     5
1000
1276159
1002
}
1002
{
1070
     2
1000
-2000260
1002
}
  0
LINE
  5
7EE
330
7F7
100
AcDbEntity
  8
A-ANNO-DIMS-100
100
AcDbLine
 10
21330.54216872033
 20
28890.0
 30
0.0
 11
21880.54216872033
 21
28890.0
 31
0.0
1001
REVIT
1002
{
1070
     1
1000
2080485
1002
}
1002
{
1070
     5
1000
1276159
1002
}
1002
{
1070
     2
1000
-2000260
1002
}
  0
LINE
  5
7EF
330
7F7
100
AcDbEntity
  8
A-ANNO-DIMS-100
100
AcDbLine
 10
21330.54216872033
 20
31890.0
 30
0.0
 11
21255.54216872033
 21
31965.0
 31
0.0
1001
REVIT
1002
{
1070
     1
1000
2080485
1002
}
1002
{
1070
     5
1000
1276159
1002
}
1002
{
1070
     2
1000
-2000260
1002
}
  0
LINE
  5
7F0
330
7F7
100
AcDbEntity
  8
A-ANNO-DIMS-100
100
AcDbLine
 10
21330.54216872033
 20
31890.0
 30
0.0
 11
21405.54216872033
 21
31815.0
 31
0.0
1001
REVIT
1002
{
1070
     1
1000
2080485
1002
}
1002
{
1070
     5
1000
1276159
1002
}
1002
{
1070
     2
1000
-2000260
1002
}
  0
LINE
  5
7F1
330
7F7
100
AcDbEntity
  8
A-ANNO-DIMS-100
100
AcDbLine
 10
21330.54216872033
 20
31890.0
 30
0.0
 11
21180.54216872033
 21
31890.0
 31
0.0
1001
REVIT
1002
{
1070
     1
1000
2080485
1002
}
1002
{
1070
     5
1000
1276159
1002
}
1002
{
1070
     2
1000
-2000260
1002
}
  0
LINE
  5
7F2
330
7F7
100
AcDbEntity
  8
A-ANNO-DIMS-100
100
AcDbLine
 10
21330.54216872033
 20
31890.0
 30
0.0
 11
21880.54216872033
 21
31890.0
 31
0.0
1001
REVIT
1002
{
1070
     1
1000
2080485
1002
}
1002
{
1070
     5
1000
1276159
1002
}
1002
{
1070
     2
1000
-2000260
1002
}
  0
MTEXT
  5
7F3
330
7F7
100
AcDbEntity
  8
A-ANNO-DIMS-100
 62
     0
100
AcDbMText
 10
21069.9984724797
 20
30109.9854048871
 30
0.0
 40
200.0
 41
672.03502827096
 46
0.0
 71
     1
 72
     1
  1
3000
  7
ISOCPEUR
 11
0.0
 21
1.0
 31
0.0
 73
     2
 44
1.135194304511757
1001
REVIT
1002
{
1070
     1
1000
2080485
1002
}
1002
{
1070
     5
1000
1276159
1002
}
1002
{
1070
     2
1000
-2000260
1002
}
  0
ENDBLK
  5
7F5
330
7F7
100
AcDbEntity
  8
0
100
AcDbBlockEnd
  0
BLOCK
  5
81E
330
821
100
AcDbEntity
  8
0
100
AcDbBlockBegin
  2
DIMBLOCK7-SECTION B-B
 70
     0
 10
0.0
 20
0.0
 30
0.0
  3
DIMBLOCK7-SECTION B-B
  1

  0
LINE
  5
814
330
821
100
AcDbEntity
  8
A-ANNO-DIMS-100
100
AcDbLine
 10
27275.44550635082
 20
34756.59395412857
 30
0.0
 11
28075.44550635082
 21
34756.59395412857
 31
0.0
1001
REVIT
1002
{
1070
     1
1000
2088978
1002
}
1002
{
1070
     5
1000
1276159
1002
}
1002
{
1070
     2
1000
-2000260
1002
}
  0
LINE
  5
815
330
821
100
AcDbEntity
  8
A-ANNO-DIMS-100
100
AcDbLine
 10
27975.44550635082
 20
34756.59395412857
 30
0.0
 11
27900.44550635082
 21
34681.59395412857
 31
0.0
1001
REVIT
1002
{
1070
     1
1000
2088978
1002
}
1002
{
1070
     5
1000
1276159
1002
}
1002
{
1070
     2
1000
-2000260
1002
}
  0
LINE
  5
816
330
821
100
AcDbEntity
  8
A-ANNO-DIMS-100
100
AcDbLine
 10
27975.44550635082
 20
34756.59395412857
 30
0.0
 11
28050.44550635082
 21
34831.59395412857
 31
0.0
1001
REVIT
1002
{
1070
     1
1000
2088978
1002
}
1002
{
1070
     5
1000
1276159
1002
}
1002
{
1070
     2
1000
-2000260
1002
}
  0
LINE
  5
817
330
821
100
AcDbEntity
  8
A-ANNO-DIMS-100
100
AcDbLine
 10
27975.44550635082
 20
34756.59395412857
 30
0.0
 11
27975.44550635082
 21
34606.59395412857
 31
0.0
1001
REVIT
1002
{
1070
     1
1000
2088978
1002
}
1002
{
1070
     5
1000
1276159
1002
}
1002
{
1070
     2
1000
-2000260
1002
}
  0
LINE
  5
818
330
821
100
AcDbEntity
  8
A-ANNO-DIMS-100
100
AcDbLine
 10
27975.44550635082
 20
34756.59395412857
 30
0.0
 11
27975.44550635082
 21
35306.59395412857
 31
0.0
1001
REVIT
1002
{
1070
     1
1000
2088978
1002
}
1002
{
1070
     5
1000
1276159
1002
}
1002
{
1070
     2
1000
-2000260
1002
}
  0
LINE
  5
819
330
821
100
AcDbEntity
  8
A-ANNO-DIMS-100
100
AcDbLine
 10
27375.44550635082
 20
34756.59395412857
 30
0.0
 11
27300.44550635082
 21
34681.59395412857
 31
0.0
1001
REVIT
1002
{
1070
     1
1000
2088978
1002
}
1002
{
1070
     5
1000
1276159
1002
}
1002
{
1070
     2
1000
-2000260
1002
}
  0
LINE
  5
81A
330
821
100
AcDbEntity
  8
A-ANNO-DIMS-100
100
AcDbLine
 10
27375.44550635082
 20
34756.59395412857
 30
0.0
 11
27450.44550635082
 21
34831.59395412857
 31
0.0
1001
REVIT
1002
{
1070
     1
1000
2088978
1002
}
1002
{
1070
     5
1000
1276159
1002
}
1002
{
1070
     2
1000
-2000260
1002
}
  0
LINE
  5
81B
330
821
100
AcDbEntity
  8
A-ANNO-DIMS-100
100
AcDbLine
 10
27375.44550635082
 20
34756.59395412857
 30
0.0
 11
27375.44550635082
 21
34606.59395412857
 31
0.0
1001
REVIT
1002
{
1070
     1
1000
2088978
1002
}
1002
{
1070
     5
1000
1276159
1002
}
1002
{
1070
     2
1000
-2000260
1002
}
  0
LINE
  5
81C
330
821
100
AcDbEntity
  8
A-ANNO-DIMS-100
100
AcDbLine
 10
27375.44550635082
 20
34756.59395412857
 30
0.0
 11
27375.44550635082
 21
35306.59395412857
 31
0.0
1001
REVIT
1002
{
1070
     1
1000
2088978
1002
}
1002
{
1070
     5
1000
1276159
1002
}
1002
{
1070
     2
1000
-2000260
1002
}
  0
MTEXT
  5
81D
330
821
100
AcDbEntity
  8
A-ANNO-DIMS-100
 62
     0
100
AcDbMText
 10
27465.43456001615
 20
35017.1376503692
 30
0.0
 40
200.0
 41
504.02627120322
 46
0.0
 71
     1
 72
     1
  1
600
  7
ISOCPEUR
 73
     2
 44
1.135194304511757
1001
REVIT
1002
{
1070
     1
1000
2088978
1002
}
1002
{
1070
     5
1000
1276159
1002
}
1002
{
1070
     2
1000
-2000260
1002
}
  0
ENDBLK
  5
81F
330
821
100
AcDbEntity
  8
0
100
AcDbBlockEnd
  0
BLOCK
  5
838
330
83B
100
AcDbEntity
  8
0
100
AcDbBlockBegin
  2
DIMBLOCK8-SECTION B-B
 70
     0
 10
0.0
 20
0.0
 30
0.0
  3
DIMBLOCK8-SECTION B-B
  1

  0
LINE
  5
82E
330
83B
100
AcDbEntity
  8
A-ANNO-DIMS-100
100
AcDbLine
 10
30000.44550576652
 20
37436.19072763693
 30
0.0
 11
30800.44550576654
 21
37436.19072763693
 31
0.0
1001
REVIT
1002
{
1070
     1
1000
2088985
1002
}
1002
{
1070
     5
1000
1276159
1002
}
1002
{
1070
     2
1000
-2000260
1002
}
  0
LINE
  5
82F
330
83B
100
AcDbEntity
  8
A-ANNO-DIMS-100
100
AcDbLine
 10
30700.44550576655
 20
37436.19072763693
 30
0.0
 11
30625.44550576654
 21
37361.19072763693
 31
0.0
1001
REVIT
1002
{
1070
     1
1000
2088985
1002
}
1002
{
1070
     5
1000
1276159
1002
}
1002
{
1070
     2
1000
-2000260
1002
}
  0
LINE
  5
830
330
83B
100
AcDbEntity
  8
A-ANNO-DIMS-100
100
AcDbLine
 10
30700.44550576655
 20
37436.19072763693
 30
0.0
 11
30775.44550576655
 21
37511.19072763693
 31
0.0
1001
REVIT
1002
{
1070
     1
1000
2088985
1002
}
1002
{
1070
     5
1000
1276159
1002
}
1002
{
1070
     2
1000
-2000260
1002
}
  0
LINE
  5
831
330
83B
100
AcDbEntity
  8
A-ANNO-DIMS-100
100
AcDbLine
 10
30700.44550576654
 20
37436.19072763693
 30
0.0
 11
30700.44550576654
 21
37286.19072763693
 31
0.0
1001
REVIT
1002
{
1070
     1
1000
2088985
1002
}
1002
{
1070
     5
1000
1276159
1002
}
1002
{
1070
     2
1000
-2000260
1002
}
  0
LINE
  5
832
330
83B
100
AcDbEntity
  8
A-ANNO-DIMS-100
100
AcDbLine
 10
30700.44550576654
 20
37436.19072763693
 30
0.0
 11
30700.44550576654
 21
37986.19072763693
 31
0.0
1001
REVIT
1002
{
1070
     1
1000
2088985
1002
}
1002
{
1070
     5
1000
1276159
1002
}
1002
{
1070
     2
1000
-2000260
1002
}
  0
LINE
  5
833
330
83B
100
AcDbEntity
  8
A-ANNO-DIMS-100
100
AcDbLine
 10
30100.44550576652
 20
37436.19072763693
 30
0.0
 11
30025.44550576652
 21
37361.19072763693
 31
0.0
1001
REVIT
1002
{
1070
     1
1000
2088985
1002
}
1002
{
1070
     5
1000
1276159
1002
}
1002
{
1070
     2
1000
-2000260
1002
}
  0
LINE
  5
834
330
83B
100
AcDbEntity
  8
A-ANNO-DIMS-100
100
AcDbLine
 10
30100.44550576652
 20
37436.19072763693
 30
0.0
 11
30175.44550576652
 21
37511.19072763693
 31
0.0
1001
REVIT
1002
{
1070
     1
1000
2088985
1002
}
1002
{
1070
     5
1000
1276159
1002
}
1002
{
1070
     2
1000
-2000260
1002
}
  0
LINE
  5
835
330
83B
100
AcDbEntity
  8
A-ANNO-DIMS-100
100
AcDbLine
 10
30100.44550576652
 20
37436.19072763693
 30
0.0
 11
30100.44550576652
 21
37286.19072763693
 31
0.0
1001
REVIT
1002
{
1070
     1
1000
2088985
1002
}
1002
{
1070
     5
1000
1276159
1002
}
1002
{
1070
     2
1000
-2000260
1002
}
  0
LINE
  5
836
330
83B
100
AcDbEntity
  8
A-ANNO-DIMS-100
100
AcDbLine
 10
30100.44550576652
 20
37436.19072763693
 30
0.0
 11
30100.44550576652
 21
37765.30501376368
 31
0.0
1001
REVIT
1002
{
1070
     1
1000
2088985
1002
}
1002
{
1070
     5
1000
1276159
1002
}
1002
{
1070
     2
1000
-2000260
1002
}
  0
MTEXT
  5
837
330
83B
100
AcDbEntity
  8
A-ANNO-DIMS-100
 62
     0
100
AcDbMText
 10
30190.43455943186
 20
37696.73442387755
 30
0.0
 40
200.0
 41
504.02627120322
 46
0.0
 71
     1
 72
     1
  1
600
  7
ISOCPEUR
 73
     2
 44
1.135194304511757
1001
REVIT
1002
{
1070
     1
1000
2088985
1002
}
1002
{
1070
     5
1000
1276159
1002
}
1002
{
1070
     2
1000
-2000260
1002
}
  0
ENDBLK
  5
839
330
83B
100
AcDbEntity
  8
0
100
AcDbBlockEnd
  0
BLOCK
  5
852
330
855
100
AcDbEntity
  8
0
100
AcDbBlockBegin
  2
DIMBLOCK9-SECTION B-B
 70
     0
 10
0.0
 20
0.0
 30
0.0
  3
DIMBLOCK9-SECTION B-B
  1

  0
LINE
  5
848
330
855
100
AcDbEntity
  8
A-ANNO-DIMS-100
100
AcDbLine
 10
40280.44550649942
 20
35770.30802252929
 30
0.0
 11
39480.44550649941
 21
35770.30802252929
 31
0.0
1001
REVIT
1002
{
1070
     1
1000
2088999
1002
}
1002
{
1070
     5
1000
1276159
1002
}
1002
{
1070
     2
1000
-2000260
1002
}
  0
LINE
  5
849
330
855
100
AcDbEntity
  8
A-ANNO-DIMS-100
100
AcDbLine
 10
39580.44550649941
 20
35770.30802252929
 30
0.0
 11
39655.44550649941
 21
35845.30802252929
 31
0.0
1001
REVIT
1002
{
1070
     1
1000
2088999
1002
}
1002
{
1070
     5
1000
1276159
1002
}
1002
{
1070
     2
1000
-2000260
1002
}
  0
LINE
  5
84A
330
855
100
AcDbEntity
  8
A-ANNO-DIMS-100
100
AcDbLine
 10
39580.44550649941
 20
35770.30802252929
 30
0.0
 11
39505.44550649941
 21
35695.30802252929
 31
0.0
1001
REVIT
1002
{
1070
     1
1000
2088999
1002
}
1002
{
1070
     5
1000
1276159
1002
}
1002
{
1070
     2
1000
-2000260
1002
}
  0
LINE
  5
84B
330
855
100
AcDbEntity
  8
A-ANNO-DIMS-100
100
AcDbLine
 10
39580.44550649941
 20
35770.30802252929
 30
0.0
 11
39580.44550649941
 21
35920.30802252929
 31
0.0
1001
REVIT
1002
{
1070
     1
1000
2088999
1002
}
1002
{
1070
     5
1000
1276159
1002
}
1002
{
1070
     2
1000
-2000260
1002
}
  0
LINE
  5
84C
330
855
100
AcDbEntity
  8
A-ANNO-DIMS-100
100
AcDbLine
 10
39580.44550649941
 20
35770.30802252929
 30
0.0
 11
39580.44550649941
 21
35220.30802252929
 31
0.0
1001
REVIT
1002
{
1070
     1
1000
2088999
1002
}
1002
{
1070
     5
1000
1276159
1002
}
1002
{
1070
     2
1000
-2000260
1002
}
  0
LINE
  5
84D
330
855
100
AcDbEntity
  8
A-ANNO-DIMS-100
100
AcDbLine
 10
40180.44550649942
 20
35770.30802252929
 30
0.0
 11
40255.44550649942
 21
35845.30802252929
 31
0.0
1001
REVIT
1002
{
1070
     1
1000
2088999
1002
}
1002
{
1070
     5
1000
1276159
1002
}
1002
{
1070
     2
1000
-2000260
1002
}
  0
LINE
  5
84E
330
855
100
AcDbEntity
  8
A-ANNO-DIMS-100
100
AcDbLine
 10
40180.44550649942
 20
35770.30802252929
 30
0.0
 11
40105.44550649942
 21
35695.30802252929
 31
0.0
1001
REVIT
1002
{
1070
     1
1000
2088999
1002
}
1002
{
1070
     5
1000
1276159
1002
}
1002
{
1070
     2
1000
-2000260
1002
}
  0
LINE
  5
84F
330
855
100
AcDbEntity
  8
A-ANNO-DIMS-100
100
AcDbLine
 10
40180.44550649942
 20
35770.30802252929
 30
0.0
 11
40180.44550649942
 21
35920.30802252929
 31
0.0
1001
REVIT
1002
{
1070
     1
1000
2088999
1002
}
1002
{
1070
     5
1000
1276159
1002
}
1002
{
1070
     2
1000
-2000260
1002
}
  0
LINE
  5
850
330
855
100
AcDbEntity
  8
A-ANNO-DIMS-100
100
AcDbLine
 10
40180.44550649942
 20
35770.30802252929
 30
0.0
 11
40180.44550649942
 21
35521.01479736218
 31
0.0
1001
REVIT
1002
{
1070
     1
1000
2088999
1002
}
1002
{
1070
     5
1000
1276159
1002
}
1002
{
1070
     2
1000
-2000260
1002
}
  0
MTEXT
  5
851
330
855
100
AcDbEntity
  8
A-ANNO-DIMS-100
 62
     0
100
AcDbMText
 10
39670.43456016474
 20
36030.85171876991
 30
0.0
 40
200.0
 41
504.02627120322
 46
0.0
 71
     1
 72
     1
  1
600
  7
ISOCPEUR
 73
     2
 44
1.135194304511757
1001
REVIT
1002
{
1070
     1
1000
2088999
1002
}
1002
{
1070
     5
1000
1276159
1002
}
1002
{
1070
     2
1000
-2000260
1002
}
  0
ENDBLK
  5
853
330
855
100
AcDbEntity
  8
0
100
AcDbBlockEnd
  0
BLOCK
  5
87D
330
880
100
AcDbEntity
  8
0
100
AcDbBlockBegin
  2
DIMBLOCK10-SECTION B-B
 70
     0
 10
0.0
 20
0.0
 30
0.0
  3
DIMBLOCK10-SECTION B-B
  1

  0
LINE
  5
873
330
880
100
AcDbEntity
  8
A-ANNO-DIMS-100
100
AcDbLine
 10
39755.44550649942
 20
33139.23158605043
 30
0.0
 11
39480.44550649941
 21
33139.23158605043
 31
0.0
1001
REVIT
1002
{
1070
     1
1000
2148175
1002
}
1002
{
1070
     5
1000
1276159
1002
}
1002
{
1070
     2
1000
-2000260
1002
}
  0
LINE
  5
874
330
880
100
AcDbEntity
  8
A-ANNO-DIMS-100
100
AcDbLine
 10
39580.44550649941
 20
33139.23158605043
 30
0.0
 11
39655.44550649941
 21
33214.23158605043
 31
0.0
1001
REVIT
1002
{
1070
     1
1000
2148175
1002
}
1002
{
1070
     5
1000
1276159
1002
}
1002
{
1070
     2
1000
-2000260
1002
}
  0
LINE
  5
875
330
880
100
AcDbEntity
  8
A-ANNO-DIMS-100
100
AcDbLine
 10
39580.44550649941
 20
33139.23158605043
 30
0.0
 11
39505.44550649941
 21
33064.23158605043
 31
0.0
1001
REVIT
1002
{
1070
     1
1000
2148175
1002
}
1002
{
1070
     5
1000
1276159
1002
}
1002
{
1070
     2
1000
-2000260
1002
}
  0
LINE
  5
876
330
880
100
AcDbEntity
  8
A-ANNO-DIMS-100
100
AcDbLine
 10
39580.44550649941
 20
33139.23158605043
 30
0.0
 11
39580.44550649941
 21
33289.23158605043
 31
0.0
1001
REVIT
1002
{
1070
     1
1000
2148175
1002
}
1002
{
1070
     5
1000
1276159
1002
}
1002
{
1070
     2
1000
-2000260
1002
}
  0
LINE
  5
877
330
880
100
AcDbEntity
  8
A-ANNO-DIMS-100
100
AcDbLine
 10
39580.44550649941
 20
33139.23158605043
 30
0.0
 11
39580.44550649941
 21
32589.23158605043
 31
0.0
1001
REVIT
1002
{
1070
     1
1000
2148175
1002
}
1002
{
1070
     5
1000
1276159
1002
}
1002
{
1070
     2
1000
-2000260
1002
}
  0
LINE
  5
878
330
880
100
AcDbEntity
  8
A-ANNO-DIMS-100
100
AcDbLine
 10
39655.44550649941
 20
33139.23158605043
 30
0.0
 11
39730.44550649941
 21
33214.23158605043
 31
0.0
1001
REVIT
1002
{
1070
     1
1000
2148175
1002
}
1002
{
1070
     5
1000
1276159
1002
}
1002
{
1070
     2
1000
-2000260
1002
}
  0
LINE
  5
879
330
880
100
AcDbEntity
  8
A-ANNO-DIMS-100
100
AcDbLine
 10
39655.44550649941
 20
33139.23158605043
 30
0.0
 11
39580.44550649941
 21
33064.23158605043
 31
0.0
1001
REVIT
1002
{
1070
     1
1000
2148175
1002
}
1002
{
1070
     5
1000
1276159
1002
}
1002
{
1070
     2
1000
-2000260
1002
}
  0
LINE
  5
87A
330
880
100
AcDbEntity
  8
A-ANNO-DIMS-100
100
AcDbLine
 10
39655.44550649941
 20
33139.23158605043
 30
0.0
 11
39655.44550649941
 21
33289.23158605043
 31
0.0
1001
REVIT
1002
{
1070
     1
1000
2148175
1002
}
1002
{
1070
     5
1000
1276159
1002
}
1002
{
1070
     2
1000
-2000260
1002
}
  0
LINE
  5
87B
330
880
100
AcDbEntity
  8
A-ANNO-DIMS-100
100
AcDbLine
 10
39655.44550649941
 20
33139.23158605043
 30
0.0
 11
39655.44550649941
 21
32589.23158605043
 31
0.0
1001
REVIT
1002
{
1070
     1
1000
2148175
1002
}
1002
{
1070
     5
1000
1276159
1002
}
1002
{
1070
     2
1000
-2000260
1002
}
  0
MTEXT
  5
87C
330
880
100
AcDbEntity
  8
A-ANNO-DIMS-100
 62
     0
100
AcDbMText
 10
39477.93820894297
 20
33399.77528229106
 30
0.0
 40
200.0
 41
336.01751413548
 46
0.0
 71
     1
 72
     1
  1
75
  7
ISOCPEUR
 73
     2
 44
1.135194304511757
1001
REVIT
1002
{
1070
     1
1000
2148175
1002
}
1002
{
1070
     5
1000
1276159
1002
}
1002
{
1070
     2
1000
-2000260
1002
}
  0
ENDBLK
  5
87E
330
880
100
AcDbEntity
  8
0
100
AcDbBlockEnd
  0
BLOCK
  5
8BE
330
8C3
100
AcDbEntity
  8
0
100
AcDbBlockBegin
  2
DIMBLOCK11-SECTION B-B
 70
     0
 10
0.0
 20
0.0
 30
0.0
  3
DIMBLOCK11-SECTION B-B
  1

  0
LINE
  5
8B4
330
8C3
100
AcDbEntity
  8
A-ANNO-DIMS-100
100
AcDbLine
 10
27286.56626268832
 20
30235.45478191789
 30
0.0
 11
27286.56626268832
 21
29321.8166496073
 31
0.0
1001
REVIT
1002
{
1070
     1
1000
2322646
1002
}
1002
{
1070
     5
1000
2159605
1002
}
1002
{
1070
     2
1000
-2000260
1002
}
  0
LINE
  5
8B5
330
8C3
100
AcDbEntity
  8
A-ANNO-DIMS-100
100
AcDbLine
 10
27286.56626268832
 20
29421.8166496073
 30
0.0
 11
27211.56626268832
 21
29496.8166496073
 31
0.0
1001
REVIT
1002
{
1070
     1
1000
2322646
1002
}
1002
{
1070
     5
1000
2159605
1002
}
1002
{
1070
     2
1000
-2000260
1002
}
  0
LINE
  5
8B6
330
8C3
100
AcDbEntity
  8
A-ANNO-DIMS-100
100
AcDbLine
 10
27286.56626268832
 20
29421.8166496073
 30
0.0
 11
27361.56626268832
 21
29346.8166496073
 31
0.0
1001
REVIT
1002
{
1070
     1
1000
2322646
1002
}
1002
{
1070
     5
1000
2159605
1002
}
1002
{
1070
     2
1000
-2000260
1002
}
  0
LINE
  5
8B7
330
8C3
100
AcDbEntity
  8
A-ANNO-DIMS-100
100
AcDbLine
 10
27286.56626268832
 20
29421.8166496073
 30
0.0
 11
27186.56626268832
 21
29421.8166496073
 31
0.0
1001
REVIT
1002
{
1070
     1
1000
2322646
1002
}
1002
{
1070
     5
1000
2159605
1002
}
1002
{
1070
     2
1000
-2000260
1002
}
  0
LINE
  5
8B8
330
8C3
100
AcDbEntity
  8
A-ANNO-DIMS-100
100
AcDbLine
 10
27286.56626268832
 20
29421.8166496073
 30
0.0
 11
27586.56626268832
 21
29421.8166496073
 31
0.0
1001
REVIT
1002
{
1070
     1
1000
2322646
1002
}
1002
{
1070
     5
1000
2159605
1002
}
1002
{
1070
     2
1000
-2000260
1002
}
  0
LINE
  5
8B9
330
8C3
100
AcDbEntity
  8
A-ANNO-DIMS-100
100
AcDbLine
 10
27286.56626268832
 20
30135.45478191789
 30
0.0
 11
27211.56626268832
 21
30210.45478191789
 31
0.0
1001
REVIT
1002
{
1070
     1
1000
2322646
1002
}
1002
{
1070
     5
1000
2159605
1002
}
1002
{
1070
     2
1000
-2000260
1002
}
  0
LINE
  5
8BA
330
8C3
100
AcDbEntity
  8
A-ANNO-DIMS-100
100
AcDbLine
 10
27286.56626268832
 20
30135.45478191789
 30
0.0
 11
27361.56626268832
 21
30060.45478191789
 31
0.0
1001
REVIT
1002
{
1070
     1
1000
2322646
1002
}
1002
{
1070
     5
1000
2159605
1002
}
1002
{
1070
     2
1000
-2000260
1002
}
  0
LINE
  5
8BB
330
8C3
100
AcDbEntity
  8
A-ANNO-DIMS-100
100
AcDbLine
 10
27286.56626268832
 20
30135.45478191789
 30
0.0
 11
27386.56626268832
 21
30135.45478191789
 31
0.0
1001
REVIT
1002
{
1070
     1
1000
2322646
1002
}
1002
{
1070
     5
1000
2159605
1002
}
1002
{
1070
     2
1000
-2000260
1002
}
  0
LINE
  5
8BC
330
8C3
100
AcDbEntity
  8
A-ANNO-DIMS-100
100
AcDbLine
 10
27286.56626268832
 20
30135.45478191789
 30
0.0
 11
26986.56626268832
 21
30135.45478191789
 31
0.0
1001
REVIT
1002
{
1070
     1
1000
2322646
1002
}
1002
{
1070
     5
1000
2159605
1002
}
1002
{
1070
     2
1000
-2000260
1002
}
  0
MTEXT
  5
8BD
330
8C3
100
AcDbEntity
  8
A-ANNO-DIMS-100
 62
     0
100
AcDbMText
 10
27078.66388118809
 20
29596.24321403687
 30
0.0
 40
150.0
 41
437.7420041417395
 46
0.0
 71
     1
 72
     1
  1
714
  7
Calibri
 11
0.0
 21
1.0
 31
0.0
 73
     2
 44
1.158047630004602
1001
REVIT
1002
{
1070
     1
1000
2322646
1002
}
1002
{
1070
     5
1000
2159605
1002
}
1002
{
1070
     2
1000
-2000260
1002
}
  0
ENDBLK
  5
8BF
330
8C3
100
AcDbEntity
  8
0
100
AcDbBlockEnd
  0
BLOCK
  5
8DB
330
8DF
100
AcDbEntity
  8
0
100
AcDbBlockBegin
  2
DIMBLOCK12-SECTION B-B
 70
     0
 10
0.0
 20
0.0
 30
0.0
  3
DIMBLOCK12-SECTION B-B
  1

  0
LINE
  5
8D0
330
8DF
100
AcDbEntity
  8
A-ANNO-DIMS-100
100
AcDbLine
 10
26355.44550522168
 20
30466.76756185041
 30
0.0
 11
26755.44550522172
 21
30466.76756185041
 31
0.0
1001
REVIT
1002
{
1070
     1
1000
2322653
1002
}
1002
{
1070
     5
1000
2159605
1002
}
1002
{
1070
     2
1000
-2000260
1002
}
  0
ELLIPSE
  5
8D1
330
8DF
100
AcDbEntity
  8
A-ANNO-DIMS-100
100
AcDbEllipse
 10
26886.10713633524
 20
30466.76756185041
 30
0.0
 11
330.6616311135403
 21
0.0
 31
0.0
210
0.0
220
0.0
230
1.0
 40
0.2844480368686206
 41
1.570796326794897
 42
3.141592653589793
1001
REVIT
1002
{
1070
     1
1000
2322653
1002
}
1002
{
1070
     5
1000
2159605
1002
}
1002
{
1070
     2
1000
-2000260
1002
}
  0
LINE
  5
8D2
330
8DF
100
AcDbEntity
  8
A-ANNO-DIMS-100
100
AcDbLine
 10
26655.44550522172
 20
30466.76756185041
 30
0.0
 11
26580.44550522172
 21
30391.76756185041
 31
0.0
1001
REVIT
1002
{
1070
     1
1000
2322653
1002
}
1002
{
1070
     5
1000
2159605
1002
}
1002
{
1070
     2
1000
-2000260
1002
}
  0
LINE
  5
8D3
330
8DF
100
AcDbEntity
  8
A-ANNO-DIMS-100
100
AcDbLine
 10
26655.44550522172
 20
30466.76756185041
 30
0.0
 11
26730.44550522172
 21
30541.76756185041
 31
0.0
1001
REVIT
1002
{
1070
     1
1000
2322653
1002
}
1002
{
1070
     5
1000
2159605
1002
}
1002
{
1070
     2
1000
-2000260
1002
}
  0
LINE
  5
8D4
330
8DF
100
AcDbEntity
  8
A-ANNO-DIMS-100
100
AcDbLine
 10
26655.44550522172
 20
30466.76756185041
 30
0.0
 11
26655.44550522172
 21
30566.76756185041
 31
0.0
1001
REVIT
1002
{
1070
     1
1000
2322653
1002
}
1002
{
1070
     5
1000
2159605
1002
}
1002
{
1070
     2
1000
-2000260
1002
}
  0
LINE
  5
8D5
330
8DF
100
AcDbEntity
  8
A-ANNO-DIMS-100
100
AcDbLine
 10
26655.44550522172
 20
30466.76756185041
 30
0.0
 11
26655.44550522172
 21
30166.76756185041
 31
0.0
1001
REVIT
1002
{
1070
     1
1000
2322653
1002
}
1002
{
1070
     5
1000
2159605
1002
}
1002
{
1070
     2
1000
-2000260
1002
}
  0
LINE
  5
8D6
330
8DF
100
AcDbEntity
  8
A-ANNO-DIMS-100
100
AcDbLine
 10
26455.44550522168
 20
30466.76756185041
 30
0.0
 11
26380.44550522168
 21
30391.76756185041
 31
0.0
1001
REVIT
1002
{
1070
     1
1000
2322653
1002
}
1002
{
1070
     5
1000
2159605
1002
}
1002
{
1070
     2
1000
-2000260
1002
}
  0
LINE
  5
8D7
330
8DF
100
AcDbEntity
  8
A-ANNO-DIMS-100
100
AcDbLine
 10
26455.44550522168
 20
30466.76756185041
 30
0.0
 11
26530.44550522168
 21
30541.76756185041
 31
0.0
1001
REVIT
1002
{
1070
     1
1000
2322653
1002
}
1002
{
1070
     5
1000
2159605
1002
}
1002
{
1070
     2
1000
-2000260
1002
}
  0
LINE
  5
8D8
330
8DF
100
AcDbEntity
  8
A-ANNO-DIMS-100
100
AcDbLine
 10
26455.44550522168
 20
30466.76756185041
 30
0.0
 11
26455.44550522168
 21
30366.76756185041
 31
0.0
1001
REVIT
1002
{
1070
     1
1000
2322653
1002
}
1002
{
1070
     5
1000
2159605
1002
}
1002
{
1070
     2
1000
-2000260
1002
}
  0
LINE
  5
8D9
330
8DF
100
AcDbEntity
  8
A-ANNO-DIMS-100
100
AcDbLine
 10
26455.44550522168
 20
30466.76756185041
 30
0.0
 11
26455.44550522168
 21
30766.76756185041
 31
0.0
1001
REVIT
1002
{
1070
     1
1000
2322653
1002
}
1002
{
1070
     5
1000
2159605
1002
}
1002
{
1070
     2
1000
-2000260
1002
}
  0
MTEXT
  5
8DA
330
8DF
100
AcDbEntity
  8
A-ANNO-DIMS-100
 62
     0
100
AcDbMText
 10
26886.10713633524
 20
30623.97004143808
 30
0.0
 40
150.0
 41
437.7420041417395
 46
0.0
 71
     1
 72
     1
  1
200
  7
Calibri
 73
     2
 44
1.158047630004602
1001
REVIT
1002
{
1070
     1
1000
2322653
1002
}
1002
{
1070
     5
1000
2159605
1002
}
1002
{
1070
     2
1000
-2000260
1002
}
  0
ENDBLK
  5
8DC
330
8DF
100
AcDbEntity
  8
0
100
AcDbBlockEnd
  0
BLOCK
  5
907
330
90A
100
AcDbEntity
  8
0
100
AcDbBlockBegin
  2
DIMBLOCK13-SECTION B-B
 70
     0
 10
0.0
 20
0.0
 30
0.0
  3
DIMBLOCK13-SECTION B-B
  1

  0
LINE
  5
8FD
330
90A
100
AcDbEntity
  8
A-ANNO-DIMS-100
100
AcDbLine
 10
40592.94734380534
 20
29944.12700438924
 30
0.0
 11
40592.94734380534
 21
28490.0
 31
0.0
1001
REVIT
1002
{
1070
     1
1000
2323305
1002
}
1002
{
1070
     5
1000
2159605
1002
}
1002
{
1070
     2
1000
-2000260
1002
}
  0
LINE
  5
8FE
330
90A
100
AcDbEntity
  8
A-ANNO-DIMS-100
100
AcDbLine
 10
40592.94734380534
 20
28590.0
 30
0.0
 11
40517.94734380534
 21
28665.0
 31
0.0
1001
REVIT
1002
{
1070
     1
1000
2323305
1002
}
1002
{
1070
     5
1000
2159605
1002
}
1002
{
1070
     2
1000
-2000260
1002
}
  0
LINE
  5
8FF
330
90A
100
AcDbEntity
  8
A-ANNO-DIMS-100
100
AcDbLine
 10
40592.94734380534
 20
28590.0
 30
0.0
 11
40667.94734380534
 21
28515.0
 31
0.0
1001
REVIT
1002
{
1070
     1
1000
2323305
1002
}
1002
{
1070
     5
1000
2159605
1002
}
1002
{
1070
     2
1000
-2000260
1002
}
  0
LINE
  5
900
330
90A
100
AcDbEntity
  8
A-ANNO-DIMS-100
100
AcDbLine
 10
40592.94734380534
 20
28590.0
 30
0.0
 11
40492.94734380534
 21
28590.0
 31
0.0
1001
REVIT
1002
{
1070
     1
1000
2323305
1002
}
1002
{
1070
     5
1000
2159605
1002
}
1002
{
1070
     2
1000
-2000260
1002
}
  0
LINE
  5
901
330
90A
100
AcDbEntity
  8
A-ANNO-DIMS-100
100
AcDbLine
 10
40592.94734380534
 20
28590.0
 30
0.0
 11
40892.94734380535
 21
28590.0
 31
0.0
1001
REVIT
1002
{
1070
     1
1000
2323305
1002
}
1002
{
1070
     5
1000
2159605
1002
}
1002
{
1070
     2
1000
-2000260
1002
}
  0
LINE
  5
902
330
90A
100
AcDbEntity
  8
A-ANNO-DIMS-100
100
AcDbLine
 10
40592.94734380534
 20
29844.12700438924
 30
0.0
 11
40517.94734380534
 21
29919.12700438924
 31
0.0
1001
REVIT
1002
{
1070
     1
1000
2323305
1002
}
1002
{
1070
     5
1000
2159605
1002
}
1002
{
1070
     2
1000
-2000260
1002
}
  0
LINE
  5
903
330
90A
100
AcDbEntity
  8
A-ANNO-DIMS-100
100
AcDbLine
 10
40592.94734380534
 20
29844.12700438924
 30
0.0
 11
40667.94734380534
 21
29769.12700438924
 31
0.0
1001
REVIT
1002
{
1070
     1
1000
2323305
1002
}
1002
{
1070
     5
1000
2159605
1002
}
1002
{
1070
     2
1000
-2000260
1002
}
  0
LINE
  5
904
330
90A
100
AcDbEntity
  8
A-ANNO-DIMS-100
100
AcDbLine
 10
40592.94734380534
 20
29844.12700438924
 30
0.0
 11
40492.94734380534
 21
29844.12700438924
 31
0.0
1001
REVIT
1002
{
1070
     1
1000
2323305
1002
}
1002
{
1070
     5
1000
2159605
1002
}
1002
{
1070
     2
1000
-2000260
1002
}
  0
LINE
  5
905
330
90A
100
AcDbEntity
  8
A-ANNO-DIMS-100
100
AcDbLine
 10
40592.94734380534
 20
29844.12700438924
 30
0.0
 11
40892.94734380535
 21
29844.12700438924
 31
0.0
1001
REVIT
1002
{
1070
     1
1000
2323305
1002
}
1002
{
1070
     5
1000
2159605
1002
}
1002
{
1070
     2
1000
-2000260
1002
}
  0
MTEXT
  5
906
330
90A
100
AcDbEntity
  8
A-ANNO-DIMS-100
 62
     0
100
AcDbMText
 10
40385.04496230511
 20
28973.87349989365
 30
0.0
 40
150.0
 41
583.6560055223194
 46
0.0
 71
     1
 72
     1
  1
1254
  7
Calibri
 11
0.0
 21
1.0
 31
0.0
 73
     2
 44
1.158047630004602
1001
REVIT
1002
{
1070
     1
1000
2323305
1002
}
1002
{
1070
     5
1000
2159605
1002
}
1002
{
1070
     2
1000
-2000260
1002
}
  0
ENDBLK
  5
908
330
90A
100
AcDbEntity
  8
0
100
AcDbBlockEnd
  0
BLOCK
  5
92C
330
927
100
AcDbEntity
  8
0
100
AcDbBlockBegin
  2
Window Tag ELEVATION - Window Tag_Elevation-2303104-SECTION B-B
 70
     0
 10
0.0
 20
0.0
 30
0.0
  3
Window Tag ELEVATION - Window Tag_Elevation-2303104-SECTION B-B
  1

  0
ARC
  5
928
330
927
100
AcDbEntity
  8
A-GLAZ-IDEN
100
AcDbCircle
 10
29540.61896949689
 20
30380.42544460374
 30
0.0
 40
117.6831681885841
100
AcDbArc
 50
289.2187078010393
 51
77.55497437559697
1001
REVIT
1002
{
1070
     1
1000
2594699
1002
}
1002
{
1070
     5
1000
2303104
1002
}
1002
{
1070
     3
1000
2302834
1002
}
  0
ARC
  5
929
330
927
100
AcDbEntity
  8
A-GLAZ-IDEN
100
AcDbCircle
 10
29277.17960315639
 20
30380.42544460374
 30
0.0
 40
117.6831681885888
100
AcDbArc
 50
102.4450256244003
 51
250.7812921989587
1001
REVIT
1002
{
1070
     1
1000
2594699
1002
}
1002
{
1070
     5
1000
2303104
1002
}
1002
{
1070
     3
1000
2302834
1002
}
  0
LINE
  5
92A
330
927
100
AcDbEntity
  8
A-GLAZ-IDEN
100
AcDbLine
 10
29251.81855393584
 20
30495.34343822239
 30
0.0
 11
29565.98001871745
 21
30495.34343822239
 31
0.0
1001
REVIT
1002
{
1070
     1
1000
2594699
1002
}
1002
{
1070
     5
1000
2303104
1002
}
1002
{
1070
     3
1000
2302834
1002
}
  0
LINE
  5
92B
330
927
100
AcDbEntity
  8
A-GLAZ-IDEN
100
AcDbLine
 10
29579.35732404393
 20
30269.30088403367
 30
0.0
 11
29238.44124860935
 21
30269.30088403368
 31
0.0
1001
REVIT
1002
{
1070
     1
1000
2594699
1002
}
1002
{
1070
     5
1000
2303104
1002
}
1002
{
1070
     3
1000
2302834
1002
}
  0
ENDBLK
  5
92D
330
927
100
AcDbEntity
  8
0
100
AcDbBlockEnd
  0
BLOCK
  5
93E
330
942
100
AcDbEntity
  8
0
100
AcDbBlockBegin
  2
DIMBLOCK14-SECTION B-B
 70
     0
 10
0.0
 20
0.0
 30
0.0
  3
DIMBLOCK14-SECTION B-B
  1

  0
LINE
  5
934
330
942
100
AcDbEntity
  8
A-ANNO-DIMS-100
100
AcDbLine
 10
38253.44571387797
 20
31335.00000000001
 30
0.0
 11
38253.44571387797
 21
28795.0
 31
0.0
1001
REVIT
1002
{
1070
     1
1000
2599821
1002
}
1002
{
1070
     5
1000
2510899
1002
}
1002
{
1070
     2
1000
-2000260
1002
}
  0
LINE
  5
935
330
942
100
AcDbEntity
  8
A-ANNO-DIMS-100
100
AcDbLine
 10
38253.44571387797
 20
28895.0
 30
0.0
 11
38178.44571387797
 21
28970.0
 31
0.0
1001
REVIT
1002
{
1070
     1
1000
2599821
1002
}
1002
{
1070
     5
1000
2510899
1002
}
1002
{
1070
     2
1000
-2000260
1002
}
  0
LINE
  5
936
330
942
100
AcDbEntity
  8
A-ANNO-DIMS-100
100
AcDbLine
 10
38253.44571387797
 20
28895.0
 30
0.0
 11
38328.44571387797
 21
28820.0
 31
0.0
1001
REVIT
1002
{
1070
     1
1000
2599821
1002
}
1002
{
1070
     5
1000
2510899
1002
}
1002
{
1070
     2
1000
-2000260
1002
}
  0
LINE
  5
937
330
942
100
AcDbEntity
  8
A-ANNO-DIMS-100
100
AcDbLine
 10
38253.44571387797
 20
28895.0
 30
0.0
 11
38153.44571387797
 21
28895.0
 31
0.0
1001
REVIT
1002
{
1070
     1
1000
2599821
1002
}
1002
{
1070
     5
1000
2510899
1002
}
1002
{
1070
     2
1000
-2000260
1002
}
  0
LINE
  5
938
330
942
100
AcDbEntity
  8
A-ANNO-DIMS-100
100
AcDbLine
 10
38253.44571387797
 20
28895.0
 30
0.0
 11
38553.44571387797
 21
28895.0
 31
0.0
1001
REVIT
1002
{
1070
     1
1000
2599821
1002
}
1002
{
1070
     5
1000
2510899
1002
}
1002
{
1070
     2
1000
-2000260
1002
}
  0
LINE
  5
939
330
942
100
AcDbEntity
  8
A-ANNO-DIMS-100
100
AcDbLine
 10
38253.44571387797
 20
31235.00000000001
 30
0.0
 11
38178.44571387797
 21
31310.00000000001
 31
0.0
1001
REVIT
1002
{
1070
     1
1000
2599821
1002
}
1002
{
1070
     5
1000
2510899
1002
}
1002
{
1070
     2
1000
-2000260
1002
}
  0
LINE
  5
93A
330
942
100
AcDbEntity
  8
A-ANNO-DIMS-100
100
AcDbLine
 10
38253.44571387797
 20
31235.00000000001
 30
0.0
 11
38328.44571387797
 21
31160.00000000001
 31
0.0
1001
REVIT
1002
{
1070
     1
1000
2599821
1002
}
1002
{
1070
     5
1000
2510899
1002
}
1002
{
1070
     2
1000
-2000260
1002
}
  0
LINE
  5
93B
330
942
100
AcDbEntity
  8
A-ANNO-DIMS-100
100
AcDbLine
 10
38253.44571387797
 20
31235.00000000001
 30
0.0
 11
38153.44571387797
 21
31235.00000000001
 31
0.0
1001
REVIT
1002
{
1070
     1
1000
2599821
1002
}
1002
{
1070
     5
1000
2510899
1002
}
1002
{
1070
     2
1000
-2000260
1002
}
  0
LINE
  5
93C
330
942
100
AcDbEntity
  8
A-ANNO-DIMS-100
100
AcDbLine
 10
38253.44571387797
 20
31235.00000000001
 30
0.0
 11
38553.44571387797
 21
31235.00000000001
 31
0.0
1001
REVIT
1002
{
1070
     1
1000
2599821
1002
}
1002
{
1070
     5
1000
2510899
1002
}
1002
{
1070
     2
1000
-2000260
1002
}
  0
MTEXT
  5
93D
330
942
100
AcDbEntity
  8
A-ANNO-DIMS-100
 62
     0
100
AcDbMText
 10
38045.54333237774
 20
29821.80999769904
 30
0.0
 40
150.0
 41
583.6560055223194
 46
0.0
 71
     1
 72
     1
  1
2340
  7
Calibri
 11
0.0
 21
1.0
 31
0.0
 73
     2
 44
1.158047630004602
1001
REVIT
1002
{
1070
     1
1000
2599821
1002
}
1002
{
1070
     5
1000
2510899
1002
}
1002
{
1070
     2
1000
-2000260
1002
}
  0
ENDBLK
  5
93F
330
942
100
AcDbEntity
  8
0
100
AcDbBlockEnd
  0
BLOCK
  5
959
330
95C
100
AcDbEntity
  8
0
100
AcDbBlockBegin
  2
DIMBLOCK15-SECTION B-B
 70
     0
 10
0.0
 20
0.0
 30
0.0
  3
DIMBLOCK15-SECTION B-B
  1

  0
LINE
  5
94F
330
95C
100
AcDbEntity
  8
A-ANNO-DIMS-100
100
AcDbLine
 10
34683.93626708922
 20
34779.99999999999
 30
0.0
 11
34683.93626708922
 21
32240.00000000001
 31
0.0
1001
REVIT
1002
{
1070
     1
1000
2600590
1002
}
1002
{
1070
     5
1000
2510899
1002
}
1002
{
1070
     2
1000
-2000260
1002
}
  0
LINE
  5
950
330
95C
100
AcDbEntity
  8
A-ANNO-DIMS-100
100
AcDbLine
 10
34683.93626708922
 20
32340.00000000001
 30
0.0
 11
34608.93626708922
 21
32415.00000000001
 31
0.0
1001
REVIT
1002
{
1070
     1
1000
2600590
1002
}
1002
{
1070
     5
1000
2510899
1002
}
1002
{
1070
     2
1000
-2000260
1002
}
  0
LINE
  5
951
330
95C
100
AcDbEntity
  8
A-ANNO-DIMS-100
100
AcDbLine
 10
34683.93626708922
 20
32340.00000000001
 30
0.0
 11
34758.93626708922
 21
32265.00000000001
 31
0.0
1001
REVIT
1002
{
1070
     1
1000
2600590
1002
}
1002
{
1070
     5
1000
2510899
1002
}
1002
{
1070
     2
1000
-2000260
1002
}
  0
LINE
  5
952
330
95C
100
AcDbEntity
  8
A-ANNO-DIMS-100
100
AcDbLine
 10
34683.93626708922
 20
32340.00000000001
 30
0.0
 11
34583.93626708922
 21
32340.00000000001
 31
0.0
1001
REVIT
1002
{
1070
     1
1000
2600590
1002
}
1002
{
1070
     5
1000
2510899
1002
}
1002
{
1070
     2
1000
-2000260
1002
}
  0
LINE
  5
953
330
95C
100
AcDbEntity
  8
A-ANNO-DIMS-100
100
AcDbLine
 10
34683.93626708922
 20
32340.00000000001
 30
0.0
 11
34983.93626708922
 21
32340.00000000001
 31
0.0
1001
REVIT
1002
{
1070
     1
1000
2600590
1002
}
1002
{
1070
     5
1000
2510899
1002
}
1002
{
1070
     2
1000
-2000260
1002
}
  0
LINE
  5
954
330
95C
100
AcDbEntity
  8
A-ANNO-DIMS-100
100
AcDbLine
 10
34683.93626708922
 20
34679.99999999999
 30
0.0
 11
34608.93626708922
 21
34754.99999999999
 31
0.0
1001
REVIT
1002
{
1070
     1
1000
2600590
1002
}
1002
{
1070
     5
1000
2510899
1002
}
1002
{
1070
     2
1000
-2000260
1002
}
  0
LINE
  5
955
330
95C
100
AcDbEntity
  8
A-ANNO-DIMS-100
100
AcDbLine
 10
34683.93626708922
 20
34679.99999999999
 30
0.0
 11
34758.93626708922
 21
34604.99999999999
 31
0.0
1001
REVIT
1002
{
1070
     1
1000
2600590
1002
}
1002
{
1070
     5
1000
2510899
1002
}
1002
{
1070
     2
1000
-2000260
1002
}
  0
LINE
  5
956
330
95C
100
AcDbEntity
  8
A-ANNO-DIMS-100
100
AcDbLine
 10
34683.93626708922
 20
34679.99999999999
 30
0.0
 11
34583.93626708922
 21
34679.99999999999
 31
0.0
1001
REVIT
1002
{
1070
     1
1000
2600590
1002
}
1002
{
1070
     5
1000
2510899
1002
}
1002
{
1070
     2
1000
-2000260
1002
}
  0
LINE
  5
957
330
95C
100
AcDbEntity
  8
A-ANNO-DIMS-100
100
AcDbLine
 10
34683.93626708922
 20
34679.99999999999
 30
0.0
 11
34983.93626708922
 21
34679.99999999999
 31
0.0
1001
REVIT
1002
{
1070
     1
1000
2600590
1002
}
1002
{
1070
     5
1000
2510899
1002
}
1002
{
1070
     2
1000
-2000260
1002
}
  0
MTEXT
  5
958
330
95C
100
AcDbEntity
  8
A-ANNO-DIMS-100
 62
     0
100
AcDbMText
 10
34476.03388558899
 20
33266.80999769903
 30
0.0
 40
150.0
 41
583.6560055223194
 46
0.0
 71
     1
 72
     1
  1
2340
  7
Calibri
 11
0.0
 21
1.0
 31
0.0
 73
     2
 44
1.158047630004602
1001
REVIT
1002
{
1070
     1
1000
2600590
1002
}
1002
{
1070
     5
1000
2510899
1002
}
1002
{
1070
     2
1000
-2000260
1002
}
  0
ENDBLK
  5
95A
330
95C
100
AcDbEntity
  8
0
100
AcDbBlockEnd
  0
ENDSEC
  0
SECTION
  2
ENTITIES
  0
HATCH
  5
9E
330
70
100
AcDbEntity
  8
A-WALL-PATT
370
     9
100
AcDbHatch
 10
0.0
 20
0.0
 30
0.0
210
0.0
220
0.0
230
1.0
  2
SOLID
 70
     1
 71
     0
 91
        1
 92
        1
 93
        5
 72
     1
 10
36125.44550645956
 20
28890.00000000001
 11
36215.44550645956
 21
28890.00000000001
 72
     1
 10
36215.44550645956
 20
28890.00000000001
 11
36215.44550645956
 21
31890.00000000001
 72
     1
 10
36215.44550645956
 20
31890.00000000001
 11
36125.44550645956
 21
31890.00000000001
 72
     1
 10
36125.44550645956
 20
31890.00000000001
 11
36125.44550645956
 21
29058.49625454601
 72
     1
 10
36125.44550645956
 20
29058.49625454601
 11
36125.44550645956
 21
28890.00000000001
 97
        0
 75
     0
 76
     1
 98
        1
 10
0.0
 20
0.0
1001
REVIT
1002
{
1070
     1
1000
1480737
1002
}
1002
{
1070
     5
1000
2338323
1002
}
1002
{
1070
     2
1000
-2000011
1002
}
1002
{
1070
     3
1000
-2000588
1002
}
  0
HATCH
  5
A3
330
70
100
AcDbEntity
  8
A-DETL-GENF
 62
     8
100
AcDbHatch
 10
0.0
 20
0.0
 30
0.0
210
0.0
220
0.0
230
1.0
  2
SOLID
 70
     1
 71
     0
 91
        1
 92
        1
 93
        4
 72
     1
 10
35765.44550649941
 20
32080.00000000001
 11
35875.44550645956
 21
32080.00000000001
 72
     1
 10
35875.44550645956
 20
32080.00000000001
 11
35875.44550645956
 21
32110.00000000001
 72
     1
 10
35875.44550645956
 20
32110.00000000001
 11
35765.44550649941
 21
32110.00000000001
 72
     1
 10
35765.44550649941
 20
32110.00000000001
 11
35765.44550649941
 21
32080.00000000001
 97
        0
 75
     0
 76
     1
 98
        1
 10
0.0
 20
0.0
1001
REVIT
1002
{
1070
     1
1000
2293684
1002
}
1002
{
1070
     5
1000
1417103
1002
}
1002
{
1070
     2
1000
-2002000
1002
}
  0
HATCH
  5
A9
330
70
100
AcDbEntity
  8
A-DETL-GENF
 62
     8
100
AcDbHatch
 10
0.0
 20
0.0
 30
0.0
210
0.0
220
0.0
230
1.0
  2
SOLID
 70
     1
 71
     0
 91
        1
 92
        1
 93
        5
 72
     1
 10
37670.44550643594
 20
35160.00000000002
 11
37670.44550643594
 21
35190.00000000002
 72
     1
 10
37670.44550643594
 20
35190.00000000002
 11
37560.44550643592
 21
35190.00000000002
 72
     1
 10
37560.44550643592
 20
35190.00000000002
 11
37560.44550643592
 21
35160.00000000002
 72
     1
 10
37560.44550643592
 20
35160.00000000002
 11
37593.32764863006
 21
35160.00000000002
 72
     1
 10
37593.32764863006
 20
35160.00000000002
 11
37670.44550643594
 21
35160.00000000002
 97
        0
 75
     0
 76
     1
 98
        1
 10
0.0
 20
0.0
1001
REVIT
1002
{
1070
     1
1000
2293778
1002
}
1002
{
1070
     5
1000
1417103
1002
}
1002
{
1070
     2
1000
-2002000
1002
}
  0
HATCH
  5
AE
330
70
100
AcDbEntity
  8
A-DETL-GENF
 62
     8
100
AcDbHatch
 10
0.0
 20
0.0
 30
0.0
210
0.0
220
0.0
230
1.0
  2
SOLID
 70
     1
 71
     0
 91
        1
 92
        1
 93
        4
 72
     1
 10
35765.44550645955
 20
35190.00000000002
 11
35765.44550645955
 21
35160.00000000002
 72
     1
 10
35765.44550645955
 20
35160.00000000002
 11
35875.44550645956
 21
35160.00000000002
 72
     1
 10
35875.44550645956
 20
35160.00000000002
 11
35875.44550645956
 21
35190.00000000002
 72
     1
 10
35875.44550645956
 20
35190.00000000002
 11
35765.44550645955
 21
35190.00000000002
 97
        0
 75
     0
 76
     1
 98
        1
 10
0.0
 20
0.0
1001
REVIT
1002
{
1070
     1
1000
2300077
1002
}
1002
{
1070
     5
1000
1417103
1002
}
1002
{
1070
     2
1000
-2002000
1002
}
  0
HATCH
  5
B3
330
70
100
AcDbEntity
  8
A-DETL-GENF
 62
     8
100
AcDbHatch
 10
0.0
 20
0.0
 30
0.0
210
0.0
220
0.0
230
1.0
  2
SOLID
 70
     1
 71
     0
 91
        1
 92
        1
 93
        4
 72
     1
 10
39310.44550649943
 20
32110.0
 11
39310.44550649943
 21
32080.0
 72
     1
 10
39310.44550649943
 20
32080.0
 11
39420.44550649943
 21
32080.0
 72
     1
 10
39420.44550649943
 20
32080.0
 11
39420.44550649943
 21
32110.0
 72
     1
 10
39420.44550649943
 20
32110.0
 11
39310.44550649943
 21
32110.0
 97
        0
 75
     0
 76
     1
 98
        1
 10
0.0
 20
0.0
1001
REVIT
1002
{
1070
     1
1000
2300243
1002
}
1002
{
1070
     5
1000
1417103
1002
}
1002
{
1070
     2
1000
-2002000
1002
}
  0
HATCH
  5
B9
330
70
100
AcDbEntity
  8
A-DETL-GENF
 62
    31
100
AcDbHatch
 10
0.0
 20
0.0
 30
0.0
210
0.0
220
0.0
230
1.0
  2
SOLID
 70
     1
 71
     0
 91
        1
 92
        1
 93
        5
 72
     1
 10
30550.44550576653
 20
28770.00000000001
 11
30750.44550576653
 21
28770.00000000001
 72
     1
 10
30750.44550576653
 20
28770.00000000001
 11
30750.44550576653
 21
29436.70363896504
 72
     1
 10
30750.44550576653
 20
29436.70363896504
 11
30550.44550576653
 21
29436.70363896504
 72
     1
 10
30550.44550576653
 20
29436.70363896504
 11
30550.44550576653
 21
28851.64447386783
 72
     1
 10
30550.44550576653
 20
28851.64447386783
 11
30550.44550576653
 21
28770.00000000001
 97
        0
 75
     0
 76
     1
 98
        1
 10
0.0
 20
0.0
1001
REVIT
1002
{
1070
     1
1000
2314833
1002
}
1002
{
1070
     5
1000
2388960
1002
}
1002
{
1070
     2
1000
-2002000
1002
}
  0
HATCH
  5
BE
330
70
100
AcDbEntity
  8
A-DETL-GENF
 62
    31
100
AcDbHatch
 10
0.0
 20
0.0
 30
0.0
210
0.0
220
0.0
230
1.0
  2
SOLID
 70
     1
 71
     0
 91
        1
 92
        1
 93
        4
 72
     1
 10
26655.44550522171
 20
30135.4547819179
 11
26655.44550522171
 21
29421.81664960731
 72
     1
 10
26655.44550522171
 20
29421.81664960731
 11
26855.44550522172
 21
29421.81664960731
 72
     1
 10
26855.44550522172
 20
29421.81664960731
 11
26855.44550522172
 21
30135.4547819179
 72
     1
 10
26855.44550522172
 20
30135.4547819179
 11
26655.44550522171
 21
30135.4547819179
 97
        0
 75
     0
 76
     1
 98
        1
 10
0.0
 20
0.0
1001
REVIT
1002
{
1070
     1
1000
2322692
1002
}
1002
{
1070
     5
1000
2191452
1002
}
1002
{
1070
     2
1000
-2002000
1002
}
  0
HATCH
  5
C3
330
70
100
AcDbEntity
  8
A-DETL-GENF
 62
    31
100
AcDbHatch
 10
0.0
 20
0.0
 30
0.0
210
0.0
220
0.0
230
1.0
  2
SOLID
 70
     1
 71
     0
 91
        1
 92
        1
 93
        4
 72
     1
 10
40880.44550649941
 20
29844.12700438924
 11
40880.44550649941
 21
27930.00000000001
 72
     1
 10
40880.44550649941
 20
27930.00000000001
 11
41330.44550649941
 21
27930.00000000001
 72
     1
 10
41330.44550649941
 20
27930.00000000001
 11
41330.44550649941
 21
29844.12700438924
 72
     1
 10
41330.44550649941
 20
29844.12700438924
 11
40880.44550649941
 21
29844.12700438924
 97
        0
 75
     0
 76
     1
 98
        1
 10
0.0
 20
0.0
1001
REVIT
1002
{
1070
     1
1000
2322939
1002
}
1002
{
1070
     5
1000
2191452
1002
}
1002
{
1070
     2
1000
-2002000
1002
}
  0
HATCH
  5
CE
330
70
100
AcDbEntity
  8
A-WALL-PATT
370
     9
100
AcDbHatch
 10
0.0
 20
0.0
 30
0.0
210
0.0
220
0.0
230
1.0
  2
FP_1
 70
     0
 71
     0
 91
        2
 92
        1
 93
        5
 72
     1
 10
39310.44550649943
 20
31890.00000000001
 11
39420.4455064994
 21
31890.00000000001
 72
     1
 10
39420.4455064994
 20
31890.00000000001
 11
39420.4455064994
 21
32110.00000000002
 72
     1
 10
39420.4455064994
 20
32110.00000000002
 11
39310.44550649943
 21
32110.00000000002
 72
     1
 10
39310.44550649943
 20
32110.00000000002
 11
39310.44550649943
 21
31954.42118404049
 72
     1
 10
39310.44550649943
 20
31954.42118404049
 11
39310.44550649943
 21
31890.00000000001
 97
        0
 92
        1
 93
        5
 72
     1
 10
39420.4455064994
 20
32341.00000000001
 11
39420.4455064994
 21
36232.91616729548
 72
     1
 10
39420.4455064994
 20
36232.91616729548
 11
39310.44550658652
 21
36232.91616729548
 72
     1
 10
39310.44550658652
 20
36232.91616729548
 11
39310.44550649943
 21
32341.00000000001
 72
     1
 10
39310.44550649943
 20
32341.00000000001
 11
39337.08634047022
 21
32341.00000000001
 72
     1
 10
39337.08634047022
 20
32341.00000000001
 11
39420.4455064994
 21
32341.00000000001
 97
        0
 75
     0
 76
     2
 52
0.0
 41
1.0
 77
     0
 78
     2
 53
45.0
 43
33535.311
 44
19353.85
 45
-251.4471713899363
 46
251.4471713899363
 79
     0
 53
45.0
 43
33535.311
 44
19734.85
 45
-251.4471713899363
 46
251.4471713899363
 79
     0
 98
        1
 10
0.0
 20
0.0
1001
REVIT
1002
{
1070
     1
1000
1421155
1002
}
1002
{
1070
     5
1000
1220569
1002
}
1002
{
1070
     4
1000
24
1002
}
1002
{
1070
     2
1000
-2000011
1002
}
1002
{
1070
     3
1000
-2000588
1002
}
  0
HATCH
  5
D3
330
70
100
AcDbEntity
  8
A-WALL-PATT
370
     9
100
AcDbHatch
 10
0.0
 20
0.0
 30
0.0
210
0.0
220
0.0
230
1.0
  2
FP_1
 70
     0
 71
     0
 91
        1
 92
        1
 93
        4
 72
     1
 10
39580.44550649941
 20
31890.00000000001
 11
39580.44550649941
 21
36232.91616729548
 72
     1
 10
39580.44550649941
 20
36232.91616729548
 11
39470.44550649941
 21
36232.91616729548
 72
     1
 10
39470.44550649941
 20
36232.91616729548
 11
39471.22162445791
 21
31890.00000000001
 72
     1
 10
39471.22162445791
 20
31890.00000000001
 11
39580.44550649941
 21
31890.00000000001
 97
        0
 75
     0
 76
     2
 52
0.0
 41
1.0
 77
     0
 78
     2
 53
45.0
 43
33535.311
 44
19353.85
 45
-251.4471713899363
 46
251.4471713899363
 79
     0
 53
45.0
 43
33535.311
 44
19734.85
 45
-251.4471713899363
 46
251.4471713899363
 79
     0
 98
        1
 10
0.0
 20
0.0
1001
REVIT
1002
{
1070
     1
1000
1421155
1002
}
1002
{
1070
     5
1000
1220569
1002
}
1002
{
1070
     2
1000
-2000011
1002
}
1002
{
1070
     3
1000
-2000588
1002
}
  0
LINE
  5
D4
330
70
100
AcDbEntity
  8
A-WALL
370
    25
100
AcDbLine
 10
39310.44550649941
 20
36232.91616729547
 30
0.0
 11
39310.44550649941
 21
36225.04218757813
 31
0.0
1001
REVIT
1002
{
1070
     1
1000
1421155
1002
}
1002
{
1070
     5
1000
1220569
1002
}
1002
{
1070
     2
1000
-2000011
1002
}
  0
LINE
  5
D5
330
70
100
AcDbEntity
  8
A-WALL
370
    25
100
AcDbLine
 10
39310.44550649941
 20
35090.0
 30
0.0
 11
39310.44550649941
 21
32341.00000000001
 31
0.0
1001
REVIT
1002
{
1070
     1
1000
1421155
1002
}
1002
{
1070
     5
1000
1220569
1002
}
1002
{
1070
     2
1000
-2000011
1002
}
  0
LINE
  5
D6
330
70
100
AcDbEntity
  8
A-WALL
370
    25
100
AcDbLine
 10
39580.44550649941
 20
30415.00000000001
 30
0.0
 11
39580.44550649941
 21
36232.91616729547
 31
0.0
1001
REVIT
1002
{
1070
     1
1000
1421155
1002
}
1002
{
1070
     5
1000
1220569
1002
}
1002
{
1070
     2
1000
-2000011
1002
}
  0
LINE
  5
D7
330
70
100
AcDbEntity
  8
A-WALL
100
AcDbLine
 10
39580.44550649941
 20
36232.91616729547
 30
0.0
 11
39310.44550649941
 21
36232.91616729547
 31
0.0
1001
REVIT
1002
{
1070
     1
1000
1421155
1002
}
1002
{
1070
     5
1000
1220569
1002
}
1002
{
1070
     2
1000
-2000011
1002
}
1002
{
1070
     3
1000
-2000586
1002
}
  0
LINE
  5
D9
330
70
100
AcDbEntity
  8
A-WALL
100
AcDbLine
 10
39420.44550649941
 20
36232.91616729547
 30
0.0
 11
39420.44550649941
 21
32341.00000000001
 31
0.0
1001
REVIT
1002
{
1070
     1
1000
1421155
1002
}
1002
{
1070
     5
1000
1220569
1002
}
1002
{
1070
     2
1000
-2000011
1002
}
1002
{
1070
     3
1000
-2000586
1002
}
  0
LINE
  5
DC
330
70
100
AcDbEntity
  8
A-WALL
100
AcDbLine
 10
39470.44550649941
 20
36232.91616729547
 30
0.0
 11
39470.44550649941
 21
30415.00000000001
 31
0.0
1001
REVIT
1002
{
1070
     1
1000
1421155
1002
}
1002
{
1070
     5
1000
1220569
1002
}
1002
{
1070
     2
1000
-2000011
1002
}
1002
{
1070
     3
1000
-2000586
1002
}
  0
LINE
  5
DD
330
70
100
AcDbEntity
  8
I-WALL
100
AcDbLine
 10
34295.44550578969
 20
32500.0
 30
0.0
 11
34295.44550578969
 21
34679.99999999999
 31
0.0
1001
REVIT
1002
{
1070
     1
1000
1422335
1002
}
1002
{
1070
     5
1000
2288343
1002
}
1002
{
1070
     2
1000
-2000011
1002
}
  0
LINE
  5
DE
330
70
100
AcDbEntity
  8
I-WALL
100
AcDbLine
 10
34295.44550578969
 20
34679.99999999999
 30
0.0
 11
35765.44550645955
 21
34679.99999999999
 31
0.0
1001
REVIT
1002
{
1070
     1
1000
1422335
1002
}
1002
{
1070
     5
1000
2288343
1002
}
1002
{
1070
     2
1000
-2000011
1002
}
  0
HATCH
  5
E3
330
70
100
AcDbEntity
  8
A-WALL-PATT
370
     9
100
AcDbHatch
 10
0.0
 20
0.0
 30
0.0
210
0.0
220
0.0
230
1.0
  2
FP_1
 70
     0
 71
     0
 91
        1
 92
        1
 93
        4
 72
     1
 10
30885.44550576654
 20
33590.00000000002
 11
30885.44550576654
 21
33960.00000000002
 72
     1
 10
30885.44550576654
 20
33960.00000000002
 11
30775.44550576654
 21
33960.00000000002
 72
     1
 10
30775.44550576654
 20
33960.00000000002
 11
30775.44550576654
 21
33590.00000000002
 72
     1
 10
30775.44550576654
 20
33590.00000000002
 11
30885.44550576654
 21
33590.00000000002
 97
        0
 75
     0
 76
     2
 52
0.0
 41
1.0
 77
     0
 78
     2
 53
45.0
 43
33535.311
 44
19353.85
 45
-251.4471713899363
 46
251.4471713899363
 79
     0
 53
45.0
 43
33535.311
 44
19734.85
 45
-251.4471713899363
 46
251.4471713899363
 79
     0
 98
        1
 10
0.0
 20
0.0
1001
REVIT
1002
{
1070
     1
1000
1422608
1002
}
1002
{
1070
     5
1000
1220569
1002
}
1002
{
1070
     4
1000
24
1002
}
1002
{
1070
     2
1000
-2000011
1002
}
1002
{
1070
     3
1000
-2000588
1002
}
  0
HATCH
  5
E9
330
70
100
AcDbEntity
  8
A-WALL-PATT
370
     9
100
AcDbHatch
 10
0.0
 20
0.0
 30
0.0
210
0.0
220
0.0
230
1.0
  2
FP_1
 70
     0
 71
     0
 91
        1
 92
        1
 93
        5
 72
     1
 10
30615.44550576654
 20
33590.00000000002
 11
30725.44550576654
 21
33590.00000000002
 72
     1
 10
30725.44550576654
 20
33590.00000000002
 11
30725.44550576654
 21
33960.00000000002
 72
     1
 10
30725.44550576654
 20
33960.00000000002
 11
30615.44550576654
 21
33960.00000000002
 72
     1
 10
30615.44550576654
 20
33960.00000000002
 11
30615.44550576654
 21
33609.23542946592
 72
     1
 10
30615.44550576654
 20
33609.23542946592
 11
30615.44550576654
 21
33590.00000000002
 97
        0
 75
     0
 76
     2
 52
0.0
 41
1.0
 77
     0
 78
     2
 53
45.0
 43
33535.311
 44
19353.85
 45
-251.4471713899363
 46
251.4471713899363
 79
     0
 53
45.0
 43
33535.311
 44
19734.85
 45
-251.4471713899363
 46
251.4471713899363
 79
     0
 98
        1
 10
0.0
 20
0.0
1001
REVIT
1002
{
1070
     1
1000
1422608
1002
}
1002
{
1070
     5
1000
1220569
1002
}
1002
{
1070
     2
1000
-2000011
1002
}
1002
{
1070
     3
1000
-2000588
1002
}
  0
LINE
  5
EA
330
70
100
AcDbEntity
  8
A-WALL
370
    25
100
AcDbLine
 10
30615.44550576654
 20
33960.00000000001
 30
0.0
 11
30615.44550576654
 21
33590.00000000001
 31
0.0
1001
REVIT
1002
{
1070
     1
1000
1422608
1002
}
1002
{
1070
     5
1000
1220569
1002
}
1002
{
1070
     2
1000
-2000011
1002
}
  0
LINE
  5
EB
330
70
100
AcDbEntity
  8
A-WALL
370
    25
100
AcDbLine
 10
30615.44550576654
 20
33590.00000000001
 30
0.0
 11
30885.44550576654
 21
33590.00000000001
 31
0.0
1001
REVIT
1002
{
1070
     1
1000
1422608
1002
}
1002
{
1070
     5
1000
1220569
1002
}
1002
{
1070
     2
1000
-2000011
1002
}
  0
LINE
  5
EC
330
70
100
AcDbEntity
  8
A-WALL
370
    25
100
AcDbLine
 10
30885.44550576654
 20
33590.00000000001
 30
0.0
 11
30885.44550576654
 21
33960.00000000001
 31
0.0
1001
REVIT
1002
{
1070
     1
1000
1422608
1002
}
1002
{
1070
     5
1000
1220569
1002
}
1002
{
1070
     2
1000
-2000011
1002
}
  0
LINE
  5
ED
330
70
100
AcDbEntity
  8
A-WALL
370
    25
100
AcDbLine
 10
30885.44550576654
 20
33960.00000000001
 30
0.0
 11
30615.44550576654
 21
33960.00000000001
 31
0.0
1001
REVIT
1002
{
1070
     1
1000
1422608
1002
}
1002
{
1070
     5
1000
1220569
1002
}
1002
{
1070
     2
1000
-2000011
1002
}
  0
LINE
  5
EE
330
70
100
AcDbEntity
  8
A-WALL
100
AcDbLine
 10
30775.44550576654
 20
33590.00000000001
 30
0.0
 11
30775.44550576654
 21
33960.00000000001
 31
0.0
1001
REVIT
1002
{
1070
     1
1000
1422608
1002
}
1002
{
1070
     5
1000
1220569
1002
}
1002
{
1070
     2
1000
-2000011
1002
}
1002
{
1070
     3
1000
-2000586
1002
}
  0
LINE
  5
EF
330
70
100
AcDbEntity
  8
A-WALL
100
AcDbLine
 10
30725.44550576654
 20
33590.00000000001
 30
0.0
 11
30725.44550576654
 21
33960.00000000001
 31
0.0
1001
REVIT
1002
{
1070
     1
1000
1422608
1002
}
1002
{
1070
     5
1000
1220569
1002
}
1002
{
1070
     2
1000
-2000011
1002
}
1002
{
1070
     3
1000
-2000586
1002
}
  0
LINE
  5
F0
330
70
100
AcDbEntity
  8
A-WALL
100
AcDbLine
 10
30615.44550576654
 20
33960.00000000001
 30
0.0
 11
30615.44550576654
 21
35890.0
 31
0.0
1001
REVIT
1002
{
1070
     1
1000
1422608
1002
}
1002
{
1070
     5
1000
1220569
1002
}
1002
{
1070
     2
1000
-2000011
1002
}
  0
LINE
  5
F1
330
70
100
AcDbEntity
  8
A-WALL
100
AcDbLine
 10
30615.44550576654
 20
30640.00000000001
 30
0.0
 11
30615.44550576654
 21
33590.00000000001
 31
0.0
1001
REVIT
1002
{
1070
     1
1000
1422608
1002
}
1002
{
1070
     5
1000
1220569
1002
}
1002
{
1070
     2
1000
-2000011
1002
}
  0
LINE
  5
F2
330
70
100
AcDbEntity
  8
A-WALL
100
AcDbLine
 10
30792.94550576655
 20
35890.0
 30
0.0
 11
30792.94550576655
 21
33960.00000000001
 31
0.0
1001
REVIT
1002
{
1070
     1
1000
1422608
1002
}
1002
{
1070
     5
1000
1220569
1002
}
1002
{
1070
     2
1000
-2000011
1002
}
  0
LINE
  5
F3
330
70
100
AcDbEntity
  8
A-WALL
100
AcDbLine
 10
30615.44550576654
 20
35890.0
 30
0.0
 11
30700.44550576655
 21
35890.0
 31
0.0
1001
REVIT
1002
{
1070
     1
1000
1422608
1002
}
1002
{
1070
     5
1000
1220569
1002
}
1002
{
1070
     2
1000
-2000011
1002
}
  0
LINE
  5
F4
330
70
100
AcDbEntity
  8
A-WALL
100
AcDbLine
 10
30885.44550576655
 20
37640.0
 30
0.0
 11
30885.44550576654
 21
33960.00000000001
 31
0.0
1001
REVIT
1002
{
1070
     1
1000
1422608
1002
}
1002
{
1070
     5
1000
1220569
1002
}
1002
{
1070
     2
1000
-2000011
1002
}
  0
HATCH
  5
F9
330
70
100
AcDbEntity
  8
A-WALL-PATT
370
     9
100
AcDbHatch
 10
0.0
 20
0.0
 30
0.0
210
0.0
220
0.0
230
1.0
  2
FP_1
 70
     0
 71
     0
 91
        1
 92
        1
 93
        4
 72
     1
 10
35875.44550645955
 20
34715.00000000001
 11
35875.44550645955
 21
35310.00000000002
 72
     1
 10
35875.44550645955
 20
35310.00000000002
 11
35765.44550645955
 21
35310.00000000002
 72
     1
 10
35765.44550645955
 20
35310.00000000002
 11
35765.44550645955
 21
34715.00000000001
 72
     1
 10
35765.44550645955
 20
34715.00000000001
 11
35875.44550645955
 21
34715.00000000001
 97
        0
 75
     0
 76
     2
 52
0.0
 41
1.0
 77
     0
 78
     2
 53
45.0
 43
33535.311
 44
19353.85
 45
-251.4471713899363
 46
251.4471713899363
 79
     0
 53
45.0
 43
33535.311
 44
19734.85
 45
-251.4471713899363
 46
251.4471713899363
 79
     0
 98
        1
 10
0.0
 20
0.0
1001
REVIT
1002
{
1070
     1
1000
1422967
1002
}
1002
{
1070
     5
1000
1222731
1002
}
1002
{
1070
     4
1000
24
1002
}
1002
{
1070
     2
1000
-2000011
1002
}
1002
{
1070
     3
1000
-2000588
1002
}
  0
LINE
  5
FA
330
70
100
AcDbEntity
  8
A-WALL
370
    25
100
AcDbLine
 10
35875.44550645955
 20
34715.0
 30
0.0
 11
35875.44550645955
 21
35310.0
 31
0.0
1001
REVIT
1002
{
1070
     1
1000
1422967
1002
}
1002
{
1070
     5
1000
1222731
1002
}
1002
{
1070
     2
1000
-2000011
1002
}
  0
LINE
  5
FB
330
70
100
AcDbEntity
  8
A-WALL
370
    25
100
AcDbLine
 10
35875.44550645955
 20
35310.0
 30
0.0
 11
35765.44550645955
 21
35310.0
 31
0.0
1001
REVIT
1002
{
1070
     1
1000
1422967
1002
}
1002
{
1070
     5
1000
1222731
1002
}
1002
{
1070
     2
1000
-2000011
1002
}
  0
LINE
  5
FC
330
70
100
AcDbEntity
  8
A-WALL
370
    25
100
AcDbLine
 10
35765.44550645955
 20
35310.0
 30
0.0
 11
35765.44550645955
 21
34715.0
 31
0.0
1001
REVIT
1002
{
1070
     1
1000
1422967
1002
}
1002
{
1070
     5
1000
1222731
1002
}
1002
{
1070
     2
1000
-2000011
1002
}
  0
LINE
  5
FD
330
70
100
AcDbEntity
  8
A-WALL
370
    25
100
AcDbLine
 10
35765.44550645955
 20
34715.0
 30
0.0
 11
35875.44550645955
 21
34715.0
 31
0.0
1001
REVIT
1002
{
1070
     1
1000
1422967
1002
}
1002
{
1070
     5
1000
1222731
1002
}
1002
{
1070
     2
1000
-2000011
1002
}
  0
LINE
  5
FE
330
70
100
AcDbEntity
  8
I-WALL
100
AcDbLine
 10
38720.44550649942
 20
32340.00000000001
 30
0.0
 11
39310.44550649941
 21
32340.00000000001
 31
0.0
1001
REVIT
1002
{
1070
     1
1000
1423261
1002
}
1002
{
1070
     5
1000
2338323
1002
}
1002
{
1070
     2
1000
-2000011
1002
}
  0
HATCH
  5
103
330
70
100
AcDbEntity
  8
A-WALL-PATT
370
     9
100
AcDbHatch
 10
0.0
 20
0.0
 30
0.0
210
0.0
220
0.0
230
1.0
  2
FP_2
 70
     0
 71
     0
 91
        1
 92
        1
 93
        4
 72
     1
 10
30700.44550576654
 20
37640.00000000002
 11
30775.44550576654
 21
37640.00000000002
 72
     1
 10
30775.44550576654
 20
37640.00000000002
 11
30775.44550576654
 21
38011.486020647
 72
     1
 10
30775.44550576654
 20
38011.486020647
 11
30700.44550576654
 21
38011.486020647
 72
     1
 10
30700.44550576654
 20
38011.486020647
 11
30700.44550576654
 21
37640.00000000002
 97
        0
 75
     0
 76
     2
 52
-225.0000000000006
 41
1.0
 77
     0
 78
     2
 53
314.9999999999994
 43
30700.44592638855
 44
37026.96282457585
 45
70.71067811865547
 46
70.71067811865402
 79
     0
 53
44.99999999999942
 43
30700.44592638855
 44
37026.96282457585
 45
-70.71067811865402
 46
70.71067811865547
 79
     0
 98
        1
 10
0.0
 20
0.0
1001
REVIT
1002
{
1070
     1
1000
1431284
1002
}
1002
{
1070
     5
1000
1602992
1002
}
1002
{
1070
     2
1000
-2000011
1002
}
1002
{
1070
     3
1000
-2000588
1002
}
  0
LINE
  5
104
330
70
100
AcDbEntity
  8
A-WALL
370
    25
100
AcDbLine
 10
30700.44550576655
 20
38011.48602064698
 30
0.0
 11
30700.44550576655
 21
37640.0
 31
0.0
1001
REVIT
1002
{
1070
     1
1000
1431284
1002
}
1002
{
1070
     5
1000
1602992
1002
}
1002
{
1070
     2
1000
-2000011
1002
}
  0
LINE
  5
105
330
70
100
AcDbEntity
  8
A-WALL
370
    25
100
AcDbLine
 10
30700.44550576655
 20
37640.0
 30
0.0
 11
30885.44550576655
 21
37640.0
 31
0.0
1001
REVIT
1002
{
1070
     1
1000
1431284
1002
}
1002
{
1070
     5
1000
1602992
1002
}
1002
{
1070
     2
1000
-2000011
1002
}
  0
LINE
  5
106
330
70
100
AcDbEntity
  8
A-WALL
370
    25
100
AcDbLine
 10
30885.44550576655
 20
37640.0
 30
0.0
 11
30885.44550576655
 21
38011.48602064698
 31
0.0
1001
REVIT
1002
{
1070
     1
1000
1431284
1002
}
1002
{
1070
     5
1000
1602992
1002
}
1002
{
1070
     2
1000
-2000011
1002
}
  0
LINE
  5
107
330
70
100
AcDbEntity
  8
A-WALL
100
AcDbLine
 10
30885.44550576655
 20
38011.48602064698
 30
0.0
 11
30700.44550576655
 21
38011.48602064698
 31
0.0
1001
REVIT
1002
{
1070
     1
1000
1431284
1002
}
1002
{
1070
     5
1000
1602992
1002
}
1002
{
1070
     2
1000
-2000011
1002
}
1002
{
1070
     3
1000
-2000586
1002
}
  0
LINE
  5
108
330
70
100
AcDbEntity
  8
A-WALL
100
AcDbLine
 10
30795.44550576654
 20
37640.0
 30
0.0
 11
30795.44550576654
 21
38011.48602064698
 31
0.0
1001
REVIT
1002
{
1070
     1
1000
1431284
1002
}
1002
{
1070
     5
1000
1602992
1002
}
1002
{
1070
     2
1000
-2000011
1002
}
1002
{
1070
     3
1000
-2000586
1002
}
  0
LINE
  5
10A
330
70
100
AcDbEntity
  8
A-WALL
100
AcDbLine
 10
30775.44550576655
 20
37640.0
 30
0.0
 11
30775.44550576655
 21
38011.48602064698
 31
0.0
1001
REVIT
1002
{
1070
     1
1000
1431284
1002
}
1002
{
1070
     5
1000
1602992
1002
}
1002
{
1070
     2
1000
-2000011
1002
}
1002
{
1070
     3
1000
-2000586
1002
}
  0
LINE
  5
10C
330
70
100
AcDbEntity
  8
A-WALL
100
AcDbLine
 10
30700.44550576655
 20
35890.0
 30
0.0
 11
30700.44550576655
 21
37640.0
 31
0.0
1001
REVIT
1002
{
1070
     1
1000
1431284
1002
}
1002
{
1070
     5
1000
1602992
1002
}
1002
{
1070
     2
1000
-2000011
1002
}
  0
HATCH
  5
112
330
70
100
AcDbEntity
  8
A-WALL-PATT
370
     9
100
AcDbHatch
 10
0.0
 20
0.0
 30
0.0
210
0.0
220
0.0
230
1.0
  2
FP_3
 70
     0
 71
     0
 91
        1
 92
        1
 93
        4
 72
     1
 10
35950.4455065043
 20
35290.00000000002
 11
35950.4455065043
 21
38011.486020647
 72
     1
 10
35950.4455065043
 20
38011.486020647
 11
35875.4455065043
 21
38011.486020647
 72
     1
 10
35875.4455065043
 20
38011.486020647
 11
35875.4455065043
 21
35290.00000000002
 72
     1
 10
35875.4455065043
 20
35290.00000000002
 11
35950.4455065043
 21
35290.00000000002
 97
        0
 75
     0
 76
     2
 52
135.0
 41
1.0
 77
     0
 78
     2
 53
135.0
 43
35950.44578322822
 44
36672.34948091788
 45
-70.71067811865476
 46
-70.71067811865474
 79
     0
 53
225.0
 43
35950.44578322822
 44
36672.34948091788
 45
70.71067811865476
 46
-70.71067811865474
 79
     0
 98
        1
 10
0.0
 20
0.0
1001
REVIT
1002
{
1070
     1
1000
1431580
1002
}
1002
{
1070
     5
1000
1602992
1002
}
1002
{
1070
     2
1000
-2000011
1002
}
1002
{
1070
     3
1000
-2000588
1002
}
  0
LINE
  5
113
330
70
100
AcDbEntity
  8
A-WALL
370
    25
100
AcDbLine
 10
35950.4455065043
 20
35290.0
 30
0.0
 11
35950.4455065043
 21
38011.48602064698
 31
0.0
1001
REVIT
1002
{
1070
     1
1000
1431580
1002
}
1002
{
1070
     5
1000
1602992
1002
}
1002
{
1070
     2
1000
-2000011
1002
}
  0
LINE
  5
114
330
70
100
AcDbEntity
  8
A-WALL
370
    25
100
AcDbLine
 10
35765.4455065043
 20
38011.48602064698
 30
0.0
 11
35765.4455065043
 21
35290.0
 31
0.0
1001
REVIT
1002
{
1070
     1
1000
1431580
1002
}
1002
{
1070
     5
1000
1602992
1002
}
1002
{
1070
     2
1000
-2000011
1002
}
  0
LINE
  5
115
330
70
100
AcDbEntity
  8
A-WALL
370
    25
100
AcDbLine
 10
35765.4455065043
 20
35290.0
 30
0.0
 11
35950.4455065043
 21
35290.0
 31
0.0
1001
REVIT
1002
{
1070
     1
1000
1431580
1002
}
1002
{
1070
     5
1000
1602992
1002
}
1002
{
1070
     2
1000
-2000011
1002
}
  0
LINE
  5
116
330
70
100
AcDbEntity
  8
A-WALL
100
AcDbLine
 10
35950.4455065043
 20
38011.48602064698
 30
0.0
 11
35765.4455065043
 21
38011.48602064698
 31
0.0
1001
REVIT
1002
{
1070
     1
1000
1431580
1002
}
1002
{
1070
     5
1000
1602992
1002
}
1002
{
1070
     2
1000
-2000011
1002
}
1002
{
1070
     3
1000
-2000586
1002
}
  0
LINE
  5
118
330
70
100
AcDbEntity
  8
A-WALL
100
AcDbLine
 10
35855.4455065043
 20
38011.48602064698
 30
0.0
 11
35855.4455065043
 21
35390.0
 31
0.0
1001
REVIT
1002
{
1070
     1
1000
1431580
1002
}
1002
{
1070
     5
1000
1602992
1002
}
1002
{
1070
     2
1000
-2000011
1002
}
1002
{
1070
     3
1000
-2000586
1002
}
  0
LINE
  5
11A
330
70
100
AcDbEntity
  8
A-WALL
100
AcDbLine
 10
35875.4455065043
 20
38011.48602064698
 30
0.0
 11
35875.4455065043
 21
35290.00000000001
 31
0.0
1001
REVIT
1002
{
1070
     1
1000
1431580
1002
}
1002
{
1070
     5
1000
1602992
1002
}
1002
{
1070
     2
1000
-2000011
1002
}
1002
{
1070
     3
1000
-2000586
1002
}
  0
LINE
  5
11B
330
70
100
AcDbEntity
  8
A-WALL
100
AcDbLine
 10
34825.44550641226
 20
28890.00000000001
 30
0.0
 11
34825.44550641226
 21
31890.0
 31
0.0
1001
REVIT
1002
{
1070
     1
1000
1432262
1002
}
1002
{
1070
     5
1000
1220569
1002
}
1002
{
1070
     2
1000
-2000011
1002
}
  0
LINE
  5
11C
330
70
100
AcDbEntity
  8
A-WALL
100
AcDbLine
 10
33765.4455052217
 20
31890.0
 30
0.0
 11
33765.4455052217
 21
29407.5
 31
0.0
1001
REVIT
1002
{
1070
     1
1000
1432262
1002
}
1002
{
1070
     5
1000
1220569
1002
}
1002
{
1070
     2
1000
-2000011
1002
}
  0
LINE
  5
11D
330
70
100
AcDbEntity
  8
A-WALL
100
AcDbLine
 10
33765.4455052217
 20
29072.45771658866
 30
0.0
 11
33765.4455052217
 21
28890.0
 31
0.0
1001
REVIT
1002
{
1070
     1
1000
1432262
1002
}
1002
{
1070
     5
1000
1220569
1002
}
1002
{
1070
     2
1000
-2000011
1002
}
  0
HATCH
  5
127
330
70
100
AcDbEntity
  8
A-WALL-PATT
370
     9
100
AcDbHatch
 10
0.0
 20
0.0
 30
0.0
210
0.0
220
0.0
230
1.0
  2
FP_1
 70
     0
 71
     0
 91
        2
 92
        1
 93
        5
 72
     1
 10
39420.4455064994
 20
28890.00000000001
 11
39420.4455064994
 21
29815.00000000001
 72
     1
 10
39420.4455064994
 20
29815.00000000001
 11
39310.44550649943
 21
29815.00000000001
 72
     1
 10
39310.44550649943
 20
29815.00000000001
 11
39310.44550649943
 21
28890.00000000001
 72
     1
 10
39310.44550649943
 20
28890.00000000001
 11
39337.38428200962
 21
28890.00000000001
 72
     1
 10
39337.38428200962
 20
28890.00000000001
 11
39420.4455064994
 21
28890.00000000001
 97
        0
 92
        1
 93
        4
 72
     1
 10
39420.4455064994
 20
30415.00000000001
 11
39420.4455064994
 21
31890.00000000001
 72
     1
 10
39420.4455064994
 20
31890.00000000001
 11
39310.44550649943
 21
31890.00000000001
 72
     1
 10
39310.44550649943
 20
31890.00000000001
 11
39310.44550649943
 21
30415.00000000001
 72
     1
 10
39310.44550649943
 20
30415.00000000001
 11
39420.4455064994
 21
30415.00000000001
 97
        0
 75
     0
 76
     2
 52
0.0
 41
1.0
 77
     0
 78
     2
 53
45.0
 43
33535.311
 44
19353.85
 45
-251.4471713899363
 46
251.4471713899363
 79
     0
 53
45.0
 43
33535.311
 44
19734.85
 45
-251.4471713899363
 46
251.4471713899363
 79
     0
 98
        1
 10
0.0
 20
0.0
1001
REVIT
1002
{
1070
     1
1000
1432364
1002
}
1002
{
1070
     5
1000
1220569
1002
}
1002
{
1070
     4
1000
24
1002
}
1002
{
1070
     2
1000
-2000011
1002
}
1002
{
1070
     3
1000
-2000588
1002
}
  0
HATCH
  5
132
330
70
100
AcDbEntity
  8
A-WALL-PATT
370
     9
100
AcDbHatch
 10
0.0
 20
0.0
 30
0.0
210
0.0
220
0.0
230
1.0
  2
FP_1
 70
     0
 71
     0
 91
        2
 92
        1
 93
        5
 72
     1
 10
39471.22162445791
 20
28804.0
 11
39580.44550649941
 21
28804.0
 72
     1
 10
39580.44550649941
 20
28804.0
 11
39580.44550649941
 21
29815.00000000001
 72
     1
 10
39580.44550649941
 20
29815.00000000001
 11
39470.44550649941
 21
29815.00000000001
 72
     1
 10
39470.44550649941
 20
29815.00000000001
 11
39470.44550649941
 21
28804.0
 72
     1
 10
39470.44550649941
 20
28804.0
 11
39471.22162445791
 21
28804.0
 97
        0
 92
        1
 93
        5
 72
     1
 10
39471.22162445791
 20
30415.00000000001
 11
39580.44550649941
 21
30415.00000000001
 72
     1
 10
39580.44550649941
 20
30415.00000000001
 11
39580.44550649941
 21
31890.00000000001
 72
     1
 10
39580.44550649941
 20
31890.00000000001
 11
39470.44550649941
 21
31890.00000000001
 72
     1
 10
39470.44550649941
 20
31890.00000000001
 11
39470.44550649941
 21
30415.00000000001
 72
     1
 10
39470.44550649941
 20
30415.00000000001
 11
39471.22162445791
 21
30415.00000000001
 97
        0
 75
     0
 76
     2
 52
0.0
 41
1.0
 77
     0
 78
     2
 53
45.0
 43
33535.311
 44
19353.85
 45
-251.4471713899363
 46
251.4471713899363
 79
     0
 53
45.0
 43
33535.311
 44
19734.85
 45
-251.4471713899363
 46
251.4471713899363
 79
     0
 98
        1
 10
0.0
 20
0.0
1001
REVIT
1002
{
1070
     1
1000
1432364
1002
}
1002
{
1070
     5
1000
1220569
1002
}
1002
{
1070
     2
1000
-2000011
1002
}
1002
{
1070
     3
1000
-2000588
1002
}
  0
LINE
  5
133
330
70
100
AcDbEntity
  8
A-WALL
370
    25
100
AcDbLine
 10
39310.44550649941
 20
31890.0
 30
0.0
 11
39310.44550649941
 21
30415.00000000001
 31
0.0
1001
REVIT
1002
{
1070
     1
1000
1432364
1002
}
1002
{
1070
     5
1000
1220569
1002
}
1002
{
1070
     2
1000
-2000011
1002
}
  0
LINE
  5
134
330
70
100
AcDbEntity
  8
A-WALL
370
    25
100
AcDbLine
 10
39310.44550649941
 20
30415.00000000001
 30
0.0
 11
39580.44550649941
 21
30415.00000000001
 31
0.0
1001
REVIT
1002
{
1070
     1
1000
1432364
1002
}
1002
{
1070
     5
1000
1220569
1002
}
1002
{
1070
     2
1000
-2000011
1002
}
  0
LINE
  5
136
330
70
100
AcDbEntity
  8
A-WALL
370
    25
100
AcDbLine
 10
39310.44550649941
 20
29815.0
 30
0.0
 11
39310.44550649944
 21
29810.0
 31
0.0
1001
REVIT
1002
{
1070
     1
1000
1432364
1002
}
1002
{
1070
     5
1000
1220569
1002
}
1002
{
1070
     2
1000
-2000011
1002
}
  0
LINE
  5
137
330
70
100
AcDbEntity
  8
A-WALL
370
    25
100
AcDbLine
 10
39580.44550649941
 20
28804.0
 30
0.0
 11
39580.44550649941
 21
29815.0
 31
0.0
1001
REVIT
1002
{
1070
     1
1000
1432364
1002
}
1002
{
1070
     5
1000
1220569
1002
}
1002
{
1070
     2
1000
-2000011
1002
}
  0
LINE
  5
138
330
70
100
AcDbEntity
  8
A-WALL
370
    25
100
AcDbLine
 10
39580.44550649941
 20
29815.0
 30
0.0
 11
39310.44550649941
 21
29815.0
 31
0.0
1001
REVIT
1002
{
1070
     1
1000
1432364
1002
}
1002
{
1070
     5
1000
1220569
1002
}
1002
{
1070
     2
1000
-2000011
1002
}
  0
LINE
  5
139
330
70
100
AcDbEntity
  8
A-WALL
100
AcDbLine
 10
39420.44550649941
 20
29815.0
 30
0.0
 11
39420.44550649941
 21
28890.00000000001
 31
0.0
1001
REVIT
1002
{
1070
     1
1000
1432364
1002
}
1002
{
1070
     5
1000
1220569
1002
}
1002
{
1070
     2
1000
-2000011
1002
}
1002
{
1070
     3
1000
-2000586
1002
}
  0
LINE
  5
13A
330
70
100
AcDbEntity
  8
A-WALL
100
AcDbLine
 10
39420.44550649941
 20
32109.99999999999
 30
0.0
 11
39420.44550649941
 21
30415.00000000001
 31
0.0
1001
REVIT
1002
{
1070
     1
1000
1432364
1002
}
1002
{
1070
     5
1000
1220569
1002
}
1002
{
1070
     2
1000
-2000011
1002
}
1002
{
1070
     3
1000
-2000586
1002
}
  0
LINE
  5
13B
330
70
100
AcDbEntity
  8
A-WALL
100
AcDbLine
 10
39470.44550649941
 20
29815.0
 30
0.0
 11
39470.44550649941
 21
28804.0
 31
0.0
1001
REVIT
1002
{
1070
     1
1000
1432364
1002
}
1002
{
1070
     5
1000
1220569
1002
}
1002
{
1070
     2
1000
-2000011
1002
}
1002
{
1070
     3
1000
-2000586
1002
}
  0
LINE
  5
13D
330
70
100
AcDbEntity
  8
A-WALL
100
AcDbLine
 10
39580.44550649941
 20
30415.00000000001
 30
0.0
 11
39580.44550649941
 21
29815.0
 31
0.0
1001
REVIT
1002
{
1070
     1
1000
1432364
1002
}
1002
{
1070
     5
1000
1220569
1002
}
1002
{
1070
     2
1000
-2000011
1002
}
  0
LINE
  5
13E
330
70
100
AcDbEntity
  8
S-STRS
370
    25
100
AcDbLine
 10
32045.44550576654
 20
30614.0
 30
0.0
 11
30885.44550576654
 21
30614.0
 31
0.0
1001
REVIT
1002
{
1070
     1
1000
1432398
1002
}
1002
{
1070
     5
1000
204884
1002
}
1002
{
1070
     2
1000
-2000120
1002
}
  0
LINE
  5
13F
330
70
100
AcDbEntity
  8
S-STRS
370
    25
100
AcDbLine
 10
30885.44550576654
 20
30614.0
 30
0.0
 11
30885.44550576654
 21
30414.0
 31
0.0
1001
REVIT
1002
{
1070
     1
1000
1432398
1002
}
1002
{
1070
     5
1000
204884
1002
}
1002
{
1070
     2
1000
-2000120
1002
}
  0
LINE
  5
140
330
70
100
AcDbEntity
  8
S-STRS
370
    25
100
AcDbLine
 10
30885.44550576654
 20
30414.0
 30
0.0
 11
31821.18132636469
 21
30414.0
 31
0.0
1001
REVIT
1002
{
1070
     1
1000
1432398
1002
}
1002
{
1070
     5
1000
204884
1002
}
1002
{
1070
     2
1000
-2000120
1002
}
  0
LINE
  5
141
330
70
100
AcDbEntity
  8
S-STRS
370
    25
100
AcDbLine
 10
31821.18132636469
 20
30414.0
 30
0.0
 11
32045.44550576654
 21
30259.25771621272
 31
0.0
1001
REVIT
1002
{
1070
     1
1000
1432398
1002
}
1002
{
1070
     5
1000
204884
1002
}
1002
{
1070
     2
1000
-2000120
1002
}
  0
LINE
  5
142
330
70
100
AcDbEntity
  8
S-STRS
370
    25
100
AcDbLine
 10
32045.44550576654
 20
30441.50000000001
 30
0.0
 11
32045.44550576654
 21
30614.0
 31
0.0
1001
REVIT
1002
{
1070
     1
1000
1432398
1002
}
1002
{
1070
     5
1000
204884
1002
}
1002
{
1070
     2
1000
-2000120
1002
}
  0
LINE
  5
143
330
70
100
AcDbEntity
  8
S-STRS
370
    25
100
AcDbLine
 10
32045.44550576654
 20
30615.0
 30
0.0
 11
30885.44550576654
 21
30615.0
 31
0.0
1001
REVIT
1002
{
1070
     1
1000
1432398
1002
}
1002
{
1070
     5
1000
204884
1002
}
1002
{
1070
     2
1000
-2000120
1002
}
1002
{
1070
     3
1000
-2000921
1002
}
  0
LINE
  5
144
330
70
100
AcDbEntity
  8
S-STRS
370
    25
100
AcDbLine
 10
30885.44550576654
 20
30615.0
 30
0.0
 11
30885.44550576654
 21
30614.0
 31
0.0
1001
REVIT
1002
{
1070
     1
1000
1432398
1002
}
1002
{
1070
     5
1000
204884
1002
}
1002
{
1070
     2
1000
-2000120
1002
}
1002
{
1070
     3
1000
-2000921
1002
}
  0
LINE
  5
145
330
70
100
AcDbEntity
  8
S-STRS
370
    25
100
AcDbLine
 10
30885.44550576654
 20
30614.0
 30
0.0
 11
32045.44550576654
 21
30614.0
 31
0.0
1001
REVIT
1002
{
1070
     1
1000
1432398
1002
}
1002
{
1070
     5
1000
204884
1002
}
1002
{
1070
     2
1000
-2000120
1002
}
1002
{
1070
     3
1000
-2000921
1002
}
  0
LINE
  5
146
330
70
100
AcDbEntity
  8
S-STRS
370
    25
100
AcDbLine
 10
32045.44550576654
 20
30614.0
 30
0.0
 11
32045.44550576654
 21
30615.0
 31
0.0
1001
REVIT
1002
{
1070
     1
1000
1432398
1002
}
1002
{
1070
     5
1000
204884
1002
}
1002
{
1070
     2
1000
-2000120
1002
}
1002
{
1070
     3
1000
-2000921
1002
}
  0
LINE
  5
147
330
70
100
AcDbEntity
  8
S-STRS
370
    25
100
AcDbLine
 10
34295.44550576654
 20
29061.50000000001
 30
0.0
 11
34045.44550576654
 21
29061.50000000001
 31
0.0
1001
REVIT
1002
{
1070
     1
1000
1432398
1002
}
1002
{
1070
     5
1000
204884
1002
}
1002
{
1070
     2
1000
-2000120
1002
}
  0
LINE
  5
148
330
70
100
AcDbEntity
  8
S-STRS
370
    25
100
AcDbLine
 10
34045.44550576654
 20
29061.50000000001
 30
0.0
 11
34045.44550576654
 21
29234.00000000001
 31
0.0
1001
REVIT
1002
{
1070
     1
1000
1432398
1002
}
1002
{
1070
     5
1000
204884
1002
}
1002
{
1070
     2
1000
-2000120
1002
}
  0
LINE
  5
149
330
70
100
AcDbEntity
  8
S-STRS
370
    25
100
AcDbLine
 10
34045.44550576654
 20
29234.00000000001
 30
0.0
 11
33795.44550576654
 21
29234.00000000001
 31
0.0
1001
REVIT
1002
{
1070
     1
1000
1432398
1002
}
1002
{
1070
     5
1000
204884
1002
}
1002
{
1070
     2
1000
-2000120
1002
}
  0
LINE
  5
14A
330
70
100
AcDbEntity
  8
S-STRS
370
    25
100
AcDbLine
 10
33795.44550576654
 20
29234.00000000001
 30
0.0
 11
33795.44550576654
 21
29406.50000000001
 31
0.0
1001
REVIT
1002
{
1070
     1
1000
1432398
1002
}
1002
{
1070
     5
1000
204884
1002
}
1002
{
1070
     2
1000
-2000120
1002
}
  0
LINE
  5
14B
330
70
100
AcDbEntity
  8
S-STRS
370
    25
100
AcDbLine
 10
33795.44550576654
 20
29406.50000000001
 30
0.0
 11
33545.44550576654
 21
29406.50000000001
 31
0.0
1001
REVIT
1002
{
1070
     1
1000
1432398
1002
}
1002
{
1070
     5
1000
204884
1002
}
1002
{
1070
     2
1000
-2000120
1002
}
  0
LINE
  5
14C
330
70
100
AcDbEntity
  8
S-STRS
370
    25
100
AcDbLine
 10
33545.44550576654
 20
29406.50000000001
 30
0.0
 11
33545.44550576654
 21
29579.00000000001
 31
0.0
1001
REVIT
1002
{
1070
     1
1000
1432398
1002
}
1002
{
1070
     5
1000
204884
1002
}
1002
{
1070
     2
1000
-2000120
1002
}
  0
LINE
  5
14D
330
70
100
AcDbEntity
  8
S-STRS
370
    25
100
AcDbLine
 10
33545.44550576654
 20
29579.00000000001
 30
0.0
 11
33295.44550576654
 21
29579.00000000001
 31
0.0
1001
REVIT
1002
{
1070
     1
1000
1432398
1002
}
1002
{
1070
     5
1000
204884
1002
}
1002
{
1070
     2
1000
-2000120
1002
}
  0
LINE
  5
14E
330
70
100
AcDbEntity
  8
S-STRS
370
    25
100
AcDbLine
 10
33295.44550576654
 20
29579.00000000001
 30
0.0
 11
33295.44550576654
 21
29751.50000000001
 31
0.0
1001
REVIT
1002
{
1070
     1
1000
1432398
1002
}
1002
{
1070
     5
1000
204884
1002
}
1002
{
1070
     2
1000
-2000120
1002
}
  0
LINE
  5
14F
330
70
100
AcDbEntity
  8
S-STRS
370
    25
100
AcDbLine
 10
33295.44550576654
 20
29751.50000000001
 30
0.0
 11
33045.44550576654
 21
29751.50000000001
 31
0.0
1001
REVIT
1002
{
1070
     1
1000
1432398
1002
}
1002
{
1070
     5
1000
204884
1002
}
1002
{
1070
     2
1000
-2000120
1002
}
  0
LINE
  5
150
330
70
100
AcDbEntity
  8
S-STRS
370
    25
100
AcDbLine
 10
33045.44550576654
 20
29751.50000000001
 30
0.0
 11
33045.44550576654
 21
29924.00000000001
 31
0.0
1001
REVIT
1002
{
1070
     1
1000
1432398
1002
}
1002
{
1070
     5
1000
204884
1002
}
1002
{
1070
     2
1000
-2000120
1002
}
  0
LINE
  5
151
330
70
100
AcDbEntity
  8
S-STRS
370
    25
100
AcDbLine
 10
33045.44550576654
 20
29924.00000000001
 30
0.0
 11
32795.44550576654
 21
29924.00000000001
 31
0.0
1001
REVIT
1002
{
1070
     1
1000
1432398
1002
}
1002
{
1070
     5
1000
204884
1002
}
1002
{
1070
     2
1000
-2000120
1002
}
  0
LINE
  5
152
330
70
100
AcDbEntity
  8
S-STRS
370
    25
100
AcDbLine
 10
32795.44550576654
 20
29924.00000000001
 30
0.0
 11
32795.44550576654
 21
30096.50000000001
 31
0.0
1001
REVIT
1002
{
1070
     1
1000
1432398
1002
}
1002
{
1070
     5
1000
204884
1002
}
1002
{
1070
     2
1000
-2000120
1002
}
  0
LINE
  5
153
330
70
100
AcDbEntity
  8
S-STRS
370
    25
100
AcDbLine
 10
32795.44550576654
 20
30096.50000000001
 30
0.0
 11
32545.44550576654
 21
30096.50000000001
 31
0.0
1001
REVIT
1002
{
1070
     1
1000
1432398
1002
}
1002
{
1070
     5
1000
204884
1002
}
1002
{
1070
     2
1000
-2000120
1002
}
  0
LINE
  5
154
330
70
100
AcDbEntity
  8
S-STRS
370
    25
100
AcDbLine
 10
32545.44550576654
 20
30096.50000000001
 30
0.0
 11
32545.44550576654
 21
30269.00000000001
 31
0.0
1001
REVIT
1002
{
1070
     1
1000
1432398
1002
}
1002
{
1070
     5
1000
204884
1002
}
1002
{
1070
     2
1000
-2000120
1002
}
  0
LINE
  5
155
330
70
100
AcDbEntity
  8
S-STRS
370
    25
100
AcDbLine
 10
32545.44550576654
 20
30269.00000000001
 30
0.0
 11
32295.44550576654
 21
30269.00000000001
 31
0.0
1001
REVIT
1002
{
1070
     1
1000
1432398
1002
}
1002
{
1070
     5
1000
204884
1002
}
1002
{
1070
     2
1000
-2000120
1002
}
  0
LINE
  5
156
330
70
100
AcDbEntity
  8
S-STRS
370
    25
100
AcDbLine
 10
32295.44550576654
 20
30269.00000000001
 30
0.0
 11
32295.44550576654
 21
30441.50000000001
 31
0.0
1001
REVIT
1002
{
1070
     1
1000
1432398
1002
}
1002
{
1070
     5
1000
204884
1002
}
1002
{
1070
     2
1000
-2000120
1002
}
  0
LINE
  5
157
330
70
100
AcDbEntity
  8
S-STRS
370
    25
100
AcDbLine
 10
32295.44550576654
 20
30441.50000000001
 30
0.0
 11
32045.44550576654
 21
30441.50000000001
 31
0.0
1001
REVIT
1002
{
1070
     1
1000
1432398
1002
}
1002
{
1070
     5
1000
204884
1002
}
1002
{
1070
     2
1000
-2000120
1002
}
  0
LINE
  5
158
330
70
100
AcDbEntity
  8
S-STRS
370
    25
100
AcDbLine
 10
32045.44550576654
 20
30259.25771621272
 30
0.0
 11
34029.8769785386
 21
28890.0
 31
0.0
1001
REVIT
1002
{
1070
     1
1000
1432398
1002
}
1002
{
1070
     5
1000
204884
1002
}
1002
{
1070
     2
1000
-2000120
1002
}
  0
LINE
  5
159
330
70
100
AcDbEntity
  8
S-STRS
370
    25
100
AcDbLine
 10
34295.44550576654
 20
28890.0
 30
0.0
 11
34295.44550576654
 21
29061.50000000001
 31
0.0
1001
REVIT
1002
{
1070
     1
1000
1432398
1002
}
1002
{
1070
     5
1000
204884
1002
}
1002
{
1070
     2
1000
-2000120
1002
}
  0
LINE
  5
15A
330
70
100
AcDbEntity
  8
S-STRS
370
    25
100
AcDbLine
 10
34295.44550576654
 20
29062.5
 30
0.0
 11
34045.44550576654
 21
29062.5
 31
0.0
1001
REVIT
1002
{
1070
     1
1000
1432398
1002
}
1002
{
1070
     5
1000
204884
1002
}
1002
{
1070
     2
1000
-2000120
1002
}
1002
{
1070
     3
1000
-2000921
1002
}
  0
LINE
  5
15B
330
70
100
AcDbEntity
  8
S-STRS
370
    25
100
AcDbLine
 10
34045.44550576654
 20
29062.5
 30
0.0
 11
34045.44550576654
 21
29061.5
 31
0.0
1001
REVIT
1002
{
1070
     1
1000
1432398
1002
}
1002
{
1070
     5
1000
204884
1002
}
1002
{
1070
     2
1000
-2000120
1002
}
1002
{
1070
     3
1000
-2000921
1002
}
  0
LINE
  5
15C
330
70
100
AcDbEntity
  8
S-STRS
370
    25
100
AcDbLine
 10
34045.44550576654
 20
29061.5
 30
0.0
 11
34295.44550576654
 21
29061.5
 31
0.0
1001
REVIT
1002
{
1070
     1
1000
1432398
1002
}
1002
{
1070
     5
1000
204884
1002
}
1002
{
1070
     2
1000
-2000120
1002
}
1002
{
1070
     3
1000
-2000921
1002
}
  0
LINE
  5
15D
330
70
100
AcDbEntity
  8
S-STRS
370
    25
100
AcDbLine
 10
34295.44550576654
 20
29061.5
 30
0.0
 11
34295.44550576654
 21
29062.5
 31
0.0
1001
REVIT
1002
{
1070
     1
1000
1432398
1002
}
1002
{
1070
     5
1000
204884
1002
}
1002
{
1070
     2
1000
-2000120
1002
}
1002
{
1070
     3
1000
-2000921
1002
}
  0
LINE
  5
15E
330
70
100
AcDbEntity
  8
S-STRS
370
    25
100
AcDbLine
 10
34045.44550576654
 20
29235.0
 30
0.0
 11
33795.44550576654
 21
29235.0
 31
0.0
1001
REVIT
1002
{
1070
     1
1000
1432398
1002
}
1002
{
1070
     5
1000
204884
1002
}
1002
{
1070
     2
1000
-2000120
1002
}
1002
{
1070
     3
1000
-2000921
1002
}
  0
LINE
  5
15F
330
70
100
AcDbEntity
  8
S-STRS
370
    25
100
AcDbLine
 10
33795.44550576654
 20
29235.0
 30
0.0
 11
33795.44550576654
 21
29234.0
 31
0.0
1001
REVIT
1002
{
1070
     1
1000
1432398
1002
}
1002
{
1070
     5
1000
204884
1002
}
1002
{
1070
     2
1000
-2000120
1002
}
1002
{
1070
     3
1000
-2000921
1002
}
  0
LINE
  5
160
330
70
100
AcDbEntity
  8
S-STRS
370
    25
100
AcDbLine
 10
33795.44550576654
 20
29234.0
 30
0.0
 11
34045.44550576654
 21
29234.0
 31
0.0
1001
REVIT
1002
{
1070
     1
1000
1432398
1002
}
1002
{
1070
     5
1000
204884
1002
}
1002
{
1070
     2
1000
-2000120
1002
}
1002
{
1070
     3
1000
-2000921
1002
}
  0
LINE
  5
161
330
70
100
AcDbEntity
  8
S-STRS
370
    25
100
AcDbLine
 10
34045.44550576654
 20
29234.0
 30
0.0
 11
34045.44550576654
 21
29235.0
 31
0.0
1001
REVIT
1002
{
1070
     1
1000
1432398
1002
}
1002
{
1070
     5
1000
204884
1002
}
1002
{
1070
     2
1000
-2000120
1002
}
1002
{
1070
     3
1000
-2000921
1002
}
  0
LINE
  5
162
330
70
100
AcDbEntity
  8
S-STRS
370
    25
100
AcDbLine
 10
33795.44550576654
 20
29407.5
 30
0.0
 11
33545.44550576654
 21
29407.5
 31
0.0
1001
REVIT
1002
{
1070
     1
1000
1432398
1002
}
1002
{
1070
     5
1000
204884
1002
}
1002
{
1070
     2
1000
-2000120
1002
}
1002
{
1070
     3
1000
-2000921
1002
}
  0
LINE
  5
163
330
70
100
AcDbEntity
  8
S-STRS
370
    25
100
AcDbLine
 10
33545.44550576654
 20
29407.5
 30
0.0
 11
33545.44550576654
 21
29406.5
 31
0.0
1001
REVIT
1002
{
1070
     1
1000
1432398
1002
}
1002
{
1070
     5
1000
204884
1002
}
1002
{
1070
     2
1000
-2000120
1002
}
1002
{
1070
     3
1000
-2000921
1002
}
  0
LINE
  5
164
330
70
100
AcDbEntity
  8
S-STRS
370
    25
100
AcDbLine
 10
33545.44550576654
 20
29406.5
 30
0.0
 11
33795.44550576654
 21
29406.5
 31
0.0
1001
REVIT
1002
{
1070
     1
1000
1432398
1002
}
1002
{
1070
     5
1000
204884
1002
}
1002
{
1070
     2
1000
-2000120
1002
}
1002
{
1070
     3
1000
-2000921
1002
}
  0
LINE
  5
165
330
70
100
AcDbEntity
  8
S-STRS
370
    25
100
AcDbLine
 10
33795.44550576654
 20
29406.5
 30
0.0
 11
33795.44550576654
 21
29407.5
 31
0.0
1001
REVIT
1002
{
1070
     1
1000
1432398
1002
}
1002
{
1070
     5
1000
204884
1002
}
1002
{
1070
     2
1000
-2000120
1002
}
1002
{
1070
     3
1000
-2000921
1002
}
  0
LINE
  5
166
330
70
100
AcDbEntity
  8
S-STRS
370
    25
100
AcDbLine
 10
33545.44550576653
 20
29580.0
 30
0.0
 11
33295.44550576653
 21
29580.0
 31
0.0
1001
REVIT
1002
{
1070
     1
1000
1432398
1002
}
1002
{
1070
     5
1000
204884
1002
}
1002
{
1070
     2
1000
-2000120
1002
}
1002
{
1070
     3
1000
-2000921
1002
}
  0
LINE
  5
167
330
70
100
AcDbEntity
  8
S-STRS
370
    25
100
AcDbLine
 10
33295.44550576653
 20
29580.0
 30
0.0
 11
33295.44550576653
 21
29579.0
 31
0.0
1001
REVIT
1002
{
1070
     1
1000
1432398
1002
}
1002
{
1070
     5
1000
204884
1002
}
1002
{
1070
     2
1000
-2000120
1002
}
1002
{
1070
     3
1000
-2000921
1002
}
  0
LINE
  5
168
330
70
100
AcDbEntity
  8
S-STRS
370
    25
100
AcDbLine
 10
33295.44550576653
 20
29579.0
 30
0.0
 11
33545.44550576653
 21
29579.0
 31
0.0
1001
REVIT
1002
{
1070
     1
1000
1432398
1002
}
1002
{
1070
     5
1000
204884
1002
}
1002
{
1070
     2
1000
-2000120
1002
}
1002
{
1070
     3
1000
-2000921
1002
}
  0
LINE
  5
169
330
70
100
AcDbEntity
  8
S-STRS
370
    25
100
AcDbLine
 10
33545.44550576653
 20
29579.0
 30
0.0
 11
33545.44550576653
 21
29580.0
 31
0.0
1001
REVIT
1002
{
1070
     1
1000
1432398
1002
}
1002
{
1070
     5
1000
204884
1002
}
1002
{
1070
     2
1000
-2000120
1002
}
1002
{
1070
     3
1000
-2000921
1002
}
  0
LINE
  5
16A
330
70
100
AcDbEntity
  8
S-STRS
370
    25
100
AcDbLine
 10
33295.44550576654
 20
29752.50000000001
 30
0.0
 11
33045.44550576654
 21
29752.50000000001
 31
0.0
1001
REVIT
1002
{
1070
     1
1000
1432398
1002
}
1002
{
1070
     5
1000
204884
1002
}
1002
{
1070
     2
1000
-2000120
1002
}
1002
{
1070
     3
1000
-2000921
1002
}
  0
LINE
  5
16B
330
70
100
AcDbEntity
  8
S-STRS
370
    25
100
AcDbLine
 10
33045.44550576654
 20
29752.50000000001
 30
0.0
 11
33045.44550576654
 21
29751.50000000001
 31
0.0
1001
REVIT
1002
{
1070
     1
1000
1432398
1002
}
1002
{
1070
     5
1000
204884
1002
}
1002
{
1070
     2
1000
-2000120
1002
}
1002
{
1070
     3
1000
-2000921
1002
}
  0
LINE
  5
16C
330
70
100
AcDbEntity
  8
S-STRS
370
    25
100
AcDbLine
 10
33045.44550576654
 20
29751.50000000001
 30
0.0
 11
33295.44550576654
 21
29751.50000000001
 31
0.0
1001
REVIT
1002
{
1070
     1
1000
1432398
1002
}
1002
{
1070
     5
1000
204884
1002
}
1002
{
1070
     2
1000
-2000120
1002
}
1002
{
1070
     3
1000
-2000921
1002
}
  0
LINE
  5
16D
330
70
100
AcDbEntity
  8
S-STRS
370
    25
100
AcDbLine
 10
33295.44550576654
 20
29751.50000000001
 30
0.0
 11
33295.44550576654
 21
29752.50000000001
 31
0.0
1001
REVIT
1002
{
1070
     1
1000
1432398
1002
}
1002
{
1070
     5
1000
204884
1002
}
1002
{
1070
     2
1000
-2000120
1002
}
1002
{
1070
     3
1000
-2000921
1002
}
  0
LINE
  5
16E
330
70
100
AcDbEntity
  8
S-STRS
370
    25
100
AcDbLine
 10
33045.44550576654
 20
29925.0
 30
0.0
 11
32795.44550576654
 21
29925.0
 31
0.0
1001
REVIT
1002
{
1070
     1
1000
1432398
1002
}
1002
{
1070
     5
1000
204884
1002
}
1002
{
1070
     2
1000
-2000120
1002
}
1002
{
1070
     3
1000
-2000921
1002
}
  0
LINE
  5
16F
330
70
100
AcDbEntity
  8
S-STRS
370
    25
100
AcDbLine
 10
32795.44550576654
 20
29925.0
 30
0.0
 11
32795.44550576654
 21
29924.00000000001
 31
0.0
1001
REVIT
1002
{
1070
     1
1000
1432398
1002
}
1002
{
1070
     5
1000
204884
1002
}
1002
{
1070
     2
1000
-2000120
1002
}
1002
{
1070
     3
1000
-2000921
1002
}
  0
LINE
  5
170
330
70
100
AcDbEntity
  8
S-STRS
370
    25
100
AcDbLine
 10
32795.44550576654
 20
29924.00000000001
 30
0.0
 11
33045.44550576654
 21
29924.00000000001
 31
0.0
1001
REVIT
1002
{
1070
     1
1000
1432398
1002
}
1002
{
1070
     5
1000
204884
1002
}
1002
{
1070
     2
1000
-2000120
1002
}
1002
{
1070
     3
1000
-2000921
1002
}
  0
LINE
  5
171
330
70
100
AcDbEntity
  8
S-STRS
370
    25
100
AcDbLine
 10
33045.44550576654
 20
29924.00000000001
 30
0.0
 11
33045.44550576654
 21
29925.0
 31
0.0
1001
REVIT
1002
{
1070
     1
1000
1432398
1002
}
1002
{
1070
     5
1000
204884
1002
}
1002
{
1070
     2
1000
-2000120
1002
}
1002
{
1070
     3
1000
-2000921
1002
}
  0
LINE
  5
172
330
70
100
AcDbEntity
  8
S-STRS
370
    25
100
AcDbLine
 10
32795.44550576654
 20
30097.5
 30
0.0
 11
32545.44550576653
 21
30097.5
 31
0.0
1001
REVIT
1002
{
1070
     1
1000
1432398
1002
}
1002
{
1070
     5
1000
204884
1002
}
1002
{
1070
     2
1000
-2000120
1002
}
1002
{
1070
     3
1000
-2000921
1002
}
  0
LINE
  5
173
330
70
100
AcDbEntity
  8
S-STRS
370
    25
100
AcDbLine
 10
32545.44550576653
 20
30097.5
 30
0.0
 11
32545.44550576653
 21
30096.5
 31
0.0
1001
REVIT
1002
{
1070
     1
1000
1432398
1002
}
1002
{
1070
     5
1000
204884
1002
}
1002
{
1070
     2
1000
-2000120
1002
}
1002
{
1070
     3
1000
-2000921
1002
}
  0
LINE
  5
174
330
70
100
AcDbEntity
  8
S-STRS
370
    25
100
AcDbLine
 10
32545.44550576653
 20
30096.5
 30
0.0
 11
32795.44550576654
 21
30096.5
 31
0.0
1001
REVIT
1002
{
1070
     1
1000
1432398
1002
}
1002
{
1070
     5
1000
204884
1002
}
1002
{
1070
     2
1000
-2000120
1002
}
1002
{
1070
     3
1000
-2000921
1002
}
  0
LINE
  5
175
330
70
100
AcDbEntity
  8
S-STRS
370
    25
100
AcDbLine
 10
32795.44550576654
 20
30096.5
 30
0.0
 11
32795.44550576654
 21
30097.5
 31
0.0
1001
REVIT
1002
{
1070
     1
1000
1432398
1002
}
1002
{
1070
     5
1000
204884
1002
}
1002
{
1070
     2
1000
-2000120
1002
}
1002
{
1070
     3
1000
-2000921
1002
}
  0
LINE
  5
176
330
70
100
AcDbEntity
  8
S-STRS
370
    25
100
AcDbLine
 10
32545.44550576654
 20
30270.0
 30
0.0
 11
32295.44550576654
 21
30270.0
 31
0.0
1001
REVIT
1002
{
1070
     1
1000
1432398
1002
}
1002
{
1070
     5
1000
204884
1002
}
1002
{
1070
     2
1000
-2000120
1002
}
1002
{
1070
     3
1000
-2000921
1002
}
  0
LINE
  5
177
330
70
100
AcDbEntity
  8
S-STRS
370
    25
100
AcDbLine
 10
32295.44550576654
 20
30270.0
 30
0.0
 11
32295.44550576654
 21
30269.0
 31
0.0
1001
REVIT
1002
{
1070
     1
1000
1432398
1002
}
1002
{
1070
     5
1000
204884
1002
}
1002
{
1070
     2
1000
-2000120
1002
}
1002
{
1070
     3
1000
-2000921
1002
}
  0
LINE
  5
178
330
70
100
AcDbEntity
  8
S-STRS
370
    25
100
AcDbLine
 10
32295.44550576654
 20
30269.0
 30
0.0
 11
32545.44550576654
 21
30269.0
 31
0.0
1001
REVIT
1002
{
1070
     1
1000
1432398
1002
}
1002
{
1070
     5
1000
204884
1002
}
1002
{
1070
     2
1000
-2000120
1002
}
1002
{
1070
     3
1000
-2000921
1002
}
  0
LINE
  5
179
330
70
100
AcDbEntity
  8
S-STRS
370
    25
100
AcDbLine
 10
32545.44550576654
 20
30269.0
 30
0.0
 11
32545.44550576654
 21
30270.0
 31
0.0
1001
REVIT
1002
{
1070
     1
1000
1432398
1002
}
1002
{
1070
     5
1000
204884
1002
}
1002
{
1070
     2
1000
-2000120
1002
}
1002
{
1070
     3
1000
-2000921
1002
}
  0
LINE
  5
17A
330
70
100
AcDbEntity
  8
S-STRS
370
    25
100
AcDbLine
 10
32295.44550576654
 20
30442.5
 30
0.0
 11
32045.44550576654
 21
30442.5
 31
0.0
1001
REVIT
1002
{
1070
     1
1000
1432398
1002
}
1002
{
1070
     5
1000
204884
1002
}
1002
{
1070
     2
1000
-2000120
1002
}
1002
{
1070
     3
1000
-2000921
1002
}
  0
LINE
  5
17B
330
70
100
AcDbEntity
  8
S-STRS
370
    25
100
AcDbLine
 10
32045.44550576654
 20
30442.5
 30
0.0
 11
32045.44550576654
 21
30441.5
 31
0.0
1001
REVIT
1002
{
1070
     1
1000
1432398
1002
}
1002
{
1070
     5
1000
204884
1002
}
1002
{
1070
     2
1000
-2000120
1002
}
1002
{
1070
     3
1000
-2000921
1002
}
  0
LINE
  5
17C
330
70
100
AcDbEntity
  8
S-STRS
370
    25
100
AcDbLine
 10
32045.44550576654
 20
30441.5
 30
0.0
 11
32295.44550576654
 21
30441.5
 31
0.0
1001
REVIT
1002
{
1070
     1
1000
1432398
1002
}
1002
{
1070
     5
1000
204884
1002
}
1002
{
1070
     2
1000
-2000120
1002
}
1002
{
1070
     3
1000
-2000921
1002
}
  0
LINE
  5
17D
330
70
100
AcDbEntity
  8
S-STRS
370
    25
100
AcDbLine
 10
32295.44550576654
 20
30441.5
 30
0.0
 11
32295.44550576654
 21
30442.5
 31
0.0
1001
REVIT
1002
{
1070
     1
1000
1432398
1002
}
1002
{
1070
     5
1000
204884
1002
}
1002
{
1070
     2
1000
-2000120
1002
}
1002
{
1070
     3
1000
-2000921
1002
}
  0
LINE
  5
17E
330
70
100
AcDbEntity
  8
A-CLNG
370
    25
100
AcDbLine
 10
38955.44550574211
 20
35190.0
 30
0.0
 11
37670.44550643592
 21
35190.0
 31
0.0
1001
REVIT
1002
{
1070
     1
1000
1435700
1002
}
1002
{
1070
     5
1000
19847
1002
}
1002
{
1070
     2
1000
-2000038
1002
}
  0
LINE
  5
180
330
70
100
AcDbEntity
  8
A-CLNG
370
    25
100
AcDbLine
 10
37670.44550643592
 20
35090.0
 30
0.0
 11
38955.44550574211
 21
35090.0
 31
0.0
1001
REVIT
1002
{
1070
     1
1000
1435700
1002
}
1002
{
1070
     5
1000
19847
1002
}
1002
{
1070
     2
1000
-2000038
1002
}
  0
LINE
  5
181
330
70
100
AcDbEntity
  8
A-CLNG
370
    25
100
AcDbLine
 10
37560.44550643592
 20
35190.0
 30
0.0
 11
35875.44550645955
 21
35190.0
 31
0.0
1001
REVIT
1002
{
1070
     1
1000
1435700
1002
}
1002
{
1070
     5
1000
19847
1002
}
1002
{
1070
     2
1000
-2000038
1002
}
  0
LINE
  5
183
330
70
100
AcDbEntity
  8
A-CLNG
370
    25
100
AcDbLine
 10
35875.44550645955
 20
35090.0
 30
0.0
 11
37560.44550643592
 21
35090.0
 31
0.0
1001
REVIT
1002
{
1070
     1
1000
1435700
1002
}
1002
{
1070
     5
1000
19847
1002
}
1002
{
1070
     2
1000
-2000038
1002
}
  0
HATCH
  5
18A
330
70
100
AcDbEntity
  8
A-WALL-PATT
370
     9
100
AcDbHatch
 10
0.0
 20
0.0
 30
0.0
210
0.0
220
0.0
230
1.0
  2
FP_1
 70
     0
 71
     0
 91
        1
 92
        1
 93
        5
 72
     1
 10
30775.44550576654
 20
28890.00000000004
 11
30885.44550576654
 21
28890.00000000004
 72
     1
 10
30885.44550576654
 20
28890.00000000004
 11
30885.44550576654
 21
30640.00000000002
 72
     1
 10
30885.44550576654
 20
30640.00000000002
 11
30775.44550576654
 21
30640.00000000002
 72
     1
 10
30775.44550576654
 20
30640.00000000002
 11
30775.44550576654
 21
29058.49625454601
 72
     1
 10
30775.44550576654
 20
29058.49625454601
 11
30775.44550576654
 21
28890.00000000004
 97
        0
 75
     0
 76
     2
 52
0.0
 41
1.0
 77
     0
 78
     2
 53
45.0
 43
33535.311
 44
19353.85
 45
-251.4471713899363
 46
251.4471713899363
 79
     0
 53
45.0
 43
33535.311
 44
19734.85
 45
-251.4471713899363
 46
251.4471713899363
 79
     0
 98
        1
 10
0.0
 20
0.0
1001
REVIT
1002
{
1070
     1
1000
1437856
1002
}
1002
{
1070
     5
1000
1220569
1002
}
1002
{
1070
     4
1000
24
1002
}
1002
{
1070
     2
1000
-2000011
1002
}
1002
{
1070
     3
1000
-2000588
1002
}
  0
HATCH
  5
190
330
70
100
AcDbEntity
  8
A-WALL-PATT
370
     9
100
AcDbHatch
 10
0.0
 20
0.0
 30
0.0
210
0.0
220
0.0
230
1.0
  2
FP_1
 70
     0
 71
     0
 91
        1
 92
        1
 93
        5
 72
     1
 10
30725.44550576654
 20
29436.70363896504
 11
30725.44550576654
 21
30640.00000000002
 72
     1
 10
30725.44550576654
 20
30640.00000000002
 11
30615.44550576654
 21
30640.00000000002
 72
     1
 10
30615.44550576654
 20
30640.00000000002
 11
30615.44550576654
 21
29436.70363896504
 72
     1
 10
30615.44550576654
 20
29436.70363896504
 11
30618.29288126941
 21
29436.70363896504
 72
     1
 10
30618.29288126941
 20
29436.70363896504
 11
30725.44550576654
 21
29436.70363896504
 97
        0
 75
     0
 76
     2
 52
0.0
 41
1.0
 77
     0
 78
     2
 53
45.0
 43
33535.311
 44
19353.85
 45
-251.4471713899363
 46
251.4471713899363
 79
     0
 53
45.0
 43
33535.311
 44
19734.85
 45
-251.4471713899363
 46
251.4471713899363
 79
     0
 98
        1
 10
0.0
 20
0.0
1001
REVIT
1002
{
1070
     1
1000
1437856
1002
}
1002
{
1070
     5
1000
1220569
1002
}
1002
{
1070
     2
1000
-2000011
1002
}
1002
{
1070
     3
1000
-2000588
1002
}
  0
LINE
  5
191
330
70
100
AcDbEntity
  8
A-WALL
370
    25
100
AcDbLine
 10
30885.44550576654
 20
28890.00000000003
 30
0.0
 11
30885.44550576654
 21
30640.00000000001
 31
0.0
1001
REVIT
1002
{
1070
     1
1000
1437856
1002
}
1002
{
1070
     5
1000
1220569
1002
}
1002
{
1070
     2
1000
-2000011
1002
}
  0
LINE
  5
192
330
70
100
AcDbEntity
  8
A-WALL
370
    25
100
AcDbLine
 10
30885.44550576654
 20
30640.00000000001
 30
0.0
 11
30615.44550576654
 21
30640.00000000001
 31
0.0
1001
REVIT
1002
{
1070
     1
1000
1437856
1002
}
1002
{
1070
     5
1000
1220569
1002
}
1002
{
1070
     2
1000
-2000011
1002
}
  0
LINE
  5
193
330
70
100
AcDbEntity
  8
A-WALL
370
    25
100
AcDbLine
 10
30615.44550576654
 20
30640.00000000001
 30
0.0
 11
30615.44550576654
 21
29436.70363896504
 31
0.0
1001
REVIT
1002
{
1070
     1
1000
1437856
1002
}
1002
{
1070
     5
1000
1220569
1002
}
1002
{
1070
     2
1000
-2000011
1002
}
  0
LINE
  5
194
330
70
100
AcDbEntity
  8
A-WALL
100
AcDbLine
 10
30775.44550576654
 20
28890.00000000003
 30
0.0
 11
30775.44550576654
 21
30640.00000000001
 31
0.0
1001
REVIT
1002
{
1070
     1
1000
1437856
1002
}
1002
{
1070
     5
1000
1220569
1002
}
1002
{
1070
     2
1000
-2000011
1002
}
1002
{
1070
     3
1000
-2000586
1002
}
  0
LINE
  5
195
330
70
100
AcDbEntity
  8
A-WALL
100
AcDbLine
 10
30725.44550576654
 20
29436.70363896504
 30
0.0
 11
30725.44550576654
 21
30640.00000000001
 31
0.0
1001
REVIT
1002
{
1070
     1
1000
1437856
1002
}
1002
{
1070
     5
1000
1220569
1002
}
1002
{
1070
     2
1000
-2000011
1002
}
1002
{
1070
     3
1000
-2000586
1002
}
  0
LINE
  5
197
330
70
100
AcDbEntity
  8
A-WALL
100
AcDbLine
 10
32045.44550576653
 20
28890.0
 30
0.0
 11
32045.44550576653
 21
30259.25771621272
 31
0.0
1001
REVIT
1002
{
1070
     1
1000
1437899
1002
}
1002
{
1070
     5
1000
1222731
1002
}
1002
{
1070
     2
1000
-2000011
1002
}
  0
LINE
  5
198
330
70
100
AcDbEntity
  8
A-WALL
100
AcDbLine
 10
32045.44550576653
 20
30615.0
 30
0.0
 11
32045.44550576653
 21
32140.00000000001
 31
0.0
1001
REVIT
1002
{
1070
     1
1000
1437899
1002
}
1002
{
1070
     5
1000
1222731
1002
}
1002
{
1070
     2
1000
-2000011
1002
}
  0
LINE
  5
199
330
70
100
AcDbEntity
  8
A-WALL
100
AcDbLine
 10
32045.44550576653
 20
32140.00000000001
 30
0.0
 11
30885.44550576654
 21
32140.00000000001
 31
0.0
1001
REVIT
1002
{
1070
     1
1000
1437899
1002
}
1002
{
1070
     5
1000
1222731
1002
}
1002
{
1070
     2
1000
-2000011
1002
}
  0
INSERT
  5
1A0
330
70
100
AcDbEntity
  8
A-COLS
100
AcDbBlockReference
  2
M_Rectangular Column - 150 X 50-2081611-SECTION B-B
 10
0.0
 20
0.0
 30
0.0
1001
REVIT
1002
{
1070
     1
1000
1438016
1002
}
1002
{
1070
     5
1000
1426535
1002
}
1002
{
1070
     2
1000
-2000100
1002
}
  0
INSERT
  5
1A9
330
70
100
AcDbEntity
  8
A-COLS
100
AcDbBlockReference
  2
M_Rectangular Column - 150 X 50-V1-SECTION B-B
 10
0.0
 20
0.0
 30
0.0
1001
REVIT
1002
{
1070
     1
1000
1438250
1002
}
1002
{
1070
     5
1000
1426535
1002
}
1002
{
1070
     2
1000
-2000100
1002
}
  0
INSERT
  5
1AA
330
70
100
AcDbEntity
  8
A-COLS
100
AcDbBlockReference
  2
M_Rectangular Column - 150 X 50-2081611-SECTION B-B
 10
-113.1578947368426
 20
0.0
 30
0.0
1001
REVIT
1002
{
1070
     1
1000
1438269
1002
}
1002
{
1070
     5
1000
1426535
1002
}
1002
{
1070
     2
1000
-2000100
1002
}
  0
INSERT
  5
1B2
330
70
100
AcDbEntity
  8
A-COLS
100
AcDbBlockReference
  2
M_Rectangular Column - 150 X 50-V2-SECTION B-B
 10
0.0
 20
0.0
 30
0.0
1001
REVIT
1002
{
1070
     1
1000
1438273
1002
}
1002
{
1070
     5
1000
1426535
1002
}
1002
{
1070
     2
1000
-2000100
1002
}
  0
INSERT
  5
1BB
330
70
100
AcDbEntity
  8
A-COLS
100
AcDbBlockReference
  2
M_Rectangular Column - 150 X 50-V3-SECTION B-B
 10
0.0
 20
0.0
 30
0.0
1001
REVIT
1002
{
1070
     1
1000
1438277
1002
}
1002
{
1070
     5
1000
1426535
1002
}
1002
{
1070
     2
1000
-2000100
1002
}
  0
INSERT
  5
1C4
330
70
100
AcDbEntity
  8
A-COLS
100
AcDbBlockReference
  2
M_Rectangular Column - 150 X 50-V4-SECTION B-B
 10
0.0
 20
0.0
 30
0.0
1001
REVIT
1002
{
1070
     1
1000
1438281
1002
}
1002
{
1070
     5
1000
1426535
1002
}
1002
{
1070
     2
1000
-2000100
1002
}
  0
INSERT
  5
1CD
330
70
100
AcDbEntity
  8
A-COLS
100
AcDbBlockReference
  2
M_Rectangular Column - 150 X 50-V5-SECTION B-B
 10
0.0
 20
0.0
 30
0.0
1001
REVIT
1002
{
1070
     1
1000
1438285
1002
}
1002
{
1070
     5
1000
1426535
1002
}
1002
{
1070
     2
1000
-2000100
1002
}
  0
INSERT
  5
1D6
330
70
100
AcDbEntity
  8
A-COLS
100
AcDbBlockReference
  2
M_Rectangular Column - 150 X 50-V6-SECTION B-B
 10
0.0
 20
0.0
 30
0.0
1001
REVIT
1002
{
1070
     1
1000
1438289
1002
}
1002
{
1070
     5
1000
1426535
1002
}
1002
{
1070
     2
1000
-2000100
1002
}
  0
INSERT
  5
1DF
330
70
100
AcDbEntity
  8
A-COLS
100
AcDbBlockReference
  2
M_Rectangular Column - 150 X 50-V7-SECTION B-B
 10
0.0
 20
0.0
 30
0.0
1001
REVIT
1002
{
1070
     1
1000
1438293
1002
}
1002
{
1070
     5
1000
1426535
1002
}
1002
{
1070
     2
1000
-2000100
1002
}
  0
INSERT
  5
1E8
330
70
100
AcDbEntity
  8
A-COLS
100
AcDbBlockReference
  2
M_Rectangular Column - 150 X 50-V8-SECTION B-B
 10
0.0
 20
0.0
 30
0.0
1001
REVIT
1002
{
1070
     1
1000
1438297
1002
}
1002
{
1070
     5
1000
1426535
1002
}
1002
{
1070
     2
1000
-2000100
1002
}
  0
INSERT
  5
1F1
330
70
100
AcDbEntity
  8
A-COLS
100
AcDbBlockReference
  2
M_Rectangular Column - 150 X 50-V9-SECTION B-B
 10
0.0
 20
0.0
 30
0.0
1001
REVIT
1002
{
1070
     1
1000
1438325
1002
}
1002
{
1070
     5
1000
1426535
1002
}
1002
{
1070
     2
1000
-2000100
1002
}
  0
INSERT
  5
1FA
330
70
100
AcDbEntity
  8
A-COLS
100
AcDbBlockReference
  2
M_Rectangular Column - 150 X 50-V10-SECTION B-B
 10
0.0
 20
0.0
 30
0.0
1001
REVIT
1002
{
1070
     1
1000
1438329
1002
}
1002
{
1070
     5
1000
1426535
1002
}
1002
{
1070
     2
1000
-2000100
1002
}
  0
INSERT
  5
203
330
70
100
AcDbEntity
  8
A-COLS
100
AcDbBlockReference
  2
M_Rectangular Column - 150 X 50-V11-SECTION B-B
 10
0.0
 20
0.0
 30
0.0
1001
REVIT
1002
{
1070
     1
1000
1438333
1002
}
1002
{
1070
     5
1000
1426535
1002
}
1002
{
1070
     2
1000
-2000100
1002
}
  0
INSERT
  5
20C
330
70
100
AcDbEntity
  8
A-COLS
100
AcDbBlockReference
  2
M_Rectangular Column - 150 X 50-V12-SECTION B-B
 10
0.0
 20
0.0
 30
0.0
1001
REVIT
1002
{
1070
     1
1000
1438337
1002
}
1002
{
1070
     5
1000
1426535
1002
}
1002
{
1070
     2
1000
-2000100
1002
}
  0
INSERT
  5
215
330
70
100
AcDbEntity
  8
A-COLS
100
AcDbBlockReference
  2
M_Rectangular Column - 150 X 50-V13-SECTION B-B
 10
0.0
 20
0.0
 30
0.0
1001
REVIT
1002
{
1070
     1
1000
1438341
1002
}
1002
{
1070
     5
1000
1426535
1002
}
1002
{
1070
     2
1000
-2000100
1002
}
  0
INSERT
  5
21E
330
70
100
AcDbEntity
  8
A-COLS
100
AcDbBlockReference
  2
M_Rectangular Column - 150 X 50-V14-SECTION B-B
 10
0.0
 20
0.0
 30
0.0
1001
REVIT
1002
{
1070
     1
1000
1438345
1002
}
1002
{
1070
     5
1000
1426535
1002
}
1002
{
1070
     2
1000
-2000100
1002
}
  0
INSERT
  5
227
330
70
100
AcDbEntity
  8
A-COLS
100
AcDbBlockReference
  2
M_Rectangular Column - 150 X 50-V15-SECTION B-B
 10
0.0
 20
0.0
 30
0.0
1001
REVIT
1002
{
1070
     1
1000
1438349
1002
}
1002
{
1070
     5
1000
1426535
1002
}
1002
{
1070
     2
1000
-2000100
1002
}
  0
INSERT
  5
230
330
70
100
AcDbEntity
  8
A-COLS
100
AcDbBlockReference
  2
M_Rectangular Column - 150 X 50-V16-SECTION B-B
 10
0.0
 20
0.0
 30
0.0
1001
REVIT
1002
{
1070
     1
1000
1438353
1002
}
1002
{
1070
     5
1000
1426535
1002
}
1002
{
1070
     2
1000
-2000100
1002
}
  0
INSERT
  5
239
330
70
100
AcDbEntity
  8
A-COLS
100
AcDbBlockReference
  2
M_Rectangular Column - 150 X 50-V17-SECTION B-B
 10
0.0
 20
0.0
 30
0.0
1001
REVIT
1002
{
1070
     1
1000
1438357
1002
}
1002
{
1070
     5
1000
1426535
1002
}
1002
{
1070
     2
1000
-2000100
1002
}
  0
INSERT
  5
242
330
70
100
AcDbEntity
  8
A-COLS
100
AcDbBlockReference
  2
M_Rectangular Column - 150 X 50-V18-SECTION B-B
 10
0.0
 20
0.0
 30
0.0
1001
REVIT
1002
{
1070
     1
1000
1438361
1002
}
1002
{
1070
     5
1000
1426535
1002
}
1002
{
1070
     2
1000
-2000100
1002
}
  0
HATCH
  5
248
330
70
100
AcDbEntity
  8
A-WALL-PATT
370
     9
100
AcDbHatch
 10
0.0
 20
0.0
 30
0.0
210
0.0
220
0.0
230
1.0
  2
FP_1
 70
     0
 71
     0
 91
        1
 92
        1
 93
        5
 72
     1
 10
35765.44550649941
 20
28890.00000000001
 11
35875.44550649941
 21
28890.00000000001
 72
     1
 10
35875.44550649941
 20
28890.00000000001
 11
35875.44550649941
 21
32110.00000000002
 72
     1
 10
35875.44550649941
 20
32110.00000000002
 11
35765.44550649941
 21
32110.00000000002
 72
     1
 10
35765.44550649941
 20
32110.00000000002
 11
35765.44550649941
 21
29472.19981590236
 72
     1
 10
35765.44550649941
 20
29472.19981590236
 11
35765.44550649941
 21
28890.00000000001
 97
        0
 75
     0
 76
     2
 52
0.0
 41
1.0
 77
     0
 78
     2
 53
45.0
 43
33535.311
 44
19353.85
 45
-251.4471713899363
 46
251.4471713899363
 79
     0
 53
45.0
 43
33535.311
 44
19734.85
 45
-251.4471713899363
 46
251.4471713899363
 79
     0
 98
        1
 10
0.0
 20
0.0
1001
REVIT
1002
{
1070
     1
1000
1441038
1002
}
1002
{
1070
     5
1000
1222731
1002
}
1002
{
1070
     4
1000
24
1002
}
1002
{
1070
     2
1000
-2000011
1002
}
1002
{
1070
     3
1000
-2000588
1002
}
  0
LINE
  5
249
330
70
100
AcDbEntity
  8
A-WALL
370
    25
100
AcDbLine
 10
35765.44550649941
 20
31890.00000000001
 30
0.0
 11
35765.44550649941
 21
28890.0
 31
0.0
1001
REVIT
1002
{
1070
     1
1000
1441038
1002
}
1002
{
1070
     5
1000
1222731
1002
}
1002
{
1070
     2
1000
-2000011
1002
}
  0
LINE
  5
24A
330
70
100
AcDbEntity
  8
A-WALL
370
    25
100
AcDbLine
 10
35875.44550649941
 20
28890.0
 30
0.0
 11
35875.44550649941
 21
32110.00000000001
 31
0.0
1001
REVIT
1002
{
1070
     1
1000
1441038
1002
}
1002
{
1070
     5
1000
1222731
1002
}
1002
{
1070
     2
1000
-2000011
1002
}
  0
LINE
  5
24B
330
70
100
AcDbEntity
  8
A-FLOR
370
    35
100
AcDbLine
 10
36815.44550645955
 20
28890.0
 30
0.0
 11
36815.44550645955
 21
29810.0
 31
0.0
1001
REVIT
1002
{
1070
     1
1000
1441562
1002
}
1002
{
1070
     5
1000
1276167
1002
}
1002
{
1070
     2
1000
-2000032
1002
}
  0
LINE
  5
24C
330
70
100
AcDbEntity
  8
A-FLOR
370
    35
100
AcDbLine
 10
36815.44550645955
 20
29810.0
 30
0.0
 11
36215.44550645955
 21
29810.0
 31
0.0
1001
REVIT
1002
{
1070
     1
1000
1441562
1002
}
1002
{
1070
     5
1000
1276167
1002
}
1002
{
1070
     2
1000
-2000032
1002
}
  0
LINE
  5
24D
330
70
100
AcDbEntity
  8
A-FLOR
370
    35
100
AcDbLine
 10
36215.44550645955
 20
29810.0
 30
0.0
 11
36215.44550645955
 21
28890.0
 31
0.0
1001
REVIT
1002
{
1070
     1
1000
1441562
1002
}
1002
{
1070
     5
1000
1276167
1002
}
1002
{
1070
     2
1000
-2000032
1002
}
  0
LINE
  5
24E
330
70
100
AcDbEntity
  8
A-FLOR
370
    35
100
AcDbLine
 10
39310.44550649944
 20
28890.0
 30
0.0
 11
39310.44550649944
 21
29810.0
 31
0.0
1001
REVIT
1002
{
1070
     1
1000
1441562
1002
}
1002
{
1070
     5
1000
1276167
1002
}
1002
{
1070
     2
1000
-2000032
1002
}
  0
LINE
  5
24F
330
70
100
AcDbEntity
  8
A-FLOR
370
    35
100
AcDbLine
 10
39310.44550649944
 20
29810.0
 30
0.0
 11
38710.44550649941
 21
29810.0
 31
0.0
1001
REVIT
1002
{
1070
     1
1000
1441562
1002
}
1002
{
1070
     5
1000
1276167
1002
}
1002
{
1070
     2
1000
-2000032
1002
}
  0
LINE
  5
250
330
70
100
AcDbEntity
  8
A-FLOR
370
    35
100
AcDbLine
 10
38710.44550649941
 20
29810.0
 30
0.0
 11
38710.44550649941
 21
28890.0
 31
0.0
1001
REVIT
1002
{
1070
     1
1000
1441562
1002
}
1002
{
1070
     5
1000
1276167
1002
}
1002
{
1070
     2
1000
-2000032
1002
}
  0
INSERT
  5
288
330
70
100
AcDbEntity
  8
A-DOOR
100
AcDbBlockReference
  2
Stacker Door - 3 Panel - FXX3047 SP-2545092-SECTION B-B
 10
0.0
 20
0.0
 30
0.0
1001
REVIT
1002
{
1070
     1
1000
1453001
1002
}
1002
{
1070
     5
1000
1812943
1002
}
1002
{
1070
     2
1000
-2000023
1002
}
  0
LINE
  5
289
330
70
100
AcDbEntity
  8
A-ROOF
370
    35
100
AcDbLine
 10
30100.44550576652
 20
38011.48602064698
 30
0.0
 11
30700.44550576655
 21
38011.48602064698
 31
0.0
1001
REVIT
1002
{
1070
     1
1000
1462892
1002
}
1002
{
1070
     5
1000
1378895
1002
}
1002
{
1070
     2
1000
-2000035
1002
}
  0
LINE
  5
28A
330
70
100
AcDbEntity
  8
A-ROOF
370
    35
100
AcDbLine
 10
30885.44550576655
 20
38011.48602064699
 30
0.0
 11
35765.4455065043
 21
38011.48602064699
 31
0.0
1001
REVIT
1002
{
1070
     1
1000
1462892
1002
}
1002
{
1070
     5
1000
1378895
1002
}
1002
{
1070
     2
1000
-2000035
1002
}
  0
LINE
  5
28B
330
70
100
AcDbEntity
  8
A-ROOF
370
    35
100
AcDbLine
 10
35950.4455065043
 20
38011.48602064699
 30
0.0
 11
39560.44550574212
 21
38011.48602064699
 31
0.0
1001
REVIT
1002
{
1070
     1
1000
1462892
1002
}
1002
{
1070
     5
1000
1378895
1002
}
1002
{
1070
     2
1000
-2000035
1002
}
  0
LINE
  5
28C
330
70
100
AcDbEntity
  8
A-ROOF
370
    35
100
AcDbLine
 10
39560.44550574212
 20
38011.48602064699
 30
0.0
 11
39560.44550574212
 21
38213.2538079932
 31
0.0
1001
REVIT
1002
{
1070
     1
1000
1462892
1002
}
1002
{
1070
     5
1000
1378895
1002
}
1002
{
1070
     2
1000
-2000035
1002
}
  0
LINE
  5
28D
330
70
100
AcDbEntity
  8
A-ROOF
370
    35
100
AcDbLine
 10
39560.44550574212
 20
38213.2538079932
 30
0.0
 11
30100.44550576652
 21
38213.2538079932
 31
0.0
1001
REVIT
1002
{
1070
     1
1000
1462892
1002
}
1002
{
1070
     5
1000
1378895
1002
}
1002
{
1070
     2
1000
-2000035
1002
}
  0
LINE
  5
28E
330
70
100
AcDbEntity
  8
A-ROOF
370
    35
100
AcDbLine
 10
30100.44550576652
 20
38213.2538079932
 30
0.0
 11
30100.44550576652
 21
38011.48602064698
 31
0.0
1001
REVIT
1002
{
1070
     1
1000
1462892
1002
}
1002
{
1070
     5
1000
1378895
1002
}
1002
{
1070
     2
1000
-2000035
1002
}
  0
LINE
  5
28F
330
70
100
AcDbEntity
  8
A-ROOF
100
AcDbLine
 10
30100.44550576652
 20
38212.24998815567
 30
0.0
 11
39560.44550574212
 21
38212.24998815567
 31
0.0
1001
REVIT
1002
{
1070
     1
1000
1462892
1002
}
1002
{
1070
     5
1000
1378895
1002
}
1002
{
1070
     2
1000
-2000035
1002
}
1002
{
1070
     3
1000
-2000596
1002
}
  0
LINE
  5
290
330
70
100
AcDbEntity
  8
A-ROOF
100
AcDbLine
 10
30100.44550576652
 20
38111.86800440133
 30
0.0
 11
39560.44550574212
 21
38111.86800440133
 31
0.0
1001
REVIT
1002
{
1070
     1
1000
1462892
1002
}
1002
{
1070
     5
1000
1378895
1002
}
1002
{
1070
     2
1000
-2000035
1002
}
1002
{
1070
     3
1000
-2000596
1002
}
  0
LINE
  5
291
330
70
100
AcDbEntity
  8
A-ROOF
100
AcDbLine
 10
30100.44550576652
 20
38011.48602064698
 30
0.0
 11
30100.44550576652
 21
37891.53219551027
 31
0.0
1001
REVIT
1002
{
1070
     1
1000
1462892
1002
}
1002
{
1070
     5
1000
1378895
1002
}
1002
{
1070
     2
1000
-2000035
1002
}
  0
LINE
  5
292
330
70
100
AcDbEntity
  8
A-ROOF
100
AcDbLine
 10
39560.44550574212
 20
37891.53219551027
 30
0.0
 11
39560.44550574212
 21
38011.48602064699
 31
0.0
1001
REVIT
1002
{
1070
     1
1000
1462892
1002
}
1002
{
1070
     5
1000
1378895
1002
}
1002
{
1070
     2
1000
-2000035
1002
}
  0
LINE
  5
293
330
70
100
AcDbEntity
  8
A-ROOF
100
AcDbLine
 10
30100.44550576652
 20
37891.53219551027
 30
0.0
 11
30700.44550576655
 21
37891.53219551027
 31
0.0
1001
REVIT
1002
{
1070
     1
1000
1462892
1002
}
1002
{
1070
     5
1000
1378895
1002
}
1002
{
1070
     2
1000
-2000035
1002
}
  0
LINE
  5
294
330
70
100
AcDbEntity
  8
A-ROOF
100
AcDbLine
 10
35950.4455065043
 20
37891.53219551027
 30
0.0
 11
38775.44550574214
 21
37891.53219551027
 31
0.0
1001
REVIT
1002
{
1070
     1
1000
1462892
1002
}
1002
{
1070
     5
1000
1378895
1002
}
1002
{
1070
     2
1000
-2000035
1002
}
  0
LINE
  5
295
330
70
100
AcDbEntity
  8
A-ROOF
100
AcDbLine
 10
38865.44550574214
 20
37891.53219551027
 30
0.0
 11
38960.97524402739
 21
37891.53219551027
 31
0.0
1001
REVIT
1002
{
1070
     1
1000
1462892
1002
}
1002
{
1070
     5
1000
1378895
1002
}
1002
{
1070
     2
1000
-2000035
1002
}
  0
LINE
  5
296
330
70
100
AcDbEntity
  8
A-ROOF
100
AcDbLine
 10
39040.97524402738
 20
37891.53219551027
 30
0.0
 11
39560.44550574212
 21
37891.53219551027
 31
0.0
1001
REVIT
1002
{
1070
     1
1000
1462892
1002
}
1002
{
1070
     5
1000
1378895
1002
}
1002
{
1070
     2
1000
-2000035
1002
}
  0
LINE
  5
297
330
70
100
AcDbEntity
  8
A-WALL
100
AcDbLine
 10
30305.44550602785
 20
31890.0
 30
0.0
 11
30305.44550527015
 21
30047.77495614623
 31
0.0
1001
REVIT
1002
{
1070
     1
1000
1480378
1002
}
1002
{
1070
     5
1000
1220569
1002
}
1002
{
1070
     2
1000
-2000011
1002
}
  0
LINE
  5
298
330
70
100
AcDbEntity
  8
A-WALL
100
AcDbLine
 10
28495.44550527015
 20
30047.77495614623
 30
0.0
 11
28495.44550602785
 21
31890.0
 31
0.0
1001
REVIT
1002
{
1070
     1
1000
1480378
1002
}
1002
{
1070
     5
1000
1220569
1002
}
1002
{
1070
     2
1000
-2000011
1002
}
  0
LINE
  5
29A
330
70
100
AcDbEntity
  8
A-WALL
100
AcDbLine
 10
28495.44550602785
 20
30090.0
 30
0.0
 11
30305.44550602785
 21
30090.0
 31
0.0
1001
REVIT
1002
{
1070
     1
1000
1480378
1002
}
1002
{
1070
     5
1000
1220569
1002
}
1002
{
1070
     2
1000
-2000011
1002
}
  0
LINE
  5
29B
330
70
100
AcDbEntity
  8
I-WALL
370
    25
100
AcDbLine
 10
36125.44550645956
 20
31890.0
 30
0.0
 11
36125.44550645956
 21
28890.0
 31
0.0
1001
REVIT
1002
{
1070
     1
1000
1480737
1002
}
1002
{
1070
     5
1000
2338323
1002
}
1002
{
1070
     2
1000
-2000011
1002
}
  0
LINE
  5
29C
330
70
100
AcDbEntity
  8
I-WALL
370
    25
100
AcDbLine
 10
36215.44550645955
 20
29810.0
 30
0.0
 11
36215.44550645956
 21
31890.0
 31
0.0
1001
REVIT
1002
{
1070
     1
1000
1480737
1002
}
1002
{
1070
     5
1000
2338323
1002
}
1002
{
1070
     2
1000
-2000011
1002
}
  0
LINE
  5
29D
330
70
100
AcDbEntity
  8
I-WALL
370
    25
100
AcDbLine
 10
36215.44550645956
 20
31890.0
 30
0.0
 11
36125.44550645956
 21
31890.0
 31
0.0
1001
REVIT
1002
{
1070
     1
1000
1480737
1002
}
1002
{
1070
     5
1000
2338323
1002
}
1002
{
1070
     2
1000
-2000011
1002
}
  0
HATCH
  5
2A2
330
70
100
AcDbEntity
  8
A-WALL-PATT
370
     9
100
AcDbHatch
 10
0.0
 20
0.0
 30
0.0
210
0.0
220
0.0
230
1.0
  2
FP_4
 70
     0
 71
     0
 91
        1
 92
        1
 93
        4
 72
     1
 10
39655.44550649941
 20
31890.00000000001
 11
39655.44550649941
 21
32590.00000000002
 72
     1
 10
39655.44550649941
 20
32590.00000000002
 11
39580.44550649941
 21
32590.00000000002
 72
     1
 10
39580.44550649941
 20
32590.00000000002
 11
39580.44550649941
 21
31890.00000000001
 72
     1
 10
39580.44550649941
 20
31890.00000000001
 11
39655.44550649941
 21
31890.00000000001
 97
        0
 75
     0
 76
     2
 52
135.0
 41
1.0
 77
     0
 78
     2
 53
135.0
 43
39655.44560744692
 44
32239.99982258084
 45
-70.71067811865476
 46
-70.71067811865474
 79
     0
 53
225.0
 43
39655.44560744692
 44
32239.99982258084
 45
70.71067811865476
 46
-70.71067811865474
 79
     0
 98
        1
 10
0.0
 20
0.0
1001
REVIT
1002
{
1070
     1
1000
1494906
1002
}
1002
{
1070
     5
1000
2345580
1002
}
1002
{
1070
     4
1000
24
1002
}
1002
{
1070
     2
1000
-2000011
1002
}
1002
{
1070
     3
1000
-2000588
1002
}
  0
LINE
  5
2A3
330
70
100
AcDbEntity
  8
A-WALL
370
    25
100
AcDbLine
 10
39655.44550649941
 20
31890.0
 30
0.0
 11
39655.44550649941
 21
32590.00000000001
 31
0.0
1001
REVIT
1002
{
1070
     1
1000
1494906
1002
}
1002
{
1070
     5
1000
2345580
1002
}
1002
{
1070
     2
1000
-2000011
1002
}
  0
LINE
  5
2A4
330
70
100
AcDbEntity
  8
A-WALL
370
    25
100
AcDbLine
 10
39655.44550649941
 20
32590.00000000001
 30
0.0
 11
39580.44550649941
 21
32590.00000000001
 31
0.0
1001
REVIT
1002
{
1070
     1
1000
1494906
1002
}
1002
{
1070
     5
1000
2345580
1002
}
1002
{
1070
     2
1000
-2000011
1002
}
  0
LINE
  5
2A6
330
70
100
AcDbEntity
  8
A-WALL
370
    25
100
AcDbLine
 10
39580.44550649941
 20
31890.0
 30
0.0
 11
39655.44550649941
 21
31890.0
 31
0.0
1001
REVIT
1002
{
1070
     1
1000
1494906
1002
}
1002
{
1070
     5
1000
2345580
1002
}
1002
{
1070
     2
1000
-2000011
1002
}
  0
LINE
  5
2A7
330
70
100
AcDbEntity
  8
A-WALL
100
AcDbLine
 10
27900.44550635082
 20
31890.0
 30
0.0
 11
27900.44550635082
 21
32590.00000000001
 31
0.0
1001
REVIT
1002
{
1070
     1
1000
1495033
1002
}
1002
{
1070
     5
1000
2345580
1002
}
1002
{
1070
     2
1000
-2000011
1002
}
  0
LINE
  5
2A8
330
70
100
AcDbEntity
  8
A-WALL
100
AcDbLine
 10
27975.44550635082
 20
31890.0
 30
0.0
 11
27900.44550635082
 21
31890.0
 31
0.0
1001
REVIT
1002
{
1070
     1
1000
1495033
1002
}
1002
{
1070
     5
1000
2345580
1002
}
1002
{
1070
     2
1000
-2000011
1002
}
  0
LINE
  5
2A9
330
70
100
AcDbEntity
  8
A-WALL
100
AcDbLine
 10
27975.44550635082
 20
32590.00000000001
 30
0.0
 11
27900.44550635082
 21
32590.00000000001
 31
0.0
1001
REVIT
1002
{
1070
     1
1000
1495033
1002
}
1002
{
1070
     5
1000
2345580
1002
}
1002
{
1070
     2
1000
-2000011
1002
}
  0
INSERT
  5
2B1
330
70
100
AcDbEntity
  8
A-GLAZ
100
AcDbBlockReference
  2
F_AA 0606 - 1509_1 PANEL_ - F3718-2099822-SECTION B-B
 10
0.0
 20
0.0
 30
0.0
1001
REVIT
1002
{
1070
     1
1000
1495634
1002
}
1002
{
1070
     5
1000
1779118
1002
}
1002
{
1070
     2
1000
-2000014
1002
}
1002
{
1070
     3
1000
-2000016
1002
}
  0
LINE
  5
2B2
330
70
100
AcDbEntity
  8
A-ROOF
370
    35
100
AcDbLine
 10
40180.44550649942
 20
36232.91616729546
 30
0.0
 11
40180.44550649942
 21
36434.68395464168
 31
0.0
1001
REVIT
1002
{
1070
     1
1000
1532125
1002
}
1002
{
1070
     5
1000
1378895
1002
}
1002
{
1070
     2
1000
-2000035
1002
}
  0
LINE
  5
2B3
330
70
100
AcDbEntity
  8
A-ROOF
370
    35
100
AcDbLine
 10
40180.44550649942
 20
36434.68395464168
 30
0.0
 11
39040.78120457252
 21
36434.68395464168
 31
0.0
1001
REVIT
1002
{
1070
     1
1000
1532125
1002
}
1002
{
1070
     5
1000
1378895
1002
}
1002
{
1070
     2
1000
-2000035
1002
}
  0
LINE
  5
2B4
330
70
100
AcDbEntity
  8
A-ROOF
370
    35
100
AcDbLine
 10
38960.44550574213
 20
36434.68395464168
 30
0.0
 11
38960.44550574213
 21
36428.01616285498
 31
0.0
1001
REVIT
1002
{
1070
     1
1000
1532125
1002
}
1002
{
1070
     5
1000
1378895
1002
}
1002
{
1070
     2
1000
-2000035
1002
}
  0
LINE
  5
2B5
330
70
100
AcDbEntity
  8
A-ROOF
370
    35
100
AcDbLine
 10
38960.44550574213
 20
36235.0
 30
0.0
 11
38960.44550574213
 21
36232.91616729546
 31
0.0
1001
REVIT
1002
{
1070
     1
1000
1532125
1002
}
1002
{
1070
     5
1000
1378895
1002
}
1002
{
1070
     2
1000
-2000035
1002
}
  0
LINE
  5
2B6
330
70
100
AcDbEntity
  8
A-ROOF
370
    35
100
AcDbLine
 10
39040.9752440274
 20
36232.91616729546
 30
0.0
 11
39310.44550649941
 21
36232.91616729546
 31
0.0
1001
REVIT
1002
{
1070
     1
1000
1532125
1002
}
1002
{
1070
     5
1000
1378895
1002
}
1002
{
1070
     2
1000
-2000035
1002
}
  0
LINE
  5
2B7
330
70
100
AcDbEntity
  8
A-ROOF
370
    35
100
AcDbLine
 10
39580.44550649941
 20
36232.91616729546
 30
0.0
 11
40180.44550649942
 21
36232.91616729546
 31
0.0
1001
REVIT
1002
{
1070
     1
1000
1532125
1002
}
1002
{
1070
     5
1000
1378895
1002
}
1002
{
1070
     2
1000
-2000035
1002
}
  0
LINE
  5
2B8
330
70
100
AcDbEntity
  8
A-ROOF
100
AcDbLine
 10
39040.77951546973
 20
36433.68013480414
 30
0.0
 11
40180.44550649942
 21
36433.68013480414
 31
0.0
1001
REVIT
1002
{
1070
     1
1000
1532125
1002
}
1002
{
1070
     5
1000
1378895
1002
}
1002
{
1070
     2
1000
-2000035
1002
}
1002
{
1070
     3
1000
-2000596
1002
}
  0
LINE
  5
2B9
330
70
100
AcDbEntity
  8
A-ROOF
100
AcDbLine
 10
39166.29619649057
 20
36333.2981510498
 30
0.0
 11
40180.44550649942
 21
36333.2981510498
 31
0.0
1001
REVIT
1002
{
1070
     1
1000
1532125
1002
}
1002
{
1070
     5
1000
1378895
1002
}
1002
{
1070
     2
1000
-2000035
1002
}
1002
{
1070
     3
1000
-2000596
1002
}
  0
LINE
  5
2BA
330
70
100
AcDbEntity
  8
A-ROOF
100
AcDbLine
 10
27375.44550635079
 20
35473.85765510865
 30
0.0
 11
27975.44550635081
 21
35473.85765510865
 31
0.0
1001
REVIT
1002
{
1070
     1
1000
1532125
1002
}
1002
{
1070
     5
1000
1378895
1002
}
1002
{
1070
     2
1000
-2000035
1002
}
  0
LINE
  5
2BB
330
70
100
AcDbEntity
  8
A-ROOF
100
AcDbLine
 10
40180.44550649942
 20
36232.91616729546
 30
0.0
 11
40180.44550649938
 21
35211.39166468664
 31
0.0
1001
REVIT
1002
{
1070
     1
1000
1532125
1002
}
1002
{
1070
     5
1000
1378895
1002
}
1002
{
1070
     2
1000
-2000035
1002
}
  0
LINE
  5
2BC
330
70
100
AcDbEntity
  8
A-ROOF
100
AcDbLine
 10
27375.44550635081
 20
36169.39253013342
 30
0.0
 11
27975.44550635082
 21
36169.39253013342
 31
0.0
1001
REVIT
1002
{
1070
     1
1000
1532125
1002
}
1002
{
1070
     5
1000
1378895
1002
}
1002
{
1070
     2
1000
-2000035
1002
}
  0
LINE
  5
2BD
330
70
100
AcDbEntity
  8
A-ROOF
100
AcDbLine
 10
27375.44550635079
 20
35473.85765510865
 30
0.0
 11
27375.44550635081
 21
36371.16031747964
 31
0.0
1001
REVIT
1002
{
1070
     1
1000
1532125
1002
}
1002
{
1070
     5
1000
1378895
1002
}
1002
{
1070
     2
1000
-2000035
1002
}
  0
LINE
  5
2BF
330
70
100
AcDbEntity
  8
A-ROOF
100
AcDbLine
 10
30700.44550576654
 20
36371.16031747964
 30
0.0
 11
27375.44550635081
 21
36371.16031747964
 31
0.0
1001
REVIT
1002
{
1070
     1
1000
1532125
1002
}
1002
{
1070
     5
1000
1378895
1002
}
1002
{
1070
     2
1000
-2000035
1002
}
  0
LINE
  5
2C0
330
70
100
AcDbEntity
  8
A-ROOF
100
AcDbLine
 10
39580.44550649941
 20
35211.39166468664
 30
0.0
 11
40180.44550649938
 21
35211.39166468664
 31
0.0
1001
REVIT
1002
{
1070
     1
1000
1532125
1002
}
1002
{
1070
     5
1000
1378895
1002
}
1002
{
1070
     2
1000
-2000035
1002
}
  0
LINE
  5
2C1
330
70
100
AcDbEntity
  8
A-WALL
100
AcDbLine
 10
27975.44550635083
 20
29421.8166496073
 30
0.0
 11
27975.44550635082
 21
36169.39253013342
 31
0.0
1001
REVIT
1002
{
1070
     1
1000
1533242
1002
}
1002
{
1070
     5
1000
1220569
1002
}
1002
{
1070
     2
1000
-2000011
1002
}
  0
INSERT
  5
2D6
330
70
100
AcDbEntity
  8
A-DOOR
  6
Elevation Swings
100
AcDbBlockReference
  2
Cavity slider - 1470CSD-2600546-SECTION B-B
 10
0.0
 20
0.0
 30
0.0
1001
REVIT
1002
{
1070
     1
1000
1544565
1002
}
1002
{
1070
     5
1000
1544562
1002
}
1002
{
1070
     2
1000
-2000023
1002
}
1002
{
1070
     3
1000
1952
1002
}
  0
INSERT
  5
2E8
330
70
100
AcDbEntity
  8
A-GLAZ
100
AcDbBlockReference
  2
FIXED MOULDING ON AND OFF - A0616-2008254-SECTION B-B
 10
0.0
 20
0.0
 30
0.0
1001
REVIT
1002
{
1070
     1
1000
1636637
1002
}
1002
{
1070
     5
1000
1670368
1002
}
1002
{
1070
     2
1000
-2000014
1002
}
  0
LINE
  5
2E9
330
70
100
AcDbEntity
  8
A-WALL
100
AcDbLine
 10
29810.44550635082
 20
33340.0
 30
0.0
 11
28810.44550635081
 21
33340.0
 31
0.0
1001
REVIT
1002
{
1070
     1
1000
1638849
1002
}
1002
{
1070
     5
1000
1220569
1002
}
1002
{
1070
     2
1000
-2000011
1002
}
  0
LINE
  5
2EA
330
70
100
AcDbEntity
  8
A-WALL
100
AcDbLine
 10
28810.44550635081
 20
33340.0
 30
0.0
 11
28810.44550635081
 21
34710.0
 31
0.0
1001
REVIT
1002
{
1070
     1
1000
1638849
1002
}
1002
{
1070
     5
1000
1220569
1002
}
1002
{
1070
     2
1000
-2000011
1002
}
  0
LINE
  5
2EB
330
70
100
AcDbEntity
  8
A-WALL
100
AcDbLine
 10
28810.44550635081
 20
34710.0
 30
0.0
 11
29810.44550635082
 21
34710.0
 31
0.0
1001
REVIT
1002
{
1070
     1
1000
1638849
1002
}
1002
{
1070
     5
1000
1220569
1002
}
1002
{
1070
     2
1000
-2000011
1002
}
  0
LINE
  5
2EC
330
70
100
AcDbEntity
  8
A-WALL
100
AcDbLine
 10
29810.44550635081
 20
34710.0
 30
0.0
 11
29810.44550635081
 21
33340.0
 31
0.0
1001
REVIT
1002
{
1070
     1
1000
1638849
1002
}
1002
{
1070
     5
1000
1220569
1002
}
1002
{
1070
     2
1000
-2000011
1002
}
  0
LINE
  5
2ED
330
70
100
AcDbEntity
  8
A-WALL
100
AcDbLine
 10
30700.44550576654
 20
36169.39253013342
 30
0.0
 11
27975.44550635082
 21
36169.39253013342
 31
0.0
1001
REVIT
1002
{
1070
     1
1000
1638849
1002
}
1002
{
1070
     5
1000
1220569
1002
}
1002
{
1070
     2
1000
-2000011
1002
}
  0
LINE
  5
2EE
330
70
100
AcDbEntity
  8
A-WALL
100
AcDbLine
 10
28495.44550602785
 20
31890.0
 30
0.0
 11
30305.44550602785
 21
31890.0
 31
0.0
1001
REVIT
1002
{
1070
     1
1000
1638849
1002
}
1002
{
1070
     5
1000
1220569
1002
}
1002
{
1070
     2
1000
-2000011
1002
}
  0
HATCH
  5
2F6
330
70
100
AcDbEntity
  8
A-FLOR-PATT
370
     9
100
AcDbHatch
 10
0.0
 20
0.0
 30
0.0
210
0.0
220
0.0
230
1.0
  2
FP_5
 70
     0
 71
     0
 91
        1
 92
        1
 93
        6
 72
     1
 10
38129.86878458088
 20
35240.00000000001
 11
38955.44550574211
 21
35240.00000000001
 72
     1
 10
38955.44550574211
 20
35240.00000000001
 11
38955.44550574211
 21
35390.00000000002
 72
     1
 10
38955.44550574211
 20
35390.00000000002
 11
35855.4455065043
 21
35390.00000000002
 72
     1
 10
35855.4455065043
 20
35390.00000000002
 11
35855.4455065043
 21
35240.00000000001
 72
     1
 10
35855.4455065043
 20
35240.00000000001
 11
37593.32764863006
 21
35240.00000000001
 72
     1
 10
37593.32764863006
 20
35240.00000000001
 11
38129.86878458088
 21
35240.00000000001
 97
        0
 75
     0
 76
     2
 52
0.0
 41
1.0
 77
     0
 78
    17
 53
49.99999999999999
 43
33535.311
 44
19353.85
 45
582.9890969798607
 46
-51.00509307516802
 79
     2
 49
60.96
 49
-670.56
 53
355.0
 43
33535.311
 44
19353.85
 45
-112.7767293253219
 46
611.3816312972472
 79
     2
 49
48.768
 49
-536.448
 53
100.451
 43
33583.894
 44
19349.6
 45
470.2160778888968
 46
560.3730076607749
 79
     2
 49
51.808
 49
-569.888
 53
46.184
 43
33535.311
 44
19516.41
 45
867.4527089478838
 46
-134.5367748274727
 79
     2
 49
91.44
 49
-1005.84
 53
96.636
 43
33607.599
 44
19505.199
 45
759.6879071721903
 46
791.7680757907189
 79
     2
 49
77.712
 49
-854.832
 53
351.184
 43
33535.311
 44
19516.41
 45
759.6960163844116
 46
791.7607861511301
 79
     2
 49
73.152
 49
-804.672
 53
21.0
 43
33616.591
 44
19475.77
 45
485.1659934615853
 46
-327.2487822825823
 79
     2
 49
60.96
 49
-670.56
 53
325.9999999999999
 43
33616.591
 44
19475.77
 45
197.7669465201526
 46
589.4016666324376
 79
     2
 49
48.768
 49
-536.448
 53
71.45100000000001
 43
33657.02200000001
 44
19448.499
 45
682.9344733757403
 46
262.1479976940511
 79
     2
 49
51.808
 49
-569.888
 53
37.5
 43
33535.311
 44
19353.85
 45
9.883035223681148
 46
270.5760469438628
 79
     5
 49
26.822
 49
-503.123
 49
26.822
 49
-517.754
 49
-538.48
 53
37.5
 43
33535.311
 44
19353.85
 45
9.883035223681148
 46
270.5760469438628
 79
     3
 49
-1074.522
 49
26.822
 49
-511.658
 53
7.5
 43
33535.311
 44
19353.85
 45
213.8224524709532
 46
320.5780199332246
 79
     5
 49
26.822
 49
-283.667
 49
26.822
 49
-490.931
 49
-205.232
 53
7.5
 43
33535.311
 44
19353.85
 45
213.8224524709532
 46
320.5780199332246
 79
     3
 49
-828.243
 49
26.822
 49
-178.41
 53
327.5
 43
33354.057
 44
19353.85
 45
433.8910025716608
 46
-18.33249059345368
 79
     5
 49
26.822
 49
-176.378
 49
26.822
 49
-607.1619999999999
 49
-841.248
 53
327.5
 43
33354.057
 44
19353.85
 45
433.8910025716608
 46
-18.33249059345368
 79
     3
 49
-837.184
 49
26.822
 49
-814.426
 53
317.5
 43
33272.777
 44
19353.85
 45
474.0138619252369
 46
81.36541517575179
 79
     5
 49
26.822
 49
-237.338
 49
26.822
 49
-394.208
 49
-597.408
 53
317.5
 43
33272.777
 44
19353.85
 45
474.0138619252369
 46
81.36541517575179
 79
     3
 49
-685.19
 49
26.822
 49
-570.586
 98
        1
 10
0.0
 20
0.0
1001
REVIT
1002
{
1070
     1
1000
1648572
1002
}
1002
{
1070
     5
1000
2174665
1002
}
1002
{
1070
     4
1000
758
1002
}
1002
{
1070
     2
1000
-2000032
1002
}
1002
{
1070
     3
1000
-2000608
1002
}
  0
LINE
  5
2F7
330
70
100
AcDbEntity
  8
A-FLOR
370
    35
100
AcDbLine
 10
35855.4455065043
 20
35240.0
 30
0.0
 11
38955.4455057421
 21
35240.0
 31
0.0
1001
REVIT
1002
{
1070
     1
1000
1648572
1002
}
1002
{
1070
     5
1000
2174665
1002
}
1002
{
1070
     2
1000
-2000032
1002
}
  0
LINE
  5
2F8
330
70
100
AcDbEntity
  8
A-FLOR
370
    35
100
AcDbLine
 10
38775.44550574213
 20
35390.0
 30
0.0
 11
35855.4455065043
 21
35390.0
 31
0.0
1001
REVIT
1002
{
1070
     1
1000
1648572
1002
}
1002
{
1070
     5
1000
2174665
1002
}
1002
{
1070
     2
1000
-2000032
1002
}
  0
LINE
  5
2F9
330
70
100
AcDbEntity
  8
A-FLOR
370
    35
100
AcDbLine
 10
35855.4455065043
 20
35390.0
 30
0.0
 11
35855.4455065043
 21
35240.0
 31
0.0
1001
REVIT
1002
{
1070
     1
1000
1648572
1002
}
1002
{
1070
     5
1000
2174665
1002
}
1002
{
1070
     2
1000
-2000032
1002
}
  0
LINE
  5
2FA
330
70
100
AcDbEntity
  8
A-WALL
100
AcDbLine
 10
35950.4455065043
 20
35540.0
 30
0.0
 11
38775.44550574212
 21
35540.0
 31
0.0
1001
REVIT
1002
{
1070
     1
1000
1650078
1002
}
1002
{
1070
     5
1000
1602992
1002
}
1002
{
1070
     2
1000
-2000011
1002
}
  0
LINE
  5
2FB
330
70
100
AcDbEntity
  8
A-WALL
100
AcDbLine
 10
38775.44550574212
 20
36590.0
 30
0.0
 11
35950.4455065043
 21
36590.0
 31
0.0
1001
REVIT
1002
{
1070
     1
1000
1650078
1002
}
1002
{
1070
     5
1000
1602992
1002
}
1002
{
1070
     2
1000
-2000011
1002
}
  0
HATCH
  5
306
330
70
100
AcDbEntity
  8
A-WALL-PATT
370
     9
100
AcDbHatch
 10
0.0
 20
0.0
 30
0.0
210
0.0
220
0.0
230
1.0
  2
FP_6
 70
     0
 71
     0
 91
        1
 92
        1
 93
       10
 72
     1
 10
38955.44550574211
 20
35454.00000000002
 11
38955.44550574211
 21
36225.04218757815
 72
     1
 10
38955.44550574211
 20
36225.04218757815
 11
38960.44550574212
 21
36225.04218757815
 72
     1
 10
38960.44550574212
 20
36225.04218757815
 11
38960.44550574212
 21
36235.00000000002
 72
     1
 10
38960.44550574212
 20
36235.00000000002
 11
38955.44550574211
 21
36235.00000000002
 72
     1
 10
38955.44550574211
 20
36235.00000000002
 11
38955.44550574211
 21
36428.01616285499
 72
     1
 10
38955.44550574211
 20
36428.01616285499
 11
38960.44550574212
 21
36428.01616285499
 72
     1
 10
38960.44550574212
 20
36428.01616285499
 11
38960.44550574212
 21
36590.00000000002
 72
     1
 10
38960.44550574212
 20
36590.00000000002
 11
38885.44550574213
 21
36590.00000000002
 72
     1
 10
38885.44550574213
 20
36590.00000000002
 11
38885.44550574213
 21
35454.00000000002
 72
     1
 10
38885.44550574213
 20
35454.00000000002
 11
38955.44550574211
 21
35454.00000000002
 97
        0
 75
     0
 76
     2
 52
135.0
 41
1.0
 77
     0
 78
     2
 53
135.0
 43
38960.44590856785
 44
36022.00003973683
 45
-70.71067811865476
 46
-70.71067811865474
 79
     0
 53
225.0
 43
38960.44590856785
 44
36022.00003973683
 45
70.71067811865476
 46
-70.71067811865474
 79
     0
 98
        1
 10
0.0
 20
0.0
1001
REVIT
1002
{
1070
     1
1000
1650335
1002
}
1002
{
1070
     5
1000
1602992
1002
}
1002
{
1070
     2
1000
-2000011
1002
}
1002
{
1070
     3
1000
-2000588
1002
}
  0
LINE
  5
307
330
70
100
AcDbEntity
  8
A-WALL
370
    25
100
AcDbLine
 10
38775.44550574212
 20
36590.0
 30
0.0
 11
38775.44550574213
 21
35540.0
 31
0.0
1001
REVIT
1002
{
1070
     1
1000
1650335
1002
}
1002
{
1070
     5
1000
1602992
1002
}
1002
{
1070
     2
1000
-2000011
1002
}
  0
LINE
  5
308
330
70
100
AcDbEntity
  8
A-WALL
370
    25
100
AcDbLine
 10
38775.44550574212
 20
35454.0
 30
0.0
 11
38955.44550574211
 21
35454.0
 31
0.0
1001
REVIT
1002
{
1070
     1
1000
1650335
1002
}
1002
{
1070
     5
1000
1602992
1002
}
1002
{
1070
     2
1000
-2000011
1002
}
  0
LINE
  5
309
330
70
100
AcDbEntity
  8
A-WALL
370
    25
100
AcDbLine
 10
38960.44550574212
 20
36225.04218757813
 30
0.0
 11
38960.44550574213
 21
36232.91616729546
 31
0.0
1001
REVIT
1002
{
1070
     1
1000
1650335
1002
}
1002
{
1070
     5
1000
1602992
1002
}
1002
{
1070
     2
1000
-2000011
1002
}
  0
LINE
  5
30A
330
70
100
AcDbEntity
  8
A-WALL
370
    25
100
AcDbLine
 10
38960.44550574213
 20
36434.68395464168
 30
0.0
 11
38960.44550574212
 21
36590.0
 31
0.0
1001
REVIT
1002
{
1070
     1
1000
1650335
1002
}
1002
{
1070
     5
1000
1602992
1002
}
1002
{
1070
     2
1000
-2000011
1002
}
  0
LINE
  5
30B
330
70
100
AcDbEntity
  8
A-WALL
370
    25
100
AcDbLine
 10
38960.44550574212
 20
36590.0
 30
0.0
 11
38775.44550574212
 21
36590.0
 31
0.0
1001
REVIT
1002
{
1070
     1
1000
1650335
1002
}
1002
{
1070
     5
1000
1602992
1002
}
1002
{
1070
     2
1000
-2000011
1002
}
  0
LINE
  5
30C
330
70
100
AcDbEntity
  8
A-WALL
100
AcDbLine
 10
38865.44550574212
 20
36590.0
 30
0.0
 11
38865.44550574212
 21
35454.0
 31
0.0
1001
REVIT
1002
{
1070
     1
1000
1650335
1002
}
1002
{
1070
     5
1000
1602992
1002
}
1002
{
1070
     2
1000
-2000011
1002
}
1002
{
1070
     3
1000
-2000586
1002
}
  0
LINE
  5
30D
330
70
100
AcDbEntity
  8
A-WALL
100
AcDbLine
 10
38885.44550574212
 20
36590.0
 30
0.0
 11
38885.44550574212
 21
35454.0
 31
0.0
1001
REVIT
1002
{
1070
     1
1000
1650335
1002
}
1002
{
1070
     5
1000
1602992
1002
}
1002
{
1070
     2
1000
-2000011
1002
}
1002
{
1070
     3
1000
-2000586
1002
}
  0
LINE
  5
30E
330
70
100
AcDbEntity
  8
A-COLS
100
AcDbLine
 10
38775.44550574214
 20
37935.71397060598
 30
0.0
 11
38865.44550574214
 21
37935.71397060598
 31
0.0
1001
REVIT
1002
{
1070
     1
1000
1651084
1002
}
1002
{
1070
     5
1000
1651081
1002
}
1002
{
1070
     2
1000
-2000100
1002
}
  0
LINE
  5
30F
330
70
100
AcDbEntity
  8
A-COLS
100
AcDbLine
 10
38775.44550574214
 20
36590.0
 30
0.0
 11
38775.44550574214
 21
37935.71397060598
 31
0.0
1001
REVIT
1002
{
1070
     1
1000
1651084
1002
}
1002
{
1070
     5
1000
1651081
1002
}
1002
{
1070
     2
1000
-2000100
1002
}
  0
LINE
  5
310
330
70
100
AcDbEntity
  8
A-COLS
100
AcDbLine
 10
38865.44550574213
 20
36590.0
 30
0.0
 11
38865.44550574213
 21
37935.71397060598
 31
0.0
1001
REVIT
1002
{
1070
     1
1000
1651084
1002
}
1002
{
1070
     5
1000
1651081
1002
}
1002
{
1070
     2
1000
-2000100
1002
}
  0
INSERT
  5
322
330
70
100
AcDbEntity
  8
A-GLAZ
100
AcDbBlockReference
  2
F_AA 0606 - 1509_1 PANEL_ - F3018-2099795-SECTION B-B
 10
0.0
 20
0.0
 30
0.0
1001
REVIT
1002
{
1070
     1
1000
1654288
1002
}
1002
{
1070
     5
1000
1779431
1002
}
1002
{
1070
     2
1000
-2000014
1002
}
1002
{
1070
     3
1000
-2000016
1002
}
  0
LINE
  5
323
330
70
100
AcDbEntity
  8
S-STRS
370
    25
100
AcDbLine
 10
32045.44550639288
 20
33939.0
 30
0.0
 11
30885.44550576655
 21
33939.0
 31
0.0
1001
REVIT
1002
{
1070
     1
1000
1681869
1002
}
1002
{
1070
     5
1000
204884
1002
}
1002
{
1070
     2
1000
-2000120
1002
}
  0
LINE
  5
324
330
70
100
AcDbEntity
  8
S-STRS
370
    25
100
AcDbLine
 10
30885.44550576655
 20
33939.0
 30
0.0
 11
30885.44550576655
 21
33739.00000000001
 31
0.0
1001
REVIT
1002
{
1070
     1
1000
1681869
1002
}
1002
{
1070
     5
1000
204884
1002
}
1002
{
1070
     2
1000
-2000120
1002
}
  0
LINE
  5
325
330
70
100
AcDbEntity
  8
S-STRS
370
    25
100
AcDbLine
 10
30885.44550576655
 20
33739.00000000001
 30
0.0
 11
31829.68009239933
 21
33739.00000000001
 31
0.0
1001
REVIT
1002
{
1070
     1
1000
1681869
1002
}
1002
{
1070
     5
1000
204884
1002
}
1002
{
1070
     2
1000
-2000120
1002
}
  0
LINE
  5
326
330
70
100
AcDbEntity
  8
S-STRS
370
    25
100
AcDbLine
 10
31829.68009239933
 20
33739.00000000001
 30
0.0
 11
32045.44550639288
 21
33600.91013504413
 31
0.0
1001
REVIT
1002
{
1070
     1
1000
1681869
1002
}
1002
{
1070
     5
1000
204884
1002
}
1002
{
1070
     2
1000
-2000120
1002
}
  0
LINE
  5
327
330
70
100
AcDbEntity
  8
S-STRS
370
    25
100
AcDbLine
 10
32045.44550639288
 20
33779.00000000001
 30
0.0
 11
32045.44550639288
 21
33939.0
 31
0.0
1001
REVIT
1002
{
1070
     1
1000
1681869
1002
}
1002
{
1070
     5
1000
204884
1002
}
1002
{
1070
     2
1000
-2000120
1002
}
  0
LINE
  5
328
330
70
100
AcDbEntity
  8
S-STRS
370
    25
100
AcDbLine
 10
32045.44550639288
 20
33940.0
 30
0.0
 11
30885.44550576655
 21
33940.0
 31
0.0
1001
REVIT
1002
{
1070
     1
1000
1681869
1002
}
1002
{
1070
     5
1000
204884
1002
}
1002
{
1070
     2
1000
-2000120
1002
}
1002
{
1070
     3
1000
-2000921
1002
}
  0
LINE
  5
329
330
70
100
AcDbEntity
  8
S-STRS
370
    25
100
AcDbLine
 10
30885.44550576655
 20
33940.0
 30
0.0
 11
30885.44550576655
 21
33939.0
 31
0.0
1001
REVIT
1002
{
1070
     1
1000
1681869
1002
}
1002
{
1070
     5
1000
204884
1002
}
1002
{
1070
     2
1000
-2000120
1002
}
1002
{
1070
     3
1000
-2000921
1002
}
  0
LINE
  5
32A
330
70
100
AcDbEntity
  8
S-STRS
370
    25
100
AcDbLine
 10
30885.44550576655
 20
33939.0
 30
0.0
 11
32045.44550639288
 21
33939.0
 31
0.0
1001
REVIT
1002
{
1070
     1
1000
1681869
1002
}
1002
{
1070
     5
1000
204884
1002
}
1002
{
1070
     2
1000
-2000120
1002
}
1002
{
1070
     3
1000
-2000921
1002
}
  0
LINE
  5
32B
330
70
100
AcDbEntity
  8
S-STRS
370
    25
100
AcDbLine
 10
32045.44550639288
 20
33939.0
 30
0.0
 11
32045.44550639288
 21
33940.0
 31
0.0
1001
REVIT
1002
{
1070
     1
1000
1681869
1002
}
1002
{
1070
     5
1000
204884
1002
}
1002
{
1070
     2
1000
-2000120
1002
}
1002
{
1070
     3
1000
-2000921
1002
}
  0
LINE
  5
32C
330
70
100
AcDbEntity
  8
S-STRS
370
    25
100
AcDbLine
 10
34295.44550639288
 20
32499.0
 30
0.0
 11
34045.44550639289
 21
32499.0
 31
0.0
1001
REVIT
1002
{
1070
     1
1000
1681869
1002
}
1002
{
1070
     5
1000
204884
1002
}
1002
{
1070
     2
1000
-2000120
1002
}
  0
LINE
  5
32D
330
70
100
AcDbEntity
  8
S-STRS
370
    25
100
AcDbLine
 10
34045.44550639289
 20
32499.0
 30
0.0
 11
34045.44550639289
 21
32659.00000000001
 31
0.0
1001
REVIT
1002
{
1070
     1
1000
1681869
1002
}
1002
{
1070
     5
1000
204884
1002
}
1002
{
1070
     2
1000
-2000120
1002
}
  0
LINE
  5
32E
330
70
100
AcDbEntity
  8
S-STRS
370
    25
100
AcDbLine
 10
34045.44550639289
 20
32659.00000000001
 30
0.0
 11
33795.44550639288
 21
32659.00000000001
 31
0.0
1001
REVIT
1002
{
1070
     1
1000
1681869
1002
}
1002
{
1070
     5
1000
204884
1002
}
1002
{
1070
     2
1000
-2000120
1002
}
  0
LINE
  5
32F
330
70
100
AcDbEntity
  8
S-STRS
370
    25
100
AcDbLine
 10
33795.44550639288
 20
32659.00000000001
 30
0.0
 11
33795.44550639288
 21
32819.0
 31
0.0
1001
REVIT
1002
{
1070
     1
1000
1681869
1002
}
1002
{
1070
     5
1000
204884
1002
}
1002
{
1070
     2
1000
-2000120
1002
}
  0
LINE
  5
330
330
70
100
AcDbEntity
  8
S-STRS
370
    25
100
AcDbLine
 10
33795.44550639288
 20
32819.0
 30
0.0
 11
33545.44550639289
 21
32819.0
 31
0.0
1001
REVIT
1002
{
1070
     1
1000
1681869
1002
}
1002
{
1070
     5
1000
204884
1002
}
1002
{
1070
     2
1000
-2000120
1002
}
  0
LINE
  5
331
330
70
100
AcDbEntity
  8
S-STRS
370
    25
100
AcDbLine
 10
33545.44550639289
 20
32819.0
 30
0.0
 11
33545.44550639289
 21
32979.00000000001
 31
0.0
1001
REVIT
1002
{
1070
     1
1000
1681869
1002
}
1002
{
1070
     5
1000
204884
1002
}
1002
{
1070
     2
1000
-2000120
1002
}
  0
LINE
  5
332
330
70
100
AcDbEntity
  8
S-STRS
370
    25
100
AcDbLine
 10
33545.44550639289
 20
32979.00000000001
 30
0.0
 11
33295.44550639289
 21
32979.00000000001
 31
0.0
1001
REVIT
1002
{
1070
     1
1000
1681869
1002
}
1002
{
1070
     5
1000
204884
1002
}
1002
{
1070
     2
1000
-2000120
1002
}
  0
LINE
  5
333
330
70
100
AcDbEntity
  8
S-STRS
370
    25
100
AcDbLine
 10
33295.44550639289
 20
32979.00000000001
 30
0.0
 11
33295.44550639289
 21
33139.0
 31
0.0
1001
REVIT
1002
{
1070
     1
1000
1681869
1002
}
1002
{
1070
     5
1000
204884
1002
}
1002
{
1070
     2
1000
-2000120
1002
}
  0
LINE
  5
334
330
70
100
AcDbEntity
  8
S-STRS
370
    25
100
AcDbLine
 10
33295.44550639289
 20
33139.0
 30
0.0
 11
33045.44550639288
 21
33139.0
 31
0.0
1001
REVIT
1002
{
1070
     1
1000
1681869
1002
}
1002
{
1070
     5
1000
204884
1002
}
1002
{
1070
     2
1000
-2000120
1002
}
  0
LINE
  5
335
330
70
100
AcDbEntity
  8
S-STRS
370
    25
100
AcDbLine
 10
33045.44550639288
 20
33139.0
 30
0.0
 11
33045.44550639288
 21
33299.0
 31
0.0
1001
REVIT
1002
{
1070
     1
1000
1681869
1002
}
1002
{
1070
     5
1000
204884
1002
}
1002
{
1070
     2
1000
-2000120
1002
}
  0
LINE
  5
336
330
70
100
AcDbEntity
  8
S-STRS
370
    25
100
AcDbLine
 10
33045.44550639288
 20
33299.0
 30
0.0
 11
32795.44550639289
 21
33299.0
 31
0.0
1001
REVIT
1002
{
1070
     1
1000
1681869
1002
}
1002
{
1070
     5
1000
204884
1002
}
1002
{
1070
     2
1000
-2000120
1002
}
  0
LINE
  5
337
330
70
100
AcDbEntity
  8
S-STRS
370
    25
100
AcDbLine
 10
32795.44550639289
 20
33299.0
 30
0.0
 11
32795.44550639289
 21
33459.00000000001
 31
0.0
1001
REVIT
1002
{
1070
     1
1000
1681869
1002
}
1002
{
1070
     5
1000
204884
1002
}
1002
{
1070
     2
1000
-2000120
1002
}
  0
LINE
  5
338
330
70
100
AcDbEntity
  8
S-STRS
370
    25
100
AcDbLine
 10
32795.44550639289
 20
33459.00000000001
 30
0.0
 11
32545.44550639288
 21
33459.00000000001
 31
0.0
1001
REVIT
1002
{
1070
     1
1000
1681869
1002
}
1002
{
1070
     5
1000
204884
1002
}
1002
{
1070
     2
1000
-2000120
1002
}
  0
LINE
  5
339
330
70
100
AcDbEntity
  8
S-STRS
370
    25
100
AcDbLine
 10
32545.44550639288
 20
33459.00000000001
 30
0.0
 11
32545.44550639288
 21
33619.0
 31
0.0
1001
REVIT
1002
{
1070
     1
1000
1681869
1002
}
1002
{
1070
     5
1000
204884
1002
}
1002
{
1070
     2
1000
-2000120
1002
}
  0
LINE
  5
33A
330
70
100
AcDbEntity
  8
S-STRS
370
    25
100
AcDbLine
 10
32545.44550639288
 20
33619.0
 30
0.0
 11
32295.44550639289
 21
33619.0
 31
0.0
1001
REVIT
1002
{
1070
     1
1000
1681869
1002
}
1002
{
1070
     5
1000
204884
1002
}
1002
{
1070
     2
1000
-2000120
1002
}
  0
LINE
  5
33B
330
70
100
AcDbEntity
  8
S-STRS
370
    25
100
AcDbLine
 10
32295.44550639289
 20
33619.0
 30
0.0
 11
32295.44550639289
 21
33779.00000000001
 31
0.0
1001
REVIT
1002
{
1070
     1
1000
1681869
1002
}
1002
{
1070
     5
1000
204884
1002
}
1002
{
1070
     2
1000
-2000120
1002
}
  0
LINE
  5
33C
330
70
100
AcDbEntity
  8
S-STRS
370
    25
100
AcDbLine
 10
32295.44550639289
 20
33779.00000000001
 30
0.0
 11
32045.44550639289
 21
33779.00000000001
 31
0.0
1001
REVIT
1002
{
1070
     1
1000
1681869
1002
}
1002
{
1070
     5
1000
204884
1002
}
1002
{
1070
     2
1000
-2000120
1002
}
  0
LINE
  5
33D
330
70
100
AcDbEntity
  8
S-STRS
370
    25
100
AcDbLine
 10
32045.44550639288
 20
33600.91013504413
 30
0.0
 11
34015.61759239933
 21
32340.00000000001
 31
0.0
1001
REVIT
1002
{
1070
     1
1000
1681869
1002
}
1002
{
1070
     5
1000
204884
1002
}
1002
{
1070
     2
1000
-2000120
1002
}
  0
LINE
  5
33E
330
70
100
AcDbEntity
  8
S-STRS
370
    25
100
AcDbLine
 10
34015.61759239933
 20
32340.00000000001
 30
0.0
 11
34295.44550576654
 21
32340.00000000001
 31
0.0
1001
REVIT
1002
{
1070
     1
1000
1681869
1002
}
1002
{
1070
     5
1000
204884
1002
}
1002
{
1070
     2
1000
-2000120
1002
}
  0
LINE
  5
33F
330
70
100
AcDbEntity
  8
S-STRS
370
    25
100
AcDbLine
 10
34295.44550639288
 20
32340.00000000001
 30
0.0
 11
34295.44550639288
 21
32499.0
 31
0.0
1001
REVIT
1002
{
1070
     1
1000
1681869
1002
}
1002
{
1070
     5
1000
204884
1002
}
1002
{
1070
     2
1000
-2000120
1002
}
  0
LINE
  5
340
330
70
100
AcDbEntity
  8
S-STRS
370
    25
100
AcDbLine
 10
34295.44550639288
 20
32500.0
 30
0.0
 11
34045.44550639288
 21
32500.0
 31
0.0
1001
REVIT
1002
{
1070
     1
1000
1681869
1002
}
1002
{
1070
     5
1000
204884
1002
}
1002
{
1070
     2
1000
-2000120
1002
}
1002
{
1070
     3
1000
-2000921
1002
}
  0
LINE
  5
341
330
70
100
AcDbEntity
  8
S-STRS
370
    25
100
AcDbLine
 10
34045.44550639288
 20
32500.0
 30
0.0
 11
34045.44550639288
 21
32499.0
 31
0.0
1001
REVIT
1002
{
1070
     1
1000
1681869
1002
}
1002
{
1070
     5
1000
204884
1002
}
1002
{
1070
     2
1000
-2000120
1002
}
1002
{
1070
     3
1000
-2000921
1002
}
  0
LINE
  5
342
330
70
100
AcDbEntity
  8
S-STRS
370
    25
100
AcDbLine
 10
34045.44550639288
 20
32499.0
 30
0.0
 11
34295.44550639288
 21
32499.0
 31
0.0
1001
REVIT
1002
{
1070
     1
1000
1681869
1002
}
1002
{
1070
     5
1000
204884
1002
}
1002
{
1070
     2
1000
-2000120
1002
}
1002
{
1070
     3
1000
-2000921
1002
}
  0
LINE
  5
343
330
70
100
AcDbEntity
  8
S-STRS
370
    25
100
AcDbLine
 10
34295.44550639288
 20
32499.0
 30
0.0
 11
34295.44550639288
 21
32500.0
 31
0.0
1001
REVIT
1002
{
1070
     1
1000
1681869
1002
}
1002
{
1070
     5
1000
204884
1002
}
1002
{
1070
     2
1000
-2000120
1002
}
1002
{
1070
     3
1000
-2000921
1002
}
  0
LINE
  5
344
330
70
100
AcDbEntity
  8
S-STRS
370
    25
100
AcDbLine
 10
34045.44550639288
 20
32660.00000000001
 30
0.0
 11
33795.44550639288
 21
32660.00000000001
 31
0.0
1001
REVIT
1002
{
1070
     1
1000
1681869
1002
}
1002
{
1070
     5
1000
204884
1002
}
1002
{
1070
     2
1000
-2000120
1002
}
1002
{
1070
     3
1000
-2000921
1002
}
  0
LINE
  5
345
330
70
100
AcDbEntity
  8
S-STRS
370
    25
100
AcDbLine
 10
33795.44550639288
 20
32660.00000000001
 30
0.0
 11
33795.44550639288
 21
32659.00000000001
 31
0.0
1001
REVIT
1002
{
1070
     1
1000
1681869
1002
}
1002
{
1070
     5
1000
204884
1002
}
1002
{
1070
     2
1000
-2000120
1002
}
1002
{
1070
     3
1000
-2000921
1002
}
  0
LINE
  5
346
330
70
100
AcDbEntity
  8
S-STRS
370
    25
100
AcDbLine
 10
33795.44550639288
 20
32659.00000000001
 30
0.0
 11
34045.44550639288
 21
32659.00000000001
 31
0.0
1001
REVIT
1002
{
1070
     1
1000
1681869
1002
}
1002
{
1070
     5
1000
204884
1002
}
1002
{
1070
     2
1000
-2000120
1002
}
1002
{
1070
     3
1000
-2000921
1002
}
  0
LINE
  5
347
330
70
100
AcDbEntity
  8
S-STRS
370
    25
100
AcDbLine
 10
34045.44550639288
 20
32659.00000000001
 30
0.0
 11
34045.44550639288
 21
32660.00000000001
 31
0.0
1001
REVIT
1002
{
1070
     1
1000
1681869
1002
}
1002
{
1070
     5
1000
204884
1002
}
1002
{
1070
     2
1000
-2000120
1002
}
1002
{
1070
     3
1000
-2000921
1002
}
  0
LINE
  5
348
330
70
100
AcDbEntity
  8
S-STRS
370
    25
100
AcDbLine
 10
33795.44550639288
 20
32820.0
 30
0.0
 11
33545.44550639288
 21
32820.0
 31
0.0
1001
REVIT
1002
{
1070
     1
1000
1681869
1002
}
1002
{
1070
     5
1000
204884
1002
}
1002
{
1070
     2
1000
-2000120
1002
}
1002
{
1070
     3
1000
-2000921
1002
}
  0
LINE
  5
349
330
70
100
AcDbEntity
  8
S-STRS
370
    25
100
AcDbLine
 10
33545.44550639288
 20
32820.0
 30
0.0
 11
33545.44550639288
 21
32819.0
 31
0.0
1001
REVIT
1002
{
1070
     1
1000
1681869
1002
}
1002
{
1070
     5
1000
204884
1002
}
1002
{
1070
     2
1000
-2000120
1002
}
1002
{
1070
     3
1000
-2000921
1002
}
  0
LINE
  5
34A
330
70
100
AcDbEntity
  8
S-STRS
370
    25
100
AcDbLine
 10
33545.44550639288
 20
32819.0
 30
0.0
 11
33795.44550639288
 21
32819.0
 31
0.0
1001
REVIT
1002
{
1070
     1
1000
1681869
1002
}
1002
{
1070
     5
1000
204884
1002
}
1002
{
1070
     2
1000
-2000120
1002
}
1002
{
1070
     3
1000
-2000921
1002
}
  0
LINE
  5
34B
330
70
100
AcDbEntity
  8
S-STRS
370
    25
100
AcDbLine
 10
33795.44550639288
 20
32819.0
 30
0.0
 11
33795.44550639288
 21
32820.0
 31
0.0
1001
REVIT
1002
{
1070
     1
1000
1681869
1002
}
1002
{
1070
     5
1000
204884
1002
}
1002
{
1070
     2
1000
-2000120
1002
}
1002
{
1070
     3
1000
-2000921
1002
}
  0
LINE
  5
34C
330
70
100
AcDbEntity
  8
S-STRS
370
    25
100
AcDbLine
 10
33545.44550639288
 20
32980.00000000001
 30
0.0
 11
33295.44550639289
 21
32980.00000000001
 31
0.0
1001
REVIT
1002
{
1070
     1
1000
1681869
1002
}
1002
{
1070
     5
1000
204884
1002
}
1002
{
1070
     2
1000
-2000120
1002
}
1002
{
1070
     3
1000
-2000921
1002
}
  0
LINE
  5
34D
330
70
100
AcDbEntity
  8
S-STRS
370
    25
100
AcDbLine
 10
33295.44550639289
 20
32980.00000000001
 30
0.0
 11
33295.44550639289
 21
32979.00000000001
 31
0.0
1001
REVIT
1002
{
1070
     1
1000
1681869
1002
}
1002
{
1070
     5
1000
204884
1002
}
1002
{
1070
     2
1000
-2000120
1002
}
1002
{
1070
     3
1000
-2000921
1002
}
  0
LINE
  5
34E
330
70
100
AcDbEntity
  8
S-STRS
370
    25
100
AcDbLine
 10
33295.44550639289
 20
32979.00000000001
 30
0.0
 11
33545.44550639288
 21
32979.00000000001
 31
0.0
1001
REVIT
1002
{
1070
     1
1000
1681869
1002
}
1002
{
1070
     5
1000
204884
1002
}
1002
{
1070
     2
1000
-2000120
1002
}
1002
{
1070
     3
1000
-2000921
1002
}
  0
LINE
  5
34F
330
70
100
AcDbEntity
  8
S-STRS
370
    25
100
AcDbLine
 10
33545.44550639288
 20
32979.00000000001
 30
0.0
 11
33545.44550639288
 21
32980.00000000001
 31
0.0
1001
REVIT
1002
{
1070
     1
1000
1681869
1002
}
1002
{
1070
     5
1000
204884
1002
}
1002
{
1070
     2
1000
-2000120
1002
}
1002
{
1070
     3
1000
-2000921
1002
}
  0
LINE
  5
350
330
70
100
AcDbEntity
  8
S-STRS
370
    25
100
AcDbLine
 10
33295.44550639288
 20
33140.0
 30
0.0
 11
33045.44550639288
 21
33140.0
 31
0.0
1001
REVIT
1002
{
1070
     1
1000
1681869
1002
}
1002
{
1070
     5
1000
204884
1002
}
1002
{
1070
     2
1000
-2000120
1002
}
1002
{
1070
     3
1000
-2000921
1002
}
  0
LINE
  5
351
330
70
100
AcDbEntity
  8
S-STRS
370
    25
100
AcDbLine
 10
33045.44550639288
 20
33140.0
 30
0.0
 11
33045.44550639288
 21
33139.0
 31
0.0
1001
REVIT
1002
{
1070
     1
1000
1681869
1002
}
1002
{
1070
     5
1000
204884
1002
}
1002
{
1070
     2
1000
-2000120
1002
}
1002
{
1070
     3
1000
-2000921
1002
}
  0
LINE
  5
352
330
70
100
AcDbEntity
  8
S-STRS
370
    25
100
AcDbLine
 10
33045.44550639288
 20
33139.0
 30
0.0
 11
33295.44550639288
 21
33139.0
 31
0.0
1001
REVIT
1002
{
1070
     1
1000
1681869
1002
}
1002
{
1070
     5
1000
204884
1002
}
1002
{
1070
     2
1000
-2000120
1002
}
1002
{
1070
     3
1000
-2000921
1002
}
  0
LINE
  5
353
330
70
100
AcDbEntity
  8
S-STRS
370
    25
100
AcDbLine
 10
33295.44550639288
 20
33139.0
 30
0.0
 11
33295.44550639288
 21
33140.0
 31
0.0
1001
REVIT
1002
{
1070
     1
1000
1681869
1002
}
1002
{
1070
     5
1000
204884
1002
}
1002
{
1070
     2
1000
-2000120
1002
}
1002
{
1070
     3
1000
-2000921
1002
}
  0
LINE
  5
354
330
70
100
AcDbEntity
  8
S-STRS
370
    25
100
AcDbLine
 10
33045.44550639287
 20
33300.0
 30
0.0
 11
32795.44550639287
 21
33300.0
 31
0.0
1001
REVIT
1002
{
1070
     1
1000
1681869
1002
}
1002
{
1070
     5
1000
204884
1002
}
1002
{
1070
     2
1000
-2000120
1002
}
1002
{
1070
     3
1000
-2000921
1002
}
  0
LINE
  5
355
330
70
100
AcDbEntity
  8
S-STRS
370
    25
100
AcDbLine
 10
32795.44550639287
 20
33300.0
 30
0.0
 11
32795.44550639287
 21
33299.0
 31
0.0
1001
REVIT
1002
{
1070
     1
1000
1681869
1002
}
1002
{
1070
     5
1000
204884
1002
}
1002
{
1070
     2
1000
-2000120
1002
}
1002
{
1070
     3
1000
-2000921
1002
}
  0
LINE
  5
356
330
70
100
AcDbEntity
  8
S-STRS
370
    25
100
AcDbLine
 10
32795.44550639287
 20
33299.0
 30
0.0
 11
33045.44550639287
 21
33299.0
 31
0.0
1001
REVIT
1002
{
1070
     1
1000
1681869
1002
}
1002
{
1070
     5
1000
204884
1002
}
1002
{
1070
     2
1000
-2000120
1002
}
1002
{
1070
     3
1000
-2000921
1002
}
  0
LINE
  5
357
330
70
100
AcDbEntity
  8
S-STRS
370
    25
100
AcDbLine
 10
33045.44550639287
 20
33299.0
 30
0.0
 11
33045.44550639287
 21
33300.0
 31
0.0
1001
REVIT
1002
{
1070
     1
1000
1681869
1002
}
1002
{
1070
     5
1000
204884
1002
}
1002
{
1070
     2
1000
-2000120
1002
}
1002
{
1070
     3
1000
-2000921
1002
}
  0
LINE
  5
358
330
70
100
AcDbEntity
  8
S-STRS
370
    25
100
AcDbLine
 10
32795.44550639288
 20
33460.00000000001
 30
0.0
 11
32545.44550639288
 21
33460.00000000001
 31
0.0
1001
REVIT
1002
{
1070
     1
1000
1681869
1002
}
1002
{
1070
     5
1000
204884
1002
}
1002
{
1070
     2
1000
-2000120
1002
}
1002
{
1070
     3
1000
-2000921
1002
}
  0
LINE
  5
359
330
70
100
AcDbEntity
  8
S-STRS
370
    25
100
AcDbLine
 10
32545.44550639288
 20
33460.00000000001
 30
0.0
 11
32545.44550639288
 21
33459.00000000001
 31
0.0
1001
REVIT
1002
{
1070
     1
1000
1681869
1002
}
1002
{
1070
     5
1000
204884
1002
}
1002
{
1070
     2
1000
-2000120
1002
}
1002
{
1070
     3
1000
-2000921
1002
}
  0
LINE
  5
35A
330
70
100
AcDbEntity
  8
S-STRS
370
    25
100
AcDbLine
 10
32545.44550639288
 20
33459.00000000001
 30
0.0
 11
32795.44550639288
 21
33459.00000000001
 31
0.0
1001
REVIT
1002
{
1070
     1
1000
1681869
1002
}
1002
{
1070
     5
1000
204884
1002
}
1002
{
1070
     2
1000
-2000120
1002
}
1002
{
1070
     3
1000
-2000921
1002
}
  0
LINE
  5
35B
330
70
100
AcDbEntity
  8
S-STRS
370
    25
100
AcDbLine
 10
32795.44550639288
 20
33459.00000000001
 30
0.0
 11
32795.44550639288
 21
33460.00000000001
 31
0.0
1001
REVIT
1002
{
1070
     1
1000
1681869
1002
}
1002
{
1070
     5
1000
204884
1002
}
1002
{
1070
     2
1000
-2000120
1002
}
1002
{
1070
     3
1000
-2000921
1002
}
  0
LINE
  5
35C
330
70
100
AcDbEntity
  8
S-STRS
370
    25
100
AcDbLine
 10
32545.44550639288
 20
33620.0
 30
0.0
 11
32295.44550639288
 21
33620.0
 31
0.0
1001
REVIT
1002
{
1070
     1
1000
1681869
1002
}
1002
{
1070
     5
1000
204884
1002
}
1002
{
1070
     2
1000
-2000120
1002
}
1002
{
1070
     3
1000
-2000921
1002
}
  0
LINE
  5
35D
330
70
100
AcDbEntity
  8
S-STRS
370
    25
100
AcDbLine
 10
32295.44550639288
 20
33620.0
 30
0.0
 11
32295.44550639288
 21
33619.0
 31
0.0
1001
REVIT
1002
{
1070
     1
1000
1681869
1002
}
1002
{
1070
     5
1000
204884
1002
}
1002
{
1070
     2
1000
-2000120
1002
}
1002
{
1070
     3
1000
-2000921
1002
}
  0
LINE
  5
35E
330
70
100
AcDbEntity
  8
S-STRS
370
    25
100
AcDbLine
 10
32295.44550639288
 20
33619.0
 30
0.0
 11
32545.44550639288
 21
33619.0
 31
0.0
1001
REVIT
1002
{
1070
     1
1000
1681869
1002
}
1002
{
1070
     5
1000
204884
1002
}
1002
{
1070
     2
1000
-2000120
1002
}
1002
{
1070
     3
1000
-2000921
1002
}
  0
LINE
  5
35F
330
70
100
AcDbEntity
  8
S-STRS
370
    25
100
AcDbLine
 10
32545.44550639288
 20
33619.0
 30
0.0
 11
32545.44550639288
 21
33620.0
 31
0.0
1001
REVIT
1002
{
1070
     1
1000
1681869
1002
}
1002
{
1070
     5
1000
204884
1002
}
1002
{
1070
     2
1000
-2000120
1002
}
1002
{
1070
     3
1000
-2000921
1002
}
  0
LINE
  5
360
330
70
100
AcDbEntity
  8
S-STRS
370
    25
100
AcDbLine
 10
32295.44550639288
 20
33780.00000000001
 30
0.0
 11
32045.44550639288
 21
33780.00000000001
 31
0.0
1001
REVIT
1002
{
1070
     1
1000
1681869
1002
}
1002
{
1070
     5
1000
204884
1002
}
1002
{
1070
     2
1000
-2000120
1002
}
1002
{
1070
     3
1000
-2000921
1002
}
  0
LINE
  5
361
330
70
100
AcDbEntity
  8
S-STRS
370
    25
100
AcDbLine
 10
32045.44550639288
 20
33780.00000000001
 30
0.0
 11
32045.44550639288
 21
33779.00000000001
 31
0.0
1001
REVIT
1002
{
1070
     1
1000
1681869
1002
}
1002
{
1070
     5
1000
204884
1002
}
1002
{
1070
     2
1000
-2000120
1002
}
1002
{
1070
     3
1000
-2000921
1002
}
  0
LINE
  5
362
330
70
100
AcDbEntity
  8
S-STRS
370
    25
100
AcDbLine
 10
32045.44550639288
 20
33779.00000000001
 30
0.0
 11
32295.44550639288
 21
33779.00000000001
 31
0.0
1001
REVIT
1002
{
1070
     1
1000
1681869
1002
}
1002
{
1070
     5
1000
204884
1002
}
1002
{
1070
     2
1000
-2000120
1002
}
1002
{
1070
     3
1000
-2000921
1002
}
  0
LINE
  5
363
330
70
100
AcDbEntity
  8
S-STRS
370
    25
100
AcDbLine
 10
32295.44550639288
 20
33779.00000000001
 30
0.0
 11
32295.44550639288
 21
33780.00000000001
 31
0.0
1001
REVIT
1002
{
1070
     1
1000
1681869
1002
}
1002
{
1070
     5
1000
204884
1002
}
1002
{
1070
     2
1000
-2000120
1002
}
1002
{
1070
     3
1000
-2000921
1002
}
  0
INSERT
  5
36F
330
70
100
AcDbEntity
  8
A-GLAZ
100
AcDbBlockReference
  2
slim awning centre transom - AA1818-2343414-SECTION B-B
 10
0.0
 20
0.0
 30
0.0
1001
REVIT
1002
{
1070
     1
1000
1686973
1002
}
1002
{
1070
     5
1000
2343396
1002
}
1002
{
1070
     2
1000
-2000014
1002
}
  0
INSERT
  5
37A
330
70
100
AcDbEntity
  8
A-GENM
100
AcDbBlockReference
  2
Wall_Sloped_Sill - Wall_Sloped_Sill-1979025-SECTION B-B
 10
0.0
 20
0.0
 30
0.0
1001
REVIT
1002
{
1070
     1
1000
1687261
1002
}
1002
{
1070
     5
1000
1370793
1002
}
1002
{
1070
     2
1000
-2000151
1002
}
1002
{
1070
     3
1000
1026381
1002
}
  0
INSERT
  5
382
330
70
100
AcDbEntity
  8
I-FURN
100
AcDbBlockReference
  2
M_Bed-Standard - 1825 x 2007mm - KING-1226963-SECTION B-B
 10
0.0
 20
0.0
 30
0.0
1001
REVIT
1002
{
1070
     1
1000
1701648
1002
}
1002
{
1070
     5
1000
1226963
1002
}
1002
{
1070
     2
1000
-2000080
1002
}
  0
INSERT
  5
387
330
70
100
AcDbEntity
  8
A-GLAZ
100
AcDbBlockReference
  2
3 PANEL 2 transom - AFA1842 SP-1980656-SECTION B-B
 10
0.0
 20
0.0
 30
0.0
1001
REVIT
1002
{
1070
     1
1000
1705447
1002
}
1002
{
1070
     5
1000
1747809
1002
}
1002
{
1070
     2
1000
-2000014
1002
}
  0
LINE
  5
388
330
70
100
AcDbEntity
  8
A-FLOR
100
AcDbLine
 10
38630.44550649941
 20
32340.00000000001
 30
0.0
 11
38590.44550645955
 21
32340.00000000001
 31
0.0
1001
REVIT
1002
{
1070
     1
1000
1707166
1002
}
1002
{
1070
     5
1000
1664455
1002
}
1002
{
1070
     2
1000
-2000032
1002
}
  0
LINE
  5
389
330
70
100
AcDbEntity
  8
A-FLOR
100
AcDbLine
 10
38590.44550645955
 20
32940.00000000001
 30
0.0
 11
38630.44550649941
 21
32940.00000000001
 31
0.0
1001
REVIT
1002
{
1070
     1
1000
1707166
1002
}
1002
{
1070
     5
1000
1664455
1002
}
1002
{
1070
     2
1000
-2000032
1002
}
  0
HATCH
  5
38F
330
70
100
AcDbEntity
  8
A-WALL-PATT
370
     9
100
AcDbHatch
 10
0.0
 20
0.0
 30
0.0
210
0.0
220
0.0
230
1.0
  2
FP_1
 70
     0
 71
     0
 91
        1
 92
        1
 93
        5
 72
     1
 10
37560.44550643593
 20
32340.00000000001
 11
37670.44550643593
 21
32340.00000000001
 72
     1
 10
37670.44550643593
 20
32340.00000000001
 11
37670.44550643593
 21
35240.00000000001
 72
     1
 10
37670.44550643593
 20
35240.00000000001
 11
37560.44550643593
 21
35240.00000000001
 72
     1
 10
37560.44550643593
 20
35240.00000000001
 11
37560.44550643593
 21
32368.12474539685
 72
     1
 10
37560.44550643593
 20
32368.12474539685
 11
37560.44550643593
 21
32340.00000000001
 97
        0
 75
     0
 76
     2
 52
0.0
 41
1.0
 77
     0
 78
     2
 53
45.0
 43
33535.311
 44
19353.85
 45
-251.4471713899363
 46
251.4471713899363
 79
     0
 53
45.0
 43
33535.311
 44
19734.85
 45
-251.4471713899363
 46
251.4471713899363
 79
     0
 98
        1
 10
0.0
 20
0.0
1001
REVIT
1002
{
1070
     1
1000
1746389
1002
}
1002
{
1070
     5
1000
1222731
1002
}
1002
{
1070
     4
1000
24
1002
}
1002
{
1070
     2
1000
-2000011
1002
}
1002
{
1070
     3
1000
-2000588
1002
}
  0
LINE
  5
390
330
70
100
AcDbEntity
  8
A-WALL
370
    25
100
AcDbLine
 10
37670.44550643592
 20
32340.00000000001
 30
0.0
 11
37670.44550643592
 21
33095.00000000016
 31
0.0
1001
REVIT
1002
{
1070
     1
1000
1746389
1002
}
1002
{
1070
     5
1000
1222731
1002
}
1002
{
1070
     2
1000
-2000011
1002
}
  0
LINE
  5
391
330
70
100
AcDbEntity
  8
A-WALL
370
    25
100
AcDbLine
 10
37670.44550643592
 20
33145.00000000015
 30
0.0
 11
37670.44550643592
 21
33795.00000000015
 31
0.0
1001
REVIT
1002
{
1070
     1
1000
1746389
1002
}
1002
{
1070
     5
1000
1222731
1002
}
1002
{
1070
     2
1000
-2000011
1002
}
  0
LINE
  5
392
330
70
100
AcDbEntity
  8
A-WALL
370
    25
100
AcDbLine
 10
37670.44550643592
 20
33845.00000000015
 30
0.0
 11
37670.44550643592
 21
35240.0
 31
0.0
1001
REVIT
1002
{
1070
     1
1000
1746389
1002
}
1002
{
1070
     5
1000
1222731
1002
}
1002
{
1070
     2
1000
-2000011
1002
}
  0
LINE
  5
394
330
70
100
AcDbEntity
  8
A-WALL
370
    25
100
AcDbLine
 10
37560.44550643592
 20
35240.0
 30
0.0
 11
37560.44550643592
 21
32340.00000000001
 31
0.0
1001
REVIT
1002
{
1070
     1
1000
1746389
1002
}
1002
{
1070
     5
1000
1222731
1002
}
1002
{
1070
     2
1000
-2000011
1002
}
  0
LINE
  5
395
330
70
100
AcDbEntity
  8
A-WALL
100
AcDbLine
 10
37670.44550643592
 20
32340.00000000001
 30
0.0
 11
37770.44550643594
 21
32340.00000000001
 31
0.0
1001
REVIT
1002
{
1070
     1
1000
1746482
1002
}
1002
{
1070
     5
1000
1222731
1002
}
1002
{
1070
     2
1000
-2000011
1002
}
  0
LINE
  5
396
330
70
100
AcDbEntity
  8
A-WALL
100
AcDbLine
 10
37850.44550643594
 20
32340.00000000001
 30
0.0
 11
38590.44550645956
 21
32340.00000000001
 31
0.0
1001
REVIT
1002
{
1070
     1
1000
1746482
1002
}
1002
{
1070
     5
1000
1222731
1002
}
1002
{
1070
     2
1000
-2000011
1002
}
  0
LINE
  5
397
330
70
100
AcDbEntity
  8
A-WALL
100
AcDbLine
 10
38590.44550645956
 20
32340.00000000001
 30
0.0
 11
38590.44550645956
 21
35090.0
 31
0.0
1001
REVIT
1002
{
1070
     1
1000
1746482
1002
}
1002
{
1070
     5
1000
1222731
1002
}
1002
{
1070
     2
1000
-2000011
1002
}
  0
LINE
  5
398
330
70
100
AcDbEntity
  8
A-WALL
100
AcDbLine
 10
38590.44550645956
 20
35190.0
 30
0.0
 11
38590.44550645956
 21
35240.0
 31
0.0
1001
REVIT
1002
{
1070
     1
1000
1746482
1002
}
1002
{
1070
     5
1000
1222731
1002
}
1002
{
1070
     2
1000
-2000011
1002
}
  0
INSERT
  5
3AA
330
70
100
AcDbEntity
  8
A-DOOR
100
AcDbBlockReference
  2
Single - Timber Frame  - 720x2400-1926410-SECTION B-B
 10
0.0
 20
0.0
 30
0.0
1001
REVIT
1002
{
1070
     1
1000
1775925
1002
}
1002
{
1070
     5
1000
1342414
1002
}
1002
{
1070
     2
1000
-2000023
1002
}
  0
LINE
  5
3AB
330
70
100
AcDbEntity
  8
A-WALL
100
AcDbLine
 10
35067.94550649942
 20
28890.0
 30
0.0
 11
35067.94550649942
 21
31890.0
 31
0.0
1001
REVIT
1002
{
1070
     1
1000
1782963
1002
}
1002
{
1070
     5
1000
1220569
1002
}
1002
{
1070
     2
1000
-2000011
1002
}
  0
LINE
  5
3AC
330
70
100
AcDbEntity
  8
A-WALL
100
AcDbLine
 10
38610.44550649941
 20
28895.0
 30
0.0
 11
38610.44550649941
 21
28890.0
 31
0.0
1001
REVIT
1002
{
1070
     1
1000
1784201
1002
}
1002
{
1070
     5
1000
1364090
1002
}
1002
{
1070
     2
1000
-2000011
1002
}
  0
LINE
  5
3AD
330
70
100
AcDbEntity
  8
A-WALL
100
AcDbLine
 10
38670.4455064994
 20
31265.0
 30
0.0
 11
38670.4455064994
 21
28890.0
 31
0.0
1001
REVIT
1002
{
1070
     1
1000
1789724
1002
}
1002
{
1070
     5
1000
1222731
1002
}
1002
{
1070
     2
1000
-2000011
1002
}
  0
LINE
  5
3AE
330
70
100
AcDbEntity
  8
A-WALL
100
AcDbLine
 10
37790.44550649941
 20
28890.0
 30
0.0
 11
37790.44550649941
 21
31265.0
 31
0.0
1001
REVIT
1002
{
1070
     1
1000
1789724
1002
}
1002
{
1070
     5
1000
1222731
1002
}
1002
{
1070
     2
1000
-2000011
1002
}
  0
LINE
  5
3AF
330
70
100
AcDbEntity
  8
A-WALL
100
AcDbLine
 10
37790.44550649941
 20
31265.0
 30
0.0
 11
38670.4455064994
 21
31265.0
 31
0.0
1001
REVIT
1002
{
1070
     1
1000
1789724
1002
}
1002
{
1070
     5
1000
1222731
1002
}
1002
{
1070
     2
1000
-2000011
1002
}
  0
LINE
  5
3B0
330
70
100
AcDbEntity
  8
A-WALL
100
AcDbLine
 10
37710.44550649941
 20
28890.0
 30
0.0
 11
37710.44550649941
 21
31890.00000000001
 31
0.0
1001
REVIT
1002
{
1070
     1
1000
1789786
1002
}
1002
{
1070
     5
1000
1222731
1002
}
1002
{
1070
     2
1000
-2000011
1002
}
  0
INSERT
  5
3BB
330
70
100
AcDbEntity
  8
A-GLAZ
100
AcDbBlockReference
  2
custom - equal Panel M_6 PANEL HORIZONTAL_ - AFA3042T SP-2001726-SECTION B-B
 10
0.0
 20
0.0
 30
0.0
1001
REVIT
1002
{
1070
     1
1000
1791104
1002
}
1002
{
1070
     5
1000
2001708
1002
}
1002
{
1070
     2
1000
-2000014
1002
}
1002
{
1070
     3
1000
-2000022
1002
}
  0
INSERT
  5
3C1
330
70
100
AcDbEntity
  8
P-SANR-FIXT
100
AcDbBlockReference
  2
stackpoint - stackpoint-2347728-SECTION B-B
 10
0.0
 20
0.0
 30
0.0
1001
REVIT
1002
{
1070
     1
1000
1811677
1002
}
1002
{
1070
     5
1000
1811504
1002
}
1002
{
1070
     2
1000
-2001160
1002
}
  0
INSERT
  5
3CF
330
70
100
AcDbEntity
  8
A-GLAZ
100
AcDbBlockReference
  2
F_AA 0606 - 1509_1 PANEL_ - AA1410 SP-2099797-SECTION B-B
 10
0.0
 20
0.0
 30
0.0
1001
REVIT
1002
{
1070
     1
1000
1815765
1002
}
1002
{
1070
     5
1000
1654241
1002
}
1002
{
1070
     2
1000
-2000014
1002
}
1002
{
1070
     3
1000
-2000022
1002
}
  0
INSERT
  5
3DF
330
70
100
AcDbEntity
  8
A-GENM
100
AcDbBlockReference
  2
Downpipe - 450 Eave-1977526-SECTION B-B
 10
0.0
 20
0.0
 30
0.0
1001
REVIT
1002
{
1070
     1
1000
1905191
1002
}
1002
{
1070
     5
1000
1893368
1002
}
1002
{
1070
     2
1000
-2000151
1002
}
1002
{
1070
     3
1000
1893352
1002
}
  0
INSERT
  5
3F3
330
70
100
AcDbEntity
  8
E-ELEC-FIXT
100
AcDbBlockReference
  2
Solar Panel_ Face Based - Solar Panel_ Face Based-1931305-SECTION B-B
 10
0.0
 20
0.0
 30
0.0
1001
REVIT
1002
{
1070
     1
1000
1931511
1002
}
1002
{
1070
     5
1000
1931305
1002
}
1002
{
1070
     2
1000
-2001060
1002
}
  0
INSERT
  5
407
330
70
100
AcDbEntity
  8
E-ELEC-FIXT
100
AcDbBlockReference
  2
Solar Panel_ Face Based - Solar Panel_ Face Based-V19-SECTION B-B
 10
0.0
 20
0.0
 30
0.0
1001
REVIT
1002
{
1070
     1
1000
1931637
1002
}
1002
{
1070
     5
1000
1931305
1002
}
1002
{
1070
     2
1000
-2001060
1002
}
  0
INSERT
  5
41C
330
70
100
AcDbEntity
  8
E-ELEC-FIXT
100
AcDbBlockReference
  2
Solar Panel_ Face Based - Solar Panel_ Face Based-V20-SECTION B-B
 10
0.0
 20
0.0
 30
0.0
1001
REVIT
1002
{
1070
     1
1000
1931648
1002
}
1002
{
1070
     5
1000
1931305
1002
}
1002
{
1070
     2
1000
-2001060
1002
}
  0
INSERT
  5
466
330
70
100
AcDbEntity
  8
P-SANR-FIXT
100
AcDbBlockReference
  2
Tap - Tap-1959228-SECTION B-B
 10
0.0
 20
0.0
 30
0.0
1001
REVIT
1002
{
1070
     1
1000
1960352
1002
}
1002
{
1070
     5
1000
1959228
1002
}
1002
{
1070
     2
1000
-2001160
1002
}
  0
INSERT
  5
565
330
70
100
AcDbEntity
  8
P-SANR-FIXT
100
AcDbBlockReference
  2
Shower_Twin_Phoenix_NXQuil_FaceBased - Chrome _606-6500-00_-1739590-SECTION B-B
 10
0.0
 20
0.0
 30
0.0
1001
REVIT
1002
{
1070
     1
1000
1961636
1002
}
1002
{
1070
     5
1000
1739590
1002
}
1002
{
1070
     2
1000
-2001160
1002
}
1002
{
1070
     3
1000
1035229
1002
}
  0
INSERT
  5
573
330
70
100
AcDbEntity
  8
A-GENM
100
AcDbBlockReference
  2
Downpipe - 450 Eave-2002628-SECTION B-B
 10
0.0
 20
0.0
 30
0.0
1001
REVIT
1002
{
1070
     1
1000
1977262
1002
}
1002
{
1070
     5
1000
1893368
1002
}
1002
{
1070
     2
1000
-2000151
1002
}
1002
{
1070
     3
1000
1893352
1002
}
  0
LINE
  5
574
330
70
100
AcDbEntity
  8
A-WALL
100
AcDbLine
 10
35765.4455065043
 20
37933.96419732033
 30
0.0
 11
30885.44550576654
 21
37933.96419729555
 31
0.0
1001
REVIT
1002
{
1070
     1
1000
1982732
1002
}
1002
{
1070
     5
1000
1602992
1002
}
1002
{
1070
     2
1000
-2000011
1002
}
  0
LINE
  5
575
330
70
100
AcDbEntity
  8
A-WALL
100
AcDbLine
 10
35605.44550579828
 20
37640.0
 30
0.0
 11
35605.44550579828
 21
36740.0
 31
0.0
1001
REVIT
1002
{
1070
     1
1000
1982732
1002
}
1002
{
1070
     5
1000
1602992
1002
}
1002
{
1070
     2
1000
-2000011
1002
}
  0
LINE
  5
576
330
70
100
AcDbEntity
  8
A-WALL
100
AcDbLine
 10
35605.44550579828
 20
36740.0
 30
0.0
 11
31045.44550579828
 21
36740.0
 31
0.0
1001
REVIT
1002
{
1070
     1
1000
1982732
1002
}
1002
{
1070
     5
1000
1602992
1002
}
1002
{
1070
     2
1000
-2000011
1002
}
  0
LINE
  5
577
330
70
100
AcDbEntity
  8
A-WALL
100
AcDbLine
 10
31045.44550579828
 20
36740.0
 30
0.0
 11
31045.44550579828
 21
37640.0
 31
0.0
1001
REVIT
1002
{
1070
     1
1000
1982732
1002
}
1002
{
1070
     5
1000
1602992
1002
}
1002
{
1070
     2
1000
-2000011
1002
}
  0
LINE
  5
578
330
70
100
AcDbEntity
  8
A-WALL
100
AcDbLine
 10
31045.44550579828
 20
37640.0
 30
0.0
 11
35605.44550579828
 21
37640.0
 31
0.0
1001
REVIT
1002
{
1070
     1
1000
1982732
1002
}
1002
{
1070
     5
1000
1602992
1002
}
1002
{
1070
     2
1000
-2000011
1002
}
  0
INSERT
  5
58C
330
70
100
AcDbEntity
  8
A-GLAZ
100
AcDbBlockReference
  2
3 PANEL 2 transom - FFF0946-1778814-SECTION B-B
 10
0.0
 20
0.0
 30
0.0
1001
REVIT
1002
{
1070
     1
1000
1982739
1002
}
1002
{
1070
     5
1000
1778809
1002
}
1002
{
1070
     2
1000
-2000014
1002
}
  0
HATCH
  5
591
330
70
100
AcDbEntity
  8
A-FLOR-PATT
370
     9
100
AcDbHatch
 10
0.0
 20
0.0
 30
0.0
210
0.0
220
0.0
230
1.0
  2
FP_5
 70
     0
 71
     0
 91
        1
 92
        1
 93
        4
 72
     1
 10
38775.44550574213
 20
35390.00000000002
 11
38955.44550574211
 21
35390.00000000002
 72
     1
 10
38955.44550574211
 20
35390.00000000002
 11
38955.44550574211
 21
35540.00000000002
 72
     1
 10
38955.44550574211
 20
35540.00000000002
 11
38775.44550574213
 21
35540.00000000002
 72
     1
 10
38775.44550574213
 20
35540.00000000002
 11
38775.44550574213
 21
35390.00000000002
 97
        0
 75
     0
 76
     2
 52
0.0
 41
1.0
 77
     0
 78
    17
 53
49.99999999999999
 43
33535.311
 44
19353.85
 45
582.9890969798607
 46
-51.00509307516802
 79
     2
 49
60.96
 49
-670.56
 53
355.0
 43
33535.311
 44
19353.85
 45
-112.7767293253219
 46
611.3816312972472
 79
     2
 49
48.768
 49
-536.448
 53
100.451
 43
33583.894
 44
19349.6
 45
470.2160778888968
 46
560.3730076607749
 79
     2
 49
51.808
 49
-569.888
 53
46.184
 43
33535.311
 44
19516.41
 45
867.4527089478838
 46
-134.5367748274727
 79
     2
 49
91.44
 49
-1005.84
 53
96.636
 43
33607.599
 44
19505.199
 45
759.6879071721903
 46
791.7680757907189
 79
     2
 49
77.712
 49
-854.832
 53
351.184
 43
33535.311
 44
19516.41
 45
759.6960163844116
 46
791.7607861511301
 79
     2
 49
73.152
 49
-804.672
 53
21.0
 43
33616.591
 44
19475.77
 45
485.1659934615853
 46
-327.2487822825823
 79
     2
 49
60.96
 49
-670.56
 53
325.9999999999999
 43
33616.591
 44
19475.77
 45
197.7669465201526
 46
589.4016666324376
 79
     2
 49
48.768
 49
-536.448
 53
71.45100000000001
 43
33657.02200000001
 44
19448.499
 45
682.9344733757403
 46
262.1479976940511
 79
     2
 49
51.808
 49
-569.888
 53
37.5
 43
33535.311
 44
19353.85
 45
9.883035223681148
 46
270.5760469438628
 79
     5
 49
26.822
 49
-503.123
 49
26.822
 49
-517.754
 49
-538.48
 53
37.5
 43
33535.311
 44
19353.85
 45
9.883035223681148
 46
270.5760469438628
 79
     3
 49
-1074.522
 49
26.822
 49
-511.658
 53
7.5
 43
33535.311
 44
19353.85
 45
213.8224524709532
 46
320.5780199332246
 79
     5
 49
26.822
 49
-283.667
 49
26.822
 49
-490.931
 49
-205.232
 53
7.5
 43
33535.311
 44
19353.85
 45
213.8224524709532
 46
320.5780199332246
 79
     3
 49
-828.243
 49
26.822
 49
-178.41
 53
327.5
 43
33354.057
 44
19353.85
 45
433.8910025716608
 46
-18.33249059345368
 79
     5
 49
26.822
 49
-176.378
 49
26.822
 49
-607.1619999999999
 49
-841.248
 53
327.5
 43
33354.057
 44
19353.85
 45
433.8910025716608
 46
-18.33249059345368
 79
     3
 49
-837.184
 49
26.822
 49
-814.426
 53
317.5
 43
33272.777
 44
19353.85
 45
474.0138619252369
 46
81.36541517575179
 79
     5
 49
26.822
 49
-237.338
 49
26.822
 49
-394.208
 49
-597.408
 53
317.5
 43
33272.777
 44
19353.85
 45
474.0138619252369
 46
81.36541517575179
 79
     3
 49
-685.19
 49
26.822
 49
-570.586
 98
        1
 10
0.0
 20
0.0
1001
REVIT
1002
{
1070
     1
1000
2177991
1002
}
1002
{
1070
     5
1000
2174665
1002
}
1002
{
1070
     4
1000
758
1002
}
1002
{
1070
     2
1000
-2000032
1002
}
1002
{
1070
     3
1000
-2000608
1002
}
  0
LINE
  5
592
330
70
100
AcDbEntity
  8
A-FLOR
370
    35
100
AcDbLine
 10
38955.4455057421
 20
35540.0
 30
0.0
 11
38775.44550574213
 21
35540.0
 31
0.0
1001
REVIT
1002
{
1070
     1
1000
2177991
1002
}
1002
{
1070
     5
1000
2174665
1002
}
1002
{
1070
     2
1000
-2000032
1002
}
  0
LINE
  5
593
330
70
100
AcDbEntity
  8
A-FLOR
370
    35
100
AcDbLine
 10
38775.44550574213
 20
35540.0
 30
0.0
 11
38775.44550574213
 21
35390.0
 31
0.0
1001
REVIT
1002
{
1070
     1
1000
2177991
1002
}
1002
{
1070
     5
1000
2174665
1002
}
1002
{
1070
     2
1000
-2000032
1002
}
  0
LINE
  5
595
330
70
100
AcDbEntity
  8
A-CLNG
100
AcDbLine
 10
32045.44550576653
 20
31990.0
 30
0.0
 11
34295.44550628918
 21
31990.0
 31
0.0
1001
REVIT
1002
{
1070
     1
1000
2289561
1002
}
1002
{
1070
     5
1000
19847
1002
}
1002
{
1070
     2
1000
-2000038
1002
}
  0
INSERT
  5
5A8
330
70
100
AcDbEntity
  8
A-DOOR
100
AcDbBlockReference
  2
Single - Timber Frame  - 820x2400-2604838-SECTION B-B
 10
0.0
 20
0.0
 30
0.0
1001
REVIT
1002
{
1070
     1
1000
2446277
1002
}
1002
{
1070
     5
1000
1342408
1002
}
1002
{
1070
     2
1000
-2000023
1002
}
  0
INSERT
  5
5B1
330
70
100
AcDbEntity
  8
A-DOOR-FRAM
100
AcDbBlockReference
  2
89563_Cavity_Sliding_Door_single - 820CSD-2448972-SECTION B-B
 10
0.0
 20
0.0
 30
0.0
1001
REVIT
1002
{
1070
     1
1000
2449021
1002
}
1002
{
1070
     5
1000
1377398
1002
}
1002
{
1070
     2
1000
-2000023
1002
}
1002
{
1070
     3
1000
-2000029
1002
}
  0
INSERT
  5
5B8
330
70
100
AcDbEntity
  8
P-SANR-FIXT
100
AcDbBlockReference
  2
Gas instantaneous hws - Type 1-1979205-SECTION B-B
 10
0.0
 20
0.0
 30
0.0
1001
REVIT
1002
{
1070
     1
1000
2457588
1002
}
1002
{
1070
     5
1000
1859742
1002
}
1002
{
1070
     2
1000
-2001160
1002
}
  0
INSERT
  5
5C5
330
70
100
AcDbEntity
  8
P-SANR-FIXT
100
AcDbBlockReference
  2
BUILDMAT-SNA01004-Willow-600-Stainless_Steel _1_ - Willow 600x450x250mm-2518076-SECTION B-B
 10
0.0
 20
0.0
 30
0.0
1001
REVIT
1002
{
1070
     1
1000
2518475
1002
}
1002
{
1070
     5
1000
2518076
1002
}
1002
{
1070
     2
1000
-2001160
1002
}
  0
INSERT
  5
658
330
70
100
AcDbEntity
  8
A-GENM
100
AcDbBlockReference
  2
HH Shower - Wincrest Shower-2580537-SECTION B-B
 10
0.0
 20
0.0
 30
0.0
1001
REVIT
1002
{
1070
     1
1000
2570386
1002
}
1002
{
1070
     5
1000
2425145
1002
}
1002
{
1070
     2
1000
-2000151
1002
}
  0
INSERT
  5
662
330
70
100
AcDbEntity
  8
P-SANR-FIXT
100
AcDbBlockReference
  2
tile grate - 1000x80-2570726-SECTION B-B
 10
0.0
 20
0.0
 30
0.0
1001
REVIT
1002
{
1070
     1
1000
2570586
1002
}
1002
{
1070
     5
1000
2206945
1002
}
1002
{
1070
     2
1000
-2001160
1002
}
  0
LINE
  5
664
330
70
100
AcDbEntity
  8
A-DETL-THIN
100
AcDbLine
 10
28545.44550602786
 20
31840.0
 30
0.0
 11
29400.44550602786
 21
31015.0
 31
0.0
1001
REVIT
1002
{
1070
     1
1000
2595067
1002
}
1002
{
1070
     2
1000
-2000051
1002
}
1002
{
1070
     3
1000
-2000042
1002
}
  0
LINE
  5
665
330
70
100
AcDbEntity
  8
A-DETL-THIN
100
AcDbLine
 10
29400.44550602786
 20
31015.0
 30
0.0
 11
30255.44550602786
 21
31840.0
 31
0.0
1001
REVIT
1002
{
1070
     1
1000
2595118
1002
}
1002
{
1070
     2
1000
-2000051
1002
}
1002
{
1070
     3
1000
-2000042
1002
}
  0
LINE
  5
666
330
70
100
AcDbEntity
  8
A-DETL-THIN
100
AcDbLine
 10
30255.44550602786
 20
30965.0
 30
0.0
 11
29400.44550602785
 21
30110.0
 31
0.0
1001
REVIT
1002
{
1070
     1
1000
2595203
1002
}
1002
{
1070
     2
1000
-2000051
1002
}
1002
{
1070
     3
1000
-2000042
1002
}
  0
LINE
  5
667
330
70
100
AcDbEntity
  8
A-DETL-THIN
100
AcDbLine
 10
29400.44550602785
 20
30110.0
 30
0.0
 11
28545.44550602786
 21
30965.0
 31
0.0
1001
REVIT
1002
{
1070
     1
1000
2595264
1002
}
1002
{
1070
     2
1000
-2000051
1002
}
1002
{
1070
     3
1000
-2000042
1002
}
  0
HATCH
  5
671
330
70
100
AcDbEntity
  8
A-DETL-GENF
 62
     7
100
AcDbHatch
 10
0.0
 20
0.0
 30
0.0
210
0.0
220
0.0
230
1.0
  2
FP_9
 70
     0
 71
     0
 91
        1
 92
        1
 93
        9
 72
     1
 10
39420.44550649942
 20
32110.0
 11
39420.44550649942
 21
32341.00000000001
 72
     1
 10
39420.44550649942
 20
32341.00000000001
 11
39310.44550649943
 21
32341.00000000001
 72
     1
 10
39310.44550649943
 20
32341.00000000001
 11
39310.44550649943
 21
32310.0
 72
     1
 10
39310.44550649943
 20
32310.0
 11
37670.44550643592
 21
32310.0
 72
     1
 10
37670.44550643592
 20
32310.0
 11
37670.44550643592
 21
32340.0
 72
     1
 10
37670.44550643592
 20
32340.0
 11
34295.44550576654
 21
32340.00000000001
 72
     1
 10
34295.44550576654
 20
32340.00000000001
 11
34295.44550578969
 21
32110.00000000139
 72
     1
 10
34295.44550578969
 20
32110.00000000139
 11
39310.44550649943
 21
32110.0
 72
     1
 10
39310.44550649943
 20
32110.0
 11
39420.44550649942
 21
32110.0
 97
        0
 75
     0
 76
     2
 52
0.0
 41
1.0
 77
     0
 78
    17
 53
49.99999999999999
 43
33535.311
 44
19353.85
 45
728.73650110752
 46
-63.75582262483607
 79
     2
 49
76.2
 49
-838.2
 53
355.0
 43
33535.311
 44
19353.85
 45
-140.9716152248045
 46
764.2276025857151
 79
     2
 49
60.96
 49
-670.56
 53
100.451
 43
33596.039
 44
19348.537
 45
587.770006663837
 46
700.4667512811675
 79
     2
 49
64.76
 49
-712.36
 53
46.184
 43
33535.311
 44
19557.05
 45
1084.316239662759
 46
-168.1709612287867
 79
     2
 49
114.3
 49
-1257.3
 53
96.636
 43
33625.671
 44
19543.036
 45
949.6099128555585
 46
989.7098464133105
 79
     2
 49
97.14
 49
-1068.54
 53
351.184
 43
33535.311
 44
19557.05
 45
949.620552888774
 46
989.7011531044203
 79
     2
 49
91.44
 49
-1005.84
 53
21.0
 43
33636.911
 44
19506.25
 45
606.4578690252075
 46
-409.0605652741465
 79
     2
 49
76.2
 49
-838.2
 53
325.9999999999999
 43
33636.911
 44
19506.25
 45
247.208340968463
 46
736.752917204011
 79
     2
 49
60.96
 49
-670.56
 53
71.45100000000001
 43
33687.45
 44
19472.162
 45
853.6682507774542
 46
327.6854711435369
 79
     2
 49
64.76
 49
-712.36
 53
37.5
 43
33535.311
 44
19353.85
 45
12.35469342532113
 46
338.2201185742302
 79
     5
 49
33.528
 49
-628.904
 49
33.528
 49
-647.192
 49
-673.1
 53
37.5
 43
33535.311
 44
19353.85
 45
12.35469342532113
 46
338.2201185742302
 79
     3
 49
-1343.152
 49
33.528
 49
-639.572
 53
7.5
 43
33535.311
 44
19353.85
 45
267.2788744354337
 46
400.7221270887442
 79
     5
 49
33.528
 49
-354.584
 49
33.528
 49
-613.664
 49
-256.54
 53
7.5
 43
33535.311
 44
19353.85
 45
267.2788744354337
 46
400.7221270887442
 79
     3
 49
-1035.304
 49
33.528
 49
-223.012
 53
327.5
 43
33308.743
 44
19353.85
 45
542.363331518853
 46
-22.91534459201296
 79
     4
 49
33.528
 49
-220.472
 49
33.528
 49
-1810.512
 53
327.5
 43
33308.743
 44
19353.85
 45
542.363331518853
 46
-22.91534459201296
 79
     4
 49
-287.528
 49
-758.952
 49
33.528
 49
-1018.032
 53
317.5
 43
33207.143
 44
19353.85
 45
592.5169587678777
 46
101.7071067647936
 79
     5
 49
33.528
 49
-296.672
 49
33.528
 49
-492.76
 49
-746.76
 53
317.5
 43
33207.143
 44
19353.85
 45
592.5169587678777
 46
101.7071067647936
 79
     3
 49
-856.488
 49
33.528
 49
-713.232
 98
        1
 10
0.0
 20
0.0
1001
REVIT
1002
{
1070
     1
1000
2082092
1002
}
1002
{
1070
     5
1000
1936996
1002
}
1002
{
1070
     2
1000
-2002000
1002
}
  0
LINE
  5
673
330
70
100
AcDbEntity
  8
A-DETL-MEDM
100
AcDbLine
 10
34295.44550576654
 20
32340.00000000001
 30
0.0
 11
34295.44550576654
 21
32110.00000000001
 31
0.0
1001
REVIT
1002
{
1070
     1
1000
2082092
1002
}
1002
{
1070
     5
1000
1936996
1002
}
1002
{
1070
     2
1000
-2000051
1002
}
1002
{
1070
     3
1000
-2000043
1002
}
  0
LINE
  5
674
330
70
100
AcDbEntity
  8
A-DETL-MEDM
100
AcDbLine
 10
35765.44550649941
 20
32110.00000000001
 30
0.0
 11
36215.44550645956
 21
32110.00000000001
 31
0.0
1001
REVIT
1002
{
1070
     1
1000
2082092
1002
}
1002
{
1070
     5
1000
1936996
1002
}
1002
{
1070
     2
1000
-2000051
1002
}
1002
{
1070
     3
1000
-2000043
1002
}
  0
LINE
  5
675
330
70
100
AcDbEntity
  8
A-DETL-MEDM
100
AcDbLine
 10
39310.44550649943
 20
32109.99999999999
 30
0.0
 11
39420.44550649943
 21
32109.99999999999
 31
0.0
1001
REVIT
1002
{
1070
     1
1000
2082092
1002
}
1002
{
1070
     5
1000
1936996
1002
}
1002
{
1070
     2
1000
-2000051
1002
}
1002
{
1070
     3
1000
-2000043
1002
}
  0
LINE
  5
676
330
70
100
AcDbEntity
  8
A-DETL-MEDM
100
AcDbLine
 10
39420.44550649943
 20
32109.99999999999
 30
0.0
 11
39420.44550649943
 21
32341.00000000001
 31
0.0
1001
REVIT
1002
{
1070
     1
1000
2082092
1002
}
1002
{
1070
     5
1000
1936996
1002
}
1002
{
1070
     2
1000
-2000051
1002
}
1002
{
1070
     3
1000
-2000043
1002
}
  0
LINE
  5
677
330
70
100
AcDbEntity
  8
A-DETL
100
AcDbLine
 10
39420.44550649943
 20
32341.00000000001
 30
0.0
 11
39310.44550649943
 21
32341.00000000001
 31
0.0
1001
REVIT
1002
{
1070
     1
1000
2082092
1002
}
1002
{
1070
     5
1000
1936996
1002
}
1002
{
1070
     2
1000
-2000051
1002
}
1002
{
1070
     3
1000
1933725
1002
}
  0
LINE
  5
678
330
70
100
AcDbEntity
  8
A-DETL
100
AcDbLine
 10
39310.44550649943
 20
32341.00000000001
 30
0.0
 11
39310.44550649943
 21
32309.99999999998
 31
0.0
1001
REVIT
1002
{
1070
     1
1000
2082092
1002
}
1002
{
1070
     5
1000
1936996
1002
}
1002
{
1070
     2
1000
-2000051
1002
}
1002
{
1070
     3
1000
1933725
1002
}
  0
LINE
  5
679
330
70
100
AcDbEntity
  8
A-DETL-MEDM
100
AcDbLine
 10
39310.44550649943
 20
32309.99999999998
 30
0.0
 11
37670.44550643592
 21
32309.99999999999
 31
0.0
1001
REVIT
1002
{
1070
     1
1000
2082092
1002
}
1002
{
1070
     5
1000
1936996
1002
}
1002
{
1070
     2
1000
-2000051
1002
}
1002
{
1070
     3
1000
-2000043
1002
}
  0
LINE
  5
67A
330
70
100
AcDbEntity
  8
A-DETL
100
AcDbLine
 10
37670.44550643592
 20
32309.99999999999
 30
0.0
 11
37670.44550643592
 21
32339.99999999999
 31
0.0
1001
REVIT
1002
{
1070
     1
1000
2082092
1002
}
1002
{
1070
     5
1000
1936996
1002
}
1002
{
1070
     2
1000
-2000051
1002
}
1002
{
1070
     3
1000
1933725
1002
}
  0
LINE
  5
67B
330
70
100
AcDbEntity
  8
A-DETL-MEDM
100
AcDbLine
 10
37670.44550643592
 20
32339.99999999999
 30
0.0
 11
34295.44550576654
 21
32340.00000000001
 31
0.0
1001
REVIT
1002
{
1070
     1
1000
2082092
1002
}
1002
{
1070
     5
1000
1936996
1002
}
1002
{
1070
     2
1000
-2000051
1002
}
1002
{
1070
     3
1000
-2000043
1002
}
  0
LINE
  5
67C
330
70
100
AcDbEntity
  8
A-DETL-THIN
100
AcDbLine
 10
38955.4455057421
 20
36225.04218757813
 30
0.0
 11
38955.4455057421
 21
35090.0
 31
0.0
1001
REVIT
1002
{
1070
     1
1000
2083843
1002
}
1002
{
1070
     5
1000
1363608
1002
}
1002
{
1070
     2
1000
-2000051
1002
}
1002
{
1070
     3
1000
-2000042
1002
}
  0
LINE
  5
67D
330
70
100
AcDbEntity
  8
A-DETL-THIN
100
AcDbLine
 10
38955.4455057421
 20
35090.0
 30
0.0
 11
39310.44550658651
 21
35090.0
 31
0.0
1001
REVIT
1002
{
1070
     1
1000
2083843
1002
}
1002
{
1070
     5
1000
1363608
1002
}
1002
{
1070
     2
1000
-2000051
1002
}
1002
{
1070
     3
1000
-2000042
1002
}
  0
LINE
  5
67E
330
70
100
AcDbEntity
  8
A-DETL-THIN
100
AcDbLine
 10
39310.44550658651
 20
35090.0
 30
0.0
 11
39310.44550658651
 21
36225.04218757813
 31
0.0
1001
REVIT
1002
{
1070
     1
1000
2083843
1002
}
1002
{
1070
     5
1000
1363608
1002
}
1002
{
1070
     2
1000
-2000051
1002
}
1002
{
1070
     3
1000
-2000042
1002
}
  0
LINE
  5
67F
330
70
100
AcDbEntity
  8
A-DETL-THIN
100
AcDbLine
 10
39310.44550658651
 20
36225.04218757813
 30
0.0
 11
38955.4455057421
 21
36225.04218757813
 31
0.0
1001
REVIT
1002
{
1070
     1
1000
2083843
1002
}
1002
{
1070
     5
1000
1363608
1002
}
1002
{
1070
     2
1000
-2000051
1002
}
1002
{
1070
     3
1000
-2000042
1002
}
  0
HATCH
  5
69D
330
70
100
AcDbEntity
  8
A-DETL-GENF
 62
     8
100
AcDbHatch
 10
0.0
 20
0.0
 30
0.0
210
0.0
220
0.0
230
1.0
  2
FP_10
 70
     0
 71
     0
 91
        1
 92
        1
 93
       29
 72
     1
 10
39464.42863572313
 20
27596.49360804609
 11
40369.65355156653
 21
27856.06267573809
 72
     1
 10
40369.65355156653
 20
27856.06267573809
 11
41642.80009306864
 21
27654.41607331116
 72
     1
 10
41642.80009306864
 20
27654.41607331116
 11
41885.65673623661
 21
29187.75257196173
 72
     1
 10
41885.65673623661
 20
29187.75257196173
 11
41885.65673623661
 21
29846.98666257535
 72
     1
 10
41885.65673623661
 20
29846.98666257535
 11
41330.44550649941
 21
29834.60546833573
 72
     1
 10
41330.44550649941
 20
29834.60546833573
 11
41330.44550649941
 21
27930.00000000001
 72
     1
 10
41330.44550649941
 20
27930.00000000001
 11
40880.44550649941
 21
27930.00000000001
 72
     1
 10
40880.44550649941
 20
27930.00000000001
 11
40880.44550649941
 21
28589.99999999999
 72
     1
 10
40880.44550649941
 20
28589.99999999999
 11
39580.44550649941
 21
28589.99999999999
 72
     1
 10
39580.44550649941
 20
28589.99999999999
 11
39580.44550649941
 21
28389.99999999998
 72
     1
 10
39580.44550649941
 20
28389.99999999998
 11
39130.44550649941
 21
28389.99999999998
 72
     1
 10
39130.44550649941
 20
28389.99999999998
 11
39130.44550649941
 21
28589.99999999999
 72
     1
 10
39130.44550649941
 20
28589.99999999999
 11
30550.4455057666
 21
28590.00000000002
 72
     1
 10
30550.4455057666
 20
28590.00000000002
 11
30550.4455057666
 21
28368.18127562763
 72
     1
 10
30550.4455057666
 20
28368.18127562763
 11
30265.20274847654
 21
28308.5249443111
 72
     1
 10
30265.20274847654
 20
28308.5249443111
 11
29622.44348273721
 21
29421.81664960731
 72
     1
 10
29622.44348273721
 20
29421.81664960731
 11
26655.44550522171
 21
29421.81664960731
 72
     1
 10
26655.44550522171
 20
29421.81664960731
 11
26655.44550522171
 21
30135.4547819179
 72
     1
 10
26655.44550522171
 20
30135.4547819179
 11
26104.30934330409
 21
30135.4547819179
 72
     1
 10
26104.30934330409
 20
30135.4547819179
 11
25300.47068017349
 21
30428.02812844978
 72
     1
 10
25300.47068017349
 20
30428.02812844978
 11
25481.01918926457
 21
28710.22381129072
 72
     1
 10
25481.01918926457
 20
28710.22381129072
 11
26455.4455052217
 21
28555.88984460035
 72
     1
 10
26455.4455052217
 20
28555.88984460035
 11
26804.38053532053
 21
28428.88787995159
 72
     1
 10
26804.38053532053
 20
28428.88787995159
 11
30217.66407662145
 21
27999.45508591223
 72
     1
 10
30217.66407662145
 20
27999.45508591223
 11
30661.85278841907
 21
28046.14120077937
 72
     1
 10
30661.85278841907
 20
28046.14120077937
 11
31891.31131350746
 21
27598.65489338236
 72
     1
 10
31891.31131350746
 20
27598.65489338236
 11
34910.62196887596
 21
27914.92679046583
 72
     1
 10
34910.62196887596
 20
27914.92679046583
 11
38666.4099205317
 21
27652.29651267068
 72
     1
 10
38666.4099205317
 20
27652.29651267068
 11
39464.42863572313
 21
27596.49360804609
 97
        0
 75
     0
 76
     2
 52
0.0
 41
1.0
 77
     0
 78
     6
 53
0.0
 43
33535.311
 44
19353.85
 45
317.5
 46
317.5
 79
     2
 49
317.5
 49
-317.5
 53
0.0
 43
33535.311
 44
19472.912
 45
317.5
 46
317.5
 79
     2
 49
317.5
 49
-317.5
 53
0.0
 43
33535.311
 44
19591.975
 45
317.5
 46
317.5
 79
     2
 49
317.5
 49
-317.5
 53
90.0
 43
33574.999
 44
19631.662
 45
-317.5
 46
317.5
 79
     2
 49
317.5
 49
-317.5
 53
90.0
 43
33694.061
 44
19631.662
 45
-317.5
 46
317.5
 79
     2
 49
317.5
 49
-317.5
 53
90.0
 43
33813.124
 44
19631.662
 45
-317.5
 46
317.5
 79
     2
 49
317.5
 49
-317.5
 98
        1
 10
0.0
 20
0.0
1001
REVIT
1002
{
1070
     1
1000
2086512
1002
}
1002
{
1070
     5
1000
1616962
1002
}
1002
{
1070
     2
1000
-2002000
1002
}
  0
LINE
  5
69E
330
70
100
AcDbEntity
  8
A-DETL
100
AcDbLine
 10
41330.44550649941
 20
27930.0
 30
0.0
 11
40880.44550649941
 21
27930.0
 31
0.0
1001
REVIT
1002
{
1070
     1
1000
2086512
1002
}
1002
{
1070
     5
1000
1616962
1002
}
1002
{
1070
     2
1000
-2000051
1002
}
1002
{
1070
     3
1000
1933725
1002
}
  0
LINE
  5
69F
330
70
100
AcDbEntity
  8
A-DETL
100
AcDbLine
 10
40880.44550649941
 20
27930.0
 30
0.0
 11
40880.44550649941
 21
28589.99999999998
 31
0.0
1001
REVIT
1002
{
1070
     1
1000
2086512
1002
}
1002
{
1070
     5
1000
1616962
1002
}
1002
{
1070
     2
1000
-2000051
1002
}
1002
{
1070
     3
1000
1933725
1002
}
  0
LINE
  5
6A0
330
70
100
AcDbEntity
  8
A-DETL-THIN
100
AcDbLine
 10
29622.44348273721
 20
29421.8166496073
 30
0.0
 11
26655.44550522172
 21
29421.8166496073
 31
0.0
1001
REVIT
1002
{
1070
     1
1000
2086512
1002
}
1002
{
1070
     5
1000
1616962
1002
}
1002
{
1070
     2
1000
-2000051
1002
}
1002
{
1070
     3
1000
-2000042
1002
}
  0
HATCH
  5
6B9
330
70
100
AcDbEntity
  8
A-DETL-GENF
 62
     7
100
AcDbHatch
 10
0.0
 20
0.0
 30
0.0
210
0.0
220
0.0
230
1.0
  2
FP_9
 70
     0
 71
     0
 91
        1
 92
        1
 93
       24
 72
     1
 10
39471.22162445791
 20
28389.99999999998
 11
39580.44550649941
 21
28389.99999999998
 72
     1
 10
39580.44550649941
 20
28389.99999999998
 11
39580.44550649941
 21
28804.0
 72
     1
 10
39580.44550649941
 20
28804.0
 11
39420.4455064994
 21
28804.0
 72
     1
 10
39420.4455064994
 20
28804.0
 11
39420.4455064994
 21
28890.00000000001
 72
     1
 10
39420.4455064994
 20
28890.00000000001
 11
30775.44550576654
 21
28890.00000000004
 72
     1
 10
30775.44550576654
 20
28890.00000000004
 11
30775.44550576654
 21
28770.00000000001
 72
     1
 10
30775.44550576654
 20
28770.00000000001
 11
30550.4455057666
 21
28770.00000000001
 72
     1
 10
30550.4455057666
 20
28770.00000000001
 11
30550.4455057666
 21
28590.0
 72
     1
 10
30550.4455057666
 20
28590.0
 11
31515.44550576654
 21
28590.0
 72
     1
 10
31515.44550576654
 20
28590.0
 11
31515.44550576654
 21
28690.00000000001
 72
     1
 10
31515.44550576654
 20
28690.00000000001
 11
31615.44550576654
 21
28790.00000000001
 72
     1
 10
31615.44550576654
 20
28790.00000000001
 11
34030.44550628919
 21
28790.00000000001
 72
     1
 10
34030.44550628919
 20
28790.00000000001
 11
34090.44550628919
 21
28730.00000000001
 72
     1
 10
34090.44550628919
 20
28730.00000000001
 11
34390.4455062892
 21
28730.00000000001
 72
     1
 10
34390.4455062892
 20
28730.00000000001
 11
34450.4455062892
 21
28790.00000000001
 72
     1
 10
34450.4455062892
 20
28790.00000000001
 11
35610.44550649941
 21
28790.00000000001
 72
     1
 10
35610.44550649941
 20
28790.00000000001
 11
35670.44550649941
 21
28730.0
 72
     1
 10
35670.44550649941
 20
28730.0
 11
35970.44550649942
 21
28730.0
 72
     1
 10
35970.44550649942
 20
28730.0
 11
36030.44550649942
 21
28790.00000000001
 72
     1
 10
36030.44550649942
 20
28790.00000000001
 11
39030.4455064994
 21
28790.00000000001
 72
     1
 10
39030.4455064994
 20
28790.00000000001
 11
39130.44550649941
 21
28689.99999999998
 72
     1
 10
39130.44550649941
 20
28689.99999999998
 11
39130.44550649941
 21
28389.99999999998
 72
     1
 10
39130.44550649941
 20
28389.99999999998
 11
39202.95105648251
 21
28389.99999999998
 72
     1
 10
39202.95105648251
 20
28389.99999999998
 11
39471.22162445791
 21
28389.99999999998
 97
        0
 75
     0
 76
     2
 52
0.0
 41
1.0
 77
     0
 78
    17
 53
49.99999999999999
 43
33535.311
 44
19353.85
 45
728.73650110752
 46
-63.75582262483607
 79
     2
 49
76.2
 49
-838.2
 53
355.0
 43
33535.311
 44
19353.85
 45
-140.9716152248045
 46
764.2276025857151
 79
     2
 49
60.96
 49
-670.56
 53
100.451
 43
33596.039
 44
19348.537
 45
587.770006663837
 46
700.4667512811675
 79
     2
 49
64.76
 49
-712.36
 53
46.184
 43
33535.311
 44
19557.05
 45
1084.316239662759
 46
-168.1709612287867
 79
     2
 49
114.3
 49
-1257.3
 53
96.636
 43
33625.671
 44
19543.036
 45
949.6099128555585
 46
989.7098464133105
 79
     2
 49
97.14
 49
-1068.54
 53
351.184
 43
33535.311
 44
19557.05
 45
949.620552888774
 46
989.7011531044203
 79
     2
 49
91.44
 49
-1005.84
 53
21.0
 43
33636.911
 44
19506.25
 45
606.4578690252075
 46
-409.0605652741465
 79
     2
 49
76.2
 49
-838.2
 53
325.9999999999999
 43
33636.911
 44
19506.25
 45
247.208340968463
 46
736.752917204011
 79
     2
 49
60.96
 49
-670.56
 53
71.45100000000001
 43
33687.45
 44
19472.162
 45
853.6682507774542
 46
327.6854711435369
 79
     2
 49
64.76
 49
-712.36
 53
37.5
 43
33535.311
 44
19353.85
 45
12.35469342532113
 46
338.2201185742302
 79
     5
 49
33.528
 49
-628.904
 49
33.528
 49
-647.192
 49
-673.1
 53
37.5
 43
33535.311
 44
19353.85
 45
12.35469342532113
 46
338.2201185742302
 79
     3
 49
-1343.152
 49
33.528
 49
-639.572
 53
7.5
 43
33535.311
 44
19353.85
 45
267.2788744354337
 46
400.7221270887442
 79
     5
 49
33.528
 49
-354.584
 49
33.528
 49
-613.664
 49
-256.54
 53
7.5
 43
33535.311
 44
19353.85
 45
267.2788744354337
 46
400.7221270887442
 79
     3
 49
-1035.304
 49
33.528
 49
-223.012
 53
327.5
 43
33308.743
 44
19353.85
 45
542.363331518853
 46
-22.91534459201296
 79
     4
 49
33.528
 49
-220.472
 49
33.528
 49
-1810.512
 53
327.5
 43
33308.743
 44
19353.85
 45
542.363331518853
 46
-22.91534459201296
 79
     4
 49
-287.528
 49
-758.952
 49
33.528
 49
-1018.032
 53
317.5
 43
33207.143
 44
19353.85
 45
592.5169587678777
 46
101.7071067647936
 79
     5
 49
33.528
 49
-296.672
 49
33.528
 49
-492.76
 49
-746.76
 53
317.5
 43
33207.143
 44
19353.85
 45
592.5169587678777
 46
101.7071067647936
 79
     3
 49
-856.488
 49
33.528
 49
-713.232
 98
        1
 10
0.0
 20
0.0
1001
REVIT
1002
{
1070
     1
1000
2087633
1002
}
1002
{
1070
     5
1000
1936996
1002
}
1002
{
1070
     2
1000
-2002000
1002
}
  0
LINE
  5
6BA
330
70
100
AcDbEntity
  8
A-DETL-MEDM
100
AcDbLine
 10
30775.44550576654
 20
28770.0
 30
0.0
 11
30750.44550576654
 21
28770.0
 31
0.0
1001
REVIT
1002
{
1070
     1
1000
2087633
1002
}
1002
{
1070
     5
1000
1936996
1002
}
1002
{
1070
     2
1000
-2000051
1002
}
1002
{
1070
     3
1000
-2000043
1002
}
  0
LINE
  5
6BB
330
70
100
AcDbEntity
  8
A-DETL
100
AcDbLine
 10
30550.4455057666
 20
28590.0
 30
0.0
 11
31515.44550576654
 21
28590.0
 31
0.0
1001
REVIT
1002
{
1070
     1
1000
2087633
1002
}
1002
{
1070
     5
1000
1936996
1002
}
1002
{
1070
     2
1000
-2000051
1002
}
1002
{
1070
     3
1000
1933725
1002
}
  0
LINE
  5
6BC
330
70
100
AcDbEntity
  8
A-DETL
100
AcDbLine
 10
39130.44550649941
 20
28589.99999999997
 30
0.0
 11
39130.44550649941
 21
28389.99999999998
 31
0.0
1001
REVIT
1002
{
1070
     1
1000
2087633
1002
}
1002
{
1070
     5
1000
1936996
1002
}
1002
{
1070
     2
1000
-2000051
1002
}
1002
{
1070
     3
1000
1933725
1002
}
  0
LINE
  5
6BD
330
70
100
AcDbEntity
  8
A-DETL
100
AcDbLine
 10
39130.44550649941
 20
28389.99999999998
 30
0.0
 11
39580.44550649941
 21
28389.99999999998
 31
0.0
1001
REVIT
1002
{
1070
     1
1000
2087633
1002
}
1002
{
1070
     5
1000
1936996
1002
}
1002
{
1070
     2
1000
-2000051
1002
}
1002
{
1070
     3
1000
1933725
1002
}
  0
LINE
  5
6BE
330
70
100
AcDbEntity
  8
A-DETL-MEDM
100
AcDbLine
 10
39580.44550649941
 20
28389.99999999998
 30
0.0
 11
39580.44550649941
 21
28804.0
 31
0.0
1001
REVIT
1002
{
1070
     1
1000
2087633
1002
}
1002
{
1070
     5
1000
1936996
1002
}
1002
{
1070
     2
1000
-2000051
1002
}
1002
{
1070
     3
1000
-2000043
1002
}
  0
LINE
  5
6BF
330
70
100
AcDbEntity
  8
A-DETL-MEDM
100
AcDbLine
 10
39580.44550649941
 20
28804.0
 30
0.0
 11
39420.44550649941
 21
28804.0
 31
0.0
1001
REVIT
1002
{
1070
     1
1000
2087633
1002
}
1002
{
1070
     5
1000
1936996
1002
}
1002
{
1070
     2
1000
-2000051
1002
}
1002
{
1070
     3
1000
-2000043
1002
}
  0
LINE
  5
6C0
330
70
100
AcDbEntity
  8
A-DETL-MEDM
100
AcDbLine
 10
39420.44550649941
 20
28804.0
 30
0.0
 11
39420.44550649941
 21
28890.0
 31
0.0
1001
REVIT
1002
{
1070
     1
1000
2087633
1002
}
1002
{
1070
     5
1000
1936996
1002
}
1002
{
1070
     2
1000
-2000051
1002
}
1002
{
1070
     3
1000
-2000043
1002
}
  0
LINE
  5
6C1
330
70
100
AcDbEntity
  8
A-DETL-MEDM
100
AcDbLine
 10
39420.44550649941
 20
28890.0
 30
0.0
 11
30775.44550576654
 21
28890.00000000003
 31
0.0
1001
REVIT
1002
{
1070
     1
1000
2087633
1002
}
1002
{
1070
     5
1000
1936996
1002
}
1002
{
1070
     2
1000
-2000051
1002
}
1002
{
1070
     3
1000
-2000043
1002
}
  0
LINE
  5
6C2
330
70
100
AcDbEntity
  8
A-DETL-MEDM
100
AcDbLine
 10
30775.44550576654
 20
28890.00000000003
 30
0.0
 11
30775.44550576654
 21
28770.0
 31
0.0
1001
REVIT
1002
{
1070
     1
1000
2087633
1002
}
1002
{
1070
     5
1000
1936996
1002
}
1002
{
1070
     2
1000
-2000051
1002
}
1002
{
1070
     3
1000
-2000043
1002
}
  0
LINE
  5
6C3
330
70
100
AcDbEntity
  8
A-DETL-THIN
100
AcDbLine
 10
38955.4455057421
 20
36235.0
 30
0.0
 11
39166.29619649057
 21
36235.0
 31
0.0
1001
REVIT
1002
{
1070
     1
1000
2088615
1002
}
1002
{
1070
     5
1000
1363608
1002
}
1002
{
1070
     2
1000
-2000051
1002
}
1002
{
1070
     3
1000
-2000042
1002
}
  0
LINE
  5
6C4
330
70
100
AcDbEntity
  8
A-DETL-THIN
100
AcDbLine
 10
38955.4455057421
 20
36323.51490305612
 30
0.0
 11
38955.4455057421
 21
36235.0
 31
0.0
1001
REVIT
1002
{
1070
     1
1000
2088615
1002
}
1002
{
1070
     5
1000
1363608
1002
}
1002
{
1070
     2
1000
-2000051
1002
}
1002
{
1070
     3
1000
-2000042
1002
}
  0
LINE
  5
6C5
330
70
100
AcDbEntity
  8
A-DETL-THIN
100
AcDbLine
 10
38955.4455057421
 20
36323.51490305612
 30
0.0
 11
39166.29619649057
 21
36323.51490305612
 31
0.0
1001
REVIT
1002
{
1070
     1
1000
2088809
1002
}
1002
{
1070
     5
1000
1363608
1002
}
1002
{
1070
     2
1000
-2000051
1002
}
1002
{
1070
     3
1000
-2000042
1002
}
  0
LINE
  5
6C6
330
70
100
AcDbEntity
  8
A-DETL-MEDM
100
AcDbLine
 10
39166.29619649057
 20
36428.01616285498
 30
0.0
 11
38955.4455057421
 21
36428.01616285498
 31
0.0
1001
REVIT
1002
{
1070
     1
1000
2088809
1002
}
1002
{
1070
     5
1000
1363608
1002
}
1002
{
1070
     2
1000
-2000051
1002
}
1002
{
1070
     3
1000
-2000043
1002
}
  0
LINE
  5
6C7
330
70
100
AcDbEntity
  8
A-DETL-THIN
100
AcDbLine
 10
38955.4455057421
 20
36428.01616285498
 30
0.0
 11
38955.4455057421
 21
36323.51490305612
 31
0.0
1001
REVIT
1002
{
1070
     1
1000
2088809
1002
}
1002
{
1070
     5
1000
1363608
1002
}
1002
{
1070
     2
1000
-2000051
1002
}
1002
{
1070
     3
1000
-2000042
1002
}
  0
HATCH
  5
6D8
330
70
100
AcDbEntity
  8
A-DETL-GENF
 62
     8
100
AcDbHatch
 10
0.0
 20
0.0
 30
0.0
210
0.0
220
0.0
230
1.0
  2
FP_10
 70
     0
 71
     0
 91
        1
 92
        1
 93
       16
 72
     1
 10
39068.81577249481
 20
28589.99999999998
 11
39130.44550649941
 21
28589.99999999998
 72
     1
 10
39130.44550649941
 20
28589.99999999998
 11
39130.44550649941
 21
28689.99999999999
 72
     1
 10
39130.44550649941
 20
28689.99999999999
 11
39030.4455064994
 21
28790.00000000001
 72
     1
 10
39030.4455064994
 20
28790.00000000001
 11
36030.44550649942
 21
28790.00000000001
 72
     1
 10
36030.44550649942
 20
28790.00000000001
 11
35970.44550649942
 21
28730.0
 72
     1
 10
35970.44550649942
 20
28730.0
 11
35670.44550649941
 21
28730.0
 72
     1
 10
35670.44550649941
 20
28730.0
 11
35610.44550649941
 21
28790.00000000001
 72
     1
 10
35610.44550649941
 20
28790.00000000001
 11
34450.4455062892
 21
28790.00000000001
 72
     1
 10
34450.4455062892
 20
28790.00000000001
 11
34390.4455062892
 21
28730.00000000001
 72
     1
 10
34390.4455062892
 20
28730.00000000001
 11
34090.44550628919
 21
28730.00000000001
 72
     1
 10
34090.44550628919
 20
28730.00000000001
 11
34030.44550628919
 21
28790.00000000001
 72
     1
 10
34030.44550628919
 20
28790.00000000001
 11
31615.44550576654
 21
28790.00000000001
 72
     1
 10
31615.44550576654
 20
28790.00000000001
 11
31515.44550576654
 21
28690.00000000001
 72
     1
 10
31515.44550576654
 20
28690.00000000001
 11
31515.44550576654
 21
28590.00000000001
 72
     1
 10
31515.44550576654
 20
28590.00000000001
 11
39001.74813050096
 21
28589.99999999998
 72
     1
 10
39001.74813050096
 20
28589.99999999998
 11
39068.81577249481
 21
28589.99999999998
 97
        0
 75
     0
 76
     2
 52
0.0
 41
1.0
 77
     0
 78
     6
 53
0.0
 43
33535.311
 44
19353.85
 45
317.5
 46
317.5
 79
     2
 49
317.5
 49
-317.5
 53
0.0
 43
33535.311
 44
19472.912
 45
317.5
 46
317.5
 79
     2
 49
317.5
 49
-317.5
 53
0.0
 43
33535.311
 44
19591.975
 45
317.5
 46
317.5
 79
     2
 49
317.5
 49
-317.5
 53
90.0
 43
33574.999
 44
19631.662
 45
-317.5
 46
317.5
 79
     2
 49
317.5
 49
-317.5
 53
90.0
 43
33694.061
 44
19631.662
 45
-317.5
 46
317.5
 79
     2
 49
317.5
 49
-317.5
 53
90.0
 43
33813.124
 44
19631.662
 45
-317.5
 46
317.5
 79
     2
 49
317.5
 49
-317.5
 98
        1
 10
0.0
 20
0.0
1001
REVIT
1002
{
1070
     1
1000
2089086
1002
}
1002
{
1070
     5
1000
1616962
1002
}
1002
{
1070
     2
1000
-2002000
1002
}
  0
LINE
  5
6D9
330
70
100
AcDbEntity
  8
A-DETL-MEDM
100
AcDbLine
 10
31515.44550576654
 20
28690.0
 30
0.0
 11
31515.44550576654
 21
28590.00000000001
 31
0.0
1001
REVIT
1002
{
1070
     1
1000
2089086
1002
}
1002
{
1070
     5
1000
1616962
1002
}
1002
{
1070
     2
1000
-2000051
1002
}
1002
{
1070
     3
1000
-2000043
1002
}
  0
LINE
  5
6DA
330
70
100
AcDbEntity
  8
A-DETL-MEDM
100
AcDbLine
 10
39130.44550649941
 20
28589.99999999997
 30
0.0
 11
39130.44550649941
 21
28689.99999999998
 31
0.0
1001
REVIT
1002
{
1070
     1
1000
2089086
1002
}
1002
{
1070
     5
1000
1616962
1002
}
1002
{
1070
     2
1000
-2000051
1002
}
1002
{
1070
     3
1000
-2000043
1002
}
  0
LINE
  5
6DB
330
70
100
AcDbEntity
  8
A-DETL
100
AcDbLine
 10
39130.44550649941
 20
28689.99999999998
 30
0.0
 11
39030.4455064994
 21
28790.0
 31
0.0
1001
REVIT
1002
{
1070
     1
1000
2089086
1002
}
1002
{
1070
     5
1000
1616962
1002
}
1002
{
1070
     2
1000
-2000051
1002
}
1002
{
1070
     3
1000
1933725
1002
}
  0
LINE
  5
6DC
330
70
100
AcDbEntity
  8
A-DETL-MEDM
100
AcDbLine
 10
39030.4455064994
 20
28790.0
 30
0.0
 11
36030.44550649942
 21
28790.0
 31
0.0
1001
REVIT
1002
{
1070
     1
1000
2089086
1002
}
1002
{
1070
     5
1000
1616962
1002
}
1002
{
1070
     2
1000
-2000051
1002
}
1002
{
1070
     3
1000
-2000043
1002
}
  0
LINE
  5
6DD
330
70
100
AcDbEntity
  8
A-DETL
100
AcDbLine
 10
36030.44550649942
 20
28790.0
 30
0.0
 11
35970.44550649942
 21
28730.0
 31
0.0
1001
REVIT
1002
{
1070
     1
1000
2089086
1002
}
1002
{
1070
     5
1000
1616962
1002
}
1002
{
1070
     2
1000
-2000051
1002
}
1002
{
1070
     3
1000
1933725
1002
}
  0
LINE
  5
6DE
330
70
100
AcDbEntity
  8
A-DETL
100
AcDbLine
 10
35970.44550649942
 20
28730.0
 30
0.0
 11
35670.44550649941
 21
28730.0
 31
0.0
1001
REVIT
1002
{
1070
     1
1000
2089086
1002
}
1002
{
1070
     5
1000
1616962
1002
}
1002
{
1070
     2
1000
-2000051
1002
}
1002
{
1070
     3
1000
1933725
1002
}
  0
LINE
  5
6DF
330
70
100
AcDbEntity
  8
A-DETL
100
AcDbLine
 10
35670.44550649941
 20
28730.0
 30
0.0
 11
35610.44550649941
 21
28790.0
 31
0.0
1001
REVIT
1002
{
1070
     1
1000
2089086
1002
}
1002
{
1070
     5
1000
1616962
1002
}
1002
{
1070
     2
1000
-2000051
1002
}
1002
{
1070
     3
1000
1933725
1002
}
  0
LINE
  5
6E0
330
70
100
AcDbEntity
  8
A-DETL-MEDM
100
AcDbLine
 10
35610.44550649941
 20
28790.0
 30
0.0
 11
34450.4455062892
 21
28790.0
 31
0.0
1001
REVIT
1002
{
1070
     1
1000
2089086
1002
}
1002
{
1070
     5
1000
1616962
1002
}
1002
{
1070
     2
1000
-2000051
1002
}
1002
{
1070
     3
1000
-2000043
1002
}
  0
LINE
  5
6E1
330
70
100
AcDbEntity
  8
A-DETL
100
AcDbLine
 10
34450.4455062892
 20
28790.0
 30
0.0
 11
34390.4455062892
 21
28730.0
 31
0.0
1001
REVIT
1002
{
1070
     1
1000
2089086
1002
}
1002
{
1070
     5
1000
1616962
1002
}
1002
{
1070
     2
1000
-2000051
1002
}
1002
{
1070
     3
1000
1933725
1002
}
  0
LINE
  5
6E2
330
70
100
AcDbEntity
  8
A-DETL
100
AcDbLine
 10
34390.4455062892
 20
28730.0
 30
0.0
 11
34090.44550628919
 21
28730.0
 31
0.0
1001
REVIT
1002
{
1070
     1
1000
2089086
1002
}
1002
{
1070
     5
1000
1616962
1002
}
1002
{
1070
     2
1000
-2000051
1002
}
1002
{
1070
     3
1000
1933725
1002
}
  0
LINE
  5
6E3
330
70
100
AcDbEntity
  8
A-DETL
100
AcDbLine
 10
34090.44550628919
 20
28730.0
 30
0.0
 11
34030.44550628919
 21
28790.0
 31
0.0
1001
REVIT
1002
{
1070
     1
1000
2089086
1002
}
1002
{
1070
     5
1000
1616962
1002
}
1002
{
1070
     2
1000
-2000051
1002
}
1002
{
1070
     3
1000
1933725
1002
}
  0
LINE
  5
6E4
330
70
100
AcDbEntity
  8
A-DETL-MEDM
100
AcDbLine
 10
34030.44550628919
 20
28790.0
 30
0.0
 11
31615.44550576654
 21
28790.0
 31
0.0
1001
REVIT
1002
{
1070
     1
1000
2089086
1002
}
1002
{
1070
     5
1000
1616962
1002
}
1002
{
1070
     2
1000
-2000051
1002
}
1002
{
1070
     3
1000
-2000043
1002
}
  0
LINE
  5
6E5
330
70
100
AcDbEntity
  8
A-DETL
100
AcDbLine
 10
31615.44550576654
 20
28790.0
 30
0.0
 11
31515.44550576654
 21
28690.0
 31
0.0
1001
REVIT
1002
{
1070
     1
1000
2089086
1002
}
1002
{
1070
     5
1000
1616962
1002
}
1002
{
1070
     2
1000
-2000051
1002
}
1002
{
1070
     3
1000
1933725
1002
}
  0
LINE
  5
6E7
330
70
100
AcDbEntity
  8
A-DETL-WIDE
100
AcDbLine
 10
25258.58598459679
 20
30443.272910911
 30
0.0
 11
26104.30934330411
 21
30135.45478191789
 31
0.0
1001
REVIT
1002
{
1070
     1
1000
2080546
1002
}
1002
{
1070
     2
1000
-2000051
1002
}
1002
{
1070
     3
1000
-2000044
1002
}
  0
LINE
  5
6E8
330
70
100
AcDbEntity
  8
A-DETL-WIDE
100
AcDbLine
 10
26104.30934330411
 20
30135.45478191789
 30
0.0
 11
26655.44550522172
 21
30135.45478191789
 31
0.0
1001
REVIT
1002
{
1070
     1
1000
2080583
1002
}
1002
{
1070
     2
1000
-2000051
1002
}
1002
{
1070
     3
1000
-2000044
1002
}
  0
LINE
  5
6E9
330
70
100
AcDbEntity
  8
A-DETL
  6
Dash 2_5mm
100
AcDbLine
 10
27404.3093433041
 20
30135.45478191789
 30
0.0
 11
29774.76136073244
 21
29760.01206582132
 31
0.0
1001
REVIT
1002
{
1070
     1
1000
2080626
1002
}
1002
{
1070
     2
1000
-2000051
1002
}
1002
{
1070
     3
1000
528232
1002
}
  0
LINE
  5
6EA
330
70
100
AcDbEntity
  8
A-DETL
  6
Dash 2_5mm
100
AcDbLine
 10
29774.76136073243
 20
29760.01206582132
 30
0.0
 11
34185.44550578968
 21
29760.01206582131
 31
0.0
1001
REVIT
1002
{
1070
     1
1000
2080673
1002
}
1002
{
1070
     2
1000
-2000051
1002
}
1002
{
1070
     3
1000
528232
1002
}
  0
LINE
  5
6EB
330
70
100
AcDbEntity
  8
A-DETL
  6
Dash 2_5mm
100
AcDbLine
 10
34185.44550578968
 20
29760.01206582131
 30
0.0
 11
37985.44550578942
 21
29760.0120658213
 31
0.0
1001
REVIT
1002
{
1070
     1
1000
2080728
1002
}
1002
{
1070
     2
1000
-2000051
1002
}
1002
{
1070
     3
1000
528232
1002
}
  0
LINE
  5
6EC
330
70
100
AcDbEntity
  8
A-DETL
  6
Dash 2_5mm
100
AcDbLine
 10
37985.44550578943
 20
29760.01206582129
 30
0.0
 11
41080.44550649941
 21
29829.03047562282
 31
0.0
1001
REVIT
1002
{
1070
     1
1000
2080757
1002
}
1002
{
1070
     2
1000
-2000051
1002
}
1002
{
1070
     3
1000
528232
1002
}
  0
LINE
  5
6ED
330
70
100
AcDbEntity
  8
A-DETL-WIDE
100
AcDbLine
 10
40880.44550649941
 20
28590.0
 30
0.0
 11
39580.44550649941
 21
28590.0
 31
0.0
1001
REVIT
1002
{
1070
     1
1000
2086309
1002
}
1002
{
1070
     2
1000
-2000051
1002
}
1002
{
1070
     3
1000
-2000044
1002
}
  0
LINE
  5
6EE
330
70
100
AcDbEntity
  8
A-DETL
  6
Dash 2_5mm
100
AcDbLine
 10
26455.44550522168
 20
30135.45478191789
 30
0.0
 11
27404.3093433041
 21
30135.45478191789
 31
0.0
1001
REVIT
1002
{
1070
     1
1000
2086348
1002
}
1002
{
1070
     2
1000
-2000051
1002
}
1002
{
1070
     3
1000
528232
1002
}
  0
LINE
  5
6EF
330
70
100
AcDbEntity
  8
A-DETL-WIDE
100
AcDbLine
 10
41080.44550649941
 20
29829.03047562282
 30
0.0
 11
41885.65673623661
 21
29846.98666257534
 31
0.0
1001
REVIT
1002
{
1070
     1
1000
2086489
1002
}
1002
{
1070
     2
1000
-2000051
1002
}
1002
{
1070
     3
1000
-2000044
1002
}
  0
LINE
  5
6F0
330
70
100
AcDbEntity
  8
A-DETL-THIN
100
AcDbLine
 10
35465.44550578968
 20
34399.99999999999
 30
0.0
 11
35465.44550578968
 21
34639.99999999805
 31
0.0
1001
REVIT
1002
{
1070
     1
1000
2087437
1002
}
1002
{
1070
     2
1000
-2000051
1002
}
1002
{
1070
     3
1000
-2000042
1002
}
  0
LINE
  5
6F1
330
70
100
AcDbEntity
  8
A-DETL-THIN
100
AcDbLine
 10
34325.44550578969
 20
34399.99999999999
 30
0.0
 11
34325.44550578969
 21
34639.99999999805
 31
0.0
1001
REVIT
1002
{
1070
     1
1000
2087503
1002
}
1002
{
1070
     2
1000
-2000051
1002
}
1002
{
1070
     3
1000
-2000042
1002
}
  0
HATCH
  5
6F7
330
70
100
AcDbEntity
  8
A-DETL-GENF
 62
     7
100
AcDbHatch
 10
0.0
 20
0.0
 30
0.0
210
0.0
220
0.0
230
1.0
  2
FP_11
 70
     0
 71
     0
 91
        1
 92
        1
 93
        5
 72
     1
 10
30265.20274847654
 20
28308.5249443111
 11
30550.44550576653
 21
28368.18127562762
 72
     1
 10
30550.44550576653
 20
28368.18127562762
 11
30550.44550576653
 21
29421.81664960731
 72
     1
 10
30550.44550576653
 20
29421.81664960731
 11
29622.4434827372
 21
29421.81664960731
 72
     1
 10
29622.4434827372
 20
29421.81664960731
 11
30071.05847314172
 21
28644.79269318965
 72
     1
 10
30071.05847314172
 20
28644.79269318965
 11
30265.20274847654
 21
28308.5249443111
 97
        0
 75
     0
 76
     2
 52
0.0
 41
1.0
 77
     0
 78
     1
 53
45.0
 43
33535.311
 44
19353.85
 45
-141.4213562373095
 46
141.4213562373095
 79
     0
 98
        1
 10
0.0
 20
0.0
1001
REVIT
1002
{
1070
     1
1000
2314818
1002
}
1002
{
1070
     5
1000
1690443
1002
}
1002
{
1070
     2
1000
-2002000
1002
}
  0
LINE
  5
6F8
330
70
100
AcDbEntity
  8
A-DETL-WIDE
100
AcDbLine
 10
30550.44550576654
 20
29421.8166496073
 30
0.0
 11
29622.44348273721
 21
29421.8166496073
 31
0.0
1001
REVIT
1002
{
1070
     1
1000
2314818
1002
}
1002
{
1070
     5
1000
1690443
1002
}
1002
{
1070
     2
1000
-2000051
1002
}
1002
{
1070
     3
1000
-2000044
1002
}
  0
LINE
  5
6F9
330
70
100
AcDbEntity
  8
A-DETL-THIN
100
AcDbLine
 10
29622.44348273721
 20
29421.8166496073
 30
0.0
 11
30265.20274847655
 21
28308.5249443111
 31
0.0
1001
REVIT
1002
{
1070
     1
1000
2314818
1002
}
1002
{
1070
     5
1000
1690443
1002
}
1002
{
1070
     2
1000
-2000051
1002
}
1002
{
1070
     3
1000
-2000042
1002
}
  0
LINE
  5
6FA
330
70
100
AcDbEntity
  8
A-DETL-THIN
100
AcDbLine
 10
30265.20274847655
 20
28308.5249443111
 30
0.0
 11
30550.44550576654
 21
28368.18127562761
 31
0.0
1001
REVIT
1002
{
1070
     1
1000
2314818
1002
}
1002
{
1070
     5
1000
1690443
1002
}
1002
{
1070
     2
1000
-2000051
1002
}
1002
{
1070
     3
1000
-2000042
1002
}
  0
LINE
  5
6FB
330
70
100
AcDbEntity
  8
A-DETL
100
AcDbLine
 10
30550.44550576654
 20
28368.18127562761
 30
0.0
 11
30550.44550576654
 21
28770.00000000001
 31
0.0
1001
REVIT
1002
{
1070
     1
1000
2314818
1002
}
1002
{
1070
     5
1000
1690443
1002
}
1002
{
1070
     2
1000
-2000051
1002
}
1002
{
1070
     3
1000
1933725
1002
}
  0
CIRCLE
  5
6FC
330
70
100
AcDbEntity
  8
A-DETL-MEDM
100
AcDbCircle
 10
30345.2655095182
 20
28457.7229629132
 30
0.0
 40
100.0
1001
REVIT
1002
{
1070
     1
1000
2314815
1002
}
1002
{
1070
     2
1000
-2000051
1002
}
1002
{
1070
     3
1000
-2000043
1002
}
  0
LINE
  5
6FD
330
70
100
AcDbEntity
  8
A-DETL-WIDE
100
AcDbLine
 10
29743.23866689786
 20
29421.8166496073
 30
0.0
 11
26655.44550522172
 21
29421.8166496073
 31
0.0
1001
REVIT
1002
{
1070
     1
1000
2315246
1002
}
1002
{
1070
     2
1000
-2000051
1002
}
1002
{
1070
     3
1000
-2000044
1002
}
  0
LINE
  5
6FE
330
70
100
AcDbEntity
  8
A-DETL-WIDE
100
AcDbLine
 10
26655.44550522172
 20
29421.8166496073
 30
0.0
 11
26655.44550522172
 21
30135.45478191789
 31
0.0
1001
REVIT
1002
{
1070
     1
1000
2322386
1002
}
1002
{
1070
     2
1000
-2000051
1002
}
1002
{
1070
     3
1000
-2000044
1002
}
  0
HATCH
  5
704
330
70
100
AcDbEntity
  8
A-DETL-GENF
 62
     7
100
AcDbHatch
 10
0.0
 20
0.0
 30
0.0
210
0.0
220
0.0
230
1.0
  2
FP_5
 70
     0
 71
     0
 91
        1
 92
        1
 93
        5
 72
     1
 10
26950.64550522171
 20
29121.81664960731
 11
26950.64550522171
 21
29421.81664960731
 72
     1
 10
26950.64550522171
 20
29421.81664960731
 11
26350.64550522171
 21
29421.81664960731
 72
     1
 10
26350.64550522171
 20
29421.81664960731
 11
26350.64550522171
 21
29121.81664960731
 72
     1
 10
26350.64550522171
 20
29121.81664960731
 11
26862.50492961368
 21
29121.81664960731
 72
     1
 10
26862.50492961368
 20
29121.81664960731
 11
26950.64550522171
 21
29121.81664960731
 97
        0
 75
     0
 76
     2
 52
0.0
 41
1.0
 77
     0
 78
    17
 53
49.99999999999999
 43
33535.311
 44
19353.85
 45
582.9890969798607
 46
-51.00509307516802
 79
     2
 49
60.96
 49
-670.56
 53
355.0
 43
33535.311
 44
19353.85
 45
-112.7767293253219
 46
611.3816312972472
 79
     2
 49
48.768
 49
-536.448
 53
100.451
 43
33583.894
 44
19349.6
 45
470.2160778888968
 46
560.3730076607749
 79
     2
 49
51.808
 49
-569.888
 53
46.184
 43
33535.311
 44
19516.41
 45
867.4527089478838
 46
-134.5367748274727
 79
     2
 49
91.44
 49
-1005.84
 53
96.636
 43
33607.599
 44
19505.199
 45
759.6879071721903
 46
791.7680757907189
 79
     2
 49
77.712
 49
-854.832
 53
351.184
 43
33535.311
 44
19516.41
 45
759.6960163844116
 46
791.7607861511301
 79
     2
 49
73.152
 49
-804.672
 53
21.0
 43
33616.591
 44
19475.77
 45
485.1659934615853
 46
-327.2487822825823
 79
     2
 49
60.96
 49
-670.56
 53
325.9999999999999
 43
33616.591
 44
19475.77
 45
197.7669465201526
 46
589.4016666324376
 79
     2
 49
48.768
 49
-536.448
 53
71.45100000000001
 43
33657.02200000001
 44
19448.499
 45
682.9344733757403
 46
262.1479976940511
 79
     2
 49
51.808
 49
-569.888
 53
37.5
 43
33535.311
 44
19353.85
 45
9.883035223681148
 46
270.5760469438628
 79
     5
 49
26.822
 49
-503.123
 49
26.822
 49
-517.754
 49
-538.48
 53
37.5
 43
33535.311
 44
19353.85
 45
9.883035223681148
 46
270.5760469438628
 79
     3
 49
-1074.522
 49
26.822
 49
-511.658
 53
7.5
 43
33535.311
 44
19353.85
 45
213.8224524709532
 46
320.5780199332246
 79
     5
 49
26.822
 49
-283.667
 49
26.822
 49
-490.931
 49
-205.232
 53
7.5
 43
33535.311
 44
19353.85
 45
213.8224524709532
 46
320.5780199332246
 79
     3
 49
-828.243
 49
26.822
 49
-178.41
 53
327.5
 43
33354.057
 44
19353.85
 45
433.8910025716608
 46
-18.33249059345368
 79
     5
 49
26.822
 49
-176.378
 49
26.822
 49
-607.1619999999999
 49
-841.248
 53
327.5
 43
33354.057
 44
19353.85
 45
433.8910025716608
 46
-18.33249059345368
 79
     3
 49
-837.184
 49
26.822
 49
-814.426
 53
317.5
 43
33272.777
 44
19353.85
 45
474.0138619252369
 46
81.36541517575179
 79
     5
 49
26.822
 49
-237.338
 49
26.822
 49
-394.208
 49
-597.408
 53
317.5
 43
33272.777
 44
19353.85
 45
474.0138619252369
 46
81.36541517575179
 79
     3
 49
-685.19
 49
26.822
 49
-570.586
 98
        1
 10
0.0
 20
0.0
1001
REVIT
1002
{
1070
     1
1000
2335076
1002
}
1002
{
1070
     5
1000
1607638
1002
}
1002
{
1070
     2
1000
-2002000
1002
}
  0
LINE
  5
705
330
70
100
AcDbEntity
  8
A-DETL
100
AcDbLine
 10
26950.64550522172
 20
29421.8166496073
 30
0.0
 11
26350.64550522172
 21
29421.8166496073
 31
0.0
1001
REVIT
1002
{
1070
     1
1000
2335076
1002
}
1002
{
1070
     5
1000
1607638
1002
}
1002
{
1070
     2
1000
-2000051
1002
}
1002
{
1070
     3
1000
1933725
1002
}
  0
LINE
  5
706
330
70
100
AcDbEntity
  8
A-DETL
100
AcDbLine
 10
26350.64550522172
 20
29421.8166496073
 30
0.0
 11
26350.64550522172
 21
29121.8166496073
 31
0.0
1001
REVIT
1002
{
1070
     1
1000
2335076
1002
}
1002
{
1070
     5
1000
1607638
1002
}
1002
{
1070
     2
1000
-2000051
1002
}
1002
{
1070
     3
1000
1933725
1002
}
  0
LINE
  5
707
330
70
100
AcDbEntity
  8
A-DETL
100
AcDbLine
 10
26350.64550522172
 20
29121.8166496073
 30
0.0
 11
26950.64550522172
 21
29121.8166496073
 31
0.0
1001
REVIT
1002
{
1070
     1
1000
2335076
1002
}
1002
{
1070
     5
1000
1607638
1002
}
1002
{
1070
     2
1000
-2000051
1002
}
1002
{
1070
     3
1000
1933725
1002
}
  0
LINE
  5
708
330
70
100
AcDbEntity
  8
A-DETL
100
AcDbLine
 10
26950.64550522172
 20
29121.8166496073
 30
0.0
 11
26950.64550522172
 21
29421.8166496073
 31
0.0
1001
REVIT
1002
{
1070
     1
1000
2335076
1002
}
1002
{
1070
     5
1000
1607638
1002
}
1002
{
1070
     2
1000
-2000051
1002
}
1002
{
1070
     3
1000
1933725
1002
}
  0
LINE
  5
709
330
70
100
AcDbEntity
  8
A-DETL-THIN
100
AcDbLine
 10
35875.44550645956
 20
32080.0
 30
0.0
 11
35875.44550645956
 21
32110.00000000001
 31
0.0
1001
REVIT
1002
{
1070
     1
1000
2293684
1002
}
1002
{
1070
     5
1000
1417103
1002
}
1002
{
1070
     2
1000
-2000051
1002
}
1002
{
1070
     3
1000
-2000042
1002
}
  0
LINE
  5
70A
330
70
100
AcDbEntity
  8
A-DETL-THIN
100
AcDbLine
 10
35875.44550645956
 20
32110.00000000001
 30
0.0
 11
35765.44550645955
 21
32110.00000000001
 31
0.0
1001
REVIT
1002
{
1070
     1
1000
2293684
1002
}
1002
{
1070
     5
1000
1417103
1002
}
1002
{
1070
     2
1000
-2000051
1002
}
1002
{
1070
     3
1000
-2000042
1002
}
  0
LINE
  5
70B
330
70
100
AcDbEntity
  8
A-DETL-THIN
100
AcDbLine
 10
35765.44550645955
 20
32080.0
 30
0.0
 11
35875.44550645956
 21
32080.0
 31
0.0
1001
REVIT
1002
{
1070
     1
1000
2293684
1002
}
1002
{
1070
     5
1000
1417103
1002
}
1002
{
1070
     2
1000
-2000051
1002
}
1002
{
1070
     3
1000
-2000042
1002
}
  0
LINE
  5
70C
330
70
100
AcDbEntity
  8
A-DETL-THIN
100
AcDbLine
 10
37670.44550643594
 20
35160.0
 30
0.0
 11
37670.44550643594
 21
35190.00000000001
 31
0.0
1001
REVIT
1002
{
1070
     1
1000
2293778
1002
}
1002
{
1070
     5
1000
1417103
1002
}
1002
{
1070
     2
1000
-2000051
1002
}
1002
{
1070
     3
1000
-2000042
1002
}
  0
LINE
  5
70D
330
70
100
AcDbEntity
  8
A-DETL-THIN
100
AcDbLine
 10
37670.44550643594
 20
35190.00000000001
 30
0.0
 11
37560.44550643592
 21
35190.00000000001
 31
0.0
1001
REVIT
1002
{
1070
     1
1000
2293778
1002
}
1002
{
1070
     5
1000
1417103
1002
}
1002
{
1070
     2
1000
-2000051
1002
}
1002
{
1070
     3
1000
-2000042
1002
}
  0
LINE
  5
70E
330
70
100
AcDbEntity
  8
A-DETL-THIN
100
AcDbLine
 10
37560.44550643592
 20
35190.00000000001
 30
0.0
 11
37560.44550643592
 21
35160.0
 31
0.0
1001
REVIT
1002
{
1070
     1
1000
2293778
1002
}
1002
{
1070
     5
1000
1417103
1002
}
1002
{
1070
     2
1000
-2000051
1002
}
1002
{
1070
     3
1000
-2000042
1002
}
  0
LINE
  5
70F
330
70
100
AcDbEntity
  8
A-DETL-THIN
100
AcDbLine
 10
37560.44550643592
 20
35160.0
 30
0.0
 11
37670.44550643594
 21
35160.0
 31
0.0
1001
REVIT
1002
{
1070
     1
1000
2293778
1002
}
1002
{
1070
     5
1000
1417103
1002
}
1002
{
1070
     2
1000
-2000051
1002
}
1002
{
1070
     3
1000
-2000042
1002
}
  0
HATCH
  5
71F
330
70
100
AcDbEntity
  8
A-DETL-GENF
 62
     7
100
AcDbHatch
 10
0.0
 20
0.0
 30
0.0
210
0.0
220
0.0
230
1.0
  2
FP_5
 70
     0
 71
     0
 91
        1
 92
        1
 93
       15
 72
     1
 10
35765.4455065043
 20
35190.00000000002
 11
38955.44550574211
 21
35190.00000000002
 72
     1
 10
38955.44550574211
 20
35190.00000000002
 11
38955.44550574211
 21
36225.04218757815
 72
     1
 10
38955.44550574211
 20
36225.04218757815
 11
39025.44550574212
 21
36225.04218757815
 72
     1
 10
39025.44550574212
 20
36225.04218757815
 11
39025.44550574212
 21
36235.00000000002
 72
     1
 10
39025.44550574212
 20
36235.00000000002
 11
38955.44550574211
 21
36235.00000000002
 72
     1
 10
38955.44550574211
 20
36235.00000000002
 11
38955.44550574211
 21
36428.01616285499
 72
     1
 10
38955.44550574211
 20
36428.01616285499
 11
39025.44550574212
 21
36428.01616285499
 72
     1
 10
39025.44550574212
 20
36428.01616285499
 11
39025.44550574212
 21
36590.00000000002
 72
     1
 10
39025.44550574212
 20
36590.00000000002
 11
38865.44550574212
 21
36590.00000000002
 72
     1
 10
38865.44550574212
 20
36590.00000000002
 11
38865.44550574212
 21
35390.00000000002
 72
     1
 10
38865.44550574212
 20
35390.00000000002
 11
35855.4455065043
 21
35390.00000000002
 72
     1
 10
35855.4455065043
 20
35390.00000000002
 11
35855.4455065043
 21
35490.00000000002
 72
     1
 10
35855.4455065043
 20
35490.00000000002
 11
35765.4455065043
 21
35490.00000000002
 72
     1
 10
35765.4455065043
 20
35490.00000000002
 11
35765.4455065043
 21
35264.04967489134
 72
     1
 10
35765.4455065043
 20
35264.04967489134
 11
35765.4455065043
 21
35190.00000000002
 97
        0
 75
     0
 76
     2
 52
0.0
 41
1.0
 77
     0
 78
    17
 53
49.99999999999999
 43
33535.311
 44
19353.85
 45
582.9890969798607
 46
-51.00509307516802
 79
     2
 49
60.96
 49
-670.56
 53
355.0
 43
33535.311
 44
19353.85
 45
-112.7767293253219
 46
611.3816312972472
 79
     2
 49
48.768
 49
-536.448
 53
100.451
 43
33583.894
 44
19349.6
 45
470.2160778888968
 46
560.3730076607749
 79
     2
 49
51.808
 49
-569.888
 53
46.184
 43
33535.311
 44
19516.41
 45
867.4527089478838
 46
-134.5367748274727
 79
     2
 49
91.44
 49
-1005.84
 53
96.636
 43
33607.599
 44
19505.199
 45
759.6879071721903
 46
791.7680757907189
 79
     2
 49
77.712
 49
-854.832
 53
351.184
 43
33535.311
 44
19516.41
 45
759.6960163844116
 46
791.7607861511301
 79
     2
 49
73.152
 49
-804.672
 53
21.0
 43
33616.591
 44
19475.77
 45
485.1659934615853
 46
-327.2487822825823
 79
     2
 49
60.96
 49
-670.56
 53
325.9999999999999
 43
33616.591
 44
19475.77
 45
197.7669465201526
 46
589.4016666324376
 79
     2
 49
48.768
 49
-536.448
 53
71.45100000000001
 43
33657.02200000001
 44
19448.499
 45
682.9344733757403
 46
262.1479976940511
 79
     2
 49
51.808
 49
-569.888
 53
37.5
 43
33535.311
 44
19353.85
 45
9.883035223681148
 46
270.5760469438628
 79
     5
 49
26.822
 49
-503.123
 49
26.822
 49
-517.754
 49
-538.48
 53
37.5
 43
33535.311
 44
19353.85
 45
9.883035223681148
 46
270.5760469438628
 79
     3
 49
-1074.522
 49
26.822
 49
-511.658
 53
7.5
 43
33535.311
 44
19353.85
 45
213.8224524709532
 46
320.5780199332246
 79
     5
 49
26.822
 49
-283.667
 49
26.822
 49
-490.931
 49
-205.232
 53
7.5
 43
33535.311
 44
19353.85
 45
213.8224524709532
 46
320.5780199332246
 79
     3
 49
-828.243
 49
26.822
 49
-178.41
 53
327.5
 43
33354.057
 44
19353.85
 45
433.8910025716608
 46
-18.33249059345368
 79
     5
 49
26.822
 49
-176.378
 49
26.822
 49
-607.1619999999999
 49
-841.248
 53
327.5
 43
33354.057
 44
19353.85
 45
433.8910025716608
 46
-18.33249059345368
 79
     3
 49
-837.184
 49
26.822
 49
-814.426
 53
317.5
 43
33272.777
 44
19353.85
 45
474.0138619252369
 46
81.36541517575179
 79
     5
 49
26.822
 49
-237.338
 49
26.822
 49
-394.208
 49
-597.408
 53
317.5
 43
33272.777
 44
19353.85
 45
474.0138619252369
 46
81.36541517575179
 79
     3
 49
-685.19
 49
26.822
 49
-570.586
 98
        1
 10
0.0
 20
0.0
1001
REVIT
1002
{
1070
     1
1000
2299947
1002
}
1002
{
1070
     5
1000
1607638
1002
}
1002
{
1070
     2
1000
-2002000
1002
}
  0
LINE
  5
720
330
70
100
AcDbEntity
  8
A-DETL-THIN
100
AcDbLine
 10
35855.4455065043
 20
35390.0
 30
0.0
 11
35855.4455065043
 21
35490.0
 31
0.0
1001
REVIT
1002
{
1070
     1
1000
2299947
1002
}
1002
{
1070
     5
1000
1607638
1002
}
1002
{
1070
     2
1000
-2000051
1002
}
1002
{
1070
     3
1000
-2000042
1002
}
  0
LINE
  5
721
330
70
100
AcDbEntity
  8
A-DETL-THIN
100
AcDbLine
 10
35855.4455065043
 20
35490.0
 30
0.0
 11
35765.4455065043
 21
35490.0
 31
0.0
1001
REVIT
1002
{
1070
     1
1000
2299947
1002
}
1002
{
1070
     5
1000
1607638
1002
}
1002
{
1070
     2
1000
-2000051
1002
}
1002
{
1070
     3
1000
-2000042
1002
}
  0
LINE
  5
722
330
70
100
AcDbEntity
  8
A-DETL-THIN
100
AcDbLine
 10
35765.4455065043
 20
35490.0
 30
0.0
 11
35765.4455065043
 21
35190.00000000001
 31
0.0
1001
REVIT
1002
{
1070
     1
1000
2299947
1002
}
1002
{
1070
     5
1000
1607638
1002
}
1002
{
1070
     2
1000
-2000051
1002
}
1002
{
1070
     3
1000
-2000042
1002
}
  0
LINE
  5
723
330
70
100
AcDbEntity
  8
A-DETL-THIN
100
AcDbLine
 10
35765.4455065043
 20
35190.00000000001
 30
0.0
 11
39025.44550574212
 21
35190.00000000001
 31
0.0
1001
REVIT
1002
{
1070
     1
1000
2299947
1002
}
1002
{
1070
     5
1000
1607638
1002
}
1002
{
1070
     2
1000
-2000051
1002
}
1002
{
1070
     3
1000
-2000042
1002
}
  0
LINE
  5
724
330
70
100
AcDbEntity
  8
A-DETL
100
AcDbLine
 10
39025.44550574212
 20
35190.00000000001
 30
0.0
 11
39025.44550574212
 21
36590.0
 31
0.0
1001
REVIT
1002
{
1070
     1
1000
2299947
1002
}
1002
{
1070
     5
1000
1607638
1002
}
1002
{
1070
     2
1000
-2000051
1002
}
1002
{
1070
     3
1000
1933725
1002
}
  0
LINE
  5
725
330
70
100
AcDbEntity
  8
A-DETL
100
AcDbLine
 10
39025.44550574212
 20
36590.0
 30
0.0
 11
38865.44550574212
 21
36590.0
 31
0.0
1001
REVIT
1002
{
1070
     1
1000
2299947
1002
}
1002
{
1070
     5
1000
1607638
1002
}
1002
{
1070
     2
1000
-2000051
1002
}
1002
{
1070
     3
1000
1933725
1002
}
  0
LINE
  5
726
330
70
100
AcDbEntity
  8
A-DETL
100
AcDbLine
 10
38865.44550574212
 20
36590.0
 30
0.0
 11
38865.44550574212
 21
35390.0
 31
0.0
1001
REVIT
1002
{
1070
     1
1000
2299947
1002
}
1002
{
1070
     5
1000
1607638
1002
}
1002
{
1070
     2
1000
-2000051
1002
}
1002
{
1070
     3
1000
1933725
1002
}
  0
LINE
  5
727
330
70
100
AcDbEntity
  8
A-DETL-THIN
100
AcDbLine
 10
38865.44550574212
 20
35390.0
 30
0.0
 11
35855.4455065043
 21
35390.0
 31
0.0
1001
REVIT
1002
{
1070
     1
1000
2299947
1002
}
1002
{
1070
     5
1000
1607638
1002
}
1002
{
1070
     2
1000
-2000051
1002
}
1002
{
1070
     3
1000
-2000042
1002
}
  0
LINE
  5
728
330
70
100
AcDbEntity
  8
A-DETL-THIN
100
AcDbLine
 10
35875.44550645956
 20
35160.0
 30
0.0
 11
35875.44550645956
 21
35190.0
 31
0.0
1001
REVIT
1002
{
1070
     1
1000
2300077
1002
}
1002
{
1070
     5
1000
1417103
1002
}
1002
{
1070
     2
1000
-2000051
1002
}
1002
{
1070
     3
1000
-2000042
1002
}
  0
LINE
  5
729
330
70
100
AcDbEntity
  8
A-DETL-THIN
100
AcDbLine
 10
35875.44550645956
 20
35190.0
 30
0.0
 11
35765.44550645955
 21
35190.0
 31
0.0
1001
REVIT
1002
{
1070
     1
1000
2300077
1002
}
1002
{
1070
     5
1000
1417103
1002
}
1002
{
1070
     2
1000
-2000051
1002
}
1002
{
1070
     3
1000
-2000042
1002
}
  0
LINE
  5
72A
330
70
100
AcDbEntity
  8
A-DETL-THIN
100
AcDbLine
 10
35765.44550645955
 20
35190.0
 30
0.0
 11
35765.44550645955
 21
35160.0
 31
0.0
1001
REVIT
1002
{
1070
     1
1000
2300077
1002
}
1002
{
1070
     5
1000
1417103
1002
}
1002
{
1070
     2
1000
-2000051
1002
}
1002
{
1070
     3
1000
-2000042
1002
}
  0
LINE
  5
72B
330
70
100
AcDbEntity
  8
A-DETL-THIN
100
AcDbLine
 10
35765.44550645955
 20
35160.0
 30
0.0
 11
35875.44550645956
 21
35160.0
 31
0.0
1001
REVIT
1002
{
1070
     1
1000
2300077
1002
}
1002
{
1070
     5
1000
1417103
1002
}
1002
{
1070
     2
1000
-2000051
1002
}
1002
{
1070
     3
1000
-2000042
1002
}
  0
LINE
  5
72C
330
70
100
AcDbEntity
  8
A-DETL-THIN
100
AcDbLine
 10
39420.44550649943
 20
32079.99999999999
 30
0.0
 11
39420.44550649943
 21
32109.99999999999
 31
0.0
1001
REVIT
1002
{
1070
     1
1000
2300243
1002
}
1002
{
1070
     5
1000
1417103
1002
}
1002
{
1070
     2
1000
-2000051
1002
}
1002
{
1070
     3
1000
-2000042
1002
}
  0
LINE
  5
72D
330
70
100
AcDbEntity
  8
A-DETL-THIN
100
AcDbLine
 10
39420.44550649943
 20
32109.99999999999
 30
0.0
 11
39310.44550649941
 21
32109.99999999999
 31
0.0
1001
REVIT
1002
{
1070
     1
1000
2300243
1002
}
1002
{
1070
     5
1000
1417103
1002
}
1002
{
1070
     2
1000
-2000051
1002
}
1002
{
1070
     3
1000
-2000042
1002
}
  0
LINE
  5
72E
330
70
100
AcDbEntity
  8
A-DETL-THIN
100
AcDbLine
 10
39310.44550649941
 20
32079.99999999999
 30
0.0
 11
39420.44550649943
 21
32079.99999999999
 31
0.0
1001
REVIT
1002
{
1070
     1
1000
2300243
1002
}
1002
{
1070
     5
1000
1417103
1002
}
1002
{
1070
     2
1000
-2000051
1002
}
1002
{
1070
     3
1000
-2000042
1002
}
  0
LINE
  5
72F
330
70
100
AcDbEntity
  8
A-DETL-THIN
100
AcDbLine
 10
30550.44550576654
 20
29436.70363896504
 30
0.0
 11
30550.44550576654
 21
28770.0
 31
0.0
1001
REVIT
1002
{
1070
     1
1000
2314833
1002
}
1002
{
1070
     5
1000
2388960
1002
}
1002
{
1070
     2
1000
-2000051
1002
}
1002
{
1070
     3
1000
-2000042
1002
}
  0
LINE
  5
730
330
70
100
AcDbEntity
  8
A-DETL-THIN
100
AcDbLine
 10
30550.44550576654
 20
28770.0
 30
0.0
 11
30750.44550576654
 21
28770.0
 31
0.0
1001
REVIT
1002
{
1070
     1
1000
2314833
1002
}
1002
{
1070
     5
1000
2388960
1002
}
1002
{
1070
     2
1000
-2000051
1002
}
1002
{
1070
     3
1000
-2000042
1002
}
  0
LINE
  5
731
330
70
100
AcDbEntity
  8
A-DETL-THIN
100
AcDbLine
 10
30750.44550576654
 20
28770.0
 30
0.0
 11
30750.44550576654
 21
29436.70363896504
 31
0.0
1001
REVIT
1002
{
1070
     1
1000
2314833
1002
}
1002
{
1070
     5
1000
2388960
1002
}
1002
{
1070
     2
1000
-2000051
1002
}
1002
{
1070
     3
1000
-2000042
1002
}
  0
LINE
  5
732
330
70
100
AcDbEntity
  8
A-DETL-THIN
100
AcDbLine
 10
30750.44550576654
 20
29436.70363896504
 30
0.0
 11
30550.44550576654
 21
29436.70363896504
 31
0.0
1001
REVIT
1002
{
1070
     1
1000
2314833
1002
}
1002
{
1070
     5
1000
2388960
1002
}
1002
{
1070
     2
1000
-2000051
1002
}
1002
{
1070
     3
1000
-2000042
1002
}
  0
LINE
  5
733
330
70
100
AcDbEntity
  8
A-DETL-THIN
100
AcDbLine
 10
26655.44550522172
 20
30135.45478191789
 30
0.0
 11
26655.44550522172
 21
29421.8166496073
 31
0.0
1001
REVIT
1002
{
1070
     1
1000
2322692
1002
}
1002
{
1070
     5
1000
2191452
1002
}
1002
{
1070
     2
1000
-2000051
1002
}
1002
{
1070
     3
1000
-2000042
1002
}
  0
LINE
  5
734
330
70
100
AcDbEntity
  8
A-DETL-THIN
100
AcDbLine
 10
26655.44550522172
 20
29421.8166496073
 30
0.0
 11
26855.44550522172
 21
29421.8166496073
 31
0.0
1001
REVIT
1002
{
1070
     1
1000
2322692
1002
}
1002
{
1070
     5
1000
2191452
1002
}
1002
{
1070
     2
1000
-2000051
1002
}
1002
{
1070
     3
1000
-2000042
1002
}
  0
LINE
  5
735
330
70
100
AcDbEntity
  8
A-DETL-THIN
100
AcDbLine
 10
26855.44550522172
 20
29421.8166496073
 30
0.0
 11
26855.44550522172
 21
30135.45478191789
 31
0.0
1001
REVIT
1002
{
1070
     1
1000
2322692
1002
}
1002
{
1070
     5
1000
2191452
1002
}
1002
{
1070
     2
1000
-2000051
1002
}
1002
{
1070
     3
1000
-2000042
1002
}
  0
LINE
  5
736
330
70
100
AcDbEntity
  8
A-DETL-THIN
100
AcDbLine
 10
26855.44550522172
 20
30135.45478191789
 30
0.0
 11
26655.44550522172
 21
30135.45478191789
 31
0.0
1001
REVIT
1002
{
1070
     1
1000
2322692
1002
}
1002
{
1070
     5
1000
2191452
1002
}
1002
{
1070
     2
1000
-2000051
1002
}
1002
{
1070
     3
1000
-2000042
1002
}
  0
LINE
  5
737
330
70
100
AcDbEntity
  8
A-DETL-THIN
100
AcDbLine
 10
40880.44550649941
 20
29844.12700438924
 30
0.0
 11
40880.44550649941
 21
27930.0
 31
0.0
1001
REVIT
1002
{
1070
     1
1000
2322939
1002
}
1002
{
1070
     5
1000
2191452
1002
}
1002
{
1070
     2
1000
-2000051
1002
}
1002
{
1070
     3
1000
-2000042
1002
}
  0
LINE
  5
738
330
70
100
AcDbEntity
  8
A-DETL-THIN
100
AcDbLine
 10
40880.44550649941
 20
27930.0
 30
0.0
 11
41330.44550649941
 21
27930.0
 31
0.0
1001
REVIT
1002
{
1070
     1
1000
2322939
1002
}
1002
{
1070
     5
1000
2191452
1002
}
1002
{
1070
     2
1000
-2000051
1002
}
1002
{
1070
     3
1000
-2000042
1002
}
  0
LINE
  5
739
330
70
100
AcDbEntity
  8
A-DETL-THIN
100
AcDbLine
 10
41330.44550649941
 20
27930.0
 30
0.0
 11
41330.44550649941
 21
29844.12700438924
 31
0.0
1001
REVIT
1002
{
1070
     1
1000
2322939
1002
}
1002
{
1070
     5
1000
2191452
1002
}
1002
{
1070
     2
1000
-2000051
1002
}
1002
{
1070
     3
1000
-2000042
1002
}
  0
LINE
  5
73A
330
70
100
AcDbEntity
  8
A-DETL-THIN
100
AcDbLine
 10
41330.44550649941
 20
29844.12700438924
 30
0.0
 11
40880.44550649941
 21
29844.12700438924
 31
0.0
1001
REVIT
1002
{
1070
     1
1000
2322939
1002
}
1002
{
1070
     5
1000
2191452
1002
}
1002
{
1070
     2
1000
-2000051
1002
}
1002
{
1070
     3
1000
-2000042
1002
}
  0
LINE
  5
73B
330
70
100
AcDbEntity
  8
A-DETL-THIN
100
AcDbLine
 10
35765.44550649941
 20
32110.00000000001
 30
0.0
 11
34295.44550578969
 21
32110.00000000001
 31
0.0
1001
REVIT
1002
{
1070
     1
1000
2323327
1002
}
1002
{
1070
     5
1000
1363608
1002
}
1002
{
1070
     2
1000
-2000051
1002
}
1002
{
1070
     3
1000
-2000042
1002
}
  0
LINE
  5
73C
330
70
100
AcDbEntity
  8
A-DETL-THIN
100
AcDbLine
 10
34295.44550578969
 20
32110.00000000001
 30
0.0
 11
34295.44550578969
 21
31890.0
 31
0.0
1001
REVIT
1002
{
1070
     1
1000
2323327
1002
}
1002
{
1070
     5
1000
1363608
1002
}
1002
{
1070
     2
1000
-2000051
1002
}
1002
{
1070
     3
1000
-2000042
1002
}
  0
LINE
  5
73D
330
70
100
AcDbEntity
  8
A-DETL-THIN
100
AcDbLine
 10
34295.44550578969
 20
31890.0
 30
0.0
 11
35765.44550649941
 21
31890.0
 31
0.0
1001
REVIT
1002
{
1070
     1
1000
2323327
1002
}
1002
{
1070
     5
1000
1363608
1002
}
1002
{
1070
     2
1000
-2000051
1002
}
1002
{
1070
     3
1000
-2000042
1002
}
  0
LINE
  5
73E
330
70
100
AcDbEntity
  8
A-DETL-THIN
100
AcDbLine
 10
35765.44550649941
 20
31890.0
 30
0.0
 11
35765.44550649941
 21
32110.00000000001
 31
0.0
1001
REVIT
1002
{
1070
     1
1000
2323327
1002
}
1002
{
1070
     5
1000
1363608
1002
}
1002
{
1070
     2
1000
-2000051
1002
}
1002
{
1070
     3
1000
-2000042
1002
}
  0
LINE
  5
73F
330
70
100
AcDbEntity
  8
A-DETL-THIN
100
AcDbLine
 10
36215.44550645956
 20
32110.00000000001
 30
0.0
 11
36215.44550645956
 21
31890.0
 31
0.0
1001
REVIT
1002
{
1070
     1
1000
2323327
1002
}
1002
{
1070
     5
1000
1363608
1002
}
1002
{
1070
     2
1000
-2000051
1002
}
1002
{
1070
     3
1000
-2000042
1002
}
  0
LINE
  5
740
330
70
100
AcDbEntity
  8
A-DETL-THIN
100
AcDbLine
 10
36215.44550645956
 20
31890.0
 30
0.0
 11
39310.44550649941
 21
31890.0
 31
0.0
1001
REVIT
1002
{
1070
     1
1000
2323327
1002
}
1002
{
1070
     5
1000
1363608
1002
}
1002
{
1070
     2
1000
-2000051
1002
}
1002
{
1070
     3
1000
-2000042
1002
}
  0
LINE
  5
741
330
70
100
AcDbEntity
  8
A-DETL-THIN
100
AcDbLine
 10
39310.44550649941
 20
31890.0
 30
0.0
 11
39310.44550649941
 21
32110.0
 31
0.0
1001
REVIT
1002
{
1070
     1
1000
2323327
1002
}
1002
{
1070
     5
1000
1363608
1002
}
1002
{
1070
     2
1000
-2000051
1002
}
1002
{
1070
     3
1000
-2000042
1002
}
  0
LINE
  5
742
330
70
100
AcDbEntity
  8
A-DETL
100
AcDbLine
 10
39310.44550649941
 20
32110.0
 30
0.0
 11
36215.44550645956
 21
32110.00000000001
 31
0.0
1001
REVIT
1002
{
1070
     1
1000
2323327
1002
}
1002
{
1070
     5
1000
1363608
1002
}
1002
{
1070
     2
1000
-2000051
1002
}
1002
{
1070
     3
1000
1933725
1002
}
  0
LINE
  5
743
330
70
100
AcDbEntity
  8
A-DETL
  6
Dash Dot 3_16_
 62
     5
370
    35
100
AcDbLine
 10
26455.4455052217
 20
40228.49255329859
 30
0.0
 11
26455.44550522168
 21
30135.45478191789
 31
0.0
1001
REVIT
1002
{
1070
     1
1000
2322054
1002
}
1002
{
1070
     2
1000
-2000051
1002
}
1002
{
1070
     3
1000
2107402
1002
}
  0
LINE
  5
744
330
70
100
AcDbEntity
  8
A-DETL
  6
Dash dot
370
    35
100
AcDbLine
 10
41589.09439673904
 20
40228.49255329858
 30
0.0
 11
41589.09439673903
 21
29840.37333104887
 31
0.0
1001
REVIT
1002
{
1070
     1
1000
2323221
1002
}
1002
{
1070
     2
1000
-2000051
1002
}
1002
{
1070
     3
1000
2323259
1002
}
  0
LINE
  5
745
330
70
100
AcDbEntity
  8
A-DETL
100
AcDbLine
 10
34295.44550576654
 20
32160.91013544498
 30
0.0
 11
33847.16331226702
 21
32447.81073928467
 31
0.0
1001
REVIT
1002
{
1070
     1
1000
2391124
1002
}
1002
{
1070
     2
1000
-2000051
1002
}
1002
{
1070
     3
1000
1933725
1002
}
  0
MTEXT
  5
748
330
70
100
AcDbEntity
  8
A-FLOR-LEVL
100
AcDbMText
 10
22956.65591398162
 20
33111.39910834364
 30
0.0
 40
199.9999999999998
 41
3920.251874999996
 46
0.0
 71
     1
 72
     1
  1
GROUND FLOOR LEVEL RL
  7
ISOCPEUR
 73
     2
 44
1.0
 90
        3
 63
     9
421
 13158600
 45
1.25
441
        0
1001
REVIT
1002
{
1070
     1
1000
694
1002
}
1002
{
1070
     5
1000
787266
1002
}
1002
{
1070
     2
1000
-2006020
1002
}
  0
MTEXT
  5
749
330
70
100
AcDbEntity
  8
A-FLOR-LEVL
100
AcDbMText
 10
22956.65591398162
 20
32727.39910834364
 30
0.0
 40
199.9999999999998
 41
905.9068749999992
 46
0.0
 71
     1
 72
     1
  1
32340
  7
ISOCPEUR
 73
     2
 44
1.0
 90
        3
 63
     9
421
 13158600
 45
1.25
441
        0
1001
REVIT
1002
{
1070
     1
1000
694
1002
}
1002
{
1070
     5
1000
787266
1002
}
1002
{
1070
     2
1000
-2006020
1002
}
  0
LINE
  5
74B
330
70
100
AcDbEntity
  8
A-FLOR-LEVL
  6
Centre
100
AcDbLine
 10
22531.86393971216
 20
32340.00000000001
 30
0.0
 11
43009.02158523958
 21
32340.00000000001
 31
0.0
1001
REVIT
1002
{
1070
     1
1000
694
1002
}
1002
{
1070
     5
1000
787266
1002
}
1002
{
1070
     2
1000
-2000240
1002
}
  0
MTEXT
  5
74C
330
70
100
AcDbEntity
  8
A-FLOR-LEVL
100
AcDbMText
 10
22956.65591398162
 20
34963.75188124804
 30
0.0
 40
199.9999999999998
 41
4168.774999999995
 46
0.0
 71
     1
 72
     1
  1
G/FLOOR CEILING LEVEL RL
  7
ISOCPEUR
 73
     2
 44
1.0
 90
        3
 63
     9
421
 13158600
 45
1.25
441
        0
1001
REVIT
1002
{
1070
     1
1000
310295
1002
}
1002
{
1070
     5
1000
787246
1002
}
1002
{
1070
     2
1000
-2006020
1002
}
  0
MTEXT
  5
74D
330
70
100
AcDbEntity
  8
A-FLOR-LEVL
100
AcDbMText
 10
22956.65591398162
 20
34579.75188124804
 30
0.0
 40
199.9999999999998
 41
881.8562499999989
 46
0.0
 71
     1
 72
     1
  1
35090
  7
ISOCPEUR
 73
     2
 44
1.0
 90
        3
 63
     9
421
 13158600
 45
1.25
441
        0
1001
REVIT
1002
{
1070
     1
1000
310295
1002
}
1002
{
1070
     5
1000
787246
1002
}
1002
{
1070
     2
1000
-2006020
1002
}
  0
LINE
  5
74E
330
70
100
AcDbEntity
  8
A-FLOR-LEVL
  6
Centre
100
AcDbLine
 10
22531.86393971216
 20
35090.0
 30
0.0
 11
43009.02158523957
 21
35090.0
 31
0.0
1001
REVIT
1002
{
1070
     1
1000
310295
1002
}
1002
{
1070
     5
1000
787246
1002
}
1002
{
1070
     2
1000
-2000240
1002
}
  0
MTEXT
  5
74F
330
70
100
AcDbEntity
  8
A-FLOR-LEVL
100
AcDbMText
 10
22956.65591398162
 20
36311.39910834364
 30
0.0
 40
199.9999999999998
 41
3567.509374999996
 46
0.0
 71
     1
 72
     1
  1
FIRST FLOOR LEVEL RL
  7
ISOCPEUR
 73
     2
 44
1.0
 90
        3
 63
     9
421
 13158600
 45
1.25
441
        0
1001
REVIT
1002
{
1070
     1
1000
835393
1002
}
1002
{
1070
     5
1000
787266
1002
}
1002
{
1070
     2
1000
-2006020
1002
}
  0
MTEXT
  5
750
330
70
100
AcDbEntity
  8
A-FLOR-LEVL
100
AcDbMText
 10
22956.65591398162
 20
35927.39910834364
 30
0.0
 40
199.9999999999998
 41
905.9068749999992
 46
0.0
 71
     1
 72
     1
  1
35540
  7
ISOCPEUR
 73
     2
 44
1.0
 90
        3
 63
     9
421
 13158600
 45
1.25
441
        0
1001
REVIT
1002
{
1070
     1
1000
835393
1002
}
1002
{
1070
     5
1000
787266
1002
}
1002
{
1070
     2
1000
-2006020
1002
}
  0
LINE
  5
751
330
70
100
AcDbEntity
  8
A-FLOR-LEVL
  6
Centre
100
AcDbLine
 10
22531.86393971216
 20
35540.0
 30
0.0
 11
43009.02158523957
 21
35540.0
 31
0.0
1001
REVIT
1002
{
1070
     1
1000
835393
1002
}
1002
{
1070
     5
1000
787266
1002
}
1002
{
1070
     2
1000
-2000240
1002
}
  0
MTEXT
  5
752
330
70
100
AcDbEntity
  8
A-FLOR-LEVL
100
AcDbMText
 10
22956.65591398162
 20
38013.75188124804
 30
0.0
 40
199.9999999999998
 41
4144.724374999995
 46
0.0
 71
     1
 72
     1
  1
F/FLOOR CEILING LEVEL RL
  7
ISOCPEUR
 73
     2
 44
1.0
 90
        3
 63
     9
421
 13158600
 45
1.25
441
        0
1001
REVIT
1002
{
1070
     1
1000
1252310
1002
}
1002
{
1070
     5
1000
787246
1002
}
1002
{
1070
     2
1000
-2006020
1002
}
  0
MTEXT
  5
753
330
70
100
AcDbEntity
  8
A-FLOR-LEVL
100
AcDbMText
 10
22956.65591398162
 20
37629.75188124804
 30
0.0
 40
199.9999999999998
 41
849.7887499999993
 46
0.0
 71
     1
 72
     1
  1
38140
  7
ISOCPEUR
 73
     2
 44
1.0
 90
        3
 63
     9
421
 13158600
 45
1.25
441
        0
1001
REVIT
1002
{
1070
     1
1000
1252310
1002
}
1002
{
1070
     5
1000
787246
1002
}
1002
{
1070
     2
1000
-2006020
1002
}
  0
LINE
  5
754
330
70
100
AcDbEntity
  8
A-FLOR-LEVL
  6
Centre
100
AcDbLine
 10
22531.86393971216
 20
38140.0
 30
0.0
 11
43009.02158523957
 21
38140.0
 31
0.0
1001
REVIT
1002
{
1070
     1
1000
1252310
1002
}
1002
{
1070
     5
1000
787246
1002
}
1002
{
1070
     2
1000
-2000240
1002
}
  0
MTEXT
  5
755
330
70
100
AcDbEntity
  8
A-FLOR-LEVL
100
AcDbMText
 10
22956.65591398161
 20
39741.38300201673
 30
0.0
 40
199.9999999999998
 41
3383.121249999996
 46
0.0
 71
     1
 72
     1
  1
FINISHED RIDGE LEVEL
  7
ISOCPEUR
 73
     2
 44
1.0
 90
        3
 63
     9
421
 13158600
 45
1.25
441
        0
1001
REVIT
1002
{
1070
     1
1000
1252451
1002
}
1002
{
1070
     5
1000
787266
1002
}
1002
{
1070
     2
1000
-2006020
1002
}
  0
MTEXT
  5
756
330
70
100
AcDbEntity
  8
A-FLOR-LEVL
100
AcDbMText
 10
22956.65591398161
 20
39357.38300201673
 30
0.0
 40
199.9999999999998
 41
881.8562499999989
 46
0.0
 71
     1
 72
     1
  1
38970
  7
ISOCPEUR
 73
     2
 44
1.0
 90
        3
 63
     9
421
 13158600
 45
1.25
441
        0
1001
REVIT
1002
{
1070
     1
1000
1252451
1002
}
1002
{
1070
     5
1000
787266
1002
}
1002
{
1070
     2
1000
-2006020
1002
}
  0
LINE
  5
757
330
70
100
AcDbEntity
  8
A-FLOR-LEVL
  6
Centre
100
AcDbLine
 10
22531.86393971216
 20
38969.9838936731
 30
0.0
 11
43009.02158523957
 21
38969.9838936731
 31
0.0
1001
REVIT
1002
{
1070
     1
1000
1252451
1002
}
1002
{
1070
     5
1000
787266
1002
}
1002
{
1070
     2
1000
-2000240
1002
}
  0
MTEXT
  5
758
330
70
100
AcDbEntity
  8
A-FLOR-LEVL
100
AcDbMText
 10
22956.65591398162
 20
31763.75188124804
 30
0.0
 40
199.9999999999998
 41
3888.184374999996
 46
0.0
 71
     1
 72
     1
  1
LOWER FLOOR CEILING RL
  7
ISOCPEUR
 73
     2
 44
1.0
 90
        3
 63
     9
421
 13158600
 45
1.25
441
        0
1001
REVIT
1002
{
1070
     1
1000
1421624
1002
}
1002
{
1070
     5
1000
787246
1002
}
1002
{
1070
     2
1000
-2006020
1002
}
  0
MTEXT
  5
759
330
70
100
AcDbEntity
  8
A-FLOR-LEVL
100
AcDbMText
 10
22956.65591398162
 20
31379.75188124804
 30
0.0
 40
199.9999999999998
 41
825.7381249999991
 46
0.0
 71
     1
 72
     1
  1
31890
  7
ISOCPEUR
 73
     2
 44
1.0
 90
        3
 63
     9
421
 13158600
 45
1.25
441
        0
1001
REVIT
1002
{
1070
     1
1000
1421624
1002
}
1002
{
1070
     5
1000
787246
1002
}
1002
{
1070
     2
1000
-2006020
1002
}
  0
LINE
  5
75A
330
70
100
AcDbEntity
  8
A-FLOR-LEVL
  6
Centre
100
AcDbLine
 10
22531.86393971216
 20
31890.0
 30
0.0
 11
43009.02158523958
 21
31890.0
 31
0.0
1001
REVIT
1002
{
1070
     1
1000
1421624
1002
}
1002
{
1070
     5
1000
787246
1002
}
1002
{
1070
     2
1000
-2000240
1002
}
  0
MTEXT
  5
75B
330
70
100
AcDbEntity
  8
A-FLOR-LEVL
100
AcDbMText
 10
22956.65591398162
 20
29661.39910834364
 30
0.0
 40
199.9999999999998
 41
3743.880624999996
 46
0.0
 71
     1
 72
     1
  1
LOWER FLOOR LEVEL RL
  7
ISOCPEUR
 73
     2
 44
1.0
 90
        3
 63
     9
421
 13158600
 45
1.25
441
        0
1001
REVIT
1002
{
1070
     1
1000
1421755
1002
}
1002
{
1070
     5
1000
787266
1002
}
1002
{
1070
     2
1000
-2006020
1002
}
  0
MTEXT
  5
75C
330
70
100
AcDbEntity
  8
A-FLOR-LEVL
100
AcDbMText
 10
22956.65591398162
 20
29277.39910834364
 30
0.0
 40
199.9999999999998
 41
881.8562499999989
 46
0.0
 71
     1
 72
     1
  1
28890
  7
ISOCPEUR
 73
     2
 44
1.0
 90
        3
 63
     9
421
 13158600
 45
1.25
441
        0
1001
REVIT
1002
{
1070
     1
1000
1421755
1002
}
1002
{
1070
     5
1000
787266
1002
}
1002
{
1070
     2
1000
-2006020
1002
}
  0
LINE
  5
75D
330
70
100
AcDbEntity
  8
A-FLOR-LEVL
  6
Centre
100
AcDbLine
 10
22531.86393971216
 20
28890.0
 30
0.0
 11
43009.02158523958
 21
28890.0
 31
0.0
1001
REVIT
1002
{
1070
     1
1000
1421755
1002
}
1002
{
1070
     5
1000
787266
1002
}
1002
{
1070
     2
1000
-2000240
1002
}
  0
DIMENSION
  5
772
330
70
100
AcDbEntity
  8
A-ANNO-DIMS
100
AcDbDimension
280
     0
  2
DIMBLOCK1-SECTION B-B
 10
21330.54216872034
 20
38140.00000000002
 30
0.0
 11
21230.54216872035
 21
38554.99194683655
 31
0.0
 70
    32
 71
     5
 42
829.9838936730957
 73
     0
 74
     0
 75
     0
  3
2_0mm_ISOCPEUR
100
AcDbAlignedDimension
 13
21880.54216872033
 23
38969.9838936731
 33
0.0
 14
21880.54216872033
 24
38140.0
 34
0.0
 50
89.99999999999991
100
AcDbRotatedDimension
1001
ACAD
1000
DSTYLE
1002
{
1070
    49
1040
829.9838936730957
1002
}
1001
REVIT
1002
{
1070
     1
1000
2080485
1002
}
1002
{
1070
     5
1000
1276159
1002
}
1002
{
1070
     2
1000
-2000260
1002
}
  0
DIMENSION
  5
78E
330
70
100
AcDbEntity
  8
A-ANNO-DIMS
100
AcDbDimension
280
     0
  2
DIMBLOCK2-SECTION B-B
 10
21330.54216872034
 20
35540.00000000002
 30
0.0
 11
21230.54216872035
 21
36840.0
 31
0.0
 70
    32
 71
     5
 42
2600.0
 73
     0
 74
     0
 75
     0
  3
2_0mm_ISOCPEUR
100
AcDbAlignedDimension
 13
21880.54216872033
 23
38140.0
 33
0.0
 14
21880.54216872033
 24
35540.0
 34
0.0
 50
89.99999999999991
100
AcDbRotatedDimension
1001
ACAD
1000
DSTYLE
1002
{
1070
    49
1040
2600.0
1002
}
1001
REVIT
1002
{
1070
     1
1000
2080485
1002
}
1002
{
1070
     5
1000
1276159
1002
}
1002
{
1070
     2
1000
-2000260
1002
}
  0
DIMENSION
  5
7A8
330
70
100
AcDbEntity
  8
A-ANNO-DIMS
100
AcDbDimension
280
     0
  2
DIMBLOCK3-SECTION B-B
 10
21330.54216872034
 20
35090.00000000002
 30
0.0
 11
21230.54216872035
 21
35315.0
 31
0.0
 70
    32
 71
     5
 42
450.0
 73
     0
 74
     0
 75
     0
  3
2_0mm_ISOCPEUR
100
AcDbAlignedDimension
 13
21880.54216872033
 23
35540.0
 33
0.0
 14
21880.54216872033
 24
35090.0
 34
0.0
 50
89.99999999999991
100
AcDbRotatedDimension
1001
ACAD
1000
DSTYLE
1002
{
1070
    49
1040
450.0
1002
}
1001
REVIT
1002
{
1070
     1
1000
2080485
1002
}
1002
{
1070
     5
1000
1276159
1002
}
1002
{
1070
     2
1000
-2000260
1002
}
  0
DIMENSION
  5
7C2
330
70
100
AcDbEntity
  8
A-ANNO-DIMS
100
AcDbDimension
280
     0
  2
DIMBLOCK4-SECTION B-B
 10
21330.54216872034
 20
32340.00000000002
 30
0.0
 11
21230.54216872035
 21
33715.0
 31
0.0
 70
    32
 71
     5
 42
2749.999999999993
 73
     0
 74
     0
 75
     0
  3
2_0mm_ISOCPEUR
100
AcDbAlignedDimension
 13
21880.54216872033
 23
35090.0
 33
0.0
 14
21880.54216872033
 24
32340.00000000001
 34
0.0
 50
89.99999999999991
100
AcDbRotatedDimension
1001
ACAD
1000
DSTYLE
1002
{
1070
    49
1040
2749.999999999997
1002
}
1001
REVIT
1002
{
1070
     1
1000
2080485
1002
}
1002
{
1070
     5
1000
1276159
1002
}
1002
{
1070
     2
1000
-2000260
1002
}
  0
DIMENSION
  5
7DC
330
70
100
AcDbEntity
  8
A-ANNO-DIMS
100
AcDbDimension
280
     0
  2
DIMBLOCK5-SECTION B-B
 10
21330.54216872034
 20
31890.00000000002
 30
0.0
 11
21230.54216872035
 21
32115.00000000001
 31
0.0
 70
    32
 71
     5
 42
450.0000000000036
 73
     0
 74
     0
 75
     0
  3
2_0mm_ISOCPEUR
100
AcDbAlignedDimension
 13
21880.54216872033
 23
32340.00000000001
 33
0.0
 14
21880.54216872033
 24
31890.0
 34
0.0
 50
89.99999999999991
100
AcDbRotatedDimension
1001
ACAD
1000
DSTYLE
1002
{
1070
    49
1040
450.0000000000036
1002
}
1001
REVIT
1002
{
1070
     1
1000
2080485
1002
}
1002
{
1070
     5
1000
1276159
1002
}
1002
{
1070
     2
1000
-2000260
1002
}
  0
DIMENSION
  5
7F6
330
70
100
AcDbEntity
  8
A-ANNO-DIMS
100
AcDbDimension
280
     0
  2
DIMBLOCK6-SECTION B-B
 10
21330.54216872034
 20
28890.00000000002
 30
0.0
 11
21230.54216872035
 21
30390.00000000001
 31
0.0
 70
    32
 71
     5
 42
3000.0
 73
     0
 74
     0
 75
     0
  3
2_0mm_ISOCPEUR
100
AcDbAlignedDimension
 13
21880.54216872033
 23
31890.0
 33
0.0
 14
21880.54216872033
 24
28890.0
 34
0.0
 50
89.99999999999991
100
AcDbRotatedDimension
1001
ACAD
1000
DSTYLE
1002
{
1070
    49
1040
3000.0
1002
}
1001
REVIT
1002
{
1070
     1
1000
2080485
1002
}
1002
{
1070
     5
1000
1276159
1002
}
1002
{
1070
     2
1000
-2000260
1002
}
  0
LINE
  5
804
330
70
100
AcDbEntity
  8
G-ANNO-TEXT
 62
     7
100
AcDbLine
 10
31334.37362994067
 20
37950.39985899766
 30
0.0
 11
31253.98887221133
 21
37650.39985899766
 31
0.0
1001
REVIT
1002
{
1070
     1
1000
2083835
1002
}
1002
{
1070
     5
1000
744073
1002
}
1002
{
1070
     2
1000
-2000300
1002
}
  0
LINE
  5
805
330
70
100
AcDbEntity
  8
G-ANNO-TEXT
 62
     7
100
AcDbLine
 10
31253.98887221133
 20
37650.39985899766
 30
0.0
 11
31414.75838767
 21
37650.39985899766
 31
0.0
1001
REVIT
1002
{
1070
     1
1000
2083835
1002
}
1002
{
1070
     5
1000
744073
1002
}
1002
{
1070
     2
1000
-2000300
1002
}
  0
LINE
  5
806
330
70
100
AcDbEntity
  8
G-ANNO-TEXT
 62
     7
100
AcDbLine
 10
31414.75838767
 20
37650.39985899766
 30
0.0
 11
31334.37362994067
 21
37950.39985899766
 31
0.0
1001
REVIT
1002
{
1070
     1
1000
2083835
1002
}
1002
{
1070
     5
1000
744073
1002
}
1002
{
1070
     2
1000
-2000300
1002
}
  0
HATCH
  5
807
330
70
100
AcDbEntity
  8
G-ANNO-TEXT
 62
     7
100
AcDbHatch
 10
0.0
 20
0.0
 30
0.0
210
0.0
220
0.0
230
1.0
  2
SOLID
 70
     1
 71
     0
 91
        1
 92
        1
 93
        3
 72
     1
 10
31334.37362994067
 20
37950.39985899766
 11
31253.98887221133
 21
37650.39985899766
 72
     1
 10
31253.98887221133
 20
37650.39985899766
 11
31414.75838767
 21
37650.39985899766
 72
     1
 10
31414.75838767
 20
37650.39985899766
 11
31334.37362994067
 21
37950.39985899766
 97
        0
 75
     0
 76
     1
 98
        1
 10
0.0
 20
0.0
1001
REVIT
1002
{
1070
     1
1000
2083835
1002
}
1002
{
1070
     5
1000
744073
1002
}
1002
{
1070
     2
1000
-2000300
1002
}
  0
LINE
  5
808
330
70
100
AcDbEntity
  8
G-ANNO-TEXT
 62
     7
100
AcDbLine
 10
31334.37362994067
 20
37188.75793745287
 30
0.0
 11
30002.57474878708
 21
37188.75793745287
 31
0.0
1001
REVIT
1002
{
1070
     1
1000
2083835
1002
}
1002
{
1070
     5
1000
744073
1002
}
1002
{
1070
     2
1000
-2000300
1002
}
  0
LINE
  5
809
330
70
100
AcDbEntity
  8
G-ANNO-TEXT
 62
     7
100
AcDbLine
 10
31334.37362994067
 20
37950.39985899766
 30
0.0
 11
31334.37362994067
 21
37188.75793745287
 31
0.0
1001
REVIT
1002
{
1070
     1
1000
2083835
1002
}
1002
{
1070
     5
1000
744073
1002
}
1002
{
1070
     2
1000
-2000300
1002
}
  0
MTEXT
  5
80B
330
70
100
AcDbEntity
  8
G-ANNO-TEXT
 62
     7
100
AcDbMText
 10
27226.57474878709
 20
37263.75793745287
 30
0.0
 40
150.0
 41
3182.699375000001
 46
0.0
 71
     1
 72
     1
  1
RAKED CEILING AS REQUIRED
  7
ISOCPEUR_1
 73
     2
 44
1.0
1001
REVIT
1002
{
1070
     1
1000
2083835
1002
}
1002
{
1070
     5
1000
744073
1002
}
1002
{
1070
     2
1000
-2000300
1002
}
  0
MTEXT
  5
80D
330
70
100
AcDbEntity
  8
G-ANNO-TEXT
 62
     7
100
AcDbMText
 10
36672.38355093118
 20
37170.06667291372
 30
0.0
 40
250.0
 41
1699.5775
 46
0.0
 71
     1
 72
     1
  1
BALCONY
  7
ISOCPEUR_2
 73
     2
 44
1.0
1001
REVIT
1002
{
1070
     1
1000
2088393
1002
}
1002
{
1070
     5
1000
732082
1002
}
1002
{
1070
     2
1000
-2000300
1002
}
  0
MTEXT
  5
80E
330
70
100
AcDbEntity
  8
G-ANNO-TEXT
 62
     7
100
AcDbMText
 10
31672.24802234349
 20
32658.24061605126
 30
0.0
 40
250.0
 41
1322.784375
 46
0.0
 71
     1
 72
     1
  1
STAIRS
  7
ISOCPEUR_2
 73
     2
 44
1.0
1001
REVIT
1002
{
1070
     1
1000
2088395
1002
}
1002
{
1070
     5
1000
732082
1002
}
1002
{
1070
     2
1000
-2000300
1002
}
  0
MTEXT
  5
80F
330
70
100
AcDbEntity
  8
G-ANNO-TEXT
 62
     7
100
AcDbMText
 10
32971.90426822447
 20
36068.05220750392
 30
0.0
 40
250.0
 41
841.7718749999999
 46
0.0
 71
     1
 72
     1
  1
VOID
  7
ISOCPEUR_2
 73
     2
 44
1.0
1001
REVIT
1002
{
1070
     1
1000
2088396
1002
}
1002
{
1070
     5
1000
732082
1002
}
1002
{
1070
     2
1000
-2000300
1002
}
  0
MTEXT
  5
810
330
70
100
AcDbEntity
  8
G-ANNO-TEXT
 62
     7
100
AcDbMText
 10
36533.56366152578
 20
30759.60256127525
 30
0.0
 40
250.0
 41
1507.1725
 46
0.0
 71
     1
 72
     1
  1
PANTRY
  7
ISOCPEUR_2
 73
     2
 44
1.0
1001
REVIT
1002
{
1070
     1
1000
2088397
1002
}
1002
{
1070
     5
1000
732082
1002
}
1002
{
1070
     2
1000
-2000300
1002
}
  0
MTEXT
  5
811
330
70
100
AcDbEntity
  8
G-ANNO-TEXT
 62
     7
100
AcDbMText
 10
36300.71233634037
 20
33695.79109286615
 30
0.0
 40
250.0
 41
641.35
 46
0.0
 71
     1
 72
     1
  1
WIL
  7
ISOCPEUR_2
 73
     2
 44
1.0
1001
REVIT
1002
{
1070
     1
1000
2088964
1002
}
1002
{
1070
     5
1000
732082
1002
}
1002
{
1070
     2
1000
-2000300
1002
}
  0
MTEXT
  5
812
330
70
100
AcDbEntity
  8
G-ANNO-TEXT
 62
     7
100
AcDbMText
 10
37943.11475636749
 20
33695.79109286615
 30
0.0
 40
250.0
 41
721.5187500000001
 46
0.0
 71
     1
 72
     1
  1
SHR
  7
ISOCPEUR_2
 73
     2
 44
1.0
1001
REVIT
1002
{
1070
     1
1000
2088965
1002
}
1002
{
1070
     5
1000
732082
1002
}
1002
{
1070
     2
1000
-2000300
1002
}
  0
DIMENSION
  5
820
330
70
100
AcDbEntity
  8
A-ANNO-DIMS
100
AcDbDimension
280
     0
  2
DIMBLOCK7-SECTION B-B
 10
27975.44550635082
 20
34756.59395412857
 30
0.0
 11
27675.44550635082
 21
34856.59395412857
 31
0.0
 70
    32
 71
     5
 42
600.0
 73
     0
 74
     0
 75
     0
  3
2_0mm_ISOCPEUR
100
AcDbAlignedDimension
 13
27375.44550635082
 23
35306.59395412857
 33
0.0
 14
27975.44550635082
 24
35306.59395412857
 34
0.0
100
AcDbRotatedDimension
1001
ACAD
1000
DSTYLE
1002
{
1070
    49
1040
600.0
1002
}
1001
REVIT
1002
{
1070
     1
1000
2088978
1002
}
1002
{
1070
     5
1000
1276159
1002
}
1002
{
1070
     2
1000
-2000260
1002
}
  0
DIMENSION
  5
83A
330
70
100
AcDbEntity
  8
A-ANNO-DIMS
100
AcDbDimension
280
     0
  2
DIMBLOCK8-SECTION B-B
 10
30700.44550576654
 20
37436.19072763693
 30
0.0
 11
30400.44550576653
 21
37536.19072763693
 31
0.0
 70
    32
 71
     5
 42
600.0000000000146
 73
     0
 74
     0
 75
     0
  3
2_0mm_ISOCPEUR
100
AcDbAlignedDimension
 13
30100.44550576652
 23
37765.30501376368
 33
0.0
 14
30700.44550576654
 24
37986.19072763693
 34
0.0
100
AcDbRotatedDimension
1001
ACAD
1000
DSTYLE
1002
{
1070
    49
1040
639.3672642490483
1002
}
1001
REVIT
1002
{
1070
     1
1000
2088985
1002
}
1002
{
1070
     5
1000
1276159
1002
}
1002
{
1070
     2
1000
-2000260
1002
}
  0
DIMENSION
  5
854
330
70
100
AcDbEntity
  8
A-ANNO-DIMS
100
AcDbDimension
280
     0
  2
DIMBLOCK9-SECTION B-B
 10
39580.44550649941
 20
35770.30802252929
 30
0.0
 11
39880.44550649941
 21
35870.30802252929
 31
0.0
 70
    32
 71
     5
 42
600.0000000000073
 73
     0
 74
     0
 75
     0
  3
2_0mm_ISOCPEUR
100
AcDbAlignedDimension
 13
40180.44550649942
 23
35521.01479736218
 33
0.0
 14
39580.44550649941
 24
35220.30802252929
 34
0.0
100
AcDbRotatedDimension
1001
ACAD
1000
DSTYLE
1002
{
1070
    49
1040
671.1367702863614
1002
}
1001
REVIT
1002
{
1070
     1
1000
2088999
1002
}
1002
{
1070
     5
1000
1276159
1002
}
1002
{
1070
     2
1000
-2000260
1002
}
  0
LINE
  5
861
330
70
100
AcDbEntity
  8
G-ANNO-TEXT
 62
     7
100
AcDbLine
 10
38408.94141874924
 20
32198.04042891397
 30
0.0
 11
38624.08206801651
 21
31974.03995947683
 31
0.0
1001
REVIT
1002
{
1070
     1
1000
2089060
1002
}
1002
{
1070
     5
1000
744073
1002
}
1002
{
1070
     2
1000
-2000300
1002
}
  0
LINE
  5
862
330
70
100
AcDbEntity
  8
G-ANNO-TEXT
 62
     7
100
AcDbLine
 10
38624.08206801651
 20
31974.03995947683
 30
0.0
 11
38707.25892111995
 21
32111.6206565554
 31
0.0
1001
REVIT
1002
{
1070
     1
1000
2089060
1002
}
1002
{
1070
     5
1000
744073
1002
}
1002
{
1070
     2
1000
-2000300
1002
}
  0
LINE
  5
863
330
70
100
AcDbEntity
  8
G-ANNO-TEXT
 62
     7
100
AcDbLine
 10
38707.25892111995
 20
32111.6206565554
 30
0.0
 11
38408.94141874924
 21
32198.04042891397
 31
0.0
1001
REVIT
1002
{
1070
     1
1000
2089060
1002
}
1002
{
1070
     5
1000
744073
1002
}
1002
{
1070
     2
1000
-2000300
1002
}
  0
HATCH
  5
864
330
70
100
AcDbEntity
  8
G-ANNO-TEXT
 62
     7
100
AcDbHatch
 10
0.0
 20
0.0
 30
0.0
210
0.0
220
0.0
230
1.0
  2
SOLID
 70
     1
 71
     0
 91
        1
 92
        1
 93
        3
 72
     1
 10
38408.94141874924
 20
32198.04042891397
 11
38624.08206801651
 21
31974.03995947683
 72
     1
 10
38624.08206801651
 20
31974.03995947683
 11
38707.25892111995
 21
32111.6206565554
 72
     1
 10
38707.25892111995
 20
32111.6206565554
 11
38408.94141874924
 21
32198.04042891397
 97
        0
 75
     0
 76
     1
 98
        1
 10
0.0
 20
0.0
1001
REVIT
1002
{
1070
     1
1000
2089060
1002
}
1002
{
1070
     5
1000
744073
1002
}
1002
{
1070
     2
1000
-2000300
1002
}
  0
LINE
  5
865
330
70
100
AcDbEntity
  8
G-ANNO-TEXT
 62
     7
100
AcDbLine
 10
39978.53890981502
 20
31249.11239817909
 30
0.0
 11
41976.57324215237
 21
31249.11239817909
 31
0.0
1001
REVIT
1002
{
1070
     1
1000
2089060
1002
}
1002
{
1070
     5
1000
744073
1002
}
1002
{
1070
     2
1000
-2000300
1002
}
  0
LINE
  5
866
330
70
100
AcDbEntity
  8
G-ANNO-TEXT
 62
     7
100
AcDbLine
 10
38408.94141874924
 20
32198.04042891397
 30
0.0
 11
39978.53890981502
 21
31249.11239817909
 31
0.0
1001
REVIT
1002
{
1070
     1
1000
2089060
1002
}
1002
{
1070
     5
1000
744073
1002
}
1002
{
1070
     2
1000
-2000300
1002
}
  0
MTEXT
  5
867
330
70
100
AcDbEntity
  8
G-ANNO-TEXT
 62
     7
100
AcDbMText
 10
42126.57324215237
 20
31600.71656484576
 30
0.0
 40
150.0
 41
1378.9025
 46
0.0
 71
     1
 72
     1
  1
SUSPENDED 
  7
ISOCPEUR_1
 73
     2
 44
1.0
1001
REVIT
1002
{
1070
     1
1000
2089060
1002
}
1002
{
1070
     5
1000
744073
1002
}
1002
{
1070
     2
1000
-2000300
1002
}
  0
MTEXT
  5
868
330
70
100
AcDbEntity
  8
G-ANNO-TEXT
 62
     7
100
AcDbMText
 10
42126.57324215237
 20
31316.28948151242
 30
0.0
 40
150.0
 41
1891.9825
 46
0.0
 71
     1
 72
     1
  1
CONCRETE SLAB 
  7
ISOCPEUR_1
 73
     2
 44
1.0
1001
REVIT
1002
{
1070
     1
1000
2089060
1002
}
1002
{
1070
     5
1000
744073
1002
}
1002
{
1070
     2
1000
-2000300
1002
}
  0
MTEXT
  5
869
330
70
100
AcDbEntity
  8
G-ANNO-TEXT
 62
     7
100
AcDbMText
 10
42126.57324215237
 20
31031.86239817909
 30
0.0
 40
150.0
 41
1891.9825
 46
0.0
 71
     1
 72
     1
  1
TO ENG. DETAILS
  7
ISOCPEUR_1
 73
     2
 44
1.0
1001
REVIT
1002
{
1070
     1
1000
2089060
1002
}
1002
{
1070
     5
1000
744073
1002
}
1002
{
1070
     2
1000
-2000300
1002
}
  0
LINE
  5
86A
330
70
100
AcDbEntity
  8
G-ANNO-TEXT
 62
     7
100
AcDbLine
 10
37384.24968781394
 20
28793.63456426086
 30
0.0
 11
37303.8649300846
 21
28493.63456426086
 31
0.0
1001
REVIT
1002
{
1070
     1
1000
2089061
1002
}
1002
{
1070
     5
1000
744073
1002
}
1002
{
1070
     2
1000
-2000300
1002
}
  0
LINE
  5
86B
330
70
100
AcDbEntity
  8
G-ANNO-TEXT
 62
     7
100
AcDbLine
 10
37303.8649300846
 20
28493.63456426086
 30
0.0
 11
37464.63444554327
 21
28493.63456426086
 31
0.0
1001
REVIT
1002
{
1070
     1
1000
2089061
1002
}
1002
{
1070
     5
1000
744073
1002
}
1002
{
1070
     2
1000
-2000300
1002
}
  0
LINE
  5
86C
330
70
100
AcDbEntity
  8
G-ANNO-TEXT
 62
     7
100
AcDbLine
 10
37464.63444554327
 20
28493.63456426086
 30
0.0
 11
37384.24968781394
 21
28793.63456426086
 31
0.0
1001
REVIT
1002
{
1070
     1
1000
2089061
1002
}
1002
{
1070
     5
1000
744073
1002
}
1002
{
1070
     2
1000
-2000300
1002
}
  0
HATCH
  5
86D
330
70
100
AcDbEntity
  8
G-ANNO-TEXT
 62
     7
100
AcDbHatch
 10
0.0
 20
0.0
 30
0.0
210
0.0
220
0.0
230
1.0
  2
SOLID
 70
     1
 71
     0
 91
        1
 92
        1
 93
        3
 72
     1
 10
37384.24968781394
 20
28793.63456426086
 11
37303.8649300846
 21
28493.63456426086
 72
     1
 10
37303.8649300846
 20
28493.63456426086
 11
37464.63444554327
 21
28493.63456426086
 72
     1
 10
37464.63444554327
 20
28493.63456426086
 11
37384.24968781394
 21
28793.63456426086
 97
        0
 75
     0
 76
     1
 98
        1
 10
0.0
 20
0.0
1001
REVIT
1002
{
1070
     1
1000
2089061
1002
}
1002
{
1070
     5
1000
744073
1002
}
1002
{
1070
     2
1000
-2000300
1002
}
  0
LINE
  5
86E
330
70
100
AcDbEntity
  8
G-ANNO-TEXT
 62
     7
100
AcDbLine
 10
37384.24968781394
 20
27460.10367605039
 30
0.0
 11
36367.04000103381
 21
27460.10367605039
 31
0.0
1001
REVIT
1002
{
1070
     1
1000
2089061
1002
}
1002
{
1070
     5
1000
744073
1002
}
1002
{
1070
     2
1000
-2000300
1002
}
  0
LINE
  5
86F
330
70
100
AcDbEntity
  8
G-ANNO-TEXT
 62
     7
100
AcDbLine
 10
37384.24968781394
 20
28793.63456426086
 30
0.0
 11
37384.24968781394
 21
27460.10367605039
 31
0.0
1001
REVIT
1002
{
1070
     1
1000
2089061
1002
}
1002
{
1070
     5
1000
744073
1002
}
1002
{
1070
     2
1000
-2000300
1002
}
  0
MTEXT
  5
870
330
70
100
AcDbEntity
  8
G-ANNO-TEXT
 62
     7
100
AcDbMText
 10
34044.43673562272
 20
27669.70784271706
 30
0.0
 40
150.0
 41
2637.551874999999
 46
0.0
 71
     1
 72
     1
  1
RC RAFT SLAB TO ENG. 
  7
ISOCPEUR_1
 73
     2
 44
1.0
1001
REVIT
1002
{
1070
     1
1000
2089061
1002
}
1002
{
1070
     5
1000
744073
1002
}
1002
{
1070
     2
1000
-2000300
1002
}
  0
MTEXT
  5
871
330
70
100
AcDbEntity
  8
G-ANNO-TEXT
 62
     7
100
AcDbMText
 10
35473.18673562272
 20
27385.28075938372
 30
0.0
 40
150.0
 41
905.906875
 46
0.0
 71
     1
 72
     1
  1
DETAILS 
  7
ISOCPEUR_1
 73
     2
 44
1.0
1001
REVIT
1002
{
1070
     1
1000
2089061
1002
}
1002
{
1070
     5
1000
744073
1002
}
1002
{
1070
     2
1000
-2000300
1002
}
  0
DIMENSION
  5
87F
330
70
100
AcDbEntity
  8
A-ANNO-DIMS
100
AcDbDimension
280
     0
  2
DIMBLOCK10-SECTION B-B
 10
39580.44550649941
 20
33139.23158605043
 30
0.0
 11
39617.94550649941
 21
33239.23158605043
 31
0.0
 70
    32
 71
     5
 42
75.0
 73
     0
 74
     0
 75
     0
  3
2_0mm_ISOCPEUR
100
AcDbAlignedDimension
 13
39655.44550649941
 23
32589.23158605043
 33
0.0
 14
39580.44550649941
 24
32589.23158605043
 34
0.0
100
AcDbRotatedDimension
1001
ACAD
1000
DSTYLE
1002
{
1070
    49
1040
75.0
1002
}
1001
REVIT
1002
{
1070
     1
1000
2148175
1002
}
1002
{
1070
     5
1000
1276159
1002
}
1002
{
1070
     2
1000
-2000260
1002
}
  0
LINE
  5
88E
330
70
100
AcDbEntity
  8
G-ANNO-TEXT
 62
     7
100
AcDbLine
 10
37600.03193250606
 20
35165.71674608079
 30
0.0
 11
37387.5820953454
 21
34939.16261134559
 31
0.0
1001
REVIT
1002
{
1070
     1
1000
2293837
1002
}
1002
{
1070
     5
1000
744073
1002
}
1002
{
1070
     2
1000
-2000300
1002
}
  0
LINE
  5
88F
330
70
100
AcDbEntity
  8
G-ANNO-TEXT
 62
     7
100
AcDbLine
 10
37387.5820953454
 20
34939.16261134559
 30
0.0
 11
37529.32204386266
 21
34863.29019148738
 31
0.0
1001
REVIT
1002
{
1070
     1
1000
2293837
1002
}
1002
{
1070
     5
1000
744073
1002
}
1002
{
1070
     2
1000
-2000300
1002
}
  0
LINE
  5
890
330
70
100
AcDbEntity
  8
G-ANNO-TEXT
 62
     7
100
AcDbLine
 10
37529.32204386266
 20
34863.29019148738
 30
0.0
 11
37600.03193250606
 21
35165.71674608079
 31
0.0
1001
REVIT
1002
{
1070
     1
1000
2293837
1002
}
1002
{
1070
     5
1000
744073
1002
}
1002
{
1070
     2
1000
-2000300
1002
}
  0
HATCH
  5
891
330
70
100
AcDbEntity
  8
G-ANNO-TEXT
 62
     7
100
AcDbHatch
 10
0.0
 20
0.0
 30
0.0
210
0.0
220
0.0
230
1.0
  2
SOLID
 70
     1
 71
     0
 91
        1
 92
        1
 93
        3
 72
     1
 10
37600.03193250606
 20
35165.71674608079
 11
37387.5820953454
 21
34939.16261134559
 72
     1
 10
37387.5820953454
 20
34939.16261134559
 11
37529.32204386266
 21
34863.29019148738
 72
     1
 10
37529.32204386266
 20
34863.29019148738
 11
37600.03193250606
 21
35165.71674608079
 97
        0
 75
     0
 76
     1
 98
        1
 10
0.0
 20
0.0
1001
REVIT
1002
{
1070
     1
1000
2293837
1002
}
1002
{
1070
     5
1000
744073
1002
}
1002
{
1070
     2
1000
-2000300
1002
}
  0
LINE
  5
892
330
70
100
AcDbEntity
  8
G-ANNO-TEXT
 62
     7
100
AcDbLine
 10
37297.78465028445
 20
34601.07791814264
 30
0.0
 11
37047.63087529096
 21
34601.07791814264
 31
0.0
1001
REVIT
1002
{
1070
     1
1000
2293837
1002
}
1002
{
1070
     5
1000
744073
1002
}
1002
{
1070
     2
1000
-2000300
1002
}
  0
LINE
  5
893
330
70
100
AcDbEntity
  8
G-ANNO-TEXT
 62
     7
100
AcDbLine
 10
37600.03193250606
 20
35165.71674608079
 30
0.0
 11
37297.78465028445
 21
34601.07791814264
 31
0.0
1001
REVIT
1002
{
1070
     1
1000
2293837
1002
}
1002
{
1070
     5
1000
744073
1002
}
1002
{
1070
     2
1000
-2000300
1002
}
  0
MTEXT
  5
894
330
70
100
AcDbEntity
  8
G-ANNO-TEXT
 62
     7
100
AcDbMText
 10
35916.31137376859
 20
34676.07791814264
 30
0.0
 40
150.0
 41
1186.4975
 46
0.0
 71
     1
 72
     1
  1
SLIP JOINT
  7
ISOCPEUR_1
 73
     2
 44
1.0
1001
REVIT
1002
{
1070
     1
1000
2293837
1002
}
1002
{
1070
     5
1000
744073
1002
}
1002
{
1070
     2
1000
-2000300
1002
}
  0
LINE
  5
895
330
70
100
AcDbEntity
  8
G-ANNO-TEXT
 62
     7
100
AcDbLine
 10
30323.43686713406
 20
28417.63357577451
 30
0.0
 11
30243.05210940472
 21
28117.63357577451
 31
0.0
1001
REVIT
1002
{
1070
     1
1000
2314823
1002
}
1002
{
1070
     5
1000
744073
1002
}
1002
{
1070
     2
1000
-2000300
1002
}
  0
LINE
  5
896
330
70
100
AcDbEntity
  8
G-ANNO-TEXT
 62
     7
100
AcDbLine
 10
30243.05210940472
 20
28117.63357577451
 30
0.0
 11
30403.8216248634
 21
28117.63357577451
 31
0.0
1001
REVIT
1002
{
1070
     1
1000
2314823
1002
}
1002
{
1070
     5
1000
744073
1002
}
1002
{
1070
     2
1000
-2000300
1002
}
  0
LINE
  5
897
330
70
100
AcDbEntity
  8
G-ANNO-TEXT
 62
     7
100
AcDbLine
 10
30403.8216248634
 20
28117.63357577451
 30
0.0
 11
30323.43686713406
 21
28417.63357577451
 31
0.0
1001
REVIT
1002
{
1070
     1
1000
2314823
1002
}
1002
{
1070
     5
1000
744073
1002
}
1002
{
1070
     2
1000
-2000300
1002
}
  0
HATCH
  5
898
330
70
100
AcDbEntity
  8
G-ANNO-TEXT
 62
     7
100
AcDbHatch
 10
0.0
 20
0.0
 30
0.0
210
0.0
220
0.0
230
1.0
  2
SOLID
 70
     1
 71
     0
 91
        1
 92
        1
 93
        3
 72
     1
 10
30323.43686713406
 20
28417.63357577451
 11
30243.05210940472
 21
28117.63357577451
 72
     1
 10
30243.05210940472
 20
28117.63357577451
 11
30403.8216248634
 21
28117.63357577451
 72
     1
 10
30403.8216248634
 20
28117.63357577451
 11
30323.43686713406
 21
28417.63357577451
 97
        0
 75
     0
 76
     1
 98
        1
 10
0.0
 20
0.0
1001
REVIT
1002
{
1070
     1
1000
2314823
1002
}
1002
{
1070
     5
1000
744073
1002
}
1002
{
1070
     2
1000
-2000300
1002
}
  0
LINE
  5
899
330
70
100
AcDbEntity
  8
G-ANNO-TEXT
 62
     7
100
AcDbLine
 10
30323.43686713406
 20
26944.43699850984
 30
0.0
 11
29469.28770253728
 21
26944.43699850985
 31
0.0
1001
REVIT
1002
{
1070
     1
1000
2314823
1002
}
1002
{
1070
     5
1000
744073
1002
}
1002
{
1070
     2
1000
-2000300
1002
}
  0
LINE
  5
89A
330
70
100
AcDbEntity
  8
G-ANNO-TEXT
 62
     7
100
AcDbLine
 10
30323.43686713406
 20
28417.63357577451
 30
0.0
 11
30323.43686713406
 21
26944.43699850984
 31
0.0
1001
REVIT
1002
{
1070
     1
1000
2314823
1002
}
1002
{
1070
     5
1000
744073
1002
}
1002
{
1070
     2
1000
-2000300
1002
}
  0
MTEXT
  5
89B
330
70
100
AcDbEntity
  8
G-ANNO-TEXT
 62
     7
100
AcDbMText
 10
27307.4940541647
 20
27438.54116517652
 30
0.0
 40
150.0
 41
2437.13
 46
0.0
 71
     1
 72
     1
  1
AG LINE AS REQUIRED
  7
ISOCPEUR_1
 73
     2
 44
1.0
1001
REVIT
1002
{
1070
     1
1000
2314823
1002
}
1002
{
1070
     5
1000
744073
1002
}
1002
{
1070
     2
1000
-2000300
1002
}
  0
MTEXT
  5
89C
330
70
100
AcDbEntity
  8
G-ANNO-TEXT
 62
     7
100
AcDbMText
 10
27413.32738749803
 20
27154.11408184318
 30
0.0
 40
150.0
 41
2308.86
 46
0.0
 71
     1
 72
     1
  1
TO CONNECT TO PVC 
  7
ISOCPEUR_1
 73
     2
 44
1.0
1001
REVIT
1002
{
1070
     1
1000
2314823
1002
}
1002
{
1070
     5
1000
744073
1002
}
1002
{
1070
     2
1000
-2000300
1002
}
  0
MTEXT
  5
89D
330
70
100
AcDbEntity
  8
G-ANNO-TEXT
 62
     7
100
AcDbMText
 10
27446.4003041647
 20
26869.68699850985
 30
0.0
 40
150.0
 41
2268.775625
 46
0.0
 71
     1
 72
     1
  1
PIPE UNDERSLAB TO 
  7
ISOCPEUR_1
 73
     2
 44
1.0
1001
REVIT
1002
{
1070
     1
1000
2314823
1002
}
1002
{
1070
     5
1000
744073
1002
}
1002
{
1070
     2
1000
-2000300
1002
}
  0
MTEXT
  5
89E
330
70
100
AcDbEntity
  8
G-ANNO-TEXT
 62
     7
100
AcDbMText
 10
28088.01488749803
 20
26585.25991517652
 30
0.0
 40
150.0
 41
1491.13875
 46
0.0
 71
     1
 72
     1
  1
ENG. DETAILS 
  7
ISOCPEUR_1
 73
     2
 44
1.0
1001
REVIT
1002
{
1070
     1
1000
2314823
1002
}
1002
{
1070
     5
1000
744073
1002
}
1002
{
1070
     2
1000
-2000300
1002
}
  0
LINE
  5
89F
330
70
100
AcDbEntity
  8
G-ANNO-TEXT
 62
     7
100
AcDbLine
 10
30669.31525523174
 20
28972.54474952182
 30
0.0
 11
30666.78479384709
 21
28661.97220398634
 31
0.0
1001
REVIT
1002
{
1070
     1
1000
2314840
1002
}
1002
{
1070
     5
1000
744073
1002
}
1002
{
1070
     2
1000
-2000300
1002
}
  0
LINE
  5
8A0
330
70
100
AcDbEntity
  8
G-ANNO-TEXT
 62
     7
100
AcDbLine
 10
30666.78479384709
 20
28661.97220398634
 30
0.0
 11
30822.41008415708
 21
28702.31580467777
 31
0.0
1001
REVIT
1002
{
1070
     1
1000
2314840
1002
}
1002
{
1070
     5
1000
744073
1002
}
1002
{
1070
     2
1000
-2000300
1002
}
  0
LINE
  5
8A1
330
70
100
AcDbEntity
  8
G-ANNO-TEXT
 62
     7
100
AcDbLine
 10
30822.41008415708
 20
28702.31580467777
 30
0.0
 11
30669.31525523174
 21
28972.54474952182
 31
0.0
1001
REVIT
1002
{
1070
     1
1000
2314840
1002
}
1002
{
1070
     5
1000
744073
1002
}
1002
{
1070
     2
1000
-2000300
1002
}
  0
HATCH
  5
8A2
330
70
100
AcDbEntity
  8
G-ANNO-TEXT
 62
     7
100
AcDbHatch
 10
0.0
 20
0.0
 30
0.0
210
0.0
220
0.0
230
1.0
  2
SOLID
 70
     1
 71
     0
 91
        1
 92
        1
 93
        3
 72
     1
 10
30669.31525523174
 20
28972.54474952182
 11
30666.78479384709
 21
28661.97220398634
 72
     1
 10
30666.78479384709
 20
28661.97220398634
 11
30822.41008415708
 21
28702.31580467777
 72
     1
 10
30822.41008415708
 20
28702.31580467777
 11
30669.31525523174
 21
28972.54474952182
 97
        0
 75
     0
 76
     1
 98
        1
 10
0.0
 20
0.0
1001
REVIT
1002
{
1070
     1
1000
2314840
1002
}
1002
{
1070
     5
1000
744073
1002
}
1002
{
1070
     2
1000
-2000300
1002
}
  0
LINE
  5
8A3
330
70
100
AcDbEntity
  8
G-ANNO-TEXT
 62
     7
100
AcDbLine
 10
31086.42611162667
 20
27363.54116517653
 30
0.0
 11
31285.43008572142
 21
27363.54116517653
 31
0.0
1001
REVIT
1002
{
1070
     1
1000
2314840
1002
}
1002
{
1070
     5
1000
744073
1002
}
1002
{
1070
     2
1000
-2000300
1002
}
  0
LINE
  5
8A4
330
70
100
AcDbEntity
  8
G-ANNO-TEXT
 62
     7
100
AcDbLine
 10
30669.31525523174
 20
28972.54474952182
 30
0.0
 11
31086.42611162667
 21
27363.54116517653
 31
0.0
1001
REVIT
1002
{
1070
     1
1000
2314840
1002
}
1002
{
1070
     5
1000
744073
1002
}
1002
{
1070
     2
1000
-2000300
1002
}
  0
MTEXT
  5
8A5
330
70
100
AcDbEntity
  8
G-ANNO-TEXT
 62
     7
100
AcDbMText
 10
31435.43008572142
 20
27438.54116517652
 30
0.0
 40
150.0
 41
2364.978125
 46
0.0
 71
     1
 72
     1
  1
RETAINING WALL TO 
  7
ISOCPEUR_1
 73
     2
 44
1.0
1001
REVIT
1002
{
1070
     1
1000
2314840
1002
}
1002
{
1070
     5
1000
744073
1002
}
1002
{
1070
     2
1000
-2000300
1002
}
  0
MTEXT
  5
8A6
330
70
100
AcDbEntity
  8
G-ANNO-TEXT
 62
     7
100
AcDbMText
 10
31435.43008572142
 20
27154.11408184318
 30
0.0
 40
150.0
 41
1603.375
 46
0.0
 71
     1
 72
     1
  1
ENG. DETAILS 
  7
ISOCPEUR_1
 73
     2
 44
1.0
1001
REVIT
1002
{
1070
     1
1000
2314840
1002
}
1002
{
1070
     5
1000
744073
1002
}
1002
{
1070
     2
1000
-2000300
1002
}
  0
LINE
  5
8A7
330
70
100
AcDbEntity
  8
G-ANNO-TEXT
 62
     7
100
AcDbLine
 10
38360.95908923026
 20
35348.11546604309
 30
0.0
 11
38553.29619846399
 21
35104.25455140767
 31
0.0
1001
REVIT
1002
{
1070
     1
1000
2319952
1002
}
1002
{
1070
     5
1000
744073
1002
}
1002
{
1070
     2
1000
-2000300
1002
}
  0
LINE
  5
8A8
330
70
100
AcDbEntity
  8
G-ANNO-TEXT
 62
     7
100
AcDbLine
 10
38553.29619846399
 20
35104.25455140767
 30
0.0
 11
38649.45836923483
 21
35233.09427359557
 31
0.0
1001
REVIT
1002
{
1070
     1
1000
2319952
1002
}
1002
{
1070
     5
1000
744073
1002
}
1002
{
1070
     2
1000
-2000300
1002
}
  0
LINE
  5
8A9
330
70
100
AcDbEntity
  8
G-ANNO-TEXT
 62
     7
100
AcDbLine
 10
38649.45836923483
 20
35233.09427359557
 30
0.0
 11
38360.95908923026
 21
35348.11546604309
 31
0.0
1001
REVIT
1002
{
1070
     1
1000
2319952
1002
}
1002
{
1070
     5
1000
744073
1002
}
1002
{
1070
     2
1000
-2000300
1002
}
  0
HATCH
  5
8AA
330
70
100
AcDbEntity
  8
G-ANNO-TEXT
 62
     7
100
AcDbHatch
 10
0.0
 20
0.0
 30
0.0
210
0.0
220
0.0
230
1.0
  2
SOLID
 70
     1
 71
     0
 91
        1
 92
        1
 93
        3
 72
     1
 10
38360.95908923026
 20
35348.11546604309
 11
38553.29619846399
 21
35104.25455140767
 72
     1
 10
38553.29619846399
 20
35104.25455140767
 11
38649.45836923483
 21
35233.09427359557
 72
     1
 10
38649.45836923483
 20
35233.09427359557
 11
38360.95908923026
 21
35348.11546604309
 97
        0
 75
     0
 76
     1
 98
        1
 10
0.0
 20
0.0
1001
REVIT
1002
{
1070
     1
1000
2319952
1002
}
1002
{
1070
     5
1000
744073
1002
}
1002
{
1070
     2
1000
-2000300
1002
}
  0
LINE
  5
8AB
330
70
100
AcDbEntity
  8
G-ANNO-TEXT
 62
     7
100
AcDbLine
 10
39732.45177775379
 20
34324.47375147598
 30
0.0
 11
41976.57324215237
 21
34324.47375147598
 31
0.0
1001
REVIT
1002
{
1070
     1
1000
2319952
1002
}
1002
{
1070
     5
1000
744073
1002
}
1002
{
1070
     2
1000
-2000300
1002
}
  0
LINE
  5
8AC
330
70
100
AcDbEntity
  8
G-ANNO-TEXT
 62
     7
100
AcDbLine
 10
38360.95908923026
 20
35348.11546604309
 30
0.0
 11
39732.45177775379
 21
34324.47375147598
 31
0.0
1001
REVIT
1002
{
1070
     1
1000
2319952
1002
}
1002
{
1070
     5
1000
744073
1002
}
1002
{
1070
     2
1000
-2000300
1002
}
  0
MTEXT
  5
8AD
330
70
100
AcDbEntity
  8
G-ANNO-TEXT
 62
     7
100
AcDbMText
 10
42126.57324215237
 20
34676.07791814264
 30
0.0
 40
150.0
 41
1378.9025
 46
0.0
 71
     1
 72
     1
  1
SUSPENDED 
  7
ISOCPEUR_1
 73
     2
 44
1.0
1001
REVIT
1002
{
1070
     1
1000
2319952
1002
}
1002
{
1070
     5
1000
744073
1002
}
1002
{
1070
     2
1000
-2000300
1002
}
  0
MTEXT
  5
8AE
330
70
100
AcDbEntity
  8
G-ANNO-TEXT
 62
     7
100
AcDbMText
 10
42126.57324215237
 20
34391.65083480931
 30
0.0
 40
150.0
 41
1891.9825
 46
0.0
 71
     1
 72
     1
  1
CONCRETE SLAB 
  7
ISOCPEUR_1
 73
     2
 44
1.0
1001
REVIT
1002
{
1070
     1
1000
2319952
1002
}
1002
{
1070
     5
1000
744073
1002
}
1002
{
1070
     2
1000
-2000300
1002
}
  0
MTEXT
  5
8AF
330
70
100
AcDbEntity
  8
G-ANNO-TEXT
 62
     7
100
AcDbMText
 10
42126.57324215237
 20
34107.22375147597
 30
0.0
 40
150.0
 41
1891.9825
 46
0.0
 71
     1
 72
     1
  1
TO ENG. DETAILS
  7
ISOCPEUR_1
 73
     2
 44
1.0
1001
REVIT
1002
{
1070
     1
1000
2319952
1002
}
1002
{
1070
     5
1000
744073
1002
}
1002
{
1070
     2
1000
-2000300
1002
}
  0
MTEXT
  5
8B1
330
70
100
AcDbEntity
  8
G-ANNO-TEXT
 62
     5
100
AcDbMText
 10
26519.76853565263
 20
38164.77088803305
 30
0.0
 40
150.0
 41
2004.21875
 46
0.0
 71
     1
 72
     1
  1
BOUNDARY LINE
  7
Calibri
 11
0.0
 21
1.0
 31
0.0
 73
     2
 44
1.0
1001
REVIT
1002
{
1070
     1
1000
2322493
1002
}
1002
{
1070
     5
1000
2108305
1002
}
1002
{
1070
     2
1000
-2000300
1002
}
  0
MTEXT
  5
8B2
330
70
100
AcDbEntity
  8
G-ANNO-TEXT
 62
     7
100
AcDbMText
 10
26001.40124912184
 20
30400.87664697624
 30
0.0
 40
150.0
 41
416.8775
 46
0.0
 71
     1
 72
     1
  1
NGL 
  7
ISOCPEUR_1
 73
     2
 44
1.0
1001
REVIT
1002
{
1070
     1
1000
2322637
1002
}
1002
{
1070
     5
1000
744073
1002
}
1002
{
1070
     2
1000
-2000300
1002
}
  0
DIMENSION
  5
8C1
330
70
100
AcDbEntity
  8
A-ANNO-DIMS
100
AcDbDimension
280
     0
  2
DIMBLOCK11-SECTION B-B
 10
27286.56626268833
 20
29421.81664960732
 30
0.0
 11
27211.04703184877
 21
29778.6357157626
 31
0.0
 70
    32
 71
     5
 42
713.6381323105888
 73
     0
 74
     0
 75
     0
  3
1_5mm_Calibrii
100
AcDbAlignedDimension
 13
26986.56626268832
 23
30135.45478191789
 33
0.0
 14
27586.56626268832
 24
29421.8166496073
 34
0.0
 50
89.99999999999991
100
AcDbRotatedDimension
1001
ACAD
1000
DSTYLE
1002
{
1070
    49
1040
932.3515345017403
1002
}
1001
REVIT
1002
{
1070
     1
1000
2322646
1002
}
1002
{
1070
     5
1000
2159605
1002
}
1002
{
1070
     2
1000
-2000260
1002
}
  0
DIMENSION
  5
8DE
330
70
100
AcDbEntity
  8
A-ANNO-DIMS
100
AcDbDimension
280
     0
  2
DIMBLOCK12-SECTION B-B
 10
26655.44550522172
 20
30466.76756185041
 30
0.0
 11
27104.97813840612
 21
30523.97004143808
 31
0.0
 70
   160
 71
     1
 72
     2
 41
1.158047630004602
 42
200.0000000000364
 73
     0
 74
     0
 75
     0
  3
1_5mm_Calibrii_1
100
AcDbAlignedDimension
 13
26455.44550522168
 23
30766.76756185041
 33
0.0
 14
26655.44550522172
 24
30166.76756185041
 34
0.0
100
AcDbRotatedDimension
1001
ACAD
1000
DSTYLE
1002
{
1070
    49
1040
632.4555320336874
1002
}
1001
REVIT
1002
{
1070
     1
1000
2322653
1002
}
1002
{
1070
     5
1000
2159605
1002
}
1002
{
1070
     2
1000
-2000260
1002
}
  0
LINE
  5
8EC
330
70
100
AcDbEntity
  8
G-ANNO-TEXT
 62
     7
100
AcDbLine
 10
40985.87928254627
 20
29023.2188648749
 30
0.0
 11
40774.27028614623
 21
28795.87915888897
 31
0.0
1001
REVIT
1002
{
1070
     1
1000
2323008
1002
}
1002
{
1070
     5
1000
744073
1002
}
1002
{
1070
     2
1000
-2000300
1002
}
  0
LINE
  5
8ED
330
70
100
AcDbEntity
  8
G-ANNO-TEXT
 62
     7
100
AcDbLine
 10
40774.27028614623
 20
28795.87915888897
 30
0.0
 11
40916.29036898747
 21
28720.53240600218
 31
0.0
1001
REVIT
1002
{
1070
     1
1000
2323008
1002
}
1002
{
1070
     5
1000
744073
1002
}
1002
{
1070
     2
1000
-2000300
1002
}
  0
LINE
  5
8EE
330
70
100
AcDbEntity
  8
G-ANNO-TEXT
 62
     7
100
AcDbLine
 10
40916.29036898747
 20
28720.53240600218
 30
0.0
 11
40985.87928254627
 21
29023.2188648749
 31
0.0
1001
REVIT
1002
{
1070
     1
1000
2323008
1002
}
1002
{
1070
     5
1000
744073
1002
}
1002
{
1070
     2
1000
-2000300
1002
}
  0
HATCH
  5
8EF
330
70
100
AcDbEntity
  8
G-ANNO-TEXT
 62
     7
100
AcDbHatch
 10
0.0
 20
0.0
 30
0.0
210
0.0
220
0.0
230
1.0
  2
SOLID
 70
     1
 71
     0
 91
        1
 92
        1
 93
        3
 72
     1
 10
40985.87928254627
 20
29023.2188648749
 11
40774.27028614623
 21
28795.87915888897
 72
     1
 10
40774.27028614623
 20
28795.87915888897
 11
40916.29036898747
 21
28720.53240600218
 72
     1
 10
40916.29036898747
 20
28720.53240600218
 11
40985.87928254627
 21
29023.2188648749
 97
        0
 75
     0
 76
     1
 98
        1
 10
0.0
 20
0.0
1001
REVIT
1002
{
1070
     1
1000
2323008
1002
}
1002
{
1070
     5
1000
744073
1002
}
1002
{
1070
     2
1000
-2000300
1002
}
  0
LINE
  5
8F0
330
70
100
AcDbEntity
  8
G-ANNO-TEXT
 62
     7
100
AcDbLine
 10
39978.53890981502
 20
27124.49652179562
 30
0.0
 11
39557.79837639303
 21
27124.49652179562
 31
0.0
1001
REVIT
1002
{
1070
     1
1000
2323008
1002
}
1002
{
1070
     5
1000
744073
1002
}
1002
{
1070
     2
1000
-2000300
1002
}
  0
LINE
  5
8F1
330
70
100
AcDbEntity
  8
G-ANNO-TEXT
 62
     7
100
AcDbLine
 10
40985.87928254627
 20
29023.2188648749
 30
0.0
 11
39978.53890981502
 21
27124.49652179562
 31
0.0
1001
REVIT
1002
{
1070
     1
1000
2323008
1002
}
1002
{
1070
     5
1000
744073
1002
}
1002
{
1070
     2
1000
-2000300
1002
}
  0
MTEXT
  5
8F2
330
70
100
AcDbEntity
  8
G-ANNO-TEXT
 62
     7
100
AcDbMText
 10
37730.85739715075
 20
27334.10068846229
 30
0.0
 40
150.0
 41
2036.28625
 46
0.0
 71
     1
 72
     1
  1
SHORING PILES TO 
  7
ISOCPEUR_1
 73
     2
 44
1.0
1001
REVIT
1002
{
1070
     1
1000
2323008
1002
}
1002
{
1070
     5
1000
744073
1002
}
1002
{
1070
     2
1000
-2000300
1002
}
  0
MTEXT
  5
8F3
330
70
100
AcDbEntity
  8
G-ANNO-TEXT
 62
     7
100
AcDbMText
 10
38180.64906381742
 20
27049.67360512895
 30
0.0
 40
150.0
 41
1491.13875
 46
0.0
 71
     1
 72
     1
  1
ENG. DETAILS 
  7
ISOCPEUR_1
 73
     2
 44
1.0
1001
REVIT
1002
{
1070
     1
1000
2323008
1002
}
1002
{
1070
     5
1000
744073
1002
}
1002
{
1070
     2
1000
-2000300
1002
}
  0
LINE
  5
8F4
330
70
100
AcDbEntity
  8
G-ANNO-TEXT
 62
     7
100
AcDbLine
 10
26729.79894106242
 20
29839.79462764566
 30
0.0
 11
26515.82017301453
 21
29614.68399684402
 31
0.0
1001
REVIT
1002
{
1070
     1
1000
2323014
1002
}
1002
{
1070
     5
1000
744073
1002
}
1002
{
1070
     2
1000
-2000300
1002
}
  0
LINE
  5
8F5
330
70
100
AcDbEntity
  8
G-ANNO-TEXT
 62
     7
100
AcDbLine
 10
26515.82017301453
 20
29614.68399684402
 30
0.0
 11
26657.04320746327
 21
29537.85371868556
 31
0.0
1001
REVIT
1002
{
1070
     1
1000
2323014
1002
}
1002
{
1070
     5
1000
744073
1002
}
1002
{
1070
     2
1000
-2000300
1002
}
  0
LINE
  5
8F6
330
70
100
AcDbEntity
  8
G-ANNO-TEXT
 62
     7
100
AcDbLine
 10
26657.04320746327
 20
29537.85371868556
 30
0.0
 11
26729.79894106242
 21
29839.79462764566
 31
0.0
1001
REVIT
1002
{
1070
     1
1000
2323014
1002
}
1002
{
1070
     5
1000
744073
1002
}
1002
{
1070
     2
1000
-2000300
1002
}
  0
HATCH
  5
8F7
330
70
100
AcDbEntity
  8
G-ANNO-TEXT
 62
     7
100
AcDbHatch
 10
0.0
 20
0.0
 30
0.0
210
0.0
220
0.0
230
1.0
  2
SOLID
 70
     1
 71
     0
 91
        1
 92
        1
 93
        3
 72
     1
 10
26729.79894106242
 20
29839.79462764566
 11
26515.82017301453
 21
29614.68399684402
 72
     1
 10
26515.82017301453
 20
29614.68399684402
 11
26657.04320746327
 21
29537.85371868556
 72
     1
 10
26657.04320746327
 20
29537.85371868556
 11
26729.79894106242
 21
29839.79462764566
 97
        0
 75
     0
 76
     1
 98
        1
 10
0.0
 20
0.0
1001
REVIT
1002
{
1070
     1
1000
2323014
1002
}
1002
{
1070
     5
1000
744073
1002
}
1002
{
1070
     2
1000
-2000300
1002
}
  0
LINE
  5
8F8
330
70
100
AcDbEntity
  8
G-ANNO-TEXT
 62
     7
100
AcDbLine
 10
25781.10546855505
 20
28095.98510149933
 30
0.0
 11
25486.60022542313
 21
28095.98510149933
 31
0.0
1001
REVIT
1002
{
1070
     1
1000
2323014
1002
}
1002
{
1070
     5
1000
744073
1002
}
1002
{
1070
     2
1000
-2000300
1002
}
  0
LINE
  5
8F9
330
70
100
AcDbEntity
  8
G-ANNO-TEXT
 62
     7
100
AcDbLine
 10
26729.79894106242
 20
29839.79462764566
 30
0.0
 11
25781.10546855505
 21
28095.98510149933
 31
0.0
1001
REVIT
1002
{
1070
     1
1000
2323014
1002
}
1002
{
1070
     5
1000
744073
1002
}
1002
{
1070
     2
1000
-2000300
1002
}
  0
MTEXT
  5
8FA
330
70
100
AcDbEntity
  8
G-ANNO-TEXT
 62
     7
100
AcDbMText
 10
23481.49696001204
 20
28305.58926816599
 30
0.0
 40
150.0
 41
2252.741875
 46
0.0
 71
     1
 72
     1
  1
RETAINING WALL TO 
  7
ISOCPEUR_1
 73
     2
 44
1.0
1001
REVIT
1002
{
1070
     1
1000
2323014
1002
}
1002
{
1070
     5
1000
744073
1002
}
1002
{
1070
     2
1000
-2000300
1002
}
  0
MTEXT
  5
8FB
330
70
100
AcDbEntity
  8
G-ANNO-TEXT
 62
     7
100
AcDbMText
 10
24109.88237667871
 20
28021.16218483266
 30
0.0
 40
150.0
 41
1491.13875
 46
0.0
 71
     1
 72
     1
  1
ENG. DETAILS 
  7
ISOCPEUR_1
 73
     2
 44
1.0
1001
REVIT
1002
{
1070
     1
1000
2323014
1002
}
1002
{
1070
     5
1000
744073
1002
}
1002
{
1070
     2
1000
-2000300
1002
}
  0
DIMENSION
  5
909
330
70
100
AcDbEntity
  8
A-ANNO-DIMS
100
AcDbDimension
280
     0
  2
DIMBLOCK13-SECTION B-B
 10
40592.94734380536
 20
28590.00000000001
 30
0.0
 11
40516.10118988763
 21
29217.06350219461
 31
0.0
 70
    32
 71
     5
 42
1254.127004389237
 73
     0
 74
     0
 75
     0
  3
1_5mm_Calibrii
100
AcDbAlignedDimension
 13
40892.94734380535
 23
29844.12700438924
 33
0.0
 14
40892.94734380535
 24
28590.0
 34
0.0
 50
89.99999999999991
100
AcDbRotatedDimension
1001
ACAD
1000
DSTYLE
1002
{
1070
    49
1040
1254.127004389237
1002
}
1001
REVIT
1002
{
1070
     1
1000
2323305
1002
}
1002
{
1070
     5
1000
2159605
1002
}
1002
{
1070
     2
1000
-2000260
1002
}
  0
MTEXT
  5
916
330
70
100
AcDbEntity
  8
G-ANNO-TEXT
 62
     5
100
AcDbMText
 10
41653.41742716998
 20
38196.95404485462
 30
0.0
 40
150.0
 41
2004.21875
 46
0.0
 71
     1
 72
     1
  1
BOUNDARY LINE
  7
Calibri
 11
0.0
 21
1.0
 31
0.0
 73
     2
 44
1.0
1001
REVIT
1002
{
1070
     1
1000
2323845
1002
}
1002
{
1070
     5
1000
2108305
1002
}
1002
{
1070
     2
1000
-2000300
1002
}
  0
LINE
  5
917
330
70
100
AcDbEntity
  8
G-ANNO-TEXT
 62
     7
100
AcDbLine
 10
35819.84271837028
 20
32086.60893059142
 30
0.0
 11
36006.87615113398
 21
31838.65691042656
 31
0.0
1001
REVIT
1002
{
1070
     1
1000
2347737
1002
}
1002
{
1070
     5
1000
744073
1002
}
1002
{
1070
     2
1000
-2000300
1002
}
  0
LINE
  5
918
330
70
100
AcDbEntity
  8
G-ANNO-TEXT
 62
     7
100
AcDbLine
 10
36006.87615113398
 20
31838.65691042656
 30
0.0
 11
36105.79443258308
 21
31965.39289859083
 31
0.0
1001
REVIT
1002
{
1070
     1
1000
2347737
1002
}
1002
{
1070
     5
1000
744073
1002
}
1002
{
1070
     2
1000
-2000300
1002
}
  0
LINE
  5
919
330
70
100
AcDbEntity
  8
G-ANNO-TEXT
 62
     7
100
AcDbLine
 10
36105.79443258308
 20
31965.39289859083
 30
0.0
 11
35819.84271837028
 21
32086.60893059142
 31
0.0
1001
REVIT
1002
{
1070
     1
1000
2347737
1002
}
1002
{
1070
     5
1000
744073
1002
}
1002
{
1070
     2
1000
-2000300
1002
}
  0
HATCH
  5
91A
330
70
100
AcDbEntity
  8
G-ANNO-TEXT
 62
     7
100
AcDbHatch
 10
0.0
 20
0.0
 30
0.0
210
0.0
220
0.0
230
1.0
  2
SOLID
 70
     1
 71
     0
 91
        1
 92
        1
 93
        3
 72
     1
 10
35819.84271837028
 20
32086.60893059142
 11
36006.87615113398
 21
31838.65691042656
 72
     1
 10
36006.87615113398
 20
31838.65691042656
 11
36105.79443258308
 21
31965.39289859083
 72
     1
 10
36105.79443258308
 20
31965.39289859083
 11
35819.84271837028
 21
32086.60893059142
 97
        0
 75
     0
 76
     1
 98
        1
 10
0.0
 20
0.0
1001
REVIT
1002
{
1070
     1
1000
2347737
1002
}
1002
{
1070
     5
1000
744073
1002
}
1002
{
1070
     2
1000
-2000300
1002
}
  0
LINE
  5
91B
330
70
100
AcDbEntity
  8
G-ANNO-TEXT
 62
     7
100
AcDbLine
 10
36300.09515093528
 20
31711.76871370284
 30
0.0
 11
36432.39707034301
 21
31711.76871370284
 31
0.0
1001
REVIT
1002
{
1070
     1
1000
2347737
1002
}
1002
{
1070
     5
1000
744073
1002
}
1002
{
1070
     2
1000
-2000300
1002
}
  0
LINE
  5
91C
330
70
100
AcDbEntity
  8
G-ANNO-TEXT
 62
     7
100
AcDbLine
 10
35819.84271837028
 20
32086.60893059142
 30
0.0
 11
36300.09515093528
 21
31711.76871370284
 31
0.0
1001
REVIT
1002
{
1070
     1
1000
2347737
1002
}
1002
{
1070
     5
1000
744073
1002
}
1002
{
1070
     2
1000
-2000300
1002
}
  0
MTEXT
  5
91D
330
70
100
AcDbEntity
  8
G-ANNO-TEXT
 62
     7
100
AcDbMText
 10
36582.39707034301
 20
31786.76871370284
 30
0.0
 40
150.0
 41
1186.4975
 46
0.0
 71
     1
 72
     1
  1
SLIP JOINT
  7
ISOCPEUR_1
 73
     2
 44
1.0
1001
REVIT
1002
{
1070
     1
1000
2347737
1002
}
1002
{
1070
     5
1000
744073
1002
}
1002
{
1070
     2
1000
-2000300
1002
}
  0
LINE
  5
91E
330
70
100
AcDbEntity
  8
G-ANNO-TEXT
 62
     7
100
AcDbLine
 10
33933.67171687225
 20
38213.25380799319
 30
0.0
 11
34013.80383616862
 21
38505.0392731349
 31
0.0
1001
REVIT
1002
{
1070
     1
1000
2452925
1002
}
1002
{
1070
     5
1000
2108198
1002
}
1002
{
1070
     2
1000
-2000300
1002
}
  0
LINE
  5
91F
330
70
100
AcDbEntity
  8
G-ANNO-TEXT
 62
     7
100
AcDbLine
 10
34013.80383616862
 20
38505.0392731349
 30
0.0
 11
33935.55376495312
 21
38515.83664310767
 31
0.0
1001
REVIT
1002
{
1070
     1
1000
2452925
1002
}
1002
{
1070
     5
1000
2108198
1002
}
1002
{
1070
     2
1000
-2000300
1002
}
  0
LINE
  5
920
330
70
100
AcDbEntity
  8
G-ANNO-TEXT
 62
     7
100
AcDbLine
 10
33935.55376495312
 20
38515.83664310767
 30
0.0
 11
33933.67171687225
 21
38213.25380799319
 31
0.0
1001
REVIT
1002
{
1070
     1
1000
2452925
1002
}
1002
{
1070
     5
1000
2108198
1002
}
1002
{
1070
     2
1000
-2000300
1002
}
  0
HATCH
  5
921
330
70
100
AcDbEntity
  8
G-ANNO-TEXT
 62
     7
100
AcDbHatch
 10
0.0
 20
0.0
 30
0.0
210
0.0
220
0.0
230
1.0
  2
SOLID
 70
     1
 71
     0
 91
        1
 92
        1
 93
        3
 72
     1
 10
33933.67171687225
 20
38213.25380799319
 11
34013.80383616862
 21
38505.0392731349
 72
     1
 10
34013.80383616862
 20
38505.0392731349
 11
33935.55376495312
 21
38515.83664310767
 72
     1
 10
33935.55376495312
 20
38515.83664310767
 11
33933.67171687225
 21
38213.25380799319
 97
        0
 75
     0
 76
     1
 98
        1
 10
0.0
 20
0.0
1001
REVIT
1002
{
1070
     1
1000
2452925
1002
}
1002
{
1070
     5
1000
2108198
1002
}
1002
{
1070
     2
1000
-2000300
1002
}
  0
LINE
  5
922
330
70
100
AcDbEntity
  8
G-ANNO-TEXT
 62
     7
100
AcDbLine
 10
34118.82621974513
 20
39555.09474446365
 30
0.0
 11
34714.96701439199
 21
39555.09474446368
 31
0.0
1001
REVIT
1002
{
1070
     1
1000
2452925
1002
}
1002
{
1070
     5
1000
2108198
1002
}
1002
{
1070
     2
1000
-2000300
1002
}
  0
LINE
  5
923
330
70
100
AcDbEntity
  8
G-ANNO-TEXT
 62
     7
100
AcDbLine
 10
33933.67171687225
 20
38213.25380799319
 30
0.0
 11
34118.82621974513
 21
39555.09474446365
 31
0.0
1001
REVIT
1002
{
1070
     1
1000
2452925
1002
}
1002
{
1070
     5
1000
2108198
1002
}
1002
{
1070
     2
1000
-2000300
1002
}
  0
MTEXT
  5
924
330
70
100
AcDbEntity
  8
G-ANNO-TEXT
 62
     7
100
AcDbMText
 10
34914.96701439199
 20
39630.09474446366
 30
0.0
 40
150.0
 41
7335.440624999999
 46
0.0
 71
     1
 72
     1
  1
COLORBOND SURFMIST ROOF AS PER APPROVED SCHEDULE 
  7
Calibri
 73
     2
 44
1.0
1001
REVIT
1002
{
1070
     1
1000
2452925
1002
}
1002
{
1070
     5
1000
2108198
1002
}
1002
{
1070
     2
1000
-2000300
1002
}
  0
MTEXT
  5
925
330
70
100
AcDbEntity
  8
G-ANNO-TEXT
 62
     7
100
AcDbMText
 10
34914.96701439199
 20
39332.43849446366
 30
0.0
 40
150.0
 41
3527.425
 46
0.0
 71
     1
 72
     1
  1
OF FINISHES AND MATERIALS
  7
Calibri
 73
     2
 44
1.0
1001
REVIT
1002
{
1070
     1
1000
2452925
1002
}
1002
{
1070
     5
1000
2108198
1002
}
1002
{
1070
     2
1000
-2000300
1002
}
  0
INSERT
  5
92E
330
70
100
AcDbEntity
  8
A-GLAZ-IDEN
100
AcDbBlockReference
  2
Window Tag ELEVATION - Window Tag_Elevation-2303104-SECTION B-B
 10
0.0
 20
0.0
 30
0.0
1001
REVIT
1002
{
1070
     1
1000
2594699
1002
}
1002
{
1070
     5
1000
2303104
1002
}
1002
{
1070
     2
1000
-2000450
1002
}
1002
{
1070
     3
1000
2302834
1002
}
  0
MTEXT
  5
930
330
70
100
AcDbEntity
  8
A-GLAZ-IDEN
100
AcDbMText
 10
29249.07579684395
 20
30451.70955881593
 30
0.0
 40
149.9999999999998
 41
400.8437499999995
 46
0.0
 71
     1
 72
     1
  1
W7
  7
Arial
 73
     2
 44
1.0
1001
REVIT
1002
{
1070
     1
1000
2594699
1002
}
1002
{
1070
     5
1000
2303104
1002
}
1002
{
1070
     2
1000
-2000450
1002
}
  0
INSERT
  5
931
330
70
100
AcDbEntity
  8
A-GLAZ-IDEN
100
AcDbBlockReference
  2
Window Tag ELEVATION - Window Tag_Elevation-2303104-SECTION B-B
 10
-101.5083987911811
 20
3276.55859828123
 30
0.0
 41
1.0
 42
1.0
 43
1.0
1001
REVIT
1002
{
1070
     1
1000
2594702
1002
}
1002
{
1070
     5
1000
2303104
1002
}
1002
{
1070
     2
1000
-2000450
1002
}
1002
{
1070
     3
1000
2302834
1002
}
  0
MTEXT
  5
932
330
70
100
AcDbEntity
  8
A-GLAZ-IDEN
100
AcDbMText
 10
29087.56739805279
 20
33728.26815709718
 30
0.0
 40
149.9999999999998
 41
545.1474999999995
 46
0.0
 71
     1
 72
     1
  1
W17
  7
Arial
 73
     2
 44
1.0
1001
REVIT
1002
{
1070
     1
1000
2594702
1002
}
1002
{
1070
     5
1000
2303104
1002
}
1002
{
1070
     2
1000
-2000450
1002
}
  0
DIMENSION
  5
941
330
70
100
AcDbEntity
  8
A-ANNO-DIMS
100
AcDbDimension
280
     0
  2
DIMBLOCK14-SECTION B-B
 10
38253.44571387799
 20
28895.00000000001
 30
0.0
 11
38176.59955996026
 21
30065.0
 31
0.0
 70
    32
 71
     5
 42
2340.000000000008
 73
     0
 74
     0
 75
     0
  3
1_5mm_Calibri_Orange_2
100
AcDbAlignedDimension
 13
38553.44571387797
 23
31235.00000000001
 33
0.0
 14
38553.44571387797
 24
28895.0
 34
0.0
 50
89.99999999999991
100
AcDbRotatedDimension
1001
ACAD
1000
DSTYLE
1002
{
1070
    49
1040
2340.000000000008
1002
}
1001
REVIT
1002
{
1070
     1
1000
2599821
1002
}
1002
{
1070
     5
1000
2510899
1002
}
1002
{
1070
     2
1000
-2000260
1002
}
  0
DIMENSION
  5
95B
330
70
100
AcDbEntity
  8
A-ANNO-DIMS
100
AcDbDimension
280
     0
  2
DIMBLOCK15-SECTION B-B
 10
34683.93626708923
 20
32340.00000000002
 30
0.0
 11
34607.09011317151
 21
33510.0
 31
0.0
 70
    32
 71
     5
 42
2339.999999999982
 73
     0
 74
     0
 75
     0
  3
1_5mm_Calibri_Orange_2
100
AcDbAlignedDimension
 13
34983.93626708922
 23
34679.99999999999
 33
0.0
 14
34983.93626708922
 24
32340.00000000001
 34
0.0
 50
89.99999999999991
100
AcDbRotatedDimension
1001
ACAD
1000
DSTYLE
1002
{
1070
    49
1040
2339.999999999982
1002
}
1001
REVIT
1002
{
1070
     1
1000
2600590
1002
}
1002
{
1070
     5
1000
2510899
1002
}
1002
{
1070
     2
1000
-2000260
1002
}
  0
ENDSEC
  0
SECTION
  2
OBJECTS
  0
DICTIONARY
  5
C
330
0
100
AcDbDictionary
281
     1
  3
ACAD_CIP_PREVIOUS_PRODUCT_INFO
350
79
  3
ACAD_COLOR
350
63
  3
ACAD_DETAILVIEWSTYLE
350
6A
  3
ACAD_GROUP
350
D
  3
ACAD_IMAGE_VARS
350
7A
  3
ACAD_LAYOUT
350
62
  3
ACAD_MATERIAL
350
10
  3
ACAD_MLEADERSTYLE
350
66
  3
ACAD_MLINESTYLE
350
5F
  3
ACAD_PLOTSETTINGS
350
61
  3
ACAD_PLOTSTYLENAME
350
E
  3
ACAD_SCALELIST
350
42
  3
ACAD_SECTIONVIEWSTYLE
350
68
  3
ACAD_TABLESTYLE
350
64
  3
ACAD_VISUALSTYLE
350
29
  3
ACDB_RECOMPOSE_DATA
350
978
  3
AcDbVariableDictionary
350
970
  3
REVIT_DICTIONARY
350
968
  0
DICTIONARY
  5
96D
330
70
100
AcDbDictionary
280
     1
281
     1
  3
ACAD_SORTENTS
360
96E
  0
XRECORD
  5
79
102
{ACAD_REACTORS
330
C
102
}
330
C
100
AcDbXrecord
280
     1
300
RVT
300
2026
300
RVT2026
  0
DICTIONARY
  5
63
102
{ACAD_REACTORS
330
C
102
}
330
C
100
AcDbDictionary
281
     1
  0
DICTIONARY
  5
6A
102
{ACAD_REACTORS
330
C
102
}
330
C
100
AcDbDictionary
281
     1
  3
Imperial24
350
6B
  0
DICTIONARY
  5
D
102
{ACAD_REACTORS
330
C
102
}
330
C
100
AcDbDictionary
281
     1
  0
RASTERVARIABLES
  5
7A
102
{ACAD_REACTORS
330
C
102
}
330
C
100
AcDbRasterVariables
 90
        0
 70
     0
 71
     1
 72
     1
  0
DICTIONARY
  5
62
102
{ACAD_REACTORS
330
C
102
}
330
C
100
AcDbDictionary
281
     1
  3
Layout1
350
6F
  3
Layout2
350
77
  3
Model
350
73
  0
DICTIONARY
  5
10
102
{ACAD_REACTORS
330
C
102
}
330
C
100
AcDbDictionary
281
     1
  3
ByBlock
350
19
  3
ByLayer
350
11
  3
Global
350
21
  0
DICTIONARY
  5
66
102
{ACAD_REACTORS
330
C
102
}
330
C
100
AcDbDictionary
281
     1
  3
Standard
350
67
  0
DICTIONARY
  5
5F
102
{ACAD_REACTORS
330
C
102
}
330
C
100
AcDbDictionary
281
     1
  3
Standard
350
60
  0
DICTIONARY
  5
61
102
{ACAD_REACTORS
330
C
102
}
330
C
100
AcDbDictionary
281
     1
  0
ACDBDICTIONARYWDFLT
  5
E
102
{ACAD_REACTORS
330
C
102
}
330
C
100
AcDbDictionary
281
     1
  3
Normal
350
F
100
AcDbDictionaryWithDefault
340
F
  0
DICTIONARY
  5
42
102
{ACAD_REACTORS
330
C
102
}
330
C
100
AcDbDictionary
281
     1
  3
A0
350
43
  3
A1
350
44
  3
A2
350
45
  3
A3
350
46
  3
A4
350
47
  3
A5
350
48
  3
A6
350
49
  3
A7
350
4A
  3
A8
350
4B
  3
A9
350
4C
  3
B0
350
4D
  3
B1
350
4E
  3
B2
350
4F
  3
B3
350
50
  3
B4
350
51
  3
B5
350
52
  3
B6
350
53
  0
DICTIONARY
  5
68
102
{ACAD_REACTORS
330
C
102
}
330
C
100
AcDbDictionary
281
     1
  3
Imperial24
350
69
  0
DICTIONARY
  5
64
102
{ACAD_REACTORS
330
C
102
}
330
C
100
AcDbDictionary
281
     1
  3
Standard
350
65
  0
DICTIONARY
  5
29
102
{ACAD_REACTORS
330
C
102
}
330
C
100
AcDbDictionary
281
     1
  3
2dWireframe
350
2F
  3
Basic
350
2E
  3
Brighten
350
35
  3
ColorChange
350
39
  3
Conceptual
350
32
  3
Dim
350
34
  3
EdgeColorOff
350
41
  3
Facepattern
350
38
  3
Flat
350
2A
  3
FlatWithEdges
350
2B
  3
Gouraud
350
2C
  3
GouraudWithEdges
350
2D
  3
Hidden
350
31
  3
JitterOff
350
3F
  3
Linepattern
350
37
  3
OverhangOff
350
40
  3
Realistic
350
33
  3
Shaded
350
3E
  3
Shaded with edges
350
3D
  3
Shades of Gray
350
3A
  3
Sketchy
350
3B
  3
Thicken
350
36
  3
Wireframe
350
30
  3
X-Ray
350
3C
  0
XRECORD
  5
978
102
{ACAD_REACTORS
330
C
102
}
330
C
100
AcDbXrecord
280
     1
 90
        1
330
65
  0
DICTIONARY
  5
970
102
{ACAD_REACTORS
330
C
102
}
330
C
100
AcDbDictionary
281
     1
  3
CANNOSCALE
350
975
  3
CMLEADERSTYLE
350
972
  3
CTABLESTYLE
350
971
  3
CVIEWDETAILSTYLE
350
973
  3
CVIEWSECTIONSTYLE
350
974
  0
DICTIONARY
  5
968
102
{ACAD_REACTORS
330
C
102
}
330
C
100
AcDbDictionary
281
     1
  3
DRAWING_TOOL
350
96C
  3
REVIT_CATEGORY_MAPPING
350
96A
  3
REVIT_SUB_CATEGORY_MAPPING
350
96B
  3
REVIT_TYPE_MAPPING
350
969
  0
SORTENTSTABLE
  5
96E
102
{ACAD_REACTORS
330
96D
102
}
330
96D
100
AcDbSortentsTable
330
70
  0
ACDBDETAILVIEWSTYLE
  5
6B
102
{ACAD_REACTORS
330
6A
102
}
330
6A
100
AcDbModelDocViewStyle
 70
     0
  3
Imperial24
290
     0
300
Imperial24
 90
        0
100
AcDbDetailViewStyle
 70
     0
 71
     0
 90
        3
 71
     1
340
55
 62
   256
 40
0.24
340
0
 62
   256
 40
0.24
300

 40
0.36
280
     3
 71
     2
340
5D
 90
       25
 62
   256
 71
     3
340
55
 62
   256
 40
0.24
 90
        1
 40
0.75
 90
        1
300
%<\AcVar ViewType \f "%tc1">% %<\AcVar ViewDetailId>%\PSCALE %<\AcVar ViewScale \f "%sn">%
 71
     4
340
5D
 90
       25
 62
   256
340
5D
 90
       25
 62
   256
280
     0
  0
LAYOUT
  5
6F
102
{ACAD_REACTORS
330
62
102
}
330
62
100
AcDbPlotSettings
  1

  2

  4

  6

 40
0.0
 41
0.0
 42
0.0
 43
0.0
 44
0.0
 45
0.0
 46
0.0
 47
0.0
 48
0.0
 49
0.0
140
0.0
141
0.0
142
1.0
143
1.0
 70
   688
 72
     0
 73
     0
 74
     5
  7

 75
    16
 76
     0
 77
     2
 78
   300
147
1.0
148
0.0
149
0.0
100
AcDbLayout
  1
Layout1
 70
     1
 71
     1
 10
0.0
 20
0.0
 11
12.0
 21
9.0
 12
0.0
 22
0.0
 32
0.0
 14
0.0
 24
0.0
 34
0.0
 15
0.0
 25
0.0
 35
0.0
146
0.0
 13
0.0
 23
0.0
 33
0.0
 16
1.0
 26
0.0
 36
0.0
 17
0.0
 27
1.0
 37
0.0
 76
     0
330
6C
  0
LAYOUT
  5
77
102
{ACAD_REACTORS
330
62
102
}
330
62
100
AcDbPlotSettings
  1

  2

  4

  6

 40
0.0
 41
0.0
 42
0.0
 43
0.0
 44
0.0
 45
0.0
 46
0.0
 47
0.0
 48
0.0
 49
0.0
140
0.0
141
0.0
142
1.0
143
1.0
 70
   688
 72
     0
 73
     0
 74
     5
  7

 75
    16
 76
     0
 77
     2
 78
   300
147
1.0
148
0.0
149
0.0
100
AcDbLayout
  1
Layout2
 70
     1
 71
     2
 10
0.0
 20
0.0
 11
12.0
 21
9.0
 12
0.0
 22
0.0
 32
0.0
 14
0.0
 24
0.0
 34
0.0
 15
0.0
 25
0.0
 35
0.0
146
0.0
 13
0.0
 23
0.0
 33
0.0
 16
1.0
 26
0.0
 36
0.0
 17
0.0
 27
1.0
 37
0.0
 76
     0
330
74
  0
LAYOUT
  5
73
102
{ACAD_REACTORS
330
62
102
}
330
62
100
AcDbPlotSettings
  1

  2

  4

  6

 40
0.0
 41
0.0
 42
0.0
 43
0.0
 44
0.0
 45
0.0
 46
0.0
 47
0.0
 48
0.0
 49
0.0
140
0.0
141
0.0
142
1.0
143
1.0
 70
  1712
 72
     0
 73
     0
 74
     0
  7

 75
     0
 76
     0
 77
     2
 78
   300
147
1.0
148
0.0
149
0.0
100
AcDbLayout
  1
Model
 70
     1
 71
     0
 10
0.0
 20
0.0
 11
12.0
 21
9.0
 12
0.0
 22
0.0
 32
0.0
 14
0.0
 24
0.0
 34
0.0
 15
0.0
 25
0.0
 35
0.0
146
0.0
 13
0.0
 23
0.0
 33
0.0
 16
1.0
 26
0.0
 36
0.0
 17
0.0
 27
1.0
 37
0.0
 76
     0
330
70
331
57
  0
MATERIAL
  5
19
102
{ACAD_REACTORS
330
10
102
}
330
10
100
AcDbMaterial
  1
ByBlock
 72
     0
 73
     2
 43
0.0208333333333333
 43
0.0
 43
0.0
 43
0.0
 43
0.0
 43
0.0208333333333333
 43
0.0
 43
0.0
 43
0.0
 43
0.0
 43
1.0
 43
0.0
 43
0.0
 43
0.0
 43
0.0
 43
1.0
 77
     0
 78
     2
 47
0.0208333333333333
 47
0.0
 47
0.0
 47
0.0
 47
0.0
 47
0.0208333333333333
 47
0.0
 47
0.0
 47
0.0
 47
0.0
 47
1.0
 47
0.0
 47
0.0
 47
0.0
 47
0.0
 47
1.0
171
     0
172
     2
 49
0.0208333333333333
 49
0.0
 49
0.0
 49
0.0
 49
0.0
 49
0.0208333333333333
 49
0.0
 49
0.0
 49
0.0
 49
0.0
 49
1.0
 49
0.0
 49
0.0
 49
0.0
 49
0.0
 49
1.0
175
     0
176
     2
142
0.0208333333333333
142
0.0
142
0.0
142
0.0
142
0.0
142
0.0208333333333333
142
0.0
142
0.0
142
0.0
142
0.0
142
1.0
142
0.0
142
0.0
142
0.0
142
0.0
142
1.0
179
     0
270
     2
144
0.0208333333333333
144
0.0
144
0.0
144
0.0
144
0.0
144
0.0208333333333333
144
0.0
144
0.0
144
0.0
144
0.0
144
1.0
144
0.0
144
0.0
144
0.0
144
0.0
144
1.0
274
     2
147
0.0208333333333333
147
0.0
147
0.0
147
0.0
147
0.0
147
0.0208333333333333
147
0.0
147
0.0
147
0.0
147
0.0
147
1.0
147
0.0
147
0.0
147
0.0
147
0.0
147
1.0
 94
      127
  0
MATERIAL
  5
11
102
{ACAD_REACTORS
330
10
102
}
330
10
100
AcDbMaterial
  1
ByLayer
 72
     0
 73
     2
 43
0.0208333333333333
 43
0.0
 43
0.0
 43
0.0
 43
0.0
 43
0.0208333333333333
 43
0.0
 43
0.0
 43
0.0
 43
0.0
 43
1.0
 43
0.0
 43
0.0
 43
0.0
 43
0.0
 43
1.0
 77
     0
 78
     2
 47
0.0208333333333333
 47
0.0
 47
0.0
 47
0.0
 47
0.0
 47
0.0208333333333333
 47
0.0
 47
0.0
 47
0.0
 47
0.0
 47
1.0
 47
0.0
 47
0.0
 47
0.0
 47
0.0
 47
1.0
171
     0
172
     2
 49
0.0208333333333333
 49
0.0
 49
0.0
 49
0.0
 49
0.0
 49
0.0208333333333333
 49
0.0
 49
0.0
 49
0.0
 49
0.0
 49
1.0
 49
0.0
 49
0.0
 49
0.0
 49
0.0
 49
1.0
175
     0
176
     2
142
0.0208333333333333
142
0.0
142
0.0
142
0.0
142
0.0
142
0.0208333333333333
142
0.0
142
0.0
142
0.0
142
0.0
142
1.0
142
0.0
142
0.0
142
0.0
142
0.0
142
1.0
179
     0
270
     2
144
0.0208333333333333
144
0.0
144
0.0
144
0.0
144
0.0
144
0.0208333333333333
144
0.0
144
0.0
144
0.0
144
0.0
144
1.0
144
0.0
144
0.0
144
0.0
144
0.0
144
1.0
274
     2
147
0.0208333333333333
147
0.0
147
0.0
147
0.0
147
0.0
147
0.0208333333333333
147
0.0
147
0.0
147
0.0
147
0.0
147
1.0
147
0.0
147
0.0
147
0.0
147
0.0
147
1.0
 94
      127
  0
MATERIAL
  5
21
102
{ACAD_REACTORS
330
10
102
}
330
10
100
AcDbMaterial
  1
Global
 72
     0
 73
     2
 43
0.0208333333333333
 43
0.0
 43
0.0
 43
0.0
 43
0.0
 43
0.0208333333333333
 43
0.0
 43
0.0
 43
0.0
 43
0.0
 43
1.0
 43
0.0
 43
0.0
 43
0.0
 43
0.0
 43
1.0
 77
     0
 78
     2
 47
0.0208333333333333
 47
0.0
 47
0.0
 47
0.0
 47
0.0
 47
0.0208333333333333
 47
0.0
 47
0.0
 47
0.0
 47
0.0
 47
1.0
 47
0.0
 47
0.0
 47
0.0
 47
0.0
 47
1.0
171
     0
172
     2
 49
0.0208333333333333
 49
0.0
 49
0.0
 49
0.0
 49
0.0
 49
0.0208333333333333
 49
0.0
 49
0.0
 49
0.0
 49
0.0
 49
1.0
 49
0.0
 49
0.0
 49
0.0
 49
0.0
 49
1.0
175
     0
176
     2
142
0.0208333333333333
142
0.0
142
0.0
142
0.0
142
0.0
142
0.0208333333333333
142
0.0
142
0.0
142
0.0
142
0.0
142
1.0
142
0.0
142
0.0
142
0.0
142
0.0
142
1.0
179
     0
270
     2
144
0.0208333333333333
144
0.0
144
0.0
144
0.0
144
0.0
144
0.0208333333333333
144
0.0
144
0.0
144
0.0
144
0.0
144
1.0
144
0.0
144
0.0
144
0.0
144
0.0
144
1.0
274
     2
147
0.0208333333333333
147
0.0
147
0.0
147
0.0
147
0.0
147
0.0208333333333333
147
0.0
147
0.0
147
0.0
147
0.0
147
1.0
147
0.0
147
0.0
147
0.0
147
0.0
147
1.0
 94
      127
  0
MLEADERSTYLE
  5
67
102
{ACAD_REACTORS
330
66
102
}
330
66
100
AcDbMLeaderStyle
179
     2
170
     2
171
     1
172
     0
 90
        2
 40
0.0
 41
0.0
173
     1
 91
-1056964608
340
5B
 92
       -2
290
     1
 42
0.09
291
     1
 43
0.36
  3
Standard
341
0
 44
0.18
300

342
55
174
     1
178
     6
175
     1
176
     0
 93
-1056964608
 45
0.18
292
     0
297
     0
 46
0.18
343
0
 94
-1056964608
 47
1.0
 49
1.0
140
1.0
293
     1
141
0.0
294
     1
177
     0
142
1.0
295
     1
296
     0
143
0.125
271
     0
272
     9
273
     9
298
     1
  0
MLINESTYLE
  5
60
102
{ACAD_REACTORS
330
5F
102
}
330
5F
100
AcDbMlineStyle
  2
STANDARD
 70
     0
  3

 62
   256
 51
90.0
 52
90.0
 71
     2
 49
0.5
 62
   256
  6
BYLAYER
 49
-0.5
 62
   256
  6
BYLAYER
  0
ACDBPLACEHOLDER
  5
F
102
{ACAD_REACTORS
330
E
102
}
330
E
  0
SCALE
  5
43
102
{ACAD_REACTORS
330
42
102
}
330
42
100
AcDbScale
 70
     0
300
1:1
140
1.0
141
1.0
290
     1
  0
SCALE
  5
44
102
{ACAD_REACTORS
330
42
102
}
330
42
100
AcDbScale
 70
     0
300
1/128" = 1'-0"
140
0.0078125
141
12.0
290
     0
  0
SCALE
  5
45
102
{ACAD_REACTORS
330
42
102
}
330
42
100
AcDbScale
 70
     0
300
1/64" = 1'-0"
140
0.015625
141
12.0
290
     0
  0
SCALE
  5
46
102
{ACAD_REACTORS
330
42
102
}
330
42
100
AcDbScale
 70
     0
300
1/32" = 1'-0"
140
0.03125
141
12.0
290
     0
  0
SCALE
  5
47
102
{ACAD_REACTORS
330
42
102
}
330
42
100
AcDbScale
 70
     0
300
1/16" = 1'-0"
140
0.0625
141
12.0
290
     0
  0
SCALE
  5
48
102
{ACAD_REACTORS
330
42
102
}
330
42
100
AcDbScale
 70
     0
300
3/32" = 1'-0"
140
0.09375
141
12.0
290
     0
  0
SCALE
  5
49
102
{ACAD_REACTORS
330
42
102
}
330
42
100
AcDbScale
 70
     0
300
1/8" = 1'-0"
140
0.125
141
12.0
290
     0
  0
SCALE
  5
4A
102
{ACAD_REACTORS
330
42
102
}
330
42
100
AcDbScale
 70
     0
300
3/16" = 1'-0"
140
0.1875
141
12.0
290
     0
  0
SCALE
  5
4B
102
{ACAD_REACTORS
330
42
102
}
330
42
100
AcDbScale
 70
     0
300
1/4" = 1'-0"
140
0.25
141
12.0
290
     0
  0
SCALE
  5
4C
102
{ACAD_REACTORS
330
42
102
}
330
42
100
AcDbScale
 70
     0
300
3/8" = 1'-0"
140
0.375
141
12.0
290
     0
  0
SCALE
  5
4D
102
{ACAD_REACTORS
330
42
102
}
330
42
100
AcDbScale
 70
     0
300
1/2" = 1'-0"
140
0.5
141
12.0
290
     0
  0
SCALE
  5
4E
102
{ACAD_REACTORS
330
42
102
}
330
42
100
AcDbScale
 70
     0
300
3/4" = 1'-0"
140
0.75
141
12.0
290
     0
  0
SCALE
  5
4F
102
{ACAD_REACTORS
330
42
102
}
330
42
100
AcDbScale
 70
     0
300
1" = 1'-0"
140
1.0
141
12.0
290
     0
  0
SCALE
  5
50
102
{ACAD_REACTORS
330
42
102
}
330
42
100
AcDbScale
 70
     0
300
1-1/2" = 1'-0"
140
1.5
141
12.0
290
     0
  0
SCALE
  5
51
102
{ACAD_REACTORS
330
42
102
}
330
42
100
AcDbScale
 70
     0
300
3" = 1'-0"
140
3.0
141
12.0
290
     0
  0
SCALE
  5
52
102
{ACAD_REACTORS
330
42
102
}
330
42
100
AcDbScale
 70
     0
300
6" = 1'-0"
140
6.0
141
12.0
290
     0
  0
SCALE
  5
53
102
{ACAD_REACTORS
330
42
102
}
330
42
100
AcDbScale
 70
     0
300
1'-0" = 1'-0"
140
12.0
141
12.0
290
     0
  0
ACDBSECTIONVIEWSTYLE
  5
69
102
{ACAD_REACTORS
330
68
102
}
330
68
100
AcDbModelDocViewStyle
 70
     0
  3
Imperial24
290
     0
300
Imperial24
 90
        0
100
AcDbSectionViewStyle
 70
     0
 71
     0
 90
       78
 71
     1
340
55
 62
   256
 40
0.24
340
0
340
0
 62
   256
 40
0.24
300
I, O, Q, S, X, Z
 40
0.48
 90
        3
 40
0.18
 90
        1
 71
     2
340
5D
 90
       25
 62
   256
340
5D
 90
       50
 62
   256
 40
0.24
 40
0.0
 40
0.24
 71
     3
340
55
 62
   256
 40
0.24
 90
        1
 40
0.75
 90
        1
300
%<\AcVar ViewType \f "%tc1">% %<\AcVar ViewSectionStartId>%-%<\AcVar ViewSectionEndId>%\PSCALE %<\AcVar ViewScale \f "%sn">%
 71
     4
 62
   256
 62
   257
300
ANSI31
 40
1.0
 90
        0
290
     0
290
     0
 90
        6
 40
0.0
 40
1.570796326794897
 40
0.2617993877991494
 40
1.308996938995747
 40
-0.2617993877991494
 40
1.832595714594046
  0
TABLESTYLE
  5
65
102
{ACAD_REACTORS
330
64
102
}
102
{ACAD_XDICTIONARY
360
976
102
}
330
64
100
AcDbTableStyle
  3
Standard
 70
     0
 71
     0
 40
0.06
 41
0.06
280
     0
281
     0
  7
Standard
140
0.18
170
     2
 62
     0
 63
   257
283
     0
 90
      512
 91
        0
  1

274
    -2
284
     1
 64
     0
275
    -2
285
     1
 65
     0
276
    -2
286
     1
 66
     0
277
    -2
287
     1
 67
     0
278
    -2
288
     1
 68
     0
279
    -2
289
     1
 69
     0
  7
Standard
140
0.25
170
     5
 62
     0
 63
   257
283
     0
 90
      512
 91
        0
  1

274
    -2
284
     1
 64
     0
275
    -2
285
     1
 65
     0
276
    -2
286
     1
 66
     0
277
    -2
287
     1
 67
     0
278
    -2
288
     1
 68
     0
279
    -2
289
     1
 69
     0
  7
Standard
140
0.18
170
     5
 62
     0
 63
   257
283
     0
 90
      512
 91
        0
  1

274
    -2
284
     1
 64
     0
275
    -2
285
     1
 65
     0
276
    -2
286
     1
 66
     0
277
    -2
287
     1
 67
     0
278
    -2
288
     1
 68
     0
279
    -2
289
     1
 69
     0
  0
VISUALSTYLE
  5
2F
102
{ACAD_REACTORS
330
29
102
}
330
29
100
AcDbVisualStyle
  2
2dWireframe
 70
     4
177
     3
291
     0
 70
    58
 90
        0
176
     1
 90
        2
176
     1
 90
        0
176
     1
 90
        0
176
     1
 40
0.6
176
     1
 40
30.0
176
     1
 62
     7
420
 16777215
176
     1
 90
        1
176
     1
 90
        4
176
     1
 62
     7
176
     1
 62
   257
176
     1
 90
        1
176
     1
 90
        1
176
     1
 40
1.0
176
     1
 90
        0
176
     1
 62
   257
176
     1
 40
1.0
176
     1
 90
        1
176
     1
 90
        6
176
     1
 90
        2
176
     1
 62
     7
176
     1
 90
        5
176
     1
 90
        0
176
     1
 90
        0
176
     1
290
     0
176
     1
 90
        1
176
     1
 40
0.0
176
     1
 90
        0
176
     1
290
     1
176
     1
290
     1
176
     1
290
     0
176
     1
290
     0
176
     1
290
     0
176
     1
290
     0
176
     1
290
     0
176
     1
290
     0
176
     1
290
     0
176
     1
 90
       50
176
     1
 40
0.0
176
     1
 40
1.0
176
     1
 90
        0
176
     1
 62
    18
420
        0
176
     1
 90
       50
176
     1
 90
        3
176
     1
 62
     5
420
      255
176
     1
290
     0
176
     1
 90
       50
176
     1
 90
       50
176
     1
 90
       50
176
     1
290
     0
176
     1
 90
       50
176
     1
 62
   256
176
     0
 40
1.0
176
     0
 90
        2
176
     1
  1
strokes_ogs.tif
176
     1
290
     0
176
     1
 40
1.0
176
     1
 40
1.0
176
     1
  0
VISUALSTYLE
  5
2E
102
{ACAD_REACTORS
330
29
102
}
330
29
100
AcDbVisualStyle
  2
Basic
 70
     7
177
     3
291
     1
 70
    58
 90
        1
176
     1
 90
        0
176
     1
 90
        1
176
     1
 90
        0
176
     1
 40
0.6
176
     1
 40
30.0
176
     1
 62
     7
420
 16777215
176
     1
 90
        0
176
     1
 90
        4
176
     1
 62
     7
176
     1
 62
   257
176
     1
 90
        1
176
     1
 90
        1
176
     1
 40
1.0
176
     1
 90
        8
176
     1
 62
     7
176
     1
 40
1.0
176
     1
 90
        1
176
     1
 90
        6
176
     1
 90
        2
176
     1
 62
     7
176
     1
 90
        5
176
     1
 90
        0
176
     1
 90
        0
176
     1
290
     0
176
     1
 90
        1
176
     1
 40
0.0
176
     1
 90
        0
176
     1
290
     0
176
     1
290
     1
176
     1
290
     1
176
     1
290
     0
176
     1
290
     0
176
     1
290
     0
176
     1
290
     0
176
     1
290
     0
176
     1
290
     0
176
     1
 90
       50
176
     1
 40
0.0
176
     1
 40
1.0
176
     1
 90
        0
176
     1
 62
    18
420
        0
176
     1
 90
       50
176
     1
 90
        3
176
     1
 62
     5
420
      255
176
     1
290
     0
176
     1
 90
       50
176
     1
 90
       50
176
     1
 90
       50
176
     1
290
     0
176
     1
 90
       50
176
     1
 62
   256
176
     0
 40
1.0
176
     0
 90
        2
176
     1
  1
strokes_ogs.tif
176
     1
290
     0
176
     1
 40
1.0
176
     1
 40
1.0
176
     1
  0
VISUALSTYLE
  5
35
102
{ACAD_REACTORS
330
29
102
}
330
29
100
AcDbVisualStyle
  2
Brighten
 70
    12
177
     3
291
     1
 70
    58
 90
        2
176
     1
 90
        2
176
     1
 90
        0
176
     1
 90
        0
176
     1
 40
0.6
176
     1
 40
30.0
176
     1
 62
     7
420
 16777215
176
     1
 90
        1
176
     1
 90
        4
176
     1
 62
     7
176
     1
 62
   257
176
     1
 90
        1
176
     1
 90
        1
176
     1
 40
1.0
176
     1
 90
        8
176
     1
 62
     7
176
     1
 40
1.0
176
     1
 90
        1
176
     1
 90
        6
176
     1
 90
        2
176
     1
 62
     7
176
     1
 90
        5
176
     1
 90
        0
176
     1
 90
        0
176
     1
290
     0
176
     1
 90
        1
176
     1
 40
50.0
176
     1
 90
        0
176
     1
290
     0
176
     1
290
     1
176
     1
290
     1
176
     1
290
     0
176
     1
290
     0
176
     1
290
     0
176
     1
290
     0
176
     1
290
     0
176
     1
290
     0
176
     1
 90
       50
176
     1
 40
0.0
176
     1
 40
1.0
176
     1
 90
        0
176
     1
 62
    18
420
        0
176
     1
 90
       50
176
     1
 90
        3
176
     1
 62
     5
420
      255
176
     1
290
     0
176
     1
 90
       50
176
     1
 90
       50
176
     1
 90
       50
176
     1
290
     0
176
     1
 90
       50
176
     1
 62
   256
176
     0
 40
1.0
176
     0
 90
        2
176
     1
  1
strokes_ogs.tif
176
     1
290
     0
176
     1
 40
1.0
176
     1
 40
1.0
176
     1
  0
VISUALSTYLE
  5
39
102
{ACAD_REACTORS
330
29
102
}
330
29
100
AcDbVisualStyle
  2
ColorChange
 70
    16
177
     3
291
     1
 70
    58
 90
        2
176
     1
 90
        2
176
     1
 90
        3
176
     1
 90
        0
176
     1
 40
0.6
176
     1
 40
30.0
176
     1
 62
     8
420
  8421504
176
     1
 90
        1
176
     1
 90
        4
176
     1
 62
     7
176
     1
 62
   257
176
     1
 90
        1
176
     1
 90
        1
176
     1
 40
1.0
176
     1
 90
        8
176
     1
 62
     8
420
  8421504
176
     1
 40
1.0
176
     1
 90
        1
176
     1
 90
        6
176
     1
 90
        2
176
     1
 62
     7
176
     1
 90
        5
176
     1
 90
        0
176
     1
 90
        0
176
     1
290
     0
176
     1
 90
        1
176
     1
 40
0.0
176
     1
 90
        0
176
     1
290
     0
176
     1
290
     1
176
     1
290
     1
176
     1
290
     0
176
     1
290
     0
176
     1
290
     0
176
     1
290
     0
176
     1
290
     0
176
     1
290
     0
176
     1
 90
       50
176
     1
 40
0.0
176
     1
 40
1.0
176
     1
 90
        0
176
     1
 62
    18
420
        0
176
     1
 90
       50
176
     1
 90
        3
176
     1
 62
     5
420
      255
176
     1
290
     0
176
     1
 90
       50
176
     1
 90
       50
176
     1
 90
       50
176
     1
290
     0
176
     1
 90
       50
176
     1
 62
   256
176
     0
 40
1.0
176
     0
 90
        2
176
     1
  1
strokes_ogs.tif
176
     1
290
     0
176
     1
 40
1.0
176
     1
 40
1.0
176
     1
  0
VISUALSTYLE
  5
32
102
{ACAD_REACTORS
330
29
102
}
330
29
100
AcDbVisualStyle
  2
Conceptual
 70
     9
177
     3
291
     0
 70
    58
 90
        3
176
     1
 90
        2
176
     1
 90
        0
176
     1
 90
        0
176
     1
 40
0.6
176
     1
 40
30.0
176
     1
 62
     7
420
 16777215
176
     1
 90
        2
176
     1
 90
        2
176
     1
 62
     7
176
     1
 62
   257
176
     1
 90
        1
176
     1
 90
        1
176
     1
 40
179.0
176
     1
 90
        8
176
     1
 62
     7
176
     1
 40
1.0
176
     1
 90
        1
176
     1
 90
        6
176
     1
 90
        2
176
     1
 62
     7
176
     1
 90
        3
176
     1
 90
        0
176
     1
 90
        0
176
     1
290
     0
176
     1
 90
        1
176
     1
 40
0.0
176
     1
 90
        0
176
     1
290
     0
176
     1
290
     1
176
     1
290
     1
176
     1
290
     0
176
     1
290
     0
176
     1
290
     0
176
     1
290
     0
176
     1
290
     0
176
     1
290
     0
176
     1
 90
       50
176
     1
 40
0.0
176
     1
 40
1.0
176
     1
 90
        0
176
     1
 62
    18
420
        0
176
     1
 90
       50
176
     1
 90
        3
176
     1
 62
     5
420
      255
176
     1
290
     0
176
     1
 90
       50
176
     1
 90
       50
176
     1
 90
       50
176
     1
290
     0
176
     1
 90
       50
176
     1
 62
   256
176
     0
 40
1.0
176
     0
 90
        2
176
     1
  1
strokes_ogs.tif
176
     1
290
     0
176
     1
 40
1.0
176
     1
 40
1.0
176
     1
  0
VISUALSTYLE
  5
34
102
{ACAD_REACTORS
330
29
102
}
330
29
100
AcDbVisualStyle
  2
Dim
 70
    11
177
     3
291
     1
 70
    58
 90
        2
176
     1
 90
        2
176
     1
 90
        0
176
     1
 90
        0
176
     1
 40
0.6
176
     1
 40
30.0
176
     1
 62
     7
420
 16777215
176
     1
 90
        1
176
     1
 90
        4
176
     1
 62
     7
176
     1
 62
   257
176
     1
 90
        1
176
     1
 90
        1
176
     1
 40
1.0
176
     1
 90
        8
176
     1
 62
     7
176
     1
 40
1.0
176
     1
 90
        1
176
     1
 90
        6
176
     1
 90
        2
176
     1
 62
     7
176
     1
 90
        5
176
     1
 90
        0
176
     1
 90
        0
176
     1
290
     0
176
     1
 90
        1
176
     1
 40
-50.0
176
     1
 90
        0
176
     1
290
     0
176
     1
290
     1
176
     1
290
     1
176
     1
290
     0
176
     1
290
     0
176
     1
290
     0
176
     1
290
     0
176
     1
290
     0
176
     1
290
     0
176
     1
 90
       50
176
     1
 40
0.0
176
     1
 40
1.0
176
     1
 90
        0
176
     1
 62
    18
420
        0
176
     1
 90
       50
176
     1
 90
        3
176
     1
 62
     5
420
      255
176
     1
290
     0
176
     1
 90
       50
176
     1
 90
       50
176
     1
 90
       50
176
     1
290
     0
176
     1
 90
       50
176
     1
 62
   256
176
     0
 40
1.0
176
     0
 90
        2
176
     1
  1
strokes_ogs.tif
176
     1
290
     0
176
     1
 40
1.0
176
     1
 40
1.0
176
     1
  0
VISUALSTYLE
  5
41
102
{ACAD_REACTORS
330
29
102
}
330
29
100
AcDbVisualStyle
  2
EdgeColorOff
 70
    22
177
     3
291
     1
 70
    58
 90
        2
176
     0
 90
        2
176
     0
 90
        0
176
     0
 90
        0
176
     0
 40
0.6
176
     0
 40
30.0
176
     0
 62
     7
420
 16777215
176
     0
 90
        1
176
     0
 90
        4
176
     0
 62
     7
176
     0
 62
   257
176
     0
 90
        1
176
     0
 90
        1
176
     0
 40
1.0
176
     0
 90
        8
176
     2
 62
     7
176
     0
 40
1.0
176
     0
 90
        1
176
     0
 90
        6
176
     0
 90
        2
176
     0
 62
     7
176
     0
 90
        5
176
     0
 90
        0
176
     0
 90
        0
176
     0
290
     0
176
     0
 90
        1
176
     0
 40
0.0
176
     0
 90
        0
176
     0
290
     0
176
     0
290
     1
176
     0
290
     1
176
     0
290
     0
176
     0
290
     0
176
     0
290
     0
176
     0
290
     0
176
     0
290
     0
176
     0
290
     0
176
     0
 90
       50
176
     0
 40
0.0
176
     0
 40
1.0
176
     0
 90
        0
176
     0
 62
    18
420
        0
176
     0
 90
       50
176
     0
 90
        3
176
     0
 62
     5
420
      255
176
     0
290
     0
176
     0
 90
       50
176
     0
 90
       50
176
     0
 90
       50
176
     0
290
     0
176
     0
 90
       50
176
     0
 62
   256
176
     0
 40
1.0
176
     0
 90
        2
176
     0
  1
strokes_ogs.tif
176
     0
290
     0
176
     0
 40
1.0
176
     0
 40
1.0
176
     0
  0
VISUALSTYLE
  5
38
102
{ACAD_REACTORS
330
29
102
}
330
29
100
AcDbVisualStyle
  2
Facepattern
 70
    15
177
     3
291
     1
 70
    58
 90
        2
176
     1
 90
        2
176
     1
 90
        0
176
     1
 90
        0
176
     1
 40
0.6
176
     1
 40
30.0
176
     1
 62
     7
420
 16777215
176
     1
 90
        1
176
     1
 90
        4
176
     1
 62
     7
176
     1
 62
   257
176
     1
 90
        1
176
     1
 90
        1
176
     1
 40
1.0
176
     1
 90
        8
176
     1
 62
     7
176
     1
 40
1.0
176
     1
 90
        1
176
     1
 90
        6
176
     1
 90
        2
176
     1
 62
     7
176
     1
 90
        5
176
     1
 90
        0
176
     1
 90
        0
176
     1
290
     0
176
     1
 90
        1
176
     1
 40
0.0
176
     1
 90
        0
176
     1
290
     0
176
     1
290
     1
176
     1
290
     1
176
     1
290
     0
176
     1
290
     0
176
     1
290
     0
176
     1
290
     0
176
     1
290
     0
176
     1
290
     0
176
     1
 90
       50
176
     1
 40
0.0
176
     1
 40
1.0
176
     1
 90
        0
176
     1
 62
    18
420
        0
176
     1
 90
       50
176
     1
 90
        3
176
     1
 62
     5
420
      255
176
     1
290
     0
176
     1
 90
       50
176
     1
 90
       50
176
     1
 90
       50
176
     1
290
     0
176
     1
 90
       50
176
     1
 62
   256
176
     0
 40
1.0
176
     0
 90
        2
176
     1
  1
strokes_ogs.tif
176
     1
290
     0
176
     1
 40
1.0
176
     1
 40
1.0
176
     1
  0
VISUALSTYLE
  5
2A
102
{ACAD_REACTORS
330
29
102
}
330
29
100
AcDbVisualStyle
  2
Flat
 70
     0
177
     3
291
     1
 70
    58
 90
        2
176
     1
 90
        1
176
     1
 90
        1
176
     1
 90
        2
176
     1
 40
0.6
176
     1
 40
30.0
176
     1
 62
     7
420
 16777215
176
     1
 90
        0
176
     1
 90
        0
176
     1
 62
     7
176
     1
 62
   257
176
     1
 90
        1
176
     1
 90
        1
176
     1
 40
1.0
176
     1
 90
        8
176
     1
 62
     7
176
     1
 40
1.0
176
     1
 90
        1
176
     1
 90
        6
176
     1
 90
        2
176
     1
 62
     7
176
     1
 90
        5
176
     1
 90
        0
176
     1
 90
        0
176
     1
290
     0
176
     1
 90
       13
176
     1
 40
0.0
176
     1
 90
        0
176
     1
290
     0
176
     1
290
     1
176
     1
290
     1
176
     1
290
     0
176
     1
290
     0
176
     1
290
     0
176
     1
290
     0
176
     1
290
     0
176
     1
290
     0
176
     1
 90
       50
176
     1
 40
0.0
176
     1
 40
1.0
176
     1
 90
        0
176
     1
 62
    18
420
        0
176
     1
 90
       50
176
     1
 90
        3
176
     1
 62
     5
420
      255
176
     1
290
     0
176
     1
 90
       50
176
     1
 90
       50
176
     1
 90
       50
176
     1
290
     0
176
     1
 90
       50
176
     1
 62
   256
176
     0
 40
1.0
176
     0
 90
        2
176
     1
  1
strokes_ogs.tif
176
     1
290
     0
176
     1
 40
1.0
176
     1
 40
1.0
176
     1
  0
VISUALSTYLE
  5
2B
102
{ACAD_REACTORS
330
29
102
}
330
29
100
AcDbVisualStyle
  2
FlatWithEdges
 70
     1
177
     3
291
     1
 70
    58
 90
        2
176
     1
 90
        1
176
     1
 90
        1
176
     1
 90
        2
176
     1
 40
0.6
176
     1
 40
30.0
176
     1
 62
     7
420
 16777215
176
     1
 90
        1
176
     1
 90
        0
176
     1
 62
     7
176
     1
 62
   257
176
     1
 90
        1
176
     1
 90
        1
176
     1
 40
1.0
176
     1
 90
        0
176
     1
 62
   257
176
     1
 40
1.0
176
     1
 90
        1
176
     1
 90
        6
176
     1
 90
        2
176
     1
 62
     7
176
     1
 90
        5
176
     1
 90
        0
176
     1
 90
        0
176
     1
290
     0
176
     1
 90
       13
176
     1
 40
0.0
176
     1
 90
        0
176
     1
290
     0
176
     1
290
     1
176
     1
290
     1
176
     1
290
     0
176
     1
290
     0
176
     1
290
     0
176
     1
290
     0
176
     1
290
     0
176
     1
290
     0
176
     1
 90
       50
176
     1
 40
0.0
176
     1
 40
1.0
176
     1
 90
        0
176
     1
 62
    18
420
        0
176
     1
 90
       50
176
     1
 90
        3
176
     1
 62
     5
420
      255
176
     1
290
     0
176
     1
 90
       50
176
     1
 90
       50
176
     1
 90
       50
176
     1
290
     0
176
     1
 90
       50
176
     1
 62
   256
176
     0
 40
1.0
176
     0
 90
        2
176
     1
  1
strokes_ogs.tif
176
     1
290
     0
176
     1
 40
1.0
176
     1
 40
1.0
176
     1
  0
VISUALSTYLE
  5
2C
102
{ACAD_REACTORS
330
29
102
}
330
29
100
AcDbVisualStyle
  2
Gouraud
 70
     2
177
     3
291
     1
 70
    58
 90
        2
176
     1
 90
        2
176
     1
 90
        1
176
     1
 90
        2
176
     1
 40
0.6
176
     1
 40
30.0
176
     1
 62
     7
420
 16777215
176
     1
 90
        0
176
     1
 90
        0
176
     1
 62
     7
176
     1
 62
   257
176
     1
 90
        1
176
     1
 90
        1
176
     1
 40
1.0
176
     1
 90
        0
176
     1
 62
     7
176
     1
 40
1.0
176
     1
 90
        1
176
     1
 90
        6
176
     1
 90
        2
176
     1
 62
     7
176
     1
 90
        5
176
     1
 90
        0
176
     1
 90
        0
176
     1
290
     0
176
     1
 90
       13
176
     1
 40
0.0
176
     1
 90
        0
176
     1
290
     0
176
     1
290
     1
176
     1
290
     1
176
     1
290
     0
176
     1
290
     0
176
     1
290
     0
176
     1
290
     0
176
     1
290
     0
176
     1
290
     0
176
     1
 90
       50
176
     1
 40
0.0
176
     1
 40
1.0
176
     1
 90
        0
176
     1
 62
    18
420
        0
176
     1
 90
       50
176
     1
 90
        3
176
     1
 62
     5
420
      255
176
     1
290
     0
176
     1
 90
       50
176
     1
 90
       50
176
     1
 90
       50
176
     1
290
     0
176
     1
 90
       50
176
     1
 62
   256
176
     0
 40
1.0
176
     0
 90
        2
176
     1
  1
strokes_ogs.tif
176
     1
290
     0
176
     1
 40
1.0
176
     1
 40
1.0
176
     1
  0
VISUALSTYLE
  5
2D
102
{ACAD_REACTORS
330
29
102
}
330
29
100
AcDbVisualStyle
  2
GouraudWithEdges
 70
     3
177
     3
291
     1
 70
    58
 90
        2
176
     1
 90
        2
176
     1
 90
        1
176
     1
 90
        2
176
     1
 40
0.6
176
     1
 40
30.0
176
     1
 62
     7
420
 16777215
176
     1
 90
        1
176
     1
 90
        0
176
     1
 62
     7
176
     1
 62
   257
176
     1
 90
        1
176
     1
 90
        1
176
     1
 40
1.0
176
     1
 90
        0
176
     1
 62
   257
176
     1
 40
1.0
176
     1
 90
        1
176
     1
 90
        6
176
     1
 90
        2
176
     1
 62
     7
176
     1
 90
        5
176
     1
 90
        0
176
     1
 90
        0
176
     1
290
     0
176
     1
 90
       13
176
     1
 40
0.0
176
     1
 90
        0
176
     1
290
     0
176
     1
290
     1
176
     1
290
     1
176
     1
290
     0
176
     1
290
     0
176
     1
290
     0
176
     1
290
     0
176
     1
290
     0
176
     1
290
     0
176
     1
 90
       50
176
     1
 40
0.0
176
     1
 40
1.0
176
     1
 90
        0
176
     1
 62
    18
420
        0
176
     1
 90
       50
176
     1
 90
        3
176
     1
 62
     5
420
      255
176
     1
290
     0
176
     1
 90
       50
176
     1
 90
       50
176
     1
 90
       50
176
     1
290
     0
176
     1
 90
       50
176
     1
 62
   256
176
     0
 40
1.0
176
     0
 90
        2
176
     1
  1
strokes_ogs.tif
176
     1
290
     0
176
     1
 40
1.0
176
     1
 40
1.0
176
     1
  0
VISUALSTYLE
  5
31
102
{ACAD_REACTORS
330
29
102
}
330
29
100
AcDbVisualStyle
  2
Hidden
 70
     6
177
     3
291
     0
 70
    58
 90
        1
176
     1
 90
        2
176
     1
 90
        2
176
     1
 90
        0
176
     1
 40
0.6
176
     1
 40
30.0
176
     1
 62
     7
420
 16777215
176
     1
 90
        2
176
     1
 90
        2
176
     1
 62
     7
176
     1
 62
   257
176
     1
 90
        2
176
     1
 90
        1
176
     1
 40
40.0
176
     1
 90
        0
176
     1
 62
   257
176
     1
 40
1.0
176
     1
 90
        1
176
     1
 90
        6
176
     1
 90
        2
176
     1
 62
     7
176
     1
 90
        3
176
     1
 90
        0
176
     1
 90
        0
176
     1
290
     0
176
     1
 90
        1
176
     1
 40
0.0
176
     1
 90
        0
176
     1
290
     0
176
     1
290
     1
176
     1
290
     1
176
     1
290
     0
176
     1
290
     0
176
     1
290
     0
176
     1
290
     0
176
     1
290
     0
176
     1
290
     0
176
     1
 90
       50
176
     1
 40
0.0
176
     1
 40
1.0
176
     1
 90
        0
176
     1
 62
    18
420
        0
176
     1
 90
       50
176
     1
 90
        3
176
     1
 62
     5
420
      255
176
     1
290
     0
176
     1
 90
       50
176
     1
 90
       50
176
     1
 90
       50
176
     1
290
     0
176
     1
 90
       50
176
     1
 62
   256
176
     0
 40
1.0
176
     0
 90
        2
176
     1
  1
strokes_ogs.tif
176
     1
290
     0
176
     1
 40
1.0
176
     1
 40
1.0
176
     1
  0
VISUALSTYLE
  5
3F
102
{ACAD_REACTORS
330
29
102
}
330
29
100
AcDbVisualStyle
  2
JitterOff
 70
    20
177
     3
291
     1
 70
    58
 90
        2
176
     0
 90
        2
176
     0
 90
        0
176
     0
 90
        0
176
     0
 40
0.6
176
     0
 40
30.0
176
     0
 62
     7
420
 16777215
176
     0
 90
        1
176
     0
 90
        4
176
     0
 62
     7
176
     0
 62
   257
176
     0
 90
        1
176
     0
 90
        1
176
     0
 40
1.0
176
     0
 90
       10
176
     2
 62
     7
176
     0
 40
1.0
176
     0
 90
        1
176
     0
 90
        6
176
     0
 90
        2
176
     0
 62
     7
176
     0
 90
        5
176
     0
 90
        0
176
     0
 90
        0
176
     0
290
     0
176
     0
 90
        1
176
     0
 40
0.0
176
     0
 90
        0
176
     0
290
     0
176
     0
290
     1
176
     0
290
     1
176
     0
290
     0
176
     0
290
     0
176
     0
290
     0
176
     0
290
     0
176
     0
290
     0
176
     0
290
     0
176
     0
 90
       50
176
     0
 40
0.0
176
     0
 40
1.0
176
     0
 90
        0
176
     0
 62
    18
420
        0
176
     0
 90
       50
176
     0
 90
        3
176
     0
 62
     5
420
      255
176
     0
290
     0
176
     0
 90
       50
176
     0
 90
       50
176
     0
 90
       50
176
     0
290
     0
176
     0
 90
       50
176
     0
 62
   256
176
     0
 40
1.0
176
     0
 90
        2
176
     0
  1
strokes_ogs.tif
176
     0
290
     0
176
     0
 40
1.0
176
     0
 40
1.0
176
     0
  0
VISUALSTYLE
  5
37
102
{ACAD_REACTORS
330
29
102
}
330
29
100
AcDbVisualStyle
  2
Linepattern
 70
    14
177
     3
291
     1
 70
    58
 90
        2
176
     1
 90
        2
176
     1
 90
        0
176
     1
 90
        0
176
     1
 40
0.6
176
     1
 40
30.0
176
     1
 62
     7
420
 16777215
176
     1
 90
        1
176
     1
 90
        4
176
     1
 62
     7
176
     1
 62
   257
176
     1
 90
        7
176
     1
 90
        7
176
     1
 40
1.0
176
     1
 90
        8
176
     1
 62
     7
176
     1
 40
1.0
176
     1
 90
        1
176
     1
 90
        6
176
     1
 90
        2
176
     1
 62
     7
176
     1
 90
        5
176
     1
 90
        0
176
     1
 90
        0
176
     1
290
     0
176
     1
 90
        1
176
     1
 40
0.0
176
     1
 90
        0
176
     1
290
     0
176
     1
290
     1
176
     1
290
     1
176
     1
290
     0
176
     1
290
     0
176
     1
290
     0
176
     1
290
     0
176
     1
290
     0
176
     1
290
     0
176
     1
 90
       50
176
     1
 40
0.0
176
     1
 40
1.0
176
     1
 90
        0
176
     1
 62
    18
420
        0
176
     1
 90
       50
176
     1
 90
        3
176
     1
 62
     5
420
      255
176
     1
290
     0
176
     1
 90
       50
176
     1
 90
       50
176
     1
 90
       50
176
     1
290
     0
176
     1
 90
       50
176
     1
 62
   256
176
     0
 40
1.0
176
     0
 90
        2
176
     1
  1
strokes_ogs.tif
176
     1
290
     0
176
     1
 40
1.0
176
     1
 40
1.0
176
     1
  0
VISUALSTYLE
  5
40
102
{ACAD_REACTORS
330
29
102
}
330
29
100
AcDbVisualStyle
  2
OverhangOff
 70
    21
177
     3
291
     1
 70
    58
 90
        2
176
     0
 90
        2
176
     0
 90
        0
176
     0
 90
        0
176
     0
 40
0.6
176
     0
 40
30.0
176
     0
 62
     7
420
 16777215
176
     0
 90
        1
176
     0
 90
        4
176
     0
 62
     7
176
     0
 62
   257
176
     0
 90
        1
176
     0
 90
        1
176
     0
 40
1.0
176
     0
 90
        9
176
     2
 62
     7
176
     0
 40
1.0
176
     0
 90
        1
176
     0
 90
        6
176
     0
 90
        2
176
     0
 62
     7
176
     0
 90
        5
176
     0
 90
        0
176
     0
 90
        0
176
     0
290
     0
176
     0
 90
        1
176
     0
 40
0.0
176
     0
 90
        0
176
     0
290
     0
176
     0
290
     1
176
     0
290
     1
176
     0
290
     0
176
     0
290
     0
176
     0
290
     0
176
     0
290
     0
176
     0
290
     0
176
     0
290
     0
176
     0
 90
       50
176
     0
 40
0.0
176
     0
 40
1.0
176
     0
 90
        0
176
     0
 62
    18
420
        0
176
     0
 90
       50
176
     0
 90
        3
176
     0
 62
     5
420
      255
176
     0
290
     0
176
     0
 90
       50
176
     0
 90
       50
176
     0
 90
       50
176
     0
290
     0
176
     0
 90
       50
176
     0
 62
   256
176
     0
 40
1.0
176
     0
 90
        2
176
     0
  1
strokes_ogs.tif
176
     0
290
     0
176
     0
 40
1.0
176
     0
 40
1.0
176
     0
  0
VISUALSTYLE
  5
33
102
{ACAD_REACTORS
330
29
102
}
330
29
100
AcDbVisualStyle
  2
Realistic
 70
     8
177
     3
291
     0
 70
    58
 90
        2
176
     1
 90
        3
176
     1
 90
        0
176
     1
 90
        2
176
     1
 40
0.6
176
     1
 40
30.0
176
     1
 62
     7
420
 16777215
176
     1
 90
        0
176
     1
 90
        0
176
     1
 62
     7
176
     1
 62
   257
176
     1
 90
        1
176
     1
 90
        1
176
     1
 40
1.0
176
     1
 90
        8
176
     1
 62
   257
176
     1
 40
1.0
176
     1
 90
        1
176
     1
 90
        6
176
     1
 90
        2
176
     1
 62
     7
176
     1
 90
        3
176
     1
 90
        0
176
     1
 90
        0
176
     1
290
     0
176
     1
 90
       13
176
     1
 40
0.0
176
     1
 90
        0
176
     1
290
     0
176
     1
290
     1
176
     1
290
     1
176
     1
290
     0
176
     1
290
     0
176
     1
290
     0
176
     1
290
     0
176
     1
290
     0
176
     1
290
     0
176
     1
 90
       50
176
     1
 40
0.0
176
     1
 40
1.0
176
     1
 90
        0
176
     1
 62
    18
420
        0
176
     1
 90
       50
176
     1
 90
        3
176
     1
 62
     5
420
      255
176
     1
290
     0
176
     1
 90
       50
176
     1
 90
       50
176
     1
 90
       50
176
     1
290
     0
176
     1
 90
       50
176
     1
 62
   256
176
     0
 40
1.0
176
     0
 90
        2
176
     1
  1
strokes_ogs.tif
176
     1
290
     0
176
     1
 40
1.0
176
     1
 40
1.0
176
     1
  0
VISUALSTYLE
  5
3E
102
{ACAD_REACTORS
330
29
102
}
330
29
100
AcDbVisualStyle
  2
Shaded
 70
    27
177
     3
291
     0
 70
    58
 90
        2
176
     1
 90
        2
176
     1
 90
        1
176
     1
 90
        2
176
     1
 40
0.6
176
     1
 40
30.0
176
     1
 62
     7
420
 16777215
176
     1
 90
        0
176
     1
 90
        4
176
     1
 62
     7
176
     1
 62
   257
176
     1
 90
        1
176
     1
 90
        1
176
     1
 40
1.0
176
     1
 90
        8
176
     1
 62
   257
176
     1
 40
1.0
176
     1
 90
        1
176
     1
 90
        6
176
     1
 90
        2
176
     1
 62
     8
420
  7895160
176
     1
 90
        3
176
     1
 90
        0
176
     1
 90
        0
176
     1
290
     0
176
     1
 90
        5
176
     1
 40
0.0
176
     1
 90
        0
176
     1
290
     0
176
     1
290
     1
176
     1
290
     1
176
     1
290
     0
176
     1
290
     0
176
     1
290
     0
176
     1
290
     0
176
     1
290
     0
176
     1
290
     0
176
     1
 90
       50
176
     1
 40
0.0
176
     1
 40
1.0
176
     1
 90
        0
176
     1
 62
    18
420
        0
176
     1
 90
       50
176
     1
 90
        3
176
     1
 62
     5
420
      255
176
     1
290
     0
176
     1
 90
       50
176
     1
 90
       50
176
     1
 90
       50
176
     1
290
     0
176
     1
 90
       50
176
     1
 62
   256
176
     0
 40
1.0
176
     0
 90
        2
176
     1
  1
strokes_ogs.tif
176
     1
290
     0
176
     1
 40
1.0
176
     1
 40
1.0
176
     1
  0
VISUALSTYLE
  5
3D
102
{ACAD_REACTORS
330
29
102
}
330
29
100
AcDbVisualStyle
  2
Shaded with edges
 70
    26
177
     3
291
     0
 70
    58
 90
        2
176
     1
 90
        2
176
     1
 90
        1
176
     1
 90
        2
176
     1
 40
0.6
176
     1
 40
30.0
176
     1
 62
     7
420
 16777215
176
     1
 90
        1
176
     1
 90
        2
176
     1
 62
     7
176
     1
 62
   257
176
     1
 90
        2
176
     1
 90
        1
176
     1
 40
1.0
176
     1
 90
        8
176
     1
 62
   257
176
     1
 40
1.0
176
     1
 90
        1
176
     1
 90
        6
176
     1
 90
        2
176
     1
 62
     7
176
     1
 90
        3
176
     1
 90
        0
176
     1
 90
        0
176
     1
290
     0
176
     1
 90
        5
176
     1
 40
0.0
176
     1
 90
        0
176
     1
290
     0
176
     1
290
     1
176
     1
290
     1
176
     1
290
     0
176
     1
290
     0
176
     1
290
     0
176
     1
290
     0
176
     1
290
     0
176
     1
290
     0
176
     1
 90
       50
176
     1
 40
0.0
176
     1
 40
1.0
176
     1
 90
        0
176
     1
 62
    18
420
        0
176
     1
 90
       50
176
     1
 90
        3
176
     1
 62
     5
420
      255
176
     1
290
     0
176
     1
 90
       50
176
     1
 90
       50
176
     1
 90
       50
176
     1
290
     0
176
     1
 90
       50
176
     1
 62
   256
176
     0
 40
1.0
176
     0
 90
        2
176
     1
  1
strokes_ogs.tif
176
     1
290
     0
176
     1
 40
1.0
176
     1
 40
1.0
176
     1
  0
VISUALSTYLE
  5
3A
102
{ACAD_REACTORS
330
29
102
}
330
29
100
AcDbVisualStyle
  2
Shades of Gray
 70
    23
177
     3
291
     0
 70
    58
 90
        2
176
     1
 90
        2
176
     1
 90
        3
176
     1
 90
        0
176
     1
 40
0.6
176
     1
 40
30.0
176
     1
 62
     7
420
 16777215
176
     1
 90
        2
176
     1
 90
        2
176
     1
 62
     7
176
     1
 62
     7
176
     1
 90
        1
176
     1
 90
        1
176
     1
 40
40.0
176
     1
 90
        8
176
     1
 62
     7
176
     1
 40
1.0
176
     1
 90
        1
176
     1
 90
        6
176
     1
 90
        2
176
     1
 62
     7
176
     1
 90
        3
176
     1
 90
        0
176
     1
 90
        0
176
     1
290
     0
176
     1
 90
        1
176
     1
 40
0.0
176
     1
 90
        0
176
     1
290
     0
176
     1
290
     1
176
     1
290
     1
176
     1
290
     0
176
     1
290
     0
176
     1
290
     0
176
     1
290
     0
176
     1
290
     0
176
     1
290
     0
176
     1
 90
       50
176
     1
 40
0.0
176
     1
 40
1.0
176
     1
 90
        0
176
     1
 62
    18
420
        0
176
     1
 90
       50
176
     1
 90
        3
176
     1
 62
     5
420
      255
176
     1
290
     0
176
     1
 90
       50
176
     1
 90
       50
176
     1
 90
       50
176
     1
290
     0
176
     1
 90
       50
176
     1
 62
   256
176
     0
 40
1.0
176
     0
 90
        2
176
     1
  1
strokes_ogs.tif
176
     1
290
     0
176
     1
 40
1.0
176
     1
 40
1.0
176
     1
  0
VISUALSTYLE
  5
3B
102
{ACAD_REACTORS
330
29
102
}
330
29
100
AcDbVisualStyle
  2
Sketchy
 70
    24
177
     3
291
     0
 70
    58
 90
        1
176
     1
 90
        2
176
     1
 90
        2
176
     1
 90
        0
176
     1
 40
0.6
176
     1
 40
30.0
176
     1
 62
     7
420
 16777215
176
     1
 90
        2
176
     1
 90
        2
176
     1
 62
     7
176
     1
 62
     7
176
     1
 90
        1
176
     1
 90
        1
176
     1
 40
40.0
176
     1
 90
       11
176
     1
 62
     7
176
     1
 40
1.0
176
     1
 90
        1
176
     1
 90
        6
176
     1
 90
        2
176
     1
 62
     7
176
     1
 90
        6
176
     1
 90
        0
176
     1
 90
        0
176
     1
290
     0
176
     1
 90
        1
176
     1
 40
0.0
176
     1
 90
        0
176
     1
290
     0
176
     1
290
     1
176
     1
290
     1
176
     1
290
     0
176
     1
290
     0
176
     1
290
     0
176
     1
290
     0
176
     1
290
     0
176
     1
290
     0
176
     1
 90
       50
176
     1
 40
0.0
176
     1
 40
1.0
176
     1
 90
        0
176
     1
 62
    18
420
        0
176
     1
 90
       50
176
     1
 90
        3
176
     1
 62
     5
420
      255
176
     1
290
     0
176
     1
 90
       50
176
     1
 90
       50
176
     1
 90
       50
176
     1
290
     0
176
     1
 90
       50
176
     1
 62
   256
176
     0
 40
1.0
176
     0
 90
        2
176
     1
  1
strokes_ogs.tif
176
     1
290
     0
176
     1
 40
1.0
176
     1
 40
1.0
176
     1
  0
VISUALSTYLE
  5
36
102
{ACAD_REACTORS
330
29
102
}
330
29
100
AcDbVisualStyle
  2
Thicken
 70
    13
177
     3
291
     1
 70
    58
 90
        2
176
     1
 90
        2
176
     1
 90
        0
176
     1
 90
        0
176
     1
 40
0.6
176
     1
 40
30.0
176
     1
 62
     7
420
 16777215
176
     1
 90
        1
176
     1
 90
        4
176
     1
 62
     7
176
     1
 62
   257
176
     1
 90
        1
176
     1
 90
        1
176
     1
 40
1.0
176
     1
 90
       12
176
     1
 62
     7
176
     1
 40
1.0
176
     1
 90
        1
176
     1
 90
        6
176
     1
 90
        2
176
     1
 62
     7
176
     1
 90
        5
176
     1
 90
        0
176
     1
 90
        0
176
     1
290
     0
176
     1
 90
        1
176
     1
 40
0.0
176
     1
 90
        0
176
     1
290
     0
176
     1
290
     1
176
     1
290
     1
176
     1
290
     0
176
     1
290
     0
176
     1
290
     0
176
     1
290
     0
176
     1
290
     0
176
     1
290
     0
176
     1
 90
       50
176
     1
 40
0.0
176
     1
 40
1.0
176
     1
 90
        0
176
     1
 62
    18
420
        0
176
     1
 90
       50
176
     1
 90
        3
176
     1
 62
     5
420
      255
176
     1
290
     0
176
     1
 90
       50
176
     1
 90
       50
176
     1
 90
       50
176
     1
290
     0
176
     1
 90
       50
176
     1
 62
   256
176
     0
 40
1.0
176
     0
 90
        2
176
     1
  1
strokes_ogs.tif
176
     1
290
     0
176
     1
 40
1.0
176
     1
 40
1.0
176
     1
  0
VISUALSTYLE
  5
30
102
{ACAD_REACTORS
330
29
102
}
330
29
100
AcDbVisualStyle
  2
Wireframe
 70
     5
177
     3
291
     0
 70
    58
 90
        0
176
     1
 90
        2
176
     1
 90
        0
176
     1
 90
        0
176
     1
 40
0.6
176
     1
 40
30.0
176
     1
 62
     7
420
 16777215
176
     1
 90
        1
176
     1
 90
        4
176
     1
 62
     7
176
     1
 62
   257
176
     1
 90
        1
176
     1
 90
        1
176
     1
 40
1.0
176
     1
 90
        0
176
     1
 62
   257
176
     1
 40
1.0
176
     1
 90
        1
176
     1
 90
        6
176
     1
 90
        2
176
     1
 62
     7
176
     1
 90
        3
176
     1
 90
        0
176
     1
 90
        0
176
     1
290
     0
176
     1
 90
        1
176
     1
 40
0.0
176
     1
 90
        0
176
     1
290
     0
176
     1
290
     1
176
     1
290
     1
176
     1
290
     0
176
     1
290
     0
176
     1
290
     0
176
     1
290
     0
176
     1
290
     0
176
     1
290
     0
176
     1
 90
       50
176
     1
 40
0.0
176
     1
 40
1.0
176
     1
 90
        0
176
     1
 62
    18
420
        0
176
     1
 90
       50
176
     1
 90
        3
176
     1
 62
     5
420
      255
176
     1
290
     0
176
     1
 90
       50
176
     1
 90
       50
176
     1
 90
       50
176
     1
290
     0
176
     1
 90
       50
176
     1
 62
   256
176
     0
 40
1.0
176
     0
 90
        2
176
     1
  1
strokes_ogs.tif
176
     1
290
     0
176
     1
 40
1.0
176
     1
 40
1.0
176
     1
  0
VISUALSTYLE
  5
3C
102
{ACAD_REACTORS
330
29
102
}
330
29
100
AcDbVisualStyle
  2
X-Ray
 70
    25
177
     3
291
     0
 70
    58
 90
        2
176
     1
 90
        2
176
     1
 90
        1
176
     1
 90
        1
176
     1
 40
0.5
176
     1
 40
30.0
176
     1
 62
     7
420
 16777215
176
     1
 90
        1
176
     1
 90
        0
176
     1
 62
     7
176
     1
 62
   257
176
     1
 90
        1
176
     1
 90
        1
176
     1
 40
1.0
176
     1
 90
        8
176
     1
 62
     7
176
     1
 40
1.0
176
     1
 90
        1
176
     1
 90
        6
176
     1
 90
        2
176
     1
 62
     7
176
     1
 90
        3
176
     1
 90
        0
176
     1
 90
        0
176
     1
290
     0
176
     1
 90
       13
176
     1
 40
0.0
176
     1
 90
        0
176
     1
290
     0
176
     1
290
     1
176
     1
290
     1
176
     1
290
     0
176
     1
290
     0
176
     1
290
     0
176
     1
290
     0
176
     1
290
     0
176
     1
290
     0
176
     1
 90
       50
176
     1
 40
0.0
176
     1
 40
1.0
176
     1
 90
        0
176
     1
 62
    18
420
        0
176
     1
 90
       50
176
     1
 90
        3
176
     1
 62
     5
420
      255
176
     1
290
     0
176
     1
 90
       50
176
     1
 90
       50
176
     1
 90
       50
176
     1
290
     0
176
     1
 90
       50
176
     1
 62
   256
176
     0
 40
1.0
176
     0
 90
        2
176
     1
  1
strokes_ogs.tif
176
     1
290
     0
176
     1
 40
1.0
176
     1
 40
1.0
176
     1
  0
DICTIONARYVAR
  5
975
102
{ACAD_REACTORS
330
970
102
}
330
970
100
DictionaryVariables
280
     0
  1
1:1
  0
DICTIONARYVAR
  5
972
102
{ACAD_REACTORS
330
970
102
}
330
970
100
DictionaryVariables
280
     0
  1
Standard
  0
DICTIONARYVAR
  5
971
102
{ACAD_REACTORS
330
970
102
}
330
970
100
DictionaryVariables
280
     0
  1
Standard
  0
DICTIONARYVAR
  5
973
102
{ACAD_REACTORS
330
970
102
}
330
970
100
DictionaryVariables
280
     0
  1
Imperial24
  0
DICTIONARYVAR
  5
974
102
{ACAD_REACTORS
330
970
102
}
330
970
100
DictionaryVariables
280
     0
  1
Imperial24
  0
XRECORD
  5
96C
102
{ACAD_REACTORS
330
968
102
}
330
968
100
AcDbXrecord
280
     1
  1
BUILDING_ID
  1
J1672 -HH - Lot 29, No
  1
FLOOR_ID
  1
2080293
  0
XRECORD
  5
96A
102
{ACAD_REACTORS
330
968
102
}
330
968
100
AcDbXrecord
280
     1
  1
-2000011
  1
Walls
  1
-2000014
  1
Windows
  1
-2000023
  1
Doors
  1
-2000032
  1
Floors
  1
-2000035
  1
Roofs
  1
-2000038
  1
Ceilings
  1
-2000051
  1
Lines
  1
-2000080
  1
Furniture
  1
-2000100
  1
Columns
  1
-2000120
  1
Stairs
  1
-2000151
  1
Generic Models
  1
-2000240
  1
Levels
  1
-2000260
  1
Dimensions
  1
-2000300
  1
Text Notes
  1
-2000450
  1
Window Tags
  1
-2001060
  1
Electrical Fixtures
  1
-2001160
  1
Plumbing Fixtures
  1
-2002000
  1
Detail Items
  1
-2006020
  1
Level Heads
  0
XRECORD
  5
96B
102
{ACAD_REACTORS
330
968
102
}
330
968
100
AcDbXrecord
280
     1
  1
-2000016
  1
Glass
  1
-2000018
  1
Frame/Mullion
  1
-2000022
  1
Opening
  1
-2000025
  1
Panel
  1
-2000029
  1
Frame/Mullion
  1
-2000042
  1
<Thin Lines>
  1
-2000043
  1
<Medium Lines>
  1
-2000044
  1
<Wide Lines>
  1
-2000586
  1
Common Edges
  1
-2000588
  1
Cut Pattern
  1
-2000596
  1
Common Edges
  1
-2000608
  1
Cut Pattern
  1
-2000921
  1
Treads/Risers
  1
1020373
  1
Model
  1
1026381
  1
Brick Sill
  1
1035229
  1
Baths/Showers
  1
1893352
  1
DOWNPIPES
  1
1933725
  1
0
  1
1952
  1
Elevation Swing
  1
2107402
  1
BDY
  1
2302834
  1
purple
  1
2323259
  1
0.3 BOUNDARY
  1
528232
  1
dashed
  1
942652
  1
Door Swing
  0
XRECORD
  5
969
102
{ACAD_REACTORS
330
968
102
}
330
968
100
AcDbXrecord
280
     1
  1
1220569
  1
Basic Wall : 270 double brick : 270 double brick
  1
1222731
  1
Basic Wall : 110 brick wall : 110 brick wall
  1
1226963
  1
M_Bed-Standard : 1825 x 2007mm - KING
  1
1276159
  1
Linear Dimension Style : 2.0mm ISOCPEUR
  1
1276167
  1
Floor : kitchen bench
  1
1342408
  1
Single - Timber Frame  : 820x2400
  1
1342414
  1
Single - Timber Frame  : 720x2400
  1
1363608
  1
Filled region : WHITE
  1
1364090
  1
Basic Wall : 230 brick wall : 230 brick wall
  1
1370793
  1
Wall_Sloped_Sill : Wall_Sloped_Sill
  1
1377398
  1
89563_Cavity_Sliding_Door_single : 820CSD
  1
1378895
  1
Basic Roof : Metal Sheet Roof (100mm)
  1
1417103
  1
Filled region : LETTER BOX - GREY
  1
1426535
  1
M_Rectangular Column : 150 X 50
  1
1544562
  1
Cavity slider : 1470CSD
  1
1602992
  1
Basic Wall : 185mm EPS wall : 185mm EPS wall
  1
1607638
  1
Filled region : Conc.
  1
1616962
  1
Filled region : Earth
  1
1651081
  1
M_Rectangular Column : 90 x 90
  1
1654241
  1
F.AA 0606 - 1509(1 PANEL) : AA1410 SP
  1
1664455
  1
Floor : 600 SEAT
  1
1670368
  1
FIXED MOULDING ON AND OFF : A0616
  1
1690443
  1
Filled region : COMPACT FILL
  1
1739590
  1
Shower_Twin_Phoenix_NXQuil_FaceBased : Chrome (606-6500-00)
  1
1747809
  1
3 PANEL 2 transom : AFA1842 SP
  1
1778809
  1
3 PANEL 2 transom : FFF0946
  1
1779118
  1
F.AA 0606 - 1509(1 PANEL) : F3718
  1
1779431
  1
F.AA 0606 - 1509(1 PANEL) : F3018
  1
1811504
  1
stackpoint : stackpoint
  1
1812943
  1
Stacker Door - 3 Panel : FXX3047 SP
  1
1859742
  1
Gas instantaneous hws : Type 1
  1
1893368
  1
Downpipe : 450 Eave
  1
1931305
  1
Solar Panel_ Face Based : Solar Panel_ Face Based
  1
1936996
  1
Filled region : Concrete
  1
1959228
  1
Tap : Tap
  1
19847
  1
Compound Ceiling : 600x1200mm_Grid
  1
2001708
  1
custom - equal Panel M(6 PANEL HORIZONTAL) : AFA3042T SP
  1
204884
  1
Cast-In-Place Stair : Insitu_Concrete_150mm_Waist
  1
2108198
  1
Text : 1.5mm Calibri
  1
2108305
  1
Text : 1.5mm Calibri light blue
  1
2159605
  1
Linear Dimension Style : 1.5mm Calibrii
  1
2174665
  1
Floor : 150MM SUS SLAB
  1
2191452
  1
Filled region : intergrated retaining wall
  1
2206945
  1
tile grate : 1000x80
  1
2288343
  1
Basic Wall : 90mm Stud Wall + 20mm packing : 90mm Stud Wall + 20mm packing
  1
2303104
  1
Window Tag ELEVATION : Window Tag_Elevation
  1
2338323
  1
Basic Wall : 90mm Stud Wall coloured : 90mm Stud Wall coloured
  1
2343396
  1
slim awning centre transom : AA1818
  1
2345580
  1
Basic Wall : 75mm EPS wall : 75mm EPS wall
  1
2388960
  1
Filled region : intergrated retaining MASKED
  1
2425145
  1
HH Shower : Wincrest Shower
  1
2510899
  1
Linear Dimension Style : 1.5mm Calibri Orange 2
  1
2518076
  1
BUILDMAT-SNA01004-Willow-600-Stainless_Steel (1) : Willow 600x450x250mm
  1
732082
  1
Text : 2.5mm ISO
  1
744073
  1
Text : 1.5mm ISO
  1
787246
  1
Level : UNDER
  1
787266
  1
Level : OVER
  0
DICTIONARY
  5
976
330
65
100
AcDbDictionary
280
     1
281
     1
  3
ACAD_ROUNDTRIP_2008_TABLESTYLE_CELLSTYLEMAP
360
977
  0
CELLSTYLEMAP
  5
977
102
{ACAD_REACTORS
330
976
102
}
330
976
100
AcDbCellStyleMap
 90
        3
300
CELLSTYLE
  1
TABLEFORMAT_BEGIN
 90
        5
170
     1
 91
        0
 92
    32768
 62
   257
 93
        1
300
CONTENTFORMAT
  1
CONTENTFORMAT_BEGIN
 90
        0
 91
        0
 92
      512
 93
        0
300

 40
0.0
140
1.0
 94
        5
 62
     0
340
55
144
0.25
309
CONTENTFORMAT_END
171
     0
 94
        0
309
TABLEFORMAT_END
  1
CELLSTYLE_BEGIN
 90
        1
 91
        1
300
_TITLE
309
CELLSTYLE_END
300
CELLSTYLE
  1
TABLEFORMAT_BEGIN
 90
        5
170
     1
 91
        0
 92
        0
 62
   257
 93
        1
300
CONTENTFORMAT
  1
CONTENTFORMAT_BEGIN
 90
        0
 91
        0
 92
      512
 93
        0
300

 40
0.0
140
1.0
 94
        5
 62
     0
340
55
144
0.18
309
CONTENTFORMAT_END
171
     0
 94
        0
309
TABLEFORMAT_END
  1
CELLSTYLE_BEGIN
 90
        2
 91
        1
300
_HEADER
309
CELLSTYLE_END
300
CELLSTYLE
  1
TABLEFORMAT_BEGIN
 90
        5
170
     1
 91
        0
 92
        0
 62
   257
 93
        1
300
CONTENTFORMAT
  1
CONTENTFORMAT_BEGIN
 90
        0
 91
        0
 92
      512
 93
        0
300

 40
0.0
140
1.0
 94
        2
 62
     0
340
55
144
0.18
309
CONTENTFORMAT_END
171
     0
 94
        0
309
TABLEFORMAT_END
  1
CELLSTYLE_BEGIN
 90
        3
 91
        2
300
_DATA
309
CELLSTYLE_END
  0
ENDSEC
  0
EOF
